timestamp,run_id,task_id,robot_id,event,status,allocation_cost,duration,path,collision_flag,message
26.000,original,-,robot1,MIN_DISTANCE,OK,12.416,10.587,,0,nearest_robot=robot6
26.000,original,-,robot2,MIN_DISTANCE,OK,12.510,10.587,,0,nearest_robot=robot1
26.000,original,-,robot3,MIN_DISTANCE,OK,6.490,10.587,,0,nearest_robot=robot4
26.000,original,-,robot4,MIN_DISTANCE,OK,6.490,10.587,,0,nearest_robot=robot3
26.000,original,-,robot5,MIN_DISTANCE,OK,13.200,10.587,,0,nearest_robot=robot4
26.000,original,-,robot6,MIN_DISTANCE,OK,12.416,10.587,,0,nearest_robot=robot1
26.000,original,-,fleet,MIN_DISTANCE_AVG,OK,10.587,,,0,robots_sampled=6
27.000,original,-,fleet,REPLAN_FULL,OK,,,robot1|robot2|robot3|robot4|robot5|robot6,0,original_full_optimization
27.000,original,-,robot1,MIN_DISTANCE,OK,12.416,10.587,,0,nearest_robot=robot6
27.000,original,-,robot2,MIN_DISTANCE,OK,12.510,10.587,,0,nearest_robot=robot1
27.000,original,-,robot3,MIN_DISTANCE,OK,6.490,10.587,,0,nearest_robot=robot4
27.000,original,-,robot4,MIN_DISTANCE,OK,6.490,10.587,,0,nearest_robot=robot3
27.000,original,-,robot5,MIN_DISTANCE,OK,13.200,10.587,,0,nearest_robot=robot4
27.000,original,-,robot6,MIN_DISTANCE,OK,12.416,10.587,,0,nearest_robot=robot1
27.000,original,-,fleet,MIN_DISTANCE_AVG,OK,10.587,,,0,robots_sampled=6
28.000,original,-,robot1,MIN_DISTANCE,OK,12.416,10.587,,0,nearest_robot=robot6
28.000,original,-,robot2,MIN_DISTANCE,OK,12.510,10.587,,0,nearest_robot=robot1
28.000,original,-,robot3,MIN_DISTANCE,OK,6.490,10.587,,0,nearest_robot=robot4
28.000,original,-,robot4,MIN_DISTANCE,OK,6.490,10.587,,0,nearest_robot=robot3
28.000,original,-,robot5,MIN_DISTANCE,OK,13.200,10.587,,0,nearest_robot=robot4
28.000,original,-,robot6,MIN_DISTANCE,OK,12.416,10.587,,0,nearest_robot=robot1
28.000,original,-,fleet,MIN_DISTANCE_AVG,OK,10.587,,,0,robots_sampled=6
29.000,original,-,robot1,MIN_DISTANCE,OK,12.416,10.587,,0,nearest_robot=robot6
29.000,original,-,robot2,MIN_DISTANCE,OK,12.510,10.587,,0,nearest_robot=robot1
29.000,original,-,robot3,MIN_DISTANCE,OK,6.490,10.587,,0,nearest_robot=robot4
29.000,original,-,robot4,MIN_DISTANCE,OK,6.490,10.587,,0,nearest_robot=robot3
29.000,original,-,robot5,MIN_DISTANCE,OK,13.200,10.587,,0,nearest_robot=robot4
29.000,original,-,robot6,MIN_DISTANCE,OK,12.416,10.587,,0,nearest_robot=robot1
29.000,original,-,fleet,MIN_DISTANCE_AVG,OK,10.587,,,0,robots_sampled=6
30.000,original,-,robot1,MIN_DISTANCE,OK,12.416,10.587,,0,nearest_robot=robot6
30.000,original,-,robot2,MIN_DISTANCE,OK,12.510,10.587,,0,nearest_robot=robot1
30.000,original,-,robot3,MIN_DISTANCE,OK,6.490,10.587,,0,nearest_robot=robot4
30.000,original,-,robot4,MIN_DISTANCE,OK,6.490,10.587,,0,nearest_robot=robot3
30.000,original,-,robot5,MIN_DISTANCE,OK,13.200,10.587,,0,nearest_robot=robot4
30.000,original,-,robot6,MIN_DISTANCE,OK,12.416,10.587,,0,nearest_robot=robot1
30.000,original,-,fleet,MIN_DISTANCE_AVG,OK,10.587,,,0,robots_sampled=6
31.000,original,-,robot1,MIN_DISTANCE,OK,12.416,10.587,,0,nearest_robot=robot6
31.000,original,-,robot2,MIN_DISTANCE,OK,12.510,10.587,,0,nearest_robot=robot1
31.000,original,-,robot3,MIN_DISTANCE,OK,6.490,10.587,,0,nearest_robot=robot4
31.000,original,-,robot4,MIN_DISTANCE,OK,6.490,10.587,,0,nearest_robot=robot3
31.000,original,-,robot5,MIN_DISTANCE,OK,13.200,10.587,,0,nearest_robot=robot4
31.000,original,-,robot6,MIN_DISTANCE,OK,12.416,10.587,,0,nearest_robot=robot1
31.000,original,-,fleet,MIN_DISTANCE_AVG,OK,10.587,,,0,robots_sampled=6
32.000,original,-,robot1,MIN_DISTANCE,OK,12.416,10.587,,0,nearest_robot=robot6
32.000,original,-,robot2,MIN_DISTANCE,OK,12.510,10.587,,0,nearest_robot=robot1
32.000,original,-,robot3,MIN_DISTANCE,OK,6.490,10.587,,0,nearest_robot=robot4
32.000,original,-,robot4,MIN_DISTANCE,OK,6.490,10.587,,0,nearest_robot=robot3
32.000,original,-,robot5,MIN_DISTANCE,OK,13.200,10.587,,0,nearest_robot=robot4
32.000,original,-,robot6,MIN_DISTANCE,OK,12.416,10.587,,0,nearest_robot=robot1
32.000,original,-,fleet,MIN_DISTANCE_AVG,OK,10.587,,,0,robots_sampled=6
33.000,original,-,robot1,MIN_DISTANCE,OK,12.416,10.587,,0,nearest_robot=robot6
33.000,original,-,robot2,MIN_DISTANCE,OK,12.510,10.587,,0,nearest_robot=robot1
33.000,original,-,robot3,MIN_DISTANCE,OK,6.490,10.587,,0,nearest_robot=robot4
33.000,original,-,robot4,MIN_DISTANCE,OK,6.490,10.587,,0,nearest_robot=robot3
33.000,original,-,robot5,MIN_DISTANCE,OK,13.200,10.587,,0,nearest_robot=robot4
33.000,original,-,robot6,MIN_DISTANCE,OK,12.416,10.587,,0,nearest_robot=robot1
33.000,original,-,fleet,MIN_DISTANCE_AVG,OK,10.587,,,0,robots_sampled=6
34.000,original,-,robot1,MIN_DISTANCE,OK,12.416,10.587,,0,nearest_robot=robot6
34.000,original,-,robot2,MIN_DISTANCE,OK,12.510,10.587,,0,nearest_robot=robot1
34.000,original,-,robot3,MIN_DISTANCE,OK,6.490,10.587,,0,nearest_robot=robot4
34.000,original,-,robot4,MIN_DISTANCE,OK,6.490,10.587,,0,nearest_robot=robot3
34.000,original,-,robot5,MIN_DISTANCE,OK,13.200,10.587,,0,nearest_robot=robot4
34.000,original,-,robot6,MIN_DISTANCE,OK,12.416,10.587,,0,nearest_robot=robot1
34.000,original,-,fleet,MIN_DISTANCE_AVG,OK,10.587,,,0,robots_sampled=6
35.000,original,-,robot1,MIN_DISTANCE,OK,12.416,10.587,,0,nearest_robot=robot6
35.000,original,-,robot2,MIN_DISTANCE,OK,12.510,10.587,,0,nearest_robot=robot1
35.000,original,-,robot3,MIN_DISTANCE,OK,6.490,10.587,,0,nearest_robot=robot4
35.000,original,-,robot4,MIN_DISTANCE,OK,6.490,10.587,,0,nearest_robot=robot3
35.000,original,-,robot5,MIN_DISTANCE,OK,13.200,10.587,,0,nearest_robot=robot4
35.000,original,-,robot6,MIN_DISTANCE,OK,12.416,10.587,,0,nearest_robot=robot1
35.000,original,-,fleet,MIN_DISTANCE_AVG,OK,10.587,,,0,robots_sampled=6
36.000,original,-,robot1,MIN_DISTANCE,OK,12.416,10.587,,0,nearest_robot=robot6
36.000,original,-,robot2,MIN_DISTANCE,OK,12.510,10.587,,0,nearest_robot=robot1
36.000,original,-,robot3,MIN_DISTANCE,OK,6.490,10.587,,0,nearest_robot=robot4
36.000,original,-,robot4,MIN_DISTANCE,OK,6.490,10.587,,0,nearest_robot=robot3
36.000,original,-,robot5,MIN_DISTANCE,OK,13.200,10.587,,0,nearest_robot=robot4
36.000,original,-,robot6,MIN_DISTANCE,OK,12.416,10.587,,0,nearest_robot=robot1
36.000,original,-,fleet,MIN_DISTANCE_AVG,OK,10.587,,,0,robots_sampled=6
37.000,original,-,robot1,MIN_DISTANCE,OK,12.416,10.587,,0,nearest_robot=robot6
37.000,original,-,robot2,MIN_DISTANCE,OK,12.510,10.587,,0,nearest_robot=robot1
37.000,original,-,robot3,MIN_DISTANCE,OK,6.490,10.587,,0,nearest_robot=robot4
37.000,original,-,robot4,MIN_DISTANCE,OK,6.490,10.587,,0,nearest_robot=robot3
37.000,original,-,robot5,MIN_DISTANCE,OK,13.200,10.587,,0,nearest_robot=robot4
37.000,original,-,robot6,MIN_DISTANCE,OK,12.416,10.587,,0,nearest_robot=robot1
37.000,original,-,fleet,MIN_DISTANCE_AVG,OK,10.587,,,0,robots_sampled=6
38.000,original,-,robot1,MIN_DISTANCE,OK,12.416,10.587,,0,nearest_robot=robot6
38.000,original,-,robot2,MIN_DISTANCE,OK,12.510,10.587,,0,nearest_robot=robot1
38.000,original,-,robot3,MIN_DISTANCE,OK,6.490,10.587,,0,nearest_robot=robot4
38.000,original,-,robot4,MIN_DISTANCE,OK,6.490,10.587,,0,nearest_robot=robot3
38.000,original,-,robot5,MIN_DISTANCE,OK,13.200,10.587,,0,nearest_robot=robot4
38.000,original,-,robot6,MIN_DISTANCE,OK,12.416,10.587,,0,nearest_robot=robot1
38.000,original,-,fleet,MIN_DISTANCE_AVG,OK,10.587,,,0,robots_sampled=6
39.000,original,-,robot1,MIN_DISTANCE,OK,12.416,10.587,,0,nearest_robot=robot6
39.000,original,-,robot2,MIN_DISTANCE,OK,12.510,10.587,,0,nearest_robot=robot1
39.000,original,-,robot3,MIN_DISTANCE,OK,6.490,10.587,,0,nearest_robot=robot4
39.000,original,-,robot4,MIN_DISTANCE,OK,6.490,10.587,,0,nearest_robot=robot3
39.000,original,-,robot5,MIN_DISTANCE,OK,13.200,10.587,,0,nearest_robot=robot4
39.000,original,-,robot6,MIN_DISTANCE,OK,12.416,10.587,,0,nearest_robot=robot1
39.000,original,-,fleet,MIN_DISTANCE_AVG,OK,10.587,,,0,robots_sampled=6
40.000,original,-,robot1,MIN_DISTANCE,OK,12.416,10.587,,0,nearest_robot=robot6
40.000,original,-,robot2,MIN_DISTANCE,OK,12.510,10.587,,0,nearest_robot=robot1
40.000,original,-,robot3,MIN_DISTANCE,OK,6.490,10.587,,0,nearest_robot=robot4
40.000,original,-,robot4,MIN_DISTANCE,OK,6.490,10.587,,0,nearest_robot=robot3
40.000,original,-,robot5,MIN_DISTANCE,OK,13.200,10.587,,0,nearest_robot=robot4
40.000,original,-,robot6,MIN_DISTANCE,OK,12.416,10.587,,0,nearest_robot=robot1
40.000,original,-,fleet,MIN_DISTANCE_AVG,OK,10.587,,,0,robots_sampled=6
41.000,original,-,robot1,MIN_DISTANCE,OK,12.416,10.587,,0,nearest_robot=robot6
41.000,original,-,robot2,MIN_DISTANCE,OK,12.510,10.587,,0,nearest_robot=robot1
41.000,original,-,robot3,MIN_DISTANCE,OK,6.490,10.587,,0,nearest_robot=robot4
41.000,original,-,robot4,MIN_DISTANCE,OK,6.490,10.587,,0,nearest_robot=robot3
41.000,original,-,robot5,MIN_DISTANCE,OK,13.200,10.587,,0,nearest_robot=robot4
41.000,original,-,robot6,MIN_DISTANCE,OK,12.416,10.587,,0,nearest_robot=robot1
41.000,original,-,fleet,MIN_DISTANCE_AVG,OK,10.587,,,0,robots_sampled=6
42.000,original,-,robot1,MIN_DISTANCE,OK,12.416,10.587,,0,nearest_robot=robot6
42.000,original,-,robot2,MIN_DISTANCE,OK,12.510,10.587,,0,nearest_robot=robot1
42.000,original,-,robot3,MIN_DISTANCE,OK,6.490,10.587,,0,nearest_robot=robot4
42.000,original,-,robot4,MIN_DISTANCE,OK,6.490,10.587,,0,nearest_robot=robot3
42.000,original,-,robot5,MIN_DISTANCE,OK,13.200,10.587,,0,nearest_robot=robot4
42.000,original,-,robot6,MIN_DISTANCE,OK,12.416,10.587,,0,nearest_robot=robot1
42.000,original,-,fleet,MIN_DISTANCE_AVG,OK,10.587,,,0,robots_sampled=6
43.000,original,-,robot1,MIN_DISTANCE,OK,12.416,10.587,,0,nearest_robot=robot6
43.000,original,-,robot2,MIN_DISTANCE,OK,12.510,10.587,,0,nearest_robot=robot1
43.000,original,-,robot3,MIN_DISTANCE,OK,6.490,10.587,,0,nearest_robot=robot4
43.000,original,-,robot4,MIN_DISTANCE,OK,6.490,10.587,,0,nearest_robot=robot3
43.000,original,-,robot5,MIN_DISTANCE,OK,13.200,10.587,,0,nearest_robot=robot4
43.000,original,-,robot6,MIN_DISTANCE,OK,12.416,10.587,,0,nearest_robot=robot1
43.000,original,-,fleet,MIN_DISTANCE_AVG,OK,10.587,,,0,robots_sampled=6
44.000,original,-,robot1,MIN_DISTANCE,OK,12.416,10.587,,0,nearest_robot=robot6
44.000,original,-,robot2,MIN_DISTANCE,OK,12.510,10.587,,0,nearest_robot=robot1
44.000,original,-,robot3,MIN_DISTANCE,OK,6.490,10.587,,0,nearest_robot=robot4
44.000,original,-,robot4,MIN_DISTANCE,OK,6.490,10.587,,0,nearest_robot=robot3
44.000,original,-,robot5,MIN_DISTANCE,OK,13.200,10.587,,0,nearest_robot=robot4
44.000,original,-,robot6,MIN_DISTANCE,OK,12.416,10.587,,0,nearest_robot=robot1
44.000,original,-,fleet,MIN_DISTANCE_AVG,OK,10.587,,,0,robots_sampled=6
45.000,original,-,robot1,MIN_DISTANCE,OK,12.416,10.587,,0,nearest_robot=robot6
45.000,original,-,robot2,MIN_DISTANCE,OK,12.510,10.587,,0,nearest_robot=robot1
45.000,original,-,robot3,MIN_DISTANCE,OK,6.490,10.587,,0,nearest_robot=robot4
45.000,original,-,robot4,MIN_DISTANCE,OK,6.490,10.587,,0,nearest_robot=robot3
45.000,original,-,robot5,MIN_DISTANCE,OK,13.200,10.587,,0,nearest_robot=robot4
45.000,original,-,robot6,MIN_DISTANCE,OK,12.416,10.587,,0,nearest_robot=robot1
45.000,original,-,fleet,MIN_DISTANCE_AVG,OK,10.587,,,0,robots_sampled=6
46.000,original,-,robot1,MIN_DISTANCE,OK,12.416,10.587,,0,nearest_robot=robot6
46.000,original,-,robot2,MIN_DISTANCE,OK,12.510,10.587,,0,nearest_robot=robot1
46.000,original,-,robot3,MIN_DISTANCE,OK,6.490,10.587,,0,nearest_robot=robot4
46.000,original,-,robot4,MIN_DISTANCE,OK,6.490,10.587,,0,nearest_robot=robot3
46.000,original,-,robot5,MIN_DISTANCE,OK,13.200,10.587,,0,nearest_robot=robot4
46.000,original,-,robot6,MIN_DISTANCE,OK,12.416,10.587,,0,nearest_robot=robot1
46.000,original,-,fleet,MIN_DISTANCE_AVG,OK,10.587,,,0,robots_sampled=6
47.000,original,-,robot1,MIN_DISTANCE,OK,12.416,10.587,,0,nearest_robot=robot6
47.000,original,-,robot2,MIN_DISTANCE,OK,12.510,10.587,,0,nearest_robot=robot1
47.000,original,-,robot3,MIN_DISTANCE,OK,6.490,10.587,,0,nearest_robot=robot4
47.000,original,-,robot4,MIN_DISTANCE,OK,6.490,10.587,,0,nearest_robot=robot3
47.000,original,-,robot5,MIN_DISTANCE,OK,13.200,10.587,,0,nearest_robot=robot4
47.000,original,-,robot6,MIN_DISTANCE,OK,12.416,10.587,,0,nearest_robot=robot1
47.000,original,-,fleet,MIN_DISTANCE_AVG,OK,10.587,,,0,robots_sampled=6
48.000,original,-,robot1,MIN_DISTANCE,OK,12.416,10.587,,0,nearest_robot=robot6
48.000,original,-,robot2,MIN_DISTANCE,OK,12.510,10.587,,0,nearest_robot=robot1
48.000,original,-,robot3,MIN_DISTANCE,OK,6.490,10.587,,0,nearest_robot=robot4
48.000,original,-,robot4,MIN_DISTANCE,OK,6.490,10.587,,0,nearest_robot=robot3
48.000,original,-,robot5,MIN_DISTANCE,OK,13.200,10.587,,0,nearest_robot=robot4
48.000,original,-,robot6,MIN_DISTANCE,OK,12.416,10.587,,0,nearest_robot=robot1
48.000,original,-,fleet,MIN_DISTANCE_AVG,OK,10.587,,,0,robots_sampled=6
49.000,original,-,robot1,MIN_DISTANCE,OK,12.416,10.587,,0,nearest_robot=robot6
49.000,original,-,robot2,MIN_DISTANCE,OK,12.510,10.587,,0,nearest_robot=robot1
49.000,original,-,robot3,MIN_DISTANCE,OK,6.490,10.587,,0,nearest_robot=robot4
49.000,original,-,robot4,MIN_DISTANCE,OK,6.490,10.587,,0,nearest_robot=robot3
49.000,original,-,robot5,MIN_DISTANCE,OK,13.200,10.587,,0,nearest_robot=robot4
49.000,original,-,robot6,MIN_DISTANCE,OK,12.416,10.587,,0,nearest_robot=robot1
49.000,original,-,fleet,MIN_DISTANCE_AVG,OK,10.587,,,0,robots_sampled=6
50.000,original,-,robot1,MIN_DISTANCE,OK,12.416,10.587,,0,nearest_robot=robot6
50.000,original,-,robot2,MIN_DISTANCE,OK,12.510,10.587,,0,nearest_robot=robot1
50.000,original,-,robot3,MIN_DISTANCE,OK,6.490,10.587,,0,nearest_robot=robot4
50.000,original,-,robot4,MIN_DISTANCE,OK,6.490,10.587,,0,nearest_robot=robot3
50.000,original,-,robot5,MIN_DISTANCE,OK,13.200,10.587,,0,nearest_robot=robot4
50.000,original,-,robot6,MIN_DISTANCE,OK,12.416,10.587,,0,nearest_robot=robot1
50.000,original,-,fleet,MIN_DISTANCE_AVG,OK,10.587,,,0,robots_sampled=6
51.000,original,-,robot1,MIN_DISTANCE,OK,12.416,10.587,,0,nearest_robot=robot6
51.000,original,-,robot2,MIN_DISTANCE,OK,12.510,10.587,,0,nearest_robot=robot1
51.000,original,-,robot3,MIN_DISTANCE,OK,6.490,10.587,,0,nearest_robot=robot4
51.000,original,-,robot4,MIN_DISTANCE,OK,6.490,10.587,,0,nearest_robot=robot3
51.000,original,-,robot5,MIN_DISTANCE,OK,13.200,10.587,,0,nearest_robot=robot4
51.000,original,-,robot6,MIN_DISTANCE,OK,12.416,10.587,,0,nearest_robot=robot1
51.000,original,-,fleet,MIN_DISTANCE_AVG,OK,10.587,,,0,robots_sampled=6
51.220,original,-,fleet,CHOMP_TIME_FULL,OK,,24.838,,0,iterations=100;iterations_executed=100;source=algorithm;round_trip=24.856885
52.000,original,-,fleet,REPLAN_FULL,OK,,,robot1|robot2|robot3|robot4|robot5|robot6,0,original_full_optimization
52.000,original,-,robot1,MIN_DISTANCE,OK,12.416,10.589,,0,nearest_robot=robot6
52.000,original,-,robot2,MIN_DISTANCE,OK,12.510,10.589,,0,nearest_robot=robot1
52.000,original,-,robot3,MIN_DISTANCE,OK,6.579,10.589,,0,nearest_robot=robot4
52.000,original,-,robot4,MIN_DISTANCE,OK,6.579,10.589,,0,nearest_robot=robot3
52.000,original,-,robot5,MIN_DISTANCE,OK,13.033,10.589,,0,nearest_robot=robot4
52.000,original,-,robot6,MIN_DISTANCE,OK,12.416,10.589,,0,nearest_robot=robot1
52.000,original,-,fleet,MIN_DISTANCE_AVG,OK,10.589,,,0,robots_sampled=6
53.000,original,-,robot1,MIN_DISTANCE,OK,12.416,10.575,,0,nearest_robot=robot6
53.000,original,-,robot2,MIN_DISTANCE,OK,12.510,10.575,,0,nearest_robot=robot1
53.000,original,-,robot3,MIN_DISTANCE,OK,6.705,10.575,,0,nearest_robot=robot4
53.000,original,-,robot4,MIN_DISTANCE,OK,6.705,10.575,,0,nearest_robot=robot3
53.000,original,-,robot5,MIN_DISTANCE,OK,12.696,10.575,,0,nearest_robot=robot4
53.000,original,-,robot6,MIN_DISTANCE,OK,12.416,10.575,,0,nearest_robot=robot1
53.000,original,-,fleet,MIN_DISTANCE_AVG,OK,10.575,,,0,robots_sampled=6
54.000,original,-,robot1,MIN_DISTANCE,OK,12.416,10.545,,0,nearest_robot=robot6
54.000,original,-,robot2,MIN_DISTANCE,OK,12.510,10.545,,0,nearest_robot=robot1
54.000,original,-,robot3,MIN_DISTANCE,OK,6.780,10.545,,0,nearest_robot=robot4
54.000,original,-,robot4,MIN_DISTANCE,OK,6.780,10.545,,0,nearest_robot=robot3
54.000,original,-,robot5,MIN_DISTANCE,OK,12.366,10.545,,0,nearest_robot=robot4
54.000,original,-,robot6,MIN_DISTANCE,OK,12.416,10.545,,0,nearest_robot=robot1
54.000,original,-,fleet,MIN_DISTANCE_AVG,OK,10.545,,,0,robots_sampled=6
55.000,original,-,robot1,MIN_DISTANCE,OK,12.416,10.520,,0,nearest_robot=robot6
55.000,original,-,robot2,MIN_DISTANCE,OK,12.510,10.520,,0,nearest_robot=robot1
55.000,original,-,robot3,MIN_DISTANCE,OK,6.757,10.520,,0,nearest_robot=robot4
55.000,original,-,robot4,MIN_DISTANCE,OK,6.757,10.520,,0,nearest_robot=robot3
55.000,original,-,robot5,MIN_DISTANCE,OK,12.263,10.520,,0,nearest_robot=robot4
55.000,original,-,robot6,MIN_DISTANCE,OK,12.416,10.520,,0,nearest_robot=robot1
55.000,original,-,fleet,MIN_DISTANCE_AVG,OK,10.520,,,0,robots_sampled=6
56.000,original,-,robot1,MIN_DISTANCE,OK,12.416,10.548,,0,nearest_robot=robot6
56.000,original,-,robot2,MIN_DISTANCE,OK,12.510,10.548,,0,nearest_robot=robot1
56.000,original,-,robot3,MIN_DISTANCE,OK,6.842,10.548,,0,nearest_robot=robot4
56.000,original,-,robot4,MIN_DISTANCE,OK,6.842,10.548,,0,nearest_robot=robot3
56.000,original,-,robot5,MIN_DISTANCE,OK,12.262,10.548,,0,nearest_robot=robot4
56.000,original,-,robot6,MIN_DISTANCE,OK,12.416,10.548,,0,nearest_robot=robot1
56.000,original,-,fleet,MIN_DISTANCE_AVG,OK,10.548,,,0,robots_sampled=6
57.000,original,-,robot1,MIN_DISTANCE,OK,12.416,10.643,,0,nearest_robot=robot6
57.000,original,-,robot2,MIN_DISTANCE,OK,12.510,10.643,,0,nearest_robot=robot1
57.000,original,-,robot3,MIN_DISTANCE,OK,7.120,10.643,,0,nearest_robot=robot4
57.000,original,-,robot4,MIN_DISTANCE,OK,7.120,10.643,,0,nearest_robot=robot3
57.000,original,-,robot5,MIN_DISTANCE,OK,12.278,10.643,,0,nearest_robot=robot4
57.000,original,-,robot6,MIN_DISTANCE,OK,12.416,10.643,,0,nearest_robot=robot1
57.000,original,-,fleet,MIN_DISTANCE_AVG,OK,10.643,,,0,robots_sampled=6
58.000,original,-,robot1,MIN_DISTANCE,OK,12.416,10.754,,0,nearest_robot=robot6
58.000,original,-,robot2,MIN_DISTANCE,OK,12.510,10.754,,0,nearest_robot=robot1
58.000,original,-,robot3,MIN_DISTANCE,OK,7.567,10.754,,0,nearest_robot=robot4
58.000,original,-,robot4,MIN_DISTANCE,OK,7.567,10.754,,0,nearest_robot=robot3
58.000,original,-,robot5,MIN_DISTANCE,OK,12.047,10.754,,0,nearest_robot=robot4
58.000,original,-,robot6,MIN_DISTANCE,OK,12.416,10.754,,0,nearest_robot=robot1
58.000,original,-,fleet,MIN_DISTANCE_AVG,OK,10.754,,,0,robots_sampled=6
59.000,original,-,robot1,MIN_DISTANCE,OK,12.416,10.838,,0,nearest_robot=robot6
59.000,original,-,robot2,MIN_DISTANCE,OK,12.510,10.838,,0,nearest_robot=robot1
59.000,original,-,robot3,MIN_DISTANCE,OK,7.958,10.838,,0,nearest_robot=robot4
59.000,original,-,robot4,MIN_DISTANCE,OK,7.958,10.838,,0,nearest_robot=robot3
59.000,original,-,robot5,MIN_DISTANCE,OK,11.771,10.838,,0,nearest_robot=robot4
59.000,original,-,robot6,MIN_DISTANCE,OK,12.416,10.838,,0,nearest_robot=robot1
59.000,original,-,fleet,MIN_DISTANCE_AVG,OK,10.838,,,0,robots_sampled=6
60.000,original,-,robot1,MIN_DISTANCE,OK,12.416,10.891,,0,nearest_robot=robot6
60.000,original,-,robot2,MIN_DISTANCE,OK,12.510,10.891,,0,nearest_robot=robot1
60.000,original,-,robot3,MIN_DISTANCE,OK,8.249,10.891,,0,nearest_robot=robot4
60.000,original,-,robot4,MIN_DISTANCE,OK,8.249,10.891,,0,nearest_robot=robot3
60.000,original,-,robot5,MIN_DISTANCE,OK,11.508,10.891,,0,nearest_robot=robot4
60.000,original,-,robot6,MIN_DISTANCE,OK,12.416,10.891,,0,nearest_robot=robot1
60.000,original,-,fleet,MIN_DISTANCE_AVG,OK,10.891,,,0,robots_sampled=6
61.000,original,-,robot1,MIN_DISTANCE,OK,12.416,10.944,,0,nearest_robot=robot6
61.000,original,-,robot2,MIN_DISTANCE,OK,12.510,10.944,,0,nearest_robot=robot1
61.000,original,-,robot3,MIN_DISTANCE,OK,8.554,10.944,,0,nearest_robot=robot4
61.000,original,-,robot4,MIN_DISTANCE,OK,8.554,10.944,,0,nearest_robot=robot3
61.000,original,-,robot5,MIN_DISTANCE,OK,11.215,10.944,,0,nearest_robot=robot4
61.000,original,-,robot6,MIN_DISTANCE,OK,12.416,10.944,,0,nearest_robot=robot1
61.000,original,-,fleet,MIN_DISTANCE_AVG,OK,10.944,,,0,robots_sampled=6
62.000,original,-,robot1,MIN_DISTANCE,OK,12.416,10.998,,0,nearest_robot=robot6
62.000,original,-,robot2,MIN_DISTANCE,OK,12.510,10.998,,0,nearest_robot=robot1
62.000,original,-,robot3,MIN_DISTANCE,OK,8.875,10.998,,0,nearest_robot=robot4
62.000,original,-,robot4,MIN_DISTANCE,OK,8.875,10.998,,0,nearest_robot=robot3
62.000,original,-,robot5,MIN_DISTANCE,OK,10.894,10.998,,0,nearest_robot=robot4
62.000,original,-,robot6,MIN_DISTANCE,OK,12.416,10.998,,0,nearest_robot=robot1
62.000,original,-,fleet,MIN_DISTANCE_AVG,OK,10.998,,,0,robots_sampled=6
63.000,original,-,robot1,MIN_DISTANCE,OK,12.416,11.051,,0,nearest_robot=robot6
63.000,original,-,robot2,MIN_DISTANCE,OK,12.510,11.051,,0,nearest_robot=robot1
63.000,original,-,robot3,MIN_DISTANCE,OK,9.181,11.051,,0,nearest_robot=robot4
63.000,original,-,robot4,MIN_DISTANCE,OK,9.181,11.051,,0,nearest_robot=robot3
63.000,original,-,robot5,MIN_DISTANCE,OK,10.604,11.051,,0,nearest_robot=robot4
63.000,original,-,robot6,MIN_DISTANCE,OK,12.416,11.051,,0,nearest_robot=robot1
63.000,original,-,fleet,MIN_DISTANCE_AVG,OK,11.051,,,0,robots_sampled=6
64.000,original,-,robot1,MIN_DISTANCE,OK,12.416,11.112,,0,nearest_robot=robot6
64.000,original,-,robot2,MIN_DISTANCE,OK,12.510,11.112,,0,nearest_robot=robot1
64.000,original,-,robot3,MIN_DISTANCE,OK,9.515,11.112,,0,nearest_robot=robot4
64.000,original,-,robot4,MIN_DISTANCE,OK,9.515,11.112,,0,nearest_robot=robot3
64.000,original,-,robot5,MIN_DISTANCE,OK,10.301,11.112,,0,nearest_robot=robot4
64.000,original,-,robot6,MIN_DISTANCE,OK,12.416,11.112,,0,nearest_robot=robot1
64.000,original,-,fleet,MIN_DISTANCE_AVG,OK,11.112,,,0,robots_sampled=6
65.000,original,-,robot1,MIN_DISTANCE,OK,12.416,11.163,,0,nearest_robot=robot6
65.000,original,-,robot2,MIN_DISTANCE,OK,12.510,11.163,,0,nearest_robot=robot1
65.000,original,-,robot3,MIN_DISTANCE,OK,9.819,11.163,,0,nearest_robot=robot4
65.000,original,-,robot4,MIN_DISTANCE,OK,9.819,11.163,,0,nearest_robot=robot3
65.000,original,-,robot5,MIN_DISTANCE,OK,9.998,11.163,,0,nearest_robot=robot4
65.000,original,-,robot6,MIN_DISTANCE,OK,12.416,11.163,,0,nearest_robot=robot1
65.000,original,-,fleet,MIN_DISTANCE_AVG,OK,11.163,,,0,robots_sampled=6
66.000,original,-,robot1,MIN_DISTANCE,OK,12.416,11.157,,0,nearest_robot=robot6
66.000,original,-,robot2,MIN_DISTANCE,OK,12.510,11.157,,0,nearest_robot=robot1
66.000,original,-,robot3,MIN_DISTANCE,OK,10.114,11.157,,0,nearest_robot=robot4
66.000,original,-,robot4,MIN_DISTANCE,OK,9.742,11.157,,0,nearest_robot=robot5
66.000,original,-,robot5,MIN_DISTANCE,OK,9.742,11.157,,0,nearest_robot=robot4
66.000,original,-,robot6,MIN_DISTANCE,OK,12.416,11.157,,0,nearest_robot=robot1
66.000,original,-,fleet,MIN_DISTANCE_AVG,OK,11.157,,,0,robots_sampled=6
67.000,original,-,robot1,MIN_DISTANCE,OK,12.416,11.114,,0,nearest_robot=robot6
67.000,original,-,robot2,MIN_DISTANCE,OK,12.510,11.114,,0,nearest_robot=robot1
67.000,original,-,robot3,MIN_DISTANCE,OK,10.391,11.114,,0,nearest_robot=robot4
67.000,original,-,robot4,MIN_DISTANCE,OK,9.477,11.114,,0,nearest_robot=robot5
67.000,original,-,robot5,MIN_DISTANCE,OK,9.477,11.114,,0,nearest_robot=robot4
67.000,original,-,robot6,MIN_DISTANCE,OK,12.416,11.114,,0,nearest_robot=robot1
67.000,original,-,fleet,MIN_DISTANCE_AVG,OK,11.114,,,0,robots_sampled=6
68.000,original,-,robot1,MIN_DISTANCE,OK,12.416,11.073,,0,nearest_robot=robot6
68.000,original,-,robot2,MIN_DISTANCE,OK,12.510,11.073,,0,nearest_robot=robot1
68.000,original,-,robot3,MIN_DISTANCE,OK,10.643,11.073,,0,nearest_robot=robot4
68.000,original,-,robot4,MIN_DISTANCE,OK,9.226,11.073,,0,nearest_robot=robot5
68.000,original,-,robot5,MIN_DISTANCE,OK,9.226,11.073,,0,nearest_robot=robot4
68.000,original,-,robot6,MIN_DISTANCE,OK,12.416,11.073,,0,nearest_robot=robot1
68.000,original,-,fleet,MIN_DISTANCE_AVG,OK,11.073,,,0,robots_sampled=6
69.000,original,-,robot1,MIN_DISTANCE,OK,12.416,11.044,,0,nearest_robot=robot6
69.000,original,-,robot2,MIN_DISTANCE,OK,12.510,11.044,,0,nearest_robot=robot1
69.000,original,-,robot3,MIN_DISTANCE,OK,10.789,11.044,,0,nearest_robot=robot4
69.000,original,-,robot4,MIN_DISTANCE,OK,9.067,11.044,,0,nearest_robot=robot5
69.000,original,-,robot5,MIN_DISTANCE,OK,9.067,11.044,,0,nearest_robot=robot4
69.000,original,-,robot6,MIN_DISTANCE,OK,12.416,11.044,,0,nearest_robot=robot1
69.000,original,-,fleet,MIN_DISTANCE_AVG,OK,11.044,,,0,robots_sampled=6
70.000,original,-,robot1,MIN_DISTANCE,OK,12.416,10.984,,0,nearest_robot=robot6
70.000,original,-,robot2,MIN_DISTANCE,OK,12.510,10.984,,0,nearest_robot=robot1
70.000,original,-,robot3,MIN_DISTANCE,OK,10.869,10.984,,0,nearest_robot=robot4
70.000,original,-,robot4,MIN_DISTANCE,OK,8.847,10.984,,0,nearest_robot=robot5
70.000,original,-,robot5,MIN_DISTANCE,OK,8.847,10.984,,0,nearest_robot=robot4
70.000,original,-,robot6,MIN_DISTANCE,OK,12.416,10.984,,0,nearest_robot=robot1
70.000,original,-,fleet,MIN_DISTANCE_AVG,OK,10.984,,,0,robots_sampled=6
71.000,original,-,robot1,MIN_DISTANCE,OK,12.416,10.970,,0,nearest_robot=robot6
71.000,original,-,robot2,MIN_DISTANCE,OK,12.510,10.970,,0,nearest_robot=robot1
71.000,original,-,robot3,MIN_DISTANCE,OK,10.917,10.970,,0,nearest_robot=robot4
71.000,original,-,robot4,MIN_DISTANCE,OK,8.780,10.970,,0,nearest_robot=robot5
71.000,original,-,robot5,MIN_DISTANCE,OK,8.780,10.970,,0,nearest_robot=robot4
71.000,original,-,robot6,MIN_DISTANCE,OK,12.416,10.970,,0,nearest_robot=robot1
71.000,original,-,fleet,MIN_DISTANCE_AVG,OK,10.970,,,0,robots_sampled=6
72.000,original,-,robot1,MIN_DISTANCE,OK,12.416,10.958,,0,nearest_robot=robot6
72.000,original,-,robot2,MIN_DISTANCE,OK,12.510,10.958,,0,nearest_robot=robot1
72.000,original,-,robot3,MIN_DISTANCE,OK,10.838,10.958,,0,nearest_robot=robot4
72.000,original,-,robot4,MIN_DISTANCE,OK,8.783,10.958,,0,nearest_robot=robot5
72.000,original,-,robot5,MIN_DISTANCE,OK,8.783,10.958,,0,nearest_robot=robot4
72.000,original,-,robot6,MIN_DISTANCE,OK,12.416,10.958,,0,nearest_robot=robot1
72.000,original,-,fleet,MIN_DISTANCE_AVG,OK,10.958,,,0,robots_sampled=6
73.000,original,-,robot1,MIN_DISTANCE,OK,12.416,10.962,,0,nearest_robot=robot6
73.000,original,-,robot2,MIN_DISTANCE,OK,12.510,10.962,,0,nearest_robot=robot1
73.000,original,-,robot3,MIN_DISTANCE,OK,10.839,10.962,,0,nearest_robot=robot4
73.000,original,-,robot4,MIN_DISTANCE,OK,8.794,10.962,,0,nearest_robot=robot5
73.000,original,-,robot5,MIN_DISTANCE,OK,8.794,10.962,,0,nearest_robot=robot4
73.000,original,-,robot6,MIN_DISTANCE,OK,12.416,10.962,,0,nearest_robot=robot1
73.000,original,-,fleet,MIN_DISTANCE_AVG,OK,10.962,,,0,robots_sampled=6
74.000,original,-,robot1,MIN_DISTANCE,OK,12.416,10.963,,0,nearest_robot=robot6
74.000,original,-,robot2,MIN_DISTANCE,OK,12.510,10.963,,0,nearest_robot=robot1
74.000,original,-,robot3,MIN_DISTANCE,OK,10.834,10.963,,0,nearest_robot=robot4
74.000,original,-,robot4,MIN_DISTANCE,OK,8.800,10.963,,0,nearest_robot=robot5
74.000,original,-,robot5,MIN_DISTANCE,OK,8.800,10.963,,0,nearest_robot=robot4
74.000,original,-,robot6,MIN_DISTANCE,OK,12.416,10.963,,0,nearest_robot=robot1
74.000,original,-,fleet,MIN_DISTANCE_AVG,OK,10.963,,,0,robots_sampled=6
75.000,original,-,robot1,MIN_DISTANCE,OK,12.416,10.961,,0,nearest_robot=robot6
75.000,original,-,robot2,MIN_DISTANCE,OK,12.510,10.961,,0,nearest_robot=robot1
75.000,original,-,robot3,MIN_DISTANCE,OK,10.854,10.961,,0,nearest_robot=robot4
75.000,original,-,robot4,MIN_DISTANCE,OK,8.786,10.961,,0,nearest_robot=robot5
75.000,original,-,robot5,MIN_DISTANCE,OK,8.786,10.961,,0,nearest_robot=robot4
75.000,original,-,robot6,MIN_DISTANCE,OK,12.416,10.961,,0,nearest_robot=robot1
75.000,original,-,fleet,MIN_DISTANCE_AVG,OK,10.961,,,0,robots_sampled=6
76.000,original,-,robot1,MIN_DISTANCE,OK,12.416,10.961,,0,nearest_robot=robot6
76.000,original,-,robot2,MIN_DISTANCE,OK,12.510,10.961,,0,nearest_robot=robot1
76.000,original,-,robot3,MIN_DISTANCE,OK,10.854,10.961,,0,nearest_robot=robot4
76.000,original,-,robot4,MIN_DISTANCE,OK,8.786,10.961,,0,nearest_robot=robot5
76.000,original,-,robot5,MIN_DISTANCE,OK,8.786,10.961,,0,nearest_robot=robot4
76.000,original,-,robot6,MIN_DISTANCE,OK,12.416,10.961,,0,nearest_robot=robot1
76.000,original,-,fleet,MIN_DISTANCE_AVG,OK,10.961,,,0,robots_sampled=6
76.410,original,-,fleet,CHOMP_TIME_FULL,OK,,25.010,,0,iterations=100;iterations_executed=100;source=algorithm;round_trip=25.039907
77.000,original,-,fleet,REPLAN_FULL,OK,,,robot1|robot2|robot3|robot4|robot5|robot6,0,original_full_optimization
77.000,original,-,robot1,MIN_DISTANCE,OK,12.405,10.931,,0,nearest_robot=robot2
77.000,original,-,robot2,MIN_DISTANCE,OK,12.405,10.931,,0,nearest_robot=robot1
77.000,original,-,robot3,MIN_DISTANCE,OK,10.818,10.931,,0,nearest_robot=robot4
77.000,original,-,robot4,MIN_DISTANCE,OK,8.754,10.931,,0,nearest_robot=robot5
77.000,original,-,robot5,MIN_DISTANCE,OK,8.754,10.931,,0,nearest_robot=robot4
77.000,original,-,robot6,MIN_DISTANCE,OK,12.446,10.931,,0,nearest_robot=robot1
77.000,original,-,fleet,MIN_DISTANCE_AVG,OK,10.931,,,0,robots_sampled=6
78.000,original,-,robot1,MIN_DISTANCE,OK,11.980,10.782,,0,nearest_robot=robot2
78.000,original,-,robot2,MIN_DISTANCE,OK,11.980,10.782,,0,nearest_robot=robot1
78.000,original,-,robot3,MIN_DISTANCE,OK,10.818,10.782,,0,nearest_robot=robot4
78.000,original,-,robot4,MIN_DISTANCE,OK,8.651,10.782,,0,nearest_robot=robot5
78.000,original,-,robot5,MIN_DISTANCE,OK,8.651,10.782,,0,nearest_robot=robot4
78.000,original,-,robot6,MIN_DISTANCE,OK,12.611,10.782,,0,nearest_robot=robot1
78.000,original,-,fleet,MIN_DISTANCE_AVG,OK,10.782,,,0,robots_sampled=6
79.000,original,-,robot1,MIN_DISTANCE,OK,11.771,10.727,,0,nearest_robot=robot2
79.000,original,-,robot2,MIN_DISTANCE,OK,11.771,10.727,,0,nearest_robot=robot1
79.000,original,-,robot3,MIN_DISTANCE,OK,11.062,10.727,,0,nearest_robot=robot4
79.000,original,-,robot4,MIN_DISTANCE,OK,8.520,10.727,,0,nearest_robot=robot5
79.000,original,-,robot5,MIN_DISTANCE,OK,8.520,10.727,,0,nearest_robot=robot4
79.000,original,-,robot6,MIN_DISTANCE,OK,12.719,10.727,,0,nearest_robot=robot1
79.000,original,-,fleet,MIN_DISTANCE_AVG,OK,10.727,,,0,robots_sampled=6
80.000,original,-,robot1,MIN_DISTANCE,OK,11.682,10.692,,0,nearest_robot=robot2
80.000,original,-,robot2,MIN_DISTANCE,OK,11.682,10.692,,0,nearest_robot=robot1
80.000,original,-,robot3,MIN_DISTANCE,OK,11.421,10.692,,0,nearest_robot=robot4
80.000,original,-,robot4,MIN_DISTANCE,OK,8.276,10.692,,0,nearest_robot=robot5
80.000,original,-,robot5,MIN_DISTANCE,OK,8.276,10.692,,0,nearest_robot=robot4
80.000,original,-,robot6,MIN_DISTANCE,OK,12.816,10.692,,0,nearest_robot=robot1
80.000,original,-,fleet,MIN_DISTANCE_AVG,OK,10.692,,,0,robots_sampled=6
81.000,original,-,robot1,MIN_DISTANCE,OK,11.634,10.649,,0,nearest_robot=robot2
81.000,original,-,robot2,MIN_DISTANCE,OK,11.634,10.649,,0,nearest_robot=robot1
81.000,original,-,robot3,MIN_DISTANCE,OK,11.773,10.649,,0,nearest_robot=robot4
81.000,original,-,robot4,MIN_DISTANCE,OK,7.862,10.649,,0,nearest_robot=robot5
81.000,original,-,robot5,MIN_DISTANCE,OK,7.862,10.649,,0,nearest_robot=robot4
81.000,original,-,robot6,MIN_DISTANCE,OK,13.127,10.649,,0,nearest_robot=robot1
81.000,original,-,fleet,MIN_DISTANCE_AVG,OK,10.649,,,0,robots_sampled=6
82.000,original,-,robot1,MIN_DISTANCE,OK,11.578,10.564,,0,nearest_robot=robot2
82.000,original,-,robot2,MIN_DISTANCE,OK,11.578,10.564,,0,nearest_robot=robot1
82.000,original,-,robot3,MIN_DISTANCE,OK,11.986,10.564,,0,nearest_robot=robot2
82.000,original,-,robot4,MIN_DISTANCE,OK,7.361,10.564,,0,nearest_robot=robot5
82.000,original,-,robot5,MIN_DISTANCE,OK,7.361,10.564,,0,nearest_robot=robot4
82.000,original,-,robot6,MIN_DISTANCE,OK,13.521,10.564,,0,nearest_robot=robot1
82.000,original,-,fleet,MIN_DISTANCE_AVG,OK,10.564,,,0,robots_sampled=6
83.000,original,-,robot1,MIN_DISTANCE,OK,11.602,10.277,,0,nearest_robot=robot2
83.000,original,-,robot2,MIN_DISTANCE,OK,11.250,10.277,,0,nearest_robot=robot3
83.000,original,-,robot3,MIN_DISTANCE,OK,11.250,10.277,,0,nearest_robot=robot2
83.000,original,-,robot4,MIN_DISTANCE,OK,6.872,10.277,,0,nearest_robot=robot5
83.000,original,-,robot5,MIN_DISTANCE,OK,6.872,10.277,,0,nearest_robot=robot4
83.000,original,-,robot6,MIN_DISTANCE,OK,13.813,10.277,,0,nearest_robot=robot1
83.000,original,-,fleet,MIN_DISTANCE_AVG,OK,10.277,,,0,robots_sampled=6
84.000,original,-,robot1,MIN_DISTANCE,OK,11.543,9.778,,0,nearest_robot=robot2
84.000,original,-,robot2,MIN_DISTANCE,OK,10.635,9.778,,0,nearest_robot=robot3
84.000,original,-,robot3,MIN_DISTANCE,OK,10.635,9.778,,0,nearest_robot=robot2
84.000,original,-,robot4,MIN_DISTANCE,OK,6.397,9.778,,0,nearest_robot=robot5
84.000,original,-,robot5,MIN_DISTANCE,OK,6.397,9.778,,0,nearest_robot=robot4
84.000,original,-,robot6,MIN_DISTANCE,OK,13.063,9.778,,0,nearest_robot=robot2
84.000,original,-,fleet,MIN_DISTANCE_AVG,OK,9.778,,,0,robots_sampled=6
85.000,original,-,robot1,MIN_DISTANCE,OK,11.469,9.330,,0,nearest_robot=robot2
85.000,original,-,robot2,MIN_DISTANCE,OK,10.147,9.330,,0,nearest_robot=robot3
85.000,original,-,robot3,MIN_DISTANCE,OK,10.147,9.330,,0,nearest_robot=robot2
85.000,original,-,robot4,MIN_DISTANCE,OK,5.936,9.330,,0,nearest_robot=robot5
85.000,original,-,robot5,MIN_DISTANCE,OK,5.936,9.330,,0,nearest_robot=robot4
85.000,original,-,robot6,MIN_DISTANCE,OK,12.345,9.330,,0,nearest_robot=robot2
85.000,original,-,fleet,MIN_DISTANCE_AVG,OK,9.330,,,0,robots_sampled=6
86.000,original,-,robot1,MIN_DISTANCE,OK,11.530,8.971,,0,nearest_robot=robot2
86.000,original,-,robot2,MIN_DISTANCE,OK,9.720,8.971,,0,nearest_robot=robot3
86.000,original,-,robot3,MIN_DISTANCE,OK,9.720,8.971,,0,nearest_robot=robot2
86.000,original,-,robot4,MIN_DISTANCE,OK,5.541,8.971,,0,nearest_robot=robot5
86.000,original,-,robot5,MIN_DISTANCE,OK,5.541,8.971,,0,nearest_robot=robot4
86.000,original,-,robot6,MIN_DISTANCE,OK,11.774,8.971,,0,nearest_robot=robot2
86.000,original,-,fleet,MIN_DISTANCE_AVG,OK,8.971,,,0,robots_sampled=6
87.000,original,-,robot1,MIN_DISTANCE,OK,11.700,8.668,,0,nearest_robot=robot2
87.000,original,-,robot2,MIN_DISTANCE,OK,9.343,8.668,,0,nearest_robot=robot3
87.000,original,-,robot3,MIN_DISTANCE,OK,9.343,8.668,,0,nearest_robot=robot2
87.000,original,-,robot4,MIN_DISTANCE,OK,5.171,8.668,,0,nearest_robot=robot5
87.000,original,-,robot5,MIN_DISTANCE,OK,5.171,8.668,,0,nearest_robot=robot4
87.000,original,-,robot6,MIN_DISTANCE,OK,11.279,8.668,,0,nearest_robot=robot2
87.000,original,-,fleet,MIN_DISTANCE_AVG,OK,8.668,,,0,robots_sampled=6
88.000,original,-,robot1,MIN_DISTANCE,OK,12.000,8.406,,0,nearest_robot=robot2
88.000,original,-,robot2,MIN_DISTANCE,OK,9.020,8.406,,0,nearest_robot=robot3
88.000,original,-,robot3,MIN_DISTANCE,OK,9.020,8.406,,0,nearest_robot=robot2
88.000,original,-,robot4,MIN_DISTANCE,OK,4.808,8.406,,0,nearest_robot=robot5
88.000,original,-,robot5,MIN_DISTANCE,OK,4.808,8.406,,0,nearest_robot=robot4
88.000,original,-,robot6,MIN_DISTANCE,OK,10.780,8.406,,0,nearest_robot=robot2
88.000,original,-,fleet,MIN_DISTANCE_AVG,OK,8.406,,,0,robots_sampled=6
89.000,original,-,robot1,MIN_DISTANCE,OK,12.410,8.222,,0,nearest_robot=robot2
89.000,original,-,robot2,MIN_DISTANCE,OK,8.814,8.222,,0,nearest_robot=robot3
89.000,original,-,robot3,MIN_DISTANCE,OK,8.814,8.222,,0,nearest_robot=robot2
89.000,original,-,robot4,MIN_DISTANCE,OK,4.478,8.222,,0,nearest_robot=robot5
89.000,original,-,robot5,MIN_DISTANCE,OK,4.478,8.222,,0,nearest_robot=robot4
89.000,original,-,robot6,MIN_DISTANCE,OK,10.337,8.222,,0,nearest_robot=robot2
89.000,original,-,fleet,MIN_DISTANCE_AVG,OK,8.222,,,0,robots_sampled=6
90.000,original,-,robot1,MIN_DISTANCE,OK,12.801,8.119,,0,nearest_robot=robot2
90.000,original,-,robot2,MIN_DISTANCE,OK,8.824,8.119,,0,nearest_robot=robot3
90.000,original,-,robot3,MIN_DISTANCE,OK,8.824,8.119,,0,nearest_robot=robot2
90.000,original,-,robot4,MIN_DISTANCE,OK,4.184,8.119,,0,nearest_robot=robot5
90.000,original,-,robot5,MIN_DISTANCE,OK,4.184,8.119,,0,nearest_robot=robot4
90.000,original,-,robot6,MIN_DISTANCE,OK,9.900,8.119,,0,nearest_robot=robot2
90.000,original,-,fleet,MIN_DISTANCE_AVG,OK,8.119,,,0,robots_sampled=6
91.000,original,-,robot1,MIN_DISTANCE,OK,13.200,8.083,,0,nearest_robot=robot2
91.000,original,-,robot2,MIN_DISTANCE,OK,8.933,8.083,,0,nearest_robot=robot3
91.000,original,-,robot3,MIN_DISTANCE,OK,8.933,8.083,,0,nearest_robot=robot2
91.000,original,-,robot4,MIN_DISTANCE,OK,3.947,8.083,,0,nearest_robot=robot5
91.000,original,-,robot5,MIN_DISTANCE,OK,3.947,8.083,,0,nearest_robot=robot4
91.000,original,-,robot6,MIN_DISTANCE,OK,9.537,8.083,,0,nearest_robot=robot2
91.000,original,-,fleet,MIN_DISTANCE_AVG,OK,8.083,,,0,robots_sampled=6
92.000,original,-,robot1,MIN_DISTANCE,OK,13.628,8.080,,0,nearest_robot=robot2
92.000,original,-,robot2,MIN_DISTANCE,OK,9.087,8.080,,0,nearest_robot=robot3
92.000,original,-,robot3,MIN_DISTANCE,OK,9.087,8.080,,0,nearest_robot=robot2
92.000,original,-,robot4,MIN_DISTANCE,OK,3.744,8.080,,0,nearest_robot=robot5
92.000,original,-,robot5,MIN_DISTANCE,OK,3.744,8.080,,0,nearest_robot=robot4
92.000,original,-,robot6,MIN_DISTANCE,OK,9.192,8.080,,0,nearest_robot=robot2
92.000,original,-,fleet,MIN_DISTANCE_AVG,OK,8.080,,,0,robots_sampled=6
93.000,original,-,robot1,MIN_DISTANCE,OK,14.025,8.044,,0,nearest_robot=robot2
93.000,original,-,robot2,MIN_DISTANCE,OK,8.885,8.044,,0,nearest_robot=robot6
93.000,original,-,robot3,MIN_DISTANCE,OK,9.331,8.044,,0,nearest_robot=robot2
93.000,original,-,robot4,MIN_DISTANCE,OK,3.569,8.044,,0,nearest_robot=robot5
93.000,original,-,robot5,MIN_DISTANCE,OK,3.569,8.044,,0,nearest_robot=robot4
93.000,original,-,robot6,MIN_DISTANCE,OK,8.885,8.044,,0,nearest_robot=robot2
93.000,original,-,fleet,MIN_DISTANCE_AVG,OK,8.044,,,0,robots_sampled=6
94.000,original,-,robot1,MIN_DISTANCE,OK,14.409,8.027,,0,nearest_robot=robot2
94.000,original,-,robot2,MIN_DISTANCE,OK,8.625,8.027,,0,nearest_robot=robot6
94.000,original,-,robot3,MIN_DISTANCE,OK,9.599,8.027,,0,nearest_robot=robot2
94.000,original,-,robot4,MIN_DISTANCE,OK,3.452,8.027,,0,nearest_robot=robot5
94.000,original,-,robot5,MIN_DISTANCE,OK,3.452,8.027,,0,nearest_robot=robot4
94.000,original,-,robot6,MIN_DISTANCE,OK,8.625,8.027,,0,nearest_robot=robot2
94.000,original,-,fleet,MIN_DISTANCE_AVG,OK,8.027,,,0,robots_sampled=6
95.000,original,-,robot1,MIN_DISTANCE,OK,14.804,8.032,,0,nearest_robot=robot2
95.000,original,-,robot2,MIN_DISTANCE,OK,8.353,8.032,,0,nearest_robot=robot6
95.000,original,-,robot3,MIN_DISTANCE,OK,9.899,8.032,,0,nearest_robot=robot2
95.000,original,-,robot4,MIN_DISTANCE,OK,3.392,8.032,,0,nearest_robot=robot5
95.000,original,-,robot5,MIN_DISTANCE,OK,3.392,8.032,,0,nearest_robot=robot4
95.000,original,-,robot6,MIN_DISTANCE,OK,8.353,8.032,,0,nearest_robot=robot2
95.000,original,-,fleet,MIN_DISTANCE_AVG,OK,8.032,,,0,robots_sampled=6
96.000,original,-,robot1,MIN_DISTANCE,OK,15.221,8.074,,0,nearest_robot=robot2
96.000,original,-,robot2,MIN_DISTANCE,OK,8.164,8.074,,0,nearest_robot=robot6
96.000,original,-,robot3,MIN_DISTANCE,OK,10.162,8.074,,0,nearest_robot=robot2
96.000,original,-,robot4,MIN_DISTANCE,OK,3.367,8.074,,0,nearest_robot=robot5
96.000,original,-,robot5,MIN_DISTANCE,OK,3.367,8.074,,0,nearest_robot=robot4
96.000,original,-,robot6,MIN_DISTANCE,OK,8.164,8.074,,0,nearest_robot=robot2
96.000,original,-,fleet,MIN_DISTANCE_AVG,OK,8.074,,,0,robots_sampled=6
97.000,original,-,robot1,MIN_DISTANCE,OK,15.679,8.145,,0,nearest_robot=robot2
97.000,original,-,robot2,MIN_DISTANCE,OK,8.010,8.145,,0,nearest_robot=robot6
97.000,original,-,robot3,MIN_DISTANCE,OK,10.378,8.145,,0,nearest_robot=robot2
97.000,original,-,robot4,MIN_DISTANCE,OK,3.398,8.145,,0,nearest_robot=robot5
97.000,original,-,robot5,MIN_DISTANCE,OK,3.398,8.145,,0,nearest_robot=robot4
97.000,original,-,robot6,MIN_DISTANCE,OK,8.010,8.145,,0,nearest_robot=robot2
97.000,original,-,fleet,MIN_DISTANCE_AVG,OK,8.145,,,0,robots_sampled=6
98.000,original,-,robot1,MIN_DISTANCE,OK,16.189,8.223,,0,nearest_robot=robot2
98.000,original,-,robot2,MIN_DISTANCE,OK,7.859,8.223,,0,nearest_robot=robot6
98.000,original,-,robot3,MIN_DISTANCE,OK,10.512,8.223,,0,nearest_robot=robot2
98.000,original,-,robot4,MIN_DISTANCE,OK,3.460,8.223,,0,nearest_robot=robot5
98.000,original,-,robot5,MIN_DISTANCE,OK,3.460,8.223,,0,nearest_robot=robot4
98.000,original,-,robot6,MIN_DISTANCE,OK,7.859,8.223,,0,nearest_robot=robot2
98.000,original,-,fleet,MIN_DISTANCE_AVG,OK,8.223,,,0,robots_sampled=6
99.000,original,-,robot1,MIN_DISTANCE,OK,16.689,8.360,,0,nearest_robot=robot2
99.000,original,-,robot2,MIN_DISTANCE,OK,7.855,8.360,,0,nearest_robot=robot6
99.000,original,-,robot3,MIN_DISTANCE,OK,10.601,8.360,,0,nearest_robot=robot2
99.000,original,-,robot4,MIN_DISTANCE,OK,3.580,8.360,,0,nearest_robot=robot5
99.000,original,-,robot5,MIN_DISTANCE,OK,3.580,8.360,,0,nearest_robot=robot4
99.000,original,-,robot6,MIN_DISTANCE,OK,7.855,8.360,,0,nearest_robot=robot2
99.000,original,-,fleet,MIN_DISTANCE_AVG,OK,8.360,,,0,robots_sampled=6
100.000,original,-,robot1,MIN_DISTANCE,OK,17.090,8.496,,0,nearest_robot=robot2
100.000,original,-,robot2,MIN_DISTANCE,OK,7.859,8.496,,0,nearest_robot=robot6
100.000,original,-,robot3,MIN_DISTANCE,OK,10.748,8.496,,0,nearest_robot=robot2
100.000,original,-,robot4,MIN_DISTANCE,OK,3.708,8.496,,0,nearest_robot=robot5
100.000,original,-,robot5,MIN_DISTANCE,OK,3.708,8.496,,0,nearest_robot=robot4
100.000,original,-,robot6,MIN_DISTANCE,OK,7.859,8.496,,0,nearest_robot=robot2
100.000,original,-,fleet,MIN_DISTANCE_AVG,OK,8.496,,,0,robots_sampled=6
101.000,original,-,robot1,MIN_DISTANCE,OK,17.479,8.651,,0,nearest_robot=robot2
101.000,original,-,robot2,MIN_DISTANCE,OK,7.880,8.651,,0,nearest_robot=robot6
101.000,original,-,robot3,MIN_DISTANCE,OK,10.958,8.651,,0,nearest_robot=robot2
101.000,original,-,robot4,MIN_DISTANCE,OK,3.855,8.651,,0,nearest_robot=robot5
101.000,original,-,robot5,MIN_DISTANCE,OK,3.855,8.651,,0,nearest_robot=robot4
101.000,original,-,robot6,MIN_DISTANCE,OK,7.880,8.651,,0,nearest_robot=robot2
101.000,original,-,fleet,MIN_DISTANCE_AVG,OK,8.651,,,0,robots_sampled=6
101.470,original,-,fleet,CHOMP_TIME_FULL,OK,,25.453,,0,iterations=100;iterations_executed=100;source=algorithm;round_trip=25.475512
102.000,original,-,fleet,REPLAN_FULL,OK,,,robot1|robot2|robot3|robot4|robot5|robot6,0,original_full_optimization
102.000,original,-,robot1,MIN_DISTANCE,OK,17.708,8.807,,0,nearest_robot=robot2
102.000,original,-,robot2,MIN_DISTANCE,OK,7.984,8.807,,0,nearest_robot=robot6
102.000,original,-,robot3,MIN_DISTANCE,OK,11.176,8.807,,0,nearest_robot=robot2
102.000,original,-,robot4,MIN_DISTANCE,OK,3.994,8.807,,0,nearest_robot=robot5
102.000,original,-,robot5,MIN_DISTANCE,OK,3.994,8.807,,0,nearest_robot=robot4
102.000,original,-,robot6,MIN_DISTANCE,OK,7.984,8.807,,0,nearest_robot=robot2
102.000,original,-,fleet,MIN_DISTANCE_AVG,OK,8.807,,,0,robots_sampled=6
103.000,original,-,robot1,MIN_DISTANCE,OK,17.828,8.934,,0,nearest_robot=robot2
103.000,original,-,robot2,MIN_DISTANCE,OK,8.103,8.934,,0,nearest_robot=robot6
103.000,original,-,robot3,MIN_DISTANCE,OK,11.455,8.934,,0,nearest_robot=robot2
103.000,original,-,robot4,MIN_DISTANCE,OK,4.058,8.934,,0,nearest_robot=robot5
103.000,original,-,robot5,MIN_DISTANCE,OK,4.058,8.934,,0,nearest_robot=robot4
103.000,original,-,robot6,MIN_DISTANCE,OK,8.103,8.934,,0,nearest_robot=robot2
103.000,original,-,fleet,MIN_DISTANCE_AVG,OK,8.934,,,0,robots_sampled=6
104.000,original,-,robot1,MIN_DISTANCE,OK,17.836,9.187,,0,nearest_robot=robot2
104.000,original,-,robot2,MIN_DISTANCE,OK,8.345,9.187,,0,nearest_robot=robot6
104.000,original,-,robot3,MIN_DISTANCE,OK,11.770,9.187,,0,nearest_robot=robot2
104.000,original,-,robot4,MIN_DISTANCE,OK,4.414,9.187,,0,nearest_robot=robot5
104.000,original,-,robot5,MIN_DISTANCE,OK,4.414,9.187,,0,nearest_robot=robot4
104.000,original,-,robot6,MIN_DISTANCE,OK,8.345,9.187,,0,nearest_robot=robot2
104.000,original,-,fleet,MIN_DISTANCE_AVG,OK,9.187,,,0,robots_sampled=6
105.000,original,-,robot1,MIN_DISTANCE,OK,17.712,9.403,,0,nearest_robot=robot2
105.000,original,-,robot2,MIN_DISTANCE,OK,8.683,9.403,,0,nearest_robot=robot6
105.000,original,-,robot3,MIN_DISTANCE,OK,12.190,9.403,,0,nearest_robot=robot2
105.000,original,-,robot4,MIN_DISTANCE,OK,4.575,9.403,,0,nearest_robot=robot5
105.000,original,-,robot5,MIN_DISTANCE,OK,4.575,9.403,,0,nearest_robot=robot4
105.000,original,-,robot6,MIN_DISTANCE,OK,8.683,9.403,,0,nearest_robot=robot2
105.000,original,-,fleet,MIN_DISTANCE_AVG,OK,9.403,,,0,robots_sampled=6
106.000,original,-,robot1,MIN_DISTANCE,OK,17.583,9.627,,0,nearest_robot=robot2
106.000,original,-,robot2,MIN_DISTANCE,OK,9.109,9.627,,0,nearest_robot=robot6
106.000,original,-,robot3,MIN_DISTANCE,OK,12.650,9.627,,0,nearest_robot=robot2
106.000,original,-,robot4,MIN_DISTANCE,OK,4.657,9.627,,0,nearest_robot=robot5
106.000,original,-,robot5,MIN_DISTANCE,OK,4.657,9.627,,0,nearest_robot=robot4
106.000,original,-,robot6,MIN_DISTANCE,OK,9.109,9.627,,0,nearest_robot=robot2
106.000,original,-,fleet,MIN_DISTANCE_AVG,OK,9.627,,,0,robots_sampled=6
107.000,original,-,robot1,MIN_DISTANCE,OK,17.522,9.783,,0,nearest_robot=robot2
107.000,original,-,robot2,MIN_DISTANCE,OK,9.473,9.783,,0,nearest_robot=robot6
107.000,original,-,robot3,MIN_DISTANCE,OK,13.104,9.783,,0,nearest_robot=robot2
107.000,original,-,robot4,MIN_DISTANCE,OK,4.564,9.783,,0,nearest_robot=robot5
107.000,original,-,robot5,MIN_DISTANCE,OK,4.564,9.783,,0,nearest_robot=robot4
107.000,original,-,robot6,MIN_DISTANCE,OK,9.473,9.783,,0,nearest_robot=robot2
107.000,original,-,fleet,MIN_DISTANCE_AVG,OK,9.783,,,0,robots_sampled=6
108.000,original,-,robot1,MIN_DISTANCE,OK,17.496,9.916,,0,nearest_robot=robot2
108.000,original,-,robot2,MIN_DISTANCE,OK,9.859,9.916,,0,nearest_robot=robot6
108.000,original,-,robot3,MIN_DISTANCE,OK,13.510,9.916,,0,nearest_robot=robot2
108.000,original,-,robot4,MIN_DISTANCE,OK,4.385,9.916,,0,nearest_robot=robot5
108.000,original,-,robot5,MIN_DISTANCE,OK,4.385,9.916,,0,nearest_robot=robot4
108.000,original,-,robot6,MIN_DISTANCE,OK,9.859,9.916,,0,nearest_robot=robot2
108.000,original,-,fleet,MIN_DISTANCE_AVG,OK,9.916,,,0,robots_sampled=6
109.000,original,-,robot1,MIN_DISTANCE,OK,17.444,10.001,,0,nearest_robot=robot2
109.000,original,-,robot2,MIN_DISTANCE,OK,10.265,10.001,,0,nearest_robot=robot6
109.000,original,-,robot3,MIN_DISTANCE,OK,13.558,10.001,,0,nearest_robot=robot6
109.000,original,-,robot4,MIN_DISTANCE,OK,4.237,10.001,,0,nearest_robot=robot5
109.000,original,-,robot5,MIN_DISTANCE,OK,4.237,10.001,,0,nearest_robot=robot4
109.000,original,-,robot6,MIN_DISTANCE,OK,10.265,10.001,,0,nearest_robot=robot2
109.000,original,-,fleet,MIN_DISTANCE_AVG,OK,10.001,,,0,robots_sampled=6
110.000,original,-,robot1,MIN_DISTANCE,OK,17.341,10.050,,0,nearest_robot=robot2
110.000,original,-,robot2,MIN_DISTANCE,OK,10.738,10.050,,0,nearest_robot=robot6
110.000,original,-,robot3,MIN_DISTANCE,OK,13.527,10.050,,0,nearest_robot=robot6
110.000,original,-,robot4,MIN_DISTANCE,OK,3.979,10.050,,0,nearest_robot=robot5
110.000,original,-,robot5,MIN_DISTANCE,OK,3.979,10.050,,0,nearest_robot=robot4
110.000,original,-,robot6,MIN_DISTANCE,OK,10.738,10.050,,0,nearest_robot=robot2
110.000,original,-,fleet,MIN_DISTANCE_AVG,OK,10.050,,,0,robots_sampled=6
111.000,original,-,robot1,MIN_DISTANCE,OK,17.345,10.081,,0,nearest_robot=robot2
111.000,original,-,robot2,MIN_DISTANCE,OK,11.098,10.081,,0,nearest_robot=robot6
111.000,original,-,robot3,MIN_DISTANCE,OK,13.522,10.081,,0,nearest_robot=robot6
111.000,original,-,robot4,MIN_DISTANCE,OK,3.710,10.081,,0,nearest_robot=robot5
111.000,original,-,robot5,MIN_DISTANCE,OK,3.710,10.081,,0,nearest_robot=robot4
111.000,original,-,robot6,MIN_DISTANCE,OK,11.098,10.081,,0,nearest_robot=robot2
111.000,original,-,fleet,MIN_DISTANCE_AVG,OK,10.081,,,0,robots_sampled=6
112.000,original,-,robot1,MIN_DISTANCE,OK,17.402,10.084,,0,nearest_robot=robot2
112.000,original,-,robot2,MIN_DISTANCE,OK,11.373,10.084,,0,nearest_robot=robot6
112.000,original,-,robot3,MIN_DISTANCE,OK,13.550,10.084,,0,nearest_robot=robot6
112.000,original,-,robot4,MIN_DISTANCE,OK,3.402,10.084,,0,nearest_robot=robot5
112.000,original,-,robot5,MIN_DISTANCE,OK,3.402,10.084,,0,nearest_robot=robot4
112.000,original,-,robot6,MIN_DISTANCE,OK,11.373,10.084,,0,nearest_robot=robot2
112.000,original,-,fleet,MIN_DISTANCE_AVG,OK,10.084,,,0,robots_sampled=6
113.000,original,-,robot1,MIN_DISTANCE,OK,17.342,10.081,,0,nearest_robot=robot2
113.000,original,-,robot2,MIN_DISTANCE,OK,11.804,10.081,,0,nearest_robot=robot6
113.000,original,-,robot3,MIN_DISTANCE,OK,13.580,10.081,,0,nearest_robot=robot6
113.000,original,-,robot4,MIN_DISTANCE,OK,3.085,10.081,,0,nearest_robot=robot5
113.000,original,-,robot5,MIN_DISTANCE,OK,3.085,10.081,,0,nearest_robot=robot4
113.000,original,-,robot6,MIN_DISTANCE,OK,11.588,10.081,,0,nearest_robot=robot4
113.000,original,-,fleet,MIN_DISTANCE_AVG,OK,10.081,,,0,robots_sampled=6
114.000,original,-,robot1,MIN_DISTANCE,OK,17.275,10.068,,0,nearest_robot=robot2
114.000,original,-,robot2,MIN_DISTANCE,OK,12.251,10.068,,0,nearest_robot=robot6
114.000,original,-,robot3,MIN_DISTANCE,OK,13.658,10.068,,0,nearest_robot=robot6
114.000,original,-,robot4,MIN_DISTANCE,OK,2.818,10.068,,0,nearest_robot=robot5
114.000,original,-,robot5,MIN_DISTANCE,OK,2.818,10.068,,0,nearest_robot=robot4
114.000,original,-,robot6,MIN_DISTANCE,OK,11.589,10.068,,0,nearest_robot=robot4
114.000,original,-,fleet,MIN_DISTANCE_AVG,OK,10.068,,,0,robots_sampled=6
115.000,original,-,robot1,MIN_DISTANCE,OK,17.387,10.029,,0,nearest_robot=robot2
115.000,original,-,robot2,MIN_DISTANCE,OK,12.479,10.029,,0,nearest_robot=robot6
115.000,original,-,robot3,MIN_DISTANCE,OK,13.735,10.029,,0,nearest_robot=robot6
115.000,original,-,robot4,MIN_DISTANCE,OK,2.468,10.029,,0,nearest_robot=robot5
115.000,original,-,robot5,MIN_DISTANCE,OK,2.468,10.029,,0,nearest_robot=robot4
115.000,original,-,robot6,MIN_DISTANCE,OK,11.637,10.029,,0,nearest_robot=robot4
115.000,original,-,fleet,MIN_DISTANCE_AVG,OK,10.029,,,0,robots_sampled=6
116.000,original,-,robot1,MIN_DISTANCE,OK,17.387,9.984,,0,nearest_robot=robot2
116.000,original,-,robot2,MIN_DISTANCE,OK,12.848,9.984,,0,nearest_robot=robot6
116.000,original,-,robot3,MIN_DISTANCE,OK,13.833,9.984,,0,nearest_robot=robot6
116.000,original,-,robot4,MIN_DISTANCE,OK,2.135,9.984,,0,nearest_robot=robot5
116.000,original,-,robot5,MIN_DISTANCE,OK,2.135,9.984,,0,nearest_robot=robot4
116.000,original,-,robot6,MIN_DISTANCE,OK,11.565,9.984,,0,nearest_robot=robot4
116.000,original,-,fleet,MIN_DISTANCE_AVG,OK,9.984,,,0,robots_sampled=6
117.000,original,-,robot1,MIN_DISTANCE,OK,17.387,9.909,,0,nearest_robot=robot2
117.000,original,-,robot2,MIN_DISTANCE,OK,13.215,9.909,,0,nearest_robot=robot6
117.000,original,-,robot3,MIN_DISTANCE,OK,13.946,9.909,,0,nearest_robot=robot6
117.000,original,-,robot4,MIN_DISTANCE,OK,1.753,9.909,,0,nearest_robot=robot5
117.000,original,-,robot5,MIN_DISTANCE,OK,1.753,9.909,,0,nearest_robot=robot4
117.000,original,-,robot6,MIN_DISTANCE,OK,11.397,9.909,,0,nearest_robot=robot4
117.000,original,-,fleet,MIN_DISTANCE_AVG,OK,9.909,,,0,robots_sampled=6
118.000,original,-,robot1,MIN_DISTANCE,OK,17.387,9.808,,0,nearest_robot=robot2
118.000,original,-,robot2,MIN_DISTANCE,OK,13.666,9.808,,0,nearest_robot=robot6
118.000,original,-,robot3,MIN_DISTANCE,OK,14.136,9.808,,0,nearest_robot=robot6
118.000,original,-,robot4,MIN_DISTANCE,OK,1.294,9.808,,0,nearest_robot=robot5
118.000,original,-,robot5,MIN_DISTANCE,OK,1.294,9.808,,0,nearest_robot=robot4
118.000,original,-,robot6,MIN_DISTANCE,OK,11.072,9.808,,0,nearest_robot=robot4
118.000,original,-,fleet,MIN_DISTANCE_AVG,OK,9.808,,,0,robots_sampled=6
119.000,original,-,robot1,MIN_DISTANCE,OK,17.387,9.694,,0,nearest_robot=robot2
119.000,original,-,robot2,MIN_DISTANCE,OK,14.082,9.694,,0,nearest_robot=robot6
119.000,original,-,robot3,MIN_DISTANCE,OK,14.205,9.694,,0,nearest_robot=robot2
119.000,original,-,robot4,MIN_DISTANCE,OK,0.879,9.694,,0,nearest_robot=robot5
119.000,original,-,robot5,MIN_DISTANCE,OK,0.879,9.694,,0,nearest_robot=robot4
119.000,original,-,robot6,MIN_DISTANCE,OK,10.730,9.694,,0,nearest_robot=robot4
119.000,original,-,fleet,MIN_DISTANCE_AVG,OK,9.694,,,0,robots_sampled=6
120.000,original,-,robot1,MIN_DISTANCE,OK,17.387,9.549,,0,nearest_robot=robot2
120.000,original,-,robot2,MIN_DISTANCE,OK,14.205,9.549,,0,nearest_robot=robot3
120.000,original,-,robot3,MIN_DISTANCE,OK,14.205,9.549,,0,nearest_robot=robot2
120.000,original,-,robot4,MIN_DISTANCE,OK,0.556,9.549,,0,nearest_robot=robot5
120.000,original,-,robot5,MIN_DISTANCE,OK,0.556,9.549,,0,nearest_robot=robot4
120.000,original,-,robot6,MIN_DISTANCE,OK,10.385,9.549,,0,nearest_robot=robot4
120.000,original,-,fleet,MIN_DISTANCE_AVG,OK,9.549,,,0,robots_sampled=6
121.000,original,-,robot1,MIN_DISTANCE,OK,17.387,9.425,,0,nearest_robot=robot2
121.000,original,-,robot2,MIN_DISTANCE,OK,14.205,9.425,,0,nearest_robot=robot3
121.000,original,-,robot3,MIN_DISTANCE,OK,14.205,9.425,,0,nearest_robot=robot2
121.000,original,-,robot4,MIN_DISTANCE,OK,0.361,9.425,,0,nearest_robot=robot5
121.000,original,-,robot5,MIN_DISTANCE,OK,0.361,9.425,,0,nearest_robot=robot4
121.000,original,-,robot6,MIN_DISTANCE,OK,10.032,9.425,,0,nearest_robot=robot4
121.000,original,-,fleet,MIN_DISTANCE_AVG,OK,9.425,,,0,robots_sampled=6
122.000,original,-,robot1,MIN_DISTANCE,OK,17.387,9.331,,0,nearest_robot=robot2
122.000,original,-,robot2,MIN_DISTANCE,OK,14.205,9.331,,0,nearest_robot=robot3
122.000,original,-,robot3,MIN_DISTANCE,OK,14.205,9.331,,0,nearest_robot=robot2
122.000,original,-,robot4,MIN_DISTANCE,OK,0.254,9.331,,0,nearest_robot=robot5
122.000,original,-,robot5,MIN_DISTANCE,OK,0.254,9.331,,0,nearest_robot=robot4
122.000,original,-,robot6,MIN_DISTANCE,OK,9.680,9.331,,0,nearest_robot=robot5
122.000,original,-,fleet,MIN_DISTANCE_AVG,OK,9.331,,,0,robots_sampled=6
123.000,original,-,robot1,MIN_DISTANCE,OK,17.387,9.263,,0,nearest_robot=robot2
123.000,original,-,robot2,MIN_DISTANCE,OK,14.205,9.263,,0,nearest_robot=robot3
123.000,original,-,robot3,MIN_DISTANCE,OK,14.205,9.263,,0,nearest_robot=robot2
123.000,original,-,robot4,MIN_DISTANCE,OK,0.256,9.263,,0,nearest_robot=robot5
123.000,original,-,robot5,MIN_DISTANCE,OK,0.256,9.263,,0,nearest_robot=robot4
123.000,original,-,robot6,MIN_DISTANCE,OK,9.270,9.263,,0,nearest_robot=robot5
123.000,original,-,fleet,MIN_DISTANCE_AVG,OK,9.263,,,0,robots_sampled=6
124.000,original,-,robot1,MIN_DISTANCE,OK,17.387,9.201,,0,nearest_robot=robot2
124.000,original,-,robot2,MIN_DISTANCE,OK,14.205,9.201,,0,nearest_robot=robot3
124.000,original,-,robot3,MIN_DISTANCE,OK,14.205,9.201,,0,nearest_robot=robot2
124.000,original,-,robot4,MIN_DISTANCE,OK,0.259,9.201,,0,nearest_robot=robot5
124.000,original,-,robot5,MIN_DISTANCE,OK,0.259,9.201,,0,nearest_robot=robot4
124.000,original,-,robot6,MIN_DISTANCE,OK,8.891,9.201,,0,nearest_robot=robot5
124.000,original,-,fleet,MIN_DISTANCE_AVG,OK,9.201,,,0,robots_sampled=6
125.000,original,-,robot1,MIN_DISTANCE,OK,17.387,9.167,,0,nearest_robot=robot2
125.000,original,-,robot2,MIN_DISTANCE,OK,14.205,9.167,,0,nearest_robot=robot3
125.000,original,-,robot3,MIN_DISTANCE,OK,14.205,9.167,,0,nearest_robot=robot2
125.000,original,-,robot4,MIN_DISTANCE,OK,0.233,9.167,,0,nearest_robot=robot5
125.000,original,-,robot5,MIN_DISTANCE,OK,0.233,9.167,,0,nearest_robot=robot4
125.000,original,-,robot6,MIN_DISTANCE,OK,8.736,9.167,,0,nearest_robot=robot5
125.000,original,-,fleet,MIN_DISTANCE_AVG,OK,9.167,,,0,robots_sampled=6
126.000,original,-,robot1,MIN_DISTANCE,OK,17.387,9.197,,0,nearest_robot=robot2
126.000,original,-,robot2,MIN_DISTANCE,OK,14.205,9.197,,0,nearest_robot=robot3
126.000,original,-,robot3,MIN_DISTANCE,OK,14.205,9.197,,0,nearest_robot=robot2
126.000,original,-,robot4,MIN_DISTANCE,OK,0.344,9.197,,0,nearest_robot=robot5
126.000,original,-,robot5,MIN_DISTANCE,OK,0.344,9.197,,0,nearest_robot=robot4
126.000,original,-,robot6,MIN_DISTANCE,OK,8.697,9.197,,0,nearest_robot=robot4
126.000,original,-,fleet,MIN_DISTANCE_AVG,OK,9.197,,,0,robots_sampled=6
126.270,original,-,fleet,CHOMP_TIME_FULL,OK,,25.030,,0,iterations=100;iterations_executed=100;source=algorithm;round_trip=25.048378
127.000,original,-,fleet,REPLAN_FULL,OK,,,robot1|robot2|robot3|robot4|robot5|robot6,0,original_full_optimization
127.000,original,-,robot1,MIN_DISTANCE,OK,17.387,9.191,,0,nearest_robot=robot2
127.000,original,-,robot2,MIN_DISTANCE,OK,14.131,9.191,,0,nearest_robot=robot3
127.000,original,-,robot3,MIN_DISTANCE,OK,14.131,9.191,,0,nearest_robot=robot2
127.000,original,-,robot4,MIN_DISTANCE,OK,0.405,9.191,,0,nearest_robot=robot5
127.000,original,-,robot5,MIN_DISTANCE,OK,0.405,9.191,,0,nearest_robot=robot4
127.000,original,-,robot6,MIN_DISTANCE,OK,8.689,9.191,,0,nearest_robot=robot4
127.000,original,-,fleet,MIN_DISTANCE_AVG,OK,9.191,,,0,robots_sampled=6
128.000,original,-,robot1,MIN_DISTANCE,OK,17.387,9.130,,0,nearest_robot=robot2
128.000,original,-,robot2,MIN_DISTANCE,OK,13.940,9.130,,0,nearest_robot=robot3
128.000,original,-,robot3,MIN_DISTANCE,OK,13.940,9.130,,0,nearest_robot=robot2
128.000,original,-,robot4,MIN_DISTANCE,OK,0.410,9.130,,0,nearest_robot=robot5
128.000,original,-,robot5,MIN_DISTANCE,OK,0.410,9.130,,0,nearest_robot=robot4
128.000,original,-,robot6,MIN_DISTANCE,OK,8.695,9.130,,0,nearest_robot=robot4
128.000,original,-,fleet,MIN_DISTANCE_AVG,OK,9.130,,,0,robots_sampled=6
129.000,original,-,robot1,MIN_DISTANCE,OK,17.387,9.144,,0,nearest_robot=robot2
129.000,original,-,robot2,MIN_DISTANCE,OK,13.972,9.144,,0,nearest_robot=robot3
129.000,original,-,robot3,MIN_DISTANCE,OK,13.972,9.144,,0,nearest_robot=robot2
129.000,original,-,robot4,MIN_DISTANCE,OK,0.419,9.144,,0,nearest_robot=robot5
129.000,original,-,robot5,MIN_DISTANCE,OK,0.419,9.144,,0,nearest_robot=robot4
129.000,original,-,robot6,MIN_DISTANCE,OK,8.697,9.144,,0,nearest_robot=robot5
129.000,original,-,fleet,MIN_DISTANCE_AVG,OK,9.144,,,0,robots_sampled=6
130.000,original,-,robot1,MIN_DISTANCE,OK,17.387,9.241,,0,nearest_robot=robot2
130.000,original,-,robot2,MIN_DISTANCE,OK,14.254,9.241,,0,nearest_robot=robot3
130.000,original,-,robot3,MIN_DISTANCE,OK,14.254,9.241,,0,nearest_robot=robot2
130.000,original,-,robot4,MIN_DISTANCE,OK,0.426,9.241,,0,nearest_robot=robot5
130.000,original,-,robot5,MIN_DISTANCE,OK,0.426,9.241,,0,nearest_robot=robot4
130.000,original,-,robot6,MIN_DISTANCE,OK,8.695,9.241,,0,nearest_robot=robot5
130.000,original,-,fleet,MIN_DISTANCE_AVG,OK,9.241,,,0,robots_sampled=6
131.000,original,-,robot1,MIN_DISTANCE,OK,17.387,9.294,,0,nearest_robot=robot2
131.000,original,-,robot2,MIN_DISTANCE,OK,14.535,9.294,,0,nearest_robot=robot3
131.000,original,-,robot3,MIN_DISTANCE,OK,14.316,9.294,,0,nearest_robot=robot6
131.000,original,-,robot4,MIN_DISTANCE,OK,0.417,9.294,,0,nearest_robot=robot5
131.000,original,-,robot5,MIN_DISTANCE,OK,0.417,9.294,,0,nearest_robot=robot4
131.000,original,-,robot6,MIN_DISTANCE,OK,8.694,9.294,,0,nearest_robot=robot5
131.000,original,-,fleet,MIN_DISTANCE_AVG,OK,9.294,,,0,robots_sampled=6
132.000,original,-,robot1,MIN_DISTANCE,OK,17.387,9.306,,0,nearest_robot=robot2
132.000,original,-,robot2,MIN_DISTANCE,OK,14.783,9.306,,0,nearest_robot=robot3
132.000,original,-,robot3,MIN_DISTANCE,OK,14.163,9.306,,0,nearest_robot=robot6
132.000,original,-,robot4,MIN_DISTANCE,OK,0.405,9.306,,0,nearest_robot=robot5
132.000,original,-,robot5,MIN_DISTANCE,OK,0.405,9.306,,0,nearest_robot=robot4
132.000,original,-,robot6,MIN_DISTANCE,OK,8.693,9.306,,0,nearest_robot=robot5
132.000,original,-,fleet,MIN_DISTANCE_AVG,OK,9.306,,,0,robots_sampled=6
133.000,original,-,robot1,MIN_DISTANCE,OK,17.387,9.324,,0,nearest_robot=robot2
133.000,original,-,robot2,MIN_DISTANCE,OK,15.038,9.324,,0,nearest_robot=robot3
133.000,original,-,robot3,MIN_DISTANCE,OK,14.016,9.324,,0,nearest_robot=robot6
133.000,original,-,robot4,MIN_DISTANCE,OK,0.405,9.324,,0,nearest_robot=robot5
133.000,original,-,robot5,MIN_DISTANCE,OK,0.405,9.324,,0,nearest_robot=robot4
133.000,original,-,robot6,MIN_DISTANCE,OK,8.693,9.324,,0,nearest_robot=robot5
133.000,original,-,fleet,MIN_DISTANCE_AVG,OK,9.324,,,0,robots_sampled=6
134.000,original,-,robot1,MIN_DISTANCE,OK,17.387,9.339,,0,nearest_robot=robot2
134.000,original,-,robot2,MIN_DISTANCE,OK,15.310,9.339,,0,nearest_robot=robot3
134.000,original,-,robot3,MIN_DISTANCE,OK,13.835,9.339,,0,nearest_robot=robot6
134.000,original,-,robot4,MIN_DISTANCE,OK,0.405,9.339,,0,nearest_robot=robot5
134.000,original,-,robot5,MIN_DISTANCE,OK,0.405,9.339,,0,nearest_robot=robot4
134.000,original,-,robot6,MIN_DISTANCE,OK,8.693,9.339,,0,nearest_robot=robot5
134.000,original,-,fleet,MIN_DISTANCE_AVG,OK,9.339,,,0,robots_sampled=6
135.000,original,-,robot1,MIN_DISTANCE,OK,17.387,9.318,,0,nearest_robot=robot2
135.000,original,-,robot2,MIN_DISTANCE,OK,15.446,9.318,,0,nearest_robot=robot3
135.000,original,-,robot3,MIN_DISTANCE,OK,13.569,9.318,,0,nearest_robot=robot6
135.000,original,-,robot4,MIN_DISTANCE,OK,0.405,9.318,,0,nearest_robot=robot5
135.000,original,-,robot5,MIN_DISTANCE,OK,0.405,9.318,,0,nearest_robot=robot4
135.000,original,-,robot6,MIN_DISTANCE,OK,8.693,9.318,,0,nearest_robot=robot5
135.000,original,-,fleet,MIN_DISTANCE_AVG,OK,9.318,,,0,robots_sampled=6
136.000,original,-,robot1,MIN_DISTANCE,OK,17.387,9.281,,0,nearest_robot=robot2
136.000,original,-,robot2,MIN_DISTANCE,OK,15.543,9.281,,0,nearest_robot=robot3
136.000,original,-,robot3,MIN_DISTANCE,OK,13.252,9.281,,0,nearest_robot=robot6
136.000,original,-,robot4,MIN_DISTANCE,OK,0.405,9.281,,0,nearest_robot=robot5
136.000,original,-,robot5,MIN_DISTANCE,OK,0.405,9.281,,0,nearest_robot=robot4
136.000,original,-,robot6,MIN_DISTANCE,OK,8.693,9.281,,0,nearest_robot=robot5
136.000,original,-,fleet,MIN_DISTANCE_AVG,OK,9.281,,,0,robots_sampled=6
137.000,original,-,robot1,MIN_DISTANCE,OK,17.387,9.280,,0,nearest_robot=robot2
137.000,original,-,robot2,MIN_DISTANCE,OK,15.766,9.280,,0,nearest_robot=robot3
137.000,original,-,robot3,MIN_DISTANCE,OK,13.021,9.280,,0,nearest_robot=robot6
137.000,original,-,robot4,MIN_DISTANCE,OK,0.405,9.280,,0,nearest_robot=robot5
137.000,original,-,robot5,MIN_DISTANCE,OK,0.405,9.280,,0,nearest_robot=robot4
137.000,original,-,robot6,MIN_DISTANCE,OK,8.693,9.280,,0,nearest_robot=robot5
137.000,original,-,fleet,MIN_DISTANCE_AVG,OK,9.280,,,0,robots_sampled=6
138.000,original,-,robot1,MIN_DISTANCE,OK,17.387,9.300,,0,nearest_robot=robot2
138.000,original,-,robot2,MIN_DISTANCE,OK,16.063,9.300,,0,nearest_robot=robot3
138.000,original,-,robot3,MIN_DISTANCE,OK,12.847,9.300,,0,nearest_robot=robot6
138.000,original,-,robot4,MIN_DISTANCE,OK,0.405,9.300,,0,nearest_robot=robot5
138.000,original,-,robot5,MIN_DISTANCE,OK,0.405,9.300,,0,nearest_robot=robot4
138.000,original,-,robot6,MIN_DISTANCE,OK,8.693,9.300,,0,nearest_robot=robot5
138.000,original,-,fleet,MIN_DISTANCE_AVG,OK,9.300,,,0,robots_sampled=6
139.000,original,-,robot1,MIN_DISTANCE,OK,17.387,9.306,,0,nearest_robot=robot2
139.000,original,-,robot2,MIN_DISTANCE,OK,16.216,9.306,,0,nearest_robot=robot6
139.000,original,-,robot3,MIN_DISTANCE,OK,12.730,9.306,,0,nearest_robot=robot6
139.000,original,-,robot4,MIN_DISTANCE,OK,0.405,9.306,,0,nearest_robot=robot5
139.000,original,-,robot5,MIN_DISTANCE,OK,0.405,9.306,,0,nearest_robot=robot4
139.000,original,-,robot6,MIN_DISTANCE,OK,8.693,9.306,,0,nearest_robot=robot5
139.000,original,-,fleet,MIN_DISTANCE_AVG,OK,9.306,,,0,robots_sampled=6
140.000,original,-,robot1,MIN_DISTANCE,OK,17.387,9.289,,0,nearest_robot=robot2
140.000,original,-,robot2,MIN_DISTANCE,OK,16.216,9.289,,0,nearest_robot=robot6
140.000,original,-,robot3,MIN_DISTANCE,OK,12.628,9.289,,0,nearest_robot=robot6
140.000,original,-,robot4,MIN_DISTANCE,OK,0.405,9.289,,0,nearest_robot=robot5
140.000,original,-,robot5,MIN_DISTANCE,OK,0.405,9.289,,0,nearest_robot=robot4
140.000,original,-,robot6,MIN_DISTANCE,OK,8.693,9.289,,0,nearest_robot=robot5
140.000,original,-,fleet,MIN_DISTANCE_AVG,OK,9.289,,,0,robots_sampled=6
141.000,original,-,robot1,MIN_DISTANCE,OK,17.387,9.270,,0,nearest_robot=robot2
141.000,original,-,robot2,MIN_DISTANCE,OK,16.216,9.270,,0,nearest_robot=robot6
141.000,original,-,robot3,MIN_DISTANCE,OK,12.510,9.270,,0,nearest_robot=robot6
141.000,original,-,robot4,MIN_DISTANCE,OK,0.406,9.270,,0,nearest_robot=robot5
141.000,original,-,robot5,MIN_DISTANCE,OK,0.406,9.270,,0,nearest_robot=robot4
141.000,original,-,robot6,MIN_DISTANCE,OK,8.693,9.270,,0,nearest_robot=robot5
141.000,original,-,fleet,MIN_DISTANCE_AVG,OK,9.270,,,0,robots_sampled=6
142.000,original,-,robot1,MIN_DISTANCE,OK,17.387,9.234,,0,nearest_robot=robot2
142.000,original,-,robot2,MIN_DISTANCE,OK,16.216,9.234,,0,nearest_robot=robot6
142.000,original,-,robot3,MIN_DISTANCE,OK,12.299,9.234,,0,nearest_robot=robot6
142.000,original,-,robot4,MIN_DISTANCE,OK,0.406,9.234,,0,nearest_robot=robot5
142.000,original,-,robot5,MIN_DISTANCE,OK,0.406,9.234,,0,nearest_robot=robot4
142.000,original,-,robot6,MIN_DISTANCE,OK,8.693,9.234,,0,nearest_robot=robot5
142.000,original,-,fleet,MIN_DISTANCE_AVG,OK,9.234,,,0,robots_sampled=6
143.000,original,-,robot1,MIN_DISTANCE,OK,17.387,9.170,,0,nearest_robot=robot2
143.000,original,-,robot2,MIN_DISTANCE,OK,16.216,9.170,,0,nearest_robot=robot6
143.000,original,-,robot3,MIN_DISTANCE,OK,11.915,9.170,,0,nearest_robot=robot6
143.000,original,-,robot4,MIN_DISTANCE,OK,0.406,9.170,,0,nearest_robot=robot5
143.000,original,-,robot5,MIN_DISTANCE,OK,0.406,9.170,,0,nearest_robot=robot4
143.000,original,-,robot6,MIN_DISTANCE,OK,8.693,9.170,,0,nearest_robot=robot5
143.000,original,-,fleet,MIN_DISTANCE_AVG,OK,9.170,,,0,robots_sampled=6
144.000,original,-,robot1,MIN_DISTANCE,OK,17.387,9.089,,0,nearest_robot=robot2
144.000,original,-,robot2,MIN_DISTANCE,OK,16.216,9.089,,0,nearest_robot=robot6
144.000,original,-,robot3,MIN_DISTANCE,OK,11.427,9.089,,0,nearest_robot=robot6
144.000,original,-,robot4,MIN_DISTANCE,OK,0.406,9.089,,0,nearest_robot=robot5
144.000,original,-,robot5,MIN_DISTANCE,OK,0.406,9.089,,0,nearest_robot=robot4
144.000,original,-,robot6,MIN_DISTANCE,OK,8.693,9.089,,0,nearest_robot=robot5
144.000,original,-,fleet,MIN_DISTANCE_AVG,OK,9.089,,,0,robots_sampled=6
145.000,original,-,robot1,MIN_DISTANCE,OK,17.387,9.016,,0,nearest_robot=robot2
145.000,original,-,robot2,MIN_DISTANCE,OK,16.216,9.016,,0,nearest_robot=robot6
145.000,original,-,robot3,MIN_DISTANCE,OK,10.986,9.016,,0,nearest_robot=robot6
145.000,original,-,robot4,MIN_DISTANCE,OK,0.406,9.016,,0,nearest_robot=robot5
145.000,original,-,robot5,MIN_DISTANCE,OK,0.406,9.016,,0,nearest_robot=robot4
145.000,original,-,robot6,MIN_DISTANCE,OK,8.693,9.016,,0,nearest_robot=robot5
145.000,original,-,fleet,MIN_DISTANCE_AVG,OK,9.016,,,0,robots_sampled=6
146.000,original,-,robot1,MIN_DISTANCE,OK,17.387,8.943,,0,nearest_robot=robot2
146.000,original,-,robot2,MIN_DISTANCE,OK,16.217,8.943,,0,nearest_robot=robot6
146.000,original,-,robot3,MIN_DISTANCE,OK,10.552,8.943,,0,nearest_robot=robot6
146.000,original,-,robot4,MIN_DISTANCE,OK,0.406,8.943,,0,nearest_robot=robot5
146.000,original,-,robot5,MIN_DISTANCE,OK,0.406,8.943,,0,nearest_robot=robot4
146.000,original,-,robot6,MIN_DISTANCE,OK,8.693,8.943,,0,nearest_robot=robot5
146.000,original,-,fleet,MIN_DISTANCE_AVG,OK,8.943,,,0,robots_sampled=6
147.000,original,-,robot1,MIN_DISTANCE,OK,17.387,8.882,,0,nearest_robot=robot2
147.000,original,-,robot2,MIN_DISTANCE,OK,16.217,8.882,,0,nearest_robot=robot6
147.000,original,-,robot3,MIN_DISTANCE,OK,10.182,8.882,,0,nearest_robot=robot6
147.000,original,-,robot4,MIN_DISTANCE,OK,0.406,8.882,,0,nearest_robot=robot5
147.000,original,-,robot5,MIN_DISTANCE,OK,0.406,8.882,,0,nearest_robot=robot4
147.000,original,-,robot6,MIN_DISTANCE,OK,8.693,8.882,,0,nearest_robot=robot5
147.000,original,-,fleet,MIN_DISTANCE_AVG,OK,8.882,,,0,robots_sampled=6
148.000,original,-,robot1,MIN_DISTANCE,OK,17.387,8.838,,0,nearest_robot=robot2
148.000,original,-,robot2,MIN_DISTANCE,OK,16.217,8.838,,0,nearest_robot=robot6
148.000,original,-,robot3,MIN_DISTANCE,OK,9.921,8.838,,0,nearest_robot=robot6
148.000,original,-,robot4,MIN_DISTANCE,OK,0.406,8.838,,0,nearest_robot=robot5
148.000,original,-,robot5,MIN_DISTANCE,OK,0.406,8.838,,0,nearest_robot=robot4
148.000,original,-,robot6,MIN_DISTANCE,OK,8.693,8.838,,0,nearest_robot=robot5
148.000,original,-,fleet,MIN_DISTANCE_AVG,OK,8.838,,,0,robots_sampled=6
149.000,original,-,robot1,MIN_DISTANCE,OK,17.387,8.813,,0,nearest_robot=robot2
149.000,original,-,robot2,MIN_DISTANCE,OK,16.217,8.813,,0,nearest_robot=robot6
149.000,original,-,robot3,MIN_DISTANCE,OK,9.767,8.813,,0,nearest_robot=robot6
149.000,original,-,robot4,MIN_DISTANCE,OK,0.406,8.813,,0,nearest_robot=robot5
149.000,original,-,robot5,MIN_DISTANCE,OK,0.406,8.813,,0,nearest_robot=robot4
149.000,original,-,robot6,MIN_DISTANCE,OK,8.693,8.813,,0,nearest_robot=robot5
149.000,original,-,fleet,MIN_DISTANCE_AVG,OK,8.813,,,0,robots_sampled=6
150.000,original,-,robot1,MIN_DISTANCE,OK,17.387,8.809,,0,nearest_robot=robot2
150.000,original,-,robot2,MIN_DISTANCE,OK,16.217,8.809,,0,nearest_robot=robot6
150.000,original,-,robot3,MIN_DISTANCE,OK,9.747,8.809,,0,nearest_robot=robot6
150.000,original,-,robot4,MIN_DISTANCE,OK,0.406,8.809,,0,nearest_robot=robot5
150.000,original,-,robot5,MIN_DISTANCE,OK,0.406,8.809,,0,nearest_robot=robot4
150.000,original,-,robot6,MIN_DISTANCE,OK,8.693,8.809,,0,nearest_robot=robot5
150.000,original,-,fleet,MIN_DISTANCE_AVG,OK,8.809,,,0,robots_sampled=6
151.000,original,-,robot1,MIN_DISTANCE,OK,17.387,8.801,,0,nearest_robot=robot2
151.000,original,-,robot2,MIN_DISTANCE,OK,16.217,8.801,,0,nearest_robot=robot6
151.000,original,-,robot3,MIN_DISTANCE,OK,9.698,8.801,,0,nearest_robot=robot6
151.000,original,-,robot4,MIN_DISTANCE,OK,0.406,8.801,,0,nearest_robot=robot5
151.000,original,-,robot5,MIN_DISTANCE,OK,0.406,8.801,,0,nearest_robot=robot4
151.000,original,-,robot6,MIN_DISTANCE,OK,8.692,8.801,,0,nearest_robot=robot5
151.000,original,-,fleet,MIN_DISTANCE_AVG,OK,8.801,,,0,robots_sampled=6
151.470,original,-,fleet,CHOMP_TIME_FULL,OK,,25.143,,0,iterations=100;iterations_executed=100;source=algorithm;round_trip=25.170018
152.000,original,-,fleet,REPLAN_FULL,OK,,,robot1|robot2|robot3|robot4|robot5|robot6,0,original_full_optimization
152.000,original,-,robot1,MIN_DISTANCE,OK,17.382,8.825,,0,nearest_robot=robot2
152.000,original,-,robot2,MIN_DISTANCE,OK,16.199,8.825,,0,nearest_robot=robot6
152.000,original,-,robot3,MIN_DISTANCE,OK,9.664,8.825,,0,nearest_robot=robot6
152.000,original,-,robot4,MIN_DISTANCE,OK,0.513,8.825,,0,nearest_robot=robot5
152.000,original,-,robot5,MIN_DISTANCE,OK,0.513,8.825,,0,nearest_robot=robot4
152.000,original,-,robot6,MIN_DISTANCE,OK,8.681,8.825,,0,nearest_robot=robot5
152.000,original,-,fleet,MIN_DISTANCE_AVG,OK,8.825,,,0,robots_sampled=6
153.000,original,-,robot1,MIN_DISTANCE,OK,17.364,8.936,,0,nearest_robot=robot2
153.000,original,-,robot2,MIN_DISTANCE,OK,16.095,8.936,,0,nearest_robot=robot6
153.000,original,-,robot3,MIN_DISTANCE,OK,9.668,8.936,,0,nearest_robot=robot6
153.000,original,-,robot4,MIN_DISTANCE,OK,0.916,8.936,,0,nearest_robot=robot5
153.000,original,-,robot5,MIN_DISTANCE,OK,0.916,8.936,,0,nearest_robot=robot4
153.000,original,-,robot6,MIN_DISTANCE,OK,8.656,8.936,,0,nearest_robot=robot5
153.000,original,-,fleet,MIN_DISTANCE_AVG,OK,8.936,,,0,robots_sampled=6
154.000,original,-,robot1,MIN_DISTANCE,OK,17.465,8.948,,0,nearest_robot=robot2
154.000,original,-,robot2,MIN_DISTANCE,OK,15.933,8.948,,0,nearest_robot=robot6
154.000,original,-,robot3,MIN_DISTANCE,OK,9.668,8.948,,0,nearest_robot=robot6
154.000,original,-,robot4,MIN_DISTANCE,OK,0.979,8.948,,0,nearest_robot=robot5
154.000,original,-,robot5,MIN_DISTANCE,OK,0.979,8.948,,0,nearest_robot=robot4
154.000,original,-,robot6,MIN_DISTANCE,OK,8.662,8.948,,0,nearest_robot=robot5
154.000,original,-,fleet,MIN_DISTANCE_AVG,OK,8.948,,,0,robots_sampled=6
155.000,original,-,robot1,MIN_DISTANCE,OK,17.467,8.956,,0,nearest_robot=robot2
155.000,original,-,robot2,MIN_DISTANCE,OK,15.988,8.956,,0,nearest_robot=robot6
155.000,original,-,robot3,MIN_DISTANCE,OK,9.668,8.956,,0,nearest_robot=robot6
155.000,original,-,robot4,MIN_DISTANCE,OK,1.011,8.956,,0,nearest_robot=robot5
155.000,original,-,robot5,MIN_DISTANCE,OK,1.011,8.956,,0,nearest_robot=robot4
155.000,original,-,robot6,MIN_DISTANCE,OK,8.592,8.956,,0,nearest_robot=robot4
155.000,original,-,fleet,MIN_DISTANCE_AVG,OK,8.956,,,0,robots_sampled=6
156.000,original,-,robot1,MIN_DISTANCE,OK,17.392,8.909,,0,nearest_robot=robot2
156.000,original,-,robot2,MIN_DISTANCE,OK,16.335,8.909,,0,nearest_robot=robot6
156.000,original,-,robot3,MIN_DISTANCE,OK,9.668,8.909,,0,nearest_robot=robot6
156.000,original,-,robot4,MIN_DISTANCE,OK,0.950,8.909,,0,nearest_robot=robot5
156.000,original,-,robot5,MIN_DISTANCE,OK,0.950,8.909,,0,nearest_robot=robot4
156.000,original,-,robot6,MIN_DISTANCE,OK,8.161,8.909,,0,nearest_robot=robot4
156.000,original,-,fleet,MIN_DISTANCE_AVG,OK,8.909,,,0,robots_sampled=6
157.000,original,-,robot1,MIN_DISTANCE,OK,17.308,8.892,,0,nearest_robot=robot2
157.000,original,-,robot2,MIN_DISTANCE,OK,16.622,8.892,,0,nearest_robot=robot6
157.000,original,-,robot3,MIN_DISTANCE,OK,9.668,8.892,,0,nearest_robot=robot6
157.000,original,-,robot4,MIN_DISTANCE,OK,0.998,8.892,,0,nearest_robot=robot5
157.000,original,-,robot5,MIN_DISTANCE,OK,0.998,8.892,,0,nearest_robot=robot4
157.000,original,-,robot6,MIN_DISTANCE,OK,7.757,8.892,,0,nearest_robot=robot4
157.000,original,-,fleet,MIN_DISTANCE_AVG,OK,8.892,,,0,robots_sampled=6
158.000,original,-,robot1,MIN_DISTANCE,OK,17.113,8.953,,0,nearest_robot=robot2
158.000,original,-,robot2,MIN_DISTANCE,OK,16.925,8.953,,0,nearest_robot=robot6
158.000,original,-,robot3,MIN_DISTANCE,OK,9.668,8.953,,0,nearest_robot=robot6
158.000,original,-,robot4,MIN_DISTANCE,OK,1.324,8.953,,0,nearest_robot=robot5
158.000,original,-,robot5,MIN_DISTANCE,OK,1.324,8.953,,0,nearest_robot=robot4
158.000,original,-,robot6,MIN_DISTANCE,OK,7.364,8.953,,0,nearest_robot=robot4
158.000,original,-,fleet,MIN_DISTANCE_AVG,OK,8.953,,,0,robots_sampled=6
159.000,original,-,robot1,MIN_DISTANCE,OK,16.790,8.975,,0,nearest_robot=robot2
159.000,original,-,robot2,MIN_DISTANCE,OK,16.790,8.975,,0,nearest_robot=robot1
159.000,original,-,robot3,MIN_DISTANCE,OK,9.668,8.975,,0,nearest_robot=robot6
159.000,original,-,robot4,MIN_DISTANCE,OK,1.827,8.975,,0,nearest_robot=robot5
159.000,original,-,robot5,MIN_DISTANCE,OK,1.827,8.975,,0,nearest_robot=robot4
159.000,original,-,robot6,MIN_DISTANCE,OK,6.948,8.975,,0,nearest_robot=robot4
159.000,original,-,fleet,MIN_DISTANCE_AVG,OK,8.975,,,0,robots_sampled=6
160.000,original,-,robot1,MIN_DISTANCE,OK,16.397,8.972,,0,nearest_robot=robot2
160.000,original,-,robot2,MIN_DISTANCE,OK,16.397,8.972,,0,nearest_robot=robot1
160.000,original,-,robot3,MIN_DISTANCE,OK,9.668,8.972,,0,nearest_robot=robot6
160.000,original,-,robot4,MIN_DISTANCE,OK,2.402,8.972,,0,nearest_robot=robot5
160.000,original,-,robot5,MIN_DISTANCE,OK,2.402,8.972,,0,nearest_robot=robot4
160.000,original,-,robot6,MIN_DISTANCE,OK,6.570,8.972,,0,nearest_robot=robot4
160.000,original,-,fleet,MIN_DISTANCE_AVG,OK,8.972,,,0,robots_sampled=6
161.000,original,-,robot1,MIN_DISTANCE,OK,15.958,8.970,,0,nearest_robot=robot2
161.000,original,-,robot2,MIN_DISTANCE,OK,15.958,8.970,,0,nearest_robot=robot1
161.000,original,-,robot3,MIN_DISTANCE,OK,9.668,8.970,,0,nearest_robot=robot6
161.000,original,-,robot4,MIN_DISTANCE,OK,3.023,8.970,,0,nearest_robot=robot5
161.000,original,-,robot5,MIN_DISTANCE,OK,3.023,8.970,,0,nearest_robot=robot4
161.000,original,-,robot6,MIN_DISTANCE,OK,6.186,8.970,,0,nearest_robot=robot4
161.000,original,-,fleet,MIN_DISTANCE_AVG,OK,8.970,,,0,robots_sampled=6
162.000,original,-,robot1,MIN_DISTANCE,OK,15.488,8.978,,0,nearest_robot=robot2
162.000,original,-,robot2,MIN_DISTANCE,OK,15.488,8.978,,0,nearest_robot=robot1
162.000,original,-,robot3,MIN_DISTANCE,OK,9.668,8.978,,0,nearest_robot=robot6
162.000,original,-,robot4,MIN_DISTANCE,OK,3.721,8.978,,0,nearest_robot=robot5
162.000,original,-,robot5,MIN_DISTANCE,OK,3.721,8.978,,0,nearest_robot=robot4
162.000,original,-,robot6,MIN_DISTANCE,OK,5.780,8.978,,0,nearest_robot=robot4
162.000,original,-,fleet,MIN_DISTANCE_AVG,OK,8.978,,,0,robots_sampled=6
163.000,original,-,robot1,MIN_DISTANCE,OK,14.955,8.898,,0,nearest_robot=robot2
163.000,original,-,robot2,MIN_DISTANCE,OK,14.955,8.898,,0,nearest_robot=robot1
163.000,original,-,robot3,MIN_DISTANCE,OK,9.668,8.898,,0,nearest_robot=robot6
163.000,original,-,robot4,MIN_DISTANCE,OK,4.198,8.898,,0,nearest_robot=robot5
163.000,original,-,robot5,MIN_DISTANCE,OK,4.198,8.898,,0,nearest_robot=robot4
163.000,original,-,robot6,MIN_DISTANCE,OK,5.415,8.898,,0,nearest_robot=robot4
163.000,original,-,fleet,MIN_DISTANCE_AVG,OK,8.898,,,0,robots_sampled=6
164.000,original,-,robot1,MIN_DISTANCE,OK,14.433,8.793,,0,nearest_robot=robot2
164.000,original,-,robot2,MIN_DISTANCE,OK,14.433,8.793,,0,nearest_robot=robot1
164.000,original,-,robot3,MIN_DISTANCE,OK,9.668,8.793,,0,nearest_robot=robot6
164.000,original,-,robot4,MIN_DISTANCE,OK,4.611,8.793,,0,nearest_robot=robot5
164.000,original,-,robot5,MIN_DISTANCE,OK,4.611,8.793,,0,nearest_robot=robot4
164.000,original,-,robot6,MIN_DISTANCE,OK,5.000,8.793,,0,nearest_robot=robot4
164.000,original,-,fleet,MIN_DISTANCE_AVG,OK,8.793,,,0,robots_sampled=6
165.000,original,-,robot1,MIN_DISTANCE,OK,13.898,8.590,,0,nearest_robot=robot2
165.000,original,-,robot2,MIN_DISTANCE,OK,13.898,8.590,,0,nearest_robot=robot1
165.000,original,-,robot3,MIN_DISTANCE,OK,9.668,8.590,,0,nearest_robot=robot6
165.000,original,-,robot4,MIN_DISTANCE,OK,4.587,8.590,,0,nearest_robot=robot6
165.000,original,-,robot5,MIN_DISTANCE,OK,4.904,8.590,,0,nearest_robot=robot4
165.000,original,-,robot6,MIN_DISTANCE,OK,4.587,8.590,,0,nearest_robot=robot4
165.000,original,-,fleet,MIN_DISTANCE_AVG,OK,8.590,,,0,robots_sampled=6
166.000,original,-,robot1,MIN_DISTANCE,OK,13.347,8.303,,0,nearest_robot=robot2
166.000,original,-,robot2,MIN_DISTANCE,OK,13.347,8.303,,0,nearest_robot=robot1
166.000,original,-,robot3,MIN_DISTANCE,OK,9.668,8.303,,0,nearest_robot=robot6
166.000,original,-,robot4,MIN_DISTANCE,OK,4.178,8.303,,0,nearest_robot=robot6
166.000,original,-,robot5,MIN_DISTANCE,OK,5.103,8.303,,0,nearest_robot=robot4
166.000,original,-,robot6,MIN_DISTANCE,OK,4.178,8.303,,0,nearest_robot=robot4
166.000,original,-,fleet,MIN_DISTANCE_AVG,OK,8.303,,,0,robots_sampled=6
167.000,original,-,robot1,MIN_DISTANCE,OK,12.703,7.970,,0,nearest_robot=robot2
167.000,original,-,robot2,MIN_DISTANCE,OK,12.703,7.970,,0,nearest_robot=robot1
167.000,original,-,robot3,MIN_DISTANCE,OK,9.668,7.970,,0,nearest_robot=robot6
167.000,original,-,robot4,MIN_DISTANCE,OK,3.790,7.970,,0,nearest_robot=robot6
167.000,original,-,robot5,MIN_DISTANCE,OK,5.165,7.970,,0,nearest_robot=robot4
167.000,original,-,robot6,MIN_DISTANCE,OK,3.790,7.970,,0,nearest_robot=robot4
167.000,original,-,fleet,MIN_DISTANCE_AVG,OK,7.970,,,0,robots_sampled=6
168.000,original,-,robot1,MIN_DISTANCE,OK,11.877,7.574,,0,nearest_robot=robot2
168.000,original,-,robot2,MIN_DISTANCE,OK,11.877,7.574,,0,nearest_robot=robot1
168.000,original,-,robot3,MIN_DISTANCE,OK,9.668,7.574,,0,nearest_robot=robot6
168.000,original,-,robot4,MIN_DISTANCE,OK,3.398,7.574,,0,nearest_robot=robot6
168.000,original,-,robot5,MIN_DISTANCE,OK,5.226,7.574,,0,nearest_robot=robot4
168.000,original,-,robot6,MIN_DISTANCE,OK,3.398,7.574,,0,nearest_robot=robot4
168.000,original,-,fleet,MIN_DISTANCE_AVG,OK,7.574,,,0,robots_sampled=6
169.000,original,-,robot1,MIN_DISTANCE,OK,11.027,7.164,,0,nearest_robot=robot2
169.000,original,-,robot2,MIN_DISTANCE,OK,11.027,7.164,,0,nearest_robot=robot1
169.000,original,-,robot3,MIN_DISTANCE,OK,9.668,7.164,,0,nearest_robot=robot6
169.000,original,-,robot4,MIN_DISTANCE,OK,2.992,7.164,,0,nearest_robot=robot6
169.000,original,-,robot5,MIN_DISTANCE,OK,5.280,7.164,,0,nearest_robot=robot4
169.000,original,-,robot6,MIN_DISTANCE,OK,2.992,7.164,,0,nearest_robot=robot4
169.000,original,-,fleet,MIN_DISTANCE_AVG,OK,7.164,,,0,robots_sampled=6
170.000,original,-,robot1,MIN_DISTANCE,OK,10.229,6.791,,0,nearest_robot=robot2
170.000,original,-,robot2,MIN_DISTANCE,OK,10.229,6.791,,0,nearest_robot=robot1
170.000,original,-,robot3,MIN_DISTANCE,OK,9.668,6.791,,0,nearest_robot=robot6
170.000,original,-,robot4,MIN_DISTANCE,OK,2.628,6.791,,0,nearest_robot=robot6
170.000,original,-,robot5,MIN_DISTANCE,OK,5.365,6.791,,0,nearest_robot=robot4
170.000,original,-,robot6,MIN_DISTANCE,OK,2.628,6.791,,0,nearest_robot=robot4
170.000,original,-,fleet,MIN_DISTANCE_AVG,OK,6.791,,,0,robots_sampled=6
171.000,original,-,robot1,MIN_DISTANCE,OK,9.412,6.431,,0,nearest_robot=robot2
171.000,original,-,robot2,MIN_DISTANCE,OK,9.412,6.431,,0,nearest_robot=robot1
171.000,original,-,robot3,MIN_DISTANCE,OK,9.570,6.431,,0,nearest_robot=robot5
171.000,original,-,robot4,MIN_DISTANCE,OK,2.371,6.431,,0,nearest_robot=robot6
171.000,original,-,robot5,MIN_DISTANCE,OK,5.451,6.431,,0,nearest_robot=robot4
171.000,original,-,robot6,MIN_DISTANCE,OK,2.371,6.431,,0,nearest_robot=robot4
171.000,original,-,fleet,MIN_DISTANCE_AVG,OK,6.431,,,0,robots_sampled=6
172.000,original,-,robot1,MIN_DISTANCE,OK,8.601,6.008,,0,nearest_robot=robot2
172.000,original,-,robot2,MIN_DISTANCE,OK,8.601,6.008,,0,nearest_robot=robot1
172.000,original,-,robot3,MIN_DISTANCE,OK,9.188,6.008,,0,nearest_robot=robot5
172.000,original,-,robot4,MIN_DISTANCE,OK,2.023,6.008,,0,nearest_robot=robot6
172.000,original,-,robot5,MIN_DISTANCE,OK,5.611,6.008,,0,nearest_robot=robot4
172.000,original,-,robot6,MIN_DISTANCE,OK,2.023,6.008,,0,nearest_robot=robot4
172.000,original,-,fleet,MIN_DISTANCE_AVG,OK,6.008,,,0,robots_sampled=6
173.000,original,-,robot1,MIN_DISTANCE,OK,7.781,5.606,,0,nearest_robot=robot2
173.000,original,-,robot2,MIN_DISTANCE,OK,7.781,5.606,,0,nearest_robot=robot1
173.000,original,-,robot3,MIN_DISTANCE,OK,8.850,5.606,,0,nearest_robot=robot5
173.000,original,-,robot4,MIN_DISTANCE,OK,1.749,5.606,,0,nearest_robot=robot6
173.000,original,-,robot5,MIN_DISTANCE,OK,5.728,5.606,,0,nearest_robot=robot4
173.000,original,-,robot6,MIN_DISTANCE,OK,1.749,5.606,,0,nearest_robot=robot4
173.000,original,-,fleet,MIN_DISTANCE_AVG,OK,5.606,,,0,robots_sampled=6
174.000,original,-,robot1,MIN_DISTANCE,OK,6.986,5.217,,0,nearest_robot=robot2
174.000,original,-,robot2,MIN_DISTANCE,OK,6.986,5.217,,0,nearest_robot=robot1
174.000,original,-,robot3,MIN_DISTANCE,OK,8.509,5.217,,0,nearest_robot=robot5
174.000,original,-,robot4,MIN_DISTANCE,OK,1.593,5.217,,0,nearest_robot=robot6
174.000,original,-,robot5,MIN_DISTANCE,OK,5.633,5.217,,0,nearest_robot=robot6
174.000,original,-,robot6,MIN_DISTANCE,OK,1.593,5.217,,0,nearest_robot=robot4
174.000,original,-,fleet,MIN_DISTANCE_AVG,OK,5.217,,,0,robots_sampled=6
175.000,original,-,robot1,MIN_DISTANCE,OK,6.209,4.824,,0,nearest_robot=robot2
175.000,original,-,robot2,MIN_DISTANCE,OK,6.209,4.824,,0,nearest_robot=robot1
175.000,original,-,robot3,MIN_DISTANCE,OK,8.163,4.824,,0,nearest_robot=robot5
175.000,original,-,robot4,MIN_DISTANCE,OK,1.512,4.824,,0,nearest_robot=robot6
175.000,original,-,robot5,MIN_DISTANCE,OK,5.336,4.824,,0,nearest_robot=robot6
175.000,original,-,robot6,MIN_DISTANCE,OK,1.512,4.824,,0,nearest_robot=robot4
175.000,original,-,fleet,MIN_DISTANCE_AVG,OK,4.824,,,0,robots_sampled=6
176.000,original,-,robot1,MIN_DISTANCE,OK,5.420,4.449,,0,nearest_robot=robot2
176.000,original,-,robot2,MIN_DISTANCE,OK,5.420,4.449,,0,nearest_robot=robot1
176.000,original,-,robot3,MIN_DISTANCE,OK,7.840,4.449,,0,nearest_robot=robot5
176.000,original,-,robot4,MIN_DISTANCE,OK,1.484,4.449,,0,nearest_robot=robot6
176.000,original,-,robot5,MIN_DISTANCE,OK,5.047,4.449,,0,nearest_robot=robot6
176.000,original,-,robot6,MIN_DISTANCE,OK,1.484,4.449,,0,nearest_robot=robot4
176.000,original,-,fleet,MIN_DISTANCE_AVG,OK,4.449,,,0,robots_sampled=6
176.680,original,-,fleet,CHOMP_TIME_FULL,OK,,25.616,,0,iterations=100;iterations_executed=100;source=algorithm;round_trip=25.639216
177.000,original,-,robot1,MIN_DISTANCE,OK,4.683,4.103,,0,nearest_robot=robot2
177.000,original,-,robot2,MIN_DISTANCE,OK,4.683,4.103,,0,nearest_robot=robot1
177.000,original,-,robot3,MIN_DISTANCE,OK,7.509,4.103,,0,nearest_robot=robot5
177.000,original,-,robot4,MIN_DISTANCE,OK,1.467,4.103,,0,nearest_robot=robot6
177.000,original,-,robot5,MIN_DISTANCE,OK,4.807,4.103,,0,nearest_robot=robot6
177.000,original,-,robot6,MIN_DISTANCE,OK,1.467,4.103,,0,nearest_robot=robot4
177.000,original,-,fleet,MIN_DISTANCE_AVG,OK,4.103,,,0,robots_sampled=6
177.500,original,-,fleet,REPLAN_FULL,OK,,,robot1|robot2|robot3|robot4|robot5|robot6,0,original_full_optimization
178.000,original,-,robot1,MIN_DISTANCE,OK,4.185,3.839,,0,nearest_robot=robot2
178.000,original,-,robot2,MIN_DISTANCE,OK,4.185,3.839,,0,nearest_robot=robot1
178.000,original,-,robot3,MIN_DISTANCE,OK,7.240,3.839,,0,nearest_robot=robot5
178.000,original,-,robot4,MIN_DISTANCE,OK,1.275,3.839,,0,nearest_robot=robot6
178.000,original,-,robot5,MIN_DISTANCE,OK,4.872,3.839,,0,nearest_robot=robot6
178.000,original,-,robot6,MIN_DISTANCE,OK,1.275,3.839,,0,nearest_robot=robot4
178.000,original,-,fleet,MIN_DISTANCE_AVG,OK,3.839,,,0,robots_sampled=6
179.000,original,-,robot1,MIN_DISTANCE,OK,3.759,3.685,,0,nearest_robot=robot2
179.000,original,-,robot2,MIN_DISTANCE,OK,3.759,3.685,,0,nearest_robot=robot1
179.000,original,-,robot3,MIN_DISTANCE,OK,7.189,3.685,,0,nearest_robot=robot5
179.000,original,-,robot4,MIN_DISTANCE,OK,1.248,3.685,,0,nearest_robot=robot6
179.000,original,-,robot5,MIN_DISTANCE,OK,4.908,3.685,,0,nearest_robot=robot6
179.000,original,-,robot6,MIN_DISTANCE,OK,1.248,3.685,,0,nearest_robot=robot4
179.000,original,-,fleet,MIN_DISTANCE_AVG,OK,3.685,,,0,robots_sampled=6
180.000,original,-,robot1,MIN_DISTANCE,OK,3.369,3.707,,0,nearest_robot=robot2
180.000,original,-,robot2,MIN_DISTANCE,OK,3.369,3.707,,0,nearest_robot=robot1
180.000,original,-,robot3,MIN_DISTANCE,OK,7.412,3.707,,0,nearest_robot=robot5
180.000,original,-,robot4,MIN_DISTANCE,OK,1.520,3.707,,0,nearest_robot=robot6
180.000,original,-,robot5,MIN_DISTANCE,OK,5.054,3.707,,0,nearest_robot=robot6
180.000,original,-,robot6,MIN_DISTANCE,OK,1.520,3.707,,0,nearest_robot=robot4
180.000,original,-,fleet,MIN_DISTANCE_AVG,OK,3.707,,,0,robots_sampled=6
181.000,original,-,robot1,MIN_DISTANCE,OK,3.025,3.775,,0,nearest_robot=robot2
181.000,original,-,robot2,MIN_DISTANCE,OK,3.025,3.775,,0,nearest_robot=robot1
181.000,original,-,robot3,MIN_DISTANCE,OK,7.661,3.775,,0,nearest_robot=robot5
181.000,original,-,robot4,MIN_DISTANCE,OK,1.769,3.775,,0,nearest_robot=robot6
181.000,original,-,robot5,MIN_DISTANCE,OK,5.402,3.775,,0,nearest_robot=robot6
181.000,original,-,robot6,MIN_DISTANCE,OK,1.769,3.775,,0,nearest_robot=robot4
181.000,original,-,fleet,MIN_DISTANCE_AVG,OK,3.775,,,0,robots_sampled=6
182.000,original,-,robot1,MIN_DISTANCE,OK,2.720,3.845,,0,nearest_robot=robot2
182.000,original,-,robot2,MIN_DISTANCE,OK,2.720,3.845,,0,nearest_robot=robot1
182.000,original,-,robot3,MIN_DISTANCE,OK,7.883,3.845,,0,nearest_robot=robot5
182.000,original,-,robot4,MIN_DISTANCE,OK,2.038,3.845,,0,nearest_robot=robot6
182.000,original,-,robot5,MIN_DISTANCE,OK,5.675,3.845,,0,nearest_robot=robot4
182.000,original,-,robot6,MIN_DISTANCE,OK,2.038,3.845,,0,nearest_robot=robot4
182.000,original,-,fleet,MIN_DISTANCE_AVG,OK,3.845,,,0,robots_sampled=6
183.000,original,-,robot1,MIN_DISTANCE,OK,2.423,3.877,,0,nearest_robot=robot2
183.000,original,-,robot2,MIN_DISTANCE,OK,2.423,3.877,,0,nearest_robot=robot1
183.000,original,-,robot3,MIN_DISTANCE,OK,8.076,3.877,,0,nearest_robot=robot5
183.000,original,-,robot4,MIN_DISTANCE,OK,2.332,3.877,,0,nearest_robot=robot6
183.000,original,-,robot5,MIN_DISTANCE,OK,5.675,3.877,,0,nearest_robot=robot4
183.000,original,-,robot6,MIN_DISTANCE,OK,2.332,3.877,,0,nearest_robot=robot4
183.000,original,-,fleet,MIN_DISTANCE_AVG,OK,3.877,,,0,robots_sampled=6
184.000,original,-,robot1,MIN_DISTANCE,OK,2.158,3.929,,0,nearest_robot=robot2
184.000,original,-,robot2,MIN_DISTANCE,OK,2.158,3.929,,0,nearest_robot=robot1
184.000,original,-,robot3,MIN_DISTANCE,OK,8.274,3.929,,0,nearest_robot=robot5
184.000,original,-,robot4,MIN_DISTANCE,OK,2.654,3.929,,0,nearest_robot=robot6
184.000,original,-,robot5,MIN_DISTANCE,OK,5.675,3.929,,0,nearest_robot=robot4
184.000,original,-,robot6,MIN_DISTANCE,OK,2.654,3.929,,0,nearest_robot=robot4
184.000,original,-,fleet,MIN_DISTANCE_AVG,OK,3.929,,,0,robots_sampled=6
185.000,original,-,robot1,MIN_DISTANCE,OK,1.941,4.011,,0,nearest_robot=robot2
185.000,original,-,robot2,MIN_DISTANCE,OK,1.941,4.011,,0,nearest_robot=robot1
185.000,original,-,robot3,MIN_DISTANCE,OK,8.482,4.011,,0,nearest_robot=robot5
185.000,original,-,robot4,MIN_DISTANCE,OK,3.012,4.011,,0,nearest_robot=robot6
185.000,original,-,robot5,MIN_DISTANCE,OK,5.675,4.011,,0,nearest_robot=robot4
185.000,original,-,robot6,MIN_DISTANCE,OK,3.012,4.011,,0,nearest_robot=robot4
185.000,original,-,fleet,MIN_DISTANCE_AVG,OK,4.011,,,0,robots_sampled=6
186.000,original,-,robot1,MIN_DISTANCE,OK,1.809,4.128,,0,nearest_robot=robot2
186.000,original,-,robot2,MIN_DISTANCE,OK,1.809,4.128,,0,nearest_robot=robot1
186.000,original,-,robot3,MIN_DISTANCE,OK,8.707,4.128,,0,nearest_robot=robot5
186.000,original,-,robot4,MIN_DISTANCE,OK,3.384,4.128,,0,nearest_robot=robot6
186.000,original,-,robot5,MIN_DISTANCE,OK,5.675,4.128,,0,nearest_robot=robot4
186.000,original,-,robot6,MIN_DISTANCE,OK,3.384,4.128,,0,nearest_robot=robot4
186.000,original,-,fleet,MIN_DISTANCE_AVG,OK,4.128,,,0,robots_sampled=6
187.000,original,-,robot1,MIN_DISTANCE,OK,1.718,4.265,,0,nearest_robot=robot2
187.000,original,-,robot2,MIN_DISTANCE,OK,1.718,4.265,,0,nearest_robot=robot1
187.000,original,-,robot3,MIN_DISTANCE,OK,8.938,4.265,,0,nearest_robot=robot5
187.000,original,-,robot4,MIN_DISTANCE,OK,3.770,4.265,,0,nearest_robot=robot6
187.000,original,-,robot5,MIN_DISTANCE,OK,5.675,4.265,,0,nearest_robot=robot4
187.000,original,-,robot6,MIN_DISTANCE,OK,3.770,4.265,,0,nearest_robot=robot4
187.000,original,-,fleet,MIN_DISTANCE_AVG,OK,4.265,,,0,robots_sampled=6
188.000,original,-,robot1,MIN_DISTANCE,OK,1.703,4.430,,0,nearest_robot=robot2
188.000,original,-,robot2,MIN_DISTANCE,OK,1.703,4.430,,0,nearest_robot=robot1
188.000,original,-,robot3,MIN_DISTANCE,OK,9.220,4.430,,0,nearest_robot=robot5
188.000,original,-,robot4,MIN_DISTANCE,OK,4.138,4.430,,0,nearest_robot=robot6
188.000,original,-,robot5,MIN_DISTANCE,OK,5.675,4.430,,0,nearest_robot=robot4
188.000,original,-,robot6,MIN_DISTANCE,OK,4.138,4.430,,0,nearest_robot=robot4
188.000,original,-,fleet,MIN_DISTANCE_AVG,OK,4.430,,,0,robots_sampled=6
189.000,original,-,robot1,MIN_DISTANCE,OK,1.722,4.619,,0,nearest_robot=robot2
189.000,original,-,robot2,MIN_DISTANCE,OK,1.722,4.619,,0,nearest_robot=robot1
189.000,original,-,robot3,MIN_DISTANCE,OK,9.513,4.619,,0,nearest_robot=robot5
189.000,original,-,robot4,MIN_DISTANCE,OK,4.539,4.619,,0,nearest_robot=robot6
189.000,original,-,robot5,MIN_DISTANCE,OK,5.676,4.619,,0,nearest_robot=robot4
189.000,original,-,robot6,MIN_DISTANCE,OK,4.539,4.619,,0,nearest_robot=robot4
189.000,original,-,fleet,MIN_DISTANCE_AVG,OK,4.619,,,0,robots_sampled=6
190.000,original,-,robot1,MIN_DISTANCE,OK,1.787,4.813,,0,nearest_robot=robot2
190.000,original,-,robot2,MIN_DISTANCE,OK,1.787,4.813,,0,nearest_robot=robot1
190.000,original,-,robot3,MIN_DISTANCE,OK,9.811,4.813,,0,nearest_robot=robot5
190.000,original,-,robot4,MIN_DISTANCE,OK,4.909,4.813,,0,nearest_robot=robot6
190.000,original,-,robot5,MIN_DISTANCE,OK,5.676,4.813,,0,nearest_robot=robot4
190.000,original,-,robot6,MIN_DISTANCE,OK,4.909,4.813,,0,nearest_robot=robot4
190.000,original,-,fleet,MIN_DISTANCE_AVG,OK,4.813,,,0,robots_sampled=6
191.000,original,-,robot1,MIN_DISTANCE,OK,1.904,5.019,,0,nearest_robot=robot2
191.000,original,-,robot2,MIN_DISTANCE,OK,1.904,5.019,,0,nearest_robot=robot1
191.000,original,-,robot3,MIN_DISTANCE,OK,9.990,5.019,,0,nearest_robot=robot6
191.000,original,-,robot4,MIN_DISTANCE,OK,5.319,5.019,,0,nearest_robot=robot6
191.000,original,-,robot5,MIN_DISTANCE,OK,5.676,5.019,,0,nearest_robot=robot4
191.000,original,-,robot6,MIN_DISTANCE,OK,5.319,5.019,,0,nearest_robot=robot4
191.000,original,-,fleet,MIN_DISTANCE_AVG,OK,5.019,,,0,robots_sampled=6
192.000,original,-,robot1,MIN_DISTANCE,OK,2.104,5.193,,0,nearest_robot=robot2
192.000,original,-,robot2,MIN_DISTANCE,OK,2.104,5.193,,0,nearest_robot=robot1
192.000,original,-,robot3,MIN_DISTANCE,OK,9.958,5.193,,0,nearest_robot=robot6
192.000,original,-,robot4,MIN_DISTANCE,OK,5.656,5.193,,0,nearest_robot=robot6
192.000,original,-,robot5,MIN_DISTANCE,OK,5.676,5.193,,0,nearest_robot=robot4
192.000,original,-,robot6,MIN_DISTANCE,OK,5.656,5.193,,0,nearest_robot=robot4
192.000,original,-,fleet,MIN_DISTANCE_AVG,OK,5.193,,,0,robots_sampled=6
193.000,original,-,robot1,MIN_DISTANCE,OK,2.385,5.355,,0,nearest_robot=robot2
193.000,original,-,robot2,MIN_DISTANCE,OK,2.385,5.355,,0,nearest_robot=robot1
193.000,original,-,robot3,MIN_DISTANCE,OK,9.948,5.355,,0,nearest_robot=robot6
193.000,original,-,robot4,MIN_DISTANCE,OK,5.676,5.355,,0,nearest_robot=robot5
193.000,original,-,robot5,MIN_DISTANCE,OK,5.676,5.355,,0,nearest_robot=robot4
193.000,original,-,robot6,MIN_DISTANCE,OK,6.058,5.355,,0,nearest_robot=robot4
193.000,original,-,fleet,MIN_DISTANCE_AVG,OK,5.355,,,0,robots_sampled=6
194.000,original,-,robot1,MIN_DISTANCE,OK,2.727,5.528,,0,nearest_robot=robot2
194.000,original,-,robot2,MIN_DISTANCE,OK,2.727,5.528,,0,nearest_robot=robot1
194.000,original,-,robot3,MIN_DISTANCE,OK,9.920,5.528,,0,nearest_robot=robot6
194.000,original,-,robot4,MIN_DISTANCE,OK,5.676,5.528,,0,nearest_robot=robot5
194.000,original,-,robot5,MIN_DISTANCE,OK,5.676,5.528,,0,nearest_robot=robot4
194.000,original,-,robot6,MIN_DISTANCE,OK,6.442,5.528,,0,nearest_robot=robot4
194.000,original,-,fleet,MIN_DISTANCE_AVG,OK,5.528,,,0,robots_sampled=6
195.000,original,-,robot1,MIN_DISTANCE,OK,3.076,5.697,,0,nearest_robot=robot2
195.000,original,-,robot2,MIN_DISTANCE,OK,3.076,5.697,,0,nearest_robot=robot1
195.000,original,-,robot3,MIN_DISTANCE,OK,9.837,5.697,,0,nearest_robot=robot6
195.000,original,-,robot4,MIN_DISTANCE,OK,5.676,5.697,,0,nearest_robot=robot5
195.000,original,-,robot5,MIN_DISTANCE,OK,5.676,5.697,,0,nearest_robot=robot4
195.000,original,-,robot6,MIN_DISTANCE,OK,6.842,5.697,,0,nearest_robot=robot4
195.000,original,-,fleet,MIN_DISTANCE_AVG,OK,5.697,,,0,robots_sampled=6
196.000,original,-,robot1,MIN_DISTANCE,OK,3.450,5.876,,0,nearest_robot=robot2
196.000,original,-,robot2,MIN_DISTANCE,OK,3.450,5.876,,0,nearest_robot=robot1
196.000,original,-,robot3,MIN_DISTANCE,OK,9.720,5.876,,0,nearest_robot=robot6
196.000,original,-,robot4,MIN_DISTANCE,OK,5.677,5.876,,0,nearest_robot=robot5
196.000,original,-,robot5,MIN_DISTANCE,OK,5.677,5.876,,0,nearest_robot=robot4
196.000,original,-,robot6,MIN_DISTANCE,OK,7.284,5.876,,0,nearest_robot=robot4
196.000,original,-,fleet,MIN_DISTANCE_AVG,OK,5.876,,,0,robots_sampled=6
197.000,original,-,robot1,MIN_DISTANCE,OK,3.828,6.054,,0,nearest_robot=robot2
197.000,original,-,robot2,MIN_DISTANCE,OK,3.828,6.054,,0,nearest_robot=robot1
197.000,original,-,robot3,MIN_DISTANCE,OK,9.623,6.054,,0,nearest_robot=robot6
197.000,original,-,robot4,MIN_DISTANCE,OK,5.677,6.054,,0,nearest_robot=robot5
197.000,original,-,robot5,MIN_DISTANCE,OK,5.677,6.054,,0,nearest_robot=robot4
197.000,original,-,robot6,MIN_DISTANCE,OK,7.691,6.054,,0,nearest_robot=robot4
197.000,original,-,fleet,MIN_DISTANCE_AVG,OK,6.054,,,0,robots_sampled=6
198.000,original,-,robot1,MIN_DISTANCE,OK,4.203,6.238,,0,nearest_robot=robot2
198.000,original,-,robot2,MIN_DISTANCE,OK,4.203,6.238,,0,nearest_robot=robot1
198.000,original,-,robot3,MIN_DISTANCE,OK,9.563,6.238,,0,nearest_robot=robot6
198.000,original,-,robot4,MIN_DISTANCE,OK,5.677,6.238,,0,nearest_robot=robot5
198.000,original,-,robot5,MIN_DISTANCE,OK,5.677,6.238,,0,nearest_robot=robot4
198.000,original,-,robot6,MIN_DISTANCE,OK,8.103,6.238,,0,nearest_robot=robot4
198.000,original,-,fleet,MIN_DISTANCE_AVG,OK,6.238,,,0,robots_sampled=6
199.000,original,-,robot1,MIN_DISTANCE,OK,4.590,6.432,,0,nearest_robot=robot2
199.000,original,-,robot2,MIN_DISTANCE,OK,4.590,6.432,,0,nearest_robot=robot1
199.000,original,-,robot3,MIN_DISTANCE,OK,9.535,6.432,,0,nearest_robot=robot6
199.000,original,-,robot4,MIN_DISTANCE,OK,5.677,6.432,,0,nearest_robot=robot5
199.000,original,-,robot5,MIN_DISTANCE,OK,5.677,6.432,,0,nearest_robot=robot4
199.000,original,-,robot6,MIN_DISTANCE,OK,8.522,6.432,,0,nearest_robot=robot4
199.000,original,-,fleet,MIN_DISTANCE_AVG,OK,6.432,,,0,robots_sampled=6
200.000,original,-,robot1,MIN_DISTANCE,OK,4.953,6.621,,0,nearest_robot=robot2
200.000,original,-,robot2,MIN_DISTANCE,OK,4.953,6.621,,0,nearest_robot=robot1
200.000,original,-,robot3,MIN_DISTANCE,OK,9.514,6.621,,0,nearest_robot=robot6
200.000,original,-,robot4,MIN_DISTANCE,OK,5.677,6.621,,0,nearest_robot=robot5
200.000,original,-,robot5,MIN_DISTANCE,OK,5.677,6.621,,0,nearest_robot=robot4
200.000,original,-,robot6,MIN_DISTANCE,OK,8.949,6.621,,0,nearest_robot=robot4
200.000,original,-,fleet,MIN_DISTANCE_AVG,OK,6.621,,,0,robots_sampled=6
201.000,original,-,robot1,MIN_DISTANCE,OK,5.312,6.813,,0,nearest_robot=robot2
201.000,original,-,robot2,MIN_DISTANCE,OK,5.312,6.813,,0,nearest_robot=robot1
201.000,original,-,robot3,MIN_DISTANCE,OK,9.566,6.813,,0,nearest_robot=robot6
201.000,original,-,robot4,MIN_DISTANCE,OK,5.677,6.813,,0,nearest_robot=robot5
201.000,original,-,robot5,MIN_DISTANCE,OK,5.677,6.813,,0,nearest_robot=robot4
201.000,original,-,robot6,MIN_DISTANCE,OK,9.335,6.813,,0,nearest_robot=robot4
201.000,original,-,fleet,MIN_DISTANCE_AVG,OK,6.813,,,0,robots_sampled=6
201.740,original,-,fleet,CHOMP_TIME_FULL,OK,,25.097,,0,iterations=100;iterations_executed=100;source=algorithm;round_trip=25.118444
202.000,original,-,robot1,MIN_DISTANCE,OK,5.652,6.963,,0,nearest_robot=robot2
202.000,original,-,robot2,MIN_DISTANCE,OK,5.652,6.963,,0,nearest_robot=robot1
202.000,original,-,robot3,MIN_DISTANCE,OK,9.557,6.963,,0,nearest_robot=robot6
202.000,original,-,robot4,MIN_DISTANCE,OK,5.680,6.963,,0,nearest_robot=robot5
202.000,original,-,robot5,MIN_DISTANCE,OK,5.680,6.963,,0,nearest_robot=robot4
202.000,original,-,robot6,MIN_DISTANCE,OK,9.557,6.963,,0,nearest_robot=robot3
202.000,original,-,fleet,MIN_DISTANCE_AVG,OK,6.963,,,0,robots_sampled=6
202.500,original,-,fleet,REPLAN_FULL,OK,,,robot1|robot2|robot3|robot4|robot5|robot6,0,original_full_optimization
203.000,original,-,robot1,MIN_DISTANCE,OK,6.008,7.096,,0,nearest_robot=robot2
203.000,original,-,robot2,MIN_DISTANCE,OK,6.008,7.096,,0,nearest_robot=robot1
203.000,original,-,robot3,MIN_DISTANCE,OK,9.587,7.096,,0,nearest_robot=robot6
203.000,original,-,robot4,MIN_DISTANCE,OK,5.693,7.096,,0,nearest_robot=robot5
203.000,original,-,robot5,MIN_DISTANCE,OK,5.693,7.096,,0,nearest_robot=robot4
203.000,original,-,robot6,MIN_DISTANCE,OK,9.587,7.096,,0,nearest_robot=robot3
203.000,original,-,fleet,MIN_DISTANCE_AVG,OK,7.096,,,0,robots_sampled=6
204.000,original,-,robot1,MIN_DISTANCE,OK,6.411,7.215,,0,nearest_robot=robot2
204.000,original,-,robot2,MIN_DISTANCE,OK,6.411,7.215,,0,nearest_robot=robot1
204.000,original,-,robot3,MIN_DISTANCE,OK,9.633,7.215,,0,nearest_robot=robot6
204.000,original,-,robot4,MIN_DISTANCE,OK,5.778,7.215,,0,nearest_robot=robot5
204.000,original,-,robot5,MIN_DISTANCE,OK,5.778,7.215,,0,nearest_robot=robot4
204.000,original,-,robot6,MIN_DISTANCE,OK,9.278,7.215,,0,nearest_robot=robot1
204.000,original,-,fleet,MIN_DISTANCE_AVG,OK,7.215,,,0,robots_sampled=6
205.000,original,-,robot1,MIN_DISTANCE,OK,6.782,7.386,,0,nearest_robot=robot2
205.000,original,-,robot2,MIN_DISTANCE,OK,6.782,7.386,,0,nearest_robot=robot1
205.000,original,-,robot3,MIN_DISTANCE,OK,9.670,7.386,,0,nearest_robot=robot6
205.000,original,-,robot4,MIN_DISTANCE,OK,6.094,7.386,,0,nearest_robot=robot5
205.000,original,-,robot5,MIN_DISTANCE,OK,6.094,7.386,,0,nearest_robot=robot4
205.000,original,-,robot6,MIN_DISTANCE,OK,8.893,7.386,,0,nearest_robot=robot1
205.000,original,-,fleet,MIN_DISTANCE_AVG,OK,7.386,,,0,robots_sampled=6
206.000,original,-,robot1,MIN_DISTANCE,OK,7.171,7.592,,0,nearest_robot=robot2
206.000,original,-,robot2,MIN_DISTANCE,OK,7.171,7.592,,0,nearest_robot=robot1
206.000,original,-,robot3,MIN_DISTANCE,OK,9.691,7.592,,0,nearest_robot=robot6
206.000,original,-,robot4,MIN_DISTANCE,OK,6.511,7.592,,0,nearest_robot=robot5
206.000,original,-,robot5,MIN_DISTANCE,OK,6.511,7.592,,0,nearest_robot=robot4
206.000,original,-,robot6,MIN_DISTANCE,OK,8.497,7.592,,0,nearest_robot=robot1
206.000,original,-,fleet,MIN_DISTANCE_AVG,OK,7.592,,,0,robots_sampled=6
207.000,original,-,robot1,MIN_DISTANCE,OK,7.597,7.828,,0,nearest_robot=robot2
207.000,original,-,robot2,MIN_DISTANCE,OK,7.597,7.828,,0,nearest_robot=robot1
207.000,original,-,robot3,MIN_DISTANCE,OK,9.735,7.828,,0,nearest_robot=robot6
207.000,original,-,robot4,MIN_DISTANCE,OK,6.987,7.828,,0,nearest_robot=robot5
207.000,original,-,robot5,MIN_DISTANCE,OK,6.987,7.828,,0,nearest_robot=robot4
207.000,original,-,robot6,MIN_DISTANCE,OK,8.069,7.828,,0,nearest_robot=robot1
207.000,original,-,fleet,MIN_DISTANCE_AVG,OK,7.828,,,0,robots_sampled=6
208.000,original,-,robot1,MIN_DISTANCE,OK,7.650,8.000,,0,nearest_robot=robot6
208.000,original,-,robot2,MIN_DISTANCE,OK,8.021,8.000,,0,nearest_robot=robot1
208.000,original,-,robot3,MIN_DISTANCE,OK,9.803,8.000,,0,nearest_robot=robot6
208.000,original,-,robot4,MIN_DISTANCE,OK,7.437,8.000,,0,nearest_robot=robot5
208.000,original,-,robot5,MIN_DISTANCE,OK,7.437,8.000,,0,nearest_robot=robot4
208.000,original,-,robot6,MIN_DISTANCE,OK,7.650,8.000,,0,nearest_robot=robot1
208.000,original,-,fleet,MIN_DISTANCE_AVG,OK,8.000,,,0,robots_sampled=6
209.000,original,-,robot1,MIN_DISTANCE,OK,7.232,8.071,,0,nearest_robot=robot6
209.000,original,-,robot2,MIN_DISTANCE,OK,8.446,8.071,,0,nearest_robot=robot1
209.000,original,-,robot3,MIN_DISTANCE,OK,9.779,8.071,,0,nearest_robot=robot1
209.000,original,-,robot4,MIN_DISTANCE,OK,7.869,8.071,,0,nearest_robot=robot5
209.000,original,-,robot5,MIN_DISTANCE,OK,7.869,8.071,,0,nearest_robot=robot4
209.000,original,-,robot6,MIN_DISTANCE,OK,7.232,8.071,,0,nearest_robot=robot1
209.000,original,-,fleet,MIN_DISTANCE_AVG,OK,8.071,,,0,robots_sampled=6
210.000,original,-,robot1,MIN_DISTANCE,OK,6.796,8.027,,0,nearest_robot=robot6
210.000,original,-,robot2,MIN_DISTANCE,OK,8.883,8.027,,0,nearest_robot=robot1
210.000,original,-,robot3,MIN_DISTANCE,OK,9.409,8.027,,0,nearest_robot=robot1
210.000,original,-,robot4,MIN_DISTANCE,OK,7.996,8.027,,0,nearest_robot=robot6
210.000,original,-,robot5,MIN_DISTANCE,OK,8.279,8.027,,0,nearest_robot=robot4
210.000,original,-,robot6,MIN_DISTANCE,OK,6.796,8.027,,0,nearest_robot=robot1
210.000,original,-,fleet,MIN_DISTANCE_AVG,OK,8.027,,,0,robots_sampled=6
211.000,original,-,robot1,MIN_DISTANCE,OK,6.382,7.911,,0,nearest_robot=robot6
211.000,original,-,robot2,MIN_DISTANCE,OK,9.301,7.911,,0,nearest_robot=robot1
211.000,original,-,robot3,MIN_DISTANCE,OK,9.114,7.911,,0,nearest_robot=robot1
211.000,original,-,robot4,MIN_DISTANCE,OK,7.638,7.911,,0,nearest_robot=robot6
211.000,original,-,robot5,MIN_DISTANCE,OK,8.645,7.911,,0,nearest_robot=robot4
211.000,original,-,robot6,MIN_DISTANCE,OK,6.382,7.911,,0,nearest_robot=robot1
211.000,original,-,fleet,MIN_DISTANCE_AVG,OK,7.911,,,0,robots_sampled=6
212.000,original,-,robot1,MIN_DISTANCE,OK,5.992,7.806,,0,nearest_robot=robot6
212.000,original,-,robot2,MIN_DISTANCE,OK,9.705,7.806,,0,nearest_robot=robot1
212.000,original,-,robot3,MIN_DISTANCE,OK,8.871,7.806,,0,nearest_robot=robot1
212.000,original,-,robot4,MIN_DISTANCE,OK,7.284,7.806,,0,nearest_robot=robot6
212.000,original,-,robot5,MIN_DISTANCE,OK,8.993,7.806,,0,nearest_robot=robot4
212.000,original,-,robot6,MIN_DISTANCE,OK,5.992,7.806,,0,nearest_robot=robot1
212.000,original,-,fleet,MIN_DISTANCE_AVG,OK,7.806,,,0,robots_sampled=6
213.000,original,-,robot1,MIN_DISTANCE,OK,5.710,7.748,,0,nearest_robot=robot6
213.000,original,-,robot2,MIN_DISTANCE,OK,9.994,7.748,,0,nearest_robot=robot1
213.000,original,-,robot3,MIN_DISTANCE,OK,8.742,7.748,,0,nearest_robot=robot1
213.000,original,-,robot4,MIN_DISTANCE,OK,6.946,7.748,,0,nearest_robot=robot6
213.000,original,-,robot5,MIN_DISTANCE,OK,9.385,7.748,,0,nearest_robot=robot4
213.000,original,-,robot6,MIN_DISTANCE,OK,5.710,7.748,,0,nearest_robot=robot1
213.000,original,-,fleet,MIN_DISTANCE_AVG,OK,7.748,,,0,robots_sampled=6
214.000,original,-,robot1,MIN_DISTANCE,OK,5.663,7.754,,0,nearest_robot=robot6
214.000,original,-,robot2,MIN_DISTANCE,OK,10.045,7.754,,0,nearest_robot=robot1
214.000,original,-,robot3,MIN_DISTANCE,OK,8.727,7.754,,0,nearest_robot=robot1
214.000,original,-,robot4,MIN_DISTANCE,OK,6.647,7.754,,0,nearest_robot=robot6
214.000,original,-,robot5,MIN_DISTANCE,OK,9.778,7.754,,0,nearest_robot=robot4
214.000,original,-,robot6,MIN_DISTANCE,OK,5.663,7.754,,0,nearest_robot=robot1
214.000,original,-,fleet,MIN_DISTANCE_AVG,OK,7.754,,,0,robots_sampled=6
215.000,original,-,robot1,MIN_DISTANCE,OK,5.461,7.748,,0,nearest_robot=robot6
215.000,original,-,robot2,MIN_DISTANCE,OK,10.235,7.748,,0,nearest_robot=robot1
215.000,original,-,robot3,MIN_DISTANCE,OK,8.802,7.748,,0,nearest_robot=robot1
215.000,original,-,robot4,MIN_DISTANCE,OK,6.361,7.748,,0,nearest_robot=robot6
215.000,original,-,robot5,MIN_DISTANCE,OK,10.168,7.748,,0,nearest_robot=robot4
215.000,original,-,robot6,MIN_DISTANCE,OK,5.461,7.748,,0,nearest_robot=robot1
215.000,original,-,fleet,MIN_DISTANCE_AVG,OK,7.748,,,0,robots_sampled=6
216.000,original,-,robot1,MIN_DISTANCE,OK,5.107,7.741,,0,nearest_robot=robot6
216.000,original,-,robot2,MIN_DISTANCE,OK,10.531,7.741,,0,nearest_robot=robot1
216.000,original,-,robot3,MIN_DISTANCE,OK,9.087,7.741,,0,nearest_robot=robot1
216.000,original,-,robot4,MIN_DISTANCE,OK,6.065,7.741,,0,nearest_robot=robot6
216.000,original,-,robot5,MIN_DISTANCE,OK,10.546,7.741,,0,nearest_robot=robot4
216.000,original,-,robot6,MIN_DISTANCE,OK,5.107,7.741,,0,nearest_robot=robot1
216.000,original,-,fleet,MIN_DISTANCE_AVG,OK,7.741,,,0,robots_sampled=6
217.000,original,-,robot1,MIN_DISTANCE,OK,4.843,7.752,,0,nearest_robot=robot6
217.000,original,-,robot2,MIN_DISTANCE,OK,10.767,7.752,,0,nearest_robot=robot1
217.000,original,-,robot3,MIN_DISTANCE,OK,9.336,7.752,,0,nearest_robot=robot1
217.000,original,-,robot4,MIN_DISTANCE,OK,5.791,7.752,,0,nearest_robot=robot6
217.000,original,-,robot5,MIN_DISTANCE,OK,10.932,7.752,,0,nearest_robot=robot4
217.000,original,-,robot6,MIN_DISTANCE,OK,4.843,7.752,,0,nearest_robot=robot1
217.000,original,-,fleet,MIN_DISTANCE_AVG,OK,7.752,,,0,robots_sampled=6
218.000,original,-,robot1,MIN_DISTANCE,OK,4.481,7.748,,0,nearest_robot=robot6
218.000,original,-,robot2,MIN_DISTANCE,OK,11.111,7.748,,0,nearest_robot=robot1
218.000,original,-,robot3,MIN_DISTANCE,OK,9.597,7.748,,0,nearest_robot=robot1
218.000,original,-,robot4,MIN_DISTANCE,OK,5.541,7.748,,0,nearest_robot=robot6
218.000,original,-,robot5,MIN_DISTANCE,OK,11.277,7.748,,0,nearest_robot=robot4
218.000,original,-,robot6,MIN_DISTANCE,OK,4.481,7.748,,0,nearest_robot=robot1
218.000,original,-,fleet,MIN_DISTANCE_AVG,OK,7.748,,,0,robots_sampled=6
219.000,original,-,robot1,MIN_DISTANCE,OK,4.079,7.736,,0,nearest_robot=robot6
219.000,original,-,robot2,MIN_DISTANCE,OK,11.505,7.736,,0,nearest_robot=robot1
219.000,original,-,robot3,MIN_DISTANCE,OK,9.864,7.736,,0,nearest_robot=robot1
219.000,original,-,robot4,MIN_DISTANCE,OK,5.341,7.736,,0,nearest_robot=robot6
219.000,original,-,robot5,MIN_DISTANCE,OK,11.551,7.736,,0,nearest_robot=robot4
219.000,original,-,robot6,MIN_DISTANCE,OK,4.079,7.736,,0,nearest_robot=robot1
219.000,original,-,fleet,MIN_DISTANCE_AVG,OK,7.736,,,0,robots_sampled=6
220.000,original,-,robot1,MIN_DISTANCE,OK,3.691,7.739,,0,nearest_robot=robot6
220.000,original,-,robot2,MIN_DISTANCE,OK,11.877,7.739,,0,nearest_robot=robot1
220.000,original,-,robot3,MIN_DISTANCE,OK,10.224,7.739,,0,nearest_robot=robot1
220.000,original,-,robot4,MIN_DISTANCE,OK,5.274,7.739,,0,nearest_robot=robot6
220.000,original,-,robot5,MIN_DISTANCE,OK,11.678,7.739,,0,nearest_robot=robot4
220.000,original,-,robot6,MIN_DISTANCE,OK,3.691,7.739,,0,nearest_robot=robot1
220.000,original,-,fleet,MIN_DISTANCE_AVG,OK,7.739,,,0,robots_sampled=6
221.000,original,-,robot1,MIN_DISTANCE,OK,3.299,7.742,,0,nearest_robot=robot6
221.000,original,-,robot2,MIN_DISTANCE,OK,12.253,7.742,,0,nearest_robot=robot1
221.000,original,-,robot3,MIN_DISTANCE,OK,10.648,7.742,,0,nearest_robot=robot1
221.000,original,-,robot4,MIN_DISTANCE,OK,5.232,7.742,,0,nearest_robot=robot6
221.000,original,-,robot5,MIN_DISTANCE,OK,11.725,7.742,,0,nearest_robot=robot4
221.000,original,-,robot6,MIN_DISTANCE,OK,3.299,7.742,,0,nearest_robot=robot1
221.000,original,-,fleet,MIN_DISTANCE_AVG,OK,7.742,,,0,robots_sampled=6
222.000,original,-,robot1,MIN_DISTANCE,OK,2.928,7.747,,0,nearest_robot=robot6
222.000,original,-,robot2,MIN_DISTANCE,OK,12.577,7.747,,0,nearest_robot=robot3
222.000,original,-,robot3,MIN_DISTANCE,OK,11.110,7.747,,0,nearest_robot=robot1
222.000,original,-,robot4,MIN_DISTANCE,OK,5.204,7.747,,0,nearest_robot=robot6
222.000,original,-,robot5,MIN_DISTANCE,OK,11.737,7.747,,0,nearest_robot=robot4
222.000,original,-,robot6,MIN_DISTANCE,OK,2.928,7.747,,0,nearest_robot=robot1
222.000,original,-,fleet,MIN_DISTANCE_AVG,OK,7.747,,,0,robots_sampled=6
223.000,original,-,robot1,MIN_DISTANCE,OK,2.544,7.663,,0,nearest_robot=robot6
223.000,original,-,robot2,MIN_DISTANCE,OK,12.332,7.663,,0,nearest_robot=robot3
223.000,original,-,robot3,MIN_DISTANCE,OK,11.670,7.663,,0,nearest_robot=robot1
223.000,original,-,robot4,MIN_DISTANCE,OK,5.149,7.663,,0,nearest_robot=robot6
223.000,original,-,robot5,MIN_DISTANCE,OK,11.736,7.663,,0,nearest_robot=robot4
223.000,original,-,robot6,MIN_DISTANCE,OK,2.544,7.663,,0,nearest_robot=robot1
223.000,original,-,fleet,MIN_DISTANCE_AVG,OK,7.663,,,0,robots_sampled=6
224.000,original,-,robot1,MIN_DISTANCE,OK,2.209,7.562,,0,nearest_robot=robot6
224.000,original,-,robot2,MIN_DISTANCE,OK,12.070,7.562,,0,nearest_robot=robot3
224.000,original,-,robot3,MIN_DISTANCE,OK,12.070,7.562,,0,nearest_robot=robot2
224.000,original,-,robot4,MIN_DISTANCE,OK,5.068,7.562,,0,nearest_robot=robot6
224.000,original,-,robot5,MIN_DISTANCE,OK,11.745,7.562,,0,nearest_robot=robot4
224.000,original,-,robot6,MIN_DISTANCE,OK,2.209,7.562,,0,nearest_robot=robot1
224.000,original,-,fleet,MIN_DISTANCE_AVG,OK,7.562,,,0,robots_sampled=6
225.000,original,-,robot1,MIN_DISTANCE,OK,1.861,7.379,,0,nearest_robot=robot6
225.000,original,-,robot2,MIN_DISTANCE,OK,11.844,7.379,,0,nearest_robot=robot3
225.000,original,-,robot3,MIN_DISTANCE,OK,11.844,7.379,,0,nearest_robot=robot2
225.000,original,-,robot4,MIN_DISTANCE,OK,5.072,7.379,,0,nearest_robot=robot6
225.000,original,-,robot5,MIN_DISTANCE,OK,11.791,7.379,,0,nearest_robot=robot4
225.000,original,-,robot6,MIN_DISTANCE,OK,1.861,7.379,,0,nearest_robot=robot1
225.000,original,-,fleet,MIN_DISTANCE_AVG,OK,7.379,,,0,robots_sampled=6
226.000,original,-,robot1,MIN_DISTANCE,OK,1.522,7.213,,0,nearest_robot=robot6
226.000,original,-,robot2,MIN_DISTANCE,OK,11.679,7.213,,0,nearest_robot=robot3
226.000,original,-,robot3,MIN_DISTANCE,OK,11.679,7.213,,0,nearest_robot=robot2
226.000,original,-,robot4,MIN_DISTANCE,OK,5.090,7.213,,0,nearest_robot=robot6
226.000,original,-,robot5,MIN_DISTANCE,OK,11.784,7.213,,0,nearest_robot=robot4
226.000,original,-,robot6,MIN_DISTANCE,OK,1.522,7.213,,0,nearest_robot=robot1
226.000,original,-,fleet,MIN_DISTANCE_AVG,OK,7.213,,,0,robots_sampled=6
226.880,original,-,fleet,CHOMP_TIME_FULL,OK,,25.165,,0,iterations=100;iterations_executed=100;source=algorithm;round_trip=25.185352
227.000,original,-,robot1,MIN_DISTANCE,OK,1.179,7.042,,0,nearest_robot=robot6
227.000,original,-,robot2,MIN_DISTANCE,OK,11.510,7.042,,0,nearest_robot=robot3
227.000,original,-,robot3,MIN_DISTANCE,OK,11.510,7.042,,0,nearest_robot=robot2
227.000,original,-,robot4,MIN_DISTANCE,OK,5.092,7.042,,0,nearest_robot=robot6
227.000,original,-,robot5,MIN_DISTANCE,OK,11.783,7.042,,0,nearest_robot=robot4
227.000,original,-,robot6,MIN_DISTANCE,OK,1.179,7.042,,0,nearest_robot=robot1
227.000,original,-,fleet,MIN_DISTANCE_AVG,OK,7.042,,,0,robots_sampled=6
228.000,original,-,robot1,MIN_DISTANCE,OK,0.788,6.849,,0,nearest_robot=robot6
228.000,original,-,robot2,MIN_DISTANCE,OK,11.348,6.849,,0,nearest_robot=robot3
228.000,original,-,robot3,MIN_DISTANCE,OK,11.348,6.849,,0,nearest_robot=robot2
228.000,original,-,robot4,MIN_DISTANCE,OK,5.139,6.849,,0,nearest_robot=robot1
228.000,original,-,robot5,MIN_DISTANCE,OK,11.683,6.849,,0,nearest_robot=robot4
228.000,original,-,robot6,MIN_DISTANCE,OK,0.788,6.849,,0,nearest_robot=robot1
228.000,original,-,fleet,MIN_DISTANCE_AVG,OK,6.849,,,0,robots_sampled=6
229.000,original,-,robot1,MIN_DISTANCE,OK,0.783,6.694,,0,nearest_robot=robot6
229.000,original,-,robot2,MIN_DISTANCE,OK,11.091,6.694,,0,nearest_robot=robot3
229.000,original,-,robot3,MIN_DISTANCE,OK,11.091,6.694,,0,nearest_robot=robot2
229.000,original,-,robot4,MIN_DISTANCE,OK,4.861,6.694,,0,nearest_robot=robot1
229.000,original,-,robot5,MIN_DISTANCE,OK,11.555,6.694,,0,nearest_robot=robot4
229.000,original,-,robot6,MIN_DISTANCE,OK,0.783,6.694,,0,nearest_robot=robot1
229.000,original,-,fleet,MIN_DISTANCE_AVG,OK,6.694,,,0,robots_sampled=6
230.000,original,-,robot1,MIN_DISTANCE,OK,1.366,6.670,,0,nearest_robot=robot6
230.000,original,-,robot2,MIN_DISTANCE,OK,10.638,6.670,,0,nearest_robot=robot3
230.000,original,-,robot3,MIN_DISTANCE,OK,10.638,6.670,,0,nearest_robot=robot2
230.000,original,-,robot4,MIN_DISTANCE,OK,4.575,6.670,,0,nearest_robot=robot1
230.000,original,-,robot5,MIN_DISTANCE,OK,11.438,6.670,,0,nearest_robot=robot4
230.000,original,-,robot6,MIN_DISTANCE,OK,1.366,6.670,,0,nearest_robot=robot1
230.000,original,-,fleet,MIN_DISTANCE_AVG,OK,6.670,,,0,robots_sampled=6
231.000,original,-,robot1,MIN_DISTANCE,OK,2.138,6.764,,0,nearest_robot=robot6
231.000,original,-,robot2,MIN_DISTANCE,OK,10.242,6.764,,0,nearest_robot=robot3
231.000,original,-,robot3,MIN_DISTANCE,OK,10.242,6.764,,0,nearest_robot=robot2
231.000,original,-,robot4,MIN_DISTANCE,OK,4.338,6.764,,0,nearest_robot=robot1
231.000,original,-,robot5,MIN_DISTANCE,OK,11.485,6.764,,0,nearest_robot=robot4
231.000,original,-,robot6,MIN_DISTANCE,OK,2.138,6.764,,0,nearest_robot=robot1
231.000,original,-,fleet,MIN_DISTANCE_AVG,OK,6.764,,,0,robots_sampled=6
232.000,original,-,robot1,MIN_DISTANCE,OK,2.977,6.954,,0,nearest_robot=robot6
232.000,original,-,robot2,MIN_DISTANCE,OK,9.948,6.954,,0,nearest_robot=robot3
232.000,original,-,robot3,MIN_DISTANCE,OK,9.948,6.954,,0,nearest_robot=robot2
232.000,original,-,robot4,MIN_DISTANCE,OK,4.122,6.954,,0,nearest_robot=robot1
232.000,original,-,robot5,MIN_DISTANCE,OK,11.751,6.954,,0,nearest_robot=robot4
232.000,original,-,robot6,MIN_DISTANCE,OK,2.977,6.954,,0,nearest_robot=robot1
232.000,original,-,fleet,MIN_DISTANCE_AVG,OK,6.954,,,0,robots_sampled=6
233.000,original,-,robot1,MIN_DISTANCE,OK,3.812,7.160,,0,nearest_robot=robot6
233.000,original,-,robot2,MIN_DISTANCE,OK,9.694,7.160,,0,nearest_robot=robot3
233.000,original,-,robot3,MIN_DISTANCE,OK,9.694,7.160,,0,nearest_robot=robot2
233.000,original,-,robot4,MIN_DISTANCE,OK,3.939,7.160,,0,nearest_robot=robot1
233.000,original,-,robot5,MIN_DISTANCE,OK,12.007,7.160,,0,nearest_robot=robot4
233.000,original,-,robot6,MIN_DISTANCE,OK,3.812,7.160,,0,nearest_robot=robot1
233.000,original,-,fleet,MIN_DISTANCE_AVG,OK,7.160,,,0,robots_sampled=6
234.000,original,-,robot1,MIN_DISTANCE,OK,3.807,7.207,,0,nearest_robot=robot4
234.000,original,-,robot2,MIN_DISTANCE,OK,9.440,7.207,,0,nearest_robot=robot3
234.000,original,-,robot3,MIN_DISTANCE,OK,9.440,7.207,,0,nearest_robot=robot2
234.000,original,-,robot4,MIN_DISTANCE,OK,3.807,7.207,,0,nearest_robot=robot1
234.000,original,-,robot5,MIN_DISTANCE,OK,12.102,7.207,,0,nearest_robot=robot1
234.000,original,-,robot6,MIN_DISTANCE,OK,4.644,7.207,,0,nearest_robot=robot1
234.000,original,-,fleet,MIN_DISTANCE_AVG,OK,7.207,,,0,robots_sampled=6
235.000,original,-,robot1,MIN_DISTANCE,OK,3.711,7.256,,0,nearest_robot=robot4
235.000,original,-,robot2,MIN_DISTANCE,OK,9.312,7.256,,0,nearest_robot=robot3
235.000,original,-,robot3,MIN_DISTANCE,OK,9.312,7.256,,0,nearest_robot=robot2
235.000,original,-,robot4,MIN_DISTANCE,OK,3.711,7.256,,0,nearest_robot=robot1
235.000,original,-,robot5,MIN_DISTANCE,OK,12.005,7.256,,0,nearest_robot=robot1
235.000,original,-,robot6,MIN_DISTANCE,OK,5.486,7.256,,0,nearest_robot=robot1
235.000,original,-,fleet,MIN_DISTANCE_AVG,OK,7.256,,,0,robots_sampled=6
236.000,original,-,robot1,MIN_DISTANCE,OK,3.648,7.338,,0,nearest_robot=robot4
236.000,original,-,robot2,MIN_DISTANCE,OK,9.273,7.338,,0,nearest_robot=robot3
236.000,original,-,robot3,MIN_DISTANCE,OK,9.273,7.338,,0,nearest_robot=robot2
236.000,original,-,robot4,MIN_DISTANCE,OK,3.648,7.338,,0,nearest_robot=robot1
236.000,original,-,robot5,MIN_DISTANCE,OK,11.928,7.338,,0,nearest_robot=robot1
236.000,original,-,robot6,MIN_DISTANCE,OK,6.257,7.338,,0,nearest_robot=robot1
236.000,original,-,fleet,MIN_DISTANCE_AVG,OK,7.338,,,0,robots_sampled=6
237.000,original,-,robot1,MIN_DISTANCE,OK,3.609,7.454,,0,nearest_robot=robot4
237.000,original,-,robot2,MIN_DISTANCE,OK,9.299,7.454,,0,nearest_robot=robot3
237.000,original,-,robot3,MIN_DISTANCE,OK,9.299,7.454,,0,nearest_robot=robot2
237.000,original,-,robot4,MIN_DISTANCE,OK,3.609,7.454,,0,nearest_robot=robot1
237.000,original,-,robot5,MIN_DISTANCE,OK,11.840,7.454,,0,nearest_robot=robot1
237.000,original,-,robot6,MIN_DISTANCE,OK,7.069,7.454,,0,nearest_robot=robot1
237.000,original,-,fleet,MIN_DISTANCE_AVG,OK,7.454,,,0,robots_sampled=6
238.000,original,-,robot1,MIN_DISTANCE,OK,3.603,7.608,,0,nearest_robot=robot4
238.000,original,-,robot2,MIN_DISTANCE,OK,9.394,7.608,,0,nearest_robot=robot3
238.000,original,-,robot3,MIN_DISTANCE,OK,9.394,7.608,,0,nearest_robot=robot2
238.000,original,-,robot4,MIN_DISTANCE,OK,3.603,7.608,,0,nearest_robot=robot1
238.000,original,-,robot5,MIN_DISTANCE,OK,11.822,7.608,,0,nearest_robot=robot1
238.000,original,-,robot6,MIN_DISTANCE,OK,7.830,7.608,,0,nearest_robot=robot1
238.000,original,-,fleet,MIN_DISTANCE_AVG,OK,7.608,,,0,robots_sampled=6
239.000,original,-,robot1,MIN_DISTANCE,OK,3.627,7.757,,0,nearest_robot=robot4
239.000,original,-,robot2,MIN_DISTANCE,OK,9.491,7.757,,0,nearest_robot=robot3
239.000,original,-,robot3,MIN_DISTANCE,OK,9.491,7.757,,0,nearest_robot=robot2
239.000,original,-,robot4,MIN_DISTANCE,OK,3.627,7.757,,0,nearest_robot=robot1
239.000,original,-,robot5,MIN_DISTANCE,OK,11.715,7.757,,0,nearest_robot=robot1
239.000,original,-,robot6,MIN_DISTANCE,OK,8.592,7.757,,0,nearest_robot=robot1
239.000,original,-,fleet,MIN_DISTANCE_AVG,OK,7.757,,,0,robots_sampled=6
240.000,original,-,robot1,MIN_DISTANCE,OK,3.668,7.851,,0,nearest_robot=robot4
240.000,original,-,robot2,MIN_DISTANCE,OK,9.521,7.851,,0,nearest_robot=robot3
240.000,original,-,robot3,MIN_DISTANCE,OK,9.521,7.851,,0,nearest_robot=robot2
240.000,original,-,robot4,MIN_DISTANCE,OK,3.668,7.851,,0,nearest_robot=robot1
240.000,original,-,robot5,MIN_DISTANCE,OK,11.617,7.851,,0,nearest_robot=robot1
240.000,original,-,robot6,MIN_DISTANCE,OK,9.110,7.851,,0,nearest_robot=robot4
240.000,original,-,fleet,MIN_DISTANCE_AVG,OK,7.851,,,0,robots_sampled=6
241.000,original,-,robot1,MIN_DISTANCE,OK,3.739,7.911,,0,nearest_robot=robot4
241.000,original,-,robot2,MIN_DISTANCE,OK,9.486,7.911,,0,nearest_robot=robot3
241.000,original,-,robot3,MIN_DISTANCE,OK,9.486,7.911,,0,nearest_robot=robot2
241.000,original,-,robot4,MIN_DISTANCE,OK,3.739,7.911,,0,nearest_robot=robot1
241.000,original,-,robot5,MIN_DISTANCE,OK,11.620,7.911,,0,nearest_robot=robot1
241.000,original,-,robot6,MIN_DISTANCE,OK,9.397,7.911,,0,nearest_robot=robot4
241.000,original,-,fleet,MIN_DISTANCE_AVG,OK,7.911,,,0,robots_sampled=6
242.000,original,-,robot1,MIN_DISTANCE,OK,3.776,7.970,,0,nearest_robot=robot4
242.000,original,-,robot2,MIN_DISTANCE,OK,9.382,7.970,,0,nearest_robot=robot3
242.000,original,-,robot3,MIN_DISTANCE,OK,9.382,7.970,,0,nearest_robot=robot2
242.000,original,-,robot4,MIN_DISTANCE,OK,3.776,7.970,,0,nearest_robot=robot1
242.000,original,-,robot5,MIN_DISTANCE,OK,11.681,7.970,,0,nearest_robot=robot1
242.000,original,-,robot6,MIN_DISTANCE,OK,9.824,7.970,,0,nearest_robot=robot4
242.000,original,-,fleet,MIN_DISTANCE_AVG,OK,7.970,,,0,robots_sampled=6
243.000,original,-,robot1,MIN_DISTANCE,OK,3.751,8.019,,0,nearest_robot=robot4
243.000,original,-,robot2,MIN_DISTANCE,OK,9.232,8.019,,0,nearest_robot=robot3
243.000,original,-,robot3,MIN_DISTANCE,OK,9.232,8.019,,0,nearest_robot=robot2
243.000,original,-,robot4,MIN_DISTANCE,OK,3.751,8.019,,0,nearest_robot=robot1
243.000,original,-,robot5,MIN_DISTANCE,OK,11.855,8.019,,0,nearest_robot=robot1
243.000,original,-,robot6,MIN_DISTANCE,OK,10.294,8.019,,0,nearest_robot=robot4
243.000,original,-,fleet,MIN_DISTANCE_AVG,OK,8.019,,,0,robots_sampled=6
244.000,original,-,robot1,MIN_DISTANCE,OK,3.821,8.048,,0,nearest_robot=robot4
244.000,original,-,robot2,MIN_DISTANCE,OK,8.995,8.048,,0,nearest_robot=robot3
244.000,original,-,robot3,MIN_DISTANCE,OK,8.995,8.048,,0,nearest_robot=robot2
244.000,original,-,robot4,MIN_DISTANCE,OK,3.821,8.048,,0,nearest_robot=robot1
244.000,original,-,robot5,MIN_DISTANCE,OK,11.928,8.048,,0,nearest_robot=robot1
244.000,original,-,robot6,MIN_DISTANCE,OK,10.729,8.048,,0,nearest_robot=robot4
244.000,original,-,fleet,MIN_DISTANCE_AVG,OK,8.048,,,0,robots_sampled=6
245.000,original,-,robot1,MIN_DISTANCE,OK,4.021,8.067,,0,nearest_robot=robot4
245.000,original,-,robot2,MIN_DISTANCE,OK,8.722,8.067,,0,nearest_robot=robot3
245.000,original,-,robot3,MIN_DISTANCE,OK,8.722,8.067,,0,nearest_robot=robot2
245.000,original,-,robot4,MIN_DISTANCE,OK,4.021,8.067,,0,nearest_robot=robot1
245.000,original,-,robot5,MIN_DISTANCE,OK,11.804,8.067,,0,nearest_robot=robot1
245.000,original,-,robot6,MIN_DISTANCE,OK,11.112,8.067,,0,nearest_robot=robot4
245.000,original,-,fleet,MIN_DISTANCE_AVG,OK,8.067,,,0,robots_sampled=6
246.000,original,-,robot1,MIN_DISTANCE,OK,4.314,8.092,,0,nearest_robot=robot4
246.000,original,-,robot2,MIN_DISTANCE,OK,8.481,8.092,,0,nearest_robot=robot3
246.000,original,-,robot3,MIN_DISTANCE,OK,8.481,8.092,,0,nearest_robot=robot2
246.000,original,-,robot4,MIN_DISTANCE,OK,4.314,8.092,,0,nearest_robot=robot1
246.000,original,-,robot5,MIN_DISTANCE,OK,11.527,8.092,,0,nearest_robot=robot1
246.000,original,-,robot6,MIN_DISTANCE,OK,11.433,8.092,,0,nearest_robot=robot4
246.000,original,-,fleet,MIN_DISTANCE_AVG,OK,8.092,,,0,robots_sampled=6
247.000,original,-,robot1,MIN_DISTANCE,OK,4.579,7.999,,0,nearest_robot=robot4
247.000,original,-,robot2,MIN_DISTANCE,OK,8.041,7.999,,0,nearest_robot=robot3
247.000,original,-,robot3,MIN_DISTANCE,OK,8.041,7.999,,0,nearest_robot=robot2
247.000,original,-,robot4,MIN_DISTANCE,OK,4.579,7.999,,0,nearest_robot=robot1
247.000,original,-,robot5,MIN_DISTANCE,OK,11.211,7.999,,0,nearest_robot=robot1
247.000,original,-,robot6,MIN_DISTANCE,OK,11.540,7.999,,0,nearest_robot=robot4
247.000,original,-,fleet,MIN_DISTANCE_AVG,OK,7.999,,,0,robots_sampled=6
248.000,original,-,robot1,MIN_DISTANCE,OK,4.776,7.855,,0,nearest_robot=robot4
248.000,original,-,robot2,MIN_DISTANCE,OK,7.558,7.855,,0,nearest_robot=robot3
248.000,original,-,robot3,MIN_DISTANCE,OK,7.558,7.855,,0,nearest_robot=robot2
248.000,original,-,robot4,MIN_DISTANCE,OK,4.776,7.855,,0,nearest_robot=robot1
248.000,original,-,robot5,MIN_DISTANCE,OK,10.932,7.855,,0,nearest_robot=robot1
248.000,original,-,robot6,MIN_DISTANCE,OK,11.530,7.855,,0,nearest_robot=robot4
248.000,original,-,fleet,MIN_DISTANCE_AVG,OK,7.855,,,0,robots_sampled=6
249.000,original,-,robot1,MIN_DISTANCE,OK,4.841,7.682,,0,nearest_robot=robot4
249.000,original,-,robot2,MIN_DISTANCE,OK,7.026,7.682,,0,nearest_robot=robot3
249.000,original,-,robot3,MIN_DISTANCE,OK,7.026,7.682,,0,nearest_robot=robot2
249.000,original,-,robot4,MIN_DISTANCE,OK,4.841,7.682,,0,nearest_robot=robot1
249.000,original,-,robot5,MIN_DISTANCE,OK,10.831,7.682,,0,nearest_robot=robot1
249.000,original,-,robot6,MIN_DISTANCE,OK,11.530,7.682,,0,nearest_robot=robot4
249.000,original,-,fleet,MIN_DISTANCE_AVG,OK,7.682,,,0,robots_sampled=6
250.000,original,-,fleet,REPLAN_FULL,OK,,,robot1|robot2|robot3|robot4|robot5|robot6,0,original_full_optimization
250.000,original,-,robot1,MIN_DISTANCE,OK,4.849,7.509,,0,nearest_robot=robot4
250.000,original,-,robot2,MIN_DISTANCE,OK,6.516,7.509,,0,nearest_robot=robot3
250.000,original,-,robot3,MIN_DISTANCE,OK,6.516,7.509,,0,nearest_robot=robot2
250.000,original,-,robot4,MIN_DISTANCE,OK,4.849,7.509,,0,nearest_robot=robot1
250.000,original,-,robot5,MIN_DISTANCE,OK,10.790,7.509,,0,nearest_robot=robot1
250.000,original,-,robot6,MIN_DISTANCE,OK,11.530,7.509,,0,nearest_robot=robot4
250.000,original,-,fleet,MIN_DISTANCE_AVG,OK,7.509,,,0,robots_sampled=6
251.000,original,-,robot1,MIN_DISTANCE,OK,4.913,7.313,,0,nearest_robot=robot4
251.000,original,-,robot2,MIN_DISTANCE,OK,5.987,7.313,,0,nearest_robot=robot3
251.000,original,-,robot3,MIN_DISTANCE,OK,5.987,7.313,,0,nearest_robot=robot2
251.000,original,-,robot4,MIN_DISTANCE,OK,4.913,7.313,,0,nearest_robot=robot1
251.000,original,-,robot5,MIN_DISTANCE,OK,10.550,7.313,,0,nearest_robot=robot1
251.000,original,-,robot6,MIN_DISTANCE,OK,11.530,7.313,,0,nearest_robot=robot4
251.000,original,-,fleet,MIN_DISTANCE_AVG,OK,7.313,,,0,robots_sampled=6
252.000,original,-,robot1,MIN_DISTANCE,OK,4.921,7.065,,0,nearest_robot=robot4
252.000,original,-,robot2,MIN_DISTANCE,OK,5.531,7.065,,0,nearest_robot=robot3
252.000,original,-,robot3,MIN_DISTANCE,OK,5.531,7.065,,0,nearest_robot=robot2
252.000,original,-,robot4,MIN_DISTANCE,OK,4.921,7.065,,0,nearest_robot=robot1
252.000,original,-,robot5,MIN_DISTANCE,OK,9.957,7.065,,0,nearest_robot=robot1
252.000,original,-,robot6,MIN_DISTANCE,OK,11.530,7.065,,0,nearest_robot=robot4
252.000,original,-,fleet,MIN_DISTANCE_AVG,OK,7.065,,,0,robots_sampled=6
253.000,original,-,robot1,MIN_DISTANCE,OK,4.887,6.808,,0,nearest_robot=robot4
253.000,original,-,robot2,MIN_DISTANCE,OK,5.058,6.808,,0,nearest_robot=robot3
253.000,original,-,robot3,MIN_DISTANCE,OK,5.058,6.808,,0,nearest_robot=robot2
253.000,original,-,robot4,MIN_DISTANCE,OK,4.887,6.808,,0,nearest_robot=robot1
253.000,original,-,robot5,MIN_DISTANCE,OK,9.430,6.808,,0,nearest_robot=robot1
253.000,original,-,robot6,MIN_DISTANCE,OK,11.530,6.808,,0,nearest_robot=robot4
253.000,original,-,fleet,MIN_DISTANCE_AVG,OK,6.808,,,0,robots_sampled=6
254.000,original,-,robot1,MIN_DISTANCE,OK,4.881,6.588,,0,nearest_robot=robot4
254.000,original,-,robot2,MIN_DISTANCE,OK,4.604,6.588,,0,nearest_robot=robot3
254.000,original,-,robot3,MIN_DISTANCE,OK,4.604,6.588,,0,nearest_robot=robot2
254.000,original,-,robot4,MIN_DISTANCE,OK,4.881,6.588,,0,nearest_robot=robot1
254.000,original,-,robot5,MIN_DISTANCE,OK,9.029,6.588,,0,nearest_robot=robot1
254.000,original,-,robot6,MIN_DISTANCE,OK,11.530,6.588,,0,nearest_robot=robot4
254.000,original,-,fleet,MIN_DISTANCE_AVG,OK,6.588,,,0,robots_sampled=6
255.000,original,-,robot1,MIN_DISTANCE,OK,4.867,6.362,,0,nearest_robot=robot4
255.000,original,-,robot2,MIN_DISTANCE,OK,4.164,6.362,,0,nearest_robot=robot3
255.000,original,-,robot3,MIN_DISTANCE,OK,4.164,6.362,,0,nearest_robot=robot2
255.000,original,-,robot4,MIN_DISTANCE,OK,4.867,6.362,,0,nearest_robot=robot1
255.000,original,-,robot5,MIN_DISTANCE,OK,8.579,6.362,,0,nearest_robot=robot1
255.000,original,-,robot6,MIN_DISTANCE,OK,11.530,6.362,,0,nearest_robot=robot4
255.000,original,-,fleet,MIN_DISTANCE_AVG,OK,6.362,,,0,robots_sampled=6
256.000,original,-,robot1,MIN_DISTANCE,OK,4.844,6.143,,0,nearest_robot=robot4
256.000,original,-,robot2,MIN_DISTANCE,OK,3.744,6.143,,0,nearest_robot=robot3
256.000,original,-,robot3,MIN_DISTANCE,OK,3.744,6.143,,0,nearest_robot=robot2
256.000,original,-,robot4,MIN_DISTANCE,OK,4.844,6.143,,0,nearest_robot=robot1
256.000,original,-,robot5,MIN_DISTANCE,OK,8.149,6.143,,0,nearest_robot=robot1
256.000,original,-,robot6,MIN_DISTANCE,OK,11.530,6.143,,0,nearest_robot=robot4
256.000,original,-,fleet,MIN_DISTANCE_AVG,OK,6.143,,,0,robots_sampled=6
257.000,original,-,robot1,MIN_DISTANCE,OK,4.838,5.926,,0,nearest_robot=robot4
257.000,original,-,robot2,MIN_DISTANCE,OK,3.320,5.926,,0,nearest_robot=robot3
257.000,original,-,robot3,MIN_DISTANCE,OK,3.320,5.926,,0,nearest_robot=robot2
257.000,original,-,robot4,MIN_DISTANCE,OK,4.838,5.926,,0,nearest_robot=robot1
257.000,original,-,robot5,MIN_DISTANCE,OK,7.712,5.926,,0,nearest_robot=robot1
257.000,original,-,robot6,MIN_DISTANCE,OK,11.530,5.926,,0,nearest_robot=robot4
257.000,original,-,fleet,MIN_DISTANCE_AVG,OK,5.926,,,0,robots_sampled=6
258.000,original,-,robot1,MIN_DISTANCE,OK,4.838,5.712,,0,nearest_robot=robot4
258.000,original,-,robot2,MIN_DISTANCE,OK,2.879,5.712,,0,nearest_robot=robot3
258.000,original,-,robot3,MIN_DISTANCE,OK,2.879,5.712,,0,nearest_robot=robot2
258.000,original,-,robot4,MIN_DISTANCE,OK,4.838,5.712,,0,nearest_robot=robot1
258.000,original,-,robot5,MIN_DISTANCE,OK,7.311,5.712,,0,nearest_robot=robot1
258.000,original,-,robot6,MIN_DISTANCE,OK,11.530,5.712,,0,nearest_robot=robot4
258.000,original,-,fleet,MIN_DISTANCE_AVG,OK,5.712,,,0,robots_sampled=6
259.000,original,-,robot1,MIN_DISTANCE,OK,4.837,5.521,,0,nearest_robot=robot4
259.000,original,-,robot2,MIN_DISTANCE,OK,2.507,5.521,,0,nearest_robot=robot3
259.000,original,-,robot3,MIN_DISTANCE,OK,2.507,5.521,,0,nearest_robot=robot2
259.000,original,-,robot4,MIN_DISTANCE,OK,4.837,5.521,,0,nearest_robot=robot1
259.000,original,-,robot5,MIN_DISTANCE,OK,6.910,5.521,,0,nearest_robot=robot1
259.000,original,-,robot6,MIN_DISTANCE,OK,11.530,5.521,,0,nearest_robot=robot4
259.000,original,-,fleet,MIN_DISTANCE_AVG,OK,5.521,,,0,robots_sampled=6
260.000,original,-,robot1,MIN_DISTANCE,OK,4.837,5.330,,0,nearest_robot=robot4
260.000,original,-,robot2,MIN_DISTANCE,OK,2.131,5.330,,0,nearest_robot=robot3
260.000,original,-,robot3,MIN_DISTANCE,OK,2.131,5.330,,0,nearest_robot=robot2
260.000,original,-,robot4,MIN_DISTANCE,OK,4.837,5.330,,0,nearest_robot=robot1
260.000,original,-,robot5,MIN_DISTANCE,OK,6.511,5.330,,0,nearest_robot=robot1
260.000,original,-,robot6,MIN_DISTANCE,OK,11.530,5.330,,0,nearest_robot=robot4
260.000,original,-,fleet,MIN_DISTANCE_AVG,OK,5.330,,,0,robots_sampled=6
261.000,original,-,robot1,MIN_DISTANCE,OK,4.837,5.138,,0,nearest_robot=robot4
261.000,original,-,robot2,MIN_DISTANCE,OK,1.773,5.138,,0,nearest_robot=robot3
261.000,original,-,robot3,MIN_DISTANCE,OK,1.773,5.138,,0,nearest_robot=robot2
261.000,original,-,robot4,MIN_DISTANCE,OK,4.837,5.138,,0,nearest_robot=robot1
261.000,original,-,robot5,MIN_DISTANCE,OK,6.080,5.138,,0,nearest_robot=robot1
261.000,original,-,robot6,MIN_DISTANCE,OK,11.530,5.138,,0,nearest_robot=robot4
261.000,original,-,fleet,MIN_DISTANCE_AVG,OK,5.138,,,0,robots_sampled=6
262.000,original,-,robot1,MIN_DISTANCE,OK,4.837,4.957,,0,nearest_robot=robot4
262.000,original,-,robot2,MIN_DISTANCE,OK,1.443,4.957,,0,nearest_robot=robot3
262.000,original,-,robot3,MIN_DISTANCE,OK,1.443,4.957,,0,nearest_robot=robot2
262.000,original,-,robot4,MIN_DISTANCE,OK,4.837,4.957,,0,nearest_robot=robot1
262.000,original,-,robot5,MIN_DISTANCE,OK,5.651,4.957,,0,nearest_robot=robot1
262.000,original,-,robot6,MIN_DISTANCE,OK,11.530,4.957,,0,nearest_robot=robot4
262.000,original,-,fleet,MIN_DISTANCE_AVG,OK,4.957,,,0,robots_sampled=6
263.000,original,-,robot1,MIN_DISTANCE,OK,4.837,4.769,,0,nearest_robot=robot4
263.000,original,-,robot2,MIN_DISTANCE,OK,1.065,4.769,,0,nearest_robot=robot3
263.000,original,-,robot3,MIN_DISTANCE,OK,1.065,4.769,,0,nearest_robot=robot2
263.000,original,-,robot4,MIN_DISTANCE,OK,4.837,4.769,,0,nearest_robot=robot1
263.000,original,-,robot5,MIN_DISTANCE,OK,5.282,4.769,,0,nearest_robot=robot1
263.000,original,-,robot6,MIN_DISTANCE,OK,11.530,4.769,,0,nearest_robot=robot4
263.000,original,-,fleet,MIN_DISTANCE_AVG,OK,4.769,,,0,robots_sampled=6
264.000,original,-,robot1,MIN_DISTANCE,OK,4.837,4.585,,0,nearest_robot=robot4
264.000,original,-,robot2,MIN_DISTANCE,OK,0.704,4.585,,0,nearest_robot=robot3
264.000,original,-,robot3,MIN_DISTANCE,OK,0.704,4.585,,0,nearest_robot=robot2
264.000,original,-,robot4,MIN_DISTANCE,OK,4.837,4.585,,0,nearest_robot=robot1
264.000,original,-,robot5,MIN_DISTANCE,OK,4.896,4.585,,0,nearest_robot=robot1
264.000,original,-,robot6,MIN_DISTANCE,OK,11.530,4.585,,0,nearest_robot=robot4
264.000,original,-,fleet,MIN_DISTANCE_AVG,OK,4.585,,,0,robots_sampled=6
265.000,original,-,robot1,MIN_DISTANCE,OK,4.546,4.401,,0,nearest_robot=robot5
265.000,original,-,robot2,MIN_DISTANCE,OK,0.473,4.401,,0,nearest_robot=robot3
265.000,original,-,robot3,MIN_DISTANCE,OK,0.473,4.401,,0,nearest_robot=robot2
265.000,original,-,robot4,MIN_DISTANCE,OK,4.837,4.401,,0,nearest_robot=robot1
265.000,original,-,robot5,MIN_DISTANCE,OK,4.546,4.401,,0,nearest_robot=robot1
265.000,original,-,robot6,MIN_DISTANCE,OK,11.530,4.401,,0,nearest_robot=robot4
265.000,original,-,fleet,MIN_DISTANCE_AVG,OK,4.401,,,0,robots_sampled=6
266.000,original,-,robot1,MIN_DISTANCE,OK,4.195,4.262,,0,nearest_robot=robot5
266.000,original,-,robot2,MIN_DISTANCE,OK,0.409,4.262,,0,nearest_robot=robot3
266.000,original,-,robot3,MIN_DISTANCE,OK,0.409,4.262,,0,nearest_robot=robot2
266.000,original,-,robot4,MIN_DISTANCE,OK,4.837,4.262,,0,nearest_robot=robot1
266.000,original,-,robot5,MIN_DISTANCE,OK,4.195,4.262,,0,nearest_robot=robot1
266.000,original,-,robot6,MIN_DISTANCE,OK,11.530,4.262,,0,nearest_robot=robot4
266.000,original,-,fleet,MIN_DISTANCE_AVG,OK,4.262,,,0,robots_sampled=6
267.000,original,-,robot1,MIN_DISTANCE,OK,3.796,4.138,,0,nearest_robot=robot5
267.000,original,-,robot2,MIN_DISTANCE,OK,0.435,4.138,,0,nearest_robot=robot3
267.000,original,-,robot3,MIN_DISTANCE,OK,0.435,4.138,,0,nearest_robot=robot2
267.000,original,-,robot4,MIN_DISTANCE,OK,4.837,4.138,,0,nearest_robot=robot1
267.000,original,-,robot5,MIN_DISTANCE,OK,3.796,4.138,,0,nearest_robot=robot1
267.000,original,-,robot6,MIN_DISTANCE,OK,11.530,4.138,,0,nearest_robot=robot4
267.000,original,-,fleet,MIN_DISTANCE_AVG,OK,4.138,,,0,robots_sampled=6
268.000,original,-,robot1,MIN_DISTANCE,OK,3.426,4.007,,0,nearest_robot=robot5
268.000,original,-,robot2,MIN_DISTANCE,OK,0.411,4.007,,0,nearest_robot=robot3
268.000,original,-,robot3,MIN_DISTANCE,OK,0.411,4.007,,0,nearest_robot=robot2
268.000,original,-,robot4,MIN_DISTANCE,OK,4.837,4.007,,0,nearest_robot=robot1
268.000,original,-,robot5,MIN_DISTANCE,OK,3.426,4.007,,0,nearest_robot=robot1
268.000,original,-,robot6,MIN_DISTANCE,OK,11.530,4.007,,0,nearest_robot=robot4
268.000,original,-,fleet,MIN_DISTANCE_AVG,OK,4.007,,,0,robots_sampled=6
269.000,original,-,robot1,MIN_DISTANCE,OK,3.072,3.891,,0,nearest_robot=robot5
269.000,original,-,robot2,MIN_DISTANCE,OK,0.418,3.891,,0,nearest_robot=robot3
269.000,original,-,robot3,MIN_DISTANCE,OK,0.418,3.891,,0,nearest_robot=robot2
269.000,original,-,robot4,MIN_DISTANCE,OK,4.837,3.891,,0,nearest_robot=robot1
269.000,original,-,robot5,MIN_DISTANCE,OK,3.072,3.891,,0,nearest_robot=robot1
269.000,original,-,robot6,MIN_DISTANCE,OK,11.530,3.891,,0,nearest_robot=robot4
269.000,original,-,fleet,MIN_DISTANCE_AVG,OK,3.891,,,0,robots_sampled=6
270.000,original,-,robot1,MIN_DISTANCE,OK,2.679,3.744,,0,nearest_robot=robot5
270.000,original,-,robot2,MIN_DISTANCE,OK,0.368,3.744,,0,nearest_robot=robot3
270.000,original,-,robot3,MIN_DISTANCE,OK,0.368,3.744,,0,nearest_robot=robot2
270.000,original,-,robot4,MIN_DISTANCE,OK,4.837,3.744,,0,nearest_robot=robot1
270.000,original,-,robot5,MIN_DISTANCE,OK,2.679,3.744,,0,nearest_robot=robot1
270.000,original,-,robot6,MIN_DISTANCE,OK,11.530,3.744,,0,nearest_robot=robot4
270.000,original,-,fleet,MIN_DISTANCE_AVG,OK,3.744,,,0,robots_sampled=6
271.000,original,-,robot1,MIN_DISTANCE,OK,2.275,3.604,,0,nearest_robot=robot5
271.000,original,-,robot2,MIN_DISTANCE,OK,0.354,3.604,,0,nearest_robot=robot3
271.000,original,-,robot3,MIN_DISTANCE,OK,0.354,3.604,,0,nearest_robot=robot2
271.000,original,-,robot4,MIN_DISTANCE,OK,4.837,3.604,,0,nearest_robot=robot1
271.000,original,-,robot5,MIN_DISTANCE,OK,2.275,3.604,,0,nearest_robot=robot1
271.000,original,-,robot6,MIN_DISTANCE,OK,11.530,3.604,,0,nearest_robot=robot4
271.000,original,-,fleet,MIN_DISTANCE_AVG,OK,3.604,,,0,robots_sampled=6
272.000,original,-,robot1,MIN_DISTANCE,OK,1.913,3.477,,0,nearest_robot=robot5
272.000,original,-,robot2,MIN_DISTANCE,OK,0.334,3.477,,0,nearest_robot=robot3
272.000,original,-,robot3,MIN_DISTANCE,OK,0.334,3.477,,0,nearest_robot=robot2
272.000,original,-,robot4,MIN_DISTANCE,OK,4.837,3.477,,0,nearest_robot=robot1
272.000,original,-,robot5,MIN_DISTANCE,OK,1.913,3.477,,0,nearest_robot=robot1
272.000,original,-,robot6,MIN_DISTANCE,OK,11.530,3.477,,0,nearest_robot=robot4
272.000,original,-,fleet,MIN_DISTANCE_AVG,OK,3.477,,,0,robots_sampled=6
273.000,original,-,robot1,MIN_DISTANCE,OK,1.583,3.358,,0,nearest_robot=robot5
273.000,original,-,robot2,MIN_DISTANCE,OK,0.308,3.358,,0,nearest_robot=robot3
273.000,original,-,robot3,MIN_DISTANCE,OK,0.308,3.358,,0,nearest_robot=robot2
273.000,original,-,robot4,MIN_DISTANCE,OK,4.836,3.358,,0,nearest_robot=robot1
273.000,original,-,robot5,MIN_DISTANCE,OK,1.583,3.358,,0,nearest_robot=robot1
273.000,original,-,robot6,MIN_DISTANCE,OK,11.530,3.358,,0,nearest_robot=robot4
273.000,original,-,fleet,MIN_DISTANCE_AVG,OK,3.358,,,0,robots_sampled=6
274.000,original,-,robot1,MIN_DISTANCE,OK,1.293,3.259,,0,nearest_robot=robot5
274.000,original,-,robot2,MIN_DISTANCE,OK,0.302,3.259,,0,nearest_robot=robot3
274.000,original,-,robot3,MIN_DISTANCE,OK,0.302,3.259,,0,nearest_robot=robot2
274.000,original,-,robot4,MIN_DISTANCE,OK,4.836,3.259,,0,nearest_robot=robot1
274.000,original,-,robot5,MIN_DISTANCE,OK,1.293,3.259,,0,nearest_robot=robot1
274.000,original,-,robot6,MIN_DISTANCE,OK,11.530,3.259,,0,nearest_robot=robot4
274.000,original,-,fleet,MIN_DISTANCE_AVG,OK,3.259,,,0,robots_sampled=6
274.250,original,-,fleet,CHOMP_TIME_FULL,OK,,25.099,,0,iterations=100;iterations_executed=100;source=algorithm;round_trip=25.116933
275.000,original,-,fleet,REPLAN_FULL,OK,,,robot1|robot2|robot3|robot4|robot5|robot6,0,original_full_optimization
275.000,original,-,robot1,MIN_DISTANCE,OK,1.063,3.172,,0,nearest_robot=robot5
275.000,original,-,robot2,MIN_DISTANCE,OK,0.301,3.172,,0,nearest_robot=robot3
275.000,original,-,robot3,MIN_DISTANCE,OK,0.301,3.172,,0,nearest_robot=robot2
275.000,original,-,robot4,MIN_DISTANCE,OK,4.836,3.172,,0,nearest_robot=robot1
275.000,original,-,robot5,MIN_DISTANCE,OK,1.063,3.172,,0,nearest_robot=robot1
275.000,original,-,robot6,MIN_DISTANCE,OK,11.469,3.172,,0,nearest_robot=robot4
275.000,original,-,fleet,MIN_DISTANCE_AVG,OK,3.172,,,0,robots_sampled=6
276.000,original,-,robot1,MIN_DISTANCE,OK,0.949,3.117,,0,nearest_robot=robot5
276.000,original,-,robot2,MIN_DISTANCE,OK,0.301,3.117,,0,nearest_robot=robot3
276.000,original,-,robot3,MIN_DISTANCE,OK,0.301,3.117,,0,nearest_robot=robot2
276.000,original,-,robot4,MIN_DISTANCE,OK,4.836,3.117,,0,nearest_robot=robot1
276.000,original,-,robot5,MIN_DISTANCE,OK,0.949,3.117,,0,nearest_robot=robot1
276.000,original,-,robot6,MIN_DISTANCE,OK,11.365,3.117,,0,nearest_robot=robot4
276.000,original,-,fleet,MIN_DISTANCE_AVG,OK,3.117,,,0,robots_sampled=6
277.000,original,-,robot1,MIN_DISTANCE,OK,0.986,3.124,,0,nearest_robot=robot5
277.000,original,-,robot2,MIN_DISTANCE,OK,0.301,3.124,,0,nearest_robot=robot3
277.000,original,-,robot3,MIN_DISTANCE,OK,0.301,3.124,,0,nearest_robot=robot2
277.000,original,-,robot4,MIN_DISTANCE,OK,4.836,3.124,,0,nearest_robot=robot1
277.000,original,-,robot5,MIN_DISTANCE,OK,0.986,3.124,,0,nearest_robot=robot1
277.000,original,-,robot6,MIN_DISTANCE,OK,11.331,3.124,,0,nearest_robot=robot4
277.000,original,-,fleet,MIN_DISTANCE_AVG,OK,3.124,,,0,robots_sampled=6
278.000,original,-,robot1,MIN_DISTANCE,OK,1.190,3.170,,0,nearest_robot=robot5
278.000,original,-,robot2,MIN_DISTANCE,OK,0.301,3.170,,0,nearest_robot=robot3
278.000,original,-,robot3,MIN_DISTANCE,OK,0.301,3.170,,0,nearest_robot=robot2
278.000,original,-,robot4,MIN_DISTANCE,OK,4.735,3.170,,0,nearest_robot=robot5
278.000,original,-,robot5,MIN_DISTANCE,OK,1.190,3.170,,0,nearest_robot=robot1
278.000,original,-,robot6,MIN_DISTANCE,OK,11.305,3.170,,0,nearest_robot=robot4
278.000,original,-,fleet,MIN_DISTANCE_AVG,OK,3.170,,,0,robots_sampled=6
279.000,original,-,robot1,MIN_DISTANCE,OK,1.509,3.197,,0,nearest_robot=robot5
279.000,original,-,robot2,MIN_DISTANCE,OK,0.301,3.197,,0,nearest_robot=robot3
279.000,original,-,robot3,MIN_DISTANCE,OK,0.301,3.197,,0,nearest_robot=robot2
279.000,original,-,robot4,MIN_DISTANCE,OK,4.411,3.197,,0,nearest_robot=robot5
279.000,original,-,robot5,MIN_DISTANCE,OK,1.509,3.197,,0,nearest_robot=robot1
279.000,original,-,robot6,MIN_DISTANCE,OK,11.149,3.197,,0,nearest_robot=robot4
279.000,original,-,fleet,MIN_DISTANCE_AVG,OK,3.197,,,0,robots_sampled=6
280.000,original,-,robot1,MIN_DISTANCE,OK,1.851,3.239,,0,nearest_robot=robot5
280.000,original,-,robot2,MIN_DISTANCE,OK,0.301,3.239,,0,nearest_robot=robot3
280.000,original,-,robot3,MIN_DISTANCE,OK,0.301,3.239,,0,nearest_robot=robot2
280.000,original,-,robot4,MIN_DISTANCE,OK,4.120,3.239,,0,nearest_robot=robot5
280.000,original,-,robot5,MIN_DISTANCE,OK,1.851,3.239,,0,nearest_robot=robot1
280.000,original,-,robot6,MIN_DISTANCE,OK,11.013,3.239,,0,nearest_robot=robot4
280.000,original,-,fleet,MIN_DISTANCE_AVG,OK,3.239,,,0,robots_sampled=6
281.000,original,-,robot1,MIN_DISTANCE,OK,2.222,3.316,,0,nearest_robot=robot5
281.000,original,-,robot2,MIN_DISTANCE,OK,0.301,3.316,,0,nearest_robot=robot3
281.000,original,-,robot3,MIN_DISTANCE,OK,0.301,3.316,,0,nearest_robot=robot2
281.000,original,-,robot4,MIN_DISTANCE,OK,3.876,3.316,,0,nearest_robot=robot5
281.000,original,-,robot5,MIN_DISTANCE,OK,2.222,3.316,,0,nearest_robot=robot1
281.000,original,-,robot6,MIN_DISTANCE,OK,10.971,3.316,,0,nearest_robot=robot4
281.000,original,-,fleet,MIN_DISTANCE_AVG,OK,3.316,,,0,robots_sampled=6
282.000,original,-,robot1,MIN_DISTANCE,OK,2.589,3.367,,0,nearest_robot=robot5
282.000,original,-,robot2,MIN_DISTANCE,OK,0.301,3.367,,0,nearest_robot=robot3
282.000,original,-,robot3,MIN_DISTANCE,OK,0.301,3.367,,0,nearest_robot=robot2
282.000,original,-,robot4,MIN_DISTANCE,OK,3.646,3.367,,0,nearest_robot=robot5
282.000,original,-,robot5,MIN_DISTANCE,OK,2.589,3.367,,0,nearest_robot=robot1
282.000,original,-,robot6,MIN_DISTANCE,OK,10.779,3.367,,0,nearest_robot=robot4
282.000,original,-,fleet,MIN_DISTANCE_AVG,OK,3.367,,,0,robots_sampled=6
283.000,original,-,robot1,MIN_DISTANCE,OK,2.965,3.394,,0,nearest_robot=robot5
283.000,original,-,robot2,MIN_DISTANCE,OK,0.301,3.394,,0,nearest_robot=robot3
283.000,original,-,robot3,MIN_DISTANCE,OK,0.301,3.394,,0,nearest_robot=robot2
283.000,original,-,robot4,MIN_DISTANCE,OK,3.450,3.394,,0,nearest_robot=robot5
283.000,original,-,robot5,MIN_DISTANCE,OK,2.965,3.394,,0,nearest_robot=robot1
283.000,original,-,robot6,MIN_DISTANCE,OK,10.379,3.394,,0,nearest_robot=robot4
283.000,original,-,fleet,MIN_DISTANCE_AVG,OK,3.394,,,0,robots_sampled=6
284.000,original,-,robot1,MIN_DISTANCE,OK,3.368,3.412,,0,nearest_robot=robot5
284.000,original,-,robot2,MIN_DISTANCE,OK,0.301,3.412,,0,nearest_robot=robot3
284.000,original,-,robot3,MIN_DISTANCE,OK,0.301,3.412,,0,nearest_robot=robot2
284.000,original,-,robot4,MIN_DISTANCE,OK,3.321,3.412,,0,nearest_robot=robot5
284.000,original,-,robot5,MIN_DISTANCE,OK,3.321,3.412,,0,nearest_robot=robot4
284.000,original,-,robot6,MIN_DISTANCE,OK,9.858,3.412,,0,nearest_robot=robot5
284.000,original,-,fleet,MIN_DISTANCE_AVG,OK,3.412,,,0,robots_sampled=6
285.000,original,-,robot1,MIN_DISTANCE,OK,3.760,3.321,,0,nearest_robot=robot5
285.000,original,-,robot2,MIN_DISTANCE,OK,0.301,3.321,,0,nearest_robot=robot3
285.000,original,-,robot3,MIN_DISTANCE,OK,0.301,3.321,,0,nearest_robot=robot2
285.000,original,-,robot4,MIN_DISTANCE,OK,3.244,3.321,,0,nearest_robot=robot5
285.000,original,-,robot5,MIN_DISTANCE,OK,3.244,3.321,,0,nearest_robot=robot4
285.000,original,-,robot6,MIN_DISTANCE,OK,9.075,3.321,,0,nearest_robot=robot5
285.000,original,-,fleet,MIN_DISTANCE_AVG,OK,3.321,,,0,robots_sampled=6
286.000,original,-,robot1,MIN_DISTANCE,OK,4.148,3.237,,0,nearest_robot=robot5
286.000,original,-,robot2,MIN_DISTANCE,OK,0.301,3.237,,0,nearest_robot=robot3
286.000,original,-,robot3,MIN_DISTANCE,OK,0.301,3.237,,0,nearest_robot=robot2
286.000,original,-,robot4,MIN_DISTANCE,OK,3.213,3.237,,0,nearest_robot=robot5
286.000,original,-,robot5,MIN_DISTANCE,OK,3.213,3.237,,0,nearest_robot=robot4
286.000,original,-,robot6,MIN_DISTANCE,OK,8.244,3.237,,0,nearest_robot=robot5
286.000,original,-,fleet,MIN_DISTANCE_AVG,OK,3.237,,,0,robots_sampled=6
287.000,original,-,robot1,MIN_DISTANCE,OK,4.531,3.168,,0,nearest_robot=robot5
287.000,original,-,robot2,MIN_DISTANCE,OK,0.301,3.168,,0,nearest_robot=robot3
287.000,original,-,robot3,MIN_DISTANCE,OK,0.301,3.168,,0,nearest_robot=robot2
287.000,original,-,robot4,MIN_DISTANCE,OK,3.233,3.168,,0,nearest_robot=robot5
287.000,original,-,robot5,MIN_DISTANCE,OK,3.233,3.168,,0,nearest_robot=robot4
287.000,original,-,robot6,MIN_DISTANCE,OK,7.410,3.168,,0,nearest_robot=robot5
287.000,original,-,fleet,MIN_DISTANCE_AVG,OK,3.168,,,0,robots_sampled=6
288.000,original,-,robot1,MIN_DISTANCE,OK,4.836,3.116,,0,nearest_robot=robot4
288.000,original,-,robot2,MIN_DISTANCE,OK,0.301,3.116,,0,nearest_robot=robot3
288.000,original,-,robot3,MIN_DISTANCE,OK,0.301,3.116,,0,nearest_robot=robot2
288.000,original,-,robot4,MIN_DISTANCE,OK,3.302,3.116,,0,nearest_robot=robot5
288.000,original,-,robot5,MIN_DISTANCE,OK,3.302,3.116,,0,nearest_robot=robot4
288.000,original,-,robot6,MIN_DISTANCE,OK,6.656,3.116,,0,nearest_robot=robot5
288.000,original,-,fleet,MIN_DISTANCE_AVG,OK,3.116,,,0,robots_sampled=6
289.000,original,-,robot1,MIN_DISTANCE,OK,4.836,3.059,,0,nearest_robot=robot4
289.000,original,-,robot2,MIN_DISTANCE,OK,0.301,3.059,,0,nearest_robot=robot3
289.000,original,-,robot3,MIN_DISTANCE,OK,0.301,3.059,,0,nearest_robot=robot2
289.000,original,-,robot4,MIN_DISTANCE,OK,3.442,3.059,,0,nearest_robot=robot5
289.000,original,-,robot5,MIN_DISTANCE,OK,3.442,3.059,,0,nearest_robot=robot4
289.000,original,-,robot6,MIN_DISTANCE,OK,6.034,3.059,,0,nearest_robot=robot5
289.000,original,-,fleet,MIN_DISTANCE_AVG,OK,3.059,,,0,robots_sampled=6
290.000,original,-,robot1,MIN_DISTANCE,OK,4.835,3.044,,0,nearest_robot=robot4
290.000,original,-,robot2,MIN_DISTANCE,OK,0.301,3.044,,0,nearest_robot=robot3
290.000,original,-,robot3,MIN_DISTANCE,OK,0.301,3.044,,0,nearest_robot=robot2
290.000,original,-,robot4,MIN_DISTANCE,OK,3.713,3.044,,0,nearest_robot=robot5
290.000,original,-,robot5,MIN_DISTANCE,OK,3.713,3.044,,0,nearest_robot=robot4
290.000,original,-,robot6,MIN_DISTANCE,OK,5.399,3.044,,0,nearest_robot=robot5
290.000,original,-,fleet,MIN_DISTANCE_AVG,OK,3.044,,,0,robots_sampled=6
291.000,original,-,robot1,MIN_DISTANCE,OK,4.835,3.014,,0,nearest_robot=robot4
291.000,original,-,robot2,MIN_DISTANCE,OK,0.301,3.014,,0,nearest_robot=robot3
291.000,original,-,robot3,MIN_DISTANCE,OK,0.301,3.014,,0,nearest_robot=robot2
291.000,original,-,robot4,MIN_DISTANCE,OK,3.999,3.014,,0,nearest_robot=robot5
291.000,original,-,robot5,MIN_DISTANCE,OK,3.999,3.014,,0,nearest_robot=robot4
291.000,original,-,robot6,MIN_DISTANCE,OK,4.650,3.014,,0,nearest_robot=robot5
291.000,original,-,fleet,MIN_DISTANCE_AVG,OK,3.014,,,0,robots_sampled=6
292.000,original,-,robot1,MIN_DISTANCE,OK,4.835,2.904,,0,nearest_robot=robot4
292.000,original,-,robot2,MIN_DISTANCE,OK,0.301,2.904,,0,nearest_robot=robot3
292.000,original,-,robot3,MIN_DISTANCE,OK,0.301,2.904,,0,nearest_robot=robot2
292.000,original,-,robot4,MIN_DISTANCE,OK,4.251,2.904,,0,nearest_robot=robot5
292.000,original,-,robot5,MIN_DISTANCE,OK,3.869,2.904,,0,nearest_robot=robot6
292.000,original,-,robot6,MIN_DISTANCE,OK,3.869,2.904,,0,nearest_robot=robot5
292.000,original,-,fleet,MIN_DISTANCE_AVG,OK,2.904,,,0,robots_sampled=6
293.000,original,-,robot1,MIN_DISTANCE,OK,4.835,2.677,,0,nearest_robot=robot4
293.000,original,-,robot2,MIN_DISTANCE,OK,0.301,2.677,,0,nearest_robot=robot3
293.000,original,-,robot3,MIN_DISTANCE,OK,0.301,2.677,,0,nearest_robot=robot2
293.000,original,-,robot4,MIN_DISTANCE,OK,4.498,2.677,,0,nearest_robot=robot5
293.000,original,-,robot5,MIN_DISTANCE,OK,3.062,2.677,,0,nearest_robot=robot6
293.000,original,-,robot6,MIN_DISTANCE,OK,3.062,2.677,,0,nearest_robot=robot5
293.000,original,-,fleet,MIN_DISTANCE_AVG,OK,2.677,,,0,robots_sampled=6
294.000,original,-,robot1,MIN_DISTANCE,OK,4.835,2.457,,0,nearest_robot=robot4
294.000,original,-,robot2,MIN_DISTANCE,OK,0.301,2.457,,0,nearest_robot=robot3
294.000,original,-,robot3,MIN_DISTANCE,OK,0.301,2.457,,0,nearest_robot=robot2
294.000,original,-,robot4,MIN_DISTANCE,OK,4.739,2.457,,0,nearest_robot=robot5
294.000,original,-,robot5,MIN_DISTANCE,OK,2.282,2.457,,0,nearest_robot=robot6
294.000,original,-,robot6,MIN_DISTANCE,OK,2.282,2.457,,0,nearest_robot=robot5
294.000,original,-,fleet,MIN_DISTANCE_AVG,OK,2.457,,,0,robots_sampled=6
295.000,original,-,robot1,MIN_DISTANCE,OK,4.835,2.210,,0,nearest_robot=robot4
295.000,original,-,robot2,MIN_DISTANCE,OK,0.301,2.210,,0,nearest_robot=robot3
295.000,original,-,robot3,MIN_DISTANCE,OK,0.301,2.210,,0,nearest_robot=robot2
295.000,original,-,robot4,MIN_DISTANCE,OK,4.835,2.210,,0,nearest_robot=robot1
295.000,original,-,robot5,MIN_DISTANCE,OK,1.493,2.210,,0,nearest_robot=robot6
295.000,original,-,robot6,MIN_DISTANCE,OK,1.493,2.210,,0,nearest_robot=robot5
295.000,original,-,fleet,MIN_DISTANCE_AVG,OK,2.210,,,0,robots_sampled=6
296.000,original,-,robot1,MIN_DISTANCE,OK,4.835,1.993,,0,nearest_robot=robot4
296.000,original,-,robot2,MIN_DISTANCE,OK,0.301,1.993,,0,nearest_robot=robot3
296.000,original,-,robot3,MIN_DISTANCE,OK,0.301,1.993,,0,nearest_robot=robot2
296.000,original,-,robot4,MIN_DISTANCE,OK,4.835,1.993,,0,nearest_robot=robot1
296.000,original,-,robot5,MIN_DISTANCE,OK,0.842,1.993,,0,nearest_robot=robot6
296.000,original,-,robot6,MIN_DISTANCE,OK,0.842,1.993,,0,nearest_robot=robot5
296.000,original,-,fleet,MIN_DISTANCE_AVG,OK,1.993,,,0,robots_sampled=6
297.000,original,-,robot1,MIN_DISTANCE,OK,4.835,1.941,,0,nearest_robot=robot4
297.000,original,-,robot2,MIN_DISTANCE,OK,0.301,1.941,,0,nearest_robot=robot3
297.000,original,-,robot3,MIN_DISTANCE,OK,0.301,1.941,,0,nearest_robot=robot2
297.000,original,-,robot4,MIN_DISTANCE,OK,4.835,1.941,,0,nearest_robot=robot1
297.000,original,-,robot5,MIN_DISTANCE,OK,0.687,1.941,,0,nearest_robot=robot6
297.000,original,-,robot6,MIN_DISTANCE,OK,0.687,1.941,,0,nearest_robot=robot5
297.000,original,-,fleet,MIN_DISTANCE_AVG,OK,1.941,,,0,robots_sampled=6
298.000,original,-,robot1,MIN_DISTANCE,OK,4.835,1.994,,0,nearest_robot=robot4
298.000,original,-,robot2,MIN_DISTANCE,OK,0.302,1.994,,0,nearest_robot=robot3
298.000,original,-,robot3,MIN_DISTANCE,OK,0.302,1.994,,0,nearest_robot=robot2
298.000,original,-,robot4,MIN_DISTANCE,OK,4.835,1.994,,0,nearest_robot=robot1
298.000,original,-,robot5,MIN_DISTANCE,OK,0.847,1.994,,0,nearest_robot=robot6
298.000,original,-,robot6,MIN_DISTANCE,OK,0.847,1.994,,0,nearest_robot=robot5
298.000,original,-,fleet,MIN_DISTANCE_AVG,OK,1.994,,,0,robots_sampled=6
299.000,original,-,robot1,MIN_DISTANCE,OK,4.835,2.081,,0,nearest_robot=robot4
299.000,original,-,robot2,MIN_DISTANCE,OK,0.302,2.081,,0,nearest_robot=robot3
299.000,original,-,robot3,MIN_DISTANCE,OK,0.302,2.081,,0,nearest_robot=robot2
299.000,original,-,robot4,MIN_DISTANCE,OK,4.835,2.081,,0,nearest_robot=robot1
299.000,original,-,robot5,MIN_DISTANCE,OK,1.106,2.081,,0,nearest_robot=robot6
299.000,original,-,robot6,MIN_DISTANCE,OK,1.106,2.081,,0,nearest_robot=robot5
299.000,original,-,fleet,MIN_DISTANCE_AVG,OK,2.081,,,0,robots_sampled=6
299.680,original,-,fleet,CHOMP_TIME_FULL,OK,,25.363,,0,iterations=100;iterations_executed=100;source=algorithm;round_trip=25.387753
300.000,original,-,robot1,MIN_DISTANCE,OK,4.836,2.192,,0,nearest_robot=robot4
300.000,original,-,robot2,MIN_DISTANCE,OK,0.312,2.192,,0,nearest_robot=robot3
300.000,original,-,robot3,MIN_DISTANCE,OK,0.312,2.192,,0,nearest_robot=robot2
300.000,original,-,robot4,MIN_DISTANCE,OK,4.836,2.192,,0,nearest_robot=robot1
300.000,original,-,robot5,MIN_DISTANCE,OK,1.430,2.192,,0,nearest_robot=robot6
300.000,original,-,robot6,MIN_DISTANCE,OK,1.430,2.192,,0,nearest_robot=robot5
300.000,original,-,fleet,MIN_DISTANCE_AVG,OK,2.192,,,0,robots_sampled=6
301.000,original,-,robot1,MIN_DISTANCE,OK,4.854,2.359,,0,nearest_robot=robot4
301.000,original,-,robot2,MIN_DISTANCE,OK,0.433,2.359,,0,nearest_robot=robot3
301.000,original,-,robot3,MIN_DISTANCE,OK,0.433,2.359,,0,nearest_robot=robot2
301.000,original,-,robot4,MIN_DISTANCE,OK,4.854,2.359,,0,nearest_robot=robot1
301.000,original,-,robot5,MIN_DISTANCE,OK,1.791,2.359,,0,nearest_robot=robot6
301.000,original,-,robot6,MIN_DISTANCE,OK,1.791,2.359,,0,nearest_robot=robot5
301.000,original,-,fleet,MIN_DISTANCE_AVG,OK,2.359,,,0,robots_sampled=6
302.000,original,-,robot1,MIN_DISTANCE,OK,4.832,2.518,,0,nearest_robot=robot4
302.000,original,-,robot2,MIN_DISTANCE,OK,0.514,2.518,,0,nearest_robot=robot3
302.000,original,-,robot3,MIN_DISTANCE,OK,0.514,2.518,,0,nearest_robot=robot2
302.000,original,-,robot4,MIN_DISTANCE,OK,4.832,2.518,,0,nearest_robot=robot1
302.000,original,-,robot5,MIN_DISTANCE,OK,2.207,2.518,,0,nearest_robot=robot6
302.000,original,-,robot6,MIN_DISTANCE,OK,2.207,2.518,,0,nearest_robot=robot5
302.000,original,-,fleet,MIN_DISTANCE_AVG,OK,2.518,,,0,robots_sampled=6
303.000,original,-,robot1,MIN_DISTANCE,OK,4.735,2.642,,0,nearest_robot=robot4
303.000,original,-,robot2,MIN_DISTANCE,OK,0.558,2.642,,0,nearest_robot=robot3
303.000,original,-,robot3,MIN_DISTANCE,OK,0.558,2.642,,0,nearest_robot=robot2
303.000,original,-,robot4,MIN_DISTANCE,OK,4.735,2.642,,0,nearest_robot=robot1
303.000,original,-,robot5,MIN_DISTANCE,OK,2.631,2.642,,0,nearest_robot=robot6
303.000,original,-,robot6,MIN_DISTANCE,OK,2.631,2.642,,0,nearest_robot=robot5
303.000,original,-,fleet,MIN_DISTANCE_AVG,OK,2.642,,,0,robots_sampled=6
304.000,original,-,robot1,MIN_DISTANCE,OK,4.683,2.781,,0,nearest_robot=robot4
304.000,original,-,robot2,MIN_DISTANCE,OK,0.577,2.781,,0,nearest_robot=robot3
304.000,original,-,robot3,MIN_DISTANCE,OK,0.577,2.781,,0,nearest_robot=robot2
304.000,original,-,robot4,MIN_DISTANCE,OK,4.683,2.781,,0,nearest_robot=robot1
304.000,original,-,robot5,MIN_DISTANCE,OK,3.084,2.781,,0,nearest_robot=robot6
304.000,original,-,robot6,MIN_DISTANCE,OK,3.084,2.781,,0,nearest_robot=robot5
304.000,original,-,fleet,MIN_DISTANCE_AVG,OK,2.781,,,0,robots_sampled=6
305.000,original,-,robot1,MIN_DISTANCE,OK,4.643,2.928,,0,nearest_robot=robot4
305.000,original,-,robot2,MIN_DISTANCE,OK,0.625,2.928,,0,nearest_robot=robot3
305.000,original,-,robot3,MIN_DISTANCE,OK,0.625,2.928,,0,nearest_robot=robot2
305.000,original,-,robot4,MIN_DISTANCE,OK,4.643,2.928,,0,nearest_robot=robot1
305.000,original,-,robot5,MIN_DISTANCE,OK,3.517,2.928,,0,nearest_robot=robot6
305.000,original,-,robot6,MIN_DISTANCE,OK,3.517,2.928,,0,nearest_robot=robot5
305.000,original,-,fleet,MIN_DISTANCE_AVG,OK,2.928,,,0,robots_sampled=6
306.000,original,-,robot1,MIN_DISTANCE,OK,4.634,2.999,,0,nearest_robot=robot4
306.000,original,-,robot2,MIN_DISTANCE,OK,0.491,2.999,,0,nearest_robot=robot3
306.000,original,-,robot3,MIN_DISTANCE,OK,0.491,2.999,,0,nearest_robot=robot2
306.000,original,-,robot4,MIN_DISTANCE,OK,4.634,2.999,,0,nearest_robot=robot1
306.000,original,-,robot5,MIN_DISTANCE,OK,3.873,2.999,,0,nearest_robot=robot6
306.000,original,-,robot6,MIN_DISTANCE,OK,3.873,2.999,,0,nearest_robot=robot5
306.000,original,-,fleet,MIN_DISTANCE_AVG,OK,2.999,,,0,robots_sampled=6
307.000,original,-,robot1,MIN_DISTANCE,OK,4.560,3.118,,0,nearest_robot=robot4
307.000,original,-,robot2,MIN_DISTANCE,OK,0.679,3.118,,0,nearest_robot=robot3
307.000,original,-,robot3,MIN_DISTANCE,OK,0.679,3.118,,0,nearest_robot=robot2
307.000,original,-,robot4,MIN_DISTANCE,OK,4.560,3.118,,0,nearest_robot=robot1
307.000,original,-,robot5,MIN_DISTANCE,OK,4.115,3.118,,0,nearest_robot=robot6
307.000,original,-,robot6,MIN_DISTANCE,OK,4.115,3.118,,0,nearest_robot=robot5
307.000,original,-,fleet,MIN_DISTANCE_AVG,OK,3.118,,,0,robots_sampled=6
308.000,original,-,robot1,MIN_DISTANCE,OK,4.195,3.205,,0,nearest_robot=robot4
308.000,original,-,robot2,MIN_DISTANCE,OK,0.977,3.205,,0,nearest_robot=robot3
308.000,original,-,robot3,MIN_DISTANCE,OK,0.977,3.205,,0,nearest_robot=robot2
308.000,original,-,robot4,MIN_DISTANCE,OK,4.195,3.205,,0,nearest_robot=robot1
308.000,original,-,robot5,MIN_DISTANCE,OK,4.444,3.205,,0,nearest_robot=robot6
308.000,original,-,robot6,MIN_DISTANCE,OK,4.444,3.205,,0,nearest_robot=robot5
308.000,original,-,fleet,MIN_DISTANCE_AVG,OK,3.205,,,0,robots_sampled=6
309.000,original,-,robot1,MIN_DISTANCE,OK,3.708,3.241,,0,nearest_robot=robot4
309.000,original,-,robot2,MIN_DISTANCE,OK,1.193,3.241,,0,nearest_robot=robot3
309.000,original,-,robot3,MIN_DISTANCE,OK,1.193,3.241,,0,nearest_robot=robot2
309.000,original,-,robot4,MIN_DISTANCE,OK,3.708,3.241,,0,nearest_robot=robot1
309.000,original,-,robot5,MIN_DISTANCE,OK,4.820,3.241,,0,nearest_robot=robot6
309.000,original,-,robot6,MIN_DISTANCE,OK,4.820,3.241,,0,nearest_robot=robot5
309.000,original,-,fleet,MIN_DISTANCE_AVG,OK,3.241,,,0,robots_sampled=6
310.000,original,-,robot1,MIN_DISTANCE,OK,3.259,3.335,,0,nearest_robot=robot4
310.000,original,-,robot2,MIN_DISTANCE,OK,1.555,3.335,,0,nearest_robot=robot3
310.000,original,-,robot3,MIN_DISTANCE,OK,1.555,3.335,,0,nearest_robot=robot2
310.000,original,-,robot4,MIN_DISTANCE,OK,3.259,3.335,,0,nearest_robot=robot1
310.000,original,-,robot5,MIN_DISTANCE,OK,5.192,3.335,,0,nearest_robot=robot6
310.000,original,-,robot6,MIN_DISTANCE,OK,5.192,3.335,,0,nearest_robot=robot5
310.000,original,-,fleet,MIN_DISTANCE_AVG,OK,3.335,,,0,robots_sampled=6
310.500,original,-,fleet,REPLAN_FULL,OK,,,robot1|robot2|robot3|robot4|robot5|robot6,0,original_full_optimization
311.000,original,-,robot1,MIN_DISTANCE,OK,2.865,3.382,,0,nearest_robot=robot4
311.000,original,-,robot2,MIN_DISTANCE,OK,1.721,3.382,,0,nearest_robot=robot3
311.000,original,-,robot3,MIN_DISTANCE,OK,1.721,3.382,,0,nearest_robot=robot2
311.000,original,-,robot4,MIN_DISTANCE,OK,2.865,3.382,,0,nearest_robot=robot1
311.000,original,-,robot5,MIN_DISTANCE,OK,5.561,3.382,,0,nearest_robot=robot6
311.000,original,-,robot6,MIN_DISTANCE,OK,5.561,3.382,,0,nearest_robot=robot5
311.000,original,-,fleet,MIN_DISTANCE_AVG,OK,3.382,,,0,robots_sampled=6
