timestamp,run_id,task_id,robot_id,event,status,allocation_cost,duration,path,collision_flag,message
57.000,original,-,robot1,MIN_DISTANCE,OK,12.416,10.587,,0,nearest_robot=robot6
57.000,original,-,robot2,MIN_DISTANCE,OK,12.510,10.587,,0,nearest_robot=robot1
57.000,original,-,robot3,MIN_DISTANCE,OK,6.490,10.587,,0,nearest_robot=robot4
57.000,original,-,robot4,MIN_DISTANCE,OK,6.490,10.587,,0,nearest_robot=robot3
57.000,original,-,robot5,MIN_DISTANCE,OK,13.200,10.587,,0,nearest_robot=robot4
57.000,original,-,robot6,MIN_DISTANCE,OK,12.416,10.587,,0,nearest_robot=robot1
57.000,original,-,fleet,MIN_DISTANCE_AVG,OK,10.587,,,0,robots_sampled=6
58.000,original,-,robot1,MIN_DISTANCE,OK,12.416,10.587,,0,nearest_robot=robot6
58.000,original,-,robot2,MIN_DISTANCE,OK,12.510,10.587,,0,nearest_robot=robot1
58.000,original,-,robot3,MIN_DISTANCE,OK,6.490,10.587,,0,nearest_robot=robot4
58.000,original,-,robot4,MIN_DISTANCE,OK,6.490,10.587,,0,nearest_robot=robot3
58.000,original,-,robot5,MIN_DISTANCE,OK,13.200,10.587,,0,nearest_robot=robot4
58.000,original,-,robot6,MIN_DISTANCE,OK,12.416,10.587,,0,nearest_robot=robot1
58.000,original,-,fleet,MIN_DISTANCE_AVG,OK,10.587,,,0,robots_sampled=6
59.000,original,-,robot1,MIN_DISTANCE,OK,12.416,10.587,,0,nearest_robot=robot6
59.000,original,-,robot2,MIN_DISTANCE,OK,12.510,10.587,,0,nearest_robot=robot1
59.000,original,-,robot3,MIN_DISTANCE,OK,6.490,10.587,,0,nearest_robot=robot4
59.000,original,-,robot4,MIN_DISTANCE,OK,6.490,10.587,,0,nearest_robot=robot3
59.000,original,-,robot5,MIN_DISTANCE,OK,13.200,10.587,,0,nearest_robot=robot4
59.000,original,-,robot6,MIN_DISTANCE,OK,12.416,10.587,,0,nearest_robot=robot1
59.000,original,-,fleet,MIN_DISTANCE_AVG,OK,10.587,,,0,robots_sampled=6
60.000,original,-,fleet,REPLAN_FULL,OK,,,robot1|robot2|robot3|robot4|robot5|robot6,0,original_full_optimization
60.000,original,-,robot1,MIN_DISTANCE,OK,12.416,10.587,,0,nearest_robot=robot6
60.000,original,-,robot2,MIN_DISTANCE,OK,12.510,10.587,,0,nearest_robot=robot1
60.000,original,-,robot3,MIN_DISTANCE,OK,6.490,10.587,,0,nearest_robot=robot4
60.000,original,-,robot4,MIN_DISTANCE,OK,6.490,10.587,,0,nearest_robot=robot3
60.000,original,-,robot5,MIN_DISTANCE,OK,13.200,10.587,,0,nearest_robot=robot4
60.000,original,-,robot6,MIN_DISTANCE,OK,12.416,10.587,,0,nearest_robot=robot1
60.000,original,-,fleet,MIN_DISTANCE_AVG,OK,10.587,,,0,robots_sampled=6
61.000,original,-,robot1,MIN_DISTANCE,OK,12.416,10.587,,0,nearest_robot=robot6
61.000,original,-,robot2,MIN_DISTANCE,OK,12.510,10.587,,0,nearest_robot=robot1
61.000,original,-,robot3,MIN_DISTANCE,OK,6.490,10.587,,0,nearest_robot=robot4
61.000,original,-,robot4,MIN_DISTANCE,OK,6.490,10.587,,0,nearest_robot=robot3
61.000,original,-,robot5,MIN_DISTANCE,OK,13.200,10.587,,0,nearest_robot=robot4
61.000,original,-,robot6,MIN_DISTANCE,OK,12.416,10.587,,0,nearest_robot=robot1
61.000,original,-,fleet,MIN_DISTANCE_AVG,OK,10.587,,,0,robots_sampled=6
62.000,original,-,robot1,MIN_DISTANCE,OK,12.416,10.587,,0,nearest_robot=robot6
62.000,original,-,robot2,MIN_DISTANCE,OK,12.510,10.587,,0,nearest_robot=robot1
62.000,original,-,robot3,MIN_DISTANCE,OK,6.490,10.587,,0,nearest_robot=robot4
62.000,original,-,robot4,MIN_DISTANCE,OK,6.490,10.587,,0,nearest_robot=robot3
62.000,original,-,robot5,MIN_DISTANCE,OK,13.200,10.587,,0,nearest_robot=robot4
62.000,original,-,robot6,MIN_DISTANCE,OK,12.416,10.587,,0,nearest_robot=robot1
62.000,original,-,fleet,MIN_DISTANCE_AVG,OK,10.587,,,0,robots_sampled=6
63.000,original,-,robot1,MIN_DISTANCE,OK,12.416,10.587,,0,nearest_robot=robot6
63.000,original,-,robot2,MIN_DISTANCE,OK,12.510,10.587,,0,nearest_robot=robot1
63.000,original,-,robot3,MIN_DISTANCE,OK,6.490,10.587,,0,nearest_robot=robot4
63.000,original,-,robot4,MIN_DISTANCE,OK,6.490,10.587,,0,nearest_robot=robot3
63.000,original,-,robot5,MIN_DISTANCE,OK,13.200,10.587,,0,nearest_robot=robot4
63.000,original,-,robot6,MIN_DISTANCE,OK,12.416,10.587,,0,nearest_robot=robot1
63.000,original,-,fleet,MIN_DISTANCE_AVG,OK,10.587,,,0,robots_sampled=6
64.000,original,-,robot1,MIN_DISTANCE,OK,12.416,10.587,,0,nearest_robot=robot6
64.000,original,-,robot2,MIN_DISTANCE,OK,12.510,10.587,,0,nearest_robot=robot1
64.000,original,-,robot3,MIN_DISTANCE,OK,6.490,10.587,,0,nearest_robot=robot4
64.000,original,-,robot4,MIN_DISTANCE,OK,6.490,10.587,,0,nearest_robot=robot3
64.000,original,-,robot5,MIN_DISTANCE,OK,13.200,10.587,,0,nearest_robot=robot4
64.000,original,-,robot6,MIN_DISTANCE,OK,12.416,10.587,,0,nearest_robot=robot1
64.000,original,-,fleet,MIN_DISTANCE_AVG,OK,10.587,,,0,robots_sampled=6
65.000,original,-,robot1,MIN_DISTANCE,OK,12.416,10.587,,0,nearest_robot=robot6
65.000,original,-,robot2,MIN_DISTANCE,OK,12.510,10.587,,0,nearest_robot=robot1
65.000,original,-,robot3,MIN_DISTANCE,OK,6.490,10.587,,0,nearest_robot=robot4
65.000,original,-,robot4,MIN_DISTANCE,OK,6.490,10.587,,0,nearest_robot=robot3
65.000,original,-,robot5,MIN_DISTANCE,OK,13.200,10.587,,0,nearest_robot=robot4
65.000,original,-,robot6,MIN_DISTANCE,OK,12.416,10.587,,0,nearest_robot=robot1
65.000,original,-,fleet,MIN_DISTANCE_AVG,OK,10.587,,,0,robots_sampled=6
66.000,original,-,robot1,MIN_DISTANCE,OK,12.416,10.587,,0,nearest_robot=robot6
66.000,original,-,robot2,MIN_DISTANCE,OK,12.510,10.587,,0,nearest_robot=robot1
66.000,original,-,robot3,MIN_DISTANCE,OK,6.490,10.587,,0,nearest_robot=robot4
66.000,original,-,robot4,MIN_DISTANCE,OK,6.490,10.587,,0,nearest_robot=robot3
66.000,original,-,robot5,MIN_DISTANCE,OK,13.200,10.587,,0,nearest_robot=robot4
66.000,original,-,robot6,MIN_DISTANCE,OK,12.416,10.587,,0,nearest_robot=robot1
66.000,original,-,fleet,MIN_DISTANCE_AVG,OK,10.587,,,0,robots_sampled=6
67.000,original,-,robot1,MIN_DISTANCE,OK,12.416,10.587,,0,nearest_robot=robot6
67.000,original,-,robot2,MIN_DISTANCE,OK,12.510,10.587,,0,nearest_robot=robot1
67.000,original,-,robot3,MIN_DISTANCE,OK,6.490,10.587,,0,nearest_robot=robot4
67.000,original,-,robot4,MIN_DISTANCE,OK,6.490,10.587,,0,nearest_robot=robot3
67.000,original,-,robot5,MIN_DISTANCE,OK,13.200,10.587,,0,nearest_robot=robot4
67.000,original,-,robot6,MIN_DISTANCE,OK,12.416,10.587,,0,nearest_robot=robot1
67.000,original,-,fleet,MIN_DISTANCE_AVG,OK,10.587,,,0,robots_sampled=6
68.000,original,-,robot1,MIN_DISTANCE,OK,12.416,10.587,,0,nearest_robot=robot6
68.000,original,-,robot2,MIN_DISTANCE,OK,12.510,10.587,,0,nearest_robot=robot1
68.000,original,-,robot3,MIN_DISTANCE,OK,6.490,10.587,,0,nearest_robot=robot4
68.000,original,-,robot4,MIN_DISTANCE,OK,6.490,10.587,,0,nearest_robot=robot3
68.000,original,-,robot5,MIN_DISTANCE,OK,13.200,10.587,,0,nearest_robot=robot4
68.000,original,-,robot6,MIN_DISTANCE,OK,12.416,10.587,,0,nearest_robot=robot1
68.000,original,-,fleet,MIN_DISTANCE_AVG,OK,10.587,,,0,robots_sampled=6
69.000,original,-,robot1,MIN_DISTANCE,OK,12.416,10.587,,0,nearest_robot=robot6
69.000,original,-,robot2,MIN_DISTANCE,OK,12.510,10.587,,0,nearest_robot=robot1
69.000,original,-,robot3,MIN_DISTANCE,OK,6.490,10.587,,0,nearest_robot=robot4
69.000,original,-,robot4,MIN_DISTANCE,OK,6.490,10.587,,0,nearest_robot=robot3
69.000,original,-,robot5,MIN_DISTANCE,OK,13.200,10.587,,0,nearest_robot=robot4
69.000,original,-,robot6,MIN_DISTANCE,OK,12.416,10.587,,0,nearest_robot=robot1
69.000,original,-,fleet,MIN_DISTANCE_AVG,OK,10.587,,,0,robots_sampled=6
70.000,original,-,robot1,MIN_DISTANCE,OK,12.416,10.587,,0,nearest_robot=robot6
70.000,original,-,robot2,MIN_DISTANCE,OK,12.510,10.587,,0,nearest_robot=robot1
70.000,original,-,robot3,MIN_DISTANCE,OK,6.490,10.587,,0,nearest_robot=robot4
70.000,original,-,robot4,MIN_DISTANCE,OK,6.490,10.587,,0,nearest_robot=robot3
70.000,original,-,robot5,MIN_DISTANCE,OK,13.200,10.587,,0,nearest_robot=robot4
70.000,original,-,robot6,MIN_DISTANCE,OK,12.416,10.587,,0,nearest_robot=robot1
70.000,original,-,fleet,MIN_DISTANCE_AVG,OK,10.587,,,0,robots_sampled=6
71.000,original,-,robot1,MIN_DISTANCE,OK,12.416,10.587,,0,nearest_robot=robot6
71.000,original,-,robot2,MIN_DISTANCE,OK,12.510,10.587,,0,nearest_robot=robot1
71.000,original,-,robot3,MIN_DISTANCE,OK,6.490,10.587,,0,nearest_robot=robot4
71.000,original,-,robot4,MIN_DISTANCE,OK,6.490,10.587,,0,nearest_robot=robot3
71.000,original,-,robot5,MIN_DISTANCE,OK,13.200,10.587,,0,nearest_robot=robot4
71.000,original,-,robot6,MIN_DISTANCE,OK,12.416,10.587,,0,nearest_robot=robot1
71.000,original,-,fleet,MIN_DISTANCE_AVG,OK,10.587,,,0,robots_sampled=6
72.000,original,-,robot1,MIN_DISTANCE,OK,12.416,10.587,,0,nearest_robot=robot6
72.000,original,-,robot2,MIN_DISTANCE,OK,12.510,10.587,,0,nearest_robot=robot1
72.000,original,-,robot3,MIN_DISTANCE,OK,6.490,10.587,,0,nearest_robot=robot4
72.000,original,-,robot4,MIN_DISTANCE,OK,6.490,10.587,,0,nearest_robot=robot3
72.000,original,-,robot5,MIN_DISTANCE,OK,13.200,10.587,,0,nearest_robot=robot4
72.000,original,-,robot6,MIN_DISTANCE,OK,12.416,10.587,,0,nearest_robot=robot1
72.000,original,-,fleet,MIN_DISTANCE_AVG,OK,10.587,,,0,robots_sampled=6
73.000,original,-,robot1,MIN_DISTANCE,OK,12.416,10.587,,0,nearest_robot=robot6
73.000,original,-,robot2,MIN_DISTANCE,OK,12.510,10.587,,0,nearest_robot=robot1
73.000,original,-,robot3,MIN_DISTANCE,OK,6.490,10.587,,0,nearest_robot=robot4
73.000,original,-,robot4,MIN_DISTANCE,OK,6.490,10.587,,0,nearest_robot=robot3
73.000,original,-,robot5,MIN_DISTANCE,OK,13.200,10.587,,0,nearest_robot=robot4
73.000,original,-,robot6,MIN_DISTANCE,OK,12.416,10.587,,0,nearest_robot=robot1
73.000,original,-,fleet,MIN_DISTANCE_AVG,OK,10.587,,,0,robots_sampled=6
74.000,original,-,robot1,MIN_DISTANCE,OK,12.416,10.587,,0,nearest_robot=robot6
74.000,original,-,robot2,MIN_DISTANCE,OK,12.510,10.587,,0,nearest_robot=robot1
74.000,original,-,robot3,MIN_DISTANCE,OK,6.490,10.587,,0,nearest_robot=robot4
74.000,original,-,robot4,MIN_DISTANCE,OK,6.490,10.587,,0,nearest_robot=robot3
74.000,original,-,robot5,MIN_DISTANCE,OK,13.200,10.587,,0,nearest_robot=robot4
74.000,original,-,robot6,MIN_DISTANCE,OK,12.416,10.587,,0,nearest_robot=robot1
74.000,original,-,fleet,MIN_DISTANCE_AVG,OK,10.587,,,0,robots_sampled=6
75.000,original,-,robot1,MIN_DISTANCE,OK,12.416,10.587,,0,nearest_robot=robot6
75.000,original,-,robot2,MIN_DISTANCE,OK,12.510,10.587,,0,nearest_robot=robot1
75.000,original,-,robot3,MIN_DISTANCE,OK,6.490,10.587,,0,nearest_robot=robot4
75.000,original,-,robot4,MIN_DISTANCE,OK,6.490,10.587,,0,nearest_robot=robot3
75.000,original,-,robot5,MIN_DISTANCE,OK,13.200,10.587,,0,nearest_robot=robot4
75.000,original,-,robot6,MIN_DISTANCE,OK,12.416,10.587,,0,nearest_robot=robot1
75.000,original,-,fleet,MIN_DISTANCE_AVG,OK,10.587,,,0,robots_sampled=6
76.000,original,-,robot1,MIN_DISTANCE,OK,12.416,10.587,,0,nearest_robot=robot6
76.000,original,-,robot2,MIN_DISTANCE,OK,12.510,10.587,,0,nearest_robot=robot1
76.000,original,-,robot3,MIN_DISTANCE,OK,6.490,10.587,,0,nearest_robot=robot4
76.000,original,-,robot4,MIN_DISTANCE,OK,6.490,10.587,,0,nearest_robot=robot3
76.000,original,-,robot5,MIN_DISTANCE,OK,13.200,10.587,,0,nearest_robot=robot4
76.000,original,-,robot6,MIN_DISTANCE,OK,12.416,10.587,,0,nearest_robot=robot1
76.000,original,-,fleet,MIN_DISTANCE_AVG,OK,10.587,,,0,robots_sampled=6
77.000,original,-,robot1,MIN_DISTANCE,OK,12.416,10.587,,0,nearest_robot=robot6
77.000,original,-,robot2,MIN_DISTANCE,OK,12.510,10.587,,0,nearest_robot=robot1
77.000,original,-,robot3,MIN_DISTANCE,OK,6.490,10.587,,0,nearest_robot=robot4
77.000,original,-,robot4,MIN_DISTANCE,OK,6.490,10.587,,0,nearest_robot=robot3
77.000,original,-,robot5,MIN_DISTANCE,OK,13.200,10.587,,0,nearest_robot=robot4
77.000,original,-,robot6,MIN_DISTANCE,OK,12.416,10.587,,0,nearest_robot=robot1
77.000,original,-,fleet,MIN_DISTANCE_AVG,OK,10.587,,,0,robots_sampled=6
78.000,original,-,robot1,MIN_DISTANCE,OK,12.416,10.587,,0,nearest_robot=robot6
78.000,original,-,robot2,MIN_DISTANCE,OK,12.510,10.587,,0,nearest_robot=robot1
78.000,original,-,robot3,MIN_DISTANCE,OK,6.490,10.587,,0,nearest_robot=robot4
78.000,original,-,robot4,MIN_DISTANCE,OK,6.490,10.587,,0,nearest_robot=robot3
78.000,original,-,robot5,MIN_DISTANCE,OK,13.200,10.587,,0,nearest_robot=robot4
78.000,original,-,robot6,MIN_DISTANCE,OK,12.416,10.587,,0,nearest_robot=robot1
78.000,original,-,fleet,MIN_DISTANCE_AVG,OK,10.587,,,0,robots_sampled=6
79.000,original,-,robot1,MIN_DISTANCE,OK,12.416,10.587,,0,nearest_robot=robot6
79.000,original,-,robot2,MIN_DISTANCE,OK,12.510,10.587,,0,nearest_robot=robot1
79.000,original,-,robot3,MIN_DISTANCE,OK,6.490,10.587,,0,nearest_robot=robot4
79.000,original,-,robot4,MIN_DISTANCE,OK,6.490,10.587,,0,nearest_robot=robot3
79.000,original,-,robot5,MIN_DISTANCE,OK,13.200,10.587,,0,nearest_robot=robot4
79.000,original,-,robot6,MIN_DISTANCE,OK,12.416,10.587,,0,nearest_robot=robot1
79.000,original,-,fleet,MIN_DISTANCE_AVG,OK,10.587,,,0,robots_sampled=6
80.000,original,-,robot1,MIN_DISTANCE,OK,12.416,10.587,,0,nearest_robot=robot6
80.000,original,-,robot2,MIN_DISTANCE,OK,12.510,10.587,,0,nearest_robot=robot1
80.000,original,-,robot3,MIN_DISTANCE,OK,6.490,10.587,,0,nearest_robot=robot4
80.000,original,-,robot4,MIN_DISTANCE,OK,6.490,10.587,,0,nearest_robot=robot3
80.000,original,-,robot5,MIN_DISTANCE,OK,13.200,10.587,,0,nearest_robot=robot4
80.000,original,-,robot6,MIN_DISTANCE,OK,12.416,10.587,,0,nearest_robot=robot1
80.000,original,-,fleet,MIN_DISTANCE_AVG,OK,10.587,,,0,robots_sampled=6
81.000,original,-,robot1,MIN_DISTANCE,OK,12.416,10.587,,0,nearest_robot=robot6
81.000,original,-,robot2,MIN_DISTANCE,OK,12.510,10.587,,0,nearest_robot=robot1
81.000,original,-,robot3,MIN_DISTANCE,OK,6.490,10.587,,0,nearest_robot=robot4
81.000,original,-,robot4,MIN_DISTANCE,OK,6.490,10.587,,0,nearest_robot=robot3
81.000,original,-,robot5,MIN_DISTANCE,OK,13.200,10.587,,0,nearest_robot=robot4
81.000,original,-,robot6,MIN_DISTANCE,OK,12.416,10.587,,0,nearest_robot=robot1
81.000,original,-,fleet,MIN_DISTANCE_AVG,OK,10.587,,,0,robots_sampled=6
82.000,original,-,robot1,MIN_DISTANCE,OK,12.416,10.587,,0,nearest_robot=robot6
82.000,original,-,robot2,MIN_DISTANCE,OK,12.510,10.587,,0,nearest_robot=robot1
82.000,original,-,robot3,MIN_DISTANCE,OK,6.490,10.587,,0,nearest_robot=robot4
82.000,original,-,robot4,MIN_DISTANCE,OK,6.490,10.587,,0,nearest_robot=robot3
82.000,original,-,robot5,MIN_DISTANCE,OK,13.200,10.587,,0,nearest_robot=robot4
82.000,original,-,robot6,MIN_DISTANCE,OK,12.416,10.587,,0,nearest_robot=robot1
82.000,original,-,fleet,MIN_DISTANCE_AVG,OK,10.587,,,0,robots_sampled=6
83.000,original,-,robot1,MIN_DISTANCE,OK,12.416,10.587,,0,nearest_robot=robot6
83.000,original,-,robot2,MIN_DISTANCE,OK,12.510,10.587,,0,nearest_robot=robot1
83.000,original,-,robot3,MIN_DISTANCE,OK,6.490,10.587,,0,nearest_robot=robot4
83.000,original,-,robot4,MIN_DISTANCE,OK,6.490,10.587,,0,nearest_robot=robot3
83.000,original,-,robot5,MIN_DISTANCE,OK,13.200,10.587,,0,nearest_robot=robot4
83.000,original,-,robot6,MIN_DISTANCE,OK,12.416,10.587,,0,nearest_robot=robot1
83.000,original,-,fleet,MIN_DISTANCE_AVG,OK,10.587,,,0,robots_sampled=6
83.850,original,-,fleet,CHOMP_TIME_FULL,OK,,24.561,,0,iterations=100;iterations_executed=100;source=algorithm;round_trip=24.583030
84.000,original,-,robot1,MIN_DISTANCE,OK,12.416,10.587,,0,nearest_robot=robot6
84.000,original,-,robot2,MIN_DISTANCE,OK,12.510,10.587,,0,nearest_robot=robot1
84.000,original,-,robot3,MIN_DISTANCE,OK,6.494,10.587,,0,nearest_robot=robot4
84.000,original,-,robot4,MIN_DISTANCE,OK,6.494,10.587,,0,nearest_robot=robot3
84.000,original,-,robot5,MIN_DISTANCE,OK,13.193,10.587,,0,nearest_robot=robot4
84.000,original,-,robot6,MIN_DISTANCE,OK,12.416,10.587,,0,nearest_robot=robot1
84.000,original,-,fleet,MIN_DISTANCE_AVG,OK,10.587,,,0,robots_sampled=6
84.500,original,-,fleet,REPLAN_FULL,OK,,,robot1|robot2|robot3|robot4|robot5|robot6,0,original_full_optimization
85.000,original,-,robot1,MIN_DISTANCE,OK,12.416,10.587,,0,nearest_robot=robot6
85.000,original,-,robot2,MIN_DISTANCE,OK,12.510,10.587,,0,nearest_robot=robot1
85.000,original,-,robot3,MIN_DISTANCE,OK,6.633,10.587,,0,nearest_robot=robot4
85.000,original,-,robot4,MIN_DISTANCE,OK,6.633,10.587,,0,nearest_robot=robot3
85.000,original,-,robot5,MIN_DISTANCE,OK,12.915,10.587,,0,nearest_robot=robot4
85.000,original,-,robot6,MIN_DISTANCE,OK,12.416,10.587,,0,nearest_robot=robot1
85.000,original,-,fleet,MIN_DISTANCE_AVG,OK,10.587,,,0,robots_sampled=6
86.000,original,-,robot1,MIN_DISTANCE,OK,12.416,10.579,,0,nearest_robot=robot6
86.000,original,-,robot2,MIN_DISTANCE,OK,12.510,10.579,,0,nearest_robot=robot1
86.000,original,-,robot3,MIN_DISTANCE,OK,6.781,10.579,,0,nearest_robot=robot4
86.000,original,-,robot4,MIN_DISTANCE,OK,6.781,10.579,,0,nearest_robot=robot3
86.000,original,-,robot5,MIN_DISTANCE,OK,12.570,10.579,,0,nearest_robot=robot4
86.000,original,-,robot6,MIN_DISTANCE,OK,12.416,10.579,,0,nearest_robot=robot1
86.000,original,-,fleet,MIN_DISTANCE_AVG,OK,10.579,,,0,robots_sampled=6
87.000,original,-,robot1,MIN_DISTANCE,OK,12.416,10.559,,0,nearest_robot=robot6
87.000,original,-,robot2,MIN_DISTANCE,OK,12.510,10.559,,0,nearest_robot=robot1
87.000,original,-,robot3,MIN_DISTANCE,OK,6.872,10.559,,0,nearest_robot=robot4
87.000,original,-,robot4,MIN_DISTANCE,OK,6.872,10.559,,0,nearest_robot=robot3
87.000,original,-,robot5,MIN_DISTANCE,OK,12.266,10.559,,0,nearest_robot=robot4
87.000,original,-,robot6,MIN_DISTANCE,OK,12.416,10.559,,0,nearest_robot=robot1
87.000,original,-,fleet,MIN_DISTANCE_AVG,OK,10.559,,,0,robots_sampled=6
88.000,original,-,robot1,MIN_DISTANCE,OK,12.416,10.541,,0,nearest_robot=robot6
88.000,original,-,robot2,MIN_DISTANCE,OK,12.510,10.541,,0,nearest_robot=robot1
88.000,original,-,robot3,MIN_DISTANCE,OK,6.882,10.541,,0,nearest_robot=robot4
88.000,original,-,robot4,MIN_DISTANCE,OK,6.882,10.541,,0,nearest_robot=robot3
88.000,original,-,robot5,MIN_DISTANCE,OK,12.138,10.541,,0,nearest_robot=robot4
88.000,original,-,robot6,MIN_DISTANCE,OK,12.416,10.541,,0,nearest_robot=robot1
88.000,original,-,fleet,MIN_DISTANCE_AVG,OK,10.541,,,0,robots_sampled=6
89.000,original,-,robot1,MIN_DISTANCE,OK,12.416,10.568,,0,nearest_robot=robot6
89.000,original,-,robot2,MIN_DISTANCE,OK,12.510,10.568,,0,nearest_robot=robot1
89.000,original,-,robot3,MIN_DISTANCE,OK,6.945,10.568,,0,nearest_robot=robot4
89.000,original,-,robot4,MIN_DISTANCE,OK,6.945,10.568,,0,nearest_robot=robot3
89.000,original,-,robot5,MIN_DISTANCE,OK,12.176,10.568,,0,nearest_robot=robot4
89.000,original,-,robot6,MIN_DISTANCE,OK,12.416,10.568,,0,nearest_robot=robot1
89.000,original,-,fleet,MIN_DISTANCE_AVG,OK,10.568,,,0,robots_sampled=6
90.000,original,-,robot1,MIN_DISTANCE,OK,12.416,10.610,,0,nearest_robot=robot6
90.000,original,-,robot2,MIN_DISTANCE,OK,12.510,10.610,,0,nearest_robot=robot1
90.000,original,-,robot3,MIN_DISTANCE,OK,7.049,10.610,,0,nearest_robot=robot4
90.000,original,-,robot4,MIN_DISTANCE,OK,7.049,10.610,,0,nearest_robot=robot3
90.000,original,-,robot5,MIN_DISTANCE,OK,12.222,10.610,,0,nearest_robot=robot4
90.000,original,-,robot6,MIN_DISTANCE,OK,12.416,10.610,,0,nearest_robot=robot1
90.000,original,-,fleet,MIN_DISTANCE_AVG,OK,10.610,,,0,robots_sampled=6
91.000,original,-,robot1,MIN_DISTANCE,OK,12.416,10.690,,0,nearest_robot=robot6
91.000,original,-,robot2,MIN_DISTANCE,OK,12.510,10.690,,0,nearest_robot=robot1
91.000,original,-,robot3,MIN_DISTANCE,OK,7.288,10.690,,0,nearest_robot=robot4
91.000,original,-,robot4,MIN_DISTANCE,OK,7.288,10.690,,0,nearest_robot=robot3
91.000,original,-,robot5,MIN_DISTANCE,OK,12.221,10.690,,0,nearest_robot=robot4
91.000,original,-,robot6,MIN_DISTANCE,OK,12.416,10.690,,0,nearest_robot=robot1
91.000,original,-,fleet,MIN_DISTANCE_AVG,OK,10.690,,,0,robots_sampled=6
92.000,original,-,robot1,MIN_DISTANCE,OK,12.416,10.794,,0,nearest_robot=robot6
92.000,original,-,robot2,MIN_DISTANCE,OK,12.510,10.794,,0,nearest_robot=robot1
92.000,original,-,robot3,MIN_DISTANCE,OK,7.727,10.794,,0,nearest_robot=robot4
92.000,original,-,robot4,MIN_DISTANCE,OK,7.727,10.794,,0,nearest_robot=robot3
92.000,original,-,robot5,MIN_DISTANCE,OK,11.969,10.794,,0,nearest_robot=robot4
92.000,original,-,robot6,MIN_DISTANCE,OK,12.416,10.794,,0,nearest_robot=robot1
92.000,original,-,fleet,MIN_DISTANCE_AVG,OK,10.794,,,0,robots_sampled=6
93.000,original,-,robot1,MIN_DISTANCE,OK,12.416,10.861,,0,nearest_robot=robot6
93.000,original,-,robot2,MIN_DISTANCE,OK,12.510,10.861,,0,nearest_robot=robot1
93.000,original,-,robot3,MIN_DISTANCE,OK,8.076,10.861,,0,nearest_robot=robot4
93.000,original,-,robot4,MIN_DISTANCE,OK,8.076,10.861,,0,nearest_robot=robot3
93.000,original,-,robot5,MIN_DISTANCE,OK,11.672,10.861,,0,nearest_robot=robot4
93.000,original,-,robot6,MIN_DISTANCE,OK,12.416,10.861,,0,nearest_robot=robot1
93.000,original,-,fleet,MIN_DISTANCE_AVG,OK,10.861,,,0,robots_sampled=6
94.000,original,-,robot1,MIN_DISTANCE,OK,12.416,10.914,,0,nearest_robot=robot6
94.000,original,-,robot2,MIN_DISTANCE,OK,12.510,10.914,,0,nearest_robot=robot1
94.000,original,-,robot3,MIN_DISTANCE,OK,8.392,10.914,,0,nearest_robot=robot4
94.000,original,-,robot4,MIN_DISTANCE,OK,8.392,10.914,,0,nearest_robot=robot3
94.000,original,-,robot5,MIN_DISTANCE,OK,11.356,10.914,,0,nearest_robot=robot4
94.000,original,-,robot6,MIN_DISTANCE,OK,12.416,10.914,,0,nearest_robot=robot1
94.000,original,-,fleet,MIN_DISTANCE_AVG,OK,10.914,,,0,robots_sampled=6
95.000,original,-,robot1,MIN_DISTANCE,OK,12.416,10.963,,0,nearest_robot=robot6
95.000,original,-,robot2,MIN_DISTANCE,OK,12.510,10.963,,0,nearest_robot=robot1
95.000,original,-,robot3,MIN_DISTANCE,OK,8.696,10.963,,0,nearest_robot=robot4
95.000,original,-,robot4,MIN_DISTANCE,OK,8.696,10.963,,0,nearest_robot=robot3
95.000,original,-,robot5,MIN_DISTANCE,OK,11.047,10.963,,0,nearest_robot=robot4
95.000,original,-,robot6,MIN_DISTANCE,OK,12.416,10.963,,0,nearest_robot=robot1
95.000,original,-,fleet,MIN_DISTANCE_AVG,OK,10.963,,,0,robots_sampled=6
96.000,original,-,robot1,MIN_DISTANCE,OK,12.416,11.025,,0,nearest_robot=robot6
96.000,original,-,robot2,MIN_DISTANCE,OK,12.510,11.025,,0,nearest_robot=robot1
96.000,original,-,robot3,MIN_DISTANCE,OK,9.029,11.025,,0,nearest_robot=robot4
96.000,original,-,robot4,MIN_DISTANCE,OK,9.029,11.025,,0,nearest_robot=robot3
96.000,original,-,robot5,MIN_DISTANCE,OK,10.747,11.025,,0,nearest_robot=robot4
96.000,original,-,robot6,MIN_DISTANCE,OK,12.416,11.025,,0,nearest_robot=robot1
96.000,original,-,fleet,MIN_DISTANCE_AVG,OK,11.025,,,0,robots_sampled=6
97.000,original,-,robot1,MIN_DISTANCE,OK,12.416,11.074,,0,nearest_robot=robot6
97.000,original,-,robot2,MIN_DISTANCE,OK,12.510,11.074,,0,nearest_robot=robot1
97.000,original,-,robot3,MIN_DISTANCE,OK,9.331,11.074,,0,nearest_robot=robot4
97.000,original,-,robot4,MIN_DISTANCE,OK,9.331,11.074,,0,nearest_robot=robot3
97.000,original,-,robot5,MIN_DISTANCE,OK,10.441,11.074,,0,nearest_robot=robot4
97.000,original,-,robot6,MIN_DISTANCE,OK,12.416,11.074,,0,nearest_robot=robot1
97.000,original,-,fleet,MIN_DISTANCE_AVG,OK,11.074,,,0,robots_sampled=6
98.000,original,-,robot1,MIN_DISTANCE,OK,12.416,11.124,,0,nearest_robot=robot6
98.000,original,-,robot2,MIN_DISTANCE,OK,12.510,11.124,,0,nearest_robot=robot1
98.000,original,-,robot3,MIN_DISTANCE,OK,9.636,11.124,,0,nearest_robot=robot4
98.000,original,-,robot4,MIN_DISTANCE,OK,9.636,11.124,,0,nearest_robot=robot3
98.000,original,-,robot5,MIN_DISTANCE,OK,10.133,11.124,,0,nearest_robot=robot4
98.000,original,-,robot6,MIN_DISTANCE,OK,12.416,11.124,,0,nearest_robot=robot1
98.000,original,-,fleet,MIN_DISTANCE_AVG,OK,11.124,,,0,robots_sampled=6
99.000,original,-,robot1,MIN_DISTANCE,OK,12.416,11.156,,0,nearest_robot=robot6
99.000,original,-,robot2,MIN_DISTANCE,OK,12.510,11.156,,0,nearest_robot=robot1
99.000,original,-,robot3,MIN_DISTANCE,OK,9.955,11.156,,0,nearest_robot=robot4
99.000,original,-,robot4,MIN_DISTANCE,OK,9.820,11.156,,0,nearest_robot=robot5
99.000,original,-,robot5,MIN_DISTANCE,OK,9.820,11.156,,0,nearest_robot=robot4
99.000,original,-,robot6,MIN_DISTANCE,OK,12.416,11.156,,0,nearest_robot=robot1
99.000,original,-,fleet,MIN_DISTANCE_AVG,OK,11.156,,,0,robots_sampled=6
100.000,original,-,robot1,MIN_DISTANCE,OK,12.416,11.111,,0,nearest_robot=robot6
100.000,original,-,robot2,MIN_DISTANCE,OK,12.510,11.111,,0,nearest_robot=robot1
100.000,original,-,robot3,MIN_DISTANCE,OK,10.279,11.111,,0,nearest_robot=robot4
100.000,original,-,robot4,MIN_DISTANCE,OK,9.523,11.111,,0,nearest_robot=robot5
100.000,original,-,robot5,MIN_DISTANCE,OK,9.523,11.111,,0,nearest_robot=robot4
100.000,original,-,robot6,MIN_DISTANCE,OK,12.416,11.111,,0,nearest_robot=robot1
100.000,original,-,fleet,MIN_DISTANCE_AVG,OK,11.111,,,0,robots_sampled=6
101.000,original,-,robot1,MIN_DISTANCE,OK,12.416,11.072,,0,nearest_robot=robot6
101.000,original,-,robot2,MIN_DISTANCE,OK,12.510,11.072,,0,nearest_robot=robot1
101.000,original,-,robot3,MIN_DISTANCE,OK,10.552,11.072,,0,nearest_robot=robot4
101.000,original,-,robot4,MIN_DISTANCE,OK,9.269,11.072,,0,nearest_robot=robot5
101.000,original,-,robot5,MIN_DISTANCE,OK,9.269,11.072,,0,nearest_robot=robot4
101.000,original,-,robot6,MIN_DISTANCE,OK,12.416,11.072,,0,nearest_robot=robot1
101.000,original,-,fleet,MIN_DISTANCE_AVG,OK,11.072,,,0,robots_sampled=6
102.000,original,-,robot1,MIN_DISTANCE,OK,12.416,11.044,,0,nearest_robot=robot6
102.000,original,-,robot2,MIN_DISTANCE,OK,12.510,11.044,,0,nearest_robot=robot1
102.000,original,-,robot3,MIN_DISTANCE,OK,10.737,11.044,,0,nearest_robot=robot4
102.000,original,-,robot4,MIN_DISTANCE,OK,9.092,11.044,,0,nearest_robot=robot5
102.000,original,-,robot5,MIN_DISTANCE,OK,9.092,11.044,,0,nearest_robot=robot4
102.000,original,-,robot6,MIN_DISTANCE,OK,12.416,11.044,,0,nearest_robot=robot1
102.000,original,-,fleet,MIN_DISTANCE_AVG,OK,11.044,,,0,robots_sampled=6
103.000,original,-,robot1,MIN_DISTANCE,OK,12.416,10.998,,0,nearest_robot=robot6
103.000,original,-,robot2,MIN_DISTANCE,OK,12.510,10.998,,0,nearest_robot=robot1
103.000,original,-,robot3,MIN_DISTANCE,OK,10.849,10.998,,0,nearest_robot=robot4
103.000,original,-,robot4,MIN_DISTANCE,OK,8.900,10.998,,0,nearest_robot=robot5
103.000,original,-,robot5,MIN_DISTANCE,OK,8.900,10.998,,0,nearest_robot=robot4
103.000,original,-,robot6,MIN_DISTANCE,OK,12.416,10.998,,0,nearest_robot=robot1
103.000,original,-,fleet,MIN_DISTANCE_AVG,OK,10.998,,,0,robots_sampled=6
104.000,original,-,robot1,MIN_DISTANCE,OK,12.416,10.963,,0,nearest_robot=robot6
104.000,original,-,robot2,MIN_DISTANCE,OK,12.510,10.963,,0,nearest_robot=robot1
104.000,original,-,robot3,MIN_DISTANCE,OK,10.860,10.963,,0,nearest_robot=robot4
104.000,original,-,robot4,MIN_DISTANCE,OK,8.787,10.963,,0,nearest_robot=robot5
104.000,original,-,robot5,MIN_DISTANCE,OK,8.787,10.963,,0,nearest_robot=robot4
104.000,original,-,robot6,MIN_DISTANCE,OK,12.416,10.963,,0,nearest_robot=robot1
104.000,original,-,fleet,MIN_DISTANCE_AVG,OK,10.963,,,0,robots_sampled=6
105.000,original,-,robot1,MIN_DISTANCE,OK,12.416,10.965,,0,nearest_robot=robot6
105.000,original,-,robot2,MIN_DISTANCE,OK,12.510,10.965,,0,nearest_robot=robot1
105.000,original,-,robot3,MIN_DISTANCE,OK,10.870,10.965,,0,nearest_robot=robot4
105.000,original,-,robot4,MIN_DISTANCE,OK,8.791,10.965,,0,nearest_robot=robot5
105.000,original,-,robot5,MIN_DISTANCE,OK,8.791,10.965,,0,nearest_robot=robot4
105.000,original,-,robot6,MIN_DISTANCE,OK,12.416,10.965,,0,nearest_robot=robot1
105.000,original,-,fleet,MIN_DISTANCE_AVG,OK,10.965,,,0,robots_sampled=6
106.000,original,-,robot1,MIN_DISTANCE,OK,12.416,10.955,,0,nearest_robot=robot6
106.000,original,-,robot2,MIN_DISTANCE,OK,12.510,10.955,,0,nearest_robot=robot1
106.000,original,-,robot3,MIN_DISTANCE,OK,10.836,10.955,,0,nearest_robot=robot4
106.000,original,-,robot4,MIN_DISTANCE,OK,8.777,10.955,,0,nearest_robot=robot5
106.000,original,-,robot5,MIN_DISTANCE,OK,8.777,10.955,,0,nearest_robot=robot4
106.000,original,-,robot6,MIN_DISTANCE,OK,12.416,10.955,,0,nearest_robot=robot1
106.000,original,-,fleet,MIN_DISTANCE_AVG,OK,10.955,,,0,robots_sampled=6
107.000,original,-,robot1,MIN_DISTANCE,OK,12.416,10.966,,0,nearest_robot=robot6
107.000,original,-,robot2,MIN_DISTANCE,OK,12.510,10.966,,0,nearest_robot=robot1
107.000,original,-,robot3,MIN_DISTANCE,OK,10.800,10.966,,0,nearest_robot=robot4
107.000,original,-,robot4,MIN_DISTANCE,OK,8.829,10.966,,0,nearest_robot=robot5
107.000,original,-,robot5,MIN_DISTANCE,OK,8.829,10.966,,0,nearest_robot=robot4
107.000,original,-,robot6,MIN_DISTANCE,OK,12.416,10.966,,0,nearest_robot=robot1
107.000,original,-,fleet,MIN_DISTANCE_AVG,OK,10.966,,,0,robots_sampled=6
108.000,original,-,robot1,MIN_DISTANCE,OK,12.416,10.972,,0,nearest_robot=robot6
108.000,original,-,robot2,MIN_DISTANCE,OK,12.510,10.972,,0,nearest_robot=robot1
108.000,original,-,robot3,MIN_DISTANCE,OK,10.812,10.972,,0,nearest_robot=robot4
108.000,original,-,robot4,MIN_DISTANCE,OK,8.839,10.972,,0,nearest_robot=robot5
108.000,original,-,robot5,MIN_DISTANCE,OK,8.839,10.972,,0,nearest_robot=robot4
108.000,original,-,robot6,MIN_DISTANCE,OK,12.416,10.972,,0,nearest_robot=robot1
108.000,original,-,fleet,MIN_DISTANCE_AVG,OK,10.972,,,0,robots_sampled=6
108.570,original,-,fleet,CHOMP_TIME_FULL,OK,,24.863,,0,iterations=100;iterations_executed=100;source=algorithm;round_trip=24.884647
109.000,original,-,robot1,MIN_DISTANCE,OK,12.425,10.974,,0,nearest_robot=robot6
109.000,original,-,robot2,MIN_DISTANCE,OK,12.459,10.974,,0,nearest_robot=robot1
109.000,original,-,robot3,MIN_DISTANCE,OK,10.790,10.974,,0,nearest_robot=robot4
109.000,original,-,robot4,MIN_DISTANCE,OK,8.873,10.974,,0,nearest_robot=robot5
109.000,original,-,robot5,MIN_DISTANCE,OK,8.873,10.974,,0,nearest_robot=robot4
109.000,original,-,robot6,MIN_DISTANCE,OK,12.425,10.974,,0,nearest_robot=robot1
109.000,original,-,fleet,MIN_DISTANCE_AVG,OK,10.974,,,0,robots_sampled=6
109.500,original,-,fleet,REPLAN_FULL,OK,,,robot1|robot2|robot3|robot4|robot5|robot6,0,original_full_optimization
110.000,original,-,robot1,MIN_DISTANCE,OK,12.070,10.905,,0,nearest_robot=robot2
110.000,original,-,robot2,MIN_DISTANCE,OK,12.070,10.905,,0,nearest_robot=robot1
110.000,original,-,robot3,MIN_DISTANCE,OK,10.748,10.905,,0,nearest_robot=robot4
110.000,original,-,robot4,MIN_DISTANCE,OK,8.996,10.905,,0,nearest_robot=robot5
110.000,original,-,robot5,MIN_DISTANCE,OK,8.996,10.905,,0,nearest_robot=robot4
110.000,original,-,robot6,MIN_DISTANCE,OK,12.550,10.905,,0,nearest_robot=robot1
110.000,original,-,fleet,MIN_DISTANCE_AVG,OK,10.905,,,0,robots_sampled=6
111.000,original,-,robot1,MIN_DISTANCE,OK,11.759,10.901,,0,nearest_robot=robot2
111.000,original,-,robot2,MIN_DISTANCE,OK,11.759,10.901,,0,nearest_robot=robot1
111.000,original,-,robot3,MIN_DISTANCE,OK,10.999,10.901,,0,nearest_robot=robot4
111.000,original,-,robot4,MIN_DISTANCE,OK,9.082,10.901,,0,nearest_robot=robot5
111.000,original,-,robot5,MIN_DISTANCE,OK,9.082,10.901,,0,nearest_robot=robot4
111.000,original,-,robot6,MIN_DISTANCE,OK,12.723,10.901,,0,nearest_robot=robot1
111.000,original,-,fleet,MIN_DISTANCE_AVG,OK,10.901,,,0,robots_sampled=6
112.000,original,-,robot1,MIN_DISTANCE,OK,11.706,11.075,,0,nearest_robot=robot2
112.000,original,-,robot2,MIN_DISTANCE,OK,11.706,11.075,,0,nearest_robot=robot1
112.000,original,-,robot3,MIN_DISTANCE,OK,11.285,11.075,,0,nearest_robot=robot4
112.000,original,-,robot4,MIN_DISTANCE,OK,9.401,11.075,,0,nearest_robot=robot5
112.000,original,-,robot5,MIN_DISTANCE,OK,9.401,11.075,,0,nearest_robot=robot4
112.000,original,-,robot6,MIN_DISTANCE,OK,12.952,11.075,,0,nearest_robot=robot1
112.000,original,-,fleet,MIN_DISTANCE_AVG,OK,11.075,,,0,robots_sampled=6
113.000,original,-,robot1,MIN_DISTANCE,OK,11.696,11.288,,0,nearest_robot=robot2
113.000,original,-,robot2,MIN_DISTANCE,OK,11.696,11.288,,0,nearest_robot=robot1
113.000,original,-,robot3,MIN_DISTANCE,OK,11.635,11.288,,0,nearest_robot=robot4
113.000,original,-,robot4,MIN_DISTANCE,OK,9.795,11.288,,0,nearest_robot=robot5
113.000,original,-,robot5,MIN_DISTANCE,OK,9.795,11.288,,0,nearest_robot=robot4
113.000,original,-,robot6,MIN_DISTANCE,OK,13.111,11.288,,0,nearest_robot=robot5
113.000,original,-,fleet,MIN_DISTANCE_AVG,OK,11.288,,,0,robots_sampled=6
114.000,original,-,robot1,MIN_DISTANCE,OK,11.635,11.400,,0,nearest_robot=robot2
114.000,original,-,robot2,MIN_DISTANCE,OK,11.635,11.400,,0,nearest_robot=robot1
114.000,original,-,robot3,MIN_DISTANCE,OK,11.989,11.400,,0,nearest_robot=robot4
114.000,original,-,robot4,MIN_DISTANCE,OK,10.167,11.400,,0,nearest_robot=robot5
114.000,original,-,robot5,MIN_DISTANCE,OK,10.167,11.400,,0,nearest_robot=robot4
114.000,original,-,robot6,MIN_DISTANCE,OK,12.806,11.400,,0,nearest_robot=robot5
114.000,original,-,fleet,MIN_DISTANCE_AVG,OK,11.400,,,0,robots_sampled=6
115.000,original,-,robot1,MIN_DISTANCE,OK,11.617,11.410,,0,nearest_robot=robot2
115.000,original,-,robot2,MIN_DISTANCE,OK,11.617,11.410,,0,nearest_robot=robot1
115.000,original,-,robot3,MIN_DISTANCE,OK,11.733,11.410,,0,nearest_robot=robot2
115.000,original,-,robot4,MIN_DISTANCE,OK,10.494,11.410,,0,nearest_robot=robot5
115.000,original,-,robot5,MIN_DISTANCE,OK,10.494,11.410,,0,nearest_robot=robot4
115.000,original,-,robot6,MIN_DISTANCE,OK,12.508,11.410,,0,nearest_robot=robot5
115.000,original,-,fleet,MIN_DISTANCE_AVG,OK,11.410,,,0,robots_sampled=6
116.000,original,-,robot1,MIN_DISTANCE,OK,11.636,11.282,,0,nearest_robot=robot2
116.000,original,-,robot2,MIN_DISTANCE,OK,11.161,11.282,,0,nearest_robot=robot3
116.000,original,-,robot3,MIN_DISTANCE,OK,11.161,11.282,,0,nearest_robot=robot2
116.000,original,-,robot4,MIN_DISTANCE,OK,10.815,11.282,,0,nearest_robot=robot5
116.000,original,-,robot5,MIN_DISTANCE,OK,10.815,11.282,,0,nearest_robot=robot4
116.000,original,-,robot6,MIN_DISTANCE,OK,12.107,11.282,,0,nearest_robot=robot5
116.000,original,-,fleet,MIN_DISTANCE_AVG,OK,11.282,,,0,robots_sampled=6
117.000,original,-,robot1,MIN_DISTANCE,OK,11.717,11.067,,0,nearest_robot=robot2
117.000,original,-,robot2,MIN_DISTANCE,OK,10.398,11.067,,0,nearest_robot=robot3
117.000,original,-,robot3,MIN_DISTANCE,OK,10.398,11.067,,0,nearest_robot=robot2
117.000,original,-,robot4,MIN_DISTANCE,OK,11.107,11.067,,0,nearest_robot=robot5
117.000,original,-,robot5,MIN_DISTANCE,OK,11.107,11.067,,0,nearest_robot=robot4
117.000,original,-,robot6,MIN_DISTANCE,OK,11.674,11.067,,0,nearest_robot=robot5
117.000,original,-,fleet,MIN_DISTANCE_AVG,OK,11.067,,,0,robots_sampled=6
118.000,original,-,robot1,MIN_DISTANCE,OK,11.760,10.823,,0,nearest_robot=robot2
118.000,original,-,robot2,MIN_DISTANCE,OK,9.801,10.823,,0,nearest_robot=robot3
118.000,original,-,robot3,MIN_DISTANCE,OK,9.801,10.823,,0,nearest_robot=robot2
118.000,original,-,robot4,MIN_DISTANCE,OK,11.403,10.823,,0,nearest_robot=robot5
118.000,original,-,robot5,MIN_DISTANCE,OK,11.087,10.823,,0,nearest_robot=robot6
118.000,original,-,robot6,MIN_DISTANCE,OK,11.087,10.823,,0,nearest_robot=robot5
118.000,original,-,fleet,MIN_DISTANCE_AVG,OK,10.823,,,0,robots_sampled=6
119.000,original,-,robot1,MIN_DISTANCE,OK,11.881,10.460,,0,nearest_robot=robot2
119.000,original,-,robot2,MIN_DISTANCE,OK,9.310,10.460,,0,nearest_robot=robot3
119.000,original,-,robot3,MIN_DISTANCE,OK,9.310,10.460,,0,nearest_robot=robot2
119.000,original,-,robot4,MIN_DISTANCE,OK,11.702,10.460,,0,nearest_robot=robot5
119.000,original,-,robot5,MIN_DISTANCE,OK,10.277,10.460,,0,nearest_robot=robot6
119.000,original,-,robot6,MIN_DISTANCE,OK,10.277,10.460,,0,nearest_robot=robot5
119.000,original,-,fleet,MIN_DISTANCE_AVG,OK,10.460,,,0,robots_sampled=6
120.000,original,-,robot1,MIN_DISTANCE,OK,12.042,10.149,,0,nearest_robot=robot2
120.000,original,-,robot2,MIN_DISTANCE,OK,8.873,10.149,,0,nearest_robot=robot3
120.000,original,-,robot3,MIN_DISTANCE,OK,8.873,10.149,,0,nearest_robot=robot2
120.000,original,-,robot4,MIN_DISTANCE,OK,11.989,10.149,,0,nearest_robot=robot5
120.000,original,-,robot5,MIN_DISTANCE,OK,9.558,10.149,,0,nearest_robot=robot6
120.000,original,-,robot6,MIN_DISTANCE,OK,9.558,10.149,,0,nearest_robot=robot5
120.000,original,-,fleet,MIN_DISTANCE_AVG,OK,10.149,,,0,robots_sampled=6
121.000,original,-,robot1,MIN_DISTANCE,OK,12.303,9.938,,0,nearest_robot=robot2
121.000,original,-,robot2,MIN_DISTANCE,OK,8.567,9.938,,0,nearest_robot=robot3
121.000,original,-,robot3,MIN_DISTANCE,OK,8.567,9.938,,0,nearest_robot=robot2
121.000,original,-,robot4,MIN_DISTANCE,OK,12.187,9.938,,0,nearest_robot=robot5
121.000,original,-,robot5,MIN_DISTANCE,OK,9.003,9.938,,0,nearest_robot=robot6
121.000,original,-,robot6,MIN_DISTANCE,OK,9.003,9.938,,0,nearest_robot=robot5
121.000,original,-,fleet,MIN_DISTANCE_AVG,OK,9.938,,,0,robots_sampled=6
122.000,original,-,robot1,MIN_DISTANCE,OK,12.663,9.841,,0,nearest_robot=robot2
122.000,original,-,robot2,MIN_DISTANCE,OK,8.413,9.841,,0,nearest_robot=robot3
122.000,original,-,robot3,MIN_DISTANCE,OK,8.413,9.841,,0,nearest_robot=robot2
122.000,original,-,robot4,MIN_DISTANCE,OK,12.246,9.841,,0,nearest_robot=robot5
122.000,original,-,robot5,MIN_DISTANCE,OK,8.657,9.841,,0,nearest_robot=robot6
122.000,original,-,robot6,MIN_DISTANCE,OK,8.657,9.841,,0,nearest_robot=robot5
122.000,original,-,fleet,MIN_DISTANCE_AVG,OK,9.841,,,0,robots_sampled=6
123.000,original,-,robot1,MIN_DISTANCE,OK,13.042,9.826,,0,nearest_robot=robot2
123.000,original,-,robot2,MIN_DISTANCE,OK,8.435,9.826,,0,nearest_robot=robot3
123.000,original,-,robot3,MIN_DISTANCE,OK,8.435,9.826,,0,nearest_robot=robot2
123.000,original,-,robot4,MIN_DISTANCE,OK,12.261,9.826,,0,nearest_robot=robot5
123.000,original,-,robot5,MIN_DISTANCE,OK,8.393,9.826,,0,nearest_robot=robot6
123.000,original,-,robot6,MIN_DISTANCE,OK,8.393,9.826,,0,nearest_robot=robot5
123.000,original,-,fleet,MIN_DISTANCE_AVG,OK,9.826,,,0,robots_sampled=6
124.000,original,-,robot1,MIN_DISTANCE,OK,13.085,9.846,,0,nearest_robot=robot2
124.000,original,-,robot2,MIN_DISTANCE,OK,8.743,9.846,,0,nearest_robot=robot3
124.000,original,-,robot3,MIN_DISTANCE,OK,8.743,9.846,,0,nearest_robot=robot2
124.000,original,-,robot4,MIN_DISTANCE,OK,12.249,9.846,,0,nearest_robot=robot5
124.000,original,-,robot5,MIN_DISTANCE,OK,8.129,9.846,,0,nearest_robot=robot6
124.000,original,-,robot6,MIN_DISTANCE,OK,8.129,9.846,,0,nearest_robot=robot5
124.000,original,-,fleet,MIN_DISTANCE_AVG,OK,9.846,,,0,robots_sampled=6
125.000,original,-,robot1,MIN_DISTANCE,OK,12.987,9.887,,0,nearest_robot=robot2
125.000,original,-,robot2,MIN_DISTANCE,OK,9.150,9.887,,0,nearest_robot=robot3
125.000,original,-,robot3,MIN_DISTANCE,OK,9.150,9.887,,0,nearest_robot=robot2
125.000,original,-,robot4,MIN_DISTANCE,OK,12.249,9.887,,0,nearest_robot=robot5
125.000,original,-,robot5,MIN_DISTANCE,OK,7.893,9.887,,0,nearest_robot=robot6
125.000,original,-,robot6,MIN_DISTANCE,OK,7.893,9.887,,0,nearest_robot=robot5
125.000,original,-,fleet,MIN_DISTANCE_AVG,OK,9.887,,,0,robots_sampled=6
126.000,original,-,robot1,MIN_DISTANCE,OK,12.940,9.911,,0,nearest_robot=robot2
126.000,original,-,robot2,MIN_DISTANCE,OK,9.517,9.911,,0,nearest_robot=robot3
126.000,original,-,robot3,MIN_DISTANCE,OK,9.517,9.911,,0,nearest_robot=robot2
126.000,original,-,robot4,MIN_DISTANCE,OK,12.249,9.911,,0,nearest_robot=robot5
126.000,original,-,robot5,MIN_DISTANCE,OK,7.622,9.911,,0,nearest_robot=robot6
126.000,original,-,robot6,MIN_DISTANCE,OK,7.622,9.911,,0,nearest_robot=robot5
126.000,original,-,fleet,MIN_DISTANCE_AVG,OK,9.911,,,0,robots_sampled=6
127.000,original,-,robot1,MIN_DISTANCE,OK,12.792,9.931,,0,nearest_robot=robot2
127.000,original,-,robot2,MIN_DISTANCE,OK,9.924,9.931,,0,nearest_robot=robot3
127.000,original,-,robot3,MIN_DISTANCE,OK,9.924,9.931,,0,nearest_robot=robot2
127.000,original,-,robot4,MIN_DISTANCE,OK,12.249,9.931,,0,nearest_robot=robot5
127.000,original,-,robot5,MIN_DISTANCE,OK,7.350,9.931,,0,nearest_robot=robot6
127.000,original,-,robot6,MIN_DISTANCE,OK,7.350,9.931,,0,nearest_robot=robot5
127.000,original,-,fleet,MIN_DISTANCE_AVG,OK,9.931,,,0,robots_sampled=6
128.000,original,-,robot1,MIN_DISTANCE,OK,12.510,9.915,,0,nearest_robot=robot2
128.000,original,-,robot2,MIN_DISTANCE,OK,10.299,9.915,,0,nearest_robot=robot3
128.000,original,-,robot3,MIN_DISTANCE,OK,10.299,9.915,,0,nearest_robot=robot2
128.000,original,-,robot4,MIN_DISTANCE,OK,12.249,9.915,,0,nearest_robot=robot5
128.000,original,-,robot5,MIN_DISTANCE,OK,7.066,9.915,,0,nearest_robot=robot6
128.000,original,-,robot6,MIN_DISTANCE,OK,7.066,9.915,,0,nearest_robot=robot5
128.000,original,-,fleet,MIN_DISTANCE_AVG,OK,9.915,,,0,robots_sampled=6
129.000,original,-,robot1,MIN_DISTANCE,OK,12.179,9.899,,0,nearest_robot=robot2
129.000,original,-,robot2,MIN_DISTANCE,OK,10.704,9.899,,0,nearest_robot=robot3
129.000,original,-,robot3,MIN_DISTANCE,OK,10.704,9.899,,0,nearest_robot=robot2
129.000,original,-,robot4,MIN_DISTANCE,OK,12.249,9.899,,0,nearest_robot=robot5
129.000,original,-,robot5,MIN_DISTANCE,OK,6.779,9.899,,0,nearest_robot=robot6
129.000,original,-,robot6,MIN_DISTANCE,OK,6.779,9.899,,0,nearest_robot=robot5
129.000,original,-,fleet,MIN_DISTANCE_AVG,OK,9.899,,,0,robots_sampled=6
130.000,original,-,robot1,MIN_DISTANCE,OK,12.082,9.909,,0,nearest_robot=robot2
130.000,original,-,robot2,MIN_DISTANCE,OK,11.077,9.909,,0,nearest_robot=robot6
130.000,original,-,robot3,MIN_DISTANCE,OK,11.083,9.909,,0,nearest_robot=robot2
130.000,original,-,robot4,MIN_DISTANCE,OK,12.249,9.909,,0,nearest_robot=robot5
130.000,original,-,robot5,MIN_DISTANCE,OK,6.481,9.909,,0,nearest_robot=robot6
130.000,original,-,robot6,MIN_DISTANCE,OK,6.481,9.909,,0,nearest_robot=robot5
130.000,original,-,fleet,MIN_DISTANCE_AVG,OK,9.909,,,0,robots_sampled=6
131.000,original,-,robot1,MIN_DISTANCE,OK,12.120,9.928,,0,nearest_robot=robot2
131.000,original,-,robot2,MIN_DISTANCE,OK,11.343,9.928,,0,nearest_robot=robot6
131.000,original,-,robot3,MIN_DISTANCE,OK,11.454,9.928,,0,nearest_robot=robot2
131.000,original,-,robot4,MIN_DISTANCE,OK,12.249,9.928,,0,nearest_robot=robot5
131.000,original,-,robot5,MIN_DISTANCE,OK,6.201,9.928,,0,nearest_robot=robot6
131.000,original,-,robot6,MIN_DISTANCE,OK,6.201,9.928,,0,nearest_robot=robot5
131.000,original,-,fleet,MIN_DISTANCE_AVG,OK,9.928,,,0,robots_sampled=6
132.000,original,-,robot1,MIN_DISTANCE,OK,12.193,9.979,,0,nearest_robot=robot2
132.000,original,-,robot2,MIN_DISTANCE,OK,11.629,9.979,,0,nearest_robot=robot6
132.000,original,-,robot3,MIN_DISTANCE,OK,11.816,9.979,,0,nearest_robot=robot2
132.000,original,-,robot4,MIN_DISTANCE,OK,12.249,9.979,,0,nearest_robot=robot5
132.000,original,-,robot5,MIN_DISTANCE,OK,5.995,9.979,,0,nearest_robot=robot6
132.000,original,-,robot6,MIN_DISTANCE,OK,5.995,9.979,,0,nearest_robot=robot5
132.000,original,-,fleet,MIN_DISTANCE_AVG,OK,9.979,,,0,robots_sampled=6
133.000,original,-,robot1,MIN_DISTANCE,OK,12.202,10.032,,0,nearest_robot=robot2
133.000,original,-,robot2,MIN_DISTANCE,OK,12.036,10.032,,0,nearest_robot=robot6
133.000,original,-,robot3,MIN_DISTANCE,OK,12.204,10.032,,0,nearest_robot=robot2
133.000,original,-,robot4,MIN_DISTANCE,OK,12.249,10.032,,0,nearest_robot=robot5
133.000,original,-,robot5,MIN_DISTANCE,OK,5.749,10.032,,0,nearest_robot=robot6
133.000,original,-,robot6,MIN_DISTANCE,OK,5.749,10.032,,0,nearest_robot=robot5
133.000,original,-,fleet,MIN_DISTANCE_AVG,OK,10.032,,,0,robots_sampled=6
134.000,original,-,robot1,MIN_DISTANCE,OK,12.239,10.030,,0,nearest_robot=robot2
134.000,original,-,robot2,MIN_DISTANCE,OK,12.239,10.030,,0,nearest_robot=robot1
134.000,original,-,robot3,MIN_DISTANCE,OK,12.547,10.030,,0,nearest_robot=robot2
134.000,original,-,robot4,MIN_DISTANCE,OK,12.249,10.030,,0,nearest_robot=robot5
134.000,original,-,robot5,MIN_DISTANCE,OK,5.453,10.030,,0,nearest_robot=robot6
134.000,original,-,robot6,MIN_DISTANCE,OK,5.453,10.030,,0,nearest_robot=robot5
134.000,original,-,fleet,MIN_DISTANCE_AVG,OK,10.030,,,0,robots_sampled=6
134.620,original,-,fleet,CHOMP_TIME_FULL,OK,,26.258,,0,iterations=100;iterations_executed=100;source=algorithm;round_trip=26.279123
135.000,original,-,robot1,MIN_DISTANCE,OK,12.271,10.012,,0,nearest_robot=robot2
135.000,original,-,robot2,MIN_DISTANCE,OK,12.271,10.012,,0,nearest_robot=robot1
135.000,original,-,robot3,MIN_DISTANCE,OK,12.910,10.012,,0,nearest_robot=robot2
135.000,original,-,robot4,MIN_DISTANCE,OK,12.236,10.012,,0,nearest_robot=robot5
135.000,original,-,robot5,MIN_DISTANCE,OK,5.192,10.012,,0,nearest_robot=robot6
135.000,original,-,robot6,MIN_DISTANCE,OK,5.192,10.012,,0,nearest_robot=robot5
135.000,original,-,fleet,MIN_DISTANCE_AVG,OK,10.012,,,0,robots_sampled=6
135.500,original,-,fleet,REPLAN_FULL,OK,,,robot1|robot2|robot3|robot4|robot5|robot6,0,original_full_optimization
136.000,original,-,robot1,MIN_DISTANCE,OK,12.192,9.958,,0,nearest_robot=robot2
136.000,original,-,robot2,MIN_DISTANCE,OK,12.192,9.958,,0,nearest_robot=robot1
136.000,original,-,robot3,MIN_DISTANCE,OK,13.277,9.958,,0,nearest_robot=robot2
136.000,original,-,robot4,MIN_DISTANCE,OK,12.109,9.958,,0,nearest_robot=robot5
136.000,original,-,robot5,MIN_DISTANCE,OK,4.989,9.958,,0,nearest_robot=robot6
136.000,original,-,robot6,MIN_DISTANCE,OK,4.989,9.958,,0,nearest_robot=robot5
136.000,original,-,fleet,MIN_DISTANCE_AVG,OK,9.958,,,0,robots_sampled=6
137.000,original,-,robot1,MIN_DISTANCE,OK,12.025,9.813,,0,nearest_robot=robot2
137.000,original,-,robot2,MIN_DISTANCE,OK,12.025,9.813,,0,nearest_robot=robot1
137.000,original,-,robot3,MIN_DISTANCE,OK,13.294,9.813,,0,nearest_robot=robot6
137.000,original,-,robot4,MIN_DISTANCE,OK,12.005,9.813,,0,nearest_robot=robot5
137.000,original,-,robot5,MIN_DISTANCE,OK,4.763,9.813,,0,nearest_robot=robot6
137.000,original,-,robot6,MIN_DISTANCE,OK,4.763,9.813,,0,nearest_robot=robot5
137.000,original,-,fleet,MIN_DISTANCE_AVG,OK,9.813,,,0,robots_sampled=6
138.000,original,-,robot1,MIN_DISTANCE,OK,11.719,9.657,,0,nearest_robot=robot2
138.000,original,-,robot2,MIN_DISTANCE,OK,11.719,9.657,,0,nearest_robot=robot1
138.000,original,-,robot3,MIN_DISTANCE,OK,13.210,9.657,,0,nearest_robot=robot6
138.000,original,-,robot4,MIN_DISTANCE,OK,12.272,9.657,,0,nearest_robot=robot5
138.000,original,-,robot5,MIN_DISTANCE,OK,4.512,9.657,,0,nearest_robot=robot6
138.000,original,-,robot6,MIN_DISTANCE,OK,4.512,9.657,,0,nearest_robot=robot5
138.000,original,-,fleet,MIN_DISTANCE_AVG,OK,9.657,,,0,robots_sampled=6
139.000,original,-,robot1,MIN_DISTANCE,OK,11.347,9.497,,0,nearest_robot=robot2
139.000,original,-,robot2,MIN_DISTANCE,OK,11.347,9.497,,0,nearest_robot=robot1
139.000,original,-,robot3,MIN_DISTANCE,OK,13.162,9.497,,0,nearest_robot=robot6
139.000,original,-,robot4,MIN_DISTANCE,OK,12.561,9.497,,0,nearest_robot=robot5
139.000,original,-,robot5,MIN_DISTANCE,OK,4.283,9.497,,0,nearest_robot=robot6
139.000,original,-,robot6,MIN_DISTANCE,OK,4.283,9.497,,0,nearest_robot=robot5
139.000,original,-,fleet,MIN_DISTANCE_AVG,OK,9.497,,,0,robots_sampled=6
140.000,original,-,robot1,MIN_DISTANCE,OK,10.927,9.317,,0,nearest_robot=robot2
140.000,original,-,robot2,MIN_DISTANCE,OK,10.927,9.317,,0,nearest_robot=robot1
140.000,original,-,robot3,MIN_DISTANCE,OK,13.142,9.317,,0,nearest_robot=robot6
140.000,original,-,robot4,MIN_DISTANCE,OK,12.811,9.317,,0,nearest_robot=robot5
140.000,original,-,robot5,MIN_DISTANCE,OK,4.047,9.317,,0,nearest_robot=robot6
140.000,original,-,robot6,MIN_DISTANCE,OK,4.047,9.317,,0,nearest_robot=robot5
140.000,original,-,fleet,MIN_DISTANCE_AVG,OK,9.317,,,0,robots_sampled=6
141.000,original,-,robot1,MIN_DISTANCE,OK,10.502,9.128,,0,nearest_robot=robot2
141.000,original,-,robot2,MIN_DISTANCE,OK,10.502,9.128,,0,nearest_robot=robot1
141.000,original,-,robot3,MIN_DISTANCE,OK,13.165,9.128,,0,nearest_robot=robot6
141.000,original,-,robot4,MIN_DISTANCE,OK,12.942,9.128,,0,nearest_robot=robot6
141.000,original,-,robot5,MIN_DISTANCE,OK,3.829,9.128,,0,nearest_robot=robot6
141.000,original,-,robot6,MIN_DISTANCE,OK,3.829,9.128,,0,nearest_robot=robot5
141.000,original,-,fleet,MIN_DISTANCE_AVG,OK,9.128,,,0,robots_sampled=6
142.000,original,-,robot1,MIN_DISTANCE,OK,9.963,8.886,,0,nearest_robot=robot2
142.000,original,-,robot2,MIN_DISTANCE,OK,9.963,8.886,,0,nearest_robot=robot1
142.000,original,-,robot3,MIN_DISTANCE,OK,13.175,8.886,,0,nearest_robot=robot6
142.000,original,-,robot4,MIN_DISTANCE,OK,12.849,8.886,,0,nearest_robot=robot6
142.000,original,-,robot5,MIN_DISTANCE,OK,3.682,8.886,,0,nearest_robot=robot6
142.000,original,-,robot6,MIN_DISTANCE,OK,3.682,8.886,,0,nearest_robot=robot5
142.000,original,-,fleet,MIN_DISTANCE_AVG,OK,8.886,,,0,robots_sampled=6
143.000,original,-,robot1,MIN_DISTANCE,OK,9.565,8.710,,0,nearest_robot=robot2
143.000,original,-,robot2,MIN_DISTANCE,OK,9.565,8.710,,0,nearest_robot=robot1
143.000,original,-,robot3,MIN_DISTANCE,OK,13.224,8.710,,0,nearest_robot=robot6
143.000,original,-,robot4,MIN_DISTANCE,OK,12.822,8.710,,0,nearest_robot=robot6
143.000,original,-,robot5,MIN_DISTANCE,OK,3.541,8.710,,0,nearest_robot=robot6
143.000,original,-,robot6,MIN_DISTANCE,OK,3.541,8.710,,0,nearest_robot=robot5
143.000,original,-,fleet,MIN_DISTANCE_AVG,OK,8.710,,,0,robots_sampled=6
144.000,original,-,robot1,MIN_DISTANCE,OK,9.174,8.556,,0,nearest_robot=robot2
144.000,original,-,robot2,MIN_DISTANCE,OK,9.174,8.556,,0,nearest_robot=robot1
144.000,original,-,robot3,MIN_DISTANCE,OK,13.296,8.556,,0,nearest_robot=robot6
144.000,original,-,robot4,MIN_DISTANCE,OK,12.818,8.556,,0,nearest_robot=robot6
144.000,original,-,robot5,MIN_DISTANCE,OK,3.436,8.556,,0,nearest_robot=robot6
144.000,original,-,robot6,MIN_DISTANCE,OK,3.436,8.556,,0,nearest_robot=robot5
144.000,original,-,fleet,MIN_DISTANCE_AVG,OK,8.556,,,0,robots_sampled=6
145.000,original,-,robot1,MIN_DISTANCE,OK,8.795,8.433,,0,nearest_robot=robot2
145.000,original,-,robot2,MIN_DISTANCE,OK,8.795,8.433,,0,nearest_robot=robot1
145.000,original,-,robot3,MIN_DISTANCE,OK,13.344,8.433,,0,nearest_robot=robot6
145.000,original,-,robot4,MIN_DISTANCE,OK,12.824,8.433,,0,nearest_robot=robot6
145.000,original,-,robot5,MIN_DISTANCE,OK,3.420,8.433,,0,nearest_robot=robot6
145.000,original,-,robot6,MIN_DISTANCE,OK,3.420,8.433,,0,nearest_robot=robot5
145.000,original,-,fleet,MIN_DISTANCE_AVG,OK,8.433,,,0,robots_sampled=6
146.000,original,-,robot1,MIN_DISTANCE,OK,8.386,8.305,,0,nearest_robot=robot2
146.000,original,-,robot2,MIN_DISTANCE,OK,8.386,8.305,,0,nearest_robot=robot1
146.000,original,-,robot3,MIN_DISTANCE,OK,13.400,8.305,,0,nearest_robot=robot6
146.000,original,-,robot4,MIN_DISTANCE,OK,12.729,8.305,,0,nearest_robot=robot6
146.000,original,-,robot5,MIN_DISTANCE,OK,3.465,8.305,,0,nearest_robot=robot6
146.000,original,-,robot6,MIN_DISTANCE,OK,3.465,8.305,,0,nearest_robot=robot5
146.000,original,-,fleet,MIN_DISTANCE_AVG,OK,8.305,,,0,robots_sampled=6
147.000,original,-,robot1,MIN_DISTANCE,OK,7.964,8.190,,0,nearest_robot=robot2
147.000,original,-,robot2,MIN_DISTANCE,OK,7.964,8.190,,0,nearest_robot=robot1
147.000,original,-,robot3,MIN_DISTANCE,OK,13.464,8.190,,0,nearest_robot=robot6
147.000,original,-,robot4,MIN_DISTANCE,OK,12.635,8.190,,0,nearest_robot=robot6
147.000,original,-,robot5,MIN_DISTANCE,OK,3.556,8.190,,0,nearest_robot=robot6
147.000,original,-,robot6,MIN_DISTANCE,OK,3.556,8.190,,0,nearest_robot=robot5
147.000,original,-,fleet,MIN_DISTANCE_AVG,OK,8.190,,,0,robots_sampled=6
148.000,original,-,robot1,MIN_DISTANCE,OK,7.568,8.112,,0,nearest_robot=robot2
148.000,original,-,robot2,MIN_DISTANCE,OK,7.568,8.112,,0,nearest_robot=robot1
148.000,original,-,robot3,MIN_DISTANCE,OK,13.514,8.112,,0,nearest_robot=robot6
148.000,original,-,robot4,MIN_DISTANCE,OK,12.621,8.112,,0,nearest_robot=robot6
148.000,original,-,robot5,MIN_DISTANCE,OK,3.699,8.112,,0,nearest_robot=robot6
148.000,original,-,robot6,MIN_DISTANCE,OK,3.699,8.112,,0,nearest_robot=robot5
148.000,original,-,fleet,MIN_DISTANCE_AVG,OK,8.112,,,0,robots_sampled=6
149.000,original,-,robot1,MIN_DISTANCE,OK,7.184,8.048,,0,nearest_robot=robot2
149.000,original,-,robot2,MIN_DISTANCE,OK,7.184,8.048,,0,nearest_robot=robot1
149.000,original,-,robot3,MIN_DISTANCE,OK,13.555,8.048,,0,nearest_robot=robot6
149.000,original,-,robot4,MIN_DISTANCE,OK,12.578,8.048,,0,nearest_robot=robot6
149.000,original,-,robot5,MIN_DISTANCE,OK,3.895,8.048,,0,nearest_robot=robot6
149.000,original,-,robot6,MIN_DISTANCE,OK,3.895,8.048,,0,nearest_robot=robot5
149.000,original,-,fleet,MIN_DISTANCE_AVG,OK,8.048,,,0,robots_sampled=6
150.000,original,-,robot1,MIN_DISTANCE,OK,6.771,7.966,,0,nearest_robot=robot2
150.000,original,-,robot2,MIN_DISTANCE,OK,6.771,7.966,,0,nearest_robot=robot1
150.000,original,-,robot3,MIN_DISTANCE,OK,13.602,7.966,,0,nearest_robot=robot6
150.000,original,-,robot4,MIN_DISTANCE,OK,12.423,7.966,,0,nearest_robot=robot6
150.000,original,-,robot5,MIN_DISTANCE,OK,4.115,7.966,,0,nearest_robot=robot6
150.000,original,-,robot6,MIN_DISTANCE,OK,4.115,7.966,,0,nearest_robot=robot5
150.000,original,-,fleet,MIN_DISTANCE_AVG,OK,7.966,,,0,robots_sampled=6
151.000,original,-,robot1,MIN_DISTANCE,OK,6.392,7.908,,0,nearest_robot=robot2
151.000,original,-,robot2,MIN_DISTANCE,OK,6.392,7.908,,0,nearest_robot=robot1
151.000,original,-,robot3,MIN_DISTANCE,OK,13.682,7.908,,0,nearest_robot=robot6
151.000,original,-,robot4,MIN_DISTANCE,OK,12.246,7.908,,0,nearest_robot=robot6
151.000,original,-,robot5,MIN_DISTANCE,OK,4.368,7.908,,0,nearest_robot=robot6
151.000,original,-,robot6,MIN_DISTANCE,OK,4.368,7.908,,0,nearest_robot=robot5
151.000,original,-,fleet,MIN_DISTANCE_AVG,OK,7.908,,,0,robots_sampled=6
152.000,original,-,robot1,MIN_DISTANCE,OK,6.025,7.849,,0,nearest_robot=robot2
152.000,original,-,robot2,MIN_DISTANCE,OK,6.025,7.849,,0,nearest_robot=robot1
152.000,original,-,robot3,MIN_DISTANCE,OK,13.753,7.849,,0,nearest_robot=robot6
152.000,original,-,robot4,MIN_DISTANCE,OK,12.048,7.849,,0,nearest_robot=robot6
152.000,original,-,robot5,MIN_DISTANCE,OK,4.621,7.849,,0,nearest_robot=robot6
152.000,original,-,robot6,MIN_DISTANCE,OK,4.621,7.849,,0,nearest_robot=robot5
152.000,original,-,fleet,MIN_DISTANCE_AVG,OK,7.849,,,0,robots_sampled=6
153.000,original,-,robot1,MIN_DISTANCE,OK,5.811,7.837,,0,nearest_robot=robot2
153.000,original,-,robot2,MIN_DISTANCE,OK,5.811,7.837,,0,nearest_robot=robot1
153.000,original,-,robot3,MIN_DISTANCE,OK,13.805,7.837,,0,nearest_robot=robot6
153.000,original,-,robot4,MIN_DISTANCE,OK,11.872,7.837,,0,nearest_robot=robot6
153.000,original,-,robot5,MIN_DISTANCE,OK,4.862,7.837,,0,nearest_robot=robot6
153.000,original,-,robot6,MIN_DISTANCE,OK,4.862,7.837,,0,nearest_robot=robot5
153.000,original,-,fleet,MIN_DISTANCE_AVG,OK,7.837,,,0,robots_sampled=6
154.000,original,-,robot1,MIN_DISTANCE,OK,5.731,7.868,,0,nearest_robot=robot2
154.000,original,-,robot2,MIN_DISTANCE,OK,5.731,7.868,,0,nearest_robot=robot1
154.000,original,-,robot3,MIN_DISTANCE,OK,13.896,7.868,,0,nearest_robot=robot6
154.000,original,-,robot4,MIN_DISTANCE,OK,11.592,7.868,,0,nearest_robot=robot6
154.000,original,-,robot5,MIN_DISTANCE,OK,5.129,7.868,,0,nearest_robot=robot6
154.000,original,-,robot6,MIN_DISTANCE,OK,5.129,7.868,,0,nearest_robot=robot5
154.000,original,-,fleet,MIN_DISTANCE_AVG,OK,7.868,,,0,robots_sampled=6
155.000,original,-,robot1,MIN_DISTANCE,OK,5.682,7.917,,0,nearest_robot=robot2
155.000,original,-,robot2,MIN_DISTANCE,OK,5.682,7.917,,0,nearest_robot=robot1
155.000,original,-,robot3,MIN_DISTANCE,OK,14.005,7.917,,0,nearest_robot=robot6
155.000,original,-,robot4,MIN_DISTANCE,OK,11.302,7.917,,0,nearest_robot=robot6
155.000,original,-,robot5,MIN_DISTANCE,OK,5.416,7.917,,0,nearest_robot=robot6
155.000,original,-,robot6,MIN_DISTANCE,OK,5.416,7.917,,0,nearest_robot=robot5
155.000,original,-,fleet,MIN_DISTANCE_AVG,OK,7.917,,,0,robots_sampled=6
156.000,original,-,robot1,MIN_DISTANCE,OK,5.689,7.981,,0,nearest_robot=robot2
156.000,original,-,robot2,MIN_DISTANCE,OK,5.689,7.981,,0,nearest_robot=robot1
156.000,original,-,robot3,MIN_DISTANCE,OK,14.105,7.981,,0,nearest_robot=robot6
156.000,original,-,robot4,MIN_DISTANCE,OK,10.941,7.981,,0,nearest_robot=robot6
156.000,original,-,robot5,MIN_DISTANCE,OK,5.731,7.981,,0,nearest_robot=robot6
156.000,original,-,robot6,MIN_DISTANCE,OK,5.731,7.981,,0,nearest_robot=robot5
156.000,original,-,fleet,MIN_DISTANCE_AVG,OK,7.981,,,0,robots_sampled=6
157.000,original,-,robot1,MIN_DISTANCE,OK,5.705,8.057,,0,nearest_robot=robot2
157.000,original,-,robot2,MIN_DISTANCE,OK,5.705,8.057,,0,nearest_robot=robot1
157.000,original,-,robot3,MIN_DISTANCE,OK,14.210,8.057,,0,nearest_robot=robot6
157.000,original,-,robot4,MIN_DISTANCE,OK,10.635,8.057,,0,nearest_robot=robot6
157.000,original,-,robot5,MIN_DISTANCE,OK,6.042,8.057,,0,nearest_robot=robot6
157.000,original,-,robot6,MIN_DISTANCE,OK,6.042,8.057,,0,nearest_robot=robot5
157.000,original,-,fleet,MIN_DISTANCE_AVG,OK,8.057,,,0,robots_sampled=6
158.000,original,-,robot1,MIN_DISTANCE,OK,5.713,8.125,,0,nearest_robot=robot2
158.000,original,-,robot2,MIN_DISTANCE,OK,5.713,8.125,,0,nearest_robot=robot1
158.000,original,-,robot3,MIN_DISTANCE,OK,14.349,8.125,,0,nearest_robot=robot6
158.000,original,-,robot4,MIN_DISTANCE,OK,10.220,8.125,,0,nearest_robot=robot6
158.000,original,-,robot5,MIN_DISTANCE,OK,6.378,8.125,,0,nearest_robot=robot6
158.000,original,-,robot6,MIN_DISTANCE,OK,6.378,8.125,,0,nearest_robot=robot5
158.000,original,-,fleet,MIN_DISTANCE_AVG,OK,8.125,,,0,robots_sampled=6
159.000,original,-,robot1,MIN_DISTANCE,OK,5.717,8.180,,0,nearest_robot=robot2
159.000,original,-,robot2,MIN_DISTANCE,OK,5.717,8.180,,0,nearest_robot=robot1
159.000,original,-,robot3,MIN_DISTANCE,OK,14.505,8.180,,0,nearest_robot=robot6
159.000,original,-,robot4,MIN_DISTANCE,OK,9.767,8.180,,0,nearest_robot=robot6
159.000,original,-,robot5,MIN_DISTANCE,OK,6.686,8.180,,0,nearest_robot=robot6
159.000,original,-,robot6,MIN_DISTANCE,OK,6.686,8.180,,0,nearest_robot=robot5
159.000,original,-,fleet,MIN_DISTANCE_AVG,OK,8.180,,,0,robots_sampled=6
160.000,original,-,robot1,MIN_DISTANCE,OK,5.719,8.240,,0,nearest_robot=robot2
160.000,original,-,robot2,MIN_DISTANCE,OK,5.719,8.240,,0,nearest_robot=robot1
160.000,original,-,robot3,MIN_DISTANCE,OK,14.666,8.240,,0,nearest_robot=robot6
160.000,original,-,robot4,MIN_DISTANCE,OK,9.325,8.240,,0,nearest_robot=robot6
160.000,original,-,robot5,MIN_DISTANCE,OK,7.006,8.240,,0,nearest_robot=robot6
160.000,original,-,robot6,MIN_DISTANCE,OK,7.006,8.240,,0,nearest_robot=robot5
160.000,original,-,fleet,MIN_DISTANCE_AVG,OK,8.240,,,0,robots_sampled=6
160.520,original,-,fleet,CHOMP_TIME_FULL,OK,,25.992,,0,iterations=100;iterations_executed=100;source=algorithm;round_trip=26.010333
161.000,original,-,robot1,MIN_DISTANCE,OK,5.718,8.310,,0,nearest_robot=robot2
161.000,original,-,robot2,MIN_DISTANCE,OK,5.718,8.310,,0,nearest_robot=robot1
161.000,original,-,robot3,MIN_DISTANCE,OK,14.811,8.310,,0,nearest_robot=robot6
161.000,original,-,robot4,MIN_DISTANCE,OK,8.933,8.310,,0,nearest_robot=robot6
161.000,original,-,robot5,MIN_DISTANCE,OK,7.339,8.310,,0,nearest_robot=robot6
161.000,original,-,robot6,MIN_DISTANCE,OK,7.339,8.310,,0,nearest_robot=robot5
161.000,original,-,fleet,MIN_DISTANCE_AVG,OK,8.310,,,0,robots_sampled=6
161.500,original,-,fleet,REPLAN_FULL,OK,,,robot1|robot2|robot3|robot4|robot5|robot6,0,original_full_optimization
162.000,original,-,robot1,MIN_DISTANCE,OK,5.718,8.346,,0,nearest_robot=robot2
162.000,original,-,robot2,MIN_DISTANCE,OK,5.718,8.346,,0,nearest_robot=robot1
162.000,original,-,robot3,MIN_DISTANCE,OK,14.783,8.346,,0,nearest_robot=robot6
162.000,original,-,robot4,MIN_DISTANCE,OK,8.559,8.346,,0,nearest_robot=robot6
162.000,original,-,robot5,MIN_DISTANCE,OK,7.650,8.346,,0,nearest_robot=robot6
162.000,original,-,robot6,MIN_DISTANCE,OK,7.650,8.346,,0,nearest_robot=robot5
162.000,original,-,fleet,MIN_DISTANCE_AVG,OK,8.346,,,0,robots_sampled=6
163.000,original,-,robot1,MIN_DISTANCE,OK,5.717,8.325,,0,nearest_robot=robot2
163.000,original,-,robot2,MIN_DISTANCE,OK,5.717,8.325,,0,nearest_robot=robot1
163.000,original,-,robot3,MIN_DISTANCE,OK,15.000,8.325,,0,nearest_robot=robot6
163.000,original,-,robot4,MIN_DISTANCE,OK,8.126,8.325,,0,nearest_robot=robot6
163.000,original,-,robot5,MIN_DISTANCE,OK,7.694,8.325,,0,nearest_robot=robot6
163.000,original,-,robot6,MIN_DISTANCE,OK,7.694,8.325,,0,nearest_robot=robot5
163.000,original,-,fleet,MIN_DISTANCE_AVG,OK,8.325,,,0,robots_sampled=6
164.000,original,-,robot1,MIN_DISTANCE,OK,5.718,8.253,,0,nearest_robot=robot2
164.000,original,-,robot2,MIN_DISTANCE,OK,5.718,8.253,,0,nearest_robot=robot1
164.000,original,-,robot3,MIN_DISTANCE,OK,15.153,8.253,,0,nearest_robot=robot6
164.000,original,-,robot4,MIN_DISTANCE,OK,7.714,8.253,,0,nearest_robot=robot6
164.000,original,-,robot5,MIN_DISTANCE,OK,7.607,8.253,,0,nearest_robot=robot6
164.000,original,-,robot6,MIN_DISTANCE,OK,7.607,8.253,,0,nearest_robot=robot5
164.000,original,-,fleet,MIN_DISTANCE_AVG,OK,8.253,,,0,robots_sampled=6
165.000,original,-,robot1,MIN_DISTANCE,OK,5.718,8.127,,0,nearest_robot=robot2
165.000,original,-,robot2,MIN_DISTANCE,OK,5.718,8.127,,0,nearest_robot=robot1
165.000,original,-,robot3,MIN_DISTANCE,OK,15.193,8.127,,0,nearest_robot=robot6
165.000,original,-,robot4,MIN_DISTANCE,OK,7.272,8.127,,0,nearest_robot=robot6
165.000,original,-,robot5,MIN_DISTANCE,OK,7.588,8.127,,0,nearest_robot=robot6
165.000,original,-,robot6,MIN_DISTANCE,OK,7.272,8.127,,0,nearest_robot=robot4
165.000,original,-,fleet,MIN_DISTANCE_AVG,OK,8.127,,,0,robots_sampled=6
166.000,original,-,robot1,MIN_DISTANCE,OK,5.718,7.988,,0,nearest_robot=robot2
166.000,original,-,robot2,MIN_DISTANCE,OK,5.718,7.988,,0,nearest_robot=robot1
166.000,original,-,robot3,MIN_DISTANCE,OK,15.240,7.988,,0,nearest_robot=robot6
166.000,original,-,robot4,MIN_DISTANCE,OK,6.864,7.988,,0,nearest_robot=robot6
166.000,original,-,robot5,MIN_DISTANCE,OK,7.525,7.988,,0,nearest_robot=robot6
166.000,original,-,robot6,MIN_DISTANCE,OK,6.864,7.988,,0,nearest_robot=robot4
166.000,original,-,fleet,MIN_DISTANCE_AVG,OK,7.988,,,0,robots_sampled=6
167.000,original,-,robot1,MIN_DISTANCE,OK,5.718,7.853,,0,nearest_robot=robot2
167.000,original,-,robot2,MIN_DISTANCE,OK,5.718,7.853,,0,nearest_robot=robot1
167.000,original,-,robot3,MIN_DISTANCE,OK,15.255,7.853,,0,nearest_robot=robot6
167.000,original,-,robot4,MIN_DISTANCE,OK,6.435,7.853,,0,nearest_robot=robot6
167.000,original,-,robot5,MIN_DISTANCE,OK,7.561,7.853,,0,nearest_robot=robot6
167.000,original,-,robot6,MIN_DISTANCE,OK,6.435,7.853,,0,nearest_robot=robot4
167.000,original,-,fleet,MIN_DISTANCE_AVG,OK,7.853,,,0,robots_sampled=6
168.000,original,-,robot1,MIN_DISTANCE,OK,5.718,7.713,,0,nearest_robot=robot2
168.000,original,-,robot2,MIN_DISTANCE,OK,5.718,7.713,,0,nearest_robot=robot1
168.000,original,-,robot3,MIN_DISTANCE,OK,15.240,7.713,,0,nearest_robot=robot6
168.000,original,-,robot4,MIN_DISTANCE,OK,6.015,7.713,,0,nearest_robot=robot6
168.000,original,-,robot5,MIN_DISTANCE,OK,7.574,7.713,,0,nearest_robot=robot6
168.000,original,-,robot6,MIN_DISTANCE,OK,6.015,7.713,,0,nearest_robot=robot4
168.000,original,-,fleet,MIN_DISTANCE_AVG,OK,7.713,,,0,robots_sampled=6
169.000,original,-,robot1,MIN_DISTANCE,OK,5.718,7.571,,0,nearest_robot=robot2
169.000,original,-,robot2,MIN_DISTANCE,OK,5.718,7.571,,0,nearest_robot=robot1
169.000,original,-,robot3,MIN_DISTANCE,OK,15.162,7.571,,0,nearest_robot=robot6
169.000,original,-,robot4,MIN_DISTANCE,OK,5.612,7.571,,0,nearest_robot=robot6
169.000,original,-,robot5,MIN_DISTANCE,OK,7.607,7.571,,0,nearest_robot=robot6
169.000,original,-,robot6,MIN_DISTANCE,OK,5.612,7.571,,0,nearest_robot=robot4
169.000,original,-,fleet,MIN_DISTANCE_AVG,OK,7.571,,,0,robots_sampled=6
170.000,original,-,robot1,MIN_DISTANCE,OK,5.717,7.439,,0,nearest_robot=robot2
170.000,original,-,robot2,MIN_DISTANCE,OK,5.717,7.439,,0,nearest_robot=robot1
170.000,original,-,robot3,MIN_DISTANCE,OK,15.112,7.439,,0,nearest_robot=robot6
170.000,original,-,robot4,MIN_DISTANCE,OK,5.200,7.439,,0,nearest_robot=robot6
170.000,original,-,robot5,MIN_DISTANCE,OK,7.689,7.439,,0,nearest_robot=robot6
170.000,original,-,robot6,MIN_DISTANCE,OK,5.200,7.439,,0,nearest_robot=robot4
170.000,original,-,fleet,MIN_DISTANCE_AVG,OK,7.439,,,0,robots_sampled=6
171.000,original,-,robot1,MIN_DISTANCE,OK,5.717,7.281,,0,nearest_robot=robot2
171.000,original,-,robot2,MIN_DISTANCE,OK,5.717,7.281,,0,nearest_robot=robot1
171.000,original,-,robot3,MIN_DISTANCE,OK,15.055,7.281,,0,nearest_robot=robot6
171.000,original,-,robot4,MIN_DISTANCE,OK,4.811,7.281,,0,nearest_robot=robot6
171.000,original,-,robot5,MIN_DISTANCE,OK,7.578,7.281,,0,nearest_robot=robot6
171.000,original,-,robot6,MIN_DISTANCE,OK,4.811,7.281,,0,nearest_robot=robot4
171.000,original,-,fleet,MIN_DISTANCE_AVG,OK,7.281,,,0,robots_sampled=6
172.000,original,-,robot1,MIN_DISTANCE,OK,5.717,7.131,,0,nearest_robot=robot2
172.000,original,-,robot2,MIN_DISTANCE,OK,5.717,7.131,,0,nearest_robot=robot1
172.000,original,-,robot3,MIN_DISTANCE,OK,15.048,7.131,,0,nearest_robot=robot6
172.000,original,-,robot4,MIN_DISTANCE,OK,4.364,7.131,,0,nearest_robot=robot6
172.000,original,-,robot5,MIN_DISTANCE,OK,7.575,7.131,,0,nearest_robot=robot6
172.000,original,-,robot6,MIN_DISTANCE,OK,4.364,7.131,,0,nearest_robot=robot4
172.000,original,-,fleet,MIN_DISTANCE_AVG,OK,7.131,,,0,robots_sampled=6
173.000,original,-,robot1,MIN_DISTANCE,OK,5.717,6.971,,0,nearest_robot=robot2
173.000,original,-,robot2,MIN_DISTANCE,OK,5.717,6.971,,0,nearest_robot=robot1
173.000,original,-,robot3,MIN_DISTANCE,OK,15.032,6.971,,0,nearest_robot=robot6
173.000,original,-,robot4,MIN_DISTANCE,OK,3.937,6.971,,0,nearest_robot=robot6
173.000,original,-,robot5,MIN_DISTANCE,OK,7.486,6.971,,0,nearest_robot=robot6
173.000,original,-,robot6,MIN_DISTANCE,OK,3.937,6.971,,0,nearest_robot=robot4
173.000,original,-,fleet,MIN_DISTANCE_AVG,OK,6.971,,,0,robots_sampled=6
174.000,original,-,robot1,MIN_DISTANCE,OK,5.717,6.818,,0,nearest_robot=robot2
174.000,original,-,robot2,MIN_DISTANCE,OK,5.717,6.818,,0,nearest_robot=robot1
174.000,original,-,robot3,MIN_DISTANCE,OK,15.012,6.818,,0,nearest_robot=robot6
174.000,original,-,robot4,MIN_DISTANCE,OK,3.509,6.818,,0,nearest_robot=robot6
174.000,original,-,robot5,MIN_DISTANCE,OK,7.443,6.818,,0,nearest_robot=robot6
174.000,original,-,robot6,MIN_DISTANCE,OK,3.509,6.818,,0,nearest_robot=robot4
174.000,original,-,fleet,MIN_DISTANCE_AVG,OK,6.818,,,0,robots_sampled=6
175.000,original,-,robot1,MIN_DISTANCE,OK,5.717,6.616,,0,nearest_robot=robot2
175.000,original,-,robot2,MIN_DISTANCE,OK,5.717,6.616,,0,nearest_robot=robot1
175.000,original,-,robot3,MIN_DISTANCE,OK,14.680,6.616,,0,nearest_robot=robot5
175.000,original,-,robot4,MIN_DISTANCE,OK,3.105,6.616,,0,nearest_robot=robot6
175.000,original,-,robot5,MIN_DISTANCE,OK,7.369,6.616,,0,nearest_robot=robot6
175.000,original,-,robot6,MIN_DISTANCE,OK,3.105,6.616,,0,nearest_robot=robot4
175.000,original,-,fleet,MIN_DISTANCE_AVG,OK,6.616,,,0,robots_sampled=6
176.000,original,-,robot1,MIN_DISTANCE,OK,5.717,6.371,,0,nearest_robot=robot2
176.000,original,-,robot2,MIN_DISTANCE,OK,5.717,6.371,,0,nearest_robot=robot1
176.000,original,-,robot3,MIN_DISTANCE,OK,14.051,6.371,,0,nearest_robot=robot5
176.000,original,-,robot4,MIN_DISTANCE,OK,2.630,6.371,,0,nearest_robot=robot6
176.000,original,-,robot5,MIN_DISTANCE,OK,7.477,6.371,,0,nearest_robot=robot6
176.000,original,-,robot6,MIN_DISTANCE,OK,2.630,6.371,,0,nearest_robot=robot4
176.000,original,-,fleet,MIN_DISTANCE_AVG,OK,6.371,,,0,robots_sampled=6
177.000,original,-,robot1,MIN_DISTANCE,OK,5.717,6.112,,0,nearest_robot=robot2
177.000,original,-,robot2,MIN_DISTANCE,OK,5.717,6.112,,0,nearest_robot=robot1
177.000,original,-,robot3,MIN_DISTANCE,OK,13.248,6.112,,0,nearest_robot=robot5
177.000,original,-,robot4,MIN_DISTANCE,OK,2.233,6.112,,0,nearest_robot=robot6
177.000,original,-,robot5,MIN_DISTANCE,OK,7.522,6.112,,0,nearest_robot=robot6
177.000,original,-,robot6,MIN_DISTANCE,OK,2.233,6.112,,0,nearest_robot=robot4
177.000,original,-,fleet,MIN_DISTANCE_AVG,OK,6.112,,,0,robots_sampled=6
178.000,original,-,robot1,MIN_DISTANCE,OK,5.717,5.870,,0,nearest_robot=robot2
178.000,original,-,robot2,MIN_DISTANCE,OK,5.717,5.870,,0,nearest_robot=robot1
178.000,original,-,robot3,MIN_DISTANCE,OK,12.470,5.870,,0,nearest_robot=robot5
178.000,original,-,robot4,MIN_DISTANCE,OK,1.864,5.870,,0,nearest_robot=robot6
178.000,original,-,robot5,MIN_DISTANCE,OK,7.584,5.870,,0,nearest_robot=robot6
178.000,original,-,robot6,MIN_DISTANCE,OK,1.864,5.870,,0,nearest_robot=robot4
178.000,original,-,fleet,MIN_DISTANCE_AVG,OK,5.870,,,0,robots_sampled=6
179.000,original,-,robot1,MIN_DISTANCE,OK,5.717,5.608,,0,nearest_robot=robot2
179.000,original,-,robot2,MIN_DISTANCE,OK,5.717,5.608,,0,nearest_robot=robot1
179.000,original,-,robot3,MIN_DISTANCE,OK,11.696,5.608,,0,nearest_robot=robot5
179.000,original,-,robot4,MIN_DISTANCE,OK,1.410,5.608,,0,nearest_robot=robot6
179.000,original,-,robot5,MIN_DISTANCE,OK,7.699,5.608,,0,nearest_robot=robot6
179.000,original,-,robot6,MIN_DISTANCE,OK,1.410,5.608,,0,nearest_robot=robot4
179.000,original,-,fleet,MIN_DISTANCE_AVG,OK,5.608,,,0,robots_sampled=6
180.000,original,-,robot1,MIN_DISTANCE,OK,5.717,5.382,,0,nearest_robot=robot2
180.000,original,-,robot2,MIN_DISTANCE,OK,5.717,5.382,,0,nearest_robot=robot1
180.000,original,-,robot3,MIN_DISTANCE,OK,11.013,5.382,,0,nearest_robot=robot5
180.000,original,-,robot4,MIN_DISTANCE,OK,1.069,5.382,,0,nearest_robot=robot6
180.000,original,-,robot5,MIN_DISTANCE,OK,7.708,5.382,,0,nearest_robot=robot6
180.000,original,-,robot6,MIN_DISTANCE,OK,1.069,5.382,,0,nearest_robot=robot4
180.000,original,-,fleet,MIN_DISTANCE_AVG,OK,5.382,,,0,robots_sampled=6
181.000,original,-,robot1,MIN_DISTANCE,OK,5.717,5.197,,0,nearest_robot=robot2
181.000,original,-,robot2,MIN_DISTANCE,OK,5.717,5.197,,0,nearest_robot=robot1
181.000,original,-,robot3,MIN_DISTANCE,OK,10.384,5.197,,0,nearest_robot=robot5
181.000,original,-,robot4,MIN_DISTANCE,OK,0.794,5.197,,0,nearest_robot=robot6
181.000,original,-,robot5,MIN_DISTANCE,OK,7.775,5.197,,0,nearest_robot=robot6
181.000,original,-,robot6,MIN_DISTANCE,OK,0.794,5.197,,0,nearest_robot=robot4
181.000,original,-,fleet,MIN_DISTANCE_AVG,OK,5.197,,,0,robots_sampled=6
182.000,original,-,robot1,MIN_DISTANCE,OK,5.717,5.089,,0,nearest_robot=robot2
182.000,original,-,robot2,MIN_DISTANCE,OK,5.717,5.089,,0,nearest_robot=robot1
182.000,original,-,robot3,MIN_DISTANCE,OK,10.037,5.089,,0,nearest_robot=robot5
182.000,original,-,robot4,MIN_DISTANCE,OK,0.558,5.089,,0,nearest_robot=robot6
182.000,original,-,robot5,MIN_DISTANCE,OK,7.949,5.089,,0,nearest_robot=robot6
182.000,original,-,robot6,MIN_DISTANCE,OK,0.558,5.089,,0,nearest_robot=robot4
182.000,original,-,fleet,MIN_DISTANCE_AVG,OK,5.089,,,0,robots_sampled=6
183.000,original,-,robot1,MIN_DISTANCE,OK,5.717,5.051,,0,nearest_robot=robot2
183.000,original,-,robot2,MIN_DISTANCE,OK,5.717,5.051,,0,nearest_robot=robot1
183.000,original,-,robot3,MIN_DISTANCE,OK,9.971,5.051,,0,nearest_robot=robot5
183.000,original,-,robot4,MIN_DISTANCE,OK,0.415,5.051,,0,nearest_robot=robot6
183.000,original,-,robot5,MIN_DISTANCE,OK,8.071,5.051,,0,nearest_robot=robot6
183.000,original,-,robot6,MIN_DISTANCE,OK,0.415,5.051,,0,nearest_robot=robot4
183.000,original,-,fleet,MIN_DISTANCE_AVG,OK,5.051,,,0,robots_sampled=6
184.000,original,-,robot1,MIN_DISTANCE,OK,5.717,5.032,,0,nearest_robot=robot2
184.000,original,-,robot2,MIN_DISTANCE,OK,5.717,5.032,,0,nearest_robot=robot1
184.000,original,-,robot3,MIN_DISTANCE,OK,9.948,5.032,,0,nearest_robot=robot5
184.000,original,-,robot4,MIN_DISTANCE,OK,0.320,5.032,,0,nearest_robot=robot6
184.000,original,-,robot5,MIN_DISTANCE,OK,8.168,5.032,,0,nearest_robot=robot6
184.000,original,-,robot6,MIN_DISTANCE,OK,0.320,5.032,,0,nearest_robot=robot4
184.000,original,-,fleet,MIN_DISTANCE_AVG,OK,5.032,,,0,robots_sampled=6
185.000,original,-,robot1,MIN_DISTANCE,OK,5.717,5.017,,0,nearest_robot=robot2
185.000,original,-,robot2,MIN_DISTANCE,OK,5.717,5.017,,0,nearest_robot=robot1
185.000,original,-,robot3,MIN_DISTANCE,OK,9.869,5.017,,0,nearest_robot=robot5
185.000,original,-,robot4,MIN_DISTANCE,OK,0.310,5.017,,0,nearest_robot=robot6
185.000,original,-,robot5,MIN_DISTANCE,OK,8.182,5.017,,0,nearest_robot=robot6
185.000,original,-,robot6,MIN_DISTANCE,OK,0.310,5.017,,0,nearest_robot=robot4
185.000,original,-,fleet,MIN_DISTANCE_AVG,OK,5.017,,,0,robots_sampled=6
186.000,original,-,robot1,MIN_DISTANCE,OK,5.717,5.020,,0,nearest_robot=robot2
186.000,original,-,robot2,MIN_DISTANCE,OK,5.717,5.020,,0,nearest_robot=robot1
186.000,original,-,robot3,MIN_DISTANCE,OK,9.874,5.020,,0,nearest_robot=robot5
186.000,original,-,robot4,MIN_DISTANCE,OK,0.316,5.020,,0,nearest_robot=robot6
186.000,original,-,robot5,MIN_DISTANCE,OK,8.181,5.020,,0,nearest_robot=robot6
186.000,original,-,robot6,MIN_DISTANCE,OK,0.316,5.020,,0,nearest_robot=robot4
186.000,original,-,fleet,MIN_DISTANCE_AVG,OK,5.020,,,0,robots_sampled=6
186.800,original,-,fleet,CHOMP_TIME_FULL,OK,,26.217,,0,iterations=100;iterations_executed=100;source=algorithm;round_trip=26.240966
187.000,original,-,robot1,MIN_DISTANCE,OK,5.716,5.018,,0,nearest_robot=robot2
187.000,original,-,robot2,MIN_DISTANCE,OK,5.716,5.018,,0,nearest_robot=robot1
187.000,original,-,robot3,MIN_DISTANCE,OK,9.874,5.018,,0,nearest_robot=robot5
187.000,original,-,robot4,MIN_DISTANCE,OK,0.298,5.018,,0,nearest_robot=robot6
187.000,original,-,robot5,MIN_DISTANCE,OK,8.203,5.018,,0,nearest_robot=robot6
187.000,original,-,robot6,MIN_DISTANCE,OK,0.298,5.018,,0,nearest_robot=robot4
187.000,original,-,fleet,MIN_DISTANCE_AVG,OK,5.018,,,0,robots_sampled=6
188.000,original,-,fleet,REPLAN_FULL,OK,,,robot1|robot2|robot3|robot4|robot5|robot6,0,original_full_optimization
188.000,original,-,robot1,MIN_DISTANCE,OK,5.716,5.019,,0,nearest_robot=robot2
188.000,original,-,robot2,MIN_DISTANCE,OK,5.716,5.019,,0,nearest_robot=robot1
188.000,original,-,robot3,MIN_DISTANCE,OK,9.874,5.019,,0,nearest_robot=robot5
188.000,original,-,robot4,MIN_DISTANCE,OK,0.310,5.019,,0,nearest_robot=robot6
188.000,original,-,robot5,MIN_DISTANCE,OK,8.188,5.019,,0,nearest_robot=robot6
188.000,original,-,robot6,MIN_DISTANCE,OK,0.310,5.019,,0,nearest_robot=robot4
188.000,original,-,fleet,MIN_DISTANCE_AVG,OK,5.019,,,0,robots_sampled=6
189.000,original,-,robot1,MIN_DISTANCE,OK,5.730,5.036,,0,nearest_robot=robot2
189.000,original,-,robot2,MIN_DISTANCE,OK,5.730,5.036,,0,nearest_robot=robot1
189.000,original,-,robot3,MIN_DISTANCE,OK,9.874,5.036,,0,nearest_robot=robot5
189.000,original,-,robot4,MIN_DISTANCE,OK,0.342,5.036,,0,nearest_robot=robot6
189.000,original,-,robot5,MIN_DISTANCE,OK,8.197,5.036,,0,nearest_robot=robot6
189.000,original,-,robot6,MIN_DISTANCE,OK,0.342,5.036,,0,nearest_robot=robot4
189.000,original,-,fleet,MIN_DISTANCE_AVG,OK,5.036,,,0,robots_sampled=6
190.000,original,-,robot1,MIN_DISTANCE,OK,5.642,5.011,,0,nearest_robot=robot2
190.000,original,-,robot2,MIN_DISTANCE,OK,5.642,5.011,,0,nearest_robot=robot1
190.000,original,-,robot3,MIN_DISTANCE,OK,9.874,5.011,,0,nearest_robot=robot5
190.000,original,-,robot4,MIN_DISTANCE,OK,0.358,5.011,,0,nearest_robot=robot6
190.000,original,-,robot5,MIN_DISTANCE,OK,8.194,5.011,,0,nearest_robot=robot6
190.000,original,-,robot6,MIN_DISTANCE,OK,0.358,5.011,,0,nearest_robot=robot4
190.000,original,-,fleet,MIN_DISTANCE_AVG,OK,5.011,,,0,robots_sampled=6
191.000,original,-,robot1,MIN_DISTANCE,OK,5.504,4.975,,0,nearest_robot=robot2
191.000,original,-,robot2,MIN_DISTANCE,OK,5.504,4.975,,0,nearest_robot=robot1
191.000,original,-,robot3,MIN_DISTANCE,OK,9.874,4.975,,0,nearest_robot=robot5
191.000,original,-,robot4,MIN_DISTANCE,OK,0.386,4.975,,0,nearest_robot=robot6
191.000,original,-,robot5,MIN_DISTANCE,OK,8.193,4.975,,0,nearest_robot=robot6
191.000,original,-,robot6,MIN_DISTANCE,OK,0.386,4.975,,0,nearest_robot=robot4
191.000,original,-,fleet,MIN_DISTANCE_AVG,OK,4.975,,,0,robots_sampled=6
192.000,original,-,robot1,MIN_DISTANCE,OK,5.304,4.921,,0,nearest_robot=robot2
192.000,original,-,robot2,MIN_DISTANCE,OK,5.304,4.921,,0,nearest_robot=robot1
192.000,original,-,robot3,MIN_DISTANCE,OK,9.874,4.921,,0,nearest_robot=robot5
192.000,original,-,robot4,MIN_DISTANCE,OK,0.486,4.921,,0,nearest_robot=robot6
192.000,original,-,robot5,MIN_DISTANCE,OK,8.072,4.921,,0,nearest_robot=robot4
192.000,original,-,robot6,MIN_DISTANCE,OK,0.486,4.921,,0,nearest_robot=robot4
192.000,original,-,fleet,MIN_DISTANCE_AVG,OK,4.921,,,0,robots_sampled=6
193.000,original,-,robot1,MIN_DISTANCE,OK,5.031,4.910,,0,nearest_robot=robot2
193.000,original,-,robot2,MIN_DISTANCE,OK,5.031,4.910,,0,nearest_robot=robot1
193.000,original,-,robot3,MIN_DISTANCE,OK,9.874,4.910,,0,nearest_robot=robot5
193.000,original,-,robot4,MIN_DISTANCE,OK,0.818,4.910,,0,nearest_robot=robot6
193.000,original,-,robot5,MIN_DISTANCE,OK,7.887,4.910,,0,nearest_robot=robot4
193.000,original,-,robot6,MIN_DISTANCE,OK,0.818,4.910,,0,nearest_robot=robot4
193.000,original,-,fleet,MIN_DISTANCE_AVG,OK,4.910,,,0,robots_sampled=6
194.000,original,-,robot1,MIN_DISTANCE,OK,4.741,4.844,,0,nearest_robot=robot2
194.000,original,-,robot2,MIN_DISTANCE,OK,4.741,4.844,,0,nearest_robot=robot1
194.000,original,-,robot3,MIN_DISTANCE,OK,9.874,4.844,,0,nearest_robot=robot5
194.000,original,-,robot4,MIN_DISTANCE,OK,0.920,4.844,,0,nearest_robot=robot6
194.000,original,-,robot5,MIN_DISTANCE,OK,7.870,4.844,,0,nearest_robot=robot4
194.000,original,-,robot6,MIN_DISTANCE,OK,0.920,4.844,,0,nearest_robot=robot4
194.000,original,-,fleet,MIN_DISTANCE_AVG,OK,4.844,,,0,robots_sampled=6
195.000,original,-,robot1,MIN_DISTANCE,OK,4.376,4.701,,0,nearest_robot=robot2
195.000,original,-,robot2,MIN_DISTANCE,OK,4.376,4.701,,0,nearest_robot=robot1
195.000,original,-,robot3,MIN_DISTANCE,OK,9.874,4.701,,0,nearest_robot=robot5
195.000,original,-,robot4,MIN_DISTANCE,OK,0.868,4.701,,0,nearest_robot=robot6
195.000,original,-,robot5,MIN_DISTANCE,OK,7.845,4.701,,0,nearest_robot=robot4
195.000,original,-,robot6,MIN_DISTANCE,OK,0.868,4.701,,0,nearest_robot=robot4
195.000,original,-,fleet,MIN_DISTANCE_AVG,OK,4.701,,,0,robots_sampled=6
196.000,original,-,robot1,MIN_DISTANCE,OK,3.997,4.575,,0,nearest_robot=robot2
196.000,original,-,robot2,MIN_DISTANCE,OK,3.997,4.575,,0,nearest_robot=robot1
196.000,original,-,robot3,MIN_DISTANCE,OK,9.874,4.575,,0,nearest_robot=robot5
196.000,original,-,robot4,MIN_DISTANCE,OK,0.876,4.575,,0,nearest_robot=robot6
196.000,original,-,robot5,MIN_DISTANCE,OK,7.830,4.575,,0,nearest_robot=robot4
196.000,original,-,robot6,MIN_DISTANCE,OK,0.876,4.575,,0,nearest_robot=robot4
196.000,original,-,fleet,MIN_DISTANCE_AVG,OK,4.575,,,0,robots_sampled=6
197.000,original,-,robot1,MIN_DISTANCE,OK,3.620,4.441,,0,nearest_robot=robot2
197.000,original,-,robot2,MIN_DISTANCE,OK,3.620,4.441,,0,nearest_robot=robot1
197.000,original,-,robot3,MIN_DISTANCE,OK,9.874,4.441,,0,nearest_robot=robot5
197.000,original,-,robot4,MIN_DISTANCE,OK,0.863,4.441,,0,nearest_robot=robot6
197.000,original,-,robot5,MIN_DISTANCE,OK,7.808,4.441,,0,nearest_robot=robot4
197.000,original,-,robot6,MIN_DISTANCE,OK,0.863,4.441,,0,nearest_robot=robot4
197.000,original,-,fleet,MIN_DISTANCE_AVG,OK,4.441,,,0,robots_sampled=6
198.000,original,-,robot1,MIN_DISTANCE,OK,3.265,4.317,,0,nearest_robot=robot2
198.000,original,-,robot2,MIN_DISTANCE,OK,3.265,4.317,,0,nearest_robot=robot1
198.000,original,-,robot3,MIN_DISTANCE,OK,9.874,4.317,,0,nearest_robot=robot5
198.000,original,-,robot4,MIN_DISTANCE,OK,0.867,4.317,,0,nearest_robot=robot6
198.000,original,-,robot5,MIN_DISTANCE,OK,7.762,4.317,,0,nearest_robot=robot4
198.000,original,-,robot6,MIN_DISTANCE,OK,0.867,4.317,,0,nearest_robot=robot4
198.000,original,-,fleet,MIN_DISTANCE_AVG,OK,4.317,,,0,robots_sampled=6
199.000,original,-,robot1,MIN_DISTANCE,OK,2.902,4.194,,0,nearest_robot=robot2
199.000,original,-,robot2,MIN_DISTANCE,OK,2.902,4.194,,0,nearest_robot=robot1
199.000,original,-,robot3,MIN_DISTANCE,OK,9.874,4.194,,0,nearest_robot=robot5
199.000,original,-,robot4,MIN_DISTANCE,OK,0.870,4.194,,0,nearest_robot=robot6
199.000,original,-,robot5,MIN_DISTANCE,OK,7.747,4.194,,0,nearest_robot=robot4
199.000,original,-,robot6,MIN_DISTANCE,OK,0.870,4.194,,0,nearest_robot=robot4
199.000,original,-,fleet,MIN_DISTANCE_AVG,OK,4.194,,,0,robots_sampled=6
200.000,original,-,robot1,MIN_DISTANCE,OK,2.543,4.077,,0,nearest_robot=robot2
200.000,original,-,robot2,MIN_DISTANCE,OK,2.543,4.077,,0,nearest_robot=robot1
200.000,original,-,robot3,MIN_DISTANCE,OK,9.874,4.077,,0,nearest_robot=robot5
200.000,original,-,robot4,MIN_DISTANCE,OK,0.865,4.077,,0,nearest_robot=robot6
200.000,original,-,robot5,MIN_DISTANCE,OK,7.773,4.077,,0,nearest_robot=robot4
200.000,original,-,robot6,MIN_DISTANCE,OK,0.865,4.077,,0,nearest_robot=robot4
200.000,original,-,fleet,MIN_DISTANCE_AVG,OK,4.077,,,0,robots_sampled=6
201.000,original,-,robot1,MIN_DISTANCE,OK,2.216,3.969,,0,nearest_robot=robot2
201.000,original,-,robot2,MIN_DISTANCE,OK,2.216,3.969,,0,nearest_robot=robot1
201.000,original,-,robot3,MIN_DISTANCE,OK,9.874,3.969,,0,nearest_robot=robot5
201.000,original,-,robot4,MIN_DISTANCE,OK,0.870,3.969,,0,nearest_robot=robot6
201.000,original,-,robot5,MIN_DISTANCE,OK,7.767,3.969,,0,nearest_robot=robot4
201.000,original,-,robot6,MIN_DISTANCE,OK,0.870,3.969,,0,nearest_robot=robot4
201.000,original,-,fleet,MIN_DISTANCE_AVG,OK,3.969,,,0,robots_sampled=6
202.000,original,-,robot1,MIN_DISTANCE,OK,1.922,3.873,,0,nearest_robot=robot2
202.000,original,-,robot2,MIN_DISTANCE,OK,1.922,3.873,,0,nearest_robot=robot1
202.000,original,-,robot3,MIN_DISTANCE,OK,9.874,3.873,,0,nearest_robot=robot5
202.000,original,-,robot4,MIN_DISTANCE,OK,1.002,3.873,,0,nearest_robot=robot6
202.000,original,-,robot5,MIN_DISTANCE,OK,7.519,3.873,,0,nearest_robot=robot4
202.000,original,-,robot6,MIN_DISTANCE,OK,1.002,3.873,,0,nearest_robot=robot4
202.000,original,-,fleet,MIN_DISTANCE_AVG,OK,3.873,,,0,robots_sampled=6
203.000,original,-,robot1,MIN_DISTANCE,OK,1.668,3.823,,0,nearest_robot=robot2
203.000,original,-,robot2,MIN_DISTANCE,OK,1.668,3.823,,0,nearest_robot=robot1
203.000,original,-,robot3,MIN_DISTANCE,OK,9.874,3.823,,0,nearest_robot=robot5
203.000,original,-,robot4,MIN_DISTANCE,OK,1.331,3.823,,0,nearest_robot=robot6
203.000,original,-,robot5,MIN_DISTANCE,OK,7.064,3.823,,0,nearest_robot=robot4
203.000,original,-,robot6,MIN_DISTANCE,OK,1.331,3.823,,0,nearest_robot=robot4
203.000,original,-,fleet,MIN_DISTANCE_AVG,OK,3.823,,,0,robots_sampled=6
204.000,original,-,robot1,MIN_DISTANCE,OK,1.454,3.806,,0,nearest_robot=robot2
204.000,original,-,robot2,MIN_DISTANCE,OK,1.454,3.806,,0,nearest_robot=robot1
204.000,original,-,robot3,MIN_DISTANCE,OK,9.874,3.806,,0,nearest_robot=robot5
204.000,original,-,robot4,MIN_DISTANCE,OK,1.744,3.806,,0,nearest_robot=robot6
204.000,original,-,robot5,MIN_DISTANCE,OK,6.568,3.806,,0,nearest_robot=robot4
204.000,original,-,robot6,MIN_DISTANCE,OK,1.744,3.806,,0,nearest_robot=robot4
204.000,original,-,fleet,MIN_DISTANCE_AVG,OK,3.806,,,0,robots_sampled=6
205.000,original,-,robot1,MIN_DISTANCE,OK,1.312,3.816,,0,nearest_robot=robot2
205.000,original,-,robot2,MIN_DISTANCE,OK,1.312,3.816,,0,nearest_robot=robot1
205.000,original,-,robot3,MIN_DISTANCE,OK,9.874,3.816,,0,nearest_robot=robot5
205.000,original,-,robot4,MIN_DISTANCE,OK,2.124,3.816,,0,nearest_robot=robot6
205.000,original,-,robot5,MIN_DISTANCE,OK,6.150,3.816,,0,nearest_robot=robot4
205.000,original,-,robot6,MIN_DISTANCE,OK,2.124,3.816,,0,nearest_robot=robot4
205.000,original,-,fleet,MIN_DISTANCE_AVG,OK,3.816,,,0,robots_sampled=6
206.000,original,-,robot1,MIN_DISTANCE,OK,1.275,3.866,,0,nearest_robot=robot2
206.000,original,-,robot2,MIN_DISTANCE,OK,1.275,3.866,,0,nearest_robot=robot1
206.000,original,-,robot3,MIN_DISTANCE,OK,9.874,3.866,,0,nearest_robot=robot5
206.000,original,-,robot4,MIN_DISTANCE,OK,2.521,3.866,,0,nearest_robot=robot6
206.000,original,-,robot5,MIN_DISTANCE,OK,5.728,3.866,,0,nearest_robot=robot4
206.000,original,-,robot6,MIN_DISTANCE,OK,2.521,3.866,,0,nearest_robot=robot4
206.000,original,-,fleet,MIN_DISTANCE_AVG,OK,3.866,,,0,robots_sampled=6
207.000,original,-,robot1,MIN_DISTANCE,OK,1.342,3.956,,0,nearest_robot=robot2
207.000,original,-,robot2,MIN_DISTANCE,OK,1.342,3.956,,0,nearest_robot=robot1
207.000,original,-,robot3,MIN_DISTANCE,OK,9.874,3.956,,0,nearest_robot=robot5
207.000,original,-,robot4,MIN_DISTANCE,OK,2.941,3.956,,0,nearest_robot=robot6
207.000,original,-,robot5,MIN_DISTANCE,OK,5.295,3.956,,0,nearest_robot=robot4
207.000,original,-,robot6,MIN_DISTANCE,OK,2.941,3.956,,0,nearest_robot=robot4
207.000,original,-,fleet,MIN_DISTANCE_AVG,OK,3.956,,,0,robots_sampled=6
208.000,original,-,robot1,MIN_DISTANCE,OK,1.503,4.080,,0,nearest_robot=robot2
208.000,original,-,robot2,MIN_DISTANCE,OK,1.503,4.080,,0,nearest_robot=robot1
208.000,original,-,robot3,MIN_DISTANCE,OK,9.874,4.080,,0,nearest_robot=robot5
208.000,original,-,robot4,MIN_DISTANCE,OK,3.370,4.080,,0,nearest_robot=robot6
208.000,original,-,robot5,MIN_DISTANCE,OK,4.863,4.080,,0,nearest_robot=robot4
208.000,original,-,robot6,MIN_DISTANCE,OK,3.370,4.080,,0,nearest_robot=robot4
208.000,original,-,fleet,MIN_DISTANCE_AVG,OK,4.080,,,0,robots_sampled=6
209.000,original,-,robot1,MIN_DISTANCE,OK,1.749,4.231,,0,nearest_robot=robot2
209.000,original,-,robot2,MIN_DISTANCE,OK,1.749,4.231,,0,nearest_robot=robot1
209.000,original,-,robot3,MIN_DISTANCE,OK,9.874,4.231,,0,nearest_robot=robot5
209.000,original,-,robot4,MIN_DISTANCE,OK,3.787,4.231,,0,nearest_robot=robot6
209.000,original,-,robot5,MIN_DISTANCE,OK,4.441,4.231,,0,nearest_robot=robot4
209.000,original,-,robot6,MIN_DISTANCE,OK,3.787,4.231,,0,nearest_robot=robot4
209.000,original,-,fleet,MIN_DISTANCE_AVG,OK,4.231,,,0,robots_sampled=6
210.000,original,-,robot1,MIN_DISTANCE,OK,2.048,4.375,,0,nearest_robot=robot2
210.000,original,-,robot2,MIN_DISTANCE,OK,2.048,4.375,,0,nearest_robot=robot1
210.000,original,-,robot3,MIN_DISTANCE,OK,9.874,4.375,,0,nearest_robot=robot5
210.000,original,-,robot4,MIN_DISTANCE,OK,4.049,4.375,,0,nearest_robot=robot5
210.000,original,-,robot5,MIN_DISTANCE,OK,4.049,4.375,,0,nearest_robot=robot4
210.000,original,-,robot6,MIN_DISTANCE,OK,4.181,4.375,,0,nearest_robot=robot4
210.000,original,-,fleet,MIN_DISTANCE_AVG,OK,4.375,,,0,robots_sampled=6
211.000,original,-,robot1,MIN_DISTANCE,OK,2.402,4.423,,0,nearest_robot=robot2
211.000,original,-,robot2,MIN_DISTANCE,OK,2.402,4.423,,0,nearest_robot=robot1
211.000,original,-,robot3,MIN_DISTANCE,OK,9.874,4.423,,0,nearest_robot=robot5
211.000,original,-,robot4,MIN_DISTANCE,OK,3.623,4.423,,0,nearest_robot=robot5
211.000,original,-,robot5,MIN_DISTANCE,OK,3.623,4.423,,0,nearest_robot=robot4
211.000,original,-,robot6,MIN_DISTANCE,OK,4.613,4.423,,0,nearest_robot=robot4
211.000,original,-,fleet,MIN_DISTANCE_AVG,OK,4.423,,,0,robots_sampled=6
212.000,original,-,robot1,MIN_DISTANCE,OK,2.752,4.472,,0,nearest_robot=robot2
212.000,original,-,robot2,MIN_DISTANCE,OK,2.752,4.472,,0,nearest_robot=robot1
212.000,original,-,robot3,MIN_DISTANCE,OK,9.874,4.472,,0,nearest_robot=robot5
212.000,original,-,robot4,MIN_DISTANCE,OK,3.203,4.472,,0,nearest_robot=robot5
212.000,original,-,robot5,MIN_DISTANCE,OK,3.203,4.472,,0,nearest_robot=robot4
212.000,original,-,robot6,MIN_DISTANCE,OK,5.047,4.472,,0,nearest_robot=robot4
212.000,original,-,fleet,MIN_DISTANCE_AVG,OK,4.472,,,0,robots_sampled=6
213.000,original,-,robot1,MIN_DISTANCE,OK,3.112,4.522,,0,nearest_robot=robot2
213.000,original,-,robot2,MIN_DISTANCE,OK,3.112,4.522,,0,nearest_robot=robot1
213.000,original,-,robot3,MIN_DISTANCE,OK,9.874,4.522,,0,nearest_robot=robot5
213.000,original,-,robot4,MIN_DISTANCE,OK,2.765,4.522,,0,nearest_robot=robot5
213.000,original,-,robot5,MIN_DISTANCE,OK,2.765,4.522,,0,nearest_robot=robot4
213.000,original,-,robot6,MIN_DISTANCE,OK,5.503,4.522,,0,nearest_robot=robot4
213.000,original,-,fleet,MIN_DISTANCE_AVG,OK,4.522,,,0,robots_sampled=6
213.380,original,-,fleet,CHOMP_TIME_FULL,OK,,26.273,,0,iterations=100;iterations_executed=100;source=algorithm;round_trip=26.294358
214.000,original,-,fleet,REPLAN_FULL,OK,,,robot1|robot2|robot3|robot4|robot5|robot6,0,original_full_optimization
214.000,original,-,robot1,MIN_DISTANCE,OK,3.442,4.559,,0,nearest_robot=robot2
214.000,original,-,robot2,MIN_DISTANCE,OK,3.442,4.559,,0,nearest_robot=robot1
214.000,original,-,robot3,MIN_DISTANCE,OK,9.847,4.559,,0,nearest_robot=robot5
214.000,original,-,robot4,MIN_DISTANCE,OK,2.331,4.559,,0,nearest_robot=robot5
214.000,original,-,robot5,MIN_DISTANCE,OK,2.331,4.559,,0,nearest_robot=robot4
214.000,original,-,robot6,MIN_DISTANCE,OK,5.962,4.559,,0,nearest_robot=robot4
214.000,original,-,fleet,MIN_DISTANCE_AVG,OK,4.559,,,0,robots_sampled=6
215.000,original,-,robot1,MIN_DISTANCE,OK,3.759,4.589,,0,nearest_robot=robot2
215.000,original,-,robot2,MIN_DISTANCE,OK,3.759,4.589,,0,nearest_robot=robot1
215.000,original,-,robot3,MIN_DISTANCE,OK,9.812,4.589,,0,nearest_robot=robot5
215.000,original,-,robot4,MIN_DISTANCE,OK,1.901,4.589,,0,nearest_robot=robot5
215.000,original,-,robot5,MIN_DISTANCE,OK,1.901,4.589,,0,nearest_robot=robot4
215.000,original,-,robot6,MIN_DISTANCE,OK,6.404,4.589,,0,nearest_robot=robot4
215.000,original,-,fleet,MIN_DISTANCE_AVG,OK,4.589,,,0,robots_sampled=6
216.000,original,-,robot1,MIN_DISTANCE,OK,4.291,4.703,,0,nearest_robot=robot2
216.000,original,-,robot2,MIN_DISTANCE,OK,4.291,4.703,,0,nearest_robot=robot1
216.000,original,-,robot3,MIN_DISTANCE,OK,9.717,4.703,,0,nearest_robot=robot5
216.000,original,-,robot4,MIN_DISTANCE,OK,1.536,4.703,,0,nearest_robot=robot5
216.000,original,-,robot5,MIN_DISTANCE,OK,1.536,4.703,,0,nearest_robot=robot4
216.000,original,-,robot6,MIN_DISTANCE,OK,6.849,4.703,,0,nearest_robot=robot4
216.000,original,-,fleet,MIN_DISTANCE_AVG,OK,4.703,,,0,robots_sampled=6
217.000,original,-,robot1,MIN_DISTANCE,OK,5.034,5.025,,0,nearest_robot=robot2
217.000,original,-,robot2,MIN_DISTANCE,OK,5.034,5.025,,0,nearest_robot=robot1
217.000,original,-,robot3,MIN_DISTANCE,OK,9.584,5.025,,0,nearest_robot=robot5
217.000,original,-,robot4,MIN_DISTANCE,OK,1.612,5.025,,0,nearest_robot=robot5
217.000,original,-,robot5,MIN_DISTANCE,OK,1.612,5.025,,0,nearest_robot=robot4
217.000,original,-,robot6,MIN_DISTANCE,OK,7.275,5.025,,0,nearest_robot=robot4
217.000,original,-,fleet,MIN_DISTANCE_AVG,OK,5.025,,,0,robots_sampled=6
218.000,original,-,robot1,MIN_DISTANCE,OK,5.830,5.382,,0,nearest_robot=robot2
218.000,original,-,robot2,MIN_DISTANCE,OK,5.830,5.382,,0,nearest_robot=robot1
218.000,original,-,robot3,MIN_DISTANCE,OK,9.629,5.382,,0,nearest_robot=robot5
218.000,original,-,robot4,MIN_DISTANCE,OK,1.630,5.382,,0,nearest_robot=robot5
218.000,original,-,robot5,MIN_DISTANCE,OK,1.630,5.382,,0,nearest_robot=robot4
218.000,original,-,robot6,MIN_DISTANCE,OK,7.740,5.382,,0,nearest_robot=robot4
218.000,original,-,fleet,MIN_DISTANCE_AVG,OK,5.382,,,0,robots_sampled=6
219.000,original,-,robot1,MIN_DISTANCE,OK,6.644,5.710,,0,nearest_robot=robot2
219.000,original,-,robot2,MIN_DISTANCE,OK,6.644,5.710,,0,nearest_robot=robot1
219.000,original,-,robot3,MIN_DISTANCE,OK,9.460,5.710,,0,nearest_robot=robot5
219.000,original,-,robot4,MIN_DISTANCE,OK,1.688,5.710,,0,nearest_robot=robot5
219.000,original,-,robot5,MIN_DISTANCE,OK,1.688,5.710,,0,nearest_robot=robot4
219.000,original,-,robot6,MIN_DISTANCE,OK,8.137,5.710,,0,nearest_robot=robot4
219.000,original,-,fleet,MIN_DISTANCE_AVG,OK,5.710,,,0,robots_sampled=6
220.000,original,-,robot1,MIN_DISTANCE,OK,7.393,5.983,,0,nearest_robot=robot2
220.000,original,-,robot2,MIN_DISTANCE,OK,7.393,5.983,,0,nearest_robot=robot1
220.000,original,-,robot3,MIN_DISTANCE,OK,9.194,5.983,,0,nearest_robot=robot5
220.000,original,-,robot4,MIN_DISTANCE,OK,1.713,5.983,,0,nearest_robot=robot5
220.000,original,-,robot5,MIN_DISTANCE,OK,1.713,5.983,,0,nearest_robot=robot4
220.000,original,-,robot6,MIN_DISTANCE,OK,8.490,5.983,,0,nearest_robot=robot4
220.000,original,-,fleet,MIN_DISTANCE_AVG,OK,5.983,,,0,robots_sampled=6
221.000,original,-,robot1,MIN_DISTANCE,OK,8.154,6.260,,0,nearest_robot=robot2
221.000,original,-,robot2,MIN_DISTANCE,OK,8.154,6.260,,0,nearest_robot=robot1
221.000,original,-,robot3,MIN_DISTANCE,OK,8.967,6.260,,0,nearest_robot=robot5
221.000,original,-,robot4,MIN_DISTANCE,OK,1.698,6.260,,0,nearest_robot=robot5
221.000,original,-,robot5,MIN_DISTANCE,OK,1.698,6.260,,0,nearest_robot=robot4
221.000,original,-,robot6,MIN_DISTANCE,OK,8.891,6.260,,0,nearest_robot=robot4
221.000,original,-,fleet,MIN_DISTANCE_AVG,OK,6.260,,,0,robots_sampled=6
222.000,original,-,robot1,MIN_DISTANCE,OK,8.951,6.576,,0,nearest_robot=robot2
222.000,original,-,robot2,MIN_DISTANCE,OK,8.951,6.576,,0,nearest_robot=robot1
222.000,original,-,robot3,MIN_DISTANCE,OK,8.797,6.576,,0,nearest_robot=robot5
222.000,original,-,robot4,MIN_DISTANCE,OK,1.721,6.576,,0,nearest_robot=robot5
222.000,original,-,robot5,MIN_DISTANCE,OK,1.721,6.576,,0,nearest_robot=robot4
222.000,original,-,robot6,MIN_DISTANCE,OK,9.316,6.576,,0,nearest_robot=robot4
222.000,original,-,fleet,MIN_DISTANCE_AVG,OK,6.576,,,0,robots_sampled=6
223.000,original,-,robot1,MIN_DISTANCE,OK,9.791,6.961,,0,nearest_robot=robot2
223.000,original,-,robot2,MIN_DISTANCE,OK,9.791,6.961,,0,nearest_robot=robot1
223.000,original,-,robot3,MIN_DISTANCE,OK,8.616,6.961,,0,nearest_robot=robot5
223.000,original,-,robot4,MIN_DISTANCE,OK,1.925,6.961,,0,nearest_robot=robot5
223.000,original,-,robot5,MIN_DISTANCE,OK,1.925,6.961,,0,nearest_robot=robot4
223.000,original,-,robot6,MIN_DISTANCE,OK,9.719,6.961,,0,nearest_robot=robot4
223.000,original,-,fleet,MIN_DISTANCE_AVG,OK,6.961,,,0,robots_sampled=6
224.000,original,-,robot1,MIN_DISTANCE,OK,10.666,7.378,,0,nearest_robot=robot2
224.000,original,-,robot2,MIN_DISTANCE,OK,10.666,7.378,,0,nearest_robot=robot1
224.000,original,-,robot3,MIN_DISTANCE,OK,8.458,7.378,,0,nearest_robot=robot5
224.000,original,-,robot4,MIN_DISTANCE,OK,2.217,7.378,,0,nearest_robot=robot5
224.000,original,-,robot5,MIN_DISTANCE,OK,2.217,7.378,,0,nearest_robot=robot4
224.000,original,-,robot6,MIN_DISTANCE,OK,10.047,7.378,,0,nearest_robot=robot4
224.000,original,-,fleet,MIN_DISTANCE_AVG,OK,7.378,,,0,robots_sampled=6
225.000,original,-,robot1,MIN_DISTANCE,OK,11.518,7.733,,0,nearest_robot=robot2
225.000,original,-,robot2,MIN_DISTANCE,OK,11.518,7.733,,0,nearest_robot=robot1
225.000,original,-,robot3,MIN_DISTANCE,OK,8.283,7.733,,0,nearest_robot=robot5
225.000,original,-,robot4,MIN_DISTANCE,OK,2.411,7.733,,0,nearest_robot=robot5
225.000,original,-,robot5,MIN_DISTANCE,OK,2.411,7.733,,0,nearest_robot=robot4
225.000,original,-,robot6,MIN_DISTANCE,OK,10.256,7.733,,0,nearest_robot=robot3
225.000,original,-,fleet,MIN_DISTANCE_AVG,OK,7.733,,,0,robots_sampled=6
226.000,original,-,robot1,MIN_DISTANCE,OK,12.380,7.991,,0,nearest_robot=robot2
226.000,original,-,robot2,MIN_DISTANCE,OK,12.380,7.991,,0,nearest_robot=robot1
226.000,original,-,robot3,MIN_DISTANCE,OK,8.133,7.991,,0,nearest_robot=robot5
226.000,original,-,robot4,MIN_DISTANCE,OK,2.555,7.991,,0,nearest_robot=robot5
226.000,original,-,robot5,MIN_DISTANCE,OK,2.555,7.991,,0,nearest_robot=robot4
226.000,original,-,robot6,MIN_DISTANCE,OK,9.941,7.991,,0,nearest_robot=robot3
226.000,original,-,fleet,MIN_DISTANCE_AVG,OK,7.991,,,0,robots_sampled=6
227.000,original,-,robot1,MIN_DISTANCE,OK,13.259,8.254,,0,nearest_robot=robot2
227.000,original,-,robot2,MIN_DISTANCE,OK,13.259,8.254,,0,nearest_robot=robot1
227.000,original,-,robot3,MIN_DISTANCE,OK,8.017,8.254,,0,nearest_robot=robot5
227.000,original,-,robot4,MIN_DISTANCE,OK,2.659,8.254,,0,nearest_robot=robot5
227.000,original,-,robot5,MIN_DISTANCE,OK,2.659,8.254,,0,nearest_robot=robot4
227.000,original,-,robot6,MIN_DISTANCE,OK,9.668,8.254,,0,nearest_robot=robot3
227.000,original,-,fleet,MIN_DISTANCE_AVG,OK,8.254,,,0,robots_sampled=6
228.000,original,-,robot1,MIN_DISTANCE,OK,14.115,8.539,,0,nearest_robot=robot2
228.000,original,-,robot2,MIN_DISTANCE,OK,14.115,8.539,,0,nearest_robot=robot1
228.000,original,-,robot3,MIN_DISTANCE,OK,7.974,8.539,,0,nearest_robot=robot5
228.000,original,-,robot4,MIN_DISTANCE,OK,2.807,8.539,,0,nearest_robot=robot5
228.000,original,-,robot5,MIN_DISTANCE,OK,2.807,8.539,,0,nearest_robot=robot4
228.000,original,-,robot6,MIN_DISTANCE,OK,9.419,8.539,,0,nearest_robot=robot3
228.000,original,-,fleet,MIN_DISTANCE_AVG,OK,8.539,,,0,robots_sampled=6
229.000,original,-,robot1,MIN_DISTANCE,OK,14.953,8.841,,0,nearest_robot=robot2
229.000,original,-,robot2,MIN_DISTANCE,OK,14.953,8.841,,0,nearest_robot=robot1
229.000,original,-,robot3,MIN_DISTANCE,OK,7.892,8.841,,0,nearest_robot=robot5
229.000,original,-,robot4,MIN_DISTANCE,OK,3.022,8.841,,0,nearest_robot=robot5
229.000,original,-,robot5,MIN_DISTANCE,OK,3.022,8.841,,0,nearest_robot=robot4
229.000,original,-,robot6,MIN_DISTANCE,OK,9.202,8.841,,0,nearest_robot=robot3
229.000,original,-,fleet,MIN_DISTANCE_AVG,OK,8.841,,,0,robots_sampled=6
230.000,original,-,robot1,MIN_DISTANCE,OK,15.283,9.090,,0,nearest_robot=robot5
230.000,original,-,robot2,MIN_DISTANCE,OK,15.794,9.090,,0,nearest_robot=robot1
230.000,original,-,robot3,MIN_DISTANCE,OK,7.913,9.090,,0,nearest_robot=robot5
230.000,original,-,robot4,MIN_DISTANCE,OK,3.273,9.090,,0,nearest_robot=robot5
230.000,original,-,robot5,MIN_DISTANCE,OK,3.273,9.090,,0,nearest_robot=robot4
230.000,original,-,robot6,MIN_DISTANCE,OK,9.003,9.090,,0,nearest_robot=robot3
230.000,original,-,fleet,MIN_DISTANCE_AVG,OK,9.090,,,0,robots_sampled=6
231.000,original,-,robot1,MIN_DISTANCE,OK,14.649,9.153,,0,nearest_robot=robot5
231.000,original,-,robot2,MIN_DISTANCE,OK,16.614,9.153,,0,nearest_robot=robot1
231.000,original,-,robot3,MIN_DISTANCE,OK,7.898,9.153,,0,nearest_robot=robot5
231.000,original,-,robot4,MIN_DISTANCE,OK,3.464,9.153,,0,nearest_robot=robot5
231.000,original,-,robot5,MIN_DISTANCE,OK,3.464,9.153,,0,nearest_robot=robot4
231.000,original,-,robot6,MIN_DISTANCE,OK,8.831,9.153,,0,nearest_robot=robot3
231.000,original,-,fleet,MIN_DISTANCE_AVG,OK,9.153,,,0,robots_sampled=6
232.000,original,-,robot1,MIN_DISTANCE,OK,14.020,9.233,,0,nearest_robot=robot5
232.000,original,-,robot2,MIN_DISTANCE,OK,17.496,9.233,,0,nearest_robot=robot1
232.000,original,-,robot3,MIN_DISTANCE,OK,7.912,9.233,,0,nearest_robot=robot5
232.000,original,-,robot4,MIN_DISTANCE,OK,3.637,9.233,,0,nearest_robot=robot5
232.000,original,-,robot5,MIN_DISTANCE,OK,3.637,9.233,,0,nearest_robot=robot4
232.000,original,-,robot6,MIN_DISTANCE,OK,8.697,9.233,,0,nearest_robot=robot3
232.000,original,-,fleet,MIN_DISTANCE_AVG,OK,9.233,,,0,robots_sampled=6
233.000,original,-,robot1,MIN_DISTANCE,OK,13.386,9.332,,0,nearest_robot=robot5
233.000,original,-,robot2,MIN_DISTANCE,OK,18.331,9.332,,0,nearest_robot=robot1
233.000,original,-,robot3,MIN_DISTANCE,OK,8.038,9.332,,0,nearest_robot=robot5
233.000,original,-,robot4,MIN_DISTANCE,OK,3.824,9.332,,0,nearest_robot=robot5
233.000,original,-,robot5,MIN_DISTANCE,OK,3.824,9.332,,0,nearest_robot=robot4
233.000,original,-,robot6,MIN_DISTANCE,OK,8.587,9.332,,0,nearest_robot=robot3
233.000,original,-,fleet,MIN_DISTANCE_AVG,OK,9.332,,,0,robots_sampled=6
234.000,original,-,robot1,MIN_DISTANCE,OK,12.783,9.422,,0,nearest_robot=robot5
234.000,original,-,robot2,MIN_DISTANCE,OK,19.203,9.422,,0,nearest_robot=robot1
234.000,original,-,robot3,MIN_DISTANCE,OK,8.167,9.422,,0,nearest_robot=robot5
234.000,original,-,robot4,MIN_DISTANCE,OK,3.942,9.422,,0,nearest_robot=robot5
234.000,original,-,robot5,MIN_DISTANCE,OK,3.942,9.422,,0,nearest_robot=robot4
234.000,original,-,robot6,MIN_DISTANCE,OK,8.495,9.422,,0,nearest_robot=robot3
234.000,original,-,fleet,MIN_DISTANCE_AVG,OK,9.422,,,0,robots_sampled=6
235.000,original,-,robot1,MIN_DISTANCE,OK,12.236,9.533,,0,nearest_robot=robot5
235.000,original,-,robot2,MIN_DISTANCE,OK,20.059,9.533,,0,nearest_robot=robot1
235.000,original,-,robot3,MIN_DISTANCE,OK,8.374,9.533,,0,nearest_robot=robot5
235.000,original,-,robot4,MIN_DISTANCE,OK,4.060,9.533,,0,nearest_robot=robot5
235.000,original,-,robot5,MIN_DISTANCE,OK,4.060,9.533,,0,nearest_robot=robot4
235.000,original,-,robot6,MIN_DISTANCE,OK,8.406,9.533,,0,nearest_robot=robot3
235.000,original,-,fleet,MIN_DISTANCE_AVG,OK,9.533,,,0,robots_sampled=6
236.000,original,-,robot1,MIN_DISTANCE,OK,11.776,9.628,,0,nearest_robot=robot5
236.000,original,-,robot2,MIN_DISTANCE,OK,20.916,9.628,,0,nearest_robot=robot1
236.000,original,-,robot3,MIN_DISTANCE,OK,8.276,9.628,,0,nearest_robot=robot4
236.000,original,-,robot4,MIN_DISTANCE,OK,4.235,9.628,,0,nearest_robot=robot5
236.000,original,-,robot5,MIN_DISTANCE,OK,4.235,9.628,,0,nearest_robot=robot4
236.000,original,-,robot6,MIN_DISTANCE,OK,8.329,9.628,,0,nearest_robot=robot3
236.000,original,-,fleet,MIN_DISTANCE_AVG,OK,9.628,,,0,robots_sampled=6
237.000,original,-,robot1,MIN_DISTANCE,OK,11.323,9.720,,0,nearest_robot=robot5
237.000,original,-,robot2,MIN_DISTANCE,OK,21.816,9.720,,0,nearest_robot=robot1
237.000,original,-,robot3,MIN_DISTANCE,OK,8.022,9.720,,0,nearest_robot=robot4
237.000,original,-,robot4,MIN_DISTANCE,OK,4.450,9.720,,0,nearest_robot=robot5
237.000,original,-,robot5,MIN_DISTANCE,OK,4.450,9.720,,0,nearest_robot=robot4
237.000,original,-,robot6,MIN_DISTANCE,OK,8.259,9.720,,0,nearest_robot=robot3
237.000,original,-,fleet,MIN_DISTANCE_AVG,OK,9.720,,,0,robots_sampled=6
238.000,original,-,robot1,MIN_DISTANCE,OK,10.982,9.818,,0,nearest_robot=robot5
238.000,original,-,robot2,MIN_DISTANCE,OK,22.633,9.818,,0,nearest_robot=robot1
238.000,original,-,robot3,MIN_DISTANCE,OK,7.791,9.818,,0,nearest_robot=robot4
238.000,original,-,robot4,MIN_DISTANCE,OK,4.656,9.818,,0,nearest_robot=robot5
238.000,original,-,robot5,MIN_DISTANCE,OK,4.656,9.818,,0,nearest_robot=robot4
238.000,original,-,robot6,MIN_DISTANCE,OK,8.187,9.818,,0,nearest_robot=robot3
238.000,original,-,fleet,MIN_DISTANCE_AVG,OK,9.818,,,0,robots_sampled=6
239.000,original,-,robot1,MIN_DISTANCE,OK,10.703,9.920,,0,nearest_robot=robot5
239.000,original,-,robot2,MIN_DISTANCE,OK,23.385,9.920,,0,nearest_robot=robot1
239.000,original,-,robot3,MIN_DISTANCE,OK,7.565,9.920,,0,nearest_robot=robot4
239.000,original,-,robot4,MIN_DISTANCE,OK,4.869,9.920,,0,nearest_robot=robot5
239.000,original,-,robot5,MIN_DISTANCE,OK,4.869,9.920,,0,nearest_robot=robot4
239.000,original,-,robot6,MIN_DISTANCE,OK,8.132,9.920,,0,nearest_robot=robot3
239.000,original,-,fleet,MIN_DISTANCE_AVG,OK,9.920,,,0,robots_sampled=6
239.210,original,-,fleet,CHOMP_TIME_FULL,OK,,26.497,,0,iterations=100;iterations_executed=100;source=algorithm;round_trip=26.518550
240.000,original,-,fleet,REPLAN_FULL,OK,,,robot1|robot2|robot3|robot4|robot5|robot6,0,original_full_optimization
240.000,original,-,robot1,MIN_DISTANCE,OK,10.460,10.046,,0,nearest_robot=robot5
240.000,original,-,robot2,MIN_DISTANCE,OK,23.851,10.046,,0,nearest_robot=robot1
240.000,original,-,robot3,MIN_DISTANCE,OK,7.325,10.046,,0,nearest_robot=robot4
240.000,original,-,robot4,MIN_DISTANCE,OK,5.288,10.046,,0,nearest_robot=robot5
240.000,original,-,robot5,MIN_DISTANCE,OK,5.288,10.046,,0,nearest_robot=robot4
240.000,original,-,robot6,MIN_DISTANCE,OK,8.063,10.046,,0,nearest_robot=robot3
240.000,original,-,fleet,MIN_DISTANCE_AVG,OK,10.046,,,0,robots_sampled=6
241.000,original,-,robot1,MIN_DISTANCE,OK,10.268,10.161,,0,nearest_robot=robot5
241.000,original,-,robot2,MIN_DISTANCE,OK,24.277,10.161,,0,nearest_robot=robot1
241.000,original,-,robot3,MIN_DISTANCE,OK,7.133,10.161,,0,nearest_robot=robot4
241.000,original,-,robot4,MIN_DISTANCE,OK,5.620,10.161,,0,nearest_robot=robot5
241.000,original,-,robot5,MIN_DISTANCE,OK,5.620,10.161,,0,nearest_robot=robot4
241.000,original,-,robot6,MIN_DISTANCE,OK,8.049,10.161,,0,nearest_robot=robot3
241.000,original,-,fleet,MIN_DISTANCE_AVG,OK,10.161,,,0,robots_sampled=6
242.000,original,-,robot1,MIN_DISTANCE,OK,10.119,10.315,,0,nearest_robot=robot5
242.000,original,-,robot2,MIN_DISTANCE,OK,24.653,10.315,,0,nearest_robot=robot1
242.000,original,-,robot3,MIN_DISTANCE,OK,6.977,10.315,,0,nearest_robot=robot4
242.000,original,-,robot4,MIN_DISTANCE,OK,5.979,10.315,,0,nearest_robot=robot5
242.000,original,-,robot5,MIN_DISTANCE,OK,5.979,10.315,,0,nearest_robot=robot4
242.000,original,-,robot6,MIN_DISTANCE,OK,8.186,10.315,,0,nearest_robot=robot3
242.000,original,-,fleet,MIN_DISTANCE_AVG,OK,10.315,,,0,robots_sampled=6
243.000,original,-,robot1,MIN_DISTANCE,OK,10.053,10.521,,0,nearest_robot=robot5
243.000,original,-,robot2,MIN_DISTANCE,OK,25.087,10.521,,0,nearest_robot=robot1
243.000,original,-,robot3,MIN_DISTANCE,OK,6.885,10.521,,0,nearest_robot=robot4
243.000,original,-,robot4,MIN_DISTANCE,OK,6.363,10.521,,0,nearest_robot=robot5
243.000,original,-,robot5,MIN_DISTANCE,OK,6.363,10.521,,0,nearest_robot=robot4
243.000,original,-,robot6,MIN_DISTANCE,OK,8.377,10.521,,0,nearest_robot=robot3
243.000,original,-,fleet,MIN_DISTANCE_AVG,OK,10.521,,,0,robots_sampled=6
244.000,original,-,robot1,MIN_DISTANCE,OK,10.054,10.668,,0,nearest_robot=robot5
244.000,original,-,robot2,MIN_DISTANCE,OK,25.146,10.668,,0,nearest_robot=robot5
244.000,original,-,robot3,MIN_DISTANCE,OK,6.846,10.668,,0,nearest_robot=robot4
244.000,original,-,robot4,MIN_DISTANCE,OK,6.746,10.668,,0,nearest_robot=robot5
244.000,original,-,robot5,MIN_DISTANCE,OK,6.746,10.668,,0,nearest_robot=robot4
244.000,original,-,robot6,MIN_DISTANCE,OK,8.467,10.668,,0,nearest_robot=robot3
244.000,original,-,fleet,MIN_DISTANCE_AVG,OK,10.668,,,0,robots_sampled=6
245.000,original,-,robot1,MIN_DISTANCE,OK,10.106,10.665,,0,nearest_robot=robot5
245.000,original,-,robot2,MIN_DISTANCE,OK,24.659,10.665,,0,nearest_robot=robot5
245.000,original,-,robot3,MIN_DISTANCE,OK,6.851,10.665,,0,nearest_robot=robot4
245.000,original,-,robot4,MIN_DISTANCE,OK,6.851,10.665,,0,nearest_robot=robot3
245.000,original,-,robot5,MIN_DISTANCE,OK,7.183,10.665,,0,nearest_robot=robot4
245.000,original,-,robot6,MIN_DISTANCE,OK,8.341,10.665,,0,nearest_robot=robot3
245.000,original,-,fleet,MIN_DISTANCE_AVG,OK,10.665,,,0,robots_sampled=6
246.000,original,-,robot1,MIN_DISTANCE,OK,10.273,10.689,,0,nearest_robot=robot5
246.000,original,-,robot2,MIN_DISTANCE,OK,24.216,10.689,,0,nearest_robot=robot5
246.000,original,-,robot3,MIN_DISTANCE,OK,7.012,10.689,,0,nearest_robot=robot4
246.000,original,-,robot4,MIN_DISTANCE,OK,7.012,10.689,,0,nearest_robot=robot3
246.000,original,-,robot5,MIN_DISTANCE,OK,7.577,10.689,,0,nearest_robot=robot4
246.000,original,-,robot6,MIN_DISTANCE,OK,8.044,10.689,,0,nearest_robot=robot3
246.000,original,-,fleet,MIN_DISTANCE_AVG,OK,10.689,,,0,robots_sampled=6
247.000,original,-,robot1,MIN_DISTANCE,OK,10.518,10.750,,0,nearest_robot=robot5
247.000,original,-,robot2,MIN_DISTANCE,OK,23.813,10.750,,0,nearest_robot=robot5
247.000,original,-,robot3,MIN_DISTANCE,OK,7.249,10.750,,0,nearest_robot=robot4
247.000,original,-,robot4,MIN_DISTANCE,OK,7.249,10.750,,0,nearest_robot=robot3
247.000,original,-,robot5,MIN_DISTANCE,OK,7.938,10.750,,0,nearest_robot=robot4
247.000,original,-,robot6,MIN_DISTANCE,OK,7.732,10.750,,0,nearest_robot=robot3
247.000,original,-,fleet,MIN_DISTANCE_AVG,OK,10.750,,,0,robots_sampled=6
248.000,original,-,robot1,MIN_DISTANCE,OK,10.816,10.844,,0,nearest_robot=robot5
248.000,original,-,robot2,MIN_DISTANCE,OK,23.397,10.844,,0,nearest_robot=robot5
248.000,original,-,robot3,MIN_DISTANCE,OK,7.509,10.844,,0,nearest_robot=robot6
248.000,original,-,robot4,MIN_DISTANCE,OK,7.512,10.844,,0,nearest_robot=robot3
248.000,original,-,robot5,MIN_DISTANCE,OK,8.321,10.844,,0,nearest_robot=robot4
248.000,original,-,robot6,MIN_DISTANCE,OK,7.509,10.844,,0,nearest_robot=robot3
248.000,original,-,fleet,MIN_DISTANCE_AVG,OK,10.844,,,0,robots_sampled=6
249.000,original,-,robot1,MIN_DISTANCE,OK,11.204,10.914,,0,nearest_robot=robot5
249.000,original,-,robot2,MIN_DISTANCE,OK,22.974,10.914,,0,nearest_robot=robot5
249.000,original,-,robot3,MIN_DISTANCE,OK,7.400,10.914,,0,nearest_robot=robot6
249.000,original,-,robot4,MIN_DISTANCE,OK,7.792,10.914,,0,nearest_robot=robot3
249.000,original,-,robot5,MIN_DISTANCE,OK,8.713,10.914,,0,nearest_robot=robot4
249.000,original,-,robot6,MIN_DISTANCE,OK,7.400,10.914,,0,nearest_robot=robot3
249.000,original,-,fleet,MIN_DISTANCE_AVG,OK,10.914,,,0,robots_sampled=6
250.000,original,-,robot1,MIN_DISTANCE,OK,11.719,11.023,,0,nearest_robot=robot5
250.000,original,-,robot2,MIN_DISTANCE,OK,22.573,11.023,,0,nearest_robot=robot5
250.000,original,-,robot3,MIN_DISTANCE,OK,7.374,11.023,,0,nearest_robot=robot6
250.000,original,-,robot4,MIN_DISTANCE,OK,8.015,11.023,,0,nearest_robot=robot3
250.000,original,-,robot5,MIN_DISTANCE,OK,9.081,11.023,,0,nearest_robot=robot4
250.000,original,-,robot6,MIN_DISTANCE,OK,7.374,11.023,,0,nearest_robot=robot3
250.000,original,-,fleet,MIN_DISTANCE_AVG,OK,11.023,,,0,robots_sampled=6
251.000,original,-,robot1,MIN_DISTANCE,OK,12.375,11.124,,0,nearest_robot=robot5
251.000,original,-,robot2,MIN_DISTANCE,OK,22.273,11.124,,0,nearest_robot=robot5
251.000,original,-,robot3,MIN_DISTANCE,OK,7.298,11.124,,0,nearest_robot=robot6
251.000,original,-,robot4,MIN_DISTANCE,OK,8.143,11.124,,0,nearest_robot=robot3
251.000,original,-,robot5,MIN_DISTANCE,OK,9.354,11.124,,0,nearest_robot=robot4
251.000,original,-,robot6,MIN_DISTANCE,OK,7.298,11.124,,0,nearest_robot=robot3
251.000,original,-,fleet,MIN_DISTANCE_AVG,OK,11.124,,,0,robots_sampled=6
252.000,original,-,robot1,MIN_DISTANCE,OK,13.105,11.239,,0,nearest_robot=robot5
252.000,original,-,robot2,MIN_DISTANCE,OK,22.010,11.239,,0,nearest_robot=robot5
252.000,original,-,robot3,MIN_DISTANCE,OK,7.290,11.239,,0,nearest_robot=robot6
252.000,original,-,robot4,MIN_DISTANCE,OK,8.125,11.239,,0,nearest_robot=robot3
252.000,original,-,robot5,MIN_DISTANCE,OK,9.615,11.239,,0,nearest_robot=robot4
252.000,original,-,robot6,MIN_DISTANCE,OK,7.290,11.239,,0,nearest_robot=robot3
252.000,original,-,fleet,MIN_DISTANCE_AVG,OK,11.239,,,0,robots_sampled=6
253.000,original,-,robot1,MIN_DISTANCE,OK,13.474,11.305,,0,nearest_robot=robot4
253.000,original,-,robot2,MIN_DISTANCE,OK,21.901,11.305,,0,nearest_robot=robot5
253.000,original,-,robot3,MIN_DISTANCE,OK,7.318,11.305,,0,nearest_robot=robot6
253.000,original,-,robot4,MIN_DISTANCE,OK,8.077,11.305,,0,nearest_robot=robot3
253.000,original,-,robot5,MIN_DISTANCE,OK,9.742,11.305,,0,nearest_robot=robot4
253.000,original,-,robot6,MIN_DISTANCE,OK,7.318,11.305,,0,nearest_robot=robot3
253.000,original,-,fleet,MIN_DISTANCE_AVG,OK,11.305,,,0,robots_sampled=6
254.000,original,-,robot1,MIN_DISTANCE,OK,13.000,11.228,,0,nearest_robot=robot6
254.000,original,-,robot2,MIN_DISTANCE,OK,21.879,11.228,,0,nearest_robot=robot5
254.000,original,-,robot3,MIN_DISTANCE,OK,7.305,11.228,,0,nearest_robot=robot6
254.000,original,-,robot4,MIN_DISTANCE,OK,8.085,11.228,,0,nearest_robot=robot3
254.000,original,-,robot5,MIN_DISTANCE,OK,9.793,11.228,,0,nearest_robot=robot4
254.000,original,-,robot6,MIN_DISTANCE,OK,7.305,11.228,,0,nearest_robot=robot3
254.000,original,-,fleet,MIN_DISTANCE_AVG,OK,11.228,,,0,robots_sampled=6
255.000,original,-,robot1,MIN_DISTANCE,OK,12.235,11.119,,0,nearest_robot=robot6
255.000,original,-,robot2,MIN_DISTANCE,OK,21.860,11.119,,0,nearest_robot=robot5
255.000,original,-,robot3,MIN_DISTANCE,OK,7.339,11.119,,0,nearest_robot=robot6
255.000,original,-,robot4,MIN_DISTANCE,OK,8.085,11.119,,0,nearest_robot=robot3
255.000,original,-,robot5,MIN_DISTANCE,OK,9.857,11.119,,0,nearest_robot=robot4
255.000,original,-,robot6,MIN_DISTANCE,OK,7.339,11.119,,0,nearest_robot=robot3
255.000,original,-,fleet,MIN_DISTANCE_AVG,OK,11.119,,,0,robots_sampled=6
256.000,original,-,robot1,MIN_DISTANCE,OK,11.492,11.042,,0,nearest_robot=robot6
256.000,original,-,robot2,MIN_DISTANCE,OK,21.773,11.042,,0,nearest_robot=robot5
256.000,original,-,robot3,MIN_DISTANCE,OK,7.453,11.042,,0,nearest_robot=robot6
256.000,original,-,robot4,MIN_DISTANCE,OK,8.085,11.042,,0,nearest_robot=robot3
256.000,original,-,robot5,MIN_DISTANCE,OK,9.994,11.042,,0,nearest_robot=robot4
256.000,original,-,robot6,MIN_DISTANCE,OK,7.453,11.042,,0,nearest_robot=robot3
256.000,original,-,fleet,MIN_DISTANCE_AVG,OK,11.042,,,0,robots_sampled=6
257.000,original,-,robot1,MIN_DISTANCE,OK,10.969,11.006,,0,nearest_robot=robot6
257.000,original,-,robot2,MIN_DISTANCE,OK,21.622,11.006,,0,nearest_robot=robot5
257.000,original,-,robot3,MIN_DISTANCE,OK,7.586,11.006,,0,nearest_robot=robot6
257.000,original,-,robot4,MIN_DISTANCE,OK,8.086,11.006,,0,nearest_robot=robot3
257.000,original,-,robot5,MIN_DISTANCE,OK,10.191,11.006,,0,nearest_robot=robot4
257.000,original,-,robot6,MIN_DISTANCE,OK,7.586,11.006,,0,nearest_robot=robot3
257.000,original,-,fleet,MIN_DISTANCE_AVG,OK,11.006,,,0,robots_sampled=6
258.000,original,-,robot1,MIN_DISTANCE,OK,10.662,10.967,,0,nearest_robot=robot6
258.000,original,-,robot2,MIN_DISTANCE,OK,21.407,10.967,,0,nearest_robot=robot5
258.000,original,-,robot3,MIN_DISTANCE,OK,7.594,10.967,,0,nearest_robot=robot6
258.000,original,-,robot4,MIN_DISTANCE,OK,8.086,10.967,,0,nearest_robot=robot3
258.000,original,-,robot5,MIN_DISTANCE,OK,10.457,10.967,,0,nearest_robot=robot4
258.000,original,-,robot6,MIN_DISTANCE,OK,7.594,10.967,,0,nearest_robot=robot3
258.000,original,-,fleet,MIN_DISTANCE_AVG,OK,10.967,,,0,robots_sampled=6
259.000,original,-,robot1,MIN_DISTANCE,OK,10.380,10.928,,0,nearest_robot=robot6
259.000,original,-,robot2,MIN_DISTANCE,OK,21.150,10.928,,0,nearest_robot=robot5
259.000,original,-,robot3,MIN_DISTANCE,OK,7.594,10.928,,0,nearest_robot=robot6
259.000,original,-,robot4,MIN_DISTANCE,OK,8.086,10.928,,0,nearest_robot=robot3
259.000,original,-,robot5,MIN_DISTANCE,OK,10.763,10.928,,0,nearest_robot=robot4
259.000,original,-,robot6,MIN_DISTANCE,OK,7.594,10.928,,0,nearest_robot=robot3
259.000,original,-,fleet,MIN_DISTANCE_AVG,OK,10.928,,,0,robots_sampled=6
260.000,original,-,robot1,MIN_DISTANCE,OK,10.073,10.884,,0,nearest_robot=robot6
260.000,original,-,robot2,MIN_DISTANCE,OK,20.850,10.884,,0,nearest_robot=robot5
260.000,original,-,robot3,MIN_DISTANCE,OK,7.594,10.884,,0,nearest_robot=robot6
260.000,original,-,robot4,MIN_DISTANCE,OK,8.086,10.884,,0,nearest_robot=robot3
260.000,original,-,robot5,MIN_DISTANCE,OK,11.105,10.884,,0,nearest_robot=robot4
260.000,original,-,robot6,MIN_DISTANCE,OK,7.594,10.884,,0,nearest_robot=robot3
260.000,original,-,fleet,MIN_DISTANCE_AVG,OK,10.884,,,0,robots_sampled=6
261.000,original,-,robot1,MIN_DISTANCE,OK,9.751,10.835,,0,nearest_robot=robot6
261.000,original,-,robot2,MIN_DISTANCE,OK,20.533,10.835,,0,nearest_robot=robot5
261.000,original,-,robot3,MIN_DISTANCE,OK,7.594,10.835,,0,nearest_robot=robot6
261.000,original,-,robot4,MIN_DISTANCE,OK,8.086,10.835,,0,nearest_robot=robot3
261.000,original,-,robot5,MIN_DISTANCE,OK,11.454,10.835,,0,nearest_robot=robot4
261.000,original,-,robot6,MIN_DISTANCE,OK,7.594,10.835,,0,nearest_robot=robot3
261.000,original,-,fleet,MIN_DISTANCE_AVG,OK,10.835,,,0,robots_sampled=6
262.000,original,-,robot1,MIN_DISTANCE,OK,9.485,10.797,,0,nearest_robot=robot6
262.000,original,-,robot2,MIN_DISTANCE,OK,20.181,10.797,,0,nearest_robot=robot5
262.000,original,-,robot3,MIN_DISTANCE,OK,7.594,10.797,,0,nearest_robot=robot6
262.000,original,-,robot4,MIN_DISTANCE,OK,8.086,10.797,,0,nearest_robot=robot3
262.000,original,-,robot5,MIN_DISTANCE,OK,11.844,10.797,,0,nearest_robot=robot4
262.000,original,-,robot6,MIN_DISTANCE,OK,7.594,10.797,,0,nearest_robot=robot3
262.000,original,-,fleet,MIN_DISTANCE_AVG,OK,10.797,,,0,robots_sampled=6
263.000,original,-,robot1,MIN_DISTANCE,OK,9.163,10.750,,0,nearest_robot=robot6
263.000,original,-,robot2,MIN_DISTANCE,OK,19.817,10.750,,0,nearest_robot=robot5
263.000,original,-,robot3,MIN_DISTANCE,OK,7.594,10.750,,0,nearest_robot=robot6
263.000,original,-,robot4,MIN_DISTANCE,OK,8.086,10.750,,0,nearest_robot=robot3
263.000,original,-,robot5,MIN_DISTANCE,OK,12.248,10.750,,0,nearest_robot=robot4
263.000,original,-,robot6,MIN_DISTANCE,OK,7.594,10.750,,0,nearest_robot=robot3
263.000,original,-,fleet,MIN_DISTANCE_AVG,OK,10.750,,,0,robots_sampled=6
264.000,original,-,robot1,MIN_DISTANCE,OK,8.857,10.707,,0,nearest_robot=robot6
264.000,original,-,robot2,MIN_DISTANCE,OK,19.427,10.707,,0,nearest_robot=robot5
264.000,original,-,robot3,MIN_DISTANCE,OK,7.594,10.707,,0,nearest_robot=robot6
264.000,original,-,robot4,MIN_DISTANCE,OK,8.086,10.707,,0,nearest_robot=robot3
264.000,original,-,robot5,MIN_DISTANCE,OK,12.682,10.707,,0,nearest_robot=robot4
264.000,original,-,robot6,MIN_DISTANCE,OK,7.594,10.707,,0,nearest_robot=robot3
264.000,original,-,fleet,MIN_DISTANCE_AVG,OK,10.707,,,0,robots_sampled=6
265.000,original,-,robot1,MIN_DISTANCE,OK,8.567,10.666,,0,nearest_robot=robot6
265.000,original,-,robot2,MIN_DISTANCE,OK,19.039,10.666,,0,nearest_robot=robot5
265.000,original,-,robot3,MIN_DISTANCE,OK,7.594,10.666,,0,nearest_robot=robot6
265.000,original,-,robot4,MIN_DISTANCE,OK,8.086,10.666,,0,nearest_robot=robot3
265.000,original,-,robot5,MIN_DISTANCE,OK,13.117,10.666,,0,nearest_robot=robot4
265.000,original,-,robot6,MIN_DISTANCE,OK,7.594,10.666,,0,nearest_robot=robot3
265.000,original,-,fleet,MIN_DISTANCE_AVG,OK,10.666,,,0,robots_sampled=6
265.290,original,-,fleet,CHOMP_TIME_FULL,OK,,26.495,,0,iterations=100;iterations_executed=100;source=algorithm;round_trip=26.515782
266.000,original,-,fleet,REPLAN_FULL,OK,,,robot1|robot2|robot3|robot4|robot5|robot6,0,original_full_optimization
266.000,original,-,robot1,MIN_DISTANCE,OK,8.282,10.629,,0,nearest_robot=robot6
266.000,original,-,robot2,MIN_DISTANCE,OK,18.620,10.629,,0,nearest_robot=robot5
266.000,original,-,robot3,MIN_DISTANCE,OK,7.594,10.629,,0,nearest_robot=robot6
266.000,original,-,robot4,MIN_DISTANCE,OK,8.086,10.629,,0,nearest_robot=robot3
266.000,original,-,robot5,MIN_DISTANCE,OK,13.594,10.629,,0,nearest_robot=robot4
266.000,original,-,robot6,MIN_DISTANCE,OK,7.594,10.629,,0,nearest_robot=robot3
266.000,original,-,fleet,MIN_DISTANCE_AVG,OK,10.629,,,0,robots_sampled=6
267.000,original,-,robot1,MIN_DISTANCE,OK,7.993,10.592,,0,nearest_robot=robot6
267.000,original,-,robot2,MIN_DISTANCE,OK,18.210,10.592,,0,nearest_robot=robot5
267.000,original,-,robot3,MIN_DISTANCE,OK,7.594,10.592,,0,nearest_robot=robot6
267.000,original,-,robot4,MIN_DISTANCE,OK,8.086,10.592,,0,nearest_robot=robot3
267.000,original,-,robot5,MIN_DISTANCE,OK,14.076,10.592,,0,nearest_robot=robot4
267.000,original,-,robot6,MIN_DISTANCE,OK,7.594,10.592,,0,nearest_robot=robot3
267.000,original,-,fleet,MIN_DISTANCE_AVG,OK,10.592,,,0,robots_sampled=6
268.000,original,-,robot1,MIN_DISTANCE,OK,7.742,10.564,,0,nearest_robot=robot6
268.000,original,-,robot2,MIN_DISTANCE,OK,17.883,10.564,,0,nearest_robot=robot5
268.000,original,-,robot3,MIN_DISTANCE,OK,7.594,10.564,,0,nearest_robot=robot6
268.000,original,-,robot4,MIN_DISTANCE,OK,8.086,10.564,,0,nearest_robot=robot3
268.000,original,-,robot5,MIN_DISTANCE,OK,14.486,10.564,,0,nearest_robot=robot4
268.000,original,-,robot6,MIN_DISTANCE,OK,7.594,10.564,,0,nearest_robot=robot3
268.000,original,-,fleet,MIN_DISTANCE_AVG,OK,10.564,,,0,robots_sampled=6
269.000,original,-,robot1,MIN_DISTANCE,OK,7.519,10.531,,0,nearest_robot=robot6
269.000,original,-,robot2,MIN_DISTANCE,OK,17.589,10.531,,0,nearest_robot=robot5
269.000,original,-,robot3,MIN_DISTANCE,OK,7.594,10.531,,0,nearest_robot=robot6
269.000,original,-,robot4,MIN_DISTANCE,OK,8.086,10.531,,0,nearest_robot=robot3
269.000,original,-,robot5,MIN_DISTANCE,OK,14.877,10.531,,0,nearest_robot=robot4
269.000,original,-,robot6,MIN_DISTANCE,OK,7.519,10.531,,0,nearest_robot=robot1
269.000,original,-,fleet,MIN_DISTANCE_AVG,OK,10.531,,,0,robots_sampled=6
270.000,original,-,robot1,MIN_DISTANCE,OK,7.249,10.444,,0,nearest_robot=robot6
270.000,original,-,robot2,MIN_DISTANCE,OK,17.437,10.444,,0,nearest_robot=robot5
270.000,original,-,robot3,MIN_DISTANCE,OK,7.594,10.444,,0,nearest_robot=robot6
270.000,original,-,robot4,MIN_DISTANCE,OK,8.086,10.444,,0,nearest_robot=robot3
270.000,original,-,robot5,MIN_DISTANCE,OK,15.047,10.444,,0,nearest_robot=robot4
270.000,original,-,robot6,MIN_DISTANCE,OK,7.249,10.444,,0,nearest_robot=robot1
270.000,original,-,fleet,MIN_DISTANCE_AVG,OK,10.444,,,0,robots_sampled=6
271.000,original,-,robot1,MIN_DISTANCE,OK,7.050,10.377,,0,nearest_robot=robot6
271.000,original,-,robot2,MIN_DISTANCE,OK,17.397,10.377,,0,nearest_robot=robot5
271.000,original,-,robot3,MIN_DISTANCE,OK,7.594,10.377,,0,nearest_robot=robot6
271.000,original,-,robot4,MIN_DISTANCE,OK,8.086,10.377,,0,nearest_robot=robot3
271.000,original,-,robot5,MIN_DISTANCE,OK,15.083,10.377,,0,nearest_robot=robot4
271.000,original,-,robot6,MIN_DISTANCE,OK,7.050,10.377,,0,nearest_robot=robot1
271.000,original,-,fleet,MIN_DISTANCE_AVG,OK,10.377,,,0,robots_sampled=6
272.000,original,-,robot1,MIN_DISTANCE,OK,6.974,10.350,,0,nearest_robot=robot6
272.000,original,-,robot2,MIN_DISTANCE,OK,17.381,10.350,,0,nearest_robot=robot5
272.000,original,-,robot3,MIN_DISTANCE,OK,7.594,10.350,,0,nearest_robot=robot6
272.000,original,-,robot4,MIN_DISTANCE,OK,8.086,10.350,,0,nearest_robot=robot3
272.000,original,-,robot5,MIN_DISTANCE,OK,15.089,10.350,,0,nearest_robot=robot4
272.000,original,-,robot6,MIN_DISTANCE,OK,6.974,10.350,,0,nearest_robot=robot1
272.000,original,-,fleet,MIN_DISTANCE_AVG,OK,10.350,,,0,robots_sampled=6
273.000,original,-,robot1,MIN_DISTANCE,OK,6.961,10.348,,0,nearest_robot=robot6
273.000,original,-,robot2,MIN_DISTANCE,OK,17.390,10.348,,0,nearest_robot=robot5
273.000,original,-,robot3,MIN_DISTANCE,OK,7.594,10.348,,0,nearest_robot=robot6
273.000,original,-,robot4,MIN_DISTANCE,OK,8.086,10.348,,0,nearest_robot=robot3
273.000,original,-,robot5,MIN_DISTANCE,OK,15.094,10.348,,0,nearest_robot=robot4
273.000,original,-,robot6,MIN_DISTANCE,OK,6.961,10.348,,0,nearest_robot=robot1
273.000,original,-,fleet,MIN_DISTANCE_AVG,OK,10.348,,,0,robots_sampled=6
274.000,original,-,robot1,MIN_DISTANCE,OK,6.986,10.354,,0,nearest_robot=robot6
274.000,original,-,robot2,MIN_DISTANCE,OK,17.336,10.354,,0,nearest_robot=robot5
274.000,original,-,robot3,MIN_DISTANCE,OK,7.594,10.354,,0,nearest_robot=robot6
274.000,original,-,robot4,MIN_DISTANCE,OK,8.087,10.354,,0,nearest_robot=robot3
274.000,original,-,robot5,MIN_DISTANCE,OK,15.138,10.354,,0,nearest_robot=robot4
274.000,original,-,robot6,MIN_DISTANCE,OK,6.986,10.354,,0,nearest_robot=robot1
274.000,original,-,fleet,MIN_DISTANCE_AVG,OK,10.354,,,0,robots_sampled=6
275.000,original,-,robot1,MIN_DISTANCE,OK,6.959,10.345,,0,nearest_robot=robot6
275.000,original,-,robot2,MIN_DISTANCE,OK,17.334,10.345,,0,nearest_robot=robot5
275.000,original,-,robot3,MIN_DISTANCE,OK,7.594,10.345,,0,nearest_robot=robot6
275.000,original,-,robot4,MIN_DISTANCE,OK,8.087,10.345,,0,nearest_robot=robot3
275.000,original,-,robot5,MIN_DISTANCE,OK,15.139,10.345,,0,nearest_robot=robot4
275.000,original,-,robot6,MIN_DISTANCE,OK,6.959,10.345,,0,nearest_robot=robot1
275.000,original,-,fleet,MIN_DISTANCE_AVG,OK,10.345,,,0,robots_sampled=6
276.000,original,-,robot1,MIN_DISTANCE,OK,6.940,10.339,,0,nearest_robot=robot6
276.000,original,-,robot2,MIN_DISTANCE,OK,17.334,10.339,,0,nearest_robot=robot5
276.000,original,-,robot3,MIN_DISTANCE,OK,7.594,10.339,,0,nearest_robot=robot6
276.000,original,-,robot4,MIN_DISTANCE,OK,8.087,10.339,,0,nearest_robot=robot3
276.000,original,-,robot5,MIN_DISTANCE,OK,15.139,10.339,,0,nearest_robot=robot4
276.000,original,-,robot6,MIN_DISTANCE,OK,6.940,10.339,,0,nearest_robot=robot1
276.000,original,-,fleet,MIN_DISTANCE_AVG,OK,10.339,,,0,robots_sampled=6
277.000,original,-,robot1,MIN_DISTANCE,OK,6.896,10.324,,0,nearest_robot=robot6
277.000,original,-,robot2,MIN_DISTANCE,OK,17.334,10.324,,0,nearest_robot=robot5
277.000,original,-,robot3,MIN_DISTANCE,OK,7.594,10.324,,0,nearest_robot=robot6
277.000,original,-,robot4,MIN_DISTANCE,OK,8.087,10.324,,0,nearest_robot=robot3
277.000,original,-,robot5,MIN_DISTANCE,OK,15.139,10.324,,0,nearest_robot=robot4
277.000,original,-,robot6,MIN_DISTANCE,OK,6.896,10.324,,0,nearest_robot=robot1
277.000,original,-,fleet,MIN_DISTANCE_AVG,OK,10.324,,,0,robots_sampled=6
278.000,original,-,robot1,MIN_DISTANCE,OK,6.851,10.309,,0,nearest_robot=robot6
278.000,original,-,robot2,MIN_DISTANCE,OK,17.334,10.309,,0,nearest_robot=robot5
278.000,original,-,robot3,MIN_DISTANCE,OK,7.594,10.309,,0,nearest_robot=robot6
278.000,original,-,robot4,MIN_DISTANCE,OK,8.087,10.309,,0,nearest_robot=robot3
278.000,original,-,robot5,MIN_DISTANCE,OK,15.139,10.309,,0,nearest_robot=robot4
278.000,original,-,robot6,MIN_DISTANCE,OK,6.851,10.309,,0,nearest_robot=robot1
278.000,original,-,fleet,MIN_DISTANCE_AVG,OK,10.309,,,0,robots_sampled=6
279.000,original,-,robot1,MIN_DISTANCE,OK,6.819,10.299,,0,nearest_robot=robot6
279.000,original,-,robot2,MIN_DISTANCE,OK,17.334,10.299,,0,nearest_robot=robot5
279.000,original,-,robot3,MIN_DISTANCE,OK,7.594,10.299,,0,nearest_robot=robot6
279.000,original,-,robot4,MIN_DISTANCE,OK,8.087,10.299,,0,nearest_robot=robot3
279.000,original,-,robot5,MIN_DISTANCE,OK,15.139,10.299,,0,nearest_robot=robot4
279.000,original,-,robot6,MIN_DISTANCE,OK,6.819,10.299,,0,nearest_robot=robot1
279.000,original,-,fleet,MIN_DISTANCE_AVG,OK,10.299,,,0,robots_sampled=6
280.000,original,-,robot1,MIN_DISTANCE,OK,6.719,10.265,,0,nearest_robot=robot6
280.000,original,-,robot2,MIN_DISTANCE,OK,17.334,10.265,,0,nearest_robot=robot5
280.000,original,-,robot3,MIN_DISTANCE,OK,7.594,10.265,,0,nearest_robot=robot6
280.000,original,-,robot4,MIN_DISTANCE,OK,8.087,10.265,,0,nearest_robot=robot3
280.000,original,-,robot5,MIN_DISTANCE,OK,15.139,10.265,,0,nearest_robot=robot4
280.000,original,-,robot6,MIN_DISTANCE,OK,6.719,10.265,,0,nearest_robot=robot1
280.000,original,-,fleet,MIN_DISTANCE_AVG,OK,10.265,,,0,robots_sampled=6
281.000,original,-,robot1,MIN_DISTANCE,OK,6.507,10.195,,0,nearest_robot=robot6
281.000,original,-,robot2,MIN_DISTANCE,OK,17.334,10.195,,0,nearest_robot=robot5
281.000,original,-,robot3,MIN_DISTANCE,OK,7.594,10.195,,0,nearest_robot=robot6
281.000,original,-,robot4,MIN_DISTANCE,OK,8.087,10.195,,0,nearest_robot=robot3
281.000,original,-,robot5,MIN_DISTANCE,OK,15.139,10.195,,0,nearest_robot=robot4
281.000,original,-,robot6,MIN_DISTANCE,OK,6.507,10.195,,0,nearest_robot=robot1
281.000,original,-,fleet,MIN_DISTANCE_AVG,OK,10.195,,,0,robots_sampled=6
282.000,original,-,robot1,MIN_DISTANCE,OK,6.228,10.102,,0,nearest_robot=robot6
282.000,original,-,robot2,MIN_DISTANCE,OK,17.334,10.102,,0,nearest_robot=robot5
282.000,original,-,robot3,MIN_DISTANCE,OK,7.594,10.102,,0,nearest_robot=robot6
282.000,original,-,robot4,MIN_DISTANCE,OK,8.087,10.102,,0,nearest_robot=robot3
282.000,original,-,robot5,MIN_DISTANCE,OK,15.139,10.102,,0,nearest_robot=robot4
282.000,original,-,robot6,MIN_DISTANCE,OK,6.228,10.102,,0,nearest_robot=robot1
282.000,original,-,fleet,MIN_DISTANCE_AVG,OK,10.102,,,0,robots_sampled=6
283.000,original,-,robot1,MIN_DISTANCE,OK,5.851,9.976,,0,nearest_robot=robot6
283.000,original,-,robot2,MIN_DISTANCE,OK,17.334,9.976,,0,nearest_robot=robot5
283.000,original,-,robot3,MIN_DISTANCE,OK,7.594,9.976,,0,nearest_robot=robot6
283.000,original,-,robot4,MIN_DISTANCE,OK,8.087,9.976,,0,nearest_robot=robot3
283.000,original,-,robot5,MIN_DISTANCE,OK,15.139,9.976,,0,nearest_robot=robot4
283.000,original,-,robot6,MIN_DISTANCE,OK,5.851,9.976,,0,nearest_robot=robot1
283.000,original,-,fleet,MIN_DISTANCE_AVG,OK,9.976,,,0,robots_sampled=6
284.000,original,-,robot1,MIN_DISTANCE,OK,5.467,9.848,,0,nearest_robot=robot6
284.000,original,-,robot2,MIN_DISTANCE,OK,17.334,9.848,,0,nearest_robot=robot5
284.000,original,-,robot3,MIN_DISTANCE,OK,7.594,9.848,,0,nearest_robot=robot6
284.000,original,-,robot4,MIN_DISTANCE,OK,8.087,9.848,,0,nearest_robot=robot3
284.000,original,-,robot5,MIN_DISTANCE,OK,15.139,9.848,,0,nearest_robot=robot4
284.000,original,-,robot6,MIN_DISTANCE,OK,5.467,9.848,,0,nearest_robot=robot1
284.000,original,-,fleet,MIN_DISTANCE_AVG,OK,9.848,,,0,robots_sampled=6
285.000,original,-,robot1,MIN_DISTANCE,OK,5.086,9.721,,0,nearest_robot=robot6
285.000,original,-,robot2,MIN_DISTANCE,OK,17.334,9.721,,0,nearest_robot=robot5
285.000,original,-,robot3,MIN_DISTANCE,OK,7.594,9.721,,0,nearest_robot=robot6
285.000,original,-,robot4,MIN_DISTANCE,OK,8.087,9.721,,0,nearest_robot=robot3
285.000,original,-,robot5,MIN_DISTANCE,OK,15.139,9.721,,0,nearest_robot=robot4
285.000,original,-,robot6,MIN_DISTANCE,OK,5.086,9.721,,0,nearest_robot=robot1
285.000,original,-,fleet,MIN_DISTANCE_AVG,OK,9.721,,,0,robots_sampled=6
286.000,original,-,robot1,MIN_DISTANCE,OK,4.746,9.608,,0,nearest_robot=robot6
286.000,original,-,robot2,MIN_DISTANCE,OK,17.334,9.608,,0,nearest_robot=robot5
286.000,original,-,robot3,MIN_DISTANCE,OK,7.594,9.608,,0,nearest_robot=robot6
286.000,original,-,robot4,MIN_DISTANCE,OK,8.087,9.608,,0,nearest_robot=robot3
286.000,original,-,robot5,MIN_DISTANCE,OK,15.139,9.608,,0,nearest_robot=robot4
286.000,original,-,robot6,MIN_DISTANCE,OK,4.746,9.608,,0,nearest_robot=robot1
286.000,original,-,fleet,MIN_DISTANCE_AVG,OK,9.608,,,0,robots_sampled=6
287.000,original,-,robot1,MIN_DISTANCE,OK,4.400,9.492,,0,nearest_robot=robot6
287.000,original,-,robot2,MIN_DISTANCE,OK,17.334,9.492,,0,nearest_robot=robot5
287.000,original,-,robot3,MIN_DISTANCE,OK,7.594,9.492,,0,nearest_robot=robot6
287.000,original,-,robot4,MIN_DISTANCE,OK,8.087,9.492,,0,nearest_robot=robot3
287.000,original,-,robot5,MIN_DISTANCE,OK,15.139,9.492,,0,nearest_robot=robot4
287.000,original,-,robot6,MIN_DISTANCE,OK,4.400,9.492,,0,nearest_robot=robot1
287.000,original,-,fleet,MIN_DISTANCE_AVG,OK,9.492,,,0,robots_sampled=6
288.000,original,-,robot1,MIN_DISTANCE,OK,4.051,9.376,,0,nearest_robot=robot6
288.000,original,-,robot2,MIN_DISTANCE,OK,17.334,9.376,,0,nearest_robot=robot5
288.000,original,-,robot3,MIN_DISTANCE,OK,7.594,9.376,,0,nearest_robot=robot6
288.000,original,-,robot4,MIN_DISTANCE,OK,8.087,9.376,,0,nearest_robot=robot3
288.000,original,-,robot5,MIN_DISTANCE,OK,15.139,9.376,,0,nearest_robot=robot4
288.000,original,-,robot6,MIN_DISTANCE,OK,4.051,9.376,,0,nearest_robot=robot1
288.000,original,-,fleet,MIN_DISTANCE_AVG,OK,9.376,,,0,robots_sampled=6
289.000,original,-,robot1,MIN_DISTANCE,OK,3.718,9.265,,0,nearest_robot=robot6
289.000,original,-,robot2,MIN_DISTANCE,OK,17.334,9.265,,0,nearest_robot=robot5
289.000,original,-,robot3,MIN_DISTANCE,OK,7.594,9.265,,0,nearest_robot=robot6
289.000,original,-,robot4,MIN_DISTANCE,OK,8.087,9.265,,0,nearest_robot=robot3
289.000,original,-,robot5,MIN_DISTANCE,OK,15.139,9.265,,0,nearest_robot=robot4
289.000,original,-,robot6,MIN_DISTANCE,OK,3.718,9.265,,0,nearest_robot=robot1
289.000,original,-,fleet,MIN_DISTANCE_AVG,OK,9.265,,,0,robots_sampled=6
290.000,original,-,robot1,MIN_DISTANCE,OK,3.369,9.149,,0,nearest_robot=robot6
290.000,original,-,robot2,MIN_DISTANCE,OK,17.334,9.149,,0,nearest_robot=robot5
290.000,original,-,robot3,MIN_DISTANCE,OK,7.594,9.149,,0,nearest_robot=robot6
290.000,original,-,robot4,MIN_DISTANCE,OK,8.087,9.149,,0,nearest_robot=robot3
290.000,original,-,robot5,MIN_DISTANCE,OK,15.139,9.149,,0,nearest_robot=robot4
290.000,original,-,robot6,MIN_DISTANCE,OK,3.369,9.149,,0,nearest_robot=robot1
290.000,original,-,fleet,MIN_DISTANCE_AVG,OK,9.149,,,0,robots_sampled=6
291.000,original,-,robot1,MIN_DISTANCE,OK,3.024,9.034,,0,nearest_robot=robot6
291.000,original,-,robot2,MIN_DISTANCE,OK,17.334,9.034,,0,nearest_robot=robot5
291.000,original,-,robot3,MIN_DISTANCE,OK,7.594,9.034,,0,nearest_robot=robot6
291.000,original,-,robot4,MIN_DISTANCE,OK,8.087,9.034,,0,nearest_robot=robot3
291.000,original,-,robot5,MIN_DISTANCE,OK,15.139,9.034,,0,nearest_robot=robot4
291.000,original,-,robot6,MIN_DISTANCE,OK,3.024,9.034,,0,nearest_robot=robot1
291.000,original,-,fleet,MIN_DISTANCE_AVG,OK,9.034,,,0,robots_sampled=6
291.210,original,-,fleet,CHOMP_TIME_FULL,OK,,26.170,,0,iterations=100;iterations_executed=100;source=algorithm;round_trip=26.194269
292.000,original,-,robot1,MIN_DISTANCE,OK,2.657,8.899,,0,nearest_robot=robot6
292.000,original,-,robot2,MIN_DISTANCE,OK,17.257,8.899,,0,nearest_robot=robot5
292.000,original,-,robot3,MIN_DISTANCE,OK,7.594,8.899,,0,nearest_robot=robot6
292.000,original,-,robot4,MIN_DISTANCE,OK,8.088,8.899,,0,nearest_robot=robot3
292.000,original,-,robot5,MIN_DISTANCE,OK,15.139,8.899,,0,nearest_robot=robot4
292.000,original,-,robot6,MIN_DISTANCE,OK,2.657,8.899,,0,nearest_robot=robot1
292.000,original,-,fleet,MIN_DISTANCE_AVG,OK,8.899,,,0,robots_sampled=6
293.000,original,-,robot1,MIN_DISTANCE,OK,2.320,8.759,,0,nearest_robot=robot6
293.000,original,-,robot2,MIN_DISTANCE,OK,17.093,8.759,,0,nearest_robot=robot5
293.000,original,-,robot3,MIN_DISTANCE,OK,7.594,8.759,,0,nearest_robot=robot6
293.000,original,-,robot4,MIN_DISTANCE,OK,8.088,8.759,,0,nearest_robot=robot3
293.000,original,-,robot5,MIN_DISTANCE,OK,15.139,8.759,,0,nearest_robot=robot4
293.000,original,-,robot6,MIN_DISTANCE,OK,2.320,8.759,,0,nearest_robot=robot1
293.000,original,-,fleet,MIN_DISTANCE_AVG,OK,8.759,,,0,robots_sampled=6
294.000,original,-,robot1,MIN_DISTANCE,OK,1.970,8.635,,0,nearest_robot=robot6
294.000,original,-,robot2,MIN_DISTANCE,OK,17.053,8.635,,0,nearest_robot=robot5
294.000,original,-,robot3,MIN_DISTANCE,OK,7.594,8.635,,0,nearest_robot=robot6
294.000,original,-,robot4,MIN_DISTANCE,OK,8.088,8.635,,0,nearest_robot=robot3
294.000,original,-,robot5,MIN_DISTANCE,OK,15.139,8.635,,0,nearest_robot=robot4
294.000,original,-,robot6,MIN_DISTANCE,OK,1.970,8.635,,0,nearest_robot=robot1
294.000,original,-,fleet,MIN_DISTANCE_AVG,OK,8.635,,,0,robots_sampled=6
295.000,original,-,robot1,MIN_DISTANCE,OK,1.638,8.524,,0,nearest_robot=robot6
295.000,original,-,robot2,MIN_DISTANCE,OK,17.050,8.524,,0,nearest_robot=robot5
295.000,original,-,robot3,MIN_DISTANCE,OK,7.593,8.524,,0,nearest_robot=robot6
295.000,original,-,robot4,MIN_DISTANCE,OK,8.088,8.524,,0,nearest_robot=robot3
295.000,original,-,robot5,MIN_DISTANCE,OK,15.139,8.524,,0,nearest_robot=robot4
295.000,original,-,robot6,MIN_DISTANCE,OK,1.638,8.524,,0,nearest_robot=robot1
295.000,original,-,fleet,MIN_DISTANCE_AVG,OK,8.524,,,0,robots_sampled=6
296.000,original,-,robot1,MIN_DISTANCE,OK,1.433,8.438,,0,nearest_robot=robot6
296.000,original,-,robot2,MIN_DISTANCE,OK,16.945,8.438,,0,nearest_robot=robot5
296.000,original,-,robot3,MIN_DISTANCE,OK,7.593,8.438,,0,nearest_robot=robot6
296.000,original,-,robot4,MIN_DISTANCE,OK,8.088,8.438,,0,nearest_robot=robot3
296.000,original,-,robot5,MIN_DISTANCE,OK,15.139,8.438,,0,nearest_robot=robot4
296.000,original,-,robot6,MIN_DISTANCE,OK,1.433,8.438,,0,nearest_robot=robot1
296.000,original,-,fleet,MIN_DISTANCE_AVG,OK,8.438,,,0,robots_sampled=6
297.000,original,-,robot1,MIN_DISTANCE,OK,1.353,8.387,,0,nearest_robot=robot6
297.000,original,-,robot2,MIN_DISTANCE,OK,16.799,8.387,,0,nearest_robot=robot5
297.000,original,-,robot3,MIN_DISTANCE,OK,7.593,8.387,,0,nearest_robot=robot6
297.000,original,-,robot4,MIN_DISTANCE,OK,8.088,8.387,,0,nearest_robot=robot3
297.000,original,-,robot5,MIN_DISTANCE,OK,15.139,8.387,,0,nearest_robot=robot4
297.000,original,-,robot6,MIN_DISTANCE,OK,1.353,8.387,,0,nearest_robot=robot1
297.000,original,-,fleet,MIN_DISTANCE_AVG,OK,8.387,,,0,robots_sampled=6
298.000,original,-,robot1,MIN_DISTANCE,OK,1.411,8.372,,0,nearest_robot=robot6
298.000,original,-,robot2,MIN_DISTANCE,OK,16.587,8.372,,0,nearest_robot=robot5
298.000,original,-,robot3,MIN_DISTANCE,OK,7.593,8.372,,0,nearest_robot=robot6
298.000,original,-,robot4,MIN_DISTANCE,OK,8.088,8.372,,0,nearest_robot=robot3
298.000,original,-,robot5,MIN_DISTANCE,OK,15.139,8.372,,0,nearest_robot=robot4
298.000,original,-,robot6,MIN_DISTANCE,OK,1.411,8.372,,0,nearest_robot=robot1
298.000,original,-,fleet,MIN_DISTANCE_AVG,OK,8.372,,,0,robots_sampled=6
299.000,original,-,robot1,MIN_DISTANCE,OK,1.588,8.413,,0,nearest_robot=robot6
299.000,original,-,robot2,MIN_DISTANCE,OK,16.485,8.413,,0,nearest_robot=robot5
299.000,original,-,robot3,MIN_DISTANCE,OK,7.593,8.413,,0,nearest_robot=robot6
299.000,original,-,robot4,MIN_DISTANCE,OK,8.088,8.413,,0,nearest_robot=robot3
299.000,original,-,robot5,MIN_DISTANCE,OK,15.139,8.413,,0,nearest_robot=robot4
299.000,original,-,robot6,MIN_DISTANCE,OK,1.588,8.413,,0,nearest_robot=robot1
299.000,original,-,fleet,MIN_DISTANCE_AVG,OK,8.413,,,0,robots_sampled=6
300.000,original,-,robot1,MIN_DISTANCE,OK,1.907,8.496,,0,nearest_robot=robot6
300.000,original,-,robot2,MIN_DISTANCE,OK,16.342,8.496,,0,nearest_robot=robot5
300.000,original,-,robot3,MIN_DISTANCE,OK,7.593,8.496,,0,nearest_robot=robot6
300.000,original,-,robot4,MIN_DISTANCE,OK,8.088,8.496,,0,nearest_robot=robot3
300.000,original,-,robot5,MIN_DISTANCE,OK,15.139,8.496,,0,nearest_robot=robot4
300.000,original,-,robot6,MIN_DISTANCE,OK,1.907,8.496,,0,nearest_robot=robot1
300.000,original,-,fleet,MIN_DISTANCE_AVG,OK,8.496,,,0,robots_sampled=6
301.000,original,-,robot1,MIN_DISTANCE,OK,2.307,8.594,,0,nearest_robot=robot6
301.000,original,-,robot2,MIN_DISTANCE,OK,16.131,8.594,,0,nearest_robot=robot5
301.000,original,-,robot3,MIN_DISTANCE,OK,7.593,8.594,,0,nearest_robot=robot6
301.000,original,-,robot4,MIN_DISTANCE,OK,8.088,8.594,,0,nearest_robot=robot3
301.000,original,-,robot5,MIN_DISTANCE,OK,15.139,8.594,,0,nearest_robot=robot4
301.000,original,-,robot6,MIN_DISTANCE,OK,2.307,8.594,,0,nearest_robot=robot1
301.000,original,-,fleet,MIN_DISTANCE_AVG,OK,8.594,,,0,robots_sampled=6
302.000,original,-,robot1,MIN_DISTANCE,OK,2.690,8.672,,0,nearest_robot=robot6
302.000,original,-,robot2,MIN_DISTANCE,OK,15.829,8.672,,0,nearest_robot=robot5
302.000,original,-,robot3,MIN_DISTANCE,OK,7.593,8.672,,0,nearest_robot=robot6
302.000,original,-,robot4,MIN_DISTANCE,OK,8.088,8.672,,0,nearest_robot=robot3
302.000,original,-,robot5,MIN_DISTANCE,OK,15.139,8.672,,0,nearest_robot=robot4
302.000,original,-,robot6,MIN_DISTANCE,OK,2.690,8.672,,0,nearest_robot=robot1
302.000,original,-,fleet,MIN_DISTANCE_AVG,OK,8.672,,,0,robots_sampled=6
303.000,original,-,robot1,MIN_DISTANCE,OK,3.062,8.717,,0,nearest_robot=robot6
303.000,original,-,robot2,MIN_DISTANCE,OK,15.359,8.717,,0,nearest_robot=robot5
303.000,original,-,robot3,MIN_DISTANCE,OK,7.593,8.717,,0,nearest_robot=robot6
303.000,original,-,robot4,MIN_DISTANCE,OK,8.088,8.717,,0,nearest_robot=robot3
303.000,original,-,robot5,MIN_DISTANCE,OK,15.139,8.717,,0,nearest_robot=robot4
303.000,original,-,robot6,MIN_DISTANCE,OK,3.062,8.717,,0,nearest_robot=robot1
303.000,original,-,fleet,MIN_DISTANCE_AVG,OK,8.717,,,0,robots_sampled=6
304.000,original,-,robot1,MIN_DISTANCE,OK,3.418,8.683,,0,nearest_robot=robot6
304.000,original,-,robot2,MIN_DISTANCE,OK,14.791,8.683,,0,nearest_robot=robot5
304.000,original,-,robot3,MIN_DISTANCE,OK,7.593,8.683,,0,nearest_robot=robot6
304.000,original,-,robot4,MIN_DISTANCE,OK,8.088,8.683,,0,nearest_robot=robot3
304.000,original,-,robot5,MIN_DISTANCE,OK,14.791,8.683,,0,nearest_robot=robot2
304.000,original,-,robot6,MIN_DISTANCE,OK,3.418,8.683,,0,nearest_robot=robot1
304.000,original,-,fleet,MIN_DISTANCE_AVG,OK,8.683,,,0,robots_sampled=6
305.000,original,-,robot1,MIN_DISTANCE,OK,3.741,8.621,,0,nearest_robot=robot6
305.000,original,-,robot2,MIN_DISTANCE,OK,14.281,8.621,,0,nearest_robot=robot5
305.000,original,-,robot3,MIN_DISTANCE,OK,7.593,8.621,,0,nearest_robot=robot6
305.000,original,-,robot4,MIN_DISTANCE,OK,8.088,8.621,,0,nearest_robot=robot3
305.000,original,-,robot5,MIN_DISTANCE,OK,14.281,8.621,,0,nearest_robot=robot2
305.000,original,-,robot6,MIN_DISTANCE,OK,3.741,8.621,,0,nearest_robot=robot1
305.000,original,-,fleet,MIN_DISTANCE_AVG,OK,8.621,,,0,robots_sampled=6
306.000,original,-,robot1,MIN_DISTANCE,OK,3.868,8.508,,0,nearest_robot=robot6
306.000,original,-,robot2,MIN_DISTANCE,OK,13.816,8.508,,0,nearest_robot=robot5
306.000,original,-,robot3,MIN_DISTANCE,OK,7.593,8.508,,0,nearest_robot=robot6
306.000,original,-,robot4,MIN_DISTANCE,OK,8.088,8.508,,0,nearest_robot=robot3
306.000,original,-,robot5,MIN_DISTANCE,OK,13.816,8.508,,0,nearest_robot=robot2
306.000,original,-,robot6,MIN_DISTANCE,OK,3.868,8.508,,0,nearest_robot=robot1
306.000,original,-,fleet,MIN_DISTANCE_AVG,OK,8.508,,,0,robots_sampled=6
307.000,original,-,robot1,MIN_DISTANCE,OK,3.921,8.364,,0,nearest_robot=robot6
307.000,original,-,robot2,MIN_DISTANCE,OK,13.331,8.364,,0,nearest_robot=robot5
307.000,original,-,robot3,MIN_DISTANCE,OK,7.593,8.364,,0,nearest_robot=robot6
307.000,original,-,robot4,MIN_DISTANCE,OK,8.088,8.364,,0,nearest_robot=robot3
307.000,original,-,robot5,MIN_DISTANCE,OK,13.331,8.364,,0,nearest_robot=robot2
307.000,original,-,robot6,MIN_DISTANCE,OK,3.921,8.364,,0,nearest_robot=robot1
307.000,original,-,fleet,MIN_DISTANCE_AVG,OK,8.364,,,0,robots_sampled=6
308.000,original,-,robot1,MIN_DISTANCE,OK,3.946,8.230,,0,nearest_robot=robot6
308.000,original,-,robot2,MIN_DISTANCE,OK,12.903,8.230,,0,nearest_robot=robot5
308.000,original,-,robot3,MIN_DISTANCE,OK,7.593,8.230,,0,nearest_robot=robot6
308.000,original,-,robot4,MIN_DISTANCE,OK,8.088,8.230,,0,nearest_robot=robot3
308.000,original,-,robot5,MIN_DISTANCE,OK,12.903,8.230,,0,nearest_robot=robot2
308.000,original,-,robot6,MIN_DISTANCE,OK,3.946,8.230,,0,nearest_robot=robot1
308.000,original,-,fleet,MIN_DISTANCE_AVG,OK,8.230,,,0,robots_sampled=6
309.000,original,-,robot1,MIN_DISTANCE,OK,3.953,8.087,,0,nearest_robot=robot6
309.000,original,-,robot2,MIN_DISTANCE,OK,12.467,8.087,,0,nearest_robot=robot5
309.000,original,-,robot3,MIN_DISTANCE,OK,7.593,8.087,,0,nearest_robot=robot6
309.000,original,-,robot4,MIN_DISTANCE,OK,8.088,8.087,,0,nearest_robot=robot3
309.000,original,-,robot5,MIN_DISTANCE,OK,12.467,8.087,,0,nearest_robot=robot2
309.000,original,-,robot6,MIN_DISTANCE,OK,3.953,8.087,,0,nearest_robot=robot1
309.000,original,-,fleet,MIN_DISTANCE_AVG,OK,8.087,,,0,robots_sampled=6
310.000,original,-,robot1,MIN_DISTANCE,OK,3.955,7.945,,0,nearest_robot=robot6
310.000,original,-,robot2,MIN_DISTANCE,OK,12.040,7.945,,0,nearest_robot=robot5
310.000,original,-,robot3,MIN_DISTANCE,OK,7.593,7.945,,0,nearest_robot=robot6
310.000,original,-,robot4,MIN_DISTANCE,OK,8.089,7.945,,0,nearest_robot=robot3
310.000,original,-,robot5,MIN_DISTANCE,OK,12.040,7.945,,0,nearest_robot=robot2
310.000,original,-,robot6,MIN_DISTANCE,OK,3.955,7.945,,0,nearest_robot=robot1
310.000,original,-,fleet,MIN_DISTANCE_AVG,OK,7.945,,,0,robots_sampled=6
311.000,original,-,robot1,MIN_DISTANCE,OK,3.958,7.805,,0,nearest_robot=robot6
311.000,original,-,robot2,MIN_DISTANCE,OK,11.615,7.805,,0,nearest_robot=robot5
311.000,original,-,robot3,MIN_DISTANCE,OK,7.593,7.805,,0,nearest_robot=robot6
311.000,original,-,robot4,MIN_DISTANCE,OK,8.089,7.805,,0,nearest_robot=robot3
311.000,original,-,robot5,MIN_DISTANCE,OK,11.615,7.805,,0,nearest_robot=robot2
311.000,original,-,robot6,MIN_DISTANCE,OK,3.958,7.805,,0,nearest_robot=robot1
311.000,original,-,fleet,MIN_DISTANCE_AVG,OK,7.805,,,0,robots_sampled=6
312.000,original,-,robot1,MIN_DISTANCE,OK,3.958,7.652,,0,nearest_robot=robot6
312.000,original,-,robot2,MIN_DISTANCE,OK,11.157,7.652,,0,nearest_robot=robot5
312.000,original,-,robot3,MIN_DISTANCE,OK,7.593,7.652,,0,nearest_robot=robot6
312.000,original,-,robot4,MIN_DISTANCE,OK,8.089,7.652,,0,nearest_robot=robot3
312.000,original,-,robot5,MIN_DISTANCE,OK,11.157,7.652,,0,nearest_robot=robot2
312.000,original,-,robot6,MIN_DISTANCE,OK,3.958,7.652,,0,nearest_robot=robot1
312.000,original,-,fleet,MIN_DISTANCE_AVG,OK,7.652,,,0,robots_sampled=6
313.000,original,-,robot1,MIN_DISTANCE,OK,3.957,7.501,,0,nearest_robot=robot6
313.000,original,-,robot2,MIN_DISTANCE,OK,10.705,7.501,,0,nearest_robot=robot5
313.000,original,-,robot3,MIN_DISTANCE,OK,7.593,7.501,,0,nearest_robot=robot6
313.000,original,-,robot4,MIN_DISTANCE,OK,8.089,7.501,,0,nearest_robot=robot3
313.000,original,-,robot5,MIN_DISTANCE,OK,10.705,7.501,,0,nearest_robot=robot2
313.000,original,-,robot6,MIN_DISTANCE,OK,3.957,7.501,,0,nearest_robot=robot1
313.000,original,-,fleet,MIN_DISTANCE_AVG,OK,7.501,,,0,robots_sampled=6
314.000,original,-,robot1,MIN_DISTANCE,OK,3.959,7.343,,0,nearest_robot=robot6
314.000,original,-,robot2,MIN_DISTANCE,OK,10.230,7.343,,0,nearest_robot=robot5
314.000,original,-,robot3,MIN_DISTANCE,OK,7.593,7.343,,0,nearest_robot=robot6
314.000,original,-,robot4,MIN_DISTANCE,OK,8.089,7.343,,0,nearest_robot=robot3
314.000,original,-,robot5,MIN_DISTANCE,OK,10.230,7.343,,0,nearest_robot=robot2
314.000,original,-,robot6,MIN_DISTANCE,OK,3.959,7.343,,0,nearest_robot=robot1
314.000,original,-,fleet,MIN_DISTANCE_AVG,OK,7.343,,,0,robots_sampled=6
315.000,original,-,robot1,MIN_DISTANCE,OK,3.958,7.179,,0,nearest_robot=robot6
315.000,original,-,robot2,MIN_DISTANCE,OK,9.739,7.179,,0,nearest_robot=robot5
315.000,original,-,robot3,MIN_DISTANCE,OK,7.593,7.179,,0,nearest_robot=robot6
315.000,original,-,robot4,MIN_DISTANCE,OK,8.089,7.179,,0,nearest_robot=robot3
315.000,original,-,robot5,MIN_DISTANCE,OK,9.739,7.179,,0,nearest_robot=robot2
315.000,original,-,robot6,MIN_DISTANCE,OK,3.958,7.179,,0,nearest_robot=robot1
315.000,original,-,fleet,MIN_DISTANCE_AVG,OK,7.179,,,0,robots_sampled=6
316.000,original,-,fleet,REPLAN_FULL,OK,,,robot1|robot2|robot3|robot4|robot5|robot6,0,original_full_optimization
316.000,original,-,robot1,MIN_DISTANCE,OK,3.958,7.039,,0,nearest_robot=robot6
316.000,original,-,robot2,MIN_DISTANCE,OK,9.318,7.039,,0,nearest_robot=robot5
316.000,original,-,robot3,MIN_DISTANCE,OK,7.593,7.039,,0,nearest_robot=robot6
316.000,original,-,robot4,MIN_DISTANCE,OK,8.089,7.039,,0,nearest_robot=robot3
316.000,original,-,robot5,MIN_DISTANCE,OK,9.318,7.039,,0,nearest_robot=robot2
316.000,original,-,robot6,MIN_DISTANCE,OK,3.958,7.039,,0,nearest_robot=robot1
316.000,original,-,fleet,MIN_DISTANCE_AVG,OK,7.039,,,0,robots_sampled=6
317.000,original,-,robot1,MIN_DISTANCE,OK,3.959,6.891,,0,nearest_robot=robot6
317.000,original,-,robot2,MIN_DISTANCE,OK,8.874,6.891,,0,nearest_robot=robot5
317.000,original,-,robot3,MIN_DISTANCE,OK,7.593,6.891,,0,nearest_robot=robot6
317.000,original,-,robot4,MIN_DISTANCE,OK,8.089,6.891,,0,nearest_robot=robot3
317.000,original,-,robot5,MIN_DISTANCE,OK,8.874,6.891,,0,nearest_robot=robot2
317.000,original,-,robot6,MIN_DISTANCE,OK,3.959,6.891,,0,nearest_robot=robot1
317.000,original,-,fleet,MIN_DISTANCE_AVG,OK,6.891,,,0,robots_sampled=6
318.000,original,-,robot1,MIN_DISTANCE,OK,3.959,6.754,,0,nearest_robot=robot6
318.000,original,-,robot2,MIN_DISTANCE,OK,8.461,6.754,,0,nearest_robot=robot5
318.000,original,-,robot3,MIN_DISTANCE,OK,7.593,6.754,,0,nearest_robot=robot6
318.000,original,-,robot4,MIN_DISTANCE,OK,8.089,6.754,,0,nearest_robot=robot3
318.000,original,-,robot5,MIN_DISTANCE,OK,8.461,6.754,,0,nearest_robot=robot2
318.000,original,-,robot6,MIN_DISTANCE,OK,3.959,6.754,,0,nearest_robot=robot1
318.000,original,-,fleet,MIN_DISTANCE_AVG,OK,6.754,,,0,robots_sampled=6
319.000,original,-,robot1,MIN_DISTANCE,OK,3.959,6.629,,0,nearest_robot=robot6
319.000,original,-,robot2,MIN_DISTANCE,OK,8.087,6.629,,0,nearest_robot=robot5
319.000,original,-,robot3,MIN_DISTANCE,OK,7.593,6.629,,0,nearest_robot=robot6
319.000,original,-,robot4,MIN_DISTANCE,OK,8.089,6.629,,0,nearest_robot=robot3
319.000,original,-,robot5,MIN_DISTANCE,OK,8.087,6.629,,0,nearest_robot=robot2
319.000,original,-,robot6,MIN_DISTANCE,OK,3.959,6.629,,0,nearest_robot=robot1
319.000,original,-,fleet,MIN_DISTANCE_AVG,OK,6.629,,,0,robots_sampled=6
320.000,original,-,robot1,MIN_DISTANCE,OK,3.960,6.500,,0,nearest_robot=robot6
320.000,original,-,robot2,MIN_DISTANCE,OK,7.699,6.500,,0,nearest_robot=robot5
320.000,original,-,robot3,MIN_DISTANCE,OK,7.593,6.500,,0,nearest_robot=robot6
320.000,original,-,robot4,MIN_DISTANCE,OK,8.089,6.500,,0,nearest_robot=robot3
320.000,original,-,robot5,MIN_DISTANCE,OK,7.699,6.500,,0,nearest_robot=robot2
320.000,original,-,robot6,MIN_DISTANCE,OK,3.960,6.500,,0,nearest_robot=robot1
320.000,original,-,fleet,MIN_DISTANCE_AVG,OK,6.500,,,0,robots_sampled=6
321.000,original,-,robot1,MIN_DISTANCE,OK,3.960,6.373,,0,nearest_robot=robot6
321.000,original,-,robot2,MIN_DISTANCE,OK,7.319,6.373,,0,nearest_robot=robot5
321.000,original,-,robot3,MIN_DISTANCE,OK,7.593,6.373,,0,nearest_robot=robot6
321.000,original,-,robot4,MIN_DISTANCE,OK,8.089,6.373,,0,nearest_robot=robot3
321.000,original,-,robot5,MIN_DISTANCE,OK,7.319,6.373,,0,nearest_robot=robot2
321.000,original,-,robot6,MIN_DISTANCE,OK,3.960,6.373,,0,nearest_robot=robot1
321.000,original,-,fleet,MIN_DISTANCE_AVG,OK,6.373,,,0,robots_sampled=6
322.000,original,-,robot1,MIN_DISTANCE,OK,3.961,6.249,,0,nearest_robot=robot6
322.000,original,-,robot2,MIN_DISTANCE,OK,6.947,6.249,,0,nearest_robot=robot5
322.000,original,-,robot3,MIN_DISTANCE,OK,7.593,6.249,,0,nearest_robot=robot6
322.000,original,-,robot4,MIN_DISTANCE,OK,8.089,6.249,,0,nearest_robot=robot3
322.000,original,-,robot5,MIN_DISTANCE,OK,6.947,6.249,,0,nearest_robot=robot2
322.000,original,-,robot6,MIN_DISTANCE,OK,3.961,6.249,,0,nearest_robot=robot1
322.000,original,-,fleet,MIN_DISTANCE_AVG,OK,6.249,,,0,robots_sampled=6
323.000,original,-,robot1,MIN_DISTANCE,OK,3.961,6.158,,0,nearest_robot=robot6
323.000,original,-,robot2,MIN_DISTANCE,OK,6.672,6.158,,0,nearest_robot=robot5
323.000,original,-,robot3,MIN_DISTANCE,OK,7.593,6.158,,0,nearest_robot=robot6
323.000,original,-,robot4,MIN_DISTANCE,OK,8.089,6.158,,0,nearest_robot=robot3
323.000,original,-,robot5,MIN_DISTANCE,OK,6.672,6.158,,0,nearest_robot=robot2
323.000,original,-,robot6,MIN_DISTANCE,OK,3.961,6.158,,0,nearest_robot=robot1
323.000,original,-,fleet,MIN_DISTANCE_AVG,OK,6.158,,,0,robots_sampled=6
324.000,original,-,robot1,MIN_DISTANCE,OK,3.961,6.067,,0,nearest_robot=robot6
324.000,original,-,robot2,MIN_DISTANCE,OK,6.398,6.067,,0,nearest_robot=robot5
324.000,original,-,robot3,MIN_DISTANCE,OK,7.593,6.067,,0,nearest_robot=robot6
324.000,original,-,robot4,MIN_DISTANCE,OK,8.089,6.067,,0,nearest_robot=robot3
324.000,original,-,robot5,MIN_DISTANCE,OK,6.398,6.067,,0,nearest_robot=robot2
324.000,original,-,robot6,MIN_DISTANCE,OK,3.961,6.067,,0,nearest_robot=robot1
324.000,original,-,fleet,MIN_DISTANCE_AVG,OK,6.067,,,0,robots_sampled=6
325.000,original,-,robot1,MIN_DISTANCE,OK,3.962,5.977,,0,nearest_robot=robot6
325.000,original,-,robot2,MIN_DISTANCE,OK,6.127,5.977,,0,nearest_robot=robot5
325.000,original,-,robot3,MIN_DISTANCE,OK,7.593,5.977,,0,nearest_robot=robot6
325.000,original,-,robot4,MIN_DISTANCE,OK,8.089,5.977,,0,nearest_robot=robot3
325.000,original,-,robot5,MIN_DISTANCE,OK,6.127,5.977,,0,nearest_robot=robot2
325.000,original,-,robot6,MIN_DISTANCE,OK,3.962,5.977,,0,nearest_robot=robot1
325.000,original,-,fleet,MIN_DISTANCE_AVG,OK,5.977,,,0,robots_sampled=6
326.000,original,-,robot1,MIN_DISTANCE,OK,3.962,5.903,,0,nearest_robot=robot6
326.000,original,-,robot2,MIN_DISTANCE,OK,5.907,5.903,,0,nearest_robot=robot5
326.000,original,-,robot3,MIN_DISTANCE,OK,7.593,5.903,,0,nearest_robot=robot6
326.000,original,-,robot4,MIN_DISTANCE,OK,8.089,5.903,,0,nearest_robot=robot3
326.000,original,-,robot5,MIN_DISTANCE,OK,5.907,5.903,,0,nearest_robot=robot2
326.000,original,-,robot6,MIN_DISTANCE,OK,3.962,5.903,,0,nearest_robot=robot1
326.000,original,-,fleet,MIN_DISTANCE_AVG,OK,5.903,,,0,robots_sampled=6
327.000,original,-,robot1,MIN_DISTANCE,OK,3.963,5.857,,0,nearest_robot=robot6
327.000,original,-,robot2,MIN_DISTANCE,OK,5.766,5.857,,0,nearest_robot=robot5
327.000,original,-,robot3,MIN_DISTANCE,OK,7.593,5.857,,0,nearest_robot=robot6
327.000,original,-,robot4,MIN_DISTANCE,OK,8.090,5.857,,0,nearest_robot=robot3
327.000,original,-,robot5,MIN_DISTANCE,OK,5.766,5.857,,0,nearest_robot=robot2
327.000,original,-,robot6,MIN_DISTANCE,OK,3.963,5.857,,0,nearest_robot=robot1
327.000,original,-,fleet,MIN_DISTANCE_AVG,OK,5.857,,,0,robots_sampled=6
328.000,original,-,robot1,MIN_DISTANCE,OK,3.963,5.809,,0,nearest_robot=robot6
328.000,original,-,robot2,MIN_DISTANCE,OK,5.622,5.809,,0,nearest_robot=robot5
328.000,original,-,robot3,MIN_DISTANCE,OK,7.593,5.809,,0,nearest_robot=robot6
328.000,original,-,robot4,MIN_DISTANCE,OK,8.090,5.809,,0,nearest_robot=robot3
328.000,original,-,robot5,MIN_DISTANCE,OK,5.622,5.809,,0,nearest_robot=robot2
328.000,original,-,robot6,MIN_DISTANCE,OK,3.963,5.809,,0,nearest_robot=robot1
328.000,original,-,fleet,MIN_DISTANCE_AVG,OK,5.809,,,0,robots_sampled=6
329.000,original,-,robot1,MIN_DISTANCE,OK,3.963,5.734,,0,nearest_robot=robot6
329.000,original,-,robot2,MIN_DISTANCE,OK,5.399,5.734,,0,nearest_robot=robot5
329.000,original,-,robot3,MIN_DISTANCE,OK,7.593,5.734,,0,nearest_robot=robot6
329.000,original,-,robot4,MIN_DISTANCE,OK,8.090,5.734,,0,nearest_robot=robot3
329.000,original,-,robot5,MIN_DISTANCE,OK,5.399,5.734,,0,nearest_robot=robot2
329.000,original,-,robot6,MIN_DISTANCE,OK,3.963,5.734,,0,nearest_robot=robot1
329.000,original,-,fleet,MIN_DISTANCE_AVG,OK,5.734,,,0,robots_sampled=6
330.000,original,-,robot1,MIN_DISTANCE,OK,3.964,5.666,,0,nearest_robot=robot6
330.000,original,-,robot2,MIN_DISTANCE,OK,5.193,5.666,,0,nearest_robot=robot5
330.000,original,-,robot3,MIN_DISTANCE,OK,7.593,5.666,,0,nearest_robot=robot6
330.000,original,-,robot4,MIN_DISTANCE,OK,8.090,5.666,,0,nearest_robot=robot3
330.000,original,-,robot5,MIN_DISTANCE,OK,5.193,5.666,,0,nearest_robot=robot2
330.000,original,-,robot6,MIN_DISTANCE,OK,3.964,5.666,,0,nearest_robot=robot1
330.000,original,-,fleet,MIN_DISTANCE_AVG,OK,5.666,,,0,robots_sampled=6
331.000,original,-,robot1,MIN_DISTANCE,OK,3.964,5.603,,0,nearest_robot=robot6
331.000,original,-,robot2,MIN_DISTANCE,OK,5.002,5.603,,0,nearest_robot=robot5
331.000,original,-,robot3,MIN_DISTANCE,OK,7.593,5.603,,0,nearest_robot=robot6
331.000,original,-,robot4,MIN_DISTANCE,OK,8.090,5.603,,0,nearest_robot=robot3
331.000,original,-,robot5,MIN_DISTANCE,OK,5.002,5.603,,0,nearest_robot=robot2
331.000,original,-,robot6,MIN_DISTANCE,OK,3.964,5.603,,0,nearest_robot=robot1
331.000,original,-,fleet,MIN_DISTANCE_AVG,OK,5.603,,,0,robots_sampled=6
332.000,original,-,robot1,MIN_DISTANCE,OK,3.965,5.539,,0,nearest_robot=robot6
332.000,original,-,robot2,MIN_DISTANCE,OK,4.812,5.539,,0,nearest_robot=robot5
332.000,original,-,robot3,MIN_DISTANCE,OK,7.592,5.539,,0,nearest_robot=robot6
332.000,original,-,robot4,MIN_DISTANCE,OK,8.090,5.539,,0,nearest_robot=robot3
332.000,original,-,robot5,MIN_DISTANCE,OK,4.812,5.539,,0,nearest_robot=robot2
332.000,original,-,robot6,MIN_DISTANCE,OK,3.965,5.539,,0,nearest_robot=robot1
332.000,original,-,fleet,MIN_DISTANCE_AVG,OK,5.539,,,0,robots_sampled=6
333.000,original,-,robot1,MIN_DISTANCE,OK,3.965,5.461,,0,nearest_robot=robot6
333.000,original,-,robot2,MIN_DISTANCE,OK,4.578,5.461,,0,nearest_robot=robot5
333.000,original,-,robot3,MIN_DISTANCE,OK,7.592,5.461,,0,nearest_robot=robot6
333.000,original,-,robot4,MIN_DISTANCE,OK,8.090,5.461,,0,nearest_robot=robot3
333.000,original,-,robot5,MIN_DISTANCE,OK,4.578,5.461,,0,nearest_robot=robot2
333.000,original,-,robot6,MIN_DISTANCE,OK,3.965,5.461,,0,nearest_robot=robot1
333.000,original,-,fleet,MIN_DISTANCE_AVG,OK,5.461,,,0,robots_sampled=6
334.000,original,-,robot1,MIN_DISTANCE,OK,3.966,5.356,,0,nearest_robot=robot6
334.000,original,-,robot2,MIN_DISTANCE,OK,4.261,5.356,,0,nearest_robot=robot5
334.000,original,-,robot3,MIN_DISTANCE,OK,7.592,5.356,,0,nearest_robot=robot6
334.000,original,-,robot4,MIN_DISTANCE,OK,8.090,5.356,,0,nearest_robot=robot3
334.000,original,-,robot5,MIN_DISTANCE,OK,4.261,5.356,,0,nearest_robot=robot2
334.000,original,-,robot6,MIN_DISTANCE,OK,3.966,5.356,,0,nearest_robot=robot1
334.000,original,-,fleet,MIN_DISTANCE_AVG,OK,5.356,,,0,robots_sampled=6
335.000,original,-,robot1,MIN_DISTANCE,OK,3.966,5.246,,0,nearest_robot=robot6
335.000,original,-,robot2,MIN_DISTANCE,OK,3.931,5.246,,0,nearest_robot=robot5
335.000,original,-,robot3,MIN_DISTANCE,OK,7.592,5.246,,0,nearest_robot=robot6
335.000,original,-,robot4,MIN_DISTANCE,OK,8.090,5.246,,0,nearest_robot=robot3
335.000,original,-,robot5,MIN_DISTANCE,OK,3.931,5.246,,0,nearest_robot=robot2
335.000,original,-,robot6,MIN_DISTANCE,OK,3.966,5.246,,0,nearest_robot=robot1
335.000,original,-,fleet,MIN_DISTANCE_AVG,OK,5.246,,,0,robots_sampled=6
336.000,original,-,robot1,MIN_DISTANCE,OK,3.966,5.139,,0,nearest_robot=robot6
336.000,original,-,robot2,MIN_DISTANCE,OK,3.608,5.139,,0,nearest_robot=robot5
336.000,original,-,robot3,MIN_DISTANCE,OK,7.592,5.139,,0,nearest_robot=robot6
336.000,original,-,robot4,MIN_DISTANCE,OK,8.090,5.139,,0,nearest_robot=robot3
336.000,original,-,robot5,MIN_DISTANCE,OK,3.608,5.139,,0,nearest_robot=robot2
336.000,original,-,robot6,MIN_DISTANCE,OK,3.966,5.139,,0,nearest_robot=robot1
336.000,original,-,fleet,MIN_DISTANCE_AVG,OK,5.139,,,0,robots_sampled=6
337.000,original,-,robot1,MIN_DISTANCE,OK,3.967,5.029,,0,nearest_robot=robot6
337.000,original,-,robot2,MIN_DISTANCE,OK,3.278,5.029,,0,nearest_robot=robot5
337.000,original,-,robot3,MIN_DISTANCE,OK,7.592,5.029,,0,nearest_robot=robot6
337.000,original,-,robot4,MIN_DISTANCE,OK,8.090,5.029,,0,nearest_robot=robot3
337.000,original,-,robot5,MIN_DISTANCE,OK,3.278,5.029,,0,nearest_robot=robot2
337.000,original,-,robot6,MIN_DISTANCE,OK,3.967,5.029,,0,nearest_robot=robot1
337.000,original,-,fleet,MIN_DISTANCE_AVG,OK,5.029,,,0,robots_sampled=6
338.000,original,-,robot1,MIN_DISTANCE,OK,3.967,4.954,,0,nearest_robot=robot6
338.000,original,-,robot2,MIN_DISTANCE,OK,3.053,4.954,,0,nearest_robot=robot5
338.000,original,-,robot3,MIN_DISTANCE,OK,7.592,4.954,,0,nearest_robot=robot6
338.000,original,-,robot4,MIN_DISTANCE,OK,8.090,4.954,,0,nearest_robot=robot3
338.000,original,-,robot5,MIN_DISTANCE,OK,3.053,4.954,,0,nearest_robot=robot2
338.000,original,-,robot6,MIN_DISTANCE,OK,3.967,4.954,,0,nearest_robot=robot1
338.000,original,-,fleet,MIN_DISTANCE_AVG,OK,4.954,,,0,robots_sampled=6
339.000,original,-,robot1,MIN_DISTANCE,OK,3.968,4.914,,0,nearest_robot=robot6
339.000,original,-,robot2,MIN_DISTANCE,OK,2.934,4.914,,0,nearest_robot=robot5
339.000,original,-,robot3,MIN_DISTANCE,OK,7.592,4.914,,0,nearest_robot=robot6
339.000,original,-,robot4,MIN_DISTANCE,OK,8.090,4.914,,0,nearest_robot=robot3
339.000,original,-,robot5,MIN_DISTANCE,OK,2.934,4.914,,0,nearest_robot=robot2
339.000,original,-,robot6,MIN_DISTANCE,OK,3.968,4.914,,0,nearest_robot=robot1
339.000,original,-,fleet,MIN_DISTANCE_AVG,OK,4.914,,,0,robots_sampled=6
340.000,original,-,robot1,MIN_DISTANCE,OK,3.968,4.898,,0,nearest_robot=robot6
340.000,original,-,robot2,MIN_DISTANCE,OK,2.885,4.898,,0,nearest_robot=robot5
340.000,original,-,robot3,MIN_DISTANCE,OK,7.592,4.898,,0,nearest_robot=robot6
340.000,original,-,robot4,MIN_DISTANCE,OK,8.090,4.898,,0,nearest_robot=robot3
340.000,original,-,robot5,MIN_DISTANCE,OK,2.885,4.898,,0,nearest_robot=robot2
340.000,original,-,robot6,MIN_DISTANCE,OK,3.968,4.898,,0,nearest_robot=robot1
340.000,original,-,fleet,MIN_DISTANCE_AVG,OK,4.898,,,0,robots_sampled=6
341.010,original,-,fleet,CHOMP_TIME_FULL,OK,,25.978,,0,iterations=100;iterations_executed=100;source=algorithm;round_trip=26.001073
341.010,original,-,robot1,MIN_DISTANCE,OK,3.968,4.897,,0,nearest_robot=robot6
341.010,original,-,robot2,MIN_DISTANCE,OK,2.883,4.897,,0,nearest_robot=robot5
341.010,original,-,robot3,MIN_DISTANCE,OK,7.592,4.897,,0,nearest_robot=robot6
341.010,original,-,robot4,MIN_DISTANCE,OK,8.090,4.897,,0,nearest_robot=robot3
341.010,original,-,robot5,MIN_DISTANCE,OK,2.883,4.897,,0,nearest_robot=robot2
341.010,original,-,robot6,MIN_DISTANCE,OK,3.968,4.897,,0,nearest_robot=robot1
341.010,original,-,fleet,MIN_DISTANCE_AVG,OK,4.897,,,0,robots_sampled=6
