timestamp,run_id,task_id,robot_id,event,status,allocation_cost,duration,path,collision_flag,message
46.000,original,-,robot1,MIN_DISTANCE,OK,12.416,12.748,,0,nearest_robot=robot6
46.000,original,-,robot2,MIN_DISTANCE,OK,12.510,12.748,,0,nearest_robot=robot1
46.000,original,-,robot4,MIN_DISTANCE,OK,13.200,12.748,,0,nearest_robot=robot5
46.000,original,-,robot5,MIN_DISTANCE,OK,13.200,12.748,,0,nearest_robot=robot4
46.000,original,-,robot6,MIN_DISTANCE,OK,12.416,12.748,,0,nearest_robot=robot1
46.000,original,-,fleet,MIN_DISTANCE_AVG,OK,12.748,,,0,robots_sampled=5
47.000,original,-,robot1,MIN_DISTANCE,OK,12.416,10.587,,0,nearest_robot=robot6
47.000,original,-,robot2,MIN_DISTANCE,OK,12.510,10.587,,0,nearest_robot=robot1
47.000,original,-,robot3,MIN_DISTANCE,OK,6.490,10.587,,0,nearest_robot=robot4
47.000,original,-,robot4,MIN_DISTANCE,OK,6.490,10.587,,0,nearest_robot=robot3
47.000,original,-,robot5,MIN_DISTANCE,OK,13.200,10.587,,0,nearest_robot=robot4
47.000,original,-,robot6,MIN_DISTANCE,OK,12.416,10.587,,0,nearest_robot=robot1
47.000,original,-,fleet,MIN_DISTANCE_AVG,OK,10.587,,,0,robots_sampled=6
48.000,original,-,robot1,MIN_DISTANCE,OK,12.416,10.587,,0,nearest_robot=robot6
48.000,original,-,robot2,MIN_DISTANCE,OK,12.510,10.587,,0,nearest_robot=robot1
48.000,original,-,robot3,MIN_DISTANCE,OK,6.490,10.587,,0,nearest_robot=robot4
48.000,original,-,robot4,MIN_DISTANCE,OK,6.490,10.587,,0,nearest_robot=robot3
48.000,original,-,robot5,MIN_DISTANCE,OK,13.200,10.587,,0,nearest_robot=robot4
48.000,original,-,robot6,MIN_DISTANCE,OK,12.416,10.587,,0,nearest_robot=robot1
48.000,original,-,fleet,MIN_DISTANCE_AVG,OK,10.587,,,0,robots_sampled=6
49.000,original,-,fleet,REPLAN_FULL,OK,,,robot1|robot2|robot3|robot4|robot5|robot6,0,original_full_optimization
49.000,original,-,robot1,MIN_DISTANCE,OK,12.416,10.587,,0,nearest_robot=robot6
49.000,original,-,robot2,MIN_DISTANCE,OK,12.510,10.587,,0,nearest_robot=robot1
49.000,original,-,robot3,MIN_DISTANCE,OK,6.490,10.587,,0,nearest_robot=robot4
49.000,original,-,robot4,MIN_DISTANCE,OK,6.490,10.587,,0,nearest_robot=robot3
49.000,original,-,robot5,MIN_DISTANCE,OK,13.200,10.587,,0,nearest_robot=robot4
49.000,original,-,robot6,MIN_DISTANCE,OK,12.416,10.587,,0,nearest_robot=robot1
49.000,original,-,fleet,MIN_DISTANCE_AVG,OK,10.587,,,0,robots_sampled=6
50.000,original,-,robot1,MIN_DISTANCE,OK,12.416,10.587,,0,nearest_robot=robot6
50.000,original,-,robot2,MIN_DISTANCE,OK,12.510,10.587,,0,nearest_robot=robot1
50.000,original,-,robot3,MIN_DISTANCE,OK,6.490,10.587,,0,nearest_robot=robot4
50.000,original,-,robot4,MIN_DISTANCE,OK,6.490,10.587,,0,nearest_robot=robot3
50.000,original,-,robot5,MIN_DISTANCE,OK,13.200,10.587,,0,nearest_robot=robot4
50.000,original,-,robot6,MIN_DISTANCE,OK,12.416,10.587,,0,nearest_robot=robot1
50.000,original,-,fleet,MIN_DISTANCE_AVG,OK,10.587,,,0,robots_sampled=6
51.000,original,-,robot1,MIN_DISTANCE,OK,12.416,10.587,,0,nearest_robot=robot6
51.000,original,-,robot2,MIN_DISTANCE,OK,12.510,10.587,,0,nearest_robot=robot1
51.000,original,-,robot3,MIN_DISTANCE,OK,6.490,10.587,,0,nearest_robot=robot4
51.000,original,-,robot4,MIN_DISTANCE,OK,6.490,10.587,,0,nearest_robot=robot3
51.000,original,-,robot5,MIN_DISTANCE,OK,13.200,10.587,,0,nearest_robot=robot4
51.000,original,-,robot6,MIN_DISTANCE,OK,12.416,10.587,,0,nearest_robot=robot1
51.000,original,-,fleet,MIN_DISTANCE_AVG,OK,10.587,,,0,robots_sampled=6
52.000,original,-,robot1,MIN_DISTANCE,OK,12.416,10.587,,0,nearest_robot=robot6
52.000,original,-,robot2,MIN_DISTANCE,OK,12.510,10.587,,0,nearest_robot=robot1
52.000,original,-,robot3,MIN_DISTANCE,OK,6.490,10.587,,0,nearest_robot=robot4
52.000,original,-,robot4,MIN_DISTANCE,OK,6.490,10.587,,0,nearest_robot=robot3
52.000,original,-,robot5,MIN_DISTANCE,OK,13.200,10.587,,0,nearest_robot=robot4
52.000,original,-,robot6,MIN_DISTANCE,OK,12.416,10.587,,0,nearest_robot=robot1
52.000,original,-,fleet,MIN_DISTANCE_AVG,OK,10.587,,,0,robots_sampled=6
53.000,original,-,robot1,MIN_DISTANCE,OK,12.416,10.587,,0,nearest_robot=robot6
53.000,original,-,robot2,MIN_DISTANCE,OK,12.510,10.587,,0,nearest_robot=robot1
53.000,original,-,robot3,MIN_DISTANCE,OK,6.490,10.587,,0,nearest_robot=robot4
53.000,original,-,robot4,MIN_DISTANCE,OK,6.490,10.587,,0,nearest_robot=robot3
53.000,original,-,robot5,MIN_DISTANCE,OK,13.200,10.587,,0,nearest_robot=robot4
53.000,original,-,robot6,MIN_DISTANCE,OK,12.416,10.587,,0,nearest_robot=robot1
53.000,original,-,fleet,MIN_DISTANCE_AVG,OK,10.587,,,0,robots_sampled=6
54.000,original,-,robot1,MIN_DISTANCE,OK,12.416,10.587,,0,nearest_robot=robot6
54.000,original,-,robot2,MIN_DISTANCE,OK,12.510,10.587,,0,nearest_robot=robot1
54.000,original,-,robot3,MIN_DISTANCE,OK,6.490,10.587,,0,nearest_robot=robot4
54.000,original,-,robot4,MIN_DISTANCE,OK,6.490,10.587,,0,nearest_robot=robot3
54.000,original,-,robot5,MIN_DISTANCE,OK,13.200,10.587,,0,nearest_robot=robot4
54.000,original,-,robot6,MIN_DISTANCE,OK,12.416,10.587,,0,nearest_robot=robot1
54.000,original,-,fleet,MIN_DISTANCE_AVG,OK,10.587,,,0,robots_sampled=6
55.000,original,-,robot1,MIN_DISTANCE,OK,12.416,10.587,,0,nearest_robot=robot6
55.000,original,-,robot2,MIN_DISTANCE,OK,12.510,10.587,,0,nearest_robot=robot1
55.000,original,-,robot3,MIN_DISTANCE,OK,6.490,10.587,,0,nearest_robot=robot4
55.000,original,-,robot4,MIN_DISTANCE,OK,6.490,10.587,,0,nearest_robot=robot3
55.000,original,-,robot5,MIN_DISTANCE,OK,13.200,10.587,,0,nearest_robot=robot4
55.000,original,-,robot6,MIN_DISTANCE,OK,12.416,10.587,,0,nearest_robot=robot1
55.000,original,-,fleet,MIN_DISTANCE_AVG,OK,10.587,,,0,robots_sampled=6
56.000,original,-,robot1,MIN_DISTANCE,OK,12.416,10.587,,0,nearest_robot=robot6
56.000,original,-,robot2,MIN_DISTANCE,OK,12.510,10.587,,0,nearest_robot=robot1
56.000,original,-,robot3,MIN_DISTANCE,OK,6.490,10.587,,0,nearest_robot=robot4
56.000,original,-,robot4,MIN_DISTANCE,OK,6.490,10.587,,0,nearest_robot=robot3
56.000,original,-,robot5,MIN_DISTANCE,OK,13.200,10.587,,0,nearest_robot=robot4
56.000,original,-,robot6,MIN_DISTANCE,OK,12.416,10.587,,0,nearest_robot=robot1
56.000,original,-,fleet,MIN_DISTANCE_AVG,OK,10.587,,,0,robots_sampled=6
57.000,original,-,robot1,MIN_DISTANCE,OK,12.416,10.587,,0,nearest_robot=robot6
57.000,original,-,robot2,MIN_DISTANCE,OK,12.510,10.587,,0,nearest_robot=robot1
57.000,original,-,robot3,MIN_DISTANCE,OK,6.490,10.587,,0,nearest_robot=robot4
57.000,original,-,robot4,MIN_DISTANCE,OK,6.490,10.587,,0,nearest_robot=robot3
57.000,original,-,robot5,MIN_DISTANCE,OK,13.200,10.587,,0,nearest_robot=robot4
57.000,original,-,robot6,MIN_DISTANCE,OK,12.416,10.587,,0,nearest_robot=robot1
57.000,original,-,fleet,MIN_DISTANCE_AVG,OK,10.587,,,0,robots_sampled=6
58.000,original,-,robot1,MIN_DISTANCE,OK,12.416,10.587,,0,nearest_robot=robot6
58.000,original,-,robot2,MIN_DISTANCE,OK,12.510,10.587,,0,nearest_robot=robot1
58.000,original,-,robot3,MIN_DISTANCE,OK,6.490,10.587,,0,nearest_robot=robot4
58.000,original,-,robot4,MIN_DISTANCE,OK,6.490,10.587,,0,nearest_robot=robot3
58.000,original,-,robot5,MIN_DISTANCE,OK,13.200,10.587,,0,nearest_robot=robot4
58.000,original,-,robot6,MIN_DISTANCE,OK,12.416,10.587,,0,nearest_robot=robot1
58.000,original,-,fleet,MIN_DISTANCE_AVG,OK,10.587,,,0,robots_sampled=6
59.000,original,-,robot1,MIN_DISTANCE,OK,12.416,10.587,,0,nearest_robot=robot6
59.000,original,-,robot2,MIN_DISTANCE,OK,12.510,10.587,,0,nearest_robot=robot1
59.000,original,-,robot3,MIN_DISTANCE,OK,6.490,10.587,,0,nearest_robot=robot4
59.000,original,-,robot4,MIN_DISTANCE,OK,6.490,10.587,,0,nearest_robot=robot3
59.000,original,-,robot5,MIN_DISTANCE,OK,13.200,10.587,,0,nearest_robot=robot4
59.000,original,-,robot6,MIN_DISTANCE,OK,12.416,10.587,,0,nearest_robot=robot1
59.000,original,-,fleet,MIN_DISTANCE_AVG,OK,10.587,,,0,robots_sampled=6
60.000,original,-,robot1,MIN_DISTANCE,OK,12.416,10.587,,0,nearest_robot=robot6
60.000,original,-,robot2,MIN_DISTANCE,OK,12.510,10.587,,0,nearest_robot=robot1
60.000,original,-,robot3,MIN_DISTANCE,OK,6.490,10.587,,0,nearest_robot=robot4
60.000,original,-,robot4,MIN_DISTANCE,OK,6.490,10.587,,0,nearest_robot=robot3
60.000,original,-,robot5,MIN_DISTANCE,OK,13.200,10.587,,0,nearest_robot=robot4
60.000,original,-,robot6,MIN_DISTANCE,OK,12.416,10.587,,0,nearest_robot=robot1
60.000,original,-,fleet,MIN_DISTANCE_AVG,OK,10.587,,,0,robots_sampled=6
61.000,original,-,robot1,MIN_DISTANCE,OK,12.416,10.587,,0,nearest_robot=robot6
61.000,original,-,robot2,MIN_DISTANCE,OK,12.510,10.587,,0,nearest_robot=robot1
61.000,original,-,robot3,MIN_DISTANCE,OK,6.490,10.587,,0,nearest_robot=robot4
61.000,original,-,robot4,MIN_DISTANCE,OK,6.490,10.587,,0,nearest_robot=robot3
61.000,original,-,robot5,MIN_DISTANCE,OK,13.200,10.587,,0,nearest_robot=robot4
61.000,original,-,robot6,MIN_DISTANCE,OK,12.416,10.587,,0,nearest_robot=robot1
61.000,original,-,fleet,MIN_DISTANCE_AVG,OK,10.587,,,0,robots_sampled=6
62.000,original,-,robot1,MIN_DISTANCE,OK,12.416,10.587,,0,nearest_robot=robot6
62.000,original,-,robot2,MIN_DISTANCE,OK,12.510,10.587,,0,nearest_robot=robot1
62.000,original,-,robot3,MIN_DISTANCE,OK,6.490,10.587,,0,nearest_robot=robot4
62.000,original,-,robot4,MIN_DISTANCE,OK,6.490,10.587,,0,nearest_robot=robot3
62.000,original,-,robot5,MIN_DISTANCE,OK,13.200,10.587,,0,nearest_robot=robot4
62.000,original,-,robot6,MIN_DISTANCE,OK,12.416,10.587,,0,nearest_robot=robot1
62.000,original,-,fleet,MIN_DISTANCE_AVG,OK,10.587,,,0,robots_sampled=6
63.000,original,-,robot1,MIN_DISTANCE,OK,12.416,10.587,,0,nearest_robot=robot6
63.000,original,-,robot2,MIN_DISTANCE,OK,12.510,10.587,,0,nearest_robot=robot1
63.000,original,-,robot3,MIN_DISTANCE,OK,6.490,10.587,,0,nearest_robot=robot4
63.000,original,-,robot4,MIN_DISTANCE,OK,6.490,10.587,,0,nearest_robot=robot3
63.000,original,-,robot5,MIN_DISTANCE,OK,13.200,10.587,,0,nearest_robot=robot4
63.000,original,-,robot6,MIN_DISTANCE,OK,12.416,10.587,,0,nearest_robot=robot1
63.000,original,-,fleet,MIN_DISTANCE_AVG,OK,10.587,,,0,robots_sampled=6
64.000,original,-,robot1,MIN_DISTANCE,OK,12.416,10.587,,0,nearest_robot=robot6
64.000,original,-,robot2,MIN_DISTANCE,OK,12.510,10.587,,0,nearest_robot=robot1
64.000,original,-,robot3,MIN_DISTANCE,OK,6.490,10.587,,0,nearest_robot=robot4
64.000,original,-,robot4,MIN_DISTANCE,OK,6.490,10.587,,0,nearest_robot=robot3
64.000,original,-,robot5,MIN_DISTANCE,OK,13.200,10.587,,0,nearest_robot=robot4
64.000,original,-,robot6,MIN_DISTANCE,OK,12.416,10.587,,0,nearest_robot=robot1
64.000,original,-,fleet,MIN_DISTANCE_AVG,OK,10.587,,,0,robots_sampled=6
65.000,original,-,robot1,MIN_DISTANCE,OK,12.416,10.587,,0,nearest_robot=robot6
65.000,original,-,robot2,MIN_DISTANCE,OK,12.510,10.587,,0,nearest_robot=robot1
65.000,original,-,robot3,MIN_DISTANCE,OK,6.490,10.587,,0,nearest_robot=robot4
65.000,original,-,robot4,MIN_DISTANCE,OK,6.490,10.587,,0,nearest_robot=robot3
65.000,original,-,robot5,MIN_DISTANCE,OK,13.200,10.587,,0,nearest_robot=robot4
65.000,original,-,robot6,MIN_DISTANCE,OK,12.416,10.587,,0,nearest_robot=robot1
65.000,original,-,fleet,MIN_DISTANCE_AVG,OK,10.587,,,0,robots_sampled=6
66.000,original,-,robot1,MIN_DISTANCE,OK,12.416,10.587,,0,nearest_robot=robot6
66.000,original,-,robot2,MIN_DISTANCE,OK,12.510,10.587,,0,nearest_robot=robot1
66.000,original,-,robot3,MIN_DISTANCE,OK,6.490,10.587,,0,nearest_robot=robot4
66.000,original,-,robot4,MIN_DISTANCE,OK,6.490,10.587,,0,nearest_robot=robot3
66.000,original,-,robot5,MIN_DISTANCE,OK,13.200,10.587,,0,nearest_robot=robot4
66.000,original,-,robot6,MIN_DISTANCE,OK,12.416,10.587,,0,nearest_robot=robot1
66.000,original,-,fleet,MIN_DISTANCE_AVG,OK,10.587,,,0,robots_sampled=6
67.000,original,-,robot1,MIN_DISTANCE,OK,12.416,10.587,,0,nearest_robot=robot6
67.000,original,-,robot2,MIN_DISTANCE,OK,12.510,10.587,,0,nearest_robot=robot1
67.000,original,-,robot3,MIN_DISTANCE,OK,6.490,10.587,,0,nearest_robot=robot4
67.000,original,-,robot4,MIN_DISTANCE,OK,6.490,10.587,,0,nearest_robot=robot3
67.000,original,-,robot5,MIN_DISTANCE,OK,13.200,10.587,,0,nearest_robot=robot4
67.000,original,-,robot6,MIN_DISTANCE,OK,12.416,10.587,,0,nearest_robot=robot1
67.000,original,-,fleet,MIN_DISTANCE_AVG,OK,10.587,,,0,robots_sampled=6
68.000,original,-,robot1,MIN_DISTANCE,OK,12.416,10.587,,0,nearest_robot=robot6
68.000,original,-,robot2,MIN_DISTANCE,OK,12.510,10.587,,0,nearest_robot=robot1
68.000,original,-,robot3,MIN_DISTANCE,OK,6.490,10.587,,0,nearest_robot=robot4
68.000,original,-,robot4,MIN_DISTANCE,OK,6.490,10.587,,0,nearest_robot=robot3
68.000,original,-,robot5,MIN_DISTANCE,OK,13.200,10.587,,0,nearest_robot=robot4
68.000,original,-,robot6,MIN_DISTANCE,OK,12.416,10.587,,0,nearest_robot=robot1
68.000,original,-,fleet,MIN_DISTANCE_AVG,OK,10.587,,,0,robots_sampled=6
69.000,original,-,robot1,MIN_DISTANCE,OK,12.416,10.587,,0,nearest_robot=robot6
69.000,original,-,robot2,MIN_DISTANCE,OK,12.510,10.587,,0,nearest_robot=robot1
69.000,original,-,robot3,MIN_DISTANCE,OK,6.490,10.587,,0,nearest_robot=robot4
69.000,original,-,robot4,MIN_DISTANCE,OK,6.490,10.587,,0,nearest_robot=robot3
69.000,original,-,robot5,MIN_DISTANCE,OK,13.200,10.587,,0,nearest_robot=robot4
69.000,original,-,robot6,MIN_DISTANCE,OK,12.416,10.587,,0,nearest_robot=robot1
69.000,original,-,fleet,MIN_DISTANCE_AVG,OK,10.587,,,0,robots_sampled=6
70.000,original,-,robot1,MIN_DISTANCE,OK,12.416,10.587,,0,nearest_robot=robot6
70.000,original,-,robot2,MIN_DISTANCE,OK,12.510,10.587,,0,nearest_robot=robot1
70.000,original,-,robot3,MIN_DISTANCE,OK,6.490,10.587,,0,nearest_robot=robot4
70.000,original,-,robot4,MIN_DISTANCE,OK,6.490,10.587,,0,nearest_robot=robot3
70.000,original,-,robot5,MIN_DISTANCE,OK,13.200,10.587,,0,nearest_robot=robot4
70.000,original,-,robot6,MIN_DISTANCE,OK,12.416,10.587,,0,nearest_robot=robot1
70.000,original,-,fleet,MIN_DISTANCE_AVG,OK,10.587,,,0,robots_sampled=6
71.000,original,-,robot1,MIN_DISTANCE,OK,12.416,10.587,,0,nearest_robot=robot6
71.000,original,-,robot2,MIN_DISTANCE,OK,12.510,10.587,,0,nearest_robot=robot1
71.000,original,-,robot3,MIN_DISTANCE,OK,6.490,10.587,,0,nearest_robot=robot4
71.000,original,-,robot4,MIN_DISTANCE,OK,6.490,10.587,,0,nearest_robot=robot3
71.000,original,-,robot5,MIN_DISTANCE,OK,13.200,10.587,,0,nearest_robot=robot4
71.000,original,-,robot6,MIN_DISTANCE,OK,12.416,10.587,,0,nearest_robot=robot1
71.000,original,-,fleet,MIN_DISTANCE_AVG,OK,10.587,,,0,robots_sampled=6
72.000,original,-,robot1,MIN_DISTANCE,OK,12.416,10.587,,0,nearest_robot=robot6
72.000,original,-,robot2,MIN_DISTANCE,OK,12.510,10.587,,0,nearest_robot=robot1
72.000,original,-,robot3,MIN_DISTANCE,OK,6.490,10.587,,0,nearest_robot=robot4
72.000,original,-,robot4,MIN_DISTANCE,OK,6.490,10.587,,0,nearest_robot=robot3
72.000,original,-,robot5,MIN_DISTANCE,OK,13.200,10.587,,0,nearest_robot=robot4
72.000,original,-,robot6,MIN_DISTANCE,OK,12.416,10.587,,0,nearest_robot=robot1
72.000,original,-,fleet,MIN_DISTANCE_AVG,OK,10.587,,,0,robots_sampled=6
73.000,original,-,robot1,MIN_DISTANCE,OK,12.416,10.587,,0,nearest_robot=robot6
73.000,original,-,robot2,MIN_DISTANCE,OK,12.510,10.587,,0,nearest_robot=robot1
73.000,original,-,robot3,MIN_DISTANCE,OK,6.490,10.587,,0,nearest_robot=robot4
73.000,original,-,robot4,MIN_DISTANCE,OK,6.490,10.587,,0,nearest_robot=robot3
73.000,original,-,robot5,MIN_DISTANCE,OK,13.200,10.587,,0,nearest_robot=robot4
73.000,original,-,robot6,MIN_DISTANCE,OK,12.416,10.587,,0,nearest_robot=robot1
73.000,original,-,fleet,MIN_DISTANCE_AVG,OK,10.587,,,0,robots_sampled=6
73.510,original,-,fleet,CHOMP_TIME_FULL,OK,,25.405,,0,iterations=100;iterations_executed=100;source=algorithm;round_trip=25.426366
74.000,original,-,robot1,MIN_DISTANCE,OK,12.416,10.579,,0,nearest_robot=robot6
74.000,original,-,robot2,MIN_DISTANCE,OK,12.464,10.579,,0,nearest_robot=robot1
74.000,original,-,robot3,MIN_DISTANCE,OK,6.490,10.579,,0,nearest_robot=robot4
74.000,original,-,robot4,MIN_DISTANCE,OK,6.490,10.579,,0,nearest_robot=robot3
74.000,original,-,robot5,MIN_DISTANCE,OK,13.200,10.579,,0,nearest_robot=robot4
74.000,original,-,robot6,MIN_DISTANCE,OK,12.416,10.579,,0,nearest_robot=robot1
74.000,original,-,fleet,MIN_DISTANCE_AVG,OK,10.579,,,0,robots_sampled=6
74.500,original,-,fleet,REPLAN_FULL,OK,,,robot1|robot2|robot3|robot4|robot5|robot6,0,original_full_optimization
75.000,original,-,robot1,MIN_DISTANCE,OK,12.305,10.534,,0,nearest_robot=robot2
75.000,original,-,robot2,MIN_DISTANCE,OK,12.305,10.534,,0,nearest_robot=robot1
75.000,original,-,robot3,MIN_DISTANCE,OK,6.490,10.534,,0,nearest_robot=robot4
75.000,original,-,robot4,MIN_DISTANCE,OK,6.490,10.534,,0,nearest_robot=robot3
75.000,original,-,robot5,MIN_DISTANCE,OK,13.200,10.534,,0,nearest_robot=robot4
75.000,original,-,robot6,MIN_DISTANCE,OK,12.416,10.534,,0,nearest_robot=robot1
75.000,original,-,fleet,MIN_DISTANCE_AVG,OK,10.534,,,0,robots_sampled=6
76.000,original,-,robot1,MIN_DISTANCE,OK,12.416,10.601,,0,nearest_robot=robot6
76.000,original,-,robot2,MIN_DISTANCE,OK,12.597,10.601,,0,nearest_robot=robot1
76.000,original,-,robot3,MIN_DISTANCE,OK,6.490,10.601,,0,nearest_robot=robot4
76.000,original,-,robot4,MIN_DISTANCE,OK,6.490,10.601,,0,nearest_robot=robot3
76.000,original,-,robot5,MIN_DISTANCE,OK,13.200,10.601,,0,nearest_robot=robot4
76.000,original,-,robot6,MIN_DISTANCE,OK,12.416,10.601,,0,nearest_robot=robot1
76.000,original,-,fleet,MIN_DISTANCE_AVG,OK,10.601,,,0,robots_sampled=6
77.000,original,-,robot1,MIN_DISTANCE,OK,12.416,10.637,,0,nearest_robot=robot6
77.000,original,-,robot2,MIN_DISTANCE,OK,12.807,10.637,,0,nearest_robot=robot1
77.000,original,-,robot3,MIN_DISTANCE,OK,6.490,10.637,,0,nearest_robot=robot4
77.000,original,-,robot4,MIN_DISTANCE,OK,6.490,10.637,,0,nearest_robot=robot3
77.000,original,-,robot5,MIN_DISTANCE,OK,13.200,10.637,,0,nearest_robot=robot4
77.000,original,-,robot6,MIN_DISTANCE,OK,12.416,10.637,,0,nearest_robot=robot1
77.000,original,-,fleet,MIN_DISTANCE_AVG,OK,10.637,,,0,robots_sampled=6
78.000,original,-,robot1,MIN_DISTANCE,OK,12.416,10.658,,0,nearest_robot=robot6
78.000,original,-,robot2,MIN_DISTANCE,OK,12.934,10.658,,0,nearest_robot=robot1
78.000,original,-,robot3,MIN_DISTANCE,OK,6.490,10.658,,0,nearest_robot=robot4
78.000,original,-,robot4,MIN_DISTANCE,OK,6.490,10.658,,0,nearest_robot=robot3
78.000,original,-,robot5,MIN_DISTANCE,OK,13.200,10.658,,0,nearest_robot=robot4
78.000,original,-,robot6,MIN_DISTANCE,OK,12.416,10.658,,0,nearest_robot=robot1
78.000,original,-,fleet,MIN_DISTANCE_AVG,OK,10.658,,,0,robots_sampled=6
79.000,original,-,robot1,MIN_DISTANCE,OK,12.416,10.683,,0,nearest_robot=robot6
79.000,original,-,robot2,MIN_DISTANCE,OK,13.087,10.683,,0,nearest_robot=robot1
79.000,original,-,robot3,MIN_DISTANCE,OK,6.490,10.683,,0,nearest_robot=robot4
79.000,original,-,robot4,MIN_DISTANCE,OK,6.490,10.683,,0,nearest_robot=robot3
79.000,original,-,robot5,MIN_DISTANCE,OK,13.200,10.683,,0,nearest_robot=robot4
79.000,original,-,robot6,MIN_DISTANCE,OK,12.416,10.683,,0,nearest_robot=robot1
79.000,original,-,fleet,MIN_DISTANCE_AVG,OK,10.683,,,0,robots_sampled=6
80.000,original,-,robot1,MIN_DISTANCE,OK,12.416,10.674,,0,nearest_robot=robot6
80.000,original,-,robot2,MIN_DISTANCE,OK,13.033,10.674,,0,nearest_robot=robot3
80.000,original,-,robot3,MIN_DISTANCE,OK,6.490,10.674,,0,nearest_robot=robot4
80.000,original,-,robot4,MIN_DISTANCE,OK,6.490,10.674,,0,nearest_robot=robot3
80.000,original,-,robot5,MIN_DISTANCE,OK,13.200,10.674,,0,nearest_robot=robot4
80.000,original,-,robot6,MIN_DISTANCE,OK,12.416,10.674,,0,nearest_robot=robot1
80.000,original,-,fleet,MIN_DISTANCE_AVG,OK,10.674,,,0,robots_sampled=6
81.000,original,-,robot1,MIN_DISTANCE,OK,12.416,10.637,,0,nearest_robot=robot6
81.000,original,-,robot2,MIN_DISTANCE,OK,12.812,10.637,,0,nearest_robot=robot3
81.000,original,-,robot3,MIN_DISTANCE,OK,6.490,10.637,,0,nearest_robot=robot4
81.000,original,-,robot4,MIN_DISTANCE,OK,6.490,10.637,,0,nearest_robot=robot3
81.000,original,-,robot5,MIN_DISTANCE,OK,13.200,10.637,,0,nearest_robot=robot4
81.000,original,-,robot6,MIN_DISTANCE,OK,12.416,10.637,,0,nearest_robot=robot1
81.000,original,-,fleet,MIN_DISTANCE_AVG,OK,10.637,,,0,robots_sampled=6
82.000,original,-,robot1,MIN_DISTANCE,OK,12.416,10.622,,0,nearest_robot=robot6
82.000,original,-,robot2,MIN_DISTANCE,OK,12.718,10.622,,0,nearest_robot=robot3
82.000,original,-,robot3,MIN_DISTANCE,OK,6.490,10.622,,0,nearest_robot=robot4
82.000,original,-,robot4,MIN_DISTANCE,OK,6.490,10.622,,0,nearest_robot=robot3
82.000,original,-,robot5,MIN_DISTANCE,OK,13.200,10.622,,0,nearest_robot=robot4
82.000,original,-,robot6,MIN_DISTANCE,OK,12.416,10.622,,0,nearest_robot=robot1
82.000,original,-,fleet,MIN_DISTANCE_AVG,OK,10.622,,,0,robots_sampled=6
83.000,original,-,robot1,MIN_DISTANCE,OK,12.416,10.615,,0,nearest_robot=robot6
83.000,original,-,robot2,MIN_DISTANCE,OK,12.677,10.615,,0,nearest_robot=robot3
83.000,original,-,robot3,MIN_DISTANCE,OK,6.490,10.615,,0,nearest_robot=robot4
83.000,original,-,robot4,MIN_DISTANCE,OK,6.490,10.615,,0,nearest_robot=robot3
83.000,original,-,robot5,MIN_DISTANCE,OK,13.200,10.615,,0,nearest_robot=robot4
83.000,original,-,robot6,MIN_DISTANCE,OK,12.416,10.615,,0,nearest_robot=robot1
83.000,original,-,fleet,MIN_DISTANCE_AVG,OK,10.615,,,0,robots_sampled=6
84.000,original,-,robot1,MIN_DISTANCE,OK,12.416,10.618,,0,nearest_robot=robot6
84.000,original,-,robot2,MIN_DISTANCE,OK,12.693,10.618,,0,nearest_robot=robot3
84.000,original,-,robot3,MIN_DISTANCE,OK,6.490,10.618,,0,nearest_robot=robot4
84.000,original,-,robot4,MIN_DISTANCE,OK,6.490,10.618,,0,nearest_robot=robot3
84.000,original,-,robot5,MIN_DISTANCE,OK,13.200,10.618,,0,nearest_robot=robot4
84.000,original,-,robot6,MIN_DISTANCE,OK,12.416,10.618,,0,nearest_robot=robot1
84.000,original,-,fleet,MIN_DISTANCE_AVG,OK,10.618,,,0,robots_sampled=6
85.000,original,-,robot1,MIN_DISTANCE,OK,12.416,10.625,,0,nearest_robot=robot6
85.000,original,-,robot2,MIN_DISTANCE,OK,12.738,10.625,,0,nearest_robot=robot3
85.000,original,-,robot3,MIN_DISTANCE,OK,6.490,10.625,,0,nearest_robot=robot4
85.000,original,-,robot4,MIN_DISTANCE,OK,6.490,10.625,,0,nearest_robot=robot3
85.000,original,-,robot5,MIN_DISTANCE,OK,13.200,10.625,,0,nearest_robot=robot4
85.000,original,-,robot6,MIN_DISTANCE,OK,12.416,10.625,,0,nearest_robot=robot1
85.000,original,-,fleet,MIN_DISTANCE_AVG,OK,10.625,,,0,robots_sampled=6
86.000,original,-,robot1,MIN_DISTANCE,OK,12.416,10.600,,0,nearest_robot=robot6
86.000,original,-,robot2,MIN_DISTANCE,OK,12.586,10.600,,0,nearest_robot=robot1
86.000,original,-,robot3,MIN_DISTANCE,OK,6.490,10.600,,0,nearest_robot=robot4
86.000,original,-,robot4,MIN_DISTANCE,OK,6.490,10.600,,0,nearest_robot=robot3
86.000,original,-,robot5,MIN_DISTANCE,OK,13.200,10.600,,0,nearest_robot=robot4
86.000,original,-,robot6,MIN_DISTANCE,OK,12.416,10.600,,0,nearest_robot=robot1
86.000,original,-,fleet,MIN_DISTANCE_AVG,OK,10.600,,,0,robots_sampled=6
87.000,original,-,robot1,MIN_DISTANCE,OK,12.338,10.545,,0,nearest_robot=robot2
87.000,original,-,robot2,MIN_DISTANCE,OK,12.338,10.545,,0,nearest_robot=robot1
87.000,original,-,robot3,MIN_DISTANCE,OK,6.490,10.545,,0,nearest_robot=robot4
87.000,original,-,robot4,MIN_DISTANCE,OK,6.490,10.545,,0,nearest_robot=robot3
87.000,original,-,robot5,MIN_DISTANCE,OK,13.200,10.545,,0,nearest_robot=robot4
87.000,original,-,robot6,MIN_DISTANCE,OK,12.416,10.545,,0,nearest_robot=robot1
87.000,original,-,fleet,MIN_DISTANCE_AVG,OK,10.545,,,0,robots_sampled=6
88.000,original,-,robot1,MIN_DISTANCE,OK,12.260,10.519,,0,nearest_robot=robot2
88.000,original,-,robot2,MIN_DISTANCE,OK,12.260,10.519,,0,nearest_robot=robot1
88.000,original,-,robot3,MIN_DISTANCE,OK,6.490,10.519,,0,nearest_robot=robot4
88.000,original,-,robot4,MIN_DISTANCE,OK,6.490,10.519,,0,nearest_robot=robot3
88.000,original,-,robot5,MIN_DISTANCE,OK,13.200,10.519,,0,nearest_robot=robot4
88.000,original,-,robot6,MIN_DISTANCE,OK,12.416,10.519,,0,nearest_robot=robot1
88.000,original,-,fleet,MIN_DISTANCE_AVG,OK,10.519,,,0,robots_sampled=6
89.000,original,-,robot1,MIN_DISTANCE,OK,12.308,10.536,,0,nearest_robot=robot2
89.000,original,-,robot2,MIN_DISTANCE,OK,12.308,10.536,,0,nearest_robot=robot1
89.000,original,-,robot3,MIN_DISTANCE,OK,6.490,10.536,,0,nearest_robot=robot4
89.000,original,-,robot4,MIN_DISTANCE,OK,6.490,10.536,,0,nearest_robot=robot3
89.000,original,-,robot5,MIN_DISTANCE,OK,13.200,10.536,,0,nearest_robot=robot4
89.000,original,-,robot6,MIN_DISTANCE,OK,12.416,10.536,,0,nearest_robot=robot1
89.000,original,-,fleet,MIN_DISTANCE_AVG,OK,10.536,,,0,robots_sampled=6
90.000,original,-,robot1,MIN_DISTANCE,OK,12.294,10.531,,0,nearest_robot=robot2
90.000,original,-,robot2,MIN_DISTANCE,OK,12.294,10.531,,0,nearest_robot=robot1
90.000,original,-,robot3,MIN_DISTANCE,OK,6.490,10.531,,0,nearest_robot=robot4
90.000,original,-,robot4,MIN_DISTANCE,OK,6.490,10.531,,0,nearest_robot=robot3
90.000,original,-,robot5,MIN_DISTANCE,OK,13.200,10.531,,0,nearest_robot=robot4
90.000,original,-,robot6,MIN_DISTANCE,OK,12.416,10.531,,0,nearest_robot=robot1
90.000,original,-,fleet,MIN_DISTANCE_AVG,OK,10.531,,,0,robots_sampled=6
91.000,original,-,robot1,MIN_DISTANCE,OK,12.289,10.529,,0,nearest_robot=robot2
91.000,original,-,robot2,MIN_DISTANCE,OK,12.289,10.529,,0,nearest_robot=robot1
91.000,original,-,robot3,MIN_DISTANCE,OK,6.490,10.529,,0,nearest_robot=robot4
91.000,original,-,robot4,MIN_DISTANCE,OK,6.490,10.529,,0,nearest_robot=robot3
91.000,original,-,robot5,MIN_DISTANCE,OK,13.200,10.529,,0,nearest_robot=robot4
91.000,original,-,robot6,MIN_DISTANCE,OK,12.416,10.529,,0,nearest_robot=robot1
91.000,original,-,fleet,MIN_DISTANCE_AVG,OK,10.529,,,0,robots_sampled=6
92.000,original,-,robot1,MIN_DISTANCE,OK,12.289,10.529,,0,nearest_robot=robot2
92.000,original,-,robot2,MIN_DISTANCE,OK,12.289,10.529,,0,nearest_robot=robot1
92.000,original,-,robot3,MIN_DISTANCE,OK,6.490,10.529,,0,nearest_robot=robot4
92.000,original,-,robot4,MIN_DISTANCE,OK,6.490,10.529,,0,nearest_robot=robot3
92.000,original,-,robot5,MIN_DISTANCE,OK,13.200,10.529,,0,nearest_robot=robot4
92.000,original,-,robot6,MIN_DISTANCE,OK,12.416,10.529,,0,nearest_robot=robot1
92.000,original,-,fleet,MIN_DISTANCE_AVG,OK,10.529,,,0,robots_sampled=6
93.000,original,-,robot1,MIN_DISTANCE,OK,12.288,10.529,,0,nearest_robot=robot2
93.000,original,-,robot2,MIN_DISTANCE,OK,12.288,10.529,,0,nearest_robot=robot1
93.000,original,-,robot3,MIN_DISTANCE,OK,6.490,10.529,,0,nearest_robot=robot4
93.000,original,-,robot4,MIN_DISTANCE,OK,6.490,10.529,,0,nearest_robot=robot3
93.000,original,-,robot5,MIN_DISTANCE,OK,13.200,10.529,,0,nearest_robot=robot4
93.000,original,-,robot6,MIN_DISTANCE,OK,12.416,10.529,,0,nearest_robot=robot1
93.000,original,-,fleet,MIN_DISTANCE_AVG,OK,10.529,,,0,robots_sampled=6
94.000,original,-,robot1,MIN_DISTANCE,OK,12.288,10.529,,0,nearest_robot=robot2
94.000,original,-,robot2,MIN_DISTANCE,OK,12.288,10.529,,0,nearest_robot=robot1
94.000,original,-,robot3,MIN_DISTANCE,OK,6.490,10.529,,0,nearest_robot=robot4
94.000,original,-,robot4,MIN_DISTANCE,OK,6.490,10.529,,0,nearest_robot=robot3
94.000,original,-,robot5,MIN_DISTANCE,OK,13.200,10.529,,0,nearest_robot=robot4
94.000,original,-,robot6,MIN_DISTANCE,OK,12.416,10.529,,0,nearest_robot=robot1
94.000,original,-,fleet,MIN_DISTANCE_AVG,OK,10.529,,,0,robots_sampled=6
95.000,original,-,robot1,MIN_DISTANCE,OK,12.288,10.529,,0,nearest_robot=robot2
95.000,original,-,robot2,MIN_DISTANCE,OK,12.288,10.529,,0,nearest_robot=robot1
95.000,original,-,robot3,MIN_DISTANCE,OK,6.490,10.529,,0,nearest_robot=robot4
95.000,original,-,robot4,MIN_DISTANCE,OK,6.490,10.529,,0,nearest_robot=robot3
95.000,original,-,robot5,MIN_DISTANCE,OK,13.200,10.529,,0,nearest_robot=robot4
95.000,original,-,robot6,MIN_DISTANCE,OK,12.416,10.529,,0,nearest_robot=robot1
95.000,original,-,fleet,MIN_DISTANCE_AVG,OK,10.529,,,0,robots_sampled=6
96.000,original,-,robot1,MIN_DISTANCE,OK,12.288,10.529,,0,nearest_robot=robot2
96.000,original,-,robot2,MIN_DISTANCE,OK,12.288,10.529,,0,nearest_robot=robot1
96.000,original,-,robot3,MIN_DISTANCE,OK,6.490,10.529,,0,nearest_robot=robot4
96.000,original,-,robot4,MIN_DISTANCE,OK,6.490,10.529,,0,nearest_robot=robot3
96.000,original,-,robot5,MIN_DISTANCE,OK,13.200,10.529,,0,nearest_robot=robot4
96.000,original,-,robot6,MIN_DISTANCE,OK,12.416,10.529,,0,nearest_robot=robot1
96.000,original,-,fleet,MIN_DISTANCE_AVG,OK,10.529,,,0,robots_sampled=6
97.000,original,-,robot1,MIN_DISTANCE,OK,12.288,10.529,,0,nearest_robot=robot2
97.000,original,-,robot2,MIN_DISTANCE,OK,12.288,10.529,,0,nearest_robot=robot1
97.000,original,-,robot3,MIN_DISTANCE,OK,6.490,10.529,,0,nearest_robot=robot4
97.000,original,-,robot4,MIN_DISTANCE,OK,6.490,10.529,,0,nearest_robot=robot3
97.000,original,-,robot5,MIN_DISTANCE,OK,13.200,10.529,,0,nearest_robot=robot4
97.000,original,-,robot6,MIN_DISTANCE,OK,12.416,10.529,,0,nearest_robot=robot1
97.000,original,-,fleet,MIN_DISTANCE_AVG,OK,10.529,,,0,robots_sampled=6
98.000,original,-,robot1,MIN_DISTANCE,OK,12.288,10.529,,0,nearest_robot=robot2
98.000,original,-,robot2,MIN_DISTANCE,OK,12.288,10.529,,0,nearest_robot=robot1
98.000,original,-,robot3,MIN_DISTANCE,OK,6.490,10.529,,0,nearest_robot=robot4
98.000,original,-,robot4,MIN_DISTANCE,OK,6.490,10.529,,0,nearest_robot=robot3
98.000,original,-,robot5,MIN_DISTANCE,OK,13.200,10.529,,0,nearest_robot=robot4
98.000,original,-,robot6,MIN_DISTANCE,OK,12.416,10.529,,0,nearest_robot=robot1
98.000,original,-,fleet,MIN_DISTANCE_AVG,OK,10.529,,,0,robots_sampled=6
99.000,original,-,robot1,MIN_DISTANCE,OK,12.288,10.529,,0,nearest_robot=robot2
99.000,original,-,robot2,MIN_DISTANCE,OK,12.288,10.529,,0,nearest_robot=robot1
99.000,original,-,robot3,MIN_DISTANCE,OK,6.490,10.529,,0,nearest_robot=robot4
99.000,original,-,robot4,MIN_DISTANCE,OK,6.490,10.529,,0,nearest_robot=robot3
99.000,original,-,robot5,MIN_DISTANCE,OK,13.200,10.529,,0,nearest_robot=robot4
99.000,original,-,robot6,MIN_DISTANCE,OK,12.416,10.529,,0,nearest_robot=robot1
99.000,original,-,fleet,MIN_DISTANCE_AVG,OK,10.529,,,0,robots_sampled=6
99.410,original,-,fleet,CHOMP_TIME_FULL,OK,,25.977,,0,iterations=100;iterations_executed=100;source=algorithm;round_trip=25.998905
100.000,original,-,fleet,REPLAN_FULL,OK,,,robot1|robot2|robot3|robot4|robot5|robot6,0,original_full_optimization
100.000,original,-,robot1,MIN_DISTANCE,OK,12.334,10.517,,0,nearest_robot=robot2
100.000,original,-,robot2,MIN_DISTANCE,OK,12.334,10.517,,0,nearest_robot=robot1
100.000,original,-,robot3,MIN_DISTANCE,OK,6.433,10.517,,0,nearest_robot=robot4
100.000,original,-,robot4,MIN_DISTANCE,OK,6.433,10.517,,0,nearest_robot=robot3
100.000,original,-,robot5,MIN_DISTANCE,OK,13.200,10.517,,0,nearest_robot=robot4
100.000,original,-,robot6,MIN_DISTANCE,OK,12.366,10.517,,0,nearest_robot=robot1
100.000,original,-,fleet,MIN_DISTANCE_AVG,OK,10.517,,,0,robots_sampled=6
101.000,original,-,robot1,MIN_DISTANCE,OK,12.192,10.441,,0,nearest_robot=robot6
101.000,original,-,robot2,MIN_DISTANCE,OK,12.558,10.441,,0,nearest_robot=robot1
101.000,original,-,robot3,MIN_DISTANCE,OK,6.231,10.441,,0,nearest_robot=robot4
101.000,original,-,robot4,MIN_DISTANCE,OK,6.231,10.441,,0,nearest_robot=robot3
101.000,original,-,robot5,MIN_DISTANCE,OK,13.239,10.441,,0,nearest_robot=robot4
101.000,original,-,robot6,MIN_DISTANCE,OK,12.192,10.441,,0,nearest_robot=robot1
101.000,original,-,fleet,MIN_DISTANCE_AVG,OK,10.441,,,0,robots_sampled=6
102.000,original,-,robot1,MIN_DISTANCE,OK,12.218,10.331,,0,nearest_robot=robot6
102.000,original,-,robot2,MIN_DISTANCE,OK,12.446,10.331,,0,nearest_robot=robot6
102.000,original,-,robot3,MIN_DISTANCE,OK,5.912,10.331,,0,nearest_robot=robot4
102.000,original,-,robot4,MIN_DISTANCE,OK,5.912,10.331,,0,nearest_robot=robot3
102.000,original,-,robot5,MIN_DISTANCE,OK,13.282,10.331,,0,nearest_robot=robot4
102.000,original,-,robot6,MIN_DISTANCE,OK,12.218,10.331,,0,nearest_robot=robot1
102.000,original,-,fleet,MIN_DISTANCE_AVG,OK,10.331,,,0,robots_sampled=6
103.000,original,-,robot1,MIN_DISTANCE,OK,12.431,10.148,,0,nearest_robot=robot6
103.000,original,-,robot2,MIN_DISTANCE,OK,12.267,10.148,,0,nearest_robot=robot6
103.000,original,-,robot3,MIN_DISTANCE,OK,5.402,10.148,,0,nearest_robot=robot4
103.000,original,-,robot4,MIN_DISTANCE,OK,5.402,10.148,,0,nearest_robot=robot3
103.000,original,-,robot5,MIN_DISTANCE,OK,13.122,10.148,,0,nearest_robot=robot4
103.000,original,-,robot6,MIN_DISTANCE,OK,12.267,10.148,,0,nearest_robot=robot2
103.000,original,-,fleet,MIN_DISTANCE_AVG,OK,10.148,,,0,robots_sampled=6
104.000,original,-,robot1,MIN_DISTANCE,OK,12.573,9.833,,0,nearest_robot=robot6
104.000,original,-,robot2,MIN_DISTANCE,OK,11.979,9.833,,0,nearest_robot=robot6
104.000,original,-,robot3,MIN_DISTANCE,OK,4.840,9.833,,0,nearest_robot=robot4
104.000,original,-,robot4,MIN_DISTANCE,OK,4.840,9.833,,0,nearest_robot=robot3
104.000,original,-,robot5,MIN_DISTANCE,OK,12.789,9.833,,0,nearest_robot=robot4
104.000,original,-,robot6,MIN_DISTANCE,OK,11.979,9.833,,0,nearest_robot=robot2
104.000,original,-,fleet,MIN_DISTANCE_AVG,OK,9.833,,,0,robots_sampled=6
105.000,original,-,robot1,MIN_DISTANCE,OK,12.323,9.412,,0,nearest_robot=robot6
105.000,original,-,robot2,MIN_DISTANCE,OK,11.619,9.412,,0,nearest_robot=robot6
105.000,original,-,robot3,MIN_DISTANCE,OK,4.305,9.412,,0,nearest_robot=robot4
105.000,original,-,robot4,MIN_DISTANCE,OK,4.305,9.412,,0,nearest_robot=robot3
105.000,original,-,robot5,MIN_DISTANCE,OK,12.303,9.412,,0,nearest_robot=robot4
105.000,original,-,robot6,MIN_DISTANCE,OK,11.619,9.412,,0,nearest_robot=robot2
105.000,original,-,fleet,MIN_DISTANCE_AVG,OK,9.412,,,0,robots_sampled=6
106.000,original,-,robot1,MIN_DISTANCE,OK,12.100,8.977,,0,nearest_robot=robot6
106.000,original,-,robot2,MIN_DISTANCE,OK,11.205,8.977,,0,nearest_robot=robot6
106.000,original,-,robot3,MIN_DISTANCE,OK,3.796,8.977,,0,nearest_robot=robot4
106.000,original,-,robot4,MIN_DISTANCE,OK,3.796,8.977,,0,nearest_robot=robot3
106.000,original,-,robot5,MIN_DISTANCE,OK,11.759,8.977,,0,nearest_robot=robot4
106.000,original,-,robot6,MIN_DISTANCE,OK,11.205,8.977,,0,nearest_robot=robot2
106.000,original,-,fleet,MIN_DISTANCE_AVG,OK,8.977,,,0,robots_sampled=6
107.000,original,-,robot1,MIN_DISTANCE,OK,12.030,8.609,,0,nearest_robot=robot6
107.000,original,-,robot2,MIN_DISTANCE,OK,10.846,8.609,,0,nearest_robot=robot6
107.000,original,-,robot3,MIN_DISTANCE,OK,3.274,8.609,,0,nearest_robot=robot4
107.000,original,-,robot4,MIN_DISTANCE,OK,3.274,8.609,,0,nearest_robot=robot3
107.000,original,-,robot5,MIN_DISTANCE,OK,11.387,8.609,,0,nearest_robot=robot4
107.000,original,-,robot6,MIN_DISTANCE,OK,10.846,8.609,,0,nearest_robot=robot2
107.000,original,-,fleet,MIN_DISTANCE_AVG,OK,8.609,,,0,robots_sampled=6
108.000,original,-,robot1,MIN_DISTANCE,OK,12.133,8.343,,0,nearest_robot=robot6
108.000,original,-,robot2,MIN_DISTANCE,OK,10.578,8.343,,0,nearest_robot=robot6
108.000,original,-,robot3,MIN_DISTANCE,OK,2.886,8.343,,0,nearest_robot=robot4
108.000,original,-,robot4,MIN_DISTANCE,OK,2.886,8.343,,0,nearest_robot=robot3
108.000,original,-,robot5,MIN_DISTANCE,OK,10.999,8.343,,0,nearest_robot=robot4
108.000,original,-,robot6,MIN_DISTANCE,OK,10.578,8.343,,0,nearest_robot=robot2
108.000,original,-,fleet,MIN_DISTANCE_AVG,OK,8.343,,,0,robots_sampled=6
109.000,original,-,robot1,MIN_DISTANCE,OK,12.372,8.151,,0,nearest_robot=robot6
109.000,original,-,robot2,MIN_DISTANCE,OK,10.424,8.151,,0,nearest_robot=robot6
109.000,original,-,robot3,MIN_DISTANCE,OK,2.513,8.151,,0,nearest_robot=robot4
109.000,original,-,robot4,MIN_DISTANCE,OK,2.513,8.151,,0,nearest_robot=robot3
109.000,original,-,robot5,MIN_DISTANCE,OK,10.662,8.151,,0,nearest_robot=robot4
109.000,original,-,robot6,MIN_DISTANCE,OK,10.424,8.151,,0,nearest_robot=robot2
109.000,original,-,fleet,MIN_DISTANCE_AVG,OK,8.151,,,0,robots_sampled=6
110.000,original,-,robot1,MIN_DISTANCE,OK,12.586,7.982,,0,nearest_robot=robot6
110.000,original,-,robot2,MIN_DISTANCE,OK,10.278,7.982,,0,nearest_robot=robot6
110.000,original,-,robot3,MIN_DISTANCE,OK,2.163,7.982,,0,nearest_robot=robot4
110.000,original,-,robot4,MIN_DISTANCE,OK,2.163,7.982,,0,nearest_robot=robot3
110.000,original,-,robot5,MIN_DISTANCE,OK,10.424,7.982,,0,nearest_robot=robot4
110.000,original,-,robot6,MIN_DISTANCE,OK,10.278,7.982,,0,nearest_robot=robot2
110.000,original,-,fleet,MIN_DISTANCE_AVG,OK,7.982,,,0,robots_sampled=6
111.000,original,-,robot1,MIN_DISTANCE,OK,12.858,7.866,,0,nearest_robot=robot6
111.000,original,-,robot2,MIN_DISTANCE,OK,10.181,7.866,,0,nearest_robot=robot6
111.000,original,-,robot3,MIN_DISTANCE,OK,1.861,7.866,,0,nearest_robot=robot4
111.000,original,-,robot4,MIN_DISTANCE,OK,1.861,7.866,,0,nearest_robot=robot3
111.000,original,-,robot5,MIN_DISTANCE,OK,10.254,7.866,,0,nearest_robot=robot4
111.000,original,-,robot6,MIN_DISTANCE,OK,10.181,7.866,,0,nearest_robot=robot2
111.000,original,-,fleet,MIN_DISTANCE_AVG,OK,7.866,,,0,robots_sampled=6
112.000,original,-,robot1,MIN_DISTANCE,OK,13.197,7.666,,0,nearest_robot=robot6
112.000,original,-,robot2,MIN_DISTANCE,OK,10.143,7.666,,0,nearest_robot=robot6
112.000,original,-,robot3,MIN_DISTANCE,OK,1.623,7.666,,0,nearest_robot=robot4
112.000,original,-,robot4,MIN_DISTANCE,OK,1.623,7.666,,0,nearest_robot=robot3
112.000,original,-,robot5,MIN_DISTANCE,OK,9.706,7.666,,0,nearest_robot=robot6
112.000,original,-,robot6,MIN_DISTANCE,OK,9.706,7.666,,0,nearest_robot=robot5
112.000,original,-,fleet,MIN_DISTANCE_AVG,OK,7.666,,,0,robots_sampled=6
113.000,original,-,robot1,MIN_DISTANCE,OK,13.549,7.466,,0,nearest_robot=robot6
113.000,original,-,robot2,MIN_DISTANCE,OK,10.159,7.466,,0,nearest_robot=robot6
113.000,original,-,robot3,MIN_DISTANCE,OK,1.518,7.466,,0,nearest_robot=robot4
113.000,original,-,robot4,MIN_DISTANCE,OK,1.518,7.466,,0,nearest_robot=robot3
113.000,original,-,robot5,MIN_DISTANCE,OK,9.026,7.466,,0,nearest_robot=robot6
113.000,original,-,robot6,MIN_DISTANCE,OK,9.026,7.466,,0,nearest_robot=robot5
113.000,original,-,fleet,MIN_DISTANCE_AVG,OK,7.466,,,0,robots_sampled=6
114.000,original,-,robot1,MIN_DISTANCE,OK,13.981,7.265,,0,nearest_robot=robot6
114.000,original,-,robot2,MIN_DISTANCE,OK,10.202,7.265,,0,nearest_robot=robot6
114.000,original,-,robot3,MIN_DISTANCE,OK,1.341,7.265,,0,nearest_robot=robot4
114.000,original,-,robot4,MIN_DISTANCE,OK,1.341,7.265,,0,nearest_robot=robot3
114.000,original,-,robot5,MIN_DISTANCE,OK,8.361,7.265,,0,nearest_robot=robot6
114.000,original,-,robot6,MIN_DISTANCE,OK,8.361,7.265,,0,nearest_robot=robot5
114.000,original,-,fleet,MIN_DISTANCE_AVG,OK,7.265,,,0,robots_sampled=6
115.000,original,-,robot1,MIN_DISTANCE,OK,14.685,7.124,,0,nearest_robot=robot6
115.000,original,-,robot2,MIN_DISTANCE,OK,10.266,7.124,,0,nearest_robot=robot6
115.000,original,-,robot3,MIN_DISTANCE,OK,1.234,7.124,,0,nearest_robot=robot4
115.000,original,-,robot4,MIN_DISTANCE,OK,1.234,7.124,,0,nearest_robot=robot3
115.000,original,-,robot5,MIN_DISTANCE,OK,7.663,7.124,,0,nearest_robot=robot6
115.000,original,-,robot6,MIN_DISTANCE,OK,7.663,7.124,,0,nearest_robot=robot5
115.000,original,-,fleet,MIN_DISTANCE_AVG,OK,7.124,,,0,robots_sampled=6
116.000,original,-,robot1,MIN_DISTANCE,OK,15.137,6.920,,0,nearest_robot=robot2
116.000,original,-,robot2,MIN_DISTANCE,OK,10.356,6.920,,0,nearest_robot=robot6
116.000,original,-,robot3,MIN_DISTANCE,OK,1.136,6.920,,0,nearest_robot=robot4
116.000,original,-,robot4,MIN_DISTANCE,OK,1.136,6.920,,0,nearest_robot=robot3
116.000,original,-,robot5,MIN_DISTANCE,OK,6.877,6.920,,0,nearest_robot=robot6
116.000,original,-,robot6,MIN_DISTANCE,OK,6.877,6.920,,0,nearest_robot=robot5
116.000,original,-,fleet,MIN_DISTANCE_AVG,OK,6.920,,,0,robots_sampled=6
117.000,original,-,robot1,MIN_DISTANCE,OK,15.475,6.723,,0,nearest_robot=robot2
117.000,original,-,robot2,MIN_DISTANCE,OK,10.438,6.723,,0,nearest_robot=robot6
117.000,original,-,robot3,MIN_DISTANCE,OK,1.064,6.723,,0,nearest_robot=robot4
117.000,original,-,robot4,MIN_DISTANCE,OK,1.064,6.723,,0,nearest_robot=robot3
117.000,original,-,robot5,MIN_DISTANCE,OK,6.149,6.723,,0,nearest_robot=robot6
117.000,original,-,robot6,MIN_DISTANCE,OK,6.149,6.723,,0,nearest_robot=robot5
117.000,original,-,fleet,MIN_DISTANCE_AVG,OK,6.723,,,0,robots_sampled=6
118.000,original,-,robot1,MIN_DISTANCE,OK,15.782,6.512,,0,nearest_robot=robot2
118.000,original,-,robot2,MIN_DISTANCE,OK,10.544,6.512,,0,nearest_robot=robot6
118.000,original,-,robot3,MIN_DISTANCE,OK,0.963,6.512,,0,nearest_robot=robot4
118.000,original,-,robot4,MIN_DISTANCE,OK,0.963,6.512,,0,nearest_robot=robot3
118.000,original,-,robot5,MIN_DISTANCE,OK,5.409,6.512,,0,nearest_robot=robot6
118.000,original,-,robot6,MIN_DISTANCE,OK,5.409,6.512,,0,nearest_robot=robot5
118.000,original,-,fleet,MIN_DISTANCE_AVG,OK,6.512,,,0,robots_sampled=6
119.000,original,-,robot1,MIN_DISTANCE,OK,16.066,6.290,,0,nearest_robot=robot2
119.000,original,-,robot2,MIN_DISTANCE,OK,10.670,6.290,,0,nearest_robot=robot6
119.000,original,-,robot3,MIN_DISTANCE,OK,0.847,6.290,,0,nearest_robot=robot4
119.000,original,-,robot4,MIN_DISTANCE,OK,0.847,6.290,,0,nearest_robot=robot3
119.000,original,-,robot5,MIN_DISTANCE,OK,4.655,6.290,,0,nearest_robot=robot6
119.000,original,-,robot6,MIN_DISTANCE,OK,4.655,6.290,,0,nearest_robot=robot5
119.000,original,-,fleet,MIN_DISTANCE_AVG,OK,6.290,,,0,robots_sampled=6
120.000,original,-,robot1,MIN_DISTANCE,OK,16.320,6.106,,0,nearest_robot=robot2
120.000,original,-,robot2,MIN_DISTANCE,OK,10.810,6.106,,0,nearest_robot=robot6
120.000,original,-,robot3,MIN_DISTANCE,OK,0.776,6.106,,0,nearest_robot=robot4
120.000,original,-,robot4,MIN_DISTANCE,OK,0.776,6.106,,0,nearest_robot=robot3
120.000,original,-,robot5,MIN_DISTANCE,OK,3.977,6.106,,0,nearest_robot=robot6
120.000,original,-,robot6,MIN_DISTANCE,OK,3.977,6.106,,0,nearest_robot=robot5
120.000,original,-,fleet,MIN_DISTANCE_AVG,OK,6.106,,,0,robots_sampled=6
121.000,original,-,robot1,MIN_DISTANCE,OK,16.572,5.937,,0,nearest_robot=robot2
121.000,original,-,robot2,MIN_DISTANCE,OK,10.948,5.937,,0,nearest_robot=robot6
121.000,original,-,robot3,MIN_DISTANCE,OK,0.712,5.937,,0,nearest_robot=robot4
121.000,original,-,robot4,MIN_DISTANCE,OK,0.712,5.937,,0,nearest_robot=robot3
121.000,original,-,robot5,MIN_DISTANCE,OK,3.338,5.937,,0,nearest_robot=robot6
121.000,original,-,robot6,MIN_DISTANCE,OK,3.338,5.937,,0,nearest_robot=robot5
121.000,original,-,fleet,MIN_DISTANCE_AVG,OK,5.937,,,0,robots_sampled=6
122.000,original,-,robot1,MIN_DISTANCE,OK,16.800,5.691,,0,nearest_robot=robot2
122.000,original,-,robot2,MIN_DISTANCE,OK,10.601,5.691,,0,nearest_robot=robot3
122.000,original,-,robot3,MIN_DISTANCE,OK,0.571,5.691,,0,nearest_robot=robot4
122.000,original,-,robot4,MIN_DISTANCE,OK,0.571,5.691,,0,nearest_robot=robot3
122.000,original,-,robot5,MIN_DISTANCE,OK,2.802,5.691,,0,nearest_robot=robot6
122.000,original,-,robot6,MIN_DISTANCE,OK,2.802,5.691,,0,nearest_robot=robot5
122.000,original,-,fleet,MIN_DISTANCE_AVG,OK,5.691,,,0,robots_sampled=6
123.000,original,-,robot1,MIN_DISTANCE,OK,16.994,5.486,,0,nearest_robot=robot2
123.000,original,-,robot2,MIN_DISTANCE,OK,10.197,5.486,,0,nearest_robot=robot3
123.000,original,-,robot3,MIN_DISTANCE,OK,0.423,5.486,,0,nearest_robot=robot4
123.000,original,-,robot4,MIN_DISTANCE,OK,0.423,5.486,,0,nearest_robot=robot3
123.000,original,-,robot5,MIN_DISTANCE,OK,2.438,5.486,,0,nearest_robot=robot6
123.000,original,-,robot6,MIN_DISTANCE,OK,2.438,5.486,,0,nearest_robot=robot5
123.000,original,-,fleet,MIN_DISTANCE_AVG,OK,5.486,,,0,robots_sampled=6
124.000,original,-,robot1,MIN_DISTANCE,OK,17.051,5.271,,0,nearest_robot=robot2
124.000,original,-,robot2,MIN_DISTANCE,OK,9.789,5.271,,0,nearest_robot=robot3
124.000,original,-,robot3,MIN_DISTANCE,OK,0.282,5.271,,0,nearest_robot=robot4
124.000,original,-,robot4,MIN_DISTANCE,OK,0.282,5.271,,0,nearest_robot=robot3
124.000,original,-,robot5,MIN_DISTANCE,OK,2.112,5.271,,0,nearest_robot=robot6
124.000,original,-,robot6,MIN_DISTANCE,OK,2.112,5.271,,0,nearest_robot=robot5
124.000,original,-,fleet,MIN_DISTANCE_AVG,OK,5.271,,,0,robots_sampled=6
124.950,original,-,fleet,CHOMP_TIME_FULL,OK,,26.698,,0,iterations=100;iterations_executed=100;source=algorithm;round_trip=26.717683
125.000,original,-,robot1,MIN_DISTANCE,OK,17.163,5.105,,0,nearest_robot=robot2
125.000,original,-,robot2,MIN_DISTANCE,OK,9.530,5.105,,0,nearest_robot=robot3
125.000,original,-,robot3,MIN_DISTANCE,OK,0.212,5.105,,0,nearest_robot=robot4
125.000,original,-,robot4,MIN_DISTANCE,OK,0.212,5.105,,0,nearest_robot=robot3
125.000,original,-,robot5,MIN_DISTANCE,OK,1.758,5.105,,0,nearest_robot=robot6
125.000,original,-,robot6,MIN_DISTANCE,OK,1.758,5.105,,0,nearest_robot=robot5
125.000,original,-,fleet,MIN_DISTANCE_AVG,OK,5.105,,,0,robots_sampled=6
126.000,original,-,robot1,MIN_DISTANCE,OK,17.239,5.005,,0,nearest_robot=robot2
126.000,original,-,robot2,MIN_DISTANCE,OK,9.398,5.005,,0,nearest_robot=robot3
126.000,original,-,robot3,MIN_DISTANCE,OK,0.182,5.005,,0,nearest_robot=robot4
126.000,original,-,robot4,MIN_DISTANCE,OK,0.182,5.005,,0,nearest_robot=robot3
126.000,original,-,robot5,MIN_DISTANCE,OK,1.513,5.005,,0,nearest_robot=robot6
126.000,original,-,robot6,MIN_DISTANCE,OK,1.513,5.005,,0,nearest_robot=robot5
126.000,original,-,fleet,MIN_DISTANCE_AVG,OK,5.005,,,0,robots_sampled=6
127.000,original,-,robot1,MIN_DISTANCE,OK,17.343,4.999,,0,nearest_robot=robot2
127.000,original,-,robot2,MIN_DISTANCE,OK,9.497,4.999,,0,nearest_robot=robot3
127.000,original,-,robot3,MIN_DISTANCE,OK,0.203,4.999,,0,nearest_robot=robot4
127.000,original,-,robot4,MIN_DISTANCE,OK,0.203,4.999,,0,nearest_robot=robot3
127.000,original,-,robot5,MIN_DISTANCE,OK,1.373,4.999,,0,nearest_robot=robot6
127.000,original,-,robot6,MIN_DISTANCE,OK,1.373,4.999,,0,nearest_robot=robot5
127.000,original,-,fleet,MIN_DISTANCE_AVG,OK,4.999,,,0,robots_sampled=6
128.000,original,-,fleet,REPLAN_FULL,OK,,,robot1|robot2|robot3|robot4|robot5|robot6,0,original_full_optimization
128.000,original,-,robot1,MIN_DISTANCE,OK,17.099,4.946,,0,nearest_robot=robot2
128.000,original,-,robot2,MIN_DISTANCE,OK,9.884,4.946,,0,nearest_robot=robot3
128.000,original,-,robot3,MIN_DISTANCE,OK,0.210,4.946,,0,nearest_robot=robot4
128.000,original,-,robot4,MIN_DISTANCE,OK,0.210,4.946,,0,nearest_robot=robot3
128.000,original,-,robot5,MIN_DISTANCE,OK,1.137,4.946,,0,nearest_robot=robot6
128.000,original,-,robot6,MIN_DISTANCE,OK,1.137,4.946,,0,nearest_robot=robot5
128.000,original,-,fleet,MIN_DISTANCE_AVG,OK,4.946,,,0,robots_sampled=6
129.000,original,-,robot1,MIN_DISTANCE,OK,16.885,4.974,,0,nearest_robot=robot2
129.000,original,-,robot2,MIN_DISTANCE,OK,10.270,4.974,,0,nearest_robot=robot3
129.000,original,-,robot3,MIN_DISTANCE,OK,0.228,4.974,,0,nearest_robot=robot4
129.000,original,-,robot4,MIN_DISTANCE,OK,0.228,4.974,,0,nearest_robot=robot3
129.000,original,-,robot5,MIN_DISTANCE,OK,1.116,4.974,,0,nearest_robot=robot6
129.000,original,-,robot6,MIN_DISTANCE,OK,1.116,4.974,,0,nearest_robot=robot5
129.000,original,-,fleet,MIN_DISTANCE_AVG,OK,4.974,,,0,robots_sampled=6
130.000,original,-,robot1,MIN_DISTANCE,OK,16.737,5.037,,0,nearest_robot=robot2
130.000,original,-,robot2,MIN_DISTANCE,OK,10.635,5.037,,0,nearest_robot=robot3
130.000,original,-,robot3,MIN_DISTANCE,OK,0.261,5.037,,0,nearest_robot=robot4
130.000,original,-,robot4,MIN_DISTANCE,OK,0.261,5.037,,0,nearest_robot=robot3
130.000,original,-,robot5,MIN_DISTANCE,OK,1.163,5.037,,0,nearest_robot=robot6
130.000,original,-,robot6,MIN_DISTANCE,OK,1.163,5.037,,0,nearest_robot=robot5
130.000,original,-,fleet,MIN_DISTANCE_AVG,OK,5.037,,,0,robots_sampled=6
131.000,original,-,robot1,MIN_DISTANCE,OK,16.585,5.143,,0,nearest_robot=robot2
131.000,original,-,robot2,MIN_DISTANCE,OK,10.899,5.143,,0,nearest_robot=robot3
131.000,original,-,robot3,MIN_DISTANCE,OK,0.470,5.143,,0,nearest_robot=robot4
131.000,original,-,robot4,MIN_DISTANCE,OK,0.470,5.143,,0,nearest_robot=robot3
131.000,original,-,robot5,MIN_DISTANCE,OK,1.218,5.143,,0,nearest_robot=robot6
131.000,original,-,robot6,MIN_DISTANCE,OK,1.218,5.143,,0,nearest_robot=robot5
131.000,original,-,fleet,MIN_DISTANCE_AVG,OK,5.143,,,0,robots_sampled=6
132.000,original,-,robot1,MIN_DISTANCE,OK,16.425,5.264,,0,nearest_robot=robot2
132.000,original,-,robot2,MIN_DISTANCE,OK,10.889,5.264,,0,nearest_robot=robot3
132.000,original,-,robot3,MIN_DISTANCE,OK,0.871,5.264,,0,nearest_robot=robot4
132.000,original,-,robot4,MIN_DISTANCE,OK,0.871,5.264,,0,nearest_robot=robot3
132.000,original,-,robot5,MIN_DISTANCE,OK,1.263,5.264,,0,nearest_robot=robot6
132.000,original,-,robot6,MIN_DISTANCE,OK,1.263,5.264,,0,nearest_robot=robot5
132.000,original,-,fleet,MIN_DISTANCE_AVG,OK,5.264,,,0,robots_sampled=6
133.000,original,-,robot1,MIN_DISTANCE,OK,16.224,5.380,,0,nearest_robot=robot2
133.000,original,-,robot2,MIN_DISTANCE,OK,10.881,5.380,,0,nearest_robot=robot3
133.000,original,-,robot3,MIN_DISTANCE,OK,1.294,5.380,,0,nearest_robot=robot4
133.000,original,-,robot4,MIN_DISTANCE,OK,1.294,5.380,,0,nearest_robot=robot3
133.000,original,-,robot5,MIN_DISTANCE,OK,1.294,5.380,,0,nearest_robot=robot6
133.000,original,-,robot6,MIN_DISTANCE,OK,1.294,5.380,,0,nearest_robot=robot5
133.000,original,-,fleet,MIN_DISTANCE_AVG,OK,5.380,,,0,robots_sampled=6
134.000,original,-,robot1,MIN_DISTANCE,OK,16.187,5.479,,0,nearest_robot=robot2
134.000,original,-,robot2,MIN_DISTANCE,OK,10.689,5.479,,0,nearest_robot=robot3
134.000,original,-,robot3,MIN_DISTANCE,OK,1.680,5.479,,0,nearest_robot=robot4
134.000,original,-,robot4,MIN_DISTANCE,OK,1.680,5.479,,0,nearest_robot=robot3
134.000,original,-,robot5,MIN_DISTANCE,OK,1.319,5.479,,0,nearest_robot=robot6
134.000,original,-,robot6,MIN_DISTANCE,OK,1.319,5.479,,0,nearest_robot=robot5
134.000,original,-,fleet,MIN_DISTANCE_AVG,OK,5.479,,,0,robots_sampled=6
135.000,original,-,robot1,MIN_DISTANCE,OK,16.180,5.556,,0,nearest_robot=robot2
135.000,original,-,robot2,MIN_DISTANCE,OK,10.253,5.556,,0,nearest_robot=robot3
135.000,original,-,robot3,MIN_DISTANCE,OK,2.107,5.556,,0,nearest_robot=robot4
135.000,original,-,robot4,MIN_DISTANCE,OK,2.107,5.556,,0,nearest_robot=robot3
135.000,original,-,robot5,MIN_DISTANCE,OK,1.345,5.556,,0,nearest_robot=robot6
135.000,original,-,robot6,MIN_DISTANCE,OK,1.345,5.556,,0,nearest_robot=robot5
135.000,original,-,fleet,MIN_DISTANCE_AVG,OK,5.556,,,0,robots_sampled=6
136.000,original,-,robot1,MIN_DISTANCE,OK,16.177,5.617,,0,nearest_robot=robot2
136.000,original,-,robot2,MIN_DISTANCE,OK,9.869,5.617,,0,nearest_robot=robot3
136.000,original,-,robot3,MIN_DISTANCE,OK,2.476,5.617,,0,nearest_robot=robot4
136.000,original,-,robot4,MIN_DISTANCE,OK,2.476,5.617,,0,nearest_robot=robot3
136.000,original,-,robot5,MIN_DISTANCE,OK,1.352,5.617,,0,nearest_robot=robot6
136.000,original,-,robot6,MIN_DISTANCE,OK,1.352,5.617,,0,nearest_robot=robot5
136.000,original,-,fleet,MIN_DISTANCE_AVG,OK,5.617,,,0,robots_sampled=6
137.000,original,-,robot1,MIN_DISTANCE,OK,16.177,5.664,,0,nearest_robot=robot2
137.000,original,-,robot2,MIN_DISTANCE,OK,9.519,5.664,,0,nearest_robot=robot3
137.000,original,-,robot3,MIN_DISTANCE,OK,2.819,5.664,,0,nearest_robot=robot4
137.000,original,-,robot4,MIN_DISTANCE,OK,2.819,5.664,,0,nearest_robot=robot3
137.000,original,-,robot5,MIN_DISTANCE,OK,1.326,5.664,,0,nearest_robot=robot6
137.000,original,-,robot6,MIN_DISTANCE,OK,1.326,5.664,,0,nearest_robot=robot5
137.000,original,-,fleet,MIN_DISTANCE_AVG,OK,5.664,,,0,robots_sampled=6
138.000,original,-,robot1,MIN_DISTANCE,OK,16.177,5.698,,0,nearest_robot=robot2
138.000,original,-,robot2,MIN_DISTANCE,OK,9.216,5.698,,0,nearest_robot=robot3
138.000,original,-,robot3,MIN_DISTANCE,OK,3.121,5.698,,0,nearest_robot=robot4
138.000,original,-,robot4,MIN_DISTANCE,OK,3.121,5.698,,0,nearest_robot=robot3
138.000,original,-,robot5,MIN_DISTANCE,OK,1.277,5.698,,0,nearest_robot=robot6
138.000,original,-,robot6,MIN_DISTANCE,OK,1.277,5.698,,0,nearest_robot=robot5
138.000,original,-,fleet,MIN_DISTANCE_AVG,OK,5.698,,,0,robots_sampled=6
139.000,original,-,robot1,MIN_DISTANCE,OK,16.177,5.757,,0,nearest_robot=robot2
139.000,original,-,robot2,MIN_DISTANCE,OK,8.857,5.757,,0,nearest_robot=robot3
139.000,original,-,robot3,MIN_DISTANCE,OK,3.481,5.757,,0,nearest_robot=robot4
139.000,original,-,robot4,MIN_DISTANCE,OK,3.481,5.757,,0,nearest_robot=robot3
139.000,original,-,robot5,MIN_DISTANCE,OK,1.273,5.757,,0,nearest_robot=robot6
139.000,original,-,robot6,MIN_DISTANCE,OK,1.273,5.757,,0,nearest_robot=robot5
139.000,original,-,fleet,MIN_DISTANCE_AVG,OK,5.757,,,0,robots_sampled=6
140.000,original,-,robot1,MIN_DISTANCE,OK,16.177,5.824,,0,nearest_robot=robot2
140.000,original,-,robot2,MIN_DISTANCE,OK,8.440,5.824,,0,nearest_robot=robot3
140.000,original,-,robot3,MIN_DISTANCE,OK,3.898,5.824,,0,nearest_robot=robot4
140.000,original,-,robot4,MIN_DISTANCE,OK,3.898,5.824,,0,nearest_robot=robot3
140.000,original,-,robot5,MIN_DISTANCE,OK,1.265,5.824,,0,nearest_robot=robot6
140.000,original,-,robot6,MIN_DISTANCE,OK,1.265,5.824,,0,nearest_robot=robot5
140.000,original,-,fleet,MIN_DISTANCE_AVG,OK,5.824,,,0,robots_sampled=6
141.000,original,-,robot1,MIN_DISTANCE,OK,16.177,5.892,,0,nearest_robot=robot2
141.000,original,-,robot2,MIN_DISTANCE,OK,8.027,5.892,,0,nearest_robot=robot3
141.000,original,-,robot3,MIN_DISTANCE,OK,4.311,5.892,,0,nearest_robot=robot4
141.000,original,-,robot4,MIN_DISTANCE,OK,4.311,5.892,,0,nearest_robot=robot3
141.000,original,-,robot5,MIN_DISTANCE,OK,1.263,5.892,,0,nearest_robot=robot6
141.000,original,-,robot6,MIN_DISTANCE,OK,1.263,5.892,,0,nearest_robot=robot5
141.000,original,-,fleet,MIN_DISTANCE_AVG,OK,5.892,,,0,robots_sampled=6
142.000,original,-,robot1,MIN_DISTANCE,OK,16.177,5.976,,0,nearest_robot=robot2
142.000,original,-,robot2,MIN_DISTANCE,OK,7.522,5.976,,0,nearest_robot=robot3
142.000,original,-,robot3,MIN_DISTANCE,OK,4.815,5.976,,0,nearest_robot=robot4
142.000,original,-,robot4,MIN_DISTANCE,OK,4.815,5.976,,0,nearest_robot=robot3
142.000,original,-,robot5,MIN_DISTANCE,OK,1.262,5.976,,0,nearest_robot=robot6
142.000,original,-,robot6,MIN_DISTANCE,OK,1.262,5.976,,0,nearest_robot=robot5
142.000,original,-,fleet,MIN_DISTANCE_AVG,OK,5.976,,,0,robots_sampled=6
143.000,original,-,robot1,MIN_DISTANCE,OK,16.177,6.046,,0,nearest_robot=robot2
143.000,original,-,robot2,MIN_DISTANCE,OK,7.100,6.046,,0,nearest_robot=robot3
143.000,original,-,robot3,MIN_DISTANCE,OK,5.238,6.046,,0,nearest_robot=robot4
143.000,original,-,robot4,MIN_DISTANCE,OK,5.238,6.046,,0,nearest_robot=robot3
143.000,original,-,robot5,MIN_DISTANCE,OK,1.263,6.046,,0,nearest_robot=robot6
143.000,original,-,robot6,MIN_DISTANCE,OK,1.263,6.046,,0,nearest_robot=robot5
143.000,original,-,fleet,MIN_DISTANCE_AVG,OK,6.046,,,0,robots_sampled=6
144.000,original,-,robot1,MIN_DISTANCE,OK,16.177,6.115,,0,nearest_robot=robot2
144.000,original,-,robot2,MIN_DISTANCE,OK,6.692,6.115,,0,nearest_robot=robot3
144.000,original,-,robot3,MIN_DISTANCE,OK,5.645,6.115,,0,nearest_robot=robot4
144.000,original,-,robot4,MIN_DISTANCE,OK,5.645,6.115,,0,nearest_robot=robot3
144.000,original,-,robot5,MIN_DISTANCE,OK,1.264,6.115,,0,nearest_robot=robot6
144.000,original,-,robot6,MIN_DISTANCE,OK,1.264,6.115,,0,nearest_robot=robot5
144.000,original,-,fleet,MIN_DISTANCE_AVG,OK,6.115,,,0,robots_sampled=6
145.000,original,-,robot1,MIN_DISTANCE,OK,16.177,6.189,,0,nearest_robot=robot2
145.000,original,-,robot2,MIN_DISTANCE,OK,6.251,6.189,,0,nearest_robot=robot3
145.000,original,-,robot3,MIN_DISTANCE,OK,6.087,6.189,,0,nearest_robot=robot4
145.000,original,-,robot4,MIN_DISTANCE,OK,6.087,6.189,,0,nearest_robot=robot3
145.000,original,-,robot5,MIN_DISTANCE,OK,1.265,6.189,,0,nearest_robot=robot6
145.000,original,-,robot6,MIN_DISTANCE,OK,1.265,6.189,,0,nearest_robot=robot5
145.000,original,-,fleet,MIN_DISTANCE_AVG,OK,6.189,,,0,robots_sampled=6
146.000,original,-,robot1,MIN_DISTANCE,OK,16.177,6.138,,0,nearest_robot=robot2
146.000,original,-,robot2,MIN_DISTANCE,OK,5.780,6.138,,0,nearest_robot=robot3
146.000,original,-,robot3,MIN_DISTANCE,OK,5.780,6.138,,0,nearest_robot=robot2
146.000,original,-,robot4,MIN_DISTANCE,OK,6.557,6.138,,0,nearest_robot=robot3
146.000,original,-,robot5,MIN_DISTANCE,OK,1.265,6.138,,0,nearest_robot=robot6
146.000,original,-,robot6,MIN_DISTANCE,OK,1.265,6.138,,0,nearest_robot=robot5
146.000,original,-,fleet,MIN_DISTANCE_AVG,OK,6.138,,,0,robots_sampled=6
147.000,original,-,robot1,MIN_DISTANCE,OK,16.177,6.066,,0,nearest_robot=robot2
147.000,original,-,robot2,MIN_DISTANCE,OK,5.352,6.066,,0,nearest_robot=robot3
147.000,original,-,robot3,MIN_DISTANCE,OK,5.352,6.066,,0,nearest_robot=robot2
147.000,original,-,robot4,MIN_DISTANCE,OK,6.986,6.066,,0,nearest_robot=robot3
147.000,original,-,robot5,MIN_DISTANCE,OK,1.265,6.066,,0,nearest_robot=robot6
147.000,original,-,robot6,MIN_DISTANCE,OK,1.265,6.066,,0,nearest_robot=robot5
147.000,original,-,fleet,MIN_DISTANCE_AVG,OK,6.066,,,0,robots_sampled=6
148.000,original,-,robot1,MIN_DISTANCE,OK,16.177,5.994,,0,nearest_robot=robot2
148.000,original,-,robot2,MIN_DISTANCE,OK,4.918,5.994,,0,nearest_robot=robot3
148.000,original,-,robot3,MIN_DISTANCE,OK,4.918,5.994,,0,nearest_robot=robot2
148.000,original,-,robot4,MIN_DISTANCE,OK,7.419,5.994,,0,nearest_robot=robot3
148.000,original,-,robot5,MIN_DISTANCE,OK,1.265,5.994,,0,nearest_robot=robot6
148.000,original,-,robot6,MIN_DISTANCE,OK,1.265,5.994,,0,nearest_robot=robot5
148.000,original,-,fleet,MIN_DISTANCE_AVG,OK,5.994,,,0,robots_sampled=6
149.000,original,-,robot1,MIN_DISTANCE,OK,16.177,5.928,,0,nearest_robot=robot2
149.000,original,-,robot2,MIN_DISTANCE,OK,4.525,5.928,,0,nearest_robot=robot3
149.000,original,-,robot3,MIN_DISTANCE,OK,4.525,5.928,,0,nearest_robot=robot2
149.000,original,-,robot4,MIN_DISTANCE,OK,7.813,5.928,,0,nearest_robot=robot3
149.000,original,-,robot5,MIN_DISTANCE,OK,1.265,5.928,,0,nearest_robot=robot6
149.000,original,-,robot6,MIN_DISTANCE,OK,1.265,5.928,,0,nearest_robot=robot5
149.000,original,-,fleet,MIN_DISTANCE_AVG,OK,5.928,,,0,robots_sampled=6
150.000,original,-,robot1,MIN_DISTANCE,OK,16.193,5.877,,0,nearest_robot=robot2
150.000,original,-,robot2,MIN_DISTANCE,OK,4.202,5.877,,0,nearest_robot=robot3
150.000,original,-,robot3,MIN_DISTANCE,OK,4.202,5.877,,0,nearest_robot=robot2
150.000,original,-,robot4,MIN_DISTANCE,OK,8.135,5.877,,0,nearest_robot=robot3
150.000,original,-,robot5,MIN_DISTANCE,OK,1.265,5.877,,0,nearest_robot=robot6
150.000,original,-,robot6,MIN_DISTANCE,OK,1.265,5.877,,0,nearest_robot=robot5
150.000,original,-,fleet,MIN_DISTANCE_AVG,OK,5.877,,,0,robots_sampled=6
151.000,original,-,robot1,MIN_DISTANCE,OK,16.193,5.849,,0,nearest_robot=robot2
151.000,original,-,robot2,MIN_DISTANCE,OK,4.035,5.849,,0,nearest_robot=robot3
151.000,original,-,robot3,MIN_DISTANCE,OK,4.035,5.849,,0,nearest_robot=robot2
151.000,original,-,robot4,MIN_DISTANCE,OK,8.301,5.849,,0,nearest_robot=robot3
151.000,original,-,robot5,MIN_DISTANCE,OK,1.265,5.849,,0,nearest_robot=robot6
151.000,original,-,robot6,MIN_DISTANCE,OK,1.265,5.849,,0,nearest_robot=robot5
151.000,original,-,fleet,MIN_DISTANCE_AVG,OK,5.849,,,0,robots_sampled=6
152.000,original,-,robot1,MIN_DISTANCE,OK,16.193,5.833,,0,nearest_robot=robot2
152.000,original,-,robot2,MIN_DISTANCE,OK,3.937,5.833,,0,nearest_robot=robot3
152.000,original,-,robot3,MIN_DISTANCE,OK,3.937,5.833,,0,nearest_robot=robot2
152.000,original,-,robot4,MIN_DISTANCE,OK,8.399,5.833,,0,nearest_robot=robot3
152.000,original,-,robot5,MIN_DISTANCE,OK,1.265,5.833,,0,nearest_robot=robot6
152.000,original,-,robot6,MIN_DISTANCE,OK,1.265,5.833,,0,nearest_robot=robot5
152.000,original,-,fleet,MIN_DISTANCE_AVG,OK,5.833,,,0,robots_sampled=6
152.930,original,-,fleet,CHOMP_TIME_FULL,OK,,26.090,,0,iterations=100;iterations_executed=100;source=algorithm;round_trip=26.112899
153.000,original,-,robot1,MIN_DISTANCE,OK,16.193,5.830,,0,nearest_robot=robot2
153.000,original,-,robot2,MIN_DISTANCE,OK,3.922,5.830,,0,nearest_robot=robot3
153.000,original,-,robot3,MIN_DISTANCE,OK,3.922,5.830,,0,nearest_robot=robot2
153.000,original,-,robot4,MIN_DISTANCE,OK,8.414,5.830,,0,nearest_robot=robot3
153.000,original,-,robot5,MIN_DISTANCE,OK,1.265,5.830,,0,nearest_robot=robot6
153.000,original,-,robot6,MIN_DISTANCE,OK,1.265,5.830,,0,nearest_robot=robot5
153.000,original,-,fleet,MIN_DISTANCE_AVG,OK,5.830,,,0,robots_sampled=6
154.000,original,-,fleet,REPLAN_FULL,OK,,,robot1|robot2|robot3|robot4|robot5|robot6,0,original_full_optimization
154.000,original,-,robot1,MIN_DISTANCE,OK,16.193,5.789,,0,nearest_robot=robot2
154.000,original,-,robot2,MIN_DISTANCE,OK,3.894,5.789,,0,nearest_robot=robot3
154.000,original,-,robot3,MIN_DISTANCE,OK,3.894,5.789,,0,nearest_robot=robot2
154.000,original,-,robot4,MIN_DISTANCE,OK,8.221,5.789,,0,nearest_robot=robot3
154.000,original,-,robot5,MIN_DISTANCE,OK,1.265,5.789,,0,nearest_robot=robot6
154.000,original,-,robot6,MIN_DISTANCE,OK,1.265,5.789,,0,nearest_robot=robot5
154.000,original,-,fleet,MIN_DISTANCE_AVG,OK,5.789,,,0,robots_sampled=6
155.000,original,-,robot1,MIN_DISTANCE,OK,16.193,5.737,,0,nearest_robot=robot2
155.000,original,-,robot2,MIN_DISTANCE,OK,3.968,5.737,,0,nearest_robot=robot3
155.000,original,-,robot3,MIN_DISTANCE,OK,3.968,5.737,,0,nearest_robot=robot2
155.000,original,-,robot4,MIN_DISTANCE,OK,7.763,5.737,,0,nearest_robot=robot3
155.000,original,-,robot5,MIN_DISTANCE,OK,1.265,5.737,,0,nearest_robot=robot6
155.000,original,-,robot6,MIN_DISTANCE,OK,1.265,5.737,,0,nearest_robot=robot5
155.000,original,-,fleet,MIN_DISTANCE_AVG,OK,5.737,,,0,robots_sampled=6
156.000,original,-,robot1,MIN_DISTANCE,OK,16.193,5.682,,0,nearest_robot=robot2
156.000,original,-,robot2,MIN_DISTANCE,OK,3.952,5.682,,0,nearest_robot=robot3
156.000,original,-,robot3,MIN_DISTANCE,OK,3.952,5.682,,0,nearest_robot=robot2
156.000,original,-,robot4,MIN_DISTANCE,OK,7.462,5.682,,0,nearest_robot=robot3
156.000,original,-,robot5,MIN_DISTANCE,OK,1.266,5.682,,0,nearest_robot=robot6
156.000,original,-,robot6,MIN_DISTANCE,OK,1.266,5.682,,0,nearest_robot=robot5
156.000,original,-,fleet,MIN_DISTANCE_AVG,OK,5.682,,,0,robots_sampled=6
157.000,original,-,robot1,MIN_DISTANCE,OK,16.193,5.634,,0,nearest_robot=robot2
157.000,original,-,robot2,MIN_DISTANCE,OK,3.951,5.634,,0,nearest_robot=robot3
157.000,original,-,robot3,MIN_DISTANCE,OK,3.951,5.634,,0,nearest_robot=robot2
157.000,original,-,robot4,MIN_DISTANCE,OK,7.175,5.634,,0,nearest_robot=robot3
157.000,original,-,robot5,MIN_DISTANCE,OK,1.266,5.634,,0,nearest_robot=robot6
157.000,original,-,robot6,MIN_DISTANCE,OK,1.266,5.634,,0,nearest_robot=robot5
157.000,original,-,fleet,MIN_DISTANCE_AVG,OK,5.634,,,0,robots_sampled=6
158.000,original,-,robot1,MIN_DISTANCE,OK,16.193,5.578,,0,nearest_robot=robot2
158.000,original,-,robot2,MIN_DISTANCE,OK,3.951,5.578,,0,nearest_robot=robot3
158.000,original,-,robot3,MIN_DISTANCE,OK,3.951,5.578,,0,nearest_robot=robot2
158.000,original,-,robot4,MIN_DISTANCE,OK,6.842,5.578,,0,nearest_robot=robot3
158.000,original,-,robot5,MIN_DISTANCE,OK,1.266,5.578,,0,nearest_robot=robot6
158.000,original,-,robot6,MIN_DISTANCE,OK,1.266,5.578,,0,nearest_robot=robot5
158.000,original,-,fleet,MIN_DISTANCE_AVG,OK,5.578,,,0,robots_sampled=6
159.000,original,-,robot1,MIN_DISTANCE,OK,16.193,5.517,,0,nearest_robot=robot2
159.000,original,-,robot2,MIN_DISTANCE,OK,3.951,5.517,,0,nearest_robot=robot3
159.000,original,-,robot3,MIN_DISTANCE,OK,3.951,5.517,,0,nearest_robot=robot2
159.000,original,-,robot4,MIN_DISTANCE,OK,6.478,5.517,,0,nearest_robot=robot3
159.000,original,-,robot5,MIN_DISTANCE,OK,1.266,5.517,,0,nearest_robot=robot6
159.000,original,-,robot6,MIN_DISTANCE,OK,1.266,5.517,,0,nearest_robot=robot5
159.000,original,-,fleet,MIN_DISTANCE_AVG,OK,5.517,,,0,robots_sampled=6
160.000,original,-,robot1,MIN_DISTANCE,OK,16.193,5.457,,0,nearest_robot=robot2
160.000,original,-,robot2,MIN_DISTANCE,OK,3.951,5.457,,0,nearest_robot=robot3
160.000,original,-,robot3,MIN_DISTANCE,OK,3.951,5.457,,0,nearest_robot=robot2
160.000,original,-,robot4,MIN_DISTANCE,OK,6.115,5.457,,0,nearest_robot=robot3
160.000,original,-,robot5,MIN_DISTANCE,OK,1.266,5.457,,0,nearest_robot=robot6
160.000,original,-,robot6,MIN_DISTANCE,OK,1.266,5.457,,0,nearest_robot=robot5
160.000,original,-,fleet,MIN_DISTANCE_AVG,OK,5.457,,,0,robots_sampled=6
161.000,original,-,robot1,MIN_DISTANCE,OK,16.193,5.409,,0,nearest_robot=robot2
161.000,original,-,robot2,MIN_DISTANCE,OK,3.951,5.409,,0,nearest_robot=robot3
161.000,original,-,robot3,MIN_DISTANCE,OK,3.951,5.409,,0,nearest_robot=robot2
161.000,original,-,robot4,MIN_DISTANCE,OK,5.829,5.409,,0,nearest_robot=robot3
161.000,original,-,robot5,MIN_DISTANCE,OK,1.266,5.409,,0,nearest_robot=robot6
161.000,original,-,robot6,MIN_DISTANCE,OK,1.266,5.409,,0,nearest_robot=robot5
161.000,original,-,fleet,MIN_DISTANCE_AVG,OK,5.409,,,0,robots_sampled=6
162.000,original,-,robot1,MIN_DISTANCE,OK,16.193,5.351,,0,nearest_robot=robot2
162.000,original,-,robot2,MIN_DISTANCE,OK,3.951,5.351,,0,nearest_robot=robot3
162.000,original,-,robot3,MIN_DISTANCE,OK,3.951,5.351,,0,nearest_robot=robot2
162.000,original,-,robot4,MIN_DISTANCE,OK,5.481,5.351,,0,nearest_robot=robot3
162.000,original,-,robot5,MIN_DISTANCE,OK,1.266,5.351,,0,nearest_robot=robot6
162.000,original,-,robot6,MIN_DISTANCE,OK,1.266,5.351,,0,nearest_robot=robot5
162.000,original,-,fleet,MIN_DISTANCE_AVG,OK,5.351,,,0,robots_sampled=6
163.000,original,-,robot1,MIN_DISTANCE,OK,16.193,5.284,,0,nearest_robot=robot2
163.000,original,-,robot2,MIN_DISTANCE,OK,3.951,5.284,,0,nearest_robot=robot3
163.000,original,-,robot3,MIN_DISTANCE,OK,3.951,5.284,,0,nearest_robot=robot2
163.000,original,-,robot4,MIN_DISTANCE,OK,5.080,5.284,,0,nearest_robot=robot3
163.000,original,-,robot5,MIN_DISTANCE,OK,1.266,5.284,,0,nearest_robot=robot6
163.000,original,-,robot6,MIN_DISTANCE,OK,1.266,5.284,,0,nearest_robot=robot5
163.000,original,-,fleet,MIN_DISTANCE_AVG,OK,5.284,,,0,robots_sampled=6
164.000,original,-,robot1,MIN_DISTANCE,OK,16.193,5.222,,0,nearest_robot=robot2
164.000,original,-,robot2,MIN_DISTANCE,OK,3.951,5.222,,0,nearest_robot=robot3
164.000,original,-,robot3,MIN_DISTANCE,OK,3.951,5.222,,0,nearest_robot=robot2
164.000,original,-,robot4,MIN_DISTANCE,OK,4.708,5.222,,0,nearest_robot=robot3
164.000,original,-,robot5,MIN_DISTANCE,OK,1.266,5.222,,0,nearest_robot=robot6
164.000,original,-,robot6,MIN_DISTANCE,OK,1.266,5.222,,0,nearest_robot=robot5
164.000,original,-,fleet,MIN_DISTANCE_AVG,OK,5.222,,,0,robots_sampled=6
165.000,original,-,robot1,MIN_DISTANCE,OK,16.193,5.162,,0,nearest_robot=robot2
165.000,original,-,robot2,MIN_DISTANCE,OK,3.951,5.162,,0,nearest_robot=robot3
165.000,original,-,robot3,MIN_DISTANCE,OK,3.951,5.162,,0,nearest_robot=robot2
165.000,original,-,robot4,MIN_DISTANCE,OK,4.344,5.162,,0,nearest_robot=robot3
165.000,original,-,robot5,MIN_DISTANCE,OK,1.266,5.162,,0,nearest_robot=robot6
165.000,original,-,robot6,MIN_DISTANCE,OK,1.266,5.162,,0,nearest_robot=robot5
165.000,original,-,fleet,MIN_DISTANCE_AVG,OK,5.162,,,0,robots_sampled=6
166.000,original,-,robot1,MIN_DISTANCE,OK,16.193,5.095,,0,nearest_robot=robot2
166.000,original,-,robot2,MIN_DISTANCE,OK,3.951,5.095,,0,nearest_robot=robot3
166.000,original,-,robot3,MIN_DISTANCE,OK,3.946,5.095,,0,nearest_robot=robot4
166.000,original,-,robot4,MIN_DISTANCE,OK,3.946,5.095,,0,nearest_robot=robot3
166.000,original,-,robot5,MIN_DISTANCE,OK,1.266,5.095,,0,nearest_robot=robot6
166.000,original,-,robot6,MIN_DISTANCE,OK,1.266,5.095,,0,nearest_robot=robot5
166.000,original,-,fleet,MIN_DISTANCE_AVG,OK,5.095,,,0,robots_sampled=6
167.000,original,-,robot1,MIN_DISTANCE,OK,16.193,4.947,,0,nearest_robot=robot2
167.000,original,-,robot2,MIN_DISTANCE,OK,3.951,4.947,,0,nearest_robot=robot3
167.000,original,-,robot3,MIN_DISTANCE,OK,3.504,4.947,,0,nearest_robot=robot4
167.000,original,-,robot4,MIN_DISTANCE,OK,3.504,4.947,,0,nearest_robot=robot3
167.000,original,-,robot5,MIN_DISTANCE,OK,1.266,4.947,,0,nearest_robot=robot6
167.000,original,-,robot6,MIN_DISTANCE,OK,1.266,4.947,,0,nearest_robot=robot5
167.000,original,-,fleet,MIN_DISTANCE_AVG,OK,4.947,,,0,robots_sampled=6
168.000,original,-,robot1,MIN_DISTANCE,OK,16.193,4.813,,0,nearest_robot=robot2
168.000,original,-,robot2,MIN_DISTANCE,OK,3.951,4.813,,0,nearest_robot=robot3
168.000,original,-,robot3,MIN_DISTANCE,OK,3.101,4.813,,0,nearest_robot=robot4
168.000,original,-,robot4,MIN_DISTANCE,OK,3.101,4.813,,0,nearest_robot=robot3
168.000,original,-,robot5,MIN_DISTANCE,OK,1.266,4.813,,0,nearest_robot=robot6
168.000,original,-,robot6,MIN_DISTANCE,OK,1.266,4.813,,0,nearest_robot=robot5
168.000,original,-,fleet,MIN_DISTANCE_AVG,OK,4.813,,,0,robots_sampled=6
169.000,original,-,robot1,MIN_DISTANCE,OK,16.193,4.691,,0,nearest_robot=robot2
169.000,original,-,robot2,MIN_DISTANCE,OK,3.951,4.691,,0,nearest_robot=robot3
169.000,original,-,robot3,MIN_DISTANCE,OK,2.736,4.691,,0,nearest_robot=robot4
169.000,original,-,robot4,MIN_DISTANCE,OK,2.736,4.691,,0,nearest_robot=robot3
169.000,original,-,robot5,MIN_DISTANCE,OK,1.266,4.691,,0,nearest_robot=robot6
169.000,original,-,robot6,MIN_DISTANCE,OK,1.266,4.691,,0,nearest_robot=robot5
169.000,original,-,fleet,MIN_DISTANCE_AVG,OK,4.691,,,0,robots_sampled=6
170.000,original,-,robot1,MIN_DISTANCE,OK,16.193,4.557,,0,nearest_robot=robot2
170.000,original,-,robot2,MIN_DISTANCE,OK,3.951,4.557,,0,nearest_robot=robot3
170.000,original,-,robot3,MIN_DISTANCE,OK,2.332,4.557,,0,nearest_robot=robot4
170.000,original,-,robot4,MIN_DISTANCE,OK,2.332,4.557,,0,nearest_robot=robot3
170.000,original,-,robot5,MIN_DISTANCE,OK,1.266,4.557,,0,nearest_robot=robot6
170.000,original,-,robot6,MIN_DISTANCE,OK,1.266,4.557,,0,nearest_robot=robot5
170.000,original,-,fleet,MIN_DISTANCE_AVG,OK,4.557,,,0,robots_sampled=6
171.000,original,-,robot1,MIN_DISTANCE,OK,16.193,4.433,,0,nearest_robot=robot2
171.000,original,-,robot2,MIN_DISTANCE,OK,3.951,4.433,,0,nearest_robot=robot3
171.000,original,-,robot3,MIN_DISTANCE,OK,1.960,4.433,,0,nearest_robot=robot4
171.000,original,-,robot4,MIN_DISTANCE,OK,1.960,4.433,,0,nearest_robot=robot3
171.000,original,-,robot5,MIN_DISTANCE,OK,1.266,4.433,,0,nearest_robot=robot6
171.000,original,-,robot6,MIN_DISTANCE,OK,1.266,4.433,,0,nearest_robot=robot5
171.000,original,-,fleet,MIN_DISTANCE_AVG,OK,4.433,,,0,robots_sampled=6
172.000,original,-,robot1,MIN_DISTANCE,OK,16.193,4.310,,0,nearest_robot=robot2
172.000,original,-,robot2,MIN_DISTANCE,OK,3.951,4.310,,0,nearest_robot=robot3
172.000,original,-,robot3,MIN_DISTANCE,OK,1.592,4.310,,0,nearest_robot=robot4
172.000,original,-,robot4,MIN_DISTANCE,OK,1.592,4.310,,0,nearest_robot=robot3
172.000,original,-,robot5,MIN_DISTANCE,OK,1.266,4.310,,0,nearest_robot=robot6
172.000,original,-,robot6,MIN_DISTANCE,OK,1.266,4.310,,0,nearest_robot=robot5
172.000,original,-,fleet,MIN_DISTANCE_AVG,OK,4.310,,,0,robots_sampled=6
173.000,original,-,robot1,MIN_DISTANCE,OK,16.193,4.188,,0,nearest_robot=robot2
173.000,original,-,robot2,MIN_DISTANCE,OK,3.951,4.188,,0,nearest_robot=robot3
173.000,original,-,robot3,MIN_DISTANCE,OK,1.226,4.188,,0,nearest_robot=robot4
173.000,original,-,robot4,MIN_DISTANCE,OK,1.226,4.188,,0,nearest_robot=robot3
173.000,original,-,robot5,MIN_DISTANCE,OK,1.266,4.188,,0,nearest_robot=robot6
173.000,original,-,robot6,MIN_DISTANCE,OK,1.266,4.188,,0,nearest_robot=robot5
173.000,original,-,fleet,MIN_DISTANCE_AVG,OK,4.188,,,0,robots_sampled=6
174.000,original,-,robot1,MIN_DISTANCE,OK,16.193,4.076,,0,nearest_robot=robot2
174.000,original,-,robot2,MIN_DISTANCE,OK,3.951,4.076,,0,nearest_robot=robot3
174.000,original,-,robot3,MIN_DISTANCE,OK,0.891,4.076,,0,nearest_robot=robot4
174.000,original,-,robot4,MIN_DISTANCE,OK,0.891,4.076,,0,nearest_robot=robot3
174.000,original,-,robot5,MIN_DISTANCE,OK,1.266,4.076,,0,nearest_robot=robot6
174.000,original,-,robot6,MIN_DISTANCE,OK,1.266,4.076,,0,nearest_robot=robot5
174.000,original,-,fleet,MIN_DISTANCE_AVG,OK,4.076,,,0,robots_sampled=6
175.000,original,-,robot1,MIN_DISTANCE,OK,16.193,4.020,,0,nearest_robot=robot2
175.000,original,-,robot2,MIN_DISTANCE,OK,3.951,4.020,,0,nearest_robot=robot3
175.000,original,-,robot3,MIN_DISTANCE,OK,0.721,4.020,,0,nearest_robot=robot4
175.000,original,-,robot4,MIN_DISTANCE,OK,0.721,4.020,,0,nearest_robot=robot3
175.000,original,-,robot5,MIN_DISTANCE,OK,1.266,4.020,,0,nearest_robot=robot6
175.000,original,-,robot6,MIN_DISTANCE,OK,1.266,4.020,,0,nearest_robot=robot5
175.000,original,-,fleet,MIN_DISTANCE_AVG,OK,4.020,,,0,robots_sampled=6
176.000,original,-,robot1,MIN_DISTANCE,OK,16.193,4.015,,0,nearest_robot=robot2
176.000,original,-,robot2,MIN_DISTANCE,OK,3.951,4.015,,0,nearest_robot=robot3
176.000,original,-,robot3,MIN_DISTANCE,OK,0.706,4.015,,0,nearest_robot=robot4
176.000,original,-,robot4,MIN_DISTANCE,OK,0.706,4.015,,0,nearest_robot=robot3
176.000,original,-,robot5,MIN_DISTANCE,OK,1.266,4.015,,0,nearest_robot=robot6
176.000,original,-,robot6,MIN_DISTANCE,OK,1.266,4.015,,0,nearest_robot=robot5
176.000,original,-,fleet,MIN_DISTANCE_AVG,OK,4.015,,,0,robots_sampled=6
177.000,original,-,robot1,MIN_DISTANCE,OK,16.193,4.008,,0,nearest_robot=robot2
177.000,original,-,robot2,MIN_DISTANCE,OK,3.951,4.008,,0,nearest_robot=robot3
177.000,original,-,robot3,MIN_DISTANCE,OK,0.687,4.008,,0,nearest_robot=robot4
177.000,original,-,robot4,MIN_DISTANCE,OK,0.687,4.008,,0,nearest_robot=robot3
177.000,original,-,robot5,MIN_DISTANCE,OK,1.266,4.008,,0,nearest_robot=robot6
177.000,original,-,robot6,MIN_DISTANCE,OK,1.266,4.008,,0,nearest_robot=robot5
177.000,original,-,fleet,MIN_DISTANCE_AVG,OK,4.008,,,0,robots_sampled=6
178.000,original,-,robot1,MIN_DISTANCE,OK,16.193,3.933,,0,nearest_robot=robot2
178.000,original,-,robot2,MIN_DISTANCE,OK,3.951,3.933,,0,nearest_robot=robot3
178.000,original,-,robot3,MIN_DISTANCE,OK,0.460,3.933,,0,nearest_robot=robot4
178.000,original,-,robot4,MIN_DISTANCE,OK,0.460,3.933,,0,nearest_robot=robot3
178.000,original,-,robot5,MIN_DISTANCE,OK,1.266,3.933,,0,nearest_robot=robot6
178.000,original,-,robot6,MIN_DISTANCE,OK,1.266,3.933,,0,nearest_robot=robot5
178.000,original,-,fleet,MIN_DISTANCE_AVG,OK,3.933,,,0,robots_sampled=6
179.000,original,-,robot1,MIN_DISTANCE,OK,16.193,3.911,,0,nearest_robot=robot2
179.000,original,-,robot2,MIN_DISTANCE,OK,3.758,3.911,,0,nearest_robot=robot4
179.000,original,-,robot3,MIN_DISTANCE,OK,0.490,3.911,,0,nearest_robot=robot4
179.000,original,-,robot4,MIN_DISTANCE,OK,0.490,3.911,,0,nearest_robot=robot3
179.000,original,-,robot5,MIN_DISTANCE,OK,1.266,3.911,,0,nearest_robot=robot6
179.000,original,-,robot6,MIN_DISTANCE,OK,1.266,3.911,,0,nearest_robot=robot5
179.000,original,-,fleet,MIN_DISTANCE_AVG,OK,3.911,,,0,robots_sampled=6
179.050,original,-,fleet,CHOMP_TIME_FULL,OK,,26.216,,0,iterations=100;iterations_executed=100;source=algorithm;round_trip=26.238968
180.000,original,-,robot1,MIN_DISTANCE,OK,16.208,3.979,,0,nearest_robot=robot2
180.000,original,-,robot2,MIN_DISTANCE,OK,3.309,3.979,,0,nearest_robot=robot4
180.000,original,-,robot3,MIN_DISTANCE,OK,0.852,3.979,,0,nearest_robot=robot4
180.000,original,-,robot4,MIN_DISTANCE,OK,0.852,3.979,,0,nearest_robot=robot3
180.000,original,-,robot5,MIN_DISTANCE,OK,1.328,3.979,,0,nearest_robot=robot6
180.000,original,-,robot6,MIN_DISTANCE,OK,1.328,3.979,,0,nearest_robot=robot5
180.000,original,-,fleet,MIN_DISTANCE_AVG,OK,3.979,,,0,robots_sampled=6
181.000,original,-,robot1,MIN_DISTANCE,OK,16.140,4.028,,0,nearest_robot=robot2
181.000,original,-,robot2,MIN_DISTANCE,OK,2.990,4.028,,0,nearest_robot=robot4
181.000,original,-,robot3,MIN_DISTANCE,OK,1.083,4.028,,0,nearest_robot=robot4
181.000,original,-,robot4,MIN_DISTANCE,OK,1.083,4.028,,0,nearest_robot=robot3
181.000,original,-,robot5,MIN_DISTANCE,OK,1.437,4.028,,0,nearest_robot=robot6
181.000,original,-,robot6,MIN_DISTANCE,OK,1.437,4.028,,0,nearest_robot=robot5
181.000,original,-,fleet,MIN_DISTANCE_AVG,OK,4.028,,,0,robots_sampled=6
182.000,original,-,robot1,MIN_DISTANCE,OK,15.753,4.020,,0,nearest_robot=robot2
182.000,original,-,robot2,MIN_DISTANCE,OK,2.936,4.020,,0,nearest_robot=robot4
182.000,original,-,robot3,MIN_DISTANCE,OK,1.204,4.020,,0,nearest_robot=robot4
182.000,original,-,robot4,MIN_DISTANCE,OK,1.204,4.020,,0,nearest_robot=robot3
182.000,original,-,robot5,MIN_DISTANCE,OK,1.513,4.020,,0,nearest_robot=robot6
182.000,original,-,robot6,MIN_DISTANCE,OK,1.513,4.020,,0,nearest_robot=robot5
182.000,original,-,fleet,MIN_DISTANCE_AVG,OK,4.020,,,0,robots_sampled=6
183.000,original,-,robot1,MIN_DISTANCE,OK,15.292,3.965,,0,nearest_robot=robot2
183.000,original,-,robot2,MIN_DISTANCE,OK,2.927,3.965,,0,nearest_robot=robot4
183.000,original,-,robot3,MIN_DISTANCE,OK,1.245,3.965,,0,nearest_robot=robot4
183.000,original,-,robot4,MIN_DISTANCE,OK,1.245,3.965,,0,nearest_robot=robot3
183.000,original,-,robot5,MIN_DISTANCE,OK,1.539,3.965,,0,nearest_robot=robot6
183.000,original,-,robot6,MIN_DISTANCE,OK,1.539,3.965,,0,nearest_robot=robot5
183.000,original,-,fleet,MIN_DISTANCE_AVG,OK,3.965,,,0,robots_sampled=6
184.000,original,-,robot1,MIN_DISTANCE,OK,14.694,3.868,,0,nearest_robot=robot2
184.000,original,-,robot2,MIN_DISTANCE,OK,2.878,3.868,,0,nearest_robot=robot4
184.000,original,-,robot3,MIN_DISTANCE,OK,1.302,3.868,,0,nearest_robot=robot4
184.000,original,-,robot4,MIN_DISTANCE,OK,1.302,3.868,,0,nearest_robot=robot3
184.000,original,-,robot5,MIN_DISTANCE,OK,1.516,3.868,,0,nearest_robot=robot6
184.000,original,-,robot6,MIN_DISTANCE,OK,1.516,3.868,,0,nearest_robot=robot5
184.000,original,-,fleet,MIN_DISTANCE_AVG,OK,3.868,,,0,robots_sampled=6
185.000,original,-,robot1,MIN_DISTANCE,OK,13.981,3.740,,0,nearest_robot=robot2
185.000,original,-,robot2,MIN_DISTANCE,OK,2.825,3.740,,0,nearest_robot=robot4
185.000,original,-,robot3,MIN_DISTANCE,OK,1.378,3.740,,0,nearest_robot=robot4
185.000,original,-,robot4,MIN_DISTANCE,OK,1.378,3.740,,0,nearest_robot=robot3
185.000,original,-,robot5,MIN_DISTANCE,OK,1.438,3.740,,0,nearest_robot=robot6
185.000,original,-,robot6,MIN_DISTANCE,OK,1.438,3.740,,0,nearest_robot=robot5
185.000,original,-,fleet,MIN_DISTANCE_AVG,OK,3.740,,,0,robots_sampled=6
186.000,original,-,fleet,REPLAN_FULL,OK,,,robot1|robot2|robot3|robot4|robot5|robot6,0,original_full_optimization
186.000,original,-,robot1,MIN_DISTANCE,OK,13.414,3.639,,0,nearest_robot=robot2
186.000,original,-,robot2,MIN_DISTANCE,OK,2.821,3.639,,0,nearest_robot=robot4
186.000,original,-,robot3,MIN_DISTANCE,OK,1.473,3.639,,0,nearest_robot=robot4
186.000,original,-,robot4,MIN_DISTANCE,OK,1.473,3.639,,0,nearest_robot=robot3
186.000,original,-,robot5,MIN_DISTANCE,OK,1.327,3.639,,0,nearest_robot=robot6
186.000,original,-,robot6,MIN_DISTANCE,OK,1.327,3.639,,0,nearest_robot=robot5
186.000,original,-,fleet,MIN_DISTANCE_AVG,OK,3.639,,,0,robots_sampled=6
187.000,original,-,robot1,MIN_DISTANCE,OK,12.966,3.593,,0,nearest_robot=robot2
187.000,original,-,robot2,MIN_DISTANCE,OK,2.858,3.593,,0,nearest_robot=robot4
187.000,original,-,robot3,MIN_DISTANCE,OK,1.653,3.593,,0,nearest_robot=robot4
187.000,original,-,robot4,MIN_DISTANCE,OK,1.653,3.593,,0,nearest_robot=robot3
187.000,original,-,robot5,MIN_DISTANCE,OK,1.214,3.593,,0,nearest_robot=robot6
187.000,original,-,robot6,MIN_DISTANCE,OK,1.214,3.593,,0,nearest_robot=robot5
187.000,original,-,fleet,MIN_DISTANCE_AVG,OK,3.593,,,0,robots_sampled=6
188.000,original,-,robot1,MIN_DISTANCE,OK,12.574,3.561,,0,nearest_robot=robot2
188.000,original,-,robot2,MIN_DISTANCE,OK,2.891,3.561,,0,nearest_robot=robot4
188.000,original,-,robot3,MIN_DISTANCE,OK,1.842,3.561,,0,nearest_robot=robot4
188.000,original,-,robot4,MIN_DISTANCE,OK,1.842,3.561,,0,nearest_robot=robot3
188.000,original,-,robot5,MIN_DISTANCE,OK,1.109,3.561,,0,nearest_robot=robot6
188.000,original,-,robot6,MIN_DISTANCE,OK,1.109,3.561,,0,nearest_robot=robot5
188.000,original,-,fleet,MIN_DISTANCE_AVG,OK,3.561,,,0,robots_sampled=6
189.000,original,-,robot1,MIN_DISTANCE,OK,12.212,3.605,,0,nearest_robot=robot2
189.000,original,-,robot2,MIN_DISTANCE,OK,2.860,3.605,,0,nearest_robot=robot4
189.000,original,-,robot3,MIN_DISTANCE,OK,2.165,3.605,,0,nearest_robot=robot4
189.000,original,-,robot4,MIN_DISTANCE,OK,2.165,3.605,,0,nearest_robot=robot3
189.000,original,-,robot5,MIN_DISTANCE,OK,1.115,3.605,,0,nearest_robot=robot6
189.000,original,-,robot6,MIN_DISTANCE,OK,1.115,3.605,,0,nearest_robot=robot5
189.000,original,-,fleet,MIN_DISTANCE_AVG,OK,3.605,,,0,robots_sampled=6
190.000,original,-,robot1,MIN_DISTANCE,OK,11.871,3.622,,0,nearest_robot=robot2
190.000,original,-,robot2,MIN_DISTANCE,OK,2.805,3.622,,0,nearest_robot=robot4
190.000,original,-,robot3,MIN_DISTANCE,OK,2.516,3.622,,0,nearest_robot=robot4
190.000,original,-,robot4,MIN_DISTANCE,OK,2.516,3.622,,0,nearest_robot=robot3
190.000,original,-,robot5,MIN_DISTANCE,OK,1.013,3.622,,0,nearest_robot=robot6
190.000,original,-,robot6,MIN_DISTANCE,OK,1.013,3.622,,0,nearest_robot=robot5
190.000,original,-,fleet,MIN_DISTANCE_AVG,OK,3.622,,,0,robots_sampled=6
191.000,original,-,robot1,MIN_DISTANCE,OK,11.494,3.634,,0,nearest_robot=robot2
191.000,original,-,robot2,MIN_DISTANCE,OK,2.821,3.634,,0,nearest_robot=robot4
191.000,original,-,robot3,MIN_DISTANCE,OK,2.816,3.634,,0,nearest_robot=robot4
191.000,original,-,robot4,MIN_DISTANCE,OK,2.816,3.634,,0,nearest_robot=robot3
191.000,original,-,robot5,MIN_DISTANCE,OK,0.928,3.634,,0,nearest_robot=robot6
191.000,original,-,robot6,MIN_DISTANCE,OK,0.928,3.634,,0,nearest_robot=robot5
191.000,original,-,fleet,MIN_DISTANCE_AVG,OK,3.634,,,0,robots_sampled=6
192.000,original,-,robot1,MIN_DISTANCE,OK,11.125,3.632,,0,nearest_robot=robot2
192.000,original,-,robot2,MIN_DISTANCE,OK,2.837,3.632,,0,nearest_robot=robot4
192.000,original,-,robot3,MIN_DISTANCE,OK,3.118,3.632,,0,nearest_robot=robot4
192.000,original,-,robot4,MIN_DISTANCE,OK,2.837,3.632,,0,nearest_robot=robot2
192.000,original,-,robot5,MIN_DISTANCE,OK,0.939,3.632,,0,nearest_robot=robot6
192.000,original,-,robot6,MIN_DISTANCE,OK,0.939,3.632,,0,nearest_robot=robot5
192.000,original,-,fleet,MIN_DISTANCE_AVG,OK,3.632,,,0,robots_sampled=6
193.000,original,-,robot1,MIN_DISTANCE,OK,10.752,3.646,,0,nearest_robot=robot2
193.000,original,-,robot2,MIN_DISTANCE,OK,2.869,3.646,,0,nearest_robot=robot4
193.000,original,-,robot3,MIN_DISTANCE,OK,3.509,3.646,,0,nearest_robot=robot4
193.000,original,-,robot4,MIN_DISTANCE,OK,2.869,3.646,,0,nearest_robot=robot2
193.000,original,-,robot5,MIN_DISTANCE,OK,0.939,3.646,,0,nearest_robot=robot6
193.000,original,-,robot6,MIN_DISTANCE,OK,0.939,3.646,,0,nearest_robot=robot5
193.000,original,-,fleet,MIN_DISTANCE_AVG,OK,3.646,,,0,robots_sampled=6
194.000,original,-,robot1,MIN_DISTANCE,OK,10.423,3.661,,0,nearest_robot=robot2
194.000,original,-,robot2,MIN_DISTANCE,OK,2.878,3.661,,0,nearest_robot=robot4
194.000,original,-,robot3,MIN_DISTANCE,OK,3.910,3.661,,0,nearest_robot=robot4
194.000,original,-,robot4,MIN_DISTANCE,OK,2.878,3.661,,0,nearest_robot=robot2
194.000,original,-,robot5,MIN_DISTANCE,OK,0.938,3.661,,0,nearest_robot=robot6
194.000,original,-,robot6,MIN_DISTANCE,OK,0.938,3.661,,0,nearest_robot=robot5
194.000,original,-,fleet,MIN_DISTANCE_AVG,OK,3.661,,,0,robots_sampled=6
195.000,original,-,robot1,MIN_DISTANCE,OK,10.121,3.673,,0,nearest_robot=robot2
195.000,original,-,robot2,MIN_DISTANCE,OK,2.846,3.673,,0,nearest_robot=robot4
195.000,original,-,robot3,MIN_DISTANCE,OK,4.350,3.673,,0,nearest_robot=robot4
195.000,original,-,robot4,MIN_DISTANCE,OK,2.846,3.673,,0,nearest_robot=robot2
195.000,original,-,robot5,MIN_DISTANCE,OK,0.938,3.673,,0,nearest_robot=robot6
195.000,original,-,robot6,MIN_DISTANCE,OK,0.938,3.673,,0,nearest_robot=robot5
195.000,original,-,fleet,MIN_DISTANCE_AVG,OK,3.673,,,0,robots_sampled=6
196.000,original,-,robot1,MIN_DISTANCE,OK,9.810,3.695,,0,nearest_robot=robot2
196.000,original,-,robot2,MIN_DISTANCE,OK,2.862,3.695,,0,nearest_robot=robot4
196.000,original,-,robot3,MIN_DISTANCE,OK,4.760,3.695,,0,nearest_robot=robot4
196.000,original,-,robot4,MIN_DISTANCE,OK,2.862,3.695,,0,nearest_robot=robot2
196.000,original,-,robot5,MIN_DISTANCE,OK,0.938,3.695,,0,nearest_robot=robot6
196.000,original,-,robot6,MIN_DISTANCE,OK,0.938,3.695,,0,nearest_robot=robot5
196.000,original,-,fleet,MIN_DISTANCE_AVG,OK,3.695,,,0,robots_sampled=6
197.000,original,-,robot1,MIN_DISTANCE,OK,9.529,3.712,,0,nearest_robot=robot2
197.000,original,-,robot2,MIN_DISTANCE,OK,2.851,3.712,,0,nearest_robot=robot4
197.000,original,-,robot3,MIN_DISTANCE,OK,5.168,3.712,,0,nearest_robot=robot4
197.000,original,-,robot4,MIN_DISTANCE,OK,2.851,3.712,,0,nearest_robot=robot2
197.000,original,-,robot5,MIN_DISTANCE,OK,0.937,3.712,,0,nearest_robot=robot6
197.000,original,-,robot6,MIN_DISTANCE,OK,0.937,3.712,,0,nearest_robot=robot5
197.000,original,-,fleet,MIN_DISTANCE_AVG,OK,3.712,,,0,robots_sampled=6
198.000,original,-,robot1,MIN_DISTANCE,OK,9.228,3.729,,0,nearest_robot=robot2
198.000,original,-,robot2,MIN_DISTANCE,OK,2.844,3.729,,0,nearest_robot=robot4
198.000,original,-,robot3,MIN_DISTANCE,OK,5.583,3.729,,0,nearest_robot=robot4
198.000,original,-,robot4,MIN_DISTANCE,OK,2.844,3.729,,0,nearest_robot=robot2
198.000,original,-,robot5,MIN_DISTANCE,OK,0.937,3.729,,0,nearest_robot=robot6
198.000,original,-,robot6,MIN_DISTANCE,OK,0.937,3.729,,0,nearest_robot=robot5
198.000,original,-,fleet,MIN_DISTANCE_AVG,OK,3.729,,,0,robots_sampled=6
199.000,original,-,robot1,MIN_DISTANCE,OK,8.913,3.744,,0,nearest_robot=robot2
199.000,original,-,robot2,MIN_DISTANCE,OK,2.830,3.744,,0,nearest_robot=robot4
199.000,original,-,robot3,MIN_DISTANCE,OK,6.020,3.744,,0,nearest_robot=robot4
199.000,original,-,robot4,MIN_DISTANCE,OK,2.830,3.744,,0,nearest_robot=robot2
199.000,original,-,robot5,MIN_DISTANCE,OK,0.937,3.744,,0,nearest_robot=robot6
199.000,original,-,robot6,MIN_DISTANCE,OK,0.937,3.744,,0,nearest_robot=robot5
199.000,original,-,fleet,MIN_DISTANCE_AVG,OK,3.744,,,0,robots_sampled=6
200.000,original,-,robot1,MIN_DISTANCE,OK,8.585,3.758,,0,nearest_robot=robot2
200.000,original,-,robot2,MIN_DISTANCE,OK,2.830,3.758,,0,nearest_robot=robot4
200.000,original,-,robot3,MIN_DISTANCE,OK,6.430,3.758,,0,nearest_robot=robot4
200.000,original,-,robot4,MIN_DISTANCE,OK,2.830,3.758,,0,nearest_robot=robot2
200.000,original,-,robot5,MIN_DISTANCE,OK,0.937,3.758,,0,nearest_robot=robot6
200.000,original,-,robot6,MIN_DISTANCE,OK,0.937,3.758,,0,nearest_robot=robot5
200.000,original,-,fleet,MIN_DISTANCE_AVG,OK,3.758,,,0,robots_sampled=6
201.000,original,-,robot1,MIN_DISTANCE,OK,8.227,3.779,,0,nearest_robot=robot2
201.000,original,-,robot2,MIN_DISTANCE,OK,2.859,3.779,,0,nearest_robot=robot4
201.000,original,-,robot3,MIN_DISTANCE,OK,6.853,3.779,,0,nearest_robot=robot4
201.000,original,-,robot4,MIN_DISTANCE,OK,2.859,3.779,,0,nearest_robot=robot2
201.000,original,-,robot5,MIN_DISTANCE,OK,0.936,3.779,,0,nearest_robot=robot6
201.000,original,-,robot6,MIN_DISTANCE,OK,0.936,3.779,,0,nearest_robot=robot5
201.000,original,-,fleet,MIN_DISTANCE_AVG,OK,3.779,,,0,robots_sampled=6
202.000,original,-,robot1,MIN_DISTANCE,OK,7.880,3.789,,0,nearest_robot=robot2
202.000,original,-,robot2,MIN_DISTANCE,OK,2.834,3.789,,0,nearest_robot=robot4
202.000,original,-,robot3,MIN_DISTANCE,OK,7.310,3.789,,0,nearest_robot=robot4
202.000,original,-,robot4,MIN_DISTANCE,OK,2.834,3.789,,0,nearest_robot=robot2
202.000,original,-,robot5,MIN_DISTANCE,OK,0.936,3.789,,0,nearest_robot=robot6
202.000,original,-,robot6,MIN_DISTANCE,OK,0.936,3.789,,0,nearest_robot=robot5
202.000,original,-,fleet,MIN_DISTANCE_AVG,OK,3.789,,,0,robots_sampled=6
203.000,original,-,robot1,MIN_DISTANCE,OK,7.559,3.811,,0,nearest_robot=robot2
203.000,original,-,robot2,MIN_DISTANCE,OK,2.875,3.811,,0,nearest_robot=robot4
203.000,original,-,robot3,MIN_DISTANCE,OK,7.683,3.811,,0,nearest_robot=robot4
203.000,original,-,robot4,MIN_DISTANCE,OK,2.875,3.811,,0,nearest_robot=robot2
203.000,original,-,robot5,MIN_DISTANCE,OK,0.936,3.811,,0,nearest_robot=robot6
203.000,original,-,robot6,MIN_DISTANCE,OK,0.936,3.811,,0,nearest_robot=robot5
203.000,original,-,fleet,MIN_DISTANCE_AVG,OK,3.811,,,0,robots_sampled=6
204.000,original,-,robot1,MIN_DISTANCE,OK,7.246,3.829,,0,nearest_robot=robot2
204.000,original,-,robot2,MIN_DISTANCE,OK,2.885,3.829,,0,nearest_robot=robot4
204.000,original,-,robot3,MIN_DISTANCE,OK,8.091,3.829,,0,nearest_robot=robot4
204.000,original,-,robot4,MIN_DISTANCE,OK,2.885,3.829,,0,nearest_robot=robot2
204.000,original,-,robot5,MIN_DISTANCE,OK,0.936,3.829,,0,nearest_robot=robot6
204.000,original,-,robot6,MIN_DISTANCE,OK,0.936,3.829,,0,nearest_robot=robot5
204.000,original,-,fleet,MIN_DISTANCE_AVG,OK,3.829,,,0,robots_sampled=6
205.000,original,-,robot1,MIN_DISTANCE,OK,6.941,3.855,,0,nearest_robot=robot2
205.000,original,-,robot2,MIN_DISTANCE,OK,2.912,3.855,,0,nearest_robot=robot4
205.000,original,-,robot3,MIN_DISTANCE,OK,8.492,3.855,,0,nearest_robot=robot4
205.000,original,-,robot4,MIN_DISTANCE,OK,2.912,3.855,,0,nearest_robot=robot2
205.000,original,-,robot5,MIN_DISTANCE,OK,0.935,3.855,,0,nearest_robot=robot6
205.000,original,-,robot6,MIN_DISTANCE,OK,0.935,3.855,,0,nearest_robot=robot5
205.000,original,-,fleet,MIN_DISTANCE_AVG,OK,3.855,,,0,robots_sampled=6
206.000,original,-,robot1,MIN_DISTANCE,OK,6.642,3.890,,0,nearest_robot=robot2
206.000,original,-,robot2,MIN_DISTANCE,OK,2.985,3.890,,0,nearest_robot=robot4
206.000,original,-,robot3,MIN_DISTANCE,OK,8.854,3.890,,0,nearest_robot=robot4
206.000,original,-,robot4,MIN_DISTANCE,OK,2.985,3.890,,0,nearest_robot=robot2
206.000,original,-,robot5,MIN_DISTANCE,OK,0.935,3.890,,0,nearest_robot=robot6
206.000,original,-,robot6,MIN_DISTANCE,OK,0.935,3.890,,0,nearest_robot=robot5
206.000,original,-,fleet,MIN_DISTANCE_AVG,OK,3.890,,,0,robots_sampled=6
207.000,original,-,robot1,MIN_DISTANCE,OK,6.384,3.924,,0,nearest_robot=robot2
207.000,original,-,robot2,MIN_DISTANCE,OK,3.031,3.924,,0,nearest_robot=robot4
207.000,original,-,robot3,MIN_DISTANCE,OK,9.226,3.924,,0,nearest_robot=robot4
207.000,original,-,robot4,MIN_DISTANCE,OK,3.031,3.924,,0,nearest_robot=robot2
207.000,original,-,robot5,MIN_DISTANCE,OK,0.935,3.924,,0,nearest_robot=robot6
207.000,original,-,robot6,MIN_DISTANCE,OK,0.935,3.924,,0,nearest_robot=robot5
207.000,original,-,fleet,MIN_DISTANCE_AVG,OK,3.924,,,0,robots_sampled=6
208.000,original,-,robot1,MIN_DISTANCE,OK,6.078,3.964,,0,nearest_robot=robot2
208.000,original,-,robot2,MIN_DISTANCE,OK,3.123,3.964,,0,nearest_robot=robot4
208.000,original,-,robot3,MIN_DISTANCE,OK,9.590,3.964,,0,nearest_robot=robot4
208.000,original,-,robot4,MIN_DISTANCE,OK,3.123,3.964,,0,nearest_robot=robot2
208.000,original,-,robot5,MIN_DISTANCE,OK,0.934,3.964,,0,nearest_robot=robot6
208.000,original,-,robot6,MIN_DISTANCE,OK,0.934,3.964,,0,nearest_robot=robot5
208.000,original,-,fleet,MIN_DISTANCE_AVG,OK,3.964,,,0,robots_sampled=6
209.000,original,-,robot1,MIN_DISTANCE,OK,5.790,4.003,,0,nearest_robot=robot2
209.000,original,-,robot2,MIN_DISTANCE,OK,3.207,4.003,,0,nearest_robot=robot4
209.000,original,-,robot3,MIN_DISTANCE,OK,9.943,4.003,,0,nearest_robot=robot4
209.000,original,-,robot4,MIN_DISTANCE,OK,3.207,4.003,,0,nearest_robot=robot2
209.000,original,-,robot5,MIN_DISTANCE,OK,0.934,4.003,,0,nearest_robot=robot6
209.000,original,-,robot6,MIN_DISTANCE,OK,0.934,4.003,,0,nearest_robot=robot5
209.000,original,-,fleet,MIN_DISTANCE_AVG,OK,4.003,,,0,robots_sampled=6
210.000,original,-,robot1,MIN_DISTANCE,OK,5.523,4.031,,0,nearest_robot=robot2
210.000,original,-,robot2,MIN_DISTANCE,OK,3.245,4.031,,0,nearest_robot=robot4
210.000,original,-,robot3,MIN_DISTANCE,OK,10.307,4.031,,0,nearest_robot=robot4
210.000,original,-,robot4,MIN_DISTANCE,OK,3.245,4.031,,0,nearest_robot=robot2
210.000,original,-,robot5,MIN_DISTANCE,OK,0.934,4.031,,0,nearest_robot=robot6
210.000,original,-,robot6,MIN_DISTANCE,OK,0.934,4.031,,0,nearest_robot=robot5
210.000,original,-,fleet,MIN_DISTANCE_AVG,OK,4.031,,,0,robots_sampled=6
211.000,original,-,robot1,MIN_DISTANCE,OK,5.156,4.046,,0,nearest_robot=robot2
211.000,original,-,robot2,MIN_DISTANCE,OK,3.279,4.046,,0,nearest_robot=robot4
211.000,original,-,robot3,MIN_DISTANCE,OK,10.695,4.046,,0,nearest_robot=robot4
211.000,original,-,robot4,MIN_DISTANCE,OK,3.279,4.046,,0,nearest_robot=robot2
211.000,original,-,robot5,MIN_DISTANCE,OK,0.934,4.046,,0,nearest_robot=robot6
211.000,original,-,robot6,MIN_DISTANCE,OK,0.934,4.046,,0,nearest_robot=robot5
211.000,original,-,fleet,MIN_DISTANCE_AVG,OK,4.046,,,0,robots_sampled=6
211.050,original,-,fleet,CHOMP_TIME_FULL,OK,,26.535,,0,iterations=100;iterations_executed=100;source=algorithm;round_trip=26.557953
212.000,original,-,fleet,REPLAN_FULL,OK,,,robot1|robot2|robot3|robot4|robot5|robot6,0,original_full_optimization
212.000,original,-,robot1,MIN_DISTANCE,OK,5.086,3.992,,0,nearest_robot=robot2
212.000,original,-,robot2,MIN_DISTANCE,OK,2.957,3.992,,0,nearest_robot=robot4
212.000,original,-,robot3,MIN_DISTANCE,OK,11.085,3.992,,0,nearest_robot=robot4
212.000,original,-,robot4,MIN_DISTANCE,OK,2.957,3.992,,0,nearest_robot=robot2
212.000,original,-,robot5,MIN_DISTANCE,OK,0.933,3.992,,0,nearest_robot=robot6
212.000,original,-,robot6,MIN_DISTANCE,OK,0.933,3.992,,0,nearest_robot=robot5
212.000,original,-,fleet,MIN_DISTANCE_AVG,OK,3.992,,,0,robots_sampled=6
213.000,original,-,robot1,MIN_DISTANCE,OK,5.085,3.889,,0,nearest_robot=robot2
213.000,original,-,robot2,MIN_DISTANCE,OK,2.545,3.889,,0,nearest_robot=robot4
213.000,original,-,robot3,MIN_DISTANCE,OK,11.290,3.889,,0,nearest_robot=robot6
213.000,original,-,robot4,MIN_DISTANCE,OK,2.545,3.889,,0,nearest_robot=robot2
213.000,original,-,robot5,MIN_DISTANCE,OK,0.933,3.889,,0,nearest_robot=robot6
213.000,original,-,robot6,MIN_DISTANCE,OK,0.933,3.889,,0,nearest_robot=robot5
213.000,original,-,fleet,MIN_DISTANCE_AVG,OK,3.889,,,0,robots_sampled=6
214.000,original,-,robot1,MIN_DISTANCE,OK,5.085,3.753,,0,nearest_robot=robot2
214.000,original,-,robot2,MIN_DISTANCE,OK,2.139,3.753,,0,nearest_robot=robot4
214.000,original,-,robot3,MIN_DISTANCE,OK,11.290,3.753,,0,nearest_robot=robot6
214.000,original,-,robot4,MIN_DISTANCE,OK,2.139,3.753,,0,nearest_robot=robot2
214.000,original,-,robot5,MIN_DISTANCE,OK,0.933,3.753,,0,nearest_robot=robot6
214.000,original,-,robot6,MIN_DISTANCE,OK,0.933,3.753,,0,nearest_robot=robot5
214.000,original,-,fleet,MIN_DISTANCE_AVG,OK,3.753,,,0,robots_sampled=6
215.000,original,-,robot1,MIN_DISTANCE,OK,5.084,3.618,,0,nearest_robot=robot2
215.000,original,-,robot2,MIN_DISTANCE,OK,1.735,3.618,,0,nearest_robot=robot4
215.000,original,-,robot3,MIN_DISTANCE,OK,11.290,3.618,,0,nearest_robot=robot6
215.000,original,-,robot4,MIN_DISTANCE,OK,1.735,3.618,,0,nearest_robot=robot2
215.000,original,-,robot5,MIN_DISTANCE,OK,0.933,3.618,,0,nearest_robot=robot6
215.000,original,-,robot6,MIN_DISTANCE,OK,0.933,3.618,,0,nearest_robot=robot5
215.000,original,-,fleet,MIN_DISTANCE_AVG,OK,3.618,,,0,robots_sampled=6
216.000,original,-,robot1,MIN_DISTANCE,OK,5.084,3.480,,0,nearest_robot=robot2
216.000,original,-,robot2,MIN_DISTANCE,OK,1.320,3.480,,0,nearest_robot=robot4
216.000,original,-,robot3,MIN_DISTANCE,OK,11.290,3.480,,0,nearest_robot=robot6
216.000,original,-,robot4,MIN_DISTANCE,OK,1.320,3.480,,0,nearest_robot=robot2
216.000,original,-,robot5,MIN_DISTANCE,OK,0.932,3.480,,0,nearest_robot=robot6
216.000,original,-,robot6,MIN_DISTANCE,OK,0.932,3.480,,0,nearest_robot=robot5
216.000,original,-,fleet,MIN_DISTANCE_AVG,OK,3.480,,,0,robots_sampled=6
217.000,original,-,robot1,MIN_DISTANCE,OK,5.083,3.349,,0,nearest_robot=robot2
217.000,original,-,robot2,MIN_DISTANCE,OK,0.928,3.349,,0,nearest_robot=robot4
217.000,original,-,robot3,MIN_DISTANCE,OK,11.290,3.349,,0,nearest_robot=robot6
217.000,original,-,robot4,MIN_DISTANCE,OK,0.928,3.349,,0,nearest_robot=robot2
217.000,original,-,robot5,MIN_DISTANCE,OK,0.932,3.349,,0,nearest_robot=robot6
217.000,original,-,robot6,MIN_DISTANCE,OK,0.932,3.349,,0,nearest_robot=robot5
217.000,original,-,fleet,MIN_DISTANCE_AVG,OK,3.349,,,0,robots_sampled=6
218.000,original,-,robot1,MIN_DISTANCE,OK,4.948,3.242,,0,nearest_robot=robot4
218.000,original,-,robot2,MIN_DISTANCE,OK,0.675,3.242,,0,nearest_robot=robot4
218.000,original,-,robot3,MIN_DISTANCE,OK,11.289,3.242,,0,nearest_robot=robot6
218.000,original,-,robot4,MIN_DISTANCE,OK,0.675,3.242,,0,nearest_robot=robot2
218.000,original,-,robot5,MIN_DISTANCE,OK,0.932,3.242,,0,nearest_robot=robot6
218.000,original,-,robot6,MIN_DISTANCE,OK,0.932,3.242,,0,nearest_robot=robot5
218.000,original,-,fleet,MIN_DISTANCE_AVG,OK,3.242,,,0,robots_sampled=6
219.000,original,-,robot1,MIN_DISTANCE,OK,4.516,3.177,,0,nearest_robot=robot4
219.000,original,-,robot2,MIN_DISTANCE,OK,0.697,3.177,,0,nearest_robot=robot4
219.000,original,-,robot3,MIN_DISTANCE,OK,11.289,3.177,,0,nearest_robot=robot6
219.000,original,-,robot4,MIN_DISTANCE,OK,0.697,3.177,,0,nearest_robot=robot2
219.000,original,-,robot5,MIN_DISTANCE,OK,0.932,3.177,,0,nearest_robot=robot6
219.000,original,-,robot6,MIN_DISTANCE,OK,0.932,3.177,,0,nearest_robot=robot5
219.000,original,-,fleet,MIN_DISTANCE_AVG,OK,3.177,,,0,robots_sampled=6
220.000,original,-,robot1,MIN_DISTANCE,OK,4.083,3.210,,0,nearest_robot=robot4
220.000,original,-,robot2,MIN_DISTANCE,OK,1.014,3.210,,0,nearest_robot=robot4
220.000,original,-,robot3,MIN_DISTANCE,OK,11.289,3.210,,0,nearest_robot=robot6
220.000,original,-,robot4,MIN_DISTANCE,OK,1.014,3.210,,0,nearest_robot=robot2
220.000,original,-,robot5,MIN_DISTANCE,OK,0.931,3.210,,0,nearest_robot=robot6
220.000,original,-,robot6,MIN_DISTANCE,OK,0.931,3.210,,0,nearest_robot=robot5
220.000,original,-,fleet,MIN_DISTANCE_AVG,OK,3.210,,,0,robots_sampled=6
221.000,original,-,robot1,MIN_DISTANCE,OK,3.627,3.281,,0,nearest_robot=robot4
221.000,original,-,robot2,MIN_DISTANCE,OK,1.455,3.281,,0,nearest_robot=robot4
221.000,original,-,robot3,MIN_DISTANCE,OK,11.289,3.281,,0,nearest_robot=robot6
221.000,original,-,robot4,MIN_DISTANCE,OK,1.455,3.281,,0,nearest_robot=robot2
221.000,original,-,robot5,MIN_DISTANCE,OK,0.931,3.281,,0,nearest_robot=robot6
221.000,original,-,robot6,MIN_DISTANCE,OK,0.931,3.281,,0,nearest_robot=robot5
221.000,original,-,fleet,MIN_DISTANCE_AVG,OK,3.281,,,0,robots_sampled=6
222.000,original,-,robot1,MIN_DISTANCE,OK,3.208,3.357,,0,nearest_robot=robot4
222.000,original,-,robot2,MIN_DISTANCE,OK,1.893,3.357,,0,nearest_robot=robot4
222.000,original,-,robot3,MIN_DISTANCE,OK,11.289,3.357,,0,nearest_robot=robot6
222.000,original,-,robot4,MIN_DISTANCE,OK,1.893,3.357,,0,nearest_robot=robot2
222.000,original,-,robot5,MIN_DISTANCE,OK,0.931,3.357,,0,nearest_robot=robot6
222.000,original,-,robot6,MIN_DISTANCE,OK,0.931,3.357,,0,nearest_robot=robot5
222.000,original,-,fleet,MIN_DISTANCE_AVG,OK,3.357,,,0,robots_sampled=6
223.000,original,-,robot1,MIN_DISTANCE,OK,2.784,3.442,,0,nearest_robot=robot4
223.000,original,-,robot2,MIN_DISTANCE,OK,2.359,3.442,,0,nearest_robot=robot4
223.000,original,-,robot3,MIN_DISTANCE,OK,11.288,3.442,,0,nearest_robot=robot6
223.000,original,-,robot4,MIN_DISTANCE,OK,2.359,3.442,,0,nearest_robot=robot2
223.000,original,-,robot5,MIN_DISTANCE,OK,0.930,3.442,,0,nearest_robot=robot6
223.000,original,-,robot6,MIN_DISTANCE,OK,0.930,3.442,,0,nearest_robot=robot5
223.000,original,-,fleet,MIN_DISTANCE_AVG,OK,3.442,,,0,robots_sampled=6
224.000,original,-,robot1,MIN_DISTANCE,OK,2.354,3.453,,0,nearest_robot=robot4
224.000,original,-,robot2,MIN_DISTANCE,OK,2.860,3.453,,0,nearest_robot=robot4
224.000,original,-,robot3,MIN_DISTANCE,OK,11.288,3.453,,0,nearest_robot=robot6
224.000,original,-,robot4,MIN_DISTANCE,OK,2.354,3.453,,0,nearest_robot=robot1
224.000,original,-,robot5,MIN_DISTANCE,OK,0.930,3.453,,0,nearest_robot=robot6
224.000,original,-,robot6,MIN_DISTANCE,OK,0.930,3.453,,0,nearest_robot=robot5
224.000,original,-,fleet,MIN_DISTANCE_AVG,OK,3.453,,,0,robots_sampled=6
225.000,original,-,robot1,MIN_DISTANCE,OK,1.948,3.402,,0,nearest_robot=robot4
225.000,original,-,robot2,MIN_DISTANCE,OK,3.364,3.402,,0,nearest_robot=robot4
225.000,original,-,robot3,MIN_DISTANCE,OK,11.288,3.402,,0,nearest_robot=robot6
225.000,original,-,robot4,MIN_DISTANCE,OK,1.948,3.402,,0,nearest_robot=robot1
225.000,original,-,robot5,MIN_DISTANCE,OK,0.930,3.402,,0,nearest_robot=robot6
225.000,original,-,robot6,MIN_DISTANCE,OK,0.930,3.402,,0,nearest_robot=robot5
225.000,original,-,fleet,MIN_DISTANCE_AVG,OK,3.402,,,0,robots_sampled=6
226.000,original,-,robot1,MIN_DISTANCE,OK,1.592,3.364,,0,nearest_robot=robot4
226.000,original,-,robot2,MIN_DISTANCE,OK,3.853,3.364,,0,nearest_robot=robot4
226.000,original,-,robot3,MIN_DISTANCE,OK,11.288,3.364,,0,nearest_robot=robot6
226.000,original,-,robot4,MIN_DISTANCE,OK,1.592,3.364,,0,nearest_robot=robot1
226.000,original,-,robot5,MIN_DISTANCE,OK,0.930,3.364,,0,nearest_robot=robot6
226.000,original,-,robot6,MIN_DISTANCE,OK,0.930,3.364,,0,nearest_robot=robot5
226.000,original,-,fleet,MIN_DISTANCE_AVG,OK,3.364,,,0,robots_sampled=6
227.000,original,-,robot1,MIN_DISTANCE,OK,1.356,3.354,,0,nearest_robot=robot4
227.000,original,-,robot2,MIN_DISTANCE,OK,4.265,3.354,,0,nearest_robot=robot4
227.000,original,-,robot3,MIN_DISTANCE,OK,11.288,3.354,,0,nearest_robot=robot6
227.000,original,-,robot4,MIN_DISTANCE,OK,1.356,3.354,,0,nearest_robot=robot1
227.000,original,-,robot5,MIN_DISTANCE,OK,0.929,3.354,,0,nearest_robot=robot6
227.000,original,-,robot6,MIN_DISTANCE,OK,0.929,3.354,,0,nearest_robot=robot5
227.000,original,-,fleet,MIN_DISTANCE_AVG,OK,3.354,,,0,robots_sampled=6
228.000,original,-,robot1,MIN_DISTANCE,OK,1.257,3.372,,0,nearest_robot=robot4
228.000,original,-,robot2,MIN_DISTANCE,OK,4.573,3.372,,0,nearest_robot=robot4
228.000,original,-,robot3,MIN_DISTANCE,OK,11.288,3.372,,0,nearest_robot=robot6
228.000,original,-,robot4,MIN_DISTANCE,OK,1.257,3.372,,0,nearest_robot=robot1
228.000,original,-,robot5,MIN_DISTANCE,OK,0.929,3.372,,0,nearest_robot=robot6
228.000,original,-,robot6,MIN_DISTANCE,OK,0.929,3.372,,0,nearest_robot=robot5
228.000,original,-,fleet,MIN_DISTANCE_AVG,OK,3.372,,,0,robots_sampled=6
229.000,original,-,robot1,MIN_DISTANCE,OK,1.271,3.393,,0,nearest_robot=robot4
229.000,original,-,robot2,MIN_DISTANCE,OK,4.669,3.393,,0,nearest_robot=robot4
229.000,original,-,robot3,MIN_DISTANCE,OK,11.287,3.393,,0,nearest_robot=robot6
229.000,original,-,robot4,MIN_DISTANCE,OK,1.271,3.393,,0,nearest_robot=robot1
229.000,original,-,robot5,MIN_DISTANCE,OK,0.929,3.393,,0,nearest_robot=robot6
229.000,original,-,robot6,MIN_DISTANCE,OK,0.929,3.393,,0,nearest_robot=robot5
229.000,original,-,fleet,MIN_DISTANCE_AVG,OK,3.393,,,0,robots_sampled=6
230.000,original,-,robot1,MIN_DISTANCE,OK,1.211,3.370,,0,nearest_robot=robot4
230.000,original,-,robot2,MIN_DISTANCE,OK,4.651,3.370,,0,nearest_robot=robot4
230.000,original,-,robot3,MIN_DISTANCE,OK,11.287,3.370,,0,nearest_robot=robot6
230.000,original,-,robot4,MIN_DISTANCE,OK,1.211,3.370,,0,nearest_robot=robot1
230.000,original,-,robot5,MIN_DISTANCE,OK,0.929,3.370,,0,nearest_robot=robot6
230.000,original,-,robot6,MIN_DISTANCE,OK,0.929,3.370,,0,nearest_robot=robot5
230.000,original,-,fleet,MIN_DISTANCE_AVG,OK,3.370,,,0,robots_sampled=6
231.000,original,-,robot1,MIN_DISTANCE,OK,1.073,3.310,,0,nearest_robot=robot4
231.000,original,-,robot2,MIN_DISTANCE,OK,4.569,3.310,,0,nearest_robot=robot4
231.000,original,-,robot3,MIN_DISTANCE,OK,11.287,3.310,,0,nearest_robot=robot6
231.000,original,-,robot4,MIN_DISTANCE,OK,1.073,3.310,,0,nearest_robot=robot1
231.000,original,-,robot5,MIN_DISTANCE,OK,0.928,3.310,,0,nearest_robot=robot6
231.000,original,-,robot6,MIN_DISTANCE,OK,0.928,3.310,,0,nearest_robot=robot5
231.000,original,-,fleet,MIN_DISTANCE_AVG,OK,3.310,,,0,robots_sampled=6
232.000,original,-,robot1,MIN_DISTANCE,OK,1.048,3.302,,0,nearest_robot=robot4
232.000,original,-,robot2,MIN_DISTANCE,OK,4.577,3.302,,0,nearest_robot=robot4
232.000,original,-,robot3,MIN_DISTANCE,OK,11.287,3.302,,0,nearest_robot=robot6
232.000,original,-,robot4,MIN_DISTANCE,OK,1.048,3.302,,0,nearest_robot=robot1
232.000,original,-,robot5,MIN_DISTANCE,OK,0.928,3.302,,0,nearest_robot=robot6
232.000,original,-,robot6,MIN_DISTANCE,OK,0.928,3.302,,0,nearest_robot=robot5
232.000,original,-,fleet,MIN_DISTANCE_AVG,OK,3.302,,,0,robots_sampled=6
233.000,original,-,robot1,MIN_DISTANCE,OK,1.048,3.302,,0,nearest_robot=robot4
233.000,original,-,robot2,MIN_DISTANCE,OK,4.576,3.302,,0,nearest_robot=robot4
233.000,original,-,robot3,MIN_DISTANCE,OK,11.287,3.302,,0,nearest_robot=robot6
233.000,original,-,robot4,MIN_DISTANCE,OK,1.048,3.302,,0,nearest_robot=robot1
233.000,original,-,robot5,MIN_DISTANCE,OK,0.928,3.302,,0,nearest_robot=robot6
233.000,original,-,robot6,MIN_DISTANCE,OK,0.928,3.302,,0,nearest_robot=robot5
233.000,original,-,fleet,MIN_DISTANCE_AVG,OK,3.302,,,0,robots_sampled=6
234.000,original,-,robot1,MIN_DISTANCE,OK,1.048,3.302,,0,nearest_robot=robot4
234.000,original,-,robot2,MIN_DISTANCE,OK,4.576,3.302,,0,nearest_robot=robot4
234.000,original,-,robot3,MIN_DISTANCE,OK,11.287,3.302,,0,nearest_robot=robot6
234.000,original,-,robot4,MIN_DISTANCE,OK,1.048,3.302,,0,nearest_robot=robot1
234.000,original,-,robot5,MIN_DISTANCE,OK,0.928,3.302,,0,nearest_robot=robot6
234.000,original,-,robot6,MIN_DISTANCE,OK,0.928,3.302,,0,nearest_robot=robot5
234.000,original,-,fleet,MIN_DISTANCE_AVG,OK,3.302,,,0,robots_sampled=6
235.000,original,-,robot1,MIN_DISTANCE,OK,1.048,3.302,,0,nearest_robot=robot4
235.000,original,-,robot2,MIN_DISTANCE,OK,4.576,3.302,,0,nearest_robot=robot4
235.000,original,-,robot3,MIN_DISTANCE,OK,11.286,3.302,,0,nearest_robot=robot6
235.000,original,-,robot4,MIN_DISTANCE,OK,1.048,3.302,,0,nearest_robot=robot1
235.000,original,-,robot5,MIN_DISTANCE,OK,0.928,3.302,,0,nearest_robot=robot6
235.000,original,-,robot6,MIN_DISTANCE,OK,0.928,3.302,,0,nearest_robot=robot5
235.000,original,-,fleet,MIN_DISTANCE_AVG,OK,3.302,,,0,robots_sampled=6
236.000,original,-,robot1,MIN_DISTANCE,OK,1.048,3.302,,0,nearest_robot=robot4
236.000,original,-,robot2,MIN_DISTANCE,OK,4.575,3.302,,0,nearest_robot=robot4
236.000,original,-,robot3,MIN_DISTANCE,OK,11.286,3.302,,0,nearest_robot=robot6
236.000,original,-,robot4,MIN_DISTANCE,OK,1.048,3.302,,0,nearest_robot=robot1
236.000,original,-,robot5,MIN_DISTANCE,OK,0.928,3.302,,0,nearest_robot=robot6
236.000,original,-,robot6,MIN_DISTANCE,OK,0.928,3.302,,0,nearest_robot=robot5
236.000,original,-,fleet,MIN_DISTANCE_AVG,OK,3.302,,,0,robots_sampled=6
237.000,original,-,robot1,MIN_DISTANCE,OK,1.048,3.302,,0,nearest_robot=robot4
237.000,original,-,robot2,MIN_DISTANCE,OK,4.575,3.302,,0,nearest_robot=robot4
237.000,original,-,robot3,MIN_DISTANCE,OK,11.286,3.302,,0,nearest_robot=robot6
237.000,original,-,robot4,MIN_DISTANCE,OK,1.048,3.302,,0,nearest_robot=robot1
237.000,original,-,robot5,MIN_DISTANCE,OK,0.928,3.302,,0,nearest_robot=robot6
237.000,original,-,robot6,MIN_DISTANCE,OK,0.928,3.302,,0,nearest_robot=robot5
237.000,original,-,fleet,MIN_DISTANCE_AVG,OK,3.302,,,0,robots_sampled=6
237.320,original,-,fleet,CHOMP_TIME_FULL,OK,,26.605,,0,iterations=100;iterations_executed=100;source=algorithm;round_trip=26.634299
238.000,original,-,fleet,REPLAN_FULL,OK,,,robot1|robot2|robot3|robot4|robot5|robot6,0,original_full_optimization
238.000,original,-,robot1,MIN_DISTANCE,OK,1.090,3.288,,0,nearest_robot=robot4
238.000,original,-,robot2,MIN_DISTANCE,OK,4.472,3.288,,0,nearest_robot=robot4
238.000,original,-,robot3,MIN_DISTANCE,OK,11.266,3.288,,0,nearest_robot=robot6
238.000,original,-,robot4,MIN_DISTANCE,OK,1.090,3.288,,0,nearest_robot=robot1
238.000,original,-,robot5,MIN_DISTANCE,OK,0.906,3.288,,0,nearest_robot=robot6
238.000,original,-,robot6,MIN_DISTANCE,OK,0.906,3.288,,0,nearest_robot=robot5
238.000,original,-,fleet,MIN_DISTANCE_AVG,OK,3.288,,,0,robots_sampled=6
239.000,original,-,robot1,MIN_DISTANCE,OK,1.160,3.259,,0,nearest_robot=robot4
239.000,original,-,robot2,MIN_DISTANCE,OK,4.105,3.259,,0,nearest_robot=robot4
239.000,original,-,robot3,MIN_DISTANCE,OK,11.016,3.259,,0,nearest_robot=robot6
239.000,original,-,robot4,MIN_DISTANCE,OK,1.160,3.259,,0,nearest_robot=robot1
239.000,original,-,robot5,MIN_DISTANCE,OK,1.055,3.259,,0,nearest_robot=robot6
239.000,original,-,robot6,MIN_DISTANCE,OK,1.055,3.259,,0,nearest_robot=robot5
239.000,original,-,fleet,MIN_DISTANCE_AVG,OK,3.259,,,0,robots_sampled=6
240.000,original,-,robot1,MIN_DISTANCE,OK,0.924,3.169,,0,nearest_robot=robot4
240.000,original,-,robot2,MIN_DISTANCE,OK,3.712,3.169,,0,nearest_robot=robot4
240.000,original,-,robot3,MIN_DISTANCE,OK,10.544,3.169,,0,nearest_robot=robot6
240.000,original,-,robot4,MIN_DISTANCE,OK,0.924,3.169,,0,nearest_robot=robot1
240.000,original,-,robot5,MIN_DISTANCE,OK,1.454,3.169,,0,nearest_robot=robot6
240.000,original,-,robot6,MIN_DISTANCE,OK,1.454,3.169,,0,nearest_robot=robot5
240.000,original,-,fleet,MIN_DISTANCE_AVG,OK,3.169,,,0,robots_sampled=6
241.000,original,-,robot1,MIN_DISTANCE,OK,0.596,3.081,,0,nearest_robot=robot4
241.000,original,-,robot2,MIN_DISTANCE,OK,3.368,3.081,,0,nearest_robot=robot4
241.000,original,-,robot3,MIN_DISTANCE,OK,10.152,3.081,,0,nearest_robot=robot6
241.000,original,-,robot4,MIN_DISTANCE,OK,0.596,3.081,,0,nearest_robot=robot1
241.000,original,-,robot5,MIN_DISTANCE,OK,1.886,3.081,,0,nearest_robot=robot6
241.000,original,-,robot6,MIN_DISTANCE,OK,1.886,3.081,,0,nearest_robot=robot5
241.000,original,-,fleet,MIN_DISTANCE_AVG,OK,3.081,,,0,robots_sampled=6
242.000,original,-,robot1,MIN_DISTANCE,OK,0.544,3.101,,0,nearest_robot=robot4
242.000,original,-,robot2,MIN_DISTANCE,OK,2.963,3.101,,0,nearest_robot=robot4
242.000,original,-,robot3,MIN_DISTANCE,OK,9.946,3.101,,0,nearest_robot=robot6
242.000,original,-,robot4,MIN_DISTANCE,OK,0.544,3.101,,0,nearest_robot=robot1
242.000,original,-,robot5,MIN_DISTANCE,OK,2.304,3.101,,0,nearest_robot=robot6
242.000,original,-,robot6,MIN_DISTANCE,OK,2.304,3.101,,0,nearest_robot=robot5
242.000,original,-,fleet,MIN_DISTANCE_AVG,OK,3.101,,,0,robots_sampled=6
243.000,original,-,robot1,MIN_DISTANCE,OK,0.796,3.232,,0,nearest_robot=robot4
243.000,original,-,robot2,MIN_DISTANCE,OK,2.530,3.232,,0,nearest_robot=robot4
243.000,original,-,robot3,MIN_DISTANCE,OK,9.874,3.232,,0,nearest_robot=robot6
243.000,original,-,robot4,MIN_DISTANCE,OK,0.796,3.232,,0,nearest_robot=robot1
243.000,original,-,robot5,MIN_DISTANCE,OK,2.698,3.232,,0,nearest_robot=robot6
243.000,original,-,robot6,MIN_DISTANCE,OK,2.698,3.232,,0,nearest_robot=robot5
243.000,original,-,fleet,MIN_DISTANCE_AVG,OK,3.232,,,0,robots_sampled=6
244.000,original,-,robot1,MIN_DISTANCE,OK,1.210,3.438,,0,nearest_robot=robot4
244.000,original,-,robot2,MIN_DISTANCE,OK,2.169,3.438,,0,nearest_robot=robot4
244.000,original,-,robot3,MIN_DISTANCE,OK,9.868,3.438,,0,nearest_robot=robot6
244.000,original,-,robot4,MIN_DISTANCE,OK,1.210,3.438,,0,nearest_robot=robot1
244.000,original,-,robot5,MIN_DISTANCE,OK,3.087,3.438,,0,nearest_robot=robot6
244.000,original,-,robot6,MIN_DISTANCE,OK,3.087,3.438,,0,nearest_robot=robot5
244.000,original,-,fleet,MIN_DISTANCE_AVG,OK,3.438,,,0,robots_sampled=6
245.000,original,-,robot1,MIN_DISTANCE,OK,1.482,3.609,,0,nearest_robot=robot4
245.000,original,-,robot2,MIN_DISTANCE,OK,1.792,3.609,,0,nearest_robot=robot4
245.000,original,-,robot3,MIN_DISTANCE,OK,9.921,3.609,,0,nearest_robot=robot6
245.000,original,-,robot4,MIN_DISTANCE,OK,1.482,3.609,,0,nearest_robot=robot1
245.000,original,-,robot5,MIN_DISTANCE,OK,3.487,3.609,,0,nearest_robot=robot6
245.000,original,-,robot6,MIN_DISTANCE,OK,3.487,3.609,,0,nearest_robot=robot5
245.000,original,-,fleet,MIN_DISTANCE_AVG,OK,3.609,,,0,robots_sampled=6
246.000,original,-,robot1,MIN_DISTANCE,OK,1.589,3.694,,0,nearest_robot=robot2
246.000,original,-,robot2,MIN_DISTANCE,OK,1.407,3.694,,0,nearest_robot=robot4
246.000,original,-,robot3,MIN_DISTANCE,OK,9.956,3.694,,0,nearest_robot=robot6
246.000,original,-,robot4,MIN_DISTANCE,OK,1.407,3.694,,0,nearest_robot=robot2
246.000,original,-,robot5,MIN_DISTANCE,OK,3.904,3.694,,0,nearest_robot=robot6
246.000,original,-,robot6,MIN_DISTANCE,OK,3.904,3.694,,0,nearest_robot=robot5
246.000,original,-,fleet,MIN_DISTANCE_AVG,OK,3.694,,,0,robots_sampled=6
247.000,original,-,robot1,MIN_DISTANCE,OK,1.304,3.689,,0,nearest_robot=robot2
247.000,original,-,robot2,MIN_DISTANCE,OK,1.063,3.689,,0,nearest_robot=robot4
247.000,original,-,robot3,MIN_DISTANCE,OK,10.065,3.689,,0,nearest_robot=robot6
247.000,original,-,robot4,MIN_DISTANCE,OK,1.063,3.689,,0,nearest_robot=robot2
247.000,original,-,robot5,MIN_DISTANCE,OK,4.319,3.689,,0,nearest_robot=robot6
247.000,original,-,robot6,MIN_DISTANCE,OK,4.319,3.689,,0,nearest_robot=robot5
247.000,original,-,fleet,MIN_DISTANCE_AVG,OK,3.689,,,0,robots_sampled=6
248.000,original,-,robot1,MIN_DISTANCE,OK,1.148,3.753,,0,nearest_robot=robot2
248.000,original,-,robot2,MIN_DISTANCE,OK,0.910,3.753,,0,nearest_robot=robot4
248.000,original,-,robot3,MIN_DISTANCE,OK,10.122,3.753,,0,nearest_robot=robot6
248.000,original,-,robot4,MIN_DISTANCE,OK,0.910,3.753,,0,nearest_robot=robot2
248.000,original,-,robot5,MIN_DISTANCE,OK,4.716,3.753,,0,nearest_robot=robot6
248.000,original,-,robot6,MIN_DISTANCE,OK,4.716,3.753,,0,nearest_robot=robot5
248.000,original,-,fleet,MIN_DISTANCE_AVG,OK,3.753,,,0,robots_sampled=6
249.000,original,-,robot1,MIN_DISTANCE,OK,1.003,3.845,,0,nearest_robot=robot2
249.000,original,-,robot2,MIN_DISTANCE,OK,0.786,3.845,,0,nearest_robot=robot4
249.000,original,-,robot3,MIN_DISTANCE,OK,10.238,3.845,,0,nearest_robot=robot6
249.000,original,-,robot4,MIN_DISTANCE,OK,0.786,3.845,,0,nearest_robot=robot2
249.000,original,-,robot5,MIN_DISTANCE,OK,5.129,3.845,,0,nearest_robot=robot6
249.000,original,-,robot6,MIN_DISTANCE,OK,5.129,3.845,,0,nearest_robot=robot5
249.000,original,-,fleet,MIN_DISTANCE_AVG,OK,3.845,,,0,robots_sampled=6
250.000,original,-,robot1,MIN_DISTANCE,OK,1.000,3.980,,0,nearest_robot=robot2
250.000,original,-,robot2,MIN_DISTANCE,OK,0.701,3.980,,0,nearest_robot=robot4
250.000,original,-,robot3,MIN_DISTANCE,OK,10.323,3.980,,0,nearest_robot=robot6
250.000,original,-,robot4,MIN_DISTANCE,OK,0.701,3.980,,0,nearest_robot=robot2
250.000,original,-,robot5,MIN_DISTANCE,OK,5.577,3.980,,0,nearest_robot=robot6
250.000,original,-,robot6,MIN_DISTANCE,OK,5.577,3.980,,0,nearest_robot=robot5
250.000,original,-,fleet,MIN_DISTANCE_AVG,OK,3.980,,,0,robots_sampled=6
251.000,original,-,robot1,MIN_DISTANCE,OK,1.175,4.175,,0,nearest_robot=robot2
251.000,original,-,robot2,MIN_DISTANCE,OK,0.724,4.175,,0,nearest_robot=robot4
251.000,original,-,robot3,MIN_DISTANCE,OK,10.424,4.175,,0,nearest_robot=robot6
251.000,original,-,robot4,MIN_DISTANCE,OK,0.724,4.175,,0,nearest_robot=robot2
251.000,original,-,robot5,MIN_DISTANCE,OK,6.003,4.175,,0,nearest_robot=robot6
251.000,original,-,robot6,MIN_DISTANCE,OK,6.003,4.175,,0,nearest_robot=robot5
251.000,original,-,fleet,MIN_DISTANCE_AVG,OK,4.175,,,0,robots_sampled=6
252.000,original,-,robot1,MIN_DISTANCE,OK,1.466,4.413,,0,nearest_robot=robot2
252.000,original,-,robot2,MIN_DISTANCE,OK,0.833,4.413,,0,nearest_robot=robot4
252.000,original,-,robot3,MIN_DISTANCE,OK,10.527,4.413,,0,nearest_robot=robot6
252.000,original,-,robot4,MIN_DISTANCE,OK,0.833,4.413,,0,nearest_robot=robot2
252.000,original,-,robot5,MIN_DISTANCE,OK,6.408,4.413,,0,nearest_robot=robot6
252.000,original,-,robot6,MIN_DISTANCE,OK,6.408,4.413,,0,nearest_robot=robot5
252.000,original,-,fleet,MIN_DISTANCE_AVG,OK,4.413,,,0,robots_sampled=6
253.000,original,-,robot1,MIN_DISTANCE,OK,1.658,4.634,,0,nearest_robot=robot4
253.000,original,-,robot2,MIN_DISTANCE,OK,0.985,4.634,,0,nearest_robot=robot4
253.000,original,-,robot3,MIN_DISTANCE,OK,10.548,4.634,,0,nearest_robot=robot6
253.000,original,-,robot4,MIN_DISTANCE,OK,0.985,4.634,,0,nearest_robot=robot2
253.000,original,-,robot5,MIN_DISTANCE,OK,6.815,4.634,,0,nearest_robot=robot6
253.000,original,-,robot6,MIN_DISTANCE,OK,6.815,4.634,,0,nearest_robot=robot5
253.000,original,-,fleet,MIN_DISTANCE_AVG,OK,4.634,,,0,robots_sampled=6
254.000,original,-,robot1,MIN_DISTANCE,OK,1.649,4.797,,0,nearest_robot=robot4
254.000,original,-,robot2,MIN_DISTANCE,OK,1.025,4.797,,0,nearest_robot=robot4
254.000,original,-,robot3,MIN_DISTANCE,OK,10.610,4.797,,0,nearest_robot=robot6
254.000,original,-,robot4,MIN_DISTANCE,OK,1.025,4.797,,0,nearest_robot=robot2
254.000,original,-,robot5,MIN_DISTANCE,OK,7.236,4.797,,0,nearest_robot=robot6
254.000,original,-,robot6,MIN_DISTANCE,OK,7.236,4.797,,0,nearest_robot=robot5
254.000,original,-,fleet,MIN_DISTANCE_AVG,OK,4.797,,,0,robots_sampled=6
255.000,original,-,robot1,MIN_DISTANCE,OK,1.641,4.934,,0,nearest_robot=robot4
255.000,original,-,robot2,MIN_DISTANCE,OK,1.008,4.934,,0,nearest_robot=robot4
255.000,original,-,robot3,MIN_DISTANCE,OK,10.641,4.934,,0,nearest_robot=robot6
255.000,original,-,robot4,MIN_DISTANCE,OK,1.008,4.934,,0,nearest_robot=robot2
255.000,original,-,robot5,MIN_DISTANCE,OK,7.653,4.934,,0,nearest_robot=robot6
255.000,original,-,robot6,MIN_DISTANCE,OK,7.653,4.934,,0,nearest_robot=robot5
255.000,original,-,fleet,MIN_DISTANCE_AVG,OK,4.934,,,0,robots_sampled=6
256.000,original,-,robot1,MIN_DISTANCE,OK,1.635,5.077,,0,nearest_robot=robot4
256.000,original,-,robot2,MIN_DISTANCE,OK,1.035,5.077,,0,nearest_robot=robot4
256.000,original,-,robot3,MIN_DISTANCE,OK,10.579,5.077,,0,nearest_robot=robot4
256.000,original,-,robot4,MIN_DISTANCE,OK,1.035,5.077,,0,nearest_robot=robot2
256.000,original,-,robot5,MIN_DISTANCE,OK,8.091,5.077,,0,nearest_robot=robot6
256.000,original,-,robot6,MIN_DISTANCE,OK,8.091,5.077,,0,nearest_robot=robot5
256.000,original,-,fleet,MIN_DISTANCE_AVG,OK,5.077,,,0,robots_sampled=6
257.000,original,-,robot1,MIN_DISTANCE,OK,1.635,5.145,,0,nearest_robot=robot4
257.000,original,-,robot2,MIN_DISTANCE,OK,1.009,5.145,,0,nearest_robot=robot4
257.000,original,-,robot3,MIN_DISTANCE,OK,10.165,5.145,,0,nearest_robot=robot4
257.000,original,-,robot4,MIN_DISTANCE,OK,1.009,5.145,,0,nearest_robot=robot2
257.000,original,-,robot5,MIN_DISTANCE,OK,8.526,5.145,,0,nearest_robot=robot6
257.000,original,-,robot6,MIN_DISTANCE,OK,8.526,5.145,,0,nearest_robot=robot5
257.000,original,-,fleet,MIN_DISTANCE_AVG,OK,5.145,,,0,robots_sampled=6
258.000,original,-,robot1,MIN_DISTANCE,OK,1.635,5.216,,0,nearest_robot=robot4
258.000,original,-,robot2,MIN_DISTANCE,OK,1.010,5.216,,0,nearest_robot=robot4
258.000,original,-,robot3,MIN_DISTANCE,OK,9.757,5.216,,0,nearest_robot=robot4
258.000,original,-,robot4,MIN_DISTANCE,OK,1.010,5.216,,0,nearest_robot=robot2
258.000,original,-,robot5,MIN_DISTANCE,OK,8.943,5.216,,0,nearest_robot=robot6
258.000,original,-,robot6,MIN_DISTANCE,OK,8.943,5.216,,0,nearest_robot=robot5
258.000,original,-,fleet,MIN_DISTANCE_AVG,OK,5.216,,,0,robots_sampled=6
259.000,original,-,robot1,MIN_DISTANCE,OK,1.636,5.288,,0,nearest_robot=robot4
259.000,original,-,robot2,MIN_DISTANCE,OK,1.010,5.288,,0,nearest_robot=robot4
259.000,original,-,robot3,MIN_DISTANCE,OK,9.362,5.288,,0,nearest_robot=robot4
259.000,original,-,robot4,MIN_DISTANCE,OK,1.010,5.288,,0,nearest_robot=robot2
259.000,original,-,robot5,MIN_DISTANCE,OK,9.357,5.288,,0,nearest_robot=robot6
259.000,original,-,robot6,MIN_DISTANCE,OK,9.357,5.288,,0,nearest_robot=robot5
259.000,original,-,fleet,MIN_DISTANCE_AVG,OK,5.288,,,0,robots_sampled=6
260.000,original,-,robot1,MIN_DISTANCE,OK,1.636,5.352,,0,nearest_robot=robot4
260.000,original,-,robot2,MIN_DISTANCE,OK,1.010,5.352,,0,nearest_robot=robot4
260.000,original,-,robot3,MIN_DISTANCE,OK,8.929,5.352,,0,nearest_robot=robot4
260.000,original,-,robot4,MIN_DISTANCE,OK,1.010,5.352,,0,nearest_robot=robot2
260.000,original,-,robot5,MIN_DISTANCE,OK,9.764,5.352,,0,nearest_robot=robot6
260.000,original,-,robot6,MIN_DISTANCE,OK,9.764,5.352,,0,nearest_robot=robot5
260.000,original,-,fleet,MIN_DISTANCE_AVG,OK,5.352,,,0,robots_sampled=6
261.000,original,-,robot1,MIN_DISTANCE,OK,1.636,5.432,,0,nearest_robot=robot4
261.000,original,-,robot2,MIN_DISTANCE,OK,1.010,5.432,,0,nearest_robot=robot4
261.000,original,-,robot3,MIN_DISTANCE,OK,8.519,5.432,,0,nearest_robot=robot4
261.000,original,-,robot4,MIN_DISTANCE,OK,1.010,5.432,,0,nearest_robot=robot2
261.000,original,-,robot5,MIN_DISTANCE,OK,10.209,5.432,,0,nearest_robot=robot6
261.000,original,-,robot6,MIN_DISTANCE,OK,10.209,5.432,,0,nearest_robot=robot5
261.000,original,-,fleet,MIN_DISTANCE_AVG,OK,5.432,,,0,robots_sampled=6
262.000,original,-,robot1,MIN_DISTANCE,OK,1.636,5.425,,0,nearest_robot=robot4
262.000,original,-,robot2,MIN_DISTANCE,OK,1.010,5.425,,0,nearest_robot=robot4
262.000,original,-,robot3,MIN_DISTANCE,OK,8.143,5.425,,0,nearest_robot=robot4
262.000,original,-,robot4,MIN_DISTANCE,OK,1.010,5.425,,0,nearest_robot=robot2
262.000,original,-,robot5,MIN_DISTANCE,OK,10.650,5.425,,0,nearest_robot=robot6
262.000,original,-,robot6,MIN_DISTANCE,OK,10.104,5.425,,0,nearest_robot=robot3
262.000,original,-,fleet,MIN_DISTANCE_AVG,OK,5.425,,,0,robots_sampled=6
263.000,original,-,robot1,MIN_DISTANCE,OK,1.636,5.427,,0,nearest_robot=robot4
263.000,original,-,robot2,MIN_DISTANCE,OK,1.010,5.427,,0,nearest_robot=robot4
263.000,original,-,robot3,MIN_DISTANCE,OK,7.770,5.427,,0,nearest_robot=robot4
263.000,original,-,robot4,MIN_DISTANCE,OK,1.010,5.427,,0,nearest_robot=robot2
263.000,original,-,robot5,MIN_DISTANCE,OK,11.099,5.427,,0,nearest_robot=robot6
263.000,original,-,robot6,MIN_DISTANCE,OK,10.040,5.427,,0,nearest_robot=robot3
263.000,original,-,fleet,MIN_DISTANCE_AVG,OK,5.427,,,0,robots_sampled=6
263.060,original,-,fleet,CHOMP_TIME_FULL,OK,,26.579,,0,iterations=100;iterations_executed=100;source=algorithm;round_trip=26.600907
264.000,original,-,fleet,REPLAN_FULL,OK,,,robot1|robot2|robot3|robot4|robot5|robot6,0,original_full_optimization
264.000,original,-,robot1,MIN_DISTANCE,OK,1.636,5.445,,0,nearest_robot=robot4
264.000,original,-,robot2,MIN_DISTANCE,OK,1.010,5.445,,0,nearest_robot=robot4
264.000,original,-,robot3,MIN_DISTANCE,OK,7.564,5.445,,0,nearest_robot=robot4
264.000,original,-,robot4,MIN_DISTANCE,OK,1.010,5.445,,0,nearest_robot=robot2
264.000,original,-,robot5,MIN_DISTANCE,OK,11.529,5.445,,0,nearest_robot=robot6
264.000,original,-,robot6,MIN_DISTANCE,OK,9.923,5.445,,0,nearest_robot=robot3
264.000,original,-,fleet,MIN_DISTANCE_AVG,OK,5.445,,,0,robots_sampled=6
265.000,original,-,robot1,MIN_DISTANCE,OK,1.636,5.478,,0,nearest_robot=robot4
265.000,original,-,robot2,MIN_DISTANCE,OK,1.010,5.478,,0,nearest_robot=robot4
265.000,original,-,robot3,MIN_DISTANCE,OK,7.514,5.478,,0,nearest_robot=robot4
265.000,original,-,robot4,MIN_DISTANCE,OK,1.010,5.478,,0,nearest_robot=robot2
265.000,original,-,robot5,MIN_DISTANCE,OK,11.976,5.478,,0,nearest_robot=robot6
265.000,original,-,robot6,MIN_DISTANCE,OK,9.722,5.478,,0,nearest_robot=robot3
265.000,original,-,fleet,MIN_DISTANCE_AVG,OK,5.478,,,0,robots_sampled=6
266.000,original,-,robot1,MIN_DISTANCE,OK,1.636,5.519,,0,nearest_robot=robot4
266.000,original,-,robot2,MIN_DISTANCE,OK,1.010,5.519,,0,nearest_robot=robot4
266.000,original,-,robot3,MIN_DISTANCE,OK,7.526,5.519,,0,nearest_robot=robot4
266.000,original,-,robot4,MIN_DISTANCE,OK,1.010,5.519,,0,nearest_robot=robot2
266.000,original,-,robot5,MIN_DISTANCE,OK,12.411,5.519,,0,nearest_robot=robot6
266.000,original,-,robot6,MIN_DISTANCE,OK,9.521,5.519,,0,nearest_robot=robot3
266.000,original,-,fleet,MIN_DISTANCE_AVG,OK,5.519,,,0,robots_sampled=6
267.000,original,-,robot1,MIN_DISTANCE,OK,1.636,5.547,,0,nearest_robot=robot4
267.000,original,-,robot2,MIN_DISTANCE,OK,1.010,5.547,,0,nearest_robot=robot4
267.000,original,-,robot3,MIN_DISTANCE,OK,7.406,5.547,,0,nearest_robot=robot4
267.000,original,-,robot4,MIN_DISTANCE,OK,1.010,5.547,,0,nearest_robot=robot2
267.000,original,-,robot5,MIN_DISTANCE,OK,12.856,5.547,,0,nearest_robot=robot6
267.000,original,-,robot6,MIN_DISTANCE,OK,9.367,5.547,,0,nearest_robot=robot3
267.000,original,-,fleet,MIN_DISTANCE_AVG,OK,5.547,,,0,robots_sampled=6
268.000,original,-,robot1,MIN_DISTANCE,OK,1.636,5.564,,0,nearest_robot=robot4
268.000,original,-,robot2,MIN_DISTANCE,OK,1.010,5.564,,0,nearest_robot=robot4
268.000,original,-,robot3,MIN_DISTANCE,OK,7.156,5.564,,0,nearest_robot=robot4
268.000,original,-,robot4,MIN_DISTANCE,OK,1.010,5.564,,0,nearest_robot=robot2
268.000,original,-,robot5,MIN_DISTANCE,OK,13.323,5.564,,0,nearest_robot=robot6
268.000,original,-,robot6,MIN_DISTANCE,OK,9.251,5.564,,0,nearest_robot=robot3
268.000,original,-,fleet,MIN_DISTANCE_AVG,OK,5.564,,,0,robots_sampled=6
269.000,original,-,robot1,MIN_DISTANCE,OK,1.636,5.605,,0,nearest_robot=robot4
269.000,original,-,robot2,MIN_DISTANCE,OK,1.010,5.605,,0,nearest_robot=robot4
269.000,original,-,robot3,MIN_DISTANCE,OK,7.127,5.605,,0,nearest_robot=robot4
269.000,original,-,robot4,MIN_DISTANCE,OK,1.010,5.605,,0,nearest_robot=robot2
269.000,original,-,robot5,MIN_DISTANCE,OK,13.755,5.605,,0,nearest_robot=robot6
269.000,original,-,robot6,MIN_DISTANCE,OK,9.090,5.605,,0,nearest_robot=robot3
269.000,original,-,fleet,MIN_DISTANCE_AVG,OK,5.605,,,0,robots_sampled=6
270.000,original,-,robot1,MIN_DISTANCE,OK,1.636,5.640,,0,nearest_robot=robot4
270.000,original,-,robot2,MIN_DISTANCE,OK,1.010,5.640,,0,nearest_robot=robot4
270.000,original,-,robot3,MIN_DISTANCE,OK,7.127,5.640,,0,nearest_robot=robot4
270.000,original,-,robot4,MIN_DISTANCE,OK,1.010,5.640,,0,nearest_robot=robot2
270.000,original,-,robot5,MIN_DISTANCE,OK,14.069,5.640,,0,nearest_robot=robot6
270.000,original,-,robot6,MIN_DISTANCE,OK,8.987,5.640,,0,nearest_robot=robot3
270.000,original,-,fleet,MIN_DISTANCE_AVG,OK,5.640,,,0,robots_sampled=6
271.000,original,-,robot1,MIN_DISTANCE,OK,1.636,5.653,,0,nearest_robot=robot4
271.000,original,-,robot2,MIN_DISTANCE,OK,1.010,5.653,,0,nearest_robot=robot4
271.000,original,-,robot3,MIN_DISTANCE,OK,7.127,5.653,,0,nearest_robot=robot4
271.000,original,-,robot4,MIN_DISTANCE,OK,1.010,5.653,,0,nearest_robot=robot2
271.000,original,-,robot5,MIN_DISTANCE,OK,14.172,5.653,,0,nearest_robot=robot6
271.000,original,-,robot6,MIN_DISTANCE,OK,8.962,5.653,,0,nearest_robot=robot3
271.000,original,-,fleet,MIN_DISTANCE_AVG,OK,5.653,,,0,robots_sampled=6
272.000,original,-,robot1,MIN_DISTANCE,OK,1.636,5.650,,0,nearest_robot=robot4
272.000,original,-,robot2,MIN_DISTANCE,OK,1.010,5.650,,0,nearest_robot=robot4
272.000,original,-,robot3,MIN_DISTANCE,OK,7.126,5.650,,0,nearest_robot=robot4
272.000,original,-,robot4,MIN_DISTANCE,OK,1.010,5.650,,0,nearest_robot=robot2
272.000,original,-,robot5,MIN_DISTANCE,OK,14.158,5.650,,0,nearest_robot=robot6
272.000,original,-,robot6,MIN_DISTANCE,OK,8.959,5.650,,0,nearest_robot=robot3
272.000,original,-,fleet,MIN_DISTANCE_AVG,OK,5.650,,,0,robots_sampled=6
273.000,original,-,robot1,MIN_DISTANCE,OK,1.636,5.647,,0,nearest_robot=robot4
273.000,original,-,robot2,MIN_DISTANCE,OK,1.010,5.647,,0,nearest_robot=robot4
273.000,original,-,robot3,MIN_DISTANCE,OK,7.126,5.647,,0,nearest_robot=robot4
273.000,original,-,robot4,MIN_DISTANCE,OK,1.010,5.647,,0,nearest_robot=robot2
273.000,original,-,robot5,MIN_DISTANCE,OK,14.130,5.647,,0,nearest_robot=robot6
273.000,original,-,robot6,MIN_DISTANCE,OK,8.971,5.647,,0,nearest_robot=robot3
273.000,original,-,fleet,MIN_DISTANCE_AVG,OK,5.647,,,0,robots_sampled=6
274.000,original,-,robot1,MIN_DISTANCE,OK,1.636,5.647,,0,nearest_robot=robot4
274.000,original,-,robot2,MIN_DISTANCE,OK,1.010,5.647,,0,nearest_robot=robot4
274.000,original,-,robot3,MIN_DISTANCE,OK,7.126,5.647,,0,nearest_robot=robot4
274.000,original,-,robot4,MIN_DISTANCE,OK,1.010,5.647,,0,nearest_robot=robot2
274.000,original,-,robot5,MIN_DISTANCE,OK,14.135,5.647,,0,nearest_robot=robot6
274.000,original,-,robot6,MIN_DISTANCE,OK,8.965,5.647,,0,nearest_robot=robot3
274.000,original,-,fleet,MIN_DISTANCE_AVG,OK,5.647,,,0,robots_sampled=6
275.000,original,-,robot1,MIN_DISTANCE,OK,1.636,5.653,,0,nearest_robot=robot4
275.000,original,-,robot2,MIN_DISTANCE,OK,1.010,5.653,,0,nearest_robot=robot4
275.000,original,-,robot3,MIN_DISTANCE,OK,7.126,5.653,,0,nearest_robot=robot4
275.000,original,-,robot4,MIN_DISTANCE,OK,1.010,5.653,,0,nearest_robot=robot2
275.000,original,-,robot5,MIN_DISTANCE,OK,14.318,5.653,,0,nearest_robot=robot6
275.000,original,-,robot6,MIN_DISTANCE,OK,8.820,5.653,,0,nearest_robot=robot3
275.000,original,-,fleet,MIN_DISTANCE_AVG,OK,5.653,,,0,robots_sampled=6
276.000,original,-,robot1,MIN_DISTANCE,OK,1.636,5.661,,0,nearest_robot=robot4
276.000,original,-,robot2,MIN_DISTANCE,OK,1.009,5.661,,0,nearest_robot=robot4
276.000,original,-,robot3,MIN_DISTANCE,OK,7.126,5.661,,0,nearest_robot=robot4
276.000,original,-,robot4,MIN_DISTANCE,OK,1.009,5.661,,0,nearest_robot=robot2
276.000,original,-,robot5,MIN_DISTANCE,OK,14.710,5.661,,0,nearest_robot=robot6
276.000,original,-,robot6,MIN_DISTANCE,OK,8.473,5.661,,0,nearest_robot=robot3
276.000,original,-,fleet,MIN_DISTANCE_AVG,OK,5.661,,,0,robots_sampled=6
277.000,original,-,robot1,MIN_DISTANCE,OK,1.637,5.682,,0,nearest_robot=robot4
277.000,original,-,robot2,MIN_DISTANCE,OK,1.009,5.682,,0,nearest_robot=robot4
277.000,original,-,robot3,MIN_DISTANCE,OK,7.126,5.682,,0,nearest_robot=robot4
277.000,original,-,robot4,MIN_DISTANCE,OK,1.009,5.682,,0,nearest_robot=robot2
277.000,original,-,robot5,MIN_DISTANCE,OK,15.102,5.682,,0,nearest_robot=robot6
277.000,original,-,robot6,MIN_DISTANCE,OK,8.211,5.682,,0,nearest_robot=robot3
277.000,original,-,fleet,MIN_DISTANCE_AVG,OK,5.682,,,0,robots_sampled=6
278.000,original,-,robot1,MIN_DISTANCE,OK,1.637,5.705,,0,nearest_robot=robot4
278.000,original,-,robot2,MIN_DISTANCE,OK,1.009,5.705,,0,nearest_robot=robot4
278.000,original,-,robot3,MIN_DISTANCE,OK,7.126,5.705,,0,nearest_robot=robot4
278.000,original,-,robot4,MIN_DISTANCE,OK,1.009,5.705,,0,nearest_robot=robot2
278.000,original,-,robot5,MIN_DISTANCE,OK,15.372,5.705,,0,nearest_robot=robot6
278.000,original,-,robot6,MIN_DISTANCE,OK,8.078,5.705,,0,nearest_robot=robot2
278.000,original,-,fleet,MIN_DISTANCE_AVG,OK,5.705,,,0,robots_sampled=6
279.000,original,-,robot1,MIN_DISTANCE,OK,1.637,5.709,,0,nearest_robot=robot4
279.000,original,-,robot2,MIN_DISTANCE,OK,1.009,5.709,,0,nearest_robot=robot4
279.000,original,-,robot3,MIN_DISTANCE,OK,7.126,5.709,,0,nearest_robot=robot4
279.000,original,-,robot4,MIN_DISTANCE,OK,1.009,5.709,,0,nearest_robot=robot2
279.000,original,-,robot5,MIN_DISTANCE,OK,15.701,5.709,,0,nearest_robot=robot6
279.000,original,-,robot6,MIN_DISTANCE,OK,7.770,5.709,,0,nearest_robot=robot2
279.000,original,-,fleet,MIN_DISTANCE_AVG,OK,5.709,,,0,robots_sampled=6
280.000,original,-,robot1,MIN_DISTANCE,OK,1.637,5.716,,0,nearest_robot=robot4
280.000,original,-,robot2,MIN_DISTANCE,OK,1.009,5.716,,0,nearest_robot=robot4
280.000,original,-,robot3,MIN_DISTANCE,OK,7.125,5.716,,0,nearest_robot=robot4
280.000,original,-,robot4,MIN_DISTANCE,OK,1.009,5.716,,0,nearest_robot=robot2
280.000,original,-,robot5,MIN_DISTANCE,OK,16.076,5.716,,0,nearest_robot=robot6
280.000,original,-,robot6,MIN_DISTANCE,OK,7.437,5.716,,0,nearest_robot=robot2
280.000,original,-,fleet,MIN_DISTANCE_AVG,OK,5.716,,,0,robots_sampled=6
281.000,original,-,robot1,MIN_DISTANCE,OK,1.637,5.729,,0,nearest_robot=robot4
281.000,original,-,robot2,MIN_DISTANCE,OK,1.009,5.729,,0,nearest_robot=robot4
281.000,original,-,robot3,MIN_DISTANCE,OK,7.125,5.729,,0,nearest_robot=robot4
281.000,original,-,robot4,MIN_DISTANCE,OK,1.009,5.729,,0,nearest_robot=robot2
281.000,original,-,robot5,MIN_DISTANCE,OK,16.476,5.729,,0,nearest_robot=robot6
281.000,original,-,robot6,MIN_DISTANCE,OK,7.115,5.729,,0,nearest_robot=robot2
281.000,original,-,fleet,MIN_DISTANCE_AVG,OK,5.729,,,0,robots_sampled=6
282.000,original,-,robot1,MIN_DISTANCE,OK,1.637,5.742,,0,nearest_robot=robot4
282.000,original,-,robot2,MIN_DISTANCE,OK,1.009,5.742,,0,nearest_robot=robot4
282.000,original,-,robot3,MIN_DISTANCE,OK,7.125,5.742,,0,nearest_robot=robot4
282.000,original,-,robot4,MIN_DISTANCE,OK,1.009,5.742,,0,nearest_robot=robot2
282.000,original,-,robot5,MIN_DISTANCE,OK,16.875,5.742,,0,nearest_robot=robot6
282.000,original,-,robot6,MIN_DISTANCE,OK,6.797,5.742,,0,nearest_robot=robot2
282.000,original,-,fleet,MIN_DISTANCE_AVG,OK,5.742,,,0,robots_sampled=6
283.000,original,-,robot1,MIN_DISTANCE,OK,1.637,5.751,,0,nearest_robot=robot4
283.000,original,-,robot2,MIN_DISTANCE,OK,1.009,5.751,,0,nearest_robot=robot4
283.000,original,-,robot3,MIN_DISTANCE,OK,7.125,5.751,,0,nearest_robot=robot4
283.000,original,-,robot4,MIN_DISTANCE,OK,1.009,5.751,,0,nearest_robot=robot2
283.000,original,-,robot5,MIN_DISTANCE,OK,17.215,5.751,,0,nearest_robot=robot6
283.000,original,-,robot6,MIN_DISTANCE,OK,6.508,5.751,,0,nearest_robot=robot2
283.000,original,-,fleet,MIN_DISTANCE_AVG,OK,5.751,,,0,robots_sampled=6
284.000,original,-,robot1,MIN_DISTANCE,OK,1.637,5.760,,0,nearest_robot=robot4
284.000,original,-,robot2,MIN_DISTANCE,OK,1.009,5.760,,0,nearest_robot=robot4
284.000,original,-,robot3,MIN_DISTANCE,OK,7.125,5.760,,0,nearest_robot=robot4
284.000,original,-,robot4,MIN_DISTANCE,OK,1.009,5.760,,0,nearest_robot=robot2
284.000,original,-,robot5,MIN_DISTANCE,OK,17.521,5.760,,0,nearest_robot=robot6
284.000,original,-,robot6,MIN_DISTANCE,OK,6.262,5.760,,0,nearest_robot=robot2
284.000,original,-,fleet,MIN_DISTANCE_AVG,OK,5.760,,,0,robots_sampled=6
285.000,original,-,robot1,MIN_DISTANCE,OK,1.637,5.767,,0,nearest_robot=robot4
285.000,original,-,robot2,MIN_DISTANCE,OK,1.009,5.767,,0,nearest_robot=robot4
285.000,original,-,robot3,MIN_DISTANCE,OK,7.125,5.767,,0,nearest_robot=robot4
285.000,original,-,robot4,MIN_DISTANCE,OK,1.009,5.767,,0,nearest_robot=robot2
285.000,original,-,robot5,MIN_DISTANCE,OK,17.757,5.767,,0,nearest_robot=robot6
285.000,original,-,robot6,MIN_DISTANCE,OK,6.064,5.767,,0,nearest_robot=robot2
285.000,original,-,fleet,MIN_DISTANCE_AVG,OK,5.767,,,0,robots_sampled=6
286.000,original,-,robot1,MIN_DISTANCE,OK,1.637,5.775,,0,nearest_robot=robot4
286.000,original,-,robot2,MIN_DISTANCE,OK,1.009,5.775,,0,nearest_robot=robot4
286.000,original,-,robot3,MIN_DISTANCE,OK,7.125,5.775,,0,nearest_robot=robot4
286.000,original,-,robot4,MIN_DISTANCE,OK,1.009,5.775,,0,nearest_robot=robot2
286.000,original,-,robot5,MIN_DISTANCE,OK,18.009,5.775,,0,nearest_robot=robot6
286.000,original,-,robot6,MIN_DISTANCE,OK,5.859,5.775,,0,nearest_robot=robot2
286.000,original,-,fleet,MIN_DISTANCE_AVG,OK,5.775,,,0,robots_sampled=6
287.000,original,-,robot1,MIN_DISTANCE,OK,1.637,5.778,,0,nearest_robot=robot4
287.000,original,-,robot2,MIN_DISTANCE,OK,1.009,5.778,,0,nearest_robot=robot4
287.000,original,-,robot3,MIN_DISTANCE,OK,7.124,5.778,,0,nearest_robot=robot4
287.000,original,-,robot4,MIN_DISTANCE,OK,1.009,5.778,,0,nearest_robot=robot2
287.000,original,-,robot5,MIN_DISTANCE,OK,18.162,5.778,,0,nearest_robot=robot6
287.000,original,-,robot6,MIN_DISTANCE,OK,5.727,5.778,,0,nearest_robot=robot2
287.000,original,-,fleet,MIN_DISTANCE_AVG,OK,5.778,,,0,robots_sampled=6
288.000,original,-,robot1,MIN_DISTANCE,OK,1.637,5.774,,0,nearest_robot=robot4
288.000,original,-,robot2,MIN_DISTANCE,OK,1.009,5.774,,0,nearest_robot=robot4
288.000,original,-,robot3,MIN_DISTANCE,OK,7.124,5.774,,0,nearest_robot=robot4
288.000,original,-,robot4,MIN_DISTANCE,OK,1.009,5.774,,0,nearest_robot=robot2
288.000,original,-,robot5,MIN_DISTANCE,OK,18.457,5.774,,0,nearest_robot=robot6
288.000,original,-,robot6,MIN_DISTANCE,OK,5.405,5.774,,0,nearest_robot=robot2
288.000,original,-,fleet,MIN_DISTANCE_AVG,OK,5.774,,,0,robots_sampled=6
288.870,original,-,fleet,CHOMP_TIME_FULL,OK,,25.864,,0,iterations=100;iterations_executed=100;source=algorithm;round_trip=25.885342
289.000,original,-,robot1,MIN_DISTANCE,OK,1.635,5.717,,0,nearest_robot=robot4
289.000,original,-,robot2,MIN_DISTANCE,OK,1.012,5.717,,0,nearest_robot=robot4
289.000,original,-,robot3,MIN_DISTANCE,OK,7.124,5.717,,0,nearest_robot=robot4
289.000,original,-,robot4,MIN_DISTANCE,OK,1.012,5.717,,0,nearest_robot=robot2
289.000,original,-,robot5,MIN_DISTANCE,OK,18.589,5.717,,0,nearest_robot=robot3
289.000,original,-,robot6,MIN_DISTANCE,OK,4.928,5.717,,0,nearest_robot=robot2
289.000,original,-,fleet,MIN_DISTANCE_AVG,OK,5.717,,,0,robots_sampled=6
289.500,original,-,fleet,REPLAN_FULL,OK,,,robot1|robot2|robot3|robot4|robot5|robot6,0,original_full_optimization
290.000,original,-,robot1,MIN_DISTANCE,OK,1.516,5.691,,0,nearest_robot=robot4
290.000,original,-,robot2,MIN_DISTANCE,OK,1.235,5.691,,0,nearest_robot=robot4
290.000,original,-,robot3,MIN_DISTANCE,OK,7.118,5.691,,0,nearest_robot=robot4
290.000,original,-,robot4,MIN_DISTANCE,OK,1.235,5.691,,0,nearest_robot=robot2
290.000,original,-,robot5,MIN_DISTANCE,OK,18.593,5.691,,0,nearest_robot=robot3
290.000,original,-,robot6,MIN_DISTANCE,OK,4.451,5.691,,0,nearest_robot=robot2
290.000,original,-,fleet,MIN_DISTANCE_AVG,OK,5.691,,,0,robots_sampled=6
291.000,original,-,robot1,MIN_DISTANCE,OK,1.483,5.710,,0,nearest_robot=robot4
291.000,original,-,robot2,MIN_DISTANCE,OK,1.649,5.710,,0,nearest_robot=robot4
291.000,original,-,robot3,MIN_DISTANCE,OK,7.054,5.710,,0,nearest_robot=robot4
291.000,original,-,robot4,MIN_DISTANCE,OK,1.483,5.710,,0,nearest_robot=robot1
291.000,original,-,robot5,MIN_DISTANCE,OK,18.599,5.710,,0,nearest_robot=robot3
291.000,original,-,robot6,MIN_DISTANCE,OK,3.993,5.710,,0,nearest_robot=robot2
291.000,original,-,fleet,MIN_DISTANCE_AVG,OK,5.710,,,0,robots_sampled=6
292.000,original,-,robot1,MIN_DISTANCE,OK,1.490,5.700,,0,nearest_robot=robot4
292.000,original,-,robot2,MIN_DISTANCE,OK,2.198,5.700,,0,nearest_robot=robot4
292.000,original,-,robot3,MIN_DISTANCE,OK,6.819,5.700,,0,nearest_robot=robot4
292.000,original,-,robot4,MIN_DISTANCE,OK,1.490,5.700,,0,nearest_robot=robot1
292.000,original,-,robot5,MIN_DISTANCE,OK,18.602,5.700,,0,nearest_robot=robot3
292.000,original,-,robot6,MIN_DISTANCE,OK,3.603,5.700,,0,nearest_robot=robot2
292.000,original,-,fleet,MIN_DISTANCE_AVG,OK,5.700,,,0,robots_sampled=6
293.000,original,-,robot1,MIN_DISTANCE,OK,1.675,5.668,,0,nearest_robot=robot4
293.000,original,-,robot2,MIN_DISTANCE,OK,2.417,5.668,,0,nearest_robot=robot1
293.000,original,-,robot3,MIN_DISTANCE,OK,6.413,5.668,,0,nearest_robot=robot4
293.000,original,-,robot4,MIN_DISTANCE,OK,1.675,5.668,,0,nearest_robot=robot1
293.000,original,-,robot5,MIN_DISTANCE,OK,18.603,5.668,,0,nearest_robot=robot3
293.000,original,-,robot6,MIN_DISTANCE,OK,3.226,5.668,,0,nearest_robot=robot2
293.000,original,-,fleet,MIN_DISTANCE_AVG,OK,5.668,,,0,robots_sampled=6
294.000,original,-,robot1,MIN_DISTANCE,OK,1.860,5.582,,0,nearest_robot=robot4
294.000,original,-,robot2,MIN_DISTANCE,OK,2.415,5.582,,0,nearest_robot=robot1
294.000,original,-,robot3,MIN_DISTANCE,OK,5.998,5.582,,0,nearest_robot=robot4
294.000,original,-,robot4,MIN_DISTANCE,OK,1.860,5.582,,0,nearest_robot=robot1
294.000,original,-,robot5,MIN_DISTANCE,OK,18.604,5.582,,0,nearest_robot=robot3
294.000,original,-,robot6,MIN_DISTANCE,OK,2.756,5.582,,0,nearest_robot=robot2
294.000,original,-,fleet,MIN_DISTANCE_AVG,OK,5.582,,,0,robots_sampled=6
295.000,original,-,robot1,MIN_DISTANCE,OK,1.977,5.521,,0,nearest_robot=robot4
295.000,original,-,robot2,MIN_DISTANCE,OK,2.500,5.521,,0,nearest_robot=robot6
295.000,original,-,robot3,MIN_DISTANCE,OK,5.566,5.521,,0,nearest_robot=robot4
295.000,original,-,robot4,MIN_DISTANCE,OK,1.977,5.521,,0,nearest_robot=robot1
295.000,original,-,robot5,MIN_DISTANCE,OK,18.604,5.521,,0,nearest_robot=robot3
295.000,original,-,robot6,MIN_DISTANCE,OK,2.500,5.521,,0,nearest_robot=robot2
295.000,original,-,fleet,MIN_DISTANCE_AVG,OK,5.521,,,0,robots_sampled=6
296.000,original,-,robot1,MIN_DISTANCE,OK,2.164,5.500,,0,nearest_robot=robot4
296.000,original,-,robot2,MIN_DISTANCE,OK,2.469,5.500,,0,nearest_robot=robot6
296.000,original,-,robot3,MIN_DISTANCE,OK,5.132,5.500,,0,nearest_robot=robot4
296.000,original,-,robot4,MIN_DISTANCE,OK,2.164,5.500,,0,nearest_robot=robot1
296.000,original,-,robot5,MIN_DISTANCE,OK,18.604,5.500,,0,nearest_robot=robot3
296.000,original,-,robot6,MIN_DISTANCE,OK,2.469,5.500,,0,nearest_robot=robot2
296.000,original,-,fleet,MIN_DISTANCE_AVG,OK,5.500,,,0,robots_sampled=6
297.000,original,-,robot1,MIN_DISTANCE,OK,2.445,5.538,,0,nearest_robot=robot4
297.000,original,-,robot2,MIN_DISTANCE,OK,2.504,5.538,,0,nearest_robot=robot6
297.000,original,-,robot3,MIN_DISTANCE,OK,4.725,5.538,,0,nearest_robot=robot4
297.000,original,-,robot4,MIN_DISTANCE,OK,2.445,5.538,,0,nearest_robot=robot1
297.000,original,-,robot5,MIN_DISTANCE,OK,18.604,5.538,,0,nearest_robot=robot3
297.000,original,-,robot6,MIN_DISTANCE,OK,2.504,5.538,,0,nearest_robot=robot2
297.000,original,-,fleet,MIN_DISTANCE_AVG,OK,5.538,,,0,robots_sampled=6
298.000,original,-,robot1,MIN_DISTANCE,OK,2.814,5.593,,0,nearest_robot=robot4
298.000,original,-,robot2,MIN_DISTANCE,OK,2.513,5.593,,0,nearest_robot=robot6
298.000,original,-,robot3,MIN_DISTANCE,OK,4.298,5.593,,0,nearest_robot=robot4
298.000,original,-,robot4,MIN_DISTANCE,OK,2.814,5.593,,0,nearest_robot=robot1
298.000,original,-,robot5,MIN_DISTANCE,OK,18.604,5.593,,0,nearest_robot=robot3
298.000,original,-,robot6,MIN_DISTANCE,OK,2.513,5.593,,0,nearest_robot=robot2
298.000,original,-,fleet,MIN_DISTANCE_AVG,OK,5.593,,,0,robots_sampled=6
299.000,original,-,robot1,MIN_DISTANCE,OK,3.064,5.665,,0,nearest_robot=robot2
299.000,original,-,robot2,MIN_DISTANCE,OK,2.510,5.665,,0,nearest_robot=robot6
299.000,original,-,robot3,MIN_DISTANCE,OK,3.899,5.665,,0,nearest_robot=robot4
299.000,original,-,robot4,MIN_DISTANCE,OK,3.405,5.665,,0,nearest_robot=robot1
299.000,original,-,robot5,MIN_DISTANCE,OK,18.604,5.665,,0,nearest_robot=robot3
299.000,original,-,robot6,MIN_DISTANCE,OK,2.510,5.665,,0,nearest_robot=robot2
299.000,original,-,fleet,MIN_DISTANCE_AVG,OK,5.665,,,0,robots_sampled=6
300.000,original,-,robot1,MIN_DISTANCE,OK,3.002,5.575,,0,nearest_robot=robot2
300.000,original,-,robot2,MIN_DISTANCE,OK,2.508,5.575,,0,nearest_robot=robot6
300.000,original,-,robot3,MIN_DISTANCE,OK,3.413,5.575,,0,nearest_robot=robot4
300.000,original,-,robot4,MIN_DISTANCE,OK,3.413,5.575,,0,nearest_robot=robot3
300.000,original,-,robot5,MIN_DISTANCE,OK,18.604,5.575,,0,nearest_robot=robot3
300.000,original,-,robot6,MIN_DISTANCE,OK,2.508,5.575,,0,nearest_robot=robot2
300.000,original,-,fleet,MIN_DISTANCE_AVG,OK,5.575,,,0,robots_sampled=6
301.000,original,-,robot1,MIN_DISTANCE,OK,2.970,5.447,,0,nearest_robot=robot2
301.000,original,-,robot2,MIN_DISTANCE,OK,2.506,5.447,,0,nearest_robot=robot6
301.000,original,-,robot3,MIN_DISTANCE,OK,3.047,5.447,,0,nearest_robot=robot4
301.000,original,-,robot4,MIN_DISTANCE,OK,3.047,5.447,,0,nearest_robot=robot3
301.000,original,-,robot5,MIN_DISTANCE,OK,18.604,5.447,,0,nearest_robot=robot3
301.000,original,-,robot6,MIN_DISTANCE,OK,2.506,5.447,,0,nearest_robot=robot2
301.000,original,-,fleet,MIN_DISTANCE_AVG,OK,5.447,,,0,robots_sampled=6
302.000,original,-,robot1,MIN_DISTANCE,OK,2.948,5.326,,0,nearest_robot=robot2
302.000,original,-,robot2,MIN_DISTANCE,OK,2.505,5.326,,0,nearest_robot=robot6
302.000,original,-,robot3,MIN_DISTANCE,OK,2.697,5.326,,0,nearest_robot=robot4
302.000,original,-,robot4,MIN_DISTANCE,OK,2.697,5.326,,0,nearest_robot=robot3
302.000,original,-,robot5,MIN_DISTANCE,OK,18.604,5.326,,0,nearest_robot=robot3
302.000,original,-,robot6,MIN_DISTANCE,OK,2.505,5.326,,0,nearest_robot=robot2
302.000,original,-,fleet,MIN_DISTANCE_AVG,OK,5.326,,,0,robots_sampled=6
303.000,original,-,robot1,MIN_DISTANCE,OK,2.942,5.218,,0,nearest_robot=robot2
303.000,original,-,robot2,MIN_DISTANCE,OK,2.505,5.218,,0,nearest_robot=robot6
303.000,original,-,robot3,MIN_DISTANCE,OK,2.376,5.218,,0,nearest_robot=robot4
303.000,original,-,robot4,MIN_DISTANCE,OK,2.376,5.218,,0,nearest_robot=robot3
303.000,original,-,robot5,MIN_DISTANCE,OK,18.604,5.218,,0,nearest_robot=robot3
303.000,original,-,robot6,MIN_DISTANCE,OK,2.505,5.218,,0,nearest_robot=robot2
303.000,original,-,fleet,MIN_DISTANCE_AVG,OK,5.218,,,0,robots_sampled=6
304.000,original,-,robot1,MIN_DISTANCE,OK,2.940,5.122,,0,nearest_robot=robot2
304.000,original,-,robot2,MIN_DISTANCE,OK,2.505,5.122,,0,nearest_robot=robot6
304.000,original,-,robot3,MIN_DISTANCE,OK,2.089,5.122,,0,nearest_robot=robot4
304.000,original,-,robot4,MIN_DISTANCE,OK,2.089,5.122,,0,nearest_robot=robot3
304.000,original,-,robot5,MIN_DISTANCE,OK,18.604,5.122,,0,nearest_robot=robot3
304.000,original,-,robot6,MIN_DISTANCE,OK,2.505,5.122,,0,nearest_robot=robot2
304.000,original,-,fleet,MIN_DISTANCE_AVG,OK,5.122,,,0,robots_sampled=6
305.000,original,-,robot1,MIN_DISTANCE,OK,2.939,5.046,,0,nearest_robot=robot2
305.000,original,-,robot2,MIN_DISTANCE,OK,2.505,5.046,,0,nearest_robot=robot6
305.000,original,-,robot3,MIN_DISTANCE,OK,1.862,5.046,,0,nearest_robot=robot4
305.000,original,-,robot4,MIN_DISTANCE,OK,1.862,5.046,,0,nearest_robot=robot3
305.000,original,-,robot5,MIN_DISTANCE,OK,18.604,5.046,,0,nearest_robot=robot3
305.000,original,-,robot6,MIN_DISTANCE,OK,2.505,5.046,,0,nearest_robot=robot2
305.000,original,-,fleet,MIN_DISTANCE_AVG,OK,5.046,,,0,robots_sampled=6
306.000,original,-,robot1,MIN_DISTANCE,OK,2.938,4.992,,0,nearest_robot=robot2
306.000,original,-,robot2,MIN_DISTANCE,OK,2.505,4.992,,0,nearest_robot=robot6
306.000,original,-,robot3,MIN_DISTANCE,OK,1.700,4.992,,0,nearest_robot=robot4
306.000,original,-,robot4,MIN_DISTANCE,OK,1.700,4.992,,0,nearest_robot=robot3
306.000,original,-,robot5,MIN_DISTANCE,OK,18.604,4.992,,0,nearest_robot=robot3
306.000,original,-,robot6,MIN_DISTANCE,OK,2.505,4.992,,0,nearest_robot=robot2
306.000,original,-,fleet,MIN_DISTANCE_AVG,OK,4.992,,,0,robots_sampled=6
307.000,original,-,robot1,MIN_DISTANCE,OK,2.938,4.947,,0,nearest_robot=robot2
307.000,original,-,robot2,MIN_DISTANCE,OK,2.505,4.947,,0,nearest_robot=robot6
307.000,original,-,robot3,MIN_DISTANCE,OK,1.565,4.947,,0,nearest_robot=robot4
307.000,original,-,robot4,MIN_DISTANCE,OK,1.565,4.947,,0,nearest_robot=robot3
307.000,original,-,robot5,MIN_DISTANCE,OK,18.604,4.947,,0,nearest_robot=robot3
307.000,original,-,robot6,MIN_DISTANCE,OK,2.505,4.947,,0,nearest_robot=robot2
307.000,original,-,fleet,MIN_DISTANCE_AVG,OK,4.947,,,0,robots_sampled=6
308.000,original,-,robot1,MIN_DISTANCE,OK,2.938,4.926,,0,nearest_robot=robot2
308.000,original,-,robot2,MIN_DISTANCE,OK,2.505,4.926,,0,nearest_robot=robot6
308.000,original,-,robot3,MIN_DISTANCE,OK,1.502,4.926,,0,nearest_robot=robot4
308.000,original,-,robot4,MIN_DISTANCE,OK,1.502,4.926,,0,nearest_robot=robot3
308.000,original,-,robot5,MIN_DISTANCE,OK,18.604,4.926,,0,nearest_robot=robot3
308.000,original,-,robot6,MIN_DISTANCE,OK,2.505,4.926,,0,nearest_robot=robot2
308.000,original,-,fleet,MIN_DISTANCE_AVG,OK,4.926,,,0,robots_sampled=6
309.000,original,-,robot1,MIN_DISTANCE,OK,2.938,4.928,,0,nearest_robot=robot2
309.000,original,-,robot2,MIN_DISTANCE,OK,2.505,4.928,,0,nearest_robot=robot6
309.000,original,-,robot3,MIN_DISTANCE,OK,1.508,4.928,,0,nearest_robot=robot4
309.000,original,-,robot4,MIN_DISTANCE,OK,1.508,4.928,,0,nearest_robot=robot3
309.000,original,-,robot5,MIN_DISTANCE,OK,18.604,4.928,,0,nearest_robot=robot3
309.000,original,-,robot6,MIN_DISTANCE,OK,2.505,4.928,,0,nearest_robot=robot2
309.000,original,-,fleet,MIN_DISTANCE_AVG,OK,4.928,,,0,robots_sampled=6
310.000,original,-,robot1,MIN_DISTANCE,OK,2.938,4.960,,0,nearest_robot=robot2
310.000,original,-,robot2,MIN_DISTANCE,OK,2.505,4.960,,0,nearest_robot=robot6
310.000,original,-,robot3,MIN_DISTANCE,OK,1.604,4.960,,0,nearest_robot=robot4
310.000,original,-,robot4,MIN_DISTANCE,OK,1.604,4.960,,0,nearest_robot=robot3
310.000,original,-,robot5,MIN_DISTANCE,OK,18.604,4.960,,0,nearest_robot=robot3
310.000,original,-,robot6,MIN_DISTANCE,OK,2.505,4.960,,0,nearest_robot=robot2
310.000,original,-,fleet,MIN_DISTANCE_AVG,OK,4.960,,,0,robots_sampled=6
311.000,original,-,robot1,MIN_DISTANCE,OK,2.938,5.012,,0,nearest_robot=robot2
311.000,original,-,robot2,MIN_DISTANCE,OK,2.505,5.012,,0,nearest_robot=robot6
311.000,original,-,robot3,MIN_DISTANCE,OK,1.760,5.012,,0,nearest_robot=robot4
311.000,original,-,robot4,MIN_DISTANCE,OK,1.760,5.012,,0,nearest_robot=robot3
311.000,original,-,robot5,MIN_DISTANCE,OK,18.604,5.012,,0,nearest_robot=robot3
311.000,original,-,robot6,MIN_DISTANCE,OK,2.505,5.012,,0,nearest_robot=robot2
311.000,original,-,fleet,MIN_DISTANCE_AVG,OK,5.012,,,0,robots_sampled=6
312.000,original,-,robot1,MIN_DISTANCE,OK,2.938,5.048,,0,nearest_robot=robot2
312.000,original,-,robot2,MIN_DISTANCE,OK,2.505,5.048,,0,nearest_robot=robot6
312.000,original,-,robot3,MIN_DISTANCE,OK,1.965,5.048,,0,nearest_robot=robot4
312.000,original,-,robot4,MIN_DISTANCE,OK,1.965,5.048,,0,nearest_robot=robot3
312.000,original,-,robot5,MIN_DISTANCE,OK,18.409,5.048,,0,nearest_robot=robot4
312.000,original,-,robot6,MIN_DISTANCE,OK,2.505,5.048,,0,nearest_robot=robot2
312.000,original,-,fleet,MIN_DISTANCE_AVG,OK,5.048,,,0,robots_sampled=6
313.000,original,-,robot1,MIN_DISTANCE,OK,2.938,5.083,,0,nearest_robot=robot2
313.000,original,-,robot2,MIN_DISTANCE,OK,2.505,5.083,,0,nearest_robot=robot6
313.000,original,-,robot3,MIN_DISTANCE,OK,2.214,5.083,,0,nearest_robot=robot4
313.000,original,-,robot4,MIN_DISTANCE,OK,2.214,5.083,,0,nearest_robot=robot3
313.000,original,-,robot5,MIN_DISTANCE,OK,18.125,5.083,,0,nearest_robot=robot4
313.000,original,-,robot6,MIN_DISTANCE,OK,2.505,5.083,,0,nearest_robot=robot2
313.000,original,-,fleet,MIN_DISTANCE_AVG,OK,5.083,,,0,robots_sampled=6
314.000,original,-,robot1,MIN_DISTANCE,OK,2.938,5.126,,0,nearest_robot=robot2
314.000,original,-,robot2,MIN_DISTANCE,OK,2.505,5.126,,0,nearest_robot=robot6
314.000,original,-,robot3,MIN_DISTANCE,OK,2.496,5.126,,0,nearest_robot=robot4
314.000,original,-,robot4,MIN_DISTANCE,OK,2.496,5.126,,0,nearest_robot=robot3
314.000,original,-,robot5,MIN_DISTANCE,OK,17.818,5.126,,0,nearest_robot=robot4
314.000,original,-,robot6,MIN_DISTANCE,OK,2.505,5.126,,0,nearest_robot=robot2
314.000,original,-,fleet,MIN_DISTANCE_AVG,OK,5.126,,,0,robots_sampled=6
314.120,original,-,fleet,CHOMP_TIME_FULL,OK,,25.501,,0,iterations=100;iterations_executed=100;source=algorithm;round_trip=25.520672
315.000,original,-,fleet,REPLAN_FULL,OK,,,robot1|robot2|robot3|robot4|robot5|robot6,0,original_full_optimization
315.000,original,-,robot1,MIN_DISTANCE,OK,2.938,5.177,,0,nearest_robot=robot2
315.000,original,-,robot2,MIN_DISTANCE,OK,2.505,5.177,,0,nearest_robot=robot6
315.000,original,-,robot3,MIN_DISTANCE,OK,2.797,5.177,,0,nearest_robot=robot4
315.000,original,-,robot4,MIN_DISTANCE,OK,2.797,5.177,,0,nearest_robot=robot3
315.000,original,-,robot5,MIN_DISTANCE,OK,17.519,5.177,,0,nearest_robot=robot4
315.000,original,-,robot6,MIN_DISTANCE,OK,2.505,5.177,,0,nearest_robot=robot2
315.000,original,-,fleet,MIN_DISTANCE_AVG,OK,5.177,,,0,robots_sampled=6
316.000,original,-,robot1,MIN_DISTANCE,OK,2.938,5.345,,0,nearest_robot=robot2
316.000,original,-,robot2,MIN_DISTANCE,OK,2.505,5.345,,0,nearest_robot=robot6
316.000,original,-,robot3,MIN_DISTANCE,OK,3.447,5.345,,0,nearest_robot=robot4
316.000,original,-,robot4,MIN_DISTANCE,OK,3.447,5.345,,0,nearest_robot=robot3
316.000,original,-,robot5,MIN_DISTANCE,OK,17.227,5.345,,0,nearest_robot=robot4
316.000,original,-,robot6,MIN_DISTANCE,OK,2.505,5.345,,0,nearest_robot=robot2
316.000,original,-,fleet,MIN_DISTANCE_AVG,OK,5.345,,,0,robots_sampled=6
317.000,original,-,robot1,MIN_DISTANCE,OK,2.938,5.542,,0,nearest_robot=robot2
317.000,original,-,robot2,MIN_DISTANCE,OK,2.504,5.542,,0,nearest_robot=robot6
317.000,original,-,robot3,MIN_DISTANCE,OK,4.199,5.542,,0,nearest_robot=robot4
317.000,original,-,robot4,MIN_DISTANCE,OK,4.199,5.542,,0,nearest_robot=robot3
317.000,original,-,robot5,MIN_DISTANCE,OK,16.906,5.542,,0,nearest_robot=robot4
317.000,original,-,robot6,MIN_DISTANCE,OK,2.504,5.542,,0,nearest_robot=robot2
317.000,original,-,fleet,MIN_DISTANCE_AVG,OK,5.542,,,0,robots_sampled=6
318.000,original,-,robot1,MIN_DISTANCE,OK,2.938,5.726,,0,nearest_robot=robot2
318.000,original,-,robot2,MIN_DISTANCE,OK,2.504,5.726,,0,nearest_robot=robot6
318.000,original,-,robot3,MIN_DISTANCE,OK,4.929,5.726,,0,nearest_robot=robot4
318.000,original,-,robot4,MIN_DISTANCE,OK,4.929,5.726,,0,nearest_robot=robot3
318.000,original,-,robot5,MIN_DISTANCE,OK,16.551,5.726,,0,nearest_robot=robot4
318.000,original,-,robot6,MIN_DISTANCE,OK,2.504,5.726,,0,nearest_robot=robot2
318.000,original,-,fleet,MIN_DISTANCE_AVG,OK,5.726,,,0,robots_sampled=6
319.000,original,-,robot1,MIN_DISTANCE,OK,2.938,5.911,,0,nearest_robot=robot2
319.000,original,-,robot2,MIN_DISTANCE,OK,2.504,5.911,,0,nearest_robot=robot6
319.000,original,-,robot3,MIN_DISTANCE,OK,5.655,5.911,,0,nearest_robot=robot4
319.000,original,-,robot4,MIN_DISTANCE,OK,5.655,5.911,,0,nearest_robot=robot3
319.000,original,-,robot5,MIN_DISTANCE,OK,16.209,5.911,,0,nearest_robot=robot4
319.000,original,-,robot6,MIN_DISTANCE,OK,2.504,5.911,,0,nearest_robot=robot2
319.000,original,-,fleet,MIN_DISTANCE_AVG,OK,5.911,,,0,robots_sampled=6
320.000,original,-,robot1,MIN_DISTANCE,OK,2.938,5.958,,0,nearest_robot=robot2
320.000,original,-,robot2,MIN_DISTANCE,OK,2.504,5.958,,0,nearest_robot=robot6
320.000,original,-,robot3,MIN_DISTANCE,OK,5.505,5.958,,0,nearest_robot=robot1
320.000,original,-,robot4,MIN_DISTANCE,OK,6.432,5.958,,0,nearest_robot=robot3
320.000,original,-,robot5,MIN_DISTANCE,OK,15.862,5.958,,0,nearest_robot=robot4
320.000,original,-,robot6,MIN_DISTANCE,OK,2.504,5.958,,0,nearest_robot=robot2
320.000,original,-,fleet,MIN_DISTANCE_AVG,OK,5.958,,,0,robots_sampled=6
321.000,original,-,robot1,MIN_DISTANCE,OK,2.938,5.968,,0,nearest_robot=robot2
321.000,original,-,robot2,MIN_DISTANCE,OK,2.504,5.968,,0,nearest_robot=robot6
321.000,original,-,robot3,MIN_DISTANCE,OK,5.106,5.968,,0,nearest_robot=robot1
321.000,original,-,robot4,MIN_DISTANCE,OK,7.248,5.968,,0,nearest_robot=robot3
321.000,original,-,robot5,MIN_DISTANCE,OK,15.506,5.968,,0,nearest_robot=robot4
321.000,original,-,robot6,MIN_DISTANCE,OK,2.504,5.968,,0,nearest_robot=robot2
321.000,original,-,fleet,MIN_DISTANCE_AVG,OK,5.968,,,0,robots_sampled=6
322.000,original,-,robot1,MIN_DISTANCE,OK,2.938,5.970,,0,nearest_robot=robot2
322.000,original,-,robot2,MIN_DISTANCE,OK,2.504,5.970,,0,nearest_robot=robot6
322.000,original,-,robot3,MIN_DISTANCE,OK,4.673,5.970,,0,nearest_robot=robot1
322.000,original,-,robot4,MIN_DISTANCE,OK,8.033,5.970,,0,nearest_robot=robot3
322.000,original,-,robot5,MIN_DISTANCE,OK,15.169,5.970,,0,nearest_robot=robot4
322.000,original,-,robot6,MIN_DISTANCE,OK,2.504,5.970,,0,nearest_robot=robot2
322.000,original,-,fleet,MIN_DISTANCE_AVG,OK,5.970,,,0,robots_sampled=6
323.000,original,-,robot1,MIN_DISTANCE,OK,2.938,5.969,,0,nearest_robot=robot2
323.000,original,-,robot2,MIN_DISTANCE,OK,2.504,5.969,,0,nearest_robot=robot6
323.000,original,-,robot3,MIN_DISTANCE,OK,4.259,5.969,,0,nearest_robot=robot1
323.000,original,-,robot4,MIN_DISTANCE,OK,8.819,5.969,,0,nearest_robot=robot3
323.000,original,-,robot5,MIN_DISTANCE,OK,14.788,5.969,,0,nearest_robot=robot4
323.000,original,-,robot6,MIN_DISTANCE,OK,2.504,5.969,,0,nearest_robot=robot2
323.000,original,-,fleet,MIN_DISTANCE_AVG,OK,5.969,,,0,robots_sampled=6
324.000,original,-,robot1,MIN_DISTANCE,OK,2.938,5.968,,0,nearest_robot=robot2
324.000,original,-,robot2,MIN_DISTANCE,OK,2.504,5.968,,0,nearest_robot=robot6
324.000,original,-,robot3,MIN_DISTANCE,OK,3.804,5.968,,0,nearest_robot=robot1
324.000,original,-,robot4,MIN_DISTANCE,OK,9.627,5.968,,0,nearest_robot=robot3
324.000,original,-,robot5,MIN_DISTANCE,OK,14.430,5.968,,0,nearest_robot=robot4
324.000,original,-,robot6,MIN_DISTANCE,OK,2.504,5.968,,0,nearest_robot=robot2
324.000,original,-,fleet,MIN_DISTANCE_AVG,OK,5.968,,,0,robots_sampled=6
325.000,original,-,robot1,MIN_DISTANCE,OK,2.938,5.968,,0,nearest_robot=robot2
325.000,original,-,robot2,MIN_DISTANCE,OK,2.504,5.968,,0,nearest_robot=robot6
325.000,original,-,robot3,MIN_DISTANCE,OK,3.352,5.968,,0,nearest_robot=robot1
325.000,original,-,robot4,MIN_DISTANCE,OK,10.437,5.968,,0,nearest_robot=robot3
325.000,original,-,robot5,MIN_DISTANCE,OK,14.073,5.968,,0,nearest_robot=robot4
325.000,original,-,robot6,MIN_DISTANCE,OK,2.504,5.968,,0,nearest_robot=robot2
325.000,original,-,fleet,MIN_DISTANCE_AVG,OK,5.968,,,0,robots_sampled=6
326.000,original,-,robot1,MIN_DISTANCE,OK,2.877,5.965,,0,nearest_robot=robot3
326.000,original,-,robot2,MIN_DISTANCE,OK,2.504,5.965,,0,nearest_robot=robot6
326.000,original,-,robot3,MIN_DISTANCE,OK,2.877,5.965,,0,nearest_robot=robot1
326.000,original,-,robot4,MIN_DISTANCE,OK,11.295,5.965,,0,nearest_robot=robot3
326.000,original,-,robot5,MIN_DISTANCE,OK,13.730,5.965,,0,nearest_robot=robot4
326.000,original,-,robot6,MIN_DISTANCE,OK,2.504,5.965,,0,nearest_robot=robot2
326.000,original,-,fleet,MIN_DISTANCE_AVG,OK,5.965,,,0,robots_sampled=6
327.000,original,-,robot1,MIN_DISTANCE,OK,2.389,5.899,,0,nearest_robot=robot3
327.000,original,-,robot2,MIN_DISTANCE,OK,2.504,5.899,,0,nearest_robot=robot6
327.000,original,-,robot3,MIN_DISTANCE,OK,2.389,5.899,,0,nearest_robot=robot1
327.000,original,-,robot4,MIN_DISTANCE,OK,12.156,5.899,,0,nearest_robot=robot3
327.000,original,-,robot5,MIN_DISTANCE,OK,13.453,5.899,,0,nearest_robot=robot4
327.000,original,-,robot6,MIN_DISTANCE,OK,2.504,5.899,,0,nearest_robot=robot2
327.000,original,-,fleet,MIN_DISTANCE_AVG,OK,5.899,,,0,robots_sampled=6
