timestamp,run_id,task_id,robot_id,event,status,allocation_cost,duration,path,collision_flag,message
59.000,original,-,robot4,MIN_DISTANCE,OK,13.200,13.534,,0,nearest_robot=robot5
59.000,original,-,robot5,MIN_DISTANCE,OK,13.200,13.534,,0,nearest_robot=robot4
59.000,original,-,robot6,MIN_DISTANCE,OK,14.200,13.534,,0,nearest_robot=robot5
59.000,original,-,fleet,MIN_DISTANCE_AVG,OK,13.534,,,0,robots_sampled=3
60.000,original,-,robot2,MIN_DISTANCE,OK,15.650,14.063,,0,nearest_robot=robot6
60.000,original,-,robot4,MIN_DISTANCE,OK,13.200,14.063,,0,nearest_robot=robot5
60.000,original,-,robot5,MIN_DISTANCE,OK,13.200,14.063,,0,nearest_robot=robot4
60.000,original,-,robot6,MIN_DISTANCE,OK,14.200,14.063,,0,nearest_robot=robot5
60.000,original,-,fleet,MIN_DISTANCE_AVG,OK,14.063,,,0,robots_sampled=4
60.500,original,-,fleet,REPLAN_FULL,OK,,,robot1|robot2|robot3|robot4|robot5|robot6,0,original_full_optimization
61.000,original,-,robot1,MIN_DISTANCE,OK,12.416,10.587,,0,nearest_robot=robot6
61.000,original,-,robot2,MIN_DISTANCE,OK,12.510,10.587,,0,nearest_robot=robot1
61.000,original,-,robot3,MIN_DISTANCE,OK,6.490,10.587,,0,nearest_robot=robot4
61.000,original,-,robot4,MIN_DISTANCE,OK,6.490,10.587,,0,nearest_robot=robot3
61.000,original,-,robot5,MIN_DISTANCE,OK,13.200,10.587,,0,nearest_robot=robot4
61.000,original,-,robot6,MIN_DISTANCE,OK,12.416,10.587,,0,nearest_robot=robot1
61.000,original,-,fleet,MIN_DISTANCE_AVG,OK,10.587,,,0,robots_sampled=6
62.000,original,-,robot1,MIN_DISTANCE,OK,12.416,10.587,,0,nearest_robot=robot6
62.000,original,-,robot2,MIN_DISTANCE,OK,12.510,10.587,,0,nearest_robot=robot1
62.000,original,-,robot3,MIN_DISTANCE,OK,6.490,10.587,,0,nearest_robot=robot4
62.000,original,-,robot4,MIN_DISTANCE,OK,6.490,10.587,,0,nearest_robot=robot3
62.000,original,-,robot5,MIN_DISTANCE,OK,13.200,10.587,,0,nearest_robot=robot4
62.000,original,-,robot6,MIN_DISTANCE,OK,12.416,10.587,,0,nearest_robot=robot1
62.000,original,-,fleet,MIN_DISTANCE_AVG,OK,10.587,,,0,robots_sampled=6
63.000,original,-,robot1,MIN_DISTANCE,OK,12.416,10.587,,0,nearest_robot=robot6
63.000,original,-,robot2,MIN_DISTANCE,OK,12.510,10.587,,0,nearest_robot=robot1
63.000,original,-,robot3,MIN_DISTANCE,OK,6.490,10.587,,0,nearest_robot=robot4
63.000,original,-,robot4,MIN_DISTANCE,OK,6.490,10.587,,0,nearest_robot=robot3
63.000,original,-,robot5,MIN_DISTANCE,OK,13.200,10.587,,0,nearest_robot=robot4
63.000,original,-,robot6,MIN_DISTANCE,OK,12.416,10.587,,0,nearest_robot=robot1
63.000,original,-,fleet,MIN_DISTANCE_AVG,OK,10.587,,,0,robots_sampled=6
64.000,original,-,robot1,MIN_DISTANCE,OK,12.416,10.587,,0,nearest_robot=robot6
64.000,original,-,robot2,MIN_DISTANCE,OK,12.510,10.587,,0,nearest_robot=robot1
64.000,original,-,robot3,MIN_DISTANCE,OK,6.490,10.587,,0,nearest_robot=robot4
64.000,original,-,robot4,MIN_DISTANCE,OK,6.490,10.587,,0,nearest_robot=robot3
64.000,original,-,robot5,MIN_DISTANCE,OK,13.200,10.587,,0,nearest_robot=robot4
64.000,original,-,robot6,MIN_DISTANCE,OK,12.416,10.587,,0,nearest_robot=robot1
64.000,original,-,fleet,MIN_DISTANCE_AVG,OK,10.587,,,0,robots_sampled=6
65.000,original,-,robot1,MIN_DISTANCE,OK,12.416,10.587,,0,nearest_robot=robot6
65.000,original,-,robot2,MIN_DISTANCE,OK,12.510,10.587,,0,nearest_robot=robot1
65.000,original,-,robot3,MIN_DISTANCE,OK,6.490,10.587,,0,nearest_robot=robot4
65.000,original,-,robot4,MIN_DISTANCE,OK,6.490,10.587,,0,nearest_robot=robot3
65.000,original,-,robot5,MIN_DISTANCE,OK,13.200,10.587,,0,nearest_robot=robot4
65.000,original,-,robot6,MIN_DISTANCE,OK,12.416,10.587,,0,nearest_robot=robot1
65.000,original,-,fleet,MIN_DISTANCE_AVG,OK,10.587,,,0,robots_sampled=6
66.000,original,-,robot1,MIN_DISTANCE,OK,12.416,10.587,,0,nearest_robot=robot6
66.000,original,-,robot2,MIN_DISTANCE,OK,12.510,10.587,,0,nearest_robot=robot1
66.000,original,-,robot3,MIN_DISTANCE,OK,6.490,10.587,,0,nearest_robot=robot4
66.000,original,-,robot4,MIN_DISTANCE,OK,6.490,10.587,,0,nearest_robot=robot3
66.000,original,-,robot5,MIN_DISTANCE,OK,13.200,10.587,,0,nearest_robot=robot4
66.000,original,-,robot6,MIN_DISTANCE,OK,12.416,10.587,,0,nearest_robot=robot1
66.000,original,-,fleet,MIN_DISTANCE_AVG,OK,10.587,,,0,robots_sampled=6
67.000,original,-,robot1,MIN_DISTANCE,OK,12.416,10.587,,0,nearest_robot=robot6
67.000,original,-,robot2,MIN_DISTANCE,OK,12.510,10.587,,0,nearest_robot=robot1
67.000,original,-,robot3,MIN_DISTANCE,OK,6.490,10.587,,0,nearest_robot=robot4
67.000,original,-,robot4,MIN_DISTANCE,OK,6.490,10.587,,0,nearest_robot=robot3
67.000,original,-,robot5,MIN_DISTANCE,OK,13.200,10.587,,0,nearest_robot=robot4
67.000,original,-,robot6,MIN_DISTANCE,OK,12.416,10.587,,0,nearest_robot=robot1
67.000,original,-,fleet,MIN_DISTANCE_AVG,OK,10.587,,,0,robots_sampled=6
68.000,original,-,robot1,MIN_DISTANCE,OK,12.416,10.587,,0,nearest_robot=robot6
68.000,original,-,robot2,MIN_DISTANCE,OK,12.510,10.587,,0,nearest_robot=robot1
68.000,original,-,robot3,MIN_DISTANCE,OK,6.490,10.587,,0,nearest_robot=robot4
68.000,original,-,robot4,MIN_DISTANCE,OK,6.490,10.587,,0,nearest_robot=robot3
68.000,original,-,robot5,MIN_DISTANCE,OK,13.200,10.587,,0,nearest_robot=robot4
68.000,original,-,robot6,MIN_DISTANCE,OK,12.416,10.587,,0,nearest_robot=robot1
68.000,original,-,fleet,MIN_DISTANCE_AVG,OK,10.587,,,0,robots_sampled=6
69.000,original,-,robot1,MIN_DISTANCE,OK,12.416,10.587,,0,nearest_robot=robot6
69.000,original,-,robot2,MIN_DISTANCE,OK,12.510,10.587,,0,nearest_robot=robot1
69.000,original,-,robot3,MIN_DISTANCE,OK,6.490,10.587,,0,nearest_robot=robot4
69.000,original,-,robot4,MIN_DISTANCE,OK,6.490,10.587,,0,nearest_robot=robot3
69.000,original,-,robot5,MIN_DISTANCE,OK,13.200,10.587,,0,nearest_robot=robot4
69.000,original,-,robot6,MIN_DISTANCE,OK,12.416,10.587,,0,nearest_robot=robot1
69.000,original,-,fleet,MIN_DISTANCE_AVG,OK,10.587,,,0,robots_sampled=6
70.000,original,-,robot1,MIN_DISTANCE,OK,12.416,10.587,,0,nearest_robot=robot6
70.000,original,-,robot2,MIN_DISTANCE,OK,12.510,10.587,,0,nearest_robot=robot1
70.000,original,-,robot3,MIN_DISTANCE,OK,6.490,10.587,,0,nearest_robot=robot4
70.000,original,-,robot4,MIN_DISTANCE,OK,6.490,10.587,,0,nearest_robot=robot3
70.000,original,-,robot5,MIN_DISTANCE,OK,13.200,10.587,,0,nearest_robot=robot4
70.000,original,-,robot6,MIN_DISTANCE,OK,12.416,10.587,,0,nearest_robot=robot1
70.000,original,-,fleet,MIN_DISTANCE_AVG,OK,10.587,,,0,robots_sampled=6
71.000,original,-,robot1,MIN_DISTANCE,OK,12.416,10.587,,0,nearest_robot=robot6
71.000,original,-,robot2,MIN_DISTANCE,OK,12.510,10.587,,0,nearest_robot=robot1
71.000,original,-,robot3,MIN_DISTANCE,OK,6.490,10.587,,0,nearest_robot=robot4
71.000,original,-,robot4,MIN_DISTANCE,OK,6.490,10.587,,0,nearest_robot=robot3
71.000,original,-,robot5,MIN_DISTANCE,OK,13.200,10.587,,0,nearest_robot=robot4
71.000,original,-,robot6,MIN_DISTANCE,OK,12.416,10.587,,0,nearest_robot=robot1
71.000,original,-,fleet,MIN_DISTANCE_AVG,OK,10.587,,,0,robots_sampled=6
72.000,original,-,robot1,MIN_DISTANCE,OK,12.416,10.587,,0,nearest_robot=robot6
72.000,original,-,robot2,MIN_DISTANCE,OK,12.510,10.587,,0,nearest_robot=robot1
72.000,original,-,robot3,MIN_DISTANCE,OK,6.490,10.587,,0,nearest_robot=robot4
72.000,original,-,robot4,MIN_DISTANCE,OK,6.490,10.587,,0,nearest_robot=robot3
72.000,original,-,robot5,MIN_DISTANCE,OK,13.200,10.587,,0,nearest_robot=robot4
72.000,original,-,robot6,MIN_DISTANCE,OK,12.416,10.587,,0,nearest_robot=robot1
72.000,original,-,fleet,MIN_DISTANCE_AVG,OK,10.587,,,0,robots_sampled=6
73.000,original,-,robot1,MIN_DISTANCE,OK,12.416,10.587,,0,nearest_robot=robot6
73.000,original,-,robot2,MIN_DISTANCE,OK,12.510,10.587,,0,nearest_robot=robot1
73.000,original,-,robot3,MIN_DISTANCE,OK,6.490,10.587,,0,nearest_robot=robot4
73.000,original,-,robot4,MIN_DISTANCE,OK,6.490,10.587,,0,nearest_robot=robot3
73.000,original,-,robot5,MIN_DISTANCE,OK,13.200,10.587,,0,nearest_robot=robot4
73.000,original,-,robot6,MIN_DISTANCE,OK,12.416,10.587,,0,nearest_robot=robot1
73.000,original,-,fleet,MIN_DISTANCE_AVG,OK,10.587,,,0,robots_sampled=6
74.000,original,-,robot1,MIN_DISTANCE,OK,12.416,10.587,,0,nearest_robot=robot6
74.000,original,-,robot2,MIN_DISTANCE,OK,12.510,10.587,,0,nearest_robot=robot1
74.000,original,-,robot3,MIN_DISTANCE,OK,6.490,10.587,,0,nearest_robot=robot4
74.000,original,-,robot4,MIN_DISTANCE,OK,6.490,10.587,,0,nearest_robot=robot3
74.000,original,-,robot5,MIN_DISTANCE,OK,13.200,10.587,,0,nearest_robot=robot4
74.000,original,-,robot6,MIN_DISTANCE,OK,12.416,10.587,,0,nearest_robot=robot1
74.000,original,-,fleet,MIN_DISTANCE_AVG,OK,10.587,,,0,robots_sampled=6
75.000,original,-,robot1,MIN_DISTANCE,OK,12.416,10.587,,0,nearest_robot=robot6
75.000,original,-,robot2,MIN_DISTANCE,OK,12.510,10.587,,0,nearest_robot=robot1
75.000,original,-,robot3,MIN_DISTANCE,OK,6.490,10.587,,0,nearest_robot=robot4
75.000,original,-,robot4,MIN_DISTANCE,OK,6.490,10.587,,0,nearest_robot=robot3
75.000,original,-,robot5,MIN_DISTANCE,OK,13.200,10.587,,0,nearest_robot=robot4
75.000,original,-,robot6,MIN_DISTANCE,OK,12.416,10.587,,0,nearest_robot=robot1
75.000,original,-,fleet,MIN_DISTANCE_AVG,OK,10.587,,,0,robots_sampled=6
76.000,original,-,robot1,MIN_DISTANCE,OK,12.416,10.587,,0,nearest_robot=robot6
76.000,original,-,robot2,MIN_DISTANCE,OK,12.510,10.587,,0,nearest_robot=robot1
76.000,original,-,robot3,MIN_DISTANCE,OK,6.490,10.587,,0,nearest_robot=robot4
76.000,original,-,robot4,MIN_DISTANCE,OK,6.490,10.587,,0,nearest_robot=robot3
76.000,original,-,robot5,MIN_DISTANCE,OK,13.200,10.587,,0,nearest_robot=robot4
76.000,original,-,robot6,MIN_DISTANCE,OK,12.416,10.587,,0,nearest_robot=robot1
76.000,original,-,fleet,MIN_DISTANCE_AVG,OK,10.587,,,0,robots_sampled=6
77.000,original,-,robot1,MIN_DISTANCE,OK,12.416,10.587,,0,nearest_robot=robot6
77.000,original,-,robot2,MIN_DISTANCE,OK,12.510,10.587,,0,nearest_robot=robot1
77.000,original,-,robot3,MIN_DISTANCE,OK,6.490,10.587,,0,nearest_robot=robot4
77.000,original,-,robot4,MIN_DISTANCE,OK,6.490,10.587,,0,nearest_robot=robot3
77.000,original,-,robot5,MIN_DISTANCE,OK,13.200,10.587,,0,nearest_robot=robot4
77.000,original,-,robot6,MIN_DISTANCE,OK,12.416,10.587,,0,nearest_robot=robot1
77.000,original,-,fleet,MIN_DISTANCE_AVG,OK,10.587,,,0,robots_sampled=6
78.000,original,-,robot1,MIN_DISTANCE,OK,12.416,10.587,,0,nearest_robot=robot6
78.000,original,-,robot2,MIN_DISTANCE,OK,12.510,10.587,,0,nearest_robot=robot1
78.000,original,-,robot3,MIN_DISTANCE,OK,6.490,10.587,,0,nearest_robot=robot4
78.000,original,-,robot4,MIN_DISTANCE,OK,6.490,10.587,,0,nearest_robot=robot3
78.000,original,-,robot5,MIN_DISTANCE,OK,13.200,10.587,,0,nearest_robot=robot4
78.000,original,-,robot6,MIN_DISTANCE,OK,12.416,10.587,,0,nearest_robot=robot1
78.000,original,-,fleet,MIN_DISTANCE_AVG,OK,10.587,,,0,robots_sampled=6
79.000,original,-,robot1,MIN_DISTANCE,OK,12.416,10.587,,0,nearest_robot=robot6
79.000,original,-,robot2,MIN_DISTANCE,OK,12.510,10.587,,0,nearest_robot=robot1
79.000,original,-,robot3,MIN_DISTANCE,OK,6.490,10.587,,0,nearest_robot=robot4
79.000,original,-,robot4,MIN_DISTANCE,OK,6.490,10.587,,0,nearest_robot=robot3
79.000,original,-,robot5,MIN_DISTANCE,OK,13.200,10.587,,0,nearest_robot=robot4
79.000,original,-,robot6,MIN_DISTANCE,OK,12.416,10.587,,0,nearest_robot=robot1
79.000,original,-,fleet,MIN_DISTANCE_AVG,OK,10.587,,,0,robots_sampled=6
80.000,original,-,robot1,MIN_DISTANCE,OK,12.416,10.587,,0,nearest_robot=robot6
80.000,original,-,robot2,MIN_DISTANCE,OK,12.510,10.587,,0,nearest_robot=robot1
80.000,original,-,robot3,MIN_DISTANCE,OK,6.490,10.587,,0,nearest_robot=robot4
80.000,original,-,robot4,MIN_DISTANCE,OK,6.490,10.587,,0,nearest_robot=robot3
80.000,original,-,robot5,MIN_DISTANCE,OK,13.200,10.587,,0,nearest_robot=robot4
80.000,original,-,robot6,MIN_DISTANCE,OK,12.416,10.587,,0,nearest_robot=robot1
80.000,original,-,fleet,MIN_DISTANCE_AVG,OK,10.587,,,0,robots_sampled=6
81.000,original,-,robot1,MIN_DISTANCE,OK,12.416,10.587,,0,nearest_robot=robot6
81.000,original,-,robot2,MIN_DISTANCE,OK,12.510,10.587,,0,nearest_robot=robot1
81.000,original,-,robot3,MIN_DISTANCE,OK,6.490,10.587,,0,nearest_robot=robot4
81.000,original,-,robot4,MIN_DISTANCE,OK,6.490,10.587,,0,nearest_robot=robot3
81.000,original,-,robot5,MIN_DISTANCE,OK,13.200,10.587,,0,nearest_robot=robot4
81.000,original,-,robot6,MIN_DISTANCE,OK,12.416,10.587,,0,nearest_robot=robot1
81.000,original,-,fleet,MIN_DISTANCE_AVG,OK,10.587,,,0,robots_sampled=6
82.000,original,-,robot1,MIN_DISTANCE,OK,12.416,10.587,,0,nearest_robot=robot6
82.000,original,-,robot2,MIN_DISTANCE,OK,12.510,10.587,,0,nearest_robot=robot1
82.000,original,-,robot3,MIN_DISTANCE,OK,6.490,10.587,,0,nearest_robot=robot4
82.000,original,-,robot4,MIN_DISTANCE,OK,6.490,10.587,,0,nearest_robot=robot3
82.000,original,-,robot5,MIN_DISTANCE,OK,13.200,10.587,,0,nearest_robot=robot4
82.000,original,-,robot6,MIN_DISTANCE,OK,12.416,10.587,,0,nearest_robot=robot1
82.000,original,-,fleet,MIN_DISTANCE_AVG,OK,10.587,,,0,robots_sampled=6
83.000,original,-,robot1,MIN_DISTANCE,OK,12.416,10.587,,0,nearest_robot=robot6
83.000,original,-,robot2,MIN_DISTANCE,OK,12.510,10.587,,0,nearest_robot=robot1
83.000,original,-,robot3,MIN_DISTANCE,OK,6.490,10.587,,0,nearest_robot=robot4
83.000,original,-,robot4,MIN_DISTANCE,OK,6.490,10.587,,0,nearest_robot=robot3
83.000,original,-,robot5,MIN_DISTANCE,OK,13.200,10.587,,0,nearest_robot=robot4
83.000,original,-,robot6,MIN_DISTANCE,OK,12.416,10.587,,0,nearest_robot=robot1
83.000,original,-,fleet,MIN_DISTANCE_AVG,OK,10.587,,,0,robots_sampled=6
84.000,original,-,robot1,MIN_DISTANCE,OK,12.416,10.587,,0,nearest_robot=robot6
84.000,original,-,robot2,MIN_DISTANCE,OK,12.510,10.587,,0,nearest_robot=robot1
84.000,original,-,robot3,MIN_DISTANCE,OK,6.490,10.587,,0,nearest_robot=robot4
84.000,original,-,robot4,MIN_DISTANCE,OK,6.490,10.587,,0,nearest_robot=robot3
84.000,original,-,robot5,MIN_DISTANCE,OK,13.200,10.587,,0,nearest_robot=robot4
84.000,original,-,robot6,MIN_DISTANCE,OK,12.416,10.587,,0,nearest_robot=robot1
84.000,original,-,fleet,MIN_DISTANCE_AVG,OK,10.587,,,0,robots_sampled=6
85.000,original,-,robot1,MIN_DISTANCE,OK,12.416,10.587,,0,nearest_robot=robot6
85.000,original,-,robot2,MIN_DISTANCE,OK,12.510,10.587,,0,nearest_robot=robot1
85.000,original,-,robot3,MIN_DISTANCE,OK,6.490,10.587,,0,nearest_robot=robot4
85.000,original,-,robot4,MIN_DISTANCE,OK,6.490,10.587,,0,nearest_robot=robot3
85.000,original,-,robot5,MIN_DISTANCE,OK,13.200,10.587,,0,nearest_robot=robot4
85.000,original,-,robot6,MIN_DISTANCE,OK,12.416,10.587,,0,nearest_robot=robot1
85.000,original,-,fleet,MIN_DISTANCE_AVG,OK,10.587,,,0,robots_sampled=6
85.150,original,-,fleet,CHOMP_TIME_FULL,OK,,25.402,,0,iterations=100;iterations_executed=100;source=algorithm;round_trip=25.432609
86.000,original,-,fleet,REPLAN_FULL,OK,,,robot1|robot2|robot3|robot4|robot5|robot6,0,original_full_optimization
86.000,original,-,robot1,MIN_DISTANCE,OK,12.290,10.511,,0,nearest_robot=robot6
86.000,original,-,robot2,MIN_DISTANCE,OK,12.529,10.511,,0,nearest_robot=robot1
86.000,original,-,robot3,MIN_DISTANCE,OK,6.386,10.511,,0,nearest_robot=robot4
86.000,original,-,robot4,MIN_DISTANCE,OK,6.386,10.511,,0,nearest_robot=robot3
86.000,original,-,robot5,MIN_DISTANCE,OK,13.185,10.511,,0,nearest_robot=robot4
86.000,original,-,robot6,MIN_DISTANCE,OK,12.290,10.511,,0,nearest_robot=robot1
86.000,original,-,fleet,MIN_DISTANCE_AVG,OK,10.511,,,0,robots_sampled=6
87.000,original,-,robot1,MIN_DISTANCE,OK,12.017,10.336,,0,nearest_robot=robot6
87.000,original,-,robot2,MIN_DISTANCE,OK,12.566,10.336,,0,nearest_robot=robot1
87.000,original,-,robot3,MIN_DISTANCE,OK,6.077,10.336,,0,nearest_robot=robot4
87.000,original,-,robot4,MIN_DISTANCE,OK,6.077,10.336,,0,nearest_robot=robot3
87.000,original,-,robot5,MIN_DISTANCE,OK,13.266,10.336,,0,nearest_robot=robot4
87.000,original,-,robot6,MIN_DISTANCE,OK,12.017,10.336,,0,nearest_robot=robot1
87.000,original,-,fleet,MIN_DISTANCE_AVG,OK,10.336,,,0,robots_sampled=6
88.000,original,-,robot1,MIN_DISTANCE,OK,11.719,10.101,,0,nearest_robot=robot6
88.000,original,-,robot2,MIN_DISTANCE,OK,12.611,10.101,,0,nearest_robot=robot1
88.000,original,-,robot3,MIN_DISTANCE,OK,5.664,10.101,,0,nearest_robot=robot4
88.000,original,-,robot4,MIN_DISTANCE,OK,5.664,10.101,,0,nearest_robot=robot3
88.000,original,-,robot5,MIN_DISTANCE,OK,13.232,10.101,,0,nearest_robot=robot4
88.000,original,-,robot6,MIN_DISTANCE,OK,11.719,10.101,,0,nearest_robot=robot1
88.000,original,-,fleet,MIN_DISTANCE_AVG,OK,10.101,,,0,robots_sampled=6
89.000,original,-,robot1,MIN_DISTANCE,OK,11.689,9.964,,0,nearest_robot=robot6
89.000,original,-,robot2,MIN_DISTANCE,OK,12.725,9.964,,0,nearest_robot=robot1
89.000,original,-,robot3,MIN_DISTANCE,OK,5.260,9.964,,0,nearest_robot=robot4
89.000,original,-,robot4,MIN_DISTANCE,OK,5.260,9.964,,0,nearest_robot=robot3
89.000,original,-,robot5,MIN_DISTANCE,OK,13.161,9.964,,0,nearest_robot=robot4
89.000,original,-,robot6,MIN_DISTANCE,OK,11.689,9.964,,0,nearest_robot=robot1
89.000,original,-,fleet,MIN_DISTANCE_AVG,OK,9.964,,,0,robots_sampled=6
90.000,original,-,robot1,MIN_DISTANCE,OK,11.912,9.890,,0,nearest_robot=robot6
90.000,original,-,robot2,MIN_DISTANCE,OK,12.992,9.890,,0,nearest_robot=robot1
90.000,original,-,robot3,MIN_DISTANCE,OK,4.705,9.890,,0,nearest_robot=robot4
90.000,original,-,robot4,MIN_DISTANCE,OK,4.705,9.890,,0,nearest_robot=robot3
90.000,original,-,robot5,MIN_DISTANCE,OK,13.112,9.890,,0,nearest_robot=robot4
90.000,original,-,robot6,MIN_DISTANCE,OK,11.912,9.890,,0,nearest_robot=robot1
90.000,original,-,fleet,MIN_DISTANCE_AVG,OK,9.890,,,0,robots_sampled=6
91.000,original,-,robot1,MIN_DISTANCE,OK,11.970,9.759,,0,nearest_robot=robot6
91.000,original,-,robot2,MIN_DISTANCE,OK,13.364,9.759,,0,nearest_robot=robot1
91.000,original,-,robot3,MIN_DISTANCE,OK,4.138,9.759,,0,nearest_robot=robot4
91.000,original,-,robot4,MIN_DISTANCE,OK,4.138,9.759,,0,nearest_robot=robot3
91.000,original,-,robot5,MIN_DISTANCE,OK,12.971,9.759,,0,nearest_robot=robot4
91.000,original,-,robot6,MIN_DISTANCE,OK,11.970,9.759,,0,nearest_robot=robot1
91.000,original,-,fleet,MIN_DISTANCE_AVG,OK,9.759,,,0,robots_sampled=6
92.000,original,-,robot1,MIN_DISTANCE,OK,11.921,9.629,,0,nearest_robot=robot6
92.000,original,-,robot2,MIN_DISTANCE,OK,13.868,9.629,,0,nearest_robot=robot1
92.000,original,-,robot3,MIN_DISTANCE,OK,3.630,9.629,,0,nearest_robot=robot4
92.000,original,-,robot4,MIN_DISTANCE,OK,3.630,9.629,,0,nearest_robot=robot3
92.000,original,-,robot5,MIN_DISTANCE,OK,12.806,9.629,,0,nearest_robot=robot4
92.000,original,-,robot6,MIN_DISTANCE,OK,11.921,9.629,,0,nearest_robot=robot1
92.000,original,-,fleet,MIN_DISTANCE_AVG,OK,9.629,,,0,robots_sampled=6
93.000,original,-,robot1,MIN_DISTANCE,OK,11.778,9.425,,0,nearest_robot=robot6
93.000,original,-,robot2,MIN_DISTANCE,OK,14.056,9.425,,0,nearest_robot=robot3
93.000,original,-,robot3,MIN_DISTANCE,OK,3.157,9.425,,0,nearest_robot=robot4
93.000,original,-,robot4,MIN_DISTANCE,OK,3.157,9.425,,0,nearest_robot=robot3
93.000,original,-,robot5,MIN_DISTANCE,OK,12.624,9.425,,0,nearest_robot=robot4
93.000,original,-,robot6,MIN_DISTANCE,OK,11.778,9.425,,0,nearest_robot=robot1
93.000,original,-,fleet,MIN_DISTANCE_AVG,OK,9.425,,,0,robots_sampled=6
94.000,original,-,robot1,MIN_DISTANCE,OK,11.543,9.176,,0,nearest_robot=robot6
94.000,original,-,robot2,MIN_DISTANCE,OK,14.145,9.176,,0,nearest_robot=robot3
94.000,original,-,robot3,MIN_DISTANCE,OK,2.696,9.176,,0,nearest_robot=robot4
94.000,original,-,robot4,MIN_DISTANCE,OK,2.696,9.176,,0,nearest_robot=robot3
94.000,original,-,robot5,MIN_DISTANCE,OK,12.431,9.176,,0,nearest_robot=robot4
94.000,original,-,robot6,MIN_DISTANCE,OK,11.543,9.176,,0,nearest_robot=robot1
94.000,original,-,fleet,MIN_DISTANCE_AVG,OK,9.176,,,0,robots_sampled=6
95.000,original,-,robot1,MIN_DISTANCE,OK,11.282,8.983,,0,nearest_robot=robot6
95.000,original,-,robot2,MIN_DISTANCE,OK,14.203,8.983,,0,nearest_robot=robot3
95.000,original,-,robot3,MIN_DISTANCE,OK,2.430,8.983,,0,nearest_robot=robot4
95.000,original,-,robot4,MIN_DISTANCE,OK,2.430,8.983,,0,nearest_robot=robot3
95.000,original,-,robot5,MIN_DISTANCE,OK,12.274,8.983,,0,nearest_robot=robot4
95.000,original,-,robot6,MIN_DISTANCE,OK,11.282,8.983,,0,nearest_robot=robot1
95.000,original,-,fleet,MIN_DISTANCE_AVG,OK,8.983,,,0,robots_sampled=6
96.000,original,-,robot1,MIN_DISTANCE,OK,11.132,8.800,,0,nearest_robot=robot6
96.000,original,-,robot2,MIN_DISTANCE,OK,14.245,8.800,,0,nearest_robot=robot6
96.000,original,-,robot3,MIN_DISTANCE,OK,2.080,8.800,,0,nearest_robot=robot4
96.000,original,-,robot4,MIN_DISTANCE,OK,2.080,8.800,,0,nearest_robot=robot3
96.000,original,-,robot5,MIN_DISTANCE,OK,12.129,8.800,,0,nearest_robot=robot4
96.000,original,-,robot6,MIN_DISTANCE,OK,11.132,8.800,,0,nearest_robot=robot1
96.000,original,-,fleet,MIN_DISTANCE_AVG,OK,8.800,,,0,robots_sampled=6
97.000,original,-,robot1,MIN_DISTANCE,OK,10.944,8.611,,0,nearest_robot=robot6
97.000,original,-,robot2,MIN_DISTANCE,OK,14.301,8.611,,0,nearest_robot=robot6
97.000,original,-,robot3,MIN_DISTANCE,OK,1.739,8.611,,0,nearest_robot=robot4
97.000,original,-,robot4,MIN_DISTANCE,OK,1.739,8.611,,0,nearest_robot=robot3
97.000,original,-,robot5,MIN_DISTANCE,OK,12.001,8.611,,0,nearest_robot=robot4
97.000,original,-,robot6,MIN_DISTANCE,OK,10.944,8.611,,0,nearest_robot=robot1
97.000,original,-,fleet,MIN_DISTANCE_AVG,OK,8.611,,,0,robots_sampled=6
98.000,original,-,robot1,MIN_DISTANCE,OK,10.862,8.483,,0,nearest_robot=robot6
98.000,original,-,robot2,MIN_DISTANCE,OK,14.299,8.483,,0,nearest_robot=robot6
98.000,original,-,robot3,MIN_DISTANCE,OK,1.489,8.483,,0,nearest_robot=robot4
98.000,original,-,robot4,MIN_DISTANCE,OK,1.489,8.483,,0,nearest_robot=robot3
98.000,original,-,robot5,MIN_DISTANCE,OK,11.898,8.483,,0,nearest_robot=robot4
98.000,original,-,robot6,MIN_DISTANCE,OK,10.862,8.483,,0,nearest_robot=robot1
98.000,original,-,fleet,MIN_DISTANCE_AVG,OK,8.483,,,0,robots_sampled=6
99.000,original,-,robot1,MIN_DISTANCE,OK,10.782,8.424,,0,nearest_robot=robot6
99.000,original,-,robot2,MIN_DISTANCE,OK,14.279,8.424,,0,nearest_robot=robot6
99.000,original,-,robot3,MIN_DISTANCE,OK,1.445,8.424,,0,nearest_robot=robot4
99.000,original,-,robot4,MIN_DISTANCE,OK,1.445,8.424,,0,nearest_robot=robot3
99.000,original,-,robot5,MIN_DISTANCE,OK,11.809,8.424,,0,nearest_robot=robot4
99.000,original,-,robot6,MIN_DISTANCE,OK,10.782,8.424,,0,nearest_robot=robot1
99.000,original,-,fleet,MIN_DISTANCE_AVG,OK,8.424,,,0,robots_sampled=6
100.000,original,-,robot1,MIN_DISTANCE,OK,10.769,8.356,,0,nearest_robot=robot6
100.000,original,-,robot2,MIN_DISTANCE,OK,14.021,8.356,,0,nearest_robot=robot4
100.000,original,-,robot3,MIN_DISTANCE,OK,1.412,8.356,,0,nearest_robot=robot4
100.000,original,-,robot4,MIN_DISTANCE,OK,1.412,8.356,,0,nearest_robot=robot3
100.000,original,-,robot5,MIN_DISTANCE,OK,11.755,8.356,,0,nearest_robot=robot4
100.000,original,-,robot6,MIN_DISTANCE,OK,10.769,8.356,,0,nearest_robot=robot1
100.000,original,-,fleet,MIN_DISTANCE_AVG,OK,8.356,,,0,robots_sampled=6
101.000,original,-,robot1,MIN_DISTANCE,OK,10.973,8.309,,0,nearest_robot=robot6
101.000,original,-,robot2,MIN_DISTANCE,OK,13.688,8.309,,0,nearest_robot=robot4
101.000,original,-,robot3,MIN_DISTANCE,OK,1.247,8.309,,0,nearest_robot=robot4
101.000,original,-,robot4,MIN_DISTANCE,OK,1.247,8.309,,0,nearest_robot=robot3
101.000,original,-,robot5,MIN_DISTANCE,OK,11.726,8.309,,0,nearest_robot=robot4
101.000,original,-,robot6,MIN_DISTANCE,OK,10.973,8.309,,0,nearest_robot=robot1
101.000,original,-,fleet,MIN_DISTANCE_AVG,OK,8.309,,,0,robots_sampled=6
102.000,original,-,robot1,MIN_DISTANCE,OK,11.328,8.312,,0,nearest_robot=robot6
102.000,original,-,robot2,MIN_DISTANCE,OK,13.333,8.312,,0,nearest_robot=robot4
102.000,original,-,robot3,MIN_DISTANCE,OK,1.088,8.312,,0,nearest_robot=robot4
102.000,original,-,robot4,MIN_DISTANCE,OK,1.088,8.312,,0,nearest_robot=robot3
102.000,original,-,robot5,MIN_DISTANCE,OK,11.707,8.312,,0,nearest_robot=robot4
102.000,original,-,robot6,MIN_DISTANCE,OK,11.328,8.312,,0,nearest_robot=robot1
102.000,original,-,fleet,MIN_DISTANCE_AVG,OK,8.312,,,0,robots_sampled=6
103.000,original,-,robot1,MIN_DISTANCE,OK,11.662,8.329,,0,nearest_robot=robot6
103.000,original,-,robot2,MIN_DISTANCE,OK,13.003,8.329,,0,nearest_robot=robot4
103.000,original,-,robot3,MIN_DISTANCE,OK,0.969,8.329,,0,nearest_robot=robot4
103.000,original,-,robot4,MIN_DISTANCE,OK,0.969,8.329,,0,nearest_robot=robot3
103.000,original,-,robot5,MIN_DISTANCE,OK,11.710,8.329,,0,nearest_robot=robot4
103.000,original,-,robot6,MIN_DISTANCE,OK,11.662,8.329,,0,nearest_robot=robot1
103.000,original,-,fleet,MIN_DISTANCE_AVG,OK,8.329,,,0,robots_sampled=6
104.000,original,-,robot1,MIN_DISTANCE,OK,11.975,8.388,,0,nearest_robot=robot6
104.000,original,-,robot2,MIN_DISTANCE,OK,12.650,8.388,,0,nearest_robot=robot4
104.000,original,-,robot3,MIN_DISTANCE,OK,1.003,8.388,,0,nearest_robot=robot4
104.000,original,-,robot4,MIN_DISTANCE,OK,1.003,8.388,,0,nearest_robot=robot3
104.000,original,-,robot5,MIN_DISTANCE,OK,11.718,8.388,,0,nearest_robot=robot4
104.000,original,-,robot6,MIN_DISTANCE,OK,11.975,8.388,,0,nearest_robot=robot1
104.000,original,-,fleet,MIN_DISTANCE_AVG,OK,8.388,,,0,robots_sampled=6
105.000,original,-,robot1,MIN_DISTANCE,OK,12.322,8.448,,0,nearest_robot=robot6
105.000,original,-,robot2,MIN_DISTANCE,OK,12.316,8.448,,0,nearest_robot=robot4
105.000,original,-,robot3,MIN_DISTANCE,OK,0.991,8.448,,0,nearest_robot=robot4
105.000,original,-,robot4,MIN_DISTANCE,OK,0.991,8.448,,0,nearest_robot=robot3
105.000,original,-,robot5,MIN_DISTANCE,OK,11.746,8.448,,0,nearest_robot=robot4
105.000,original,-,robot6,MIN_DISTANCE,OK,12.322,8.448,,0,nearest_robot=robot1
105.000,original,-,fleet,MIN_DISTANCE_AVG,OK,8.448,,,0,robots_sampled=6
106.000,original,-,robot1,MIN_DISTANCE,OK,12.648,8.508,,0,nearest_robot=robot6
106.000,original,-,robot2,MIN_DISTANCE,OK,11.972,8.508,,0,nearest_robot=robot4
106.000,original,-,robot3,MIN_DISTANCE,OK,0.998,8.508,,0,nearest_robot=robot4
106.000,original,-,robot4,MIN_DISTANCE,OK,0.998,8.508,,0,nearest_robot=robot3
106.000,original,-,robot5,MIN_DISTANCE,OK,11.784,8.508,,0,nearest_robot=robot4
106.000,original,-,robot6,MIN_DISTANCE,OK,12.648,8.508,,0,nearest_robot=robot1
106.000,original,-,fleet,MIN_DISTANCE_AVG,OK,8.508,,,0,robots_sampled=6
107.000,original,-,robot1,MIN_DISTANCE,OK,13.004,8.597,,0,nearest_robot=robot6
107.000,original,-,robot2,MIN_DISTANCE,OK,11.552,8.597,,0,nearest_robot=robot4
107.000,original,-,robot3,MIN_DISTANCE,OK,1.054,8.597,,0,nearest_robot=robot4
107.000,original,-,robot4,MIN_DISTANCE,OK,1.054,8.597,,0,nearest_robot=robot3
107.000,original,-,robot5,MIN_DISTANCE,OK,11.916,8.597,,0,nearest_robot=robot4
107.000,original,-,robot6,MIN_DISTANCE,OK,13.004,8.597,,0,nearest_robot=robot1
107.000,original,-,fleet,MIN_DISTANCE_AVG,OK,8.597,,,0,robots_sampled=6
108.000,original,-,robot1,MIN_DISTANCE,OK,13.314,8.667,,0,nearest_robot=robot6
108.000,original,-,robot2,MIN_DISTANCE,OK,11.170,8.667,,0,nearest_robot=robot4
108.000,original,-,robot3,MIN_DISTANCE,OK,1.070,8.667,,0,nearest_robot=robot4
108.000,original,-,robot4,MIN_DISTANCE,OK,1.070,8.667,,0,nearest_robot=robot3
108.000,original,-,robot5,MIN_DISTANCE,OK,12.066,8.667,,0,nearest_robot=robot4
108.000,original,-,robot6,MIN_DISTANCE,OK,13.314,8.667,,0,nearest_robot=robot1
108.000,original,-,fleet,MIN_DISTANCE_AVG,OK,8.667,,,0,robots_sampled=6
109.000,original,-,robot1,MIN_DISTANCE,OK,13.493,8.732,,0,nearest_robot=robot6
109.000,original,-,robot2,MIN_DISTANCE,OK,10.765,8.732,,0,nearest_robot=robot4
109.000,original,-,robot3,MIN_DISTANCE,OK,1.202,8.732,,0,nearest_robot=robot4
109.000,original,-,robot4,MIN_DISTANCE,OK,1.202,8.732,,0,nearest_robot=robot3
109.000,original,-,robot5,MIN_DISTANCE,OK,12.240,8.732,,0,nearest_robot=robot4
109.000,original,-,robot6,MIN_DISTANCE,OK,13.493,8.732,,0,nearest_robot=robot1
109.000,original,-,fleet,MIN_DISTANCE_AVG,OK,8.732,,,0,robots_sampled=6
110.000,original,-,robot1,MIN_DISTANCE,OK,13.551,8.745,,0,nearest_robot=robot6
110.000,original,-,robot2,MIN_DISTANCE,OK,10.347,8.745,,0,nearest_robot=robot4
110.000,original,-,robot3,MIN_DISTANCE,OK,1.342,8.745,,0,nearest_robot=robot4
110.000,original,-,robot4,MIN_DISTANCE,OK,1.342,8.745,,0,nearest_robot=robot3
110.000,original,-,robot5,MIN_DISTANCE,OK,12.334,8.745,,0,nearest_robot=robot3
110.000,original,-,robot6,MIN_DISTANCE,OK,13.551,8.745,,0,nearest_robot=robot1
110.000,original,-,fleet,MIN_DISTANCE_AVG,OK,8.745,,,0,robots_sampled=6
111.000,original,-,robot1,MIN_DISTANCE,OK,13.582,8.776,,0,nearest_robot=robot6
111.000,original,-,robot2,MIN_DISTANCE,OK,9.942,8.776,,0,nearest_robot=robot4
111.000,original,-,robot3,MIN_DISTANCE,OK,1.610,8.776,,0,nearest_robot=robot4
111.000,original,-,robot4,MIN_DISTANCE,OK,1.610,8.776,,0,nearest_robot=robot3
111.000,original,-,robot5,MIN_DISTANCE,OK,12.331,8.776,,0,nearest_robot=robot3
111.000,original,-,robot6,MIN_DISTANCE,OK,13.582,8.776,,0,nearest_robot=robot1
111.000,original,-,fleet,MIN_DISTANCE_AVG,OK,8.776,,,0,robots_sampled=6
111.340,original,-,fleet,CHOMP_TIME_FULL,OK,,26.978,,0,iterations=100;iterations_executed=100;source=algorithm;round_trip=27.001769
112.000,original,-,fleet,REPLAN_FULL,OK,,,robot1|robot2|robot3|robot4|robot5|robot6,0,original_full_optimization
112.000,original,-,robot1,MIN_DISTANCE,OK,13.586,8.804,,0,nearest_robot=robot6
112.000,original,-,robot2,MIN_DISTANCE,OK,9.765,8.804,,0,nearest_robot=robot4
112.000,original,-,robot3,MIN_DISTANCE,OK,1.781,8.804,,0,nearest_robot=robot4
112.000,original,-,robot4,MIN_DISTANCE,OK,1.781,8.804,,0,nearest_robot=robot3
112.000,original,-,robot5,MIN_DISTANCE,OK,12.324,8.804,,0,nearest_robot=robot3
112.000,original,-,robot6,MIN_DISTANCE,OK,13.586,8.804,,0,nearest_robot=robot1
112.000,original,-,fleet,MIN_DISTANCE_AVG,OK,8.804,,,0,robots_sampled=6
113.000,original,-,robot1,MIN_DISTANCE,OK,13.584,8.786,,0,nearest_robot=robot6
113.000,original,-,robot2,MIN_DISTANCE,OK,9.658,8.786,,0,nearest_robot=robot4
113.000,original,-,robot3,MIN_DISTANCE,OK,1.784,8.786,,0,nearest_robot=robot4
113.000,original,-,robot4,MIN_DISTANCE,OK,1.784,8.786,,0,nearest_robot=robot3
113.000,original,-,robot5,MIN_DISTANCE,OK,12.323,8.786,,0,nearest_robot=robot3
113.000,original,-,robot6,MIN_DISTANCE,OK,13.584,8.786,,0,nearest_robot=robot1
113.000,original,-,fleet,MIN_DISTANCE_AVG,OK,8.786,,,0,robots_sampled=6
114.000,original,-,robot1,MIN_DISTANCE,OK,13.646,8.725,,0,nearest_robot=robot6
114.000,original,-,robot2,MIN_DISTANCE,OK,9.335,8.725,,0,nearest_robot=robot4
114.000,original,-,robot3,MIN_DISTANCE,OK,1.784,8.725,,0,nearest_robot=robot4
114.000,original,-,robot4,MIN_DISTANCE,OK,1.784,8.725,,0,nearest_robot=robot3
114.000,original,-,robot5,MIN_DISTANCE,OK,12.275,8.725,,0,nearest_robot=robot3
114.000,original,-,robot6,MIN_DISTANCE,OK,13.527,8.725,,0,nearest_robot=robot2
114.000,original,-,fleet,MIN_DISTANCE_AVG,OK,8.725,,,0,robots_sampled=6
115.000,original,-,robot1,MIN_DISTANCE,OK,13.903,8.553,,0,nearest_robot=robot6
115.000,original,-,robot2,MIN_DISTANCE,OK,9.147,8.553,,0,nearest_robot=robot4
115.000,original,-,robot3,MIN_DISTANCE,OK,1.784,8.553,,0,nearest_robot=robot4
115.000,original,-,robot4,MIN_DISTANCE,OK,1.784,8.553,,0,nearest_robot=robot3
115.000,original,-,robot5,MIN_DISTANCE,OK,11.974,8.553,,0,nearest_robot=robot3
115.000,original,-,robot6,MIN_DISTANCE,OK,12.727,8.553,,0,nearest_robot=robot2
115.000,original,-,fleet,MIN_DISTANCE_AVG,OK,8.553,,,0,robots_sampled=6
116.000,original,-,robot1,MIN_DISTANCE,OK,14.073,8.368,,0,nearest_robot=robot6
116.000,original,-,robot2,MIN_DISTANCE,OK,9.031,8.368,,0,nearest_robot=robot4
116.000,original,-,robot3,MIN_DISTANCE,OK,1.784,8.368,,0,nearest_robot=robot4
116.000,original,-,robot4,MIN_DISTANCE,OK,1.784,8.368,,0,nearest_robot=robot3
116.000,original,-,robot5,MIN_DISTANCE,OK,11.573,8.368,,0,nearest_robot=robot3
116.000,original,-,robot6,MIN_DISTANCE,OK,11.965,8.368,,0,nearest_robot=robot2
116.000,original,-,fleet,MIN_DISTANCE_AVG,OK,8.368,,,0,robots_sampled=6
117.000,original,-,robot1,MIN_DISTANCE,OK,14.047,8.207,,0,nearest_robot=robot6
117.000,original,-,robot2,MIN_DISTANCE,OK,9.011,8.207,,0,nearest_robot=robot4
117.000,original,-,robot3,MIN_DISTANCE,OK,1.784,8.207,,0,nearest_robot=robot4
117.000,original,-,robot4,MIN_DISTANCE,OK,1.784,8.207,,0,nearest_robot=robot3
117.000,original,-,robot5,MIN_DISTANCE,OK,11.227,8.207,,0,nearest_robot=robot3
117.000,original,-,robot6,MIN_DISTANCE,OK,11.389,8.207,,0,nearest_robot=robot2
117.000,original,-,fleet,MIN_DISTANCE_AVG,OK,8.207,,,0,robots_sampled=6
118.000,original,-,robot1,MIN_DISTANCE,OK,13.954,8.063,,0,nearest_robot=robot6
118.000,original,-,robot2,MIN_DISTANCE,OK,8.999,8.063,,0,nearest_robot=robot4
118.000,original,-,robot3,MIN_DISTANCE,OK,1.784,8.063,,0,nearest_robot=robot4
118.000,original,-,robot4,MIN_DISTANCE,OK,1.784,8.063,,0,nearest_robot=robot3
118.000,original,-,robot5,MIN_DISTANCE,OK,10.889,8.063,,0,nearest_robot=robot3
118.000,original,-,robot6,MIN_DISTANCE,OK,10.971,8.063,,0,nearest_robot=robot2
118.000,original,-,fleet,MIN_DISTANCE_AVG,OK,8.063,,,0,robots_sampled=6
119.000,original,-,robot1,MIN_DISTANCE,OK,13.712,7.922,,0,nearest_robot=robot6
119.000,original,-,robot2,MIN_DISTANCE,OK,9.024,7.922,,0,nearest_robot=robot4
119.000,original,-,robot3,MIN_DISTANCE,OK,1.784,7.922,,0,nearest_robot=robot4
119.000,original,-,robot4,MIN_DISTANCE,OK,1.784,7.922,,0,nearest_robot=robot3
119.000,original,-,robot5,MIN_DISTANCE,OK,10.589,7.922,,0,nearest_robot=robot3
119.000,original,-,robot6,MIN_DISTANCE,OK,10.642,7.922,,0,nearest_robot=robot2
119.000,original,-,fleet,MIN_DISTANCE_AVG,OK,7.922,,,0,robots_sampled=6
120.000,original,-,robot1,MIN_DISTANCE,OK,13.349,7.800,,0,nearest_robot=robot6
120.000,original,-,robot2,MIN_DISTANCE,OK,9.147,7.800,,0,nearest_robot=robot4
120.000,original,-,robot3,MIN_DISTANCE,OK,1.784,7.800,,0,nearest_robot=robot4
120.000,original,-,robot4,MIN_DISTANCE,OK,1.784,7.800,,0,nearest_robot=robot3
120.000,original,-,robot5,MIN_DISTANCE,OK,10.358,7.800,,0,nearest_robot=robot3
120.000,original,-,robot6,MIN_DISTANCE,OK,10.381,7.800,,0,nearest_robot=robot2
120.000,original,-,fleet,MIN_DISTANCE_AVG,OK,7.800,,,0,robots_sampled=6
121.000,original,-,robot1,MIN_DISTANCE,OK,12.950,7.691,,0,nearest_robot=robot6
121.000,original,-,robot2,MIN_DISTANCE,OK,9.155,7.691,,0,nearest_robot=robot4
121.000,original,-,robot3,MIN_DISTANCE,OK,1.784,7.691,,0,nearest_robot=robot4
121.000,original,-,robot4,MIN_DISTANCE,OK,1.784,7.691,,0,nearest_robot=robot3
121.000,original,-,robot5,MIN_DISTANCE,OK,10.182,7.691,,0,nearest_robot=robot3
121.000,original,-,robot6,MIN_DISTANCE,OK,10.292,7.691,,0,nearest_robot=robot2
121.000,original,-,fleet,MIN_DISTANCE_AVG,OK,7.691,,,0,robots_sampled=6
122.000,original,-,robot1,MIN_DISTANCE,OK,12.543,7.585,,0,nearest_robot=robot6
122.000,original,-,robot2,MIN_DISTANCE,OK,9.107,7.585,,0,nearest_robot=robot4
122.000,original,-,robot3,MIN_DISTANCE,OK,1.784,7.585,,0,nearest_robot=robot4
122.000,original,-,robot4,MIN_DISTANCE,OK,1.784,7.585,,0,nearest_robot=robot3
122.000,original,-,robot5,MIN_DISTANCE,OK,10.058,7.585,,0,nearest_robot=robot3
122.000,original,-,robot6,MIN_DISTANCE,OK,10.237,7.585,,0,nearest_robot=robot2
122.000,original,-,fleet,MIN_DISTANCE_AVG,OK,7.585,,,0,robots_sampled=6
123.000,original,-,robot1,MIN_DISTANCE,OK,12.269,7.515,,0,nearest_robot=robot6
123.000,original,-,robot2,MIN_DISTANCE,OK,9.112,7.515,,0,nearest_robot=robot4
123.000,original,-,robot3,MIN_DISTANCE,OK,1.784,7.515,,0,nearest_robot=robot4
123.000,original,-,robot4,MIN_DISTANCE,OK,1.784,7.515,,0,nearest_robot=robot3
123.000,original,-,robot5,MIN_DISTANCE,OK,9.983,7.515,,0,nearest_robot=robot3
123.000,original,-,robot6,MIN_DISTANCE,OK,10.155,7.515,,0,nearest_robot=robot2
123.000,original,-,fleet,MIN_DISTANCE_AVG,OK,7.515,,,0,robots_sampled=6
124.000,original,-,robot1,MIN_DISTANCE,OK,11.924,7.442,,0,nearest_robot=robot6
124.000,original,-,robot2,MIN_DISTANCE,OK,9.111,7.442,,0,nearest_robot=robot4
124.000,original,-,robot3,MIN_DISTANCE,OK,1.784,7.442,,0,nearest_robot=robot4
124.000,original,-,robot4,MIN_DISTANCE,OK,1.784,7.442,,0,nearest_robot=robot3
124.000,original,-,robot5,MIN_DISTANCE,OK,9.960,7.442,,0,nearest_robot=robot3
124.000,original,-,robot6,MIN_DISTANCE,OK,10.087,7.442,,0,nearest_robot=robot2
124.000,original,-,fleet,MIN_DISTANCE_AVG,OK,7.442,,,0,robots_sampled=6
125.000,original,-,robot1,MIN_DISTANCE,OK,11.522,7.372,,0,nearest_robot=robot6
125.000,original,-,robot2,MIN_DISTANCE,OK,9.110,7.372,,0,nearest_robot=robot4
125.000,original,-,robot3,MIN_DISTANCE,OK,1.784,7.372,,0,nearest_robot=robot4
125.000,original,-,robot4,MIN_DISTANCE,OK,1.784,7.372,,0,nearest_robot=robot3
125.000,original,-,robot5,MIN_DISTANCE,OK,9.907,7.372,,0,nearest_robot=robot4
125.000,original,-,robot6,MIN_DISTANCE,OK,10.122,7.372,,0,nearest_robot=robot2
125.000,original,-,fleet,MIN_DISTANCE_AVG,OK,7.372,,,0,robots_sampled=6
126.000,original,-,robot1,MIN_DISTANCE,OK,11.095,7.318,,0,nearest_robot=robot6
126.000,original,-,robot2,MIN_DISTANCE,OK,9.110,7.318,,0,nearest_robot=robot4
126.000,original,-,robot3,MIN_DISTANCE,OK,1.784,7.318,,0,nearest_robot=robot4
126.000,original,-,robot4,MIN_DISTANCE,OK,1.784,7.318,,0,nearest_robot=robot3
126.000,original,-,robot5,MIN_DISTANCE,OK,9.885,7.318,,0,nearest_robot=robot4
126.000,original,-,robot6,MIN_DISTANCE,OK,10.250,7.318,,0,nearest_robot=robot2
126.000,original,-,fleet,MIN_DISTANCE_AVG,OK,7.318,,,0,robots_sampled=6
127.000,original,-,robot1,MIN_DISTANCE,OK,10.660,7.282,,0,nearest_robot=robot6
127.000,original,-,robot2,MIN_DISTANCE,OK,9.110,7.282,,0,nearest_robot=robot4
127.000,original,-,robot3,MIN_DISTANCE,OK,1.784,7.282,,0,nearest_robot=robot4
127.000,original,-,robot4,MIN_DISTANCE,OK,1.784,7.282,,0,nearest_robot=robot3
127.000,original,-,robot5,MIN_DISTANCE,OK,9.898,7.282,,0,nearest_robot=robot4
127.000,original,-,robot6,MIN_DISTANCE,OK,10.456,7.282,,0,nearest_robot=robot2
127.000,original,-,fleet,MIN_DISTANCE_AVG,OK,7.282,,,0,robots_sampled=6
128.000,original,-,robot1,MIN_DISTANCE,OK,10.245,7.186,,0,nearest_robot=robot6
128.000,original,-,robot2,MIN_DISTANCE,OK,9.110,7.186,,0,nearest_robot=robot4
128.000,original,-,robot3,MIN_DISTANCE,OK,1.784,7.186,,0,nearest_robot=robot4
128.000,original,-,robot4,MIN_DISTANCE,OK,1.784,7.186,,0,nearest_robot=robot3
128.000,original,-,robot5,MIN_DISTANCE,OK,9.948,7.186,,0,nearest_robot=robot4
128.000,original,-,robot6,MIN_DISTANCE,OK,10.245,7.186,,0,nearest_robot=robot1
128.000,original,-,fleet,MIN_DISTANCE_AVG,OK,7.186,,,0,robots_sampled=6
129.000,original,-,robot1,MIN_DISTANCE,OK,9.848,7.064,,0,nearest_robot=robot6
129.000,original,-,robot2,MIN_DISTANCE,OK,9.110,7.064,,0,nearest_robot=robot4
129.000,original,-,robot3,MIN_DISTANCE,OK,1.784,7.064,,0,nearest_robot=robot4
129.000,original,-,robot4,MIN_DISTANCE,OK,1.784,7.064,,0,nearest_robot=robot3
129.000,original,-,robot5,MIN_DISTANCE,OK,10.011,7.064,,0,nearest_robot=robot4
129.000,original,-,robot6,MIN_DISTANCE,OK,9.848,7.064,,0,nearest_robot=robot1
129.000,original,-,fleet,MIN_DISTANCE_AVG,OK,7.064,,,0,robots_sampled=6
130.000,original,-,robot1,MIN_DISTANCE,OK,9.439,6.942,,0,nearest_robot=robot6
130.000,original,-,robot2,MIN_DISTANCE,OK,9.110,6.942,,0,nearest_robot=robot4
130.000,original,-,robot3,MIN_DISTANCE,OK,1.784,6.942,,0,nearest_robot=robot4
130.000,original,-,robot4,MIN_DISTANCE,OK,1.784,6.942,,0,nearest_robot=robot3
130.000,original,-,robot5,MIN_DISTANCE,OK,10.098,6.942,,0,nearest_robot=robot4
130.000,original,-,robot6,MIN_DISTANCE,OK,9.439,6.942,,0,nearest_robot=robot1
130.000,original,-,fleet,MIN_DISTANCE_AVG,OK,6.942,,,0,robots_sampled=6
131.000,original,-,robot1,MIN_DISTANCE,OK,9.033,6.825,,0,nearest_robot=robot6
131.000,original,-,robot2,MIN_DISTANCE,OK,9.110,6.825,,0,nearest_robot=robot4
131.000,original,-,robot3,MIN_DISTANCE,OK,1.784,6.825,,0,nearest_robot=robot4
131.000,original,-,robot4,MIN_DISTANCE,OK,1.784,6.825,,0,nearest_robot=robot3
131.000,original,-,robot5,MIN_DISTANCE,OK,10.203,6.825,,0,nearest_robot=robot4
131.000,original,-,robot6,MIN_DISTANCE,OK,9.033,6.825,,0,nearest_robot=robot1
131.000,original,-,fleet,MIN_DISTANCE_AVG,OK,6.825,,,0,robots_sampled=6
132.000,original,-,robot1,MIN_DISTANCE,OK,8.569,6.687,,0,nearest_robot=robot6
132.000,original,-,robot2,MIN_DISTANCE,OK,9.110,6.687,,0,nearest_robot=robot4
132.000,original,-,robot3,MIN_DISTANCE,OK,1.784,6.687,,0,nearest_robot=robot4
132.000,original,-,robot4,MIN_DISTANCE,OK,1.784,6.687,,0,nearest_robot=robot3
132.000,original,-,robot5,MIN_DISTANCE,OK,10.305,6.687,,0,nearest_robot=robot4
132.000,original,-,robot6,MIN_DISTANCE,OK,8.569,6.687,,0,nearest_robot=robot1
132.000,original,-,fleet,MIN_DISTANCE_AVG,OK,6.687,,,0,robots_sampled=6
133.000,original,-,robot1,MIN_DISTANCE,OK,8.195,6.577,,0,nearest_robot=robot6
133.000,original,-,robot2,MIN_DISTANCE,OK,9.110,6.577,,0,nearest_robot=robot4
133.000,original,-,robot3,MIN_DISTANCE,OK,1.784,6.577,,0,nearest_robot=robot4
133.000,original,-,robot4,MIN_DISTANCE,OK,1.784,6.577,,0,nearest_robot=robot3
133.000,original,-,robot5,MIN_DISTANCE,OK,10.393,6.577,,0,nearest_robot=robot4
133.000,original,-,robot6,MIN_DISTANCE,OK,8.195,6.577,,0,nearest_robot=robot1
133.000,original,-,fleet,MIN_DISTANCE_AVG,OK,6.577,,,0,robots_sampled=6
134.000,original,-,robot1,MIN_DISTANCE,OK,7.758,6.448,,0,nearest_robot=robot6
134.000,original,-,robot2,MIN_DISTANCE,OK,9.110,6.448,,0,nearest_robot=robot4
134.000,original,-,robot3,MIN_DISTANCE,OK,1.784,6.448,,0,nearest_robot=robot4
134.000,original,-,robot4,MIN_DISTANCE,OK,1.784,6.448,,0,nearest_robot=robot3
134.000,original,-,robot5,MIN_DISTANCE,OK,10.494,6.448,,0,nearest_robot=robot4
134.000,original,-,robot6,MIN_DISTANCE,OK,7.758,6.448,,0,nearest_robot=robot1
134.000,original,-,fleet,MIN_DISTANCE_AVG,OK,6.448,,,0,robots_sampled=6
135.000,original,-,robot1,MIN_DISTANCE,OK,7.369,6.336,,0,nearest_robot=robot6
135.000,original,-,robot2,MIN_DISTANCE,OK,9.110,6.336,,0,nearest_robot=robot4
135.000,original,-,robot3,MIN_DISTANCE,OK,1.784,6.336,,0,nearest_robot=robot4
135.000,original,-,robot4,MIN_DISTANCE,OK,1.784,6.336,,0,nearest_robot=robot3
135.000,original,-,robot5,MIN_DISTANCE,OK,10.602,6.336,,0,nearest_robot=robot4
135.000,original,-,robot6,MIN_DISTANCE,OK,7.369,6.336,,0,nearest_robot=robot1
135.000,original,-,fleet,MIN_DISTANCE_AVG,OK,6.336,,,0,robots_sampled=6
136.000,original,-,robot1,MIN_DISTANCE,OK,7.007,6.225,,0,nearest_robot=robot6
136.000,original,-,robot2,MIN_DISTANCE,OK,9.110,6.225,,0,nearest_robot=robot4
136.000,original,-,robot3,MIN_DISTANCE,OK,1.784,6.225,,0,nearest_robot=robot4
136.000,original,-,robot4,MIN_DISTANCE,OK,1.784,6.225,,0,nearest_robot=robot3
136.000,original,-,robot5,MIN_DISTANCE,OK,10.661,6.225,,0,nearest_robot=robot4
136.000,original,-,robot6,MIN_DISTANCE,OK,7.007,6.225,,0,nearest_robot=robot1
136.000,original,-,fleet,MIN_DISTANCE_AVG,OK,6.225,,,0,robots_sampled=6
136.770,original,-,fleet,CHOMP_TIME_FULL,OK,,25.856,,0,iterations=100;iterations_executed=100;source=algorithm;round_trip=25.879432
137.000,original,-,robot1,MIN_DISTANCE,OK,6.660,6.115,,0,nearest_robot=robot6
137.000,original,-,robot2,MIN_DISTANCE,OK,9.100,6.115,,0,nearest_robot=robot4
137.000,original,-,robot3,MIN_DISTANCE,OK,1.793,6.115,,0,nearest_robot=robot4
137.000,original,-,robot4,MIN_DISTANCE,OK,1.793,6.115,,0,nearest_robot=robot3
137.000,original,-,robot5,MIN_DISTANCE,OK,10.681,6.115,,0,nearest_robot=robot4
137.000,original,-,robot6,MIN_DISTANCE,OK,6.660,6.115,,0,nearest_robot=robot1
137.000,original,-,fleet,MIN_DISTANCE_AVG,OK,6.115,,,0,robots_sampled=6
137.500,original,-,fleet,REPLAN_FULL,OK,,,robot1|robot2|robot3|robot4|robot5|robot6,0,original_full_optimization
138.000,original,-,robot1,MIN_DISTANCE,OK,6.474,6.091,,0,nearest_robot=robot6
138.000,original,-,robot2,MIN_DISTANCE,OK,8.821,6.091,,0,nearest_robot=robot4
138.000,original,-,robot3,MIN_DISTANCE,OK,2.076,6.091,,0,nearest_robot=robot4
138.000,original,-,robot4,MIN_DISTANCE,OK,2.076,6.091,,0,nearest_robot=robot3
138.000,original,-,robot5,MIN_DISTANCE,OK,10.623,6.091,,0,nearest_robot=robot4
138.000,original,-,robot6,MIN_DISTANCE,OK,6.474,6.091,,0,nearest_robot=robot1
138.000,original,-,fleet,MIN_DISTANCE_AVG,OK,6.091,,,0,robots_sampled=6
139.000,original,-,robot1,MIN_DISTANCE,OK,6.280,6.058,,0,nearest_robot=robot6
139.000,original,-,robot2,MIN_DISTANCE,OK,8.488,6.058,,0,nearest_robot=robot4
139.000,original,-,robot3,MIN_DISTANCE,OK,2.333,6.058,,0,nearest_robot=robot4
139.000,original,-,robot4,MIN_DISTANCE,OK,2.333,6.058,,0,nearest_robot=robot3
139.000,original,-,robot5,MIN_DISTANCE,OK,10.634,6.058,,0,nearest_robot=robot4
139.000,original,-,robot6,MIN_DISTANCE,OK,6.280,6.058,,0,nearest_robot=robot1
139.000,original,-,fleet,MIN_DISTANCE_AVG,OK,6.058,,,0,robots_sampled=6
140.000,original,-,robot1,MIN_DISTANCE,OK,6.392,6.048,,0,nearest_robot=robot6
140.000,original,-,robot2,MIN_DISTANCE,OK,8.177,6.048,,0,nearest_robot=robot4
140.000,original,-,robot3,MIN_DISTANCE,OK,2.303,6.048,,0,nearest_robot=robot4
140.000,original,-,robot4,MIN_DISTANCE,OK,2.303,6.048,,0,nearest_robot=robot3
140.000,original,-,robot5,MIN_DISTANCE,OK,10.723,6.048,,0,nearest_robot=robot4
140.000,original,-,robot6,MIN_DISTANCE,OK,6.392,6.048,,0,nearest_robot=robot1
140.000,original,-,fleet,MIN_DISTANCE_AVG,OK,6.048,,,0,robots_sampled=6
141.000,original,-,robot1,MIN_DISTANCE,OK,6.595,6.079,,0,nearest_robot=robot6
141.000,original,-,robot2,MIN_DISTANCE,OK,7.806,6.079,,0,nearest_robot=robot4
141.000,original,-,robot3,MIN_DISTANCE,OK,2.360,6.079,,0,nearest_robot=robot4
141.000,original,-,robot4,MIN_DISTANCE,OK,2.360,6.079,,0,nearest_robot=robot3
141.000,original,-,robot5,MIN_DISTANCE,OK,10.757,6.079,,0,nearest_robot=robot4
141.000,original,-,robot6,MIN_DISTANCE,OK,6.595,6.079,,0,nearest_robot=robot1
141.000,original,-,fleet,MIN_DISTANCE_AVG,OK,6.079,,,0,robots_sampled=6
142.000,original,-,robot1,MIN_DISTANCE,OK,6.886,6.239,,0,nearest_robot=robot6
142.000,original,-,robot2,MIN_DISTANCE,OK,7.424,6.239,,0,nearest_robot=robot4
142.000,original,-,robot3,MIN_DISTANCE,OK,2.755,6.239,,0,nearest_robot=robot4
142.000,original,-,robot4,MIN_DISTANCE,OK,2.755,6.239,,0,nearest_robot=robot3
142.000,original,-,robot5,MIN_DISTANCE,OK,10.731,6.239,,0,nearest_robot=robot4
142.000,original,-,robot6,MIN_DISTANCE,OK,6.886,6.239,,0,nearest_robot=robot1
142.000,original,-,fleet,MIN_DISTANCE_AVG,OK,6.239,,,0,robots_sampled=6
143.000,original,-,robot1,MIN_DISTANCE,OK,7.268,6.418,,0,nearest_robot=robot6
143.000,original,-,robot2,MIN_DISTANCE,OK,7.040,6.418,,0,nearest_robot=robot4
143.000,original,-,robot3,MIN_DISTANCE,OK,3.134,6.418,,0,nearest_robot=robot4
143.000,original,-,robot4,MIN_DISTANCE,OK,3.134,6.418,,0,nearest_robot=robot3
143.000,original,-,robot5,MIN_DISTANCE,OK,10.667,6.418,,0,nearest_robot=robot4
143.000,original,-,robot6,MIN_DISTANCE,OK,7.268,6.418,,0,nearest_robot=robot1
143.000,original,-,fleet,MIN_DISTANCE_AVG,OK,6.418,,,0,robots_sampled=6
144.000,original,-,robot1,MIN_DISTANCE,OK,7.680,6.606,,0,nearest_robot=robot6
144.000,original,-,robot2,MIN_DISTANCE,OK,6.632,6.606,,0,nearest_robot=robot4
144.000,original,-,robot3,MIN_DISTANCE,OK,3.536,6.606,,0,nearest_robot=robot4
144.000,original,-,robot4,MIN_DISTANCE,OK,3.536,6.606,,0,nearest_robot=robot3
144.000,original,-,robot5,MIN_DISTANCE,OK,10.574,6.606,,0,nearest_robot=robot4
144.000,original,-,robot6,MIN_DISTANCE,OK,7.680,6.606,,0,nearest_robot=robot1
144.000,original,-,fleet,MIN_DISTANCE_AVG,OK,6.606,,,0,robots_sampled=6
145.000,original,-,robot1,MIN_DISTANCE,OK,8.101,6.800,,0,nearest_robot=robot6
145.000,original,-,robot2,MIN_DISTANCE,OK,6.208,6.800,,0,nearest_robot=robot4
145.000,original,-,robot3,MIN_DISTANCE,OK,3.956,6.800,,0,nearest_robot=robot4
145.000,original,-,robot4,MIN_DISTANCE,OK,3.956,6.800,,0,nearest_robot=robot3
145.000,original,-,robot5,MIN_DISTANCE,OK,10.478,6.800,,0,nearest_robot=robot4
145.000,original,-,robot6,MIN_DISTANCE,OK,8.101,6.800,,0,nearest_robot=robot1
145.000,original,-,fleet,MIN_DISTANCE_AVG,OK,6.800,,,0,robots_sampled=6
146.000,original,-,robot1,MIN_DISTANCE,OK,8.552,7.002,,0,nearest_robot=robot6
146.000,original,-,robot2,MIN_DISTANCE,OK,5.812,7.002,,0,nearest_robot=robot4
146.000,original,-,robot3,MIN_DISTANCE,OK,4.351,7.002,,0,nearest_robot=robot4
146.000,original,-,robot4,MIN_DISTANCE,OK,4.351,7.002,,0,nearest_robot=robot3
146.000,original,-,robot5,MIN_DISTANCE,OK,10.396,7.002,,0,nearest_robot=robot4
146.000,original,-,robot6,MIN_DISTANCE,OK,8.552,7.002,,0,nearest_robot=robot1
146.000,original,-,fleet,MIN_DISTANCE_AVG,OK,7.002,,,0,robots_sampled=6
147.000,original,-,robot1,MIN_DISTANCE,OK,8.979,7.202,,0,nearest_robot=robot6
147.000,original,-,robot2,MIN_DISTANCE,OK,5.421,7.202,,0,nearest_robot=robot4
147.000,original,-,robot3,MIN_DISTANCE,OK,4.744,7.202,,0,nearest_robot=robot4
147.000,original,-,robot4,MIN_DISTANCE,OK,4.744,7.202,,0,nearest_robot=robot3
147.000,original,-,robot5,MIN_DISTANCE,OK,10.346,7.202,,0,nearest_robot=robot4
147.000,original,-,robot6,MIN_DISTANCE,OK,8.979,7.202,,0,nearest_robot=robot1
147.000,original,-,fleet,MIN_DISTANCE_AVG,OK,7.202,,,0,robots_sampled=6
148.000,original,-,robot1,MIN_DISTANCE,OK,9.379,7.377,,0,nearest_robot=robot6
148.000,original,-,robot2,MIN_DISTANCE,OK,4.988,7.377,,0,nearest_robot=robot4
148.000,original,-,robot3,MIN_DISTANCE,OK,5.179,7.377,,0,nearest_robot=robot4
148.000,original,-,robot4,MIN_DISTANCE,OK,4.988,7.377,,0,nearest_robot=robot2
148.000,original,-,robot5,MIN_DISTANCE,OK,10.350,7.377,,0,nearest_robot=robot4
148.000,original,-,robot6,MIN_DISTANCE,OK,9.379,7.377,,0,nearest_robot=robot1
148.000,original,-,fleet,MIN_DISTANCE_AVG,OK,7.377,,,0,robots_sampled=6
149.000,original,-,robot1,MIN_DISTANCE,OK,9.701,7.417,,0,nearest_robot=robot6
149.000,original,-,robot2,MIN_DISTANCE,OK,4.567,7.417,,0,nearest_robot=robot4
149.000,original,-,robot3,MIN_DISTANCE,OK,5.603,7.417,,0,nearest_robot=robot4
149.000,original,-,robot4,MIN_DISTANCE,OK,4.567,7.417,,0,nearest_robot=robot2
149.000,original,-,robot5,MIN_DISTANCE,OK,10.367,7.417,,0,nearest_robot=robot4
149.000,original,-,robot6,MIN_DISTANCE,OK,9.701,7.417,,0,nearest_robot=robot1
149.000,original,-,fleet,MIN_DISTANCE_AVG,OK,7.417,,,0,robots_sampled=6
150.000,original,-,robot1,MIN_DISTANCE,OK,10.096,7.485,,0,nearest_robot=robot6
150.000,original,-,robot2,MIN_DISTANCE,OK,4.143,7.485,,0,nearest_robot=robot4
150.000,original,-,robot3,MIN_DISTANCE,OK,6.030,7.485,,0,nearest_robot=robot4
150.000,original,-,robot4,MIN_DISTANCE,OK,4.143,7.485,,0,nearest_robot=robot2
150.000,original,-,robot5,MIN_DISTANCE,OK,10.404,7.485,,0,nearest_robot=robot4
150.000,original,-,robot6,MIN_DISTANCE,OK,10.096,7.485,,0,nearest_robot=robot1
150.000,original,-,fleet,MIN_DISTANCE_AVG,OK,7.485,,,0,robots_sampled=6
151.000,original,-,robot1,MIN_DISTANCE,OK,10.441,7.541,,0,nearest_robot=robot6
151.000,original,-,robot2,MIN_DISTANCE,OK,3.726,7.541,,0,nearest_robot=robot4
151.000,original,-,robot3,MIN_DISTANCE,OK,6.452,7.541,,0,nearest_robot=robot4
151.000,original,-,robot4,MIN_DISTANCE,OK,3.726,7.541,,0,nearest_robot=robot2
151.000,original,-,robot5,MIN_DISTANCE,OK,10.464,7.541,,0,nearest_robot=robot4
151.000,original,-,robot6,MIN_DISTANCE,OK,10.441,7.541,,0,nearest_robot=robot1
151.000,original,-,fleet,MIN_DISTANCE_AVG,OK,7.541,,,0,robots_sampled=6
152.000,original,-,robot1,MIN_DISTANCE,OK,10.662,7.563,,0,nearest_robot=robot6
152.000,original,-,robot2,MIN_DISTANCE,OK,3.339,7.563,,0,nearest_robot=robot4
152.000,original,-,robot3,MIN_DISTANCE,OK,6.844,7.563,,0,nearest_robot=robot4
152.000,original,-,robot4,MIN_DISTANCE,OK,3.339,7.563,,0,nearest_robot=robot2
152.000,original,-,robot5,MIN_DISTANCE,OK,10.528,7.563,,0,nearest_robot=robot4
152.000,original,-,robot6,MIN_DISTANCE,OK,10.662,7.563,,0,nearest_robot=robot1
152.000,original,-,fleet,MIN_DISTANCE_AVG,OK,7.563,,,0,robots_sampled=6
153.000,original,-,robot1,MIN_DISTANCE,OK,10.717,7.530,,0,nearest_robot=robot6
153.000,original,-,robot2,MIN_DISTANCE,OK,2.922,7.530,,0,nearest_robot=robot4
153.000,original,-,robot3,MIN_DISTANCE,OK,7.264,7.530,,0,nearest_robot=robot4
153.000,original,-,robot4,MIN_DISTANCE,OK,2.922,7.530,,0,nearest_robot=robot2
153.000,original,-,robot5,MIN_DISTANCE,OK,10.639,7.530,,0,nearest_robot=robot4
153.000,original,-,robot6,MIN_DISTANCE,OK,10.717,7.530,,0,nearest_robot=robot1
153.000,original,-,fleet,MIN_DISTANCE_AVG,OK,7.530,,,0,robots_sampled=6
154.000,original,-,robot1,MIN_DISTANCE,OK,10.700,7.479,,0,nearest_robot=robot6
154.000,original,-,robot2,MIN_DISTANCE,OK,2.507,7.479,,0,nearest_robot=robot4
154.000,original,-,robot3,MIN_DISTANCE,OK,7.682,7.479,,0,nearest_robot=robot4
154.000,original,-,robot4,MIN_DISTANCE,OK,2.507,7.479,,0,nearest_robot=robot2
154.000,original,-,robot5,MIN_DISTANCE,OK,10.780,7.479,,0,nearest_robot=robot4
154.000,original,-,robot6,MIN_DISTANCE,OK,10.700,7.479,,0,nearest_robot=robot1
154.000,original,-,fleet,MIN_DISTANCE_AVG,OK,7.479,,,0,robots_sampled=6
155.000,original,-,robot1,MIN_DISTANCE,OK,10.700,7.440,,0,nearest_robot=robot6
155.000,original,-,robot2,MIN_DISTANCE,OK,2.112,7.440,,0,nearest_robot=robot4
155.000,original,-,robot3,MIN_DISTANCE,OK,8.078,7.440,,0,nearest_robot=robot4
155.000,original,-,robot4,MIN_DISTANCE,OK,2.112,7.440,,0,nearest_robot=robot2
155.000,original,-,robot5,MIN_DISTANCE,OK,10.936,7.440,,0,nearest_robot=robot4
155.000,original,-,robot6,MIN_DISTANCE,OK,10.700,7.440,,0,nearest_robot=robot1
155.000,original,-,fleet,MIN_DISTANCE_AVG,OK,7.440,,,0,robots_sampled=6
156.000,original,-,robot1,MIN_DISTANCE,OK,10.700,7.398,,0,nearest_robot=robot6
156.000,original,-,robot2,MIN_DISTANCE,OK,1.692,7.398,,0,nearest_robot=robot4
156.000,original,-,robot3,MIN_DISTANCE,OK,8.505,7.398,,0,nearest_robot=robot4
156.000,original,-,robot4,MIN_DISTANCE,OK,1.692,7.398,,0,nearest_robot=robot2
156.000,original,-,robot5,MIN_DISTANCE,OK,11.097,7.398,,0,nearest_robot=robot4
156.000,original,-,robot6,MIN_DISTANCE,OK,10.700,7.398,,0,nearest_robot=robot1
156.000,original,-,fleet,MIN_DISTANCE_AVG,OK,7.398,,,0,robots_sampled=6
157.000,original,-,robot1,MIN_DISTANCE,OK,10.700,7.338,,0,nearest_robot=robot6
157.000,original,-,robot2,MIN_DISTANCE,OK,1.301,7.338,,0,nearest_robot=robot4
157.000,original,-,robot3,MIN_DISTANCE,OK,8.901,7.338,,0,nearest_robot=robot4
157.000,original,-,robot4,MIN_DISTANCE,OK,1.301,7.338,,0,nearest_robot=robot2
157.000,original,-,robot5,MIN_DISTANCE,OK,11.127,7.338,,0,nearest_robot=robot3
157.000,original,-,robot6,MIN_DISTANCE,OK,10.700,7.338,,0,nearest_robot=robot1
157.000,original,-,fleet,MIN_DISTANCE_AVG,OK,7.338,,,0,robots_sampled=6
158.000,original,-,robot1,MIN_DISTANCE,OK,10.700,7.295,,0,nearest_robot=robot6
158.000,original,-,robot2,MIN_DISTANCE,OK,1.021,7.295,,0,nearest_robot=robot4
158.000,original,-,robot3,MIN_DISTANCE,OK,9.200,7.295,,0,nearest_robot=robot4
158.000,original,-,robot4,MIN_DISTANCE,OK,1.021,7.295,,0,nearest_robot=robot2
158.000,original,-,robot5,MIN_DISTANCE,OK,11.127,7.295,,0,nearest_robot=robot3
158.000,original,-,robot6,MIN_DISTANCE,OK,10.700,7.295,,0,nearest_robot=robot1
158.000,original,-,fleet,MIN_DISTANCE_AVG,OK,7.295,,,0,robots_sampled=6
159.000,original,-,robot1,MIN_DISTANCE,OK,10.700,7.283,,0,nearest_robot=robot6
159.000,original,-,robot2,MIN_DISTANCE,OK,0.939,7.283,,0,nearest_robot=robot4
159.000,original,-,robot3,MIN_DISTANCE,OK,9.292,7.283,,0,nearest_robot=robot4
159.000,original,-,robot4,MIN_DISTANCE,OK,0.939,7.283,,0,nearest_robot=robot2
159.000,original,-,robot5,MIN_DISTANCE,OK,11.127,7.283,,0,nearest_robot=robot3
159.000,original,-,robot6,MIN_DISTANCE,OK,10.700,7.283,,0,nearest_robot=robot1
159.000,original,-,fleet,MIN_DISTANCE_AVG,OK,7.283,,,0,robots_sampled=6
160.000,original,-,robot1,MIN_DISTANCE,OK,10.700,7.270,,0,nearest_robot=robot6
160.000,original,-,robot2,MIN_DISTANCE,OK,0.841,7.270,,0,nearest_robot=robot4
160.000,original,-,robot3,MIN_DISTANCE,OK,9.410,7.270,,0,nearest_robot=robot4
160.000,original,-,robot4,MIN_DISTANCE,OK,0.841,7.270,,0,nearest_robot=robot2
160.000,original,-,robot5,MIN_DISTANCE,OK,11.127,7.270,,0,nearest_robot=robot3
160.000,original,-,robot6,MIN_DISTANCE,OK,10.700,7.270,,0,nearest_robot=robot1
160.000,original,-,fleet,MIN_DISTANCE_AVG,OK,7.270,,,0,robots_sampled=6
161.000,original,-,robot1,MIN_DISTANCE,OK,10.700,7.271,,0,nearest_robot=robot6
161.000,original,-,robot2,MIN_DISTANCE,OK,0.621,7.271,,0,nearest_robot=robot4
161.000,original,-,robot3,MIN_DISTANCE,OK,9.861,7.271,,0,nearest_robot=robot4
161.000,original,-,robot4,MIN_DISTANCE,OK,0.621,7.271,,0,nearest_robot=robot2
161.000,original,-,robot5,MIN_DISTANCE,OK,11.127,7.271,,0,nearest_robot=robot3
161.000,original,-,robot6,MIN_DISTANCE,OK,10.700,7.271,,0,nearest_robot=robot1
161.000,original,-,fleet,MIN_DISTANCE_AVG,OK,7.271,,,0,robots_sampled=6
162.000,original,-,fleet,CHOMP_TIME_FULL,OK,,25.504,,0,iterations=100;iterations_executed=100;source=algorithm;round_trip=25.525468
162.000,original,-,robot1,MIN_DISTANCE,OK,10.700,7.335,,0,nearest_robot=robot6
162.000,original,-,robot2,MIN_DISTANCE,OK,0.660,7.335,,0,nearest_robot=robot4
162.000,original,-,robot3,MIN_DISTANCE,OK,10.161,7.335,,0,nearest_robot=robot2
162.000,original,-,robot4,MIN_DISTANCE,OK,0.660,7.335,,0,nearest_robot=robot2
162.000,original,-,robot5,MIN_DISTANCE,OK,11.127,7.335,,0,nearest_robot=robot3
162.000,original,-,robot6,MIN_DISTANCE,OK,10.700,7.335,,0,nearest_robot=robot1
162.000,original,-,fleet,MIN_DISTANCE_AVG,OK,7.335,,,0,robots_sampled=6
163.000,original,-,fleet,REPLAN_FULL,OK,,,robot1|robot2|robot3|robot4|robot5|robot6,0,original_full_optimization
163.000,original,-,robot1,MIN_DISTANCE,OK,10.475,7.328,,0,nearest_robot=robot6
163.000,original,-,robot2,MIN_DISTANCE,OK,0.856,7.328,,0,nearest_robot=robot4
163.000,original,-,robot3,MIN_DISTANCE,OK,10.178,7.328,,0,nearest_robot=robot2
163.000,original,-,robot4,MIN_DISTANCE,OK,0.856,7.328,,0,nearest_robot=robot2
163.000,original,-,robot5,MIN_DISTANCE,OK,11.130,7.328,,0,nearest_robot=robot3
163.000,original,-,robot6,MIN_DISTANCE,OK,10.475,7.328,,0,nearest_robot=robot1
163.000,original,-,fleet,MIN_DISTANCE_AVG,OK,7.328,,,0,robots_sampled=6
164.000,original,-,robot1,MIN_DISTANCE,OK,10.012,7.273,,0,nearest_robot=robot6
164.000,original,-,robot2,MIN_DISTANCE,OK,1.104,7.273,,0,nearest_robot=robot4
164.000,original,-,robot3,MIN_DISTANCE,OK,10.360,7.273,,0,nearest_robot=robot2
164.000,original,-,robot4,MIN_DISTANCE,OK,1.104,7.273,,0,nearest_robot=robot2
164.000,original,-,robot5,MIN_DISTANCE,OK,11.045,7.273,,0,nearest_robot=robot3
164.000,original,-,robot6,MIN_DISTANCE,OK,10.012,7.273,,0,nearest_robot=robot1
164.000,original,-,fleet,MIN_DISTANCE_AVG,OK,7.273,,,0,robots_sampled=6
165.000,original,-,robot1,MIN_DISTANCE,OK,9.553,7.182,,0,nearest_robot=robot6
165.000,original,-,robot2,MIN_DISTANCE,OK,1.121,7.182,,0,nearest_robot=robot4
165.000,original,-,robot3,MIN_DISTANCE,OK,10.772,7.182,,0,nearest_robot=robot2
165.000,original,-,robot4,MIN_DISTANCE,OK,1.121,7.182,,0,nearest_robot=robot2
165.000,original,-,robot5,MIN_DISTANCE,OK,10.975,7.182,,0,nearest_robot=robot3
165.000,original,-,robot6,MIN_DISTANCE,OK,9.553,7.182,,0,nearest_robot=robot1
165.000,original,-,fleet,MIN_DISTANCE_AVG,OK,7.182,,,0,robots_sampled=6
166.000,original,-,robot1,MIN_DISTANCE,OK,9.072,7.037,,0,nearest_robot=robot6
166.000,original,-,robot2,MIN_DISTANCE,OK,1.064,7.037,,0,nearest_robot=robot4
166.000,original,-,robot3,MIN_DISTANCE,OK,10.977,7.037,,0,nearest_robot=robot5
166.000,original,-,robot4,MIN_DISTANCE,OK,1.064,7.037,,0,nearest_robot=robot2
166.000,original,-,robot5,MIN_DISTANCE,OK,10.977,7.037,,0,nearest_robot=robot3
166.000,original,-,robot6,MIN_DISTANCE,OK,9.072,7.037,,0,nearest_robot=robot1
166.000,original,-,fleet,MIN_DISTANCE_AVG,OK,7.037,,,0,robots_sampled=6
167.000,original,-,robot1,MIN_DISTANCE,OK,8.622,6.865,,0,nearest_robot=robot6
167.000,original,-,robot2,MIN_DISTANCE,OK,0.996,6.865,,0,nearest_robot=robot4
167.000,original,-,robot3,MIN_DISTANCE,OK,10.977,6.865,,0,nearest_robot=robot5
167.000,original,-,robot4,MIN_DISTANCE,OK,0.996,6.865,,0,nearest_robot=robot2
167.000,original,-,robot5,MIN_DISTANCE,OK,10.977,6.865,,0,nearest_robot=robot3
167.000,original,-,robot6,MIN_DISTANCE,OK,8.622,6.865,,0,nearest_robot=robot1
167.000,original,-,fleet,MIN_DISTANCE_AVG,OK,6.865,,,0,robots_sampled=6
168.000,original,-,robot1,MIN_DISTANCE,OK,8.164,6.690,,0,nearest_robot=robot6
168.000,original,-,robot2,MIN_DISTANCE,OK,0.929,6.690,,0,nearest_robot=robot4
168.000,original,-,robot3,MIN_DISTANCE,OK,10.977,6.690,,0,nearest_robot=robot5
168.000,original,-,robot4,MIN_DISTANCE,OK,0.929,6.690,,0,nearest_robot=robot2
168.000,original,-,robot5,MIN_DISTANCE,OK,10.977,6.690,,0,nearest_robot=robot3
168.000,original,-,robot6,MIN_DISTANCE,OK,8.164,6.690,,0,nearest_robot=robot1
168.000,original,-,fleet,MIN_DISTANCE_AVG,OK,6.690,,,0,robots_sampled=6
169.000,original,-,robot1,MIN_DISTANCE,OK,7.737,6.482,,0,nearest_robot=robot6
169.000,original,-,robot2,MIN_DISTANCE,OK,0.732,6.482,,0,nearest_robot=robot4
169.000,original,-,robot3,MIN_DISTANCE,OK,10.977,6.482,,0,nearest_robot=robot5
169.000,original,-,robot4,MIN_DISTANCE,OK,0.732,6.482,,0,nearest_robot=robot2
169.000,original,-,robot5,MIN_DISTANCE,OK,10.977,6.482,,0,nearest_robot=robot3
169.000,original,-,robot6,MIN_DISTANCE,OK,7.737,6.482,,0,nearest_robot=robot1
169.000,original,-,fleet,MIN_DISTANCE_AVG,OK,6.482,,,0,robots_sampled=6
170.000,original,-,robot1,MIN_DISTANCE,OK,7.310,6.253,,0,nearest_robot=robot6
170.000,original,-,robot2,MIN_DISTANCE,OK,0.471,6.253,,0,nearest_robot=robot4
170.000,original,-,robot3,MIN_DISTANCE,OK,10.976,6.253,,0,nearest_robot=robot5
170.000,original,-,robot4,MIN_DISTANCE,OK,0.471,6.253,,0,nearest_robot=robot2
170.000,original,-,robot5,MIN_DISTANCE,OK,10.976,6.253,,0,nearest_robot=robot3
170.000,original,-,robot6,MIN_DISTANCE,OK,7.310,6.253,,0,nearest_robot=robot1
170.000,original,-,fleet,MIN_DISTANCE_AVG,OK,6.253,,,0,robots_sampled=6
171.000,original,-,robot1,MIN_DISTANCE,OK,6.889,6.055,,0,nearest_robot=robot6
171.000,original,-,robot2,MIN_DISTANCE,OK,0.300,6.055,,0,nearest_robot=robot4
171.000,original,-,robot3,MIN_DISTANCE,OK,10.976,6.055,,0,nearest_robot=robot5
171.000,original,-,robot4,MIN_DISTANCE,OK,0.300,6.055,,0,nearest_robot=robot2
171.000,original,-,robot5,MIN_DISTANCE,OK,10.976,6.055,,0,nearest_robot=robot3
171.000,original,-,robot6,MIN_DISTANCE,OK,6.889,6.055,,0,nearest_robot=robot1
171.000,original,-,fleet,MIN_DISTANCE_AVG,OK,6.055,,,0,robots_sampled=6
172.000,original,-,robot1,MIN_DISTANCE,OK,6.484,5.914,,0,nearest_robot=robot6
172.000,original,-,robot2,MIN_DISTANCE,OK,0.281,5.914,,0,nearest_robot=robot4
172.000,original,-,robot3,MIN_DISTANCE,OK,10.976,5.914,,0,nearest_robot=robot5
172.000,original,-,robot4,MIN_DISTANCE,OK,0.281,5.914,,0,nearest_robot=robot2
172.000,original,-,robot5,MIN_DISTANCE,OK,10.976,5.914,,0,nearest_robot=robot3
172.000,original,-,robot6,MIN_DISTANCE,OK,6.484,5.914,,0,nearest_robot=robot1
172.000,original,-,fleet,MIN_DISTANCE_AVG,OK,5.914,,,0,robots_sampled=6
173.000,original,-,robot1,MIN_DISTANCE,OK,6.043,5.859,,0,nearest_robot=robot6
173.000,original,-,robot2,MIN_DISTANCE,OK,0.557,5.859,,0,nearest_robot=robot4
173.000,original,-,robot3,MIN_DISTANCE,OK,10.976,5.859,,0,nearest_robot=robot5
173.000,original,-,robot4,MIN_DISTANCE,OK,0.557,5.859,,0,nearest_robot=robot2
173.000,original,-,robot5,MIN_DISTANCE,OK,10.976,5.859,,0,nearest_robot=robot3
173.000,original,-,robot6,MIN_DISTANCE,OK,6.043,5.859,,0,nearest_robot=robot1
173.000,original,-,fleet,MIN_DISTANCE_AVG,OK,5.859,,,0,robots_sampled=6
174.000,original,-,robot1,MIN_DISTANCE,OK,5.616,5.827,,0,nearest_robot=robot6
174.000,original,-,robot2,MIN_DISTANCE,OK,0.890,5.827,,0,nearest_robot=robot4
174.000,original,-,robot3,MIN_DISTANCE,OK,10.976,5.827,,0,nearest_robot=robot5
174.000,original,-,robot4,MIN_DISTANCE,OK,0.890,5.827,,0,nearest_robot=robot2
174.000,original,-,robot5,MIN_DISTANCE,OK,10.976,5.827,,0,nearest_robot=robot3
174.000,original,-,robot6,MIN_DISTANCE,OK,5.616,5.827,,0,nearest_robot=robot1
174.000,original,-,fleet,MIN_DISTANCE_AVG,OK,5.827,,,0,robots_sampled=6
175.000,original,-,robot1,MIN_DISTANCE,OK,5.167,5.783,,0,nearest_robot=robot6
175.000,original,-,robot2,MIN_DISTANCE,OK,1.206,5.783,,0,nearest_robot=robot4
175.000,original,-,robot3,MIN_DISTANCE,OK,10.976,5.783,,0,nearest_robot=robot5
175.000,original,-,robot4,MIN_DISTANCE,OK,1.206,5.783,,0,nearest_robot=robot2
175.000,original,-,robot5,MIN_DISTANCE,OK,10.976,5.783,,0,nearest_robot=robot3
175.000,original,-,robot6,MIN_DISTANCE,OK,5.167,5.783,,0,nearest_robot=robot1
175.000,original,-,fleet,MIN_DISTANCE_AVG,OK,5.783,,,0,robots_sampled=6
176.000,original,-,robot1,MIN_DISTANCE,OK,4.731,5.750,,0,nearest_robot=robot6
176.000,original,-,robot2,MIN_DISTANCE,OK,1.543,5.750,,0,nearest_robot=robot4
176.000,original,-,robot3,MIN_DISTANCE,OK,10.976,5.750,,0,nearest_robot=robot5
176.000,original,-,robot4,MIN_DISTANCE,OK,1.543,5.750,,0,nearest_robot=robot2
176.000,original,-,robot5,MIN_DISTANCE,OK,10.976,5.750,,0,nearest_robot=robot3
176.000,original,-,robot6,MIN_DISTANCE,OK,4.731,5.750,,0,nearest_robot=robot1
176.000,original,-,fleet,MIN_DISTANCE_AVG,OK,5.750,,,0,robots_sampled=6
177.000,original,-,robot1,MIN_DISTANCE,OK,4.280,5.723,,0,nearest_robot=robot6
177.000,original,-,robot2,MIN_DISTANCE,OK,1.915,5.723,,0,nearest_robot=robot4
177.000,original,-,robot3,MIN_DISTANCE,OK,10.975,5.723,,0,nearest_robot=robot5
177.000,original,-,robot4,MIN_DISTANCE,OK,1.915,5.723,,0,nearest_robot=robot2
177.000,original,-,robot5,MIN_DISTANCE,OK,10.975,5.723,,0,nearest_robot=robot3
177.000,original,-,robot6,MIN_DISTANCE,OK,4.280,5.723,,0,nearest_robot=robot1
177.000,original,-,fleet,MIN_DISTANCE_AVG,OK,5.723,,,0,robots_sampled=6
178.000,original,-,robot1,MIN_DISTANCE,OK,3.793,5.698,,0,nearest_robot=robot6
178.000,original,-,robot2,MIN_DISTANCE,OK,2.326,5.698,,0,nearest_robot=robot4
178.000,original,-,robot3,MIN_DISTANCE,OK,10.975,5.698,,0,nearest_robot=robot5
178.000,original,-,robot4,MIN_DISTANCE,OK,2.326,5.698,,0,nearest_robot=robot2
178.000,original,-,robot5,MIN_DISTANCE,OK,10.975,5.698,,0,nearest_robot=robot3
178.000,original,-,robot6,MIN_DISTANCE,OK,3.793,5.698,,0,nearest_robot=robot1
178.000,original,-,fleet,MIN_DISTANCE_AVG,OK,5.698,,,0,robots_sampled=6
179.000,original,-,robot1,MIN_DISTANCE,OK,3.323,5.692,,0,nearest_robot=robot6
179.000,original,-,robot2,MIN_DISTANCE,OK,2.776,5.692,,0,nearest_robot=robot4
179.000,original,-,robot3,MIN_DISTANCE,OK,10.975,5.692,,0,nearest_robot=robot5
179.000,original,-,robot4,MIN_DISTANCE,OK,2.776,5.692,,0,nearest_robot=robot2
179.000,original,-,robot5,MIN_DISTANCE,OK,10.975,5.692,,0,nearest_robot=robot3
179.000,original,-,robot6,MIN_DISTANCE,OK,3.323,5.692,,0,nearest_robot=robot1
179.000,original,-,fleet,MIN_DISTANCE_AVG,OK,5.692,,,0,robots_sampled=6
180.000,original,-,robot1,MIN_DISTANCE,OK,2.831,5.671,,0,nearest_robot=robot6
180.000,original,-,robot2,MIN_DISTANCE,OK,3.207,5.671,,0,nearest_robot=robot4
180.000,original,-,robot3,MIN_DISTANCE,OK,10.975,5.671,,0,nearest_robot=robot5
180.000,original,-,robot4,MIN_DISTANCE,OK,3.207,5.671,,0,nearest_robot=robot2
180.000,original,-,robot5,MIN_DISTANCE,OK,10.975,5.671,,0,nearest_robot=robot3
180.000,original,-,robot6,MIN_DISTANCE,OK,2.831,5.671,,0,nearest_robot=robot1
180.000,original,-,fleet,MIN_DISTANCE_AVG,OK,5.671,,,0,robots_sampled=6
181.000,original,-,robot1,MIN_DISTANCE,OK,2.388,5.686,,0,nearest_robot=robot6
181.000,original,-,robot2,MIN_DISTANCE,OK,3.695,5.686,,0,nearest_robot=robot4
181.000,original,-,robot3,MIN_DISTANCE,OK,10.975,5.686,,0,nearest_robot=robot5
181.000,original,-,robot4,MIN_DISTANCE,OK,3.695,5.686,,0,nearest_robot=robot2
181.000,original,-,robot5,MIN_DISTANCE,OK,10.975,5.686,,0,nearest_robot=robot3
181.000,original,-,robot6,MIN_DISTANCE,OK,2.388,5.686,,0,nearest_robot=robot1
181.000,original,-,fleet,MIN_DISTANCE_AVG,OK,5.686,,,0,robots_sampled=6
182.000,original,-,robot1,MIN_DISTANCE,OK,1.936,5.662,,0,nearest_robot=robot6
182.000,original,-,robot2,MIN_DISTANCE,OK,4.075,5.662,,0,nearest_robot=robot4
182.000,original,-,robot3,MIN_DISTANCE,OK,10.975,5.662,,0,nearest_robot=robot5
182.000,original,-,robot4,MIN_DISTANCE,OK,4.075,5.662,,0,nearest_robot=robot2
182.000,original,-,robot5,MIN_DISTANCE,OK,10.975,5.662,,0,nearest_robot=robot3
182.000,original,-,robot6,MIN_DISTANCE,OK,1.936,5.662,,0,nearest_robot=robot1
182.000,original,-,fleet,MIN_DISTANCE_AVG,OK,5.662,,,0,robots_sampled=6
183.000,original,-,robot1,MIN_DISTANCE,OK,1.510,5.648,,0,nearest_robot=robot6
183.000,original,-,robot2,MIN_DISTANCE,OK,4.459,5.648,,0,nearest_robot=robot4
183.000,original,-,robot3,MIN_DISTANCE,OK,10.975,5.648,,0,nearest_robot=robot5
183.000,original,-,robot4,MIN_DISTANCE,OK,4.459,5.648,,0,nearest_robot=robot2
183.000,original,-,robot5,MIN_DISTANCE,OK,10.975,5.648,,0,nearest_robot=robot3
183.000,original,-,robot6,MIN_DISTANCE,OK,1.510,5.648,,0,nearest_robot=robot1
183.000,original,-,fleet,MIN_DISTANCE_AVG,OK,5.648,,,0,robots_sampled=6
184.000,original,-,robot1,MIN_DISTANCE,OK,1.130,5.653,,0,nearest_robot=robot6
184.000,original,-,robot2,MIN_DISTANCE,OK,4.853,5.653,,0,nearest_robot=robot4
184.000,original,-,robot3,MIN_DISTANCE,OK,10.974,5.653,,0,nearest_robot=robot5
184.000,original,-,robot4,MIN_DISTANCE,OK,4.853,5.653,,0,nearest_robot=robot2
184.000,original,-,robot5,MIN_DISTANCE,OK,10.974,5.653,,0,nearest_robot=robot3
184.000,original,-,robot6,MIN_DISTANCE,OK,1.130,5.653,,0,nearest_robot=robot1
184.000,original,-,fleet,MIN_DISTANCE_AVG,OK,5.653,,,0,robots_sampled=6
185.000,original,-,robot1,MIN_DISTANCE,OK,0.837,5.690,,0,nearest_robot=robot6
185.000,original,-,robot2,MIN_DISTANCE,OK,5.259,5.690,,0,nearest_robot=robot4
185.000,original,-,robot3,MIN_DISTANCE,OK,10.974,5.690,,0,nearest_robot=robot5
185.000,original,-,robot4,MIN_DISTANCE,OK,5.259,5.690,,0,nearest_robot=robot2
185.000,original,-,robot5,MIN_DISTANCE,OK,10.974,5.690,,0,nearest_robot=robot3
185.000,original,-,robot6,MIN_DISTANCE,OK,0.837,5.690,,0,nearest_robot=robot1
185.000,original,-,fleet,MIN_DISTANCE_AVG,OK,5.690,,,0,robots_sampled=6
186.000,original,-,robot1,MIN_DISTANCE,OK,0.800,5.816,,0,nearest_robot=robot6
186.000,original,-,robot2,MIN_DISTANCE,OK,5.674,5.816,,0,nearest_robot=robot4
186.000,original,-,robot3,MIN_DISTANCE,OK,10.974,5.816,,0,nearest_robot=robot5
186.000,original,-,robot4,MIN_DISTANCE,OK,5.674,5.816,,0,nearest_robot=robot2
186.000,original,-,robot5,MIN_DISTANCE,OK,10.974,5.816,,0,nearest_robot=robot3
186.000,original,-,robot6,MIN_DISTANCE,OK,0.800,5.816,,0,nearest_robot=robot1
186.000,original,-,fleet,MIN_DISTANCE_AVG,OK,5.816,,,0,robots_sampled=6
187.000,original,-,robot1,MIN_DISTANCE,OK,1.012,6.017,,0,nearest_robot=robot6
187.000,original,-,robot2,MIN_DISTANCE,OK,6.066,6.017,,0,nearest_robot=robot4
187.000,original,-,robot3,MIN_DISTANCE,OK,10.974,6.017,,0,nearest_robot=robot5
187.000,original,-,robot4,MIN_DISTANCE,OK,6.066,6.017,,0,nearest_robot=robot2
187.000,original,-,robot5,MIN_DISTANCE,OK,10.974,6.017,,0,nearest_robot=robot3
187.000,original,-,robot6,MIN_DISTANCE,OK,1.012,6.017,,0,nearest_robot=robot1
187.000,original,-,fleet,MIN_DISTANCE_AVG,OK,6.017,,,0,robots_sampled=6
187.530,original,-,fleet,CHOMP_TIME_FULL,OK,,25.763,,0,iterations=100;iterations_executed=100;source=algorithm;round_trip=25.786816
188.000,original,-,robot1,MIN_DISTANCE,OK,1.064,6.189,,0,nearest_robot=robot6
188.000,original,-,robot2,MIN_DISTANCE,OK,6.485,6.189,,0,nearest_robot=robot4
188.000,original,-,robot3,MIN_DISTANCE,OK,11.017,6.189,,0,nearest_robot=robot5
188.000,original,-,robot4,MIN_DISTANCE,OK,6.485,6.189,,0,nearest_robot=robot2
188.000,original,-,robot5,MIN_DISTANCE,OK,11.017,6.189,,0,nearest_robot=robot3
188.000,original,-,robot6,MIN_DISTANCE,OK,1.064,6.189,,0,nearest_robot=robot1
188.000,original,-,fleet,MIN_DISTANCE_AVG,OK,6.189,,,0,robots_sampled=6
188.500,original,-,fleet,REPLAN_FULL,OK,,,robot1|robot2|robot3|robot4|robot5|robot6,0,original_full_optimization
189.000,original,-,robot1,MIN_DISTANCE,OK,0.802,6.267,,0,nearest_robot=robot6
189.000,original,-,robot2,MIN_DISTANCE,OK,6.869,6.267,,0,nearest_robot=robot4
189.000,original,-,robot3,MIN_DISTANCE,OK,11.128,6.267,,0,nearest_robot=robot5
189.000,original,-,robot4,MIN_DISTANCE,OK,6.869,6.267,,0,nearest_robot=robot2
189.000,original,-,robot5,MIN_DISTANCE,OK,11.128,6.267,,0,nearest_robot=robot3
189.000,original,-,robot6,MIN_DISTANCE,OK,0.802,6.267,,0,nearest_robot=robot1
189.000,original,-,fleet,MIN_DISTANCE_AVG,OK,6.267,,,0,robots_sampled=6
190.000,original,-,robot1,MIN_DISTANCE,OK,0.496,6.284,,0,nearest_robot=robot6
190.000,original,-,robot2,MIN_DISTANCE,OK,7.279,6.284,,0,nearest_robot=robot4
190.000,original,-,robot3,MIN_DISTANCE,OK,11.077,6.284,,0,nearest_robot=robot5
190.000,original,-,robot4,MIN_DISTANCE,OK,7.279,6.284,,0,nearest_robot=robot2
190.000,original,-,robot5,MIN_DISTANCE,OK,11.077,6.284,,0,nearest_robot=robot3
190.000,original,-,robot6,MIN_DISTANCE,OK,0.496,6.284,,0,nearest_robot=robot1
190.000,original,-,fleet,MIN_DISTANCE_AVG,OK,6.284,,,0,robots_sampled=6
191.000,original,-,robot1,MIN_DISTANCE,OK,0.271,6.366,,0,nearest_robot=robot6
191.000,original,-,robot2,MIN_DISTANCE,OK,7.712,6.366,,0,nearest_robot=robot4
191.000,original,-,robot3,MIN_DISTANCE,OK,11.115,6.366,,0,nearest_robot=robot5
191.000,original,-,robot4,MIN_DISTANCE,OK,7.712,6.366,,0,nearest_robot=robot2
191.000,original,-,robot5,MIN_DISTANCE,OK,11.115,6.366,,0,nearest_robot=robot3
191.000,original,-,robot6,MIN_DISTANCE,OK,0.271,6.366,,0,nearest_robot=robot1
191.000,original,-,fleet,MIN_DISTANCE_AVG,OK,6.366,,,0,robots_sampled=6
192.000,original,-,robot1,MIN_DISTANCE,OK,0.303,6.501,,0,nearest_robot=robot6
192.000,original,-,robot2,MIN_DISTANCE,OK,8.128,6.501,,0,nearest_robot=robot4
192.000,original,-,robot3,MIN_DISTANCE,OK,11.074,6.501,,0,nearest_robot=robot5
192.000,original,-,robot4,MIN_DISTANCE,OK,8.128,6.501,,0,nearest_robot=robot2
192.000,original,-,robot5,MIN_DISTANCE,OK,11.074,6.501,,0,nearest_robot=robot3
192.000,original,-,robot6,MIN_DISTANCE,OK,0.303,6.501,,0,nearest_robot=robot1
192.000,original,-,fleet,MIN_DISTANCE_AVG,OK,6.501,,,0,robots_sampled=6
193.000,original,-,robot1,MIN_DISTANCE,OK,0.303,6.545,,0,nearest_robot=robot6
193.000,original,-,robot2,MIN_DISTANCE,OK,8.428,6.545,,0,nearest_robot=robot6
193.000,original,-,robot3,MIN_DISTANCE,OK,10.854,6.545,,0,nearest_robot=robot5
193.000,original,-,robot4,MIN_DISTANCE,OK,8.530,6.545,,0,nearest_robot=robot2
193.000,original,-,robot5,MIN_DISTANCE,OK,10.854,6.545,,0,nearest_robot=robot3
193.000,original,-,robot6,MIN_DISTANCE,OK,0.303,6.545,,0,nearest_robot=robot1
193.000,original,-,fleet,MIN_DISTANCE_AVG,OK,6.545,,,0,robots_sampled=6
194.000,original,-,robot1,MIN_DISTANCE,OK,0.303,6.505,,0,nearest_robot=robot6
194.000,original,-,robot2,MIN_DISTANCE,OK,8.094,6.505,,0,nearest_robot=robot6
194.000,original,-,robot3,MIN_DISTANCE,OK,10.708,6.505,,0,nearest_robot=robot5
194.000,original,-,robot4,MIN_DISTANCE,OK,8.916,6.505,,0,nearest_robot=robot2
194.000,original,-,robot5,MIN_DISTANCE,OK,10.708,6.505,,0,nearest_robot=robot3
194.000,original,-,robot6,MIN_DISTANCE,OK,0.303,6.505,,0,nearest_robot=robot1
194.000,original,-,fleet,MIN_DISTANCE_AVG,OK,6.505,,,0,robots_sampled=6
195.000,original,-,robot1,MIN_DISTANCE,OK,0.303,6.454,,0,nearest_robot=robot6
195.000,original,-,robot2,MIN_DISTANCE,OK,7.755,6.454,,0,nearest_robot=robot6
195.000,original,-,robot3,MIN_DISTANCE,OK,10.525,6.454,,0,nearest_robot=robot5
195.000,original,-,robot4,MIN_DISTANCE,OK,9.311,6.454,,0,nearest_robot=robot2
195.000,original,-,robot5,MIN_DISTANCE,OK,10.525,6.454,,0,nearest_robot=robot3
195.000,original,-,robot6,MIN_DISTANCE,OK,0.303,6.454,,0,nearest_robot=robot1
195.000,original,-,fleet,MIN_DISTANCE_AVG,OK,6.454,,,0,robots_sampled=6
196.000,original,-,robot1,MIN_DISTANCE,OK,0.303,6.424,,0,nearest_robot=robot6
196.000,original,-,robot2,MIN_DISTANCE,OK,7.414,6.424,,0,nearest_robot=robot6
196.000,original,-,robot3,MIN_DISTANCE,OK,10.397,6.424,,0,nearest_robot=robot5
196.000,original,-,robot4,MIN_DISTANCE,OK,9.730,6.424,,0,nearest_robot=robot2
196.000,original,-,robot5,MIN_DISTANCE,OK,10.397,6.424,,0,nearest_robot=robot3
196.000,original,-,robot6,MIN_DISTANCE,OK,0.303,6.424,,0,nearest_robot=robot1
196.000,original,-,fleet,MIN_DISTANCE_AVG,OK,6.424,,,0,robots_sampled=6
197.000,original,-,robot1,MIN_DISTANCE,OK,0.303,6.382,,0,nearest_robot=robot6
197.000,original,-,robot2,MIN_DISTANCE,OK,7.063,6.382,,0,nearest_robot=robot6
197.000,original,-,robot3,MIN_DISTANCE,OK,10.235,6.382,,0,nearest_robot=robot5
197.000,original,-,robot4,MIN_DISTANCE,OK,10.155,6.382,,0,nearest_robot=robot2
197.000,original,-,robot5,MIN_DISTANCE,OK,10.235,6.382,,0,nearest_robot=robot3
197.000,original,-,robot6,MIN_DISTANCE,OK,0.303,6.382,,0,nearest_robot=robot1
197.000,original,-,fleet,MIN_DISTANCE_AVG,OK,6.382,,,0,robots_sampled=6
198.000,original,-,robot1,MIN_DISTANCE,OK,0.303,6.263,,0,nearest_robot=robot6
198.000,original,-,robot2,MIN_DISTANCE,OK,6.693,6.263,,0,nearest_robot=robot6
198.000,original,-,robot3,MIN_DISTANCE,OK,10.093,6.263,,0,nearest_robot=robot5
198.000,original,-,robot4,MIN_DISTANCE,OK,10.095,6.263,,0,nearest_robot=robot3
198.000,original,-,robot5,MIN_DISTANCE,OK,10.093,6.263,,0,nearest_robot=robot3
198.000,original,-,robot6,MIN_DISTANCE,OK,0.303,6.263,,0,nearest_robot=robot1
198.000,original,-,fleet,MIN_DISTANCE_AVG,OK,6.263,,,0,robots_sampled=6
199.000,original,-,robot1,MIN_DISTANCE,OK,0.303,6.038,,0,nearest_robot=robot6
199.000,original,-,robot2,MIN_DISTANCE,OK,6.291,6.038,,0,nearest_robot=robot6
199.000,original,-,robot3,MIN_DISTANCE,OK,9.666,6.038,,0,nearest_robot=robot4
199.000,original,-,robot4,MIN_DISTANCE,OK,9.666,6.038,,0,nearest_robot=robot3
199.000,original,-,robot5,MIN_DISTANCE,OK,10.000,6.038,,0,nearest_robot=robot3
199.000,original,-,robot6,MIN_DISTANCE,OK,0.303,6.038,,0,nearest_robot=robot1
199.000,original,-,fleet,MIN_DISTANCE_AVG,OK,6.038,,,0,robots_sampled=6
200.000,original,-,robot1,MIN_DISTANCE,OK,0.303,5.801,,0,nearest_robot=robot6
200.000,original,-,robot2,MIN_DISTANCE,OK,5.809,5.801,,0,nearest_robot=robot6
200.000,original,-,robot3,MIN_DISTANCE,OK,9.235,5.801,,0,nearest_robot=robot4
200.000,original,-,robot4,MIN_DISTANCE,OK,9.235,5.801,,0,nearest_robot=robot3
200.000,original,-,robot5,MIN_DISTANCE,OK,9.923,5.801,,0,nearest_robot=robot3
200.000,original,-,robot6,MIN_DISTANCE,OK,0.303,5.801,,0,nearest_robot=robot1
200.000,original,-,fleet,MIN_DISTANCE_AVG,OK,5.801,,,0,robots_sampled=6
201.000,original,-,robot1,MIN_DISTANCE,OK,0.303,5.569,,0,nearest_robot=robot6
201.000,original,-,robot2,MIN_DISTANCE,OK,5.347,5.569,,0,nearest_robot=robot6
201.000,original,-,robot3,MIN_DISTANCE,OK,8.805,5.569,,0,nearest_robot=robot4
201.000,original,-,robot4,MIN_DISTANCE,OK,8.805,5.569,,0,nearest_robot=robot3
201.000,original,-,robot5,MIN_DISTANCE,OK,9.853,5.569,,0,nearest_robot=robot3
201.000,original,-,robot6,MIN_DISTANCE,OK,0.303,5.569,,0,nearest_robot=robot1
201.000,original,-,fleet,MIN_DISTANCE_AVG,OK,5.569,,,0,robots_sampled=6
202.000,original,-,robot1,MIN_DISTANCE,OK,0.303,5.351,,0,nearest_robot=robot6
202.000,original,-,robot2,MIN_DISTANCE,OK,4.904,5.351,,0,nearest_robot=robot6
202.000,original,-,robot3,MIN_DISTANCE,OK,8.385,5.351,,0,nearest_robot=robot4
202.000,original,-,robot4,MIN_DISTANCE,OK,8.385,5.351,,0,nearest_robot=robot3
202.000,original,-,robot5,MIN_DISTANCE,OK,9.827,5.351,,0,nearest_robot=robot3
202.000,original,-,robot6,MIN_DISTANCE,OK,0.303,5.351,,0,nearest_robot=robot1
202.000,original,-,fleet,MIN_DISTANCE_AVG,OK,5.351,,,0,robots_sampled=6
203.000,original,-,robot1,MIN_DISTANCE,OK,0.303,5.132,,0,nearest_robot=robot6
203.000,original,-,robot2,MIN_DISTANCE,OK,4.443,5.132,,0,nearest_robot=robot6
203.000,original,-,robot3,MIN_DISTANCE,OK,7.967,5.132,,0,nearest_robot=robot4
203.000,original,-,robot4,MIN_DISTANCE,OK,7.967,5.132,,0,nearest_robot=robot3
203.000,original,-,robot5,MIN_DISTANCE,OK,9.808,5.132,,0,nearest_robot=robot3
203.000,original,-,robot6,MIN_DISTANCE,OK,0.303,5.132,,0,nearest_robot=robot1
203.000,original,-,fleet,MIN_DISTANCE_AVG,OK,5.132,,,0,robots_sampled=6
204.000,original,-,robot1,MIN_DISTANCE,OK,0.303,4.910,,0,nearest_robot=robot6
204.000,original,-,robot2,MIN_DISTANCE,OK,3.999,4.910,,0,nearest_robot=robot6
204.000,original,-,robot3,MIN_DISTANCE,OK,7.532,4.910,,0,nearest_robot=robot4
204.000,original,-,robot4,MIN_DISTANCE,OK,7.532,4.910,,0,nearest_robot=robot3
204.000,original,-,robot5,MIN_DISTANCE,OK,9.793,4.910,,0,nearest_robot=robot3
204.000,original,-,robot6,MIN_DISTANCE,OK,0.303,4.910,,0,nearest_robot=robot1
204.000,original,-,fleet,MIN_DISTANCE_AVG,OK,4.910,,,0,robots_sampled=6
205.000,original,-,robot1,MIN_DISTANCE,OK,0.303,4.693,,0,nearest_robot=robot6
205.000,original,-,robot2,MIN_DISTANCE,OK,3.541,4.693,,0,nearest_robot=robot6
205.000,original,-,robot3,MIN_DISTANCE,OK,7.104,4.693,,0,nearest_robot=robot4
205.000,original,-,robot4,MIN_DISTANCE,OK,7.104,4.693,,0,nearest_robot=robot3
205.000,original,-,robot5,MIN_DISTANCE,OK,9.804,4.693,,0,nearest_robot=robot3
205.000,original,-,robot6,MIN_DISTANCE,OK,0.303,4.693,,0,nearest_robot=robot1
205.000,original,-,fleet,MIN_DISTANCE_AVG,OK,4.693,,,0,robots_sampled=6
206.000,original,-,robot1,MIN_DISTANCE,OK,0.303,4.491,,0,nearest_robot=robot6
206.000,original,-,robot2,MIN_DISTANCE,OK,3.117,4.491,,0,nearest_robot=robot6
206.000,original,-,robot3,MIN_DISTANCE,OK,6.687,4.491,,0,nearest_robot=robot4
206.000,original,-,robot4,MIN_DISTANCE,OK,6.687,4.491,,0,nearest_robot=robot3
206.000,original,-,robot5,MIN_DISTANCE,OK,9.849,4.491,,0,nearest_robot=robot3
206.000,original,-,robot6,MIN_DISTANCE,OK,0.303,4.491,,0,nearest_robot=robot1
206.000,original,-,fleet,MIN_DISTANCE_AVG,OK,4.491,,,0,robots_sampled=6
207.000,original,-,robot1,MIN_DISTANCE,OK,0.303,4.287,,0,nearest_robot=robot6
207.000,original,-,robot2,MIN_DISTANCE,OK,2.687,4.287,,0,nearest_robot=robot6
207.000,original,-,robot3,MIN_DISTANCE,OK,6.257,4.287,,0,nearest_robot=robot4
207.000,original,-,robot4,MIN_DISTANCE,OK,6.257,4.287,,0,nearest_robot=robot3
207.000,original,-,robot5,MIN_DISTANCE,OK,9.911,4.287,,0,nearest_robot=robot3
207.000,original,-,robot6,MIN_DISTANCE,OK,0.303,4.287,,0,nearest_robot=robot1
207.000,original,-,fleet,MIN_DISTANCE_AVG,OK,4.287,,,0,robots_sampled=6
208.000,original,-,robot1,MIN_DISTANCE,OK,0.303,4.092,,0,nearest_robot=robot6
208.000,original,-,robot2,MIN_DISTANCE,OK,2.327,4.092,,0,nearest_robot=robot6
208.000,original,-,robot3,MIN_DISTANCE,OK,5.798,4.092,,0,nearest_robot=robot4
208.000,original,-,robot4,MIN_DISTANCE,OK,5.798,4.092,,0,nearest_robot=robot3
208.000,original,-,robot5,MIN_DISTANCE,OK,10.021,4.092,,0,nearest_robot=robot3
208.000,original,-,robot6,MIN_DISTANCE,OK,0.303,4.092,,0,nearest_robot=robot1
208.000,original,-,fleet,MIN_DISTANCE_AVG,OK,4.092,,,0,robots_sampled=6
209.000,original,-,robot1,MIN_DISTANCE,OK,0.303,3.953,,0,nearest_robot=robot6
209.000,original,-,robot2,MIN_DISTANCE,OK,2.050,3.953,,0,nearest_robot=robot6
209.000,original,-,robot3,MIN_DISTANCE,OK,5.415,3.953,,0,nearest_robot=robot4
209.000,original,-,robot4,MIN_DISTANCE,OK,5.415,3.953,,0,nearest_robot=robot3
209.000,original,-,robot5,MIN_DISTANCE,OK,10.232,3.953,,0,nearest_robot=robot3
209.000,original,-,robot6,MIN_DISTANCE,OK,0.303,3.953,,0,nearest_robot=robot1
209.000,original,-,fleet,MIN_DISTANCE_AVG,OK,3.953,,,0,robots_sampled=6
210.000,original,-,robot1,MIN_DISTANCE,OK,0.303,3.885,,0,nearest_robot=robot6
210.000,original,-,robot2,MIN_DISTANCE,OK,2.058,3.885,,0,nearest_robot=robot6
210.000,original,-,robot3,MIN_DISTANCE,OK,5.056,3.885,,0,nearest_robot=robot4
210.000,original,-,robot4,MIN_DISTANCE,OK,5.056,3.885,,0,nearest_robot=robot3
210.000,original,-,robot5,MIN_DISTANCE,OK,10.537,3.885,,0,nearest_robot=robot3
210.000,original,-,robot6,MIN_DISTANCE,OK,0.303,3.885,,0,nearest_robot=robot1
210.000,original,-,fleet,MIN_DISTANCE_AVG,OK,3.885,,,0,robots_sampled=6
211.000,original,-,robot1,MIN_DISTANCE,OK,0.303,3.830,,0,nearest_robot=robot6
211.000,original,-,robot2,MIN_DISTANCE,OK,2.103,3.830,,0,nearest_robot=robot6
211.000,original,-,robot3,MIN_DISTANCE,OK,4.752,3.830,,0,nearest_robot=robot4
211.000,original,-,robot4,MIN_DISTANCE,OK,4.752,3.830,,0,nearest_robot=robot3
211.000,original,-,robot5,MIN_DISTANCE,OK,10.765,3.830,,0,nearest_robot=robot3
211.000,original,-,robot6,MIN_DISTANCE,OK,0.303,3.830,,0,nearest_robot=robot1
211.000,original,-,fleet,MIN_DISTANCE_AVG,OK,3.830,,,0,robots_sampled=6
212.000,original,-,robot1,MIN_DISTANCE,OK,0.303,3.782,,0,nearest_robot=robot6
212.000,original,-,robot2,MIN_DISTANCE,OK,2.157,3.782,,0,nearest_robot=robot6
212.000,original,-,robot3,MIN_DISTANCE,OK,4.498,3.782,,0,nearest_robot=robot4
212.000,original,-,robot4,MIN_DISTANCE,OK,4.498,3.782,,0,nearest_robot=robot3
212.000,original,-,robot5,MIN_DISTANCE,OK,10.935,3.782,,0,nearest_robot=robot3
212.000,original,-,robot6,MIN_DISTANCE,OK,0.303,3.782,,0,nearest_robot=robot1
212.000,original,-,fleet,MIN_DISTANCE_AVG,OK,3.782,,,0,robots_sampled=6
213.000,original,-,robot1,MIN_DISTANCE,OK,0.303,3.791,,0,nearest_robot=robot6
213.000,original,-,robot2,MIN_DISTANCE,OK,2.188,3.791,,0,nearest_robot=robot6
213.000,original,-,robot3,MIN_DISTANCE,OK,4.469,3.791,,0,nearest_robot=robot4
213.000,original,-,robot4,MIN_DISTANCE,OK,4.469,3.791,,0,nearest_robot=robot3
213.000,original,-,robot5,MIN_DISTANCE,OK,11.014,3.791,,0,nearest_robot=robot3
213.000,original,-,robot6,MIN_DISTANCE,OK,0.303,3.791,,0,nearest_robot=robot1
213.000,original,-,fleet,MIN_DISTANCE_AVG,OK,3.791,,,0,robots_sampled=6
213.250,original,-,fleet,CHOMP_TIME_FULL,OK,,26.164,,0,iterations=100;iterations_executed=100;source=algorithm;round_trip=26.188055
214.000,original,-,fleet,REPLAN_FULL,OK,,,robot1|robot2|robot3|robot4|robot5|robot6,0,original_full_optimization
214.000,original,-,robot1,MIN_DISTANCE,OK,0.303,3.783,,0,nearest_robot=robot6
214.000,original,-,robot2,MIN_DISTANCE,OK,2.189,3.783,,0,nearest_robot=robot6
214.000,original,-,robot3,MIN_DISTANCE,OK,4.483,3.783,,0,nearest_robot=robot4
214.000,original,-,robot4,MIN_DISTANCE,OK,4.483,3.783,,0,nearest_robot=robot3
214.000,original,-,robot5,MIN_DISTANCE,OK,10.938,3.783,,0,nearest_robot=robot3
214.000,original,-,robot6,MIN_DISTANCE,OK,0.303,3.783,,0,nearest_robot=robot1
214.000,original,-,fleet,MIN_DISTANCE_AVG,OK,3.783,,,0,robots_sampled=6
215.000,original,-,robot1,MIN_DISTANCE,OK,0.303,3.770,,0,nearest_robot=robot6
215.000,original,-,robot2,MIN_DISTANCE,OK,2.189,3.770,,0,nearest_robot=robot6
215.000,original,-,robot3,MIN_DISTANCE,OK,4.482,3.770,,0,nearest_robot=robot4
215.000,original,-,robot4,MIN_DISTANCE,OK,4.482,3.770,,0,nearest_robot=robot3
215.000,original,-,robot5,MIN_DISTANCE,OK,10.859,3.770,,0,nearest_robot=robot3
215.000,original,-,robot6,MIN_DISTANCE,OK,0.303,3.770,,0,nearest_robot=robot1
215.000,original,-,fleet,MIN_DISTANCE_AVG,OK,3.770,,,0,robots_sampled=6
216.000,original,-,robot1,MIN_DISTANCE,OK,0.303,3.743,,0,nearest_robot=robot6
216.000,original,-,robot2,MIN_DISTANCE,OK,2.189,3.743,,0,nearest_robot=robot6
216.000,original,-,robot3,MIN_DISTANCE,OK,4.429,3.743,,0,nearest_robot=robot4
216.000,original,-,robot4,MIN_DISTANCE,OK,4.429,3.743,,0,nearest_robot=robot3
216.000,original,-,robot5,MIN_DISTANCE,OK,10.806,3.743,,0,nearest_robot=robot3
216.000,original,-,robot6,MIN_DISTANCE,OK,0.303,3.743,,0,nearest_robot=robot1
216.000,original,-,fleet,MIN_DISTANCE_AVG,OK,3.743,,,0,robots_sampled=6
217.000,original,-,robot1,MIN_DISTANCE,OK,0.303,3.728,,0,nearest_robot=robot6
217.000,original,-,robot2,MIN_DISTANCE,OK,2.189,3.728,,0,nearest_robot=robot6
217.000,original,-,robot3,MIN_DISTANCE,OK,4.394,3.728,,0,nearest_robot=robot4
217.000,original,-,robot4,MIN_DISTANCE,OK,4.394,3.728,,0,nearest_robot=robot3
217.000,original,-,robot5,MIN_DISTANCE,OK,10.785,3.728,,0,nearest_robot=robot3
217.000,original,-,robot6,MIN_DISTANCE,OK,0.303,3.728,,0,nearest_robot=robot1
217.000,original,-,fleet,MIN_DISTANCE_AVG,OK,3.728,,,0,robots_sampled=6
218.000,original,-,robot1,MIN_DISTANCE,OK,0.303,3.722,,0,nearest_robot=robot6
218.000,original,-,robot2,MIN_DISTANCE,OK,2.189,3.722,,0,nearest_robot=robot6
218.000,original,-,robot3,MIN_DISTANCE,OK,4.380,3.722,,0,nearest_robot=robot4
218.000,original,-,robot4,MIN_DISTANCE,OK,4.380,3.722,,0,nearest_robot=robot3
218.000,original,-,robot5,MIN_DISTANCE,OK,10.777,3.722,,0,nearest_robot=robot3
218.000,original,-,robot6,MIN_DISTANCE,OK,0.303,3.722,,0,nearest_robot=robot1
218.000,original,-,fleet,MIN_DISTANCE_AVG,OK,3.722,,,0,robots_sampled=6
219.000,original,-,robot1,MIN_DISTANCE,OK,0.303,3.718,,0,nearest_robot=robot6
219.000,original,-,robot2,MIN_DISTANCE,OK,2.189,3.718,,0,nearest_robot=robot6
219.000,original,-,robot3,MIN_DISTANCE,OK,4.369,3.718,,0,nearest_robot=robot4
219.000,original,-,robot4,MIN_DISTANCE,OK,4.369,3.718,,0,nearest_robot=robot3
219.000,original,-,robot5,MIN_DISTANCE,OK,10.773,3.718,,0,nearest_robot=robot3
219.000,original,-,robot6,MIN_DISTANCE,OK,0.303,3.718,,0,nearest_robot=robot1
219.000,original,-,fleet,MIN_DISTANCE_AVG,OK,3.718,,,0,robots_sampled=6
220.000,original,-,robot1,MIN_DISTANCE,OK,0.303,3.718,,0,nearest_robot=robot6
220.000,original,-,robot2,MIN_DISTANCE,OK,2.189,3.718,,0,nearest_robot=robot6
220.000,original,-,robot3,MIN_DISTANCE,OK,4.371,3.718,,0,nearest_robot=robot4
220.000,original,-,robot4,MIN_DISTANCE,OK,4.371,3.718,,0,nearest_robot=robot3
220.000,original,-,robot5,MIN_DISTANCE,OK,10.771,3.718,,0,nearest_robot=robot3
220.000,original,-,robot6,MIN_DISTANCE,OK,0.303,3.718,,0,nearest_robot=robot1
220.000,original,-,fleet,MIN_DISTANCE_AVG,OK,3.718,,,0,robots_sampled=6
221.000,original,-,robot1,MIN_DISTANCE,OK,0.303,3.719,,0,nearest_robot=robot6
221.000,original,-,robot2,MIN_DISTANCE,OK,2.189,3.719,,0,nearest_robot=robot6
221.000,original,-,robot3,MIN_DISTANCE,OK,4.375,3.719,,0,nearest_robot=robot4
221.000,original,-,robot4,MIN_DISTANCE,OK,4.375,3.719,,0,nearest_robot=robot3
221.000,original,-,robot5,MIN_DISTANCE,OK,10.770,3.719,,0,nearest_robot=robot3
221.000,original,-,robot6,MIN_DISTANCE,OK,0.303,3.719,,0,nearest_robot=robot1
221.000,original,-,fleet,MIN_DISTANCE_AVG,OK,3.719,,,0,robots_sampled=6
222.000,original,-,robot1,MIN_DISTANCE,OK,0.303,3.721,,0,nearest_robot=robot6
222.000,original,-,robot2,MIN_DISTANCE,OK,2.189,3.721,,0,nearest_robot=robot6
222.000,original,-,robot3,MIN_DISTANCE,OK,4.379,3.721,,0,nearest_robot=robot4
222.000,original,-,robot4,MIN_DISTANCE,OK,4.379,3.721,,0,nearest_robot=robot3
222.000,original,-,robot5,MIN_DISTANCE,OK,10.770,3.721,,0,nearest_robot=robot3
222.000,original,-,robot6,MIN_DISTANCE,OK,0.303,3.721,,0,nearest_robot=robot1
222.000,original,-,fleet,MIN_DISTANCE_AVG,OK,3.721,,,0,robots_sampled=6
223.000,original,-,robot1,MIN_DISTANCE,OK,0.303,3.718,,0,nearest_robot=robot6
223.000,original,-,robot2,MIN_DISTANCE,OK,2.189,3.718,,0,nearest_robot=robot6
223.000,original,-,robot3,MIN_DISTANCE,OK,4.372,3.718,,0,nearest_robot=robot4
223.000,original,-,robot4,MIN_DISTANCE,OK,4.372,3.718,,0,nearest_robot=robot3
223.000,original,-,robot5,MIN_DISTANCE,OK,10.770,3.718,,0,nearest_robot=robot3
223.000,original,-,robot6,MIN_DISTANCE,OK,0.303,3.718,,0,nearest_robot=robot1
223.000,original,-,fleet,MIN_DISTANCE_AVG,OK,3.718,,,0,robots_sampled=6
224.000,original,-,robot1,MIN_DISTANCE,OK,0.303,3.719,,0,nearest_robot=robot6
224.000,original,-,robot2,MIN_DISTANCE,OK,2.189,3.719,,0,nearest_robot=robot6
224.000,original,-,robot3,MIN_DISTANCE,OK,4.373,3.719,,0,nearest_robot=robot4
224.000,original,-,robot4,MIN_DISTANCE,OK,4.373,3.719,,0,nearest_robot=robot3
224.000,original,-,robot5,MIN_DISTANCE,OK,10.770,3.719,,0,nearest_robot=robot3
224.000,original,-,robot6,MIN_DISTANCE,OK,0.303,3.719,,0,nearest_robot=robot1
224.000,original,-,fleet,MIN_DISTANCE_AVG,OK,3.719,,,0,robots_sampled=6
225.000,original,-,robot1,MIN_DISTANCE,OK,0.303,3.719,,0,nearest_robot=robot6
225.000,original,-,robot2,MIN_DISTANCE,OK,2.189,3.719,,0,nearest_robot=robot6
225.000,original,-,robot3,MIN_DISTANCE,OK,4.373,3.719,,0,nearest_robot=robot4
225.000,original,-,robot4,MIN_DISTANCE,OK,4.373,3.719,,0,nearest_robot=robot3
225.000,original,-,robot5,MIN_DISTANCE,OK,10.770,3.719,,0,nearest_robot=robot3
225.000,original,-,robot6,MIN_DISTANCE,OK,0.303,3.719,,0,nearest_robot=robot1
225.000,original,-,fleet,MIN_DISTANCE_AVG,OK,3.719,,,0,robots_sampled=6
226.000,original,-,robot1,MIN_DISTANCE,OK,0.303,3.719,,0,nearest_robot=robot6
226.000,original,-,robot2,MIN_DISTANCE,OK,2.189,3.719,,0,nearest_robot=robot6
226.000,original,-,robot3,MIN_DISTANCE,OK,4.373,3.719,,0,nearest_robot=robot4
226.000,original,-,robot4,MIN_DISTANCE,OK,4.373,3.719,,0,nearest_robot=robot3
226.000,original,-,robot5,MIN_DISTANCE,OK,10.770,3.719,,0,nearest_robot=robot3
226.000,original,-,robot6,MIN_DISTANCE,OK,0.303,3.719,,0,nearest_robot=robot1
226.000,original,-,fleet,MIN_DISTANCE_AVG,OK,3.719,,,0,robots_sampled=6
227.000,original,-,robot1,MIN_DISTANCE,OK,0.303,3.719,,0,nearest_robot=robot6
227.000,original,-,robot2,MIN_DISTANCE,OK,2.189,3.719,,0,nearest_robot=robot6
227.000,original,-,robot3,MIN_DISTANCE,OK,4.373,3.719,,0,nearest_robot=robot4
227.000,original,-,robot4,MIN_DISTANCE,OK,4.373,3.719,,0,nearest_robot=robot3
227.000,original,-,robot5,MIN_DISTANCE,OK,10.770,3.719,,0,nearest_robot=robot3
227.000,original,-,robot6,MIN_DISTANCE,OK,0.303,3.719,,0,nearest_robot=robot1
227.000,original,-,fleet,MIN_DISTANCE_AVG,OK,3.719,,,0,robots_sampled=6
228.000,original,-,robot1,MIN_DISTANCE,OK,0.303,3.719,,0,nearest_robot=robot6
228.000,original,-,robot2,MIN_DISTANCE,OK,2.189,3.719,,0,nearest_robot=robot6
228.000,original,-,robot3,MIN_DISTANCE,OK,4.373,3.719,,0,nearest_robot=robot4
228.000,original,-,robot4,MIN_DISTANCE,OK,4.373,3.719,,0,nearest_robot=robot3
228.000,original,-,robot5,MIN_DISTANCE,OK,10.770,3.719,,0,nearest_robot=robot3
228.000,original,-,robot6,MIN_DISTANCE,OK,0.303,3.719,,0,nearest_robot=robot1
228.000,original,-,fleet,MIN_DISTANCE_AVG,OK,3.719,,,0,robots_sampled=6
229.000,original,-,robot1,MIN_DISTANCE,OK,0.303,3.719,,0,nearest_robot=robot6
229.000,original,-,robot2,MIN_DISTANCE,OK,2.189,3.719,,0,nearest_robot=robot6
229.000,original,-,robot3,MIN_DISTANCE,OK,4.373,3.719,,0,nearest_robot=robot4
229.000,original,-,robot4,MIN_DISTANCE,OK,4.373,3.719,,0,nearest_robot=robot3
229.000,original,-,robot5,MIN_DISTANCE,OK,10.770,3.719,,0,nearest_robot=robot3
229.000,original,-,robot6,MIN_DISTANCE,OK,0.303,3.719,,0,nearest_robot=robot1
229.000,original,-,fleet,MIN_DISTANCE_AVG,OK,3.719,,,0,robots_sampled=6
230.000,original,-,robot1,MIN_DISTANCE,OK,0.303,3.719,,0,nearest_robot=robot6
230.000,original,-,robot2,MIN_DISTANCE,OK,2.189,3.719,,0,nearest_robot=robot6
230.000,original,-,robot3,MIN_DISTANCE,OK,4.372,3.719,,0,nearest_robot=robot4
230.000,original,-,robot4,MIN_DISTANCE,OK,4.372,3.719,,0,nearest_robot=robot3
230.000,original,-,robot5,MIN_DISTANCE,OK,10.770,3.719,,0,nearest_robot=robot3
230.000,original,-,robot6,MIN_DISTANCE,OK,0.303,3.719,,0,nearest_robot=robot1
230.000,original,-,fleet,MIN_DISTANCE_AVG,OK,3.719,,,0,robots_sampled=6
231.000,original,-,robot1,MIN_DISTANCE,OK,0.303,3.719,,0,nearest_robot=robot6
231.000,original,-,robot2,MIN_DISTANCE,OK,2.189,3.719,,0,nearest_robot=robot6
231.000,original,-,robot3,MIN_DISTANCE,OK,4.372,3.719,,0,nearest_robot=robot4
231.000,original,-,robot4,MIN_DISTANCE,OK,4.372,3.719,,0,nearest_robot=robot3
231.000,original,-,robot5,MIN_DISTANCE,OK,10.770,3.719,,0,nearest_robot=robot3
231.000,original,-,robot6,MIN_DISTANCE,OK,0.303,3.719,,0,nearest_robot=robot1
231.000,original,-,fleet,MIN_DISTANCE_AVG,OK,3.719,,,0,robots_sampled=6
232.000,original,-,robot1,MIN_DISTANCE,OK,0.303,3.719,,0,nearest_robot=robot6
232.000,original,-,robot2,MIN_DISTANCE,OK,2.189,3.719,,0,nearest_robot=robot6
232.000,original,-,robot3,MIN_DISTANCE,OK,4.372,3.719,,0,nearest_robot=robot4
232.000,original,-,robot4,MIN_DISTANCE,OK,4.372,3.719,,0,nearest_robot=robot3
232.000,original,-,robot5,MIN_DISTANCE,OK,10.770,3.719,,0,nearest_robot=robot3
232.000,original,-,robot6,MIN_DISTANCE,OK,0.303,3.719,,0,nearest_robot=robot1
232.000,original,-,fleet,MIN_DISTANCE_AVG,OK,3.719,,,0,robots_sampled=6
233.000,original,-,robot1,MIN_DISTANCE,OK,0.303,3.718,,0,nearest_robot=robot6
233.000,original,-,robot2,MIN_DISTANCE,OK,2.189,3.718,,0,nearest_robot=robot6
233.000,original,-,robot3,MIN_DISTANCE,OK,4.372,3.718,,0,nearest_robot=robot4
233.000,original,-,robot4,MIN_DISTANCE,OK,4.372,3.718,,0,nearest_robot=robot3
233.000,original,-,robot5,MIN_DISTANCE,OK,10.770,3.718,,0,nearest_robot=robot3
233.000,original,-,robot6,MIN_DISTANCE,OK,0.303,3.718,,0,nearest_robot=robot1
233.000,original,-,fleet,MIN_DISTANCE_AVG,OK,3.718,,,0,robots_sampled=6
234.000,original,-,robot1,MIN_DISTANCE,OK,0.304,3.718,,0,nearest_robot=robot6
234.000,original,-,robot2,MIN_DISTANCE,OK,2.189,3.718,,0,nearest_robot=robot6
234.000,original,-,robot3,MIN_DISTANCE,OK,4.372,3.718,,0,nearest_robot=robot4
234.000,original,-,robot4,MIN_DISTANCE,OK,4.372,3.718,,0,nearest_robot=robot3
234.000,original,-,robot5,MIN_DISTANCE,OK,10.770,3.718,,0,nearest_robot=robot3
234.000,original,-,robot6,MIN_DISTANCE,OK,0.304,3.718,,0,nearest_robot=robot1
234.000,original,-,fleet,MIN_DISTANCE_AVG,OK,3.718,,,0,robots_sampled=6
235.000,original,-,robot1,MIN_DISTANCE,OK,0.304,3.718,,0,nearest_robot=robot6
235.000,original,-,robot2,MIN_DISTANCE,OK,2.189,3.718,,0,nearest_robot=robot6
235.000,original,-,robot3,MIN_DISTANCE,OK,4.372,3.718,,0,nearest_robot=robot4
235.000,original,-,robot4,MIN_DISTANCE,OK,4.372,3.718,,0,nearest_robot=robot3
235.000,original,-,robot5,MIN_DISTANCE,OK,10.770,3.718,,0,nearest_robot=robot3
235.000,original,-,robot6,MIN_DISTANCE,OK,0.304,3.718,,0,nearest_robot=robot1
235.000,original,-,fleet,MIN_DISTANCE_AVG,OK,3.718,,,0,robots_sampled=6
236.000,original,-,robot1,MIN_DISTANCE,OK,0.304,3.718,,0,nearest_robot=robot6
236.000,original,-,robot2,MIN_DISTANCE,OK,2.189,3.718,,0,nearest_robot=robot6
236.000,original,-,robot3,MIN_DISTANCE,OK,4.372,3.718,,0,nearest_robot=robot4
236.000,original,-,robot4,MIN_DISTANCE,OK,4.372,3.718,,0,nearest_robot=robot3
236.000,original,-,robot5,MIN_DISTANCE,OK,10.770,3.718,,0,nearest_robot=robot3
236.000,original,-,robot6,MIN_DISTANCE,OK,0.304,3.718,,0,nearest_robot=robot1
236.000,original,-,fleet,MIN_DISTANCE_AVG,OK,3.718,,,0,robots_sampled=6
237.000,original,-,robot1,MIN_DISTANCE,OK,0.304,3.718,,0,nearest_robot=robot6
237.000,original,-,robot2,MIN_DISTANCE,OK,2.189,3.718,,0,nearest_robot=robot6
237.000,original,-,robot3,MIN_DISTANCE,OK,4.372,3.718,,0,nearest_robot=robot4
237.000,original,-,robot4,MIN_DISTANCE,OK,4.372,3.718,,0,nearest_robot=robot3
237.000,original,-,robot5,MIN_DISTANCE,OK,10.770,3.718,,0,nearest_robot=robot3
237.000,original,-,robot6,MIN_DISTANCE,OK,0.304,3.718,,0,nearest_robot=robot1
237.000,original,-,fleet,MIN_DISTANCE_AVG,OK,3.718,,,0,robots_sampled=6
238.000,original,-,robot1,MIN_DISTANCE,OK,0.304,3.718,,0,nearest_robot=robot6
238.000,original,-,robot2,MIN_DISTANCE,OK,2.189,3.718,,0,nearest_robot=robot6
238.000,original,-,robot3,MIN_DISTANCE,OK,4.372,3.718,,0,nearest_robot=robot4
238.000,original,-,robot4,MIN_DISTANCE,OK,4.372,3.718,,0,nearest_robot=robot3
238.000,original,-,robot5,MIN_DISTANCE,OK,10.770,3.718,,0,nearest_robot=robot3
238.000,original,-,robot6,MIN_DISTANCE,OK,0.304,3.718,,0,nearest_robot=robot1
238.000,original,-,fleet,MIN_DISTANCE_AVG,OK,3.718,,,0,robots_sampled=6
238.900,original,-,fleet,CHOMP_TIME_FULL,OK,,26.190,,0,iterations=100;iterations_executed=100;source=algorithm;round_trip=26.213102
239.000,original,-,robot1,MIN_DISTANCE,OK,0.305,3.718,,0,nearest_robot=robot6
239.000,original,-,robot2,MIN_DISTANCE,OK,2.188,3.718,,0,nearest_robot=robot6
239.000,original,-,robot3,MIN_DISTANCE,OK,4.371,3.718,,0,nearest_robot=robot4
239.000,original,-,robot4,MIN_DISTANCE,OK,4.371,3.718,,0,nearest_robot=robot3
239.000,original,-,robot5,MIN_DISTANCE,OK,10.770,3.718,,0,nearest_robot=robot3
239.000,original,-,robot6,MIN_DISTANCE,OK,0.305,3.718,,0,nearest_robot=robot1
239.000,original,-,fleet,MIN_DISTANCE_AVG,OK,3.718,,,0,robots_sampled=6
239.500,original,-,fleet,REPLAN_FULL,OK,,,robot1|robot2|robot3|robot4|robot5|robot6,0,original_full_optimization
240.000,original,-,robot1,MIN_DISTANCE,OK,0.815,3.832,,0,nearest_robot=robot6
240.000,original,-,robot2,MIN_DISTANCE,OK,1.855,3.832,,0,nearest_robot=robot6
240.000,original,-,robot3,MIN_DISTANCE,OK,4.371,3.832,,0,nearest_robot=robot4
240.000,original,-,robot4,MIN_DISTANCE,OK,4.371,3.832,,0,nearest_robot=robot3
240.000,original,-,robot5,MIN_DISTANCE,OK,10.766,3.832,,0,nearest_robot=robot3
240.000,original,-,robot6,MIN_DISTANCE,OK,0.815,3.832,,0,nearest_robot=robot1
240.000,original,-,fleet,MIN_DISTANCE_AVG,OK,3.832,,,0,robots_sampled=6
241.000,original,-,robot1,MIN_DISTANCE,OK,1.498,4.003,,0,nearest_robot=robot6
241.000,original,-,robot2,MIN_DISTANCE,OK,1.516,4.003,,0,nearest_robot=robot6
241.000,original,-,robot3,MIN_DISTANCE,OK,4.371,4.003,,0,nearest_robot=robot4
241.000,original,-,robot4,MIN_DISTANCE,OK,4.371,4.003,,0,nearest_robot=robot3
241.000,original,-,robot5,MIN_DISTANCE,OK,10.761,4.003,,0,nearest_robot=robot3
241.000,original,-,robot6,MIN_DISTANCE,OK,1.498,4.003,,0,nearest_robot=robot1
241.000,original,-,fleet,MIN_DISTANCE_AVG,OK,4.003,,,0,robots_sampled=6
242.000,original,-,robot1,MIN_DISTANCE,OK,2.035,4.078,,0,nearest_robot=robot6
242.000,original,-,robot2,MIN_DISTANCE,OK,1.468,4.078,,0,nearest_robot=robot6
242.000,original,-,robot3,MIN_DISTANCE,OK,4.371,4.078,,0,nearest_robot=robot4
242.000,original,-,robot4,MIN_DISTANCE,OK,4.371,4.078,,0,nearest_robot=robot3
242.000,original,-,robot5,MIN_DISTANCE,OK,10.756,4.078,,0,nearest_robot=robot3
242.000,original,-,robot6,MIN_DISTANCE,OK,1.468,4.078,,0,nearest_robot=robot2
242.000,original,-,fleet,MIN_DISTANCE_AVG,OK,4.078,,,0,robots_sampled=6
243.000,original,-,robot1,MIN_DISTANCE,OK,2.476,4.198,,0,nearest_robot=robot6
243.000,original,-,robot2,MIN_DISTANCE,OK,1.610,4.198,,0,nearest_robot=robot6
243.000,original,-,robot3,MIN_DISTANCE,OK,4.371,4.198,,0,nearest_robot=robot4
243.000,original,-,robot4,MIN_DISTANCE,OK,4.371,4.198,,0,nearest_robot=robot3
243.000,original,-,robot5,MIN_DISTANCE,OK,10.752,4.198,,0,nearest_robot=robot3
243.000,original,-,robot6,MIN_DISTANCE,OK,1.610,4.198,,0,nearest_robot=robot2
243.000,original,-,fleet,MIN_DISTANCE_AVG,OK,4.198,,,0,robots_sampled=6
244.000,original,-,robot1,MIN_DISTANCE,OK,2.901,4.341,,0,nearest_robot=robot2
244.000,original,-,robot2,MIN_DISTANCE,OK,1.827,4.341,,0,nearest_robot=robot6
244.000,original,-,robot3,MIN_DISTANCE,OK,4.371,4.341,,0,nearest_robot=robot4
244.000,original,-,robot4,MIN_DISTANCE,OK,4.371,4.341,,0,nearest_robot=robot3
244.000,original,-,robot5,MIN_DISTANCE,OK,10.749,4.341,,0,nearest_robot=robot3
244.000,original,-,robot6,MIN_DISTANCE,OK,1.827,4.341,,0,nearest_robot=robot2
244.000,original,-,fleet,MIN_DISTANCE_AVG,OK,4.341,,,0,robots_sampled=6
245.000,original,-,robot1,MIN_DISTANCE,OK,2.887,4.398,,0,nearest_robot=robot2
245.000,original,-,robot2,MIN_DISTANCE,OK,2.006,4.398,,0,nearest_robot=robot6
245.000,original,-,robot3,MIN_DISTANCE,OK,4.371,4.398,,0,nearest_robot=robot4
245.000,original,-,robot4,MIN_DISTANCE,OK,4.371,4.398,,0,nearest_robot=robot3
245.000,original,-,robot5,MIN_DISTANCE,OK,10.746,4.398,,0,nearest_robot=robot3
245.000,original,-,robot6,MIN_DISTANCE,OK,2.006,4.398,,0,nearest_robot=robot2
245.000,original,-,fleet,MIN_DISTANCE_AVG,OK,4.398,,,0,robots_sampled=6
246.000,original,-,robot1,MIN_DISTANCE,OK,3.031,4.502,,0,nearest_robot=robot2
246.000,original,-,robot2,MIN_DISTANCE,OK,2.249,4.502,,0,nearest_robot=robot6
246.000,original,-,robot3,MIN_DISTANCE,OK,4.371,4.502,,0,nearest_robot=robot4
246.000,original,-,robot4,MIN_DISTANCE,OK,4.371,4.502,,0,nearest_robot=robot3
246.000,original,-,robot5,MIN_DISTANCE,OK,10.745,4.502,,0,nearest_robot=robot3
246.000,original,-,robot6,MIN_DISTANCE,OK,2.249,4.502,,0,nearest_robot=robot2
246.000,original,-,fleet,MIN_DISTANCE_AVG,OK,4.502,,,0,robots_sampled=6
247.000,original,-,robot1,MIN_DISTANCE,OK,3.336,4.625,,0,nearest_robot=robot2
247.000,original,-,robot2,MIN_DISTANCE,OK,2.466,4.625,,0,nearest_robot=robot6
247.000,original,-,robot3,MIN_DISTANCE,OK,4.370,4.625,,0,nearest_robot=robot4
247.000,original,-,robot4,MIN_DISTANCE,OK,4.370,4.625,,0,nearest_robot=robot3
247.000,original,-,robot5,MIN_DISTANCE,OK,10.744,4.625,,0,nearest_robot=robot3
247.000,original,-,robot6,MIN_DISTANCE,OK,2.466,4.625,,0,nearest_robot=robot2
247.000,original,-,fleet,MIN_DISTANCE_AVG,OK,4.625,,,0,robots_sampled=6
248.000,original,-,robot1,MIN_DISTANCE,OK,3.527,4.780,,0,nearest_robot=robot2
248.000,original,-,robot2,MIN_DISTANCE,OK,2.834,4.780,,0,nearest_robot=robot6
248.000,original,-,robot3,MIN_DISTANCE,OK,4.370,4.780,,0,nearest_robot=robot4
248.000,original,-,robot4,MIN_DISTANCE,OK,4.370,4.780,,0,nearest_robot=robot3
248.000,original,-,robot5,MIN_DISTANCE,OK,10.743,4.780,,0,nearest_robot=robot3
248.000,original,-,robot6,MIN_DISTANCE,OK,2.834,4.780,,0,nearest_robot=robot2
248.000,original,-,fleet,MIN_DISTANCE_AVG,OK,4.780,,,0,robots_sampled=6
249.000,original,-,robot1,MIN_DISTANCE,OK,3.800,4.965,,0,nearest_robot=robot2
249.000,original,-,robot2,MIN_DISTANCE,OK,3.253,4.965,,0,nearest_robot=robot6
249.000,original,-,robot3,MIN_DISTANCE,OK,4.370,4.965,,0,nearest_robot=robot4
249.000,original,-,robot4,MIN_DISTANCE,OK,4.370,4.965,,0,nearest_robot=robot3
249.000,original,-,robot5,MIN_DISTANCE,OK,10.742,4.965,,0,nearest_robot=robot3
249.000,original,-,robot6,MIN_DISTANCE,OK,3.253,4.965,,0,nearest_robot=robot2
249.000,original,-,fleet,MIN_DISTANCE_AVG,OK,4.965,,,0,robots_sampled=6
250.000,original,-,robot1,MIN_DISTANCE,OK,4.269,5.150,,0,nearest_robot=robot2
250.000,original,-,robot2,MIN_DISTANCE,OK,3.574,5.150,,0,nearest_robot=robot6
250.000,original,-,robot3,MIN_DISTANCE,OK,4.370,5.150,,0,nearest_robot=robot4
250.000,original,-,robot4,MIN_DISTANCE,OK,4.370,5.150,,0,nearest_robot=robot3
250.000,original,-,robot5,MIN_DISTANCE,OK,10.742,5.150,,0,nearest_robot=robot3
250.000,original,-,robot6,MIN_DISTANCE,OK,3.574,5.150,,0,nearest_robot=robot2
250.000,original,-,fleet,MIN_DISTANCE_AVG,OK,5.150,,,0,robots_sampled=6
251.000,original,-,robot1,MIN_DISTANCE,OK,4.697,5.337,,0,nearest_robot=robot2
251.000,original,-,robot2,MIN_DISTANCE,OK,3.921,5.337,,0,nearest_robot=robot6
251.000,original,-,robot3,MIN_DISTANCE,OK,4.370,5.337,,0,nearest_robot=robot4
251.000,original,-,robot4,MIN_DISTANCE,OK,4.370,5.337,,0,nearest_robot=robot3
251.000,original,-,robot5,MIN_DISTANCE,OK,10.742,5.337,,0,nearest_robot=robot3
251.000,original,-,robot6,MIN_DISTANCE,OK,3.921,5.337,,0,nearest_robot=robot2
251.000,original,-,fleet,MIN_DISTANCE_AVG,OK,5.337,,,0,robots_sampled=6
252.000,original,-,robot1,MIN_DISTANCE,OK,4.984,5.550,,0,nearest_robot=robot2
252.000,original,-,robot2,MIN_DISTANCE,OK,4.417,5.550,,0,nearest_robot=robot6
252.000,original,-,robot3,MIN_DISTANCE,OK,4.370,5.550,,0,nearest_robot=robot4
252.000,original,-,robot4,MIN_DISTANCE,OK,4.370,5.550,,0,nearest_robot=robot3
252.000,original,-,robot5,MIN_DISTANCE,OK,10.742,5.550,,0,nearest_robot=robot3
252.000,original,-,robot6,MIN_DISTANCE,OK,4.417,5.550,,0,nearest_robot=robot2
252.000,original,-,fleet,MIN_DISTANCE_AVG,OK,5.550,,,0,robots_sampled=6
253.000,original,-,robot1,MIN_DISTANCE,OK,5.463,5.758,,0,nearest_robot=robot2
253.000,original,-,robot2,MIN_DISTANCE,OK,4.802,5.758,,0,nearest_robot=robot6
253.000,original,-,robot3,MIN_DISTANCE,OK,4.370,5.758,,0,nearest_robot=robot4
253.000,original,-,robot4,MIN_DISTANCE,OK,4.370,5.758,,0,nearest_robot=robot3
253.000,original,-,robot5,MIN_DISTANCE,OK,10.742,5.758,,0,nearest_robot=robot3
253.000,original,-,robot6,MIN_DISTANCE,OK,4.802,5.758,,0,nearest_robot=robot2
253.000,original,-,fleet,MIN_DISTANCE_AVG,OK,5.758,,,0,robots_sampled=6
254.000,original,-,robot1,MIN_DISTANCE,OK,5.886,5.980,,0,nearest_robot=robot2
254.000,original,-,robot2,MIN_DISTANCE,OK,5.257,5.980,,0,nearest_robot=robot6
254.000,original,-,robot3,MIN_DISTANCE,OK,4.370,5.980,,0,nearest_robot=robot4
254.000,original,-,robot4,MIN_DISTANCE,OK,4.370,5.980,,0,nearest_robot=robot3
254.000,original,-,robot5,MIN_DISTANCE,OK,10.742,5.980,,0,nearest_robot=robot3
254.000,original,-,robot6,MIN_DISTANCE,OK,5.257,5.980,,0,nearest_robot=robot2
254.000,original,-,fleet,MIN_DISTANCE_AVG,OK,5.980,,,0,robots_sampled=6
255.000,original,-,robot1,MIN_DISTANCE,OK,6.256,6.132,,0,nearest_robot=robot2
255.000,original,-,robot2,MIN_DISTANCE,OK,5.527,6.132,,0,nearest_robot=robot6
255.000,original,-,robot3,MIN_DISTANCE,OK,4.369,6.132,,0,nearest_robot=robot4
255.000,original,-,robot4,MIN_DISTANCE,OK,4.369,6.132,,0,nearest_robot=robot3
255.000,original,-,robot5,MIN_DISTANCE,OK,10.742,6.132,,0,nearest_robot=robot3
255.000,original,-,robot6,MIN_DISTANCE,OK,5.527,6.132,,0,nearest_robot=robot2
255.000,original,-,fleet,MIN_DISTANCE_AVG,OK,6.132,,,0,robots_sampled=6
256.000,original,-,robot1,MIN_DISTANCE,OK,6.607,6.298,,0,nearest_robot=robot2
256.000,original,-,robot2,MIN_DISTANCE,OK,5.850,6.298,,0,nearest_robot=robot6
256.000,original,-,robot3,MIN_DISTANCE,OK,4.369,6.298,,0,nearest_robot=robot4
256.000,original,-,robot4,MIN_DISTANCE,OK,4.369,6.298,,0,nearest_robot=robot3
256.000,original,-,robot5,MIN_DISTANCE,OK,10.742,6.298,,0,nearest_robot=robot3
256.000,original,-,robot6,MIN_DISTANCE,OK,5.850,6.298,,0,nearest_robot=robot2
256.000,original,-,fleet,MIN_DISTANCE_AVG,OK,6.298,,,0,robots_sampled=6
257.000,original,-,robot1,MIN_DISTANCE,OK,6.951,6.470,,0,nearest_robot=robot2
257.000,original,-,robot2,MIN_DISTANCE,OK,6.195,6.470,,0,nearest_robot=robot6
257.000,original,-,robot3,MIN_DISTANCE,OK,4.369,6.470,,0,nearest_robot=robot4
257.000,original,-,robot4,MIN_DISTANCE,OK,4.369,6.470,,0,nearest_robot=robot3
257.000,original,-,robot5,MIN_DISTANCE,OK,10.742,6.470,,0,nearest_robot=robot3
257.000,original,-,robot6,MIN_DISTANCE,OK,6.195,6.470,,0,nearest_robot=robot2
257.000,original,-,fleet,MIN_DISTANCE_AVG,OK,6.470,,,0,robots_sampled=6
258.000,original,-,robot1,MIN_DISTANCE,OK,7.284,6.602,,0,nearest_robot=robot2
258.000,original,-,robot2,MIN_DISTANCE,OK,6.423,6.602,,0,nearest_robot=robot6
258.000,original,-,robot3,MIN_DISTANCE,OK,4.369,6.602,,0,nearest_robot=robot4
258.000,original,-,robot4,MIN_DISTANCE,OK,4.369,6.602,,0,nearest_robot=robot3
258.000,original,-,robot5,MIN_DISTANCE,OK,10.742,6.602,,0,nearest_robot=robot3
258.000,original,-,robot6,MIN_DISTANCE,OK,6.423,6.602,,0,nearest_robot=robot2
258.000,original,-,fleet,MIN_DISTANCE_AVG,OK,6.602,,,0,robots_sampled=6
259.000,original,-,robot1,MIN_DISTANCE,OK,7.611,6.713,,0,nearest_robot=robot2
259.000,original,-,robot2,MIN_DISTANCE,OK,6.593,6.713,,0,nearest_robot=robot6
259.000,original,-,robot3,MIN_DISTANCE,OK,4.369,6.713,,0,nearest_robot=robot4
259.000,original,-,robot4,MIN_DISTANCE,OK,4.369,6.713,,0,nearest_robot=robot3
259.000,original,-,robot5,MIN_DISTANCE,OK,10.742,6.713,,0,nearest_robot=robot3
259.000,original,-,robot6,MIN_DISTANCE,OK,6.593,6.713,,0,nearest_robot=robot2
259.000,original,-,fleet,MIN_DISTANCE_AVG,OK,6.713,,,0,robots_sampled=6
260.000,original,-,robot1,MIN_DISTANCE,OK,7.873,6.797,,0,nearest_robot=robot2
260.000,original,-,robot2,MIN_DISTANCE,OK,6.716,6.797,,0,nearest_robot=robot6
260.000,original,-,robot3,MIN_DISTANCE,OK,4.369,6.797,,0,nearest_robot=robot4
260.000,original,-,robot4,MIN_DISTANCE,OK,4.369,6.797,,0,nearest_robot=robot3
260.000,original,-,robot5,MIN_DISTANCE,OK,10.742,6.797,,0,nearest_robot=robot3
260.000,original,-,robot6,MIN_DISTANCE,OK,6.716,6.797,,0,nearest_robot=robot2
260.000,original,-,fleet,MIN_DISTANCE_AVG,OK,6.797,,,0,robots_sampled=6
261.000,original,-,robot1,MIN_DISTANCE,OK,8.041,6.856,,0,nearest_robot=robot2
261.000,original,-,robot2,MIN_DISTANCE,OK,6.809,6.856,,0,nearest_robot=robot6
261.000,original,-,robot3,MIN_DISTANCE,OK,4.369,6.856,,0,nearest_robot=robot4
261.000,original,-,robot4,MIN_DISTANCE,OK,4.369,6.856,,0,nearest_robot=robot3
261.000,original,-,robot5,MIN_DISTANCE,OK,10.742,6.856,,0,nearest_robot=robot3
261.000,original,-,robot6,MIN_DISTANCE,OK,6.809,6.856,,0,nearest_robot=robot2
261.000,original,-,fleet,MIN_DISTANCE_AVG,OK,6.856,,,0,robots_sampled=6
262.000,original,-,robot1,MIN_DISTANCE,OK,8.178,6.927,,0,nearest_robot=robot2
262.000,original,-,robot2,MIN_DISTANCE,OK,6.953,6.927,,0,nearest_robot=robot6
262.000,original,-,robot3,MIN_DISTANCE,OK,4.369,6.927,,0,nearest_robot=robot4
262.000,original,-,robot4,MIN_DISTANCE,OK,4.369,6.927,,0,nearest_robot=robot3
262.000,original,-,robot5,MIN_DISTANCE,OK,10.742,6.927,,0,nearest_robot=robot3
262.000,original,-,robot6,MIN_DISTANCE,OK,6.953,6.927,,0,nearest_robot=robot2
262.000,original,-,fleet,MIN_DISTANCE_AVG,OK,6.927,,,0,robots_sampled=6
263.000,original,-,robot1,MIN_DISTANCE,OK,8.314,6.990,,0,nearest_robot=robot2
263.000,original,-,robot2,MIN_DISTANCE,OK,7.072,6.990,,0,nearest_robot=robot6
263.000,original,-,robot3,MIN_DISTANCE,OK,4.368,6.990,,0,nearest_robot=robot4
263.000,original,-,robot4,MIN_DISTANCE,OK,4.368,6.990,,0,nearest_robot=robot3
263.000,original,-,robot5,MIN_DISTANCE,OK,10.742,6.990,,0,nearest_robot=robot3
263.000,original,-,robot6,MIN_DISTANCE,OK,7.072,6.990,,0,nearest_robot=robot2
263.000,original,-,fleet,MIN_DISTANCE_AVG,OK,6.990,,,0,robots_sampled=6
264.000,original,-,robot1,MIN_DISTANCE,OK,8.510,7.047,,0,nearest_robot=robot2
264.000,original,-,robot2,MIN_DISTANCE,OK,7.147,7.047,,0,nearest_robot=robot6
264.000,original,-,robot3,MIN_DISTANCE,OK,4.368,7.047,,0,nearest_robot=robot4
264.000,original,-,robot4,MIN_DISTANCE,OK,4.368,7.047,,0,nearest_robot=robot3
264.000,original,-,robot5,MIN_DISTANCE,OK,10.742,7.047,,0,nearest_robot=robot3
264.000,original,-,robot6,MIN_DISTANCE,OK,7.147,7.047,,0,nearest_robot=robot2
264.000,original,-,fleet,MIN_DISTANCE_AVG,OK,7.047,,,0,robots_sampled=6
264.310,original,-,fleet,CHOMP_TIME_FULL,OK,,26.308,,0,iterations=100;iterations_executed=100;source=algorithm;round_trip=26.326901
265.000,original,-,fleet,REPLAN_FULL,OK,,,robot1|robot2|robot3|robot4|robot5|robot6,0,original_full_optimization
265.000,original,-,robot1,MIN_DISTANCE,OK,8.743,7.148,,0,nearest_robot=robot2
265.000,original,-,robot2,MIN_DISTANCE,OK,7.349,7.148,,0,nearest_robot=robot6
265.000,original,-,robot3,MIN_DISTANCE,OK,4.357,7.148,,0,nearest_robot=robot4
265.000,original,-,robot4,MIN_DISTANCE,OK,4.357,7.148,,0,nearest_robot=robot3
265.000,original,-,robot5,MIN_DISTANCE,OK,10.734,7.148,,0,nearest_robot=robot3
265.000,original,-,robot6,MIN_DISTANCE,OK,7.349,7.148,,0,nearest_robot=robot2
265.000,original,-,fleet,MIN_DISTANCE_AVG,OK,7.148,,,0,robots_sampled=6
266.000,original,-,robot1,MIN_DISTANCE,OK,8.996,7.268,,0,nearest_robot=robot2
266.000,original,-,robot2,MIN_DISTANCE,OK,7.568,7.268,,0,nearest_robot=robot6
266.000,original,-,robot3,MIN_DISTANCE,OK,4.380,7.268,,0,nearest_robot=robot4
266.000,original,-,robot4,MIN_DISTANCE,OK,4.380,7.268,,0,nearest_robot=robot3
266.000,original,-,robot5,MIN_DISTANCE,OK,10.716,7.268,,0,nearest_robot=robot3
266.000,original,-,robot6,MIN_DISTANCE,OK,7.568,7.268,,0,nearest_robot=robot2
266.000,original,-,fleet,MIN_DISTANCE_AVG,OK,7.268,,,0,robots_sampled=6
267.000,original,-,robot1,MIN_DISTANCE,OK,9.283,7.381,,0,nearest_robot=robot2
267.000,original,-,robot2,MIN_DISTANCE,OK,7.770,7.381,,0,nearest_robot=robot6
267.000,original,-,robot3,MIN_DISTANCE,OK,4.378,7.381,,0,nearest_robot=robot4
267.000,original,-,robot4,MIN_DISTANCE,OK,4.378,7.381,,0,nearest_robot=robot3
267.000,original,-,robot5,MIN_DISTANCE,OK,10.708,7.381,,0,nearest_robot=robot3
267.000,original,-,robot6,MIN_DISTANCE,OK,7.770,7.381,,0,nearest_robot=robot2
267.000,original,-,fleet,MIN_DISTANCE_AVG,OK,7.381,,,0,robots_sampled=6
268.000,original,-,robot1,MIN_DISTANCE,OK,9.617,7.517,,0,nearest_robot=robot2
268.000,original,-,robot2,MIN_DISTANCE,OK,8.009,7.517,,0,nearest_robot=robot6
268.000,original,-,robot3,MIN_DISTANCE,OK,4.382,7.517,,0,nearest_robot=robot4
268.000,original,-,robot4,MIN_DISTANCE,OK,4.382,7.517,,0,nearest_robot=robot3
268.000,original,-,robot5,MIN_DISTANCE,OK,10.703,7.517,,0,nearest_robot=robot3
268.000,original,-,robot6,MIN_DISTANCE,OK,8.009,7.517,,0,nearest_robot=robot2
268.000,original,-,fleet,MIN_DISTANCE_AVG,OK,7.517,,,0,robots_sampled=6
269.000,original,-,robot1,MIN_DISTANCE,OK,9.924,7.664,,0,nearest_robot=robot2
269.000,original,-,robot2,MIN_DISTANCE,OK,8.285,7.664,,0,nearest_robot=robot6
269.000,original,-,robot3,MIN_DISTANCE,OK,4.395,7.664,,0,nearest_robot=robot4
269.000,original,-,robot4,MIN_DISTANCE,OK,4.395,7.664,,0,nearest_robot=robot3
269.000,original,-,robot5,MIN_DISTANCE,OK,10.701,7.664,,0,nearest_robot=robot3
269.000,original,-,robot6,MIN_DISTANCE,OK,8.285,7.664,,0,nearest_robot=robot2
269.000,original,-,fleet,MIN_DISTANCE_AVG,OK,7.664,,,0,robots_sampled=6
270.000,original,-,robot1,MIN_DISTANCE,OK,10.344,7.808,,0,nearest_robot=robot2
270.000,original,-,robot2,MIN_DISTANCE,OK,8.591,7.808,,0,nearest_robot=robot6
270.000,original,-,robot3,MIN_DISTANCE,OK,4.313,7.808,,0,nearest_robot=robot4
270.000,original,-,robot4,MIN_DISTANCE,OK,4.313,7.808,,0,nearest_robot=robot3
270.000,original,-,robot5,MIN_DISTANCE,OK,10.700,7.808,,0,nearest_robot=robot3
270.000,original,-,robot6,MIN_DISTANCE,OK,8.591,7.808,,0,nearest_robot=robot2
270.000,original,-,fleet,MIN_DISTANCE_AVG,OK,7.808,,,0,robots_sampled=6
271.000,original,-,robot1,MIN_DISTANCE,OK,10.773,7.916,,0,nearest_robot=robot2
271.000,original,-,robot2,MIN_DISTANCE,OK,8.954,7.916,,0,nearest_robot=robot6
271.000,original,-,robot3,MIN_DISTANCE,OK,4.058,7.916,,0,nearest_robot=robot4
271.000,original,-,robot4,MIN_DISTANCE,OK,4.058,7.916,,0,nearest_robot=robot3
271.000,original,-,robot5,MIN_DISTANCE,OK,10.699,7.916,,0,nearest_robot=robot3
271.000,original,-,robot6,MIN_DISTANCE,OK,8.954,7.916,,0,nearest_robot=robot2
271.000,original,-,fleet,MIN_DISTANCE_AVG,OK,7.916,,,0,robots_sampled=6
272.000,original,-,robot1,MIN_DISTANCE,OK,10.829,7.960,,0,nearest_robot=robot4
272.000,original,-,robot2,MIN_DISTANCE,OK,9.299,7.960,,0,nearest_robot=robot6
272.000,original,-,robot3,MIN_DISTANCE,OK,3.816,7.960,,0,nearest_robot=robot4
272.000,original,-,robot4,MIN_DISTANCE,OK,3.816,7.960,,0,nearest_robot=robot3
272.000,original,-,robot5,MIN_DISTANCE,OK,10.699,7.960,,0,nearest_robot=robot3
272.000,original,-,robot6,MIN_DISTANCE,OK,9.299,7.960,,0,nearest_robot=robot2
272.000,original,-,fleet,MIN_DISTANCE_AVG,OK,7.960,,,0,robots_sampled=6
273.000,original,-,robot1,MIN_DISTANCE,OK,10.723,8.031,,0,nearest_robot=robot4
273.000,original,-,robot2,MIN_DISTANCE,OK,9.559,8.031,,0,nearest_robot=robot6
273.000,original,-,robot3,MIN_DISTANCE,OK,3.824,8.031,,0,nearest_robot=robot4
273.000,original,-,robot4,MIN_DISTANCE,OK,3.824,8.031,,0,nearest_robot=robot3
273.000,original,-,robot5,MIN_DISTANCE,OK,10.698,8.031,,0,nearest_robot=robot3
273.000,original,-,robot6,MIN_DISTANCE,OK,9.559,8.031,,0,nearest_robot=robot2
273.000,original,-,fleet,MIN_DISTANCE_AVG,OK,8.031,,,0,robots_sampled=6
274.000,original,-,robot1,MIN_DISTANCE,OK,10.627,8.050,,0,nearest_robot=robot4
274.000,original,-,robot2,MIN_DISTANCE,OK,9.663,8.050,,0,nearest_robot=robot6
274.000,original,-,robot3,MIN_DISTANCE,OK,3.824,8.050,,0,nearest_robot=robot4
274.000,original,-,robot4,MIN_DISTANCE,OK,3.824,8.050,,0,nearest_robot=robot3
274.000,original,-,robot5,MIN_DISTANCE,OK,10.698,8.050,,0,nearest_robot=robot3
274.000,original,-,robot6,MIN_DISTANCE,OK,9.663,8.050,,0,nearest_robot=robot2
274.000,original,-,fleet,MIN_DISTANCE_AVG,OK,8.050,,,0,robots_sampled=6
275.000,original,-,robot1,MIN_DISTANCE,OK,10.507,8.038,,0,nearest_robot=robot4
275.000,original,-,robot2,MIN_DISTANCE,OK,9.686,8.038,,0,nearest_robot=robot6
275.000,original,-,robot3,MIN_DISTANCE,OK,3.824,8.038,,0,nearest_robot=robot4
275.000,original,-,robot4,MIN_DISTANCE,OK,3.824,8.038,,0,nearest_robot=robot3
275.000,original,-,robot5,MIN_DISTANCE,OK,10.698,8.038,,0,nearest_robot=robot3
275.000,original,-,robot6,MIN_DISTANCE,OK,9.686,8.038,,0,nearest_robot=robot2
275.000,original,-,fleet,MIN_DISTANCE_AVG,OK,8.038,,,0,robots_sampled=6
276.000,original,-,robot1,MIN_DISTANCE,OK,10.417,8.022,,0,nearest_robot=robot4
276.000,original,-,robot2,MIN_DISTANCE,OK,9.686,8.022,,0,nearest_robot=robot6
276.000,original,-,robot3,MIN_DISTANCE,OK,3.824,8.022,,0,nearest_robot=robot4
276.000,original,-,robot4,MIN_DISTANCE,OK,3.824,8.022,,0,nearest_robot=robot3
276.000,original,-,robot5,MIN_DISTANCE,OK,10.698,8.022,,0,nearest_robot=robot3
276.000,original,-,robot6,MIN_DISTANCE,OK,9.686,8.022,,0,nearest_robot=robot2
276.000,original,-,fleet,MIN_DISTANCE_AVG,OK,8.022,,,0,robots_sampled=6
277.000,original,-,robot1,MIN_DISTANCE,OK,10.258,7.996,,0,nearest_robot=robot4
277.000,original,-,robot2,MIN_DISTANCE,OK,9.686,7.996,,0,nearest_robot=robot6
277.000,original,-,robot3,MIN_DISTANCE,OK,3.823,7.996,,0,nearest_robot=robot4
277.000,original,-,robot4,MIN_DISTANCE,OK,3.823,7.996,,0,nearest_robot=robot3
277.000,original,-,robot5,MIN_DISTANCE,OK,10.698,7.996,,0,nearest_robot=robot3
277.000,original,-,robot6,MIN_DISTANCE,OK,9.686,7.996,,0,nearest_robot=robot2
277.000,original,-,fleet,MIN_DISTANCE_AVG,OK,7.996,,,0,robots_sampled=6
278.000,original,-,robot1,MIN_DISTANCE,OK,10.138,7.962,,0,nearest_robot=robot4
278.000,original,-,robot2,MIN_DISTANCE,OK,9.686,7.962,,0,nearest_robot=robot6
278.000,original,-,robot3,MIN_DISTANCE,OK,3.823,7.962,,0,nearest_robot=robot4
278.000,original,-,robot4,MIN_DISTANCE,OK,3.823,7.962,,0,nearest_robot=robot3
278.000,original,-,robot5,MIN_DISTANCE,OK,10.617,7.962,,0,nearest_robot=robot1
278.000,original,-,robot6,MIN_DISTANCE,OK,9.686,7.962,,0,nearest_robot=robot2
278.000,original,-,fleet,MIN_DISTANCE_AVG,OK,7.962,,,0,robots_sampled=6
279.000,original,-,robot1,MIN_DISTANCE,OK,10.013,7.874,,0,nearest_robot=robot4
279.000,original,-,robot2,MIN_DISTANCE,OK,9.686,7.874,,0,nearest_robot=robot6
279.000,original,-,robot3,MIN_DISTANCE,OK,3.823,7.874,,0,nearest_robot=robot4
279.000,original,-,robot4,MIN_DISTANCE,OK,3.823,7.874,,0,nearest_robot=robot3
279.000,original,-,robot5,MIN_DISTANCE,OK,10.212,7.874,,0,nearest_robot=robot1
279.000,original,-,robot6,MIN_DISTANCE,OK,9.686,7.874,,0,nearest_robot=robot2
279.000,original,-,fleet,MIN_DISTANCE_AVG,OK,7.874,,,0,robots_sampled=6
280.000,original,-,robot1,MIN_DISTANCE,OK,9.823,7.777,,0,nearest_robot=robot5
280.000,original,-,robot2,MIN_DISTANCE,OK,9.686,7.777,,0,nearest_robot=robot6
280.000,original,-,robot3,MIN_DISTANCE,OK,3.823,7.777,,0,nearest_robot=robot4
280.000,original,-,robot4,MIN_DISTANCE,OK,3.823,7.777,,0,nearest_robot=robot3
280.000,original,-,robot5,MIN_DISTANCE,OK,9.823,7.777,,0,nearest_robot=robot1
280.000,original,-,robot6,MIN_DISTANCE,OK,9.686,7.777,,0,nearest_robot=robot2
280.000,original,-,fleet,MIN_DISTANCE_AVG,OK,7.777,,,0,robots_sampled=6
281.000,original,-,robot1,MIN_DISTANCE,OK,9.433,7.648,,0,nearest_robot=robot5
281.000,original,-,robot2,MIN_DISTANCE,OK,9.686,7.648,,0,nearest_robot=robot6
281.000,original,-,robot3,MIN_DISTANCE,OK,3.823,7.648,,0,nearest_robot=robot4
281.000,original,-,robot4,MIN_DISTANCE,OK,3.823,7.648,,0,nearest_robot=robot3
281.000,original,-,robot5,MIN_DISTANCE,OK,9.433,7.648,,0,nearest_robot=robot1
281.000,original,-,robot6,MIN_DISTANCE,OK,9.686,7.648,,0,nearest_robot=robot2
281.000,original,-,fleet,MIN_DISTANCE_AVG,OK,7.648,,,0,robots_sampled=6
282.000,original,-,robot1,MIN_DISTANCE,OK,9.026,7.512,,0,nearest_robot=robot5
282.000,original,-,robot2,MIN_DISTANCE,OK,9.686,7.512,,0,nearest_robot=robot6
282.000,original,-,robot3,MIN_DISTANCE,OK,3.823,7.512,,0,nearest_robot=robot4
282.000,original,-,robot4,MIN_DISTANCE,OK,3.823,7.512,,0,nearest_robot=robot3
282.000,original,-,robot5,MIN_DISTANCE,OK,9.026,7.512,,0,nearest_robot=robot1
282.000,original,-,robot6,MIN_DISTANCE,OK,9.686,7.512,,0,nearest_robot=robot2
282.000,original,-,fleet,MIN_DISTANCE_AVG,OK,7.512,,,0,robots_sampled=6
283.000,original,-,robot1,MIN_DISTANCE,OK,8.617,7.375,,0,nearest_robot=robot5
283.000,original,-,robot2,MIN_DISTANCE,OK,9.686,7.375,,0,nearest_robot=robot6
283.000,original,-,robot3,MIN_DISTANCE,OK,3.823,7.375,,0,nearest_robot=robot4
283.000,original,-,robot4,MIN_DISTANCE,OK,3.823,7.375,,0,nearest_robot=robot3
283.000,original,-,robot5,MIN_DISTANCE,OK,8.617,7.375,,0,nearest_robot=robot1
283.000,original,-,robot6,MIN_DISTANCE,OK,9.686,7.375,,0,nearest_robot=robot2
283.000,original,-,fleet,MIN_DISTANCE_AVG,OK,7.375,,,0,robots_sampled=6
284.000,original,-,robot1,MIN_DISTANCE,OK,8.209,7.239,,0,nearest_robot=robot5
284.000,original,-,robot2,MIN_DISTANCE,OK,9.686,7.239,,0,nearest_robot=robot6
284.000,original,-,robot3,MIN_DISTANCE,OK,3.822,7.239,,0,nearest_robot=robot4
284.000,original,-,robot4,MIN_DISTANCE,OK,3.822,7.239,,0,nearest_robot=robot3
284.000,original,-,robot5,MIN_DISTANCE,OK,8.209,7.239,,0,nearest_robot=robot1
284.000,original,-,robot6,MIN_DISTANCE,OK,9.686,7.239,,0,nearest_robot=robot2
284.000,original,-,fleet,MIN_DISTANCE_AVG,OK,7.239,,,0,robots_sampled=6
285.000,original,-,robot1,MIN_DISTANCE,OK,7.820,7.110,,0,nearest_robot=robot5
285.000,original,-,robot2,MIN_DISTANCE,OK,9.686,7.110,,0,nearest_robot=robot6
285.000,original,-,robot3,MIN_DISTANCE,OK,3.822,7.110,,0,nearest_robot=robot4
285.000,original,-,robot4,MIN_DISTANCE,OK,3.822,7.110,,0,nearest_robot=robot3
285.000,original,-,robot5,MIN_DISTANCE,OK,7.820,7.110,,0,nearest_robot=robot1
285.000,original,-,robot6,MIN_DISTANCE,OK,9.686,7.110,,0,nearest_robot=robot2
285.000,original,-,fleet,MIN_DISTANCE_AVG,OK,7.110,,,0,robots_sampled=6
286.000,original,-,robot1,MIN_DISTANCE,OK,7.391,6.967,,0,nearest_robot=robot5
286.000,original,-,robot2,MIN_DISTANCE,OK,9.686,6.967,,0,nearest_robot=robot6
286.000,original,-,robot3,MIN_DISTANCE,OK,3.822,6.967,,0,nearest_robot=robot4
286.000,original,-,robot4,MIN_DISTANCE,OK,3.822,6.967,,0,nearest_robot=robot3
286.000,original,-,robot5,MIN_DISTANCE,OK,7.391,6.967,,0,nearest_robot=robot1
286.000,original,-,robot6,MIN_DISTANCE,OK,9.686,6.967,,0,nearest_robot=robot2
286.000,original,-,fleet,MIN_DISTANCE_AVG,OK,6.967,,,0,robots_sampled=6
287.000,original,-,robot1,MIN_DISTANCE,OK,6.995,6.835,,0,nearest_robot=robot5
287.000,original,-,robot2,MIN_DISTANCE,OK,9.686,6.835,,0,nearest_robot=robot6
287.000,original,-,robot3,MIN_DISTANCE,OK,3.822,6.835,,0,nearest_robot=robot4
287.000,original,-,robot4,MIN_DISTANCE,OK,3.822,6.835,,0,nearest_robot=robot3
287.000,original,-,robot5,MIN_DISTANCE,OK,6.995,6.835,,0,nearest_robot=robot1
287.000,original,-,robot6,MIN_DISTANCE,OK,9.686,6.835,,0,nearest_robot=robot2
287.000,original,-,fleet,MIN_DISTANCE_AVG,OK,6.835,,,0,robots_sampled=6
288.000,original,-,robot1,MIN_DISTANCE,OK,6.596,6.701,,0,nearest_robot=robot5
288.000,original,-,robot2,MIN_DISTANCE,OK,9.686,6.701,,0,nearest_robot=robot6
288.000,original,-,robot3,MIN_DISTANCE,OK,3.822,6.701,,0,nearest_robot=robot4
288.000,original,-,robot4,MIN_DISTANCE,OK,3.822,6.701,,0,nearest_robot=robot3
288.000,original,-,robot5,MIN_DISTANCE,OK,6.596,6.701,,0,nearest_robot=robot1
288.000,original,-,robot6,MIN_DISTANCE,OK,9.686,6.701,,0,nearest_robot=robot2
288.000,original,-,fleet,MIN_DISTANCE_AVG,OK,6.701,,,0,robots_sampled=6
289.000,original,-,robot1,MIN_DISTANCE,OK,6.180,6.563,,0,nearest_robot=robot5
289.000,original,-,robot2,MIN_DISTANCE,OK,9.686,6.563,,0,nearest_robot=robot6
289.000,original,-,robot3,MIN_DISTANCE,OK,3.822,6.563,,0,nearest_robot=robot4
289.000,original,-,robot4,MIN_DISTANCE,OK,3.822,6.563,,0,nearest_robot=robot3
289.000,original,-,robot5,MIN_DISTANCE,OK,6.180,6.563,,0,nearest_robot=robot1
289.000,original,-,robot6,MIN_DISTANCE,OK,9.686,6.563,,0,nearest_robot=robot2
289.000,original,-,fleet,MIN_DISTANCE_AVG,OK,6.563,,,0,robots_sampled=6
289.780,original,-,fleet,CHOMP_TIME_FULL,OK,,26.102,,0,iterations=100;iterations_executed=100;source=algorithm;round_trip=26.122922
290.000,original,-,robot1,MIN_DISTANCE,OK,5.773,6.424,,0,nearest_robot=robot5
290.000,original,-,robot2,MIN_DISTANCE,OK,9.676,6.424,,0,nearest_robot=robot6
290.000,original,-,robot3,MIN_DISTANCE,OK,3.821,6.424,,0,nearest_robot=robot4
290.000,original,-,robot4,MIN_DISTANCE,OK,3.821,6.424,,0,nearest_robot=robot3
290.000,original,-,robot5,MIN_DISTANCE,OK,5.773,6.424,,0,nearest_robot=robot1
290.000,original,-,robot6,MIN_DISTANCE,OK,9.676,6.424,,0,nearest_robot=robot2
290.000,original,-,fleet,MIN_DISTANCE_AVG,OK,6.424,,,0,robots_sampled=6
290.500,original,-,fleet,REPLAN_FULL,OK,,,robot1|robot2|robot3|robot4|robot5|robot6,0,original_full_optimization
291.000,original,-,robot1,MIN_DISTANCE,OK,5.348,6.274,,0,nearest_robot=robot5
291.000,original,-,robot2,MIN_DISTANCE,OK,9.649,6.274,,0,nearest_robot=robot6
291.000,original,-,robot3,MIN_DISTANCE,OK,3.826,6.274,,0,nearest_robot=robot4
291.000,original,-,robot4,MIN_DISTANCE,OK,3.826,6.274,,0,nearest_robot=robot3
291.000,original,-,robot5,MIN_DISTANCE,OK,5.348,6.274,,0,nearest_robot=robot1
291.000,original,-,robot6,MIN_DISTANCE,OK,9.649,6.274,,0,nearest_robot=robot2
291.000,original,-,fleet,MIN_DISTANCE_AVG,OK,6.274,,,0,robots_sampled=6
292.000,original,-,robot1,MIN_DISTANCE,OK,4.942,6.104,,0,nearest_robot=robot5
292.000,original,-,robot2,MIN_DISTANCE,OK,9.733,6.104,,0,nearest_robot=robot6
292.000,original,-,robot3,MIN_DISTANCE,OK,3.637,6.104,,0,nearest_robot=robot4
292.000,original,-,robot4,MIN_DISTANCE,OK,3.637,6.104,,0,nearest_robot=robot3
292.000,original,-,robot5,MIN_DISTANCE,OK,4.942,6.104,,0,nearest_robot=robot1
292.000,original,-,robot6,MIN_DISTANCE,OK,9.733,6.104,,0,nearest_robot=robot2
292.000,original,-,fleet,MIN_DISTANCE_AVG,OK,6.104,,,0,robots_sampled=6
293.000,original,-,robot1,MIN_DISTANCE,OK,4.534,5.888,,0,nearest_robot=robot5
293.000,original,-,robot2,MIN_DISTANCE,OK,9.868,5.888,,0,nearest_robot=robot6
293.000,original,-,robot3,MIN_DISTANCE,OK,3.264,5.888,,0,nearest_robot=robot4
293.000,original,-,robot4,MIN_DISTANCE,OK,3.264,5.888,,0,nearest_robot=robot3
293.000,original,-,robot5,MIN_DISTANCE,OK,4.534,5.888,,0,nearest_robot=robot1
293.000,original,-,robot6,MIN_DISTANCE,OK,9.868,5.888,,0,nearest_robot=robot2
293.000,original,-,fleet,MIN_DISTANCE_AVG,OK,5.888,,,0,robots_sampled=6
294.000,original,-,robot1,MIN_DISTANCE,OK,4.114,5.615,,0,nearest_robot=robot5
294.000,original,-,robot2,MIN_DISTANCE,OK,9.846,5.615,,0,nearest_robot=robot6
294.000,original,-,robot3,MIN_DISTANCE,OK,2.884,5.615,,0,nearest_robot=robot4
294.000,original,-,robot4,MIN_DISTANCE,OK,2.884,5.615,,0,nearest_robot=robot3
294.000,original,-,robot5,MIN_DISTANCE,OK,4.114,5.615,,0,nearest_robot=robot1
294.000,original,-,robot6,MIN_DISTANCE,OK,9.846,5.615,,0,nearest_robot=robot2
294.000,original,-,fleet,MIN_DISTANCE_AVG,OK,5.615,,,0,robots_sampled=6
295.000,original,-,robot1,MIN_DISTANCE,OK,3.715,5.342,,0,nearest_robot=robot5
295.000,original,-,robot2,MIN_DISTANCE,OK,9.826,5.342,,0,nearest_robot=robot6
295.000,original,-,robot3,MIN_DISTANCE,OK,2.486,5.342,,0,nearest_robot=robot4
295.000,original,-,robot4,MIN_DISTANCE,OK,2.486,5.342,,0,nearest_robot=robot3
295.000,original,-,robot5,MIN_DISTANCE,OK,3.715,5.342,,0,nearest_robot=robot1
295.000,original,-,robot6,MIN_DISTANCE,OK,9.826,5.342,,0,nearest_robot=robot2
295.000,original,-,fleet,MIN_DISTANCE_AVG,OK,5.342,,,0,robots_sampled=6
296.000,original,-,robot1,MIN_DISTANCE,OK,3.307,5.057,,0,nearest_robot=robot5
296.000,original,-,robot2,MIN_DISTANCE,OK,9.820,5.057,,0,nearest_robot=robot6
296.000,original,-,robot3,MIN_DISTANCE,OK,2.045,5.057,,0,nearest_robot=robot4
296.000,original,-,robot4,MIN_DISTANCE,OK,2.045,5.057,,0,nearest_robot=robot3
296.000,original,-,robot5,MIN_DISTANCE,OK,3.307,5.057,,0,nearest_robot=robot1
296.000,original,-,robot6,MIN_DISTANCE,OK,9.820,5.057,,0,nearest_robot=robot2
296.000,original,-,fleet,MIN_DISTANCE_AVG,OK,5.057,,,0,robots_sampled=6
297.000,original,-,robot1,MIN_DISTANCE,OK,2.934,4.782,,0,nearest_robot=robot5
297.000,original,-,robot2,MIN_DISTANCE,OK,9.818,4.782,,0,nearest_robot=robot6
297.000,original,-,robot3,MIN_DISTANCE,OK,1.593,4.782,,0,nearest_robot=robot4
297.000,original,-,robot4,MIN_DISTANCE,OK,1.593,4.782,,0,nearest_robot=robot3
297.000,original,-,robot5,MIN_DISTANCE,OK,2.934,4.782,,0,nearest_robot=robot1
297.000,original,-,robot6,MIN_DISTANCE,OK,9.818,4.782,,0,nearest_robot=robot2
297.000,original,-,fleet,MIN_DISTANCE_AVG,OK,4.782,,,0,robots_sampled=6
298.000,original,-,robot1,MIN_DISTANCE,OK,2.539,4.519,,0,nearest_robot=robot5
298.000,original,-,robot2,MIN_DISTANCE,OK,9.823,4.519,,0,nearest_robot=robot6
298.000,original,-,robot3,MIN_DISTANCE,OK,1.196,4.519,,0,nearest_robot=robot4
298.000,original,-,robot4,MIN_DISTANCE,OK,1.196,4.519,,0,nearest_robot=robot3
298.000,original,-,robot5,MIN_DISTANCE,OK,2.539,4.519,,0,nearest_robot=robot1
298.000,original,-,robot6,MIN_DISTANCE,OK,9.823,4.519,,0,nearest_robot=robot2
298.000,original,-,fleet,MIN_DISTANCE_AVG,OK,4.519,,,0,robots_sampled=6
299.000,original,-,robot1,MIN_DISTANCE,OK,2.194,4.280,,0,nearest_robot=robot5
299.000,original,-,robot2,MIN_DISTANCE,OK,9.830,4.280,,0,nearest_robot=robot6
299.000,original,-,robot3,MIN_DISTANCE,OK,0.817,4.280,,0,nearest_robot=robot4
299.000,original,-,robot4,MIN_DISTANCE,OK,0.817,4.280,,0,nearest_robot=robot3
299.000,original,-,robot5,MIN_DISTANCE,OK,2.194,4.280,,0,nearest_robot=robot1
299.000,original,-,robot6,MIN_DISTANCE,OK,9.830,4.280,,0,nearest_robot=robot2
299.000,original,-,fleet,MIN_DISTANCE_AVG,OK,4.280,,,0,robots_sampled=6
300.000,original,-,robot1,MIN_DISTANCE,OK,1.784,4.103,,0,nearest_robot=robot5
300.000,original,-,robot2,MIN_DISTANCE,OK,9.907,4.103,,0,nearest_robot=robot6
300.000,original,-,robot3,MIN_DISTANCE,OK,0.617,4.103,,0,nearest_robot=robot4
300.000,original,-,robot4,MIN_DISTANCE,OK,0.617,4.103,,0,nearest_robot=robot3
300.000,original,-,robot5,MIN_DISTANCE,OK,1.784,4.103,,0,nearest_robot=robot1
300.000,original,-,robot6,MIN_DISTANCE,OK,9.907,4.103,,0,nearest_robot=robot2
300.000,original,-,fleet,MIN_DISTANCE_AVG,OK,4.103,,,0,robots_sampled=6
301.000,original,-,robot1,MIN_DISTANCE,OK,1.494,3.984,,0,nearest_robot=robot5
301.000,original,-,robot2,MIN_DISTANCE,OK,9.915,3.984,,0,nearest_robot=robot6
301.000,original,-,robot3,MIN_DISTANCE,OK,0.542,3.984,,0,nearest_robot=robot4
301.000,original,-,robot4,MIN_DISTANCE,OK,0.542,3.984,,0,nearest_robot=robot3
301.000,original,-,robot5,MIN_DISTANCE,OK,1.494,3.984,,0,nearest_robot=robot1
301.000,original,-,robot6,MIN_DISTANCE,OK,9.915,3.984,,0,nearest_robot=robot2
301.000,original,-,fleet,MIN_DISTANCE_AVG,OK,3.984,,,0,robots_sampled=6
302.000,original,-,robot1,MIN_DISTANCE,OK,1.412,3.948,,0,nearest_robot=robot5
302.000,original,-,robot2,MIN_DISTANCE,OK,9.915,3.948,,0,nearest_robot=robot6
302.000,original,-,robot3,MIN_DISTANCE,OK,0.517,3.948,,0,nearest_robot=robot4
302.000,original,-,robot4,MIN_DISTANCE,OK,0.517,3.948,,0,nearest_robot=robot3
302.000,original,-,robot5,MIN_DISTANCE,OK,1.412,3.948,,0,nearest_robot=robot1
302.000,original,-,robot6,MIN_DISTANCE,OK,9.915,3.948,,0,nearest_robot=robot2
302.000,original,-,fleet,MIN_DISTANCE_AVG,OK,3.948,,,0,robots_sampled=6
303.000,original,-,robot1,MIN_DISTANCE,OK,1.452,3.961,,0,nearest_robot=robot5
303.000,original,-,robot2,MIN_DISTANCE,OK,9.915,3.961,,0,nearest_robot=robot6
303.000,original,-,robot3,MIN_DISTANCE,OK,0.515,3.961,,0,nearest_robot=robot4
303.000,original,-,robot4,MIN_DISTANCE,OK,0.515,3.961,,0,nearest_robot=robot3
303.000,original,-,robot5,MIN_DISTANCE,OK,1.452,3.961,,0,nearest_robot=robot1
303.000,original,-,robot6,MIN_DISTANCE,OK,9.915,3.961,,0,nearest_robot=robot2
303.000,original,-,fleet,MIN_DISTANCE_AVG,OK,3.961,,,0,robots_sampled=6
304.000,original,-,robot1,MIN_DISTANCE,OK,1.495,4.034,,0,nearest_robot=robot5
304.000,original,-,robot2,MIN_DISTANCE,OK,9.916,4.034,,0,nearest_robot=robot6
304.000,original,-,robot3,MIN_DISTANCE,OK,0.692,4.034,,0,nearest_robot=robot4
304.000,original,-,robot4,MIN_DISTANCE,OK,0.692,4.034,,0,nearest_robot=robot3
304.000,original,-,robot5,MIN_DISTANCE,OK,1.495,4.034,,0,nearest_robot=robot1
304.000,original,-,robot6,MIN_DISTANCE,OK,9.916,4.034,,0,nearest_robot=robot2
304.000,original,-,fleet,MIN_DISTANCE_AVG,OK,4.034,,,0,robots_sampled=6
305.000,original,-,robot1,MIN_DISTANCE,OK,1.476,4.108,,0,nearest_robot=robot5
305.000,original,-,robot2,MIN_DISTANCE,OK,9.916,4.108,,0,nearest_robot=robot6
305.000,original,-,robot3,MIN_DISTANCE,OK,0.933,4.108,,0,nearest_robot=robot4
305.000,original,-,robot4,MIN_DISTANCE,OK,0.933,4.108,,0,nearest_robot=robot3
305.000,original,-,robot5,MIN_DISTANCE,OK,1.476,4.108,,0,nearest_robot=robot1
305.000,original,-,robot6,MIN_DISTANCE,OK,9.916,4.108,,0,nearest_robot=robot2
305.000,original,-,fleet,MIN_DISTANCE_AVG,OK,4.108,,,0,robots_sampled=6
306.000,original,-,robot1,MIN_DISTANCE,OK,1.474,4.194,,0,nearest_robot=robot5
306.000,original,-,robot2,MIN_DISTANCE,OK,9.916,4.194,,0,nearest_robot=robot6
306.000,original,-,robot3,MIN_DISTANCE,OK,1.191,4.194,,0,nearest_robot=robot4
306.000,original,-,robot4,MIN_DISTANCE,OK,1.191,4.194,,0,nearest_robot=robot3
306.000,original,-,robot5,MIN_DISTANCE,OK,1.474,4.194,,0,nearest_robot=robot1
306.000,original,-,robot6,MIN_DISTANCE,OK,9.916,4.194,,0,nearest_robot=robot2
306.000,original,-,fleet,MIN_DISTANCE_AVG,OK,4.194,,,0,robots_sampled=6
307.000,original,-,robot1,MIN_DISTANCE,OK,1.474,4.294,,0,nearest_robot=robot5
307.000,original,-,robot2,MIN_DISTANCE,OK,9.916,4.294,,0,nearest_robot=robot6
307.000,original,-,robot3,MIN_DISTANCE,OK,1.493,4.294,,0,nearest_robot=robot4
307.000,original,-,robot4,MIN_DISTANCE,OK,1.493,4.294,,0,nearest_robot=robot3
307.000,original,-,robot5,MIN_DISTANCE,OK,1.474,4.294,,0,nearest_robot=robot1
307.000,original,-,robot6,MIN_DISTANCE,OK,9.916,4.294,,0,nearest_robot=robot2
307.000,original,-,fleet,MIN_DISTANCE_AVG,OK,4.294,,,0,robots_sampled=6
308.000,original,-,robot1,MIN_DISTANCE,OK,1.474,4.319,,0,nearest_robot=robot5
308.000,original,-,robot2,MIN_DISTANCE,OK,9.916,4.319,,0,nearest_robot=robot6
308.000,original,-,robot3,MIN_DISTANCE,OK,1.568,4.319,,0,nearest_robot=robot4
308.000,original,-,robot4,MIN_DISTANCE,OK,1.568,4.319,,0,nearest_robot=robot3
308.000,original,-,robot5,MIN_DISTANCE,OK,1.474,4.319,,0,nearest_robot=robot1
308.000,original,-,robot6,MIN_DISTANCE,OK,9.916,4.319,,0,nearest_robot=robot2
308.000,original,-,fleet,MIN_DISTANCE_AVG,OK,4.319,,,0,robots_sampled=6
309.000,original,-,robot1,MIN_DISTANCE,OK,1.474,4.319,,0,nearest_robot=robot5
309.000,original,-,robot2,MIN_DISTANCE,OK,9.916,4.319,,0,nearest_robot=robot6
309.000,original,-,robot3,MIN_DISTANCE,OK,1.568,4.319,,0,nearest_robot=robot4
309.000,original,-,robot4,MIN_DISTANCE,OK,1.568,4.319,,0,nearest_robot=robot3
309.000,original,-,robot5,MIN_DISTANCE,OK,1.474,4.319,,0,nearest_robot=robot1
309.000,original,-,robot6,MIN_DISTANCE,OK,9.916,4.319,,0,nearest_robot=robot2
309.000,original,-,fleet,MIN_DISTANCE_AVG,OK,4.319,,,0,robots_sampled=6
310.000,original,-,robot1,MIN_DISTANCE,OK,1.474,4.319,,0,nearest_robot=robot5
310.000,original,-,robot2,MIN_DISTANCE,OK,9.917,4.319,,0,nearest_robot=robot6
310.000,original,-,robot3,MIN_DISTANCE,OK,1.568,4.319,,0,nearest_robot=robot4
310.000,original,-,robot4,MIN_DISTANCE,OK,1.568,4.319,,0,nearest_robot=robot3
310.000,original,-,robot5,MIN_DISTANCE,OK,1.474,4.319,,0,nearest_robot=robot1
310.000,original,-,robot6,MIN_DISTANCE,OK,9.917,4.319,,0,nearest_robot=robot2
310.000,original,-,fleet,MIN_DISTANCE_AVG,OK,4.319,,,0,robots_sampled=6
311.000,original,-,robot1,MIN_DISTANCE,OK,1.474,4.319,,0,nearest_robot=robot5
311.000,original,-,robot2,MIN_DISTANCE,OK,9.917,4.319,,0,nearest_robot=robot6
311.000,original,-,robot3,MIN_DISTANCE,OK,1.568,4.319,,0,nearest_robot=robot4
311.000,original,-,robot4,MIN_DISTANCE,OK,1.568,4.319,,0,nearest_robot=robot3
311.000,original,-,robot5,MIN_DISTANCE,OK,1.474,4.319,,0,nearest_robot=robot1
311.000,original,-,robot6,MIN_DISTANCE,OK,9.917,4.319,,0,nearest_robot=robot2
311.000,original,-,fleet,MIN_DISTANCE_AVG,OK,4.319,,,0,robots_sampled=6
312.000,original,-,robot1,MIN_DISTANCE,OK,1.474,4.320,,0,nearest_robot=robot5
312.000,original,-,robot2,MIN_DISTANCE,OK,9.917,4.320,,0,nearest_robot=robot6
312.000,original,-,robot3,MIN_DISTANCE,OK,1.568,4.320,,0,nearest_robot=robot4
312.000,original,-,robot4,MIN_DISTANCE,OK,1.568,4.320,,0,nearest_robot=robot3
312.000,original,-,robot5,MIN_DISTANCE,OK,1.474,4.320,,0,nearest_robot=robot1
312.000,original,-,robot6,MIN_DISTANCE,OK,9.917,4.320,,0,nearest_robot=robot2
312.000,original,-,fleet,MIN_DISTANCE_AVG,OK,4.320,,,0,robots_sampled=6
313.000,original,-,robot1,MIN_DISTANCE,OK,1.474,4.320,,0,nearest_robot=robot5
313.000,original,-,robot2,MIN_DISTANCE,OK,9.917,4.320,,0,nearest_robot=robot6
313.000,original,-,robot3,MIN_DISTANCE,OK,1.568,4.320,,0,nearest_robot=robot4
313.000,original,-,robot4,MIN_DISTANCE,OK,1.568,4.320,,0,nearest_robot=robot3
313.000,original,-,robot5,MIN_DISTANCE,OK,1.474,4.320,,0,nearest_robot=robot1
313.000,original,-,robot6,MIN_DISTANCE,OK,9.917,4.320,,0,nearest_robot=robot2
313.000,original,-,fleet,MIN_DISTANCE_AVG,OK,4.320,,,0,robots_sampled=6
314.000,original,-,robot1,MIN_DISTANCE,OK,1.474,4.320,,0,nearest_robot=robot5
314.000,original,-,robot2,MIN_DISTANCE,OK,9.917,4.320,,0,nearest_robot=robot6
314.000,original,-,robot3,MIN_DISTANCE,OK,1.569,4.320,,0,nearest_robot=robot4
314.000,original,-,robot4,MIN_DISTANCE,OK,1.569,4.320,,0,nearest_robot=robot3
314.000,original,-,robot5,MIN_DISTANCE,OK,1.474,4.320,,0,nearest_robot=robot1
314.000,original,-,robot6,MIN_DISTANCE,OK,9.917,4.320,,0,nearest_robot=robot2
314.000,original,-,fleet,MIN_DISTANCE_AVG,OK,4.320,,,0,robots_sampled=6
315.000,original,-,robot1,MIN_DISTANCE,OK,1.474,4.320,,0,nearest_robot=robot5
315.000,original,-,robot2,MIN_DISTANCE,OK,9.917,4.320,,0,nearest_robot=robot6
315.000,original,-,robot3,MIN_DISTANCE,OK,1.569,4.320,,0,nearest_robot=robot4
315.000,original,-,robot4,MIN_DISTANCE,OK,1.569,4.320,,0,nearest_robot=robot3
315.000,original,-,robot5,MIN_DISTANCE,OK,1.474,4.320,,0,nearest_robot=robot1
315.000,original,-,robot6,MIN_DISTANCE,OK,9.917,4.320,,0,nearest_robot=robot2
315.000,original,-,fleet,MIN_DISTANCE_AVG,OK,4.320,,,0,robots_sampled=6
315.140,original,-,fleet,CHOMP_TIME_FULL,OK,,25.873,,0,iterations=100;iterations_executed=100;source=algorithm;round_trip=25.892159
316.000,original,-,fleet,REPLAN_FULL,OK,,,robot1|robot2|robot3|robot4|robot5|robot6,0,original_full_optimization
316.000,original,-,robot1,MIN_DISTANCE,OK,1.474,4.293,,0,nearest_robot=robot5
316.000,original,-,robot2,MIN_DISTANCE,OK,9.917,4.293,,0,nearest_robot=robot6
316.000,original,-,robot3,MIN_DISTANCE,OK,1.488,4.293,,0,nearest_robot=robot4
316.000,original,-,robot4,MIN_DISTANCE,OK,1.488,4.293,,0,nearest_robot=robot3
316.000,original,-,robot5,MIN_DISTANCE,OK,1.474,4.293,,0,nearest_robot=robot1
316.000,original,-,robot6,MIN_DISTANCE,OK,9.917,4.293,,0,nearest_robot=robot2
316.000,original,-,fleet,MIN_DISTANCE_AVG,OK,4.293,,,0,robots_sampled=6
317.000,original,-,robot1,MIN_DISTANCE,OK,1.474,4.286,,0,nearest_robot=robot5
317.000,original,-,robot2,MIN_DISTANCE,OK,9.918,4.286,,0,nearest_robot=robot6
317.000,original,-,robot3,MIN_DISTANCE,OK,1.466,4.286,,0,nearest_robot=robot4
317.000,original,-,robot4,MIN_DISTANCE,OK,1.466,4.286,,0,nearest_robot=robot3
317.000,original,-,robot5,MIN_DISTANCE,OK,1.474,4.286,,0,nearest_robot=robot1
317.000,original,-,robot6,MIN_DISTANCE,OK,9.918,4.286,,0,nearest_robot=robot2
317.000,original,-,fleet,MIN_DISTANCE_AVG,OK,4.286,,,0,robots_sampled=6
318.000,original,-,robot1,MIN_DISTANCE,OK,1.474,4.283,,0,nearest_robot=robot5
318.000,original,-,robot2,MIN_DISTANCE,OK,9.918,4.283,,0,nearest_robot=robot6
318.000,original,-,robot3,MIN_DISTANCE,OK,1.457,4.283,,0,nearest_robot=robot4
318.000,original,-,robot4,MIN_DISTANCE,OK,1.457,4.283,,0,nearest_robot=robot3
318.000,original,-,robot5,MIN_DISTANCE,OK,1.474,4.283,,0,nearest_robot=robot1
318.000,original,-,robot6,MIN_DISTANCE,OK,9.918,4.283,,0,nearest_robot=robot2
318.000,original,-,fleet,MIN_DISTANCE_AVG,OK,4.283,,,0,robots_sampled=6
319.000,original,-,robot1,MIN_DISTANCE,OK,1.474,4.285,,0,nearest_robot=robot5
319.000,original,-,robot2,MIN_DISTANCE,OK,9.918,4.285,,0,nearest_robot=robot6
319.000,original,-,robot3,MIN_DISTANCE,OK,1.463,4.285,,0,nearest_robot=robot4
319.000,original,-,robot4,MIN_DISTANCE,OK,1.463,4.285,,0,nearest_robot=robot3
319.000,original,-,robot5,MIN_DISTANCE,OK,1.474,4.285,,0,nearest_robot=robot1
319.000,original,-,robot6,MIN_DISTANCE,OK,9.918,4.285,,0,nearest_robot=robot2
319.000,original,-,fleet,MIN_DISTANCE_AVG,OK,4.285,,,0,robots_sampled=6
320.000,original,-,robot1,MIN_DISTANCE,OK,1.474,4.286,,0,nearest_robot=robot5
320.000,original,-,robot2,MIN_DISTANCE,OK,9.918,4.286,,0,nearest_robot=robot6
320.000,original,-,robot3,MIN_DISTANCE,OK,1.465,4.286,,0,nearest_robot=robot4
320.000,original,-,robot4,MIN_DISTANCE,OK,1.465,4.286,,0,nearest_robot=robot3
320.000,original,-,robot5,MIN_DISTANCE,OK,1.474,4.286,,0,nearest_robot=robot1
320.000,original,-,robot6,MIN_DISTANCE,OK,9.918,4.286,,0,nearest_robot=robot2
320.000,original,-,fleet,MIN_DISTANCE_AVG,OK,4.286,,,0,robots_sampled=6
321.000,original,-,robot1,MIN_DISTANCE,OK,1.474,4.286,,0,nearest_robot=robot5
321.000,original,-,robot2,MIN_DISTANCE,OK,9.918,4.286,,0,nearest_robot=robot6
321.000,original,-,robot3,MIN_DISTANCE,OK,1.466,4.286,,0,nearest_robot=robot4
321.000,original,-,robot4,MIN_DISTANCE,OK,1.466,4.286,,0,nearest_robot=robot3
321.000,original,-,robot5,MIN_DISTANCE,OK,1.474,4.286,,0,nearest_robot=robot1
321.000,original,-,robot6,MIN_DISTANCE,OK,9.918,4.286,,0,nearest_robot=robot2
321.000,original,-,fleet,MIN_DISTANCE_AVG,OK,4.286,,,0,robots_sampled=6
322.000,original,-,robot1,MIN_DISTANCE,OK,1.474,4.286,,0,nearest_robot=robot5
322.000,original,-,robot2,MIN_DISTANCE,OK,9.918,4.286,,0,nearest_robot=robot6
322.000,original,-,robot3,MIN_DISTANCE,OK,1.467,4.286,,0,nearest_robot=robot4
322.000,original,-,robot4,MIN_DISTANCE,OK,1.467,4.286,,0,nearest_robot=robot3
322.000,original,-,robot5,MIN_DISTANCE,OK,1.474,4.286,,0,nearest_robot=robot1
322.000,original,-,robot6,MIN_DISTANCE,OK,9.918,4.286,,0,nearest_robot=robot2
322.000,original,-,fleet,MIN_DISTANCE_AVG,OK,4.286,,,0,robots_sampled=6
323.000,original,-,robot1,MIN_DISTANCE,OK,1.474,4.287,,0,nearest_robot=robot5
323.000,original,-,robot2,MIN_DISTANCE,OK,9.919,4.287,,0,nearest_robot=robot6
323.000,original,-,robot3,MIN_DISTANCE,OK,1.468,4.287,,0,nearest_robot=robot4
323.000,original,-,robot4,MIN_DISTANCE,OK,1.468,4.287,,0,nearest_robot=robot3
323.000,original,-,robot5,MIN_DISTANCE,OK,1.474,4.287,,0,nearest_robot=robot1
323.000,original,-,robot6,MIN_DISTANCE,OK,9.919,4.287,,0,nearest_robot=robot2
323.000,original,-,fleet,MIN_DISTANCE_AVG,OK,4.287,,,0,robots_sampled=6
324.000,original,-,robot1,MIN_DISTANCE,OK,1.474,4.287,,0,nearest_robot=robot5
324.000,original,-,robot2,MIN_DISTANCE,OK,9.919,4.287,,0,nearest_robot=robot6
324.000,original,-,robot3,MIN_DISTANCE,OK,1.469,4.287,,0,nearest_robot=robot4
324.000,original,-,robot4,MIN_DISTANCE,OK,1.469,4.287,,0,nearest_robot=robot3
324.000,original,-,robot5,MIN_DISTANCE,OK,1.474,4.287,,0,nearest_robot=robot1
324.000,original,-,robot6,MIN_DISTANCE,OK,9.919,4.287,,0,nearest_robot=robot2
324.000,original,-,fleet,MIN_DISTANCE_AVG,OK,4.287,,,0,robots_sampled=6
325.000,original,-,robot1,MIN_DISTANCE,OK,1.474,4.287,,0,nearest_robot=robot5
325.000,original,-,robot2,MIN_DISTANCE,OK,9.919,4.287,,0,nearest_robot=robot6
325.000,original,-,robot3,MIN_DISTANCE,OK,1.470,4.287,,0,nearest_robot=robot4
325.000,original,-,robot4,MIN_DISTANCE,OK,1.470,4.287,,0,nearest_robot=robot3
325.000,original,-,robot5,MIN_DISTANCE,OK,1.474,4.287,,0,nearest_robot=robot1
325.000,original,-,robot6,MIN_DISTANCE,OK,9.919,4.287,,0,nearest_robot=robot2
325.000,original,-,fleet,MIN_DISTANCE_AVG,OK,4.287,,,0,robots_sampled=6
326.000,original,-,robot1,MIN_DISTANCE,OK,1.474,4.288,,0,nearest_robot=robot5
326.000,original,-,robot2,MIN_DISTANCE,OK,9.919,4.288,,0,nearest_robot=robot6
326.000,original,-,robot3,MIN_DISTANCE,OK,1.470,4.288,,0,nearest_robot=robot4
326.000,original,-,robot4,MIN_DISTANCE,OK,1.470,4.288,,0,nearest_robot=robot3
326.000,original,-,robot5,MIN_DISTANCE,OK,1.474,4.288,,0,nearest_robot=robot1
326.000,original,-,robot6,MIN_DISTANCE,OK,9.919,4.288,,0,nearest_robot=robot2
326.000,original,-,fleet,MIN_DISTANCE_AVG,OK,4.288,,,0,robots_sampled=6
327.000,original,-,robot1,MIN_DISTANCE,OK,1.474,4.288,,0,nearest_robot=robot5
327.000,original,-,robot2,MIN_DISTANCE,OK,9.919,4.288,,0,nearest_robot=robot6
327.000,original,-,robot3,MIN_DISTANCE,OK,1.470,4.288,,0,nearest_robot=robot4
327.000,original,-,robot4,MIN_DISTANCE,OK,1.470,4.288,,0,nearest_robot=robot3
327.000,original,-,robot5,MIN_DISTANCE,OK,1.474,4.288,,0,nearest_robot=robot1
327.000,original,-,robot6,MIN_DISTANCE,OK,9.919,4.288,,0,nearest_robot=robot2
327.000,original,-,fleet,MIN_DISTANCE_AVG,OK,4.288,,,0,robots_sampled=6
328.000,original,-,robot1,MIN_DISTANCE,OK,1.474,4.288,,0,nearest_robot=robot5
328.000,original,-,robot2,MIN_DISTANCE,OK,9.919,4.288,,0,nearest_robot=robot6
328.000,original,-,robot3,MIN_DISTANCE,OK,1.471,4.288,,0,nearest_robot=robot4
328.000,original,-,robot4,MIN_DISTANCE,OK,1.471,4.288,,0,nearest_robot=robot3
328.000,original,-,robot5,MIN_DISTANCE,OK,1.474,4.288,,0,nearest_robot=robot1
328.000,original,-,robot6,MIN_DISTANCE,OK,9.919,4.288,,0,nearest_robot=robot2
328.000,original,-,fleet,MIN_DISTANCE_AVG,OK,4.288,,,0,robots_sampled=6
329.000,original,-,robot1,MIN_DISTANCE,OK,1.474,4.288,,0,nearest_robot=robot5
329.000,original,-,robot2,MIN_DISTANCE,OK,9.919,4.288,,0,nearest_robot=robot6
329.000,original,-,robot3,MIN_DISTANCE,OK,1.471,4.288,,0,nearest_robot=robot4
329.000,original,-,robot4,MIN_DISTANCE,OK,1.471,4.288,,0,nearest_robot=robot3
329.000,original,-,robot5,MIN_DISTANCE,OK,1.474,4.288,,0,nearest_robot=robot1
329.000,original,-,robot6,MIN_DISTANCE,OK,9.919,4.288,,0,nearest_robot=robot2
329.000,original,-,fleet,MIN_DISTANCE_AVG,OK,4.288,,,0,robots_sampled=6
330.000,original,-,robot1,MIN_DISTANCE,OK,1.474,4.288,,0,nearest_robot=robot5
330.000,original,-,robot2,MIN_DISTANCE,OK,9.920,4.288,,0,nearest_robot=robot6
330.000,original,-,robot3,MIN_DISTANCE,OK,1.471,4.288,,0,nearest_robot=robot4
330.000,original,-,robot4,MIN_DISTANCE,OK,1.471,4.288,,0,nearest_robot=robot3
330.000,original,-,robot5,MIN_DISTANCE,OK,1.474,4.288,,0,nearest_robot=robot1
330.000,original,-,robot6,MIN_DISTANCE,OK,9.920,4.288,,0,nearest_robot=robot2
330.000,original,-,fleet,MIN_DISTANCE_AVG,OK,4.288,,,0,robots_sampled=6
331.000,original,-,robot1,MIN_DISTANCE,OK,1.474,4.288,,0,nearest_robot=robot5
331.000,original,-,robot2,MIN_DISTANCE,OK,9.920,4.288,,0,nearest_robot=robot6
331.000,original,-,robot3,MIN_DISTANCE,OK,1.471,4.288,,0,nearest_robot=robot4
331.000,original,-,robot4,MIN_DISTANCE,OK,1.471,4.288,,0,nearest_robot=robot3
331.000,original,-,robot5,MIN_DISTANCE,OK,1.474,4.288,,0,nearest_robot=robot1
331.000,original,-,robot6,MIN_DISTANCE,OK,9.920,4.288,,0,nearest_robot=robot2
331.000,original,-,fleet,MIN_DISTANCE_AVG,OK,4.288,,,0,robots_sampled=6
332.000,original,-,robot1,MIN_DISTANCE,OK,1.474,4.288,,0,nearest_robot=robot5
332.000,original,-,robot2,MIN_DISTANCE,OK,9.920,4.288,,0,nearest_robot=robot6
332.000,original,-,robot3,MIN_DISTANCE,OK,1.472,4.288,,0,nearest_robot=robot4
332.000,original,-,robot4,MIN_DISTANCE,OK,1.472,4.288,,0,nearest_robot=robot3
332.000,original,-,robot5,MIN_DISTANCE,OK,1.474,4.288,,0,nearest_robot=robot1
332.000,original,-,robot6,MIN_DISTANCE,OK,9.920,4.288,,0,nearest_robot=robot2
332.000,original,-,fleet,MIN_DISTANCE_AVG,OK,4.288,,,0,robots_sampled=6
333.000,original,-,robot1,MIN_DISTANCE,OK,1.474,4.289,,0,nearest_robot=robot5
333.000,original,-,robot2,MIN_DISTANCE,OK,9.920,4.289,,0,nearest_robot=robot6
333.000,original,-,robot3,MIN_DISTANCE,OK,1.472,4.289,,0,nearest_robot=robot4
333.000,original,-,robot4,MIN_DISTANCE,OK,1.472,4.289,,0,nearest_robot=robot3
333.000,original,-,robot5,MIN_DISTANCE,OK,1.474,4.289,,0,nearest_robot=robot1
333.000,original,-,robot6,MIN_DISTANCE,OK,9.920,4.289,,0,nearest_robot=robot2
333.000,original,-,fleet,MIN_DISTANCE_AVG,OK,4.289,,,0,robots_sampled=6
334.000,original,-,robot1,MIN_DISTANCE,OK,1.474,4.289,,0,nearest_robot=robot5
334.000,original,-,robot2,MIN_DISTANCE,OK,9.920,4.289,,0,nearest_robot=robot6
334.000,original,-,robot3,MIN_DISTANCE,OK,1.472,4.289,,0,nearest_robot=robot4
334.000,original,-,robot4,MIN_DISTANCE,OK,1.472,4.289,,0,nearest_robot=robot3
334.000,original,-,robot5,MIN_DISTANCE,OK,1.474,4.289,,0,nearest_robot=robot1
334.000,original,-,robot6,MIN_DISTANCE,OK,9.920,4.289,,0,nearest_robot=robot2
334.000,original,-,fleet,MIN_DISTANCE_AVG,OK,4.289,,,0,robots_sampled=6
335.000,original,-,robot1,MIN_DISTANCE,OK,1.474,4.289,,0,nearest_robot=robot5
335.000,original,-,robot2,MIN_DISTANCE,OK,9.920,4.289,,0,nearest_robot=robot6
335.000,original,-,robot3,MIN_DISTANCE,OK,1.472,4.289,,0,nearest_robot=robot4
335.000,original,-,robot4,MIN_DISTANCE,OK,1.472,4.289,,0,nearest_robot=robot3
335.000,original,-,robot5,MIN_DISTANCE,OK,1.474,4.289,,0,nearest_robot=robot1
335.000,original,-,robot6,MIN_DISTANCE,OK,9.920,4.289,,0,nearest_robot=robot2
335.000,original,-,fleet,MIN_DISTANCE_AVG,OK,4.289,,,0,robots_sampled=6
336.000,original,-,robot1,MIN_DISTANCE,OK,1.474,4.289,,0,nearest_robot=robot5
336.000,original,-,robot2,MIN_DISTANCE,OK,9.921,4.289,,0,nearest_robot=robot6
336.000,original,-,robot3,MIN_DISTANCE,OK,1.473,4.289,,0,nearest_robot=robot4
336.000,original,-,robot4,MIN_DISTANCE,OK,1.473,4.289,,0,nearest_robot=robot3
336.000,original,-,robot5,MIN_DISTANCE,OK,1.474,4.289,,0,nearest_robot=robot1
336.000,original,-,robot6,MIN_DISTANCE,OK,9.921,4.289,,0,nearest_robot=robot2
336.000,original,-,fleet,MIN_DISTANCE_AVG,OK,4.289,,,0,robots_sampled=6
337.000,original,-,robot1,MIN_DISTANCE,OK,1.474,4.289,,0,nearest_robot=robot5
337.000,original,-,robot2,MIN_DISTANCE,OK,9.921,4.289,,0,nearest_robot=robot6
337.000,original,-,robot3,MIN_DISTANCE,OK,1.473,4.289,,0,nearest_robot=robot4
337.000,original,-,robot4,MIN_DISTANCE,OK,1.473,4.289,,0,nearest_robot=robot3
337.000,original,-,robot5,MIN_DISTANCE,OK,1.474,4.289,,0,nearest_robot=robot1
337.000,original,-,robot6,MIN_DISTANCE,OK,9.921,4.289,,0,nearest_robot=robot2
337.000,original,-,fleet,MIN_DISTANCE_AVG,OK,4.289,,,0,robots_sampled=6
338.000,original,-,robot1,MIN_DISTANCE,OK,1.474,4.289,,0,nearest_robot=robot5
338.000,original,-,robot2,MIN_DISTANCE,OK,9.921,4.289,,0,nearest_robot=robot6
338.000,original,-,robot3,MIN_DISTANCE,OK,1.473,4.289,,0,nearest_robot=robot4
338.000,original,-,robot4,MIN_DISTANCE,OK,1.473,4.289,,0,nearest_robot=robot3
338.000,original,-,robot5,MIN_DISTANCE,OK,1.474,4.289,,0,nearest_robot=robot1
338.000,original,-,robot6,MIN_DISTANCE,OK,9.921,4.289,,0,nearest_robot=robot2
338.000,original,-,fleet,MIN_DISTANCE_AVG,OK,4.289,,,0,robots_sampled=6
339.000,original,-,robot1,MIN_DISTANCE,OK,1.474,4.289,,0,nearest_robot=robot5
339.000,original,-,robot2,MIN_DISTANCE,OK,9.921,4.289,,0,nearest_robot=robot6
339.000,original,-,robot3,MIN_DISTANCE,OK,1.474,4.289,,0,nearest_robot=robot4
339.000,original,-,robot4,MIN_DISTANCE,OK,1.474,4.289,,0,nearest_robot=robot3
339.000,original,-,robot5,MIN_DISTANCE,OK,1.474,4.289,,0,nearest_robot=robot1
339.000,original,-,robot6,MIN_DISTANCE,OK,9.921,4.289,,0,nearest_robot=robot2
339.000,original,-,fleet,MIN_DISTANCE_AVG,OK,4.289,,,0,robots_sampled=6
340.000,original,-,robot1,MIN_DISTANCE,OK,1.474,4.290,,0,nearest_robot=robot5
340.000,original,-,robot2,MIN_DISTANCE,OK,9.921,4.290,,0,nearest_robot=robot6
340.000,original,-,robot3,MIN_DISTANCE,OK,1.474,4.290,,0,nearest_robot=robot4
340.000,original,-,robot4,MIN_DISTANCE,OK,1.474,4.290,,0,nearest_robot=robot3
340.000,original,-,robot5,MIN_DISTANCE,OK,1.474,4.290,,0,nearest_robot=robot1
340.000,original,-,robot6,MIN_DISTANCE,OK,9.921,4.290,,0,nearest_robot=robot2
340.000,original,-,fleet,MIN_DISTANCE_AVG,OK,4.290,,,0,robots_sampled=6
340.690,original,-,fleet,CHOMP_TIME_FULL,OK,,25.680,,0,iterations=100;iterations_executed=100;source=algorithm;round_trip=25.704400
