timestamp,run_id,task_id,robot_id,event,status,allocation_cost,duration,path,collision_flag,message
276.000,ours,-,robot1,MIN_DISTANCE,OK,12.416,10.587,,0,nearest_robot=robot6
276.000,ours,-,robot2,MIN_DISTANCE,OK,12.510,10.587,,0,nearest_robot=robot1
276.000,ours,-,robot3,MIN_DISTANCE,OK,6.490,10.587,,0,nearest_robot=robot4
276.000,ours,-,robot4,MIN_DISTANCE,OK,6.490,10.587,,0,nearest_robot=robot3
276.000,ours,-,robot5,MIN_DISTANCE,OK,13.200,10.587,,0,nearest_robot=robot4
276.000,ours,-,robot6,MIN_DISTANCE,OK,12.416,10.587,,0,nearest_robot=robot1
276.000,ours,-,fleet,MIN_DISTANCE_AVG,OK,10.587,,,0,robots_sampled=6
277.000,ours,-,robot1,MIN_DISTANCE,OK,12.416,10.587,,0,nearest_robot=robot6
277.000,ours,-,robot2,MIN_DISTANCE,OK,12.510,10.587,,0,nearest_robot=robot1
277.000,ours,-,robot3,MIN_DISTANCE,OK,6.490,10.587,,0,nearest_robot=robot4
277.000,ours,-,robot4,MIN_DISTANCE,OK,6.490,10.587,,0,nearest_robot=robot3
277.000,ours,-,robot5,MIN_DISTANCE,OK,13.200,10.587,,0,nearest_robot=robot4
277.000,ours,-,robot6,MIN_DISTANCE,OK,12.416,10.587,,0,nearest_robot=robot1
277.000,ours,-,fleet,MIN_DISTANCE_AVG,OK,10.587,,,0,robots_sampled=6
278.000,ours,-,robot1,MIN_DISTANCE,OK,12.416,10.587,,0,nearest_robot=robot6
278.000,ours,-,robot2,MIN_DISTANCE,OK,12.510,10.587,,0,nearest_robot=robot1
278.000,ours,-,robot3,MIN_DISTANCE,OK,6.490,10.587,,0,nearest_robot=robot4
278.000,ours,-,robot4,MIN_DISTANCE,OK,6.490,10.587,,0,nearest_robot=robot3
278.000,ours,-,robot5,MIN_DISTANCE,OK,13.200,10.587,,0,nearest_robot=robot4
278.000,ours,-,robot6,MIN_DISTANCE,OK,12.416,10.587,,0,nearest_robot=robot1
278.000,ours,-,fleet,MIN_DISTANCE_AVG,OK,10.587,,,0,robots_sampled=6
279.000,ours,-,robot1,MIN_DISTANCE,OK,12.416,10.587,,0,nearest_robot=robot6
279.000,ours,-,robot2,MIN_DISTANCE,OK,12.510,10.587,,0,nearest_robot=robot1
279.000,ours,-,robot3,MIN_DISTANCE,OK,6.490,10.587,,0,nearest_robot=robot4
279.000,ours,-,robot4,MIN_DISTANCE,OK,6.490,10.587,,0,nearest_robot=robot3
279.000,ours,-,robot5,MIN_DISTANCE,OK,13.200,10.587,,0,nearest_robot=robot4
279.000,ours,-,robot6,MIN_DISTANCE,OK,12.416,10.587,,0,nearest_robot=robot1
279.000,ours,-,fleet,MIN_DISTANCE_AVG,OK,10.587,,,0,robots_sampled=6
280.000,ours,-,robot1,MIN_DISTANCE,OK,12.416,10.587,,0,nearest_robot=robot6
280.000,ours,-,robot2,MIN_DISTANCE,OK,12.510,10.587,,0,nearest_robot=robot1
280.000,ours,-,robot3,MIN_DISTANCE,OK,6.490,10.587,,0,nearest_robot=robot4
280.000,ours,-,robot4,MIN_DISTANCE,OK,6.490,10.587,,0,nearest_robot=robot3
280.000,ours,-,robot5,MIN_DISTANCE,OK,13.200,10.587,,0,nearest_robot=robot4
280.000,ours,-,robot6,MIN_DISTANCE,OK,12.416,10.587,,0,nearest_robot=robot1
280.000,ours,-,fleet,MIN_DISTANCE_AVG,OK,10.587,,,0,robots_sampled=6
281.000,ours,-,robot1,MIN_DISTANCE,OK,12.416,10.587,,0,nearest_robot=robot6
281.000,ours,-,robot2,MIN_DISTANCE,OK,12.510,10.587,,0,nearest_robot=robot1
281.000,ours,-,robot3,MIN_DISTANCE,OK,6.490,10.587,,0,nearest_robot=robot4
281.000,ours,-,robot4,MIN_DISTANCE,OK,6.490,10.587,,0,nearest_robot=robot3
281.000,ours,-,robot5,MIN_DISTANCE,OK,13.200,10.587,,0,nearest_robot=robot4
281.000,ours,-,robot6,MIN_DISTANCE,OK,12.416,10.587,,0,nearest_robot=robot1
281.000,ours,-,fleet,MIN_DISTANCE_AVG,OK,10.587,,,0,robots_sampled=6
282.000,ours,-,robot1,MIN_DISTANCE,OK,12.416,10.587,,0,nearest_robot=robot6
282.000,ours,-,robot2,MIN_DISTANCE,OK,12.510,10.587,,0,nearest_robot=robot1
282.000,ours,-,robot3,MIN_DISTANCE,OK,6.490,10.587,,0,nearest_robot=robot4
282.000,ours,-,robot4,MIN_DISTANCE,OK,6.490,10.587,,0,nearest_robot=robot3
282.000,ours,-,robot5,MIN_DISTANCE,OK,13.200,10.587,,0,nearest_robot=robot4
282.000,ours,-,robot6,MIN_DISTANCE,OK,12.416,10.587,,0,nearest_robot=robot1
282.000,ours,-,fleet,MIN_DISTANCE_AVG,OK,10.587,,,0,robots_sampled=6
283.000,ours,-,robot1,MIN_DISTANCE,OK,12.416,10.587,,0,nearest_robot=robot6
283.000,ours,-,robot2,MIN_DISTANCE,OK,12.510,10.587,,0,nearest_robot=robot1
283.000,ours,-,robot3,MIN_DISTANCE,OK,6.490,10.587,,0,nearest_robot=robot4
283.000,ours,-,robot4,MIN_DISTANCE,OK,6.490,10.587,,0,nearest_robot=robot3
283.000,ours,-,robot5,MIN_DISTANCE,OK,13.200,10.587,,0,nearest_robot=robot4
283.000,ours,-,robot6,MIN_DISTANCE,OK,12.416,10.587,,0,nearest_robot=robot1
283.000,ours,-,fleet,MIN_DISTANCE_AVG,OK,10.587,,,0,robots_sampled=6
284.000,ours,-,robot1,MIN_DISTANCE,OK,12.416,10.587,,0,nearest_robot=robot6
284.000,ours,-,robot2,MIN_DISTANCE,OK,12.510,10.587,,0,nearest_robot=robot1
284.000,ours,-,robot3,MIN_DISTANCE,OK,6.490,10.587,,0,nearest_robot=robot4
284.000,ours,-,robot4,MIN_DISTANCE,OK,6.490,10.587,,0,nearest_robot=robot3
284.000,ours,-,robot5,MIN_DISTANCE,OK,13.200,10.587,,0,nearest_robot=robot4
284.000,ours,-,robot6,MIN_DISTANCE,OK,12.416,10.587,,0,nearest_robot=robot1
284.000,ours,-,fleet,MIN_DISTANCE_AVG,OK,10.587,,,0,robots_sampled=6
285.000,ours,-,robot1,MIN_DISTANCE,OK,12.416,10.587,,0,nearest_robot=robot6
285.000,ours,-,robot2,MIN_DISTANCE,OK,12.510,10.587,,0,nearest_robot=robot1
285.000,ours,-,robot3,MIN_DISTANCE,OK,6.490,10.587,,0,nearest_robot=robot4
285.000,ours,-,robot4,MIN_DISTANCE,OK,6.490,10.587,,0,nearest_robot=robot3
285.000,ours,-,robot5,MIN_DISTANCE,OK,13.200,10.587,,0,nearest_robot=robot4
285.000,ours,-,robot6,MIN_DISTANCE,OK,12.416,10.587,,0,nearest_robot=robot1
285.000,ours,-,fleet,MIN_DISTANCE_AVG,OK,10.587,,,0,robots_sampled=6
286.000,ours,-,robot1,MIN_DISTANCE,OK,12.416,10.587,,0,nearest_robot=robot6
286.000,ours,-,robot2,MIN_DISTANCE,OK,12.510,10.587,,0,nearest_robot=robot1
286.000,ours,-,robot3,MIN_DISTANCE,OK,6.490,10.587,,0,nearest_robot=robot4
286.000,ours,-,robot4,MIN_DISTANCE,OK,6.490,10.587,,0,nearest_robot=robot3
286.000,ours,-,robot5,MIN_DISTANCE,OK,13.200,10.587,,0,nearest_robot=robot4
286.000,ours,-,robot6,MIN_DISTANCE,OK,12.416,10.587,,0,nearest_robot=robot1
286.000,ours,-,fleet,MIN_DISTANCE_AVG,OK,10.587,,,0,robots_sampled=6
287.000,ours,-,robot1,MIN_DISTANCE,OK,12.416,10.587,,0,nearest_robot=robot6
287.000,ours,-,robot2,MIN_DISTANCE,OK,12.510,10.587,,0,nearest_robot=robot1
287.000,ours,-,robot3,MIN_DISTANCE,OK,6.490,10.587,,0,nearest_robot=robot4
287.000,ours,-,robot4,MIN_DISTANCE,OK,6.490,10.587,,0,nearest_robot=robot3
287.000,ours,-,robot5,MIN_DISTANCE,OK,13.200,10.587,,0,nearest_robot=robot4
287.000,ours,-,robot6,MIN_DISTANCE,OK,12.416,10.587,,0,nearest_robot=robot1
287.000,ours,-,fleet,MIN_DISTANCE_AVG,OK,10.587,,,0,robots_sampled=6
288.000,ours,-,robot1,MIN_DISTANCE,OK,12.416,10.587,,0,nearest_robot=robot6
288.000,ours,-,robot2,MIN_DISTANCE,OK,12.510,10.587,,0,nearest_robot=robot1
288.000,ours,-,robot3,MIN_DISTANCE,OK,6.490,10.587,,0,nearest_robot=robot4
288.000,ours,-,robot4,MIN_DISTANCE,OK,6.490,10.587,,0,nearest_robot=robot3
288.000,ours,-,robot5,MIN_DISTANCE,OK,13.200,10.587,,0,nearest_robot=robot4
288.000,ours,-,robot6,MIN_DISTANCE,OK,12.416,10.587,,0,nearest_robot=robot1
288.000,ours,-,fleet,MIN_DISTANCE_AVG,OK,10.587,,,0,robots_sampled=6
289.000,ours,-,robot1,MIN_DISTANCE,OK,12.416,10.587,,0,nearest_robot=robot6
289.000,ours,-,robot2,MIN_DISTANCE,OK,12.510,10.587,,0,nearest_robot=robot1
289.000,ours,-,robot3,MIN_DISTANCE,OK,6.490,10.587,,0,nearest_robot=robot4
289.000,ours,-,robot4,MIN_DISTANCE,OK,6.490,10.587,,0,nearest_robot=robot3
289.000,ours,-,robot5,MIN_DISTANCE,OK,13.200,10.587,,0,nearest_robot=robot4
289.000,ours,-,robot6,MIN_DISTANCE,OK,12.416,10.587,,0,nearest_robot=robot1
289.000,ours,-,fleet,MIN_DISTANCE_AVG,OK,10.587,,,0,robots_sampled=6
290.000,ours,-,robot1,MIN_DISTANCE,OK,12.416,10.587,,0,nearest_robot=robot6
290.000,ours,-,robot2,MIN_DISTANCE,OK,12.510,10.587,,0,nearest_robot=robot1
290.000,ours,-,robot3,MIN_DISTANCE,OK,6.490,10.587,,0,nearest_robot=robot4
290.000,ours,-,robot4,MIN_DISTANCE,OK,6.490,10.587,,0,nearest_robot=robot3
290.000,ours,-,robot5,MIN_DISTANCE,OK,13.200,10.587,,0,nearest_robot=robot4
290.000,ours,-,robot6,MIN_DISTANCE,OK,12.416,10.587,,0,nearest_robot=robot1
290.000,ours,-,fleet,MIN_DISTANCE_AVG,OK,10.587,,,0,robots_sampled=6
291.000,ours,-,robot1,MIN_DISTANCE,OK,12.416,10.587,,0,nearest_robot=robot6
291.000,ours,-,robot2,MIN_DISTANCE,OK,12.510,10.587,,0,nearest_robot=robot1
291.000,ours,-,robot3,MIN_DISTANCE,OK,6.490,10.587,,0,nearest_robot=robot4
291.000,ours,-,robot4,MIN_DISTANCE,OK,6.490,10.587,,0,nearest_robot=robot3
291.000,ours,-,robot5,MIN_DISTANCE,OK,13.200,10.587,,0,nearest_robot=robot4
291.000,ours,-,robot6,MIN_DISTANCE,OK,12.416,10.587,,0,nearest_robot=robot1
291.000,ours,-,fleet,MIN_DISTANCE_AVG,OK,10.587,,,0,robots_sampled=6
292.000,ours,-,robot1,MIN_DISTANCE,OK,12.416,10.587,,0,nearest_robot=robot6
292.000,ours,-,robot2,MIN_DISTANCE,OK,12.510,10.587,,0,nearest_robot=robot1
292.000,ours,-,robot3,MIN_DISTANCE,OK,6.490,10.587,,0,nearest_robot=robot4
292.000,ours,-,robot4,MIN_DISTANCE,OK,6.490,10.587,,0,nearest_robot=robot3
292.000,ours,-,robot5,MIN_DISTANCE,OK,13.200,10.587,,0,nearest_robot=robot4
292.000,ours,-,robot6,MIN_DISTANCE,OK,12.416,10.587,,0,nearest_robot=robot1
292.000,ours,-,fleet,MIN_DISTANCE_AVG,OK,10.587,,,0,robots_sampled=6
293.000,ours,-,robot1,MIN_DISTANCE,OK,12.416,10.587,,0,nearest_robot=robot6
293.000,ours,-,robot2,MIN_DISTANCE,OK,12.510,10.587,,0,nearest_robot=robot1
293.000,ours,-,robot3,MIN_DISTANCE,OK,6.490,10.587,,0,nearest_robot=robot4
293.000,ours,-,robot4,MIN_DISTANCE,OK,6.490,10.587,,0,nearest_robot=robot3
293.000,ours,-,robot5,MIN_DISTANCE,OK,13.200,10.587,,0,nearest_robot=robot4
293.000,ours,-,robot6,MIN_DISTANCE,OK,12.416,10.587,,0,nearest_robot=robot1
293.000,ours,-,fleet,MIN_DISTANCE_AVG,OK,10.587,,,0,robots_sampled=6
294.000,ours,-,robot1,MIN_DISTANCE,OK,12.416,10.587,,0,nearest_robot=robot6
294.000,ours,-,robot2,MIN_DISTANCE,OK,12.510,10.587,,0,nearest_robot=robot1
294.000,ours,-,robot3,MIN_DISTANCE,OK,6.490,10.587,,0,nearest_robot=robot4
294.000,ours,-,robot4,MIN_DISTANCE,OK,6.490,10.587,,0,nearest_robot=robot3
294.000,ours,-,robot5,MIN_DISTANCE,OK,13.200,10.587,,0,nearest_robot=robot4
294.000,ours,-,robot6,MIN_DISTANCE,OK,12.416,10.587,,0,nearest_robot=robot1
294.000,ours,-,fleet,MIN_DISTANCE_AVG,OK,10.587,,,0,robots_sampled=6
295.000,ours,-,robot1,MIN_DISTANCE,OK,12.416,10.587,,0,nearest_robot=robot6
295.000,ours,-,robot2,MIN_DISTANCE,OK,12.510,10.587,,0,nearest_robot=robot1
295.000,ours,-,robot3,MIN_DISTANCE,OK,6.490,10.587,,0,nearest_robot=robot4
295.000,ours,-,robot4,MIN_DISTANCE,OK,6.490,10.587,,0,nearest_robot=robot3
295.000,ours,-,robot5,MIN_DISTANCE,OK,13.200,10.587,,0,nearest_robot=robot4
295.000,ours,-,robot6,MIN_DISTANCE,OK,12.416,10.587,,0,nearest_robot=robot1
295.000,ours,-,fleet,MIN_DISTANCE_AVG,OK,10.587,,,0,robots_sampled=6
296.000,ours,-,robot1,MIN_DISTANCE,OK,12.416,10.587,,0,nearest_robot=robot6
296.000,ours,-,robot2,MIN_DISTANCE,OK,12.510,10.587,,0,nearest_robot=robot1
296.000,ours,-,robot3,MIN_DISTANCE,OK,6.490,10.587,,0,nearest_robot=robot4
296.000,ours,-,robot4,MIN_DISTANCE,OK,6.490,10.587,,0,nearest_robot=robot3
296.000,ours,-,robot5,MIN_DISTANCE,OK,13.200,10.587,,0,nearest_robot=robot4
296.000,ours,-,robot6,MIN_DISTANCE,OK,12.416,10.587,,0,nearest_robot=robot1
296.000,ours,-,fleet,MIN_DISTANCE_AVG,OK,10.587,,,0,robots_sampled=6
297.000,ours,-,robot1,MIN_DISTANCE,OK,12.416,10.587,,0,nearest_robot=robot6
297.000,ours,-,robot2,MIN_DISTANCE,OK,12.510,10.587,,0,nearest_robot=robot1
297.000,ours,-,robot3,MIN_DISTANCE,OK,6.490,10.587,,0,nearest_robot=robot4
297.000,ours,-,robot4,MIN_DISTANCE,OK,6.490,10.587,,0,nearest_robot=robot3
297.000,ours,-,robot5,MIN_DISTANCE,OK,13.200,10.587,,0,nearest_robot=robot4
297.000,ours,-,robot6,MIN_DISTANCE,OK,12.416,10.587,,0,nearest_robot=robot1
297.000,ours,-,fleet,MIN_DISTANCE_AVG,OK,10.587,,,0,robots_sampled=6
298.000,ours,-,robot1,MIN_DISTANCE,OK,12.416,10.587,,0,nearest_robot=robot6
298.000,ours,-,robot2,MIN_DISTANCE,OK,12.510,10.587,,0,nearest_robot=robot1
298.000,ours,-,robot3,MIN_DISTANCE,OK,6.490,10.587,,0,nearest_robot=robot4
298.000,ours,-,robot4,MIN_DISTANCE,OK,6.490,10.587,,0,nearest_robot=robot3
298.000,ours,-,robot5,MIN_DISTANCE,OK,13.200,10.587,,0,nearest_robot=robot4
298.000,ours,-,robot6,MIN_DISTANCE,OK,12.416,10.587,,0,nearest_robot=robot1
298.000,ours,-,fleet,MIN_DISTANCE_AVG,OK,10.587,,,0,robots_sampled=6
299.000,ours,-,robot1,MIN_DISTANCE,OK,12.416,10.587,,0,nearest_robot=robot6
299.000,ours,-,robot2,MIN_DISTANCE,OK,12.510,10.587,,0,nearest_robot=robot1
299.000,ours,-,robot3,MIN_DISTANCE,OK,6.490,10.587,,0,nearest_robot=robot4
299.000,ours,-,robot4,MIN_DISTANCE,OK,6.490,10.587,,0,nearest_robot=robot3
299.000,ours,-,robot5,MIN_DISTANCE,OK,13.200,10.587,,0,nearest_robot=robot4
299.000,ours,-,robot6,MIN_DISTANCE,OK,12.416,10.587,,0,nearest_robot=robot1
299.000,ours,-,fleet,MIN_DISTANCE_AVG,OK,10.587,,,0,robots_sampled=6
300.000,ours,-,robot1,MIN_DISTANCE,OK,12.416,10.587,,0,nearest_robot=robot6
300.000,ours,-,robot2,MIN_DISTANCE,OK,12.510,10.587,,0,nearest_robot=robot1
300.000,ours,-,robot3,MIN_DISTANCE,OK,6.490,10.587,,0,nearest_robot=robot4
300.000,ours,-,robot4,MIN_DISTANCE,OK,6.490,10.587,,0,nearest_robot=robot3
300.000,ours,-,robot5,MIN_DISTANCE,OK,13.200,10.587,,0,nearest_robot=robot4
300.000,ours,-,robot6,MIN_DISTANCE,OK,12.416,10.587,,0,nearest_robot=robot1
300.000,ours,-,fleet,MIN_DISTANCE_AVG,OK,10.587,,,0,robots_sampled=6
300.020,ours,-,fleet,CHOMP_TIME_FULL,OK,,4.130,,0,iterations=100;iterations_executed=100;source=algorithm;round_trip=4.163426
301.000,ours,-,robot1,MIN_DISTANCE,OK,12.299,10.512,,0,nearest_robot=robot6
301.000,ours,-,robot2,MIN_DISTANCE,OK,12.479,10.512,,0,nearest_robot=robot1
301.000,ours,-,robot3,MIN_DISTANCE,OK,6.363,10.512,,0,nearest_robot=robot4
301.000,ours,-,robot4,MIN_DISTANCE,OK,6.363,10.512,,0,nearest_robot=robot3
301.000,ours,-,robot5,MIN_DISTANCE,OK,13.267,10.512,,0,nearest_robot=robot4
301.000,ours,-,robot6,MIN_DISTANCE,OK,12.299,10.512,,0,nearest_robot=robot1
301.000,ours,-,fleet,MIN_DISTANCE_AVG,OK,10.512,,,0,robots_sampled=6
302.000,ours,-,robot1,MIN_DISTANCE,OK,11.993,10.376,,0,nearest_robot=robot6
302.000,ours,-,robot2,MIN_DISTANCE,OK,12.563,10.376,,0,nearest_robot=robot1
302.000,ours,-,robot3,MIN_DISTANCE,OK,6.242,10.376,,0,nearest_robot=robot4
302.000,ours,-,robot4,MIN_DISTANCE,OK,6.242,10.376,,0,nearest_robot=robot3
302.000,ours,-,robot5,MIN_DISTANCE,OK,13.223,10.376,,0,nearest_robot=robot4
302.000,ours,-,robot6,MIN_DISTANCE,OK,11.993,10.376,,0,nearest_robot=robot1
302.000,ours,-,fleet,MIN_DISTANCE_AVG,OK,10.376,,,0,robots_sampled=6
303.000,ours,-,robot1,MIN_DISTANCE,OK,11.879,10.315,,0,nearest_robot=robot6
303.000,ours,-,robot2,MIN_DISTANCE,OK,12.871,10.315,,0,nearest_robot=robot1
303.000,ours,-,robot3,MIN_DISTANCE,OK,6.128,10.315,,0,nearest_robot=robot4
303.000,ours,-,robot4,MIN_DISTANCE,OK,6.128,10.315,,0,nearest_robot=robot3
303.000,ours,-,robot5,MIN_DISTANCE,OK,13.003,10.315,,0,nearest_robot=robot4
303.000,ours,-,robot6,MIN_DISTANCE,OK,11.879,10.315,,0,nearest_robot=robot1
303.000,ours,-,fleet,MIN_DISTANCE_AVG,OK,10.315,,,0,robots_sampled=6
304.000,ours,-,robot1,MIN_DISTANCE,OK,12.110,10.210,,0,nearest_robot=robot6
304.000,ours,-,robot2,MIN_DISTANCE,OK,13.018,10.210,,0,nearest_robot=robot1
304.000,ours,-,robot3,MIN_DISTANCE,OK,5.596,10.210,,0,nearest_robot=robot4
304.000,ours,-,robot4,MIN_DISTANCE,OK,5.596,10.210,,0,nearest_robot=robot3
304.000,ours,-,robot5,MIN_DISTANCE,OK,12.831,10.210,,0,nearest_robot=robot4
304.000,ours,-,robot6,MIN_DISTANCE,OK,12.110,10.210,,0,nearest_robot=robot1
304.000,ours,-,fleet,MIN_DISTANCE_AVG,OK,10.210,,,0,robots_sampled=6
305.000,ours,-,robot1,MIN_DISTANCE,OK,12.414,10.126,,0,nearest_robot=robot6
305.000,ours,-,robot2,MIN_DISTANCE,OK,13.493,10.126,,0,nearest_robot=robot1
305.000,ours,-,robot3,MIN_DISTANCE,OK,4.954,10.126,,0,nearest_robot=robot4
305.000,ours,-,robot4,MIN_DISTANCE,OK,4.954,10.126,,0,nearest_robot=robot3
305.000,ours,-,robot5,MIN_DISTANCE,OK,12.527,10.126,,0,nearest_robot=robot4
305.000,ours,-,robot6,MIN_DISTANCE,OK,12.414,10.126,,0,nearest_robot=robot1
305.000,ours,-,fleet,MIN_DISTANCE_AVG,OK,10.126,,,0,robots_sampled=6
305.210,ours,-,fleet,CHOMP_TIME_FULL,OK,,4.492,,0,iterations=100;iterations_executed=100;source=algorithm;round_trip=4.515780
305.910,ours,-,fleet,CHOMP_TIME_PARTIAL,OK,,0.427,,0,iterations=10;iterations_executed=10;source=algorithm;round_trip=0.444784
306.000,ours,-,robot1,MIN_DISTANCE,OK,12.433,9.952,,0,nearest_robot=robot6
306.000,ours,-,robot2,MIN_DISTANCE,OK,13.708,9.952,,0,nearest_robot=robot3
306.000,ours,-,robot3,MIN_DISTANCE,OK,4.374,9.952,,0,nearest_robot=robot4
306.000,ours,-,robot4,MIN_DISTANCE,OK,4.374,9.952,,0,nearest_robot=robot3
306.000,ours,-,robot5,MIN_DISTANCE,OK,12.386,9.952,,0,nearest_robot=robot4
306.000,ours,-,robot6,MIN_DISTANCE,OK,12.433,9.952,,0,nearest_robot=robot1
306.000,ours,-,fleet,MIN_DISTANCE_AVG,OK,9.952,,,0,robots_sampled=6
306.500,ours,-,fleet,CHOMP_TIME_PARTIAL,OK,,0.514,,0,iterations=10;iterations_executed=10;source=algorithm;round_trip=0.532298
307.000,ours,-,robot1,MIN_DISTANCE,OK,12.301,9.568,,0,nearest_robot=robot6
307.000,ours,-,robot2,MIN_DISTANCE,OK,13.192,9.568,,0,nearest_robot=robot6
307.000,ours,-,robot3,MIN_DISTANCE,OK,3.657,9.568,,0,nearest_robot=robot4
307.000,ours,-,robot4,MIN_DISTANCE,OK,3.657,9.568,,0,nearest_robot=robot3
307.000,ours,-,robot5,MIN_DISTANCE,OK,12.299,9.568,,0,nearest_robot=robot4
307.000,ours,-,robot6,MIN_DISTANCE,OK,12.301,9.568,,0,nearest_robot=robot1
307.000,ours,-,fleet,MIN_DISTANCE_AVG,OK,9.568,,,0,robots_sampled=6
307.450,ours,-,fleet,CHOMP_TIME_PARTIAL,OK,,0.461,,0,iterations=10;iterations_executed=10;source=algorithm;round_trip=0.484906
307.960,ours,-,fleet,CHOMP_TIME_PARTIAL,OK,,0.484,,0,iterations=10;iterations_executed=10;source=algorithm;round_trip=0.502781
308.000,ours,-,robot1,MIN_DISTANCE,OK,12.296,9.236,,0,nearest_robot=robot6
308.000,ours,-,robot2,MIN_DISTANCE,OK,12.638,9.236,,0,nearest_robot=robot6
308.000,ours,-,robot3,MIN_DISTANCE,OK,3.039,9.236,,0,nearest_robot=robot4
308.000,ours,-,robot4,MIN_DISTANCE,OK,3.039,9.236,,0,nearest_robot=robot3
308.000,ours,-,robot5,MIN_DISTANCE,OK,12.110,9.236,,0,nearest_robot=robot4
308.000,ours,-,robot6,MIN_DISTANCE,OK,12.296,9.236,,0,nearest_robot=robot1
308.000,ours,-,fleet,MIN_DISTANCE_AVG,OK,9.236,,,0,robots_sampled=6
308.460,ours,-,fleet,CHOMP_TIME_PARTIAL,OK,,0.483,,0,iterations=10;iterations_executed=10;source=algorithm;round_trip=0.507696
308.950,ours,-,fleet,CHOMP_TIME_PARTIAL,OK,,0.479,,0,iterations=10;iterations_executed=10;source=algorithm;round_trip=0.503681
309.000,ours,-,robot1,MIN_DISTANCE,OK,12.458,8.969,,0,nearest_robot=robot6
309.000,ours,-,robot2,MIN_DISTANCE,OK,12.218,8.969,,0,nearest_robot=robot6
309.000,ours,-,robot3,MIN_DISTANCE,OK,2.560,8.969,,0,nearest_robot=robot4
309.000,ours,-,robot4,MIN_DISTANCE,OK,2.560,8.969,,0,nearest_robot=robot3
309.000,ours,-,robot5,MIN_DISTANCE,OK,11.801,8.969,,0,nearest_robot=robot4
309.000,ours,-,robot6,MIN_DISTANCE,OK,12.218,8.969,,0,nearest_robot=robot2
309.000,ours,-,fleet,MIN_DISTANCE_AVG,OK,8.969,,,0,robots_sampled=6
309.450,ours,-,fleet,CHOMP_TIME_PARTIAL,OK,,0.473,,0,iterations=10;iterations_executed=10;source=algorithm;round_trip=0.492792
309.940,ours,-,fleet,CHOMP_TIME_PARTIAL,OK,,0.461,,0,iterations=10;iterations_executed=10;source=algorithm;round_trip=0.480865
310.000,ours,-,robot1,MIN_DISTANCE,OK,12.732,8.761,,0,nearest_robot=robot6
310.000,ours,-,robot2,MIN_DISTANCE,OK,12.011,8.761,,0,nearest_robot=robot6
310.000,ours,-,robot3,MIN_DISTANCE,OK,2.192,8.761,,0,nearest_robot=robot4
310.000,ours,-,robot4,MIN_DISTANCE,OK,2.192,8.761,,0,nearest_robot=robot3
310.000,ours,-,robot5,MIN_DISTANCE,OK,11.430,8.761,,0,nearest_robot=robot4
310.000,ours,-,robot6,MIN_DISTANCE,OK,12.011,8.761,,0,nearest_robot=robot2
310.000,ours,-,fleet,MIN_DISTANCE_AVG,OK,8.761,,,0,robots_sampled=6
310.430,ours,-,fleet,CHOMP_TIME_PARTIAL,OK,,0.443,,0,iterations=10;iterations_executed=10;source=algorithm;round_trip=0.460417
310.940,ours,-,fleet,CHOMP_TIME_PARTIAL,OK,,0.463,,0,iterations=10;iterations_executed=10;source=algorithm;round_trip=0.478268
311.000,ours,-,robot1,MIN_DISTANCE,OK,13.077,8.542,,0,nearest_robot=robot6
311.000,ours,-,robot2,MIN_DISTANCE,OK,11.745,8.542,,0,nearest_robot=robot6
311.000,ours,-,robot3,MIN_DISTANCE,OK,1.917,8.542,,0,nearest_robot=robot4
311.000,ours,-,robot4,MIN_DISTANCE,OK,1.917,8.542,,0,nearest_robot=robot3
311.000,ours,-,robot5,MIN_DISTANCE,OK,11.167,8.542,,0,nearest_robot=robot4
311.000,ours,-,robot6,MIN_DISTANCE,OK,11.428,8.542,,0,nearest_robot=robot5
311.000,ours,-,fleet,MIN_DISTANCE_AVG,OK,8.542,,,0,robots_sampled=6
311.430,ours,-,fleet,CHOMP_TIME_PARTIAL,OK,,0.430,,0,iterations=10;iterations_executed=10;source=algorithm;round_trip=0.449990
311.990,ours,-,fleet,CHOMP_TIME_PARTIAL,OK,,0.503,,0,iterations=10;iterations_executed=10;source=algorithm;round_trip=0.524215
312.000,ours,-,robot1,MIN_DISTANCE,OK,13.483,8.251,,0,nearest_robot=robot6
312.000,ours,-,robot2,MIN_DISTANCE,OK,11.301,8.251,,0,nearest_robot=robot6
312.000,ours,-,robot3,MIN_DISTANCE,OK,1.791,8.251,,0,nearest_robot=robot4
312.000,ours,-,robot4,MIN_DISTANCE,OK,1.791,8.251,,0,nearest_robot=robot3
312.000,ours,-,robot5,MIN_DISTANCE,OK,10.571,8.251,,0,nearest_robot=robot6
312.000,ours,-,robot6,MIN_DISTANCE,OK,10.571,8.251,,0,nearest_robot=robot5
312.000,ours,-,fleet,MIN_DISTANCE_AVG,OK,8.251,,,0,robots_sampled=6
312.450,ours,-,fleet,CHOMP_TIME_PARTIAL,OK,,0.468,,0,iterations=10;iterations_executed=10;source=algorithm;round_trip=0.492170
312.980,ours,-,fleet,CHOMP_TIME_PARTIAL,OK,,0.499,,0,iterations=10;iterations_executed=10;source=algorithm;round_trip=0.516967
313.000,ours,-,robot1,MIN_DISTANCE,OK,13.862,7.923,,0,nearest_robot=robot6
313.000,ours,-,robot2,MIN_DISTANCE,OK,10.936,7.923,,0,nearest_robot=robot6
313.000,ours,-,robot3,MIN_DISTANCE,OK,1.648,7.923,,0,nearest_robot=robot4
313.000,ours,-,robot4,MIN_DISTANCE,OK,1.648,7.923,,0,nearest_robot=robot3
313.000,ours,-,robot5,MIN_DISTANCE,OK,9.722,7.923,,0,nearest_robot=robot6
313.000,ours,-,robot6,MIN_DISTANCE,OK,9.722,7.923,,0,nearest_robot=robot5
313.000,ours,-,fleet,MIN_DISTANCE_AVG,OK,7.923,,,0,robots_sampled=6
313.460,ours,-,fleet,CHOMP_TIME_PARTIAL,OK,,0.485,,0,iterations=10;iterations_executed=10;source=algorithm;round_trip=0.502899
313.970,ours,-,fleet,CHOMP_TIME_PARTIAL,OK,,0.483,,0,iterations=10;iterations_executed=10;source=algorithm;round_trip=0.502345
314.000,ours,-,robot1,MIN_DISTANCE,OK,14.404,7.669,,0,nearest_robot=robot6
314.000,ours,-,robot2,MIN_DISTANCE,OK,10.889,7.669,,0,nearest_robot=robot6
314.000,ours,-,robot3,MIN_DISTANCE,OK,1.459,7.669,,0,nearest_robot=robot4
314.000,ours,-,robot4,MIN_DISTANCE,OK,1.459,7.669,,0,nearest_robot=robot3
314.000,ours,-,robot5,MIN_DISTANCE,OK,8.902,7.669,,0,nearest_robot=robot6
314.000,ours,-,robot6,MIN_DISTANCE,OK,8.902,7.669,,0,nearest_robot=robot5
314.000,ours,-,fleet,MIN_DISTANCE_AVG,OK,7.669,,,0,robots_sampled=6
314.460,ours,-,fleet,CHOMP_TIME_PARTIAL,OK,,0.478,,0,iterations=10;iterations_executed=10;source=algorithm;round_trip=0.495584
314.970,ours,-,fleet,CHOMP_TIME_PARTIAL,OK,,0.488,,0,iterations=10;iterations_executed=10;source=algorithm;round_trip=0.507159
315.000,ours,-,robot1,MIN_DISTANCE,OK,15.082,7.517,,0,nearest_robot=robot2
315.000,ours,-,robot2,MIN_DISTANCE,OK,10.878,7.517,,0,nearest_robot=robot6
315.000,ours,-,robot3,MIN_DISTANCE,OK,1.409,7.517,,0,nearest_robot=robot4
315.000,ours,-,robot4,MIN_DISTANCE,OK,1.409,7.517,,0,nearest_robot=robot3
315.000,ours,-,robot5,MIN_DISTANCE,OK,8.161,7.517,,0,nearest_robot=robot6
315.000,ours,-,robot6,MIN_DISTANCE,OK,8.161,7.517,,0,nearest_robot=robot5
315.000,ours,-,fleet,MIN_DISTANCE_AVG,OK,7.517,,,0,robots_sampled=6
315.500,ours,-,fleet,CHOMP_TIME_PARTIAL,OK,,0.549,,0,iterations=10;iterations_executed=10;source=algorithm;round_trip=0.571446
316.000,ours,-,robot1,MIN_DISTANCE,OK,15.437,7.348,,0,nearest_robot=robot2
316.000,ours,-,robot2,MIN_DISTANCE,OK,10.888,7.348,,0,nearest_robot=robot6
316.000,ours,-,robot3,MIN_DISTANCE,OK,1.420,7.348,,0,nearest_robot=robot4
316.000,ours,-,robot4,MIN_DISTANCE,OK,1.420,7.348,,0,nearest_robot=robot3
316.000,ours,-,robot5,MIN_DISTANCE,OK,7.461,7.348,,0,nearest_robot=robot6
316.000,ours,-,robot6,MIN_DISTANCE,OK,7.461,7.348,,0,nearest_robot=robot5
316.000,ours,-,fleet,MIN_DISTANCE_AVG,OK,7.348,,,0,robots_sampled=6
316.420,ours,-,fleet,CHOMP_TIME_PARTIAL,OK,,0.431,,0,iterations=10;iterations_executed=10;source=algorithm;round_trip=0.450043
317.000,ours,-,robot1,MIN_DISTANCE,OK,15.744,7.219,,0,nearest_robot=robot2
317.000,ours,-,robot2,MIN_DISTANCE,OK,10.886,7.219,,0,nearest_robot=robot6
317.000,ours,-,robot3,MIN_DISTANCE,OK,1.398,7.219,,0,nearest_robot=robot4
317.000,ours,-,robot4,MIN_DISTANCE,OK,1.398,7.219,,0,nearest_robot=robot3
317.000,ours,-,robot5,MIN_DISTANCE,OK,6.944,7.219,,0,nearest_robot=robot6
317.000,ours,-,robot6,MIN_DISTANCE,OK,6.944,7.219,,0,nearest_robot=robot5
317.000,ours,-,fleet,MIN_DISTANCE_AVG,OK,7.219,,,0,robots_sampled=6
318.000,ours,-,robot1,MIN_DISTANCE,OK,16.034,7.145,,0,nearest_robot=robot2
318.000,ours,-,robot2,MIN_DISTANCE,OK,10.915,7.145,,0,nearest_robot=robot6
318.000,ours,-,robot3,MIN_DISTANCE,OK,1.396,7.145,,0,nearest_robot=robot4
318.000,ours,-,robot4,MIN_DISTANCE,OK,1.396,7.145,,0,nearest_robot=robot3
318.000,ours,-,robot5,MIN_DISTANCE,OK,6.565,7.145,,0,nearest_robot=robot6
318.000,ours,-,robot6,MIN_DISTANCE,OK,6.565,7.145,,0,nearest_robot=robot5
318.000,ours,-,fleet,MIN_DISTANCE_AVG,OK,7.145,,,0,robots_sampled=6
319.000,ours,-,robot1,MIN_DISTANCE,OK,16.348,7.049,,0,nearest_robot=robot2
319.000,ours,-,robot2,MIN_DISTANCE,OK,10.846,7.049,,0,nearest_robot=robot6
319.000,ours,-,robot3,MIN_DISTANCE,OK,1.384,7.049,,0,nearest_robot=robot4
319.000,ours,-,robot4,MIN_DISTANCE,OK,1.384,7.049,,0,nearest_robot=robot3
319.000,ours,-,robot5,MIN_DISTANCE,OK,6.167,7.049,,0,nearest_robot=robot6
319.000,ours,-,robot6,MIN_DISTANCE,OK,6.167,7.049,,0,nearest_robot=robot5
319.000,ours,-,fleet,MIN_DISTANCE_AVG,OK,7.049,,,0,robots_sampled=6
320.000,ours,-,robot1,MIN_DISTANCE,OK,16.608,6.997,,0,nearest_robot=robot2
320.000,ours,-,robot2,MIN_DISTANCE,OK,10.961,6.997,,0,nearest_robot=robot6
320.000,ours,-,robot3,MIN_DISTANCE,OK,1.421,6.997,,0,nearest_robot=robot4
320.000,ours,-,robot4,MIN_DISTANCE,OK,1.421,6.997,,0,nearest_robot=robot3
320.000,ours,-,robot5,MIN_DISTANCE,OK,5.784,6.997,,0,nearest_robot=robot6
320.000,ours,-,robot6,MIN_DISTANCE,OK,5.784,6.997,,0,nearest_robot=robot5
320.000,ours,-,fleet,MIN_DISTANCE_AVG,OK,6.997,,,0,robots_sampled=6
321.000,ours,-,robot1,MIN_DISTANCE,OK,16.816,6.898,,0,nearest_robot=robot2
321.000,ours,-,robot2,MIN_DISTANCE,OK,10.924,6.898,,0,nearest_robot=robot6
321.000,ours,-,robot3,MIN_DISTANCE,OK,1.426,6.898,,0,nearest_robot=robot4
321.000,ours,-,robot4,MIN_DISTANCE,OK,1.426,6.898,,0,nearest_robot=robot3
321.000,ours,-,robot5,MIN_DISTANCE,OK,5.397,6.898,,0,nearest_robot=robot6
321.000,ours,-,robot6,MIN_DISTANCE,OK,5.397,6.898,,0,nearest_robot=robot5
321.000,ours,-,fleet,MIN_DISTANCE_AVG,OK,6.898,,,0,robots_sampled=6
321.220,ours,-,fleet,CHOMP_TIME_FULL,OK,,4.555,,0,iterations=100;iterations_executed=100;source=algorithm;round_trip=4.578029
322.000,ours,-,robot1,MIN_DISTANCE,OK,17.039,6.770,,0,nearest_robot=robot2
322.000,ours,-,robot2,MIN_DISTANCE,OK,10.790,6.770,,0,nearest_robot=robot3
322.000,ours,-,robot3,MIN_DISTANCE,OK,1.422,6.770,,0,nearest_robot=robot4
322.000,ours,-,robot4,MIN_DISTANCE,OK,1.422,6.770,,0,nearest_robot=robot3
322.000,ours,-,robot5,MIN_DISTANCE,OK,4.973,6.770,,0,nearest_robot=robot6
322.000,ours,-,robot6,MIN_DISTANCE,OK,4.973,6.770,,0,nearest_robot=robot5
322.000,ours,-,fleet,MIN_DISTANCE_AVG,OK,6.770,,,0,robots_sampled=6
323.000,ours,-,robot1,MIN_DISTANCE,OK,17.266,6.622,,0,nearest_robot=robot2
323.000,ours,-,robot2,MIN_DISTANCE,OK,10.404,6.622,,0,nearest_robot=robot3
323.000,ours,-,robot3,MIN_DISTANCE,OK,1.442,6.622,,0,nearest_robot=robot4
323.000,ours,-,robot4,MIN_DISTANCE,OK,1.442,6.622,,0,nearest_robot=robot3
323.000,ours,-,robot5,MIN_DISTANCE,OK,4.591,6.622,,0,nearest_robot=robot6
323.000,ours,-,robot6,MIN_DISTANCE,OK,4.591,6.622,,0,nearest_robot=robot5
323.000,ours,-,fleet,MIN_DISTANCE_AVG,OK,6.622,,,0,robots_sampled=6
324.000,ours,-,robot1,MIN_DISTANCE,OK,17.441,6.443,,0,nearest_robot=robot2
324.000,ours,-,robot2,MIN_DISTANCE,OK,10.023,6.443,,0,nearest_robot=robot3
324.000,ours,-,robot3,MIN_DISTANCE,OK,1.452,6.443,,0,nearest_robot=robot4
324.000,ours,-,robot4,MIN_DISTANCE,OK,1.452,6.443,,0,nearest_robot=robot3
324.000,ours,-,robot5,MIN_DISTANCE,OK,4.144,6.443,,0,nearest_robot=robot6
324.000,ours,-,robot6,MIN_DISTANCE,OK,4.144,6.443,,0,nearest_robot=robot5
324.000,ours,-,fleet,MIN_DISTANCE_AVG,OK,6.443,,,0,robots_sampled=6
325.000,ours,-,robot1,MIN_DISTANCE,OK,17.601,6.266,,0,nearest_robot=robot2
325.000,ours,-,robot2,MIN_DISTANCE,OK,9.637,6.266,,0,nearest_robot=robot3
325.000,ours,-,robot3,MIN_DISTANCE,OK,1.456,6.266,,0,nearest_robot=robot4
325.000,ours,-,robot4,MIN_DISTANCE,OK,1.456,6.266,,0,nearest_robot=robot3
325.000,ours,-,robot5,MIN_DISTANCE,OK,3.724,6.266,,0,nearest_robot=robot6
325.000,ours,-,robot6,MIN_DISTANCE,OK,3.724,6.266,,0,nearest_robot=robot5
325.000,ours,-,fleet,MIN_DISTANCE_AVG,OK,6.266,,,0,robots_sampled=6
326.000,ours,-,robot1,MIN_DISTANCE,OK,17.821,6.106,,0,nearest_robot=robot2
326.000,ours,-,robot2,MIN_DISTANCE,OK,9.267,6.106,,0,nearest_robot=robot3
326.000,ours,-,robot3,MIN_DISTANCE,OK,1.456,6.106,,0,nearest_robot=robot4
326.000,ours,-,robot4,MIN_DISTANCE,OK,1.456,6.106,,0,nearest_robot=robot3
326.000,ours,-,robot5,MIN_DISTANCE,OK,3.317,6.106,,0,nearest_robot=robot6
326.000,ours,-,robot6,MIN_DISTANCE,OK,3.317,6.106,,0,nearest_robot=robot5
326.000,ours,-,fleet,MIN_DISTANCE_AVG,OK,6.106,,,0,robots_sampled=6
326.110,ours,-,fleet,CHOMP_TIME_FULL,OK,,4.380,,0,iterations=100;iterations_executed=100;source=algorithm;round_trip=4.403824
327.000,ours,-,robot1,MIN_DISTANCE,OK,18.032,5.923,,0,nearest_robot=robot2
327.000,ours,-,robot2,MIN_DISTANCE,OK,8.882,5.923,,0,nearest_robot=robot3
327.000,ours,-,robot3,MIN_DISTANCE,OK,1.445,5.923,,0,nearest_robot=robot4
327.000,ours,-,robot4,MIN_DISTANCE,OK,1.445,5.923,,0,nearest_robot=robot3
327.000,ours,-,robot5,MIN_DISTANCE,OK,2.869,5.923,,0,nearest_robot=robot6
327.000,ours,-,robot6,MIN_DISTANCE,OK,2.869,5.923,,0,nearest_robot=robot5
327.000,ours,-,fleet,MIN_DISTANCE_AVG,OK,5.923,,,0,robots_sampled=6
328.000,ours,-,robot1,MIN_DISTANCE,OK,18.277,5.698,,0,nearest_robot=robot2
328.000,ours,-,robot2,MIN_DISTANCE,OK,8.443,5.698,,0,nearest_robot=robot3
328.000,ours,-,robot3,MIN_DISTANCE,OK,1.480,5.698,,0,nearest_robot=robot4
328.000,ours,-,robot4,MIN_DISTANCE,OK,1.480,5.698,,0,nearest_robot=robot3
328.000,ours,-,robot5,MIN_DISTANCE,OK,2.255,5.698,,0,nearest_robot=robot6
328.000,ours,-,robot6,MIN_DISTANCE,OK,2.255,5.698,,0,nearest_robot=robot5
328.000,ours,-,fleet,MIN_DISTANCE_AVG,OK,5.698,,,0,robots_sampled=6
329.000,ours,-,robot1,MIN_DISTANCE,OK,18.554,5.485,,0,nearest_robot=robot2
329.000,ours,-,robot2,MIN_DISTANCE,OK,8.033,5.485,,0,nearest_robot=robot3
329.000,ours,-,robot3,MIN_DISTANCE,OK,1.506,5.485,,0,nearest_robot=robot4
329.000,ours,-,robot4,MIN_DISTANCE,OK,1.506,5.485,,0,nearest_robot=robot3
329.000,ours,-,robot5,MIN_DISTANCE,OK,1.655,5.485,,0,nearest_robot=robot6
329.000,ours,-,robot6,MIN_DISTANCE,OK,1.655,5.485,,0,nearest_robot=robot5
329.000,ours,-,fleet,MIN_DISTANCE_AVG,OK,5.485,,,0,robots_sampled=6
330.000,ours,-,robot1,MIN_DISTANCE,OK,18.820,5.341,,0,nearest_robot=robot2
330.000,ours,-,robot2,MIN_DISTANCE,OK,7.598,5.341,,0,nearest_robot=robot3
330.000,ours,-,robot3,MIN_DISTANCE,OK,1.560,5.341,,0,nearest_robot=robot4
330.000,ours,-,robot4,MIN_DISTANCE,OK,1.560,5.341,,0,nearest_robot=robot3
330.000,ours,-,robot5,MIN_DISTANCE,OK,1.253,5.341,,0,nearest_robot=robot6
330.000,ours,-,robot6,MIN_DISTANCE,OK,1.253,5.341,,0,nearest_robot=robot5
330.000,ours,-,fleet,MIN_DISTANCE_AVG,OK,5.341,,,0,robots_sampled=6
331.000,ours,-,robot1,MIN_DISTANCE,OK,19.075,5.281,,0,nearest_robot=robot2
331.000,ours,-,robot2,MIN_DISTANCE,OK,7.196,5.281,,0,nearest_robot=robot3
331.000,ours,-,robot3,MIN_DISTANCE,OK,1.579,5.281,,0,nearest_robot=robot4
331.000,ours,-,robot4,MIN_DISTANCE,OK,1.579,5.281,,0,nearest_robot=robot3
331.000,ours,-,robot5,MIN_DISTANCE,OK,1.129,5.281,,0,nearest_robot=robot6
331.000,ours,-,robot6,MIN_DISTANCE,OK,1.129,5.281,,0,nearest_robot=robot5
331.000,ours,-,fleet,MIN_DISTANCE_AVG,OK,5.281,,,0,robots_sampled=6
331.170,ours,-,fleet,CHOMP_TIME_FULL,OK,,4.439,,0,iterations=100;iterations_executed=100;source=algorithm;round_trip=4.471164
332.000,ours,-,robot1,MIN_DISTANCE,OK,19.229,5.250,,0,nearest_robot=robot2
332.000,ours,-,robot2,MIN_DISTANCE,OK,6.787,5.250,,0,nearest_robot=robot3
332.000,ours,-,robot3,MIN_DISTANCE,OK,1.615,5.250,,0,nearest_robot=robot4
332.000,ours,-,robot4,MIN_DISTANCE,OK,1.615,5.250,,0,nearest_robot=robot3
332.000,ours,-,robot5,MIN_DISTANCE,OK,1.126,5.250,,0,nearest_robot=robot6
332.000,ours,-,robot6,MIN_DISTANCE,OK,1.126,5.250,,0,nearest_robot=robot5
332.000,ours,-,fleet,MIN_DISTANCE_AVG,OK,5.250,,,0,robots_sampled=6
333.000,ours,-,robot1,MIN_DISTANCE,OK,19.260,5.180,,0,nearest_robot=robot2
333.000,ours,-,robot2,MIN_DISTANCE,OK,6.351,5.180,,0,nearest_robot=robot3
333.000,ours,-,robot3,MIN_DISTANCE,OK,1.614,5.180,,0,nearest_robot=robot4
333.000,ours,-,robot4,MIN_DISTANCE,OK,1.614,5.180,,0,nearest_robot=robot3
333.000,ours,-,robot5,MIN_DISTANCE,OK,1.122,5.180,,0,nearest_robot=robot6
333.000,ours,-,robot6,MIN_DISTANCE,OK,1.122,5.180,,0,nearest_robot=robot5
333.000,ours,-,fleet,MIN_DISTANCE_AVG,OK,5.180,,,0,robots_sampled=6
334.000,ours,-,robot1,MIN_DISTANCE,OK,18.980,5.114,,0,nearest_robot=robot2
334.000,ours,-,robot2,MIN_DISTANCE,OK,6.257,5.114,,0,nearest_robot=robot3
334.000,ours,-,robot3,MIN_DISTANCE,OK,1.611,5.114,,0,nearest_robot=robot4
334.000,ours,-,robot4,MIN_DISTANCE,OK,1.611,5.114,,0,nearest_robot=robot3
334.000,ours,-,robot5,MIN_DISTANCE,OK,1.112,5.114,,0,nearest_robot=robot6
334.000,ours,-,robot6,MIN_DISTANCE,OK,1.112,5.114,,0,nearest_robot=robot5
334.000,ours,-,fleet,MIN_DISTANCE_AVG,OK,5.114,,,0,robots_sampled=6
335.000,ours,-,robot1,MIN_DISTANCE,OK,18.527,5.053,,0,nearest_robot=robot2
335.000,ours,-,robot2,MIN_DISTANCE,OK,6.259,5.053,,0,nearest_robot=robot3
335.000,ours,-,robot3,MIN_DISTANCE,OK,1.629,5.053,,0,nearest_robot=robot4
335.000,ours,-,robot4,MIN_DISTANCE,OK,1.629,5.053,,0,nearest_robot=robot3
335.000,ours,-,robot5,MIN_DISTANCE,OK,1.138,5.053,,0,nearest_robot=robot6
335.000,ours,-,robot6,MIN_DISTANCE,OK,1.138,5.053,,0,nearest_robot=robot5
335.000,ours,-,fleet,MIN_DISTANCE_AVG,OK,5.053,,,0,robots_sampled=6
335.970,ours,-,fleet,CHOMP_TIME_FULL,OK,,4.206,,0,iterations=100;iterations_executed=100;source=algorithm;round_trip=4.233158
336.000,ours,-,robot1,MIN_DISTANCE,OK,18.021,5.001,,0,nearest_robot=robot2
336.000,ours,-,robot2,MIN_DISTANCE,OK,6.298,5.001,,0,nearest_robot=robot3
336.000,ours,-,robot3,MIN_DISTANCE,OK,1.662,5.001,,0,nearest_robot=robot4
336.000,ours,-,robot4,MIN_DISTANCE,OK,1.662,5.001,,0,nearest_robot=robot3
336.000,ours,-,robot5,MIN_DISTANCE,OK,1.182,5.001,,0,nearest_robot=robot6
336.000,ours,-,robot6,MIN_DISTANCE,OK,1.182,5.001,,0,nearest_robot=robot5
336.000,ours,-,fleet,MIN_DISTANCE_AVG,OK,5.001,,,0,robots_sampled=6
337.000,ours,-,robot1,MIN_DISTANCE,OK,17.514,4.947,,0,nearest_robot=robot2
337.000,ours,-,robot2,MIN_DISTANCE,OK,6.345,4.947,,0,nearest_robot=robot3
337.000,ours,-,robot3,MIN_DISTANCE,OK,1.702,4.947,,0,nearest_robot=robot4
337.000,ours,-,robot4,MIN_DISTANCE,OK,1.702,4.947,,0,nearest_robot=robot3
337.000,ours,-,robot5,MIN_DISTANCE,OK,1.209,4.947,,0,nearest_robot=robot6
337.000,ours,-,robot6,MIN_DISTANCE,OK,1.209,4.947,,0,nearest_robot=robot5
337.000,ours,-,fleet,MIN_DISTANCE_AVG,OK,4.947,,,0,robots_sampled=6
338.000,ours,-,robot1,MIN_DISTANCE,OK,17.077,4.892,,0,nearest_robot=robot2
338.000,ours,-,robot2,MIN_DISTANCE,OK,6.400,4.892,,0,nearest_robot=robot3
338.000,ours,-,robot3,MIN_DISTANCE,OK,1.710,4.892,,0,nearest_robot=robot4
338.000,ours,-,robot4,MIN_DISTANCE,OK,1.710,4.892,,0,nearest_robot=robot3
338.000,ours,-,robot5,MIN_DISTANCE,OK,1.229,4.892,,0,nearest_robot=robot6
338.000,ours,-,robot6,MIN_DISTANCE,OK,1.229,4.892,,0,nearest_robot=robot5
338.000,ours,-,fleet,MIN_DISTANCE_AVG,OK,4.892,,,0,robots_sampled=6
339.000,ours,-,robot1,MIN_DISTANCE,OK,16.647,4.839,,0,nearest_robot=robot2
339.000,ours,-,robot2,MIN_DISTANCE,OK,6.460,4.839,,0,nearest_robot=robot3
339.000,ours,-,robot3,MIN_DISTANCE,OK,1.737,4.839,,0,nearest_robot=robot4
339.000,ours,-,robot4,MIN_DISTANCE,OK,1.737,4.839,,0,nearest_robot=robot3
339.000,ours,-,robot5,MIN_DISTANCE,OK,1.227,4.839,,0,nearest_robot=robot6
339.000,ours,-,robot6,MIN_DISTANCE,OK,1.227,4.839,,0,nearest_robot=robot5
339.000,ours,-,fleet,MIN_DISTANCE_AVG,OK,4.839,,,0,robots_sampled=6
340.000,ours,-,robot1,MIN_DISTANCE,OK,16.229,4.777,,0,nearest_robot=robot2
340.000,ours,-,robot2,MIN_DISTANCE,OK,6.455,4.777,,0,nearest_robot=robot3
340.000,ours,-,robot3,MIN_DISTANCE,OK,1.776,4.777,,0,nearest_robot=robot4
340.000,ours,-,robot4,MIN_DISTANCE,OK,1.776,4.777,,0,nearest_robot=robot3
340.000,ours,-,robot5,MIN_DISTANCE,OK,1.212,4.777,,0,nearest_robot=robot6
340.000,ours,-,robot6,MIN_DISTANCE,OK,1.212,4.777,,0,nearest_robot=robot5
340.000,ours,-,fleet,MIN_DISTANCE_AVG,OK,4.777,,,0,robots_sampled=6
340.590,ours,-,fleet,CHOMP_TIME_FULL,OK,,4.341,,0,iterations=100;iterations_executed=100;source=algorithm;round_trip=4.362956
341.000,ours,-,robot1,MIN_DISTANCE,OK,15.846,4.717,,0,nearest_robot=robot2
341.000,ours,-,robot2,MIN_DISTANCE,OK,6.460,4.717,,0,nearest_robot=robot3
341.000,ours,-,robot3,MIN_DISTANCE,OK,1.798,4.717,,0,nearest_robot=robot4
341.000,ours,-,robot4,MIN_DISTANCE,OK,1.798,4.717,,0,nearest_robot=robot3
341.000,ours,-,robot5,MIN_DISTANCE,OK,1.200,4.717,,0,nearest_robot=robot6
341.000,ours,-,robot6,MIN_DISTANCE,OK,1.200,4.717,,0,nearest_robot=robot5
341.000,ours,-,fleet,MIN_DISTANCE_AVG,OK,4.717,,,0,robots_sampled=6
342.000,ours,-,robot1,MIN_DISTANCE,OK,15.497,4.664,,0,nearest_robot=robot2
342.000,ours,-,robot2,MIN_DISTANCE,OK,6.418,4.664,,0,nearest_robot=robot3
342.000,ours,-,robot3,MIN_DISTANCE,OK,1.859,4.664,,0,nearest_robot=robot4
342.000,ours,-,robot4,MIN_DISTANCE,OK,1.859,4.664,,0,nearest_robot=robot3
342.000,ours,-,robot5,MIN_DISTANCE,OK,1.177,4.664,,0,nearest_robot=robot6
342.000,ours,-,robot6,MIN_DISTANCE,OK,1.177,4.664,,0,nearest_robot=robot5
342.000,ours,-,fleet,MIN_DISTANCE_AVG,OK,4.664,,,0,robots_sampled=6
343.000,ours,-,robot1,MIN_DISTANCE,OK,15.122,4.617,,0,nearest_robot=robot2
343.000,ours,-,robot2,MIN_DISTANCE,OK,6.327,4.617,,0,nearest_robot=robot3
343.000,ours,-,robot3,MIN_DISTANCE,OK,1.987,4.617,,0,nearest_robot=robot4
343.000,ours,-,robot4,MIN_DISTANCE,OK,1.987,4.617,,0,nearest_robot=robot3
343.000,ours,-,robot5,MIN_DISTANCE,OK,1.141,4.617,,0,nearest_robot=robot6
343.000,ours,-,robot6,MIN_DISTANCE,OK,1.141,4.617,,0,nearest_robot=robot5
343.000,ours,-,fleet,MIN_DISTANCE_AVG,OK,4.617,,,0,robots_sampled=6
344.000,ours,-,robot1,MIN_DISTANCE,OK,15.066,4.603,,0,nearest_robot=robot2
344.000,ours,-,robot2,MIN_DISTANCE,OK,6.304,4.603,,0,nearest_robot=robot3
344.000,ours,-,robot3,MIN_DISTANCE,OK,2.052,4.603,,0,nearest_robot=robot4
344.000,ours,-,robot4,MIN_DISTANCE,OK,2.052,4.603,,0,nearest_robot=robot3
344.000,ours,-,robot5,MIN_DISTANCE,OK,1.072,4.603,,0,nearest_robot=robot6
344.000,ours,-,robot6,MIN_DISTANCE,OK,1.072,4.603,,0,nearest_robot=robot5
344.000,ours,-,fleet,MIN_DISTANCE_AVG,OK,4.603,,,0,robots_sampled=6
345.000,ours,-,robot1,MIN_DISTANCE,OK,15.194,4.620,,0,nearest_robot=robot2
345.000,ours,-,robot2,MIN_DISTANCE,OK,6.327,4.620,,0,nearest_robot=robot3
345.000,ours,-,robot3,MIN_DISTANCE,OK,2.041,4.620,,0,nearest_robot=robot4
345.000,ours,-,robot4,MIN_DISTANCE,OK,2.041,4.620,,0,nearest_robot=robot3
345.000,ours,-,robot5,MIN_DISTANCE,OK,1.059,4.620,,0,nearest_robot=robot6
345.000,ours,-,robot6,MIN_DISTANCE,OK,1.059,4.620,,0,nearest_robot=robot5
345.000,ours,-,fleet,MIN_DISTANCE_AVG,OK,4.620,,,0,robots_sampled=6
345.560,ours,-,fleet,CHOMP_TIME_FULL,OK,,4.313,,0,iterations=100;iterations_executed=100;source=algorithm;round_trip=4.332771
346.000,ours,-,robot1,MIN_DISTANCE,OK,15.247,4.635,,0,nearest_robot=robot2
346.000,ours,-,robot2,MIN_DISTANCE,OK,6.368,4.635,,0,nearest_robot=robot3
346.000,ours,-,robot3,MIN_DISTANCE,OK,2.038,4.635,,0,nearest_robot=robot4
346.000,ours,-,robot4,MIN_DISTANCE,OK,2.038,4.635,,0,nearest_robot=robot3
346.000,ours,-,robot5,MIN_DISTANCE,OK,1.059,4.635,,0,nearest_robot=robot6
346.000,ours,-,robot6,MIN_DISTANCE,OK,1.059,4.635,,0,nearest_robot=robot5
346.000,ours,-,fleet,MIN_DISTANCE_AVG,OK,4.635,,,0,robots_sampled=6
347.000,ours,-,robot1,MIN_DISTANCE,OK,15.357,4.667,,0,nearest_robot=robot2
347.000,ours,-,robot2,MIN_DISTANCE,OK,6.398,4.667,,0,nearest_robot=robot3
347.000,ours,-,robot3,MIN_DISTANCE,OK,2.063,4.667,,0,nearest_robot=robot4
347.000,ours,-,robot4,MIN_DISTANCE,OK,2.063,4.667,,0,nearest_robot=robot3
347.000,ours,-,robot5,MIN_DISTANCE,OK,1.059,4.667,,0,nearest_robot=robot6
347.000,ours,-,robot6,MIN_DISTANCE,OK,1.059,4.667,,0,nearest_robot=robot5
347.000,ours,-,fleet,MIN_DISTANCE_AVG,OK,4.667,,,0,robots_sampled=6
348.000,ours,-,robot1,MIN_DISTANCE,OK,15.475,4.691,,0,nearest_robot=robot2
348.000,ours,-,robot2,MIN_DISTANCE,OK,6.412,4.691,,0,nearest_robot=robot3
348.000,ours,-,robot3,MIN_DISTANCE,OK,2.071,4.691,,0,nearest_robot=robot4
348.000,ours,-,robot4,MIN_DISTANCE,OK,2.071,4.691,,0,nearest_robot=robot3
348.000,ours,-,robot5,MIN_DISTANCE,OK,1.059,4.691,,0,nearest_robot=robot6
348.000,ours,-,robot6,MIN_DISTANCE,OK,1.059,4.691,,0,nearest_robot=robot5
348.000,ours,-,fleet,MIN_DISTANCE_AVG,OK,4.691,,,0,robots_sampled=6
349.000,ours,-,robot1,MIN_DISTANCE,OK,15.539,4.700,,0,nearest_robot=robot2
349.000,ours,-,robot2,MIN_DISTANCE,OK,6.416,4.700,,0,nearest_robot=robot3
349.000,ours,-,robot3,MIN_DISTANCE,OK,2.062,4.700,,0,nearest_robot=robot4
349.000,ours,-,robot4,MIN_DISTANCE,OK,2.062,4.700,,0,nearest_robot=robot3
349.000,ours,-,robot5,MIN_DISTANCE,OK,1.059,4.700,,0,nearest_robot=robot6
349.000,ours,-,robot6,MIN_DISTANCE,OK,1.059,4.700,,0,nearest_robot=robot5
349.000,ours,-,fleet,MIN_DISTANCE_AVG,OK,4.700,,,0,robots_sampled=6
350.000,ours,-,robot1,MIN_DISTANCE,OK,15.687,4.713,,0,nearest_robot=robot2
350.000,ours,-,robot2,MIN_DISTANCE,OK,6.383,4.713,,0,nearest_robot=robot3
350.000,ours,-,robot3,MIN_DISTANCE,OK,2.045,4.713,,0,nearest_robot=robot4
350.000,ours,-,robot4,MIN_DISTANCE,OK,2.045,4.713,,0,nearest_robot=robot3
350.000,ours,-,robot5,MIN_DISTANCE,OK,1.059,4.713,,0,nearest_robot=robot6
350.000,ours,-,robot6,MIN_DISTANCE,OK,1.059,4.713,,0,nearest_robot=robot5
350.000,ours,-,fleet,MIN_DISTANCE_AVG,OK,4.713,,,0,robots_sampled=6
350.970,ours,-,fleet,CHOMP_TIME_FULL,OK,,4.187,,0,iterations=100;iterations_executed=100;source=algorithm;round_trip=4.213122
351.000,ours,-,robot1,MIN_DISTANCE,OK,15.757,4.699,,0,nearest_robot=robot2
351.000,ours,-,robot2,MIN_DISTANCE,OK,6.332,4.699,,0,nearest_robot=robot3
351.000,ours,-,robot3,MIN_DISTANCE,OK,1.993,4.699,,0,nearest_robot=robot4
351.000,ours,-,robot4,MIN_DISTANCE,OK,1.993,4.699,,0,nearest_robot=robot3
351.000,ours,-,robot5,MIN_DISTANCE,OK,1.059,4.699,,0,nearest_robot=robot6
351.000,ours,-,robot6,MIN_DISTANCE,OK,1.059,4.699,,0,nearest_robot=robot5
351.000,ours,-,fleet,MIN_DISTANCE_AVG,OK,4.699,,,0,robots_sampled=6
351.440,ours,-,fleet,CHOMP_TIME_PARTIAL,OK,,0.465,,0,iterations=10;iterations_executed=10;source=algorithm;round_trip=0.485025
352.000,ours,-,robot1,MIN_DISTANCE,OK,15.787,4.709,,0,nearest_robot=robot2
352.000,ours,-,robot2,MIN_DISTANCE,OK,6.335,4.709,,0,nearest_robot=robot3
352.000,ours,-,robot3,MIN_DISTANCE,OK,1.918,4.709,,0,nearest_robot=robot4
352.000,ours,-,robot4,MIN_DISTANCE,OK,1.918,4.709,,0,nearest_robot=robot3
352.000,ours,-,robot5,MIN_DISTANCE,OK,1.147,4.709,,0,nearest_robot=robot6
352.000,ours,-,robot6,MIN_DISTANCE,OK,1.147,4.709,,0,nearest_robot=robot5
352.000,ours,-,fleet,MIN_DISTANCE_AVG,OK,4.709,,,0,robots_sampled=6
353.000,ours,-,robot1,MIN_DISTANCE,OK,15.805,4.709,,0,nearest_robot=robot2
353.000,ours,-,robot2,MIN_DISTANCE,OK,6.335,4.709,,0,nearest_robot=robot3
353.000,ours,-,robot3,MIN_DISTANCE,OK,1.841,4.709,,0,nearest_robot=robot4
353.000,ours,-,robot4,MIN_DISTANCE,OK,1.841,4.709,,0,nearest_robot=robot3
353.000,ours,-,robot5,MIN_DISTANCE,OK,1.217,4.709,,0,nearest_robot=robot6
353.000,ours,-,robot6,MIN_DISTANCE,OK,1.217,4.709,,0,nearest_robot=robot5
353.000,ours,-,fleet,MIN_DISTANCE_AVG,OK,4.709,,,0,robots_sampled=6
354.000,ours,-,robot1,MIN_DISTANCE,OK,15.674,4.647,,0,nearest_robot=robot2
354.000,ours,-,robot2,MIN_DISTANCE,OK,6.351,4.647,,0,nearest_robot=robot3
354.000,ours,-,robot3,MIN_DISTANCE,OK,1.793,4.647,,0,nearest_robot=robot4
354.000,ours,-,robot4,MIN_DISTANCE,OK,1.793,4.647,,0,nearest_robot=robot3
354.000,ours,-,robot5,MIN_DISTANCE,OK,1.136,4.647,,0,nearest_robot=robot6
354.000,ours,-,robot6,MIN_DISTANCE,OK,1.136,4.647,,0,nearest_robot=robot5
354.000,ours,-,fleet,MIN_DISTANCE_AVG,OK,4.647,,,0,robots_sampled=6
355.000,ours,-,robot1,MIN_DISTANCE,OK,15.610,4.582,,0,nearest_robot=robot2
355.000,ours,-,robot2,MIN_DISTANCE,OK,6.481,4.582,,0,nearest_robot=robot3
355.000,ours,-,robot3,MIN_DISTANCE,OK,1.651,4.582,,0,nearest_robot=robot4
355.000,ours,-,robot4,MIN_DISTANCE,OK,1.651,4.582,,0,nearest_robot=robot3
355.000,ours,-,robot5,MIN_DISTANCE,OK,1.051,4.582,,0,nearest_robot=robot6
355.000,ours,-,robot6,MIN_DISTANCE,OK,1.051,4.582,,0,nearest_robot=robot5
355.000,ours,-,fleet,MIN_DISTANCE_AVG,OK,4.582,,,0,robots_sampled=6
356.000,ours,-,robot1,MIN_DISTANCE,OK,15.395,4.469,,0,nearest_robot=robot2
356.000,ours,-,robot2,MIN_DISTANCE,OK,6.821,4.469,,0,nearest_robot=robot3
356.000,ours,-,robot3,MIN_DISTANCE,OK,1.411,4.469,,0,nearest_robot=robot4
356.000,ours,-,robot4,MIN_DISTANCE,OK,1.411,4.469,,0,nearest_robot=robot3
356.000,ours,-,robot5,MIN_DISTANCE,OK,0.887,4.469,,0,nearest_robot=robot6
356.000,ours,-,robot6,MIN_DISTANCE,OK,0.887,4.469,,0,nearest_robot=robot5
356.000,ours,-,fleet,MIN_DISTANCE_AVG,OK,4.469,,,0,robots_sampled=6
356.040,ours,-,fleet,CHOMP_TIME_FULL,OK,,4.292,,0,iterations=100;iterations_executed=100;source=algorithm;round_trip=4.318469
356.910,ours,-,fleet,CHOMP_TIME_PARTIAL,OK,,0.425,,0,iterations=10;iterations_executed=10;source=algorithm;round_trip=0.442734
357.000,ours,-,robot1,MIN_DISTANCE,OK,15.194,4.387,,0,nearest_robot=robot2
357.000,ours,-,robot2,MIN_DISTANCE,OK,7.223,4.387,,0,nearest_robot=robot3
357.000,ours,-,robot3,MIN_DISTANCE,OK,1.156,4.387,,0,nearest_robot=robot4
357.000,ours,-,robot4,MIN_DISTANCE,OK,1.156,4.387,,0,nearest_robot=robot3
357.000,ours,-,robot5,MIN_DISTANCE,OK,0.796,4.387,,0,nearest_robot=robot6
357.000,ours,-,robot6,MIN_DISTANCE,OK,0.796,4.387,,0,nearest_robot=robot5
357.000,ours,-,fleet,MIN_DISTANCE_AVG,OK,4.387,,,0,robots_sampled=6
357.470,ours,-,fleet,CHOMP_TIME_PARTIAL,OK,,0.488,,0,iterations=10;iterations_executed=10;source=algorithm;round_trip=0.504795
357.920,ours,-,fleet,CHOMP_TIME_PARTIAL,OK,,0.432,,0,iterations=10;iterations_executed=10;source=algorithm;round_trip=0.450615
358.000,ours,-,robot1,MIN_DISTANCE,OK,14.939,4.329,,0,nearest_robot=robot2
358.000,ours,-,robot2,MIN_DISTANCE,OK,7.666,4.329,,0,nearest_robot=robot3
358.000,ours,-,robot3,MIN_DISTANCE,OK,0.923,4.329,,0,nearest_robot=robot4
358.000,ours,-,robot4,MIN_DISTANCE,OK,0.923,4.329,,0,nearest_robot=robot3
358.000,ours,-,robot5,MIN_DISTANCE,OK,0.762,4.329,,0,nearest_robot=robot6
358.000,ours,-,robot6,MIN_DISTANCE,OK,0.762,4.329,,0,nearest_robot=robot5
358.000,ours,-,fleet,MIN_DISTANCE_AVG,OK,4.329,,,0,robots_sampled=6
358.450,ours,-,fleet,CHOMP_TIME_PARTIAL,OK,,0.464,,0,iterations=10;iterations_executed=10;source=algorithm;round_trip=0.481880
359.000,ours,-,robot1,MIN_DISTANCE,OK,14.631,4.329,,0,nearest_robot=robot2
359.000,ours,-,robot2,MIN_DISTANCE,OK,8.088,4.329,,0,nearest_robot=robot4
359.000,ours,-,robot3,MIN_DISTANCE,OK,0.839,4.329,,0,nearest_robot=robot4
359.000,ours,-,robot4,MIN_DISTANCE,OK,0.839,4.329,,0,nearest_robot=robot3
359.000,ours,-,robot5,MIN_DISTANCE,OK,0.790,4.329,,0,nearest_robot=robot6
359.000,ours,-,robot6,MIN_DISTANCE,OK,0.790,4.329,,0,nearest_robot=robot5
359.000,ours,-,fleet,MIN_DISTANCE_AVG,OK,4.329,,,0,robots_sampled=6
360.000,ours,-,robot1,MIN_DISTANCE,OK,14.326,4.317,,0,nearest_robot=robot2
360.000,ours,-,robot2,MIN_DISTANCE,OK,8.083,4.317,,0,nearest_robot=robot4
360.000,ours,-,robot3,MIN_DISTANCE,OK,0.930,4.317,,0,nearest_robot=robot4
360.000,ours,-,robot4,MIN_DISTANCE,OK,0.930,4.317,,0,nearest_robot=robot3
360.000,ours,-,robot5,MIN_DISTANCE,OK,0.817,4.317,,0,nearest_robot=robot6
360.000,ours,-,robot6,MIN_DISTANCE,OK,0.817,4.317,,0,nearest_robot=robot5
360.000,ours,-,fleet,MIN_DISTANCE_AVG,OK,4.317,,,0,robots_sampled=6
361.000,ours,-,robot1,MIN_DISTANCE,OK,14.043,4.335,,0,nearest_robot=robot2
361.000,ours,-,robot2,MIN_DISTANCE,OK,8.215,4.335,,0,nearest_robot=robot4
361.000,ours,-,robot3,MIN_DISTANCE,OK,1.061,4.335,,0,nearest_robot=robot4
361.000,ours,-,robot4,MIN_DISTANCE,OK,1.061,4.335,,0,nearest_robot=robot3
361.000,ours,-,robot5,MIN_DISTANCE,OK,0.815,4.335,,0,nearest_robot=robot6
361.000,ours,-,robot6,MIN_DISTANCE,OK,0.815,4.335,,0,nearest_robot=robot5
361.000,ours,-,fleet,MIN_DISTANCE_AVG,OK,4.335,,,0,robots_sampled=6
362.000,ours,-,robot1,MIN_DISTANCE,OK,13.765,4.325,,0,nearest_robot=robot2
362.000,ours,-,robot2,MIN_DISTANCE,OK,8.324,4.325,,0,nearest_robot=robot4
362.000,ours,-,robot3,MIN_DISTANCE,OK,1.116,4.325,,0,nearest_robot=robot4
362.000,ours,-,robot4,MIN_DISTANCE,OK,1.116,4.325,,0,nearest_robot=robot3
362.000,ours,-,robot5,MIN_DISTANCE,OK,0.814,4.325,,0,nearest_robot=robot6
362.000,ours,-,robot6,MIN_DISTANCE,OK,0.814,4.325,,0,nearest_robot=robot5
362.000,ours,-,fleet,MIN_DISTANCE_AVG,OK,4.325,,,0,robots_sampled=6
363.000,ours,-,robot1,MIN_DISTANCE,OK,13.409,4.359,,0,nearest_robot=robot2
363.000,ours,-,robot2,MIN_DISTANCE,OK,8.413,4.359,,0,nearest_robot=robot4
363.000,ours,-,robot3,MIN_DISTANCE,OK,1.350,4.359,,0,nearest_robot=robot4
363.000,ours,-,robot4,MIN_DISTANCE,OK,1.350,4.359,,0,nearest_robot=robot3
363.000,ours,-,robot5,MIN_DISTANCE,OK,0.814,4.359,,0,nearest_robot=robot6
363.000,ours,-,robot6,MIN_DISTANCE,OK,0.814,4.359,,0,nearest_robot=robot5
363.000,ours,-,fleet,MIN_DISTANCE_AVG,OK,4.359,,,0,robots_sampled=6
363.050,ours,-,fleet,CHOMP_TIME_FULL,OK,,4.287,,0,iterations=100;iterations_executed=100;source=algorithm;round_trip=4.308965
364.000,ours,-,robot1,MIN_DISTANCE,OK,13.095,4.438,,0,nearest_robot=robot2
364.000,ours,-,robot2,MIN_DISTANCE,OK,8.442,4.438,,0,nearest_robot=robot4
364.000,ours,-,robot3,MIN_DISTANCE,OK,1.751,4.438,,0,nearest_robot=robot4
364.000,ours,-,robot4,MIN_DISTANCE,OK,1.751,4.438,,0,nearest_robot=robot3
364.000,ours,-,robot5,MIN_DISTANCE,OK,0.796,4.438,,0,nearest_robot=robot6
364.000,ours,-,robot6,MIN_DISTANCE,OK,0.796,4.438,,0,nearest_robot=robot5
364.000,ours,-,fleet,MIN_DISTANCE_AVG,OK,4.438,,,0,robots_sampled=6
365.000,ours,-,robot1,MIN_DISTANCE,OK,12.805,4.528,,0,nearest_robot=robot2
365.000,ours,-,robot2,MIN_DISTANCE,OK,8.455,4.528,,0,nearest_robot=robot4
365.000,ours,-,robot3,MIN_DISTANCE,OK,2.181,4.528,,0,nearest_robot=robot4
365.000,ours,-,robot4,MIN_DISTANCE,OK,2.181,4.528,,0,nearest_robot=robot3
365.000,ours,-,robot5,MIN_DISTANCE,OK,0.772,4.528,,0,nearest_robot=robot6
365.000,ours,-,robot6,MIN_DISTANCE,OK,0.772,4.528,,0,nearest_robot=robot5
365.000,ours,-,fleet,MIN_DISTANCE_AVG,OK,4.528,,,0,robots_sampled=6
366.000,ours,-,robot1,MIN_DISTANCE,OK,12.443,4.549,,0,nearest_robot=robot2
366.000,ours,-,robot2,MIN_DISTANCE,OK,8.491,4.549,,0,nearest_robot=robot4
366.000,ours,-,robot3,MIN_DISTANCE,OK,2.398,4.549,,0,nearest_robot=robot4
366.000,ours,-,robot4,MIN_DISTANCE,OK,2.398,4.549,,0,nearest_robot=robot3
366.000,ours,-,robot5,MIN_DISTANCE,OK,0.781,4.549,,0,nearest_robot=robot6
366.000,ours,-,robot6,MIN_DISTANCE,OK,0.781,4.549,,0,nearest_robot=robot5
366.000,ours,-,fleet,MIN_DISTANCE_AVG,OK,4.549,,,0,robots_sampled=6
367.000,ours,-,robot1,MIN_DISTANCE,OK,12.051,4.538,,0,nearest_robot=robot2
367.000,ours,-,robot2,MIN_DISTANCE,OK,8.517,4.538,,0,nearest_robot=robot4
367.000,ours,-,robot3,MIN_DISTANCE,OK,2.544,4.538,,0,nearest_robot=robot4
367.000,ours,-,robot4,MIN_DISTANCE,OK,2.544,4.538,,0,nearest_robot=robot3
367.000,ours,-,robot5,MIN_DISTANCE,OK,0.786,4.538,,0,nearest_robot=robot6
367.000,ours,-,robot6,MIN_DISTANCE,OK,0.786,4.538,,0,nearest_robot=robot5
367.000,ours,-,fleet,MIN_DISTANCE_AVG,OK,4.538,,,0,robots_sampled=6
368.000,ours,-,robot1,MIN_DISTANCE,OK,11.621,4.535,,0,nearest_robot=robot2
368.000,ours,-,robot2,MIN_DISTANCE,OK,8.561,4.535,,0,nearest_robot=robot4
368.000,ours,-,robot3,MIN_DISTANCE,OK,2.725,4.535,,0,nearest_robot=robot4
368.000,ours,-,robot4,MIN_DISTANCE,OK,2.725,4.535,,0,nearest_robot=robot3
368.000,ours,-,robot5,MIN_DISTANCE,OK,0.788,4.535,,0,nearest_robot=robot6
368.000,ours,-,robot6,MIN_DISTANCE,OK,0.788,4.535,,0,nearest_robot=robot5
368.000,ours,-,fleet,MIN_DISTANCE_AVG,OK,4.535,,,0,robots_sampled=6
368.140,ours,-,fleet,CHOMP_TIME_FULL,OK,,4.392,,0,iterations=100;iterations_executed=100;source=algorithm;round_trip=4.416936
369.000,ours,-,robot1,MIN_DISTANCE,OK,11.139,4.508,,0,nearest_robot=robot2
369.000,ours,-,robot2,MIN_DISTANCE,OK,8.588,4.508,,0,nearest_robot=robot4
369.000,ours,-,robot3,MIN_DISTANCE,OK,2.873,4.508,,0,nearest_robot=robot4
369.000,ours,-,robot4,MIN_DISTANCE,OK,2.873,4.508,,0,nearest_robot=robot3
369.000,ours,-,robot5,MIN_DISTANCE,OK,0.787,4.508,,0,nearest_robot=robot6
369.000,ours,-,robot6,MIN_DISTANCE,OK,0.787,4.508,,0,nearest_robot=robot5
369.000,ours,-,fleet,MIN_DISTANCE_AVG,OK,4.508,,,0,robots_sampled=6
370.000,ours,-,robot1,MIN_DISTANCE,OK,10.768,4.465,,0,nearest_robot=robot2
370.000,ours,-,robot2,MIN_DISTANCE,OK,8.650,4.465,,0,nearest_robot=robot4
370.000,ours,-,robot3,MIN_DISTANCE,OK,2.896,4.465,,0,nearest_robot=robot4
370.000,ours,-,robot4,MIN_DISTANCE,OK,2.896,4.465,,0,nearest_robot=robot3
370.000,ours,-,robot5,MIN_DISTANCE,OK,0.791,4.465,,0,nearest_robot=robot6
370.000,ours,-,robot6,MIN_DISTANCE,OK,0.791,4.465,,0,nearest_robot=robot5
370.000,ours,-,fleet,MIN_DISTANCE_AVG,OK,4.465,,,0,robots_sampled=6
371.000,ours,-,robot1,MIN_DISTANCE,OK,10.536,4.417,,0,nearest_robot=robot2
371.000,ours,-,robot2,MIN_DISTANCE,OK,8.676,4.417,,0,nearest_robot=robot4
371.000,ours,-,robot3,MIN_DISTANCE,OK,2.852,4.417,,0,nearest_robot=robot4
371.000,ours,-,robot4,MIN_DISTANCE,OK,2.852,4.417,,0,nearest_robot=robot3
371.000,ours,-,robot5,MIN_DISTANCE,OK,0.792,4.417,,0,nearest_robot=robot6
371.000,ours,-,robot6,MIN_DISTANCE,OK,0.792,4.417,,0,nearest_robot=robot5
371.000,ours,-,fleet,MIN_DISTANCE_AVG,OK,4.417,,,0,robots_sampled=6
372.000,ours,-,robot1,MIN_DISTANCE,OK,10.343,4.383,,0,nearest_robot=robot2
372.000,ours,-,robot2,MIN_DISTANCE,OK,8.751,4.383,,0,nearest_robot=robot4
372.000,ours,-,robot3,MIN_DISTANCE,OK,2.810,4.383,,0,nearest_robot=robot4
372.000,ours,-,robot4,MIN_DISTANCE,OK,2.810,4.383,,0,nearest_robot=robot3
372.000,ours,-,robot5,MIN_DISTANCE,OK,0.793,4.383,,0,nearest_robot=robot6
372.000,ours,-,robot6,MIN_DISTANCE,OK,0.793,4.383,,0,nearest_robot=robot5
372.000,ours,-,fleet,MIN_DISTANCE_AVG,OK,4.383,,,0,robots_sampled=6
373.000,ours,-,robot1,MIN_DISTANCE,OK,10.183,4.358,,0,nearest_robot=robot2
373.000,ours,-,robot2,MIN_DISTANCE,OK,8.836,4.358,,0,nearest_robot=robot4
373.000,ours,-,robot3,MIN_DISTANCE,OK,2.770,4.358,,0,nearest_robot=robot4
373.000,ours,-,robot4,MIN_DISTANCE,OK,2.770,4.358,,0,nearest_robot=robot3
373.000,ours,-,robot5,MIN_DISTANCE,OK,0.793,4.358,,0,nearest_robot=robot6
373.000,ours,-,robot6,MIN_DISTANCE,OK,0.793,4.358,,0,nearest_robot=robot5
373.000,ours,-,fleet,MIN_DISTANCE_AVG,OK,4.358,,,0,robots_sampled=6
373.510,ours,-,fleet,CHOMP_TIME_FULL,OK,,4.254,,0,iterations=100;iterations_executed=100;source=algorithm;round_trip=4.276903
374.000,ours,-,robot1,MIN_DISTANCE,OK,10.156,4.361,,0,nearest_robot=robot2
374.000,ours,-,robot2,MIN_DISTANCE,OK,8.885,4.361,,0,nearest_robot=robot4
374.000,ours,-,robot3,MIN_DISTANCE,OK,2.769,4.361,,0,nearest_robot=robot4
374.000,ours,-,robot4,MIN_DISTANCE,OK,2.769,4.361,,0,nearest_robot=robot3
374.000,ours,-,robot5,MIN_DISTANCE,OK,0.793,4.361,,0,nearest_robot=robot6
374.000,ours,-,robot6,MIN_DISTANCE,OK,0.793,4.361,,0,nearest_robot=robot5
374.000,ours,-,fleet,MIN_DISTANCE_AVG,OK,4.361,,,0,robots_sampled=6
375.000,ours,-,robot1,MIN_DISTANCE,OK,10.001,4.384,,0,nearest_robot=robot2
375.000,ours,-,robot2,MIN_DISTANCE,OK,8.893,4.384,,0,nearest_robot=robot4
375.000,ours,-,robot3,MIN_DISTANCE,OK,2.913,4.384,,0,nearest_robot=robot4
375.000,ours,-,robot4,MIN_DISTANCE,OK,2.913,4.384,,0,nearest_robot=robot3
375.000,ours,-,robot5,MIN_DISTANCE,OK,0.792,4.384,,0,nearest_robot=robot6
375.000,ours,-,robot6,MIN_DISTANCE,OK,0.792,4.384,,0,nearest_robot=robot5
375.000,ours,-,fleet,MIN_DISTANCE_AVG,OK,4.384,,,0,robots_sampled=6
376.000,ours,-,robot1,MIN_DISTANCE,OK,9.864,4.365,,0,nearest_robot=robot2
376.000,ours,-,robot2,MIN_DISTANCE,OK,8.981,4.365,,0,nearest_robot=robot4
376.000,ours,-,robot3,MIN_DISTANCE,OK,2.881,4.365,,0,nearest_robot=robot4
376.000,ours,-,robot4,MIN_DISTANCE,OK,2.881,4.365,,0,nearest_robot=robot3
376.000,ours,-,robot5,MIN_DISTANCE,OK,0.792,4.365,,0,nearest_robot=robot6
376.000,ours,-,robot6,MIN_DISTANCE,OK,0.792,4.365,,0,nearest_robot=robot5
376.000,ours,-,fleet,MIN_DISTANCE_AVG,OK,4.365,,,0,robots_sampled=6
377.000,ours,-,robot1,MIN_DISTANCE,OK,9.619,4.300,,0,nearest_robot=robot2
377.000,ours,-,robot2,MIN_DISTANCE,OK,9.221,4.300,,0,nearest_robot=robot4
377.000,ours,-,robot3,MIN_DISTANCE,OK,2.687,4.300,,0,nearest_robot=robot4
377.000,ours,-,robot4,MIN_DISTANCE,OK,2.687,4.300,,0,nearest_robot=robot3
377.000,ours,-,robot5,MIN_DISTANCE,OK,0.792,4.300,,0,nearest_robot=robot6
377.000,ours,-,robot6,MIN_DISTANCE,OK,0.792,4.300,,0,nearest_robot=robot5
377.000,ours,-,fleet,MIN_DISTANCE_AVG,OK,4.300,,,0,robots_sampled=6
378.000,ours,-,robot1,MIN_DISTANCE,OK,9.164,4.161,,0,nearest_robot=robot2
378.000,ours,-,robot2,MIN_DISTANCE,OK,9.164,4.161,,0,nearest_robot=robot1
378.000,ours,-,robot3,MIN_DISTANCE,OK,2.528,4.161,,0,nearest_robot=robot4
378.000,ours,-,robot4,MIN_DISTANCE,OK,2.528,4.161,,0,nearest_robot=robot3
378.000,ours,-,robot5,MIN_DISTANCE,OK,0.792,4.161,,0,nearest_robot=robot6
378.000,ours,-,robot6,MIN_DISTANCE,OK,0.792,4.161,,0,nearest_robot=robot5
378.000,ours,-,fleet,MIN_DISTANCE_AVG,OK,4.161,,,0,robots_sampled=6
378.990,ours,-,fleet,CHOMP_TIME_FULL,OK,,4.210,,0,iterations=100;iterations_executed=100;source=algorithm;round_trip=4.236988
379.000,ours,-,robot1,MIN_DISTANCE,OK,8.826,4.022,,0,nearest_robot=robot2
379.000,ours,-,robot2,MIN_DISTANCE,OK,8.826,4.022,,0,nearest_robot=robot1
379.000,ours,-,robot3,MIN_DISTANCE,OK,2.450,4.022,,0,nearest_robot=robot4
379.000,ours,-,robot4,MIN_DISTANCE,OK,2.450,4.022,,0,nearest_robot=robot3
379.000,ours,-,robot5,MIN_DISTANCE,OK,0.791,4.022,,0,nearest_robot=robot6
379.000,ours,-,robot6,MIN_DISTANCE,OK,0.791,4.022,,0,nearest_robot=robot5
379.000,ours,-,fleet,MIN_DISTANCE_AVG,OK,4.022,,,0,robots_sampled=6
380.000,ours,-,robot1,MIN_DISTANCE,OK,8.598,3.953,,0,nearest_robot=robot2
380.000,ours,-,robot2,MIN_DISTANCE,OK,8.598,3.953,,0,nearest_robot=robot1
380.000,ours,-,robot3,MIN_DISTANCE,OK,2.469,3.953,,0,nearest_robot=robot4
380.000,ours,-,robot4,MIN_DISTANCE,OK,2.469,3.953,,0,nearest_robot=robot3
380.000,ours,-,robot5,MIN_DISTANCE,OK,0.791,3.953,,0,nearest_robot=robot6
380.000,ours,-,robot6,MIN_DISTANCE,OK,0.791,3.953,,0,nearest_robot=robot5
380.000,ours,-,fleet,MIN_DISTANCE_AVG,OK,3.953,,,0,robots_sampled=6
381.000,ours,-,robot1,MIN_DISTANCE,OK,8.523,3.943,,0,nearest_robot=robot2
381.000,ours,-,robot2,MIN_DISTANCE,OK,8.523,3.943,,0,nearest_robot=robot1
381.000,ours,-,robot3,MIN_DISTANCE,OK,2.515,3.943,,0,nearest_robot=robot4
381.000,ours,-,robot4,MIN_DISTANCE,OK,2.515,3.943,,0,nearest_robot=robot3
381.000,ours,-,robot5,MIN_DISTANCE,OK,0.791,3.943,,0,nearest_robot=robot6
381.000,ours,-,robot6,MIN_DISTANCE,OK,0.791,3.943,,0,nearest_robot=robot5
381.000,ours,-,fleet,MIN_DISTANCE_AVG,OK,3.943,,,0,robots_sampled=6
382.000,ours,-,robot1,MIN_DISTANCE,OK,8.509,3.940,,0,nearest_robot=robot2
382.000,ours,-,robot2,MIN_DISTANCE,OK,8.448,3.940,,0,nearest_robot=robot4
382.000,ours,-,robot3,MIN_DISTANCE,OK,2.550,3.940,,0,nearest_robot=robot4
382.000,ours,-,robot4,MIN_DISTANCE,OK,2.550,3.940,,0,nearest_robot=robot3
382.000,ours,-,robot5,MIN_DISTANCE,OK,0.791,3.940,,0,nearest_robot=robot6
382.000,ours,-,robot6,MIN_DISTANCE,OK,0.791,3.940,,0,nearest_robot=robot5
382.000,ours,-,fleet,MIN_DISTANCE_AVG,OK,3.940,,,0,robots_sampled=6
383.000,ours,-,robot1,MIN_DISTANCE,OK,8.509,3.878,,0,nearest_robot=robot2
383.000,ours,-,robot2,MIN_DISTANCE,OK,8.138,3.878,,0,nearest_robot=robot4
383.000,ours,-,robot3,MIN_DISTANCE,OK,2.519,3.878,,0,nearest_robot=robot4
383.000,ours,-,robot4,MIN_DISTANCE,OK,2.519,3.878,,0,nearest_robot=robot3
383.000,ours,-,robot5,MIN_DISTANCE,OK,0.790,3.878,,0,nearest_robot=robot6
383.000,ours,-,robot6,MIN_DISTANCE,OK,0.790,3.878,,0,nearest_robot=robot5
383.000,ours,-,fleet,MIN_DISTANCE_AVG,OK,3.878,,,0,robots_sampled=6
384.000,ours,-,robot1,MIN_DISTANCE,OK,8.509,3.894,,0,nearest_robot=robot2
384.000,ours,-,robot2,MIN_DISTANCE,OK,7.793,3.894,,0,nearest_robot=robot4
384.000,ours,-,robot3,MIN_DISTANCE,OK,2.742,3.894,,0,nearest_robot=robot4
384.000,ours,-,robot4,MIN_DISTANCE,OK,2.742,3.894,,0,nearest_robot=robot3
384.000,ours,-,robot5,MIN_DISTANCE,OK,0.790,3.894,,0,nearest_robot=robot6
384.000,ours,-,robot6,MIN_DISTANCE,OK,0.790,3.894,,0,nearest_robot=robot5
384.000,ours,-,fleet,MIN_DISTANCE_AVG,OK,3.894,,,0,robots_sampled=6
384.420,ours,-,fleet,CHOMP_TIME_FULL,OK,,4.103,,0,iterations=100;iterations_executed=100;source=algorithm;round_trip=4.128188
385.000,ours,-,robot1,MIN_DISTANCE,OK,8.493,3.795,,0,nearest_robot=robot2
385.000,ours,-,robot2,MIN_DISTANCE,OK,7.427,3.795,,0,nearest_robot=robot4
385.000,ours,-,robot3,MIN_DISTANCE,OK,2.636,3.795,,0,nearest_robot=robot4
385.000,ours,-,robot4,MIN_DISTANCE,OK,2.636,3.795,,0,nearest_robot=robot3
385.000,ours,-,robot5,MIN_DISTANCE,OK,0.790,3.795,,0,nearest_robot=robot6
385.000,ours,-,robot6,MIN_DISTANCE,OK,0.790,3.795,,0,nearest_robot=robot5
385.000,ours,-,fleet,MIN_DISTANCE_AVG,OK,3.795,,,0,robots_sampled=6
386.000,ours,-,robot1,MIN_DISTANCE,OK,8.482,3.737,,0,nearest_robot=robot2
386.000,ours,-,robot2,MIN_DISTANCE,OK,7.040,3.737,,0,nearest_robot=robot4
386.000,ours,-,robot3,MIN_DISTANCE,OK,2.661,3.737,,0,nearest_robot=robot4
386.000,ours,-,robot4,MIN_DISTANCE,OK,2.661,3.737,,0,nearest_robot=robot3
386.000,ours,-,robot5,MIN_DISTANCE,OK,0.789,3.737,,0,nearest_robot=robot6
386.000,ours,-,robot6,MIN_DISTANCE,OK,0.789,3.737,,0,nearest_robot=robot5
386.000,ours,-,fleet,MIN_DISTANCE_AVG,OK,3.737,,,0,robots_sampled=6
387.000,ours,-,robot1,MIN_DISTANCE,OK,8.474,3.692,,0,nearest_robot=robot2
387.000,ours,-,robot2,MIN_DISTANCE,OK,6.657,3.692,,0,nearest_robot=robot4
387.000,ours,-,robot3,MIN_DISTANCE,OK,2.722,3.692,,0,nearest_robot=robot4
387.000,ours,-,robot4,MIN_DISTANCE,OK,2.722,3.692,,0,nearest_robot=robot3
387.000,ours,-,robot5,MIN_DISTANCE,OK,0.789,3.692,,0,nearest_robot=robot6
387.000,ours,-,robot6,MIN_DISTANCE,OK,0.789,3.692,,0,nearest_robot=robot5
387.000,ours,-,fleet,MIN_DISTANCE_AVG,OK,3.692,,,0,robots_sampled=6
388.000,ours,-,robot1,MIN_DISTANCE,OK,8.509,3.651,,0,nearest_robot=robot2
388.000,ours,-,robot2,MIN_DISTANCE,OK,6.240,3.651,,0,nearest_robot=robot4
388.000,ours,-,robot3,MIN_DISTANCE,OK,2.789,3.651,,0,nearest_robot=robot4
388.000,ours,-,robot4,MIN_DISTANCE,OK,2.789,3.651,,0,nearest_robot=robot3
388.000,ours,-,robot5,MIN_DISTANCE,OK,0.789,3.651,,0,nearest_robot=robot6
388.000,ours,-,robot6,MIN_DISTANCE,OK,0.789,3.651,,0,nearest_robot=robot5
388.000,ours,-,fleet,MIN_DISTANCE_AVG,OK,3.651,,,0,robots_sampled=6
388.970,ours,-,fleet,CHOMP_TIME_FULL,OK,,4.171,,0,iterations=100;iterations_executed=100;source=algorithm;round_trip=4.195654
389.000,ours,-,robot1,MIN_DISTANCE,OK,8.533,3.608,,0,nearest_robot=robot2
389.000,ours,-,robot2,MIN_DISTANCE,OK,5.801,3.608,,0,nearest_robot=robot4
389.000,ours,-,robot3,MIN_DISTANCE,OK,2.868,3.608,,0,nearest_robot=robot4
389.000,ours,-,robot4,MIN_DISTANCE,OK,2.868,3.608,,0,nearest_robot=robot3
389.000,ours,-,robot5,MIN_DISTANCE,OK,0.789,3.608,,0,nearest_robot=robot6
389.000,ours,-,robot6,MIN_DISTANCE,OK,0.789,3.608,,0,nearest_robot=robot5
389.000,ours,-,fleet,MIN_DISTANCE_AVG,OK,3.608,,,0,robots_sampled=6
390.000,ours,-,robot1,MIN_DISTANCE,OK,8.566,3.572,,0,nearest_robot=robot2
390.000,ours,-,robot2,MIN_DISTANCE,OK,5.307,3.572,,0,nearest_robot=robot4
390.000,ours,-,robot3,MIN_DISTANCE,OK,2.991,3.572,,0,nearest_robot=robot4
390.000,ours,-,robot4,MIN_DISTANCE,OK,2.991,3.572,,0,nearest_robot=robot3
390.000,ours,-,robot5,MIN_DISTANCE,OK,0.788,3.572,,0,nearest_robot=robot6
390.000,ours,-,robot6,MIN_DISTANCE,OK,0.788,3.572,,0,nearest_robot=robot5
390.000,ours,-,fleet,MIN_DISTANCE_AVG,OK,3.572,,,0,robots_sampled=6
391.000,ours,-,robot1,MIN_DISTANCE,OK,8.566,3.522,,0,nearest_robot=robot2
391.000,ours,-,robot2,MIN_DISTANCE,OK,4.820,3.522,,0,nearest_robot=robot4
391.000,ours,-,robot3,MIN_DISTANCE,OK,3.086,3.522,,0,nearest_robot=robot4
391.000,ours,-,robot4,MIN_DISTANCE,OK,3.086,3.522,,0,nearest_robot=robot3
391.000,ours,-,robot5,MIN_DISTANCE,OK,0.788,3.522,,0,nearest_robot=robot6
391.000,ours,-,robot6,MIN_DISTANCE,OK,0.788,3.522,,0,nearest_robot=robot5
391.000,ours,-,fleet,MIN_DISTANCE_AVG,OK,3.522,,,0,robots_sampled=6
392.000,ours,-,robot1,MIN_DISTANCE,OK,8.566,3.475,,0,nearest_robot=robot2
392.000,ours,-,robot2,MIN_DISTANCE,OK,4.371,3.475,,0,nearest_robot=robot4
392.000,ours,-,robot3,MIN_DISTANCE,OK,3.169,3.475,,0,nearest_robot=robot4
392.000,ours,-,robot4,MIN_DISTANCE,OK,3.169,3.475,,0,nearest_robot=robot3
392.000,ours,-,robot5,MIN_DISTANCE,OK,0.788,3.475,,0,nearest_robot=robot6
392.000,ours,-,robot6,MIN_DISTANCE,OK,0.788,3.475,,0,nearest_robot=robot5
392.000,ours,-,fleet,MIN_DISTANCE_AVG,OK,3.475,,,0,robots_sampled=6
393.000,ours,-,robot1,MIN_DISTANCE,OK,8.566,3.428,,0,nearest_robot=robot2
393.000,ours,-,robot2,MIN_DISTANCE,OK,3.902,3.428,,0,nearest_robot=robot4
393.000,ours,-,robot3,MIN_DISTANCE,OK,3.261,3.428,,0,nearest_robot=robot4
393.000,ours,-,robot4,MIN_DISTANCE,OK,3.261,3.428,,0,nearest_robot=robot3
393.000,ours,-,robot5,MIN_DISTANCE,OK,0.787,3.428,,0,nearest_robot=robot6
393.000,ours,-,robot6,MIN_DISTANCE,OK,0.787,3.428,,0,nearest_robot=robot5
393.000,ours,-,fleet,MIN_DISTANCE_AVG,OK,3.428,,,0,robots_sampled=6
393.480,ours,-,fleet,CHOMP_TIME_FULL,OK,,4.177,,0,iterations=100;iterations_executed=100;source=algorithm;round_trip=4.199285
394.000,ours,-,robot1,MIN_DISTANCE,OK,8.495,3.383,,0,nearest_robot=robot2
394.000,ours,-,robot2,MIN_DISTANCE,OK,3.549,3.383,,0,nearest_robot=robot4
394.000,ours,-,robot3,MIN_DISTANCE,OK,3.338,3.383,,0,nearest_robot=robot4
394.000,ours,-,robot4,MIN_DISTANCE,OK,3.338,3.383,,0,nearest_robot=robot3
394.000,ours,-,robot5,MIN_DISTANCE,OK,0.788,3.383,,0,nearest_robot=robot6
394.000,ours,-,robot6,MIN_DISTANCE,OK,0.788,3.383,,0,nearest_robot=robot5
394.000,ours,-,fleet,MIN_DISTANCE_AVG,OK,3.383,,,0,robots_sampled=6
395.000,ours,-,robot1,MIN_DISTANCE,OK,8.285,3.340,,0,nearest_robot=robot2
395.000,ours,-,robot2,MIN_DISTANCE,OK,3.302,3.340,,0,nearest_robot=robot4
395.000,ours,-,robot3,MIN_DISTANCE,OK,3.573,3.340,,0,nearest_robot=robot4
395.000,ours,-,robot4,MIN_DISTANCE,OK,3.302,3.340,,0,nearest_robot=robot2
395.000,ours,-,robot5,MIN_DISTANCE,OK,0.790,3.340,,0,nearest_robot=robot6
395.000,ours,-,robot6,MIN_DISTANCE,OK,0.790,3.340,,0,nearest_robot=robot5
395.000,ours,-,fleet,MIN_DISTANCE_AVG,OK,3.340,,,0,robots_sampled=6
396.000,ours,-,robot1,MIN_DISTANCE,OK,8.083,3.242,,0,nearest_robot=robot2
396.000,ours,-,robot2,MIN_DISTANCE,OK,2.991,3.242,,0,nearest_robot=robot4
396.000,ours,-,robot3,MIN_DISTANCE,OK,3.807,3.242,,0,nearest_robot=robot4
396.000,ours,-,robot4,MIN_DISTANCE,OK,2.991,3.242,,0,nearest_robot=robot2
396.000,ours,-,robot5,MIN_DISTANCE,OK,0.788,3.242,,0,nearest_robot=robot6
396.000,ours,-,robot6,MIN_DISTANCE,OK,0.788,3.242,,0,nearest_robot=robot5
396.000,ours,-,fleet,MIN_DISTANCE_AVG,OK,3.242,,,0,robots_sampled=6
397.000,ours,-,robot1,MIN_DISTANCE,OK,7.961,3.129,,0,nearest_robot=robot2
397.000,ours,-,robot2,MIN_DISTANCE,OK,2.637,3.129,,0,nearest_robot=robot4
397.000,ours,-,robot3,MIN_DISTANCE,OK,3.970,3.129,,0,nearest_robot=robot4
397.000,ours,-,robot4,MIN_DISTANCE,OK,2.637,3.129,,0,nearest_robot=robot2
397.000,ours,-,robot5,MIN_DISTANCE,OK,0.785,3.129,,0,nearest_robot=robot6
397.000,ours,-,robot6,MIN_DISTANCE,OK,0.785,3.129,,0,nearest_robot=robot5
397.000,ours,-,fleet,MIN_DISTANCE_AVG,OK,3.129,,,0,robots_sampled=6
398.000,ours,-,robot1,MIN_DISTANCE,OK,7.972,2.989,,0,nearest_robot=robot2
398.000,ours,-,robot2,MIN_DISTANCE,OK,2.158,2.989,,0,nearest_robot=robot4
398.000,ours,-,robot3,MIN_DISTANCE,OK,4.076,2.989,,0,nearest_robot=robot4
398.000,ours,-,robot4,MIN_DISTANCE,OK,2.158,2.989,,0,nearest_robot=robot2
398.000,ours,-,robot5,MIN_DISTANCE,OK,0.786,2.989,,0,nearest_robot=robot6
398.000,ours,-,robot6,MIN_DISTANCE,OK,0.786,2.989,,0,nearest_robot=robot5
398.000,ours,-,fleet,MIN_DISTANCE_AVG,OK,2.989,,,0,robots_sampled=6
398.890,ours,-,fleet,CHOMP_TIME_FULL,OK,,4.091,,0,iterations=100;iterations_executed=100;source=algorithm;round_trip=4.112837
399.000,ours,-,robot1,MIN_DISTANCE,OK,8.023,2.860,,0,nearest_robot=robot2
399.000,ours,-,robot2,MIN_DISTANCE,OK,1.746,2.860,,0,nearest_robot=robot4
399.000,ours,-,robot3,MIN_DISTANCE,OK,4.072,2.860,,0,nearest_robot=robot4
399.000,ours,-,robot4,MIN_DISTANCE,OK,1.746,2.860,,0,nearest_robot=robot2
399.000,ours,-,robot5,MIN_DISTANCE,OK,0.786,2.860,,0,nearest_robot=robot6
399.000,ours,-,robot6,MIN_DISTANCE,OK,0.786,2.860,,0,nearest_robot=robot5
399.000,ours,-,fleet,MIN_DISTANCE_AVG,OK,2.860,,,0,robots_sampled=6
400.000,ours,-,robot1,MIN_DISTANCE,OK,8.049,2.755,,0,nearest_robot=robot2
400.000,ours,-,robot2,MIN_DISTANCE,OK,1.529,2.755,,0,nearest_robot=robot4
400.000,ours,-,robot3,MIN_DISTANCE,OK,3.847,2.755,,0,nearest_robot=robot4
400.000,ours,-,robot4,MIN_DISTANCE,OK,1.529,2.755,,0,nearest_robot=robot2
400.000,ours,-,robot5,MIN_DISTANCE,OK,0.786,2.755,,0,nearest_robot=robot6
400.000,ours,-,robot6,MIN_DISTANCE,OK,0.786,2.755,,0,nearest_robot=robot5
400.000,ours,-,fleet,MIN_DISTANCE_AVG,OK,2.755,,,0,robots_sampled=6
401.000,ours,-,robot1,MIN_DISTANCE,OK,8.067,2.678,,0,nearest_robot=robot2
401.000,ours,-,robot2,MIN_DISTANCE,OK,1.477,2.678,,0,nearest_robot=robot4
401.000,ours,-,robot3,MIN_DISTANCE,OK,3.477,2.678,,0,nearest_robot=robot4
401.000,ours,-,robot4,MIN_DISTANCE,OK,1.477,2.678,,0,nearest_robot=robot2
401.000,ours,-,robot5,MIN_DISTANCE,OK,0.786,2.678,,0,nearest_robot=robot6
401.000,ours,-,robot6,MIN_DISTANCE,OK,0.786,2.678,,0,nearest_robot=robot5
401.000,ours,-,fleet,MIN_DISTANCE_AVG,OK,2.678,,,0,robots_sampled=6
402.000,ours,-,robot1,MIN_DISTANCE,OK,8.051,2.616,,0,nearest_robot=robot2
402.000,ours,-,robot2,MIN_DISTANCE,OK,1.486,2.616,,0,nearest_robot=robot4
402.000,ours,-,robot3,MIN_DISTANCE,OK,3.103,2.616,,0,nearest_robot=robot4
402.000,ours,-,robot4,MIN_DISTANCE,OK,1.486,2.616,,0,nearest_robot=robot2
402.000,ours,-,robot5,MIN_DISTANCE,OK,0.785,2.616,,0,nearest_robot=robot6
402.000,ours,-,robot6,MIN_DISTANCE,OK,0.785,2.616,,0,nearest_robot=robot5
402.000,ours,-,fleet,MIN_DISTANCE_AVG,OK,2.616,,,0,robots_sampled=6
403.000,ours,-,robot1,MIN_DISTANCE,OK,8.095,2.547,,0,nearest_robot=robot2
403.000,ours,-,robot2,MIN_DISTANCE,OK,1.439,2.547,,0,nearest_robot=robot4
403.000,ours,-,robot3,MIN_DISTANCE,OK,2.742,2.547,,0,nearest_robot=robot4
403.000,ours,-,robot4,MIN_DISTANCE,OK,1.439,2.547,,0,nearest_robot=robot2
403.000,ours,-,robot5,MIN_DISTANCE,OK,0.785,2.547,,0,nearest_robot=robot6
403.000,ours,-,robot6,MIN_DISTANCE,OK,0.785,2.547,,0,nearest_robot=robot5
403.000,ours,-,fleet,MIN_DISTANCE_AVG,OK,2.547,,,0,robots_sampled=6
403.410,ours,-,fleet,CHOMP_TIME_FULL,OK,,4.098,,0,iterations=100;iterations_executed=100;source=algorithm;round_trip=4.122450
404.000,ours,-,robot1,MIN_DISTANCE,OK,8.098,2.497,,0,nearest_robot=robot2
404.000,ours,-,robot2,MIN_DISTANCE,OK,1.437,2.497,,0,nearest_robot=robot4
404.000,ours,-,robot3,MIN_DISTANCE,OK,2.438,2.497,,0,nearest_robot=robot4
404.000,ours,-,robot4,MIN_DISTANCE,OK,1.437,2.497,,0,nearest_robot=robot2
404.000,ours,-,robot5,MIN_DISTANCE,OK,0.785,2.497,,0,nearest_robot=robot6
404.000,ours,-,robot6,MIN_DISTANCE,OK,0.785,2.497,,0,nearest_robot=robot5
404.000,ours,-,fleet,MIN_DISTANCE_AVG,OK,2.497,,,0,robots_sampled=6
405.000,ours,-,robot1,MIN_DISTANCE,OK,8.112,2.446,,0,nearest_robot=robot2
405.000,ours,-,robot2,MIN_DISTANCE,OK,1.452,2.446,,0,nearest_robot=robot4
405.000,ours,-,robot3,MIN_DISTANCE,OK,2.091,2.446,,0,nearest_robot=robot4
405.000,ours,-,robot4,MIN_DISTANCE,OK,1.452,2.446,,0,nearest_robot=robot2
405.000,ours,-,robot5,MIN_DISTANCE,OK,0.785,2.446,,0,nearest_robot=robot6
405.000,ours,-,robot6,MIN_DISTANCE,OK,0.785,2.446,,0,nearest_robot=robot5
405.000,ours,-,fleet,MIN_DISTANCE_AVG,OK,2.446,,,0,robots_sampled=6
406.000,ours,-,robot1,MIN_DISTANCE,OK,8.071,2.375,,0,nearest_robot=robot2
406.000,ours,-,robot2,MIN_DISTANCE,OK,1.434,2.375,,0,nearest_robot=robot4
406.000,ours,-,robot3,MIN_DISTANCE,OK,1.741,2.375,,0,nearest_robot=robot4
406.000,ours,-,robot4,MIN_DISTANCE,OK,1.434,2.375,,0,nearest_robot=robot2
406.000,ours,-,robot5,MIN_DISTANCE,OK,0.784,2.375,,0,nearest_robot=robot6
406.000,ours,-,robot6,MIN_DISTANCE,OK,0.784,2.375,,0,nearest_robot=robot5
406.000,ours,-,fleet,MIN_DISTANCE_AVG,OK,2.375,,,0,robots_sampled=6
407.000,ours,-,robot1,MIN_DISTANCE,OK,8.054,2.300,,0,nearest_robot=robot2
407.000,ours,-,robot2,MIN_DISTANCE,OK,1.368,2.300,,0,nearest_robot=robot4
407.000,ours,-,robot3,MIN_DISTANCE,OK,1.440,2.300,,0,nearest_robot=robot4
407.000,ours,-,robot4,MIN_DISTANCE,OK,1.368,2.300,,0,nearest_robot=robot2
407.000,ours,-,robot5,MIN_DISTANCE,OK,0.784,2.300,,0,nearest_robot=robot6
407.000,ours,-,robot6,MIN_DISTANCE,OK,0.784,2.300,,0,nearest_robot=robot5
407.000,ours,-,fleet,MIN_DISTANCE_AVG,OK,2.300,,,0,robots_sampled=6
407.930,ours,-,fleet,CHOMP_TIME_FULL,OK,,4.118,,0,iterations=100;iterations_executed=100;source=algorithm;round_trip=4.142745
408.000,ours,-,robot1,MIN_DISTANCE,OK,8.054,2.199,,0,nearest_robot=robot2
408.000,ours,-,robot2,MIN_DISTANCE,OK,1.406,2.199,,0,nearest_robot=robot4
408.000,ours,-,robot3,MIN_DISTANCE,OK,1.082,2.199,,0,nearest_robot=robot4
408.000,ours,-,robot4,MIN_DISTANCE,OK,1.082,2.199,,0,nearest_robot=robot3
408.000,ours,-,robot5,MIN_DISTANCE,OK,0.784,2.199,,0,nearest_robot=robot6
408.000,ours,-,robot6,MIN_DISTANCE,OK,0.784,2.199,,0,nearest_robot=robot5
408.000,ours,-,fleet,MIN_DISTANCE_AVG,OK,2.199,,,0,robots_sampled=6
409.000,ours,-,robot1,MIN_DISTANCE,OK,8.067,2.130,,0,nearest_robot=robot2
409.000,ours,-,robot2,MIN_DISTANCE,OK,1.405,2.130,,0,nearest_robot=robot4
409.000,ours,-,robot3,MIN_DISTANCE,OK,0.849,2.130,,0,nearest_robot=robot4
409.000,ours,-,robot4,MIN_DISTANCE,OK,0.849,2.130,,0,nearest_robot=robot3
409.000,ours,-,robot5,MIN_DISTANCE,OK,0.804,2.130,,0,nearest_robot=robot6
409.000,ours,-,robot6,MIN_DISTANCE,OK,0.804,2.130,,0,nearest_robot=robot5
409.000,ours,-,fleet,MIN_DISTANCE_AVG,OK,2.130,,,0,robots_sampled=6
410.000,ours,-,robot1,MIN_DISTANCE,OK,8.064,2.109,,0,nearest_robot=robot2
410.000,ours,-,robot2,MIN_DISTANCE,OK,1.412,2.109,,0,nearest_robot=robot4
410.000,ours,-,robot3,MIN_DISTANCE,OK,0.790,2.109,,0,nearest_robot=robot4
410.000,ours,-,robot4,MIN_DISTANCE,OK,0.790,2.109,,0,nearest_robot=robot3
410.000,ours,-,robot5,MIN_DISTANCE,OK,0.799,2.109,,0,nearest_robot=robot6
410.000,ours,-,robot6,MIN_DISTANCE,OK,0.799,2.109,,0,nearest_robot=robot5
410.000,ours,-,fleet,MIN_DISTANCE_AVG,OK,2.109,,,0,robots_sampled=6
411.000,ours,-,robot1,MIN_DISTANCE,OK,8.036,2.138,,0,nearest_robot=robot2
411.000,ours,-,robot2,MIN_DISTANCE,OK,1.461,2.138,,0,nearest_robot=robot4
411.000,ours,-,robot3,MIN_DISTANCE,OK,0.868,2.138,,0,nearest_robot=robot4
411.000,ours,-,robot4,MIN_DISTANCE,OK,0.868,2.138,,0,nearest_robot=robot3
411.000,ours,-,robot5,MIN_DISTANCE,OK,0.797,2.138,,0,nearest_robot=robot6
411.000,ours,-,robot6,MIN_DISTANCE,OK,0.797,2.138,,0,nearest_robot=robot5
411.000,ours,-,fleet,MIN_DISTANCE_AVG,OK,2.138,,,0,robots_sampled=6
412.000,ours,-,robot1,MIN_DISTANCE,OK,7.974,2.134,,0,nearest_robot=robot2
412.000,ours,-,robot2,MIN_DISTANCE,OK,1.387,2.134,,0,nearest_robot=robot3
412.000,ours,-,robot3,MIN_DISTANCE,OK,0.940,2.134,,0,nearest_robot=robot4
412.000,ours,-,robot4,MIN_DISTANCE,OK,0.940,2.134,,0,nearest_robot=robot3
412.000,ours,-,robot5,MIN_DISTANCE,OK,0.780,2.134,,0,nearest_robot=robot6
412.000,ours,-,robot6,MIN_DISTANCE,OK,0.780,2.134,,0,nearest_robot=robot5
412.000,ours,-,fleet,MIN_DISTANCE_AVG,OK,2.134,,,0,robots_sampled=6
412.470,ours,-,fleet,CHOMP_TIME_FULL,OK,,4.199,,0,iterations=100;iterations_executed=100;source=algorithm;round_trip=4.219815
413.000,ours,-,robot1,MIN_DISTANCE,OK,7.957,2.142,,0,nearest_robot=robot2
413.000,ours,-,robot2,MIN_DISTANCE,OK,1.268,2.142,,0,nearest_robot=robot3
413.000,ours,-,robot3,MIN_DISTANCE,OK,1.033,2.142,,0,nearest_robot=robot4
413.000,ours,-,robot4,MIN_DISTANCE,OK,1.033,2.142,,0,nearest_robot=robot3
413.000,ours,-,robot5,MIN_DISTANCE,OK,0.780,2.142,,0,nearest_robot=robot6
413.000,ours,-,robot6,MIN_DISTANCE,OK,0.780,2.142,,0,nearest_robot=robot5
413.000,ours,-,fleet,MIN_DISTANCE_AVG,OK,2.142,,,0,robots_sampled=6
414.000,ours,-,robot1,MIN_DISTANCE,OK,7.955,2.187,,0,nearest_robot=robot2
414.000,ours,-,robot2,MIN_DISTANCE,OK,1.235,2.187,,0,nearest_robot=robot3
414.000,ours,-,robot3,MIN_DISTANCE,OK,1.186,2.187,,0,nearest_robot=robot4
414.000,ours,-,robot4,MIN_DISTANCE,OK,1.186,2.187,,0,nearest_robot=robot3
414.000,ours,-,robot5,MIN_DISTANCE,OK,0.781,2.187,,0,nearest_robot=robot6
414.000,ours,-,robot6,MIN_DISTANCE,OK,0.781,2.187,,0,nearest_robot=robot5
414.000,ours,-,fleet,MIN_DISTANCE_AVG,OK,2.187,,,0,robots_sampled=6
415.000,ours,-,robot1,MIN_DISTANCE,OK,7.689,2.234,,0,nearest_robot=robot2
415.000,ours,-,robot2,MIN_DISTANCE,OK,1.226,2.234,,0,nearest_robot=robot3
415.000,ours,-,robot3,MIN_DISTANCE,OK,1.226,2.234,,0,nearest_robot=robot2
415.000,ours,-,robot4,MIN_DISTANCE,OK,1.702,2.234,,0,nearest_robot=robot3
415.000,ours,-,robot5,MIN_DISTANCE,OK,0.781,2.234,,0,nearest_robot=robot6
415.000,ours,-,robot6,MIN_DISTANCE,OK,0.781,2.234,,0,nearest_robot=robot5
415.000,ours,-,fleet,MIN_DISTANCE_AVG,OK,2.234,,,0,robots_sampled=6
416.000,ours,-,robot1,MIN_DISTANCE,OK,7.658,2.253,,0,nearest_robot=robot2
416.000,ours,-,robot2,MIN_DISTANCE,OK,1.062,2.253,,0,nearest_robot=robot3
416.000,ours,-,robot3,MIN_DISTANCE,OK,1.062,2.253,,0,nearest_robot=robot2
416.000,ours,-,robot4,MIN_DISTANCE,OK,2.178,2.253,,0,nearest_robot=robot3
416.000,ours,-,robot5,MIN_DISTANCE,OK,0.780,2.253,,0,nearest_robot=robot6
416.000,ours,-,robot6,MIN_DISTANCE,OK,0.780,2.253,,0,nearest_robot=robot5
416.000,ours,-,fleet,MIN_DISTANCE_AVG,OK,2.253,,,0,robots_sampled=6
416.870,ours,-,fleet,CHOMP_TIME_FULL,OK,,4.071,,0,iterations=100;iterations_executed=100;source=algorithm;round_trip=4.096199
417.000,ours,-,robot1,MIN_DISTANCE,OK,7.659,2.279,,0,nearest_robot=robot2
417.000,ours,-,robot2,MIN_DISTANCE,OK,0.895,2.279,,0,nearest_robot=robot3
417.000,ours,-,robot3,MIN_DISTANCE,OK,0.895,2.279,,0,nearest_robot=robot2
417.000,ours,-,robot4,MIN_DISTANCE,OK,2.666,2.279,,0,nearest_robot=robot3
417.000,ours,-,robot5,MIN_DISTANCE,OK,0.780,2.279,,0,nearest_robot=robot6
417.000,ours,-,robot6,MIN_DISTANCE,OK,0.780,2.279,,0,nearest_robot=robot5
417.000,ours,-,fleet,MIN_DISTANCE_AVG,OK,2.279,,,0,robots_sampled=6
418.000,ours,-,robot1,MIN_DISTANCE,OK,7.659,2.342,,0,nearest_robot=robot2
418.000,ours,-,robot2,MIN_DISTANCE,OK,0.875,2.342,,0,nearest_robot=robot3
418.000,ours,-,robot3,MIN_DISTANCE,OK,0.875,2.342,,0,nearest_robot=robot2
418.000,ours,-,robot4,MIN_DISTANCE,OK,3.083,2.342,,0,nearest_robot=robot3
418.000,ours,-,robot5,MIN_DISTANCE,OK,0.779,2.342,,0,nearest_robot=robot6
418.000,ours,-,robot6,MIN_DISTANCE,OK,0.779,2.342,,0,nearest_robot=robot5
418.000,ours,-,fleet,MIN_DISTANCE_AVG,OK,2.342,,,0,robots_sampled=6
419.000,ours,-,robot1,MIN_DISTANCE,OK,7.659,2.412,,0,nearest_robot=robot2
419.000,ours,-,robot2,MIN_DISTANCE,OK,0.860,2.412,,0,nearest_robot=robot3
419.000,ours,-,robot3,MIN_DISTANCE,OK,0.860,2.412,,0,nearest_robot=robot2
419.000,ours,-,robot4,MIN_DISTANCE,OK,3.538,2.412,,0,nearest_robot=robot3
419.000,ours,-,robot5,MIN_DISTANCE,OK,0.779,2.412,,0,nearest_robot=robot6
419.000,ours,-,robot6,MIN_DISTANCE,OK,0.779,2.412,,0,nearest_robot=robot5
419.000,ours,-,fleet,MIN_DISTANCE_AVG,OK,2.412,,,0,robots_sampled=6
420.000,ours,-,robot1,MIN_DISTANCE,OK,7.659,2.488,,0,nearest_robot=robot2
420.000,ours,-,robot2,MIN_DISTANCE,OK,0.871,2.488,,0,nearest_robot=robot3
420.000,ours,-,robot3,MIN_DISTANCE,OK,0.871,2.488,,0,nearest_robot=robot2
420.000,ours,-,robot4,MIN_DISTANCE,OK,3.968,2.488,,0,nearest_robot=robot3
420.000,ours,-,robot5,MIN_DISTANCE,OK,0.779,2.488,,0,nearest_robot=robot6
420.000,ours,-,robot6,MIN_DISTANCE,OK,0.779,2.488,,0,nearest_robot=robot5
420.000,ours,-,fleet,MIN_DISTANCE_AVG,OK,2.488,,,0,robots_sampled=6
421.000,ours,-,robot1,MIN_DISTANCE,OK,7.659,2.576,,0,nearest_robot=robot2
421.000,ours,-,robot2,MIN_DISTANCE,OK,0.879,2.576,,0,nearest_robot=robot3
421.000,ours,-,robot3,MIN_DISTANCE,OK,0.879,2.576,,0,nearest_robot=robot2
421.000,ours,-,robot4,MIN_DISTANCE,OK,4.484,2.576,,0,nearest_robot=robot3
421.000,ours,-,robot5,MIN_DISTANCE,OK,0.779,2.576,,0,nearest_robot=robot6
421.000,ours,-,robot6,MIN_DISTANCE,OK,0.779,2.576,,0,nearest_robot=robot5
421.000,ours,-,fleet,MIN_DISTANCE_AVG,OK,2.576,,,0,robots_sampled=6
421.390,ours,-,fleet,CHOMP_TIME_FULL,OK,,4.071,,0,iterations=100;iterations_executed=100;source=algorithm;round_trip=4.092094
422.000,ours,-,robot1,MIN_DISTANCE,OK,7.607,2.682,,0,nearest_robot=robot2
422.000,ours,-,robot2,MIN_DISTANCE,OK,0.939,2.682,,0,nearest_robot=robot3
422.000,ours,-,robot3,MIN_DISTANCE,OK,0.939,2.682,,0,nearest_robot=robot2
422.000,ours,-,robot4,MIN_DISTANCE,OK,5.040,2.682,,0,nearest_robot=robot3
422.000,ours,-,robot5,MIN_DISTANCE,OK,0.783,2.682,,0,nearest_robot=robot6
422.000,ours,-,robot6,MIN_DISTANCE,OK,0.783,2.682,,0,nearest_robot=robot5
422.000,ours,-,fleet,MIN_DISTANCE_AVG,OK,2.682,,,0,robots_sampled=6
423.000,ours,-,robot1,MIN_DISTANCE,OK,7.667,2.764,,0,nearest_robot=robot2
423.000,ours,-,robot2,MIN_DISTANCE,OK,0.884,2.764,,0,nearest_robot=robot3
423.000,ours,-,robot3,MIN_DISTANCE,OK,0.884,2.764,,0,nearest_robot=robot2
423.000,ours,-,robot4,MIN_DISTANCE,OK,5.583,2.764,,0,nearest_robot=robot3
423.000,ours,-,robot5,MIN_DISTANCE,OK,0.784,2.764,,0,nearest_robot=robot6
423.000,ours,-,robot6,MIN_DISTANCE,OK,0.784,2.764,,0,nearest_robot=robot5
423.000,ours,-,fleet,MIN_DISTANCE_AVG,OK,2.764,,,0,robots_sampled=6
424.000,ours,-,robot1,MIN_DISTANCE,OK,7.694,2.840,,0,nearest_robot=robot2
424.000,ours,-,robot2,MIN_DISTANCE,OK,0.845,2.840,,0,nearest_robot=robot3
424.000,ours,-,robot3,MIN_DISTANCE,OK,0.845,2.840,,0,nearest_robot=robot2
424.000,ours,-,robot4,MIN_DISTANCE,OK,6.093,2.840,,0,nearest_robot=robot3
424.000,ours,-,robot5,MIN_DISTANCE,OK,0.782,2.840,,0,nearest_robot=robot6
424.000,ours,-,robot6,MIN_DISTANCE,OK,0.782,2.840,,0,nearest_robot=robot5
424.000,ours,-,fleet,MIN_DISTANCE_AVG,OK,2.840,,,0,robots_sampled=6
425.000,ours,-,robot1,MIN_DISTANCE,OK,7.705,2.916,,0,nearest_robot=robot2
425.000,ours,-,robot2,MIN_DISTANCE,OK,0.816,2.916,,0,nearest_robot=robot3
425.000,ours,-,robot3,MIN_DISTANCE,OK,0.816,2.916,,0,nearest_robot=robot2
425.000,ours,-,robot4,MIN_DISTANCE,OK,6.612,2.916,,0,nearest_robot=robot3
425.000,ours,-,robot5,MIN_DISTANCE,OK,0.772,2.916,,0,nearest_robot=robot6
425.000,ours,-,robot6,MIN_DISTANCE,OK,0.772,2.916,,0,nearest_robot=robot5
425.000,ours,-,fleet,MIN_DISTANCE_AVG,OK,2.916,,,0,robots_sampled=6
426.000,ours,-,robot1,MIN_DISTANCE,OK,7.718,2.976,,0,nearest_robot=robot2
426.000,ours,-,robot2,MIN_DISTANCE,OK,0.793,2.976,,0,nearest_robot=robot3
426.000,ours,-,robot3,MIN_DISTANCE,OK,0.793,2.976,,0,nearest_robot=robot2
426.000,ours,-,robot4,MIN_DISTANCE,OK,7.006,2.976,,0,nearest_robot=robot3
426.000,ours,-,robot5,MIN_DISTANCE,OK,0.772,2.976,,0,nearest_robot=robot6
426.000,ours,-,robot6,MIN_DISTANCE,OK,0.772,2.976,,0,nearest_robot=robot5
426.000,ours,-,fleet,MIN_DISTANCE_AVG,OK,2.976,,,0,robots_sampled=6
426.260,ours,-,fleet,CHOMP_TIME_FULL,OK,,4.562,,0,iterations=100;iterations_executed=100;source=algorithm;round_trip=4.587296
427.000,ours,-,robot1,MIN_DISTANCE,OK,7.652,3.064,,0,nearest_robot=robot2
427.000,ours,-,robot2,MIN_DISTANCE,OK,0.919,3.064,,0,nearest_robot=robot3
427.000,ours,-,robot3,MIN_DISTANCE,OK,0.919,3.064,,0,nearest_robot=robot2
427.000,ours,-,robot4,MIN_DISTANCE,OK,7.345,3.064,,0,nearest_robot=robot3
427.000,ours,-,robot5,MIN_DISTANCE,OK,0.773,3.064,,0,nearest_robot=robot6
427.000,ours,-,robot6,MIN_DISTANCE,OK,0.773,3.064,,0,nearest_robot=robot5
427.000,ours,-,fleet,MIN_DISTANCE_AVG,OK,3.064,,,0,robots_sampled=6
428.000,ours,-,robot1,MIN_DISTANCE,OK,7.643,3.135,,0,nearest_robot=robot2
428.000,ours,-,robot2,MIN_DISTANCE,OK,0.975,3.135,,0,nearest_robot=robot3
428.000,ours,-,robot3,MIN_DISTANCE,OK,0.975,3.135,,0,nearest_robot=robot2
428.000,ours,-,robot4,MIN_DISTANCE,OK,7.660,3.135,,0,nearest_robot=robot3
428.000,ours,-,robot5,MIN_DISTANCE,OK,0.778,3.135,,0,nearest_robot=robot6
428.000,ours,-,robot6,MIN_DISTANCE,OK,0.778,3.135,,0,nearest_robot=robot5
428.000,ours,-,fleet,MIN_DISTANCE_AVG,OK,3.135,,,0,robots_sampled=6
429.000,ours,-,robot1,MIN_DISTANCE,OK,7.657,3.174,,0,nearest_robot=robot2
429.000,ours,-,robot2,MIN_DISTANCE,OK,0.998,3.174,,0,nearest_robot=robot3
429.000,ours,-,robot3,MIN_DISTANCE,OK,0.998,3.174,,0,nearest_robot=robot2
429.000,ours,-,robot4,MIN_DISTANCE,OK,7.833,3.174,,0,nearest_robot=robot3
429.000,ours,-,robot5,MIN_DISTANCE,OK,0.777,3.174,,0,nearest_robot=robot6
429.000,ours,-,robot6,MIN_DISTANCE,OK,0.777,3.174,,0,nearest_robot=robot5
429.000,ours,-,fleet,MIN_DISTANCE_AVG,OK,3.174,,,0,robots_sampled=6
430.000,ours,-,robot1,MIN_DISTANCE,OK,7.674,3.204,,0,nearest_robot=robot2
430.000,ours,-,robot2,MIN_DISTANCE,OK,1.038,3.204,,0,nearest_robot=robot3
430.000,ours,-,robot3,MIN_DISTANCE,OK,1.038,3.204,,0,nearest_robot=robot2
430.000,ours,-,robot4,MIN_DISTANCE,OK,7.930,3.204,,0,nearest_robot=robot3
430.000,ours,-,robot5,MIN_DISTANCE,OK,0.772,3.204,,0,nearest_robot=robot6
430.000,ours,-,robot6,MIN_DISTANCE,OK,0.772,3.204,,0,nearest_robot=robot5
430.000,ours,-,fleet,MIN_DISTANCE_AVG,OK,3.204,,,0,robots_sampled=6
431.000,ours,-,robot1,MIN_DISTANCE,OK,7.687,3.224,,0,nearest_robot=robot2
431.000,ours,-,robot2,MIN_DISTANCE,OK,1.066,3.224,,0,nearest_robot=robot3
431.000,ours,-,robot3,MIN_DISTANCE,OK,1.066,3.224,,0,nearest_robot=robot2
431.000,ours,-,robot4,MIN_DISTANCE,OK,7.983,3.224,,0,nearest_robot=robot3
431.000,ours,-,robot5,MIN_DISTANCE,OK,0.770,3.224,,0,nearest_robot=robot6
431.000,ours,-,robot6,MIN_DISTANCE,OK,0.770,3.224,,0,nearest_robot=robot5
431.000,ours,-,fleet,MIN_DISTANCE_AVG,OK,3.224,,,0,robots_sampled=6
431.760,ours,-,fleet,CHOMP_TIME_FULL,OK,,4.490,,0,iterations=100;iterations_executed=100;source=algorithm;round_trip=4.517266
432.000,ours,-,robot1,MIN_DISTANCE,OK,7.723,3.245,,0,nearest_robot=robot2
432.000,ours,-,robot2,MIN_DISTANCE,OK,1.082,3.245,,0,nearest_robot=robot3
432.000,ours,-,robot3,MIN_DISTANCE,OK,1.082,3.245,,0,nearest_robot=robot2
432.000,ours,-,robot4,MIN_DISTANCE,OK,8.042,3.245,,0,nearest_robot=robot3
432.000,ours,-,robot5,MIN_DISTANCE,OK,0.769,3.245,,0,nearest_robot=robot6
432.000,ours,-,robot6,MIN_DISTANCE,OK,0.769,3.245,,0,nearest_robot=robot5
432.000,ours,-,fleet,MIN_DISTANCE_AVG,OK,3.245,,,0,robots_sampled=6
433.000,ours,-,robot1,MIN_DISTANCE,OK,7.772,3.271,,0,nearest_robot=robot2
433.000,ours,-,robot2,MIN_DISTANCE,OK,1.062,3.271,,0,nearest_robot=robot3
433.000,ours,-,robot3,MIN_DISTANCE,OK,1.062,3.271,,0,nearest_robot=robot2
433.000,ours,-,robot4,MIN_DISTANCE,OK,8.194,3.271,,0,nearest_robot=robot2
433.000,ours,-,robot5,MIN_DISTANCE,OK,0.769,3.271,,0,nearest_robot=robot6
433.000,ours,-,robot6,MIN_DISTANCE,OK,0.769,3.271,,0,nearest_robot=robot5
433.000,ours,-,fleet,MIN_DISTANCE_AVG,OK,3.271,,,0,robots_sampled=6
434.000,ours,-,robot1,MIN_DISTANCE,OK,7.792,3.275,,0,nearest_robot=robot2
434.000,ours,-,robot2,MIN_DISTANCE,OK,1.045,3.275,,0,nearest_robot=robot3
434.000,ours,-,robot3,MIN_DISTANCE,OK,1.045,3.275,,0,nearest_robot=robot2
434.000,ours,-,robot4,MIN_DISTANCE,OK,8.233,3.275,,0,nearest_robot=robot2
434.000,ours,-,robot5,MIN_DISTANCE,OK,0.769,3.275,,0,nearest_robot=robot6
434.000,ours,-,robot6,MIN_DISTANCE,OK,0.769,3.275,,0,nearest_robot=robot5
434.000,ours,-,fleet,MIN_DISTANCE_AVG,OK,3.275,,,0,robots_sampled=6
435.000,ours,-,robot1,MIN_DISTANCE,OK,7.795,3.270,,0,nearest_robot=robot2
435.000,ours,-,robot2,MIN_DISTANCE,OK,1.020,3.270,,0,nearest_robot=robot3
435.000,ours,-,robot3,MIN_DISTANCE,OK,1.020,3.270,,0,nearest_robot=robot2
435.000,ours,-,robot4,MIN_DISTANCE,OK,8.246,3.270,,0,nearest_robot=robot2
435.000,ours,-,robot5,MIN_DISTANCE,OK,0.768,3.270,,0,nearest_robot=robot6
435.000,ours,-,robot6,MIN_DISTANCE,OK,0.768,3.270,,0,nearest_robot=robot5
435.000,ours,-,fleet,MIN_DISTANCE_AVG,OK,3.270,,,0,robots_sampled=6
436.000,ours,-,robot1,MIN_DISTANCE,OK,7.813,3.293,,0,nearest_robot=robot2
436.000,ours,-,robot2,MIN_DISTANCE,OK,1.031,3.293,,0,nearest_robot=robot3
436.000,ours,-,robot3,MIN_DISTANCE,OK,1.031,3.293,,0,nearest_robot=robot2
436.000,ours,-,robot4,MIN_DISTANCE,OK,8.345,3.293,,0,nearest_robot=robot2
436.000,ours,-,robot5,MIN_DISTANCE,OK,0.768,3.293,,0,nearest_robot=robot6
436.000,ours,-,robot6,MIN_DISTANCE,OK,0.768,3.293,,0,nearest_robot=robot5
436.000,ours,-,fleet,MIN_DISTANCE_AVG,OK,3.293,,,0,robots_sampled=6
436.660,ours,-,fleet,CHOMP_TIME_FULL,OK,,4.376,,0,iterations=100;iterations_executed=100;source=algorithm;round_trip=4.399317
437.000,ours,-,robot1,MIN_DISTANCE,OK,7.832,3.350,,0,nearest_robot=robot2
437.000,ours,-,robot2,MIN_DISTANCE,OK,1.097,3.350,,0,nearest_robot=robot3
437.000,ours,-,robot3,MIN_DISTANCE,OK,1.097,3.350,,0,nearest_robot=robot2
437.000,ours,-,robot4,MIN_DISTANCE,OK,8.540,3.350,,0,nearest_robot=robot2
437.000,ours,-,robot5,MIN_DISTANCE,OK,0.768,3.350,,0,nearest_robot=robot6
437.000,ours,-,robot6,MIN_DISTANCE,OK,0.768,3.350,,0,nearest_robot=robot5
437.000,ours,-,fleet,MIN_DISTANCE_AVG,OK,3.350,,,0,robots_sampled=6
438.000,ours,-,robot1,MIN_DISTANCE,OK,7.555,3.387,,0,nearest_robot=robot3
438.000,ours,-,robot2,MIN_DISTANCE,OK,1.213,3.387,,0,nearest_robot=robot3
438.000,ours,-,robot3,MIN_DISTANCE,OK,1.213,3.387,,0,nearest_robot=robot2
438.000,ours,-,robot4,MIN_DISTANCE,OK,8.804,3.387,,0,nearest_robot=robot2
438.000,ours,-,robot5,MIN_DISTANCE,OK,0.767,3.387,,0,nearest_robot=robot6
438.000,ours,-,robot6,MIN_DISTANCE,OK,0.767,3.387,,0,nearest_robot=robot5
438.000,ours,-,fleet,MIN_DISTANCE_AVG,OK,3.387,,,0,robots_sampled=6
439.000,ours,-,robot1,MIN_DISTANCE,OK,7.040,3.420,,0,nearest_robot=robot3
439.000,ours,-,robot2,MIN_DISTANCE,OK,1.378,3.420,,0,nearest_robot=robot3
439.000,ours,-,robot3,MIN_DISTANCE,OK,1.378,3.420,,0,nearest_robot=robot2
439.000,ours,-,robot4,MIN_DISTANCE,OK,9.190,3.420,,0,nearest_robot=robot2
439.000,ours,-,robot5,MIN_DISTANCE,OK,0.767,3.420,,0,nearest_robot=robot6
439.000,ours,-,robot6,MIN_DISTANCE,OK,0.767,3.420,,0,nearest_robot=robot5
439.000,ours,-,fleet,MIN_DISTANCE_AVG,OK,3.420,,,0,robots_sampled=6
440.000,ours,-,robot1,MIN_DISTANCE,OK,6.542,3.507,,0,nearest_robot=robot3
440.000,ours,-,robot2,MIN_DISTANCE,OK,1.682,3.507,,0,nearest_robot=robot3
440.000,ours,-,robot3,MIN_DISTANCE,OK,1.682,3.507,,0,nearest_robot=robot2
440.000,ours,-,robot4,MIN_DISTANCE,OK,9.602,3.507,,0,nearest_robot=robot2
440.000,ours,-,robot5,MIN_DISTANCE,OK,0.767,3.507,,0,nearest_robot=robot6
440.000,ours,-,robot6,MIN_DISTANCE,OK,0.767,3.507,,0,nearest_robot=robot5
440.000,ours,-,fleet,MIN_DISTANCE_AVG,OK,3.507,,,0,robots_sampled=6
441.000,ours,-,robot1,MIN_DISTANCE,OK,6.081,3.607,,0,nearest_robot=robot3
441.000,ours,-,robot2,MIN_DISTANCE,OK,2.008,3.607,,0,nearest_robot=robot3
441.000,ours,-,robot3,MIN_DISTANCE,OK,2.008,3.607,,0,nearest_robot=robot2
441.000,ours,-,robot4,MIN_DISTANCE,OK,10.012,3.607,,0,nearest_robot=robot2
441.000,ours,-,robot5,MIN_DISTANCE,OK,0.767,3.607,,0,nearest_robot=robot6
441.000,ours,-,robot6,MIN_DISTANCE,OK,0.767,3.607,,0,nearest_robot=robot5
441.000,ours,-,fleet,MIN_DISTANCE_AVG,OK,3.607,,,0,robots_sampled=6
441.570,ours,-,fleet,CHOMP_TIME_FULL,OK,,4.295,,0,iterations=100;iterations_executed=100;source=algorithm;round_trip=4.316610
442.000,ours,-,robot1,MIN_DISTANCE,OK,5.582,3.737,,0,nearest_robot=robot3
442.000,ours,-,robot2,MIN_DISTANCE,OK,2.457,3.737,,0,nearest_robot=robot3
442.000,ours,-,robot3,MIN_DISTANCE,OK,2.457,3.737,,0,nearest_robot=robot2
442.000,ours,-,robot4,MIN_DISTANCE,OK,10.393,3.737,,0,nearest_robot=robot2
442.000,ours,-,robot5,MIN_DISTANCE,OK,0.766,3.737,,0,nearest_robot=robot6
442.000,ours,-,robot6,MIN_DISTANCE,OK,0.766,3.737,,0,nearest_robot=robot5
442.000,ours,-,fleet,MIN_DISTANCE_AVG,OK,3.737,,,0,robots_sampled=6
443.000,ours,-,robot1,MIN_DISTANCE,OK,5.097,3.831,,0,nearest_robot=robot3
443.000,ours,-,robot2,MIN_DISTANCE,OK,2.976,3.831,,0,nearest_robot=robot3
443.000,ours,-,robot3,MIN_DISTANCE,OK,2.976,3.831,,0,nearest_robot=robot2
443.000,ours,-,robot4,MIN_DISTANCE,OK,10.405,3.831,,0,nearest_robot=robot2
443.000,ours,-,robot5,MIN_DISTANCE,OK,0.766,3.831,,0,nearest_robot=robot6
443.000,ours,-,robot6,MIN_DISTANCE,OK,0.766,3.831,,0,nearest_robot=robot5
443.000,ours,-,fleet,MIN_DISTANCE_AVG,OK,3.831,,,0,robots_sampled=6
444.000,ours,-,robot1,MIN_DISTANCE,OK,4.567,3.920,,0,nearest_robot=robot3
444.000,ours,-,robot2,MIN_DISTANCE,OK,3.508,3.920,,0,nearest_robot=robot3
444.000,ours,-,robot3,MIN_DISTANCE,OK,3.508,3.920,,0,nearest_robot=robot2
444.000,ours,-,robot4,MIN_DISTANCE,OK,10.405,3.920,,0,nearest_robot=robot2
444.000,ours,-,robot5,MIN_DISTANCE,OK,0.766,3.920,,0,nearest_robot=robot6
444.000,ours,-,robot6,MIN_DISTANCE,OK,0.766,3.920,,0,nearest_robot=robot5
444.000,ours,-,fleet,MIN_DISTANCE_AVG,OK,3.920,,,0,robots_sampled=6
445.000,ours,-,robot1,MIN_DISTANCE,OK,4.124,3.998,,0,nearest_robot=robot3
445.000,ours,-,robot2,MIN_DISTANCE,OK,3.963,3.998,,0,nearest_robot=robot3
445.000,ours,-,robot3,MIN_DISTANCE,OK,3.963,3.998,,0,nearest_robot=robot2
445.000,ours,-,robot4,MIN_DISTANCE,OK,10.405,3.998,,0,nearest_robot=robot2
445.000,ours,-,robot5,MIN_DISTANCE,OK,0.766,3.998,,0,nearest_robot=robot6
445.000,ours,-,robot6,MIN_DISTANCE,OK,0.766,3.998,,0,nearest_robot=robot5
445.000,ours,-,fleet,MIN_DISTANCE_AVG,OK,3.998,,,0,robots_sampled=6
446.000,ours,-,robot1,MIN_DISTANCE,OK,3.689,3.955,,0,nearest_robot=robot3
446.000,ours,-,robot2,MIN_DISTANCE,OK,4.414,3.955,,0,nearest_robot=robot3
446.000,ours,-,robot3,MIN_DISTANCE,OK,3.689,3.955,,0,nearest_robot=robot1
446.000,ours,-,robot4,MIN_DISTANCE,OK,10.405,3.955,,0,nearest_robot=robot2
446.000,ours,-,robot5,MIN_DISTANCE,OK,0.765,3.955,,0,nearest_robot=robot6
446.000,ours,-,robot6,MIN_DISTANCE,OK,0.765,3.955,,0,nearest_robot=robot5
446.000,ours,-,fleet,MIN_DISTANCE_AVG,OK,3.955,,,0,robots_sampled=6
446.850,ours,-,fleet,CHOMP_TIME_FULL,OK,,4.013,,0,iterations=100;iterations_executed=100;source=algorithm;round_trip=4.036701
447.000,ours,-,robot1,MIN_DISTANCE,OK,3.305,3.894,,0,nearest_robot=robot3
447.000,ours,-,robot2,MIN_DISTANCE,OK,4.820,3.894,,0,nearest_robot=robot3
447.000,ours,-,robot3,MIN_DISTANCE,OK,3.305,3.894,,0,nearest_robot=robot1
447.000,ours,-,robot4,MIN_DISTANCE,OK,10.405,3.894,,0,nearest_robot=robot2
447.000,ours,-,robot5,MIN_DISTANCE,OK,0.765,3.894,,0,nearest_robot=robot6
447.000,ours,-,robot6,MIN_DISTANCE,OK,0.765,3.894,,0,nearest_robot=robot5
447.000,ours,-,fleet,MIN_DISTANCE_AVG,OK,3.894,,,0,robots_sampled=6
448.000,ours,-,robot1,MIN_DISTANCE,OK,3.022,3.847,,0,nearest_robot=robot3
448.000,ours,-,robot2,MIN_DISTANCE,OK,5.104,3.847,,0,nearest_robot=robot3
448.000,ours,-,robot3,MIN_DISTANCE,OK,3.022,3.847,,0,nearest_robot=robot1
448.000,ours,-,robot4,MIN_DISTANCE,OK,10.404,3.847,,0,nearest_robot=robot2
448.000,ours,-,robot5,MIN_DISTANCE,OK,0.767,3.847,,0,nearest_robot=robot6
448.000,ours,-,robot6,MIN_DISTANCE,OK,0.767,3.847,,0,nearest_robot=robot5
448.000,ours,-,fleet,MIN_DISTANCE_AVG,OK,3.847,,,0,robots_sampled=6
449.000,ours,-,robot1,MIN_DISTANCE,OK,2.877,3.823,,0,nearest_robot=robot3
449.000,ours,-,robot2,MIN_DISTANCE,OK,5.258,3.823,,0,nearest_robot=robot3
449.000,ours,-,robot3,MIN_DISTANCE,OK,2.877,3.823,,0,nearest_robot=robot1
449.000,ours,-,robot4,MIN_DISTANCE,OK,10.395,3.823,,0,nearest_robot=robot2
449.000,ours,-,robot5,MIN_DISTANCE,OK,0.765,3.823,,0,nearest_robot=robot6
449.000,ours,-,robot6,MIN_DISTANCE,OK,0.765,3.823,,0,nearest_robot=robot5
449.000,ours,-,fleet,MIN_DISTANCE_AVG,OK,3.823,,,0,robots_sampled=6
450.000,ours,-,robot1,MIN_DISTANCE,OK,2.840,3.817,,0,nearest_robot=robot3
450.000,ours,-,robot2,MIN_DISTANCE,OK,5.310,3.817,,0,nearest_robot=robot3
450.000,ours,-,robot3,MIN_DISTANCE,OK,2.840,3.817,,0,nearest_robot=robot1
450.000,ours,-,robot4,MIN_DISTANCE,OK,10.384,3.817,,0,nearest_robot=robot2
450.000,ours,-,robot5,MIN_DISTANCE,OK,0.764,3.817,,0,nearest_robot=robot6
450.000,ours,-,robot6,MIN_DISTANCE,OK,0.764,3.817,,0,nearest_robot=robot5
450.000,ours,-,fleet,MIN_DISTANCE_AVG,OK,3.817,,,0,robots_sampled=6
451.000,ours,-,robot1,MIN_DISTANCE,OK,2.778,3.808,,0,nearest_robot=robot3
451.000,ours,-,robot2,MIN_DISTANCE,OK,5.395,3.808,,0,nearest_robot=robot3
451.000,ours,-,robot3,MIN_DISTANCE,OK,2.778,3.808,,0,nearest_robot=robot1
451.000,ours,-,robot4,MIN_DISTANCE,OK,10.370,3.808,,0,nearest_robot=robot2
451.000,ours,-,robot5,MIN_DISTANCE,OK,0.763,3.808,,0,nearest_robot=robot6
451.000,ours,-,robot6,MIN_DISTANCE,OK,0.763,3.808,,0,nearest_robot=robot5
451.000,ours,-,fleet,MIN_DISTANCE_AVG,OK,3.808,,,0,robots_sampled=6
451.380,ours,-,fleet,CHOMP_TIME_FULL,OK,,4.078,,0,iterations=100;iterations_executed=100;source=algorithm;round_trip=4.099730
452.000,ours,-,robot1,MIN_DISTANCE,OK,2.657,3.793,,0,nearest_robot=robot3
452.000,ours,-,robot2,MIN_DISTANCE,OK,5.561,3.793,,0,nearest_robot=robot3
452.000,ours,-,robot3,MIN_DISTANCE,OK,2.657,3.793,,0,nearest_robot=robot1
452.000,ours,-,robot4,MIN_DISTANCE,OK,10.355,3.793,,0,nearest_robot=robot2
452.000,ours,-,robot5,MIN_DISTANCE,OK,0.762,3.793,,0,nearest_robot=robot6
452.000,ours,-,robot6,MIN_DISTANCE,OK,0.762,3.793,,0,nearest_robot=robot5
452.000,ours,-,fleet,MIN_DISTANCE_AVG,OK,3.793,,,0,robots_sampled=6
453.000,ours,-,robot1,MIN_DISTANCE,OK,2.625,3.789,,0,nearest_robot=robot3
453.000,ours,-,robot2,MIN_DISTANCE,OK,5.617,3.789,,0,nearest_robot=robot3
453.000,ours,-,robot3,MIN_DISTANCE,OK,2.625,3.789,,0,nearest_robot=robot1
453.000,ours,-,robot4,MIN_DISTANCE,OK,10.342,3.789,,0,nearest_robot=robot2
453.000,ours,-,robot5,MIN_DISTANCE,OK,0.762,3.789,,0,nearest_robot=robot6
453.000,ours,-,robot6,MIN_DISTANCE,OK,0.762,3.789,,0,nearest_robot=robot5
453.000,ours,-,fleet,MIN_DISTANCE_AVG,OK,3.789,,,0,robots_sampled=6
454.000,ours,-,robot1,MIN_DISTANCE,OK,2.652,3.793,,0,nearest_robot=robot3
454.000,ours,-,robot2,MIN_DISTANCE,OK,5.612,3.793,,0,nearest_robot=robot3
454.000,ours,-,robot3,MIN_DISTANCE,OK,2.652,3.793,,0,nearest_robot=robot1
454.000,ours,-,robot4,MIN_DISTANCE,OK,10.319,3.793,,0,nearest_robot=robot2
454.000,ours,-,robot5,MIN_DISTANCE,OK,0.762,3.793,,0,nearest_robot=robot6
454.000,ours,-,robot6,MIN_DISTANCE,OK,0.762,3.793,,0,nearest_robot=robot5
454.000,ours,-,fleet,MIN_DISTANCE_AVG,OK,3.793,,,0,robots_sampled=6
455.000,ours,-,robot1,MIN_DISTANCE,OK,2.573,3.782,,0,nearest_robot=robot3
455.000,ours,-,robot2,MIN_DISTANCE,OK,5.728,3.782,,0,nearest_robot=robot3
455.000,ours,-,robot3,MIN_DISTANCE,OK,2.573,3.782,,0,nearest_robot=robot1
455.000,ours,-,robot4,MIN_DISTANCE,OK,10.294,3.782,,0,nearest_robot=robot2
455.000,ours,-,robot5,MIN_DISTANCE,OK,0.761,3.782,,0,nearest_robot=robot6
455.000,ours,-,robot6,MIN_DISTANCE,OK,0.761,3.782,,0,nearest_robot=robot5
455.000,ours,-,fleet,MIN_DISTANCE_AVG,OK,3.782,,,0,robots_sampled=6
456.000,ours,-,robot1,MIN_DISTANCE,OK,2.365,3.749,,0,nearest_robot=robot3
456.000,ours,-,robot2,MIN_DISTANCE,OK,5.961,3.749,,0,nearest_robot=robot3
456.000,ours,-,robot3,MIN_DISTANCE,OK,2.365,3.749,,0,nearest_robot=robot1
456.000,ours,-,robot4,MIN_DISTANCE,OK,10.282,3.749,,0,nearest_robot=robot2
456.000,ours,-,robot5,MIN_DISTANCE,OK,0.761,3.749,,0,nearest_robot=robot6
456.000,ours,-,robot6,MIN_DISTANCE,OK,0.761,3.749,,0,nearest_robot=robot5
456.000,ours,-,fleet,MIN_DISTANCE_AVG,OK,3.749,,,0,robots_sampled=6
456.060,ours,-,fleet,CHOMP_TIME_FULL,OK,,4.263,,0,iterations=100;iterations_executed=100;source=algorithm;round_trip=4.289793
457.000,ours,-,robot1,MIN_DISTANCE,OK,2.233,3.726,,0,nearest_robot=robot3
457.000,ours,-,robot2,MIN_DISTANCE,OK,6.122,3.726,,0,nearest_robot=robot3
457.000,ours,-,robot3,MIN_DISTANCE,OK,2.233,3.726,,0,nearest_robot=robot1
457.000,ours,-,robot4,MIN_DISTANCE,OK,10.249,3.726,,0,nearest_robot=robot2
457.000,ours,-,robot5,MIN_DISTANCE,OK,0.761,3.726,,0,nearest_robot=robot6
457.000,ours,-,robot6,MIN_DISTANCE,OK,0.761,3.726,,0,nearest_robot=robot5
457.000,ours,-,fleet,MIN_DISTANCE_AVG,OK,3.726,,,0,robots_sampled=6
458.000,ours,-,robot1,MIN_DISTANCE,OK,2.251,3.723,,0,nearest_robot=robot3
458.000,ours,-,robot2,MIN_DISTANCE,OK,6.109,3.723,,0,nearest_robot=robot3
458.000,ours,-,robot3,MIN_DISTANCE,OK,2.251,3.723,,0,nearest_robot=robot1
458.000,ours,-,robot4,MIN_DISTANCE,OK,10.206,3.723,,0,nearest_robot=robot2
458.000,ours,-,robot5,MIN_DISTANCE,OK,0.761,3.723,,0,nearest_robot=robot6
458.000,ours,-,robot6,MIN_DISTANCE,OK,0.761,3.723,,0,nearest_robot=robot5
458.000,ours,-,fleet,MIN_DISTANCE_AVG,OK,3.723,,,0,robots_sampled=6
459.000,ours,-,robot1,MIN_DISTANCE,OK,2.190,3.709,,0,nearest_robot=robot3
459.000,ours,-,robot2,MIN_DISTANCE,OK,6.150,3.709,,0,nearest_robot=robot3
459.000,ours,-,robot3,MIN_DISTANCE,OK,2.190,3.709,,0,nearest_robot=robot1
459.000,ours,-,robot4,MIN_DISTANCE,OK,10.206,3.709,,0,nearest_robot=robot2
459.000,ours,-,robot5,MIN_DISTANCE,OK,0.760,3.709,,0,nearest_robot=robot6
459.000,ours,-,robot6,MIN_DISTANCE,OK,0.760,3.709,,0,nearest_robot=robot5
459.000,ours,-,fleet,MIN_DISTANCE_AVG,OK,3.709,,,0,robots_sampled=6
460.000,ours,-,robot1,MIN_DISTANCE,OK,1.865,3.639,,0,nearest_robot=robot3
460.000,ours,-,robot2,MIN_DISTANCE,OK,6.377,3.639,,0,nearest_robot=robot3
460.000,ours,-,robot3,MIN_DISTANCE,OK,1.865,3.639,,0,nearest_robot=robot1
460.000,ours,-,robot4,MIN_DISTANCE,OK,10.206,3.639,,0,nearest_robot=robot2
460.000,ours,-,robot5,MIN_DISTANCE,OK,0.760,3.639,,0,nearest_robot=robot6
460.000,ours,-,robot6,MIN_DISTANCE,OK,0.760,3.639,,0,nearest_robot=robot5
460.000,ours,-,fleet,MIN_DISTANCE_AVG,OK,3.639,,,0,robots_sampled=6
461.000,ours,-,robot1,MIN_DISTANCE,OK,1.570,3.582,,0,nearest_robot=robot3
461.000,ours,-,robot2,MIN_DISTANCE,OK,6.626,3.582,,0,nearest_robot=robot3
461.000,ours,-,robot3,MIN_DISTANCE,OK,1.570,3.582,,0,nearest_robot=robot1
461.000,ours,-,robot4,MIN_DISTANCE,OK,10.206,3.582,,0,nearest_robot=robot2
461.000,ours,-,robot5,MIN_DISTANCE,OK,0.760,3.582,,0,nearest_robot=robot6
461.000,ours,-,robot6,MIN_DISTANCE,OK,0.760,3.582,,0,nearest_robot=robot5
461.000,ours,-,fleet,MIN_DISTANCE_AVG,OK,3.582,,,0,robots_sampled=6
461.380,ours,-,fleet,CHOMP_TIME_FULL,OK,,4.041,,0,iterations=100;iterations_executed=100;source=algorithm;round_trip=4.062499
462.000,ours,-,robot1,MIN_DISTANCE,OK,1.400,3.561,,0,nearest_robot=robot3
462.000,ours,-,robot2,MIN_DISTANCE,OK,6.809,3.561,,0,nearest_robot=robot3
462.000,ours,-,robot3,MIN_DISTANCE,OK,1.400,3.561,,0,nearest_robot=robot1
462.000,ours,-,robot4,MIN_DISTANCE,OK,10.232,3.561,,0,nearest_robot=robot2
462.000,ours,-,robot5,MIN_DISTANCE,OK,0.761,3.561,,0,nearest_robot=robot6
462.000,ours,-,robot6,MIN_DISTANCE,OK,0.761,3.561,,0,nearest_robot=robot5
462.000,ours,-,fleet,MIN_DISTANCE_AVG,OK,3.561,,,0,robots_sampled=6
463.000,ours,-,robot1,MIN_DISTANCE,OK,1.341,3.582,,0,nearest_robot=robot3
463.000,ours,-,robot2,MIN_DISTANCE,OK,7.100,3.582,,0,nearest_robot=robot3
463.000,ours,-,robot3,MIN_DISTANCE,OK,1.341,3.582,,0,nearest_robot=robot1
463.000,ours,-,robot4,MIN_DISTANCE,OK,10.189,3.582,,0,nearest_robot=robot2
463.000,ours,-,robot5,MIN_DISTANCE,OK,0.762,3.582,,0,nearest_robot=robot6
463.000,ours,-,robot6,MIN_DISTANCE,OK,0.762,3.582,,0,nearest_robot=robot5
463.000,ours,-,fleet,MIN_DISTANCE_AVG,OK,3.582,,,0,robots_sampled=6
464.000,ours,-,robot1,MIN_DISTANCE,OK,1.399,3.652,,0,nearest_robot=robot3
464.000,ours,-,robot2,MIN_DISTANCE,OK,7.460,3.652,,0,nearest_robot=robot3
464.000,ours,-,robot3,MIN_DISTANCE,OK,1.399,3.652,,0,nearest_robot=robot1
464.000,ours,-,robot4,MIN_DISTANCE,OK,10.133,3.652,,0,nearest_robot=robot2
464.000,ours,-,robot5,MIN_DISTANCE,OK,0.761,3.652,,0,nearest_robot=robot6
464.000,ours,-,robot6,MIN_DISTANCE,OK,0.761,3.652,,0,nearest_robot=robot5
464.000,ours,-,fleet,MIN_DISTANCE_AVG,OK,3.652,,,0,robots_sampled=6
465.000,ours,-,robot1,MIN_DISTANCE,OK,1.556,3.749,,0,nearest_robot=robot3
465.000,ours,-,robot2,MIN_DISTANCE,OK,7.768,3.749,,0,nearest_robot=robot3
465.000,ours,-,robot3,MIN_DISTANCE,OK,1.556,3.749,,0,nearest_robot=robot1
465.000,ours,-,robot4,MIN_DISTANCE,OK,10.095,3.749,,0,nearest_robot=robot2
465.000,ours,-,robot5,MIN_DISTANCE,OK,0.760,3.749,,0,nearest_robot=robot6
465.000,ours,-,robot6,MIN_DISTANCE,OK,0.760,3.749,,0,nearest_robot=robot5
465.000,ours,-,fleet,MIN_DISTANCE_AVG,OK,3.749,,,0,robots_sampled=6
465.940,ours,-,fleet,CHOMP_TIME_FULL,OK,,4.137,,0,iterations=100;iterations_executed=100;source=algorithm;round_trip=4.163494
466.000,ours,-,robot1,MIN_DISTANCE,OK,1.811,3.898,,0,nearest_robot=robot3
466.000,ours,-,robot2,MIN_DISTANCE,OK,8.134,3.898,,0,nearest_robot=robot3
466.000,ours,-,robot3,MIN_DISTANCE,OK,1.811,3.898,,0,nearest_robot=robot1
466.000,ours,-,robot4,MIN_DISTANCE,OK,10.111,3.898,,0,nearest_robot=robot2
466.000,ours,-,robot5,MIN_DISTANCE,OK,0.759,3.898,,0,nearest_robot=robot6
466.000,ours,-,robot6,MIN_DISTANCE,OK,0.759,3.898,,0,nearest_robot=robot5
466.000,ours,-,fleet,MIN_DISTANCE_AVG,OK,3.898,,,0,robots_sampled=6
467.000,ours,-,robot1,MIN_DISTANCE,OK,2.085,4.058,,0,nearest_robot=robot3
467.000,ours,-,robot2,MIN_DISTANCE,OK,8.524,4.058,,0,nearest_robot=robot3
467.000,ours,-,robot3,MIN_DISTANCE,OK,2.085,4.058,,0,nearest_robot=robot1
467.000,ours,-,robot4,MIN_DISTANCE,OK,10.135,4.058,,0,nearest_robot=robot2
467.000,ours,-,robot5,MIN_DISTANCE,OK,0.759,4.058,,0,nearest_robot=robot6
467.000,ours,-,robot6,MIN_DISTANCE,OK,0.759,4.058,,0,nearest_robot=robot5
467.000,ours,-,fleet,MIN_DISTANCE_AVG,OK,4.058,,,0,robots_sampled=6
468.000,ours,-,robot1,MIN_DISTANCE,OK,2.347,4.172,,0,nearest_robot=robot3
468.000,ours,-,robot2,MIN_DISTANCE,OK,8.678,4.172,,0,nearest_robot=robot1
468.000,ours,-,robot3,MIN_DISTANCE,OK,2.347,4.172,,0,nearest_robot=robot1
468.000,ours,-,robot4,MIN_DISTANCE,OK,10.163,4.172,,0,nearest_robot=robot2
468.000,ours,-,robot5,MIN_DISTANCE,OK,0.749,4.172,,0,nearest_robot=robot6
468.000,ours,-,robot6,MIN_DISTANCE,OK,0.749,4.172,,0,nearest_robot=robot5
468.000,ours,-,fleet,MIN_DISTANCE_AVG,OK,4.172,,,0,robots_sampled=6
469.000,ours,-,robot1,MIN_DISTANCE,OK,2.492,4.225,,0,nearest_robot=robot3
469.000,ours,-,robot2,MIN_DISTANCE,OK,8.717,4.225,,0,nearest_robot=robot1
469.000,ours,-,robot3,MIN_DISTANCE,OK,2.492,4.225,,0,nearest_robot=robot1
469.000,ours,-,robot4,MIN_DISTANCE,OK,10.153,4.225,,0,nearest_robot=robot2
469.000,ours,-,robot5,MIN_DISTANCE,OK,0.749,4.225,,0,nearest_robot=robot6
469.000,ours,-,robot6,MIN_DISTANCE,OK,0.749,4.225,,0,nearest_robot=robot5
469.000,ours,-,fleet,MIN_DISTANCE_AVG,OK,4.225,,,0,robots_sampled=6
470.000,ours,-,robot1,MIN_DISTANCE,OK,2.557,4.260,,0,nearest_robot=robot3
470.000,ours,-,robot2,MIN_DISTANCE,OK,8.727,4.260,,0,nearest_robot=robot1
470.000,ours,-,robot3,MIN_DISTANCE,OK,2.557,4.260,,0,nearest_robot=robot1
470.000,ours,-,robot4,MIN_DISTANCE,OK,10.224,4.260,,0,nearest_robot=robot2
470.000,ours,-,robot5,MIN_DISTANCE,OK,0.748,4.260,,0,nearest_robot=robot6
470.000,ours,-,robot6,MIN_DISTANCE,OK,0.748,4.260,,0,nearest_robot=robot5
470.000,ours,-,fleet,MIN_DISTANCE_AVG,OK,4.260,,,0,robots_sampled=6
470.330,ours,-,fleet,CHOMP_TIME_FULL,OK,,4.015,,0,iterations=100;iterations_executed=100;source=algorithm;round_trip=4.036277
471.000,ours,-,robot1,MIN_DISTANCE,OK,2.593,4.290,,0,nearest_robot=robot3
471.000,ours,-,robot2,MIN_DISTANCE,OK,8.733,4.290,,0,nearest_robot=robot1
471.000,ours,-,robot3,MIN_DISTANCE,OK,2.593,4.290,,0,nearest_robot=robot1
471.000,ours,-,robot4,MIN_DISTANCE,OK,10.324,4.290,,0,nearest_robot=robot2
471.000,ours,-,robot5,MIN_DISTANCE,OK,0.748,4.290,,0,nearest_robot=robot6
471.000,ours,-,robot6,MIN_DISTANCE,OK,0.748,4.290,,0,nearest_robot=robot5
471.000,ours,-,fleet,MIN_DISTANCE_AVG,OK,4.290,,,0,robots_sampled=6
472.000,ours,-,robot1,MIN_DISTANCE,OK,2.630,4.319,,0,nearest_robot=robot3
472.000,ours,-,robot2,MIN_DISTANCE,OK,8.716,4.319,,0,nearest_robot=robot1
472.000,ours,-,robot3,MIN_DISTANCE,OK,2.630,4.319,,0,nearest_robot=robot1
472.000,ours,-,robot4,MIN_DISTANCE,OK,10.442,4.319,,0,nearest_robot=robot2
472.000,ours,-,robot5,MIN_DISTANCE,OK,0.748,4.319,,0,nearest_robot=robot6
472.000,ours,-,robot6,MIN_DISTANCE,OK,0.748,4.319,,0,nearest_robot=robot5
472.000,ours,-,fleet,MIN_DISTANCE_AVG,OK,4.319,,,0,robots_sampled=6
473.000,ours,-,robot1,MIN_DISTANCE,OK,2.672,4.342,,0,nearest_robot=robot3
473.000,ours,-,robot2,MIN_DISTANCE,OK,8.697,4.342,,0,nearest_robot=robot1
473.000,ours,-,robot3,MIN_DISTANCE,OK,2.672,4.342,,0,nearest_robot=robot1
473.000,ours,-,robot4,MIN_DISTANCE,OK,10.516,4.342,,0,nearest_robot=robot2
473.000,ours,-,robot5,MIN_DISTANCE,OK,0.748,4.342,,0,nearest_robot=robot6
473.000,ours,-,robot6,MIN_DISTANCE,OK,0.748,4.342,,0,nearest_robot=robot5
473.000,ours,-,fleet,MIN_DISTANCE_AVG,OK,4.342,,,0,robots_sampled=6
474.000,ours,-,robot1,MIN_DISTANCE,OK,2.726,4.360,,0,nearest_robot=robot3
474.000,ours,-,robot2,MIN_DISTANCE,OK,8.697,4.360,,0,nearest_robot=robot1
474.000,ours,-,robot3,MIN_DISTANCE,OK,2.726,4.360,,0,nearest_robot=robot1
474.000,ours,-,robot4,MIN_DISTANCE,OK,10.517,4.360,,0,nearest_robot=robot2
474.000,ours,-,robot5,MIN_DISTANCE,OK,0.747,4.360,,0,nearest_robot=robot6
474.000,ours,-,robot6,MIN_DISTANCE,OK,0.747,4.360,,0,nearest_robot=robot5
474.000,ours,-,fleet,MIN_DISTANCE_AVG,OK,4.360,,,0,robots_sampled=6
474.830,ours,-,fleet,CHOMP_TIME_FULL,OK,,3.985,,0,iterations=100;iterations_executed=100;source=algorithm;round_trip=4.018262
475.000,ours,-,robot1,MIN_DISTANCE,OK,2.770,4.375,,0,nearest_robot=robot3
475.000,ours,-,robot2,MIN_DISTANCE,OK,8.696,4.375,,0,nearest_robot=robot1
475.000,ours,-,robot3,MIN_DISTANCE,OK,2.770,4.375,,0,nearest_robot=robot1
475.000,ours,-,robot4,MIN_DISTANCE,OK,10.517,4.375,,0,nearest_robot=robot2
475.000,ours,-,robot5,MIN_DISTANCE,OK,0.747,4.375,,0,nearest_robot=robot6
475.000,ours,-,robot6,MIN_DISTANCE,OK,0.747,4.375,,0,nearest_robot=robot5
475.000,ours,-,fleet,MIN_DISTANCE_AVG,OK,4.375,,,0,robots_sampled=6
476.000,ours,-,robot1,MIN_DISTANCE,OK,2.781,4.379,,0,nearest_robot=robot3
476.000,ours,-,robot2,MIN_DISTANCE,OK,8.696,4.379,,0,nearest_robot=robot1
476.000,ours,-,robot3,MIN_DISTANCE,OK,2.781,4.379,,0,nearest_robot=robot1
476.000,ours,-,robot4,MIN_DISTANCE,OK,10.518,4.379,,0,nearest_robot=robot2
476.000,ours,-,robot5,MIN_DISTANCE,OK,0.749,4.379,,0,nearest_robot=robot6
476.000,ours,-,robot6,MIN_DISTANCE,OK,0.749,4.379,,0,nearest_robot=robot5
476.000,ours,-,fleet,MIN_DISTANCE_AVG,OK,4.379,,,0,robots_sampled=6
477.000,ours,-,robot1,MIN_DISTANCE,OK,2.786,4.380,,0,nearest_robot=robot3
477.000,ours,-,robot2,MIN_DISTANCE,OK,8.696,4.380,,0,nearest_robot=robot1
477.000,ours,-,robot3,MIN_DISTANCE,OK,2.786,4.380,,0,nearest_robot=robot1
477.000,ours,-,robot4,MIN_DISTANCE,OK,10.518,4.380,,0,nearest_robot=robot2
477.000,ours,-,robot5,MIN_DISTANCE,OK,0.747,4.380,,0,nearest_robot=robot6
477.000,ours,-,robot6,MIN_DISTANCE,OK,0.747,4.380,,0,nearest_robot=robot5
477.000,ours,-,fleet,MIN_DISTANCE_AVG,OK,4.380,,,0,robots_sampled=6
478.000,ours,-,robot1,MIN_DISTANCE,OK,2.789,4.381,,0,nearest_robot=robot3
478.000,ours,-,robot2,MIN_DISTANCE,OK,8.696,4.381,,0,nearest_robot=robot1
478.000,ours,-,robot3,MIN_DISTANCE,OK,2.789,4.381,,0,nearest_robot=robot1
478.000,ours,-,robot4,MIN_DISTANCE,OK,10.519,4.381,,0,nearest_robot=robot2
478.000,ours,-,robot5,MIN_DISTANCE,OK,0.746,4.381,,0,nearest_robot=robot6
478.000,ours,-,robot6,MIN_DISTANCE,OK,0.746,4.381,,0,nearest_robot=robot5
478.000,ours,-,fleet,MIN_DISTANCE_AVG,OK,4.381,,,0,robots_sampled=6
479.000,ours,-,robot1,MIN_DISTANCE,OK,2.791,4.381,,0,nearest_robot=robot3
479.000,ours,-,robot2,MIN_DISTANCE,OK,8.696,4.381,,0,nearest_robot=robot1
479.000,ours,-,robot3,MIN_DISTANCE,OK,2.791,4.381,,0,nearest_robot=robot1
479.000,ours,-,robot4,MIN_DISTANCE,OK,10.519,4.381,,0,nearest_robot=robot2
479.000,ours,-,robot5,MIN_DISTANCE,OK,0.745,4.381,,0,nearest_robot=robot6
479.000,ours,-,robot6,MIN_DISTANCE,OK,0.745,4.381,,0,nearest_robot=robot5
479.000,ours,-,fleet,MIN_DISTANCE_AVG,OK,4.381,,,0,robots_sampled=6
479.450,ours,-,fleet,CHOMP_TIME_FULL,OK,,4.133,,0,iterations=100;iterations_executed=100;source=algorithm;round_trip=4.154062
480.000,ours,-,robot1,MIN_DISTANCE,OK,2.793,4.376,,0,nearest_robot=robot3
480.000,ours,-,robot2,MIN_DISTANCE,OK,8.713,4.376,,0,nearest_robot=robot1
480.000,ours,-,robot3,MIN_DISTANCE,OK,2.793,4.376,,0,nearest_robot=robot1
480.000,ours,-,robot4,MIN_DISTANCE,OK,10.466,4.376,,0,nearest_robot=robot2
480.000,ours,-,robot5,MIN_DISTANCE,OK,0.745,4.376,,0,nearest_robot=robot6
480.000,ours,-,robot6,MIN_DISTANCE,OK,0.745,4.376,,0,nearest_robot=robot5
480.000,ours,-,fleet,MIN_DISTANCE_AVG,OK,4.376,,,0,robots_sampled=6
481.000,ours,-,robot1,MIN_DISTANCE,OK,2.852,4.383,,0,nearest_robot=robot3
481.000,ours,-,robot2,MIN_DISTANCE,OK,8.794,4.383,,0,nearest_robot=robot1
481.000,ours,-,robot3,MIN_DISTANCE,OK,2.852,4.383,,0,nearest_robot=robot1
481.000,ours,-,robot4,MIN_DISTANCE,OK,10.308,4.383,,0,nearest_robot=robot2
481.000,ours,-,robot5,MIN_DISTANCE,OK,0.745,4.383,,0,nearest_robot=robot6
481.000,ours,-,robot6,MIN_DISTANCE,OK,0.745,4.383,,0,nearest_robot=robot5
481.000,ours,-,fleet,MIN_DISTANCE_AVG,OK,4.383,,,0,robots_sampled=6
482.000,ours,-,robot1,MIN_DISTANCE,OK,2.966,4.417,,0,nearest_robot=robot3
482.000,ours,-,robot2,MIN_DISTANCE,OK,8.694,4.417,,0,nearest_robot=robot1
482.000,ours,-,robot3,MIN_DISTANCE,OK,2.966,4.417,,0,nearest_robot=robot1
482.000,ours,-,robot4,MIN_DISTANCE,OK,10.388,4.417,,0,nearest_robot=robot2
482.000,ours,-,robot5,MIN_DISTANCE,OK,0.745,4.417,,0,nearest_robot=robot6
482.000,ours,-,robot6,MIN_DISTANCE,OK,0.745,4.417,,0,nearest_robot=robot5
482.000,ours,-,fleet,MIN_DISTANCE_AVG,OK,4.417,,,0,robots_sampled=6
483.000,ours,-,robot1,MIN_DISTANCE,OK,2.974,4.386,,0,nearest_robot=robot3
483.000,ours,-,robot2,MIN_DISTANCE,OK,8.218,4.386,,0,nearest_robot=robot1
483.000,ours,-,robot3,MIN_DISTANCE,OK,2.974,4.386,,0,nearest_robot=robot1
483.000,ours,-,robot4,MIN_DISTANCE,OK,10.659,4.386,,0,nearest_robot=robot2
483.000,ours,-,robot5,MIN_DISTANCE,OK,0.745,4.386,,0,nearest_robot=robot6
483.000,ours,-,robot6,MIN_DISTANCE,OK,0.745,4.386,,0,nearest_robot=robot5
483.000,ours,-,fleet,MIN_DISTANCE_AVG,OK,4.386,,,0,robots_sampled=6
483.910,ours,-,fleet,CHOMP_TIME_FULL,OK,,4.080,,0,iterations=100;iterations_executed=100;source=algorithm;round_trip=4.101915
484.000,ours,-,robot1,MIN_DISTANCE,OK,2.974,4.347,,0,nearest_robot=robot3
484.000,ours,-,robot2,MIN_DISTANCE,OK,7.754,4.347,,0,nearest_robot=robot1
484.000,ours,-,robot3,MIN_DISTANCE,OK,2.974,4.347,,0,nearest_robot=robot1
484.000,ours,-,robot4,MIN_DISTANCE,OK,10.891,4.347,,0,nearest_robot=robot2
484.000,ours,-,robot5,MIN_DISTANCE,OK,0.744,4.347,,0,nearest_robot=robot6
484.000,ours,-,robot6,MIN_DISTANCE,OK,0.744,4.347,,0,nearest_robot=robot5
484.000,ours,-,fleet,MIN_DISTANCE_AVG,OK,4.347,,,0,robots_sampled=6
485.000,ours,-,robot1,MIN_DISTANCE,OK,2.974,4.307,,0,nearest_robot=robot3
485.000,ours,-,robot2,MIN_DISTANCE,OK,7.283,4.307,,0,nearest_robot=robot1
485.000,ours,-,robot3,MIN_DISTANCE,OK,2.974,4.307,,0,nearest_robot=robot1
485.000,ours,-,robot4,MIN_DISTANCE,OK,11.123,4.307,,0,nearest_robot=robot2
485.000,ours,-,robot5,MIN_DISTANCE,OK,0.744,4.307,,0,nearest_robot=robot6
485.000,ours,-,robot6,MIN_DISTANCE,OK,0.744,4.307,,0,nearest_robot=robot5
485.000,ours,-,fleet,MIN_DISTANCE_AVG,OK,4.307,,,0,robots_sampled=6
486.000,ours,-,robot1,MIN_DISTANCE,OK,2.974,4.272,,0,nearest_robot=robot3
486.000,ours,-,robot2,MIN_DISTANCE,OK,6.827,4.272,,0,nearest_robot=robot1
486.000,ours,-,robot3,MIN_DISTANCE,OK,2.974,4.272,,0,nearest_robot=robot1
486.000,ours,-,robot4,MIN_DISTANCE,OK,11.371,4.272,,0,nearest_robot=robot2
486.000,ours,-,robot5,MIN_DISTANCE,OK,0.744,4.272,,0,nearest_robot=robot6
486.000,ours,-,robot6,MIN_DISTANCE,OK,0.744,4.272,,0,nearest_robot=robot5
486.000,ours,-,fleet,MIN_DISTANCE_AVG,OK,4.272,,,0,robots_sampled=6
487.000,ours,-,robot1,MIN_DISTANCE,OK,2.974,4.244,,0,nearest_robot=robot3
487.000,ours,-,robot2,MIN_DISTANCE,OK,6.335,4.244,,0,nearest_robot=robot1
487.000,ours,-,robot3,MIN_DISTANCE,OK,2.974,4.244,,0,nearest_robot=robot1
487.000,ours,-,robot4,MIN_DISTANCE,OK,11.693,4.244,,0,nearest_robot=robot2
487.000,ours,-,robot5,MIN_DISTANCE,OK,0.743,4.244,,0,nearest_robot=robot6
487.000,ours,-,robot6,MIN_DISTANCE,OK,0.743,4.244,,0,nearest_robot=robot5
487.000,ours,-,fleet,MIN_DISTANCE_AVG,OK,4.244,,,0,robots_sampled=6
488.000,ours,-,robot1,MIN_DISTANCE,OK,2.974,4.222,,0,nearest_robot=robot3
488.000,ours,-,robot2,MIN_DISTANCE,OK,5.865,4.222,,0,nearest_robot=robot1
488.000,ours,-,robot3,MIN_DISTANCE,OK,2.974,4.222,,0,nearest_robot=robot1
488.000,ours,-,robot4,MIN_DISTANCE,OK,12.034,4.222,,0,nearest_robot=robot2
488.000,ours,-,robot5,MIN_DISTANCE,OK,0.743,4.222,,0,nearest_robot=robot6
488.000,ours,-,robot6,MIN_DISTANCE,OK,0.743,4.222,,0,nearest_robot=robot5
488.000,ours,-,fleet,MIN_DISTANCE_AVG,OK,4.222,,,0,robots_sampled=6
488.310,ours,-,fleet,CHOMP_TIME_FULL,OK,,3.961,,0,iterations=100;iterations_executed=100;source=algorithm;round_trip=3.983919
489.000,ours,-,robot1,MIN_DISTANCE,OK,2.974,4.209,,0,nearest_robot=robot3
489.000,ours,-,robot2,MIN_DISTANCE,OK,5.428,4.209,,0,nearest_robot=robot1
489.000,ours,-,robot3,MIN_DISTANCE,OK,2.974,4.209,,0,nearest_robot=robot1
489.000,ours,-,robot4,MIN_DISTANCE,OK,12.390,4.209,,0,nearest_robot=robot2
489.000,ours,-,robot5,MIN_DISTANCE,OK,0.745,4.209,,0,nearest_robot=robot6
489.000,ours,-,robot6,MIN_DISTANCE,OK,0.745,4.209,,0,nearest_robot=robot5
489.000,ours,-,fleet,MIN_DISTANCE_AVG,OK,4.209,,,0,robots_sampled=6
490.000,ours,-,robot1,MIN_DISTANCE,OK,2.974,4.207,,0,nearest_robot=robot3
490.000,ours,-,robot2,MIN_DISTANCE,OK,4.953,4.207,,0,nearest_robot=robot1
490.000,ours,-,robot3,MIN_DISTANCE,OK,2.974,4.207,,0,nearest_robot=robot1
490.000,ours,-,robot4,MIN_DISTANCE,OK,12.851,4.207,,0,nearest_robot=robot2
490.000,ours,-,robot5,MIN_DISTANCE,OK,0.745,4.207,,0,nearest_robot=robot6
490.000,ours,-,robot6,MIN_DISTANCE,OK,0.745,4.207,,0,nearest_robot=robot5
490.000,ours,-,fleet,MIN_DISTANCE_AVG,OK,4.207,,,0,robots_sampled=6
491.000,ours,-,robot1,MIN_DISTANCE,OK,2.974,4.194,,0,nearest_robot=robot3
491.000,ours,-,robot2,MIN_DISTANCE,OK,4.547,4.194,,0,nearest_robot=robot1
491.000,ours,-,robot3,MIN_DISTANCE,OK,2.974,4.194,,0,nearest_robot=robot1
491.000,ours,-,robot4,MIN_DISTANCE,OK,13.185,4.194,,0,nearest_robot=robot2
491.000,ours,-,robot5,MIN_DISTANCE,OK,0.741,4.194,,0,nearest_robot=robot6
491.000,ours,-,robot6,MIN_DISTANCE,OK,0.741,4.194,,0,nearest_robot=robot5
491.000,ours,-,fleet,MIN_DISTANCE_AVG,OK,4.194,,,0,robots_sampled=6
492.000,ours,-,robot1,MIN_DISTANCE,OK,2.974,4.168,,0,nearest_robot=robot3
492.000,ours,-,robot2,MIN_DISTANCE,OK,4.179,4.168,,0,nearest_robot=robot1
492.000,ours,-,robot3,MIN_DISTANCE,OK,2.974,4.168,,0,nearest_robot=robot1
492.000,ours,-,robot4,MIN_DISTANCE,OK,13.401,4.168,,0,nearest_robot=robot2
492.000,ours,-,robot5,MIN_DISTANCE,OK,0.740,4.168,,0,nearest_robot=robot6
492.000,ours,-,robot6,MIN_DISTANCE,OK,0.740,4.168,,0,nearest_robot=robot5
492.000,ours,-,fleet,MIN_DISTANCE_AVG,OK,4.168,,,0,robots_sampled=6
492.820,ours,-,fleet,CHOMP_TIME_FULL,OK,,3.987,,0,iterations=100;iterations_executed=100;source=algorithm;round_trip=4.013335
493.000,ours,-,robot1,MIN_DISTANCE,OK,2.974,4.166,,0,nearest_robot=robot3
493.000,ours,-,robot2,MIN_DISTANCE,OK,3.834,4.166,,0,nearest_robot=robot1
493.000,ours,-,robot3,MIN_DISTANCE,OK,2.974,4.166,,0,nearest_robot=robot1
493.000,ours,-,robot4,MIN_DISTANCE,OK,13.735,4.166,,0,nearest_robot=robot2
493.000,ours,-,robot5,MIN_DISTANCE,OK,0.739,4.166,,0,nearest_robot=robot6
493.000,ours,-,robot6,MIN_DISTANCE,OK,0.739,4.166,,0,nearest_robot=robot5
493.000,ours,-,fleet,MIN_DISTANCE_AVG,OK,4.166,,,0,robots_sampled=6
494.000,ours,-,robot1,MIN_DISTANCE,OK,2.974,4.178,,0,nearest_robot=robot3
494.000,ours,-,robot2,MIN_DISTANCE,OK,3.559,4.178,,0,nearest_robot=robot1
494.000,ours,-,robot3,MIN_DISTANCE,OK,2.974,4.178,,0,nearest_robot=robot1
494.000,ours,-,robot4,MIN_DISTANCE,OK,14.084,4.178,,0,nearest_robot=robot2
494.000,ours,-,robot5,MIN_DISTANCE,OK,0.739,4.178,,0,nearest_robot=robot6
494.000,ours,-,robot6,MIN_DISTANCE,OK,0.739,4.178,,0,nearest_robot=robot5
494.000,ours,-,fleet,MIN_DISTANCE_AVG,OK,4.178,,,0,robots_sampled=6
495.000,ours,-,robot1,MIN_DISTANCE,OK,2.974,4.201,,0,nearest_robot=robot3
495.000,ours,-,robot2,MIN_DISTANCE,OK,3.254,4.201,,0,nearest_robot=robot1
495.000,ours,-,robot3,MIN_DISTANCE,OK,2.974,4.201,,0,nearest_robot=robot1
495.000,ours,-,robot4,MIN_DISTANCE,OK,14.530,4.201,,0,nearest_robot=robot2
495.000,ours,-,robot5,MIN_DISTANCE,OK,0.738,4.201,,0,nearest_robot=robot6
495.000,ours,-,robot6,MIN_DISTANCE,OK,0.738,4.201,,0,nearest_robot=robot5
495.000,ours,-,fleet,MIN_DISTANCE_AVG,OK,4.201,,,0,robots_sampled=6
496.000,ours,-,robot1,MIN_DISTANCE,OK,2.974,4.231,,0,nearest_robot=robot3
496.000,ours,-,robot2,MIN_DISTANCE,OK,3.011,4.231,,0,nearest_robot=robot1
496.000,ours,-,robot3,MIN_DISTANCE,OK,2.974,4.231,,0,nearest_robot=robot1
496.000,ours,-,robot4,MIN_DISTANCE,OK,14.951,4.231,,0,nearest_robot=robot2
496.000,ours,-,robot5,MIN_DISTANCE,OK,0.738,4.231,,0,nearest_robot=robot6
496.000,ours,-,robot6,MIN_DISTANCE,OK,0.738,4.231,,0,nearest_robot=robot5
496.000,ours,-,fleet,MIN_DISTANCE_AVG,OK,4.231,,,0,robots_sampled=6
497.000,ours,-,robot1,MIN_DISTANCE,OK,2.825,4.224,,0,nearest_robot=robot2
497.000,ours,-,robot2,MIN_DISTANCE,OK,2.825,4.224,,0,nearest_robot=robot1
497.000,ours,-,robot3,MIN_DISTANCE,OK,2.974,4.224,,0,nearest_robot=robot1
497.000,ours,-,robot4,MIN_DISTANCE,OK,15.243,4.224,,0,nearest_robot=robot2
497.000,ours,-,robot5,MIN_DISTANCE,OK,0.737,4.224,,0,nearest_robot=robot6
497.000,ours,-,robot6,MIN_DISTANCE,OK,0.737,4.224,,0,nearest_robot=robot5
497.000,ours,-,fleet,MIN_DISTANCE_AVG,OK,4.224,,,0,robots_sampled=6
497.330,ours,-,fleet,CHOMP_TIME_FULL,OK,,4.012,,0,iterations=100;iterations_executed=100;source=algorithm;round_trip=4.033395
498.000,ours,-,robot1,MIN_DISTANCE,OK,2.803,4.222,,0,nearest_robot=robot2
498.000,ours,-,robot2,MIN_DISTANCE,OK,2.803,4.222,,0,nearest_robot=robot1
498.000,ours,-,robot3,MIN_DISTANCE,OK,2.974,4.222,,0,nearest_robot=robot1
498.000,ours,-,robot4,MIN_DISTANCE,OK,15.279,4.222,,0,nearest_robot=robot2
498.000,ours,-,robot5,MIN_DISTANCE,OK,0.737,4.222,,0,nearest_robot=robot6
498.000,ours,-,robot6,MIN_DISTANCE,OK,0.737,4.222,,0,nearest_robot=robot5
498.000,ours,-,fleet,MIN_DISTANCE_AVG,OK,4.222,,,0,robots_sampled=6
499.000,ours,-,robot1,MIN_DISTANCE,OK,2.781,4.218,,0,nearest_robot=robot2
499.000,ours,-,robot2,MIN_DISTANCE,OK,2.781,4.218,,0,nearest_robot=robot1
499.000,ours,-,robot3,MIN_DISTANCE,OK,2.974,4.218,,0,nearest_robot=robot1
499.000,ours,-,robot4,MIN_DISTANCE,OK,15.302,4.218,,0,nearest_robot=robot2
499.000,ours,-,robot5,MIN_DISTANCE,OK,0.737,4.218,,0,nearest_robot=robot6
499.000,ours,-,robot6,MIN_DISTANCE,OK,0.737,4.218,,0,nearest_robot=robot5
499.000,ours,-,fleet,MIN_DISTANCE_AVG,OK,4.218,,,0,robots_sampled=6
500.000,ours,-,robot1,MIN_DISTANCE,OK,2.670,4.195,,0,nearest_robot=robot2
500.000,ours,-,robot2,MIN_DISTANCE,OK,2.670,4.195,,0,nearest_robot=robot1
500.000,ours,-,robot3,MIN_DISTANCE,OK,2.974,4.195,,0,nearest_robot=robot1
500.000,ours,-,robot4,MIN_DISTANCE,OK,15.382,4.195,,0,nearest_robot=robot2
500.000,ours,-,robot5,MIN_DISTANCE,OK,0.737,4.195,,0,nearest_robot=robot6
500.000,ours,-,robot6,MIN_DISTANCE,OK,0.737,4.195,,0,nearest_robot=robot5
500.000,ours,-,fleet,MIN_DISTANCE_AVG,OK,4.195,,,0,robots_sampled=6
501.000,ours,-,robot1,MIN_DISTANCE,OK,2.440,4.138,,0,nearest_robot=robot2
501.000,ours,-,robot2,MIN_DISTANCE,OK,2.440,4.138,,0,nearest_robot=robot1
501.000,ours,-,robot3,MIN_DISTANCE,OK,2.974,4.138,,0,nearest_robot=robot1
501.000,ours,-,robot4,MIN_DISTANCE,OK,15.500,4.138,,0,nearest_robot=robot2
501.000,ours,-,robot5,MIN_DISTANCE,OK,0.736,4.138,,0,nearest_robot=robot6
501.000,ours,-,robot6,MIN_DISTANCE,OK,0.736,4.138,,0,nearest_robot=robot5
501.000,ours,-,fleet,MIN_DISTANCE_AVG,OK,4.138,,,0,robots_sampled=6
501.820,ours,-,fleet,CHOMP_TIME_FULL,OK,,3.966,,0,iterations=100;iterations_executed=100;source=algorithm;round_trip=3.989662
502.000,ours,-,robot1,MIN_DISTANCE,OK,2.115,4.037,,0,nearest_robot=robot2
502.000,ours,-,robot2,MIN_DISTANCE,OK,2.115,4.037,,0,nearest_robot=robot1
502.000,ours,-,robot3,MIN_DISTANCE,OK,2.974,4.037,,0,nearest_robot=robot1
502.000,ours,-,robot4,MIN_DISTANCE,OK,15.546,4.037,,0,nearest_robot=robot2
502.000,ours,-,robot5,MIN_DISTANCE,OK,0.736,4.037,,0,nearest_robot=robot6
502.000,ours,-,robot6,MIN_DISTANCE,OK,0.736,4.037,,0,nearest_robot=robot5
502.000,ours,-,fleet,MIN_DISTANCE_AVG,OK,4.037,,,0,robots_sampled=6
503.000,ours,-,robot1,MIN_DISTANCE,OK,1.804,3.937,,0,nearest_robot=robot2
503.000,ours,-,robot2,MIN_DISTANCE,OK,1.804,3.937,,0,nearest_robot=robot1
503.000,ours,-,robot3,MIN_DISTANCE,OK,2.974,3.937,,0,nearest_robot=robot1
503.000,ours,-,robot4,MIN_DISTANCE,OK,15.563,3.937,,0,nearest_robot=robot2
503.000,ours,-,robot5,MIN_DISTANCE,OK,0.738,3.937,,0,nearest_robot=robot6
503.000,ours,-,robot6,MIN_DISTANCE,OK,0.738,3.937,,0,nearest_robot=robot5
503.000,ours,-,fleet,MIN_DISTANCE_AVG,OK,3.937,,,0,robots_sampled=6
504.000,ours,-,robot1,MIN_DISTANCE,OK,1.547,3.864,,0,nearest_robot=robot2
504.000,ours,-,robot2,MIN_DISTANCE,OK,1.547,3.864,,0,nearest_robot=robot1
504.000,ours,-,robot3,MIN_DISTANCE,OK,2.974,3.864,,0,nearest_robot=robot1
504.000,ours,-,robot4,MIN_DISTANCE,OK,15.644,3.864,,0,nearest_robot=robot2
504.000,ours,-,robot5,MIN_DISTANCE,OK,0.737,3.864,,0,nearest_robot=robot6
504.000,ours,-,robot6,MIN_DISTANCE,OK,0.737,3.864,,0,nearest_robot=robot5
504.000,ours,-,fleet,MIN_DISTANCE_AVG,OK,3.864,,,0,robots_sampled=6
505.000,ours,-,robot1,MIN_DISTANCE,OK,1.321,3.758,,0,nearest_robot=robot2
505.000,ours,-,robot2,MIN_DISTANCE,OK,1.321,3.758,,0,nearest_robot=robot1
505.000,ours,-,robot3,MIN_DISTANCE,OK,2.631,3.758,,0,nearest_robot=robot2
505.000,ours,-,robot4,MIN_DISTANCE,OK,15.805,3.758,,0,nearest_robot=robot2
505.000,ours,-,robot5,MIN_DISTANCE,OK,0.733,3.758,,0,nearest_robot=robot6
505.000,ours,-,robot6,MIN_DISTANCE,OK,0.733,3.758,,0,nearest_robot=robot5
505.000,ours,-,fleet,MIN_DISTANCE_AVG,OK,3.758,,,0,robots_sampled=6
506.000,ours,-,robot1,MIN_DISTANCE,OK,1.143,3.649,,0,nearest_robot=robot2
506.000,ours,-,robot2,MIN_DISTANCE,OK,1.143,3.649,,0,nearest_robot=robot1
506.000,ours,-,robot3,MIN_DISTANCE,OK,2.266,3.649,,0,nearest_robot=robot2
506.000,ours,-,robot4,MIN_DISTANCE,OK,15.876,3.649,,0,nearest_robot=robot3
506.000,ours,-,robot5,MIN_DISTANCE,OK,0.732,3.649,,0,nearest_robot=robot6
506.000,ours,-,robot6,MIN_DISTANCE,OK,0.732,3.649,,0,nearest_robot=robot5
506.000,ours,-,fleet,MIN_DISTANCE_AVG,OK,3.649,,,0,robots_sampled=6
506.340,ours,-,fleet,CHOMP_TIME_FULL,OK,,3.999,,0,iterations=100;iterations_executed=100;source=algorithm;round_trip=4.023655
507.000,ours,-,robot1,MIN_DISTANCE,OK,1.069,3.577,,0,nearest_robot=robot2
507.000,ours,-,robot2,MIN_DISTANCE,OK,1.069,3.577,,0,nearest_robot=robot1
507.000,ours,-,robot3,MIN_DISTANCE,OK,1.983,3.577,,0,nearest_robot=robot2
507.000,ours,-,robot4,MIN_DISTANCE,OK,15.876,3.577,,0,nearest_robot=robot3
507.000,ours,-,robot5,MIN_DISTANCE,OK,0.732,3.577,,0,nearest_robot=robot6
507.000,ours,-,robot6,MIN_DISTANCE,OK,0.732,3.577,,0,nearest_robot=robot5
507.000,ours,-,fleet,MIN_DISTANCE_AVG,OK,3.577,,,0,robots_sampled=6
508.000,ours,-,robot1,MIN_DISTANCE,OK,1.245,3.594,,0,nearest_robot=robot2
508.000,ours,-,robot2,MIN_DISTANCE,OK,1.245,3.594,,0,nearest_robot=robot1
508.000,ours,-,robot3,MIN_DISTANCE,OK,1.735,3.594,,0,nearest_robot=robot2
508.000,ours,-,robot4,MIN_DISTANCE,OK,15.876,3.594,,0,nearest_robot=robot3
508.000,ours,-,robot5,MIN_DISTANCE,OK,0.732,3.594,,0,nearest_robot=robot6
508.000,ours,-,robot6,MIN_DISTANCE,OK,0.732,3.594,,0,nearest_robot=robot5
508.000,ours,-,fleet,MIN_DISTANCE_AVG,OK,3.594,,,0,robots_sampled=6
509.000,ours,-,robot1,MIN_DISTANCE,OK,1.552,3.672,,0,nearest_robot=robot2
509.000,ours,-,robot2,MIN_DISTANCE,OK,1.552,3.672,,0,nearest_robot=robot1
509.000,ours,-,robot3,MIN_DISTANCE,OK,1.589,3.672,,0,nearest_robot=robot2
509.000,ours,-,robot4,MIN_DISTANCE,OK,15.876,3.672,,0,nearest_robot=robot3
509.000,ours,-,robot5,MIN_DISTANCE,OK,0.732,3.672,,0,nearest_robot=robot6
509.000,ours,-,robot6,MIN_DISTANCE,OK,0.732,3.672,,0,nearest_robot=robot5
509.000,ours,-,fleet,MIN_DISTANCE_AVG,OK,3.672,,,0,robots_sampled=6
510.000,ours,-,robot1,MIN_DISTANCE,OK,1.854,3.718,,0,nearest_robot=robot2
510.000,ours,-,robot2,MIN_DISTANCE,OK,1.557,3.718,,0,nearest_robot=robot3
510.000,ours,-,robot3,MIN_DISTANCE,OK,1.557,3.718,,0,nearest_robot=robot2
510.000,ours,-,robot4,MIN_DISTANCE,OK,15.876,3.718,,0,nearest_robot=robot3
510.000,ours,-,robot5,MIN_DISTANCE,OK,0.732,3.718,,0,nearest_robot=robot6
510.000,ours,-,robot6,MIN_DISTANCE,OK,0.732,3.718,,0,nearest_robot=robot5
510.000,ours,-,fleet,MIN_DISTANCE_AVG,OK,3.718,,,0,robots_sampled=6
510.840,ours,-,fleet,CHOMP_TIME_FULL,OK,,4.007,,0,iterations=100;iterations_executed=100;source=algorithm;round_trip=4.036464
511.000,ours,-,robot1,MIN_DISTANCE,OK,2.000,3.760,,0,nearest_robot=robot2
511.000,ours,-,robot2,MIN_DISTANCE,OK,1.609,3.760,,0,nearest_robot=robot3
511.000,ours,-,robot3,MIN_DISTANCE,OK,1.609,3.760,,0,nearest_robot=robot2
511.000,ours,-,robot4,MIN_DISTANCE,OK,15.876,3.760,,0,nearest_robot=robot3
511.000,ours,-,robot5,MIN_DISTANCE,OK,0.731,3.760,,0,nearest_robot=robot6
511.000,ours,-,robot6,MIN_DISTANCE,OK,0.731,3.760,,0,nearest_robot=robot5
511.000,ours,-,fleet,MIN_DISTANCE_AVG,OK,3.760,,,0,robots_sampled=6
512.000,ours,-,robot1,MIN_DISTANCE,OK,2.006,3.761,,0,nearest_robot=robot2
512.000,ours,-,robot2,MIN_DISTANCE,OK,1.610,3.761,,0,nearest_robot=robot3
512.000,ours,-,robot3,MIN_DISTANCE,OK,1.610,3.761,,0,nearest_robot=robot2
512.000,ours,-,robot4,MIN_DISTANCE,OK,15.876,3.761,,0,nearest_robot=robot3
512.000,ours,-,robot5,MIN_DISTANCE,OK,0.731,3.761,,0,nearest_robot=robot6
512.000,ours,-,robot6,MIN_DISTANCE,OK,0.731,3.761,,0,nearest_robot=robot5
512.000,ours,-,fleet,MIN_DISTANCE_AVG,OK,3.761,,,0,robots_sampled=6
513.000,ours,-,robot1,MIN_DISTANCE,OK,2.007,3.761,,0,nearest_robot=robot2
513.000,ours,-,robot2,MIN_DISTANCE,OK,1.610,3.761,,0,nearest_robot=robot3
513.000,ours,-,robot3,MIN_DISTANCE,OK,1.610,3.761,,0,nearest_robot=robot2
513.000,ours,-,robot4,MIN_DISTANCE,OK,15.876,3.761,,0,nearest_robot=robot3
513.000,ours,-,robot5,MIN_DISTANCE,OK,0.731,3.761,,0,nearest_robot=robot6
513.000,ours,-,robot6,MIN_DISTANCE,OK,0.731,3.761,,0,nearest_robot=robot5
513.000,ours,-,fleet,MIN_DISTANCE_AVG,OK,3.761,,,0,robots_sampled=6
514.000,ours,-,robot1,MIN_DISTANCE,OK,2.007,3.761,,0,nearest_robot=robot2
514.000,ours,-,robot2,MIN_DISTANCE,OK,1.611,3.761,,0,nearest_robot=robot3
514.000,ours,-,robot3,MIN_DISTANCE,OK,1.611,3.761,,0,nearest_robot=robot2
514.000,ours,-,robot4,MIN_DISTANCE,OK,15.876,3.761,,0,nearest_robot=robot3
514.000,ours,-,robot5,MIN_DISTANCE,OK,0.731,3.761,,0,nearest_robot=robot6
514.000,ours,-,robot6,MIN_DISTANCE,OK,0.731,3.761,,0,nearest_robot=robot5
514.000,ours,-,fleet,MIN_DISTANCE_AVG,OK,3.761,,,0,robots_sampled=6
515.000,ours,-,robot1,MIN_DISTANCE,OK,2.007,3.761,,0,nearest_robot=robot2
515.000,ours,-,robot2,MIN_DISTANCE,OK,1.611,3.761,,0,nearest_robot=robot3
515.000,ours,-,robot3,MIN_DISTANCE,OK,1.611,3.761,,0,nearest_robot=robot2
515.000,ours,-,robot4,MIN_DISTANCE,OK,15.876,3.761,,0,nearest_robot=robot3
515.000,ours,-,robot5,MIN_DISTANCE,OK,0.730,3.761,,0,nearest_robot=robot6
515.000,ours,-,robot6,MIN_DISTANCE,OK,0.730,3.761,,0,nearest_robot=robot5
515.000,ours,-,fleet,MIN_DISTANCE_AVG,OK,3.761,,,0,robots_sampled=6
515.250,ours,-,fleet,CHOMP_TIME_FULL,OK,,3.877,,0,iterations=100;iterations_executed=100;source=algorithm;round_trip=3.904003
516.000,ours,-,robot1,MIN_DISTANCE,OK,2.007,3.764,,0,nearest_robot=robot2
516.000,ours,-,robot2,MIN_DISTANCE,OK,1.611,3.764,,0,nearest_robot=robot3
516.000,ours,-,robot3,MIN_DISTANCE,OK,1.611,3.764,,0,nearest_robot=robot2
516.000,ours,-,robot4,MIN_DISTANCE,OK,15.876,3.764,,0,nearest_robot=robot3
516.000,ours,-,robot5,MIN_DISTANCE,OK,0.740,3.764,,0,nearest_robot=robot6
516.000,ours,-,robot6,MIN_DISTANCE,OK,0.740,3.764,,0,nearest_robot=robot5
516.000,ours,-,fleet,MIN_DISTANCE_AVG,OK,3.764,,,0,robots_sampled=6
517.000,ours,-,robot1,MIN_DISTANCE,OK,2.007,3.770,,0,nearest_robot=robot2
517.000,ours,-,robot2,MIN_DISTANCE,OK,1.612,3.770,,0,nearest_robot=robot3
517.000,ours,-,robot3,MIN_DISTANCE,OK,1.612,3.770,,0,nearest_robot=robot2
517.000,ours,-,robot4,MIN_DISTANCE,OK,15.876,3.770,,0,nearest_robot=robot3
517.000,ours,-,robot5,MIN_DISTANCE,OK,0.755,3.770,,0,nearest_robot=robot6
517.000,ours,-,robot6,MIN_DISTANCE,OK,0.755,3.770,,0,nearest_robot=robot5
517.000,ours,-,fleet,MIN_DISTANCE_AVG,OK,3.770,,,0,robots_sampled=6
518.000,ours,-,robot1,MIN_DISTANCE,OK,2.008,3.767,,0,nearest_robot=robot2
518.000,ours,-,robot2,MIN_DISTANCE,OK,1.612,3.767,,0,nearest_robot=robot3
518.000,ours,-,robot3,MIN_DISTANCE,OK,1.612,3.767,,0,nearest_robot=robot2
518.000,ours,-,robot4,MIN_DISTANCE,OK,15.876,3.767,,0,nearest_robot=robot3
518.000,ours,-,robot5,MIN_DISTANCE,OK,0.748,3.767,,0,nearest_robot=robot6
518.000,ours,-,robot6,MIN_DISTANCE,OK,0.748,3.767,,0,nearest_robot=robot5
518.000,ours,-,fleet,MIN_DISTANCE_AVG,OK,3.767,,,0,robots_sampled=6
519.000,ours,-,robot1,MIN_DISTANCE,OK,2.008,3.765,,0,nearest_robot=robot2
519.000,ours,-,robot2,MIN_DISTANCE,OK,1.612,3.765,,0,nearest_robot=robot3
519.000,ours,-,robot3,MIN_DISTANCE,OK,1.612,3.765,,0,nearest_robot=robot2
519.000,ours,-,robot4,MIN_DISTANCE,OK,15.876,3.765,,0,nearest_robot=robot3
519.000,ours,-,robot5,MIN_DISTANCE,OK,0.740,3.765,,0,nearest_robot=robot6
519.000,ours,-,robot6,MIN_DISTANCE,OK,0.740,3.765,,0,nearest_robot=robot5
519.000,ours,-,fleet,MIN_DISTANCE_AVG,OK,3.765,,,0,robots_sampled=6
519.730,ours,-,fleet,CHOMP_TIME_FULL,OK,,3.879,,0,iterations=100;iterations_executed=100;source=algorithm;round_trip=3.903395
520.000,ours,-,robot1,MIN_DISTANCE,OK,2.008,3.764,,0,nearest_robot=robot2
520.000,ours,-,robot2,MIN_DISTANCE,OK,1.613,3.764,,0,nearest_robot=robot3
520.000,ours,-,robot3,MIN_DISTANCE,OK,1.613,3.764,,0,nearest_robot=robot2
520.000,ours,-,robot4,MIN_DISTANCE,OK,15.876,3.764,,0,nearest_robot=robot3
520.000,ours,-,robot5,MIN_DISTANCE,OK,0.738,3.764,,0,nearest_robot=robot6
520.000,ours,-,robot6,MIN_DISTANCE,OK,0.738,3.764,,0,nearest_robot=robot5
520.000,ours,-,fleet,MIN_DISTANCE_AVG,OK,3.764,,,0,robots_sampled=6
521.000,ours,-,robot1,MIN_DISTANCE,OK,2.008,3.764,,0,nearest_robot=robot2
521.000,ours,-,robot2,MIN_DISTANCE,OK,1.613,3.764,,0,nearest_robot=robot3
521.000,ours,-,robot3,MIN_DISTANCE,OK,1.613,3.764,,0,nearest_robot=robot2
521.000,ours,-,robot4,MIN_DISTANCE,OK,15.876,3.764,,0,nearest_robot=robot3
521.000,ours,-,robot5,MIN_DISTANCE,OK,0.737,3.764,,0,nearest_robot=robot6
521.000,ours,-,robot6,MIN_DISTANCE,OK,0.737,3.764,,0,nearest_robot=robot5
521.000,ours,-,fleet,MIN_DISTANCE_AVG,OK,3.764,,,0,robots_sampled=6
522.000,ours,-,robot1,MIN_DISTANCE,OK,2.008,3.764,,0,nearest_robot=robot2
522.000,ours,-,robot2,MIN_DISTANCE,OK,1.613,3.764,,0,nearest_robot=robot3
522.000,ours,-,robot3,MIN_DISTANCE,OK,1.613,3.764,,0,nearest_robot=robot2
522.000,ours,-,robot4,MIN_DISTANCE,OK,15.876,3.764,,0,nearest_robot=robot3
522.000,ours,-,robot5,MIN_DISTANCE,OK,0.736,3.764,,0,nearest_robot=robot6
522.000,ours,-,robot6,MIN_DISTANCE,OK,0.736,3.764,,0,nearest_robot=robot5
522.000,ours,-,fleet,MIN_DISTANCE_AVG,OK,3.764,,,0,robots_sampled=6
523.000,ours,-,robot1,MIN_DISTANCE,OK,2.009,3.764,,0,nearest_robot=robot2
523.000,ours,-,robot2,MIN_DISTANCE,OK,1.614,3.764,,0,nearest_robot=robot3
523.000,ours,-,robot3,MIN_DISTANCE,OK,1.614,3.764,,0,nearest_robot=robot2
523.000,ours,-,robot4,MIN_DISTANCE,OK,15.876,3.764,,0,nearest_robot=robot3
523.000,ours,-,robot5,MIN_DISTANCE,OK,0.736,3.764,,0,nearest_robot=robot6
523.000,ours,-,robot6,MIN_DISTANCE,OK,0.736,3.764,,0,nearest_robot=robot5
523.000,ours,-,fleet,MIN_DISTANCE_AVG,OK,3.764,,,0,robots_sampled=6
524.000,ours,-,robot1,MIN_DISTANCE,OK,2.009,3.764,,0,nearest_robot=robot2
524.000,ours,-,robot2,MIN_DISTANCE,OK,1.614,3.764,,0,nearest_robot=robot3
524.000,ours,-,robot3,MIN_DISTANCE,OK,1.614,3.764,,0,nearest_robot=robot2
524.000,ours,-,robot4,MIN_DISTANCE,OK,15.876,3.764,,0,nearest_robot=robot3
524.000,ours,-,robot5,MIN_DISTANCE,OK,0.735,3.764,,0,nearest_robot=robot6
524.000,ours,-,robot6,MIN_DISTANCE,OK,0.735,3.764,,0,nearest_robot=robot5
524.000,ours,-,fleet,MIN_DISTANCE_AVG,OK,3.764,,,0,robots_sampled=6
524.460,ours,-,fleet,CHOMP_TIME_FULL,OK,,4.136,,0,iterations=100;iterations_executed=100;source=algorithm;round_trip=4.162300
525.000,ours,-,robot1,MIN_DISTANCE,OK,2.009,3.764,,0,nearest_robot=robot2
525.000,ours,-,robot2,MIN_DISTANCE,OK,1.614,3.764,,0,nearest_robot=robot3
525.000,ours,-,robot3,MIN_DISTANCE,OK,1.614,3.764,,0,nearest_robot=robot2
525.000,ours,-,robot4,MIN_DISTANCE,OK,15.876,3.764,,0,nearest_robot=robot3
525.000,ours,-,robot5,MIN_DISTANCE,OK,0.735,3.764,,0,nearest_robot=robot6
525.000,ours,-,robot6,MIN_DISTANCE,OK,0.735,3.764,,0,nearest_robot=robot5
525.000,ours,-,fleet,MIN_DISTANCE_AVG,OK,3.764,,,0,robots_sampled=6
526.000,ours,-,robot1,MIN_DISTANCE,OK,2.009,3.764,,0,nearest_robot=robot2
526.000,ours,-,robot2,MIN_DISTANCE,OK,1.614,3.764,,0,nearest_robot=robot3
526.000,ours,-,robot3,MIN_DISTANCE,OK,1.614,3.764,,0,nearest_robot=robot2
526.000,ours,-,robot4,MIN_DISTANCE,OK,15.876,3.764,,0,nearest_robot=robot3
526.000,ours,-,robot5,MIN_DISTANCE,OK,0.735,3.764,,0,nearest_robot=robot6
526.000,ours,-,robot6,MIN_DISTANCE,OK,0.735,3.764,,0,nearest_robot=robot5
526.000,ours,-,fleet,MIN_DISTANCE_AVG,OK,3.764,,,0,robots_sampled=6
527.000,ours,-,robot1,MIN_DISTANCE,OK,2.009,3.764,,0,nearest_robot=robot2
527.000,ours,-,robot2,MIN_DISTANCE,OK,1.615,3.764,,0,nearest_robot=robot3
527.000,ours,-,robot3,MIN_DISTANCE,OK,1.615,3.764,,0,nearest_robot=robot2
527.000,ours,-,robot4,MIN_DISTANCE,OK,15.876,3.764,,0,nearest_robot=robot3
527.000,ours,-,robot5,MIN_DISTANCE,OK,0.735,3.764,,0,nearest_robot=robot6
527.000,ours,-,robot6,MIN_DISTANCE,OK,0.735,3.764,,0,nearest_robot=robot5
527.000,ours,-,fleet,MIN_DISTANCE_AVG,OK,3.764,,,0,robots_sampled=6
528.000,ours,-,robot1,MIN_DISTANCE,OK,2.009,3.764,,0,nearest_robot=robot2
528.000,ours,-,robot2,MIN_DISTANCE,OK,1.615,3.764,,0,nearest_robot=robot3
528.000,ours,-,robot3,MIN_DISTANCE,OK,1.615,3.764,,0,nearest_robot=robot2
528.000,ours,-,robot4,MIN_DISTANCE,OK,15.876,3.764,,0,nearest_robot=robot3
528.000,ours,-,robot5,MIN_DISTANCE,OK,0.734,3.764,,0,nearest_robot=robot6
528.000,ours,-,robot6,MIN_DISTANCE,OK,0.734,3.764,,0,nearest_robot=robot5
528.000,ours,-,fleet,MIN_DISTANCE_AVG,OK,3.764,,,0,robots_sampled=6
528.770,ours,-,fleet,CHOMP_TIME_FULL,OK,,3.913,,0,iterations=100;iterations_executed=100;source=algorithm;round_trip=3.934988
529.000,ours,-,robot1,MIN_DISTANCE,OK,2.010,3.764,,0,nearest_robot=robot2
529.000,ours,-,robot2,MIN_DISTANCE,OK,1.615,3.764,,0,nearest_robot=robot3
529.000,ours,-,robot3,MIN_DISTANCE,OK,1.615,3.764,,0,nearest_robot=robot2
529.000,ours,-,robot4,MIN_DISTANCE,OK,15.876,3.764,,0,nearest_robot=robot3
529.000,ours,-,robot5,MIN_DISTANCE,OK,0.735,3.764,,0,nearest_robot=robot6
529.000,ours,-,robot6,MIN_DISTANCE,OK,0.735,3.764,,0,nearest_robot=robot5
529.000,ours,-,fleet,MIN_DISTANCE_AVG,OK,3.764,,,0,robots_sampled=6
530.000,ours,-,robot1,MIN_DISTANCE,OK,2.010,3.768,,0,nearest_robot=robot2
530.000,ours,-,robot2,MIN_DISTANCE,OK,1.616,3.768,,0,nearest_robot=robot3
530.000,ours,-,robot3,MIN_DISTANCE,OK,1.616,3.768,,0,nearest_robot=robot2
530.000,ours,-,robot4,MIN_DISTANCE,OK,15.876,3.768,,0,nearest_robot=robot3
530.000,ours,-,robot5,MIN_DISTANCE,OK,0.746,3.768,,0,nearest_robot=robot6
530.000,ours,-,robot6,MIN_DISTANCE,OK,0.746,3.768,,0,nearest_robot=robot5
530.000,ours,-,fleet,MIN_DISTANCE_AVG,OK,3.768,,,0,robots_sampled=6
531.000,ours,-,robot1,MIN_DISTANCE,OK,2.010,3.771,,0,nearest_robot=robot2
531.000,ours,-,robot2,MIN_DISTANCE,OK,1.616,3.771,,0,nearest_robot=robot3
531.000,ours,-,robot3,MIN_DISTANCE,OK,1.616,3.771,,0,nearest_robot=robot2
531.000,ours,-,robot4,MIN_DISTANCE,OK,15.876,3.771,,0,nearest_robot=robot3
531.000,ours,-,robot5,MIN_DISTANCE,OK,0.754,3.771,,0,nearest_robot=robot6
531.000,ours,-,robot6,MIN_DISTANCE,OK,0.754,3.771,,0,nearest_robot=robot5
531.000,ours,-,fleet,MIN_DISTANCE_AVG,OK,3.771,,,0,robots_sampled=6
532.000,ours,-,robot1,MIN_DISTANCE,OK,2.010,3.762,,0,nearest_robot=robot2
532.000,ours,-,robot2,MIN_DISTANCE,OK,1.616,3.762,,0,nearest_robot=robot3
532.000,ours,-,robot3,MIN_DISTANCE,OK,1.616,3.762,,0,nearest_robot=robot2
532.000,ours,-,robot4,MIN_DISTANCE,OK,15.876,3.762,,0,nearest_robot=robot3
532.000,ours,-,robot5,MIN_DISTANCE,OK,0.726,3.762,,0,nearest_robot=robot6
532.000,ours,-,robot6,MIN_DISTANCE,OK,0.726,3.762,,0,nearest_robot=robot5
532.000,ours,-,fleet,MIN_DISTANCE_AVG,OK,3.762,,,0,robots_sampled=6
533.000,ours,-,robot1,MIN_DISTANCE,OK,2.010,3.758,,0,nearest_robot=robot2
533.000,ours,-,robot2,MIN_DISTANCE,OK,1.617,3.758,,0,nearest_robot=robot3
533.000,ours,-,robot3,MIN_DISTANCE,OK,1.617,3.758,,0,nearest_robot=robot2
533.000,ours,-,robot4,MIN_DISTANCE,OK,15.876,3.758,,0,nearest_robot=robot3
533.000,ours,-,robot5,MIN_DISTANCE,OK,0.715,3.758,,0,nearest_robot=robot6
533.000,ours,-,robot6,MIN_DISTANCE,OK,0.715,3.758,,0,nearest_robot=robot5
533.000,ours,-,fleet,MIN_DISTANCE_AVG,OK,3.758,,,0,robots_sampled=6
533.280,ours,-,fleet,CHOMP_TIME_FULL,OK,,3.937,,0,iterations=100;iterations_executed=100;source=algorithm;round_trip=3.957177
534.000,ours,-,robot1,MIN_DISTANCE,OK,2.011,3.757,,0,nearest_robot=robot2
534.000,ours,-,robot2,MIN_DISTANCE,OK,1.617,3.757,,0,nearest_robot=robot3
534.000,ours,-,robot3,MIN_DISTANCE,OK,1.617,3.757,,0,nearest_robot=robot2
534.000,ours,-,robot4,MIN_DISTANCE,OK,15.876,3.757,,0,nearest_robot=robot3
534.000,ours,-,robot5,MIN_DISTANCE,OK,0.711,3.757,,0,nearest_robot=robot6
534.000,ours,-,robot6,MIN_DISTANCE,OK,0.711,3.757,,0,nearest_robot=robot5
534.000,ours,-,fleet,MIN_DISTANCE_AVG,OK,3.757,,,0,robots_sampled=6
535.000,ours,-,robot1,MIN_DISTANCE,OK,2.011,3.757,,0,nearest_robot=robot2
535.000,ours,-,robot2,MIN_DISTANCE,OK,1.617,3.757,,0,nearest_robot=robot3
535.000,ours,-,robot3,MIN_DISTANCE,OK,1.617,3.757,,0,nearest_robot=robot2
535.000,ours,-,robot4,MIN_DISTANCE,OK,15.876,3.757,,0,nearest_robot=robot3
535.000,ours,-,robot5,MIN_DISTANCE,OK,0.709,3.757,,0,nearest_robot=robot6
535.000,ours,-,robot6,MIN_DISTANCE,OK,0.709,3.757,,0,nearest_robot=robot5
535.000,ours,-,fleet,MIN_DISTANCE_AVG,OK,3.757,,,0,robots_sampled=6
536.000,ours,-,robot1,MIN_DISTANCE,OK,2.011,3.757,,0,nearest_robot=robot2
536.000,ours,-,robot2,MIN_DISTANCE,OK,1.618,3.757,,0,nearest_robot=robot3
536.000,ours,-,robot3,MIN_DISTANCE,OK,1.618,3.757,,0,nearest_robot=robot2
536.000,ours,-,robot4,MIN_DISTANCE,OK,15.876,3.757,,0,nearest_robot=robot3
536.000,ours,-,robot5,MIN_DISTANCE,OK,0.708,3.757,,0,nearest_robot=robot6
536.000,ours,-,robot6,MIN_DISTANCE,OK,0.708,3.757,,0,nearest_robot=robot5
536.000,ours,-,fleet,MIN_DISTANCE_AVG,OK,3.757,,,0,robots_sampled=6
537.000,ours,-,robot1,MIN_DISTANCE,OK,2.011,3.757,,0,nearest_robot=robot2
537.000,ours,-,robot2,MIN_DISTANCE,OK,1.618,3.757,,0,nearest_robot=robot3
537.000,ours,-,robot3,MIN_DISTANCE,OK,1.618,3.757,,0,nearest_robot=robot2
537.000,ours,-,robot4,MIN_DISTANCE,OK,15.876,3.757,,0,nearest_robot=robot3
537.000,ours,-,robot5,MIN_DISTANCE,OK,0.708,3.757,,0,nearest_robot=robot6
537.000,ours,-,robot6,MIN_DISTANCE,OK,0.708,3.757,,0,nearest_robot=robot5
537.000,ours,-,fleet,MIN_DISTANCE_AVG,OK,3.757,,,0,robots_sampled=6
537.770,ours,-,fleet,CHOMP_TIME_FULL,OK,,3.914,,0,iterations=100;iterations_executed=100;source=algorithm;round_trip=3.940607
538.000,ours,-,robot1,MIN_DISTANCE,OK,2.011,3.757,,0,nearest_robot=robot2
538.000,ours,-,robot2,MIN_DISTANCE,OK,1.618,3.757,,0,nearest_robot=robot3
538.000,ours,-,robot3,MIN_DISTANCE,OK,1.618,3.757,,0,nearest_robot=robot2
538.000,ours,-,robot4,MIN_DISTANCE,OK,15.876,3.757,,0,nearest_robot=robot3
538.000,ours,-,robot5,MIN_DISTANCE,OK,0.707,3.757,,0,nearest_robot=robot6
538.000,ours,-,robot6,MIN_DISTANCE,OK,0.707,3.757,,0,nearest_robot=robot5
538.000,ours,-,fleet,MIN_DISTANCE_AVG,OK,3.757,,,0,robots_sampled=6
539.000,ours,-,robot1,MIN_DISTANCE,OK,2.012,3.757,,0,nearest_robot=robot2
539.000,ours,-,robot2,MIN_DISTANCE,OK,1.619,3.757,,0,nearest_robot=robot3
539.000,ours,-,robot3,MIN_DISTANCE,OK,1.619,3.757,,0,nearest_robot=robot2
539.000,ours,-,robot4,MIN_DISTANCE,OK,15.876,3.757,,0,nearest_robot=robot3
539.000,ours,-,robot5,MIN_DISTANCE,OK,0.707,3.757,,0,nearest_robot=robot6
539.000,ours,-,robot6,MIN_DISTANCE,OK,0.707,3.757,,0,nearest_robot=robot5
539.000,ours,-,fleet,MIN_DISTANCE_AVG,OK,3.757,,,0,robots_sampled=6
540.000,ours,-,robot1,MIN_DISTANCE,OK,2.012,3.757,,0,nearest_robot=robot2
540.000,ours,-,robot2,MIN_DISTANCE,OK,1.619,3.757,,0,nearest_robot=robot3
540.000,ours,-,robot3,MIN_DISTANCE,OK,1.619,3.757,,0,nearest_robot=robot2
540.000,ours,-,robot4,MIN_DISTANCE,OK,15.876,3.757,,0,nearest_robot=robot3
540.000,ours,-,robot5,MIN_DISTANCE,OK,0.707,3.757,,0,nearest_robot=robot6
540.000,ours,-,robot6,MIN_DISTANCE,OK,0.707,3.757,,0,nearest_robot=robot5
540.000,ours,-,fleet,MIN_DISTANCE_AVG,OK,3.757,,,0,robots_sampled=6
541.000,ours,-,robot1,MIN_DISTANCE,OK,2.012,3.757,,0,nearest_robot=robot2
541.000,ours,-,robot2,MIN_DISTANCE,OK,1.619,3.757,,0,nearest_robot=robot3
541.000,ours,-,robot3,MIN_DISTANCE,OK,1.619,3.757,,0,nearest_robot=robot2
541.000,ours,-,robot4,MIN_DISTANCE,OK,15.876,3.757,,0,nearest_robot=robot3
541.000,ours,-,robot5,MIN_DISTANCE,OK,0.707,3.757,,0,nearest_robot=robot6
541.000,ours,-,robot6,MIN_DISTANCE,OK,0.707,3.757,,0,nearest_robot=robot5
541.000,ours,-,fleet,MIN_DISTANCE_AVG,OK,3.757,,,0,robots_sampled=6
542.000,ours,-,robot1,MIN_DISTANCE,OK,2.012,3.757,,0,nearest_robot=robot2
542.000,ours,-,robot2,MIN_DISTANCE,OK,1.619,3.757,,0,nearest_robot=robot3
542.000,ours,-,robot3,MIN_DISTANCE,OK,1.619,3.757,,0,nearest_robot=robot2
542.000,ours,-,robot4,MIN_DISTANCE,OK,15.876,3.757,,0,nearest_robot=robot3
542.000,ours,-,robot5,MIN_DISTANCE,OK,0.706,3.757,,0,nearest_robot=robot6
542.000,ours,-,robot6,MIN_DISTANCE,OK,0.706,3.757,,0,nearest_robot=robot5
542.000,ours,-,fleet,MIN_DISTANCE_AVG,OK,3.757,,,0,robots_sampled=6
542.290,ours,-,fleet,CHOMP_TIME_FULL,OK,,3.917,,0,iterations=100;iterations_executed=100;source=algorithm;round_trip=3.940510
543.000,ours,-,robot1,MIN_DISTANCE,OK,2.012,3.759,,0,nearest_robot=robot2
543.000,ours,-,robot2,MIN_DISTANCE,OK,1.620,3.759,,0,nearest_robot=robot3
543.000,ours,-,robot3,MIN_DISTANCE,OK,1.620,3.759,,0,nearest_robot=robot2
543.000,ours,-,robot4,MIN_DISTANCE,OK,15.876,3.759,,0,nearest_robot=robot3
543.000,ours,-,robot5,MIN_DISTANCE,OK,0.712,3.759,,0,nearest_robot=robot6
543.000,ours,-,robot6,MIN_DISTANCE,OK,0.712,3.759,,0,nearest_robot=robot5
543.000,ours,-,fleet,MIN_DISTANCE_AVG,OK,3.759,,,0,robots_sampled=6
544.000,ours,-,robot1,MIN_DISTANCE,OK,2.013,3.759,,0,nearest_robot=robot2
544.000,ours,-,robot2,MIN_DISTANCE,OK,1.620,3.759,,0,nearest_robot=robot3
544.000,ours,-,robot3,MIN_DISTANCE,OK,1.620,3.759,,0,nearest_robot=robot2
544.000,ours,-,robot4,MIN_DISTANCE,OK,15.876,3.759,,0,nearest_robot=robot3
544.000,ours,-,robot5,MIN_DISTANCE,OK,0.713,3.759,,0,nearest_robot=robot6
544.000,ours,-,robot6,MIN_DISTANCE,OK,0.713,3.759,,0,nearest_robot=robot5
544.000,ours,-,fleet,MIN_DISTANCE_AVG,OK,3.759,,,0,robots_sampled=6
545.000,ours,-,robot1,MIN_DISTANCE,OK,2.013,3.758,,0,nearest_robot=robot2
545.000,ours,-,robot2,MIN_DISTANCE,OK,1.620,3.758,,0,nearest_robot=robot3
545.000,ours,-,robot3,MIN_DISTANCE,OK,1.620,3.758,,0,nearest_robot=robot2
545.000,ours,-,robot4,MIN_DISTANCE,OK,15.876,3.758,,0,nearest_robot=robot3
545.000,ours,-,robot5,MIN_DISTANCE,OK,0.709,3.758,,0,nearest_robot=robot6
545.000,ours,-,robot6,MIN_DISTANCE,OK,0.709,3.758,,0,nearest_robot=robot5
545.000,ours,-,fleet,MIN_DISTANCE_AVG,OK,3.758,,,0,robots_sampled=6
546.000,ours,-,robot1,MIN_DISTANCE,OK,2.013,3.758,,0,nearest_robot=robot2
546.000,ours,-,robot2,MIN_DISTANCE,OK,1.621,3.758,,0,nearest_robot=robot3
546.000,ours,-,robot3,MIN_DISTANCE,OK,1.621,3.758,,0,nearest_robot=robot2
546.000,ours,-,robot4,MIN_DISTANCE,OK,15.876,3.758,,0,nearest_robot=robot3
546.000,ours,-,robot5,MIN_DISTANCE,OK,0.708,3.758,,0,nearest_robot=robot6
546.000,ours,-,robot6,MIN_DISTANCE,OK,0.708,3.758,,0,nearest_robot=robot5
546.000,ours,-,fleet,MIN_DISTANCE_AVG,OK,3.758,,,0,robots_sampled=6
546.830,ours,-,fleet,CHOMP_TIME_FULL,OK,,3.997,,0,iterations=100;iterations_executed=100;source=algorithm;round_trip=4.018683
547.000,ours,-,robot1,MIN_DISTANCE,OK,2.013,3.754,,0,nearest_robot=robot2
547.000,ours,-,robot2,MIN_DISTANCE,OK,1.621,3.754,,0,nearest_robot=robot3
547.000,ours,-,robot3,MIN_DISTANCE,OK,1.621,3.754,,0,nearest_robot=robot2
547.000,ours,-,robot4,MIN_DISTANCE,OK,15.876,3.754,,0,nearest_robot=robot3
547.000,ours,-,robot5,MIN_DISTANCE,OK,0.697,3.754,,0,nearest_robot=robot6
547.000,ours,-,robot6,MIN_DISTANCE,OK,0.697,3.754,,0,nearest_robot=robot5
547.000,ours,-,fleet,MIN_DISTANCE_AVG,OK,3.754,,,0,robots_sampled=6
548.000,ours,-,robot1,MIN_DISTANCE,OK,2.013,3.754,,0,nearest_robot=robot2
548.000,ours,-,robot2,MIN_DISTANCE,OK,1.621,3.754,,0,nearest_robot=robot3
548.000,ours,-,robot3,MIN_DISTANCE,OK,1.621,3.754,,0,nearest_robot=robot2
548.000,ours,-,robot4,MIN_DISTANCE,OK,15.876,3.754,,0,nearest_robot=robot3
548.000,ours,-,robot5,MIN_DISTANCE,OK,0.697,3.754,,0,nearest_robot=robot6
548.000,ours,-,robot6,MIN_DISTANCE,OK,0.697,3.754,,0,nearest_robot=robot5
548.000,ours,-,fleet,MIN_DISTANCE_AVG,OK,3.754,,,0,robots_sampled=6
549.000,ours,-,robot1,MIN_DISTANCE,OK,2.014,3.754,,0,nearest_robot=robot2
549.000,ours,-,robot2,MIN_DISTANCE,OK,1.622,3.754,,0,nearest_robot=robot3
549.000,ours,-,robot3,MIN_DISTANCE,OK,1.622,3.754,,0,nearest_robot=robot2
549.000,ours,-,robot4,MIN_DISTANCE,OK,15.876,3.754,,0,nearest_robot=robot3
549.000,ours,-,robot5,MIN_DISTANCE,OK,0.697,3.754,,0,nearest_robot=robot6
549.000,ours,-,robot6,MIN_DISTANCE,OK,0.697,3.754,,0,nearest_robot=robot5
549.000,ours,-,fleet,MIN_DISTANCE_AVG,OK,3.754,,,0,robots_sampled=6
550.000,ours,-,robot1,MIN_DISTANCE,OK,2.014,3.755,,0,nearest_robot=robot2
550.000,ours,-,robot2,MIN_DISTANCE,OK,1.622,3.755,,0,nearest_robot=robot3
550.000,ours,-,robot3,MIN_DISTANCE,OK,1.622,3.755,,0,nearest_robot=robot2
550.000,ours,-,robot4,MIN_DISTANCE,OK,15.876,3.755,,0,nearest_robot=robot3
550.000,ours,-,robot5,MIN_DISTANCE,OK,0.697,3.755,,0,nearest_robot=robot6
550.000,ours,-,robot6,MIN_DISTANCE,OK,0.697,3.755,,0,nearest_robot=robot5
550.000,ours,-,fleet,MIN_DISTANCE_AVG,OK,3.755,,,0,robots_sampled=6
551.000,ours,-,robot1,MIN_DISTANCE,OK,2.014,3.755,,0,nearest_robot=robot2
551.000,ours,-,robot2,MIN_DISTANCE,OK,1.622,3.755,,0,nearest_robot=robot3
551.000,ours,-,robot3,MIN_DISTANCE,OK,1.622,3.755,,0,nearest_robot=robot2
551.000,ours,-,robot4,MIN_DISTANCE,OK,15.876,3.755,,0,nearest_robot=robot3
551.000,ours,-,robot5,MIN_DISTANCE,OK,0.697,3.755,,0,nearest_robot=robot6
551.000,ours,-,robot6,MIN_DISTANCE,OK,0.697,3.755,,0,nearest_robot=robot5
551.000,ours,-,fleet,MIN_DISTANCE_AVG,OK,3.755,,,0,robots_sampled=6
551.300,ours,-,fleet,CHOMP_TIME_FULL,OK,,3.937,,0,iterations=100;iterations_executed=100;source=algorithm;round_trip=3.960753
552.000,ours,-,robot1,MIN_DISTANCE,OK,2.014,3.755,,0,nearest_robot=robot2
552.000,ours,-,robot2,MIN_DISTANCE,OK,1.623,3.755,,0,nearest_robot=robot3
552.000,ours,-,robot3,MIN_DISTANCE,OK,1.623,3.755,,0,nearest_robot=robot2
552.000,ours,-,robot4,MIN_DISTANCE,OK,15.876,3.755,,0,nearest_robot=robot3
552.000,ours,-,robot5,MIN_DISTANCE,OK,0.696,3.755,,0,nearest_robot=robot6
552.000,ours,-,robot6,MIN_DISTANCE,OK,0.696,3.755,,0,nearest_robot=robot5
552.000,ours,-,fleet,MIN_DISTANCE_AVG,OK,3.755,,,0,robots_sampled=6
553.000,ours,-,robot1,MIN_DISTANCE,OK,2.014,3.755,,0,nearest_robot=robot2
553.000,ours,-,robot2,MIN_DISTANCE,OK,1.623,3.755,,0,nearest_robot=robot3
553.000,ours,-,robot3,MIN_DISTANCE,OK,1.623,3.755,,0,nearest_robot=robot2
553.000,ours,-,robot4,MIN_DISTANCE,OK,15.876,3.755,,0,nearest_robot=robot3
553.000,ours,-,robot5,MIN_DISTANCE,OK,0.696,3.755,,0,nearest_robot=robot6
553.000,ours,-,robot6,MIN_DISTANCE,OK,0.696,3.755,,0,nearest_robot=robot5
553.000,ours,-,fleet,MIN_DISTANCE_AVG,OK,3.755,,,0,robots_sampled=6
554.000,ours,-,robot1,MIN_DISTANCE,OK,2.015,3.755,,0,nearest_robot=robot2
554.000,ours,-,robot2,MIN_DISTANCE,OK,1.623,3.755,,0,nearest_robot=robot3
554.000,ours,-,robot3,MIN_DISTANCE,OK,1.623,3.755,,0,nearest_robot=robot2
554.000,ours,-,robot4,MIN_DISTANCE,OK,15.876,3.755,,0,nearest_robot=robot3
554.000,ours,-,robot5,MIN_DISTANCE,OK,0.696,3.755,,0,nearest_robot=robot6
554.000,ours,-,robot6,MIN_DISTANCE,OK,0.696,3.755,,0,nearest_robot=robot5
554.000,ours,-,fleet,MIN_DISTANCE_AVG,OK,3.755,,,0,robots_sampled=6
555.000,ours,-,robot1,MIN_DISTANCE,OK,2.015,3.755,,0,nearest_robot=robot2
555.000,ours,-,robot2,MIN_DISTANCE,OK,1.624,3.755,,0,nearest_robot=robot3
555.000,ours,-,robot3,MIN_DISTANCE,OK,1.624,3.755,,0,nearest_robot=robot2
555.000,ours,-,robot4,MIN_DISTANCE,OK,15.876,3.755,,0,nearest_robot=robot3
555.000,ours,-,robot5,MIN_DISTANCE,OK,0.695,3.755,,0,nearest_robot=robot6
555.000,ours,-,robot6,MIN_DISTANCE,OK,0.695,3.755,,0,nearest_robot=robot5
555.000,ours,-,fleet,MIN_DISTANCE_AVG,OK,3.755,,,0,robots_sampled=6
555.860,ours,-,fleet,CHOMP_TIME_FULL,OK,,4.013,,0,iterations=100;iterations_executed=100;source=algorithm;round_trip=4.038660
