timestamp,run_id,task_id,robot_id,event,status,allocation_cost,duration,path,collision_flag,message
100.000,ours,-,robot1,MIN_DISTANCE,OK,12.416,10.587,,0,nearest_robot=robot6
100.000,ours,-,robot2,MIN_DISTANCE,OK,12.510,10.587,,0,nearest_robot=robot1
100.000,ours,-,robot3,MIN_DISTANCE,OK,6.490,10.587,,0,nearest_robot=robot4
100.000,ours,-,robot4,MIN_DISTANCE,OK,6.490,10.587,,0,nearest_robot=robot3
100.000,ours,-,robot5,MIN_DISTANCE,OK,13.200,10.587,,0,nearest_robot=robot4
100.000,ours,-,robot6,MIN_DISTANCE,OK,12.416,10.587,,0,nearest_robot=robot1
100.000,ours,-,fleet,MIN_DISTANCE_AVG,OK,10.587,,,0,robots_sampled=6
101.000,ours,-,robot1,MIN_DISTANCE,OK,12.416,10.587,,0,nearest_robot=robot6
101.000,ours,-,robot2,MIN_DISTANCE,OK,12.510,10.587,,0,nearest_robot=robot1
101.000,ours,-,robot3,MIN_DISTANCE,OK,6.490,10.587,,0,nearest_robot=robot4
101.000,ours,-,robot4,MIN_DISTANCE,OK,6.490,10.587,,0,nearest_robot=robot3
101.000,ours,-,robot5,MIN_DISTANCE,OK,13.200,10.587,,0,nearest_robot=robot4
101.000,ours,-,robot6,MIN_DISTANCE,OK,12.416,10.587,,0,nearest_robot=robot1
101.000,ours,-,fleet,MIN_DISTANCE_AVG,OK,10.587,,,0,robots_sampled=6
102.000,ours,-,robot1,MIN_DISTANCE,OK,12.416,10.587,,0,nearest_robot=robot6
102.000,ours,-,robot2,MIN_DISTANCE,OK,12.510,10.587,,0,nearest_robot=robot1
102.000,ours,-,robot3,MIN_DISTANCE,OK,6.490,10.587,,0,nearest_robot=robot4
102.000,ours,-,robot4,MIN_DISTANCE,OK,6.490,10.587,,0,nearest_robot=robot3
102.000,ours,-,robot5,MIN_DISTANCE,OK,13.200,10.587,,0,nearest_robot=robot4
102.000,ours,-,robot6,MIN_DISTANCE,OK,12.416,10.587,,0,nearest_robot=robot1
102.000,ours,-,fleet,MIN_DISTANCE_AVG,OK,10.587,,,0,robots_sampled=6
103.000,ours,-,robot1,MIN_DISTANCE,OK,12.416,10.587,,0,nearest_robot=robot6
103.000,ours,-,robot2,MIN_DISTANCE,OK,12.510,10.587,,0,nearest_robot=robot1
103.000,ours,-,robot3,MIN_DISTANCE,OK,6.490,10.587,,0,nearest_robot=robot4
103.000,ours,-,robot4,MIN_DISTANCE,OK,6.490,10.587,,0,nearest_robot=robot3
103.000,ours,-,robot5,MIN_DISTANCE,OK,13.200,10.587,,0,nearest_robot=robot4
103.000,ours,-,robot6,MIN_DISTANCE,OK,12.416,10.587,,0,nearest_robot=robot1
103.000,ours,-,fleet,MIN_DISTANCE_AVG,OK,10.587,,,0,robots_sampled=6
104.000,ours,-,robot1,MIN_DISTANCE,OK,12.416,10.587,,0,nearest_robot=robot6
104.000,ours,-,robot2,MIN_DISTANCE,OK,12.510,10.587,,0,nearest_robot=robot1
104.000,ours,-,robot3,MIN_DISTANCE,OK,6.490,10.587,,0,nearest_robot=robot4
104.000,ours,-,robot4,MIN_DISTANCE,OK,6.490,10.587,,0,nearest_robot=robot3
104.000,ours,-,robot5,MIN_DISTANCE,OK,13.200,10.587,,0,nearest_robot=robot4
104.000,ours,-,robot6,MIN_DISTANCE,OK,12.416,10.587,,0,nearest_robot=robot1
104.000,ours,-,fleet,MIN_DISTANCE_AVG,OK,10.587,,,0,robots_sampled=6
105.000,ours,-,robot1,MIN_DISTANCE,OK,12.416,10.587,,0,nearest_robot=robot6
105.000,ours,-,robot2,MIN_DISTANCE,OK,12.510,10.587,,0,nearest_robot=robot1
105.000,ours,-,robot3,MIN_DISTANCE,OK,6.490,10.587,,0,nearest_robot=robot4
105.000,ours,-,robot4,MIN_DISTANCE,OK,6.490,10.587,,0,nearest_robot=robot3
105.000,ours,-,robot5,MIN_DISTANCE,OK,13.200,10.587,,0,nearest_robot=robot4
105.000,ours,-,robot6,MIN_DISTANCE,OK,12.416,10.587,,0,nearest_robot=robot1
105.000,ours,-,fleet,MIN_DISTANCE_AVG,OK,10.587,,,0,robots_sampled=6
106.000,ours,-,robot1,MIN_DISTANCE,OK,12.416,10.587,,0,nearest_robot=robot6
106.000,ours,-,robot2,MIN_DISTANCE,OK,12.510,10.587,,0,nearest_robot=robot1
106.000,ours,-,robot3,MIN_DISTANCE,OK,6.490,10.587,,0,nearest_robot=robot4
106.000,ours,-,robot4,MIN_DISTANCE,OK,6.490,10.587,,0,nearest_robot=robot3
106.000,ours,-,robot5,MIN_DISTANCE,OK,13.200,10.587,,0,nearest_robot=robot4
106.000,ours,-,robot6,MIN_DISTANCE,OK,12.416,10.587,,0,nearest_robot=robot1
106.000,ours,-,fleet,MIN_DISTANCE_AVG,OK,10.587,,,0,robots_sampled=6
107.000,ours,-,robot1,MIN_DISTANCE,OK,12.416,10.587,,0,nearest_robot=robot6
107.000,ours,-,robot2,MIN_DISTANCE,OK,12.510,10.587,,0,nearest_robot=robot1
107.000,ours,-,robot3,MIN_DISTANCE,OK,6.490,10.587,,0,nearest_robot=robot4
107.000,ours,-,robot4,MIN_DISTANCE,OK,6.490,10.587,,0,nearest_robot=robot3
107.000,ours,-,robot5,MIN_DISTANCE,OK,13.200,10.587,,0,nearest_robot=robot4
107.000,ours,-,robot6,MIN_DISTANCE,OK,12.416,10.587,,0,nearest_robot=robot1
107.000,ours,-,fleet,MIN_DISTANCE_AVG,OK,10.587,,,0,robots_sampled=6
108.000,ours,-,robot1,MIN_DISTANCE,OK,12.416,10.587,,0,nearest_robot=robot6
108.000,ours,-,robot2,MIN_DISTANCE,OK,12.510,10.587,,0,nearest_robot=robot1
108.000,ours,-,robot3,MIN_DISTANCE,OK,6.490,10.587,,0,nearest_robot=robot4
108.000,ours,-,robot4,MIN_DISTANCE,OK,6.490,10.587,,0,nearest_robot=robot3
108.000,ours,-,robot5,MIN_DISTANCE,OK,13.200,10.587,,0,nearest_robot=robot4
108.000,ours,-,robot6,MIN_DISTANCE,OK,12.416,10.587,,0,nearest_robot=robot1
108.000,ours,-,fleet,MIN_DISTANCE_AVG,OK,10.587,,,0,robots_sampled=6
109.000,ours,-,robot1,MIN_DISTANCE,OK,12.416,10.587,,0,nearest_robot=robot6
109.000,ours,-,robot2,MIN_DISTANCE,OK,12.510,10.587,,0,nearest_robot=robot1
109.000,ours,-,robot3,MIN_DISTANCE,OK,6.490,10.587,,0,nearest_robot=robot4
109.000,ours,-,robot4,MIN_DISTANCE,OK,6.490,10.587,,0,nearest_robot=robot3
109.000,ours,-,robot5,MIN_DISTANCE,OK,13.200,10.587,,0,nearest_robot=robot4
109.000,ours,-,robot6,MIN_DISTANCE,OK,12.416,10.587,,0,nearest_robot=robot1
109.000,ours,-,fleet,MIN_DISTANCE_AVG,OK,10.587,,,0,robots_sampled=6
110.000,ours,-,robot1,MIN_DISTANCE,OK,12.416,10.587,,0,nearest_robot=robot6
110.000,ours,-,robot2,MIN_DISTANCE,OK,12.510,10.587,,0,nearest_robot=robot1
110.000,ours,-,robot3,MIN_DISTANCE,OK,6.490,10.587,,0,nearest_robot=robot4
110.000,ours,-,robot4,MIN_DISTANCE,OK,6.490,10.587,,0,nearest_robot=robot3
110.000,ours,-,robot5,MIN_DISTANCE,OK,13.200,10.587,,0,nearest_robot=robot4
110.000,ours,-,robot6,MIN_DISTANCE,OK,12.416,10.587,,0,nearest_robot=robot1
110.000,ours,-,fleet,MIN_DISTANCE_AVG,OK,10.587,,,0,robots_sampled=6
111.000,ours,-,robot1,MIN_DISTANCE,OK,12.416,10.587,,0,nearest_robot=robot6
111.000,ours,-,robot2,MIN_DISTANCE,OK,12.510,10.587,,0,nearest_robot=robot1
111.000,ours,-,robot3,MIN_DISTANCE,OK,6.490,10.587,,0,nearest_robot=robot4
111.000,ours,-,robot4,MIN_DISTANCE,OK,6.490,10.587,,0,nearest_robot=robot3
111.000,ours,-,robot5,MIN_DISTANCE,OK,13.200,10.587,,0,nearest_robot=robot4
111.000,ours,-,robot6,MIN_DISTANCE,OK,12.416,10.587,,0,nearest_robot=robot1
111.000,ours,-,fleet,MIN_DISTANCE_AVG,OK,10.587,,,0,robots_sampled=6
112.000,ours,-,robot1,MIN_DISTANCE,OK,12.416,10.587,,0,nearest_robot=robot6
112.000,ours,-,robot2,MIN_DISTANCE,OK,12.510,10.587,,0,nearest_robot=robot1
112.000,ours,-,robot3,MIN_DISTANCE,OK,6.490,10.587,,0,nearest_robot=robot4
112.000,ours,-,robot4,MIN_DISTANCE,OK,6.490,10.587,,0,nearest_robot=robot3
112.000,ours,-,robot5,MIN_DISTANCE,OK,13.200,10.587,,0,nearest_robot=robot4
112.000,ours,-,robot6,MIN_DISTANCE,OK,12.416,10.587,,0,nearest_robot=robot1
112.000,ours,-,fleet,MIN_DISTANCE_AVG,OK,10.587,,,0,robots_sampled=6
113.000,ours,-,robot1,MIN_DISTANCE,OK,12.416,10.587,,0,nearest_robot=robot6
113.000,ours,-,robot2,MIN_DISTANCE,OK,12.510,10.587,,0,nearest_robot=robot1
113.000,ours,-,robot3,MIN_DISTANCE,OK,6.490,10.587,,0,nearest_robot=robot4
113.000,ours,-,robot4,MIN_DISTANCE,OK,6.490,10.587,,0,nearest_robot=robot3
113.000,ours,-,robot5,MIN_DISTANCE,OK,13.200,10.587,,0,nearest_robot=robot4
113.000,ours,-,robot6,MIN_DISTANCE,OK,12.416,10.587,,0,nearest_robot=robot1
113.000,ours,-,fleet,MIN_DISTANCE_AVG,OK,10.587,,,0,robots_sampled=6
114.000,ours,-,robot1,MIN_DISTANCE,OK,12.416,10.587,,0,nearest_robot=robot6
114.000,ours,-,robot2,MIN_DISTANCE,OK,12.510,10.587,,0,nearest_robot=robot1
114.000,ours,-,robot3,MIN_DISTANCE,OK,6.490,10.587,,0,nearest_robot=robot4
114.000,ours,-,robot4,MIN_DISTANCE,OK,6.490,10.587,,0,nearest_robot=robot3
114.000,ours,-,robot5,MIN_DISTANCE,OK,13.200,10.587,,0,nearest_robot=robot4
114.000,ours,-,robot6,MIN_DISTANCE,OK,12.416,10.587,,0,nearest_robot=robot1
114.000,ours,-,fleet,MIN_DISTANCE_AVG,OK,10.587,,,0,robots_sampled=6
115.000,ours,-,robot1,MIN_DISTANCE,OK,12.416,10.587,,0,nearest_robot=robot6
115.000,ours,-,robot2,MIN_DISTANCE,OK,12.510,10.587,,0,nearest_robot=robot1
115.000,ours,-,robot3,MIN_DISTANCE,OK,6.490,10.587,,0,nearest_robot=robot4
115.000,ours,-,robot4,MIN_DISTANCE,OK,6.490,10.587,,0,nearest_robot=robot3
115.000,ours,-,robot5,MIN_DISTANCE,OK,13.200,10.587,,0,nearest_robot=robot4
115.000,ours,-,robot6,MIN_DISTANCE,OK,12.416,10.587,,0,nearest_robot=robot1
115.000,ours,-,fleet,MIN_DISTANCE_AVG,OK,10.587,,,0,robots_sampled=6
116.000,ours,-,robot1,MIN_DISTANCE,OK,12.416,10.587,,0,nearest_robot=robot6
116.000,ours,-,robot2,MIN_DISTANCE,OK,12.510,10.587,,0,nearest_robot=robot1
116.000,ours,-,robot3,MIN_DISTANCE,OK,6.490,10.587,,0,nearest_robot=robot4
116.000,ours,-,robot4,MIN_DISTANCE,OK,6.490,10.587,,0,nearest_robot=robot3
116.000,ours,-,robot5,MIN_DISTANCE,OK,13.200,10.587,,0,nearest_robot=robot4
116.000,ours,-,robot6,MIN_DISTANCE,OK,12.416,10.587,,0,nearest_robot=robot1
116.000,ours,-,fleet,MIN_DISTANCE_AVG,OK,10.587,,,0,robots_sampled=6
117.000,ours,-,robot1,MIN_DISTANCE,OK,12.416,10.587,,0,nearest_robot=robot6
117.000,ours,-,robot2,MIN_DISTANCE,OK,12.510,10.587,,0,nearest_robot=robot1
117.000,ours,-,robot3,MIN_DISTANCE,OK,6.490,10.587,,0,nearest_robot=robot4
117.000,ours,-,robot4,MIN_DISTANCE,OK,6.490,10.587,,0,nearest_robot=robot3
117.000,ours,-,robot5,MIN_DISTANCE,OK,13.200,10.587,,0,nearest_robot=robot4
117.000,ours,-,robot6,MIN_DISTANCE,OK,12.416,10.587,,0,nearest_robot=robot1
117.000,ours,-,fleet,MIN_DISTANCE_AVG,OK,10.587,,,0,robots_sampled=6
118.000,ours,-,robot1,MIN_DISTANCE,OK,12.416,10.587,,0,nearest_robot=robot6
118.000,ours,-,robot2,MIN_DISTANCE,OK,12.510,10.587,,0,nearest_robot=robot1
118.000,ours,-,robot3,MIN_DISTANCE,OK,6.490,10.587,,0,nearest_robot=robot4
118.000,ours,-,robot4,MIN_DISTANCE,OK,6.490,10.587,,0,nearest_robot=robot3
118.000,ours,-,robot5,MIN_DISTANCE,OK,13.200,10.587,,0,nearest_robot=robot4
118.000,ours,-,robot6,MIN_DISTANCE,OK,12.416,10.587,,0,nearest_robot=robot1
118.000,ours,-,fleet,MIN_DISTANCE_AVG,OK,10.587,,,0,robots_sampled=6
119.000,ours,-,robot1,MIN_DISTANCE,OK,12.416,10.587,,0,nearest_robot=robot6
119.000,ours,-,robot2,MIN_DISTANCE,OK,12.510,10.587,,0,nearest_robot=robot1
119.000,ours,-,robot3,MIN_DISTANCE,OK,6.490,10.587,,0,nearest_robot=robot4
119.000,ours,-,robot4,MIN_DISTANCE,OK,6.490,10.587,,0,nearest_robot=robot3
119.000,ours,-,robot5,MIN_DISTANCE,OK,13.200,10.587,,0,nearest_robot=robot4
119.000,ours,-,robot6,MIN_DISTANCE,OK,12.416,10.587,,0,nearest_robot=robot1
119.000,ours,-,fleet,MIN_DISTANCE_AVG,OK,10.587,,,0,robots_sampled=6
120.000,ours,-,robot1,MIN_DISTANCE,OK,12.416,10.587,,0,nearest_robot=robot6
120.000,ours,-,robot2,MIN_DISTANCE,OK,12.510,10.587,,0,nearest_robot=robot1
120.000,ours,-,robot3,MIN_DISTANCE,OK,6.490,10.587,,0,nearest_robot=robot4
120.000,ours,-,robot4,MIN_DISTANCE,OK,6.490,10.587,,0,nearest_robot=robot3
120.000,ours,-,robot5,MIN_DISTANCE,OK,13.200,10.587,,0,nearest_robot=robot4
120.000,ours,-,robot6,MIN_DISTANCE,OK,12.416,10.587,,0,nearest_robot=robot1
120.000,ours,-,fleet,MIN_DISTANCE_AVG,OK,10.587,,,0,robots_sampled=6
121.000,ours,-,robot1,MIN_DISTANCE,OK,12.416,10.587,,0,nearest_robot=robot6
121.000,ours,-,robot2,MIN_DISTANCE,OK,12.510,10.587,,0,nearest_robot=robot1
121.000,ours,-,robot3,MIN_DISTANCE,OK,6.490,10.587,,0,nearest_robot=robot4
121.000,ours,-,robot4,MIN_DISTANCE,OK,6.490,10.587,,0,nearest_robot=robot3
121.000,ours,-,robot5,MIN_DISTANCE,OK,13.200,10.587,,0,nearest_robot=robot4
121.000,ours,-,robot6,MIN_DISTANCE,OK,12.416,10.587,,0,nearest_robot=robot1
121.000,ours,-,fleet,MIN_DISTANCE_AVG,OK,10.587,,,0,robots_sampled=6
122.000,ours,-,robot1,MIN_DISTANCE,OK,12.416,10.587,,0,nearest_robot=robot6
122.000,ours,-,robot2,MIN_DISTANCE,OK,12.510,10.587,,0,nearest_robot=robot1
122.000,ours,-,robot3,MIN_DISTANCE,OK,6.490,10.587,,0,nearest_robot=robot4
122.000,ours,-,robot4,MIN_DISTANCE,OK,6.490,10.587,,0,nearest_robot=robot3
122.000,ours,-,robot5,MIN_DISTANCE,OK,13.200,10.587,,0,nearest_robot=robot4
122.000,ours,-,robot6,MIN_DISTANCE,OK,12.416,10.587,,0,nearest_robot=robot1
122.000,ours,-,fleet,MIN_DISTANCE_AVG,OK,10.587,,,0,robots_sampled=6
123.000,ours,-,robot1,MIN_DISTANCE,OK,12.416,10.587,,0,nearest_robot=robot6
123.000,ours,-,robot2,MIN_DISTANCE,OK,12.510,10.587,,0,nearest_robot=robot1
123.000,ours,-,robot3,MIN_DISTANCE,OK,6.490,10.587,,0,nearest_robot=robot4
123.000,ours,-,robot4,MIN_DISTANCE,OK,6.490,10.587,,0,nearest_robot=robot3
123.000,ours,-,robot5,MIN_DISTANCE,OK,13.200,10.587,,0,nearest_robot=robot4
123.000,ours,-,robot6,MIN_DISTANCE,OK,12.416,10.587,,0,nearest_robot=robot1
123.000,ours,-,fleet,MIN_DISTANCE_AVG,OK,10.587,,,0,robots_sampled=6
124.000,ours,-,robot1,MIN_DISTANCE,OK,12.416,10.587,,0,nearest_robot=robot6
124.000,ours,-,robot2,MIN_DISTANCE,OK,12.510,10.587,,0,nearest_robot=robot1
124.000,ours,-,robot3,MIN_DISTANCE,OK,6.490,10.587,,0,nearest_robot=robot4
124.000,ours,-,robot4,MIN_DISTANCE,OK,6.490,10.587,,0,nearest_robot=robot3
124.000,ours,-,robot5,MIN_DISTANCE,OK,13.200,10.587,,0,nearest_robot=robot4
124.000,ours,-,robot6,MIN_DISTANCE,OK,12.416,10.587,,0,nearest_robot=robot1
124.000,ours,-,fleet,MIN_DISTANCE_AVG,OK,10.587,,,0,robots_sampled=6
125.000,ours,-,robot1,MIN_DISTANCE,OK,12.416,10.587,,0,nearest_robot=robot6
125.000,ours,-,robot2,MIN_DISTANCE,OK,12.510,10.587,,0,nearest_robot=robot1
125.000,ours,-,robot3,MIN_DISTANCE,OK,6.490,10.587,,0,nearest_robot=robot4
125.000,ours,-,robot4,MIN_DISTANCE,OK,6.490,10.587,,0,nearest_robot=robot3
125.000,ours,-,robot5,MIN_DISTANCE,OK,13.200,10.587,,0,nearest_robot=robot4
125.000,ours,-,robot6,MIN_DISTANCE,OK,12.416,10.587,,0,nearest_robot=robot1
125.000,ours,-,fleet,MIN_DISTANCE_AVG,OK,10.587,,,0,robots_sampled=6
126.000,ours,-,robot1,MIN_DISTANCE,OK,12.416,10.587,,0,nearest_robot=robot6
126.000,ours,-,robot2,MIN_DISTANCE,OK,12.510,10.587,,0,nearest_robot=robot1
126.000,ours,-,robot3,MIN_DISTANCE,OK,6.490,10.587,,0,nearest_robot=robot4
126.000,ours,-,robot4,MIN_DISTANCE,OK,6.490,10.587,,0,nearest_robot=robot3
126.000,ours,-,robot5,MIN_DISTANCE,OK,13.200,10.587,,0,nearest_robot=robot4
126.000,ours,-,robot6,MIN_DISTANCE,OK,12.416,10.587,,0,nearest_robot=robot1
126.000,ours,-,fleet,MIN_DISTANCE_AVG,OK,10.587,,,0,robots_sampled=6
127.000,ours,-,robot1,MIN_DISTANCE,OK,12.416,10.587,,0,nearest_robot=robot6
127.000,ours,-,robot2,MIN_DISTANCE,OK,12.510,10.587,,0,nearest_robot=robot1
127.000,ours,-,robot3,MIN_DISTANCE,OK,6.490,10.587,,0,nearest_robot=robot4
127.000,ours,-,robot4,MIN_DISTANCE,OK,6.490,10.587,,0,nearest_robot=robot3
127.000,ours,-,robot5,MIN_DISTANCE,OK,13.200,10.587,,0,nearest_robot=robot4
127.000,ours,-,robot6,MIN_DISTANCE,OK,12.416,10.587,,0,nearest_robot=robot1
127.000,ours,-,fleet,MIN_DISTANCE_AVG,OK,10.587,,,0,robots_sampled=6
127.030,ours,-,fleet,CHOMP_TIME_FULL,OK,,5.814,,0,iterations=100;iterations_executed=100;source=algorithm;round_trip=5.854179
128.000,ours,-,robot1,MIN_DISTANCE,OK,12.312,10.512,,0,nearest_robot=robot6
128.000,ours,-,robot2,MIN_DISTANCE,OK,12.471,10.512,,0,nearest_robot=robot1
128.000,ours,-,robot3,MIN_DISTANCE,OK,6.409,10.512,,0,nearest_robot=robot4
128.000,ours,-,robot4,MIN_DISTANCE,OK,6.409,10.512,,0,nearest_robot=robot3
128.000,ours,-,robot5,MIN_DISTANCE,OK,13.157,10.512,,0,nearest_robot=robot4
128.000,ours,-,robot6,MIN_DISTANCE,OK,12.312,10.512,,0,nearest_robot=robot1
128.000,ours,-,fleet,MIN_DISTANCE_AVG,OK,10.512,,,0,robots_sampled=6
129.000,ours,-,robot1,MIN_DISTANCE,OK,12.010,10.381,,0,nearest_robot=robot6
129.000,ours,-,robot2,MIN_DISTANCE,OK,12.582,10.381,,0,nearest_robot=robot1
129.000,ours,-,robot3,MIN_DISTANCE,OK,6.362,10.381,,0,nearest_robot=robot4
129.000,ours,-,robot4,MIN_DISTANCE,OK,6.362,10.381,,0,nearest_robot=robot3
129.000,ours,-,robot5,MIN_DISTANCE,OK,12.959,10.381,,0,nearest_robot=robot4
129.000,ours,-,robot6,MIN_DISTANCE,OK,12.010,10.381,,0,nearest_robot=robot1
129.000,ours,-,fleet,MIN_DISTANCE_AVG,OK,10.381,,,0,robots_sampled=6
130.000,ours,-,robot1,MIN_DISTANCE,OK,11.985,10.324,,0,nearest_robot=robot6
130.000,ours,-,robot2,MIN_DISTANCE,OK,12.796,10.324,,0,nearest_robot=robot1
130.000,ours,-,robot3,MIN_DISTANCE,OK,6.278,10.324,,0,nearest_robot=robot4
130.000,ours,-,robot4,MIN_DISTANCE,OK,6.278,10.324,,0,nearest_robot=robot3
130.000,ours,-,robot5,MIN_DISTANCE,OK,12.619,10.324,,0,nearest_robot=robot4
130.000,ours,-,robot6,MIN_DISTANCE,OK,11.985,10.324,,0,nearest_robot=robot1
130.000,ours,-,fleet,MIN_DISTANCE_AVG,OK,10.324,,,0,robots_sampled=6
131.000,ours,-,robot1,MIN_DISTANCE,OK,12.174,10.297,,0,nearest_robot=robot6
131.000,ours,-,robot2,MIN_DISTANCE,OK,12.937,10.297,,0,nearest_robot=robot1
131.000,ours,-,robot3,MIN_DISTANCE,OK,6.136,10.297,,0,nearest_robot=robot4
131.000,ours,-,robot4,MIN_DISTANCE,OK,6.136,10.297,,0,nearest_robot=robot3
131.000,ours,-,robot5,MIN_DISTANCE,OK,12.225,10.297,,0,nearest_robot=robot4
131.000,ours,-,robot6,MIN_DISTANCE,OK,12.174,10.297,,0,nearest_robot=robot1
131.000,ours,-,fleet,MIN_DISTANCE_AVG,OK,10.297,,,0,robots_sampled=6
132.000,ours,-,robot1,MIN_DISTANCE,OK,12.397,10.337,,0,nearest_robot=robot6
132.000,ours,-,robot2,MIN_DISTANCE,OK,13.393,10.337,,0,nearest_robot=robot1
132.000,ours,-,robot3,MIN_DISTANCE,OK,6.010,10.337,,0,nearest_robot=robot4
132.000,ours,-,robot4,MIN_DISTANCE,OK,6.010,10.337,,0,nearest_robot=robot3
132.000,ours,-,robot5,MIN_DISTANCE,OK,11.818,10.337,,0,nearest_robot=robot4
132.000,ours,-,robot6,MIN_DISTANCE,OK,12.397,10.337,,0,nearest_robot=robot1
132.000,ours,-,fleet,MIN_DISTANCE_AVG,OK,10.337,,,0,robots_sampled=6
133.000,ours,-,robot1,MIN_DISTANCE,OK,12.494,10.319,,0,nearest_robot=robot6
133.000,ours,-,robot2,MIN_DISTANCE,OK,13.539,10.319,,0,nearest_robot=robot3
133.000,ours,-,robot3,MIN_DISTANCE,OK,5.855,10.319,,0,nearest_robot=robot4
133.000,ours,-,robot4,MIN_DISTANCE,OK,5.855,10.319,,0,nearest_robot=robot3
133.000,ours,-,robot5,MIN_DISTANCE,OK,11.679,10.319,,0,nearest_robot=robot4
133.000,ours,-,robot6,MIN_DISTANCE,OK,12.494,10.319,,0,nearest_robot=robot1
133.000,ours,-,fleet,MIN_DISTANCE_AVG,OK,10.319,,,0,robots_sampled=6
133.290,ours,-,fleet,CHOMP_TIME_FULL,OK,,6.566,,0,iterations=100;iterations_executed=100;source=algorithm;round_trip=6.611194
134.000,ours,-,robot1,MIN_DISTANCE,OK,12.597,10.112,,0,nearest_robot=robot6
134.000,ours,-,robot2,MIN_DISTANCE,OK,12.919,10.112,,0,nearest_robot=robot6
134.000,ours,-,robot3,MIN_DISTANCE,OK,5.455,10.112,,0,nearest_robot=robot4
134.000,ours,-,robot4,MIN_DISTANCE,OK,5.455,10.112,,0,nearest_robot=robot3
134.000,ours,-,robot5,MIN_DISTANCE,OK,11.649,10.112,,0,nearest_robot=robot4
134.000,ours,-,robot6,MIN_DISTANCE,OK,12.597,10.112,,0,nearest_robot=robot1
134.000,ours,-,fleet,MIN_DISTANCE_AVG,OK,10.112,,,0,robots_sampled=6
135.000,ours,-,robot1,MIN_DISTANCE,OK,12.729,9.831,,0,nearest_robot=robot6
135.000,ours,-,robot2,MIN_DISTANCE,OK,12.337,9.831,,0,nearest_robot=robot6
135.000,ours,-,robot3,MIN_DISTANCE,OK,4.924,9.831,,0,nearest_robot=robot4
135.000,ours,-,robot4,MIN_DISTANCE,OK,4.924,9.831,,0,nearest_robot=robot3
135.000,ours,-,robot5,MIN_DISTANCE,OK,11.737,9.831,,0,nearest_robot=robot4
135.000,ours,-,robot6,MIN_DISTANCE,OK,12.337,9.831,,0,nearest_robot=robot2
135.000,ours,-,fleet,MIN_DISTANCE_AVG,OK,9.831,,,0,robots_sampled=6
136.000,ours,-,robot1,MIN_DISTANCE,OK,12.897,9.523,,0,nearest_robot=robot6
136.000,ours,-,robot2,MIN_DISTANCE,OK,11.849,9.523,,0,nearest_robot=robot6
136.000,ours,-,robot3,MIN_DISTANCE,OK,4.374,9.523,,0,nearest_robot=robot4
136.000,ours,-,robot4,MIN_DISTANCE,OK,4.374,9.523,,0,nearest_robot=robot3
136.000,ours,-,robot5,MIN_DISTANCE,OK,11.795,9.523,,0,nearest_robot=robot4
136.000,ours,-,robot6,MIN_DISTANCE,OK,11.849,9.523,,0,nearest_robot=robot2
136.000,ours,-,fleet,MIN_DISTANCE_AVG,OK,9.523,,,0,robots_sampled=6
137.000,ours,-,robot1,MIN_DISTANCE,OK,13.105,9.254,,0,nearest_robot=robot6
137.000,ours,-,robot2,MIN_DISTANCE,OK,11.481,9.254,,0,nearest_robot=robot6
137.000,ours,-,robot3,MIN_DISTANCE,OK,3.857,9.254,,0,nearest_robot=robot4
137.000,ours,-,robot4,MIN_DISTANCE,OK,3.857,9.254,,0,nearest_robot=robot3
137.000,ours,-,robot5,MIN_DISTANCE,OK,11.742,9.254,,0,nearest_robot=robot4
137.000,ours,-,robot6,MIN_DISTANCE,OK,11.481,9.254,,0,nearest_robot=robot2
137.000,ours,-,fleet,MIN_DISTANCE_AVG,OK,9.254,,,0,robots_sampled=6
138.000,ours,-,robot1,MIN_DISTANCE,OK,13.365,8.926,,0,nearest_robot=robot6
138.000,ours,-,robot2,MIN_DISTANCE,OK,11.102,8.926,,0,nearest_robot=robot6
138.000,ours,-,robot3,MIN_DISTANCE,OK,3.405,8.926,,0,nearest_robot=robot4
138.000,ours,-,robot4,MIN_DISTANCE,OK,3.405,8.926,,0,nearest_robot=robot3
138.000,ours,-,robot5,MIN_DISTANCE,OK,11.175,8.926,,0,nearest_robot=robot6
138.000,ours,-,robot6,MIN_DISTANCE,OK,11.102,8.926,,0,nearest_robot=robot2
138.000,ours,-,fleet,MIN_DISTANCE_AVG,OK,8.926,,,0,robots_sampled=6
139.000,ours,-,robot1,MIN_DISTANCE,OK,13.657,8.536,,0,nearest_robot=robot6
139.000,ours,-,robot2,MIN_DISTANCE,OK,10.842,8.536,,0,nearest_robot=robot6
139.000,ours,-,robot3,MIN_DISTANCE,OK,2.980,8.536,,0,nearest_robot=robot4
139.000,ours,-,robot4,MIN_DISTANCE,OK,2.980,8.536,,0,nearest_robot=robot3
139.000,ours,-,robot5,MIN_DISTANCE,OK,10.379,8.536,,0,nearest_robot=robot6
139.000,ours,-,robot6,MIN_DISTANCE,OK,10.379,8.536,,0,nearest_robot=robot5
139.000,ours,-,fleet,MIN_DISTANCE_AVG,OK,8.536,,,0,robots_sampled=6
139.180,ours,-,fleet,CHOMP_TIME_FULL,OK,,6.429,,0,iterations=100;iterations_executed=100;source=algorithm;round_trip=6.470258
140.000,ours,-,robot1,MIN_DISTANCE,OK,13.977,8.195,,0,nearest_robot=robot6
140.000,ours,-,robot2,MIN_DISTANCE,OK,10.831,8.195,,0,nearest_robot=robot6
140.000,ours,-,robot3,MIN_DISTANCE,OK,2.571,8.195,,0,nearest_robot=robot4
140.000,ours,-,robot4,MIN_DISTANCE,OK,2.571,8.195,,0,nearest_robot=robot3
140.000,ours,-,robot5,MIN_DISTANCE,OK,9.612,8.195,,0,nearest_robot=robot6
140.000,ours,-,robot6,MIN_DISTANCE,OK,9.612,8.195,,0,nearest_robot=robot5
140.000,ours,-,fleet,MIN_DISTANCE_AVG,OK,8.195,,,0,robots_sampled=6
140.060,ours,-,fleet,CHOMP_TIME_PARTIAL,OK,,0.667,,0,iterations=10;iterations_executed=10;source=algorithm;round_trip=0.698116
141.000,ours,-,robot1,MIN_DISTANCE,OK,14.347,7.888,,0,nearest_robot=robot6
141.000,ours,-,robot2,MIN_DISTANCE,OK,10.863,7.888,,0,nearest_robot=robot6
141.000,ours,-,robot3,MIN_DISTANCE,OK,2.220,7.888,,0,nearest_robot=robot4
141.000,ours,-,robot4,MIN_DISTANCE,OK,2.220,7.888,,0,nearest_robot=robot3
141.000,ours,-,robot5,MIN_DISTANCE,OK,8.840,7.888,,0,nearest_robot=robot6
141.000,ours,-,robot6,MIN_DISTANCE,OK,8.840,7.888,,0,nearest_robot=robot5
141.000,ours,-,fleet,MIN_DISTANCE_AVG,OK,7.888,,,0,robots_sampled=6
141.030,ours,-,fleet,CHOMP_TIME_PARTIAL,OK,,0.636,,0,iterations=10;iterations_executed=10;source=algorithm;round_trip=0.665759
142.000,ours,-,robot1,MIN_DISTANCE,OK,14.666,7.606,,0,nearest_robot=robot2
142.000,ours,-,robot2,MIN_DISTANCE,OK,10.927,7.606,,0,nearest_robot=robot6
142.000,ours,-,robot3,MIN_DISTANCE,OK,1.962,7.606,,0,nearest_robot=robot4
142.000,ours,-,robot4,MIN_DISTANCE,OK,1.962,7.606,,0,nearest_robot=robot3
142.000,ours,-,robot5,MIN_DISTANCE,OK,8.061,7.606,,0,nearest_robot=robot6
142.000,ours,-,robot6,MIN_DISTANCE,OK,8.061,7.606,,0,nearest_robot=robot5
142.000,ours,-,fleet,MIN_DISTANCE_AVG,OK,7.606,,,0,robots_sampled=6
142.130,ours,-,fleet,CHOMP_TIME_PARTIAL,OK,,0.740,,0,iterations=10;iterations_executed=10;source=algorithm;round_trip=0.767622
143.000,ours,-,robot1,MIN_DISTANCE,OK,15.096,7.392,,0,nearest_robot=robot2
143.000,ours,-,robot2,MIN_DISTANCE,OK,11.031,7.392,,0,nearest_robot=robot6
143.000,ours,-,robot3,MIN_DISTANCE,OK,1.848,7.392,,0,nearest_robot=robot4
143.000,ours,-,robot4,MIN_DISTANCE,OK,1.848,7.392,,0,nearest_robot=robot3
143.000,ours,-,robot5,MIN_DISTANCE,OK,7.265,7.392,,0,nearest_robot=robot6
143.000,ours,-,robot6,MIN_DISTANCE,OK,7.265,7.392,,0,nearest_robot=robot5
143.000,ours,-,fleet,MIN_DISTANCE_AVG,OK,7.392,,,0,robots_sampled=6
144.000,ours,-,robot1,MIN_DISTANCE,OK,15.419,7.174,,0,nearest_robot=robot2
144.000,ours,-,robot2,MIN_DISTANCE,OK,11.126,7.174,,0,nearest_robot=robot6
144.000,ours,-,robot3,MIN_DISTANCE,OK,1.766,7.174,,0,nearest_robot=robot4
144.000,ours,-,robot4,MIN_DISTANCE,OK,1.766,7.174,,0,nearest_robot=robot3
144.000,ours,-,robot5,MIN_DISTANCE,OK,6.483,7.174,,0,nearest_robot=robot6
144.000,ours,-,robot6,MIN_DISTANCE,OK,6.483,7.174,,0,nearest_robot=robot5
144.000,ours,-,fleet,MIN_DISTANCE_AVG,OK,7.174,,,0,robots_sampled=6
145.000,ours,-,robot1,MIN_DISTANCE,OK,15.855,6.958,,0,nearest_robot=robot2
145.000,ours,-,robot2,MIN_DISTANCE,OK,11.120,6.958,,0,nearest_robot=robot6
145.000,ours,-,robot3,MIN_DISTANCE,OK,1.697,6.958,,0,nearest_robot=robot4
145.000,ours,-,robot4,MIN_DISTANCE,OK,1.697,6.958,,0,nearest_robot=robot3
145.000,ours,-,robot5,MIN_DISTANCE,OK,5.690,6.958,,0,nearest_robot=robot6
145.000,ours,-,robot6,MIN_DISTANCE,OK,5.690,6.958,,0,nearest_robot=robot5
145.000,ours,-,fleet,MIN_DISTANCE_AVG,OK,6.958,,,0,robots_sampled=6
146.000,ours,-,robot1,MIN_DISTANCE,OK,16.084,6.768,,0,nearest_robot=robot2
146.000,ours,-,robot2,MIN_DISTANCE,OK,11.334,6.768,,0,nearest_robot=robot6
146.000,ours,-,robot3,MIN_DISTANCE,OK,1.662,6.768,,0,nearest_robot=robot4
146.000,ours,-,robot4,MIN_DISTANCE,OK,1.662,6.768,,0,nearest_robot=robot3
146.000,ours,-,robot5,MIN_DISTANCE,OK,4.932,6.768,,0,nearest_robot=robot6
146.000,ours,-,robot6,MIN_DISTANCE,OK,4.932,6.768,,0,nearest_robot=robot5
146.000,ours,-,fleet,MIN_DISTANCE_AVG,OK,6.768,,,0,robots_sampled=6
147.000,ours,-,robot1,MIN_DISTANCE,OK,16.247,6.564,,0,nearest_robot=robot2
147.000,ours,-,robot2,MIN_DISTANCE,OK,11.352,6.564,,0,nearest_robot=robot6
147.000,ours,-,robot3,MIN_DISTANCE,OK,1.621,6.564,,0,nearest_robot=robot4
147.000,ours,-,robot4,MIN_DISTANCE,OK,1.621,6.564,,0,nearest_robot=robot3
147.000,ours,-,robot5,MIN_DISTANCE,OK,4.273,6.564,,0,nearest_robot=robot6
147.000,ours,-,robot6,MIN_DISTANCE,OK,4.273,6.564,,0,nearest_robot=robot5
147.000,ours,-,fleet,MIN_DISTANCE_AVG,OK,6.564,,,0,robots_sampled=6
148.000,ours,-,robot1,MIN_DISTANCE,OK,16.459,6.400,,0,nearest_robot=robot2
148.000,ours,-,robot2,MIN_DISTANCE,OK,11.447,6.400,,0,nearest_robot=robot6
148.000,ours,-,robot3,MIN_DISTANCE,OK,1.584,6.400,,0,nearest_robot=robot4
148.000,ours,-,robot4,MIN_DISTANCE,OK,1.584,6.400,,0,nearest_robot=robot3
148.000,ours,-,robot5,MIN_DISTANCE,OK,3.661,6.400,,0,nearest_robot=robot6
148.000,ours,-,robot6,MIN_DISTANCE,OK,3.661,6.400,,0,nearest_robot=robot5
148.000,ours,-,fleet,MIN_DISTANCE_AVG,OK,6.400,,,0,robots_sampled=6
148.140,ours,-,fleet,CHOMP_TIME_FULL,OK,,6.389,,0,iterations=100;iterations_executed=100;source=algorithm;round_trip=6.418517
148.990,ours,-,fleet,CHOMP_TIME_PARTIAL,OK,,0.587,,0,iterations=10;iterations_executed=10;source=algorithm;round_trip=0.614071
149.000,ours,-,robot1,MIN_DISTANCE,OK,16.670,6.243,,0,nearest_robot=robot2
149.000,ours,-,robot2,MIN_DISTANCE,OK,11.272,6.243,,0,nearest_robot=robot3
149.000,ours,-,robot3,MIN_DISTANCE,OK,1.569,6.243,,0,nearest_robot=robot4
149.000,ours,-,robot4,MIN_DISTANCE,OK,1.569,6.243,,0,nearest_robot=robot3
149.000,ours,-,robot5,MIN_DISTANCE,OK,3.189,6.243,,0,nearest_robot=robot6
149.000,ours,-,robot6,MIN_DISTANCE,OK,3.189,6.243,,0,nearest_robot=robot5
149.000,ours,-,fleet,MIN_DISTANCE_AVG,OK,6.243,,,0,robots_sampled=6
149.570,ours,-,fleet,CHOMP_TIME_PARTIAL,OK,,0.664,,0,iterations=10;iterations_executed=10;source=algorithm;round_trip=0.691682
150.000,ours,-,robot1,MIN_DISTANCE,OK,16.705,6.047,,0,nearest_robot=robot2
150.000,ours,-,robot2,MIN_DISTANCE,OK,10.973,6.047,,0,nearest_robot=robot3
150.000,ours,-,robot3,MIN_DISTANCE,OK,1.537,6.047,,0,nearest_robot=robot4
150.000,ours,-,robot4,MIN_DISTANCE,OK,1.537,6.047,,0,nearest_robot=robot3
150.000,ours,-,robot5,MIN_DISTANCE,OK,2.766,6.047,,0,nearest_robot=robot6
150.000,ours,-,robot6,MIN_DISTANCE,OK,2.766,6.047,,0,nearest_robot=robot5
150.000,ours,-,fleet,MIN_DISTANCE_AVG,OK,6.047,,,0,robots_sampled=6
150.610,ours,-,fleet,CHOMP_TIME_PARTIAL,OK,,0.745,,0,iterations=10;iterations_executed=10;source=algorithm;round_trip=0.769942
151.000,ours,-,robot1,MIN_DISTANCE,OK,16.405,5.873,,0,nearest_robot=robot2
151.000,ours,-,robot2,MIN_DISTANCE,OK,11.146,5.873,,0,nearest_robot=robot3
151.000,ours,-,robot3,MIN_DISTANCE,OK,1.473,5.873,,0,nearest_robot=robot4
151.000,ours,-,robot4,MIN_DISTANCE,OK,1.473,5.873,,0,nearest_robot=robot3
151.000,ours,-,robot5,MIN_DISTANCE,OK,2.372,5.873,,0,nearest_robot=robot6
151.000,ours,-,robot6,MIN_DISTANCE,OK,2.372,5.873,,0,nearest_robot=robot5
151.000,ours,-,fleet,MIN_DISTANCE_AVG,OK,5.873,,,0,robots_sampled=6
151.510,ours,-,fleet,CHOMP_TIME_PARTIAL,OK,,0.652,,0,iterations=10;iterations_executed=10;source=algorithm;round_trip=0.678316
152.000,ours,-,robot1,MIN_DISTANCE,OK,16.163,5.656,,0,nearest_robot=robot2
152.000,ours,-,robot2,MIN_DISTANCE,OK,11.181,5.656,,0,nearest_robot=robot3
152.000,ours,-,robot3,MIN_DISTANCE,OK,1.444,5.656,,0,nearest_robot=robot4
152.000,ours,-,robot4,MIN_DISTANCE,OK,1.444,5.656,,0,nearest_robot=robot3
152.000,ours,-,robot5,MIN_DISTANCE,OK,1.851,5.656,,0,nearest_robot=robot6
152.000,ours,-,robot6,MIN_DISTANCE,OK,1.851,5.656,,0,nearest_robot=robot5
152.000,ours,-,fleet,MIN_DISTANCE_AVG,OK,5.656,,,0,robots_sampled=6
153.000,ours,-,robot1,MIN_DISTANCE,OK,15.980,5.471,,0,nearest_robot=robot2
153.000,ours,-,robot2,MIN_DISTANCE,OK,11.114,5.471,,0,nearest_robot=robot3
153.000,ours,-,robot3,MIN_DISTANCE,OK,1.446,5.471,,0,nearest_robot=robot4
153.000,ours,-,robot4,MIN_DISTANCE,OK,1.446,5.471,,0,nearest_robot=robot3
153.000,ours,-,robot5,MIN_DISTANCE,OK,1.421,5.471,,0,nearest_robot=robot6
153.000,ours,-,robot6,MIN_DISTANCE,OK,1.421,5.471,,0,nearest_robot=robot5
153.000,ours,-,fleet,MIN_DISTANCE_AVG,OK,5.471,,,0,robots_sampled=6
154.000,ours,-,robot1,MIN_DISTANCE,OK,15.771,5.350,,0,nearest_robot=robot2
154.000,ours,-,robot2,MIN_DISTANCE,OK,11.132,5.350,,0,nearest_robot=robot3
154.000,ours,-,robot3,MIN_DISTANCE,OK,1.471,5.350,,0,nearest_robot=robot4
154.000,ours,-,robot4,MIN_DISTANCE,OK,1.471,5.350,,0,nearest_robot=robot3
154.000,ours,-,robot5,MIN_DISTANCE,OK,1.128,5.350,,0,nearest_robot=robot6
154.000,ours,-,robot6,MIN_DISTANCE,OK,1.128,5.350,,0,nearest_robot=robot5
154.000,ours,-,fleet,MIN_DISTANCE_AVG,OK,5.350,,,0,robots_sampled=6
155.000,ours,-,robot1,MIN_DISTANCE,OK,15.639,5.305,,0,nearest_robot=robot2
155.000,ours,-,robot2,MIN_DISTANCE,OK,11.090,5.305,,0,nearest_robot=robot3
155.000,ours,-,robot3,MIN_DISTANCE,OK,1.540,5.305,,0,nearest_robot=robot4
155.000,ours,-,robot4,MIN_DISTANCE,OK,1.540,5.305,,0,nearest_robot=robot3
155.000,ours,-,robot5,MIN_DISTANCE,OK,1.011,5.305,,0,nearest_robot=robot6
155.000,ours,-,robot6,MIN_DISTANCE,OK,1.011,5.305,,0,nearest_robot=robot5
155.000,ours,-,fleet,MIN_DISTANCE_AVG,OK,5.305,,,0,robots_sampled=6
156.000,ours,-,robot1,MIN_DISTANCE,OK,15.537,5.305,,0,nearest_robot=robot2
156.000,ours,-,robot2,MIN_DISTANCE,OK,11.106,5.305,,0,nearest_robot=robot3
156.000,ours,-,robot3,MIN_DISTANCE,OK,1.597,5.305,,0,nearest_robot=robot4
156.000,ours,-,robot4,MIN_DISTANCE,OK,1.597,5.305,,0,nearest_robot=robot3
156.000,ours,-,robot5,MIN_DISTANCE,OK,0.996,5.305,,0,nearest_robot=robot6
156.000,ours,-,robot6,MIN_DISTANCE,OK,0.996,5.305,,0,nearest_robot=robot5
156.000,ours,-,fleet,MIN_DISTANCE_AVG,OK,5.305,,,0,robots_sampled=6
157.000,ours,-,robot1,MIN_DISTANCE,OK,15.587,5.310,,0,nearest_robot=robot2
157.000,ours,-,robot2,MIN_DISTANCE,OK,10.977,5.310,,0,nearest_robot=robot3
157.000,ours,-,robot3,MIN_DISTANCE,OK,1.625,5.310,,0,nearest_robot=robot4
157.000,ours,-,robot4,MIN_DISTANCE,OK,1.625,5.310,,0,nearest_robot=robot3
157.000,ours,-,robot5,MIN_DISTANCE,OK,1.024,5.310,,0,nearest_robot=robot6
157.000,ours,-,robot6,MIN_DISTANCE,OK,1.024,5.310,,0,nearest_robot=robot5
157.000,ours,-,fleet,MIN_DISTANCE_AVG,OK,5.310,,,0,robots_sampled=6
157.830,ours,-,fleet,CHOMP_TIME_FULL,OK,,6.472,,0,iterations=100;iterations_executed=100;source=algorithm;round_trip=6.502712
158.000,ours,-,robot1,MIN_DISTANCE,OK,15.850,5.309,,0,nearest_robot=robot2
158.000,ours,-,robot2,MIN_DISTANCE,OK,10.560,5.309,,0,nearest_robot=robot3
158.000,ours,-,robot3,MIN_DISTANCE,OK,1.650,5.309,,0,nearest_robot=robot4
158.000,ours,-,robot4,MIN_DISTANCE,OK,1.650,5.309,,0,nearest_robot=robot3
158.000,ours,-,robot5,MIN_DISTANCE,OK,1.074,5.309,,0,nearest_robot=robot6
158.000,ours,-,robot6,MIN_DISTANCE,OK,1.074,5.309,,0,nearest_robot=robot5
158.000,ours,-,fleet,MIN_DISTANCE_AVG,OK,5.309,,,0,robots_sampled=6
159.000,ours,-,robot1,MIN_DISTANCE,OK,16.045,5.299,,0,nearest_robot=robot2
159.000,ours,-,robot2,MIN_DISTANCE,OK,10.129,5.299,,0,nearest_robot=robot3
159.000,ours,-,robot3,MIN_DISTANCE,OK,1.626,5.299,,0,nearest_robot=robot4
159.000,ours,-,robot4,MIN_DISTANCE,OK,1.626,5.299,,0,nearest_robot=robot3
159.000,ours,-,robot5,MIN_DISTANCE,OK,1.185,5.299,,0,nearest_robot=robot6
159.000,ours,-,robot6,MIN_DISTANCE,OK,1.185,5.299,,0,nearest_robot=robot5
159.000,ours,-,fleet,MIN_DISTANCE_AVG,OK,5.299,,,0,robots_sampled=6
160.000,ours,-,robot1,MIN_DISTANCE,OK,16.149,5.245,,0,nearest_robot=robot2
160.000,ours,-,robot2,MIN_DISTANCE,OK,9.723,5.245,,0,nearest_robot=robot3
160.000,ours,-,robot3,MIN_DISTANCE,OK,1.605,5.245,,0,nearest_robot=robot4
160.000,ours,-,robot4,MIN_DISTANCE,OK,1.605,5.245,,0,nearest_robot=robot3
160.000,ours,-,robot5,MIN_DISTANCE,OK,1.194,5.245,,0,nearest_robot=robot6
160.000,ours,-,robot6,MIN_DISTANCE,OK,1.194,5.245,,0,nearest_robot=robot5
160.000,ours,-,fleet,MIN_DISTANCE_AVG,OK,5.245,,,0,robots_sampled=6
161.000,ours,-,robot1,MIN_DISTANCE,OK,16.150,5.169,,0,nearest_robot=robot2
161.000,ours,-,robot2,MIN_DISTANCE,OK,9.315,5.169,,0,nearest_robot=robot3
161.000,ours,-,robot3,MIN_DISTANCE,OK,1.582,5.169,,0,nearest_robot=robot4
161.000,ours,-,robot4,MIN_DISTANCE,OK,1.582,5.169,,0,nearest_robot=robot3
161.000,ours,-,robot5,MIN_DISTANCE,OK,1.192,5.169,,0,nearest_robot=robot6
161.000,ours,-,robot6,MIN_DISTANCE,OK,1.192,5.169,,0,nearest_robot=robot5
161.000,ours,-,fleet,MIN_DISTANCE_AVG,OK,5.169,,,0,robots_sampled=6
162.000,ours,-,robot1,MIN_DISTANCE,OK,16.150,5.084,,0,nearest_robot=robot2
162.000,ours,-,robot2,MIN_DISTANCE,OK,8.925,5.084,,0,nearest_robot=robot3
162.000,ours,-,robot3,MIN_DISTANCE,OK,1.528,5.084,,0,nearest_robot=robot4
162.000,ours,-,robot4,MIN_DISTANCE,OK,1.528,5.084,,0,nearest_robot=robot3
162.000,ours,-,robot5,MIN_DISTANCE,OK,1.188,5.084,,0,nearest_robot=robot6
162.000,ours,-,robot6,MIN_DISTANCE,OK,1.188,5.084,,0,nearest_robot=robot5
162.000,ours,-,fleet,MIN_DISTANCE_AVG,OK,5.084,,,0,robots_sampled=6
163.000,ours,-,robot1,MIN_DISTANCE,OK,16.151,5.016,,0,nearest_robot=robot2
163.000,ours,-,robot2,MIN_DISTANCE,OK,8.540,5.016,,0,nearest_robot=robot3
163.000,ours,-,robot3,MIN_DISTANCE,OK,1.516,5.016,,0,nearest_robot=robot4
163.000,ours,-,robot4,MIN_DISTANCE,OK,1.516,5.016,,0,nearest_robot=robot3
163.000,ours,-,robot5,MIN_DISTANCE,OK,1.186,5.016,,0,nearest_robot=robot6
163.000,ours,-,robot6,MIN_DISTANCE,OK,1.186,5.016,,0,nearest_robot=robot5
163.000,ours,-,fleet,MIN_DISTANCE_AVG,OK,5.016,,,0,robots_sampled=6
163.550,ours,-,fleet,CHOMP_TIME_FULL,OK,,6.025,,0,iterations=100;iterations_executed=100;source=algorithm;round_trip=6.051619
164.000,ours,-,robot1,MIN_DISTANCE,OK,16.157,4.942,,0,nearest_robot=robot2
164.000,ours,-,robot2,MIN_DISTANCE,OK,8.148,4.942,,0,nearest_robot=robot3
164.000,ours,-,robot3,MIN_DISTANCE,OK,1.491,4.942,,0,nearest_robot=robot4
164.000,ours,-,robot4,MIN_DISTANCE,OK,1.491,4.942,,0,nearest_robot=robot3
164.000,ours,-,robot5,MIN_DISTANCE,OK,1.182,4.942,,0,nearest_robot=robot6
164.000,ours,-,robot6,MIN_DISTANCE,OK,1.182,4.942,,0,nearest_robot=robot5
164.000,ours,-,fleet,MIN_DISTANCE_AVG,OK,4.942,,,0,robots_sampled=6
165.000,ours,-,robot1,MIN_DISTANCE,OK,16.188,4.874,,0,nearest_robot=robot2
165.000,ours,-,robot2,MIN_DISTANCE,OK,7.729,4.874,,0,nearest_robot=robot3
165.000,ours,-,robot3,MIN_DISTANCE,OK,1.496,4.874,,0,nearest_robot=robot4
165.000,ours,-,robot4,MIN_DISTANCE,OK,1.496,4.874,,0,nearest_robot=robot3
165.000,ours,-,robot5,MIN_DISTANCE,OK,1.167,4.874,,0,nearest_robot=robot6
165.000,ours,-,robot6,MIN_DISTANCE,OK,1.167,4.874,,0,nearest_robot=robot5
165.000,ours,-,fleet,MIN_DISTANCE_AVG,OK,4.874,,,0,robots_sampled=6
166.000,ours,-,robot1,MIN_DISTANCE,OK,16.092,4.813,,0,nearest_robot=robot2
166.000,ours,-,robot2,MIN_DISTANCE,OK,7.428,4.813,,0,nearest_robot=robot3
166.000,ours,-,robot3,MIN_DISTANCE,OK,1.533,4.813,,0,nearest_robot=robot4
166.000,ours,-,robot4,MIN_DISTANCE,OK,1.533,4.813,,0,nearest_robot=robot3
166.000,ours,-,robot5,MIN_DISTANCE,OK,1.146,4.813,,0,nearest_robot=robot6
166.000,ours,-,robot6,MIN_DISTANCE,OK,1.146,4.813,,0,nearest_robot=robot5
166.000,ours,-,fleet,MIN_DISTANCE_AVG,OK,4.813,,,0,robots_sampled=6
167.000,ours,-,robot1,MIN_DISTANCE,OK,16.068,4.754,,0,nearest_robot=robot2
167.000,ours,-,robot2,MIN_DISTANCE,OK,7.051,4.754,,0,nearest_robot=robot3
167.000,ours,-,robot3,MIN_DISTANCE,OK,1.524,4.754,,0,nearest_robot=robot4
167.000,ours,-,robot4,MIN_DISTANCE,OK,1.524,4.754,,0,nearest_robot=robot3
167.000,ours,-,robot5,MIN_DISTANCE,OK,1.180,4.754,,0,nearest_robot=robot6
167.000,ours,-,robot6,MIN_DISTANCE,OK,1.180,4.754,,0,nearest_robot=robot5
167.000,ours,-,fleet,MIN_DISTANCE_AVG,OK,4.754,,,0,robots_sampled=6
168.000,ours,-,robot1,MIN_DISTANCE,OK,16.071,4.683,,0,nearest_robot=robot2
168.000,ours,-,robot2,MIN_DISTANCE,OK,6.618,4.683,,0,nearest_robot=robot3
168.000,ours,-,robot3,MIN_DISTANCE,OK,1.525,4.683,,0,nearest_robot=robot4
168.000,ours,-,robot4,MIN_DISTANCE,OK,1.525,4.683,,0,nearest_robot=robot3
168.000,ours,-,robot5,MIN_DISTANCE,OK,1.180,4.683,,0,nearest_robot=robot6
168.000,ours,-,robot6,MIN_DISTANCE,OK,1.180,4.683,,0,nearest_robot=robot5
168.000,ours,-,fleet,MIN_DISTANCE_AVG,OK,4.683,,,0,robots_sampled=6
169.000,ours,-,robot1,MIN_DISTANCE,OK,16.071,4.622,,0,nearest_robot=robot2
169.000,ours,-,robot2,MIN_DISTANCE,OK,6.165,4.622,,0,nearest_robot=robot3
169.000,ours,-,robot3,MIN_DISTANCE,OK,1.568,4.622,,0,nearest_robot=robot4
169.000,ours,-,robot4,MIN_DISTANCE,OK,1.568,4.622,,0,nearest_robot=robot3
169.000,ours,-,robot5,MIN_DISTANCE,OK,1.180,4.622,,0,nearest_robot=robot6
169.000,ours,-,robot6,MIN_DISTANCE,OK,1.180,4.622,,0,nearest_robot=robot5
169.000,ours,-,fleet,MIN_DISTANCE_AVG,OK,4.622,,,0,robots_sampled=6
169.980,ours,-,fleet,CHOMP_TIME_FULL,OK,,6.556,,0,iterations=100;iterations_executed=100;source=algorithm;round_trip=6.594302
170.000,ours,-,robot1,MIN_DISTANCE,OK,16.071,4.551,,0,nearest_robot=robot2
170.000,ours,-,robot2,MIN_DISTANCE,OK,5.748,4.551,,0,nearest_robot=robot3
170.000,ours,-,robot3,MIN_DISTANCE,OK,1.562,4.551,,0,nearest_robot=robot4
170.000,ours,-,robot4,MIN_DISTANCE,OK,1.562,4.551,,0,nearest_robot=robot3
170.000,ours,-,robot5,MIN_DISTANCE,OK,1.180,4.551,,0,nearest_robot=robot6
170.000,ours,-,robot6,MIN_DISTANCE,OK,1.180,4.551,,0,nearest_robot=robot5
170.000,ours,-,fleet,MIN_DISTANCE_AVG,OK,4.551,,,0,robots_sampled=6
171.000,ours,-,robot1,MIN_DISTANCE,OK,16.042,4.458,,0,nearest_robot=robot2
171.000,ours,-,robot2,MIN_DISTANCE,OK,5.338,4.458,,0,nearest_robot=robot3
171.000,ours,-,robot3,MIN_DISTANCE,OK,1.507,4.458,,0,nearest_robot=robot4
171.000,ours,-,robot4,MIN_DISTANCE,OK,1.507,4.458,,0,nearest_robot=robot3
171.000,ours,-,robot5,MIN_DISTANCE,OK,1.178,4.458,,0,nearest_robot=robot6
171.000,ours,-,robot6,MIN_DISTANCE,OK,1.178,4.458,,0,nearest_robot=robot5
171.000,ours,-,fleet,MIN_DISTANCE_AVG,OK,4.458,,,0,robots_sampled=6
172.000,ours,-,robot1,MIN_DISTANCE,OK,15.981,4.419,,0,nearest_robot=robot2
172.000,ours,-,robot2,MIN_DISTANCE,OK,4.930,4.419,,0,nearest_robot=robot3
172.000,ours,-,robot3,MIN_DISTANCE,OK,1.471,4.419,,0,nearest_robot=robot4
172.000,ours,-,robot4,MIN_DISTANCE,OK,1.471,4.419,,0,nearest_robot=robot3
172.000,ours,-,robot5,MIN_DISTANCE,OK,1.331,4.419,,0,nearest_robot=robot6
172.000,ours,-,robot6,MIN_DISTANCE,OK,1.331,4.419,,0,nearest_robot=robot5
172.000,ours,-,fleet,MIN_DISTANCE_AVG,OK,4.419,,,0,robots_sampled=6
173.000,ours,-,robot1,MIN_DISTANCE,OK,15.635,4.456,,0,nearest_robot=robot2
173.000,ours,-,robot2,MIN_DISTANCE,OK,4.747,4.456,,0,nearest_robot=robot3
173.000,ours,-,robot3,MIN_DISTANCE,OK,1.521,4.456,,0,nearest_robot=robot4
173.000,ours,-,robot4,MIN_DISTANCE,OK,1.521,4.456,,0,nearest_robot=robot3
173.000,ours,-,robot5,MIN_DISTANCE,OK,1.656,4.456,,0,nearest_robot=robot6
173.000,ours,-,robot6,MIN_DISTANCE,OK,1.656,4.456,,0,nearest_robot=robot5
173.000,ours,-,fleet,MIN_DISTANCE_AVG,OK,4.456,,,0,robots_sampled=6
174.000,ours,-,robot1,MIN_DISTANCE,OK,15.133,4.504,,0,nearest_robot=robot2
174.000,ours,-,robot2,MIN_DISTANCE,OK,4.788,4.504,,0,nearest_robot=robot3
174.000,ours,-,robot3,MIN_DISTANCE,OK,1.431,4.504,,0,nearest_robot=robot4
174.000,ours,-,robot4,MIN_DISTANCE,OK,1.431,4.504,,0,nearest_robot=robot3
174.000,ours,-,robot5,MIN_DISTANCE,OK,2.122,4.504,,0,nearest_robot=robot6
174.000,ours,-,robot6,MIN_DISTANCE,OK,2.122,4.504,,0,nearest_robot=robot5
174.000,ours,-,fleet,MIN_DISTANCE_AVG,OK,4.504,,,0,robots_sampled=6
175.000,ours,-,robot1,MIN_DISTANCE,OK,14.565,4.509,,0,nearest_robot=robot2
175.000,ours,-,robot2,MIN_DISTANCE,OK,5.112,4.509,,0,nearest_robot=robot3
175.000,ours,-,robot3,MIN_DISTANCE,OK,1.145,4.509,,0,nearest_robot=robot4
175.000,ours,-,robot4,MIN_DISTANCE,OK,1.145,4.509,,0,nearest_robot=robot3
175.000,ours,-,robot5,MIN_DISTANCE,OK,2.542,4.509,,0,nearest_robot=robot6
175.000,ours,-,robot6,MIN_DISTANCE,OK,2.542,4.509,,0,nearest_robot=robot5
175.000,ours,-,fleet,MIN_DISTANCE_AVG,OK,4.509,,,0,robots_sampled=6
175.770,ours,-,fleet,CHOMP_TIME_FULL,OK,,6.355,,0,iterations=100;iterations_executed=100;source=algorithm;round_trip=6.388059
176.000,ours,-,robot1,MIN_DISTANCE,OK,14.071,4.522,,0,nearest_robot=robot2
176.000,ours,-,robot2,MIN_DISTANCE,OK,5.515,4.522,,0,nearest_robot=robot3
176.000,ours,-,robot3,MIN_DISTANCE,OK,0.811,4.522,,0,nearest_robot=robot4
176.000,ours,-,robot4,MIN_DISTANCE,OK,0.811,4.522,,0,nearest_robot=robot3
176.000,ours,-,robot5,MIN_DISTANCE,OK,2.963,4.522,,0,nearest_robot=robot6
176.000,ours,-,robot6,MIN_DISTANCE,OK,2.963,4.522,,0,nearest_robot=robot5
176.000,ours,-,fleet,MIN_DISTANCE_AVG,OK,4.522,,,0,robots_sampled=6
177.000,ours,-,robot1,MIN_DISTANCE,OK,13.635,4.559,,0,nearest_robot=robot2
177.000,ours,-,robot2,MIN_DISTANCE,OK,5.904,4.559,,0,nearest_robot=robot3
177.000,ours,-,robot3,MIN_DISTANCE,OK,0.629,4.559,,0,nearest_robot=robot4
177.000,ours,-,robot4,MIN_DISTANCE,OK,0.629,4.559,,0,nearest_robot=robot3
177.000,ours,-,robot5,MIN_DISTANCE,OK,3.279,4.559,,0,nearest_robot=robot6
177.000,ours,-,robot6,MIN_DISTANCE,OK,3.279,4.559,,0,nearest_robot=robot5
177.000,ours,-,fleet,MIN_DISTANCE_AVG,OK,4.559,,,0,robots_sampled=6
178.000,ours,-,robot1,MIN_DISTANCE,OK,13.215,4.663,,0,nearest_robot=robot2
178.000,ours,-,robot2,MIN_DISTANCE,OK,6.238,4.663,,0,nearest_robot=robot4
178.000,ours,-,robot3,MIN_DISTANCE,OK,0.638,4.663,,0,nearest_robot=robot4
178.000,ours,-,robot4,MIN_DISTANCE,OK,0.638,4.663,,0,nearest_robot=robot3
178.000,ours,-,robot5,MIN_DISTANCE,OK,3.624,4.663,,0,nearest_robot=robot6
178.000,ours,-,robot6,MIN_DISTANCE,OK,3.624,4.663,,0,nearest_robot=robot5
178.000,ours,-,fleet,MIN_DISTANCE_AVG,OK,4.663,,,0,robots_sampled=6
179.000,ours,-,robot1,MIN_DISTANCE,OK,12.839,4.695,,0,nearest_robot=robot2
179.000,ours,-,robot2,MIN_DISTANCE,OK,6.239,4.695,,0,nearest_robot=robot4
179.000,ours,-,robot3,MIN_DISTANCE,OK,0.823,4.695,,0,nearest_robot=robot4
179.000,ours,-,robot4,MIN_DISTANCE,OK,0.823,4.695,,0,nearest_robot=robot3
179.000,ours,-,robot5,MIN_DISTANCE,OK,3.722,4.695,,0,nearest_robot=robot6
179.000,ours,-,robot6,MIN_DISTANCE,OK,3.722,4.695,,0,nearest_robot=robot5
179.000,ours,-,fleet,MIN_DISTANCE_AVG,OK,4.695,,,0,robots_sampled=6
180.000,ours,-,robot1,MIN_DISTANCE,OK,12.494,4.862,,0,nearest_robot=robot2
180.000,ours,-,robot2,MIN_DISTANCE,OK,6.250,4.862,,0,nearest_robot=robot4
180.000,ours,-,robot3,MIN_DISTANCE,OK,1.065,4.862,,0,nearest_robot=robot4
180.000,ours,-,robot4,MIN_DISTANCE,OK,1.065,4.862,,0,nearest_robot=robot3
180.000,ours,-,robot5,MIN_DISTANCE,OK,4.150,4.862,,0,nearest_robot=robot6
180.000,ours,-,robot6,MIN_DISTANCE,OK,4.150,4.862,,0,nearest_robot=robot5
180.000,ours,-,fleet,MIN_DISTANCE_AVG,OK,4.862,,,0,robots_sampled=6
181.000,ours,-,robot1,MIN_DISTANCE,OK,12.131,5.004,,0,nearest_robot=robot2
181.000,ours,-,robot2,MIN_DISTANCE,OK,6.253,5.004,,0,nearest_robot=robot4
181.000,ours,-,robot3,MIN_DISTANCE,OK,1.335,5.004,,0,nearest_robot=robot4
181.000,ours,-,robot4,MIN_DISTANCE,OK,1.335,5.004,,0,nearest_robot=robot3
181.000,ours,-,robot5,MIN_DISTANCE,OK,4.484,5.004,,0,nearest_robot=robot6
181.000,ours,-,robot6,MIN_DISTANCE,OK,4.484,5.004,,0,nearest_robot=robot5
181.000,ours,-,fleet,MIN_DISTANCE_AVG,OK,5.004,,,0,robots_sampled=6
181.520,ours,-,fleet,CHOMP_TIME_FULL,OK,,6.168,,0,iterations=100;iterations_executed=100;source=algorithm;round_trip=6.194044
182.000,ours,-,robot1,MIN_DISTANCE,OK,11.765,5.173,,0,nearest_robot=robot2
182.000,ours,-,robot2,MIN_DISTANCE,OK,6.147,5.173,,0,nearest_robot=robot4
182.000,ours,-,robot3,MIN_DISTANCE,OK,1.742,5.173,,0,nearest_robot=robot4
182.000,ours,-,robot4,MIN_DISTANCE,OK,1.742,5.173,,0,nearest_robot=robot3
182.000,ours,-,robot5,MIN_DISTANCE,OK,4.820,5.173,,0,nearest_robot=robot6
182.000,ours,-,robot6,MIN_DISTANCE,OK,4.820,5.173,,0,nearest_robot=robot5
182.000,ours,-,fleet,MIN_DISTANCE_AVG,OK,5.173,,,0,robots_sampled=6
183.000,ours,-,robot1,MIN_DISTANCE,OK,11.396,5.362,,0,nearest_robot=robot2
183.000,ours,-,robot2,MIN_DISTANCE,OK,6.102,5.362,,0,nearest_robot=robot4
183.000,ours,-,robot3,MIN_DISTANCE,OK,2.115,5.362,,0,nearest_robot=robot4
183.000,ours,-,robot4,MIN_DISTANCE,OK,2.115,5.362,,0,nearest_robot=robot3
183.000,ours,-,robot5,MIN_DISTANCE,OK,5.222,5.362,,0,nearest_robot=robot6
183.000,ours,-,robot6,MIN_DISTANCE,OK,5.222,5.362,,0,nearest_robot=robot5
183.000,ours,-,fleet,MIN_DISTANCE_AVG,OK,5.362,,,0,robots_sampled=6
184.000,ours,-,robot1,MIN_DISTANCE,OK,11.018,5.569,,0,nearest_robot=robot2
184.000,ours,-,robot2,MIN_DISTANCE,OK,6.063,5.569,,0,nearest_robot=robot4
184.000,ours,-,robot3,MIN_DISTANCE,OK,2.545,5.569,,0,nearest_robot=robot4
184.000,ours,-,robot4,MIN_DISTANCE,OK,2.545,5.569,,0,nearest_robot=robot3
184.000,ours,-,robot5,MIN_DISTANCE,OK,5.622,5.569,,0,nearest_robot=robot6
184.000,ours,-,robot6,MIN_DISTANCE,OK,5.622,5.569,,0,nearest_robot=robot5
184.000,ours,-,fleet,MIN_DISTANCE_AVG,OK,5.569,,,0,robots_sampled=6
185.000,ours,-,robot1,MIN_DISTANCE,OK,10.622,5.800,,0,nearest_robot=robot2
185.000,ours,-,robot2,MIN_DISTANCE,OK,6.070,5.800,,0,nearest_robot=robot4
185.000,ours,-,robot3,MIN_DISTANCE,OK,3.032,5.800,,0,nearest_robot=robot4
185.000,ours,-,robot4,MIN_DISTANCE,OK,3.032,5.800,,0,nearest_robot=robot3
185.000,ours,-,robot5,MIN_DISTANCE,OK,6.022,5.800,,0,nearest_robot=robot6
185.000,ours,-,robot6,MIN_DISTANCE,OK,6.022,5.800,,0,nearest_robot=robot5
185.000,ours,-,fleet,MIN_DISTANCE_AVG,OK,5.800,,,0,robots_sampled=6
186.000,ours,-,robot1,MIN_DISTANCE,OK,10.215,6.003,,0,nearest_robot=robot2
186.000,ours,-,robot2,MIN_DISTANCE,OK,6.030,6.003,,0,nearest_robot=robot4
186.000,ours,-,robot3,MIN_DISTANCE,OK,3.436,6.003,,0,nearest_robot=robot4
186.000,ours,-,robot4,MIN_DISTANCE,OK,3.436,6.003,,0,nearest_robot=robot3
186.000,ours,-,robot5,MIN_DISTANCE,OK,6.452,6.003,,0,nearest_robot=robot6
186.000,ours,-,robot6,MIN_DISTANCE,OK,6.452,6.003,,0,nearest_robot=robot5
186.000,ours,-,fleet,MIN_DISTANCE_AVG,OK,6.003,,,0,robots_sampled=6
187.000,ours,-,robot1,MIN_DISTANCE,OK,9.776,6.212,,0,nearest_robot=robot2
187.000,ours,-,robot2,MIN_DISTANCE,OK,6.058,6.212,,0,nearest_robot=robot4
187.000,ours,-,robot3,MIN_DISTANCE,OK,3.873,6.212,,0,nearest_robot=robot4
187.000,ours,-,robot4,MIN_DISTANCE,OK,3.873,6.212,,0,nearest_robot=robot3
187.000,ours,-,robot5,MIN_DISTANCE,OK,6.845,6.212,,0,nearest_robot=robot6
187.000,ours,-,robot6,MIN_DISTANCE,OK,6.845,6.212,,0,nearest_robot=robot5
187.000,ours,-,fleet,MIN_DISTANCE_AVG,OK,6.212,,,0,robots_sampled=6
188.000,ours,-,robot1,MIN_DISTANCE,OK,9.368,6.413,,0,nearest_robot=robot2
188.000,ours,-,robot2,MIN_DISTANCE,OK,6.095,6.413,,0,nearest_robot=robot4
188.000,ours,-,robot3,MIN_DISTANCE,OK,4.279,6.413,,0,nearest_robot=robot4
188.000,ours,-,robot4,MIN_DISTANCE,OK,4.279,6.413,,0,nearest_robot=robot3
188.000,ours,-,robot5,MIN_DISTANCE,OK,7.229,6.413,,0,nearest_robot=robot6
188.000,ours,-,robot6,MIN_DISTANCE,OK,7.229,6.413,,0,nearest_robot=robot5
188.000,ours,-,fleet,MIN_DISTANCE_AVG,OK,6.413,,,0,robots_sampled=6
188.440,ours,-,fleet,CHOMP_TIME_FULL,OK,,6.867,,0,iterations=100;iterations_executed=100;source=algorithm;round_trip=6.897613
189.000,ours,-,robot1,MIN_DISTANCE,OK,9.026,6.634,,0,nearest_robot=robot2
189.000,ours,-,robot2,MIN_DISTANCE,OK,6.068,6.634,,0,nearest_robot=robot4
189.000,ours,-,robot3,MIN_DISTANCE,OK,4.721,6.634,,0,nearest_robot=robot4
189.000,ours,-,robot4,MIN_DISTANCE,OK,4.721,6.634,,0,nearest_robot=robot3
189.000,ours,-,robot5,MIN_DISTANCE,OK,7.633,6.634,,0,nearest_robot=robot6
189.000,ours,-,robot6,MIN_DISTANCE,OK,7.633,6.634,,0,nearest_robot=robot5
189.000,ours,-,fleet,MIN_DISTANCE_AVG,OK,6.634,,,0,robots_sampled=6
190.000,ours,-,robot1,MIN_DISTANCE,OK,8.734,6.848,,0,nearest_robot=robot2
190.000,ours,-,robot2,MIN_DISTANCE,OK,6.099,6.848,,0,nearest_robot=robot4
190.000,ours,-,robot3,MIN_DISTANCE,OK,5.090,6.848,,0,nearest_robot=robot4
190.000,ours,-,robot4,MIN_DISTANCE,OK,5.090,6.848,,0,nearest_robot=robot3
190.000,ours,-,robot5,MIN_DISTANCE,OK,8.037,6.848,,0,nearest_robot=robot6
190.000,ours,-,robot6,MIN_DISTANCE,OK,8.037,6.848,,0,nearest_robot=robot5
190.000,ours,-,fleet,MIN_DISTANCE_AVG,OK,6.848,,,0,robots_sampled=6
191.000,ours,-,robot1,MIN_DISTANCE,OK,8.424,6.954,,0,nearest_robot=robot2
191.000,ours,-,robot2,MIN_DISTANCE,OK,6.084,6.954,,0,nearest_robot=robot4
191.000,ours,-,robot3,MIN_DISTANCE,OK,5.161,6.954,,0,nearest_robot=robot4
191.000,ours,-,robot4,MIN_DISTANCE,OK,5.161,6.954,,0,nearest_robot=robot3
191.000,ours,-,robot5,MIN_DISTANCE,OK,8.448,6.954,,0,nearest_robot=robot6
191.000,ours,-,robot6,MIN_DISTANCE,OK,8.448,6.954,,0,nearest_robot=robot5
191.000,ours,-,fleet,MIN_DISTANCE_AVG,OK,6.954,,,0,robots_sampled=6
192.000,ours,-,robot1,MIN_DISTANCE,OK,8.357,7.078,,0,nearest_robot=robot2
192.000,ours,-,robot2,MIN_DISTANCE,OK,6.067,7.078,,0,nearest_robot=robot4
192.000,ours,-,robot3,MIN_DISTANCE,OK,5.169,7.078,,0,nearest_robot=robot4
192.000,ours,-,robot4,MIN_DISTANCE,OK,5.169,7.078,,0,nearest_robot=robot3
192.000,ours,-,robot5,MIN_DISTANCE,OK,8.854,7.078,,0,nearest_robot=robot6
192.000,ours,-,robot6,MIN_DISTANCE,OK,8.854,7.078,,0,nearest_robot=robot5
192.000,ours,-,fleet,MIN_DISTANCE_AVG,OK,7.078,,,0,robots_sampled=6
193.000,ours,-,robot1,MIN_DISTANCE,OK,8.373,7.224,,0,nearest_robot=robot2
193.000,ours,-,robot2,MIN_DISTANCE,OK,6.057,7.224,,0,nearest_robot=robot4
193.000,ours,-,robot3,MIN_DISTANCE,OK,5.163,7.224,,0,nearest_robot=robot4
193.000,ours,-,robot4,MIN_DISTANCE,OK,5.163,7.224,,0,nearest_robot=robot3
193.000,ours,-,robot5,MIN_DISTANCE,OK,9.295,7.224,,0,nearest_robot=robot6
193.000,ours,-,robot6,MIN_DISTANCE,OK,9.295,7.224,,0,nearest_robot=robot5
193.000,ours,-,fleet,MIN_DISTANCE_AVG,OK,7.224,,,0,robots_sampled=6
194.000,ours,-,robot1,MIN_DISTANCE,OK,8.424,7.341,,0,nearest_robot=robot2
194.000,ours,-,robot2,MIN_DISTANCE,OK,6.073,7.341,,0,nearest_robot=robot4
194.000,ours,-,robot3,MIN_DISTANCE,OK,5.064,7.341,,0,nearest_robot=robot4
194.000,ours,-,robot4,MIN_DISTANCE,OK,5.064,7.341,,0,nearest_robot=robot3
194.000,ours,-,robot5,MIN_DISTANCE,OK,9.710,7.341,,0,nearest_robot=robot6
194.000,ours,-,robot6,MIN_DISTANCE,OK,9.710,7.341,,0,nearest_robot=robot5
194.000,ours,-,fleet,MIN_DISTANCE_AVG,OK,7.341,,,0,robots_sampled=6
194.370,ours,-,fleet,CHOMP_TIME_FULL,OK,,6.676,,0,iterations=100;iterations_executed=100;source=algorithm;round_trip=6.727547
195.000,ours,-,robot1,MIN_DISTANCE,OK,8.488,7.402,,0,nearest_robot=robot2
195.000,ours,-,robot2,MIN_DISTANCE,OK,6.044,7.402,,0,nearest_robot=robot4
195.000,ours,-,robot3,MIN_DISTANCE,OK,5.001,7.402,,0,nearest_robot=robot4
195.000,ours,-,robot4,MIN_DISTANCE,OK,5.001,7.402,,0,nearest_robot=robot3
195.000,ours,-,robot5,MIN_DISTANCE,OK,9.799,7.402,,0,nearest_robot=robot3
195.000,ours,-,robot6,MIN_DISTANCE,OK,10.081,7.402,,0,nearest_robot=robot5
195.000,ours,-,fleet,MIN_DISTANCE_AVG,OK,7.402,,,0,robots_sampled=6
196.000,ours,-,robot1,MIN_DISTANCE,OK,8.522,7.456,,0,nearest_robot=robot2
196.000,ours,-,robot2,MIN_DISTANCE,OK,6.054,7.456,,0,nearest_robot=robot4
196.000,ours,-,robot3,MIN_DISTANCE,OK,4.987,7.456,,0,nearest_robot=robot4
196.000,ours,-,robot4,MIN_DISTANCE,OK,4.987,7.456,,0,nearest_robot=robot3
196.000,ours,-,robot5,MIN_DISTANCE,OK,9.682,7.456,,0,nearest_robot=robot3
196.000,ours,-,robot6,MIN_DISTANCE,OK,10.506,7.456,,0,nearest_robot=robot5
196.000,ours,-,fleet,MIN_DISTANCE_AVG,OK,7.456,,,0,robots_sampled=6
197.000,ours,-,robot1,MIN_DISTANCE,OK,8.562,7.528,,0,nearest_robot=robot2
197.000,ours,-,robot2,MIN_DISTANCE,OK,6.078,7.528,,0,nearest_robot=robot4
197.000,ours,-,robot3,MIN_DISTANCE,OK,4.999,7.528,,0,nearest_robot=robot4
197.000,ours,-,robot4,MIN_DISTANCE,OK,4.999,7.528,,0,nearest_robot=robot3
197.000,ours,-,robot5,MIN_DISTANCE,OK,9.579,7.528,,0,nearest_robot=robot3
197.000,ours,-,robot6,MIN_DISTANCE,OK,10.950,7.528,,0,nearest_robot=robot5
197.000,ours,-,fleet,MIN_DISTANCE_AVG,OK,7.528,,,0,robots_sampled=6
198.000,ours,-,robot1,MIN_DISTANCE,OK,8.633,7.614,,0,nearest_robot=robot2
198.000,ours,-,robot2,MIN_DISTANCE,OK,6.024,7.614,,0,nearest_robot=robot4
198.000,ours,-,robot3,MIN_DISTANCE,OK,5.070,7.614,,0,nearest_robot=robot4
198.000,ours,-,robot4,MIN_DISTANCE,OK,5.070,7.614,,0,nearest_robot=robot3
198.000,ours,-,robot5,MIN_DISTANCE,OK,9.508,7.614,,0,nearest_robot=robot3
198.000,ours,-,robot6,MIN_DISTANCE,OK,11.377,7.614,,0,nearest_robot=robot5
198.000,ours,-,fleet,MIN_DISTANCE_AVG,OK,7.614,,,0,robots_sampled=6
199.000,ours,-,robot1,MIN_DISTANCE,OK,8.704,7.701,,0,nearest_robot=robot2
199.000,ours,-,robot2,MIN_DISTANCE,OK,5.991,7.701,,0,nearest_robot=robot4
199.000,ours,-,robot3,MIN_DISTANCE,OK,5.124,7.701,,0,nearest_robot=robot4
199.000,ours,-,robot4,MIN_DISTANCE,OK,5.124,7.701,,0,nearest_robot=robot3
199.000,ours,-,robot5,MIN_DISTANCE,OK,9.478,7.701,,0,nearest_robot=robot3
199.000,ours,-,robot6,MIN_DISTANCE,OK,11.785,7.701,,0,nearest_robot=robot5
199.000,ours,-,fleet,MIN_DISTANCE_AVG,OK,7.701,,,0,robots_sampled=6
200.000,ours,-,robot1,MIN_DISTANCE,OK,8.800,7.793,,0,nearest_robot=robot2
200.000,ours,-,robot2,MIN_DISTANCE,OK,6.011,7.793,,0,nearest_robot=robot4
200.000,ours,-,robot3,MIN_DISTANCE,OK,5.144,7.793,,0,nearest_robot=robot4
200.000,ours,-,robot4,MIN_DISTANCE,OK,5.144,7.793,,0,nearest_robot=robot3
200.000,ours,-,robot5,MIN_DISTANCE,OK,9.471,7.793,,0,nearest_robot=robot3
200.000,ours,-,robot6,MIN_DISTANCE,OK,12.188,7.793,,0,nearest_robot=robot5
200.000,ours,-,fleet,MIN_DISTANCE_AVG,OK,7.793,,,0,robots_sampled=6
200.040,ours,-,fleet,CHOMP_TIME_FULL,OK,,6.580,,0,iterations=100;iterations_executed=100;source=algorithm;round_trip=6.612481
201.000,ours,-,robot1,MIN_DISTANCE,OK,8.901,7.868,,0,nearest_robot=robot2
201.000,ours,-,robot2,MIN_DISTANCE,OK,5.997,7.868,,0,nearest_robot=robot4
201.000,ours,-,robot3,MIN_DISTANCE,OK,5.172,7.868,,0,nearest_robot=robot4
201.000,ours,-,robot4,MIN_DISTANCE,OK,5.172,7.868,,0,nearest_robot=robot3
201.000,ours,-,robot5,MIN_DISTANCE,OK,9.508,7.868,,0,nearest_robot=robot3
201.000,ours,-,robot6,MIN_DISTANCE,OK,12.456,7.868,,0,nearest_robot=robot3
201.000,ours,-,fleet,MIN_DISTANCE_AVG,OK,7.868,,,0,robots_sampled=6
201.070,ours,-,fleet,CHOMP_TIME_PARTIAL,OK,,0.687,,0,iterations=10;iterations_executed=10;source=algorithm;round_trip=0.713625
202.000,ours,-,robot1,MIN_DISTANCE,OK,8.989,7.934,,0,nearest_robot=robot2
202.000,ours,-,robot2,MIN_DISTANCE,OK,6.043,7.934,,0,nearest_robot=robot4
202.000,ours,-,robot3,MIN_DISTANCE,OK,5.181,7.934,,0,nearest_robot=robot4
202.000,ours,-,robot4,MIN_DISTANCE,OK,5.181,7.934,,0,nearest_robot=robot3
202.000,ours,-,robot5,MIN_DISTANCE,OK,9.520,7.934,,0,nearest_robot=robot3
202.000,ours,-,robot6,MIN_DISTANCE,OK,12.692,7.934,,0,nearest_robot=robot3
202.000,ours,-,fleet,MIN_DISTANCE_AVG,OK,7.934,,,0,robots_sampled=6
202.090,ours,-,fleet,CHOMP_TIME_PARTIAL,OK,,0.740,,0,iterations=10;iterations_executed=10;source=algorithm;round_trip=0.767963
203.010,ours,-,robot1,MIN_DISTANCE,OK,9.017,7.993,,0,nearest_robot=robot2
203.010,ours,-,robot2,MIN_DISTANCE,OK,6.115,7.993,,0,nearest_robot=robot4
203.010,ours,-,robot3,MIN_DISTANCE,OK,5.152,7.993,,0,nearest_robot=robot4
203.010,ours,-,robot4,MIN_DISTANCE,OK,5.152,7.993,,0,nearest_robot=robot3
203.010,ours,-,fleet,CHOMP_TIME_PARTIAL,OK,,0.640,,0,iterations=10;iterations_executed=10;source=algorithm;round_trip=0.669137
203.010,ours,-,robot5,MIN_DISTANCE,OK,9.562,7.993,,0,nearest_robot=robot3
203.010,ours,-,robot6,MIN_DISTANCE,OK,12.960,7.993,,0,nearest_robot=robot3
203.010,ours,-,fleet,MIN_DISTANCE_AVG,OK,7.993,,,0,robots_sampled=6
204.000,ours,-,robot1,MIN_DISTANCE,OK,8.991,8.030,,0,nearest_robot=robot2
204.000,ours,-,robot2,MIN_DISTANCE,OK,6.184,8.030,,0,nearest_robot=robot4
204.000,ours,-,robot3,MIN_DISTANCE,OK,5.113,8.030,,0,nearest_robot=robot4
204.000,ours,-,robot4,MIN_DISTANCE,OK,5.113,8.030,,0,nearest_robot=robot3
204.000,ours,-,robot5,MIN_DISTANCE,OK,9.542,8.030,,0,nearest_robot=robot3
204.000,ours,-,robot6,MIN_DISTANCE,OK,13.240,8.030,,0,nearest_robot=robot3
204.000,ours,-,fleet,MIN_DISTANCE_AVG,OK,8.030,,,0,robots_sampled=6
204.140,ours,-,fleet,CHOMP_TIME_PARTIAL,OK,,0.749,,0,iterations=10;iterations_executed=10;source=algorithm;round_trip=0.781340
205.000,ours,-,robot1,MIN_DISTANCE,OK,8.921,8.059,,0,nearest_robot=robot2
205.000,ours,-,robot2,MIN_DISTANCE,OK,6.253,8.059,,0,nearest_robot=robot4
205.000,ours,-,robot3,MIN_DISTANCE,OK,5.053,8.059,,0,nearest_robot=robot4
205.000,ours,-,robot4,MIN_DISTANCE,OK,5.053,8.059,,0,nearest_robot=robot3
205.000,ours,-,robot5,MIN_DISTANCE,OK,9.525,8.059,,0,nearest_robot=robot3
205.000,ours,-,robot6,MIN_DISTANCE,OK,13.551,8.059,,0,nearest_robot=robot3
205.000,ours,-,fleet,MIN_DISTANCE_AVG,OK,8.059,,,0,robots_sampled=6
205.190,ours,-,fleet,CHOMP_TIME_PARTIAL,OK,,0.817,,0,iterations=10;iterations_executed=10;source=algorithm;round_trip=0.848745
206.000,ours,-,robot1,MIN_DISTANCE,OK,8.781,8.066,,0,nearest_robot=robot2
206.000,ours,-,robot2,MIN_DISTANCE,OK,6.366,8.066,,0,nearest_robot=robot4
206.000,ours,-,robot3,MIN_DISTANCE,OK,4.933,8.066,,0,nearest_robot=robot4
206.000,ours,-,robot4,MIN_DISTANCE,OK,4.933,8.066,,0,nearest_robot=robot3
206.000,ours,-,robot5,MIN_DISTANCE,OK,9.466,8.066,,0,nearest_robot=robot3
206.000,ours,-,robot6,MIN_DISTANCE,OK,13.915,8.066,,0,nearest_robot=robot3
206.000,ours,-,fleet,MIN_DISTANCE_AVG,OK,8.066,,,0,robots_sampled=6
207.000,ours,-,robot1,MIN_DISTANCE,OK,8.532,8.051,,0,nearest_robot=robot2
207.000,ours,-,robot2,MIN_DISTANCE,OK,6.515,8.051,,0,nearest_robot=robot4
207.000,ours,-,robot3,MIN_DISTANCE,OK,4.754,8.051,,0,nearest_robot=robot4
207.000,ours,-,robot4,MIN_DISTANCE,OK,4.754,8.051,,0,nearest_robot=robot3
207.000,ours,-,robot5,MIN_DISTANCE,OK,9.374,8.051,,0,nearest_robot=robot2
207.000,ours,-,robot6,MIN_DISTANCE,OK,14.379,8.051,,0,nearest_robot=robot3
207.000,ours,-,fleet,MIN_DISTANCE_AVG,OK,8.051,,,0,robots_sampled=6
208.000,ours,-,robot1,MIN_DISTANCE,OK,8.179,8.006,,0,nearest_robot=robot2
208.000,ours,-,robot2,MIN_DISTANCE,OK,6.610,8.006,,0,nearest_robot=robot4
208.000,ours,-,robot3,MIN_DISTANCE,OK,4.687,8.006,,0,nearest_robot=robot4
208.000,ours,-,robot4,MIN_DISTANCE,OK,4.687,8.006,,0,nearest_robot=robot3
208.000,ours,-,robot5,MIN_DISTANCE,OK,9.077,8.006,,0,nearest_robot=robot2
208.000,ours,-,robot6,MIN_DISTANCE,OK,14.799,8.006,,0,nearest_robot=robot3
208.000,ours,-,fleet,MIN_DISTANCE_AVG,OK,8.006,,,0,robots_sampled=6
209.000,ours,-,robot1,MIN_DISTANCE,OK,7.725,7.942,,0,nearest_robot=robot2
209.000,ours,-,robot2,MIN_DISTANCE,OK,6.774,7.942,,0,nearest_robot=robot4
209.000,ours,-,robot3,MIN_DISTANCE,OK,4.606,7.942,,0,nearest_robot=robot4
209.000,ours,-,robot4,MIN_DISTANCE,OK,4.606,7.942,,0,nearest_robot=robot3
209.000,ours,-,robot5,MIN_DISTANCE,OK,8.733,7.942,,0,nearest_robot=robot2
209.000,ours,-,robot6,MIN_DISTANCE,OK,15.207,7.942,,0,nearest_robot=robot3
209.000,ours,-,fleet,MIN_DISTANCE_AVG,OK,7.942,,,0,robots_sampled=6
210.000,ours,-,robot1,MIN_DISTANCE,OK,7.393,7.889,,0,nearest_robot=robot2
210.000,ours,-,robot2,MIN_DISTANCE,OK,6.846,7.889,,0,nearest_robot=robot4
210.000,ours,-,robot3,MIN_DISTANCE,OK,4.581,7.889,,0,nearest_robot=robot4
210.000,ours,-,robot4,MIN_DISTANCE,OK,4.581,7.889,,0,nearest_robot=robot3
210.000,ours,-,robot5,MIN_DISTANCE,OK,8.314,7.889,,0,nearest_robot=robot2
210.000,ours,-,robot6,MIN_DISTANCE,OK,15.618,7.889,,0,nearest_robot=robot3
210.000,ours,-,fleet,MIN_DISTANCE_AVG,OK,7.889,,,0,robots_sampled=6
211.000,ours,-,robot1,MIN_DISTANCE,OK,7.060,7.814,,0,nearest_robot=robot2
211.000,ours,-,robot2,MIN_DISTANCE,OK,6.866,7.814,,0,nearest_robot=robot4
211.000,ours,-,robot3,MIN_DISTANCE,OK,4.551,7.814,,0,nearest_robot=robot4
211.000,ours,-,robot4,MIN_DISTANCE,OK,4.551,7.814,,0,nearest_robot=robot3
211.000,ours,-,robot5,MIN_DISTANCE,OK,7.844,7.814,,0,nearest_robot=robot2
211.000,ours,-,robot6,MIN_DISTANCE,OK,16.012,7.814,,0,nearest_robot=robot3
211.000,ours,-,fleet,MIN_DISTANCE_AVG,OK,7.814,,,0,robots_sampled=6
211.820,ours,-,fleet,CHOMP_TIME_FULL,OK,,6.640,,0,iterations=100;iterations_executed=100;source=algorithm;round_trip=6.672610
212.000,ours,-,robot1,MIN_DISTANCE,OK,6.742,7.698,,0,nearest_robot=robot2
212.000,ours,-,robot2,MIN_DISTANCE,OK,6.742,7.698,,0,nearest_robot=robot1
212.000,ours,-,robot3,MIN_DISTANCE,OK,4.452,7.698,,0,nearest_robot=robot4
212.000,ours,-,robot4,MIN_DISTANCE,OK,4.452,7.698,,0,nearest_robot=robot3
212.000,ours,-,robot5,MIN_DISTANCE,OK,7.380,7.698,,0,nearest_robot=robot2
212.000,ours,-,robot6,MIN_DISTANCE,OK,16.421,7.698,,0,nearest_robot=robot3
212.000,ours,-,fleet,MIN_DISTANCE_AVG,OK,7.698,,,0,robots_sampled=6
213.000,ours,-,robot1,MIN_DISTANCE,OK,6.479,7.580,,0,nearest_robot=robot2
213.000,ours,-,robot2,MIN_DISTANCE,OK,6.479,7.580,,0,nearest_robot=robot1
213.000,ours,-,robot3,MIN_DISTANCE,OK,4.434,7.580,,0,nearest_robot=robot4
213.000,ours,-,robot4,MIN_DISTANCE,OK,4.434,7.580,,0,nearest_robot=robot3
213.000,ours,-,robot5,MIN_DISTANCE,OK,6.881,7.580,,0,nearest_robot=robot2
213.000,ours,-,robot6,MIN_DISTANCE,OK,16.776,7.580,,0,nearest_robot=robot3
213.000,ours,-,fleet,MIN_DISTANCE_AVG,OK,7.580,,,0,robots_sampled=6
214.000,ours,-,robot1,MIN_DISTANCE,OK,6.316,7.491,,0,nearest_robot=robot2
214.000,ours,-,robot2,MIN_DISTANCE,OK,6.316,7.491,,0,nearest_robot=robot1
214.000,ours,-,robot3,MIN_DISTANCE,OK,4.369,7.491,,0,nearest_robot=robot4
214.000,ours,-,robot4,MIN_DISTANCE,OK,4.369,7.491,,0,nearest_robot=robot3
214.000,ours,-,robot5,MIN_DISTANCE,OK,6.440,7.491,,0,nearest_robot=robot2
214.000,ours,-,robot6,MIN_DISTANCE,OK,17.138,7.491,,0,nearest_robot=robot3
214.000,ours,-,fleet,MIN_DISTANCE_AVG,OK,7.491,,,0,robots_sampled=6
215.000,ours,-,robot1,MIN_DISTANCE,OK,6.160,7.432,,0,nearest_robot=robot2
215.000,ours,-,robot2,MIN_DISTANCE,OK,6.084,7.432,,0,nearest_robot=robot5
215.000,ours,-,robot3,MIN_DISTANCE,OK,4.393,7.432,,0,nearest_robot=robot4
215.000,ours,-,robot4,MIN_DISTANCE,OK,4.393,7.432,,0,nearest_robot=robot3
215.000,ours,-,robot5,MIN_DISTANCE,OK,6.084,7.432,,0,nearest_robot=robot2
215.000,ours,-,robot6,MIN_DISTANCE,OK,17.478,7.432,,0,nearest_robot=robot3
215.000,ours,-,fleet,MIN_DISTANCE_AVG,OK,7.432,,,0,robots_sampled=6
216.000,ours,-,robot1,MIN_DISTANCE,OK,6.092,7.372,,0,nearest_robot=robot2
216.000,ours,-,robot2,MIN_DISTANCE,OK,5.778,7.372,,0,nearest_robot=robot5
216.000,ours,-,robot3,MIN_DISTANCE,OK,4.386,7.372,,0,nearest_robot=robot4
216.000,ours,-,robot4,MIN_DISTANCE,OK,4.386,7.372,,0,nearest_robot=robot3
216.000,ours,-,robot5,MIN_DISTANCE,OK,5.778,7.372,,0,nearest_robot=robot2
216.000,ours,-,robot6,MIN_DISTANCE,OK,17.810,7.372,,0,nearest_robot=robot3
216.000,ours,-,fleet,MIN_DISTANCE_AVG,OK,7.372,,,0,robots_sampled=6
217.000,ours,-,robot1,MIN_DISTANCE,OK,6.132,7.332,,0,nearest_robot=robot2
217.000,ours,-,robot2,MIN_DISTANCE,OK,5.493,7.332,,0,nearest_robot=robot5
217.000,ours,-,robot3,MIN_DISTANCE,OK,4.358,7.332,,0,nearest_robot=robot4
217.000,ours,-,robot4,MIN_DISTANCE,OK,4.358,7.332,,0,nearest_robot=robot3
217.000,ours,-,robot5,MIN_DISTANCE,OK,5.493,7.332,,0,nearest_robot=robot2
217.000,ours,-,robot6,MIN_DISTANCE,OK,18.161,7.332,,0,nearest_robot=robot3
217.000,ours,-,fleet,MIN_DISTANCE_AVG,OK,7.332,,,0,robots_sampled=6
217.530,ours,-,fleet,CHOMP_TIME_FULL,OK,,6.384,,0,iterations=100;iterations_executed=100;source=algorithm;round_trip=6.412849
218.000,ours,-,robot1,MIN_DISTANCE,OK,6.156,7.348,,0,nearest_robot=robot2
218.000,ours,-,robot2,MIN_DISTANCE,OK,5.321,7.348,,0,nearest_robot=robot5
218.000,ours,-,robot3,MIN_DISTANCE,OK,4.406,7.348,,0,nearest_robot=robot4
218.000,ours,-,robot4,MIN_DISTANCE,OK,4.406,7.348,,0,nearest_robot=robot3
218.000,ours,-,robot5,MIN_DISTANCE,OK,5.321,7.348,,0,nearest_robot=robot2
218.000,ours,-,robot6,MIN_DISTANCE,OK,18.478,7.348,,0,nearest_robot=robot3
218.000,ours,-,fleet,MIN_DISTANCE_AVG,OK,7.348,,,0,robots_sampled=6
219.000,ours,-,robot1,MIN_DISTANCE,OK,6.206,7.346,,0,nearest_robot=robot2
219.000,ours,-,robot2,MIN_DISTANCE,OK,5.105,7.346,,0,nearest_robot=robot5
219.000,ours,-,robot3,MIN_DISTANCE,OK,4.409,7.346,,0,nearest_robot=robot4
219.000,ours,-,robot4,MIN_DISTANCE,OK,4.409,7.346,,0,nearest_robot=robot3
219.000,ours,-,robot5,MIN_DISTANCE,OK,5.105,7.346,,0,nearest_robot=robot2
219.000,ours,-,robot6,MIN_DISTANCE,OK,18.844,7.346,,0,nearest_robot=robot3
219.000,ours,-,fleet,MIN_DISTANCE_AVG,OK,7.346,,,0,robots_sampled=6
220.000,ours,-,robot1,MIN_DISTANCE,OK,6.182,7.377,,0,nearest_robot=robot2
220.000,ours,-,robot2,MIN_DISTANCE,OK,5.004,7.377,,0,nearest_robot=robot5
220.000,ours,-,robot3,MIN_DISTANCE,OK,4.462,7.377,,0,nearest_robot=robot4
220.000,ours,-,robot4,MIN_DISTANCE,OK,4.462,7.377,,0,nearest_robot=robot3
220.000,ours,-,robot5,MIN_DISTANCE,OK,5.004,7.377,,0,nearest_robot=robot2
220.000,ours,-,robot6,MIN_DISTANCE,OK,19.147,7.377,,0,nearest_robot=robot3
220.000,ours,-,fleet,MIN_DISTANCE_AVG,OK,7.377,,,0,robots_sampled=6
221.000,ours,-,robot1,MIN_DISTANCE,OK,6.330,7.381,,0,nearest_robot=robot2
221.000,ours,-,robot2,MIN_DISTANCE,OK,4.773,7.381,,0,nearest_robot=robot5
221.000,ours,-,robot3,MIN_DISTANCE,OK,4.454,7.381,,0,nearest_robot=robot4
221.000,ours,-,robot4,MIN_DISTANCE,OK,4.454,7.381,,0,nearest_robot=robot3
221.000,ours,-,robot5,MIN_DISTANCE,OK,4.773,7.381,,0,nearest_robot=robot2
221.000,ours,-,robot6,MIN_DISTANCE,OK,19.505,7.381,,0,nearest_robot=robot3
221.000,ours,-,fleet,MIN_DISTANCE_AVG,OK,7.381,,,0,robots_sampled=6
222.000,ours,-,robot1,MIN_DISTANCE,OK,6.679,7.355,,0,nearest_robot=robot2
222.000,ours,-,robot2,MIN_DISTANCE,OK,4.364,7.355,,0,nearest_robot=robot5
222.000,ours,-,robot3,MIN_DISTANCE,OK,4.425,7.355,,0,nearest_robot=robot4
222.000,ours,-,robot4,MIN_DISTANCE,OK,4.425,7.355,,0,nearest_robot=robot3
222.000,ours,-,robot5,MIN_DISTANCE,OK,4.364,7.355,,0,nearest_robot=robot2
222.000,ours,-,robot6,MIN_DISTANCE,OK,19.871,7.355,,0,nearest_robot=robot3
222.000,ours,-,fleet,MIN_DISTANCE_AVG,OK,7.355,,,0,robots_sampled=6
223.000,ours,-,robot1,MIN_DISTANCE,OK,7.025,7.278,,0,nearest_robot=robot2
223.000,ours,-,robot2,MIN_DISTANCE,OK,3.894,7.278,,0,nearest_robot=robot5
223.000,ours,-,robot3,MIN_DISTANCE,OK,4.425,7.278,,0,nearest_robot=robot4
223.000,ours,-,robot4,MIN_DISTANCE,OK,4.192,7.278,,0,nearest_robot=robot2
223.000,ours,-,robot5,MIN_DISTANCE,OK,3.894,7.278,,0,nearest_robot=robot2
223.000,ours,-,robot6,MIN_DISTANCE,OK,20.238,7.278,,0,nearest_robot=robot3
223.000,ours,-,fleet,MIN_DISTANCE_AVG,OK,7.278,,,0,robots_sampled=6
223.800,ours,-,fleet,CHOMP_TIME_FULL,OK,,6.433,,0,iterations=100;iterations_executed=100;source=algorithm;round_trip=6.466291
224.000,ours,-,robot1,MIN_DISTANCE,OK,7.386,7.183,,0,nearest_robot=robot2
224.000,ours,-,robot2,MIN_DISTANCE,OK,3.438,7.183,,0,nearest_robot=robot5
224.000,ours,-,robot3,MIN_DISTANCE,OK,4.423,7.183,,0,nearest_robot=robot4
224.000,ours,-,robot4,MIN_DISTANCE,OK,3.792,7.183,,0,nearest_robot=robot2
224.000,ours,-,robot5,MIN_DISTANCE,OK,3.438,7.183,,0,nearest_robot=robot2
224.000,ours,-,robot6,MIN_DISTANCE,OK,20.621,7.183,,0,nearest_robot=robot3
224.000,ours,-,fleet,MIN_DISTANCE_AVG,OK,7.183,,,0,robots_sampled=6
225.000,ours,-,robot1,MIN_DISTANCE,OK,7.694,7.055,,0,nearest_robot=robot5
225.000,ours,-,robot2,MIN_DISTANCE,OK,2.932,7.055,,0,nearest_robot=robot5
225.000,ours,-,robot3,MIN_DISTANCE,OK,4.375,7.055,,0,nearest_robot=robot4
225.000,ours,-,robot4,MIN_DISTANCE,OK,3.422,7.055,,0,nearest_robot=robot2
225.000,ours,-,robot5,MIN_DISTANCE,OK,2.932,7.055,,0,nearest_robot=robot2
225.000,ours,-,robot6,MIN_DISTANCE,OK,20.974,7.055,,0,nearest_robot=robot3
225.000,ours,-,fleet,MIN_DISTANCE_AVG,OK,7.055,,,0,robots_sampled=6
226.000,ours,-,robot1,MIN_DISTANCE,OK,7.942,6.935,,0,nearest_robot=robot5
226.000,ours,-,robot2,MIN_DISTANCE,OK,2.497,6.935,,0,nearest_robot=robot5
226.000,ours,-,robot3,MIN_DISTANCE,OK,4.296,6.935,,0,nearest_robot=robot4
226.000,ours,-,robot4,MIN_DISTANCE,OK,3.125,6.935,,0,nearest_robot=robot2
226.000,ours,-,robot5,MIN_DISTANCE,OK,2.497,6.935,,0,nearest_robot=robot2
226.000,ours,-,robot6,MIN_DISTANCE,OK,21.255,6.935,,0,nearest_robot=robot3
226.000,ours,-,fleet,MIN_DISTANCE_AVG,OK,6.935,,,0,robots_sampled=6
227.000,ours,-,robot1,MIN_DISTANCE,OK,8.053,6.766,,0,nearest_robot=robot5
227.000,ours,-,robot2,MIN_DISTANCE,OK,2.053,6.766,,0,nearest_robot=robot5
227.000,ours,-,robot3,MIN_DISTANCE,OK,4.147,6.766,,0,nearest_robot=robot4
227.000,ours,-,robot4,MIN_DISTANCE,OK,2.783,6.766,,0,nearest_robot=robot2
227.000,ours,-,robot5,MIN_DISTANCE,OK,2.053,6.766,,0,nearest_robot=robot2
227.000,ours,-,robot6,MIN_DISTANCE,OK,21.504,6.766,,0,nearest_robot=robot3
227.000,ours,-,fleet,MIN_DISTANCE_AVG,OK,6.766,,,0,robots_sampled=6
228.000,ours,-,robot1,MIN_DISTANCE,OK,7.954,6.559,,0,nearest_robot=robot5
228.000,ours,-,robot2,MIN_DISTANCE,OK,1.649,6.559,,0,nearest_robot=robot5
228.000,ours,-,robot3,MIN_DISTANCE,OK,4.023,6.559,,0,nearest_robot=robot4
228.000,ours,-,robot4,MIN_DISTANCE,OK,2.393,6.559,,0,nearest_robot=robot2
228.000,ours,-,robot5,MIN_DISTANCE,OK,1.649,6.559,,0,nearest_robot=robot2
228.000,ours,-,robot6,MIN_DISTANCE,OK,21.689,6.559,,0,nearest_robot=robot3
228.000,ours,-,fleet,MIN_DISTANCE_AVG,OK,6.559,,,0,robots_sampled=6
229.000,ours,-,robot1,MIN_DISTANCE,OK,7.845,6.367,,0,nearest_robot=robot5
229.000,ours,-,robot2,MIN_DISTANCE,OK,1.292,6.367,,0,nearest_robot=robot5
229.000,ours,-,robot3,MIN_DISTANCE,OK,3.872,6.367,,0,nearest_robot=robot4
229.000,ours,-,robot4,MIN_DISTANCE,OK,2.014,6.367,,0,nearest_robot=robot2
229.000,ours,-,robot5,MIN_DISTANCE,OK,1.292,6.367,,0,nearest_robot=robot2
229.000,ours,-,robot6,MIN_DISTANCE,OK,21.890,6.367,,0,nearest_robot=robot3
229.000,ours,-,fleet,MIN_DISTANCE_AVG,OK,6.367,,,0,robots_sampled=6
229.480,ours,-,fleet,CHOMP_TIME_FULL,OK,,6.028,,0,iterations=100;iterations_executed=100;source=algorithm;round_trip=6.055501
230.000,ours,-,robot1,MIN_DISTANCE,OK,7.710,6.188,,0,nearest_robot=robot5
230.000,ours,-,robot2,MIN_DISTANCE,OK,1.024,6.188,,0,nearest_robot=robot5
230.000,ours,-,robot3,MIN_DISTANCE,OK,3.647,6.188,,0,nearest_robot=robot4
230.000,ours,-,robot4,MIN_DISTANCE,OK,1.668,6.188,,0,nearest_robot=robot2
230.000,ours,-,robot5,MIN_DISTANCE,OK,1.024,6.188,,0,nearest_robot=robot2
230.000,ours,-,robot6,MIN_DISTANCE,OK,22.057,6.188,,0,nearest_robot=robot3
230.000,ours,-,fleet,MIN_DISTANCE_AVG,OK,6.188,,,0,robots_sampled=6
231.000,ours,-,robot1,MIN_DISTANCE,OK,7.605,6.043,,0,nearest_robot=robot5
231.000,ours,-,robot2,MIN_DISTANCE,OK,0.830,6.043,,0,nearest_robot=robot5
231.000,ours,-,robot3,MIN_DISTANCE,OK,3.342,6.043,,0,nearest_robot=robot4
231.000,ours,-,robot4,MIN_DISTANCE,OK,1.363,6.043,,0,nearest_robot=robot2
231.000,ours,-,robot5,MIN_DISTANCE,OK,0.830,6.043,,0,nearest_robot=robot2
231.000,ours,-,robot6,MIN_DISTANCE,OK,22.289,6.043,,0,nearest_robot=robot3
231.000,ours,-,fleet,MIN_DISTANCE_AVG,OK,6.043,,,0,robots_sampled=6
232.000,ours,-,robot1,MIN_DISTANCE,OK,7.570,5.959,,0,nearest_robot=robot5
232.000,ours,-,robot2,MIN_DISTANCE,OK,0.781,5.959,,0,nearest_robot=robot5
232.000,ours,-,robot3,MIN_DISTANCE,OK,2.905,5.959,,0,nearest_robot=robot4
232.000,ours,-,robot4,MIN_DISTANCE,OK,1.137,5.959,,0,nearest_robot=robot2
232.000,ours,-,robot5,MIN_DISTANCE,OK,0.781,5.959,,0,nearest_robot=robot2
232.000,ours,-,robot6,MIN_DISTANCE,OK,22.582,5.959,,0,nearest_robot=robot3
232.000,ours,-,fleet,MIN_DISTANCE_AVG,OK,5.959,,,0,robots_sampled=6
233.000,ours,-,robot1,MIN_DISTANCE,OK,7.606,5.924,,0,nearest_robot=robot5
233.000,ours,-,robot2,MIN_DISTANCE,OK,0.791,5.924,,0,nearest_robot=robot5
233.000,ours,-,robot3,MIN_DISTANCE,OK,2.426,5.924,,0,nearest_robot=robot4
233.000,ours,-,robot4,MIN_DISTANCE,OK,1.141,5.924,,0,nearest_robot=robot2
233.000,ours,-,robot5,MIN_DISTANCE,OK,0.791,5.924,,0,nearest_robot=robot2
233.000,ours,-,robot6,MIN_DISTANCE,OK,22.791,5.924,,0,nearest_robot=robot3
233.000,ours,-,fleet,MIN_DISTANCE_AVG,OK,5.924,,,0,robots_sampled=6
234.000,ours,-,robot1,MIN_DISTANCE,OK,7.699,5.896,,0,nearest_robot=robot5
234.000,ours,-,robot2,MIN_DISTANCE,OK,0.813,5.896,,0,nearest_robot=robot5
234.000,ours,-,robot3,MIN_DISTANCE,OK,1.921,5.896,,0,nearest_robot=robot4
234.000,ours,-,robot4,MIN_DISTANCE,OK,1.139,5.896,,0,nearest_robot=robot2
234.000,ours,-,robot5,MIN_DISTANCE,OK,0.813,5.896,,0,nearest_robot=robot2
234.000,ours,-,robot6,MIN_DISTANCE,OK,22.991,5.896,,0,nearest_robot=robot3
234.000,ours,-,fleet,MIN_DISTANCE_AVG,OK,5.896,,,0,robots_sampled=6
234.780,ours,-,fleet,CHOMP_TIME_FULL,OK,,5.706,,0,iterations=100;iterations_executed=100;source=algorithm;round_trip=5.742028
235.000,ours,-,robot1,MIN_DISTANCE,OK,7.822,5.882,,0,nearest_robot=robot5
235.000,ours,-,robot2,MIN_DISTANCE,OK,0.853,5.882,,0,nearest_robot=robot5
235.000,ours,-,robot3,MIN_DISTANCE,OK,1.499,5.882,,0,nearest_robot=robot4
235.000,ours,-,robot4,MIN_DISTANCE,OK,1.133,5.882,,0,nearest_robot=robot2
235.000,ours,-,robot5,MIN_DISTANCE,OK,0.853,5.882,,0,nearest_robot=robot2
235.000,ours,-,robot6,MIN_DISTANCE,OK,23.131,5.882,,0,nearest_robot=robot3
235.000,ours,-,fleet,MIN_DISTANCE_AVG,OK,5.882,,,0,robots_sampled=6
236.000,ours,-,robot1,MIN_DISTANCE,OK,7.849,5.860,,0,nearest_robot=robot5
236.000,ours,-,robot2,MIN_DISTANCE,OK,0.983,5.860,,0,nearest_robot=robot5
236.000,ours,-,robot3,MIN_DISTANCE,OK,1.058,5.860,,0,nearest_robot=robot4
236.000,ours,-,robot4,MIN_DISTANCE,OK,1.058,5.860,,0,nearest_robot=robot3
236.000,ours,-,robot5,MIN_DISTANCE,OK,0.983,5.860,,0,nearest_robot=robot2
236.000,ours,-,robot6,MIN_DISTANCE,OK,23.228,5.860,,0,nearest_robot=robot3
236.000,ours,-,fleet,MIN_DISTANCE_AVG,OK,5.860,,,0,robots_sampled=6
237.000,ours,-,robot1,MIN_DISTANCE,OK,7.877,5.779,,0,nearest_robot=robot5
237.000,ours,-,robot2,MIN_DISTANCE,OK,1.010,5.779,,0,nearest_robot=robot5
237.000,ours,-,robot3,MIN_DISTANCE,OK,0.747,5.779,,0,nearest_robot=robot4
237.000,ours,-,robot4,MIN_DISTANCE,OK,0.747,5.779,,0,nearest_robot=robot3
237.000,ours,-,robot5,MIN_DISTANCE,OK,1.010,5.779,,0,nearest_robot=robot2
237.000,ours,-,robot6,MIN_DISTANCE,OK,23.285,5.779,,0,nearest_robot=robot3
237.000,ours,-,fleet,MIN_DISTANCE_AVG,OK,5.779,,,0,robots_sampled=6
238.000,ours,-,robot1,MIN_DISTANCE,OK,7.993,5.730,,0,nearest_robot=robot5
238.000,ours,-,robot2,MIN_DISTANCE,OK,0.914,5.730,,0,nearest_robot=robot3
238.000,ours,-,robot3,MIN_DISTANCE,OK,0.616,5.730,,0,nearest_robot=robot4
238.000,ours,-,robot4,MIN_DISTANCE,OK,0.616,5.730,,0,nearest_robot=robot3
238.000,ours,-,robot5,MIN_DISTANCE,OK,0.939,5.730,,0,nearest_robot=robot2
238.000,ours,-,robot6,MIN_DISTANCE,OK,23.301,5.730,,0,nearest_robot=robot3
238.000,ours,-,fleet,MIN_DISTANCE_AVG,OK,5.730,,,0,robots_sampled=6
239.000,ours,-,robot1,MIN_DISTANCE,OK,8.236,5.711,,0,nearest_robot=robot5
239.000,ours,-,robot2,MIN_DISTANCE,OK,0.581,5.711,,0,nearest_robot=robot3
239.000,ours,-,robot3,MIN_DISTANCE,OK,0.581,5.711,,0,nearest_robot=robot2
239.000,ours,-,robot4,MIN_DISTANCE,OK,0.731,5.711,,0,nearest_robot=robot3
239.000,ours,-,robot5,MIN_DISTANCE,OK,0.868,5.711,,0,nearest_robot=robot2
239.000,ours,-,robot6,MIN_DISTANCE,OK,23.271,5.711,,0,nearest_robot=robot3
239.000,ours,-,fleet,MIN_DISTANCE_AVG,OK,5.711,,,0,robots_sampled=6
240.000,ours,-,robot1,MIN_DISTANCE,OK,8.461,5.725,,0,nearest_robot=robot5
240.000,ours,-,robot2,MIN_DISTANCE,OK,0.527,5.725,,0,nearest_robot=robot3
240.000,ours,-,robot3,MIN_DISTANCE,OK,0.527,5.725,,0,nearest_robot=robot2
240.000,ours,-,robot4,MIN_DISTANCE,OK,0.777,5.725,,0,nearest_robot=robot3
240.000,ours,-,robot5,MIN_DISTANCE,OK,0.801,5.725,,0,nearest_robot=robot2
240.000,ours,-,robot6,MIN_DISTANCE,OK,23.257,5.725,,0,nearest_robot=robot3
240.000,ours,-,fleet,MIN_DISTANCE_AVG,OK,5.725,,,0,robots_sampled=6
240.570,ours,-,fleet,CHOMP_TIME_FULL,OK,,6.077,,0,iterations=100;iterations_executed=100;source=algorithm;round_trip=6.107161
241.000,ours,-,robot1,MIN_DISTANCE,OK,8.525,5.725,,0,nearest_robot=robot2
241.000,ours,-,robot2,MIN_DISTANCE,OK,0.577,5.725,,0,nearest_robot=robot3
241.000,ours,-,robot3,MIN_DISTANCE,OK,0.577,5.725,,0,nearest_robot=robot2
241.000,ours,-,robot4,MIN_DISTANCE,OK,0.708,5.725,,0,nearest_robot=robot5
241.000,ours,-,robot5,MIN_DISTANCE,OK,0.708,5.725,,0,nearest_robot=robot4
241.000,ours,-,robot6,MIN_DISTANCE,OK,23.253,5.725,,0,nearest_robot=robot3
241.000,ours,-,fleet,MIN_DISTANCE_AVG,OK,5.725,,,0,robots_sampled=6
242.000,ours,-,robot1,MIN_DISTANCE,OK,8.568,5.699,,0,nearest_robot=robot2
242.000,ours,-,robot2,MIN_DISTANCE,OK,0.527,5.699,,0,nearest_robot=robot3
242.000,ours,-,robot3,MIN_DISTANCE,OK,0.527,5.699,,0,nearest_robot=robot2
242.000,ours,-,robot4,MIN_DISTANCE,OK,0.656,5.699,,0,nearest_robot=robot5
242.000,ours,-,robot5,MIN_DISTANCE,OK,0.656,5.699,,0,nearest_robot=robot4
242.000,ours,-,robot6,MIN_DISTANCE,OK,23.262,5.699,,0,nearest_robot=robot3
242.000,ours,-,fleet,MIN_DISTANCE_AVG,OK,5.699,,,0,robots_sampled=6
243.000,ours,-,robot1,MIN_DISTANCE,OK,8.534,5.704,,0,nearest_robot=robot2
243.000,ours,-,robot2,MIN_DISTANCE,OK,0.555,5.704,,0,nearest_robot=robot3
243.000,ours,-,robot3,MIN_DISTANCE,OK,0.555,5.704,,0,nearest_robot=robot2
243.000,ours,-,robot4,MIN_DISTANCE,OK,0.644,5.704,,0,nearest_robot=robot5
243.000,ours,-,robot5,MIN_DISTANCE,OK,0.644,5.704,,0,nearest_robot=robot4
243.000,ours,-,robot6,MIN_DISTANCE,OK,23.291,5.704,,0,nearest_robot=robot3
243.000,ours,-,fleet,MIN_DISTANCE_AVG,OK,5.704,,,0,robots_sampled=6
244.000,ours,-,robot1,MIN_DISTANCE,OK,8.525,5.697,,0,nearest_robot=robot2
244.000,ours,-,robot2,MIN_DISTANCE,OK,0.557,5.697,,0,nearest_robot=robot3
244.000,ours,-,robot3,MIN_DISTANCE,OK,0.557,5.697,,0,nearest_robot=robot2
244.000,ours,-,robot4,MIN_DISTANCE,OK,0.641,5.697,,0,nearest_robot=robot5
244.000,ours,-,robot5,MIN_DISTANCE,OK,0.641,5.697,,0,nearest_robot=robot4
244.000,ours,-,robot6,MIN_DISTANCE,OK,23.263,5.697,,0,nearest_robot=robot3
244.000,ours,-,fleet,MIN_DISTANCE_AVG,OK,5.697,,,0,robots_sampled=6
245.000,ours,-,robot1,MIN_DISTANCE,OK,8.512,5.680,,0,nearest_robot=robot2
245.000,ours,-,robot2,MIN_DISTANCE,OK,0.566,5.680,,0,nearest_robot=robot3
245.000,ours,-,robot3,MIN_DISTANCE,OK,0.566,5.680,,0,nearest_robot=robot2
245.000,ours,-,robot4,MIN_DISTANCE,OK,0.640,5.680,,0,nearest_robot=robot5
245.000,ours,-,robot5,MIN_DISTANCE,OK,0.640,5.680,,0,nearest_robot=robot4
245.000,ours,-,robot6,MIN_DISTANCE,OK,23.154,5.680,,0,nearest_robot=robot3
245.000,ours,-,fleet,MIN_DISTANCE_AVG,OK,5.680,,,0,robots_sampled=6
246.000,ours,-,robot1,MIN_DISTANCE,OK,8.440,5.678,,0,nearest_robot=robot2
246.000,ours,-,robot2,MIN_DISTANCE,OK,0.613,5.678,,0,nearest_robot=robot3
246.000,ours,-,robot3,MIN_DISTANCE,OK,0.613,5.678,,0,nearest_robot=robot2
246.000,ours,-,robot4,MIN_DISTANCE,OK,0.640,5.678,,0,nearest_robot=robot5
246.000,ours,-,robot5,MIN_DISTANCE,OK,0.640,5.678,,0,nearest_robot=robot4
246.000,ours,-,robot6,MIN_DISTANCE,OK,23.125,5.678,,0,nearest_robot=robot3
246.000,ours,-,fleet,MIN_DISTANCE_AVG,OK,5.678,,,0,robots_sampled=6
246.500,ours,-,fleet,CHOMP_TIME_FULL,OK,,5.974,,0,iterations=100;iterations_executed=100;source=algorithm;round_trip=5.998983
247.000,ours,-,robot1,MIN_DISTANCE,OK,8.485,5.681,,0,nearest_robot=robot2
247.000,ours,-,robot2,MIN_DISTANCE,OK,0.576,5.681,,0,nearest_robot=robot3
247.000,ours,-,robot3,MIN_DISTANCE,OK,0.576,5.681,,0,nearest_robot=robot2
247.000,ours,-,robot4,MIN_DISTANCE,OK,0.652,5.681,,0,nearest_robot=robot5
247.000,ours,-,robot5,MIN_DISTANCE,OK,0.652,5.681,,0,nearest_robot=robot4
247.000,ours,-,robot6,MIN_DISTANCE,OK,23.148,5.681,,0,nearest_robot=robot3
247.000,ours,-,fleet,MIN_DISTANCE_AVG,OK,5.681,,,0,robots_sampled=6
248.000,ours,-,robot1,MIN_DISTANCE,OK,8.505,5.654,,0,nearest_robot=robot2
248.000,ours,-,robot2,MIN_DISTANCE,OK,0.583,5.654,,0,nearest_robot=robot3
248.000,ours,-,robot3,MIN_DISTANCE,OK,0.583,5.654,,0,nearest_robot=robot2
248.000,ours,-,robot4,MIN_DISTANCE,OK,0.554,5.654,,0,nearest_robot=robot5
248.000,ours,-,robot5,MIN_DISTANCE,OK,0.554,5.654,,0,nearest_robot=robot4
248.000,ours,-,robot6,MIN_DISTANCE,OK,23.146,5.654,,0,nearest_robot=robot3
248.000,ours,-,fleet,MIN_DISTANCE_AVG,OK,5.654,,,0,robots_sampled=6
249.000,ours,-,robot1,MIN_DISTANCE,OK,8.501,5.715,,0,nearest_robot=robot2
249.000,ours,-,robot2,MIN_DISTANCE,OK,0.575,5.715,,0,nearest_robot=robot3
249.000,ours,-,robot3,MIN_DISTANCE,OK,0.575,5.715,,0,nearest_robot=robot2
249.000,ours,-,robot4,MIN_DISTANCE,OK,0.714,5.715,,0,nearest_robot=robot2
249.000,ours,-,robot5,MIN_DISTANCE,OK,0.780,5.715,,0,nearest_robot=robot4
249.000,ours,-,robot6,MIN_DISTANCE,OK,23.145,5.715,,0,nearest_robot=robot3
249.000,ours,-,fleet,MIN_DISTANCE_AVG,OK,5.715,,,0,robots_sampled=6
250.000,ours,-,robot1,MIN_DISTANCE,OK,8.512,5.789,,0,nearest_robot=robot2
250.000,ours,-,robot2,MIN_DISTANCE,OK,0.572,5.789,,0,nearest_robot=robot3
250.000,ours,-,robot3,MIN_DISTANCE,OK,0.572,5.789,,0,nearest_robot=robot2
250.000,ours,-,robot4,MIN_DISTANCE,OK,0.653,5.789,,0,nearest_robot=robot2
250.000,ours,-,robot5,MIN_DISTANCE,OK,1.281,5.789,,0,nearest_robot=robot4
250.000,ours,-,robot6,MIN_DISTANCE,OK,23.145,5.789,,0,nearest_robot=robot3
250.000,ours,-,fleet,MIN_DISTANCE_AVG,OK,5.789,,,0,robots_sampled=6
251.000,ours,-,robot1,MIN_DISTANCE,OK,8.555,5.863,,0,nearest_robot=robot2
251.000,ours,-,robot2,MIN_DISTANCE,OK,0.534,5.863,,0,nearest_robot=robot4
251.000,ours,-,robot3,MIN_DISTANCE,OK,0.558,5.863,,0,nearest_robot=robot2
251.000,ours,-,robot4,MIN_DISTANCE,OK,0.534,5.863,,0,nearest_robot=robot2
251.000,ours,-,robot5,MIN_DISTANCE,OK,1.852,5.863,,0,nearest_robot=robot4
251.000,ours,-,robot6,MIN_DISTANCE,OK,23.144,5.863,,0,nearest_robot=robot3
251.000,ours,-,fleet,MIN_DISTANCE_AVG,OK,5.863,,,0,robots_sampled=6
252.000,ours,-,robot1,MIN_DISTANCE,OK,8.555,5.932,,0,nearest_robot=robot2
252.000,ours,-,robot2,MIN_DISTANCE,OK,0.491,5.932,,0,nearest_robot=robot4
252.000,ours,-,robot3,MIN_DISTANCE,OK,0.558,5.932,,0,nearest_robot=robot2
252.000,ours,-,robot4,MIN_DISTANCE,OK,0.491,5.932,,0,nearest_robot=robot2
252.000,ours,-,robot5,MIN_DISTANCE,OK,2.356,5.932,,0,nearest_robot=robot4
252.000,ours,-,robot6,MIN_DISTANCE,OK,23.144,5.932,,0,nearest_robot=robot3
252.000,ours,-,fleet,MIN_DISTANCE_AVG,OK,5.932,,,0,robots_sampled=6
252.660,ours,-,fleet,CHOMP_TIME_FULL,OK,,6.075,,0,iterations=100;iterations_executed=100;source=algorithm;round_trip=6.116760
253.000,ours,-,robot1,MIN_DISTANCE,OK,8.525,6.005,,0,nearest_robot=robot2
253.000,ours,-,robot2,MIN_DISTANCE,OK,0.491,6.005,,0,nearest_robot=robot4
253.000,ours,-,robot3,MIN_DISTANCE,OK,0.568,6.005,,0,nearest_robot=robot2
253.000,ours,-,robot4,MIN_DISTANCE,OK,0.491,6.005,,0,nearest_robot=robot2
253.000,ours,-,robot5,MIN_DISTANCE,OK,2.823,6.005,,0,nearest_robot=robot4
253.000,ours,-,robot6,MIN_DISTANCE,OK,23.131,6.005,,0,nearest_robot=robot3
253.000,ours,-,fleet,MIN_DISTANCE_AVG,OK,6.005,,,0,robots_sampled=6
254.000,ours,-,robot1,MIN_DISTANCE,OK,8.449,6.095,,0,nearest_robot=robot2
254.000,ours,-,robot2,MIN_DISTANCE,OK,0.583,6.095,,0,nearest_robot=robot4
254.000,ours,-,robot3,MIN_DISTANCE,OK,0.602,6.095,,0,nearest_robot=robot2
254.000,ours,-,robot4,MIN_DISTANCE,OK,0.583,6.095,,0,nearest_robot=robot2
254.000,ours,-,robot5,MIN_DISTANCE,OK,3.242,6.095,,0,nearest_robot=robot4
254.000,ours,-,robot6,MIN_DISTANCE,OK,23.107,6.095,,0,nearest_robot=robot3
254.000,ours,-,fleet,MIN_DISTANCE_AVG,OK,6.095,,,0,robots_sampled=6
255.000,ours,-,robot1,MIN_DISTANCE,OK,8.388,6.153,,0,nearest_robot=robot2
255.000,ours,-,robot2,MIN_DISTANCE,OK,0.626,6.153,,0,nearest_robot=robot3
255.000,ours,-,robot3,MIN_DISTANCE,OK,0.626,6.153,,0,nearest_robot=robot2
255.000,ours,-,robot4,MIN_DISTANCE,OK,0.629,6.153,,0,nearest_robot=robot2
255.000,ours,-,robot5,MIN_DISTANCE,OK,3.600,6.153,,0,nearest_robot=robot4
255.000,ours,-,robot6,MIN_DISTANCE,OK,23.048,6.153,,0,nearest_robot=robot3
255.000,ours,-,fleet,MIN_DISTANCE_AVG,OK,6.153,,,0,robots_sampled=6
256.000,ours,-,robot1,MIN_DISTANCE,OK,8.401,6.196,,0,nearest_robot=robot2
256.000,ours,-,robot2,MIN_DISTANCE,OK,0.550,6.196,,0,nearest_robot=robot4
256.000,ours,-,robot3,MIN_DISTANCE,OK,0.697,6.196,,0,nearest_robot=robot2
256.000,ours,-,robot4,MIN_DISTANCE,OK,0.550,6.196,,0,nearest_robot=robot2
256.000,ours,-,robot5,MIN_DISTANCE,OK,3.972,6.196,,0,nearest_robot=robot4
256.000,ours,-,robot6,MIN_DISTANCE,OK,23.004,6.196,,0,nearest_robot=robot3
256.000,ours,-,fleet,MIN_DISTANCE_AVG,OK,6.196,,,0,robots_sampled=6
257.000,ours,-,robot1,MIN_DISTANCE,OK,8.190,6.221,,0,nearest_robot=robot3
257.000,ours,-,robot2,MIN_DISTANCE,OK,0.468,6.221,,0,nearest_robot=robot4
257.000,ours,-,robot3,MIN_DISTANCE,OK,0.828,6.221,,0,nearest_robot=robot2
257.000,ours,-,robot4,MIN_DISTANCE,OK,0.468,6.221,,0,nearest_robot=robot2
257.000,ours,-,robot5,MIN_DISTANCE,OK,4.382,6.221,,0,nearest_robot=robot4
257.000,ours,-,robot6,MIN_DISTANCE,OK,22.988,6.221,,0,nearest_robot=robot3
257.000,ours,-,fleet,MIN_DISTANCE_AVG,OK,6.221,,,0,robots_sampled=6
258.000,ours,-,robot1,MIN_DISTANCE,OK,7.735,6.279,,0,nearest_robot=robot3
258.000,ours,-,robot2,MIN_DISTANCE,OK,0.449,6.279,,0,nearest_robot=robot4
258.000,ours,-,robot3,MIN_DISTANCE,OK,0.999,6.279,,0,nearest_robot=robot2
258.000,ours,-,robot4,MIN_DISTANCE,OK,0.449,6.279,,0,nearest_robot=robot2
258.000,ours,-,robot5,MIN_DISTANCE,OK,4.809,6.279,,0,nearest_robot=robot4
258.000,ours,-,robot6,MIN_DISTANCE,OK,23.232,6.279,,0,nearest_robot=robot3
258.000,ours,-,fleet,MIN_DISTANCE_AVG,OK,6.279,,,0,robots_sampled=6
258.700,ours,-,fleet,CHOMP_TIME_FULL,OK,,6.377,,0,iterations=100;iterations_executed=100;source=algorithm;round_trip=6.405788
259.000,ours,-,robot1,MIN_DISTANCE,OK,7.292,6.391,,0,nearest_robot=robot3
259.000,ours,-,robot2,MIN_DISTANCE,OK,0.482,6.391,,0,nearest_robot=robot4
259.000,ours,-,robot3,MIN_DISTANCE,OK,1.335,6.391,,0,nearest_robot=robot2
259.000,ours,-,robot4,MIN_DISTANCE,OK,0.482,6.391,,0,nearest_robot=robot2
259.000,ours,-,robot5,MIN_DISTANCE,OK,5.174,6.391,,0,nearest_robot=robot4
259.000,ours,-,robot6,MIN_DISTANCE,OK,23.581,6.391,,0,nearest_robot=robot2
259.000,ours,-,fleet,MIN_DISTANCE_AVG,OK,6.391,,,0,robots_sampled=6
260.000,ours,-,robot1,MIN_DISTANCE,OK,6.849,6.460,,0,nearest_robot=robot3
260.000,ours,-,robot2,MIN_DISTANCE,OK,0.544,6.460,,0,nearest_robot=robot4
260.000,ours,-,robot3,MIN_DISTANCE,OK,1.560,6.460,,0,nearest_robot=robot4
260.000,ours,-,robot4,MIN_DISTANCE,OK,0.544,6.460,,0,nearest_robot=robot2
260.000,ours,-,robot5,MIN_DISTANCE,OK,5.720,6.460,,0,nearest_robot=robot4
260.000,ours,-,robot6,MIN_DISTANCE,OK,23.543,6.460,,0,nearest_robot=robot2
260.000,ours,-,fleet,MIN_DISTANCE_AVG,OK,6.460,,,0,robots_sampled=6
261.000,ours,-,robot1,MIN_DISTANCE,OK,6.379,6.580,,0,nearest_robot=robot3
261.000,ours,-,robot2,MIN_DISTANCE,OK,0.743,6.580,,0,nearest_robot=robot4
261.000,ours,-,robot3,MIN_DISTANCE,OK,1.571,6.580,,0,nearest_robot=robot4
261.000,ours,-,robot4,MIN_DISTANCE,OK,0.743,6.580,,0,nearest_robot=robot2
261.000,ours,-,robot5,MIN_DISTANCE,OK,6.555,6.580,,0,nearest_robot=robot2
261.000,ours,-,robot6,MIN_DISTANCE,OK,23.489,6.580,,0,nearest_robot=robot2
261.000,ours,-,fleet,MIN_DISTANCE_AVG,OK,6.580,,,0,robots_sampled=6
262.000,ours,-,robot1,MIN_DISTANCE,OK,5.900,6.687,,0,nearest_robot=robot3
262.000,ours,-,robot2,MIN_DISTANCE,OK,1.121,6.687,,0,nearest_robot=robot4
262.000,ours,-,robot3,MIN_DISTANCE,OK,1.831,6.687,,0,nearest_robot=robot4
262.000,ours,-,robot4,MIN_DISTANCE,OK,1.121,6.687,,0,nearest_robot=robot2
262.000,ours,-,robot5,MIN_DISTANCE,OK,6.793,6.687,,0,nearest_robot=robot2
262.000,ours,-,robot6,MIN_DISTANCE,OK,23.353,6.687,,0,nearest_robot=robot2
262.000,ours,-,fleet,MIN_DISTANCE_AVG,OK,6.687,,,0,robots_sampled=6
263.000,ours,-,robot1,MIN_DISTANCE,OK,5.423,6.810,,0,nearest_robot=robot3
263.000,ours,-,robot2,MIN_DISTANCE,OK,1.551,6.810,,0,nearest_robot=robot4
263.000,ours,-,robot3,MIN_DISTANCE,OK,2.258,6.810,,0,nearest_robot=robot4
263.000,ours,-,robot4,MIN_DISTANCE,OK,1.551,6.810,,0,nearest_robot=robot2
263.000,ours,-,robot5,MIN_DISTANCE,OK,6.992,6.810,,0,nearest_robot=robot2
263.000,ours,-,robot6,MIN_DISTANCE,OK,23.083,6.810,,0,nearest_robot=robot2
263.000,ours,-,fleet,MIN_DISTANCE_AVG,OK,6.810,,,0,robots_sampled=6
264.000,ours,-,robot1,MIN_DISTANCE,OK,4.940,6.918,,0,nearest_robot=robot3
264.000,ours,-,robot2,MIN_DISTANCE,OK,1.881,6.918,,0,nearest_robot=robot4
264.000,ours,-,robot3,MIN_DISTANCE,OK,2.752,6.918,,0,nearest_robot=robot4
264.000,ours,-,robot4,MIN_DISTANCE,OK,1.881,6.918,,0,nearest_robot=robot2
264.000,ours,-,robot5,MIN_DISTANCE,OK,7.159,6.918,,0,nearest_robot=robot2
264.000,ours,-,robot6,MIN_DISTANCE,OK,22.897,6.918,,0,nearest_robot=robot2
264.000,ours,-,fleet,MIN_DISTANCE_AVG,OK,6.918,,,0,robots_sampled=6
264.650,ours,-,fleet,CHOMP_TIME_FULL,OK,,6.362,,0,iterations=100;iterations_executed=100;source=algorithm;round_trip=6.407638
265.000,ours,-,robot1,MIN_DISTANCE,OK,4.469,6.971,,0,nearest_robot=robot3
265.000,ours,-,robot2,MIN_DISTANCE,OK,2.105,6.971,,0,nearest_robot=robot4
265.000,ours,-,robot3,MIN_DISTANCE,OK,3.203,6.971,,0,nearest_robot=robot4
265.000,ours,-,robot4,MIN_DISTANCE,OK,2.105,6.971,,0,nearest_robot=robot2
265.000,ours,-,robot5,MIN_DISTANCE,OK,7.095,6.971,,0,nearest_robot=robot2
265.000,ours,-,robot6,MIN_DISTANCE,OK,22.851,6.971,,0,nearest_robot=robot2
265.000,ours,-,fleet,MIN_DISTANCE_AVG,OK,6.971,,,0,robots_sampled=6
266.000,ours,-,robot1,MIN_DISTANCE,OK,4.053,7.061,,0,nearest_robot=robot3
266.000,ours,-,robot2,MIN_DISTANCE,OK,2.493,7.061,,0,nearest_robot=robot4
266.000,ours,-,robot3,MIN_DISTANCE,OK,3.612,7.061,,0,nearest_robot=robot4
266.000,ours,-,robot4,MIN_DISTANCE,OK,2.493,7.061,,0,nearest_robot=robot2
266.000,ours,-,robot5,MIN_DISTANCE,OK,6.774,7.061,,0,nearest_robot=robot2
266.000,ours,-,robot6,MIN_DISTANCE,OK,22.941,7.061,,0,nearest_robot=robot2
266.000,ours,-,fleet,MIN_DISTANCE_AVG,OK,7.061,,,0,robots_sampled=6
267.000,ours,-,robot1,MIN_DISTANCE,OK,3.653,7.130,,0,nearest_robot=robot3
267.000,ours,-,robot2,MIN_DISTANCE,OK,2.822,7.130,,0,nearest_robot=robot4
267.000,ours,-,robot3,MIN_DISTANCE,OK,3.653,7.130,,0,nearest_robot=robot1
267.000,ours,-,robot4,MIN_DISTANCE,OK,2.822,7.130,,0,nearest_robot=robot2
267.000,ours,-,robot5,MIN_DISTANCE,OK,6.674,7.130,,0,nearest_robot=robot2
267.000,ours,-,robot6,MIN_DISTANCE,OK,23.157,7.130,,0,nearest_robot=robot2
267.000,ours,-,fleet,MIN_DISTANCE_AVG,OK,7.130,,,0,robots_sampled=6
268.000,ours,-,robot1,MIN_DISTANCE,OK,3.296,7.074,,0,nearest_robot=robot3
268.000,ours,-,robot2,MIN_DISTANCE,OK,2.956,7.074,,0,nearest_robot=robot4
268.000,ours,-,robot3,MIN_DISTANCE,OK,3.296,7.074,,0,nearest_robot=robot1
268.000,ours,-,robot4,MIN_DISTANCE,OK,2.956,7.074,,0,nearest_robot=robot2
268.000,ours,-,robot5,MIN_DISTANCE,OK,6.718,7.074,,0,nearest_robot=robot2
268.000,ours,-,robot6,MIN_DISTANCE,OK,23.219,7.074,,0,nearest_robot=robot2
268.000,ours,-,fleet,MIN_DISTANCE_AVG,OK,7.074,,,0,robots_sampled=6
269.000,ours,-,robot1,MIN_DISTANCE,OK,2.992,7.048,,0,nearest_robot=robot3
269.000,ours,-,robot2,MIN_DISTANCE,OK,3.107,7.048,,0,nearest_robot=robot4
269.000,ours,-,robot3,MIN_DISTANCE,OK,2.992,7.048,,0,nearest_robot=robot1
269.000,ours,-,robot4,MIN_DISTANCE,OK,3.107,7.048,,0,nearest_robot=robot2
269.000,ours,-,robot5,MIN_DISTANCE,OK,6.826,7.048,,0,nearest_robot=robot2
269.000,ours,-,robot6,MIN_DISTANCE,OK,23.261,7.048,,0,nearest_robot=robot2
269.000,ours,-,fleet,MIN_DISTANCE_AVG,OK,7.048,,,0,robots_sampled=6
270.000,ours,-,robot1,MIN_DISTANCE,OK,2.748,7.079,,0,nearest_robot=robot3
270.000,ours,-,robot2,MIN_DISTANCE,OK,3.316,7.079,,0,nearest_robot=robot4
270.000,ours,-,robot3,MIN_DISTANCE,OK,2.748,7.079,,0,nearest_robot=robot1
270.000,ours,-,robot4,MIN_DISTANCE,OK,3.316,7.079,,0,nearest_robot=robot2
270.000,ours,-,robot5,MIN_DISTANCE,OK,7.034,7.079,,0,nearest_robot=robot2
270.000,ours,-,robot6,MIN_DISTANCE,OK,23.313,7.079,,0,nearest_robot=robot2
270.000,ours,-,fleet,MIN_DISTANCE_AVG,OK,7.079,,,0,robots_sampled=6
271.000,ours,-,robot1,MIN_DISTANCE,OK,2.572,7.178,,0,nearest_robot=robot3
271.000,ours,-,robot2,MIN_DISTANCE,OK,3.673,7.178,,0,nearest_robot=robot4
271.000,ours,-,robot3,MIN_DISTANCE,OK,2.572,7.178,,0,nearest_robot=robot1
271.000,ours,-,robot4,MIN_DISTANCE,OK,3.673,7.178,,0,nearest_robot=robot2
271.000,ours,-,robot5,MIN_DISTANCE,OK,7.373,7.178,,0,nearest_robot=robot2
271.000,ours,-,robot6,MIN_DISTANCE,OK,23.204,7.178,,0,nearest_robot=robot2
271.000,ours,-,fleet,MIN_DISTANCE_AVG,OK,7.178,,,0,robots_sampled=6
271.610,ours,-,fleet,CHOMP_TIME_FULL,OK,,6.799,,0,iterations=100;iterations_executed=100;source=algorithm;round_trip=6.835574
272.000,ours,-,robot1,MIN_DISTANCE,OK,2.449,7.307,,0,nearest_robot=robot3
272.000,ours,-,robot2,MIN_DISTANCE,OK,4.070,7.307,,0,nearest_robot=robot4
272.000,ours,-,robot3,MIN_DISTANCE,OK,2.449,7.307,,0,nearest_robot=robot1
272.000,ours,-,robot4,MIN_DISTANCE,OK,4.070,7.307,,0,nearest_robot=robot2
272.000,ours,-,robot5,MIN_DISTANCE,OK,7.873,7.307,,0,nearest_robot=robot2
272.000,ours,-,robot6,MIN_DISTANCE,OK,22.930,7.307,,0,nearest_robot=robot2
272.000,ours,-,fleet,MIN_DISTANCE_AVG,OK,7.307,,,0,robots_sampled=6
273.000,ours,-,robot1,MIN_DISTANCE,OK,2.309,7.450,,0,nearest_robot=robot3
273.000,ours,-,robot2,MIN_DISTANCE,OK,4.498,7.450,,0,nearest_robot=robot4
273.000,ours,-,robot3,MIN_DISTANCE,OK,2.309,7.450,,0,nearest_robot=robot1
273.000,ours,-,robot4,MIN_DISTANCE,OK,4.498,7.450,,0,nearest_robot=robot2
273.000,ours,-,robot5,MIN_DISTANCE,OK,8.439,7.450,,0,nearest_robot=robot2
273.000,ours,-,robot6,MIN_DISTANCE,OK,22.649,7.450,,0,nearest_robot=robot2
273.000,ours,-,fleet,MIN_DISTANCE_AVG,OK,7.450,,,0,robots_sampled=6
274.000,ours,-,robot1,MIN_DISTANCE,OK,2.220,7.640,,0,nearest_robot=robot3
274.000,ours,-,robot2,MIN_DISTANCE,OK,5.014,7.640,,0,nearest_robot=robot4
274.000,ours,-,robot3,MIN_DISTANCE,OK,2.220,7.640,,0,nearest_robot=robot1
274.000,ours,-,robot4,MIN_DISTANCE,OK,5.014,7.640,,0,nearest_robot=robot2
274.000,ours,-,robot5,MIN_DISTANCE,OK,9.037,7.640,,0,nearest_robot=robot2
274.000,ours,-,robot6,MIN_DISTANCE,OK,22.335,7.640,,0,nearest_robot=robot2
274.000,ours,-,fleet,MIN_DISTANCE_AVG,OK,7.640,,,0,robots_sampled=6
275.000,ours,-,robot1,MIN_DISTANCE,OK,1.920,7.790,,0,nearest_robot=robot3
275.000,ours,-,robot2,MIN_DISTANCE,OK,5.612,7.790,,0,nearest_robot=robot4
275.000,ours,-,robot3,MIN_DISTANCE,OK,1.920,7.790,,0,nearest_robot=robot1
275.000,ours,-,robot4,MIN_DISTANCE,OK,5.571,7.790,,0,nearest_robot=robot3
275.000,ours,-,robot5,MIN_DISTANCE,OK,9.653,7.790,,0,nearest_robot=robot2
275.000,ours,-,robot6,MIN_DISTANCE,OK,22.061,7.790,,0,nearest_robot=robot2
275.000,ours,-,fleet,MIN_DISTANCE_AVG,OK,7.790,,,0,robots_sampled=6
276.000,ours,-,robot1,MIN_DISTANCE,OK,1.599,7.871,,0,nearest_robot=robot3
276.000,ours,-,robot2,MIN_DISTANCE,OK,6.098,7.871,,0,nearest_robot=robot4
276.000,ours,-,robot3,MIN_DISTANCE,OK,1.599,7.871,,0,nearest_robot=robot1
276.000,ours,-,robot4,MIN_DISTANCE,OK,5.835,7.871,,0,nearest_robot=robot3
276.000,ours,-,robot5,MIN_DISTANCE,OK,10.296,7.871,,0,nearest_robot=robot2
276.000,ours,-,robot6,MIN_DISTANCE,OK,21.797,7.871,,0,nearest_robot=robot2
276.000,ours,-,fleet,MIN_DISTANCE_AVG,OK,7.871,,,0,robots_sampled=6
277.000,ours,-,robot1,MIN_DISTANCE,OK,1.376,7.984,,0,nearest_robot=robot3
277.000,ours,-,robot2,MIN_DISTANCE,OK,6.579,7.984,,0,nearest_robot=robot4
277.000,ours,-,robot3,MIN_DISTANCE,OK,1.376,7.984,,0,nearest_robot=robot1
277.000,ours,-,robot4,MIN_DISTANCE,OK,6.129,7.984,,0,nearest_robot=robot3
277.000,ours,-,robot5,MIN_DISTANCE,OK,10.935,7.984,,0,nearest_robot=robot2
277.000,ours,-,robot6,MIN_DISTANCE,OK,21.508,7.984,,0,nearest_robot=robot2
277.000,ours,-,fleet,MIN_DISTANCE_AVG,OK,7.984,,,0,robots_sampled=6
277.320,ours,-,fleet,CHOMP_TIME_FULL,OK,,5.861,,0,iterations=100;iterations_executed=92;source=algorithm;round_trip=5.890382
278.000,ours,-,robot1,MIN_DISTANCE,OK,1.303,8.101,,0,nearest_robot=robot3
278.000,ours,-,robot2,MIN_DISTANCE,OK,6.954,8.101,,0,nearest_robot=robot4
278.000,ours,-,robot3,MIN_DISTANCE,OK,1.303,8.101,,0,nearest_robot=robot1
278.000,ours,-,robot4,MIN_DISTANCE,OK,6.342,8.101,,0,nearest_robot=robot3
278.000,ours,-,robot5,MIN_DISTANCE,OK,11.488,8.101,,0,nearest_robot=robot2
278.000,ours,-,robot6,MIN_DISTANCE,OK,21.217,8.101,,0,nearest_robot=robot2
278.000,ours,-,fleet,MIN_DISTANCE_AVG,OK,8.101,,,0,robots_sampled=6
279.000,ours,-,robot1,MIN_DISTANCE,OK,1.342,8.237,,0,nearest_robot=robot3
279.000,ours,-,robot2,MIN_DISTANCE,OK,7.383,8.237,,0,nearest_robot=robot4
279.000,ours,-,robot3,MIN_DISTANCE,OK,1.342,8.237,,0,nearest_robot=robot1
279.000,ours,-,robot4,MIN_DISTANCE,OK,6.567,8.237,,0,nearest_robot=robot3
279.000,ours,-,robot5,MIN_DISTANCE,OK,11.848,8.237,,0,nearest_robot=robot2
279.000,ours,-,robot6,MIN_DISTANCE,OK,20.937,8.237,,0,nearest_robot=robot2
279.000,ours,-,fleet,MIN_DISTANCE_AVG,OK,8.237,,,0,robots_sampled=6
279.370,ours,-,fleet,CHOMP_TIME_FULL,OK,,1.614,,0,iterations=100;iterations_executed=24;source=algorithm;round_trip=1.643202
280.000,ours,-,robot1,MIN_DISTANCE,OK,1.471,8.384,,0,nearest_robot=robot3
280.000,ours,-,robot2,MIN_DISTANCE,OK,7.776,8.384,,0,nearest_robot=robot4
280.000,ours,-,robot3,MIN_DISTANCE,OK,1.471,8.384,,0,nearest_robot=robot1
280.000,ours,-,robot4,MIN_DISTANCE,OK,6.841,8.384,,0,nearest_robot=robot3
280.000,ours,-,robot5,MIN_DISTANCE,OK,12.057,8.384,,0,nearest_robot=robot4
280.000,ours,-,robot6,MIN_DISTANCE,OK,20.690,8.384,,0,nearest_robot=robot2
280.000,ours,-,fleet,MIN_DISTANCE_AVG,OK,8.384,,,0,robots_sampled=6
280.070,ours,-,fleet,CHOMP_TIME_PARTIAL,OK,,0.697,,0,iterations=10;iterations_executed=10;source=algorithm;round_trip=0.718928
281.000,ours,-,robot1,MIN_DISTANCE,OK,1.701,8.533,,0,nearest_robot=robot3
281.000,ours,-,robot2,MIN_DISTANCE,OK,8.153,8.533,,0,nearest_robot=robot4
281.000,ours,-,robot3,MIN_DISTANCE,OK,1.701,8.533,,0,nearest_robot=robot1
281.000,ours,-,robot4,MIN_DISTANCE,OK,7.097,8.533,,0,nearest_robot=robot3
281.000,ours,-,robot5,MIN_DISTANCE,OK,12.098,8.533,,0,nearest_robot=robot4
281.000,ours,-,robot6,MIN_DISTANCE,OK,20.446,8.533,,0,nearest_robot=robot2
281.000,ours,-,fleet,MIN_DISTANCE_AVG,OK,8.533,,,0,robots_sampled=6
281.040,ours,-,fleet,CHOMP_TIME_PARTIAL,OK,,0.612,,0,iterations=10;iterations_executed=10;source=algorithm;round_trip=0.644947
282.000,ours,-,robot1,MIN_DISTANCE,OK,2.007,8.695,,0,nearest_robot=robot3
282.000,ours,-,robot2,MIN_DISTANCE,OK,8.492,8.695,,0,nearest_robot=robot4
282.000,ours,-,robot3,MIN_DISTANCE,OK,2.007,8.695,,0,nearest_robot=robot1
282.000,ours,-,robot4,MIN_DISTANCE,OK,7.388,8.695,,0,nearest_robot=robot3
282.000,ours,-,robot5,MIN_DISTANCE,OK,12.113,8.695,,0,nearest_robot=robot4
282.000,ours,-,robot6,MIN_DISTANCE,OK,20.166,8.695,,0,nearest_robot=robot2
282.000,ours,-,fleet,MIN_DISTANCE_AVG,OK,8.695,,,0,robots_sampled=6
282.060,ours,-,fleet,CHOMP_TIME_PARTIAL,OK,,0.672,,0,iterations=10;iterations_executed=10;source=algorithm;round_trip=0.697951
283.000,ours,-,robot1,MIN_DISTANCE,OK,2.367,8.831,,0,nearest_robot=robot3
283.000,ours,-,robot2,MIN_DISTANCE,OK,8.788,8.831,,0,nearest_robot=robot4
283.000,ours,-,robot3,MIN_DISTANCE,OK,2.367,8.831,,0,nearest_robot=robot1
283.010,ours,-,fleet,CHOMP_TIME_PARTIAL,OK,,0.587,,0,iterations=10;iterations_executed=10;source=algorithm;round_trip=0.614060
283.000,ours,-,robot4,MIN_DISTANCE,OK,7.425,8.831,,0,nearest_robot=robot1
283.000,ours,-,robot5,MIN_DISTANCE,OK,12.124,8.831,,0,nearest_robot=robot4
283.000,ours,-,robot6,MIN_DISTANCE,OK,19.917,8.831,,0,nearest_robot=robot2
283.000,ours,-,fleet,MIN_DISTANCE_AVG,OK,8.831,,,0,robots_sampled=6
284.000,ours,-,robot1,MIN_DISTANCE,OK,2.526,8.888,,0,nearest_robot=robot3
284.000,ours,-,robot2,MIN_DISTANCE,OK,9.086,8.888,,0,nearest_robot=robot4
284.000,ours,-,robot3,MIN_DISTANCE,OK,2.526,8.888,,0,nearest_robot=robot1
284.000,ours,-,robot4,MIN_DISTANCE,OK,7.427,8.888,,0,nearest_robot=robot1
284.000,ours,-,robot5,MIN_DISTANCE,OK,12.121,8.888,,0,nearest_robot=robot4
284.000,ours,-,robot6,MIN_DISTANCE,OK,19.643,8.888,,0,nearest_robot=robot2
284.000,ours,-,fleet,MIN_DISTANCE_AVG,OK,8.888,,,0,robots_sampled=6
284.800,ours,-,fleet,CHOMP_TIME_FULL,OK,,0.954,,0,iterations=100;iterations_executed=15;source=algorithm;round_trip=0.981460
285.000,ours,-,robot1,MIN_DISTANCE,OK,2.534,8.892,,0,nearest_robot=robot3
285.000,ours,-,robot2,MIN_DISTANCE,OK,9.391,8.892,,0,nearest_robot=robot4
285.000,ours,-,robot3,MIN_DISTANCE,OK,2.534,8.892,,0,nearest_robot=robot1
285.000,ours,-,robot4,MIN_DISTANCE,OK,7.421,8.892,,0,nearest_robot=robot1
285.000,ours,-,robot5,MIN_DISTANCE,OK,12.126,8.892,,0,nearest_robot=robot4
285.000,ours,-,robot6,MIN_DISTANCE,OK,19.348,8.892,,0,nearest_robot=robot2
285.000,ours,-,fleet,MIN_DISTANCE_AVG,OK,8.892,,,0,robots_sampled=6
285.560,ours,-,fleet,CHOMP_TIME_PARTIAL,OK,,0.649,,0,iterations=10;iterations_executed=10;source=algorithm;round_trip=0.671356
286.000,ours,-,robot1,MIN_DISTANCE,OK,2.534,8.887,,0,nearest_robot=robot3
286.000,ours,-,robot2,MIN_DISTANCE,OK,9.668,8.887,,0,nearest_robot=robot4
286.000,ours,-,robot3,MIN_DISTANCE,OK,2.534,8.887,,0,nearest_robot=robot1
286.000,ours,-,robot4,MIN_DISTANCE,OK,7.418,8.887,,0,nearest_robot=robot1
286.000,ours,-,robot5,MIN_DISTANCE,OK,12.128,8.887,,0,nearest_robot=robot4
286.000,ours,-,robot6,MIN_DISTANCE,OK,19.039,8.887,,0,nearest_robot=robot2
286.000,ours,-,fleet,MIN_DISTANCE_AVG,OK,8.887,,,0,robots_sampled=6
286.640,ours,-,fleet,CHOMP_TIME_PARTIAL,OK,,0.739,,0,iterations=10;iterations_executed=10;source=algorithm;round_trip=0.765404
287.000,ours,-,robot1,MIN_DISTANCE,OK,2.534,8.887,,0,nearest_robot=robot3
287.000,ours,-,robot2,MIN_DISTANCE,OK,9.970,8.887,,0,nearest_robot=robot4
287.000,ours,-,robot3,MIN_DISTANCE,OK,2.534,8.887,,0,nearest_robot=robot1
287.000,ours,-,robot4,MIN_DISTANCE,OK,7.420,8.887,,0,nearest_robot=robot1
287.000,ours,-,robot5,MIN_DISTANCE,OK,12.148,8.887,,0,nearest_robot=robot4
287.000,ours,-,robot6,MIN_DISTANCE,OK,18.716,8.887,,0,nearest_robot=robot2
287.000,ours,-,fleet,MIN_DISTANCE_AVG,OK,8.887,,,0,robots_sampled=6
288.000,ours,-,robot1,MIN_DISTANCE,OK,2.534,8.880,,0,nearest_robot=robot3
288.000,ours,-,robot2,MIN_DISTANCE,OK,10.248,8.880,,0,nearest_robot=robot4
288.000,ours,-,robot3,MIN_DISTANCE,OK,2.534,8.880,,0,nearest_robot=robot1
288.000,ours,-,robot4,MIN_DISTANCE,OK,7.424,8.880,,0,nearest_robot=robot1
288.000,ours,-,robot5,MIN_DISTANCE,OK,12.137,8.880,,0,nearest_robot=robot4
288.000,ours,-,robot6,MIN_DISTANCE,OK,18.402,8.880,,0,nearest_robot=robot2
288.000,ours,-,fleet,MIN_DISTANCE_AVG,OK,8.880,,,0,robots_sampled=6
288.290,ours,-,fleet,CHOMP_TIME_FULL,OK,,0.907,,0,iterations=100;iterations_executed=16;source=algorithm;round_trip=0.934127
289.000,ours,-,robot1,MIN_DISTANCE,OK,2.534,8.879,,0,nearest_robot=robot3
289.000,ours,-,robot2,MIN_DISTANCE,OK,10.598,8.879,,0,nearest_robot=robot4
289.000,ours,-,robot3,MIN_DISTANCE,OK,2.534,8.879,,0,nearest_robot=robot1
289.000,ours,-,robot4,MIN_DISTANCE,OK,7.410,8.879,,0,nearest_robot=robot1
289.000,ours,-,robot5,MIN_DISTANCE,OK,12.148,8.879,,0,nearest_robot=robot4
289.000,ours,-,robot6,MIN_DISTANCE,OK,18.048,8.879,,0,nearest_robot=robot2
289.000,ours,-,fleet,MIN_DISTANCE_AVG,OK,8.879,,,0,robots_sampled=6
289.140,ours,-,fleet,CHOMP_TIME_PARTIAL,OK,,0.749,,0,iterations=10;iterations_executed=10;source=algorithm;round_trip=0.774555
290.000,ours,-,robot1,MIN_DISTANCE,OK,2.534,8.853,,0,nearest_robot=robot3
290.000,ours,-,robot2,MIN_DISTANCE,OK,11.002,8.853,,0,nearest_robot=robot4
290.000,ours,-,robot3,MIN_DISTANCE,OK,2.534,8.853,,0,nearest_robot=robot1
290.000,ours,-,robot4,MIN_DISTANCE,OK,7.474,8.853,,0,nearest_robot=robot1
290.000,ours,-,robot5,MIN_DISTANCE,OK,11.867,8.853,,0,nearest_robot=robot4
290.000,ours,-,robot6,MIN_DISTANCE,OK,17.708,8.853,,0,nearest_robot=robot2
290.000,ours,-,fleet,MIN_DISTANCE_AVG,OK,8.853,,,0,robots_sampled=6
291.000,ours,-,robot1,MIN_DISTANCE,OK,2.535,8.817,,0,nearest_robot=robot3
291.000,ours,-,robot2,MIN_DISTANCE,OK,11.419,8.817,,0,nearest_robot=robot4
291.000,ours,-,robot3,MIN_DISTANCE,OK,2.535,8.817,,0,nearest_robot=robot1
291.000,ours,-,robot4,MIN_DISTANCE,OK,7.611,8.817,,0,nearest_robot=robot1
291.000,ours,-,robot5,MIN_DISTANCE,OK,11.405,8.817,,0,nearest_robot=robot4
291.000,ours,-,robot6,MIN_DISTANCE,OK,17.396,8.817,,0,nearest_robot=robot2
291.000,ours,-,fleet,MIN_DISTANCE_AVG,OK,8.817,,,0,robots_sampled=6
291.860,ours,-,fleet,CHOMP_TIME_FULL,OK,,2.090,,0,iterations=100;iterations_executed=40;source=algorithm;round_trip=2.115304
292.000,ours,-,robot1,MIN_DISTANCE,OK,2.535,8.778,,0,nearest_robot=robot3
292.000,ours,-,robot2,MIN_DISTANCE,OK,11.856,8.778,,0,nearest_robot=robot4
292.000,ours,-,robot3,MIN_DISTANCE,OK,2.535,8.778,,0,nearest_robot=robot1
292.000,ours,-,robot4,MIN_DISTANCE,OK,7.789,8.778,,0,nearest_robot=robot3
292.000,ours,-,robot5,MIN_DISTANCE,OK,10.947,8.778,,0,nearest_robot=robot4
292.000,ours,-,robot6,MIN_DISTANCE,OK,17.004,8.778,,0,nearest_robot=robot2
292.000,ours,-,fleet,MIN_DISTANCE_AVG,OK,8.778,,,0,robots_sampled=6
292.520,ours,-,fleet,CHOMP_TIME_PARTIAL,OK,,0.598,,0,iterations=10;iterations_executed=10;source=algorithm;round_trip=0.624489
293.000,ours,-,robot1,MIN_DISTANCE,OK,2.535,8.733,,0,nearest_robot=robot3
293.000,ours,-,robot2,MIN_DISTANCE,OK,12.172,8.733,,0,nearest_robot=robot4
293.000,ours,-,robot3,MIN_DISTANCE,OK,2.535,8.733,,0,nearest_robot=robot1
293.000,ours,-,robot4,MIN_DISTANCE,OK,8.023,8.733,,0,nearest_robot=robot3
293.000,ours,-,robot5,MIN_DISTANCE,OK,10.501,8.733,,0,nearest_robot=robot4
293.000,ours,-,robot6,MIN_DISTANCE,OK,16.632,8.733,,0,nearest_robot=robot2
293.000,ours,-,fleet,MIN_DISTANCE_AVG,OK,8.733,,,0,robots_sampled=6
293.460,ours,-,fleet,CHOMP_TIME_PARTIAL,OK,,0.527,,0,iterations=10;iterations_executed=10;source=algorithm;round_trip=0.549742
293.970,ours,-,fleet,CHOMP_TIME_PARTIAL,OK,,0.532,,0,iterations=10;iterations_executed=10;source=algorithm;round_trip=0.559866
294.000,ours,-,robot1,MIN_DISTANCE,OK,2.535,8.697,,0,nearest_robot=robot3
294.000,ours,-,robot2,MIN_DISTANCE,OK,12.520,8.697,,0,nearest_robot=robot4
294.000,ours,-,robot3,MIN_DISTANCE,OK,2.535,8.697,,0,nearest_robot=robot1
294.000,ours,-,robot4,MIN_DISTANCE,OK,8.265,8.697,,0,nearest_robot=robot3
294.000,ours,-,robot5,MIN_DISTANCE,OK,10.091,8.697,,0,nearest_robot=robot4
294.000,ours,-,robot6,MIN_DISTANCE,OK,16.235,8.697,,0,nearest_robot=robot2
294.000,ours,-,fleet,MIN_DISTANCE_AVG,OK,8.697,,,0,robots_sampled=6
294.530,ours,-,fleet,CHOMP_TIME_PARTIAL,OK,,0.621,,0,iterations=10;iterations_executed=10;source=algorithm;round_trip=0.651582
295.000,ours,-,robot1,MIN_DISTANCE,OK,2.535,8.671,,0,nearest_robot=robot3
295.000,ours,-,robot2,MIN_DISTANCE,OK,12.814,8.671,,0,nearest_robot=robot4
295.000,ours,-,robot3,MIN_DISTANCE,OK,2.535,8.671,,0,nearest_robot=robot1
295.000,ours,-,robot4,MIN_DISTANCE,OK,8.561,8.671,,0,nearest_robot=robot3
295.000,ours,-,robot5,MIN_DISTANCE,OK,9.717,8.671,,0,nearest_robot=robot4
295.000,ours,-,robot6,MIN_DISTANCE,OK,15.862,8.671,,0,nearest_robot=robot2
295.000,ours,-,fleet,MIN_DISTANCE_AVG,OK,8.671,,,0,robots_sampled=6
296.000,ours,-,robot1,MIN_DISTANCE,OK,2.535,8.656,,0,nearest_robot=robot3
296.000,ours,-,robot2,MIN_DISTANCE,OK,13.197,8.656,,0,nearest_robot=robot4
296.000,ours,-,robot3,MIN_DISTANCE,OK,2.535,8.656,,0,nearest_robot=robot1
296.000,ours,-,robot4,MIN_DISTANCE,OK,8.856,8.656,,0,nearest_robot=robot3
296.000,ours,-,robot5,MIN_DISTANCE,OK,9.339,8.656,,0,nearest_robot=robot4
296.000,ours,-,robot6,MIN_DISTANCE,OK,15.475,8.656,,0,nearest_robot=robot2
296.000,ours,-,fleet,MIN_DISTANCE_AVG,OK,8.656,,,0,robots_sampled=6
297.000,ours,-,robot1,MIN_DISTANCE,OK,2.535,8.617,,0,nearest_robot=robot3
297.000,ours,-,robot2,MIN_DISTANCE,OK,13.507,8.617,,0,nearest_robot=robot4
297.000,ours,-,robot3,MIN_DISTANCE,OK,2.535,8.617,,0,nearest_robot=robot1
297.000,ours,-,robot4,MIN_DISTANCE,OK,8.991,8.617,,0,nearest_robot=robot5
297.000,ours,-,robot5,MIN_DISTANCE,OK,8.991,8.617,,0,nearest_robot=robot4
297.000,ours,-,robot6,MIN_DISTANCE,OK,15.144,8.617,,0,nearest_robot=robot2
297.000,ours,-,fleet,MIN_DISTANCE_AVG,OK,8.617,,,0,robots_sampled=6
298.000,ours,-,robot1,MIN_DISTANCE,OK,2.536,8.499,,0,nearest_robot=robot3
298.000,ours,-,robot2,MIN_DISTANCE,OK,13.823,8.499,,0,nearest_robot=robot4
298.000,ours,-,robot3,MIN_DISTANCE,OK,2.536,8.499,,0,nearest_robot=robot1
298.000,ours,-,robot4,MIN_DISTANCE,OK,8.642,8.499,,0,nearest_robot=robot5
298.000,ours,-,robot5,MIN_DISTANCE,OK,8.642,8.499,,0,nearest_robot=robot4
298.000,ours,-,robot6,MIN_DISTANCE,OK,14.816,8.499,,0,nearest_robot=robot2
298.000,ours,-,fleet,MIN_DISTANCE_AVG,OK,8.499,,,0,robots_sampled=6
298.350,ours,-,fleet,CHOMP_TIME_FULL,OK,,3.414,,0,iterations=100;iterations_executed=60;source=algorithm;round_trip=3.445624
299.000,ours,-,robot1,MIN_DISTANCE,OK,2.536,8.399,,0,nearest_robot=robot3
299.000,ours,-,robot2,MIN_DISTANCE,OK,14.198,8.399,,0,nearest_robot=robot4
299.000,ours,-,robot3,MIN_DISTANCE,OK,2.536,8.399,,0,nearest_robot=robot1
299.000,ours,-,robot4,MIN_DISTANCE,OK,8.324,8.399,,0,nearest_robot=robot5
299.000,ours,-,robot5,MIN_DISTANCE,OK,8.324,8.399,,0,nearest_robot=robot4
299.000,ours,-,robot6,MIN_DISTANCE,OK,14.477,8.399,,0,nearest_robot=robot2
299.000,ours,-,fleet,MIN_DISTANCE_AVG,OK,8.399,,,0,robots_sampled=6
299.030,ours,-,fleet,CHOMP_TIME_PARTIAL,OK,,0.622,,0,iterations=10;iterations_executed=10;source=algorithm;round_trip=0.648497
300.000,ours,-,robot1,MIN_DISTANCE,OK,2.536,8.228,,0,nearest_robot=robot3
300.000,ours,-,robot2,MIN_DISTANCE,OK,14.207,8.228,,0,nearest_robot=robot6
300.000,ours,-,robot3,MIN_DISTANCE,OK,2.536,8.228,,0,nearest_robot=robot1
300.000,ours,-,robot4,MIN_DISTANCE,OK,7.940,8.228,,0,nearest_robot=robot5
300.000,ours,-,robot5,MIN_DISTANCE,OK,7.940,8.228,,0,nearest_robot=robot4
300.000,ours,-,robot6,MIN_DISTANCE,OK,14.207,8.228,,0,nearest_robot=robot2
300.000,ours,-,fleet,MIN_DISTANCE_AVG,OK,8.228,,,0,robots_sampled=6
300.070,ours,-,fleet,CHOMP_TIME_PARTIAL,OK,,0.660,,0,iterations=10;iterations_executed=10;source=algorithm;round_trip=0.684496
301.000,ours,-,robot1,MIN_DISTANCE,OK,2.536,8.010,,0,nearest_robot=robot3
301.000,ours,-,robot2,MIN_DISTANCE,OK,13.919,8.010,,0,nearest_robot=robot6
301.000,ours,-,robot3,MIN_DISTANCE,OK,2.536,8.010,,0,nearest_robot=robot1
301.000,ours,-,robot4,MIN_DISTANCE,OK,7.573,8.010,,0,nearest_robot=robot5
301.000,ours,-,robot5,MIN_DISTANCE,OK,7.573,8.010,,0,nearest_robot=robot4
301.000,ours,-,robot6,MIN_DISTANCE,OK,13.919,8.010,,0,nearest_robot=robot2
301.000,ours,-,fleet,MIN_DISTANCE_AVG,OK,8.010,,,0,robots_sampled=6
302.000,ours,-,robot1,MIN_DISTANCE,OK,2.536,7.802,,0,nearest_robot=robot3
302.000,ours,-,robot2,MIN_DISTANCE,OK,13.659,7.802,,0,nearest_robot=robot6
302.000,ours,-,robot3,MIN_DISTANCE,OK,2.536,7.802,,0,nearest_robot=robot1
302.000,ours,-,robot4,MIN_DISTANCE,OK,7.210,7.802,,0,nearest_robot=robot5
302.000,ours,-,robot5,MIN_DISTANCE,OK,7.210,7.802,,0,nearest_robot=robot4
302.000,ours,-,robot6,MIN_DISTANCE,OK,13.659,7.802,,0,nearest_robot=robot2
302.000,ours,-,fleet,MIN_DISTANCE_AVG,OK,7.802,,,0,robots_sampled=6
303.000,ours,-,robot1,MIN_DISTANCE,OK,2.536,7.683,,0,nearest_robot=robot3
303.000,ours,-,robot2,MIN_DISTANCE,OK,13.453,7.683,,0,nearest_robot=robot6
303.000,ours,-,robot3,MIN_DISTANCE,OK,2.536,7.683,,0,nearest_robot=robot1
303.000,ours,-,robot4,MIN_DISTANCE,OK,7.059,7.683,,0,nearest_robot=robot5
303.000,ours,-,robot5,MIN_DISTANCE,OK,7.059,7.683,,0,nearest_robot=robot4
303.000,ours,-,robot6,MIN_DISTANCE,OK,13.453,7.683,,0,nearest_robot=robot2
303.000,ours,-,fleet,MIN_DISTANCE_AVG,OK,7.683,,,0,robots_sampled=6
304.000,ours,-,robot1,MIN_DISTANCE,OK,2.536,7.362,,0,nearest_robot=robot3
304.000,ours,-,robot2,MIN_DISTANCE,OK,13.307,7.362,,0,nearest_robot=robot6
304.000,ours,-,robot3,MIN_DISTANCE,OK,2.536,7.362,,0,nearest_robot=robot1
304.000,ours,-,robot4,MIN_DISTANCE,OK,6.242,7.362,,0,nearest_robot=robot5
304.000,ours,-,robot5,MIN_DISTANCE,OK,6.242,7.362,,0,nearest_robot=robot4
304.000,ours,-,robot6,MIN_DISTANCE,OK,13.307,7.362,,0,nearest_robot=robot2
304.000,ours,-,fleet,MIN_DISTANCE_AVG,OK,7.362,,,0,robots_sampled=6
305.000,ours,-,robot1,MIN_DISTANCE,OK,2.537,7.164,,0,nearest_robot=robot3
305.000,ours,-,robot2,MIN_DISTANCE,OK,13.131,7.164,,0,nearest_robot=robot6
305.000,ours,-,robot3,MIN_DISTANCE,OK,2.537,7.164,,0,nearest_robot=robot1
305.000,ours,-,robot4,MIN_DISTANCE,OK,5.826,7.164,,0,nearest_robot=robot5
305.000,ours,-,robot5,MIN_DISTANCE,OK,5.826,7.164,,0,nearest_robot=robot4
305.000,ours,-,robot6,MIN_DISTANCE,OK,13.131,7.164,,0,nearest_robot=robot2
305.000,ours,-,fleet,MIN_DISTANCE_AVG,OK,7.164,,,0,robots_sampled=6
306.000,ours,-,robot1,MIN_DISTANCE,OK,2.537,7.029,,0,nearest_robot=robot3
306.000,ours,-,robot2,MIN_DISTANCE,OK,13.064,7.029,,0,nearest_robot=robot6
306.000,ours,-,robot3,MIN_DISTANCE,OK,2.537,7.029,,0,nearest_robot=robot1
306.000,ours,-,robot4,MIN_DISTANCE,OK,5.485,7.029,,0,nearest_robot=robot5
306.000,ours,-,robot5,MIN_DISTANCE,OK,5.485,7.029,,0,nearest_robot=robot4
306.000,ours,-,robot6,MIN_DISTANCE,OK,13.064,7.029,,0,nearest_robot=robot2
306.000,ours,-,fleet,MIN_DISTANCE_AVG,OK,7.029,,,0,robots_sampled=6
306.200,ours,-,fleet,CHOMP_TIME_FULL,OK,,6.217,,0,iterations=100;iterations_executed=100;source=algorithm;round_trip=6.248065
307.000,ours,-,robot1,MIN_DISTANCE,OK,2.537,6.916,,0,nearest_robot=robot3
307.000,ours,-,robot2,MIN_DISTANCE,OK,13.050,6.916,,0,nearest_robot=robot6
307.000,ours,-,robot3,MIN_DISTANCE,OK,2.537,6.916,,0,nearest_robot=robot1
307.000,ours,-,robot4,MIN_DISTANCE,OK,5.162,6.916,,0,nearest_robot=robot5
307.000,ours,-,robot5,MIN_DISTANCE,OK,5.162,6.916,,0,nearest_robot=robot4
307.000,ours,-,robot6,MIN_DISTANCE,OK,13.050,6.916,,0,nearest_robot=robot2
307.000,ours,-,fleet,MIN_DISTANCE_AVG,OK,6.916,,,0,robots_sampled=6
308.000,ours,-,robot1,MIN_DISTANCE,OK,2.537,6.821,,0,nearest_robot=robot3
308.000,ours,-,robot2,MIN_DISTANCE,OK,13.050,6.821,,0,nearest_robot=robot6
308.000,ours,-,robot3,MIN_DISTANCE,OK,2.537,6.821,,0,nearest_robot=robot1
308.000,ours,-,robot4,MIN_DISTANCE,OK,4.877,6.821,,0,nearest_robot=robot5
308.000,ours,-,robot5,MIN_DISTANCE,OK,4.877,6.821,,0,nearest_robot=robot4
308.000,ours,-,robot6,MIN_DISTANCE,OK,13.050,6.821,,0,nearest_robot=robot2
308.000,ours,-,fleet,MIN_DISTANCE_AVG,OK,6.821,,,0,robots_sampled=6
309.000,ours,-,robot1,MIN_DISTANCE,OK,2.537,6.762,,0,nearest_robot=robot3
309.000,ours,-,robot2,MIN_DISTANCE,OK,13.050,6.762,,0,nearest_robot=robot6
309.000,ours,-,robot3,MIN_DISTANCE,OK,2.537,6.762,,0,nearest_robot=robot1
309.000,ours,-,robot4,MIN_DISTANCE,OK,4.699,6.762,,0,nearest_robot=robot5
309.000,ours,-,robot5,MIN_DISTANCE,OK,4.699,6.762,,0,nearest_robot=robot4
309.000,ours,-,robot6,MIN_DISTANCE,OK,13.050,6.762,,0,nearest_robot=robot2
309.000,ours,-,fleet,MIN_DISTANCE_AVG,OK,6.762,,,0,robots_sampled=6
310.000,ours,-,robot1,MIN_DISTANCE,OK,2.537,6.740,,0,nearest_robot=robot3
310.000,ours,-,robot2,MIN_DISTANCE,OK,13.050,6.740,,0,nearest_robot=robot6
310.000,ours,-,robot3,MIN_DISTANCE,OK,2.537,6.740,,0,nearest_robot=robot1
310.000,ours,-,robot4,MIN_DISTANCE,OK,4.632,6.740,,0,nearest_robot=robot5
310.000,ours,-,robot5,MIN_DISTANCE,OK,4.632,6.740,,0,nearest_robot=robot4
310.000,ours,-,robot6,MIN_DISTANCE,OK,13.050,6.740,,0,nearest_robot=robot2
310.000,ours,-,fleet,MIN_DISTANCE_AVG,OK,6.740,,,0,robots_sampled=6
311.000,ours,-,robot1,MIN_DISTANCE,OK,2.537,6.745,,0,nearest_robot=robot3
311.000,ours,-,robot2,MIN_DISTANCE,OK,13.049,6.745,,0,nearest_robot=robot6
311.000,ours,-,robot3,MIN_DISTANCE,OK,2.537,6.745,,0,nearest_robot=robot1
311.000,ours,-,robot4,MIN_DISTANCE,OK,4.647,6.745,,0,nearest_robot=robot5
311.000,ours,-,robot5,MIN_DISTANCE,OK,4.647,6.745,,0,nearest_robot=robot4
311.000,ours,-,robot6,MIN_DISTANCE,OK,13.049,6.745,,0,nearest_robot=robot2
311.000,ours,-,fleet,MIN_DISTANCE_AVG,OK,6.745,,,0,robots_sampled=6
311.530,ours,-,fleet,CHOMP_TIME_FULL,OK,,5.315,,0,iterations=100;iterations_executed=83;source=algorithm;round_trip=5.340423
312.000,ours,-,robot1,MIN_DISTANCE,OK,2.538,6.741,,0,nearest_robot=robot3
312.000,ours,-,robot2,MIN_DISTANCE,OK,13.038,6.741,,0,nearest_robot=robot6
312.000,ours,-,robot3,MIN_DISTANCE,OK,2.538,6.741,,0,nearest_robot=robot1
312.000,ours,-,robot4,MIN_DISTANCE,OK,4.646,6.741,,0,nearest_robot=robot5
312.000,ours,-,robot5,MIN_DISTANCE,OK,4.646,6.741,,0,nearest_robot=robot4
312.000,ours,-,robot6,MIN_DISTANCE,OK,13.038,6.741,,0,nearest_robot=robot2
312.000,ours,-,fleet,MIN_DISTANCE_AVG,OK,6.741,,,0,robots_sampled=6
313.000,ours,-,robot1,MIN_DISTANCE,OK,2.538,6.713,,0,nearest_robot=robot3
313.000,ours,-,robot2,MIN_DISTANCE,OK,13.050,6.713,,0,nearest_robot=robot6
313.000,ours,-,robot3,MIN_DISTANCE,OK,2.538,6.713,,0,nearest_robot=robot1
313.000,ours,-,robot4,MIN_DISTANCE,OK,4.550,6.713,,0,nearest_robot=robot5
313.000,ours,-,robot5,MIN_DISTANCE,OK,4.550,6.713,,0,nearest_robot=robot4
313.000,ours,-,robot6,MIN_DISTANCE,OK,13.050,6.713,,0,nearest_robot=robot2
313.000,ours,-,fleet,MIN_DISTANCE_AVG,OK,6.713,,,0,robots_sampled=6
314.000,ours,-,robot1,MIN_DISTANCE,OK,2.538,6.647,,0,nearest_robot=robot3
314.000,ours,-,robot2,MIN_DISTANCE,OK,13.024,6.647,,0,nearest_robot=robot6
314.000,ours,-,robot3,MIN_DISTANCE,OK,2.538,6.647,,0,nearest_robot=robot1
314.000,ours,-,robot4,MIN_DISTANCE,OK,4.379,6.647,,0,nearest_robot=robot5
314.000,ours,-,robot5,MIN_DISTANCE,OK,4.379,6.647,,0,nearest_robot=robot4
314.000,ours,-,robot6,MIN_DISTANCE,OK,13.024,6.647,,0,nearest_robot=robot2
314.000,ours,-,fleet,MIN_DISTANCE_AVG,OK,6.647,,,0,robots_sampled=6
315.000,ours,-,robot1,MIN_DISTANCE,OK,2.538,6.540,,0,nearest_robot=robot3
315.000,ours,-,robot2,MIN_DISTANCE,OK,13.036,6.540,,0,nearest_robot=robot6
315.000,ours,-,robot3,MIN_DISTANCE,OK,2.538,6.540,,0,nearest_robot=robot1
315.000,ours,-,robot4,MIN_DISTANCE,OK,4.047,6.540,,0,nearest_robot=robot5
315.000,ours,-,robot5,MIN_DISTANCE,OK,4.047,6.540,,0,nearest_robot=robot4
315.000,ours,-,robot6,MIN_DISTANCE,OK,13.036,6.540,,0,nearest_robot=robot2
315.000,ours,-,fleet,MIN_DISTANCE_AVG,OK,6.540,,,0,robots_sampled=6
315.890,ours,-,fleet,CHOMP_TIME_FULL,OK,,3.429,,0,iterations=100;iterations_executed=58;source=algorithm;round_trip=3.453994
316.000,ours,-,robot1,MIN_DISTANCE,OK,2.538,6.377,,0,nearest_robot=robot3
316.000,ours,-,robot2,MIN_DISTANCE,OK,13.010,6.377,,0,nearest_robot=robot6
316.000,ours,-,robot3,MIN_DISTANCE,OK,2.538,6.377,,0,nearest_robot=robot1
316.000,ours,-,robot4,MIN_DISTANCE,OK,3.582,6.377,,0,nearest_robot=robot5
316.000,ours,-,robot5,MIN_DISTANCE,OK,3.582,6.377,,0,nearest_robot=robot4
316.000,ours,-,robot6,MIN_DISTANCE,OK,13.010,6.377,,0,nearest_robot=robot2
316.000,ours,-,fleet,MIN_DISTANCE_AVG,OK,6.377,,,0,robots_sampled=6
316.550,ours,-,fleet,CHOMP_TIME_PARTIAL,OK,,0.636,,0,iterations=10;iterations_executed=10;source=algorithm;round_trip=0.665715
317.000,ours,-,robot1,MIN_DISTANCE,OK,2.538,6.196,,0,nearest_robot=robot3
317.000,ours,-,robot2,MIN_DISTANCE,OK,12.902,6.196,,0,nearest_robot=robot6
317.000,ours,-,robot3,MIN_DISTANCE,OK,2.538,6.196,,0,nearest_robot=robot1
317.000,ours,-,robot4,MIN_DISTANCE,OK,3.147,6.196,,0,nearest_robot=robot5
317.000,ours,-,robot5,MIN_DISTANCE,OK,3.147,6.196,,0,nearest_robot=robot4
317.000,ours,-,robot6,MIN_DISTANCE,OK,12.902,6.196,,0,nearest_robot=robot2
317.000,ours,-,fleet,MIN_DISTANCE_AVG,OK,6.196,,,0,robots_sampled=6
317.610,ours,-,fleet,CHOMP_TIME_PARTIAL,OK,,0.707,,0,iterations=10;iterations_executed=10;source=algorithm;round_trip=0.736479
318.000,ours,-,robot1,MIN_DISTANCE,OK,2.539,6.046,,0,nearest_robot=robot3
318.000,ours,-,robot2,MIN_DISTANCE,OK,12.818,6.046,,0,nearest_robot=robot6
318.000,ours,-,robot3,MIN_DISTANCE,OK,2.539,6.046,,0,nearest_robot=robot1
318.000,ours,-,robot4,MIN_DISTANCE,OK,2.781,6.046,,0,nearest_robot=robot5
318.000,ours,-,robot5,MIN_DISTANCE,OK,2.781,6.046,,0,nearest_robot=robot4
318.000,ours,-,robot6,MIN_DISTANCE,OK,12.818,6.046,,0,nearest_robot=robot2
318.000,ours,-,fleet,MIN_DISTANCE_AVG,OK,6.046,,,0,robots_sampled=6
319.000,ours,-,robot1,MIN_DISTANCE,OK,2.539,6.010,,0,nearest_robot=robot3
319.000,ours,-,robot2,MIN_DISTANCE,OK,13.072,6.010,,0,nearest_robot=robot6
319.000,ours,-,robot3,MIN_DISTANCE,OK,2.539,6.010,,0,nearest_robot=robot1
319.000,ours,-,robot4,MIN_DISTANCE,OK,2.419,6.010,,0,nearest_robot=robot5
319.000,ours,-,robot5,MIN_DISTANCE,OK,2.419,6.010,,0,nearest_robot=robot4
319.000,ours,-,robot6,MIN_DISTANCE,OK,13.072,6.010,,0,nearest_robot=robot2
319.000,ours,-,fleet,MIN_DISTANCE_AVG,OK,6.010,,,0,robots_sampled=6
319.260,ours,-,fleet,CHOMP_TIME_FULL,OK,,0.897,,0,iterations=100;iterations_executed=16;source=algorithm;round_trip=0.921350
319.940,ours,-,fleet,CHOMP_TIME_PARTIAL,OK,,0.531,,0,iterations=10;iterations_executed=10;source=algorithm;round_trip=0.554272
320.000,ours,-,robot1,MIN_DISTANCE,OK,2.539,6.010,,0,nearest_robot=robot3
320.000,ours,-,robot2,MIN_DISTANCE,OK,13.330,6.010,,0,nearest_robot=robot6
320.000,ours,-,robot3,MIN_DISTANCE,OK,2.539,6.010,,0,nearest_robot=robot1
320.000,ours,-,robot4,MIN_DISTANCE,OK,2.162,6.010,,0,nearest_robot=robot5
320.000,ours,-,robot5,MIN_DISTANCE,OK,2.162,6.010,,0,nearest_robot=robot4
320.000,ours,-,robot6,MIN_DISTANCE,OK,13.330,6.010,,0,nearest_robot=robot2
320.000,ours,-,fleet,MIN_DISTANCE_AVG,OK,6.010,,,0,robots_sampled=6
320.520,ours,-,fleet,CHOMP_TIME_PARTIAL,OK,,0.623,,0,iterations=10;iterations_executed=10;source=algorithm;round_trip=0.646792
321.000,ours,-,robot1,MIN_DISTANCE,OK,2.539,6.033,,0,nearest_robot=robot3
321.000,ours,-,robot2,MIN_DISTANCE,OK,13.522,6.033,,0,nearest_robot=robot6
321.000,ours,-,robot3,MIN_DISTANCE,OK,2.539,6.033,,0,nearest_robot=robot1
321.000,ours,-,robot4,MIN_DISTANCE,OK,2.038,6.033,,0,nearest_robot=robot5
321.000,ours,-,robot5,MIN_DISTANCE,OK,2.038,6.033,,0,nearest_robot=robot4
321.000,ours,-,robot6,MIN_DISTANCE,OK,13.522,6.033,,0,nearest_robot=robot2
321.000,ours,-,fleet,MIN_DISTANCE_AVG,OK,6.033,,,0,robots_sampled=6
321.480,ours,-,fleet,CHOMP_TIME_PARTIAL,OK,,0.567,,0,iterations=10;iterations_executed=10;source=algorithm;round_trip=0.599096
322.000,ours,-,robot1,MIN_DISTANCE,OK,2.539,6.089,,0,nearest_robot=robot3
322.000,ours,-,robot2,MIN_DISTANCE,OK,13.714,6.089,,0,nearest_robot=robot6
322.000,ours,-,robot3,MIN_DISTANCE,OK,2.539,6.089,,0,nearest_robot=robot1
322.000,ours,-,robot4,MIN_DISTANCE,OK,2.013,6.089,,0,nearest_robot=robot5
322.000,ours,-,robot5,MIN_DISTANCE,OK,2.013,6.089,,0,nearest_robot=robot4
322.000,ours,-,robot6,MIN_DISTANCE,OK,13.714,6.089,,0,nearest_robot=robot2
322.000,ours,-,fleet,MIN_DISTANCE_AVG,OK,6.089,,,0,robots_sampled=6
322.050,ours,-,fleet,CHOMP_TIME_PARTIAL,OK,,0.639,,0,iterations=10;iterations_executed=10;source=algorithm;round_trip=0.674626
323.000,ours,-,robot1,MIN_DISTANCE,OK,2.539,6.168,,0,nearest_robot=robot3
323.000,ours,-,robot2,MIN_DISTANCE,OK,13.951,6.168,,0,nearest_robot=robot6
323.000,ours,-,robot3,MIN_DISTANCE,OK,2.539,6.168,,0,nearest_robot=robot1
323.000,ours,-,robot4,MIN_DISTANCE,OK,2.013,6.168,,0,nearest_robot=robot5
323.000,ours,-,robot5,MIN_DISTANCE,OK,2.013,6.168,,0,nearest_robot=robot4
323.000,ours,-,robot6,MIN_DISTANCE,OK,13.951,6.168,,0,nearest_robot=robot2
323.000,ours,-,fleet,MIN_DISTANCE_AVG,OK,6.168,,,0,robots_sampled=6
323.100,ours,-,fleet,CHOMP_TIME_PARTIAL,OK,,0.722,,0,iterations=10;iterations_executed=10;source=algorithm;round_trip=0.755622
324.000,ours,-,robot1,MIN_DISTANCE,OK,2.539,6.261,,0,nearest_robot=robot3
324.000,ours,-,robot2,MIN_DISTANCE,OK,14.219,6.261,,0,nearest_robot=robot6
324.000,ours,-,robot3,MIN_DISTANCE,OK,2.539,6.261,,0,nearest_robot=robot1
324.000,ours,-,robot4,MIN_DISTANCE,OK,2.024,6.261,,0,nearest_robot=robot5
324.000,ours,-,robot5,MIN_DISTANCE,OK,2.024,6.261,,0,nearest_robot=robot4
324.000,ours,-,robot6,MIN_DISTANCE,OK,14.219,6.261,,0,nearest_robot=robot2
324.000,ours,-,fleet,MIN_DISTANCE_AVG,OK,6.261,,,0,robots_sampled=6
324.830,ours,-,fleet,CHOMP_TIME_FULL,OK,,0.979,,0,iterations=100;iterations_executed=14;source=algorithm;round_trip=1.010984
325.000,ours,-,robot1,MIN_DISTANCE,OK,2.540,6.360,,0,nearest_robot=robot3
325.000,ours,-,robot2,MIN_DISTANCE,OK,14.501,6.360,,0,nearest_robot=robot6
325.000,ours,-,robot3,MIN_DISTANCE,OK,2.540,6.360,,0,nearest_robot=robot1
325.000,ours,-,robot4,MIN_DISTANCE,OK,2.040,6.360,,0,nearest_robot=robot5
325.000,ours,-,robot5,MIN_DISTANCE,OK,2.040,6.360,,0,nearest_robot=robot4
325.000,ours,-,robot6,MIN_DISTANCE,OK,14.501,6.360,,0,nearest_robot=robot2
325.000,ours,-,fleet,MIN_DISTANCE_AVG,OK,6.360,,,0,robots_sampled=6
325.540,ours,-,fleet,CHOMP_TIME_PARTIAL,OK,,0.615,,0,iterations=10;iterations_executed=10;source=algorithm;round_trip=0.642828
326.000,ours,-,robot1,MIN_DISTANCE,OK,2.540,6.469,,0,nearest_robot=robot3
326.000,ours,-,robot2,MIN_DISTANCE,OK,14.805,6.469,,0,nearest_robot=robot6
326.000,ours,-,robot3,MIN_DISTANCE,OK,2.540,6.469,,0,nearest_robot=robot1
326.000,ours,-,robot4,MIN_DISTANCE,OK,2.063,6.469,,0,nearest_robot=robot5
326.000,ours,-,robot5,MIN_DISTANCE,OK,2.063,6.469,,0,nearest_robot=robot4
326.000,ours,-,robot6,MIN_DISTANCE,OK,14.805,6.469,,0,nearest_robot=robot2
326.000,ours,-,fleet,MIN_DISTANCE_AVG,OK,6.469,,,0,robots_sampled=6
326.550,ours,-,fleet,CHOMP_TIME_PARTIAL,OK,,0.639,,0,iterations=10;iterations_executed=10;source=algorithm;round_trip=0.661797
327.000,ours,-,robot1,MIN_DISTANCE,OK,2.540,6.588,,0,nearest_robot=robot3
327.000,ours,-,robot2,MIN_DISTANCE,OK,15.112,6.588,,0,nearest_robot=robot6
327.000,ours,-,robot3,MIN_DISTANCE,OK,2.540,6.588,,0,nearest_robot=robot1
327.000,ours,-,robot4,MIN_DISTANCE,OK,2.111,6.588,,0,nearest_robot=robot5
327.000,ours,-,robot5,MIN_DISTANCE,OK,2.111,6.588,,0,nearest_robot=robot4
327.000,ours,-,robot6,MIN_DISTANCE,OK,15.112,6.588,,0,nearest_robot=robot2
327.000,ours,-,fleet,MIN_DISTANCE_AVG,OK,6.588,,,0,robots_sampled=6
327.610,ours,-,fleet,CHOMP_TIME_PARTIAL,OK,,0.717,,0,iterations=10;iterations_executed=10;source=algorithm;round_trip=0.746724
328.000,ours,-,robot1,MIN_DISTANCE,OK,2.540,6.692,,0,nearest_robot=robot3
328.000,ours,-,robot2,MIN_DISTANCE,OK,15.430,6.692,,0,nearest_robot=robot6
328.000,ours,-,robot3,MIN_DISTANCE,OK,2.540,6.692,,0,nearest_robot=robot1
328.000,ours,-,robot4,MIN_DISTANCE,OK,2.106,6.692,,0,nearest_robot=robot5
328.000,ours,-,robot5,MIN_DISTANCE,OK,2.106,6.692,,0,nearest_robot=robot4
328.000,ours,-,robot6,MIN_DISTANCE,OK,15.430,6.692,,0,nearest_robot=robot2
328.000,ours,-,fleet,MIN_DISTANCE_AVG,OK,6.692,,,0,robots_sampled=6
328.600,ours,-,fleet,CHOMP_TIME_PARTIAL,OK,,0.683,,0,iterations=10;iterations_executed=10;source=algorithm;round_trip=0.704673
329.000,ours,-,robot1,MIN_DISTANCE,OK,2.540,6.772,,0,nearest_robot=robot3
329.000,ours,-,robot2,MIN_DISTANCE,OK,15.630,6.772,,0,nearest_robot=robot4
329.000,ours,-,robot3,MIN_DISTANCE,OK,2.540,6.772,,0,nearest_robot=robot1
329.000,ours,-,robot4,MIN_DISTANCE,OK,2.106,6.772,,0,nearest_robot=robot5
329.000,ours,-,robot5,MIN_DISTANCE,OK,2.106,6.772,,0,nearest_robot=robot4
329.000,ours,-,robot6,MIN_DISTANCE,OK,15.712,6.772,,0,nearest_robot=robot2
329.000,ours,-,fleet,MIN_DISTANCE_AVG,OK,6.772,,,0,robots_sampled=6
330.000,ours,-,robot1,MIN_DISTANCE,OK,2.540,6.764,,0,nearest_robot=robot3
330.000,ours,-,robot2,MIN_DISTANCE,OK,15.300,6.764,,0,nearest_robot=robot4
330.000,ours,-,robot3,MIN_DISTANCE,OK,2.540,6.764,,0,nearest_robot=robot1
330.000,ours,-,robot4,MIN_DISTANCE,OK,2.106,6.764,,0,nearest_robot=robot5
330.000,ours,-,robot5,MIN_DISTANCE,OK,2.106,6.764,,0,nearest_robot=robot4
330.000,ours,-,robot6,MIN_DISTANCE,OK,15.993,6.764,,0,nearest_robot=robot2
330.000,ours,-,fleet,MIN_DISTANCE_AVG,OK,6.764,,,0,robots_sampled=6
330.230,ours,-,fleet,CHOMP_TIME_FULL,OK,,0.859,,0,iterations=100;iterations_executed=14;source=algorithm;round_trip=0.884682
330.980,ours,-,fleet,CHOMP_TIME_PARTIAL,OK,,0.535,,0,iterations=10;iterations_executed=10;source=algorithm;round_trip=0.555852
331.000,ours,-,robot1,MIN_DISTANCE,OK,2.540,6.757,,0,nearest_robot=robot3
331.000,ours,-,robot2,MIN_DISTANCE,OK,14.948,6.757,,0,nearest_robot=robot4
331.000,ours,-,robot3,MIN_DISTANCE,OK,2.540,6.757,,0,nearest_robot=robot1
331.000,ours,-,robot4,MIN_DISTANCE,OK,2.106,6.757,,0,nearest_robot=robot5
331.000,ours,-,robot5,MIN_DISTANCE,OK,2.106,6.757,,0,nearest_robot=robot4
331.000,ours,-,robot6,MIN_DISTANCE,OK,16.301,6.757,,0,nearest_robot=robot2
331.000,ours,-,fleet,MIN_DISTANCE_AVG,OK,6.757,,,0,robots_sampled=6
331.500,ours,-,fleet,CHOMP_TIME_PARTIAL,OK,,0.550,,0,iterations=10;iterations_executed=10;source=algorithm;round_trip=0.579732
332.000,ours,-,robot1,MIN_DISTANCE,OK,2.541,6.750,,0,nearest_robot=robot3
332.000,ours,-,robot2,MIN_DISTANCE,OK,14.575,6.750,,0,nearest_robot=robot4
332.000,ours,-,robot3,MIN_DISTANCE,OK,2.541,6.750,,0,nearest_robot=robot1
332.000,ours,-,robot4,MIN_DISTANCE,OK,2.106,6.750,,0,nearest_robot=robot5
332.000,ours,-,robot5,MIN_DISTANCE,OK,2.106,6.750,,0,nearest_robot=robot4
332.000,ours,-,robot6,MIN_DISTANCE,OK,16.631,6.750,,0,nearest_robot=robot2
332.000,ours,-,fleet,MIN_DISTANCE_AVG,OK,6.750,,,0,robots_sampled=6
332.570,ours,-,fleet,CHOMP_TIME_PARTIAL,OK,,0.672,,0,iterations=10;iterations_executed=10;source=algorithm;round_trip=0.699515
333.000,ours,-,robot1,MIN_DISTANCE,OK,2.541,6.745,,0,nearest_robot=robot3
333.000,ours,-,robot2,MIN_DISTANCE,OK,14.153,6.745,,0,nearest_robot=robot4
333.000,ours,-,robot3,MIN_DISTANCE,OK,2.541,6.745,,0,nearest_robot=robot1
333.000,ours,-,robot4,MIN_DISTANCE,OK,2.106,6.745,,0,nearest_robot=robot5
333.000,ours,-,robot5,MIN_DISTANCE,OK,2.106,6.745,,0,nearest_robot=robot4
333.000,ours,-,robot6,MIN_DISTANCE,OK,17.024,6.745,,0,nearest_robot=robot2
333.000,ours,-,fleet,MIN_DISTANCE_AVG,OK,6.745,,,0,robots_sampled=6
333.450,ours,-,fleet,CHOMP_TIME_PARTIAL,OK,,0.508,,0,iterations=10;iterations_executed=10;source=algorithm;round_trip=0.537251
334.000,ours,-,robot1,MIN_DISTANCE,OK,2.541,6.740,,0,nearest_robot=robot3
334.000,ours,-,robot2,MIN_DISTANCE,OK,13.758,6.740,,0,nearest_robot=robot4
334.000,ours,-,robot3,MIN_DISTANCE,OK,2.541,6.740,,0,nearest_robot=robot1
334.000,ours,-,robot4,MIN_DISTANCE,OK,2.106,6.740,,0,nearest_robot=robot5
334.000,ours,-,robot5,MIN_DISTANCE,OK,2.106,6.740,,0,nearest_robot=robot4
334.000,ours,-,robot6,MIN_DISTANCE,OK,17.390,6.740,,0,nearest_robot=robot2
334.000,ours,-,fleet,MIN_DISTANCE_AVG,OK,6.740,,,0,robots_sampled=6
334.020,ours,-,fleet,CHOMP_TIME_PARTIAL,OK,,0.605,,0,iterations=10;iterations_executed=10;source=algorithm;round_trip=0.635285
335.000,ours,-,robot1,MIN_DISTANCE,OK,2.541,6.736,,0,nearest_robot=robot3
335.000,ours,-,robot2,MIN_DISTANCE,OK,13.342,6.736,,0,nearest_robot=robot4
335.000,ours,-,robot3,MIN_DISTANCE,OK,2.541,6.736,,0,nearest_robot=robot1
335.000,ours,-,robot4,MIN_DISTANCE,OK,2.107,6.736,,0,nearest_robot=robot5
335.000,ours,-,robot5,MIN_DISTANCE,OK,2.107,6.736,,0,nearest_robot=robot4
335.000,ours,-,robot6,MIN_DISTANCE,OK,17.782,6.736,,0,nearest_robot=robot2
335.000,ours,-,fleet,MIN_DISTANCE_AVG,OK,6.736,,,0,robots_sampled=6
335.640,ours,-,fleet,CHOMP_TIME_FULL,OK,,0.757,,0,iterations=100;iterations_executed=14;source=algorithm;round_trip=0.780163
336.000,ours,-,robot1,MIN_DISTANCE,OK,2.541,6.734,,0,nearest_robot=robot3
336.000,ours,-,robot2,MIN_DISTANCE,OK,12.970,6.734,,0,nearest_robot=robot4
336.000,ours,-,robot3,MIN_DISTANCE,OK,2.541,6.734,,0,nearest_robot=robot1
336.000,ours,-,robot4,MIN_DISTANCE,OK,2.107,6.734,,0,nearest_robot=robot5
336.000,ours,-,robot5,MIN_DISTANCE,OK,2.107,6.734,,0,nearest_robot=robot4
336.000,ours,-,robot6,MIN_DISTANCE,OK,18.138,6.734,,0,nearest_robot=robot2
336.000,ours,-,fleet,MIN_DISTANCE_AVG,OK,6.734,,,0,robots_sampled=6
336.500,ours,-,fleet,CHOMP_TIME_PARTIAL,OK,,0.585,,0,iterations=10;iterations_executed=10;source=algorithm;round_trip=0.609267
337.000,ours,-,robot1,MIN_DISTANCE,OK,2.541,6.731,,0,nearest_robot=robot3
337.000,ours,-,robot2,MIN_DISTANCE,OK,12.606,6.731,,0,nearest_robot=robot4
337.000,ours,-,robot3,MIN_DISTANCE,OK,2.541,6.731,,0,nearest_robot=robot1
337.000,ours,-,robot4,MIN_DISTANCE,OK,2.107,6.731,,0,nearest_robot=robot5
337.000,ours,-,robot5,MIN_DISTANCE,OK,2.107,6.731,,0,nearest_robot=robot4
337.000,ours,-,robot6,MIN_DISTANCE,OK,18.481,6.731,,0,nearest_robot=robot2
337.000,ours,-,fleet,MIN_DISTANCE_AVG,OK,6.731,,,0,robots_sampled=6
337.500,ours,-,fleet,CHOMP_TIME_PARTIAL,OK,,0.577,,0,iterations=10;iterations_executed=10;source=algorithm;round_trip=0.601021
338.000,ours,-,robot1,MIN_DISTANCE,OK,2.541,6.727,,0,nearest_robot=robot3
338.000,ours,-,robot2,MIN_DISTANCE,OK,12.223,6.727,,0,nearest_robot=robot4
338.000,ours,-,robot3,MIN_DISTANCE,OK,2.541,6.727,,0,nearest_robot=robot1
338.000,ours,-,robot4,MIN_DISTANCE,OK,2.107,6.727,,0,nearest_robot=robot5
338.000,ours,-,robot5,MIN_DISTANCE,OK,2.107,6.727,,0,nearest_robot=robot4
338.000,ours,-,robot6,MIN_DISTANCE,OK,18.840,6.727,,0,nearest_robot=robot2
338.000,ours,-,fleet,MIN_DISTANCE_AVG,OK,6.727,,,0,robots_sampled=6
338.500,ours,-,fleet,CHOMP_TIME_PARTIAL,OK,,0.574,,0,iterations=10;iterations_executed=10;source=algorithm;round_trip=0.596401
339.000,ours,-,robot1,MIN_DISTANCE,OK,2.542,6.723,,0,nearest_robot=robot3
339.000,ours,-,robot2,MIN_DISTANCE,OK,11.852,6.723,,0,nearest_robot=robot4
339.000,ours,-,robot3,MIN_DISTANCE,OK,2.542,6.723,,0,nearest_robot=robot1
339.000,ours,-,robot4,MIN_DISTANCE,OK,2.107,6.723,,0,nearest_robot=robot5
339.000,ours,-,robot5,MIN_DISTANCE,OK,2.107,6.723,,0,nearest_robot=robot4
339.000,ours,-,robot6,MIN_DISTANCE,OK,19.191,6.723,,0,nearest_robot=robot2
339.000,ours,-,fleet,MIN_DISTANCE_AVG,OK,6.723,,,0,robots_sampled=6
339.170,ours,-,fleet,CHOMP_TIME_PARTIAL,OK,,0.768,,0,iterations=10;iterations_executed=10;source=algorithm;round_trip=0.793145
339.970,ours,-,fleet,CHOMP_TIME_PARTIAL,OK,,0.524,,0,iterations=10;iterations_executed=10;source=algorithm;round_trip=0.548373
340.000,ours,-,robot1,MIN_DISTANCE,OK,2.542,6.721,,0,nearest_robot=robot3
340.000,ours,-,robot2,MIN_DISTANCE,OK,11.462,6.721,,0,nearest_robot=robot4
340.000,ours,-,robot3,MIN_DISTANCE,OK,2.542,6.721,,0,nearest_robot=robot1
340.000,ours,-,robot4,MIN_DISTANCE,OK,2.107,6.721,,0,nearest_robot=robot5
340.000,ours,-,robot5,MIN_DISTANCE,OK,2.107,6.721,,0,nearest_robot=robot4
340.000,ours,-,robot6,MIN_DISTANCE,OK,19.567,6.721,,0,nearest_robot=robot2
340.000,ours,-,fleet,MIN_DISTANCE_AVG,OK,6.721,,,0,robots_sampled=6
341.000,ours,-,robot1,MIN_DISTANCE,OK,2.542,6.720,,0,nearest_robot=robot3
341.000,ours,-,robot2,MIN_DISTANCE,OK,11.108,6.720,,0,nearest_robot=robot4
341.000,ours,-,robot3,MIN_DISTANCE,OK,2.542,6.720,,0,nearest_robot=robot1
341.000,ours,-,robot4,MIN_DISTANCE,OK,2.107,6.720,,0,nearest_robot=robot5
341.000,ours,-,robot5,MIN_DISTANCE,OK,2.107,6.720,,0,nearest_robot=robot4
341.000,ours,-,robot6,MIN_DISTANCE,OK,19.914,6.720,,0,nearest_robot=robot2
341.000,ours,-,fleet,MIN_DISTANCE_AVG,OK,6.720,,,0,robots_sampled=6
341.250,ours,-,fleet,CHOMP_TIME_FULL,OK,,0.841,,0,iterations=100;iterations_executed=14;source=algorithm;round_trip=0.861783
342.000,ours,-,robot1,MIN_DISTANCE,OK,2.542,6.720,,0,nearest_robot=robot3
342.000,ours,-,robot2,MIN_DISTANCE,OK,10.768,6.720,,0,nearest_robot=robot4
342.000,ours,-,robot3,MIN_DISTANCE,OK,2.542,6.720,,0,nearest_robot=robot1
342.000,ours,-,robot4,MIN_DISTANCE,OK,2.107,6.720,,0,nearest_robot=robot5
342.000,ours,-,robot5,MIN_DISTANCE,OK,2.107,6.720,,0,nearest_robot=robot4
342.000,ours,-,robot6,MIN_DISTANCE,OK,20.256,6.720,,0,nearest_robot=robot2
342.000,ours,-,fleet,MIN_DISTANCE_AVG,OK,6.720,,,0,robots_sampled=6
342.070,ours,-,fleet,CHOMP_TIME_PARTIAL,OK,,0.653,,0,iterations=10;iterations_executed=10;source=algorithm;round_trip=0.684366
343.000,ours,-,robot1,MIN_DISTANCE,OK,2.542,6.723,,0,nearest_robot=robot3
343.000,ours,-,robot2,MIN_DISTANCE,OK,10.469,6.723,,0,nearest_robot=robot4
343.000,ours,-,robot3,MIN_DISTANCE,OK,2.542,6.723,,0,nearest_robot=robot1
343.000,ours,-,robot4,MIN_DISTANCE,OK,2.107,6.723,,0,nearest_robot=robot5
343.000,ours,-,robot5,MIN_DISTANCE,OK,2.107,6.723,,0,nearest_robot=robot4
343.000,ours,-,robot6,MIN_DISTANCE,OK,20.570,6.723,,0,nearest_robot=robot2
343.000,ours,-,fleet,MIN_DISTANCE_AVG,OK,6.723,,,0,robots_sampled=6
343.050,ours,-,fleet,CHOMP_TIME_PARTIAL,OK,,0.628,,0,iterations=10;iterations_executed=10;source=algorithm;round_trip=0.654534
