timestamp,run_id,task_id,robot_id,event,status,allocation_cost,duration,path,collision_flag,message
8.000,ours,-,robot1,MIN_DISTANCE,OK,13.424,13.424,,0,nearest_robot=robot2
8.000,ours,-,robot2,MIN_DISTANCE,OK,13.424,13.424,,0,nearest_robot=robot1
8.000,ours,-,fleet,MIN_DISTANCE_AVG,OK,13.424,,,0,robots_sampled=2
9.000,ours,-,robot1,MIN_DISTANCE,OK,13.424,13.424,,0,nearest_robot=robot2
9.000,ours,-,robot2,MIN_DISTANCE,OK,13.424,13.424,,0,nearest_robot=robot1
9.000,ours,-,fleet,MIN_DISTANCE_AVG,OK,13.424,,,0,robots_sampled=2
9.030,ours,-,fleet,CHOMP_TIME_FULL,OK,,0.022,,0,iterations=100;iterations_executed=100;source=algorithm;round_trip=0.033130
9.500,ours,-,fleet,CHOMP_TIME_PARTIAL,OK,,0.002,,0,iterations=10;iterations_executed=10;source=algorithm;round_trip=0.008736
10.000,ours,-,robot1,MIN_DISTANCE,OK,13.310,13.310,,0,nearest_robot=robot2
10.000,ours,-,robot2,MIN_DISTANCE,OK,13.310,13.310,,0,nearest_robot=robot1
10.000,ours,-,fleet,MIN_DISTANCE_AVG,OK,13.310,,,0,robots_sampled=2
10.010,ours,-,fleet,CHOMP_TIME_PARTIAL,OK,,0.002,,0,iterations=10;iterations_executed=10;source=algorithm;round_trip=0.009292
11.000,ours,-,robot1,MIN_DISTANCE,OK,13.124,13.124,,0,nearest_robot=robot2
11.000,ours,-,robot2,MIN_DISTANCE,OK,13.124,13.124,,0,nearest_robot=robot1
11.000,ours,-,fleet,MIN_DISTANCE_AVG,OK,13.124,,,0,robots_sampled=2
11.030,ours,-,fleet,CHOMP_TIME_FULL,OK,,0.022,,0,iterations=100;iterations_executed=100;source=algorithm;round_trip=0.030889
12.000,ours,-,robot1,MIN_DISTANCE,OK,13.191,13.191,,0,nearest_robot=robot2
12.000,ours,-,robot2,MIN_DISTANCE,OK,13.191,13.191,,0,nearest_robot=robot1
12.000,ours,-,fleet,MIN_DISTANCE_AVG,OK,13.191,,,0,robots_sampled=2
12.030,ours,-,fleet,CHOMP_TIME_FULL,OK,,0.021,,0,iterations=100;iterations_executed=100;source=algorithm;round_trip=0.036778
12.500,ours,-,fleet,CHOMP_TIME_PARTIAL,OK,,0.002,,0,iterations=10;iterations_executed=10;source=algorithm;round_trip=0.010039
13.000,ours,-,robot1,MIN_DISTANCE,OK,13.394,13.394,,0,nearest_robot=robot2
13.000,ours,-,robot2,MIN_DISTANCE,OK,13.394,13.394,,0,nearest_robot=robot1
13.000,ours,-,fleet,MIN_DISTANCE_AVG,OK,13.394,,,0,robots_sampled=2
13.000,ours,-,fleet,CHOMP_TIME_PARTIAL,OK,,0.002,,0,iterations=10;iterations_executed=10;source=algorithm;round_trip=0.009183
13.510,ours,-,fleet,CHOMP_TIME_PARTIAL,OK,,0.002,,0,iterations=10;iterations_executed=10;source=algorithm;round_trip=0.009312
14.000,ours,-,robot1,MIN_DISTANCE,OK,13.432,13.432,,0,nearest_robot=robot2
14.000,ours,-,robot2,MIN_DISTANCE,OK,13.432,13.432,,0,nearest_robot=robot1
14.000,ours,-,fleet,MIN_DISTANCE_AVG,OK,13.432,,,0,robots_sampled=2
14.000,ours,-,fleet,CHOMP_TIME_PARTIAL,OK,,0.002,,0,iterations=10;iterations_executed=10;source=algorithm;round_trip=0.009948
15.000,ours,-,robot1,MIN_DISTANCE,OK,13.321,13.321,,0,nearest_robot=robot2
15.000,ours,-,robot2,MIN_DISTANCE,OK,13.321,13.321,,0,nearest_robot=robot1
15.000,ours,-,fleet,MIN_DISTANCE_AVG,OK,13.321,,,0,robots_sampled=2
15.010,ours,-,fleet,CHOMP_TIME_FULL,OK,,0.005,,0,iterations=100;iterations_executed=21;source=algorithm;round_trip=0.013232
15.500,ours,-,fleet,CHOMP_TIME_PARTIAL,OK,,0.002,,0,iterations=10;iterations_executed=10;source=algorithm;round_trip=0.009876
16.000,ours,-,robot1,MIN_DISTANCE,OK,13.098,13.098,,0,nearest_robot=robot2
16.000,ours,-,robot2,MIN_DISTANCE,OK,13.098,13.098,,0,nearest_robot=robot1
16.000,ours,-,fleet,MIN_DISTANCE_AVG,OK,13.098,,,0,robots_sampled=2
16.000,ours,-,fleet,CHOMP_TIME_PARTIAL,OK,,0.002,,0,iterations=10;iterations_executed=10;source=algorithm;round_trip=0.009121
16.500,ours,-,fleet,CHOMP_TIME_PARTIAL,OK,,0.002,,0,iterations=10;iterations_executed=10;source=algorithm;round_trip=0.009105
17.000,ours,-,robot1,MIN_DISTANCE,OK,12.841,12.841,,0,nearest_robot=robot2
17.000,ours,-,robot2,MIN_DISTANCE,OK,12.841,12.841,,0,nearest_robot=robot1
17.000,ours,-,fleet,MIN_DISTANCE_AVG,OK,12.841,,,0,robots_sampled=2
17.010,ours,-,fleet,CHOMP_TIME_PARTIAL,OK,,0.002,,0,iterations=10;iterations_executed=10;source=algorithm;round_trip=0.010107
17.500,ours,-,fleet,CHOMP_TIME_PARTIAL,OK,,0.002,,0,iterations=10;iterations_executed=10;source=algorithm;round_trip=0.009719
18.000,ours,-,robot1,MIN_DISTANCE,OK,12.580,12.580,,0,nearest_robot=robot2
18.000,ours,-,robot2,MIN_DISTANCE,OK,12.580,12.580,,0,nearest_robot=robot1
18.000,ours,-,fleet,MIN_DISTANCE_AVG,OK,12.580,,,0,robots_sampled=2
18.010,ours,-,fleet,CHOMP_TIME_PARTIAL,OK,,0.002,,0,iterations=10;iterations_executed=10;source=algorithm;round_trip=0.009283
18.500,ours,-,fleet,CHOMP_TIME_PARTIAL,OK,,0.002,,0,iterations=10;iterations_executed=10;source=algorithm;round_trip=0.009127
19.000,ours,-,robot1,MIN_DISTANCE,OK,12.349,12.349,,0,nearest_robot=robot2
19.000,ours,-,robot2,MIN_DISTANCE,OK,12.349,12.349,,0,nearest_robot=robot1
19.000,ours,-,fleet,MIN_DISTANCE_AVG,OK,12.349,,,0,robots_sampled=2
19.000,ours,-,fleet,CHOMP_TIME_PARTIAL,OK,,0.002,,0,iterations=10;iterations_executed=10;source=algorithm;round_trip=0.010450
19.500,ours,-,fleet,CHOMP_TIME_PARTIAL,OK,,0.002,,0,iterations=10;iterations_executed=10;source=algorithm;round_trip=0.009277
20.000,ours,-,robot1,MIN_DISTANCE,OK,12.061,12.061,,0,nearest_robot=robot2
20.000,ours,-,robot2,MIN_DISTANCE,OK,12.061,12.061,,0,nearest_robot=robot1
20.000,ours,-,fleet,MIN_DISTANCE_AVG,OK,12.061,,,0,robots_sampled=2
20.010,ours,-,fleet,CHOMP_TIME_PARTIAL,OK,,0.002,,0,iterations=10;iterations_executed=10;source=algorithm;round_trip=0.009996
20.510,ours,-,fleet,CHOMP_TIME_PARTIAL,OK,,0.002,,0,iterations=10;iterations_executed=10;source=algorithm;round_trip=0.009297
21.000,ours,-,robot1,MIN_DISTANCE,OK,11.850,11.850,,0,nearest_robot=robot2
21.000,ours,-,robot2,MIN_DISTANCE,OK,11.850,11.850,,0,nearest_robot=robot1
21.000,ours,-,fleet,MIN_DISTANCE_AVG,OK,11.850,,,0,robots_sampled=2
21.000,ours,-,fleet,CHOMP_TIME_PARTIAL,OK,,0.002,,0,iterations=10;iterations_executed=10;source=algorithm;round_trip=0.009696
21.510,ours,-,fleet,CHOMP_TIME_PARTIAL,OK,,0.002,,0,iterations=10;iterations_executed=10;source=algorithm;round_trip=0.009265
22.000,ours,-,robot1,MIN_DISTANCE,OK,11.762,11.762,,0,nearest_robot=robot2
22.000,ours,-,robot2,MIN_DISTANCE,OK,11.762,11.762,,0,nearest_robot=robot1
22.000,ours,-,fleet,MIN_DISTANCE_AVG,OK,11.762,,,0,robots_sampled=2
22.010,ours,-,fleet,CHOMP_TIME_PARTIAL,OK,,0.002,,0,iterations=10;iterations_executed=10;source=algorithm;round_trip=0.009613
22.500,ours,-,fleet,CHOMP_TIME_PARTIAL,OK,,0.002,,0,iterations=10;iterations_executed=10;source=algorithm;round_trip=0.009541
23.000,ours,-,robot1,MIN_DISTANCE,OK,11.725,11.725,,0,nearest_robot=robot2
23.000,ours,-,robot2,MIN_DISTANCE,OK,11.725,11.725,,0,nearest_robot=robot1
23.000,ours,-,fleet,MIN_DISTANCE_AVG,OK,11.725,,,0,robots_sampled=2
23.000,ours,-,fleet,CHOMP_TIME_PARTIAL,OK,,0.002,,0,iterations=10;iterations_executed=10;source=algorithm;round_trip=0.009264
23.500,ours,-,fleet,CHOMP_TIME_PARTIAL,OK,,0.002,,0,iterations=10;iterations_executed=10;source=algorithm;round_trip=0.008589
24.000,ours,-,robot1,MIN_DISTANCE,OK,11.734,11.734,,0,nearest_robot=robot2
24.000,ours,-,robot2,MIN_DISTANCE,OK,11.734,11.734,,0,nearest_robot=robot1
24.000,ours,-,fleet,MIN_DISTANCE_AVG,OK,11.734,,,0,robots_sampled=2
24.000,ours,-,fleet,CHOMP_TIME_PARTIAL,OK,,0.002,,0,iterations=10;iterations_executed=10;source=algorithm;round_trip=0.009812
24.510,ours,-,fleet,CHOMP_TIME_PARTIAL,OK,,0.002,,0,iterations=10;iterations_executed=10;source=algorithm;round_trip=0.009665
25.000,ours,-,robot1,MIN_DISTANCE,OK,11.795,11.795,,0,nearest_robot=robot2
25.000,ours,-,robot2,MIN_DISTANCE,OK,11.795,11.795,,0,nearest_robot=robot1
25.000,ours,-,fleet,MIN_DISTANCE_AVG,OK,11.795,,,0,robots_sampled=2
25.010,ours,-,fleet,CHOMP_TIME_PARTIAL,OK,,0.002,,0,iterations=10;iterations_executed=10;source=algorithm;round_trip=0.009570
25.510,ours,-,fleet,CHOMP_TIME_PARTIAL,OK,,0.002,,0,iterations=10;iterations_executed=10;source=algorithm;round_trip=0.010048
26.000,ours,-,robot1,MIN_DISTANCE,OK,11.950,11.950,,0,nearest_robot=robot2
26.000,ours,-,robot2,MIN_DISTANCE,OK,11.950,11.950,,0,nearest_robot=robot1
26.000,ours,-,fleet,MIN_DISTANCE_AVG,OK,11.950,,,0,robots_sampled=2
26.000,ours,-,fleet,CHOMP_TIME_PARTIAL,OK,,0.002,,0,iterations=10;iterations_executed=10;source=algorithm;round_trip=0.009630
26.510,ours,-,fleet,CHOMP_TIME_PARTIAL,OK,,0.002,,0,iterations=10;iterations_executed=10;source=algorithm;round_trip=0.009306
27.000,ours,-,robot1,MIN_DISTANCE,OK,12.339,12.339,,0,nearest_robot=robot2
27.000,ours,-,robot2,MIN_DISTANCE,OK,12.339,12.339,,0,nearest_robot=robot1
27.000,ours,-,fleet,MIN_DISTANCE_AVG,OK,12.339,,,0,robots_sampled=2
27.010,ours,-,fleet,CHOMP_TIME_PARTIAL,OK,,0.002,,0,iterations=10;iterations_executed=10;source=algorithm;round_trip=0.009506
27.500,ours,-,fleet,CHOMP_TIME_PARTIAL,OK,,0.002,,0,iterations=10;iterations_executed=10;source=algorithm;round_trip=0.009540
28.000,ours,-,robot1,MIN_DISTANCE,OK,12.823,12.823,,0,nearest_robot=robot2
28.000,ours,-,robot2,MIN_DISTANCE,OK,12.823,12.823,,0,nearest_robot=robot1
28.000,ours,-,fleet,MIN_DISTANCE_AVG,OK,12.823,,,0,robots_sampled=2
28.000,ours,-,fleet,CHOMP_TIME_PARTIAL,OK,,0.002,,0,iterations=10;iterations_executed=10;source=algorithm;round_trip=0.010878
29.000,ours,-,robot1,MIN_DISTANCE,OK,13.314,13.314,,0,nearest_robot=robot2
29.000,ours,-,robot2,MIN_DISTANCE,OK,13.314,13.314,,0,nearest_robot=robot1
29.000,ours,-,fleet,MIN_DISTANCE_AVG,OK,13.314,,,0,robots_sampled=2
29.030,ours,-,fleet,CHOMP_TIME_FULL,OK,,0.020,,0,iterations=100;iterations_executed=100;source=algorithm;round_trip=0.030031
29.500,ours,-,fleet,CHOMP_TIME_PARTIAL,OK,,0.002,,0,iterations=10;iterations_executed=10;source=algorithm;round_trip=0.009642
30.000,ours,-,robot1,MIN_DISTANCE,OK,13.752,13.752,,0,nearest_robot=robot2
30.000,ours,-,robot2,MIN_DISTANCE,OK,13.752,13.752,,0,nearest_robot=robot1
30.000,ours,-,fleet,MIN_DISTANCE_AVG,OK,13.752,,,0,robots_sampled=2
30.010,ours,-,fleet,CHOMP_TIME_PARTIAL,OK,,0.002,,0,iterations=10;iterations_executed=10;source=algorithm;round_trip=0.009995
30.510,ours,-,fleet,CHOMP_TIME_PARTIAL,OK,,0.002,,0,iterations=10;iterations_executed=10;source=algorithm;round_trip=0.009517
31.000,ours,-,robot1,MIN_DISTANCE,OK,13.977,13.977,,0,nearest_robot=robot2
31.000,ours,-,robot2,MIN_DISTANCE,OK,13.977,13.977,,0,nearest_robot=robot1
31.000,ours,-,fleet,MIN_DISTANCE_AVG,OK,13.977,,,0,robots_sampled=2
31.000,ours,-,fleet,CHOMP_TIME_PARTIAL,OK,,0.002,,0,iterations=10;iterations_executed=10;source=algorithm;round_trip=0.010230
31.500,ours,-,fleet,CHOMP_TIME_PARTIAL,OK,,0.002,,0,iterations=10;iterations_executed=10;source=algorithm;round_trip=0.008947
32.000,ours,-,robot1,MIN_DISTANCE,OK,13.936,13.936,,0,nearest_robot=robot2
32.000,ours,-,robot2,MIN_DISTANCE,OK,13.936,13.936,,0,nearest_robot=robot1
32.000,ours,-,fleet,MIN_DISTANCE_AVG,OK,13.936,,,0,robots_sampled=2
32.010,ours,-,fleet,CHOMP_TIME_PARTIAL,OK,,0.002,,0,iterations=10;iterations_executed=10;source=algorithm;round_trip=0.010127
32.500,ours,-,fleet,CHOMP_TIME_PARTIAL,OK,,0.003,,0,iterations=10;iterations_executed=10;source=algorithm;round_trip=0.010163
33.000,ours,-,robot1,MIN_DISTANCE,OK,13.840,13.840,,0,nearest_robot=robot2
33.000,ours,-,robot2,MIN_DISTANCE,OK,13.840,13.840,,0,nearest_robot=robot1
33.000,ours,-,fleet,MIN_DISTANCE_AVG,OK,13.840,,,0,robots_sampled=2
33.010,ours,-,fleet,CHOMP_TIME_PARTIAL,OK,,0.002,,0,iterations=10;iterations_executed=10;source=algorithm;round_trip=0.009961
33.510,ours,-,fleet,CHOMP_TIME_PARTIAL,OK,,0.002,,0,iterations=10;iterations_executed=10;source=algorithm;round_trip=0.009314
34.000,ours,-,robot1,MIN_DISTANCE,OK,13.857,13.857,,0,nearest_robot=robot2
34.000,ours,-,robot2,MIN_DISTANCE,OK,13.857,13.857,,0,nearest_robot=robot1
34.000,ours,-,fleet,MIN_DISTANCE_AVG,OK,13.857,,,0,robots_sampled=2
34.010,ours,-,fleet,CHOMP_TIME_PARTIAL,OK,,0.002,,0,iterations=10;iterations_executed=10;source=algorithm;round_trip=0.009891
34.500,ours,-,fleet,CHOMP_TIME_PARTIAL,OK,,0.002,,0,iterations=10;iterations_executed=10;source=algorithm;round_trip=0.010482
35.000,ours,-,robot1,MIN_DISTANCE,OK,13.904,13.904,,0,nearest_robot=robot2
35.000,ours,-,robot2,MIN_DISTANCE,OK,13.904,13.904,,0,nearest_robot=robot1
35.000,ours,-,fleet,MIN_DISTANCE_AVG,OK,13.904,,,0,robots_sampled=2
35.010,ours,-,fleet,CHOMP_TIME_PARTIAL,OK,,0.002,,0,iterations=10;iterations_executed=10;source=algorithm;round_trip=0.009705
35.510,ours,-,fleet,CHOMP_TIME_PARTIAL,OK,,0.002,,0,iterations=10;iterations_executed=10;source=algorithm;round_trip=0.009653
36.000,ours,-,robot1,MIN_DISTANCE,OK,14.000,14.000,,0,nearest_robot=robot2
36.000,ours,-,robot2,MIN_DISTANCE,OK,14.000,14.000,,0,nearest_robot=robot1
36.000,ours,-,fleet,MIN_DISTANCE_AVG,OK,14.000,,,0,robots_sampled=2
36.000,ours,-,fleet,CHOMP_TIME_PARTIAL,OK,,0.002,,0,iterations=10;iterations_executed=10;source=algorithm;round_trip=0.010890
36.510,ours,-,fleet,CHOMP_TIME_PARTIAL,OK,,0.002,,0,iterations=10;iterations_executed=10;source=algorithm;round_trip=0.009337
37.000,ours,-,robot1,MIN_DISTANCE,OK,14.034,14.034,,0,nearest_robot=robot2
37.000,ours,-,robot2,MIN_DISTANCE,OK,14.034,14.034,,0,nearest_robot=robot1
37.000,ours,-,fleet,MIN_DISTANCE_AVG,OK,14.034,,,0,robots_sampled=2
37.010,ours,-,fleet,CHOMP_TIME_PARTIAL,OK,,0.002,,0,iterations=10;iterations_executed=10;source=algorithm;round_trip=0.009787
37.500,ours,-,fleet,CHOMP_TIME_PARTIAL,OK,,0.002,,0,iterations=10;iterations_executed=10;source=algorithm;round_trip=0.008720
38.000,ours,-,robot1,MIN_DISTANCE,OK,14.131,14.131,,0,nearest_robot=robot2
38.000,ours,-,robot2,MIN_DISTANCE,OK,14.131,14.131,,0,nearest_robot=robot1
38.000,ours,-,fleet,MIN_DISTANCE_AVG,OK,14.131,,,0,robots_sampled=2
38.000,ours,-,fleet,CHOMP_TIME_PARTIAL,OK,,0.002,,0,iterations=10;iterations_executed=10;source=algorithm;round_trip=0.010292
38.510,ours,-,fleet,CHOMP_TIME_PARTIAL,OK,,0.002,,0,iterations=10;iterations_executed=10;source=algorithm;round_trip=0.010037
39.000,ours,-,robot1,MIN_DISTANCE,OK,14.221,14.221,,0,nearest_robot=robot2
39.000,ours,-,robot2,MIN_DISTANCE,OK,14.221,14.221,,0,nearest_robot=robot1
39.000,ours,-,fleet,MIN_DISTANCE_AVG,OK,14.221,,,0,robots_sampled=2
39.010,ours,-,fleet,CHOMP_TIME_PARTIAL,OK,,0.003,,0,iterations=10;iterations_executed=10;source=algorithm;round_trip=0.010703
39.500,ours,-,fleet,CHOMP_TIME_PARTIAL,OK,,0.002,,0,iterations=10;iterations_executed=10;source=algorithm;round_trip=0.010793
40.000,ours,-,robot1,MIN_DISTANCE,OK,14.259,14.259,,0,nearest_robot=robot2
40.000,ours,-,robot2,MIN_DISTANCE,OK,14.259,14.259,,0,nearest_robot=robot1
40.000,ours,-,fleet,MIN_DISTANCE_AVG,OK,14.259,,,0,robots_sampled=2
40.010,ours,-,fleet,CHOMP_TIME_PARTIAL,OK,,0.002,,0,iterations=10;iterations_executed=10;source=algorithm;round_trip=0.010477
40.510,ours,-,fleet,CHOMP_TIME_PARTIAL,OK,,0.002,,0,iterations=10;iterations_executed=10;source=algorithm;round_trip=0.009998
41.000,ours,-,robot1,MIN_DISTANCE,OK,14.167,14.167,,0,nearest_robot=robot2
41.000,ours,-,robot2,MIN_DISTANCE,OK,14.167,14.167,,0,nearest_robot=robot1
41.000,ours,-,fleet,MIN_DISTANCE_AVG,OK,14.167,,,0,robots_sampled=2
41.000,ours,-,fleet,CHOMP_TIME_PARTIAL,OK,,0.002,,0,iterations=10;iterations_executed=10;source=algorithm;round_trip=0.010499
41.510,ours,-,fleet,CHOMP_TIME_PARTIAL,OK,,0.002,,0,iterations=10;iterations_executed=10;source=algorithm;round_trip=0.009747
42.000,ours,-,robot1,MIN_DISTANCE,OK,13.798,13.798,,0,nearest_robot=robot2
42.000,ours,-,robot2,MIN_DISTANCE,OK,13.798,13.798,,0,nearest_robot=robot1
42.000,ours,-,fleet,MIN_DISTANCE_AVG,OK,13.798,,,0,robots_sampled=2
42.010,ours,-,fleet,CHOMP_TIME_PARTIAL,OK,,0.002,,0,iterations=10;iterations_executed=10;source=algorithm;round_trip=0.010198
42.510,ours,-,fleet,CHOMP_TIME_PARTIAL,OK,,0.002,,0,iterations=10;iterations_executed=10;source=algorithm;round_trip=0.009012
43.000,ours,-,robot1,MIN_DISTANCE,OK,13.426,13.426,,0,nearest_robot=robot2
43.000,ours,-,robot2,MIN_DISTANCE,OK,13.426,13.426,,0,nearest_robot=robot1
43.000,ours,-,fleet,MIN_DISTANCE_AVG,OK,13.426,,,0,robots_sampled=2
43.000,ours,-,fleet,CHOMP_TIME_PARTIAL,OK,,0.002,,0,iterations=10;iterations_executed=10;source=algorithm;round_trip=0.016187
44.000,ours,-,robot1,MIN_DISTANCE,OK,13.045,13.045,,0,nearest_robot=robot2
44.000,ours,-,robot2,MIN_DISTANCE,OK,13.045,13.045,,0,nearest_robot=robot1
44.000,ours,-,fleet,MIN_DISTANCE_AVG,OK,13.045,,,0,robots_sampled=2
44.020,ours,-,fleet,CHOMP_TIME_FULL,OK,,0.020,,0,iterations=100;iterations_executed=100;source=algorithm;round_trip=0.030811
44.500,ours,-,fleet,CHOMP_TIME_PARTIAL,OK,,0.002,,0,iterations=10;iterations_executed=10;source=algorithm;round_trip=0.010331
45.000,ours,-,robot1,MIN_DISTANCE,OK,12.497,12.497,,0,nearest_robot=robot2
45.000,ours,-,robot2,MIN_DISTANCE,OK,12.497,12.497,,0,nearest_robot=robot1
45.000,ours,-,fleet,MIN_DISTANCE_AVG,OK,12.497,,,0,robots_sampled=2
45.010,ours,-,fleet,CHOMP_TIME_PARTIAL,OK,,0.002,,0,iterations=10;iterations_executed=10;source=algorithm;round_trip=0.010854
45.500,ours,-,fleet,CHOMP_TIME_PARTIAL,OK,,0.002,,0,iterations=10;iterations_executed=10;source=algorithm;round_trip=0.008737
46.000,ours,-,robot1,MIN_DISTANCE,OK,11.871,11.871,,0,nearest_robot=robot2
46.000,ours,-,robot2,MIN_DISTANCE,OK,11.871,11.871,,0,nearest_robot=robot1
46.000,ours,-,fleet,MIN_DISTANCE_AVG,OK,11.871,,,0,robots_sampled=2
46.000,ours,-,fleet,CHOMP_TIME_PARTIAL,OK,,0.002,,0,iterations=10;iterations_executed=10;source=algorithm;round_trip=0.010446
46.500,ours,-,fleet,CHOMP_TIME_PARTIAL,OK,,0.002,,0,iterations=10;iterations_executed=10;source=algorithm;round_trip=0.009863
47.000,ours,-,robot1,MIN_DISTANCE,OK,11.186,11.186,,0,nearest_robot=robot2
47.000,ours,-,robot2,MIN_DISTANCE,OK,11.186,11.186,,0,nearest_robot=robot1
47.000,ours,-,fleet,MIN_DISTANCE_AVG,OK,11.186,,,0,robots_sampled=2
47.010,ours,-,fleet,CHOMP_TIME_PARTIAL,OK,,0.002,,0,iterations=10;iterations_executed=10;source=algorithm;round_trip=0.010116
47.510,ours,-,fleet,CHOMP_TIME_PARTIAL,OK,,0.002,,0,iterations=10;iterations_executed=10;source=algorithm;round_trip=0.009900
48.000,ours,-,robot1,MIN_DISTANCE,OK,10.538,10.538,,0,nearest_robot=robot2
48.000,ours,-,robot2,MIN_DISTANCE,OK,10.538,10.538,,0,nearest_robot=robot1
48.000,ours,-,fleet,MIN_DISTANCE_AVG,OK,10.538,,,0,robots_sampled=2
48.000,ours,-,fleet,CHOMP_TIME_PARTIAL,OK,,0.002,,0,iterations=10;iterations_executed=10;source=algorithm;round_trip=0.010633
49.000,ours,-,robot1,MIN_DISTANCE,OK,9.846,9.846,,0,nearest_robot=robot2
49.000,ours,-,robot2,MIN_DISTANCE,OK,9.846,9.846,,0,nearest_robot=robot1
49.000,ours,-,fleet,MIN_DISTANCE_AVG,OK,9.846,,,0,robots_sampled=2
49.010,ours,-,fleet,CHOMP_TIME_FULL,OK,,0.004,,0,iterations=100;iterations_executed=18;source=algorithm;round_trip=0.014703
49.500,ours,-,fleet,CHOMP_TIME_PARTIAL,OK,,0.002,,0,iterations=10;iterations_executed=10;source=algorithm;round_trip=0.009102
50.000,ours,-,robot1,MIN_DISTANCE,OK,9.215,9.215,,0,nearest_robot=robot2
50.000,ours,-,robot2,MIN_DISTANCE,OK,9.215,9.215,,0,nearest_robot=robot1
50.000,ours,-,fleet,MIN_DISTANCE_AVG,OK,9.215,,,0,robots_sampled=2
50.010,ours,-,fleet,CHOMP_TIME_PARTIAL,OK,,0.002,,0,iterations=10;iterations_executed=10;source=algorithm;round_trip=0.011007
50.510,ours,-,fleet,CHOMP_TIME_PARTIAL,OK,,0.002,,0,iterations=10;iterations_executed=10;source=algorithm;round_trip=0.009845
51.000,ours,-,robot1,MIN_DISTANCE,OK,8.669,8.669,,0,nearest_robot=robot2
51.000,ours,-,robot2,MIN_DISTANCE,OK,8.669,8.669,,0,nearest_robot=robot1
51.000,ours,-,fleet,MIN_DISTANCE_AVG,OK,8.669,,,0,robots_sampled=2
51.010,ours,-,fleet,CHOMP_TIME_PARTIAL,OK,,0.002,,0,iterations=10;iterations_executed=10;source=algorithm;round_trip=0.012697
51.500,ours,-,fleet,CHOMP_TIME_PARTIAL,OK,,0.002,,0,iterations=10;iterations_executed=10;source=algorithm;round_trip=0.009099
52.000,ours,-,robot1,MIN_DISTANCE,OK,8.239,8.239,,0,nearest_robot=robot2
52.000,ours,-,robot2,MIN_DISTANCE,OK,8.239,8.239,,0,nearest_robot=robot1
52.000,ours,-,fleet,MIN_DISTANCE_AVG,OK,8.239,,,0,robots_sampled=2
52.010,ours,-,fleet,CHOMP_TIME_PARTIAL,OK,,0.002,,0,iterations=10;iterations_executed=10;source=algorithm;round_trip=0.009853
52.510,ours,-,fleet,CHOMP_TIME_PARTIAL,OK,,0.002,,0,iterations=10;iterations_executed=10;source=algorithm;round_trip=0.010502
53.000,ours,-,robot1,MIN_DISTANCE,OK,7.778,7.778,,0,nearest_robot=robot2
53.000,ours,-,robot2,MIN_DISTANCE,OK,7.778,7.778,,0,nearest_robot=robot1
53.000,ours,-,fleet,MIN_DISTANCE_AVG,OK,7.778,,,0,robots_sampled=2
53.010,ours,-,fleet,CHOMP_TIME_PARTIAL,OK,,0.002,,0,iterations=10;iterations_executed=10;source=algorithm;round_trip=0.011463
53.510,ours,-,fleet,CHOMP_TIME_PARTIAL,OK,,0.002,,0,iterations=10;iterations_executed=10;source=algorithm;round_trip=0.011185
54.000,ours,-,robot1,MIN_DISTANCE,OK,7.260,7.260,,0,nearest_robot=robot2
54.000,ours,-,robot2,MIN_DISTANCE,OK,7.260,7.260,,0,nearest_robot=robot1
54.000,ours,-,fleet,MIN_DISTANCE_AVG,OK,7.260,,,0,robots_sampled=2
54.010,ours,-,fleet,CHOMP_TIME_PARTIAL,OK,,0.002,,0,iterations=10;iterations_executed=10;source=algorithm;round_trip=0.009658
54.510,ours,-,fleet,CHOMP_TIME_PARTIAL,OK,,0.002,,0,iterations=10;iterations_executed=10;source=algorithm;round_trip=0.010085
55.000,ours,-,robot1,MIN_DISTANCE,OK,6.748,6.748,,0,nearest_robot=robot2
55.000,ours,-,robot2,MIN_DISTANCE,OK,6.748,6.748,,0,nearest_robot=robot1
55.000,ours,-,fleet,MIN_DISTANCE_AVG,OK,6.748,,,0,robots_sampled=2
55.000,ours,-,fleet,CHOMP_TIME_PARTIAL,OK,,0.002,,0,iterations=10;iterations_executed=10;source=algorithm;round_trip=0.010664
55.510,ours,-,fleet,CHOMP_TIME_PARTIAL,OK,,0.002,,0,iterations=10;iterations_executed=10;source=algorithm;round_trip=0.010348
56.000,ours,-,robot1,MIN_DISTANCE,OK,6.115,6.115,,0,nearest_robot=robot2
56.000,ours,-,robot2,MIN_DISTANCE,OK,6.115,6.115,,0,nearest_robot=robot1
56.000,ours,-,fleet,MIN_DISTANCE_AVG,OK,6.115,,,0,robots_sampled=2
56.010,ours,-,fleet,CHOMP_TIME_PARTIAL,OK,,0.002,,0,iterations=10;iterations_executed=10;source=algorithm;round_trip=0.010320
56.500,ours,-,fleet,CHOMP_TIME_PARTIAL,OK,,0.002,,0,iterations=10;iterations_executed=10;source=algorithm;round_trip=0.010512
57.000,ours,-,robot1,MIN_DISTANCE,OK,5.305,5.305,,0,nearest_robot=robot2
57.000,ours,-,robot2,MIN_DISTANCE,OK,5.305,5.305,,0,nearest_robot=robot1
57.000,ours,-,fleet,MIN_DISTANCE_AVG,OK,5.305,,,0,robots_sampled=2
57.010,ours,-,fleet,CHOMP_TIME_PARTIAL,OK,,0.002,,0,iterations=10;iterations_executed=10;source=algorithm;round_trip=0.010950
57.510,ours,-,fleet,CHOMP_TIME_PARTIAL,OK,,0.002,,0,iterations=10;iterations_executed=10;source=algorithm;round_trip=0.010202
58.000,ours,-,robot1,MIN_DISTANCE,OK,4.503,4.503,,0,nearest_robot=robot2
58.000,ours,-,robot2,MIN_DISTANCE,OK,4.503,4.503,,0,nearest_robot=robot1
58.000,ours,-,fleet,MIN_DISTANCE_AVG,OK,4.503,,,0,robots_sampled=2
58.000,ours,-,fleet,CHOMP_TIME_PARTIAL,OK,,0.002,,0,iterations=10;iterations_executed=10;source=algorithm;round_trip=0.011290
58.510,ours,-,fleet,CHOMP_TIME_PARTIAL,OK,,0.003,,0,iterations=10;iterations_executed=10;source=algorithm;round_trip=0.011123
59.000,ours,-,robot1,MIN_DISTANCE,OK,3.698,3.698,,0,nearest_robot=robot2
59.000,ours,-,robot2,MIN_DISTANCE,OK,3.698,3.698,,0,nearest_robot=robot1
59.000,ours,-,fleet,MIN_DISTANCE_AVG,OK,3.698,,,0,robots_sampled=2
59.010,ours,-,fleet,CHOMP_TIME_PARTIAL,OK,,0.003,,0,iterations=10;iterations_executed=10;source=algorithm;round_trip=0.010668
59.510,ours,-,fleet,CHOMP_TIME_PARTIAL,OK,,0.002,,0,iterations=10;iterations_executed=10;source=algorithm;round_trip=0.011161
60.000,ours,-,robot1,MIN_DISTANCE,OK,2.874,2.874,,0,nearest_robot=robot2
60.000,ours,-,robot2,MIN_DISTANCE,OK,2.874,2.874,,0,nearest_robot=robot1
60.000,ours,-,fleet,MIN_DISTANCE_AVG,OK,2.874,,,0,robots_sampled=2
60.000,ours,-,fleet,CHOMP_TIME_PARTIAL,OK,,0.002,,0,iterations=10;iterations_executed=10;source=algorithm;round_trip=0.010652
60.500,ours,-,fleet,CHOMP_TIME_PARTIAL,OK,,0.002,,0,iterations=10;iterations_executed=10;source=algorithm;round_trip=0.009109
61.000,ours,-,robot1,MIN_DISTANCE,OK,2.064,2.064,,0,nearest_robot=robot2
61.000,ours,-,robot2,MIN_DISTANCE,OK,2.064,2.064,,0,nearest_robot=robot1
61.000,ours,-,fleet,MIN_DISTANCE_AVG,OK,2.064,,,0,robots_sampled=2
61.010,ours,-,fleet,CHOMP_TIME_PARTIAL,OK,,0.002,,0,iterations=10;iterations_executed=10;source=algorithm;round_trip=0.011053
61.500,ours,-,fleet,CHOMP_TIME_PARTIAL,OK,,0.002,,0,iterations=10;iterations_executed=10;source=algorithm;round_trip=0.011342
62.000,ours,-,robot1,MIN_DISTANCE,OK,1.311,1.311,,0,nearest_robot=robot2
62.000,ours,-,robot2,MIN_DISTANCE,OK,1.311,1.311,,0,nearest_robot=robot1
62.000,ours,-,fleet,MIN_DISTANCE_AVG,OK,1.311,,,0,robots_sampled=2
62.010,ours,-,fleet,CHOMP_TIME_PARTIAL,OK,,0.002,,0,iterations=10;iterations_executed=10;source=algorithm;round_trip=0.010606
62.510,ours,-,fleet,CHOMP_TIME_PARTIAL,OK,,0.002,,0,iterations=10;iterations_executed=10;source=algorithm;round_trip=0.010871
63.000,ours,-,robot1,MIN_DISTANCE,OK,0.668,0.668,,0,nearest_robot=robot2
63.000,ours,-,robot2,MIN_DISTANCE,OK,0.668,0.668,,0,nearest_robot=robot1
63.000,ours,-,fleet,MIN_DISTANCE_AVG,OK,0.668,,,0,robots_sampled=2
63.000,ours,-,fleet,CHOMP_TIME_PARTIAL,OK,,0.002,,0,iterations=10;iterations_executed=10;source=algorithm;round_trip=0.011129
63.500,ours,-,fleet,CHOMP_TIME_PARTIAL,OK,,0.002,,0,iterations=10;iterations_executed=10;source=algorithm;round_trip=0.010461
64.000,ours,-,robot1,MIN_DISTANCE,OK,0.636,0.636,,0,nearest_robot=robot2
64.000,ours,-,robot2,MIN_DISTANCE,OK,0.636,0.636,,0,nearest_robot=robot1
64.000,ours,-,fleet,MIN_DISTANCE_AVG,OK,0.636,,,0,robots_sampled=2
64.010,ours,-,fleet,CHOMP_TIME_PARTIAL,OK,,0.002,,0,iterations=10;iterations_executed=10;source=algorithm;round_trip=0.010839
64.510,ours,-,fleet,CHOMP_TIME_PARTIAL,OK,,0.002,,0,iterations=10;iterations_executed=10;source=algorithm;round_trip=0.010824
65.000,ours,-,robot1,MIN_DISTANCE,OK,1.194,1.194,,0,nearest_robot=robot2
65.000,ours,-,robot2,MIN_DISTANCE,OK,1.194,1.194,,0,nearest_robot=robot1
65.000,ours,-,fleet,MIN_DISTANCE_AVG,OK,1.194,,,0,robots_sampled=2
65.000,ours,-,fleet,CHOMP_TIME_PARTIAL,OK,,0.002,,0,iterations=10;iterations_executed=10;source=algorithm;round_trip=0.011037
65.510,ours,-,fleet,CHOMP_TIME_PARTIAL,OK,,0.002,,0,iterations=10;iterations_executed=10;source=algorithm;round_trip=0.010602
66.000,ours,-,robot1,MIN_DISTANCE,OK,2.025,2.025,,0,nearest_robot=robot2
66.000,ours,-,robot2,MIN_DISTANCE,OK,2.025,2.025,,0,nearest_robot=robot1
66.000,ours,-,fleet,MIN_DISTANCE_AVG,OK,2.025,,,0,robots_sampled=2
66.010,ours,-,fleet,CHOMP_TIME_PARTIAL,OK,,0.002,,0,iterations=10;iterations_executed=10;source=algorithm;round_trip=0.016777
66.500,ours,-,fleet,CHOMP_TIME_PARTIAL,OK,,0.002,,0,iterations=10;iterations_executed=10;source=algorithm;round_trip=0.010294
67.000,ours,-,robot1,MIN_DISTANCE,OK,2.842,2.842,,0,nearest_robot=robot2
67.000,ours,-,robot2,MIN_DISTANCE,OK,2.842,2.842,,0,nearest_robot=robot1
67.000,ours,-,fleet,MIN_DISTANCE_AVG,OK,2.842,,,0,robots_sampled=2
67.010,ours,-,fleet,CHOMP_TIME_PARTIAL,OK,,0.002,,0,iterations=10;iterations_executed=10;source=algorithm;round_trip=0.011026
67.510,ours,-,fleet,CHOMP_TIME_PARTIAL,OK,,0.002,,0,iterations=10;iterations_executed=10;source=algorithm;round_trip=0.010450
68.000,ours,-,robot1,MIN_DISTANCE,OK,3.669,3.669,,0,nearest_robot=robot2
68.000,ours,-,robot2,MIN_DISTANCE,OK,3.669,3.669,,0,nearest_robot=robot1
68.000,ours,-,fleet,MIN_DISTANCE_AVG,OK,3.669,,,0,robots_sampled=2
68.010,ours,-,fleet,CHOMP_TIME_PARTIAL,OK,,0.002,,0,iterations=10;iterations_executed=10;source=algorithm;round_trip=0.011208
68.510,ours,-,fleet,CHOMP_TIME_PARTIAL,OK,,0.002,,0,iterations=10;iterations_executed=10;source=algorithm;round_trip=0.011499
69.000,ours,-,robot1,MIN_DISTANCE,OK,4.437,4.437,,0,nearest_robot=robot2
69.000,ours,-,robot2,MIN_DISTANCE,OK,4.437,4.437,,0,nearest_robot=robot1
69.000,ours,-,fleet,MIN_DISTANCE_AVG,OK,4.437,,,0,robots_sampled=2
69.010,ours,-,fleet,CHOMP_TIME_PARTIAL,OK,,0.002,,0,iterations=10;iterations_executed=10;source=algorithm;round_trip=0.011215
69.510,ours,-,fleet,CHOMP_TIME_PARTIAL,OK,,0.002,,0,iterations=10;iterations_executed=10;source=algorithm;round_trip=0.010906
70.000,ours,-,robot1,MIN_DISTANCE,OK,5.208,5.208,,0,nearest_robot=robot2
70.000,ours,-,robot2,MIN_DISTANCE,OK,5.208,5.208,,0,nearest_robot=robot1
70.000,ours,-,fleet,MIN_DISTANCE_AVG,OK,5.208,,,0,robots_sampled=2
70.000,ours,-,fleet,CHOMP_TIME_PARTIAL,OK,,0.002,,0,iterations=10;iterations_executed=10;source=algorithm;round_trip=0.011684
70.510,ours,-,fleet,CHOMP_TIME_PARTIAL,OK,,0.002,,0,iterations=10;iterations_executed=10;source=algorithm;round_trip=0.012357
71.000,ours,-,robot1,MIN_DISTANCE,OK,6.036,6.036,,0,nearest_robot=robot2
71.000,ours,-,robot2,MIN_DISTANCE,OK,6.036,6.036,,0,nearest_robot=robot1
71.000,ours,-,fleet,MIN_DISTANCE_AVG,OK,6.036,,,0,robots_sampled=2
71.010,ours,-,fleet,CHOMP_TIME_PARTIAL,OK,,0.002,,0,iterations=10;iterations_executed=10;source=algorithm;round_trip=0.011220
71.510,ours,-,fleet,CHOMP_TIME_PARTIAL,OK,,0.002,,0,iterations=10;iterations_executed=10;source=algorithm;round_trip=0.011350
72.000,ours,-,robot1,MIN_DISTANCE,OK,6.855,6.855,,0,nearest_robot=robot2
72.000,ours,-,robot2,MIN_DISTANCE,OK,6.855,6.855,,0,nearest_robot=robot1
72.000,ours,-,fleet,MIN_DISTANCE_AVG,OK,6.855,,,0,robots_sampled=2
72.010,ours,-,fleet,CHOMP_TIME_PARTIAL,OK,,0.002,,0,iterations=10;iterations_executed=10;source=algorithm;round_trip=0.011533
72.510,ours,-,fleet,CHOMP_TIME_PARTIAL,OK,,0.002,,0,iterations=10;iterations_executed=10;source=algorithm;round_trip=0.010687
73.000,ours,-,robot1,MIN_DISTANCE,OK,7.710,7.710,,0,nearest_robot=robot2
73.000,ours,-,robot2,MIN_DISTANCE,OK,7.710,7.710,,0,nearest_robot=robot1
73.000,ours,-,fleet,MIN_DISTANCE_AVG,OK,7.710,,,0,robots_sampled=2
73.000,ours,-,fleet,CHOMP_TIME_PARTIAL,OK,,0.002,,0,iterations=10;iterations_executed=10;source=algorithm;round_trip=0.011269
73.500,ours,-,fleet,CHOMP_TIME_PARTIAL,OK,,0.002,,0,iterations=10;iterations_executed=10;source=algorithm;round_trip=0.010900
74.000,ours,-,robot1,MIN_DISTANCE,OK,8.539,8.539,,0,nearest_robot=robot2
74.000,ours,-,robot2,MIN_DISTANCE,OK,8.539,8.539,,0,nearest_robot=robot1
74.010,ours,-,fleet,CHOMP_TIME_PARTIAL,OK,,0.002,,0,iterations=10;iterations_executed=10;source=algorithm;round_trip=0.011120
74.000,ours,-,fleet,MIN_DISTANCE_AVG,OK,8.539,,,0,robots_sampled=2
74.510,ours,-,fleet,CHOMP_TIME_PARTIAL,OK,,0.002,,0,iterations=10;iterations_executed=10;source=algorithm;round_trip=0.011127
75.000,ours,-,robot1,MIN_DISTANCE,OK,9.183,9.183,,0,nearest_robot=robot2
75.000,ours,-,robot2,MIN_DISTANCE,OK,9.183,9.183,,0,nearest_robot=robot1
75.000,ours,-,fleet,MIN_DISTANCE_AVG,OK,9.183,,,0,robots_sampled=2
75.000,ours,-,fleet,CHOMP_TIME_PARTIAL,OK,,0.002,,0,iterations=10;iterations_executed=10;source=algorithm;round_trip=0.011467
75.510,ours,-,fleet,CHOMP_TIME_PARTIAL,OK,,0.002,,0,iterations=10;iterations_executed=10;source=algorithm;round_trip=0.011631
76.000,ours,-,robot1,MIN_DISTANCE,OK,9.797,9.797,,0,nearest_robot=robot2
76.000,ours,-,robot2,MIN_DISTANCE,OK,9.797,9.797,,0,nearest_robot=robot1
76.000,ours,-,fleet,MIN_DISTANCE_AVG,OK,9.797,,,0,robots_sampled=2
76.010,ours,-,fleet,CHOMP_TIME_PARTIAL,OK,,0.002,,0,iterations=10;iterations_executed=10;source=algorithm;round_trip=0.012199
76.510,ours,-,fleet,CHOMP_TIME_PARTIAL,OK,,0.002,,0,iterations=10;iterations_executed=10;source=algorithm;round_trip=0.011411
77.000,ours,-,robot1,MIN_DISTANCE,OK,10.498,10.498,,0,nearest_robot=robot2
77.000,ours,-,robot2,MIN_DISTANCE,OK,10.498,10.498,,0,nearest_robot=robot1
77.000,ours,-,fleet,MIN_DISTANCE_AVG,OK,10.498,,,0,robots_sampled=2
77.000,ours,-,fleet,CHOMP_TIME_PARTIAL,OK,,0.003,,0,iterations=10;iterations_executed=10;source=algorithm;round_trip=0.011846
77.510,ours,-,fleet,CHOMP_TIME_PARTIAL,OK,,0.002,,0,iterations=10;iterations_executed=10;source=algorithm;round_trip=0.011318
78.000,ours,-,robot1,MIN_DISTANCE,OK,11.265,11.265,,0,nearest_robot=robot2
78.000,ours,-,robot2,MIN_DISTANCE,OK,11.265,11.265,,0,nearest_robot=robot1
78.000,ours,-,fleet,MIN_DISTANCE_AVG,OK,11.265,,,0,robots_sampled=2
78.000,ours,-,fleet,CHOMP_TIME_PARTIAL,OK,,0.002,,0,iterations=10;iterations_executed=10;source=algorithm;round_trip=0.012258
78.500,ours,-,fleet,CHOMP_TIME_PARTIAL,OK,,0.002,,0,iterations=10;iterations_executed=10;source=algorithm;round_trip=0.011786
79.000,ours,-,robot1,MIN_DISTANCE,OK,11.905,11.905,,0,nearest_robot=robot2
79.000,ours,-,robot2,MIN_DISTANCE,OK,11.905,11.905,,0,nearest_robot=robot1
79.000,ours,-,fleet,MIN_DISTANCE_AVG,OK,11.905,,,0,robots_sampled=2
79.000,ours,-,fleet,CHOMP_TIME_PARTIAL,OK,,0.002,,0,iterations=10;iterations_executed=10;source=algorithm;round_trip=0.011481
79.510,ours,-,fleet,CHOMP_TIME_PARTIAL,OK,,0.002,,0,iterations=10;iterations_executed=10;source=algorithm;round_trip=0.011100
80.000,ours,-,robot1,MIN_DISTANCE,OK,12.317,12.317,,0,nearest_robot=robot2
80.000,ours,-,robot2,MIN_DISTANCE,OK,12.317,12.317,,0,nearest_robot=robot1
80.000,ours,-,fleet,MIN_DISTANCE_AVG,OK,12.317,,,0,robots_sampled=2
80.000,ours,-,fleet,CHOMP_TIME_PARTIAL,OK,,0.002,,0,iterations=10;iterations_executed=10;source=algorithm;round_trip=0.012286
80.510,ours,-,fleet,CHOMP_TIME_PARTIAL,OK,,0.002,,0,iterations=10;iterations_executed=10;source=algorithm;round_trip=0.011709
81.000,ours,-,robot1,MIN_DISTANCE,OK,12.712,12.712,,0,nearest_robot=robot2
81.000,ours,-,robot2,MIN_DISTANCE,OK,12.712,12.712,,0,nearest_robot=robot1
81.000,ours,-,fleet,MIN_DISTANCE_AVG,OK,12.712,,,0,robots_sampled=2
81.010,ours,-,fleet,CHOMP_TIME_PARTIAL,OK,,0.002,,0,iterations=10;iterations_executed=10;source=algorithm;round_trip=0.012487
82.000,ours,-,robot1,MIN_DISTANCE,OK,13.099,13.099,,0,nearest_robot=robot2
82.000,ours,-,robot2,MIN_DISTANCE,OK,13.099,13.099,,0,nearest_robot=robot1
82.000,ours,-,fleet,MIN_DISTANCE_AVG,OK,13.099,,,0,robots_sampled=2
82.000,ours,-,fleet,CHOMP_TIME_FULL,OK,,0.004,,0,iterations=100;iterations_executed=15;source=algorithm;round_trip=0.013836
82.510,ours,-,fleet,CHOMP_TIME_PARTIAL,OK,,0.002,,0,iterations=10;iterations_executed=10;source=algorithm;round_trip=0.011037
83.000,ours,-,robot1,MIN_DISTANCE,OK,13.545,13.545,,0,nearest_robot=robot2
83.000,ours,-,robot2,MIN_DISTANCE,OK,13.545,13.545,,0,nearest_robot=robot1
83.000,ours,-,fleet,MIN_DISTANCE_AVG,OK,13.545,,,0,robots_sampled=2
83.010,ours,-,fleet,CHOMP_TIME_PARTIAL,OK,,0.002,,0,iterations=10;iterations_executed=10;source=algorithm;round_trip=0.011870
83.510,ours,-,fleet,CHOMP_TIME_PARTIAL,OK,,0.002,,0,iterations=10;iterations_executed=10;source=algorithm;round_trip=0.011875
84.000,ours,-,robot1,MIN_DISTANCE,OK,14.034,14.034,,0,nearest_robot=robot2
84.000,ours,-,robot2,MIN_DISTANCE,OK,14.034,14.034,,0,nearest_robot=robot1
84.000,ours,-,fleet,MIN_DISTANCE_AVG,OK,14.034,,,0,robots_sampled=2
84.010,ours,-,fleet,CHOMP_TIME_PARTIAL,OK,,0.002,,0,iterations=10;iterations_executed=10;source=algorithm;round_trip=0.012223
84.510,ours,-,fleet,CHOMP_TIME_PARTIAL,OK,,0.002,,0,iterations=10;iterations_executed=10;source=algorithm;round_trip=0.011262
85.000,ours,-,robot1,MIN_DISTANCE,OK,14.365,14.365,,0,nearest_robot=robot2
85.000,ours,-,robot2,MIN_DISTANCE,OK,14.365,14.365,,0,nearest_robot=robot1
85.000,ours,-,fleet,MIN_DISTANCE_AVG,OK,14.365,,,0,robots_sampled=2
85.010,ours,-,fleet,CHOMP_TIME_PARTIAL,OK,,0.002,,0,iterations=10;iterations_executed=10;source=algorithm;round_trip=0.012639
85.500,ours,-,fleet,CHOMP_TIME_PARTIAL,OK,,0.002,,0,iterations=10;iterations_executed=10;source=algorithm;round_trip=0.012501
86.000,ours,-,robot1,MIN_DISTANCE,OK,14.589,14.589,,0,nearest_robot=robot2
86.000,ours,-,robot2,MIN_DISTANCE,OK,14.589,14.589,,0,nearest_robot=robot1
86.000,ours,-,fleet,MIN_DISTANCE_AVG,OK,14.589,,,0,robots_sampled=2
86.010,ours,-,fleet,CHOMP_TIME_PARTIAL,OK,,0.002,,0,iterations=10;iterations_executed=10;source=algorithm;round_trip=0.012232
86.510,ours,-,fleet,CHOMP_TIME_PARTIAL,OK,,0.002,,0,iterations=10;iterations_executed=10;source=algorithm;round_trip=0.012863
87.000,ours,-,robot1,MIN_DISTANCE,OK,14.722,14.722,,0,nearest_robot=robot2
87.000,ours,-,robot2,MIN_DISTANCE,OK,14.722,14.722,,0,nearest_robot=robot1
87.000,ours,-,fleet,MIN_DISTANCE_AVG,OK,14.722,,,0,robots_sampled=2
87.010,ours,-,fleet,CHOMP_TIME_PARTIAL,OK,,0.002,,0,iterations=10;iterations_executed=10;source=algorithm;round_trip=0.013958
87.510,ours,-,fleet,CHOMP_TIME_PARTIAL,OK,,0.002,,0,iterations=10;iterations_executed=10;source=algorithm;round_trip=0.012148
88.000,ours,-,robot1,MIN_DISTANCE,OK,14.836,14.836,,0,nearest_robot=robot2
88.000,ours,-,robot2,MIN_DISTANCE,OK,14.836,14.836,,0,nearest_robot=robot1
88.000,ours,-,fleet,MIN_DISTANCE_AVG,OK,14.836,,,0,robots_sampled=2
88.010,ours,-,fleet,CHOMP_TIME_PARTIAL,OK,,0.002,,0,iterations=10;iterations_executed=10;source=algorithm;round_trip=0.011840
88.510,ours,-,fleet,CHOMP_TIME_PARTIAL,OK,,0.002,,0,iterations=10;iterations_executed=10;source=algorithm;round_trip=0.011666
89.000,ours,-,robot1,MIN_DISTANCE,OK,15.029,15.029,,0,nearest_robot=robot2
89.000,ours,-,robot2,MIN_DISTANCE,OK,15.029,15.029,,0,nearest_robot=robot1
89.000,ours,-,fleet,MIN_DISTANCE_AVG,OK,15.029,,,0,robots_sampled=2
89.010,ours,-,fleet,CHOMP_TIME_PARTIAL,OK,,0.002,,0,iterations=10;iterations_executed=10;source=algorithm;round_trip=0.013394
89.510,ours,-,fleet,CHOMP_TIME_PARTIAL,OK,,0.002,,0,iterations=10;iterations_executed=10;source=algorithm;round_trip=0.012130
90.000,ours,-,robot1,MIN_DISTANCE,OK,15.237,15.237,,0,nearest_robot=robot2
90.000,ours,-,robot2,MIN_DISTANCE,OK,15.237,15.237,,0,nearest_robot=robot1
90.000,ours,-,fleet,MIN_DISTANCE_AVG,OK,15.237,,,0,robots_sampled=2
90.010,ours,-,fleet,CHOMP_TIME_PARTIAL,OK,,0.002,,0,iterations=10;iterations_executed=10;source=algorithm;round_trip=0.013925
90.510,ours,-,fleet,CHOMP_TIME_PARTIAL,OK,,0.002,,0,iterations=10;iterations_executed=10;source=algorithm;round_trip=0.012706
91.000,ours,-,robot1,MIN_DISTANCE,OK,15.456,15.456,,0,nearest_robot=robot2
91.000,ours,-,robot2,MIN_DISTANCE,OK,15.456,15.456,,0,nearest_robot=robot1
91.000,ours,-,fleet,MIN_DISTANCE_AVG,OK,15.456,,,0,robots_sampled=2
91.010,ours,-,fleet,CHOMP_TIME_PARTIAL,OK,,0.002,,0,iterations=10;iterations_executed=10;source=algorithm;round_trip=0.014660
91.510,ours,-,fleet,CHOMP_TIME_PARTIAL,OK,,0.002,,0,iterations=10;iterations_executed=10;source=algorithm;round_trip=0.012552
92.000,ours,-,robot1,MIN_DISTANCE,OK,15.734,15.734,,0,nearest_robot=robot2
92.000,ours,-,robot2,MIN_DISTANCE,OK,15.734,15.734,,0,nearest_robot=robot1
92.000,ours,-,fleet,MIN_DISTANCE_AVG,OK,15.734,,,0,robots_sampled=2
92.000,ours,-,fleet,CHOMP_TIME_PARTIAL,OK,,0.002,,0,iterations=10;iterations_executed=10;source=algorithm;round_trip=0.012918
92.510,ours,-,fleet,CHOMP_TIME_PARTIAL,OK,,0.002,,0,iterations=10;iterations_executed=10;source=algorithm;round_trip=0.012454
93.000,ours,-,robot1,MIN_DISTANCE,OK,15.934,15.934,,0,nearest_robot=robot2
93.000,ours,-,robot2,MIN_DISTANCE,OK,15.934,15.934,,0,nearest_robot=robot1
93.000,ours,-,fleet,MIN_DISTANCE_AVG,OK,15.934,,,0,robots_sampled=2
93.010,ours,-,fleet,CHOMP_TIME_PARTIAL,OK,,0.002,,0,iterations=10;iterations_executed=10;source=algorithm;round_trip=0.012099
93.520,ours,-,fleet,CHOMP_TIME_PARTIAL,OK,,0.002,,0,iterations=10;iterations_executed=10;source=algorithm;round_trip=0.018890
94.000,ours,-,robot1,MIN_DISTANCE,OK,16.130,16.130,,0,nearest_robot=robot2
94.000,ours,-,robot2,MIN_DISTANCE,OK,16.130,16.130,,0,nearest_robot=robot1
94.000,ours,-,fleet,MIN_DISTANCE_AVG,OK,16.130,,,0,robots_sampled=2
94.010,ours,-,fleet,CHOMP_TIME_PARTIAL,OK,,0.002,,0,iterations=10;iterations_executed=10;source=algorithm;round_trip=0.013524
94.510,ours,-,fleet,CHOMP_TIME_PARTIAL,OK,,0.002,,0,iterations=10;iterations_executed=10;source=algorithm;round_trip=0.012424
95.000,ours,-,robot1,MIN_DISTANCE,OK,16.113,16.113,,0,nearest_robot=robot2
95.000,ours,-,robot2,MIN_DISTANCE,OK,16.113,16.113,,0,nearest_robot=robot1
95.000,ours,-,fleet,MIN_DISTANCE_AVG,OK,16.113,,,0,robots_sampled=2
95.000,ours,-,fleet,CHOMP_TIME_PARTIAL,OK,,0.002,,0,iterations=10;iterations_executed=10;source=algorithm;round_trip=0.012322
95.500,ours,-,fleet,CHOMP_TIME_PARTIAL,OK,,0.002,,0,iterations=10;iterations_executed=10;source=algorithm;round_trip=0.012163
96.000,ours,-,robot1,MIN_DISTANCE,OK,15.876,15.876,,0,nearest_robot=robot2
96.000,ours,-,robot2,MIN_DISTANCE,OK,15.876,15.876,,0,nearest_robot=robot1
96.000,ours,-,fleet,MIN_DISTANCE_AVG,OK,15.876,,,0,robots_sampled=2
96.010,ours,-,fleet,CHOMP_TIME_PARTIAL,OK,,0.002,,0,iterations=10;iterations_executed=10;source=algorithm;round_trip=0.013349
96.510,ours,-,fleet,CHOMP_TIME_PARTIAL,OK,,0.002,,0,iterations=10;iterations_executed=10;source=algorithm;round_trip=0.012447
97.000,ours,-,robot1,MIN_DISTANCE,OK,15.683,15.683,,0,nearest_robot=robot2
97.000,ours,-,robot2,MIN_DISTANCE,OK,15.683,15.683,,0,nearest_robot=robot1
97.000,ours,-,fleet,MIN_DISTANCE_AVG,OK,15.683,,,0,robots_sampled=2
97.010,ours,-,fleet,CHOMP_TIME_PARTIAL,OK,,0.002,,0,iterations=10;iterations_executed=10;source=algorithm;round_trip=0.016201
98.000,ours,-,robot1,MIN_DISTANCE,OK,15.430,15.430,,0,nearest_robot=robot2
98.000,ours,-,robot2,MIN_DISTANCE,OK,15.430,15.430,,0,nearest_robot=robot1
98.000,ours,-,fleet,MIN_DISTANCE_AVG,OK,15.430,,,0,robots_sampled=2
98.030,ours,-,fleet,CHOMP_TIME_FULL,OK,,0.022,,0,iterations=100;iterations_executed=100;source=algorithm;round_trip=0.031358
98.510,ours,-,fleet,CHOMP_TIME_PARTIAL,OK,,0.002,,0,iterations=10;iterations_executed=10;source=algorithm;round_trip=0.012572
99.000,ours,-,robot1,MIN_DISTANCE,OK,15.022,15.022,,0,nearest_robot=robot2
99.000,ours,-,robot2,MIN_DISTANCE,OK,15.022,15.022,,0,nearest_robot=robot1
99.000,ours,-,fleet,MIN_DISTANCE_AVG,OK,15.022,,,0,robots_sampled=2
99.010,ours,-,fleet,CHOMP_TIME_PARTIAL,OK,,0.002,,0,iterations=10;iterations_executed=10;source=algorithm;round_trip=0.013611
99.510,ours,-,fleet,CHOMP_TIME_PARTIAL,OK,,0.002,,0,iterations=10;iterations_executed=10;source=algorithm;round_trip=0.012523
100.000,ours,-,robot1,MIN_DISTANCE,OK,14.650,14.650,,0,nearest_robot=robot2
100.000,ours,-,robot2,MIN_DISTANCE,OK,14.650,14.650,,0,nearest_robot=robot1
100.000,ours,-,fleet,MIN_DISTANCE_AVG,OK,14.650,,,0,robots_sampled=2
100.010,ours,-,fleet,CHOMP_TIME_PARTIAL,OK,,0.002,,0,iterations=10;iterations_executed=10;source=algorithm;round_trip=0.012452
100.510,ours,-,fleet,CHOMP_TIME_PARTIAL,OK,,0.002,,0,iterations=10;iterations_executed=10;source=algorithm;round_trip=0.013637
101.000,ours,-,robot1,MIN_DISTANCE,OK,14.401,14.401,,0,nearest_robot=robot2
101.000,ours,-,robot2,MIN_DISTANCE,OK,14.401,14.401,,0,nearest_robot=robot1
101.000,ours,-,fleet,MIN_DISTANCE_AVG,OK,14.401,,,0,robots_sampled=2
101.010,ours,-,fleet,CHOMP_TIME_PARTIAL,OK,,0.002,,0,iterations=10;iterations_executed=10;source=algorithm;round_trip=0.013038
101.510,ours,-,fleet,CHOMP_TIME_PARTIAL,OK,,0.002,,0,iterations=10;iterations_executed=10;source=algorithm;round_trip=0.012289
102.000,ours,-,robot1,MIN_DISTANCE,OK,14.018,14.018,,0,nearest_robot=robot2
102.000,ours,-,robot2,MIN_DISTANCE,OK,14.018,14.018,,0,nearest_robot=robot1
102.000,ours,-,fleet,MIN_DISTANCE_AVG,OK,14.018,,,0,robots_sampled=2
102.010,ours,-,fleet,CHOMP_TIME_PARTIAL,OK,,0.002,,0,iterations=10;iterations_executed=10;source=algorithm;round_trip=0.013636
102.510,ours,-,fleet,CHOMP_TIME_PARTIAL,OK,,0.002,,0,iterations=10;iterations_executed=10;source=algorithm;round_trip=0.012733
103.000,ours,-,robot1,MIN_DISTANCE,OK,13.487,13.487,,0,nearest_robot=robot2
103.000,ours,-,robot2,MIN_DISTANCE,OK,13.487,13.487,,0,nearest_robot=robot1
103.000,ours,-,fleet,MIN_DISTANCE_AVG,OK,13.487,,,0,robots_sampled=2
103.010,ours,-,fleet,CHOMP_TIME_PARTIAL,OK,,0.002,,0,iterations=10;iterations_executed=10;source=algorithm;round_trip=0.013106
103.510,ours,-,fleet,CHOMP_TIME_PARTIAL,OK,,0.002,,0,iterations=10;iterations_executed=10;source=algorithm;round_trip=0.013661
104.000,ours,-,robot1,MIN_DISTANCE,OK,12.919,12.919,,0,nearest_robot=robot2
104.000,ours,-,robot2,MIN_DISTANCE,OK,12.919,12.919,,0,nearest_robot=robot1
104.000,ours,-,fleet,MIN_DISTANCE_AVG,OK,12.919,,,0,robots_sampled=2
104.010,ours,-,fleet,CHOMP_TIME_PARTIAL,OK,,0.002,,0,iterations=10;iterations_executed=10;source=algorithm;round_trip=0.013298
104.510,ours,-,fleet,CHOMP_TIME_PARTIAL,OK,,0.002,,0,iterations=10;iterations_executed=10;source=algorithm;round_trip=0.018569
105.000,ours,-,robot1,MIN_DISTANCE,OK,12.364,12.364,,0,nearest_robot=robot2
105.000,ours,-,robot2,MIN_DISTANCE,OK,12.364,12.364,,0,nearest_robot=robot1
105.000,ours,-,fleet,MIN_DISTANCE_AVG,OK,12.364,,,0,robots_sampled=2
105.010,ours,-,fleet,CHOMP_TIME_PARTIAL,OK,,0.002,,0,iterations=10;iterations_executed=10;source=algorithm;round_trip=0.014332
105.510,ours,-,fleet,CHOMP_TIME_PARTIAL,OK,,0.003,,0,iterations=10;iterations_executed=10;source=algorithm;round_trip=0.013059
106.000,ours,-,robot1,MIN_DISTANCE,OK,11.852,11.852,,0,nearest_robot=robot2
106.000,ours,-,robot2,MIN_DISTANCE,OK,11.852,11.852,,0,nearest_robot=robot1
106.000,ours,-,fleet,MIN_DISTANCE_AVG,OK,11.852,,,0,robots_sampled=2
106.000,ours,-,fleet,CHOMP_TIME_PARTIAL,OK,,0.002,,0,iterations=10;iterations_executed=10;source=algorithm;round_trip=0.013258
106.510,ours,-,fleet,CHOMP_TIME_PARTIAL,OK,,0.002,,0,iterations=10;iterations_executed=10;source=algorithm;round_trip=0.012380
107.000,ours,-,robot1,MIN_DISTANCE,OK,11.294,11.294,,0,nearest_robot=robot2
107.000,ours,-,robot2,MIN_DISTANCE,OK,11.294,11.294,,0,nearest_robot=robot1
107.000,ours,-,fleet,MIN_DISTANCE_AVG,OK,11.294,,,0,robots_sampled=2
107.010,ours,-,fleet,CHOMP_TIME_PARTIAL,OK,,0.002,,0,iterations=10;iterations_executed=10;source=algorithm;round_trip=0.012645
107.500,ours,-,fleet,CHOMP_TIME_PARTIAL,OK,,0.002,,0,iterations=10;iterations_executed=10;source=algorithm;round_trip=0.012339
108.000,ours,-,robot1,MIN_DISTANCE,OK,10.790,10.790,,0,nearest_robot=robot2
108.000,ours,-,robot2,MIN_DISTANCE,OK,10.790,10.790,,0,nearest_robot=robot1
108.000,ours,-,fleet,MIN_DISTANCE_AVG,OK,10.790,,,0,robots_sampled=2
108.010,ours,-,fleet,CHOMP_TIME_PARTIAL,OK,,0.002,,0,iterations=10;iterations_executed=10;source=algorithm;round_trip=0.013237
108.510,ours,-,fleet,CHOMP_TIME_PARTIAL,OK,,0.002,,0,iterations=10;iterations_executed=10;source=algorithm;round_trip=0.012819
109.000,ours,-,robot1,MIN_DISTANCE,OK,10.257,10.257,,0,nearest_robot=robot2
109.000,ours,-,robot2,MIN_DISTANCE,OK,10.257,10.257,,0,nearest_robot=robot1
109.000,ours,-,fleet,MIN_DISTANCE_AVG,OK,10.257,,,0,robots_sampled=2
109.010,ours,-,fleet,CHOMP_TIME_PARTIAL,OK,,0.002,,0,iterations=10;iterations_executed=10;source=algorithm;round_trip=0.013140
109.510,ours,-,fleet,CHOMP_TIME_PARTIAL,OK,,0.002,,0,iterations=10;iterations_executed=10;source=algorithm;round_trip=0.016380
110.000,ours,-,robot1,MIN_DISTANCE,OK,9.707,9.707,,0,nearest_robot=robot2
110.000,ours,-,robot2,MIN_DISTANCE,OK,9.707,9.707,,0,nearest_robot=robot1
110.000,ours,-,fleet,MIN_DISTANCE_AVG,OK,9.707,,,0,robots_sampled=2
110.010,ours,-,fleet,CHOMP_TIME_PARTIAL,OK,,0.002,,0,iterations=10;iterations_executed=10;source=algorithm;round_trip=0.014688
110.510,ours,-,fleet,CHOMP_TIME_PARTIAL,OK,,0.002,,0,iterations=10;iterations_executed=10;source=algorithm;round_trip=0.013530
111.000,ours,-,robot1,MIN_DISTANCE,OK,9.201,9.201,,0,nearest_robot=robot2
111.000,ours,-,robot2,MIN_DISTANCE,OK,9.201,9.201,,0,nearest_robot=robot1
111.000,ours,-,fleet,MIN_DISTANCE_AVG,OK,9.201,,,0,robots_sampled=2
111.010,ours,-,fleet,CHOMP_TIME_PARTIAL,OK,,0.002,,0,iterations=10;iterations_executed=10;source=algorithm;round_trip=0.013842
112.000,ours,-,robot1,MIN_DISTANCE,OK,8.667,8.667,,0,nearest_robot=robot2
112.000,ours,-,robot2,MIN_DISTANCE,OK,8.667,8.667,,0,nearest_robot=robot1
112.000,ours,-,fleet,MIN_DISTANCE_AVG,OK,8.667,,,0,robots_sampled=2
112.010,ours,-,fleet,CHOMP_TIME_FULL,OK,,0.003,,0,iterations=100;iterations_executed=16;source=algorithm;round_trip=0.014434
112.510,ours,-,fleet,CHOMP_TIME_PARTIAL,OK,,0.002,,0,iterations=10;iterations_executed=10;source=algorithm;round_trip=0.014493
113.000,ours,-,robot1,MIN_DISTANCE,OK,8.103,8.103,,0,nearest_robot=robot2
113.000,ours,-,robot2,MIN_DISTANCE,OK,8.103,8.103,,0,nearest_robot=robot1
113.000,ours,-,fleet,MIN_DISTANCE_AVG,OK,8.103,,,0,robots_sampled=2
113.010,ours,-,fleet,CHOMP_TIME_PARTIAL,OK,,0.002,,0,iterations=10;iterations_executed=10;source=algorithm;round_trip=0.013432
113.510,ours,-,fleet,CHOMP_TIME_PARTIAL,OK,,0.002,,0,iterations=10;iterations_executed=10;source=algorithm;round_trip=0.012456
114.000,ours,-,robot1,MIN_DISTANCE,OK,7.526,7.526,,0,nearest_robot=robot2
114.000,ours,-,robot2,MIN_DISTANCE,OK,7.526,7.526,,0,nearest_robot=robot1
114.000,ours,-,fleet,MIN_DISTANCE_AVG,OK,7.526,,,0,robots_sampled=2
114.010,ours,-,fleet,CHOMP_TIME_PARTIAL,OK,,0.002,,0,iterations=10;iterations_executed=10;source=algorithm;round_trip=0.013390
114.500,ours,-,fleet,CHOMP_TIME_PARTIAL,OK,,0.002,,0,iterations=10;iterations_executed=10;source=algorithm;round_trip=0.012653
115.000,ours,-,robot1,MIN_DISTANCE,OK,6.972,6.972,,0,nearest_robot=robot2
115.000,ours,-,robot2,MIN_DISTANCE,OK,6.972,6.972,,0,nearest_robot=robot1
115.000,ours,-,fleet,MIN_DISTANCE_AVG,OK,6.972,,,0,robots_sampled=2
115.010,ours,-,fleet,CHOMP_TIME_PARTIAL,OK,,0.002,,0,iterations=10;iterations_executed=10;source=algorithm;round_trip=0.013617
115.510,ours,-,fleet,CHOMP_TIME_PARTIAL,OK,,0.002,,0,iterations=10;iterations_executed=10;source=algorithm;round_trip=0.012787
116.000,ours,-,robot1,MIN_DISTANCE,OK,6.455,6.455,,0,nearest_robot=robot2
116.000,ours,-,robot2,MIN_DISTANCE,OK,6.455,6.455,,0,nearest_robot=robot1
116.000,ours,-,fleet,MIN_DISTANCE_AVG,OK,6.455,,,0,robots_sampled=2
116.010,ours,-,fleet,CHOMP_TIME_PARTIAL,OK,,0.002,,0,iterations=10;iterations_executed=10;source=algorithm;round_trip=0.014814
116.510,ours,-,fleet,CHOMP_TIME_PARTIAL,OK,,0.002,,0,iterations=10;iterations_executed=10;source=algorithm;round_trip=0.014218
117.000,ours,-,robot1,MIN_DISTANCE,OK,5.897,5.897,,0,nearest_robot=robot2
117.000,ours,-,robot2,MIN_DISTANCE,OK,5.897,5.897,,0,nearest_robot=robot1
117.000,ours,-,fleet,MIN_DISTANCE_AVG,OK,5.897,,,0,robots_sampled=2
117.010,ours,-,fleet,CHOMP_TIME_PARTIAL,OK,,0.003,,0,iterations=10;iterations_executed=10;source=algorithm;round_trip=0.013569
117.510,ours,-,fleet,CHOMP_TIME_PARTIAL,OK,,0.002,,0,iterations=10;iterations_executed=10;source=algorithm;round_trip=0.013380
118.000,ours,-,robot1,MIN_DISTANCE,OK,5.379,5.379,,0,nearest_robot=robot2
118.000,ours,-,robot2,MIN_DISTANCE,OK,5.379,5.379,,0,nearest_robot=robot1
118.000,ours,-,fleet,MIN_DISTANCE_AVG,OK,5.379,,,0,robots_sampled=2
118.010,ours,-,fleet,CHOMP_TIME_PARTIAL,OK,,0.002,,0,iterations=10;iterations_executed=10;source=algorithm;round_trip=0.014311
118.510,ours,-,fleet,CHOMP_TIME_PARTIAL,OK,,0.002,,0,iterations=10;iterations_executed=10;source=algorithm;round_trip=0.013429
119.000,ours,-,robot1,MIN_DISTANCE,OK,4.837,4.837,,0,nearest_robot=robot2
119.000,ours,-,robot2,MIN_DISTANCE,OK,4.837,4.837,,0,nearest_robot=robot1
119.000,ours,-,fleet,MIN_DISTANCE_AVG,OK,4.837,,,0,robots_sampled=2
119.010,ours,-,fleet,CHOMP_TIME_PARTIAL,OK,,0.002,,0,iterations=10;iterations_executed=10;source=algorithm;round_trip=0.013601
119.510,ours,-,fleet,CHOMP_TIME_PARTIAL,OK,,0.002,,0,iterations=10;iterations_executed=10;source=algorithm;round_trip=0.013480
120.000,ours,-,robot1,MIN_DISTANCE,OK,4.277,4.277,,0,nearest_robot=robot2
120.000,ours,-,robot2,MIN_DISTANCE,OK,4.277,4.277,,0,nearest_robot=robot1
120.000,ours,-,fleet,MIN_DISTANCE_AVG,OK,4.277,,,0,robots_sampled=2
120.010,ours,-,fleet,CHOMP_TIME_PARTIAL,OK,,0.002,,0,iterations=10;iterations_executed=10;source=algorithm;round_trip=0.013620
120.510,ours,-,fleet,CHOMP_TIME_PARTIAL,OK,,0.002,,0,iterations=10;iterations_executed=10;source=algorithm;round_trip=0.013678
121.000,ours,-,robot1,MIN_DISTANCE,OK,3.833,3.833,,0,nearest_robot=robot2
121.000,ours,-,robot2,MIN_DISTANCE,OK,3.833,3.833,,0,nearest_robot=robot1
121.000,ours,-,fleet,MIN_DISTANCE_AVG,OK,3.833,,,0,robots_sampled=2
121.000,ours,-,fleet,CHOMP_TIME_PARTIAL,OK,,0.002,,0,iterations=10;iterations_executed=10;source=algorithm;round_trip=0.013749
121.510,ours,-,fleet,CHOMP_TIME_PARTIAL,OK,,0.002,,0,iterations=10;iterations_executed=10;source=algorithm;round_trip=0.018777
122.000,ours,-,robot1,MIN_DISTANCE,OK,3.460,3.460,,0,nearest_robot=robot2
122.000,ours,-,robot2,MIN_DISTANCE,OK,3.460,3.460,,0,nearest_robot=robot1
122.000,ours,-,fleet,MIN_DISTANCE_AVG,OK,3.460,,,0,robots_sampled=2
122.010,ours,-,fleet,CHOMP_TIME_PARTIAL,OK,,0.002,,0,iterations=10;iterations_executed=10;source=algorithm;round_trip=0.013789
122.510,ours,-,fleet,CHOMP_TIME_PARTIAL,OK,,0.002,,0,iterations=10;iterations_executed=10;source=algorithm;round_trip=0.013431
123.000,ours,-,robot1,MIN_DISTANCE,OK,3.355,3.355,,0,nearest_robot=robot2
123.000,ours,-,robot2,MIN_DISTANCE,OK,3.355,3.355,,0,nearest_robot=robot1
123.000,ours,-,fleet,MIN_DISTANCE_AVG,OK,3.355,,,0,robots_sampled=2
123.000,ours,-,fleet,CHOMP_TIME_PARTIAL,OK,,0.002,,0,iterations=10;iterations_executed=10;source=algorithm;round_trip=0.014483
123.510,ours,-,fleet,CHOMP_TIME_PARTIAL,OK,,0.003,,0,iterations=10;iterations_executed=10;source=algorithm;round_trip=0.015051
124.000,ours,-,robot1,MIN_DISTANCE,OK,3.274,3.274,,0,nearest_robot=robot2
124.000,ours,-,robot2,MIN_DISTANCE,OK,3.274,3.274,,0,nearest_robot=robot1
124.000,ours,-,fleet,MIN_DISTANCE_AVG,OK,3.274,,,0,robots_sampled=2
124.010,ours,-,fleet,CHOMP_TIME_PARTIAL,OK,,0.002,,0,iterations=10;iterations_executed=10;source=algorithm;round_trip=0.013652
124.510,ours,-,fleet,CHOMP_TIME_PARTIAL,OK,,0.002,,0,iterations=10;iterations_executed=10;source=algorithm;round_trip=0.013897
125.000,ours,-,robot1,MIN_DISTANCE,OK,3.288,3.288,,0,nearest_robot=robot2
125.000,ours,-,robot2,MIN_DISTANCE,OK,3.288,3.288,,0,nearest_robot=robot1
125.000,ours,-,fleet,MIN_DISTANCE_AVG,OK,3.288,,,0,robots_sampled=2
125.010,ours,-,fleet,CHOMP_TIME_PARTIAL,OK,,0.002,,0,iterations=10;iterations_executed=10;source=algorithm;round_trip=0.014072
125.510,ours,-,fleet,CHOMP_TIME_PARTIAL,OK,,0.002,,0,iterations=10;iterations_executed=10;source=algorithm;round_trip=0.012926
126.000,ours,-,robot1,MIN_DISTANCE,OK,3.275,3.275,,0,nearest_robot=robot2
126.000,ours,-,robot2,MIN_DISTANCE,OK,3.275,3.275,,0,nearest_robot=robot1
126.000,ours,-,fleet,MIN_DISTANCE_AVG,OK,3.275,,,0,robots_sampled=2
126.000,ours,-,fleet,CHOMP_TIME_PARTIAL,OK,,0.002,,0,iterations=10;iterations_executed=10;source=algorithm;round_trip=0.014200
126.510,ours,-,fleet,CHOMP_TIME_PARTIAL,OK,,0.002,,0,iterations=10;iterations_executed=10;source=algorithm;round_trip=0.013501
127.000,ours,-,robot1,MIN_DISTANCE,OK,3.285,3.285,,0,nearest_robot=robot2
127.000,ours,-,robot2,MIN_DISTANCE,OK,3.285,3.285,,0,nearest_robot=robot1
127.000,ours,-,fleet,MIN_DISTANCE_AVG,OK,3.285,,,0,robots_sampled=2
127.010,ours,-,fleet,CHOMP_TIME_PARTIAL,OK,,0.002,,0,iterations=10;iterations_executed=10;source=algorithm;round_trip=0.013946
127.510,ours,-,fleet,CHOMP_TIME_PARTIAL,OK,,0.002,,0,iterations=10;iterations_executed=10;source=algorithm;round_trip=0.014344
128.000,ours,-,robot1,MIN_DISTANCE,OK,3.256,3.256,,0,nearest_robot=robot2
128.000,ours,-,robot2,MIN_DISTANCE,OK,3.256,3.256,,0,nearest_robot=robot1
128.000,ours,-,fleet,MIN_DISTANCE_AVG,OK,3.256,,,0,robots_sampled=2
128.010,ours,-,fleet,CHOMP_TIME_PARTIAL,OK,,0.002,,0,iterations=10;iterations_executed=10;source=algorithm;round_trip=0.014482
128.510,ours,-,fleet,CHOMP_TIME_PARTIAL,OK,,0.002,,0,iterations=10;iterations_executed=10;source=algorithm;round_trip=0.014587
129.000,ours,-,robot1,MIN_DISTANCE,OK,3.082,3.082,,0,nearest_robot=robot2
129.000,ours,-,robot2,MIN_DISTANCE,OK,3.082,3.082,,0,nearest_robot=robot1
129.000,ours,-,fleet,MIN_DISTANCE_AVG,OK,3.082,,,0,robots_sampled=2
129.010,ours,-,fleet,CHOMP_TIME_PARTIAL,OK,,0.002,,0,iterations=10;iterations_executed=10;source=algorithm;round_trip=0.014012
129.510,ours,-,fleet,CHOMP_TIME_PARTIAL,OK,,0.002,,0,iterations=10;iterations_executed=10;source=algorithm;round_trip=0.014457
130.000,ours,-,robot1,MIN_DISTANCE,OK,2.936,2.936,,0,nearest_robot=robot2
130.000,ours,-,robot2,MIN_DISTANCE,OK,2.936,2.936,,0,nearest_robot=robot1
130.000,ours,-,fleet,MIN_DISTANCE_AVG,OK,2.936,,,0,robots_sampled=2
130.010,ours,-,fleet,CHOMP_TIME_PARTIAL,OK,,0.002,,0,iterations=10;iterations_executed=10;source=algorithm;round_trip=0.020072
130.510,ours,-,fleet,CHOMP_TIME_PARTIAL,OK,,0.002,,0,iterations=10;iterations_executed=10;source=algorithm;round_trip=0.013590
131.000,ours,-,robot1,MIN_DISTANCE,OK,2.706,2.706,,0,nearest_robot=robot2
131.000,ours,-,robot2,MIN_DISTANCE,OK,2.706,2.706,,0,nearest_robot=robot1
131.000,ours,-,fleet,MIN_DISTANCE_AVG,OK,2.706,,,0,robots_sampled=2
131.010,ours,-,fleet,CHOMP_TIME_PARTIAL,OK,,0.002,,0,iterations=10;iterations_executed=10;source=algorithm;round_trip=0.014258
131.500,ours,-,fleet,CHOMP_TIME_PARTIAL,OK,,0.002,,0,iterations=10;iterations_executed=10;source=algorithm;round_trip=0.014870
132.000,ours,-,robot1,MIN_DISTANCE,OK,2.464,2.464,,0,nearest_robot=robot2
132.000,ours,-,robot2,MIN_DISTANCE,OK,2.464,2.464,,0,nearest_robot=robot1
132.000,ours,-,fleet,MIN_DISTANCE_AVG,OK,2.464,,,0,robots_sampled=2
132.010,ours,-,fleet,CHOMP_TIME_PARTIAL,OK,,0.002,,0,iterations=10;iterations_executed=10;source=algorithm;round_trip=0.014454
132.500,ours,-,fleet,CHOMP_TIME_PARTIAL,OK,,0.002,,0,iterations=10;iterations_executed=10;source=algorithm;round_trip=0.014165
133.000,ours,-,robot1,MIN_DISTANCE,OK,2.184,2.184,,0,nearest_robot=robot2
133.000,ours,-,robot2,MIN_DISTANCE,OK,2.184,2.184,,0,nearest_robot=robot1
133.000,ours,-,fleet,MIN_DISTANCE_AVG,OK,2.184,,,0,robots_sampled=2
133.010,ours,-,fleet,CHOMP_TIME_PARTIAL,OK,,0.002,,0,iterations=10;iterations_executed=10;source=algorithm;round_trip=0.015021
133.500,ours,-,fleet,CHOMP_TIME_PARTIAL,OK,,0.002,,0,iterations=10;iterations_executed=10;source=algorithm;round_trip=0.013431
134.000,ours,-,robot1,MIN_DISTANCE,OK,1.876,1.876,,0,nearest_robot=robot2
134.000,ours,-,robot2,MIN_DISTANCE,OK,1.876,1.876,,0,nearest_robot=robot1
134.010,ours,-,fleet,CHOMP_TIME_PARTIAL,OK,,0.002,,0,iterations=10;iterations_executed=10;source=algorithm;round_trip=0.015301
134.000,ours,-,fleet,MIN_DISTANCE_AVG,OK,1.876,,,0,robots_sampled=2
134.510,ours,-,fleet,CHOMP_TIME_PARTIAL,OK,,0.002,,0,iterations=10;iterations_executed=10;source=algorithm;round_trip=0.015176
135.000,ours,-,robot1,MIN_DISTANCE,OK,1.581,1.581,,0,nearest_robot=robot2
135.000,ours,-,robot2,MIN_DISTANCE,OK,1.581,1.581,,0,nearest_robot=robot1
135.000,ours,-,fleet,MIN_DISTANCE_AVG,OK,1.581,,,0,robots_sampled=2
135.010,ours,-,fleet,CHOMP_TIME_PARTIAL,OK,,0.002,,0,iterations=10;iterations_executed=10;source=algorithm;round_trip=0.015985
135.510,ours,-,fleet,CHOMP_TIME_PARTIAL,OK,,0.002,,0,iterations=10;iterations_executed=10;source=algorithm;round_trip=0.015500
136.000,ours,-,robot1,MIN_DISTANCE,OK,1.413,1.413,,0,nearest_robot=robot2
136.000,ours,-,robot2,MIN_DISTANCE,OK,1.413,1.413,,0,nearest_robot=robot1
136.000,ours,-,fleet,MIN_DISTANCE_AVG,OK,1.413,,,0,robots_sampled=2
136.010,ours,-,fleet,CHOMP_TIME_PARTIAL,OK,,0.002,,0,iterations=10;iterations_executed=10;source=algorithm;round_trip=0.015311
137.000,ours,-,robot1,MIN_DISTANCE,OK,1.384,1.384,,0,nearest_robot=robot2
137.000,ours,-,robot2,MIN_DISTANCE,OK,1.384,1.384,,0,nearest_robot=robot1
137.000,ours,-,fleet,MIN_DISTANCE_AVG,OK,1.384,,,0,robots_sampled=2
137.030,ours,-,fleet,CHOMP_TIME_FULL,OK,,0.019,,0,iterations=100;iterations_executed=100;source=algorithm;round_trip=0.029704
138.000,ours,-,robot1,MIN_DISTANCE,OK,1.425,1.425,,0,nearest_robot=robot2
138.000,ours,-,robot2,MIN_DISTANCE,OK,1.425,1.425,,0,nearest_robot=robot1
138.000,ours,-,fleet,MIN_DISTANCE_AVG,OK,1.425,,,0,robots_sampled=2
139.000,ours,-,robot1,MIN_DISTANCE,OK,1.475,1.475,,0,nearest_robot=robot2
139.000,ours,-,robot2,MIN_DISTANCE,OK,1.475,1.475,,0,nearest_robot=robot1
139.000,ours,-,fleet,MIN_DISTANCE_AVG,OK,1.475,,,0,robots_sampled=2
139.020,ours,-,fleet,CHOMP_TIME_FULL,OK,,0.017,,0,iterations=100;iterations_executed=88;source=algorithm;round_trip=0.026988
139.510,ours,-,fleet,CHOMP_TIME_PARTIAL,OK,,0.002,,0,iterations=10;iterations_executed=10;source=algorithm;round_trip=0.014645
140.000,ours,-,robot1,MIN_DISTANCE,OK,1.310,1.310,,0,nearest_robot=robot2
140.000,ours,-,robot2,MIN_DISTANCE,OK,1.310,1.310,,0,nearest_robot=robot1
140.000,ours,-,fleet,MIN_DISTANCE_AVG,OK,1.310,,,0,robots_sampled=2
140.010,ours,-,fleet,CHOMP_TIME_PARTIAL,OK,,0.002,,0,iterations=10;iterations_executed=10;source=algorithm;round_trip=0.015060
140.510,ours,-,fleet,CHOMP_TIME_PARTIAL,OK,,0.002,,0,iterations=10;iterations_executed=10;source=algorithm;round_trip=0.013608
141.000,ours,-,robot1,MIN_DISTANCE,OK,1.132,1.132,,0,nearest_robot=robot2
141.000,ours,-,robot2,MIN_DISTANCE,OK,1.132,1.132,,0,nearest_robot=robot1
141.000,ours,-,fleet,MIN_DISTANCE_AVG,OK,1.132,,,0,robots_sampled=2
141.020,ours,-,fleet,CHOMP_TIME_PARTIAL,OK,,0.002,,0,iterations=10;iterations_executed=10;source=algorithm;round_trip=0.020140
141.510,ours,-,fleet,CHOMP_TIME_PARTIAL,OK,,0.002,,0,iterations=10;iterations_executed=10;source=algorithm;round_trip=0.014350
142.000,ours,-,robot1,MIN_DISTANCE,OK,1.144,1.144,,0,nearest_robot=robot2
142.000,ours,-,robot2,MIN_DISTANCE,OK,1.144,1.144,,0,nearest_robot=robot1
142.000,ours,-,fleet,MIN_DISTANCE_AVG,OK,1.144,,,0,robots_sampled=2
142.010,ours,-,fleet,CHOMP_TIME_PARTIAL,OK,,0.002,,0,iterations=10;iterations_executed=10;source=algorithm;round_trip=0.015285
142.510,ours,-,fleet,CHOMP_TIME_PARTIAL,OK,,0.002,,0,iterations=10;iterations_executed=10;source=algorithm;round_trip=0.014857
143.000,ours,-,robot1,MIN_DISTANCE,OK,1.168,1.168,,0,nearest_robot=robot2
143.000,ours,-,robot2,MIN_DISTANCE,OK,1.168,1.168,,0,nearest_robot=robot1
143.000,ours,-,fleet,MIN_DISTANCE_AVG,OK,1.168,,,0,robots_sampled=2
143.010,ours,-,fleet,CHOMP_TIME_PARTIAL,OK,,0.002,,0,iterations=10;iterations_executed=10;source=algorithm;round_trip=0.015195
144.000,ours,-,robot1,MIN_DISTANCE,OK,0.932,0.932,,0,nearest_robot=robot2
144.000,ours,-,robot2,MIN_DISTANCE,OK,0.932,0.932,,0,nearest_robot=robot1
144.000,ours,-,fleet,MIN_DISTANCE_AVG,OK,0.932,,,0,robots_sampled=2
144.010,ours,-,fleet,CHOMP_TIME_FULL,OK,,0.004,,0,iterations=100;iterations_executed=17;source=algorithm;round_trip=0.017654
144.510,ours,-,fleet,CHOMP_TIME_PARTIAL,OK,,0.002,,0,iterations=10;iterations_executed=10;source=algorithm;round_trip=0.015350
145.000,ours,-,robot1,MIN_DISTANCE,OK,0.981,0.981,,0,nearest_robot=robot2
145.000,ours,-,robot2,MIN_DISTANCE,OK,0.981,0.981,,0,nearest_robot=robot1
145.000,ours,-,fleet,MIN_DISTANCE_AVG,OK,0.981,,,0,robots_sampled=2
145.010,ours,-,fleet,CHOMP_TIME_PARTIAL,OK,,0.002,,0,iterations=10;iterations_executed=10;source=algorithm;round_trip=0.015204
145.510,ours,-,fleet,CHOMP_TIME_PARTIAL,OK,,0.002,,0,iterations=10;iterations_executed=10;source=algorithm;round_trip=0.014078
146.000,ours,-,robot1,MIN_DISTANCE,OK,1.347,1.347,,0,nearest_robot=robot2
146.000,ours,-,robot2,MIN_DISTANCE,OK,1.347,1.347,,0,nearest_robot=robot1
146.000,ours,-,fleet,MIN_DISTANCE_AVG,OK,1.347,,,0,robots_sampled=2
146.010,ours,-,fleet,CHOMP_TIME_PARTIAL,OK,,0.002,,0,iterations=10;iterations_executed=10;source=algorithm;round_trip=0.014967
146.500,ours,-,fleet,CHOMP_TIME_PARTIAL,OK,,0.002,,0,iterations=10;iterations_executed=10;source=algorithm;round_trip=0.014884
147.000,ours,-,robot1,MIN_DISTANCE,OK,1.806,1.806,,0,nearest_robot=robot2
147.000,ours,-,robot2,MIN_DISTANCE,OK,1.806,1.806,,0,nearest_robot=robot1
147.000,ours,-,fleet,MIN_DISTANCE_AVG,OK,1.806,,,0,robots_sampled=2
147.010,ours,-,fleet,CHOMP_TIME_PARTIAL,OK,,0.002,,0,iterations=10;iterations_executed=10;source=algorithm;round_trip=0.014952
147.510,ours,-,fleet,CHOMP_TIME_PARTIAL,OK,,0.002,,0,iterations=10;iterations_executed=10;source=algorithm;round_trip=0.014423
148.000,ours,-,robot1,MIN_DISTANCE,OK,2.222,2.222,,0,nearest_robot=robot2
148.000,ours,-,robot2,MIN_DISTANCE,OK,2.222,2.222,,0,nearest_robot=robot1
148.000,ours,-,fleet,MIN_DISTANCE_AVG,OK,2.222,,,0,robots_sampled=2
148.000,ours,-,fleet,CHOMP_TIME_PARTIAL,OK,,0.002,,0,iterations=10;iterations_executed=10;source=algorithm;round_trip=0.015451
148.510,ours,-,fleet,CHOMP_TIME_PARTIAL,OK,,0.002,,0,iterations=10;iterations_executed=10;source=algorithm;round_trip=0.014706
149.000,ours,-,robot1,MIN_DISTANCE,OK,2.636,2.636,,0,nearest_robot=robot2
149.000,ours,-,robot2,MIN_DISTANCE,OK,2.636,2.636,,0,nearest_robot=robot1
149.000,ours,-,fleet,MIN_DISTANCE_AVG,OK,2.636,,,0,robots_sampled=2
149.010,ours,-,fleet,CHOMP_TIME_PARTIAL,OK,,0.002,,0,iterations=10;iterations_executed=10;source=algorithm;round_trip=0.014747
149.510,ours,-,fleet,CHOMP_TIME_PARTIAL,OK,,0.002,,0,iterations=10;iterations_executed=10;source=algorithm;round_trip=0.014309
150.000,ours,-,robot1,MIN_DISTANCE,OK,3.040,3.040,,0,nearest_robot=robot2
150.000,ours,-,robot2,MIN_DISTANCE,OK,3.040,3.040,,0,nearest_robot=robot1
150.000,ours,-,fleet,MIN_DISTANCE_AVG,OK,3.040,,,0,robots_sampled=2
150.010,ours,-,fleet,CHOMP_TIME_PARTIAL,OK,,0.002,,0,iterations=10;iterations_executed=10;source=algorithm;round_trip=0.015519
150.510,ours,-,fleet,CHOMP_TIME_PARTIAL,OK,,0.002,,0,iterations=10;iterations_executed=10;source=algorithm;round_trip=0.014401
151.000,ours,-,robot1,MIN_DISTANCE,OK,3.207,3.207,,0,nearest_robot=robot2
151.000,ours,-,robot2,MIN_DISTANCE,OK,3.207,3.207,,0,nearest_robot=robot1
151.000,ours,-,fleet,MIN_DISTANCE_AVG,OK,3.207,,,0,robots_sampled=2
151.010,ours,-,fleet,CHOMP_TIME_PARTIAL,OK,,0.002,,0,iterations=10;iterations_executed=10;source=algorithm;round_trip=0.014934
151.510,ours,-,fleet,CHOMP_TIME_PARTIAL,OK,,0.002,,0,iterations=10;iterations_executed=10;source=algorithm;round_trip=0.015139
152.000,ours,-,robot1,MIN_DISTANCE,OK,3.038,3.038,,0,nearest_robot=robot2
152.000,ours,-,robot2,MIN_DISTANCE,OK,3.038,3.038,,0,nearest_robot=robot1
152.000,ours,-,fleet,MIN_DISTANCE_AVG,OK,3.038,,,0,robots_sampled=2
152.010,ours,-,fleet,CHOMP_TIME_PARTIAL,OK,,0.002,,0,iterations=10;iterations_executed=10;source=algorithm;round_trip=0.015443
152.510,ours,-,fleet,CHOMP_TIME_PARTIAL,OK,,0.002,,0,iterations=10;iterations_executed=10;source=algorithm;round_trip=0.014688
153.000,ours,-,robot1,MIN_DISTANCE,OK,2.989,2.989,,0,nearest_robot=robot2
153.000,ours,-,robot2,MIN_DISTANCE,OK,2.989,2.989,,0,nearest_robot=robot1
153.000,ours,-,fleet,MIN_DISTANCE_AVG,OK,2.989,,,0,robots_sampled=2
153.010,ours,-,fleet,CHOMP_TIME_PARTIAL,OK,,0.002,,0,iterations=10;iterations_executed=10;source=algorithm;round_trip=0.015452
153.500,ours,-,fleet,CHOMP_TIME_PARTIAL,OK,,0.002,,0,iterations=10;iterations_executed=10;source=algorithm;round_trip=0.015420
154.000,ours,-,robot1,MIN_DISTANCE,OK,3.081,3.081,,0,nearest_robot=robot2
154.000,ours,-,robot2,MIN_DISTANCE,OK,3.081,3.081,,0,nearest_robot=robot1
154.000,ours,-,fleet,MIN_DISTANCE_AVG,OK,3.081,,,0,robots_sampled=2
154.010,ours,-,fleet,CHOMP_TIME_PARTIAL,OK,,0.002,,0,iterations=10;iterations_executed=10;source=algorithm;round_trip=0.014962
154.510,ours,-,fleet,CHOMP_TIME_PARTIAL,OK,,0.002,,0,iterations=10;iterations_executed=10;source=algorithm;round_trip=0.015041
155.000,ours,-,robot1,MIN_DISTANCE,OK,3.275,3.275,,0,nearest_robot=robot2
155.000,ours,-,robot2,MIN_DISTANCE,OK,3.275,3.275,,0,nearest_robot=robot1
155.000,ours,-,fleet,MIN_DISTANCE_AVG,OK,3.275,,,0,robots_sampled=2
155.010,ours,-,fleet,CHOMP_TIME_PARTIAL,OK,,0.002,,0,iterations=10;iterations_executed=10;source=algorithm;round_trip=0.016112
155.510,ours,-,fleet,CHOMP_TIME_PARTIAL,OK,,0.002,,0,iterations=10;iterations_executed=10;source=algorithm;round_trip=0.015396
156.000,ours,-,robot1,MIN_DISTANCE,OK,3.525,3.525,,0,nearest_robot=robot2
156.000,ours,-,robot2,MIN_DISTANCE,OK,3.525,3.525,,0,nearest_robot=robot1
156.000,ours,-,fleet,MIN_DISTANCE_AVG,OK,3.525,,,0,robots_sampled=2
156.010,ours,-,fleet,CHOMP_TIME_PARTIAL,OK,,0.002,,0,iterations=10;iterations_executed=10;source=algorithm;round_trip=0.014717
156.510,ours,-,fleet,CHOMP_TIME_PARTIAL,OK,,0.002,,0,iterations=10;iterations_executed=10;source=algorithm;round_trip=0.015320
157.000,ours,-,robot1,MIN_DISTANCE,OK,3.916,3.916,,0,nearest_robot=robot2
157.000,ours,-,robot2,MIN_DISTANCE,OK,3.916,3.916,,0,nearest_robot=robot1
157.000,ours,-,fleet,MIN_DISTANCE_AVG,OK,3.916,,,0,robots_sampled=2
157.010,ours,-,fleet,CHOMP_TIME_PARTIAL,OK,,0.002,,0,iterations=10;iterations_executed=10;source=algorithm;round_trip=0.015717
157.510,ours,-,fleet,CHOMP_TIME_PARTIAL,OK,,0.003,,0,iterations=10;iterations_executed=10;source=algorithm;round_trip=0.015418
158.000,ours,-,robot1,MIN_DISTANCE,OK,4.191,4.191,,0,nearest_robot=robot2
158.000,ours,-,robot2,MIN_DISTANCE,OK,4.191,4.191,,0,nearest_robot=robot1
158.000,ours,-,fleet,MIN_DISTANCE_AVG,OK,4.191,,,0,robots_sampled=2
158.010,ours,-,fleet,CHOMP_TIME_PARTIAL,OK,,0.002,,0,iterations=10;iterations_executed=10;source=algorithm;round_trip=0.014827
158.510,ours,-,fleet,CHOMP_TIME_PARTIAL,OK,,0.002,,0,iterations=10;iterations_executed=10;source=algorithm;round_trip=0.015923
159.000,ours,-,robot1,MIN_DISTANCE,OK,4.401,4.401,,0,nearest_robot=robot2
159.000,ours,-,robot2,MIN_DISTANCE,OK,4.401,4.401,,0,nearest_robot=robot1
159.000,ours,-,fleet,MIN_DISTANCE_AVG,OK,4.401,,,0,robots_sampled=2
159.010,ours,-,fleet,CHOMP_TIME_PARTIAL,OK,,0.002,,0,iterations=10;iterations_executed=10;source=algorithm;round_trip=0.015437
159.510,ours,-,fleet,CHOMP_TIME_PARTIAL,OK,,0.003,,0,iterations=10;iterations_executed=10;source=algorithm;round_trip=0.015688
160.000,ours,-,robot1,MIN_DISTANCE,OK,4.652,4.652,,0,nearest_robot=robot2
160.000,ours,-,robot2,MIN_DISTANCE,OK,4.652,4.652,,0,nearest_robot=robot1
160.000,ours,-,fleet,MIN_DISTANCE_AVG,OK,4.652,,,0,robots_sampled=2
160.010,ours,-,fleet,CHOMP_TIME_PARTIAL,OK,,0.002,,0,iterations=10;iterations_executed=10;source=algorithm;round_trip=0.016993
160.510,ours,-,fleet,CHOMP_TIME_PARTIAL,OK,,0.002,,0,iterations=10;iterations_executed=10;source=algorithm;round_trip=0.015804
161.000,ours,-,robot1,MIN_DISTANCE,OK,5.140,5.140,,0,nearest_robot=robot2
161.000,ours,-,robot2,MIN_DISTANCE,OK,5.140,5.140,,0,nearest_robot=robot1
161.000,ours,-,fleet,MIN_DISTANCE_AVG,OK,5.140,,,0,robots_sampled=2
161.010,ours,-,fleet,CHOMP_TIME_PARTIAL,OK,,0.002,,0,iterations=10;iterations_executed=10;source=algorithm;round_trip=0.015471
161.510,ours,-,fleet,CHOMP_TIME_PARTIAL,OK,,0.002,,0,iterations=10;iterations_executed=10;source=algorithm;round_trip=0.015192
162.000,ours,-,robot1,MIN_DISTANCE,OK,5.605,5.605,,0,nearest_robot=robot2
162.000,ours,-,robot2,MIN_DISTANCE,OK,5.605,5.605,,0,nearest_robot=robot1
162.010,ours,-,fleet,CHOMP_TIME_PARTIAL,OK,,0.002,,0,iterations=10;iterations_executed=10;source=algorithm;round_trip=0.015808
162.000,ours,-,fleet,MIN_DISTANCE_AVG,OK,5.605,,,0,robots_sampled=2
162.510,ours,-,fleet,CHOMP_TIME_PARTIAL,OK,,0.002,,0,iterations=10;iterations_executed=10;source=algorithm;round_trip=0.015958
163.000,ours,-,robot1,MIN_DISTANCE,OK,6.227,6.227,,0,nearest_robot=robot2
163.000,ours,-,robot2,MIN_DISTANCE,OK,6.227,6.227,,0,nearest_robot=robot1
163.000,ours,-,fleet,MIN_DISTANCE_AVG,OK,6.227,,,0,robots_sampled=2
163.010,ours,-,fleet,CHOMP_TIME_PARTIAL,OK,,0.002,,0,iterations=10;iterations_executed=10;source=algorithm;round_trip=0.015897
163.510,ours,-,fleet,CHOMP_TIME_PARTIAL,OK,,0.002,,0,iterations=10;iterations_executed=10;source=algorithm;round_trip=0.015995
164.000,ours,-,robot1,MIN_DISTANCE,OK,6.755,6.755,,0,nearest_robot=robot2
164.000,ours,-,robot2,MIN_DISTANCE,OK,6.755,6.755,,0,nearest_robot=robot1
164.000,ours,-,fleet,MIN_DISTANCE_AVG,OK,6.755,,,0,robots_sampled=2
164.010,ours,-,fleet,CHOMP_TIME_PARTIAL,OK,,0.002,,0,iterations=10;iterations_executed=10;source=algorithm;round_trip=0.016023
164.510,ours,-,fleet,CHOMP_TIME_PARTIAL,OK,,0.002,,0,iterations=10;iterations_executed=10;source=algorithm;round_trip=0.015258
165.000,ours,-,robot1,MIN_DISTANCE,OK,7.299,7.299,,0,nearest_robot=robot2
165.000,ours,-,robot2,MIN_DISTANCE,OK,7.299,7.299,,0,nearest_robot=robot1
165.000,ours,-,fleet,MIN_DISTANCE_AVG,OK,7.299,,,0,robots_sampled=2
165.010,ours,-,fleet,CHOMP_TIME_PARTIAL,OK,,0.002,,0,iterations=10;iterations_executed=10;source=algorithm;round_trip=0.016651
165.510,ours,-,fleet,CHOMP_TIME_PARTIAL,OK,,0.002,,0,iterations=10;iterations_executed=10;source=algorithm;round_trip=0.015989
166.000,ours,-,robot1,MIN_DISTANCE,OK,7.876,7.876,,0,nearest_robot=robot2
166.000,ours,-,robot2,MIN_DISTANCE,OK,7.876,7.876,,0,nearest_robot=robot1
166.000,ours,-,fleet,MIN_DISTANCE_AVG,OK,7.876,,,0,robots_sampled=2
166.010,ours,-,fleet,CHOMP_TIME_PARTIAL,OK,,0.002,,0,iterations=10;iterations_executed=10;source=algorithm;round_trip=0.015733
166.510,ours,-,fleet,CHOMP_TIME_PARTIAL,OK,,0.002,,0,iterations=10;iterations_executed=10;source=algorithm;round_trip=0.016008
167.000,ours,-,robot1,MIN_DISTANCE,OK,8.490,8.490,,0,nearest_robot=robot2
167.000,ours,-,robot2,MIN_DISTANCE,OK,8.490,8.490,,0,nearest_robot=robot1
167.000,ours,-,fleet,MIN_DISTANCE_AVG,OK,8.490,,,0,robots_sampled=2
167.010,ours,-,fleet,CHOMP_TIME_PARTIAL,OK,,0.002,,0,iterations=10;iterations_executed=10;source=algorithm;round_trip=0.016646
167.510,ours,-,fleet,CHOMP_TIME_PARTIAL,OK,,0.002,,0,iterations=10;iterations_executed=10;source=algorithm;round_trip=0.017312
168.000,ours,-,robot1,MIN_DISTANCE,OK,9.167,9.167,,0,nearest_robot=robot2
168.000,ours,-,robot2,MIN_DISTANCE,OK,9.167,9.167,,0,nearest_robot=robot1
168.000,ours,-,fleet,MIN_DISTANCE_AVG,OK,9.167,,,0,robots_sampled=2
168.010,ours,-,fleet,CHOMP_TIME_PARTIAL,OK,,0.002,,0,iterations=10;iterations_executed=10;source=algorithm;round_trip=0.016002
168.510,ours,-,fleet,CHOMP_TIME_PARTIAL,OK,,0.002,,0,iterations=10;iterations_executed=10;source=algorithm;round_trip=0.016313
169.000,ours,-,robot1,MIN_DISTANCE,OK,9.791,9.791,,0,nearest_robot=robot2
169.000,ours,-,robot2,MIN_DISTANCE,OK,9.791,9.791,,0,nearest_robot=robot1
169.000,ours,-,fleet,MIN_DISTANCE_AVG,OK,9.791,,,0,robots_sampled=2
169.010,ours,-,fleet,CHOMP_TIME_PARTIAL,OK,,0.002,,0,iterations=10;iterations_executed=10;source=algorithm;round_trip=0.016668
169.510,ours,-,fleet,CHOMP_TIME_PARTIAL,OK,,0.002,,0,iterations=10;iterations_executed=10;source=algorithm;round_trip=0.015589
170.000,ours,-,robot1,MIN_DISTANCE,OK,10.471,10.471,,0,nearest_robot=robot2
170.000,ours,-,robot2,MIN_DISTANCE,OK,10.471,10.471,,0,nearest_robot=robot1
170.010,ours,-,fleet,CHOMP_TIME_PARTIAL,OK,,0.002,,0,iterations=10;iterations_executed=10;source=algorithm;round_trip=0.016181
170.000,ours,-,fleet,MIN_DISTANCE_AVG,OK,10.471,,,0,robots_sampled=2
170.510,ours,-,fleet,CHOMP_TIME_PARTIAL,OK,,0.002,,0,iterations=10;iterations_executed=10;source=algorithm;round_trip=0.016743
171.000,ours,-,robot1,MIN_DISTANCE,OK,11.039,11.039,,0,nearest_robot=robot2
171.000,ours,-,robot2,MIN_DISTANCE,OK,11.039,11.039,,0,nearest_robot=robot1
171.000,ours,-,fleet,MIN_DISTANCE_AVG,OK,11.039,,,0,robots_sampled=2
171.010,ours,-,fleet,CHOMP_TIME_PARTIAL,OK,,0.002,,0,iterations=10;iterations_executed=10;source=algorithm;round_trip=0.017563
171.510,ours,-,fleet,CHOMP_TIME_PARTIAL,OK,,0.002,,0,iterations=10;iterations_executed=10;source=algorithm;round_trip=0.015576
172.000,ours,-,robot1,MIN_DISTANCE,OK,11.583,11.583,,0,nearest_robot=robot2
172.000,ours,-,robot2,MIN_DISTANCE,OK,11.583,11.583,,0,nearest_robot=robot1
172.000,ours,-,fleet,MIN_DISTANCE_AVG,OK,11.583,,,0,robots_sampled=2
172.010,ours,-,fleet,CHOMP_TIME_PARTIAL,OK,,0.002,,0,iterations=10;iterations_executed=10;source=algorithm;round_trip=0.016498
172.510,ours,-,fleet,CHOMP_TIME_PARTIAL,OK,,0.002,,0,iterations=10;iterations_executed=10;source=algorithm;round_trip=0.015996
173.000,ours,-,robot1,MIN_DISTANCE,OK,12.139,12.139,,0,nearest_robot=robot2
173.000,ours,-,robot2,MIN_DISTANCE,OK,12.139,12.139,,0,nearest_robot=robot1
173.000,ours,-,fleet,MIN_DISTANCE_AVG,OK,12.139,,,0,robots_sampled=2
173.010,ours,-,fleet,CHOMP_TIME_PARTIAL,OK,,0.002,,0,iterations=10;iterations_executed=10;source=algorithm;round_trip=0.016852
173.510,ours,-,fleet,CHOMP_TIME_PARTIAL,OK,,0.002,,0,iterations=10;iterations_executed=10;source=algorithm;round_trip=0.016001
174.000,ours,-,robot1,MIN_DISTANCE,OK,12.665,12.665,,0,nearest_robot=robot2
174.000,ours,-,robot2,MIN_DISTANCE,OK,12.665,12.665,,0,nearest_robot=robot1
174.000,ours,-,fleet,MIN_DISTANCE_AVG,OK,12.665,,,0,robots_sampled=2
174.010,ours,-,fleet,CHOMP_TIME_PARTIAL,OK,,0.002,,0,iterations=10;iterations_executed=10;source=algorithm;round_trip=0.016515
174.520,ours,-,fleet,CHOMP_TIME_PARTIAL,OK,,0.003,,0,iterations=10;iterations_executed=10;source=algorithm;round_trip=0.022983
175.000,ours,-,robot1,MIN_DISTANCE,OK,13.208,13.208,,0,nearest_robot=robot2
175.000,ours,-,robot2,MIN_DISTANCE,OK,13.208,13.208,,0,nearest_robot=robot1
175.000,ours,-,fleet,MIN_DISTANCE_AVG,OK,13.208,,,0,robots_sampled=2
175.010,ours,-,fleet,CHOMP_TIME_PARTIAL,OK,,0.002,,0,iterations=10;iterations_executed=10;source=algorithm;round_trip=0.016317
175.510,ours,-,fleet,CHOMP_TIME_PARTIAL,OK,,0.002,,0,iterations=10;iterations_executed=10;source=algorithm;round_trip=0.016703
176.000,ours,-,robot1,MIN_DISTANCE,OK,13.724,13.724,,0,nearest_robot=robot2
176.000,ours,-,robot2,MIN_DISTANCE,OK,13.724,13.724,,0,nearest_robot=robot1
176.000,ours,-,fleet,MIN_DISTANCE_AVG,OK,13.724,,,0,robots_sampled=2
176.010,ours,-,fleet,CHOMP_TIME_PARTIAL,OK,,0.002,,0,iterations=10;iterations_executed=10;source=algorithm;round_trip=0.016352
176.510,ours,-,fleet,CHOMP_TIME_PARTIAL,OK,,0.002,,0,iterations=10;iterations_executed=10;source=algorithm;round_trip=0.015921
177.000,ours,-,robot1,MIN_DISTANCE,OK,14.259,14.259,,0,nearest_robot=robot2
177.000,ours,-,robot2,MIN_DISTANCE,OK,14.259,14.259,,0,nearest_robot=robot1
177.000,ours,-,fleet,MIN_DISTANCE_AVG,OK,14.259,,,0,robots_sampled=2
177.010,ours,-,fleet,CHOMP_TIME_PARTIAL,OK,,0.002,,0,iterations=10;iterations_executed=10;source=algorithm;round_trip=0.016716
177.510,ours,-,fleet,CHOMP_TIME_PARTIAL,OK,,0.002,,0,iterations=10;iterations_executed=10;source=algorithm;round_trip=0.016716
178.000,ours,-,robot1,MIN_DISTANCE,OK,14.777,14.777,,0,nearest_robot=robot2
178.000,ours,-,robot2,MIN_DISTANCE,OK,14.777,14.777,,0,nearest_robot=robot1
178.000,ours,-,fleet,MIN_DISTANCE_AVG,OK,14.777,,,0,robots_sampled=2
178.010,ours,-,fleet,CHOMP_TIME_PARTIAL,OK,,0.002,,0,iterations=10;iterations_executed=10;source=algorithm;round_trip=0.016366
178.510,ours,-,fleet,CHOMP_TIME_PARTIAL,OK,,0.002,,0,iterations=10;iterations_executed=10;source=algorithm;round_trip=0.016648
179.000,ours,-,robot1,MIN_DISTANCE,OK,15.309,15.309,,0,nearest_robot=robot2
179.000,ours,-,robot2,MIN_DISTANCE,OK,15.309,15.309,,0,nearest_robot=robot1
179.000,ours,-,fleet,MIN_DISTANCE_AVG,OK,15.309,,,0,robots_sampled=2
179.010,ours,-,fleet,CHOMP_TIME_PARTIAL,OK,,0.002,,0,iterations=10;iterations_executed=10;source=algorithm;round_trip=0.017665
179.510,ours,-,fleet,CHOMP_TIME_PARTIAL,OK,,0.003,,0,iterations=10;iterations_executed=10;source=algorithm;round_trip=0.017211
180.000,ours,-,robot1,MIN_DISTANCE,OK,15.771,15.771,,0,nearest_robot=robot2
180.000,ours,-,robot2,MIN_DISTANCE,OK,15.771,15.771,,0,nearest_robot=robot1
180.000,ours,-,fleet,MIN_DISTANCE_AVG,OK,15.771,,,0,robots_sampled=2
180.010,ours,-,fleet,CHOMP_TIME_PARTIAL,OK,,0.002,,0,iterations=10;iterations_executed=10;source=algorithm;round_trip=0.016576
180.510,ours,-,fleet,CHOMP_TIME_PARTIAL,OK,,0.002,,0,iterations=10;iterations_executed=10;source=algorithm;round_trip=0.016189
181.000,ours,-,robot1,MIN_DISTANCE,OK,16.087,16.087,,0,nearest_robot=robot2
181.000,ours,-,robot2,MIN_DISTANCE,OK,16.087,16.087,,0,nearest_robot=robot1
181.000,ours,-,fleet,MIN_DISTANCE_AVG,OK,16.087,,,0,robots_sampled=2
181.010,ours,-,fleet,CHOMP_TIME_PARTIAL,OK,,0.002,,0,iterations=10;iterations_executed=10;source=algorithm;round_trip=0.016522
181.510,ours,-,fleet,CHOMP_TIME_PARTIAL,OK,,0.002,,0,iterations=10;iterations_executed=10;source=algorithm;round_trip=0.016440
182.000,ours,-,robot1,MIN_DISTANCE,OK,16.333,16.333,,0,nearest_robot=robot2
182.000,ours,-,robot2,MIN_DISTANCE,OK,16.333,16.333,,0,nearest_robot=robot1
182.000,ours,-,fleet,MIN_DISTANCE_AVG,OK,16.333,,,0,robots_sampled=2
182.010,ours,-,fleet,CHOMP_TIME_PARTIAL,OK,,0.002,,0,iterations=10;iterations_executed=10;source=algorithm;round_trip=0.017565
182.510,ours,-,fleet,CHOMP_TIME_PARTIAL,OK,,0.003,,0,iterations=10;iterations_executed=10;source=algorithm;round_trip=0.018022
183.000,ours,-,robot1,MIN_DISTANCE,OK,16.556,16.556,,0,nearest_robot=robot2
183.000,ours,-,robot2,MIN_DISTANCE,OK,16.556,16.556,,0,nearest_robot=robot1
183.000,ours,-,fleet,MIN_DISTANCE_AVG,OK,16.556,,,0,robots_sampled=2
183.010,ours,-,fleet,CHOMP_TIME_PARTIAL,OK,,0.002,,0,iterations=10;iterations_executed=10;source=algorithm;round_trip=0.018503
184.000,ours,-,robot1,MIN_DISTANCE,OK,16.769,16.769,,0,nearest_robot=robot2
184.000,ours,-,robot2,MIN_DISTANCE,OK,16.769,16.769,,0,nearest_robot=robot1
184.000,ours,-,fleet,MIN_DISTANCE_AVG,OK,16.769,,,0,robots_sampled=2
184.010,ours,-,fleet,CHOMP_TIME_FULL,OK,,0.003,,0,iterations=100;iterations_executed=14;source=algorithm;round_trip=0.019267
184.510,ours,-,fleet,CHOMP_TIME_PARTIAL,OK,,0.002,,0,iterations=10;iterations_executed=10;source=algorithm;round_trip=0.016050
185.000,ours,-,robot1,MIN_DISTANCE,OK,16.975,16.975,,0,nearest_robot=robot2
185.000,ours,-,robot2,MIN_DISTANCE,OK,16.975,16.975,,0,nearest_robot=robot1
185.000,ours,-,fleet,MIN_DISTANCE_AVG,OK,16.975,,,0,robots_sampled=2
185.010,ours,-,fleet,CHOMP_TIME_PARTIAL,OK,,0.002,,0,iterations=10;iterations_executed=10;source=algorithm;round_trip=0.016816
185.510,ours,-,fleet,CHOMP_TIME_PARTIAL,OK,,0.002,,0,iterations=10;iterations_executed=10;source=algorithm;round_trip=0.017155
186.000,ours,-,robot1,MIN_DISTANCE,OK,17.099,17.099,,0,nearest_robot=robot2
186.000,ours,-,robot2,MIN_DISTANCE,OK,17.099,17.099,,0,nearest_robot=robot1
186.000,ours,-,fleet,MIN_DISTANCE_AVG,OK,17.099,,,0,robots_sampled=2
186.010,ours,-,fleet,CHOMP_TIME_PARTIAL,OK,,0.002,,0,iterations=10;iterations_executed=10;source=algorithm;round_trip=0.017851
186.510,ours,-,fleet,CHOMP_TIME_PARTIAL,OK,,0.002,,0,iterations=10;iterations_executed=10;source=algorithm;round_trip=0.016501
187.000,ours,-,robot1,MIN_DISTANCE,OK,16.949,16.949,,0,nearest_robot=robot2
187.000,ours,-,robot2,MIN_DISTANCE,OK,16.949,16.949,,0,nearest_robot=robot1
187.000,ours,-,fleet,MIN_DISTANCE_AVG,OK,16.949,,,0,robots_sampled=2
187.010,ours,-,fleet,CHOMP_TIME_PARTIAL,OK,,0.002,,0,iterations=10;iterations_executed=10;source=algorithm;round_trip=0.018967
187.510,ours,-,fleet,CHOMP_TIME_PARTIAL,OK,,0.003,,0,iterations=10;iterations_executed=10;source=algorithm;round_trip=0.018067
188.000,ours,-,robot1,MIN_DISTANCE,OK,16.805,16.805,,0,nearest_robot=robot2
188.000,ours,-,robot2,MIN_DISTANCE,OK,16.805,16.805,,0,nearest_robot=robot1
188.000,ours,-,fleet,MIN_DISTANCE_AVG,OK,16.805,,,0,robots_sampled=2
188.010,ours,-,fleet,CHOMP_TIME_PARTIAL,OK,,0.002,,0,iterations=10;iterations_executed=10;source=algorithm;round_trip=0.017587
188.510,ours,-,fleet,CHOMP_TIME_PARTIAL,OK,,0.002,,0,iterations=10;iterations_executed=10;source=algorithm;round_trip=0.017502
189.000,ours,-,robot1,MIN_DISTANCE,OK,16.632,16.632,,0,nearest_robot=robot2
189.000,ours,-,robot2,MIN_DISTANCE,OK,16.632,16.632,,0,nearest_robot=robot1
189.010,ours,-,fleet,CHOMP_TIME_PARTIAL,OK,,0.002,,0,iterations=10;iterations_executed=10;source=algorithm;round_trip=0.018519
189.000,ours,-,fleet,MIN_DISTANCE_AVG,OK,16.632,,,0,robots_sampled=2
189.510,ours,-,fleet,CHOMP_TIME_PARTIAL,OK,,0.002,,0,iterations=10;iterations_executed=10;source=algorithm;round_trip=0.016491
190.000,ours,-,robot1,MIN_DISTANCE,OK,16.492,16.492,,0,nearest_robot=robot2
190.000,ours,-,robot2,MIN_DISTANCE,OK,16.492,16.492,,0,nearest_robot=robot1
190.000,ours,-,fleet,MIN_DISTANCE_AVG,OK,16.492,,,0,robots_sampled=2
190.010,ours,-,fleet,CHOMP_TIME_PARTIAL,OK,,0.002,,0,iterations=10;iterations_executed=10;source=algorithm;round_trip=0.019731
190.510,ours,-,fleet,CHOMP_TIME_PARTIAL,OK,,0.002,,0,iterations=10;iterations_executed=10;source=algorithm;round_trip=0.016395
191.000,ours,-,robot1,MIN_DISTANCE,OK,16.323,16.323,,0,nearest_robot=robot2
191.000,ours,-,robot2,MIN_DISTANCE,OK,16.323,16.323,,0,nearest_robot=robot1
191.000,ours,-,fleet,MIN_DISTANCE_AVG,OK,16.323,,,0,robots_sampled=2
191.020,ours,-,fleet,CHOMP_TIME_PARTIAL,OK,,0.002,,0,iterations=10;iterations_executed=10;source=algorithm;round_trip=0.023362
191.510,ours,-,fleet,CHOMP_TIME_PARTIAL,OK,,0.002,,0,iterations=10;iterations_executed=10;source=algorithm;round_trip=0.017106
192.000,ours,-,robot1,MIN_DISTANCE,OK,15.993,15.993,,0,nearest_robot=robot2
192.000,ours,-,robot2,MIN_DISTANCE,OK,15.993,15.993,,0,nearest_robot=robot1
192.000,ours,-,fleet,MIN_DISTANCE_AVG,OK,15.993,,,0,robots_sampled=2
192.010,ours,-,fleet,CHOMP_TIME_PARTIAL,OK,,0.002,,0,iterations=10;iterations_executed=10;source=algorithm;round_trip=0.018300
192.510,ours,-,fleet,CHOMP_TIME_PARTIAL,OK,,0.002,,0,iterations=10;iterations_executed=10;source=algorithm;round_trip=0.017249
193.000,ours,-,robot1,MIN_DISTANCE,OK,15.604,15.604,,0,nearest_robot=robot2
193.000,ours,-,robot2,MIN_DISTANCE,OK,15.604,15.604,,0,nearest_robot=robot1
193.000,ours,-,fleet,MIN_DISTANCE_AVG,OK,15.604,,,0,robots_sampled=2
193.010,ours,-,fleet,CHOMP_TIME_PARTIAL,OK,,0.002,,0,iterations=10;iterations_executed=10;source=algorithm;round_trip=0.017342
193.510,ours,-,fleet,CHOMP_TIME_PARTIAL,OK,,0.002,,0,iterations=10;iterations_executed=10;source=algorithm;round_trip=0.016637
194.000,ours,-,robot1,MIN_DISTANCE,OK,15.217,15.217,,0,nearest_robot=robot2
194.000,ours,-,robot2,MIN_DISTANCE,OK,15.217,15.217,,0,nearest_robot=robot1
194.000,ours,-,fleet,MIN_DISTANCE_AVG,OK,15.217,,,0,robots_sampled=2
194.010,ours,-,fleet,CHOMP_TIME_PARTIAL,OK,,0.002,,0,iterations=10;iterations_executed=10;source=algorithm;round_trip=0.019082
195.000,ours,-,robot1,MIN_DISTANCE,OK,14.840,14.840,,0,nearest_robot=robot2
195.000,ours,-,robot2,MIN_DISTANCE,OK,14.840,14.840,,0,nearest_robot=robot1
195.000,ours,-,fleet,MIN_DISTANCE_AVG,OK,14.840,,,0,robots_sampled=2
195.010,ours,-,fleet,CHOMP_TIME_FULL,OK,,0.003,,0,iterations=100;iterations_executed=14;source=algorithm;round_trip=0.018451
195.510,ours,-,fleet,CHOMP_TIME_PARTIAL,OK,,0.002,,0,iterations=10;iterations_executed=10;source=algorithm;round_trip=0.016566
196.000,ours,-,robot1,MIN_DISTANCE,OK,14.443,14.443,,0,nearest_robot=robot2
196.000,ours,-,robot2,MIN_DISTANCE,OK,14.443,14.443,,0,nearest_robot=robot1
196.000,ours,-,fleet,MIN_DISTANCE_AVG,OK,14.443,,,0,robots_sampled=2
196.010,ours,-,fleet,CHOMP_TIME_PARTIAL,OK,,0.002,,0,iterations=10;iterations_executed=10;source=algorithm;round_trip=0.016940
196.510,ours,-,fleet,CHOMP_TIME_PARTIAL,OK,,0.002,,0,iterations=10;iterations_executed=10;source=algorithm;round_trip=0.016945
197.000,ours,-,robot1,MIN_DISTANCE,OK,14.051,14.051,,0,nearest_robot=robot2
197.000,ours,-,robot2,MIN_DISTANCE,OK,14.051,14.051,,0,nearest_robot=robot1
197.000,ours,-,fleet,MIN_DISTANCE_AVG,OK,14.051,,,0,robots_sampled=2
197.010,ours,-,fleet,CHOMP_TIME_PARTIAL,OK,,0.002,,0,iterations=10;iterations_executed=10;source=algorithm;round_trip=0.017638
197.510,ours,-,fleet,CHOMP_TIME_PARTIAL,OK,,0.002,,0,iterations=10;iterations_executed=10;source=algorithm;round_trip=0.017179
198.000,ours,-,robot1,MIN_DISTANCE,OK,13.642,13.642,,0,nearest_robot=robot2
198.000,ours,-,robot2,MIN_DISTANCE,OK,13.642,13.642,,0,nearest_robot=robot1
198.000,ours,-,fleet,MIN_DISTANCE_AVG,OK,13.642,,,0,robots_sampled=2
198.010,ours,-,fleet,CHOMP_TIME_PARTIAL,OK,,0.002,,0,iterations=10;iterations_executed=10;source=algorithm;round_trip=0.019850
199.000,ours,-,robot1,MIN_DISTANCE,OK,13.239,13.239,,0,nearest_robot=robot2
199.000,ours,-,robot2,MIN_DISTANCE,OK,13.239,13.239,,0,nearest_robot=robot1
199.000,ours,-,fleet,MIN_DISTANCE_AVG,OK,13.239,,,0,robots_sampled=2
199.020,ours,-,fleet,CHOMP_TIME_FULL,OK,,0.013,,0,iterations=100;iterations_executed=59;source=algorithm;round_trip=0.021467
199.510,ours,-,fleet,CHOMP_TIME_PARTIAL,OK,,0.002,,0,iterations=10;iterations_executed=10;source=algorithm;round_trip=0.017151
200.000,ours,-,robot1,MIN_DISTANCE,OK,12.834,12.834,,0,nearest_robot=robot2
200.000,ours,-,robot2,MIN_DISTANCE,OK,12.834,12.834,,0,nearest_robot=robot1
200.000,ours,-,fleet,MIN_DISTANCE_AVG,OK,12.834,,,0,robots_sampled=2
200.010,ours,-,fleet,CHOMP_TIME_PARTIAL,OK,,0.002,,0,iterations=10;iterations_executed=10;source=algorithm;round_trip=0.017284
200.510,ours,-,fleet,CHOMP_TIME_PARTIAL,OK,,0.002,,0,iterations=10;iterations_executed=10;source=algorithm;round_trip=0.016568
201.000,ours,-,robot1,MIN_DISTANCE,OK,12.646,12.646,,0,nearest_robot=robot2
201.000,ours,-,robot2,MIN_DISTANCE,OK,12.646,12.646,,0,nearest_robot=robot1
201.000,ours,-,fleet,MIN_DISTANCE_AVG,OK,12.646,,,0,robots_sampled=2
201.010,ours,-,fleet,CHOMP_TIME_PARTIAL,OK,,0.002,,0,iterations=10;iterations_executed=10;source=algorithm;round_trip=0.018321
202.000,ours,-,robot1,MIN_DISTANCE,OK,12.670,12.670,,0,nearest_robot=robot2
202.000,ours,-,robot2,MIN_DISTANCE,OK,12.670,12.670,,0,nearest_robot=robot1
202.000,ours,-,fleet,MIN_DISTANCE_AVG,OK,12.670,,,0,robots_sampled=2
202.020,ours,-,fleet,CHOMP_TIME_FULL,OK,,0.003,,0,iterations=100;iterations_executed=14;source=algorithm;round_trip=0.019995
202.510,ours,-,fleet,CHOMP_TIME_PARTIAL,OK,,0.002,,0,iterations=10;iterations_executed=10;source=algorithm;round_trip=0.017243
203.000,ours,-,robot1,MIN_DISTANCE,OK,12.457,12.457,,0,nearest_robot=robot2
203.000,ours,-,robot2,MIN_DISTANCE,OK,12.457,12.457,,0,nearest_robot=robot1
203.000,ours,-,fleet,MIN_DISTANCE_AVG,OK,12.457,,,0,robots_sampled=2
203.010,ours,-,fleet,CHOMP_TIME_PARTIAL,OK,,0.002,,0,iterations=10;iterations_executed=10;source=algorithm;round_trip=0.017774
203.510,ours,-,fleet,CHOMP_TIME_PARTIAL,OK,,0.002,,0,iterations=10;iterations_executed=10;source=algorithm;round_trip=0.017338
204.000,ours,-,robot1,MIN_DISTANCE,OK,12.015,12.015,,0,nearest_robot=robot2
204.000,ours,-,robot2,MIN_DISTANCE,OK,12.015,12.015,,0,nearest_robot=robot1
204.000,ours,-,fleet,MIN_DISTANCE_AVG,OK,12.015,,,0,robots_sampled=2
204.010,ours,-,fleet,CHOMP_TIME_PARTIAL,OK,,0.002,,0,iterations=10;iterations_executed=10;source=algorithm;round_trip=0.020520
204.510,ours,-,fleet,CHOMP_TIME_PARTIAL,OK,,0.002,,0,iterations=10;iterations_executed=10;source=algorithm;round_trip=0.017747
205.000,ours,-,robot1,MIN_DISTANCE,OK,11.396,11.396,,0,nearest_robot=robot2
205.000,ours,-,robot2,MIN_DISTANCE,OK,11.396,11.396,,0,nearest_robot=robot1
205.000,ours,-,fleet,MIN_DISTANCE_AVG,OK,11.396,,,0,robots_sampled=2
205.010,ours,-,fleet,CHOMP_TIME_PARTIAL,OK,,0.002,,0,iterations=10;iterations_executed=10;source=algorithm;round_trip=0.018389
205.510,ours,-,fleet,CHOMP_TIME_PARTIAL,OK,,0.002,,0,iterations=10;iterations_executed=10;source=algorithm;round_trip=0.016666
206.000,ours,-,robot1,MIN_DISTANCE,OK,10.771,10.771,,0,nearest_robot=robot2
206.000,ours,-,robot2,MIN_DISTANCE,OK,10.771,10.771,,0,nearest_robot=robot1
206.000,ours,-,fleet,MIN_DISTANCE_AVG,OK,10.771,,,0,robots_sampled=2
206.010,ours,-,fleet,CHOMP_TIME_PARTIAL,OK,,0.002,,0,iterations=10;iterations_executed=10;source=algorithm;round_trip=0.018147
206.510,ours,-,fleet,CHOMP_TIME_PARTIAL,OK,,0.002,,0,iterations=10;iterations_executed=10;source=algorithm;round_trip=0.022762
207.000,ours,-,robot1,MIN_DISTANCE,OK,10.190,10.190,,0,nearest_robot=robot2
207.000,ours,-,robot2,MIN_DISTANCE,OK,10.190,10.190,,0,nearest_robot=robot1
207.000,ours,-,fleet,MIN_DISTANCE_AVG,OK,10.190,,,0,robots_sampled=2
207.010,ours,-,fleet,CHOMP_TIME_PARTIAL,OK,,0.002,,0,iterations=10;iterations_executed=10;source=algorithm;round_trip=0.017698
207.510,ours,-,fleet,CHOMP_TIME_PARTIAL,OK,,0.002,,0,iterations=10;iterations_executed=10;source=algorithm;round_trip=0.018328
208.000,ours,-,robot1,MIN_DISTANCE,OK,9.665,9.665,,0,nearest_robot=robot2
208.000,ours,-,robot2,MIN_DISTANCE,OK,9.665,9.665,,0,nearest_robot=robot1
208.000,ours,-,fleet,MIN_DISTANCE_AVG,OK,9.665,,,0,robots_sampled=2
208.010,ours,-,fleet,CHOMP_TIME_PARTIAL,OK,,0.002,,0,iterations=10;iterations_executed=10;source=algorithm;round_trip=0.017886
208.510,ours,-,fleet,CHOMP_TIME_PARTIAL,OK,,0.002,,0,iterations=10;iterations_executed=10;source=algorithm;round_trip=0.017520
209.000,ours,-,robot1,MIN_DISTANCE,OK,9.099,9.099,,0,nearest_robot=robot2
209.000,ours,-,robot2,MIN_DISTANCE,OK,9.099,9.099,,0,nearest_robot=robot1
209.000,ours,-,fleet,MIN_DISTANCE_AVG,OK,9.099,,,0,robots_sampled=2
209.010,ours,-,fleet,CHOMP_TIME_PARTIAL,OK,,0.002,,0,iterations=10;iterations_executed=10;source=algorithm;round_trip=0.017646
209.510,ours,-,fleet,CHOMP_TIME_PARTIAL,OK,,0.002,,0,iterations=10;iterations_executed=10;source=algorithm;round_trip=0.017417
210.000,ours,-,robot1,MIN_DISTANCE,OK,8.670,8.670,,0,nearest_robot=robot2
210.000,ours,-,robot2,MIN_DISTANCE,OK,8.670,8.670,,0,nearest_robot=robot1
210.000,ours,-,fleet,MIN_DISTANCE_AVG,OK,8.670,,,0,robots_sampled=2
210.010,ours,-,fleet,CHOMP_TIME_PARTIAL,OK,,0.002,,0,iterations=10;iterations_executed=10;source=algorithm;round_trip=0.017816
210.510,ours,-,fleet,CHOMP_TIME_PARTIAL,OK,,0.002,,0,iterations=10;iterations_executed=10;source=algorithm;round_trip=0.016887
211.000,ours,-,robot1,MIN_DISTANCE,OK,8.267,8.267,,0,nearest_robot=robot2
211.000,ours,-,robot2,MIN_DISTANCE,OK,8.267,8.267,,0,nearest_robot=robot1
211.000,ours,-,fleet,MIN_DISTANCE_AVG,OK,8.267,,,0,robots_sampled=2
211.010,ours,-,fleet,CHOMP_TIME_PARTIAL,OK,,0.002,,0,iterations=10;iterations_executed=10;source=algorithm;round_trip=0.018233
211.510,ours,-,fleet,CHOMP_TIME_PARTIAL,OK,,0.003,,0,iterations=10;iterations_executed=10;source=algorithm;round_trip=0.018031
212.000,ours,-,robot1,MIN_DISTANCE,OK,7.983,7.983,,0,nearest_robot=robot2
212.000,ours,-,robot2,MIN_DISTANCE,OK,7.983,7.983,,0,nearest_robot=robot1
212.000,ours,-,fleet,MIN_DISTANCE_AVG,OK,7.983,,,0,robots_sampled=2
212.020,ours,-,fleet,CHOMP_TIME_PARTIAL,OK,,0.002,,0,iterations=10;iterations_executed=10;source=algorithm;round_trip=0.019595
212.520,ours,-,fleet,CHOMP_TIME_PARTIAL,OK,,0.002,,0,iterations=10;iterations_executed=10;source=algorithm;round_trip=0.023503
213.000,ours,-,robot1,MIN_DISTANCE,OK,7.795,7.795,,0,nearest_robot=robot2
213.000,ours,-,robot2,MIN_DISTANCE,OK,7.795,7.795,,0,nearest_robot=robot1
213.000,ours,-,fleet,MIN_DISTANCE_AVG,OK,7.795,,,0,robots_sampled=2
213.010,ours,-,fleet,CHOMP_TIME_PARTIAL,OK,,0.002,,0,iterations=10;iterations_executed=10;source=algorithm;round_trip=0.018590
213.510,ours,-,fleet,CHOMP_TIME_PARTIAL,OK,,0.002,,0,iterations=10;iterations_executed=10;source=algorithm;round_trip=0.017925
214.000,ours,-,robot1,MIN_DISTANCE,OK,7.715,7.715,,0,nearest_robot=robot2
214.000,ours,-,robot2,MIN_DISTANCE,OK,7.715,7.715,,0,nearest_robot=robot1
214.000,ours,-,fleet,MIN_DISTANCE_AVG,OK,7.715,,,0,robots_sampled=2
214.010,ours,-,fleet,CHOMP_TIME_PARTIAL,OK,,0.002,,0,iterations=10;iterations_executed=10;source=algorithm;round_trip=0.017710
214.510,ours,-,fleet,CHOMP_TIME_PARTIAL,OK,,0.002,,0,iterations=10;iterations_executed=10;source=algorithm;round_trip=0.019010
215.000,ours,-,robot1,MIN_DISTANCE,OK,7.675,7.675,,0,nearest_robot=robot2
215.000,ours,-,robot2,MIN_DISTANCE,OK,7.675,7.675,,0,nearest_robot=robot1
215.000,ours,-,fleet,MIN_DISTANCE_AVG,OK,7.675,,,0,robots_sampled=2
215.010,ours,-,fleet,CHOMP_TIME_PARTIAL,OK,,0.002,,0,iterations=10;iterations_executed=10;source=algorithm;round_trip=0.019071
215.510,ours,-,fleet,CHOMP_TIME_PARTIAL,OK,,0.002,,0,iterations=10;iterations_executed=10;source=algorithm;round_trip=0.019060
216.000,ours,-,robot1,MIN_DISTANCE,OK,7.665,7.665,,0,nearest_robot=robot2
216.000,ours,-,robot2,MIN_DISTANCE,OK,7.665,7.665,,0,nearest_robot=robot1
216.000,ours,-,fleet,MIN_DISTANCE_AVG,OK,7.665,,,0,robots_sampled=2
216.020,ours,-,fleet,CHOMP_TIME_PARTIAL,OK,,0.002,,0,iterations=10;iterations_executed=10;source=algorithm;round_trip=0.020409
216.510,ours,-,fleet,CHOMP_TIME_PARTIAL,OK,,0.002,,0,iterations=10;iterations_executed=10;source=algorithm;round_trip=0.018015
217.000,ours,-,robot1,MIN_DISTANCE,OK,7.726,7.726,,0,nearest_robot=robot2
217.000,ours,-,robot2,MIN_DISTANCE,OK,7.726,7.726,,0,nearest_robot=robot1
217.000,ours,-,fleet,MIN_DISTANCE_AVG,OK,7.726,,,0,robots_sampled=2
217.010,ours,-,fleet,CHOMP_TIME_PARTIAL,OK,,0.002,,0,iterations=10;iterations_executed=10;source=algorithm;round_trip=0.018298
217.510,ours,-,fleet,CHOMP_TIME_PARTIAL,OK,,0.002,,0,iterations=10;iterations_executed=10;source=algorithm;round_trip=0.017149
218.000,ours,-,robot1,MIN_DISTANCE,OK,7.786,7.786,,0,nearest_robot=robot2
218.000,ours,-,robot2,MIN_DISTANCE,OK,7.786,7.786,,0,nearest_robot=robot1
218.000,ours,-,fleet,MIN_DISTANCE_AVG,OK,7.786,,,0,robots_sampled=2
218.020,ours,-,fleet,CHOMP_TIME_PARTIAL,OK,,0.002,,0,iterations=10;iterations_executed=10;source=algorithm;round_trip=0.019765
218.520,ours,-,fleet,CHOMP_TIME_PARTIAL,OK,,0.002,,0,iterations=10;iterations_executed=10;source=algorithm;round_trip=0.024866
219.000,ours,-,robot1,MIN_DISTANCE,OK,7.806,7.806,,0,nearest_robot=robot2
219.000,ours,-,robot2,MIN_DISTANCE,OK,7.806,7.806,,0,nearest_robot=robot1
219.000,ours,-,fleet,MIN_DISTANCE_AVG,OK,7.806,,,0,robots_sampled=2
219.010,ours,-,fleet,CHOMP_TIME_PARTIAL,OK,,0.002,,0,iterations=10;iterations_executed=10;source=algorithm;round_trip=0.018172
219.510,ours,-,fleet,CHOMP_TIME_PARTIAL,OK,,0.002,,0,iterations=10;iterations_executed=10;source=algorithm;round_trip=0.018932
220.000,ours,-,robot1,MIN_DISTANCE,OK,7.806,7.806,,0,nearest_robot=robot2
220.000,ours,-,robot2,MIN_DISTANCE,OK,7.806,7.806,,0,nearest_robot=robot1
220.000,ours,-,fleet,MIN_DISTANCE_AVG,OK,7.806,,,0,robots_sampled=2
220.010,ours,-,fleet,CHOMP_TIME_PARTIAL,OK,,0.002,,0,iterations=10;iterations_executed=10;source=algorithm;round_trip=0.020357
220.510,ours,-,fleet,CHOMP_TIME_PARTIAL,OK,,0.002,,0,iterations=10;iterations_executed=10;source=algorithm;round_trip=0.017951
221.000,ours,-,robot1,MIN_DISTANCE,OK,7.865,7.865,,0,nearest_robot=robot2
221.000,ours,-,robot2,MIN_DISTANCE,OK,7.865,7.865,,0,nearest_robot=robot1
221.000,ours,-,fleet,MIN_DISTANCE_AVG,OK,7.865,,,0,robots_sampled=2
221.010,ours,-,fleet,CHOMP_TIME_PARTIAL,OK,,0.002,,0,iterations=10;iterations_executed=10;source=algorithm;round_trip=0.018421
221.510,ours,-,fleet,CHOMP_TIME_PARTIAL,OK,,0.002,,0,iterations=10;iterations_executed=10;source=algorithm;round_trip=0.018590
222.000,ours,-,robot1,MIN_DISTANCE,OK,8.050,8.050,,0,nearest_robot=robot2
222.000,ours,-,robot2,MIN_DISTANCE,OK,8.050,8.050,,0,nearest_robot=robot1
222.000,ours,-,fleet,MIN_DISTANCE_AVG,OK,8.050,,,0,robots_sampled=2
222.010,ours,-,fleet,CHOMP_TIME_PARTIAL,OK,,0.002,,0,iterations=10;iterations_executed=10;source=algorithm;round_trip=0.019376
222.510,ours,-,fleet,CHOMP_TIME_PARTIAL,OK,,0.002,,0,iterations=10;iterations_executed=10;source=algorithm;round_trip=0.017819
223.000,ours,-,robot1,MIN_DISTANCE,OK,8.364,8.364,,0,nearest_robot=robot2
223.000,ours,-,robot2,MIN_DISTANCE,OK,8.364,8.364,,0,nearest_robot=robot1
223.000,ours,-,fleet,MIN_DISTANCE_AVG,OK,8.364,,,0,robots_sampled=2
223.010,ours,-,fleet,CHOMP_TIME_PARTIAL,OK,,0.003,,0,iterations=10;iterations_executed=10;source=algorithm;round_trip=0.019720
223.510,ours,-,fleet,CHOMP_TIME_PARTIAL,OK,,0.002,,0,iterations=10;iterations_executed=10;source=algorithm;round_trip=0.019201
224.000,ours,-,robot1,MIN_DISTANCE,OK,8.714,8.714,,0,nearest_robot=robot2
224.000,ours,-,robot2,MIN_DISTANCE,OK,8.714,8.714,,0,nearest_robot=robot1
224.000,ours,-,fleet,MIN_DISTANCE_AVG,OK,8.714,,,0,robots_sampled=2
224.010,ours,-,fleet,CHOMP_TIME_PARTIAL,OK,,0.002,,0,iterations=10;iterations_executed=10;source=algorithm;round_trip=0.024004
224.510,ours,-,fleet,CHOMP_TIME_PARTIAL,OK,,0.002,,0,iterations=10;iterations_executed=10;source=algorithm;round_trip=0.018453
225.000,ours,-,robot1,MIN_DISTANCE,OK,9.170,9.170,,0,nearest_robot=robot2
225.000,ours,-,robot2,MIN_DISTANCE,OK,9.170,9.170,,0,nearest_robot=robot1
225.000,ours,-,fleet,MIN_DISTANCE_AVG,OK,9.170,,,0,robots_sampled=2
225.010,ours,-,fleet,CHOMP_TIME_PARTIAL,OK,,0.002,,0,iterations=10;iterations_executed=10;source=algorithm;round_trip=0.020011
225.510,ours,-,fleet,CHOMP_TIME_PARTIAL,OK,,0.002,,0,iterations=10;iterations_executed=10;source=algorithm;round_trip=0.019206
226.000,ours,-,robot1,MIN_DISTANCE,OK,9.631,9.631,,0,nearest_robot=robot2
226.000,ours,-,robot2,MIN_DISTANCE,OK,9.631,9.631,,0,nearest_robot=robot1
226.000,ours,-,fleet,MIN_DISTANCE_AVG,OK,9.631,,,0,robots_sampled=2
226.010,ours,-,fleet,CHOMP_TIME_PARTIAL,OK,,0.002,,0,iterations=10;iterations_executed=10;source=algorithm;round_trip=0.018860
226.510,ours,-,fleet,CHOMP_TIME_PARTIAL,OK,,0.002,,0,iterations=10;iterations_executed=10;source=algorithm;round_trip=0.019351
227.000,ours,-,robot1,MIN_DISTANCE,OK,10.136,10.136,,0,nearest_robot=robot2
227.000,ours,-,robot2,MIN_DISTANCE,OK,10.136,10.136,,0,nearest_robot=robot1
227.000,ours,-,fleet,MIN_DISTANCE_AVG,OK,10.136,,,0,robots_sampled=2
227.010,ours,-,fleet,CHOMP_TIME_PARTIAL,OK,,0.002,,0,iterations=10;iterations_executed=10;source=algorithm;round_trip=0.019118
227.510,ours,-,fleet,CHOMP_TIME_PARTIAL,OK,,0.002,,0,iterations=10;iterations_executed=10;source=algorithm;round_trip=0.017855
228.000,ours,-,robot1,MIN_DISTANCE,OK,10.656,10.656,,0,nearest_robot=robot2
228.000,ours,-,robot2,MIN_DISTANCE,OK,10.656,10.656,,0,nearest_robot=robot1
228.000,ours,-,fleet,MIN_DISTANCE_AVG,OK,10.656,,,0,robots_sampled=2
228.010,ours,-,fleet,CHOMP_TIME_PARTIAL,OK,,0.002,,0,iterations=10;iterations_executed=10;source=algorithm;round_trip=0.020054
228.510,ours,-,fleet,CHOMP_TIME_PARTIAL,OK,,0.002,,0,iterations=10;iterations_executed=10;source=algorithm;round_trip=0.019156
229.000,ours,-,robot1,MIN_DISTANCE,OK,11.034,11.034,,0,nearest_robot=robot2
229.000,ours,-,robot2,MIN_DISTANCE,OK,11.034,11.034,,0,nearest_robot=robot1
229.000,ours,-,fleet,MIN_DISTANCE_AVG,OK,11.034,,,0,robots_sampled=2
229.020,ours,-,fleet,CHOMP_TIME_PARTIAL,OK,,0.002,,0,iterations=10;iterations_executed=10;source=algorithm;round_trip=0.019420
229.510,ours,-,fleet,CHOMP_TIME_PARTIAL,OK,,0.002,,0,iterations=10;iterations_executed=10;source=algorithm;round_trip=0.018933
230.000,ours,-,robot1,MIN_DISTANCE,OK,11.385,11.385,,0,nearest_robot=robot2
230.000,ours,-,robot2,MIN_DISTANCE,OK,11.385,11.385,,0,nearest_robot=robot1
230.000,ours,-,fleet,MIN_DISTANCE_AVG,OK,11.385,,,0,robots_sampled=2
230.020,ours,-,fleet,CHOMP_TIME_PARTIAL,OK,,0.002,,0,iterations=10;iterations_executed=10;source=algorithm;round_trip=0.024665
231.000,ours,-,robot1,MIN_DISTANCE,OK,11.744,11.744,,0,nearest_robot=robot2
231.000,ours,-,robot2,MIN_DISTANCE,OK,11.744,11.744,,0,nearest_robot=robot1
231.000,ours,-,fleet,MIN_DISTANCE_AVG,OK,11.744,,,0,robots_sampled=2
231.020,ours,-,fleet,CHOMP_TIME_FULL,OK,,0.021,,0,iterations=100;iterations_executed=100;source=algorithm;round_trip=0.030396
231.510,ours,-,fleet,CHOMP_TIME_PARTIAL,OK,,0.002,,0,iterations=10;iterations_executed=10;source=algorithm;round_trip=0.018935
232.000,ours,-,robot1,MIN_DISTANCE,OK,12.081,12.081,,0,nearest_robot=robot2
232.000,ours,-,robot2,MIN_DISTANCE,OK,12.081,12.081,,0,nearest_robot=robot1
232.000,ours,-,fleet,MIN_DISTANCE_AVG,OK,12.081,,,0,robots_sampled=2
232.010,ours,-,fleet,CHOMP_TIME_PARTIAL,OK,,0.002,,0,iterations=10;iterations_executed=10;source=algorithm;round_trip=0.019574
232.510,ours,-,fleet,CHOMP_TIME_PARTIAL,OK,,0.002,,0,iterations=10;iterations_executed=10;source=algorithm;round_trip=0.018365
233.000,ours,-,robot1,MIN_DISTANCE,OK,12.421,12.421,,0,nearest_robot=robot2
233.000,ours,-,robot2,MIN_DISTANCE,OK,12.421,12.421,,0,nearest_robot=robot1
233.000,ours,-,fleet,MIN_DISTANCE_AVG,OK,12.421,,,0,robots_sampled=2
233.020,ours,-,fleet,CHOMP_TIME_PARTIAL,OK,,0.002,,0,iterations=10;iterations_executed=10;source=algorithm;round_trip=0.019793
233.510,ours,-,fleet,CHOMP_TIME_PARTIAL,OK,,0.002,,0,iterations=10;iterations_executed=10;source=algorithm;round_trip=0.021210
234.000,ours,-,robot1,MIN_DISTANCE,OK,12.634,12.634,,0,nearest_robot=robot2
234.000,ours,-,robot2,MIN_DISTANCE,OK,12.634,12.634,,0,nearest_robot=robot1
234.000,ours,-,fleet,MIN_DISTANCE_AVG,OK,12.634,,,0,robots_sampled=2
234.010,ours,-,fleet,CHOMP_TIME_PARTIAL,OK,,0.002,,0,iterations=10;iterations_executed=10;source=algorithm;round_trip=0.019263
234.510,ours,-,fleet,CHOMP_TIME_PARTIAL,OK,,0.002,,0,iterations=10;iterations_executed=10;source=algorithm;round_trip=0.019500
235.000,ours,-,robot1,MIN_DISTANCE,OK,12.749,12.749,,0,nearest_robot=robot2
235.000,ours,-,robot2,MIN_DISTANCE,OK,12.749,12.749,,0,nearest_robot=robot1
235.000,ours,-,fleet,MIN_DISTANCE_AVG,OK,12.749,,,0,robots_sampled=2
235.010,ours,-,fleet,CHOMP_TIME_PARTIAL,OK,,0.002,,0,iterations=10;iterations_executed=10;source=algorithm;round_trip=0.019917
236.000,ours,-,robot1,MIN_DISTANCE,OK,12.860,12.860,,0,nearest_robot=robot2
236.000,ours,-,robot2,MIN_DISTANCE,OK,12.860,12.860,,0,nearest_robot=robot1
236.000,ours,-,fleet,MIN_DISTANCE_AVG,OK,12.860,,,0,robots_sampled=2
236.020,ours,-,fleet,CHOMP_TIME_FULL,OK,,0.023,,0,iterations=100;iterations_executed=100;source=algorithm;round_trip=0.032447
236.510,ours,-,fleet,CHOMP_TIME_PARTIAL,OK,,0.002,,0,iterations=10;iterations_executed=10;source=algorithm;round_trip=0.019272
237.000,ours,-,robot1,MIN_DISTANCE,OK,12.942,12.942,,0,nearest_robot=robot2
237.000,ours,-,robot2,MIN_DISTANCE,OK,12.942,12.942,,0,nearest_robot=robot1
237.000,ours,-,fleet,MIN_DISTANCE_AVG,OK,12.942,,,0,robots_sampled=2
237.010,ours,-,fleet,CHOMP_TIME_PARTIAL,OK,,0.002,,0,iterations=10;iterations_executed=10;source=algorithm;round_trip=0.019927
237.520,ours,-,fleet,CHOMP_TIME_PARTIAL,OK,,0.002,,0,iterations=10;iterations_executed=10;source=algorithm;round_trip=0.019422
238.000,ours,-,robot1,MIN_DISTANCE,OK,12.998,12.998,,0,nearest_robot=robot2
238.000,ours,-,robot2,MIN_DISTANCE,OK,12.998,12.998,,0,nearest_robot=robot1
238.000,ours,-,fleet,MIN_DISTANCE_AVG,OK,12.998,,,0,robots_sampled=2
238.020,ours,-,fleet,CHOMP_TIME_PARTIAL,OK,,0.002,,0,iterations=10;iterations_executed=10;source=algorithm;round_trip=0.021104
238.520,ours,-,fleet,CHOMP_TIME_PARTIAL,OK,,0.002,,0,iterations=10;iterations_executed=10;source=algorithm;round_trip=0.019323
239.000,ours,-,robot1,MIN_DISTANCE,OK,13.042,13.042,,0,nearest_robot=robot2
239.000,ours,-,robot2,MIN_DISTANCE,OK,13.042,13.042,,0,nearest_robot=robot1
239.000,ours,-,fleet,MIN_DISTANCE_AVG,OK,13.042,,,0,robots_sampled=2
239.520,ours,-,fleet,CHOMP_TIME_FULL,OK,,0.019,,0,iterations=100;iterations_executed=100;source=algorithm;round_trip=0.028196
240.000,ours,-,robot1,MIN_DISTANCE,OK,13.020,13.020,,0,nearest_robot=robot2
240.000,ours,-,robot2,MIN_DISTANCE,OK,13.020,13.020,,0,nearest_robot=robot1
240.000,ours,-,fleet,MIN_DISTANCE_AVG,OK,13.020,,,0,robots_sampled=2
240.010,ours,-,fleet,CHOMP_TIME_PARTIAL,OK,,0.002,,0,iterations=10;iterations_executed=10;source=algorithm;round_trip=0.020305
240.510,ours,-,fleet,CHOMP_TIME_PARTIAL,OK,,0.002,,0,iterations=10;iterations_executed=10;source=algorithm;round_trip=0.019130
241.000,ours,-,robot1,MIN_DISTANCE,OK,13.014,13.014,,0,nearest_robot=robot2
241.000,ours,-,robot2,MIN_DISTANCE,OK,13.014,13.014,,0,nearest_robot=robot1
241.000,ours,-,fleet,MIN_DISTANCE_AVG,OK,13.014,,,0,robots_sampled=2
241.010,ours,-,fleet,CHOMP_TIME_PARTIAL,OK,,0.002,,0,iterations=10;iterations_executed=10;source=algorithm;round_trip=0.019232
241.510,ours,-,fleet,CHOMP_TIME_PARTIAL,OK,,0.002,,0,iterations=10;iterations_executed=10;source=algorithm;round_trip=0.019051
242.000,ours,-,robot1,MIN_DISTANCE,OK,13.001,13.001,,0,nearest_robot=robot2
242.000,ours,-,robot2,MIN_DISTANCE,OK,13.001,13.001,,0,nearest_robot=robot1
242.000,ours,-,fleet,MIN_DISTANCE_AVG,OK,13.001,,,0,robots_sampled=2
242.020,ours,-,fleet,CHOMP_TIME_PARTIAL,OK,,0.002,,0,iterations=10;iterations_executed=10;source=algorithm;round_trip=0.020913
243.000,ours,-,robot1,MIN_DISTANCE,OK,12.994,12.994,,0,nearest_robot=robot2
243.000,ours,-,robot2,MIN_DISTANCE,OK,12.994,12.994,,0,nearest_robot=robot1
243.000,ours,-,fleet,MIN_DISTANCE_AVG,OK,12.994,,,0,robots_sampled=2
243.020,ours,-,fleet,CHOMP_TIME_FULL,OK,,0.020,,0,iterations=100;iterations_executed=100;source=algorithm;round_trip=0.029430
243.520,ours,-,fleet,CHOMP_TIME_PARTIAL,OK,,0.002,,0,iterations=10;iterations_executed=10;source=algorithm;round_trip=0.020732
244.000,ours,-,robot1,MIN_DISTANCE,OK,12.968,12.968,,0,nearest_robot=robot2
244.000,ours,-,robot2,MIN_DISTANCE,OK,12.968,12.968,,0,nearest_robot=robot1
244.000,ours,-,fleet,MIN_DISTANCE_AVG,OK,12.968,,,0,robots_sampled=2
244.020,ours,-,fleet,CHOMP_TIME_PARTIAL,OK,,0.002,,0,iterations=10;iterations_executed=10;source=algorithm;round_trip=0.020576
244.520,ours,-,fleet,CHOMP_TIME_PARTIAL,OK,,0.002,,0,iterations=10;iterations_executed=10;source=algorithm;round_trip=0.019285
245.000,ours,-,robot1,MIN_DISTANCE,OK,12.947,12.947,,0,nearest_robot=robot2
245.000,ours,-,robot2,MIN_DISTANCE,OK,12.947,12.947,,0,nearest_robot=robot1
245.000,ours,-,fleet,MIN_DISTANCE_AVG,OK,12.947,,,0,robots_sampled=2
245.020,ours,-,fleet,CHOMP_TIME_PARTIAL,OK,,0.002,,0,iterations=10;iterations_executed=10;source=algorithm;round_trip=0.020648
246.000,ours,-,robot1,MIN_DISTANCE,OK,12.886,12.886,,0,nearest_robot=robot2
246.000,ours,-,robot2,MIN_DISTANCE,OK,12.886,12.886,,0,nearest_robot=robot1
246.000,ours,-,fleet,MIN_DISTANCE_AVG,OK,12.886,,,0,robots_sampled=2
246.030,ours,-,fleet,CHOMP_TIME_FULL,OK,,0.021,,0,iterations=100;iterations_executed=100;source=algorithm;round_trip=0.031422
246.510,ours,-,fleet,CHOMP_TIME_PARTIAL,OK,,0.002,,0,iterations=10;iterations_executed=10;source=algorithm;round_trip=0.019703
247.000,ours,-,robot1,MIN_DISTANCE,OK,12.853,12.853,,0,nearest_robot=robot2
247.000,ours,-,robot2,MIN_DISTANCE,OK,12.853,12.853,,0,nearest_robot=robot1
247.000,ours,-,fleet,MIN_DISTANCE_AVG,OK,12.853,,,0,robots_sampled=2
247.020,ours,-,fleet,CHOMP_TIME_PARTIAL,OK,,0.003,,0,iterations=10;iterations_executed=10;source=algorithm;round_trip=0.021634
247.520,ours,-,fleet,CHOMP_TIME_PARTIAL,OK,,0.003,,0,iterations=10;iterations_executed=10;source=algorithm;round_trip=0.028005
248.000,ours,-,robot1,MIN_DISTANCE,OK,12.859,12.859,,0,nearest_robot=robot2
248.000,ours,-,robot2,MIN_DISTANCE,OK,12.859,12.859,,0,nearest_robot=robot1
248.000,ours,-,fleet,MIN_DISTANCE_AVG,OK,12.859,,,0,robots_sampled=2
248.010,ours,-,fleet,CHOMP_TIME_PARTIAL,OK,,0.002,,0,iterations=10;iterations_executed=10;source=algorithm;round_trip=0.020044
249.000,ours,-,robot1,MIN_DISTANCE,OK,12.884,12.884,,0,nearest_robot=robot2
249.000,ours,-,robot2,MIN_DISTANCE,OK,12.884,12.884,,0,nearest_robot=robot1
249.000,ours,-,fleet,MIN_DISTANCE_AVG,OK,12.884,,,0,robots_sampled=2
249.020,ours,-,fleet,CHOMP_TIME_FULL,OK,,0.020,,0,iterations=100;iterations_executed=100;source=algorithm;round_trip=0.028323
249.510,ours,-,fleet,CHOMP_TIME_PARTIAL,OK,,0.002,,0,iterations=10;iterations_executed=10;source=algorithm;round_trip=0.019279
250.000,ours,-,robot1,MIN_DISTANCE,OK,12.862,12.862,,0,nearest_robot=robot2
250.000,ours,-,robot2,MIN_DISTANCE,OK,12.862,12.862,,0,nearest_robot=robot1
250.000,ours,-,fleet,MIN_DISTANCE_AVG,OK,12.862,,,0,robots_sampled=2
250.010,ours,-,fleet,CHOMP_TIME_PARTIAL,OK,,0.002,,0,iterations=10;iterations_executed=10;source=algorithm;round_trip=0.020078
250.510,ours,-,fleet,CHOMP_TIME_PARTIAL,OK,,0.002,,0,iterations=10;iterations_executed=10;source=algorithm;round_trip=0.020013
251.000,ours,-,robot1,MIN_DISTANCE,OK,12.868,12.868,,0,nearest_robot=robot2
251.000,ours,-,robot2,MIN_DISTANCE,OK,12.868,12.868,,0,nearest_robot=robot1
251.000,ours,-,fleet,MIN_DISTANCE_AVG,OK,12.868,,,0,robots_sampled=2
251.010,ours,-,fleet,CHOMP_TIME_PARTIAL,OK,,0.002,,0,iterations=10;iterations_executed=10;source=algorithm;round_trip=0.020470
252.000,ours,-,robot1,MIN_DISTANCE,OK,12.766,12.766,,0,nearest_robot=robot2
252.000,ours,-,robot2,MIN_DISTANCE,OK,12.766,12.766,,0,nearest_robot=robot1
252.000,ours,-,fleet,MIN_DISTANCE_AVG,OK,12.766,,,0,robots_sampled=2
252.030,ours,-,fleet,CHOMP_TIME_FULL,OK,,0.020,,0,iterations=100;iterations_executed=100;source=algorithm;round_trip=0.029735
252.510,ours,-,fleet,CHOMP_TIME_PARTIAL,OK,,0.002,,0,iterations=10;iterations_executed=10;source=algorithm;round_trip=0.020424
253.000,ours,-,robot1,MIN_DISTANCE,OK,12.674,12.674,,0,nearest_robot=robot2
253.000,ours,-,robot2,MIN_DISTANCE,OK,12.674,12.674,,0,nearest_robot=robot1
253.000,ours,-,fleet,MIN_DISTANCE_AVG,OK,12.674,,,0,robots_sampled=2
253.020,ours,-,fleet,CHOMP_TIME_PARTIAL,OK,,0.002,,0,iterations=10;iterations_executed=10;source=algorithm;round_trip=0.021969
253.510,ours,-,fleet,CHOMP_TIME_PARTIAL,OK,,0.002,,0,iterations=10;iterations_executed=10;source=algorithm;round_trip=0.019917
254.000,ours,-,robot1,MIN_DISTANCE,OK,12.633,12.633,,0,nearest_robot=robot2
254.000,ours,-,robot2,MIN_DISTANCE,OK,12.633,12.633,,0,nearest_robot=robot1
254.000,ours,-,fleet,MIN_DISTANCE_AVG,OK,12.633,,,0,robots_sampled=2
254.020,ours,-,fleet,CHOMP_TIME_PARTIAL,OK,,0.002,,0,iterations=10;iterations_executed=10;source=algorithm;round_trip=0.022257
255.000,ours,-,robot1,MIN_DISTANCE,OK,12.603,12.603,,0,nearest_robot=robot2
255.000,ours,-,robot2,MIN_DISTANCE,OK,12.603,12.603,,0,nearest_robot=robot1
255.000,ours,-,fleet,MIN_DISTANCE_AVG,OK,12.603,,,0,robots_sampled=2
255.020,ours,-,fleet,CHOMP_TIME_FULL,OK,,0.019,,0,iterations=100;iterations_executed=100;source=algorithm;round_trip=0.028728
255.520,ours,-,fleet,CHOMP_TIME_PARTIAL,OK,,0.002,,0,iterations=10;iterations_executed=10;source=algorithm;round_trip=0.020672
256.000,ours,-,robot1,MIN_DISTANCE,OK,12.538,12.538,,0,nearest_robot=robot2
256.000,ours,-,robot2,MIN_DISTANCE,OK,12.538,12.538,,0,nearest_robot=robot1
256.000,ours,-,fleet,MIN_DISTANCE_AVG,OK,12.538,,,0,robots_sampled=2
256.010,ours,-,fleet,CHOMP_TIME_PARTIAL,OK,,0.002,,0,iterations=10;iterations_executed=10;source=algorithm;round_trip=0.020928
256.510,ours,-,fleet,CHOMP_TIME_PARTIAL,OK,,0.002,,0,iterations=10;iterations_executed=10;source=algorithm;round_trip=0.020242
257.000,ours,-,robot1,MIN_DISTANCE,OK,12.301,12.301,,0,nearest_robot=robot2
257.000,ours,-,robot2,MIN_DISTANCE,OK,12.301,12.301,,0,nearest_robot=robot1
257.000,ours,-,fleet,MIN_DISTANCE_AVG,OK,12.301,,,0,robots_sampled=2
257.020,ours,-,fleet,CHOMP_TIME_PARTIAL,OK,,0.002,,0,iterations=10;iterations_executed=10;source=algorithm;round_trip=0.020820
258.000,ours,-,robot1,MIN_DISTANCE,OK,11.870,11.870,,0,nearest_robot=robot2
258.000,ours,-,robot2,MIN_DISTANCE,OK,11.870,11.870,,0,nearest_robot=robot1
258.000,ours,-,fleet,MIN_DISTANCE_AVG,OK,11.870,,,0,robots_sampled=2
258.030,ours,-,fleet,CHOMP_TIME_FULL,OK,,0.019,,0,iterations=100;iterations_executed=100;source=algorithm;round_trip=0.035321
258.520,ours,-,fleet,CHOMP_TIME_PARTIAL,OK,,0.002,,0,iterations=10;iterations_executed=10;source=algorithm;round_trip=0.020458
259.000,ours,-,robot1,MIN_DISTANCE,OK,11.475,11.475,,0,nearest_robot=robot2
259.000,ours,-,robot2,MIN_DISTANCE,OK,11.475,11.475,,0,nearest_robot=robot1
259.000,ours,-,fleet,MIN_DISTANCE_AVG,OK,11.475,,,0,robots_sampled=2
259.020,ours,-,fleet,CHOMP_TIME_PARTIAL,OK,,0.002,,0,iterations=10;iterations_executed=10;source=algorithm;round_trip=0.023390
260.000,ours,-,robot1,MIN_DISTANCE,OK,11.046,11.046,,0,nearest_robot=robot2
260.000,ours,-,robot2,MIN_DISTANCE,OK,11.046,11.046,,0,nearest_robot=robot1
260.000,ours,-,fleet,MIN_DISTANCE_AVG,OK,11.046,,,0,robots_sampled=2
260.030,ours,-,fleet,CHOMP_TIME_FULL,OK,,0.021,,0,iterations=100;iterations_executed=100;source=algorithm;round_trip=0.032030
260.510,ours,-,fleet,CHOMP_TIME_PARTIAL,OK,,0.002,,0,iterations=10;iterations_executed=10;source=algorithm;round_trip=0.020727
261.000,ours,-,robot1,MIN_DISTANCE,OK,10.487,10.487,,0,nearest_robot=robot2
261.000,ours,-,robot2,MIN_DISTANCE,OK,10.487,10.487,,0,nearest_robot=robot1
261.000,ours,-,fleet,MIN_DISTANCE_AVG,OK,10.487,,,0,robots_sampled=2
261.020,ours,-,fleet,CHOMP_TIME_PARTIAL,OK,,0.003,,0,iterations=10;iterations_executed=10;source=algorithm;round_trip=0.021236
261.520,ours,-,fleet,CHOMP_TIME_PARTIAL,OK,,0.002,,0,iterations=10;iterations_executed=10;source=algorithm;round_trip=0.020468
262.000,ours,-,robot1,MIN_DISTANCE,OK,9.909,9.909,,0,nearest_robot=robot2
262.000,ours,-,robot2,MIN_DISTANCE,OK,9.909,9.909,,0,nearest_robot=robot1
262.000,ours,-,fleet,MIN_DISTANCE_AVG,OK,9.909,,,0,robots_sampled=2
262.010,ours,-,fleet,CHOMP_TIME_PARTIAL,OK,,0.002,,0,iterations=10;iterations_executed=10;source=algorithm;round_trip=0.020607
262.510,ours,-,fleet,CHOMP_TIME_PARTIAL,OK,,0.003,,0,iterations=10;iterations_executed=10;source=algorithm;round_trip=0.021112
263.000,ours,-,robot1,MIN_DISTANCE,OK,9.378,9.378,,0,nearest_robot=robot2
263.000,ours,-,robot2,MIN_DISTANCE,OK,9.378,9.378,,0,nearest_robot=robot1
263.000,ours,-,fleet,MIN_DISTANCE_AVG,OK,9.378,,,0,robots_sampled=2
263.020,ours,-,fleet,CHOMP_TIME_PARTIAL,OK,,0.002,,0,iterations=10;iterations_executed=10;source=algorithm;round_trip=0.021648
263.520,ours,-,fleet,CHOMP_TIME_PARTIAL,OK,,0.002,,0,iterations=10;iterations_executed=10;source=algorithm;round_trip=0.020990
264.000,ours,-,robot1,MIN_DISTANCE,OK,8.961,8.961,,0,nearest_robot=robot2
264.000,ours,-,robot2,MIN_DISTANCE,OK,8.961,8.961,,0,nearest_robot=robot1
264.000,ours,-,fleet,MIN_DISTANCE_AVG,OK,8.961,,,0,robots_sampled=2
264.020,ours,-,fleet,CHOMP_TIME_PARTIAL,OK,,0.002,,0,iterations=10;iterations_executed=10;source=algorithm;round_trip=0.021354
264.520,ours,-,fleet,CHOMP_TIME_PARTIAL,OK,,0.002,,0,iterations=10;iterations_executed=10;source=algorithm;round_trip=0.020705
265.000,ours,-,robot1,MIN_DISTANCE,OK,8.496,8.496,,0,nearest_robot=robot2
265.000,ours,-,robot2,MIN_DISTANCE,OK,8.496,8.496,,0,nearest_robot=robot1
265.000,ours,-,fleet,MIN_DISTANCE_AVG,OK,8.496,,,0,robots_sampled=2
265.020,ours,-,fleet,CHOMP_TIME_PARTIAL,OK,,0.003,,0,iterations=10;iterations_executed=10;source=algorithm;round_trip=0.021181
265.520,ours,-,fleet,CHOMP_TIME_PARTIAL,OK,,0.002,,0,iterations=10;iterations_executed=10;source=algorithm;round_trip=0.025492
266.000,ours,-,robot1,MIN_DISTANCE,OK,7.891,7.891,,0,nearest_robot=robot2
266.000,ours,-,robot2,MIN_DISTANCE,OK,7.891,7.891,,0,nearest_robot=robot1
266.000,ours,-,fleet,MIN_DISTANCE_AVG,OK,7.891,,,0,robots_sampled=2
266.020,ours,-,fleet,CHOMP_TIME_PARTIAL,OK,,0.002,,0,iterations=10;iterations_executed=10;source=algorithm;round_trip=0.020877
266.510,ours,-,fleet,CHOMP_TIME_PARTIAL,OK,,0.002,,0,iterations=10;iterations_executed=10;source=algorithm;round_trip=0.020947
267.000,ours,-,robot1,MIN_DISTANCE,OK,7.156,7.156,,0,nearest_robot=robot2
267.000,ours,-,robot2,MIN_DISTANCE,OK,7.156,7.156,,0,nearest_robot=robot1
267.000,ours,-,fleet,MIN_DISTANCE_AVG,OK,7.156,,,0,robots_sampled=2
267.020,ours,-,fleet,CHOMP_TIME_PARTIAL,OK,,0.002,,0,iterations=10;iterations_executed=10;source=algorithm;round_trip=0.020776
267.510,ours,-,fleet,CHOMP_TIME_PARTIAL,OK,,0.002,,0,iterations=10;iterations_executed=10;source=algorithm;round_trip=0.020152
268.000,ours,-,robot1,MIN_DISTANCE,OK,6.336,6.336,,0,nearest_robot=robot2
268.000,ours,-,robot2,MIN_DISTANCE,OK,6.336,6.336,,0,nearest_robot=robot1
268.000,ours,-,fleet,MIN_DISTANCE_AVG,OK,6.336,,,0,robots_sampled=2
268.010,ours,-,fleet,CHOMP_TIME_PARTIAL,OK,,0.002,,0,iterations=10;iterations_executed=10;source=algorithm;round_trip=0.022278
269.000,ours,-,robot1,MIN_DISTANCE,OK,5.562,5.562,,0,nearest_robot=robot2
269.000,ours,-,robot2,MIN_DISTANCE,OK,5.562,5.562,,0,nearest_robot=robot1
269.000,ours,-,fleet,MIN_DISTANCE_AVG,OK,5.562,,,0,robots_sampled=2
269.030,ours,-,fleet,CHOMP_TIME_FULL,OK,,0.021,,0,iterations=100;iterations_executed=100;source=algorithm;round_trip=0.029871
269.510,ours,-,fleet,CHOMP_TIME_PARTIAL,OK,,0.002,,0,iterations=10;iterations_executed=10;source=algorithm;round_trip=0.020918
270.000,ours,-,robot1,MIN_DISTANCE,OK,4.721,4.721,,0,nearest_robot=robot2
270.000,ours,-,robot2,MIN_DISTANCE,OK,4.721,4.721,,0,nearest_robot=robot1
270.000,ours,-,fleet,MIN_DISTANCE_AVG,OK,4.721,,,0,robots_sampled=2
270.020,ours,-,fleet,CHOMP_TIME_PARTIAL,OK,,0.002,,0,iterations=10;iterations_executed=10;source=algorithm;round_trip=0.020346
270.520,ours,-,fleet,CHOMP_TIME_PARTIAL,OK,,0.002,,0,iterations=10;iterations_executed=10;source=algorithm;round_trip=0.020990
271.000,ours,-,robot1,MIN_DISTANCE,OK,3.912,3.912,,0,nearest_robot=robot2
271.000,ours,-,robot2,MIN_DISTANCE,OK,3.912,3.912,,0,nearest_robot=robot1
271.000,ours,-,fleet,MIN_DISTANCE_AVG,OK,3.912,,,0,robots_sampled=2
271.010,ours,-,fleet,CHOMP_TIME_PARTIAL,OK,,0.002,,0,iterations=10;iterations_executed=10;source=algorithm;round_trip=0.026552
271.510,ours,-,fleet,CHOMP_TIME_PARTIAL,OK,,0.002,,0,iterations=10;iterations_executed=10;source=algorithm;round_trip=0.019965
272.000,ours,-,robot1,MIN_DISTANCE,OK,3.068,3.068,,0,nearest_robot=robot2
272.000,ours,-,robot2,MIN_DISTANCE,OK,3.068,3.068,,0,nearest_robot=robot1
272.000,ours,-,fleet,MIN_DISTANCE_AVG,OK,3.068,,,0,robots_sampled=2
272.020,ours,-,fleet,CHOMP_TIME_PARTIAL,OK,,0.002,,0,iterations=10;iterations_executed=10;source=algorithm;round_trip=0.020760
272.520,ours,-,fleet,CHOMP_TIME_PARTIAL,OK,,0.002,,0,iterations=10;iterations_executed=10;source=algorithm;round_trip=0.021660
273.000,ours,-,robot1,MIN_DISTANCE,OK,2.226,2.226,,0,nearest_robot=robot2
273.000,ours,-,robot2,MIN_DISTANCE,OK,2.226,2.226,,0,nearest_robot=robot1
273.000,ours,-,fleet,MIN_DISTANCE_AVG,OK,2.226,,,0,robots_sampled=2
273.010,ours,-,fleet,CHOMP_TIME_PARTIAL,OK,,0.002,,0,iterations=10;iterations_executed=10;source=algorithm;round_trip=0.020860
273.520,ours,-,fleet,CHOMP_TIME_PARTIAL,OK,,0.002,,0,iterations=10;iterations_executed=10;source=algorithm;round_trip=0.020435
274.000,ours,-,robot1,MIN_DISTANCE,OK,1.395,1.395,,0,nearest_robot=robot2
274.000,ours,-,robot2,MIN_DISTANCE,OK,1.395,1.395,,0,nearest_robot=robot1
274.000,ours,-,fleet,MIN_DISTANCE_AVG,OK,1.395,,,0,robots_sampled=2
274.020,ours,-,fleet,CHOMP_TIME_PARTIAL,OK,,0.002,,0,iterations=10;iterations_executed=10;source=algorithm;round_trip=0.023427
274.520,ours,-,fleet,CHOMP_TIME_PARTIAL,OK,,0.002,,0,iterations=10;iterations_executed=10;source=algorithm;round_trip=0.021574
275.000,ours,-,robot1,MIN_DISTANCE,OK,0.744,0.744,,0,nearest_robot=robot2
275.000,ours,-,robot2,MIN_DISTANCE,OK,0.744,0.744,,0,nearest_robot=robot1
275.000,ours,-,fleet,MIN_DISTANCE_AVG,OK,0.744,,,0,robots_sampled=2
275.020,ours,-,fleet,CHOMP_TIME_PARTIAL,OK,,0.002,,0,iterations=10;iterations_executed=10;source=algorithm;round_trip=0.021289
275.520,ours,-,fleet,CHOMP_TIME_PARTIAL,OK,,0.002,,0,iterations=10;iterations_executed=10;source=algorithm;round_trip=0.020441
276.000,ours,-,robot1,MIN_DISTANCE,OK,0.650,0.650,,0,nearest_robot=robot2
276.000,ours,-,robot2,MIN_DISTANCE,OK,0.650,0.650,,0,nearest_robot=robot1
276.000,ours,-,fleet,MIN_DISTANCE_AVG,OK,0.650,,,0,robots_sampled=2
276.020,ours,-,fleet,CHOMP_TIME_PARTIAL,OK,,0.002,,0,iterations=10;iterations_executed=10;source=algorithm;round_trip=0.021177
276.520,ours,-,fleet,CHOMP_TIME_PARTIAL,OK,,0.002,,0,iterations=10;iterations_executed=10;source=algorithm;round_trip=0.021002
277.000,ours,-,robot1,MIN_DISTANCE,OK,1.227,1.227,,0,nearest_robot=robot2
277.000,ours,-,robot2,MIN_DISTANCE,OK,1.227,1.227,,0,nearest_robot=robot1
277.000,ours,-,fleet,MIN_DISTANCE_AVG,OK,1.227,,,0,robots_sampled=2
277.010,ours,-,fleet,CHOMP_TIME_PARTIAL,OK,,0.002,,0,iterations=10;iterations_executed=10;source=algorithm;round_trip=0.021778
277.520,ours,-,fleet,CHOMP_TIME_PARTIAL,OK,,0.002,,0,iterations=10;iterations_executed=10;source=algorithm;round_trip=0.021203
278.000,ours,-,robot1,MIN_DISTANCE,OK,2.060,2.060,,0,nearest_robot=robot2
278.000,ours,-,robot2,MIN_DISTANCE,OK,2.060,2.060,,0,nearest_robot=robot1
278.000,ours,-,fleet,MIN_DISTANCE_AVG,OK,2.060,,,0,robots_sampled=2
278.020,ours,-,fleet,CHOMP_TIME_PARTIAL,OK,,0.002,,0,iterations=10;iterations_executed=10;source=algorithm;round_trip=0.022450
278.520,ours,-,fleet,CHOMP_TIME_PARTIAL,OK,,0.002,,0,iterations=10;iterations_executed=10;source=algorithm;round_trip=0.020880
279.000,ours,-,robot1,MIN_DISTANCE,OK,2.861,2.861,,0,nearest_robot=robot2
279.000,ours,-,robot2,MIN_DISTANCE,OK,2.861,2.861,,0,nearest_robot=robot1
279.000,ours,-,fleet,MIN_DISTANCE_AVG,OK,2.861,,,0,robots_sampled=2
279.020,ours,-,fleet,CHOMP_TIME_PARTIAL,OK,,0.002,,0,iterations=10;iterations_executed=10;source=algorithm;round_trip=0.021187
279.510,ours,-,fleet,CHOMP_TIME_PARTIAL,OK,,0.002,,0,iterations=10;iterations_executed=10;source=algorithm;round_trip=0.021748
280.000,ours,-,robot1,MIN_DISTANCE,OK,3.627,3.627,,0,nearest_robot=robot2
280.000,ours,-,robot2,MIN_DISTANCE,OK,3.627,3.627,,0,nearest_robot=robot1
280.000,ours,-,fleet,MIN_DISTANCE_AVG,OK,3.627,,,0,robots_sampled=2
280.020,ours,-,fleet,CHOMP_TIME_PARTIAL,OK,,0.002,,0,iterations=10;iterations_executed=10;source=algorithm;round_trip=0.027121
280.520,ours,-,fleet,CHOMP_TIME_PARTIAL,OK,,0.003,,0,iterations=10;iterations_executed=10;source=algorithm;round_trip=0.021488
281.000,ours,-,robot1,MIN_DISTANCE,OK,4.360,4.360,,0,nearest_robot=robot2
281.000,ours,-,robot2,MIN_DISTANCE,OK,4.360,4.360,,0,nearest_robot=robot1
281.000,ours,-,fleet,MIN_DISTANCE_AVG,OK,4.360,,,0,robots_sampled=2
281.020,ours,-,fleet,CHOMP_TIME_PARTIAL,OK,,0.002,,0,iterations=10;iterations_executed=10;source=algorithm;round_trip=0.022361
281.520,ours,-,fleet,CHOMP_TIME_PARTIAL,OK,,0.002,,0,iterations=10;iterations_executed=10;source=algorithm;round_trip=0.021874
282.000,ours,-,robot1,MIN_DISTANCE,OK,5.193,5.193,,0,nearest_robot=robot2
282.000,ours,-,robot2,MIN_DISTANCE,OK,5.193,5.193,,0,nearest_robot=robot1
282.000,ours,-,fleet,MIN_DISTANCE_AVG,OK,5.193,,,0,robots_sampled=2
282.020,ours,-,fleet,CHOMP_TIME_PARTIAL,OK,,0.002,,0,iterations=10;iterations_executed=10;source=algorithm;round_trip=0.021918
282.510,ours,-,fleet,CHOMP_TIME_PARTIAL,OK,,0.002,,0,iterations=10;iterations_executed=10;source=algorithm;round_trip=0.021252
283.000,ours,-,robot1,MIN_DISTANCE,OK,6.028,6.028,,0,nearest_robot=robot2
283.000,ours,-,robot2,MIN_DISTANCE,OK,6.028,6.028,,0,nearest_robot=robot1
283.000,ours,-,fleet,MIN_DISTANCE_AVG,OK,6.028,,,0,robots_sampled=2
283.010,ours,-,fleet,CHOMP_TIME_PARTIAL,OK,,0.002,,0,iterations=10;iterations_executed=10;source=algorithm;round_trip=0.022226
283.510,ours,-,fleet,CHOMP_TIME_PARTIAL,OK,,0.002,,0,iterations=10;iterations_executed=10;source=algorithm;round_trip=0.020875
284.000,ours,-,robot1,MIN_DISTANCE,OK,6.870,6.870,,0,nearest_robot=robot2
284.000,ours,-,robot2,MIN_DISTANCE,OK,6.870,6.870,,0,nearest_robot=robot1
284.000,ours,-,fleet,MIN_DISTANCE_AVG,OK,6.870,,,0,robots_sampled=2
284.010,ours,-,fleet,CHOMP_TIME_PARTIAL,OK,,0.002,,0,iterations=10;iterations_executed=10;source=algorithm;round_trip=0.022149
284.520,ours,-,fleet,CHOMP_TIME_PARTIAL,OK,,0.002,,0,iterations=10;iterations_executed=10;source=algorithm;round_trip=0.021388
285.000,ours,-,robot1,MIN_DISTANCE,OK,7.741,7.741,,0,nearest_robot=robot2
285.000,ours,-,robot2,MIN_DISTANCE,OK,7.741,7.741,,0,nearest_robot=robot1
285.000,ours,-,fleet,MIN_DISTANCE_AVG,OK,7.741,,,0,robots_sampled=2
285.020,ours,-,fleet,CHOMP_TIME_PARTIAL,OK,,0.002,,0,iterations=10;iterations_executed=10;source=algorithm;round_trip=0.022703
285.520,ours,-,fleet,CHOMP_TIME_PARTIAL,OK,,0.002,,0,iterations=10;iterations_executed=10;source=algorithm;round_trip=0.020873
286.000,ours,-,robot1,MIN_DISTANCE,OK,8.562,8.562,,0,nearest_robot=robot2
286.000,ours,-,robot2,MIN_DISTANCE,OK,8.562,8.562,,0,nearest_robot=robot1
286.000,ours,-,fleet,MIN_DISTANCE_AVG,OK,8.562,,,0,robots_sampled=2
286.020,ours,-,fleet,CHOMP_TIME_PARTIAL,OK,,0.002,,0,iterations=10;iterations_executed=10;source=algorithm;round_trip=0.023199
286.520,ours,-,fleet,CHOMP_TIME_PARTIAL,OK,,0.002,,0,iterations=10;iterations_executed=10;source=algorithm;round_trip=0.021476
287.000,ours,-,robot1,MIN_DISTANCE,OK,9.376,9.376,,0,nearest_robot=robot2
287.000,ours,-,robot2,MIN_DISTANCE,OK,9.376,9.376,,0,nearest_robot=robot1
287.000,ours,-,fleet,MIN_DISTANCE_AVG,OK,9.376,,,0,robots_sampled=2
287.020,ours,-,fleet,CHOMP_TIME_PARTIAL,OK,,0.002,,0,iterations=10;iterations_executed=10;source=algorithm;round_trip=0.021713
287.520,ours,-,fleet,CHOMP_TIME_PARTIAL,OK,,0.002,,0,iterations=10;iterations_executed=10;source=algorithm;round_trip=0.021746
288.000,ours,-,robot1,MIN_DISTANCE,OK,9.986,9.986,,0,nearest_robot=robot2
288.000,ours,-,robot2,MIN_DISTANCE,OK,9.986,9.986,,0,nearest_robot=robot1
288.000,ours,-,fleet,MIN_DISTANCE_AVG,OK,9.986,,,0,robots_sampled=2
288.020,ours,-,fleet,CHOMP_TIME_PARTIAL,OK,,0.002,,0,iterations=10;iterations_executed=10;source=algorithm;round_trip=0.022584
288.520,ours,-,fleet,CHOMP_TIME_PARTIAL,OK,,0.002,,0,iterations=10;iterations_executed=10;source=algorithm;round_trip=0.020714
289.000,ours,-,robot1,MIN_DISTANCE,OK,10.416,10.416,,0,nearest_robot=robot2
289.000,ours,-,robot2,MIN_DISTANCE,OK,10.416,10.416,,0,nearest_robot=robot1
289.000,ours,-,fleet,MIN_DISTANCE_AVG,OK,10.416,,,0,robots_sampled=2
289.020,ours,-,fleet,CHOMP_TIME_PARTIAL,OK,,0.002,,0,iterations=10;iterations_executed=10;source=algorithm;round_trip=0.022252
289.520,ours,-,fleet,CHOMP_TIME_PARTIAL,OK,,0.002,,0,iterations=10;iterations_executed=10;source=algorithm;round_trip=0.022171
290.000,ours,-,robot1,MIN_DISTANCE,OK,10.875,10.875,,0,nearest_robot=robot2
290.000,ours,-,robot2,MIN_DISTANCE,OK,10.875,10.875,,0,nearest_robot=robot1
290.000,ours,-,fleet,MIN_DISTANCE_AVG,OK,10.875,,,0,robots_sampled=2
290.020,ours,-,fleet,CHOMP_TIME_PARTIAL,OK,,0.002,,0,iterations=10;iterations_executed=10;source=algorithm;round_trip=0.023234
291.000,ours,-,robot1,MIN_DISTANCE,OK,11.296,11.296,,0,nearest_robot=robot2
291.000,ours,-,robot2,MIN_DISTANCE,OK,11.296,11.296,,0,nearest_robot=robot1
291.000,ours,-,fleet,MIN_DISTANCE_AVG,OK,11.296,,,0,robots_sampled=2
291.030,ours,-,fleet,CHOMP_TIME_FULL,OK,,0.021,,0,iterations=100;iterations_executed=100;source=algorithm;round_trip=0.030528
291.520,ours,-,fleet,CHOMP_TIME_PARTIAL,OK,,0.002,,0,iterations=10;iterations_executed=10;source=algorithm;round_trip=0.021684
292.000,ours,-,robot1,MIN_DISTANCE,OK,11.567,11.567,,0,nearest_robot=robot2
292.000,ours,-,robot2,MIN_DISTANCE,OK,11.567,11.567,,0,nearest_robot=robot1
292.000,ours,-,fleet,MIN_DISTANCE_AVG,OK,11.567,,,0,robots_sampled=2
292.020,ours,-,fleet,CHOMP_TIME_PARTIAL,OK,,0.002,,0,iterations=10;iterations_executed=10;source=algorithm;round_trip=0.021835
292.520,ours,-,fleet,CHOMP_TIME_PARTIAL,OK,,0.002,,0,iterations=10;iterations_executed=10;source=algorithm;round_trip=0.021774
293.000,ours,-,robot1,MIN_DISTANCE,OK,11.679,11.679,,0,nearest_robot=robot2
293.000,ours,-,robot2,MIN_DISTANCE,OK,11.679,11.679,,0,nearest_robot=robot1
293.000,ours,-,fleet,MIN_DISTANCE_AVG,OK,11.679,,,0,robots_sampled=2
293.020,ours,-,fleet,CHOMP_TIME_PARTIAL,OK,,0.002,,0,iterations=10;iterations_executed=10;source=algorithm;round_trip=0.022542
293.510,ours,-,fleet,CHOMP_TIME_PARTIAL,OK,,0.002,,0,iterations=10;iterations_executed=10;source=algorithm;round_trip=0.021129
294.000,ours,-,robot1,MIN_DISTANCE,OK,11.996,11.996,,0,nearest_robot=robot2
294.000,ours,-,robot2,MIN_DISTANCE,OK,11.996,11.996,,0,nearest_robot=robot1
294.000,ours,-,fleet,MIN_DISTANCE_AVG,OK,11.996,,,0,robots_sampled=2
294.020,ours,-,fleet,CHOMP_TIME_PARTIAL,OK,,0.002,,0,iterations=10;iterations_executed=10;source=algorithm;round_trip=0.021623
294.510,ours,-,fleet,CHOMP_TIME_PARTIAL,OK,,0.002,,0,iterations=10;iterations_executed=10;source=algorithm;round_trip=0.022373
295.000,ours,-,robot1,MIN_DISTANCE,OK,12.358,12.358,,0,nearest_robot=robot2
295.000,ours,-,robot2,MIN_DISTANCE,OK,12.358,12.358,,0,nearest_robot=robot1
295.000,ours,-,fleet,MIN_DISTANCE_AVG,OK,12.358,,,0,robots_sampled=2
295.020,ours,-,fleet,CHOMP_TIME_PARTIAL,OK,,0.002,,0,iterations=10;iterations_executed=10;source=algorithm;round_trip=0.022385
295.520,ours,-,fleet,CHOMP_TIME_PARTIAL,OK,,0.002,,0,iterations=10;iterations_executed=10;source=algorithm;round_trip=0.022361
296.000,ours,-,robot1,MIN_DISTANCE,OK,12.417,12.417,,0,nearest_robot=robot2
296.000,ours,-,robot2,MIN_DISTANCE,OK,12.417,12.417,,0,nearest_robot=robot1
296.000,ours,-,fleet,MIN_DISTANCE_AVG,OK,12.417,,,0,robots_sampled=2
296.010,ours,-,fleet,CHOMP_TIME_PARTIAL,OK,,0.002,,0,iterations=10;iterations_executed=10;source=algorithm;round_trip=0.022789
296.520,ours,-,fleet,CHOMP_TIME_PARTIAL,OK,,0.002,,0,iterations=10;iterations_executed=10;source=algorithm;round_trip=0.022232
297.000,ours,-,robot1,MIN_DISTANCE,OK,12.493,12.493,,0,nearest_robot=robot2
297.000,ours,-,robot2,MIN_DISTANCE,OK,12.493,12.493,,0,nearest_robot=robot1
297.000,ours,-,fleet,MIN_DISTANCE_AVG,OK,12.493,,,0,robots_sampled=2
297.020,ours,-,fleet,CHOMP_TIME_PARTIAL,OK,,0.002,,0,iterations=10;iterations_executed=10;source=algorithm;round_trip=0.022842
297.520,ours,-,fleet,CHOMP_TIME_PARTIAL,OK,,0.002,,0,iterations=10;iterations_executed=10;source=algorithm;round_trip=0.022111
298.000,ours,-,robot1,MIN_DISTANCE,OK,12.567,12.567,,0,nearest_robot=robot2
298.000,ours,-,robot2,MIN_DISTANCE,OK,12.567,12.567,,0,nearest_robot=robot1
298.000,ours,-,fleet,MIN_DISTANCE_AVG,OK,12.567,,,0,robots_sampled=2
298.020,ours,-,fleet,CHOMP_TIME_PARTIAL,OK,,0.002,,0,iterations=10;iterations_executed=10;source=algorithm;round_trip=0.025210
298.520,ours,-,fleet,CHOMP_TIME_PARTIAL,OK,,0.002,,0,iterations=10;iterations_executed=10;source=algorithm;round_trip=0.021927
299.000,ours,-,robot1,MIN_DISTANCE,OK,12.569,12.569,,0,nearest_robot=robot2
299.000,ours,-,robot2,MIN_DISTANCE,OK,12.569,12.569,,0,nearest_robot=robot1
299.000,ours,-,fleet,MIN_DISTANCE_AVG,OK,12.569,,,0,robots_sampled=2
299.020,ours,-,fleet,CHOMP_TIME_PARTIAL,OK,,0.002,,0,iterations=10;iterations_executed=10;source=algorithm;round_trip=0.023323
299.510,ours,-,fleet,CHOMP_TIME_PARTIAL,OK,,0.002,,0,iterations=10;iterations_executed=10;source=algorithm;round_trip=0.021737
300.000,ours,-,robot1,MIN_DISTANCE,OK,12.623,12.623,,0,nearest_robot=robot2
300.000,ours,-,robot2,MIN_DISTANCE,OK,12.623,12.623,,0,nearest_robot=robot1
300.000,ours,-,fleet,MIN_DISTANCE_AVG,OK,12.623,,,0,robots_sampled=2
300.020,ours,-,fleet,CHOMP_TIME_PARTIAL,OK,,0.002,,0,iterations=10;iterations_executed=10;source=algorithm;round_trip=0.022609
300.520,ours,-,fleet,CHOMP_TIME_PARTIAL,OK,,0.002,,0,iterations=10;iterations_executed=10;source=algorithm;round_trip=0.022088
301.000,ours,-,robot1,MIN_DISTANCE,OK,12.601,12.601,,0,nearest_robot=robot2
301.000,ours,-,robot2,MIN_DISTANCE,OK,12.601,12.601,,0,nearest_robot=robot1
301.000,ours,-,fleet,MIN_DISTANCE_AVG,OK,12.601,,,0,robots_sampled=2
301.020,ours,-,fleet,CHOMP_TIME_PARTIAL,OK,,0.002,,0,iterations=10;iterations_executed=10;source=algorithm;round_trip=0.024265
301.520,ours,-,fleet,CHOMP_TIME_PARTIAL,OK,,0.002,,0,iterations=10;iterations_executed=10;source=algorithm;round_trip=0.027377
302.000,ours,-,robot1,MIN_DISTANCE,OK,12.679,12.679,,0,nearest_robot=robot2
302.000,ours,-,robot2,MIN_DISTANCE,OK,12.679,12.679,,0,nearest_robot=robot1
302.000,ours,-,fleet,MIN_DISTANCE_AVG,OK,12.679,,,0,robots_sampled=2
302.020,ours,-,fleet,CHOMP_TIME_PARTIAL,OK,,0.002,,0,iterations=10;iterations_executed=10;source=algorithm;round_trip=0.022910
302.510,ours,-,fleet,CHOMP_TIME_PARTIAL,OK,,0.002,,0,iterations=10;iterations_executed=10;source=algorithm;round_trip=0.021838
303.000,ours,-,robot1,MIN_DISTANCE,OK,12.704,12.704,,0,nearest_robot=robot2
303.000,ours,-,robot2,MIN_DISTANCE,OK,12.704,12.704,,0,nearest_robot=robot1
303.000,ours,-,fleet,MIN_DISTANCE_AVG,OK,12.704,,,0,robots_sampled=2
303.020,ours,-,fleet,CHOMP_TIME_PARTIAL,OK,,0.002,,0,iterations=10;iterations_executed=10;source=algorithm;round_trip=0.022162
303.520,ours,-,fleet,CHOMP_TIME_PARTIAL,OK,,0.002,,0,iterations=10;iterations_executed=10;source=algorithm;round_trip=0.021511
304.000,ours,-,robot1,MIN_DISTANCE,OK,12.698,12.698,,0,nearest_robot=robot2
304.000,ours,-,robot2,MIN_DISTANCE,OK,12.698,12.698,,0,nearest_robot=robot1
304.000,ours,-,fleet,MIN_DISTANCE_AVG,OK,12.698,,,0,robots_sampled=2
304.020,ours,-,fleet,CHOMP_TIME_PARTIAL,OK,,0.002,,0,iterations=10;iterations_executed=10;source=algorithm;round_trip=0.022472
304.520,ours,-,fleet,CHOMP_TIME_PARTIAL,OK,,0.002,,0,iterations=10;iterations_executed=10;source=algorithm;round_trip=0.022345
305.000,ours,-,robot1,MIN_DISTANCE,OK,12.681,12.681,,0,nearest_robot=robot2
305.000,ours,-,robot2,MIN_DISTANCE,OK,12.681,12.681,,0,nearest_robot=robot1
305.000,ours,-,fleet,MIN_DISTANCE_AVG,OK,12.681,,,0,robots_sampled=2
305.020,ours,-,fleet,CHOMP_TIME_PARTIAL,OK,,0.002,,0,iterations=10;iterations_executed=10;source=algorithm;round_trip=0.023247
305.520,ours,-,fleet,CHOMP_TIME_PARTIAL,OK,,0.003,,0,iterations=10;iterations_executed=10;source=algorithm;round_trip=0.024333
