timestamp,run_id,task_id,robot_id,event,status,allocation_cost,duration,path,collision_flag,message
102.000,ours,-,robot1,MIN_DISTANCE,OK,13.424,13.424,,0,nearest_robot=robot2
102.000,ours,-,robot2,MIN_DISTANCE,OK,13.424,13.424,,0,nearest_robot=robot1
102.000,ours,-,fleet,MIN_DISTANCE_AVG,OK,13.424,,,0,robots_sampled=2
103.000,ours,-,robot1,MIN_DISTANCE,OK,13.424,13.424,,0,nearest_robot=robot2
103.000,ours,-,robot2,MIN_DISTANCE,OK,13.424,13.424,,0,nearest_robot=robot1
103.000,ours,-,fleet,MIN_DISTANCE_AVG,OK,13.424,,,0,robots_sampled=2
103.030,ours,-,fleet,CHOMP_TIME_FULL,OK,,0.022,,0,iterations=100;iterations_executed=100;source=algorithm;round_trip=0.033555
103.510,ours,-,fleet,CHOMP_TIME_PARTIAL,OK,,0.003,,0,iterations=10;iterations_executed=10;source=algorithm;round_trip=0.010161
104.000,ours,-,robot1,MIN_DISTANCE,OK,13.444,13.444,,0,nearest_robot=robot2
104.000,ours,-,robot2,MIN_DISTANCE,OK,13.444,13.444,,0,nearest_robot=robot1
104.000,ours,-,fleet,MIN_DISTANCE_AVG,OK,13.444,,,0,robots_sampled=2
104.000,ours,-,fleet,CHOMP_TIME_PARTIAL,OK,,0.003,,0,iterations=10;iterations_executed=10;source=algorithm;round_trip=0.010574
104.510,ours,-,fleet,CHOMP_TIME_PARTIAL,OK,,0.002,,0,iterations=10;iterations_executed=10;source=algorithm;round_trip=0.009158
105.000,ours,-,robot1,MIN_DISTANCE,OK,13.360,13.360,,0,nearest_robot=robot2
105.000,ours,-,robot2,MIN_DISTANCE,OK,13.360,13.360,,0,nearest_robot=robot1
105.000,ours,-,fleet,MIN_DISTANCE_AVG,OK,13.360,,,0,robots_sampled=2
105.000,ours,-,fleet,CHOMP_TIME_PARTIAL,OK,,0.002,,0,iterations=10;iterations_executed=10;source=algorithm;round_trip=0.015069
106.000,ours,-,robot1,MIN_DISTANCE,OK,13.318,13.318,,0,nearest_robot=robot2
106.000,ours,-,robot2,MIN_DISTANCE,OK,13.318,13.318,,0,nearest_robot=robot1
106.000,ours,-,fleet,MIN_DISTANCE_AVG,OK,13.318,,,0,robots_sampled=2
106.030,ours,-,fleet,CHOMP_TIME_FULL,OK,,0.021,,0,iterations=100;iterations_executed=100;source=algorithm;round_trip=0.030787
106.510,ours,-,fleet,CHOMP_TIME_PARTIAL,OK,,0.003,,0,iterations=10;iterations_executed=10;source=algorithm;round_trip=0.010089
107.000,ours,-,robot1,MIN_DISTANCE,OK,13.450,13.450,,0,nearest_robot=robot2
107.000,ours,-,robot2,MIN_DISTANCE,OK,13.450,13.450,,0,nearest_robot=robot1
107.000,ours,-,fleet,MIN_DISTANCE_AVG,OK,13.450,,,0,robots_sampled=2
107.000,ours,-,fleet,CHOMP_TIME_PARTIAL,OK,,0.002,,0,iterations=10;iterations_executed=10;source=algorithm;round_trip=0.009202
107.500,ours,-,fleet,CHOMP_TIME_PARTIAL,OK,,0.002,,0,iterations=10;iterations_executed=10;source=algorithm;round_trip=0.009543
108.000,ours,-,robot1,MIN_DISTANCE,OK,13.863,13.863,,0,nearest_robot=robot2
108.000,ours,-,robot2,MIN_DISTANCE,OK,13.863,13.863,,0,nearest_robot=robot1
108.000,ours,-,fleet,MIN_DISTANCE_AVG,OK,13.863,,,0,robots_sampled=2
108.000,ours,-,fleet,CHOMP_TIME_PARTIAL,OK,,0.002,,0,iterations=10;iterations_executed=10;source=algorithm;round_trip=0.009392
109.000,ours,-,robot1,MIN_DISTANCE,OK,14.402,14.402,,0,nearest_robot=robot2
109.000,ours,-,robot2,MIN_DISTANCE,OK,14.402,14.402,,0,nearest_robot=robot1
109.000,ours,-,fleet,MIN_DISTANCE_AVG,OK,14.402,,,0,robots_sampled=2
109.010,ours,-,fleet,CHOMP_TIME_FULL,OK,,0.005,,0,iterations=100;iterations_executed=22;source=algorithm;round_trip=0.014569
109.500,ours,-,fleet,CHOMP_TIME_PARTIAL,OK,,0.002,,0,iterations=10;iterations_executed=10;source=algorithm;round_trip=0.009699
110.000,ours,-,robot1,MIN_DISTANCE,OK,14.838,14.838,,0,nearest_robot=robot2
110.000,ours,-,robot2,MIN_DISTANCE,OK,14.838,14.838,,0,nearest_robot=robot1
110.000,ours,-,fleet,MIN_DISTANCE_AVG,OK,14.838,,,0,robots_sampled=2
110.010,ours,-,fleet,CHOMP_TIME_PARTIAL,OK,,0.002,,0,iterations=10;iterations_executed=10;source=algorithm;round_trip=0.009380
110.510,ours,-,fleet,CHOMP_TIME_PARTIAL,OK,,0.002,,0,iterations=10;iterations_executed=10;source=algorithm;round_trip=0.009451
111.000,ours,-,robot1,MIN_DISTANCE,OK,15.066,15.066,,0,nearest_robot=robot2
111.000,ours,-,robot2,MIN_DISTANCE,OK,15.066,15.066,,0,nearest_robot=robot1
111.000,ours,-,fleet,MIN_DISTANCE_AVG,OK,15.066,,,0,robots_sampled=2
111.000,ours,-,fleet,CHOMP_TIME_PARTIAL,OK,,0.002,,0,iterations=10;iterations_executed=10;source=algorithm;round_trip=0.010225
111.510,ours,-,fleet,CHOMP_TIME_PARTIAL,OK,,0.002,,0,iterations=10;iterations_executed=10;source=algorithm;round_trip=0.009564
112.000,ours,-,robot1,MIN_DISTANCE,OK,15.206,15.206,,0,nearest_robot=robot2
112.000,ours,-,robot2,MIN_DISTANCE,OK,15.206,15.206,,0,nearest_robot=robot1
112.000,ours,-,fleet,MIN_DISTANCE_AVG,OK,15.206,,,0,robots_sampled=2
112.010,ours,-,fleet,CHOMP_TIME_PARTIAL,OK,,0.003,,0,iterations=10;iterations_executed=10;source=algorithm;round_trip=0.009629
112.500,ours,-,fleet,CHOMP_TIME_PARTIAL,OK,,0.002,,0,iterations=10;iterations_executed=10;source=algorithm;round_trip=0.009528
113.000,ours,-,robot1,MIN_DISTANCE,OK,15.262,15.262,,0,nearest_robot=robot2
113.000,ours,-,robot2,MIN_DISTANCE,OK,15.262,15.262,,0,nearest_robot=robot1
113.000,ours,-,fleet,MIN_DISTANCE_AVG,OK,15.262,,,0,robots_sampled=2
113.000,ours,-,fleet,CHOMP_TIME_PARTIAL,OK,,0.002,,0,iterations=10;iterations_executed=10;source=algorithm;round_trip=0.009138
113.510,ours,-,fleet,CHOMP_TIME_PARTIAL,OK,,0.002,,0,iterations=10;iterations_executed=10;source=algorithm;round_trip=0.009380
114.000,ours,-,robot1,MIN_DISTANCE,OK,15.328,15.328,,0,nearest_robot=robot2
114.000,ours,-,robot2,MIN_DISTANCE,OK,15.328,15.328,,0,nearest_robot=robot1
114.000,ours,-,fleet,MIN_DISTANCE_AVG,OK,15.328,,,0,robots_sampled=2
114.000,ours,-,fleet,CHOMP_TIME_PARTIAL,OK,,0.002,,0,iterations=10;iterations_executed=10;source=algorithm;round_trip=0.009690
114.500,ours,-,fleet,CHOMP_TIME_PARTIAL,OK,,0.002,,0,iterations=10;iterations_executed=10;source=algorithm;round_trip=0.009586
115.000,ours,-,robot1,MIN_DISTANCE,OK,15.321,15.321,,0,nearest_robot=robot2
115.000,ours,-,robot2,MIN_DISTANCE,OK,15.321,15.321,,0,nearest_robot=robot1
115.000,ours,-,fleet,MIN_DISTANCE_AVG,OK,15.321,,,0,robots_sampled=2
115.000,ours,-,fleet,CHOMP_TIME_PARTIAL,OK,,0.002,,0,iterations=10;iterations_executed=10;source=algorithm;round_trip=0.009238
115.510,ours,-,fleet,CHOMP_TIME_PARTIAL,OK,,0.002,,0,iterations=10;iterations_executed=10;source=algorithm;round_trip=0.010274
116.000,ours,-,robot1,MIN_DISTANCE,OK,15.336,15.336,,0,nearest_robot=robot2
116.000,ours,-,robot2,MIN_DISTANCE,OK,15.336,15.336,,0,nearest_robot=robot1
116.000,ours,-,fleet,MIN_DISTANCE_AVG,OK,15.336,,,0,robots_sampled=2
116.000,ours,-,fleet,CHOMP_TIME_PARTIAL,OK,,0.003,,0,iterations=10;iterations_executed=10;source=algorithm;round_trip=0.010259
116.510,ours,-,fleet,CHOMP_TIME_PARTIAL,OK,,0.002,,0,iterations=10;iterations_executed=10;source=algorithm;round_trip=0.009497
117.000,ours,-,robot1,MIN_DISTANCE,OK,15.343,15.343,,0,nearest_robot=robot2
117.000,ours,-,robot2,MIN_DISTANCE,OK,15.343,15.343,,0,nearest_robot=robot1
117.000,ours,-,fleet,MIN_DISTANCE_AVG,OK,15.343,,,0,robots_sampled=2
117.010,ours,-,fleet,CHOMP_TIME_PARTIAL,OK,,0.002,,0,iterations=10;iterations_executed=10;source=algorithm;round_trip=0.009642
117.500,ours,-,fleet,CHOMP_TIME_PARTIAL,OK,,0.002,,0,iterations=10;iterations_executed=10;source=algorithm;round_trip=0.011522
118.000,ours,-,robot1,MIN_DISTANCE,OK,15.289,15.289,,0,nearest_robot=robot2
118.000,ours,-,robot2,MIN_DISTANCE,OK,15.289,15.289,,0,nearest_robot=robot1
118.000,ours,-,fleet,MIN_DISTANCE_AVG,OK,15.289,,,0,robots_sampled=2
118.000,ours,-,fleet,CHOMP_TIME_PARTIAL,OK,,0.002,,0,iterations=10;iterations_executed=10;source=algorithm;round_trip=0.010120
118.510,ours,-,fleet,CHOMP_TIME_PARTIAL,OK,,0.002,,0,iterations=10;iterations_executed=10;source=algorithm;round_trip=0.009740
119.000,ours,-,robot1,MIN_DISTANCE,OK,15.231,15.231,,0,nearest_robot=robot2
119.000,ours,-,robot2,MIN_DISTANCE,OK,15.231,15.231,,0,nearest_robot=robot1
119.000,ours,-,fleet,MIN_DISTANCE_AVG,OK,15.231,,,0,robots_sampled=2
119.010,ours,-,fleet,CHOMP_TIME_PARTIAL,OK,,0.002,,0,iterations=10;iterations_executed=10;source=algorithm;round_trip=0.009808
119.500,ours,-,fleet,CHOMP_TIME_PARTIAL,OK,,0.002,,0,iterations=10;iterations_executed=10;source=algorithm;round_trip=0.009608
120.000,ours,-,robot1,MIN_DISTANCE,OK,15.124,15.124,,0,nearest_robot=robot2
120.000,ours,-,robot2,MIN_DISTANCE,OK,15.124,15.124,,0,nearest_robot=robot1
120.000,ours,-,fleet,MIN_DISTANCE_AVG,OK,15.124,,,0,robots_sampled=2
120.010,ours,-,fleet,CHOMP_TIME_PARTIAL,OK,,0.002,,0,iterations=10;iterations_executed=10;source=algorithm;round_trip=0.009591
120.510,ours,-,fleet,CHOMP_TIME_PARTIAL,OK,,0.002,,0,iterations=10;iterations_executed=10;source=algorithm;round_trip=0.009501
121.000,ours,-,robot1,MIN_DISTANCE,OK,15.037,15.037,,0,nearest_robot=robot2
121.000,ours,-,robot2,MIN_DISTANCE,OK,15.037,15.037,,0,nearest_robot=robot1
121.000,ours,-,fleet,MIN_DISTANCE_AVG,OK,15.037,,,0,robots_sampled=2
121.000,ours,-,fleet,CHOMP_TIME_PARTIAL,OK,,0.002,,0,iterations=10;iterations_executed=10;source=algorithm;round_trip=0.009877
121.510,ours,-,fleet,CHOMP_TIME_PARTIAL,OK,,0.003,,0,iterations=10;iterations_executed=10;source=algorithm;round_trip=0.009786
122.000,ours,-,robot1,MIN_DISTANCE,OK,14.913,14.913,,0,nearest_robot=robot2
122.000,ours,-,robot2,MIN_DISTANCE,OK,14.913,14.913,,0,nearest_robot=robot1
122.000,ours,-,fleet,MIN_DISTANCE_AVG,OK,14.913,,,0,robots_sampled=2
122.010,ours,-,fleet,CHOMP_TIME_PARTIAL,OK,,0.002,,0,iterations=10;iterations_executed=10;source=algorithm;round_trip=0.010083
122.510,ours,-,fleet,CHOMP_TIME_PARTIAL,OK,,0.002,,0,iterations=10;iterations_executed=10;source=algorithm;round_trip=0.009486
123.000,ours,-,robot1,MIN_DISTANCE,OK,14.718,14.718,,0,nearest_robot=robot2
123.000,ours,-,robot2,MIN_DISTANCE,OK,14.718,14.718,,0,nearest_robot=robot1
123.000,ours,-,fleet,MIN_DISTANCE_AVG,OK,14.718,,,0,robots_sampled=2
123.000,ours,-,fleet,CHOMP_TIME_PARTIAL,OK,,0.002,,0,iterations=10;iterations_executed=10;source=algorithm;round_trip=0.009992
123.510,ours,-,fleet,CHOMP_TIME_PARTIAL,OK,,0.002,,0,iterations=10;iterations_executed=10;source=algorithm;round_trip=0.009727
124.000,ours,-,robot1,MIN_DISTANCE,OK,14.476,14.476,,0,nearest_robot=robot2
124.000,ours,-,robot2,MIN_DISTANCE,OK,14.476,14.476,,0,nearest_robot=robot1
124.000,ours,-,fleet,MIN_DISTANCE_AVG,OK,14.476,,,0,robots_sampled=2
124.010,ours,-,fleet,CHOMP_TIME_PARTIAL,OK,,0.002,,0,iterations=10;iterations_executed=10;source=algorithm;round_trip=0.010090
124.500,ours,-,fleet,CHOMP_TIME_PARTIAL,OK,,0.002,,0,iterations=10;iterations_executed=10;source=algorithm;round_trip=0.009510
125.000,ours,-,robot1,MIN_DISTANCE,OK,14.276,14.276,,0,nearest_robot=robot2
125.000,ours,-,robot2,MIN_DISTANCE,OK,14.276,14.276,,0,nearest_robot=robot1
125.000,ours,-,fleet,MIN_DISTANCE_AVG,OK,14.276,,,0,robots_sampled=2
125.010,ours,-,fleet,CHOMP_TIME_PARTIAL,OK,,0.002,,0,iterations=10;iterations_executed=10;source=algorithm;round_trip=0.009737
125.510,ours,-,fleet,CHOMP_TIME_PARTIAL,OK,,0.002,,0,iterations=10;iterations_executed=10;source=algorithm;round_trip=0.010574
126.000,ours,-,robot1,MIN_DISTANCE,OK,14.055,14.055,,0,nearest_robot=robot2
126.000,ours,-,robot2,MIN_DISTANCE,OK,14.055,14.055,,0,nearest_robot=robot1
126.000,ours,-,fleet,MIN_DISTANCE_AVG,OK,14.055,,,0,robots_sampled=2
126.000,ours,-,fleet,CHOMP_TIME_PARTIAL,OK,,0.002,,0,iterations=10;iterations_executed=10;source=algorithm;round_trip=0.010284
126.500,ours,-,fleet,CHOMP_TIME_PARTIAL,OK,,0.002,,0,iterations=10;iterations_executed=10;source=algorithm;round_trip=0.009591
127.000,ours,-,robot1,MIN_DISTANCE,OK,13.903,13.903,,0,nearest_robot=robot2
127.000,ours,-,robot2,MIN_DISTANCE,OK,13.903,13.903,,0,nearest_robot=robot1
127.000,ours,-,fleet,MIN_DISTANCE_AVG,OK,13.903,,,0,robots_sampled=2
127.010,ours,-,fleet,CHOMP_TIME_PARTIAL,OK,,0.002,,0,iterations=10;iterations_executed=10;source=algorithm;round_trip=0.011425
127.500,ours,-,fleet,CHOMP_TIME_PARTIAL,OK,,0.002,,0,iterations=10;iterations_executed=10;source=algorithm;round_trip=0.008983
128.000,ours,-,robot1,MIN_DISTANCE,OK,13.774,13.774,,0,nearest_robot=robot2
128.000,ours,-,robot2,MIN_DISTANCE,OK,13.774,13.774,,0,nearest_robot=robot1
128.000,ours,-,fleet,MIN_DISTANCE_AVG,OK,13.774,,,0,robots_sampled=2
128.000,ours,-,fleet,CHOMP_TIME_PARTIAL,OK,,0.002,,0,iterations=10;iterations_executed=10;source=algorithm;round_trip=0.010077
128.510,ours,-,fleet,CHOMP_TIME_PARTIAL,OK,,0.002,,0,iterations=10;iterations_executed=10;source=algorithm;round_trip=0.009287
129.000,ours,-,robot1,MIN_DISTANCE,OK,13.705,13.705,,0,nearest_robot=robot2
129.000,ours,-,robot2,MIN_DISTANCE,OK,13.705,13.705,,0,nearest_robot=robot1
129.000,ours,-,fleet,MIN_DISTANCE_AVG,OK,13.705,,,0,robots_sampled=2
129.010,ours,-,fleet,CHOMP_TIME_PARTIAL,OK,,0.002,,0,iterations=10;iterations_executed=10;source=algorithm;round_trip=0.009492
129.500,ours,-,fleet,CHOMP_TIME_PARTIAL,OK,,0.002,,0,iterations=10;iterations_executed=10;source=algorithm;round_trip=0.009783
130.000,ours,-,robot1,MIN_DISTANCE,OK,13.633,13.633,,0,nearest_robot=robot2
130.000,ours,-,robot2,MIN_DISTANCE,OK,13.633,13.633,,0,nearest_robot=robot1
130.000,ours,-,fleet,MIN_DISTANCE_AVG,OK,13.633,,,0,robots_sampled=2
130.010,ours,-,fleet,CHOMP_TIME_PARTIAL,OK,,0.002,,0,iterations=10;iterations_executed=10;source=algorithm;round_trip=0.010668
130.510,ours,-,fleet,CHOMP_TIME_PARTIAL,OK,,0.002,,0,iterations=10;iterations_executed=10;source=algorithm;round_trip=0.009811
131.000,ours,-,robot1,MIN_DISTANCE,OK,13.609,13.609,,0,nearest_robot=robot2
131.000,ours,-,robot2,MIN_DISTANCE,OK,13.609,13.609,,0,nearest_robot=robot1
131.000,ours,-,fleet,MIN_DISTANCE_AVG,OK,13.609,,,0,robots_sampled=2
131.000,ours,-,fleet,CHOMP_TIME_PARTIAL,OK,,0.002,,0,iterations=10;iterations_executed=10;source=algorithm;round_trip=0.010388
131.500,ours,-,fleet,CHOMP_TIME_PARTIAL,OK,,0.002,,0,iterations=10;iterations_executed=10;source=algorithm;round_trip=0.008896
132.000,ours,-,robot1,MIN_DISTANCE,OK,13.505,13.505,,0,nearest_robot=robot2
132.000,ours,-,robot2,MIN_DISTANCE,OK,13.505,13.505,,0,nearest_robot=robot1
132.000,ours,-,fleet,MIN_DISTANCE_AVG,OK,13.505,,,0,robots_sampled=2
132.010,ours,-,fleet,CHOMP_TIME_PARTIAL,OK,,0.002,,0,iterations=10;iterations_executed=10;source=algorithm;round_trip=0.009711
132.510,ours,-,fleet,CHOMP_TIME_PARTIAL,OK,,0.002,,0,iterations=10;iterations_executed=10;source=algorithm;round_trip=0.010593
133.000,ours,-,robot1,MIN_DISTANCE,OK,13.330,13.330,,0,nearest_robot=robot2
133.000,ours,-,robot2,MIN_DISTANCE,OK,13.330,13.330,,0,nearest_robot=robot1
133.000,ours,-,fleet,MIN_DISTANCE_AVG,OK,13.330,,,0,robots_sampled=2
133.000,ours,-,fleet,CHOMP_TIME_PARTIAL,OK,,0.002,,0,iterations=10;iterations_executed=10;source=algorithm;round_trip=0.010156
133.510,ours,-,fleet,CHOMP_TIME_PARTIAL,OK,,0.002,,0,iterations=10;iterations_executed=10;source=algorithm;round_trip=0.010447
134.000,ours,-,robot1,MIN_DISTANCE,OK,12.928,12.928,,0,nearest_robot=robot2
134.000,ours,-,robot2,MIN_DISTANCE,OK,12.928,12.928,,0,nearest_robot=robot1
134.000,ours,-,fleet,MIN_DISTANCE_AVG,OK,12.928,,,0,robots_sampled=2
134.000,ours,-,fleet,CHOMP_TIME_PARTIAL,OK,,0.002,,0,iterations=10;iterations_executed=10;source=algorithm;round_trip=0.009569
134.500,ours,-,fleet,CHOMP_TIME_PARTIAL,OK,,0.002,,0,iterations=10;iterations_executed=10;source=algorithm;round_trip=0.010114
135.000,ours,-,robot1,MIN_DISTANCE,OK,12.565,12.565,,0,nearest_robot=robot2
135.000,ours,-,robot2,MIN_DISTANCE,OK,12.565,12.565,,0,nearest_robot=robot1
135.000,ours,-,fleet,MIN_DISTANCE_AVG,OK,12.565,,,0,robots_sampled=2
135.000,ours,-,fleet,CHOMP_TIME_PARTIAL,OK,,0.002,,0,iterations=10;iterations_executed=10;source=algorithm;round_trip=0.010295
135.510,ours,-,fleet,CHOMP_TIME_PARTIAL,OK,,0.002,,0,iterations=10;iterations_executed=10;source=algorithm;round_trip=0.010535
136.000,ours,-,robot1,MIN_DISTANCE,OK,12.189,12.189,,0,nearest_robot=robot2
136.000,ours,-,robot2,MIN_DISTANCE,OK,12.189,12.189,,0,nearest_robot=robot1
136.000,ours,-,fleet,MIN_DISTANCE_AVG,OK,12.189,,,0,robots_sampled=2
136.010,ours,-,fleet,CHOMP_TIME_PARTIAL,OK,,0.002,,0,iterations=10;iterations_executed=10;source=algorithm;round_trip=0.015717
137.000,ours,-,robot1,MIN_DISTANCE,OK,11.797,11.797,,0,nearest_robot=robot2
137.000,ours,-,robot2,MIN_DISTANCE,OK,11.797,11.797,,0,nearest_robot=robot1
137.000,ours,-,fleet,MIN_DISTANCE_AVG,OK,11.797,,,0,robots_sampled=2
137.010,ours,-,fleet,CHOMP_TIME_FULL,OK,,0.003,,0,iterations=100;iterations_executed=14;source=algorithm;round_trip=0.012436
137.510,ours,-,fleet,CHOMP_TIME_PARTIAL,OK,,0.002,,0,iterations=10;iterations_executed=10;source=algorithm;round_trip=0.009688
138.000,ours,-,robot1,MIN_DISTANCE,OK,11.300,11.300,,0,nearest_robot=robot2
138.000,ours,-,robot2,MIN_DISTANCE,OK,11.300,11.300,,0,nearest_robot=robot1
138.000,ours,-,fleet,MIN_DISTANCE_AVG,OK,11.300,,,0,robots_sampled=2
138.000,ours,-,fleet,CHOMP_TIME_PARTIAL,OK,,0.002,,0,iterations=10;iterations_executed=10;source=algorithm;round_trip=0.010214
138.510,ours,-,fleet,CHOMP_TIME_PARTIAL,OK,,0.002,,0,iterations=10;iterations_executed=10;source=algorithm;round_trip=0.009841
139.000,ours,-,robot1,MIN_DISTANCE,OK,10.693,10.693,,0,nearest_robot=robot2
139.000,ours,-,robot2,MIN_DISTANCE,OK,10.693,10.693,,0,nearest_robot=robot1
139.000,ours,-,fleet,MIN_DISTANCE_AVG,OK,10.693,,,0,robots_sampled=2
139.010,ours,-,fleet,CHOMP_TIME_PARTIAL,OK,,0.002,,0,iterations=10;iterations_executed=10;source=algorithm;round_trip=0.010313
139.500,ours,-,fleet,CHOMP_TIME_PARTIAL,OK,,0.002,,0,iterations=10;iterations_executed=10;source=algorithm;round_trip=0.009062
140.000,ours,-,robot1,MIN_DISTANCE,OK,10.111,10.111,,0,nearest_robot=robot2
140.000,ours,-,robot2,MIN_DISTANCE,OK,10.111,10.111,,0,nearest_robot=robot1
140.000,ours,-,fleet,MIN_DISTANCE_AVG,OK,10.111,,,0,robots_sampled=2
140.000,ours,-,fleet,CHOMP_TIME_PARTIAL,OK,,0.002,,0,iterations=10;iterations_executed=10;source=algorithm;round_trip=0.010306
140.510,ours,-,fleet,CHOMP_TIME_PARTIAL,OK,,0.002,,0,iterations=10;iterations_executed=10;source=algorithm;round_trip=0.010284
141.000,ours,-,robot1,MIN_DISTANCE,OK,9.597,9.597,,0,nearest_robot=robot2
141.000,ours,-,robot2,MIN_DISTANCE,OK,9.597,9.597,,0,nearest_robot=robot1
141.000,ours,-,fleet,MIN_DISTANCE_AVG,OK,9.597,,,0,robots_sampled=2
141.010,ours,-,fleet,CHOMP_TIME_PARTIAL,OK,,0.002,,0,iterations=10;iterations_executed=10;source=algorithm;round_trip=0.011314
141.500,ours,-,fleet,CHOMP_TIME_PARTIAL,OK,,0.003,,0,iterations=10;iterations_executed=10;source=algorithm;round_trip=0.010525
142.000,ours,-,robot1,MIN_DISTANCE,OK,9.286,9.286,,0,nearest_robot=robot2
142.000,ours,-,robot2,MIN_DISTANCE,OK,9.286,9.286,,0,nearest_robot=robot1
142.000,ours,-,fleet,MIN_DISTANCE_AVG,OK,9.286,,,0,robots_sampled=2
142.000,ours,-,fleet,CHOMP_TIME_PARTIAL,OK,,0.002,,0,iterations=10;iterations_executed=10;source=algorithm;round_trip=0.009936
142.510,ours,-,fleet,CHOMP_TIME_PARTIAL,OK,,0.003,,0,iterations=10;iterations_executed=10;source=algorithm;round_trip=0.010505
143.000,ours,-,robot1,MIN_DISTANCE,OK,8.912,8.912,,0,nearest_robot=robot2
143.000,ours,-,robot2,MIN_DISTANCE,OK,8.912,8.912,,0,nearest_robot=robot1
143.000,ours,-,fleet,MIN_DISTANCE_AVG,OK,8.912,,,0,robots_sampled=2
143.000,ours,-,fleet,CHOMP_TIME_PARTIAL,OK,,0.002,,0,iterations=10;iterations_executed=10;source=algorithm;round_trip=0.010554
143.500,ours,-,fleet,CHOMP_TIME_PARTIAL,OK,,0.002,,0,iterations=10;iterations_executed=10;source=algorithm;round_trip=0.010956
144.000,ours,-,robot1,MIN_DISTANCE,OK,8.596,8.596,,0,nearest_robot=robot2
144.000,ours,-,robot2,MIN_DISTANCE,OK,8.596,8.596,,0,nearest_robot=robot1
144.000,ours,-,fleet,MIN_DISTANCE_AVG,OK,8.596,,,0,robots_sampled=2
144.010,ours,-,fleet,CHOMP_TIME_PARTIAL,OK,,0.002,,0,iterations=10;iterations_executed=10;source=algorithm;round_trip=0.010512
144.500,ours,-,fleet,CHOMP_TIME_PARTIAL,OK,,0.002,,0,iterations=10;iterations_executed=10;source=algorithm;round_trip=0.008860
145.000,ours,-,robot1,MIN_DISTANCE,OK,8.217,8.217,,0,nearest_robot=robot2
145.000,ours,-,robot2,MIN_DISTANCE,OK,8.217,8.217,,0,nearest_robot=robot1
145.000,ours,-,fleet,MIN_DISTANCE_AVG,OK,8.217,,,0,robots_sampled=2
145.000,ours,-,fleet,CHOMP_TIME_PARTIAL,OK,,0.002,,0,iterations=10;iterations_executed=10;source=algorithm;round_trip=0.011858
145.510,ours,-,fleet,CHOMP_TIME_PARTIAL,OK,,0.002,,0,iterations=10;iterations_executed=10;source=algorithm;round_trip=0.009908
146.000,ours,-,robot1,MIN_DISTANCE,OK,7.869,7.869,,0,nearest_robot=robot2
146.000,ours,-,robot2,MIN_DISTANCE,OK,7.869,7.869,,0,nearest_robot=robot1
146.000,ours,-,fleet,MIN_DISTANCE_AVG,OK,7.869,,,0,robots_sampled=2
146.010,ours,-,fleet,CHOMP_TIME_PARTIAL,OK,,0.002,,0,iterations=10;iterations_executed=10;source=algorithm;round_trip=0.010025
146.500,ours,-,fleet,CHOMP_TIME_PARTIAL,OK,,0.002,,0,iterations=10;iterations_executed=10;source=algorithm;round_trip=0.010398
147.000,ours,-,robot1,MIN_DISTANCE,OK,7.707,7.707,,0,nearest_robot=robot2
147.000,ours,-,robot2,MIN_DISTANCE,OK,7.707,7.707,,0,nearest_robot=robot1
147.000,ours,-,fleet,MIN_DISTANCE_AVG,OK,7.707,,,0,robots_sampled=2
147.010,ours,-,fleet,CHOMP_TIME_PARTIAL,OK,,0.002,,0,iterations=10;iterations_executed=10;source=algorithm;round_trip=0.010181
147.510,ours,-,fleet,CHOMP_TIME_PARTIAL,OK,,0.003,,0,iterations=10;iterations_executed=10;source=algorithm;round_trip=0.014358
148.000,ours,-,robot1,MIN_DISTANCE,OK,7.625,7.625,,0,nearest_robot=robot2
148.000,ours,-,robot2,MIN_DISTANCE,OK,7.625,7.625,,0,nearest_robot=robot1
148.000,ours,-,fleet,MIN_DISTANCE_AVG,OK,7.625,,,0,robots_sampled=2
148.000,ours,-,fleet,CHOMP_TIME_PARTIAL,OK,,0.002,,0,iterations=10;iterations_executed=10;source=algorithm;round_trip=0.010842
148.500,ours,-,fleet,CHOMP_TIME_PARTIAL,OK,,0.002,,0,iterations=10;iterations_executed=10;source=algorithm;round_trip=0.010444
149.000,ours,-,robot1,MIN_DISTANCE,OK,7.742,7.742,,0,nearest_robot=robot2
149.000,ours,-,robot2,MIN_DISTANCE,OK,7.742,7.742,,0,nearest_robot=robot1
149.000,ours,-,fleet,MIN_DISTANCE_AVG,OK,7.742,,,0,robots_sampled=2
149.010,ours,-,fleet,CHOMP_TIME_PARTIAL,OK,,0.002,,0,iterations=10;iterations_executed=10;source=algorithm;round_trip=0.010052
149.510,ours,-,fleet,CHOMP_TIME_PARTIAL,OK,,0.002,,0,iterations=10;iterations_executed=10;source=algorithm;round_trip=0.010169
150.000,ours,-,robot1,MIN_DISTANCE,OK,7.930,7.930,,0,nearest_robot=robot2
150.000,ours,-,robot2,MIN_DISTANCE,OK,7.930,7.930,,0,nearest_robot=robot1
150.000,ours,-,fleet,CHOMP_TIME_PARTIAL,OK,,0.002,,0,iterations=10;iterations_executed=10;source=algorithm;round_trip=0.011290
150.000,ours,-,fleet,MIN_DISTANCE_AVG,OK,7.930,,,0,robots_sampled=2
150.510,ours,-,fleet,CHOMP_TIME_PARTIAL,OK,,0.002,,0,iterations=10;iterations_executed=10;source=algorithm;round_trip=0.010828
151.000,ours,-,robot1,MIN_DISTANCE,OK,8.036,8.036,,0,nearest_robot=robot2
151.000,ours,-,robot2,MIN_DISTANCE,OK,8.036,8.036,,0,nearest_robot=robot1
151.000,ours,-,fleet,MIN_DISTANCE_AVG,OK,8.036,,,0,robots_sampled=2
151.010,ours,-,fleet,CHOMP_TIME_PARTIAL,OK,,0.002,,0,iterations=10;iterations_executed=10;source=algorithm;round_trip=0.010275
151.500,ours,-,fleet,CHOMP_TIME_PARTIAL,OK,,0.002,,0,iterations=10;iterations_executed=10;source=algorithm;round_trip=0.008946
152.000,ours,-,robot1,MIN_DISTANCE,OK,8.047,8.047,,0,nearest_robot=robot2
152.000,ours,-,robot2,MIN_DISTANCE,OK,8.047,8.047,,0,nearest_robot=robot1
152.000,ours,-,fleet,MIN_DISTANCE_AVG,OK,8.047,,,0,robots_sampled=2
152.000,ours,-,fleet,CHOMP_TIME_PARTIAL,OK,,0.002,,0,iterations=10;iterations_executed=10;source=algorithm;round_trip=0.010596
152.510,ours,-,fleet,CHOMP_TIME_PARTIAL,OK,,0.002,,0,iterations=10;iterations_executed=10;source=algorithm;round_trip=0.010693
153.000,ours,-,robot1,MIN_DISTANCE,OK,8.029,8.029,,0,nearest_robot=robot2
153.000,ours,-,robot2,MIN_DISTANCE,OK,8.029,8.029,,0,nearest_robot=robot1
153.000,ours,-,fleet,MIN_DISTANCE_AVG,OK,8.029,,,0,robots_sampled=2
153.010,ours,-,fleet,CHOMP_TIME_PARTIAL,OK,,0.002,,0,iterations=10;iterations_executed=10;source=algorithm;round_trip=0.011111
153.500,ours,-,fleet,CHOMP_TIME_PARTIAL,OK,,0.002,,0,iterations=10;iterations_executed=10;source=algorithm;round_trip=0.011007
154.000,ours,-,robot1,MIN_DISTANCE,OK,7.958,7.958,,0,nearest_robot=robot2
154.000,ours,-,robot2,MIN_DISTANCE,OK,7.958,7.958,,0,nearest_robot=robot1
154.000,ours,-,fleet,MIN_DISTANCE_AVG,OK,7.958,,,0,robots_sampled=2
154.010,ours,-,fleet,CHOMP_TIME_PARTIAL,OK,,0.002,,0,iterations=10;iterations_executed=10;source=algorithm;round_trip=0.010985
154.510,ours,-,fleet,CHOMP_TIME_PARTIAL,OK,,0.002,,0,iterations=10;iterations_executed=10;source=algorithm;round_trip=0.010007
155.000,ours,-,robot1,MIN_DISTANCE,OK,7.963,7.963,,0,nearest_robot=robot2
155.000,ours,-,robot2,MIN_DISTANCE,OK,7.963,7.963,,0,nearest_robot=robot1
155.000,ours,-,fleet,MIN_DISTANCE_AVG,OK,7.963,,,0,robots_sampled=2
155.000,ours,-,fleet,CHOMP_TIME_PARTIAL,OK,,0.002,,0,iterations=10;iterations_executed=10;source=algorithm;round_trip=0.011671
155.510,ours,-,fleet,CHOMP_TIME_PARTIAL,OK,,0.002,,0,iterations=10;iterations_executed=10;source=algorithm;round_trip=0.010520
156.000,ours,-,robot1,MIN_DISTANCE,OK,8.002,8.002,,0,nearest_robot=robot2
156.000,ours,-,robot2,MIN_DISTANCE,OK,8.002,8.002,,0,nearest_robot=robot1
156.000,ours,-,fleet,MIN_DISTANCE_AVG,OK,8.002,,,0,robots_sampled=2
156.010,ours,-,fleet,CHOMP_TIME_PARTIAL,OK,,0.002,,0,iterations=10;iterations_executed=10;source=algorithm;round_trip=0.011337
156.510,ours,-,fleet,CHOMP_TIME_PARTIAL,OK,,0.002,,0,iterations=10;iterations_executed=10;source=algorithm;round_trip=0.011079
157.000,ours,-,robot1,MIN_DISTANCE,OK,8.055,8.055,,0,nearest_robot=robot2
157.000,ours,-,robot2,MIN_DISTANCE,OK,8.055,8.055,,0,nearest_robot=robot1
157.000,ours,-,fleet,MIN_DISTANCE_AVG,OK,8.055,,,0,robots_sampled=2
157.000,ours,-,fleet,CHOMP_TIME_PARTIAL,OK,,0.002,,0,iterations=10;iterations_executed=10;source=algorithm;round_trip=0.011523
157.510,ours,-,fleet,CHOMP_TIME_PARTIAL,OK,,0.002,,0,iterations=10;iterations_executed=10;source=algorithm;round_trip=0.010486
158.000,ours,-,robot1,MIN_DISTANCE,OK,8.137,8.137,,0,nearest_robot=robot2
158.000,ours,-,robot2,MIN_DISTANCE,OK,8.137,8.137,,0,nearest_robot=robot1
158.000,ours,-,fleet,MIN_DISTANCE_AVG,OK,8.137,,,0,robots_sampled=2
158.010,ours,-,fleet,CHOMP_TIME_PARTIAL,OK,,0.002,,0,iterations=10;iterations_executed=10;source=algorithm;round_trip=0.011064
158.510,ours,-,fleet,CHOMP_TIME_PARTIAL,OK,,0.002,,0,iterations=10;iterations_executed=10;source=algorithm;round_trip=0.015074
159.000,ours,-,robot1,MIN_DISTANCE,OK,8.265,8.265,,0,nearest_robot=robot2
159.000,ours,-,robot2,MIN_DISTANCE,OK,8.265,8.265,,0,nearest_robot=robot1
159.000,ours,-,fleet,MIN_DISTANCE_AVG,OK,8.265,,,0,robots_sampled=2
159.010,ours,-,fleet,CHOMP_TIME_PARTIAL,OK,,0.002,,0,iterations=10;iterations_executed=10;source=algorithm;round_trip=0.010750
159.510,ours,-,fleet,CHOMP_TIME_PARTIAL,OK,,0.002,,0,iterations=10;iterations_executed=10;source=algorithm;round_trip=0.011453
160.000,ours,-,robot1,MIN_DISTANCE,OK,8.503,8.503,,0,nearest_robot=robot2
160.000,ours,-,robot2,MIN_DISTANCE,OK,8.503,8.503,,0,nearest_robot=robot1
160.000,ours,-,fleet,MIN_DISTANCE_AVG,OK,8.503,,,0,robots_sampled=2
160.010,ours,-,fleet,CHOMP_TIME_PARTIAL,OK,,0.002,,0,iterations=10;iterations_executed=10;source=algorithm;round_trip=0.011605
160.500,ours,-,fleet,CHOMP_TIME_PARTIAL,OK,,0.002,,0,iterations=10;iterations_executed=10;source=algorithm;round_trip=0.009312
161.000,ours,-,robot1,MIN_DISTANCE,OK,8.886,8.886,,0,nearest_robot=robot2
161.000,ours,-,robot2,MIN_DISTANCE,OK,8.886,8.886,,0,nearest_robot=robot1
161.000,ours,-,fleet,MIN_DISTANCE_AVG,OK,8.886,,,0,robots_sampled=2
161.010,ours,-,fleet,CHOMP_TIME_PARTIAL,OK,,0.002,,0,iterations=10;iterations_executed=10;source=algorithm;round_trip=0.011200
161.510,ours,-,fleet,CHOMP_TIME_PARTIAL,OK,,0.002,,0,iterations=10;iterations_executed=10;source=algorithm;round_trip=0.011286
162.000,ours,-,robot1,MIN_DISTANCE,OK,9.324,9.324,,0,nearest_robot=robot2
162.000,ours,-,robot2,MIN_DISTANCE,OK,9.324,9.324,,0,nearest_robot=robot1
162.000,ours,-,fleet,MIN_DISTANCE_AVG,OK,9.324,,,0,robots_sampled=2
162.010,ours,-,fleet,CHOMP_TIME_PARTIAL,OK,,0.002,,0,iterations=10;iterations_executed=10;source=algorithm;round_trip=0.011717
162.510,ours,-,fleet,CHOMP_TIME_PARTIAL,OK,,0.002,,0,iterations=10;iterations_executed=10;source=algorithm;round_trip=0.011856
163.000,ours,-,robot1,MIN_DISTANCE,OK,9.791,9.791,,0,nearest_robot=robot2
163.000,ours,-,robot2,MIN_DISTANCE,OK,9.791,9.791,,0,nearest_robot=robot1
163.010,ours,-,fleet,CHOMP_TIME_PARTIAL,OK,,0.002,,0,iterations=10;iterations_executed=10;source=algorithm;round_trip=0.011032
163.000,ours,-,fleet,MIN_DISTANCE_AVG,OK,9.791,,,0,robots_sampled=2
163.500,ours,-,fleet,CHOMP_TIME_PARTIAL,OK,,0.002,,0,iterations=10;iterations_executed=10;source=algorithm;round_trip=0.010754
164.000,ours,-,robot1,MIN_DISTANCE,OK,10.262,10.262,,0,nearest_robot=robot2
164.000,ours,-,robot2,MIN_DISTANCE,OK,10.262,10.262,,0,nearest_robot=robot1
164.000,ours,-,fleet,MIN_DISTANCE_AVG,OK,10.262,,,0,robots_sampled=2
164.010,ours,-,fleet,CHOMP_TIME_PARTIAL,OK,,0.002,,0,iterations=10;iterations_executed=10;source=algorithm;round_trip=0.012317
164.510,ours,-,fleet,CHOMP_TIME_PARTIAL,OK,,0.002,,0,iterations=10;iterations_executed=10;source=algorithm;round_trip=0.011162
165.000,ours,-,robot1,MIN_DISTANCE,OK,10.647,10.647,,0,nearest_robot=robot2
165.000,ours,-,robot2,MIN_DISTANCE,OK,10.647,10.647,,0,nearest_robot=robot1
165.000,ours,-,fleet,MIN_DISTANCE_AVG,OK,10.647,,,0,robots_sampled=2
165.010,ours,-,fleet,CHOMP_TIME_PARTIAL,OK,,0.002,,0,iterations=10;iterations_executed=10;source=algorithm;round_trip=0.012736
165.500,ours,-,fleet,CHOMP_TIME_PARTIAL,OK,,0.002,,0,iterations=10;iterations_executed=10;source=algorithm;round_trip=0.011741
166.000,ours,-,robot1,MIN_DISTANCE,OK,10.972,10.972,,0,nearest_robot=robot2
166.000,ours,-,robot2,MIN_DISTANCE,OK,10.972,10.972,,0,nearest_robot=robot1
166.000,ours,-,fleet,MIN_DISTANCE_AVG,OK,10.972,,,0,robots_sampled=2
166.010,ours,-,fleet,CHOMP_TIME_PARTIAL,OK,,0.002,,0,iterations=10;iterations_executed=10;source=algorithm;round_trip=0.011168
166.510,ours,-,fleet,CHOMP_TIME_PARTIAL,OK,,0.002,,0,iterations=10;iterations_executed=10;source=algorithm;round_trip=0.010783
167.000,ours,-,robot1,MIN_DISTANCE,OK,11.328,11.328,,0,nearest_robot=robot2
167.000,ours,-,robot2,MIN_DISTANCE,OK,11.328,11.328,,0,nearest_robot=robot1
167.000,ours,-,fleet,MIN_DISTANCE_AVG,OK,11.328,,,0,robots_sampled=2
167.000,ours,-,fleet,CHOMP_TIME_PARTIAL,OK,,0.002,,0,iterations=10;iterations_executed=10;source=algorithm;round_trip=0.013039
168.000,ours,-,robot1,MIN_DISTANCE,OK,11.734,11.734,,0,nearest_robot=robot2
168.000,ours,-,robot2,MIN_DISTANCE,OK,11.734,11.734,,0,nearest_robot=robot1
168.000,ours,-,fleet,MIN_DISTANCE_AVG,OK,11.734,,,0,robots_sampled=2
168.010,ours,-,fleet,CHOMP_TIME_FULL,OK,,0.003,,0,iterations=100;iterations_executed=14;source=algorithm;round_trip=0.015053
168.500,ours,-,fleet,CHOMP_TIME_PARTIAL,OK,,0.002,,0,iterations=10;iterations_executed=10;source=algorithm;round_trip=0.011199
169.000,ours,-,robot1,MIN_DISTANCE,OK,11.989,11.989,,0,nearest_robot=robot2
169.000,ours,-,robot2,MIN_DISTANCE,OK,11.989,11.989,,0,nearest_robot=robot1
169.000,ours,-,fleet,MIN_DISTANCE_AVG,OK,11.989,,,0,robots_sampled=2
169.010,ours,-,fleet,CHOMP_TIME_PARTIAL,OK,,0.002,,0,iterations=10;iterations_executed=10;source=algorithm;round_trip=0.011881
169.510,ours,-,fleet,CHOMP_TIME_PARTIAL,OK,,0.002,,0,iterations=10;iterations_executed=10;source=algorithm;round_trip=0.010653
170.000,ours,-,robot1,MIN_DISTANCE,OK,12.142,12.142,,0,nearest_robot=robot2
170.000,ours,-,robot2,MIN_DISTANCE,OK,12.142,12.142,,0,nearest_robot=robot1
170.000,ours,-,fleet,MIN_DISTANCE_AVG,OK,12.142,,,0,robots_sampled=2
170.010,ours,-,fleet,CHOMP_TIME_PARTIAL,OK,,0.003,,0,iterations=10;iterations_executed=10;source=algorithm;round_trip=0.011917
170.500,ours,-,fleet,CHOMP_TIME_PARTIAL,OK,,0.002,,0,iterations=10;iterations_executed=10;source=algorithm;round_trip=0.009139
171.000,ours,-,robot1,MIN_DISTANCE,OK,12.292,12.292,,0,nearest_robot=robot2
171.000,ours,-,robot2,MIN_DISTANCE,OK,12.292,12.292,,0,nearest_robot=robot1
171.000,ours,-,fleet,MIN_DISTANCE_AVG,OK,12.292,,,0,robots_sampled=2
171.010,ours,-,fleet,CHOMP_TIME_PARTIAL,OK,,0.002,,0,iterations=10;iterations_executed=10;source=algorithm;round_trip=0.011313
171.510,ours,-,fleet,CHOMP_TIME_PARTIAL,OK,,0.003,,0,iterations=10;iterations_executed=10;source=algorithm;round_trip=0.011811
172.000,ours,-,robot1,MIN_DISTANCE,OK,12.384,12.384,,0,nearest_robot=robot2
172.000,ours,-,robot2,MIN_DISTANCE,OK,12.384,12.384,,0,nearest_robot=robot1
172.000,ours,-,fleet,MIN_DISTANCE_AVG,OK,12.384,,,0,robots_sampled=2
172.510,ours,-,fleet,CHOMP_TIME_FULL,OK,,0.003,,0,iterations=100;iterations_executed=14;source=algorithm;round_trip=0.011667
173.000,ours,-,robot1,MIN_DISTANCE,OK,12.501,12.501,,0,nearest_robot=robot2
173.000,ours,-,robot2,MIN_DISTANCE,OK,12.501,12.501,,0,nearest_robot=robot1
173.010,ours,-,fleet,CHOMP_TIME_PARTIAL,OK,,0.002,,0,iterations=10;iterations_executed=10;source=algorithm;round_trip=0.011761
173.000,ours,-,fleet,MIN_DISTANCE_AVG,OK,12.501,,,0,robots_sampled=2
173.510,ours,-,fleet,CHOMP_TIME_PARTIAL,OK,,0.003,,0,iterations=10;iterations_executed=10;source=algorithm;round_trip=0.011801
174.000,ours,-,robot1,MIN_DISTANCE,OK,12.629,12.629,,0,nearest_robot=robot2
174.000,ours,-,robot2,MIN_DISTANCE,OK,12.629,12.629,,0,nearest_robot=robot1
174.000,ours,-,fleet,MIN_DISTANCE_AVG,OK,12.629,,,0,robots_sampled=2
174.010,ours,-,fleet,CHOMP_TIME_PARTIAL,OK,,0.002,,0,iterations=10;iterations_executed=10;source=algorithm;round_trip=0.012165
174.510,ours,-,fleet,CHOMP_TIME_PARTIAL,OK,,0.002,,0,iterations=10;iterations_executed=10;source=algorithm;round_trip=0.011950
175.000,ours,-,robot1,MIN_DISTANCE,OK,13.007,13.007,,0,nearest_robot=robot2
175.000,ours,-,robot2,MIN_DISTANCE,OK,13.007,13.007,,0,nearest_robot=robot1
175.000,ours,-,fleet,MIN_DISTANCE_AVG,OK,13.007,,,0,robots_sampled=2
175.010,ours,-,fleet,CHOMP_TIME_PARTIAL,OK,,0.002,,0,iterations=10;iterations_executed=10;source=algorithm;round_trip=0.011868
175.500,ours,-,fleet,CHOMP_TIME_PARTIAL,OK,,0.002,,0,iterations=10;iterations_executed=10;source=algorithm;round_trip=0.012932
176.000,ours,-,robot1,MIN_DISTANCE,OK,13.416,13.416,,0,nearest_robot=robot2
176.000,ours,-,robot2,MIN_DISTANCE,OK,13.416,13.416,,0,nearest_robot=robot1
176.000,ours,-,fleet,MIN_DISTANCE_AVG,OK,13.416,,,0,robots_sampled=2
176.010,ours,-,fleet,CHOMP_TIME_PARTIAL,OK,,0.002,,0,iterations=10;iterations_executed=10;source=algorithm;round_trip=0.011760
176.510,ours,-,fleet,CHOMP_TIME_PARTIAL,OK,,0.002,,0,iterations=10;iterations_executed=10;source=algorithm;round_trip=0.011515
177.000,ours,-,robot1,MIN_DISTANCE,OK,13.967,13.967,,0,nearest_robot=robot2
177.000,ours,-,robot2,MIN_DISTANCE,OK,13.967,13.967,,0,nearest_robot=robot1
177.000,ours,-,fleet,MIN_DISTANCE_AVG,OK,13.967,,,0,robots_sampled=2
177.000,ours,-,fleet,CHOMP_TIME_PARTIAL,OK,,0.002,,0,iterations=10;iterations_executed=10;source=algorithm;round_trip=0.012792
177.500,ours,-,fleet,CHOMP_TIME_PARTIAL,OK,,0.002,,0,iterations=10;iterations_executed=10;source=algorithm;round_trip=0.011390
178.000,ours,-,robot1,MIN_DISTANCE,OK,14.456,14.456,,0,nearest_robot=robot2
178.000,ours,-,robot2,MIN_DISTANCE,OK,14.456,14.456,,0,nearest_robot=robot1
178.000,ours,-,fleet,MIN_DISTANCE_AVG,OK,14.456,,,0,robots_sampled=2
178.010,ours,-,fleet,CHOMP_TIME_PARTIAL,OK,,0.002,,0,iterations=10;iterations_executed=10;source=algorithm;round_trip=0.012046
178.510,ours,-,fleet,CHOMP_TIME_PARTIAL,OK,,0.002,,0,iterations=10;iterations_executed=10;source=algorithm;round_trip=0.011978
179.000,ours,-,robot1,MIN_DISTANCE,OK,14.804,14.804,,0,nearest_robot=robot2
179.000,ours,-,robot2,MIN_DISTANCE,OK,14.804,14.804,,0,nearest_robot=robot1
179.000,ours,-,fleet,MIN_DISTANCE_AVG,OK,14.804,,,0,robots_sampled=2
179.000,ours,-,fleet,CHOMP_TIME_PARTIAL,OK,,0.003,,0,iterations=10;iterations_executed=10;source=algorithm;round_trip=0.012788
179.510,ours,-,fleet,CHOMP_TIME_PARTIAL,OK,,0.002,,0,iterations=10;iterations_executed=10;source=algorithm;round_trip=0.011594
180.000,ours,-,robot1,MIN_DISTANCE,OK,15.070,15.070,,0,nearest_robot=robot2
180.000,ours,-,robot2,MIN_DISTANCE,OK,15.070,15.070,,0,nearest_robot=robot1
180.010,ours,-,fleet,CHOMP_TIME_PARTIAL,OK,,0.002,,0,iterations=10;iterations_executed=10;source=algorithm;round_trip=0.012319
180.000,ours,-,fleet,MIN_DISTANCE_AVG,OK,15.070,,,0,robots_sampled=2
180.510,ours,-,fleet,CHOMP_TIME_PARTIAL,OK,,0.002,,0,iterations=10;iterations_executed=10;source=algorithm;round_trip=0.011945
181.000,ours,-,robot1,MIN_DISTANCE,OK,15.151,15.151,,0,nearest_robot=robot2
181.000,ours,-,robot2,MIN_DISTANCE,OK,15.151,15.151,,0,nearest_robot=robot1
181.000,ours,-,fleet,MIN_DISTANCE_AVG,OK,15.151,,,0,robots_sampled=2
181.010,ours,-,fleet,CHOMP_TIME_PARTIAL,OK,,0.002,,0,iterations=10;iterations_executed=10;source=algorithm;round_trip=0.012638
181.510,ours,-,fleet,CHOMP_TIME_PARTIAL,OK,,0.002,,0,iterations=10;iterations_executed=10;source=algorithm;round_trip=0.011840
182.000,ours,-,robot1,MIN_DISTANCE,OK,15.277,15.277,,0,nearest_robot=robot2
182.000,ours,-,robot2,MIN_DISTANCE,OK,15.277,15.277,,0,nearest_robot=robot1
182.000,ours,-,fleet,MIN_DISTANCE_AVG,OK,15.277,,,0,robots_sampled=2
182.010,ours,-,fleet,CHOMP_TIME_PARTIAL,OK,,0.003,,0,iterations=10;iterations_executed=10;source=algorithm;round_trip=0.012495
182.500,ours,-,fleet,CHOMP_TIME_PARTIAL,OK,,0.002,,0,iterations=10;iterations_executed=10;source=algorithm;round_trip=0.011870
183.000,ours,-,robot1,MIN_DISTANCE,OK,15.341,15.341,,0,nearest_robot=robot2
183.000,ours,-,robot2,MIN_DISTANCE,OK,15.341,15.341,,0,nearest_robot=robot1
183.000,ours,-,fleet,MIN_DISTANCE_AVG,OK,15.341,,,0,robots_sampled=2
183.010,ours,-,fleet,CHOMP_TIME_PARTIAL,OK,,0.002,,0,iterations=10;iterations_executed=10;source=algorithm;round_trip=0.012430
183.500,ours,-,fleet,CHOMP_TIME_PARTIAL,OK,,0.002,,0,iterations=10;iterations_executed=10;source=algorithm;round_trip=0.011522
184.000,ours,-,robot1,MIN_DISTANCE,OK,15.443,15.443,,0,nearest_robot=robot2
184.000,ours,-,robot2,MIN_DISTANCE,OK,15.443,15.443,,0,nearest_robot=robot1
184.000,ours,-,fleet,MIN_DISTANCE_AVG,OK,15.443,,,0,robots_sampled=2
184.000,ours,-,fleet,CHOMP_TIME_PARTIAL,OK,,0.002,,0,iterations=10;iterations_executed=10;source=algorithm;round_trip=0.012839
184.510,ours,-,fleet,CHOMP_TIME_PARTIAL,OK,,0.002,,0,iterations=10;iterations_executed=10;source=algorithm;round_trip=0.017700
185.000,ours,-,robot1,MIN_DISTANCE,OK,15.506,15.506,,0,nearest_robot=robot2
185.000,ours,-,robot2,MIN_DISTANCE,OK,15.506,15.506,,0,nearest_robot=robot1
185.000,ours,-,fleet,MIN_DISTANCE_AVG,OK,15.506,,,0,robots_sampled=2
185.010,ours,-,fleet,CHOMP_TIME_PARTIAL,OK,,0.002,,0,iterations=10;iterations_executed=10;source=algorithm;round_trip=0.013073
185.500,ours,-,fleet,CHOMP_TIME_PARTIAL,OK,,0.002,,0,iterations=10;iterations_executed=10;source=algorithm;round_trip=0.012486
186.000,ours,-,robot1,MIN_DISTANCE,OK,15.603,15.603,,0,nearest_robot=robot2
186.000,ours,-,robot2,MIN_DISTANCE,OK,15.603,15.603,,0,nearest_robot=robot1
186.000,ours,-,fleet,MIN_DISTANCE_AVG,OK,15.603,,,0,robots_sampled=2
186.000,ours,-,fleet,CHOMP_TIME_PARTIAL,OK,,0.002,,0,iterations=10;iterations_executed=10;source=algorithm;round_trip=0.012641
186.510,ours,-,fleet,CHOMP_TIME_PARTIAL,OK,,0.002,,0,iterations=10;iterations_executed=10;source=algorithm;round_trip=0.012718
187.000,ours,-,robot1,MIN_DISTANCE,OK,15.694,15.694,,0,nearest_robot=robot2
187.000,ours,-,robot2,MIN_DISTANCE,OK,15.694,15.694,,0,nearest_robot=robot1
187.000,ours,-,fleet,MIN_DISTANCE_AVG,OK,15.694,,,0,robots_sampled=2
187.000,ours,-,fleet,CHOMP_TIME_PARTIAL,OK,,0.002,,0,iterations=10;iterations_executed=10;source=algorithm;round_trip=0.013264
187.510,ours,-,fleet,CHOMP_TIME_PARTIAL,OK,,0.002,,0,iterations=10;iterations_executed=10;source=algorithm;round_trip=0.012873
188.000,ours,-,robot1,MIN_DISTANCE,OK,15.819,15.819,,0,nearest_robot=robot2
188.000,ours,-,robot2,MIN_DISTANCE,OK,15.819,15.819,,0,nearest_robot=robot1
188.000,ours,-,fleet,MIN_DISTANCE_AVG,OK,15.819,,,0,robots_sampled=2
188.010,ours,-,fleet,CHOMP_TIME_PARTIAL,OK,,0.002,,0,iterations=10;iterations_executed=10;source=algorithm;round_trip=0.012913
188.510,ours,-,fleet,CHOMP_TIME_PARTIAL,OK,,0.003,,0,iterations=10;iterations_executed=10;source=algorithm;round_trip=0.013813
189.000,ours,-,robot1,MIN_DISTANCE,OK,15.967,15.967,,0,nearest_robot=robot2
189.000,ours,-,robot2,MIN_DISTANCE,OK,15.967,15.967,,0,nearest_robot=robot1
189.000,ours,-,fleet,MIN_DISTANCE_AVG,OK,15.967,,,0,robots_sampled=2
189.010,ours,-,fleet,CHOMP_TIME_PARTIAL,OK,,0.002,,0,iterations=10;iterations_executed=10;source=algorithm;round_trip=0.013165
189.500,ours,-,fleet,CHOMP_TIME_PARTIAL,OK,,0.002,,0,iterations=10;iterations_executed=10;source=algorithm;round_trip=0.012396
190.000,ours,-,robot1,MIN_DISTANCE,OK,16.155,16.155,,0,nearest_robot=robot2
190.000,ours,-,robot2,MIN_DISTANCE,OK,16.155,16.155,,0,nearest_robot=robot1
190.000,ours,-,fleet,MIN_DISTANCE_AVG,OK,16.155,,,0,robots_sampled=2
190.010,ours,-,fleet,CHOMP_TIME_PARTIAL,OK,,0.002,,0,iterations=10;iterations_executed=10;source=algorithm;round_trip=0.012957
190.510,ours,-,fleet,CHOMP_TIME_PARTIAL,OK,,0.002,,0,iterations=10;iterations_executed=10;source=algorithm;round_trip=0.012386
191.000,ours,-,robot1,MIN_DISTANCE,OK,16.286,16.286,,0,nearest_robot=robot2
191.000,ours,-,robot2,MIN_DISTANCE,OK,16.286,16.286,,0,nearest_robot=robot1
191.000,ours,-,fleet,MIN_DISTANCE_AVG,OK,16.286,,,0,robots_sampled=2
191.010,ours,-,fleet,CHOMP_TIME_PARTIAL,OK,,0.002,,0,iterations=10;iterations_executed=10;source=algorithm;round_trip=0.013177
191.500,ours,-,fleet,CHOMP_TIME_PARTIAL,OK,,0.002,,0,iterations=10;iterations_executed=10;source=algorithm;round_trip=0.012564
192.000,ours,-,robot1,MIN_DISTANCE,OK,16.279,16.279,,0,nearest_robot=robot2
192.000,ours,-,robot2,MIN_DISTANCE,OK,16.279,16.279,,0,nearest_robot=robot1
192.000,ours,-,fleet,MIN_DISTANCE_AVG,OK,16.279,,,0,robots_sampled=2
192.010,ours,-,fleet,CHOMP_TIME_PARTIAL,OK,,0.002,,0,iterations=10;iterations_executed=10;source=algorithm;round_trip=0.012215
192.500,ours,-,fleet,CHOMP_TIME_PARTIAL,OK,,0.002,,0,iterations=10;iterations_executed=10;source=algorithm;round_trip=0.012525
193.000,ours,-,robot1,MIN_DISTANCE,OK,15.953,15.953,,0,nearest_robot=robot2
193.000,ours,-,robot2,MIN_DISTANCE,OK,15.953,15.953,,0,nearest_robot=robot1
193.000,ours,-,fleet,MIN_DISTANCE_AVG,OK,15.953,,,0,robots_sampled=2
193.010,ours,-,fleet,CHOMP_TIME_PARTIAL,OK,,0.002,,0,iterations=10;iterations_executed=10;source=algorithm;round_trip=0.015103
193.510,ours,-,fleet,CHOMP_TIME_PARTIAL,OK,,0.002,,0,iterations=10;iterations_executed=10;source=algorithm;round_trip=0.012089
194.000,ours,-,robot1,MIN_DISTANCE,OK,15.627,15.627,,0,nearest_robot=robot2
194.000,ours,-,robot2,MIN_DISTANCE,OK,15.627,15.627,,0,nearest_robot=robot1
194.000,ours,-,fleet,MIN_DISTANCE_AVG,OK,15.627,,,0,robots_sampled=2
194.000,ours,-,fleet,CHOMP_TIME_PARTIAL,OK,,0.002,,0,iterations=10;iterations_executed=10;source=algorithm;round_trip=0.012799
194.500,ours,-,fleet,CHOMP_TIME_PARTIAL,OK,,0.003,,0,iterations=10;iterations_executed=10;source=algorithm;round_trip=0.013327
195.000,ours,-,robot1,MIN_DISTANCE,OK,15.297,15.297,,0,nearest_robot=robot2
195.000,ours,-,robot2,MIN_DISTANCE,OK,15.297,15.297,,0,nearest_robot=robot1
195.000,ours,-,fleet,MIN_DISTANCE_AVG,OK,15.297,,,0,robots_sampled=2
195.020,ours,-,fleet,CHOMP_TIME_PARTIAL,OK,,0.002,,0,iterations=10;iterations_executed=10;source=algorithm;round_trip=0.020319
196.000,ours,-,robot1,MIN_DISTANCE,OK,14.955,14.955,,0,nearest_robot=robot2
196.000,ours,-,robot2,MIN_DISTANCE,OK,14.955,14.955,,0,nearest_robot=robot1
196.000,ours,-,fleet,MIN_DISTANCE_AVG,OK,14.955,,,0,robots_sampled=2
196.030,ours,-,fleet,CHOMP_TIME_FULL,OK,,0.021,,0,iterations=100;iterations_executed=100;source=algorithm;round_trip=0.031153
196.510,ours,-,fleet,CHOMP_TIME_PARTIAL,OK,,0.002,,0,iterations=10;iterations_executed=10;source=algorithm;round_trip=0.014170
197.000,ours,-,robot1,MIN_DISTANCE,OK,14.382,14.382,,0,nearest_robot=robot2
197.000,ours,-,robot2,MIN_DISTANCE,OK,14.382,14.382,,0,nearest_robot=robot1
197.000,ours,-,fleet,MIN_DISTANCE_AVG,OK,14.382,,,0,robots_sampled=2
197.010,ours,-,fleet,CHOMP_TIME_PARTIAL,OK,,0.002,,0,iterations=10;iterations_executed=10;source=algorithm;round_trip=0.013558
197.500,ours,-,fleet,CHOMP_TIME_PARTIAL,OK,,0.002,,0,iterations=10;iterations_executed=10;source=algorithm;round_trip=0.012696
198.000,ours,-,robot1,MIN_DISTANCE,OK,13.749,13.749,,0,nearest_robot=robot2
198.000,ours,-,robot2,MIN_DISTANCE,OK,13.749,13.749,,0,nearest_robot=robot1
198.000,ours,-,fleet,MIN_DISTANCE_AVG,OK,13.749,,,0,robots_sampled=2
198.010,ours,-,fleet,CHOMP_TIME_PARTIAL,OK,,0.002,,0,iterations=10;iterations_executed=10;source=algorithm;round_trip=0.013272
198.510,ours,-,fleet,CHOMP_TIME_PARTIAL,OK,,0.002,,0,iterations=10;iterations_executed=10;source=algorithm;round_trip=0.012550
199.000,ours,-,robot1,MIN_DISTANCE,OK,13.191,13.191,,0,nearest_robot=robot2
199.000,ours,-,robot2,MIN_DISTANCE,OK,13.191,13.191,,0,nearest_robot=robot1
199.000,ours,-,fleet,MIN_DISTANCE_AVG,OK,13.191,,,0,robots_sampled=2
199.000,ours,-,fleet,CHOMP_TIME_PARTIAL,OK,,0.002,,0,iterations=10;iterations_executed=10;source=algorithm;round_trip=0.013902
199.510,ours,-,fleet,CHOMP_TIME_PARTIAL,OK,,0.002,,0,iterations=10;iterations_executed=10;source=algorithm;round_trip=0.012773
200.000,ours,-,robot1,MIN_DISTANCE,OK,12.718,12.718,,0,nearest_robot=robot2
200.000,ours,-,robot2,MIN_DISTANCE,OK,12.718,12.718,,0,nearest_robot=robot1
200.000,ours,-,fleet,MIN_DISTANCE_AVG,OK,12.718,,,0,robots_sampled=2
200.010,ours,-,fleet,CHOMP_TIME_PARTIAL,OK,,0.002,,0,iterations=10;iterations_executed=10;source=algorithm;round_trip=0.014137
200.510,ours,-,fleet,CHOMP_TIME_PARTIAL,OK,,0.002,,0,iterations=10;iterations_executed=10;source=algorithm;round_trip=0.012750
201.000,ours,-,robot1,MIN_DISTANCE,OK,12.307,12.307,,0,nearest_robot=robot2
201.000,ours,-,robot2,MIN_DISTANCE,OK,12.307,12.307,,0,nearest_robot=robot1
201.000,ours,-,fleet,MIN_DISTANCE_AVG,OK,12.307,,,0,robots_sampled=2
201.010,ours,-,fleet,CHOMP_TIME_PARTIAL,OK,,0.002,,0,iterations=10;iterations_executed=10;source=algorithm;round_trip=0.014562
202.000,ours,-,robot1,MIN_DISTANCE,OK,11.932,11.932,,0,nearest_robot=robot2
202.000,ours,-,robot2,MIN_DISTANCE,OK,11.932,11.932,,0,nearest_robot=robot1
202.000,ours,-,fleet,MIN_DISTANCE_AVG,OK,11.932,,,0,robots_sampled=2
202.020,ours,-,fleet,CHOMP_TIME_FULL,OK,,0.020,,0,iterations=100;iterations_executed=100;source=algorithm;round_trip=0.028988
202.500,ours,-,fleet,CHOMP_TIME_PARTIAL,OK,,0.002,,0,iterations=10;iterations_executed=10;source=algorithm;round_trip=0.012656
203.000,ours,-,robot1,MIN_DISTANCE,OK,11.692,11.692,,0,nearest_robot=robot2
203.000,ours,-,robot2,MIN_DISTANCE,OK,11.692,11.692,,0,nearest_robot=robot1
203.000,ours,-,fleet,MIN_DISTANCE_AVG,OK,11.692,,,0,robots_sampled=2
203.010,ours,-,fleet,CHOMP_TIME_PARTIAL,OK,,0.002,,0,iterations=10;iterations_executed=10;source=algorithm;round_trip=0.014843
203.510,ours,-,fleet,CHOMP_TIME_PARTIAL,OK,,0.002,,0,iterations=10;iterations_executed=10;source=algorithm;round_trip=0.015320
204.000,ours,-,robot1,MIN_DISTANCE,OK,11.440,11.440,,0,nearest_robot=robot2
204.000,ours,-,robot2,MIN_DISTANCE,OK,11.440,11.440,,0,nearest_robot=robot1
204.000,ours,-,fleet,MIN_DISTANCE_AVG,OK,11.440,,,0,robots_sampled=2
204.010,ours,-,fleet,CHOMP_TIME_PARTIAL,OK,,0.002,,0,iterations=10;iterations_executed=10;source=algorithm;round_trip=0.014335
204.510,ours,-,fleet,CHOMP_TIME_PARTIAL,OK,,0.002,,0,iterations=10;iterations_executed=10;source=algorithm;round_trip=0.018554
205.000,ours,-,robot1,MIN_DISTANCE,OK,10.838,10.838,,0,nearest_robot=robot2
205.000,ours,-,robot2,MIN_DISTANCE,OK,10.838,10.838,,0,nearest_robot=robot1
205.000,ours,-,fleet,MIN_DISTANCE_AVG,OK,10.838,,,0,robots_sampled=2
205.010,ours,-,fleet,CHOMP_TIME_PARTIAL,OK,,0.002,,0,iterations=10;iterations_executed=10;source=algorithm;round_trip=0.013610
205.510,ours,-,fleet,CHOMP_TIME_PARTIAL,OK,,0.002,,0,iterations=10;iterations_executed=10;source=algorithm;round_trip=0.012770
206.000,ours,-,robot1,MIN_DISTANCE,OK,10.118,10.118,,0,nearest_robot=robot2
206.000,ours,-,robot2,MIN_DISTANCE,OK,10.118,10.118,,0,nearest_robot=robot1
206.000,ours,-,fleet,MIN_DISTANCE_AVG,OK,10.118,,,0,robots_sampled=2
206.000,ours,-,fleet,CHOMP_TIME_PARTIAL,OK,,0.002,,0,iterations=10;iterations_executed=10;source=algorithm;round_trip=0.013440
206.510,ours,-,fleet,CHOMP_TIME_PARTIAL,OK,,0.002,,0,iterations=10;iterations_executed=10;source=algorithm;round_trip=0.013073
207.000,ours,-,robot1,MIN_DISTANCE,OK,9.457,9.457,,0,nearest_robot=robot2
207.000,ours,-,robot2,MIN_DISTANCE,OK,9.457,9.457,,0,nearest_robot=robot1
207.000,ours,-,fleet,MIN_DISTANCE_AVG,OK,9.457,,,0,robots_sampled=2
207.010,ours,-,fleet,CHOMP_TIME_PARTIAL,OK,,0.002,,0,iterations=10;iterations_executed=10;source=algorithm;round_trip=0.014158
207.510,ours,-,fleet,CHOMP_TIME_PARTIAL,OK,,0.002,,0,iterations=10;iterations_executed=10;source=algorithm;round_trip=0.013479
208.000,ours,-,robot1,MIN_DISTANCE,OK,8.860,8.860,,0,nearest_robot=robot2
208.000,ours,-,robot2,MIN_DISTANCE,OK,8.860,8.860,,0,nearest_robot=robot1
208.000,ours,-,fleet,MIN_DISTANCE_AVG,OK,8.860,,,0,robots_sampled=2
208.010,ours,-,fleet,CHOMP_TIME_PARTIAL,OK,,0.002,,0,iterations=10;iterations_executed=10;source=algorithm;round_trip=0.014212
208.510,ours,-,fleet,CHOMP_TIME_PARTIAL,OK,,0.002,,0,iterations=10;iterations_executed=10;source=algorithm;round_trip=0.016694
209.000,ours,-,robot1,MIN_DISTANCE,OK,8.278,8.278,,0,nearest_robot=robot2
209.000,ours,-,robot2,MIN_DISTANCE,OK,8.278,8.278,,0,nearest_robot=robot1
209.000,ours,-,fleet,MIN_DISTANCE_AVG,OK,8.278,,,0,robots_sampled=2
209.010,ours,-,fleet,CHOMP_TIME_PARTIAL,OK,,0.003,,0,iterations=10;iterations_executed=10;source=algorithm;round_trip=0.015544
209.510,ours,-,fleet,CHOMP_TIME_PARTIAL,OK,,0.003,,0,iterations=10;iterations_executed=10;source=algorithm;round_trip=0.014495
210.000,ours,-,robot1,MIN_DISTANCE,OK,7.701,7.701,,0,nearest_robot=robot2
210.000,ours,-,robot2,MIN_DISTANCE,OK,7.701,7.701,,0,nearest_robot=robot1
210.000,ours,-,fleet,MIN_DISTANCE_AVG,OK,7.701,,,0,robots_sampled=2
210.010,ours,-,fleet,CHOMP_TIME_PARTIAL,OK,,0.002,,0,iterations=10;iterations_executed=10;source=algorithm;round_trip=0.014342
210.510,ours,-,fleet,CHOMP_TIME_PARTIAL,OK,,0.002,,0,iterations=10;iterations_executed=10;source=algorithm;round_trip=0.013868
211.000,ours,-,robot1,MIN_DISTANCE,OK,7.096,7.096,,0,nearest_robot=robot2
211.000,ours,-,robot2,MIN_DISTANCE,OK,7.096,7.096,,0,nearest_robot=robot1
211.000,ours,-,fleet,MIN_DISTANCE_AVG,OK,7.096,,,0,robots_sampled=2
211.010,ours,-,fleet,CHOMP_TIME_PARTIAL,OK,,0.002,,0,iterations=10;iterations_executed=10;source=algorithm;round_trip=0.013922
211.500,ours,-,fleet,CHOMP_TIME_PARTIAL,OK,,0.002,,0,iterations=10;iterations_executed=10;source=algorithm;round_trip=0.014218
212.000,ours,-,robot1,MIN_DISTANCE,OK,6.494,6.494,,0,nearest_robot=robot2
212.000,ours,-,robot2,MIN_DISTANCE,OK,6.494,6.494,,0,nearest_robot=robot1
212.000,ours,-,fleet,MIN_DISTANCE_AVG,OK,6.494,,,0,robots_sampled=2
212.010,ours,-,fleet,CHOMP_TIME_PARTIAL,OK,,0.003,,0,iterations=10;iterations_executed=10;source=algorithm;round_trip=0.015331
212.510,ours,-,fleet,CHOMP_TIME_PARTIAL,OK,,0.002,,0,iterations=10;iterations_executed=10;source=algorithm;round_trip=0.013845
213.000,ours,-,robot1,MIN_DISTANCE,OK,5.889,5.889,,0,nearest_robot=robot2
213.000,ours,-,robot2,MIN_DISTANCE,OK,5.889,5.889,,0,nearest_robot=robot1
213.000,ours,-,fleet,MIN_DISTANCE_AVG,OK,5.889,,,0,robots_sampled=2
213.010,ours,-,fleet,CHOMP_TIME_PARTIAL,OK,,0.002,,0,iterations=10;iterations_executed=10;source=algorithm;round_trip=0.013897
213.510,ours,-,fleet,CHOMP_TIME_PARTIAL,OK,,0.002,,0,iterations=10;iterations_executed=10;source=algorithm;round_trip=0.014637
214.000,ours,-,robot1,MIN_DISTANCE,OK,5.354,5.354,,0,nearest_robot=robot2
214.000,ours,-,robot2,MIN_DISTANCE,OK,5.354,5.354,,0,nearest_robot=robot1
214.000,ours,-,fleet,MIN_DISTANCE_AVG,OK,5.354,,,0,robots_sampled=2
214.000,ours,-,fleet,CHOMP_TIME_PARTIAL,OK,,0.002,,0,iterations=10;iterations_executed=10;source=algorithm;round_trip=0.013955
214.510,ours,-,fleet,CHOMP_TIME_PARTIAL,OK,,0.002,,0,iterations=10;iterations_executed=10;source=algorithm;round_trip=0.013480
215.000,ours,-,robot1,MIN_DISTANCE,OK,4.945,4.945,,0,nearest_robot=robot2
215.000,ours,-,robot2,MIN_DISTANCE,OK,4.945,4.945,,0,nearest_robot=robot1
215.000,ours,-,fleet,MIN_DISTANCE_AVG,OK,4.945,,,0,robots_sampled=2
215.010,ours,-,fleet,CHOMP_TIME_PARTIAL,OK,,0.002,,0,iterations=10;iterations_executed=10;source=algorithm;round_trip=0.015757
215.510,ours,-,fleet,CHOMP_TIME_PARTIAL,OK,,0.002,,0,iterations=10;iterations_executed=10;source=algorithm;round_trip=0.013027
216.000,ours,-,robot1,MIN_DISTANCE,OK,4.651,4.651,,0,nearest_robot=robot2
216.000,ours,-,robot2,MIN_DISTANCE,OK,4.651,4.651,,0,nearest_robot=robot1
216.000,ours,-,fleet,MIN_DISTANCE_AVG,OK,4.651,,,0,robots_sampled=2
216.010,ours,-,fleet,CHOMP_TIME_PARTIAL,OK,,0.002,,0,iterations=10;iterations_executed=10;source=algorithm;round_trip=0.013706
216.510,ours,-,fleet,CHOMP_TIME_PARTIAL,OK,,0.002,,0,iterations=10;iterations_executed=10;source=algorithm;round_trip=0.013949
217.000,ours,-,robot1,MIN_DISTANCE,OK,4.535,4.535,,0,nearest_robot=robot2
217.000,ours,-,robot2,MIN_DISTANCE,OK,4.535,4.535,,0,nearest_robot=robot1
217.000,ours,-,fleet,MIN_DISTANCE_AVG,OK,4.535,,,0,robots_sampled=2
217.000,ours,-,fleet,CHOMP_TIME_PARTIAL,OK,,0.002,,0,iterations=10;iterations_executed=10;source=algorithm;round_trip=0.014318
217.510,ours,-,fleet,CHOMP_TIME_PARTIAL,OK,,0.002,,0,iterations=10;iterations_executed=10;source=algorithm;round_trip=0.014119
218.000,ours,-,robot1,MIN_DISTANCE,OK,4.522,4.522,,0,nearest_robot=robot2
218.000,ours,-,robot2,MIN_DISTANCE,OK,4.522,4.522,,0,nearest_robot=robot1
218.000,ours,-,fleet,MIN_DISTANCE_AVG,OK,4.522,,,0,robots_sampled=2
218.010,ours,-,fleet,CHOMP_TIME_PARTIAL,OK,,0.002,,0,iterations=10;iterations_executed=10;source=algorithm;round_trip=0.014415
218.510,ours,-,fleet,CHOMP_TIME_PARTIAL,OK,,0.002,,0,iterations=10;iterations_executed=10;source=algorithm;round_trip=0.013687
219.000,ours,-,robot1,MIN_DISTANCE,OK,4.237,4.237,,0,nearest_robot=robot2
219.000,ours,-,robot2,MIN_DISTANCE,OK,4.237,4.237,,0,nearest_robot=robot1
219.000,ours,-,fleet,MIN_DISTANCE_AVG,OK,4.237,,,0,robots_sampled=2
219.010,ours,-,fleet,CHOMP_TIME_PARTIAL,OK,,0.002,,0,iterations=10;iterations_executed=10;source=algorithm;round_trip=0.015943
219.510,ours,-,fleet,CHOMP_TIME_PARTIAL,OK,,0.002,,0,iterations=10;iterations_executed=10;source=algorithm;round_trip=0.014892
220.000,ours,-,robot1,MIN_DISTANCE,OK,3.794,3.794,,0,nearest_robot=robot2
220.000,ours,-,robot2,MIN_DISTANCE,OK,3.794,3.794,,0,nearest_robot=robot1
220.000,ours,-,fleet,MIN_DISTANCE_AVG,OK,3.794,,,0,robots_sampled=2
220.010,ours,-,fleet,CHOMP_TIME_PARTIAL,OK,,0.002,,0,iterations=10;iterations_executed=10;source=algorithm;round_trip=0.014144
220.510,ours,-,fleet,CHOMP_TIME_PARTIAL,OK,,0.002,,0,iterations=10;iterations_executed=10;source=algorithm;round_trip=0.013461
221.000,ours,-,robot1,MIN_DISTANCE,OK,3.345,3.345,,0,nearest_robot=robot2
221.000,ours,-,robot2,MIN_DISTANCE,OK,3.345,3.345,,0,nearest_robot=robot1
221.000,ours,-,fleet,MIN_DISTANCE_AVG,OK,3.345,,,0,robots_sampled=2
221.010,ours,-,fleet,CHOMP_TIME_PARTIAL,OK,,0.002,,0,iterations=10;iterations_executed=10;source=algorithm;round_trip=0.015658
222.000,ours,-,robot1,MIN_DISTANCE,OK,2.908,2.908,,0,nearest_robot=robot2
222.000,ours,-,robot2,MIN_DISTANCE,OK,2.908,2.908,,0,nearest_robot=robot1
222.000,ours,-,fleet,MIN_DISTANCE_AVG,OK,2.908,,,0,robots_sampled=2
222.010,ours,-,fleet,CHOMP_TIME_FULL,OK,,0.003,,0,iterations=100;iterations_executed=14;source=algorithm;round_trip=0.017328
222.510,ours,-,fleet,CHOMP_TIME_PARTIAL,OK,,0.002,,0,iterations=10;iterations_executed=10;source=algorithm;round_trip=0.013309
223.000,ours,-,robot1,MIN_DISTANCE,OK,2.449,2.449,,0,nearest_robot=robot2
223.000,ours,-,robot2,MIN_DISTANCE,OK,2.449,2.449,,0,nearest_robot=robot1
223.000,ours,-,fleet,MIN_DISTANCE_AVG,OK,2.449,,,0,robots_sampled=2
223.010,ours,-,fleet,CHOMP_TIME_PARTIAL,OK,,0.002,,0,iterations=10;iterations_executed=10;source=algorithm;round_trip=0.014668
223.510,ours,-,fleet,CHOMP_TIME_PARTIAL,OK,,0.002,,0,iterations=10;iterations_executed=10;source=algorithm;round_trip=0.013346
224.000,ours,-,robot1,MIN_DISTANCE,OK,2.026,2.026,,0,nearest_robot=robot2
224.000,ours,-,robot2,MIN_DISTANCE,OK,2.026,2.026,,0,nearest_robot=robot1
224.000,ours,-,fleet,MIN_DISTANCE_AVG,OK,2.026,,,0,robots_sampled=2
224.010,ours,-,fleet,CHOMP_TIME_PARTIAL,OK,,0.002,,0,iterations=10;iterations_executed=10;source=algorithm;round_trip=0.013747
224.510,ours,-,fleet,CHOMP_TIME_PARTIAL,OK,,0.002,,0,iterations=10;iterations_executed=10;source=algorithm;round_trip=0.013657
225.000,ours,-,robot1,MIN_DISTANCE,OK,1.572,1.572,,0,nearest_robot=robot2
225.000,ours,-,robot2,MIN_DISTANCE,OK,1.572,1.572,,0,nearest_robot=robot1
225.000,ours,-,fleet,MIN_DISTANCE_AVG,OK,1.572,,,0,robots_sampled=2
225.010,ours,-,fleet,CHOMP_TIME_PARTIAL,OK,,0.002,,0,iterations=10;iterations_executed=10;source=algorithm;round_trip=0.014259
225.510,ours,-,fleet,CHOMP_TIME_PARTIAL,OK,,0.002,,0,iterations=10;iterations_executed=10;source=algorithm;round_trip=0.013608
226.000,ours,-,robot1,MIN_DISTANCE,OK,1.270,1.270,,0,nearest_robot=robot2
226.000,ours,-,robot2,MIN_DISTANCE,OK,1.270,1.270,,0,nearest_robot=robot1
226.000,ours,-,fleet,MIN_DISTANCE_AVG,OK,1.270,,,0,robots_sampled=2
226.010,ours,-,fleet,CHOMP_TIME_PARTIAL,OK,,0.002,,0,iterations=10;iterations_executed=10;source=algorithm;round_trip=0.015033
226.500,ours,-,fleet,CHOMP_TIME_PARTIAL,OK,,0.002,,0,iterations=10;iterations_executed=10;source=algorithm;round_trip=0.013870
227.000,ours,-,robot1,MIN_DISTANCE,OK,1.084,1.084,,0,nearest_robot=robot2
227.000,ours,-,robot2,MIN_DISTANCE,OK,1.084,1.084,,0,nearest_robot=robot1
227.000,ours,-,fleet,MIN_DISTANCE_AVG,OK,1.084,,,0,robots_sampled=2
227.510,ours,-,fleet,CHOMP_TIME_FULL,OK,,0.004,,0,iterations=100;iterations_executed=18;source=algorithm;round_trip=0.017368
228.000,ours,-,robot1,MIN_DISTANCE,OK,1.152,1.152,,0,nearest_robot=robot2
228.000,ours,-,robot2,MIN_DISTANCE,OK,1.152,1.152,,0,nearest_robot=robot1
228.000,ours,-,fleet,MIN_DISTANCE_AVG,OK,1.152,,,0,robots_sampled=2
228.010,ours,-,fleet,CHOMP_TIME_PARTIAL,OK,,0.002,,0,iterations=10;iterations_executed=10;source=algorithm;round_trip=0.014664
228.510,ours,-,fleet,CHOMP_TIME_PARTIAL,OK,,0.002,,0,iterations=10;iterations_executed=10;source=algorithm;round_trip=0.014838
229.000,ours,-,robot1,MIN_DISTANCE,OK,1.799,1.799,,0,nearest_robot=robot2
229.000,ours,-,robot2,MIN_DISTANCE,OK,1.799,1.799,,0,nearest_robot=robot1
229.000,ours,-,fleet,MIN_DISTANCE_AVG,OK,1.799,,,0,robots_sampled=2
229.010,ours,-,fleet,CHOMP_TIME_PARTIAL,OK,,0.002,,0,iterations=10;iterations_executed=10;source=algorithm;round_trip=0.014078
229.510,ours,-,fleet,CHOMP_TIME_PARTIAL,OK,,0.002,,0,iterations=10;iterations_executed=10;source=algorithm;round_trip=0.014428
230.000,ours,-,robot1,MIN_DISTANCE,OK,2.497,2.497,,0,nearest_robot=robot2
230.000,ours,-,robot2,MIN_DISTANCE,OK,2.497,2.497,,0,nearest_robot=robot1
230.000,ours,-,fleet,MIN_DISTANCE_AVG,OK,2.497,,,0,robots_sampled=2
230.010,ours,-,fleet,CHOMP_TIME_PARTIAL,OK,,0.002,,0,iterations=10;iterations_executed=10;source=algorithm;round_trip=0.014466
230.510,ours,-,fleet,CHOMP_TIME_PARTIAL,OK,,0.002,,0,iterations=10;iterations_executed=10;source=algorithm;round_trip=0.014861
231.000,ours,-,robot1,MIN_DISTANCE,OK,3.016,3.016,,0,nearest_robot=robot2
231.000,ours,-,robot2,MIN_DISTANCE,OK,3.016,3.016,,0,nearest_robot=robot1
231.000,ours,-,fleet,MIN_DISTANCE_AVG,OK,3.016,,,0,robots_sampled=2
231.010,ours,-,fleet,CHOMP_TIME_PARTIAL,OK,,0.002,,0,iterations=10;iterations_executed=10;source=algorithm;round_trip=0.014585
231.510,ours,-,fleet,CHOMP_TIME_PARTIAL,OK,,0.002,,0,iterations=10;iterations_executed=10;source=algorithm;round_trip=0.014035
232.000,ours,-,robot1,MIN_DISTANCE,OK,3.426,3.426,,0,nearest_robot=robot2
232.000,ours,-,robot2,MIN_DISTANCE,OK,3.426,3.426,,0,nearest_robot=robot1
232.000,ours,-,fleet,MIN_DISTANCE_AVG,OK,3.426,,,0,robots_sampled=2
232.010,ours,-,fleet,CHOMP_TIME_PARTIAL,OK,,0.002,,0,iterations=10;iterations_executed=10;source=algorithm;round_trip=0.015225
232.510,ours,-,fleet,CHOMP_TIME_PARTIAL,OK,,0.002,,0,iterations=10;iterations_executed=10;source=algorithm;round_trip=0.014115
233.000,ours,-,robot1,MIN_DISTANCE,OK,3.838,3.838,,0,nearest_robot=robot2
233.000,ours,-,robot2,MIN_DISTANCE,OK,3.838,3.838,,0,nearest_robot=robot1
233.000,ours,-,fleet,MIN_DISTANCE_AVG,OK,3.838,,,0,robots_sampled=2
233.010,ours,-,fleet,CHOMP_TIME_PARTIAL,OK,,0.002,,0,iterations=10;iterations_executed=10;source=algorithm;round_trip=0.016148
234.000,ours,-,robot1,MIN_DISTANCE,OK,4.321,4.321,,0,nearest_robot=robot2
234.000,ours,-,robot2,MIN_DISTANCE,OK,4.321,4.321,,0,nearest_robot=robot1
234.000,ours,-,fleet,MIN_DISTANCE_AVG,OK,4.321,,,0,robots_sampled=2
234.020,ours,-,fleet,CHOMP_TIME_FULL,OK,,0.023,,0,iterations=100;iterations_executed=100;source=algorithm;round_trip=0.033043
234.510,ours,-,fleet,CHOMP_TIME_PARTIAL,OK,,0.002,,0,iterations=10;iterations_executed=10;source=algorithm;round_trip=0.013594
235.000,ours,-,robot1,MIN_DISTANCE,OK,4.704,4.704,,0,nearest_robot=robot2
235.000,ours,-,robot2,MIN_DISTANCE,OK,4.704,4.704,,0,nearest_robot=robot1
235.000,ours,-,fleet,MIN_DISTANCE_AVG,OK,4.704,,,0,robots_sampled=2
235.000,ours,-,fleet,CHOMP_TIME_PARTIAL,OK,,0.002,,0,iterations=10;iterations_executed=10;source=algorithm;round_trip=0.015199
235.510,ours,-,fleet,CHOMP_TIME_PARTIAL,OK,,0.002,,0,iterations=10;iterations_executed=10;source=algorithm;round_trip=0.014215
236.000,ours,-,robot1,MIN_DISTANCE,OK,5.097,5.097,,0,nearest_robot=robot2
236.000,ours,-,robot2,MIN_DISTANCE,OK,5.097,5.097,,0,nearest_robot=robot1
236.000,ours,-,fleet,MIN_DISTANCE_AVG,OK,5.097,,,0,robots_sampled=2
236.010,ours,-,fleet,CHOMP_TIME_PARTIAL,OK,,0.002,,0,iterations=10;iterations_executed=10;source=algorithm;round_trip=0.014935
236.510,ours,-,fleet,CHOMP_TIME_PARTIAL,OK,,0.002,,0,iterations=10;iterations_executed=10;source=algorithm;round_trip=0.014328
237.000,ours,-,robot1,MIN_DISTANCE,OK,5.206,5.206,,0,nearest_robot=robot2
237.000,ours,-,robot2,MIN_DISTANCE,OK,5.206,5.206,,0,nearest_robot=robot1
237.000,ours,-,fleet,MIN_DISTANCE_AVG,OK,5.206,,,0,robots_sampled=2
237.010,ours,-,fleet,CHOMP_TIME_PARTIAL,OK,,0.002,,0,iterations=10;iterations_executed=10;source=algorithm;round_trip=0.015143
237.510,ours,-,fleet,CHOMP_TIME_PARTIAL,OK,,0.002,,0,iterations=10;iterations_executed=10;source=algorithm;round_trip=0.014267
238.000,ours,-,robot1,MIN_DISTANCE,OK,5.343,5.343,,0,nearest_robot=robot2
238.000,ours,-,robot2,MIN_DISTANCE,OK,5.343,5.343,,0,nearest_robot=robot1
238.000,ours,-,fleet,MIN_DISTANCE_AVG,OK,5.343,,,0,robots_sampled=2
238.010,ours,-,fleet,CHOMP_TIME_PARTIAL,OK,,0.002,,0,iterations=10;iterations_executed=10;source=algorithm;round_trip=0.015759
238.500,ours,-,fleet,CHOMP_TIME_PARTIAL,OK,,0.002,,0,iterations=10;iterations_executed=10;source=algorithm;round_trip=0.014589
239.000,ours,-,robot1,MIN_DISTANCE,OK,5.386,5.386,,0,nearest_robot=robot2
239.000,ours,-,robot2,MIN_DISTANCE,OK,5.386,5.386,,0,nearest_robot=robot1
239.000,ours,-,fleet,MIN_DISTANCE_AVG,OK,5.386,,,0,robots_sampled=2
239.010,ours,-,fleet,CHOMP_TIME_PARTIAL,OK,,0.002,,0,iterations=10;iterations_executed=10;source=algorithm;round_trip=0.015444
239.510,ours,-,fleet,CHOMP_TIME_PARTIAL,OK,,0.002,,0,iterations=10;iterations_executed=10;source=algorithm;round_trip=0.013936
240.000,ours,-,robot1,MIN_DISTANCE,OK,5.322,5.322,,0,nearest_robot=robot2
240.000,ours,-,robot2,MIN_DISTANCE,OK,5.322,5.322,,0,nearest_robot=robot1
240.000,ours,-,fleet,MIN_DISTANCE_AVG,OK,5.322,,,0,robots_sampled=2
240.010,ours,-,fleet,CHOMP_TIME_PARTIAL,OK,,0.003,,0,iterations=10;iterations_executed=10;source=algorithm;round_trip=0.015136
240.510,ours,-,fleet,CHOMP_TIME_PARTIAL,OK,,0.002,,0,iterations=10;iterations_executed=10;source=algorithm;round_trip=0.019352
241.000,ours,-,robot1,MIN_DISTANCE,OK,5.322,5.322,,0,nearest_robot=robot2
241.000,ours,-,robot2,MIN_DISTANCE,OK,5.322,5.322,,0,nearest_robot=robot1
241.000,ours,-,fleet,MIN_DISTANCE_AVG,OK,5.322,,,0,robots_sampled=2
241.010,ours,-,fleet,CHOMP_TIME_PARTIAL,OK,,0.002,,0,iterations=10;iterations_executed=10;source=algorithm;round_trip=0.014857
241.510,ours,-,fleet,CHOMP_TIME_PARTIAL,OK,,0.002,,0,iterations=10;iterations_executed=10;source=algorithm;round_trip=0.015959
242.000,ours,-,robot1,MIN_DISTANCE,OK,5.320,5.320,,0,nearest_robot=robot2
242.000,ours,-,robot2,MIN_DISTANCE,OK,5.320,5.320,,0,nearest_robot=robot1
242.000,ours,-,fleet,MIN_DISTANCE_AVG,OK,5.320,,,0,robots_sampled=2
242.010,ours,-,fleet,CHOMP_TIME_PARTIAL,OK,,0.002,,0,iterations=10;iterations_executed=10;source=algorithm;round_trip=0.015194
242.510,ours,-,fleet,CHOMP_TIME_PARTIAL,OK,,0.002,,0,iterations=10;iterations_executed=10;source=algorithm;round_trip=0.014168
243.000,ours,-,robot1,MIN_DISTANCE,OK,5.349,5.349,,0,nearest_robot=robot2
243.000,ours,-,robot2,MIN_DISTANCE,OK,5.349,5.349,,0,nearest_robot=robot1
243.000,ours,-,fleet,MIN_DISTANCE_AVG,OK,5.349,,,0,robots_sampled=2
243.010,ours,-,fleet,CHOMP_TIME_PARTIAL,OK,,0.003,,0,iterations=10;iterations_executed=10;source=algorithm;round_trip=0.016199
243.510,ours,-,fleet,CHOMP_TIME_PARTIAL,OK,,0.002,,0,iterations=10;iterations_executed=10;source=algorithm;round_trip=0.015121
244.000,ours,-,robot1,MIN_DISTANCE,OK,5.418,5.418,,0,nearest_robot=robot2
244.000,ours,-,robot2,MIN_DISTANCE,OK,5.418,5.418,,0,nearest_robot=robot1
244.000,ours,-,fleet,MIN_DISTANCE_AVG,OK,5.418,,,0,robots_sampled=2
244.010,ours,-,fleet,CHOMP_TIME_PARTIAL,OK,,0.002,,0,iterations=10;iterations_executed=10;source=algorithm;round_trip=0.014661
244.510,ours,-,fleet,CHOMP_TIME_PARTIAL,OK,,0.002,,0,iterations=10;iterations_executed=10;source=algorithm;round_trip=0.014055
245.000,ours,-,robot1,MIN_DISTANCE,OK,5.503,5.503,,0,nearest_robot=robot2
245.000,ours,-,robot2,MIN_DISTANCE,OK,5.503,5.503,,0,nearest_robot=robot1
245.000,ours,-,fleet,MIN_DISTANCE_AVG,OK,5.503,,,0,robots_sampled=2
245.010,ours,-,fleet,CHOMP_TIME_PARTIAL,OK,,0.002,,0,iterations=10;iterations_executed=10;source=algorithm;round_trip=0.016214
245.510,ours,-,fleet,CHOMP_TIME_PARTIAL,OK,,0.002,,0,iterations=10;iterations_executed=10;source=algorithm;round_trip=0.015453
246.000,ours,-,robot1,MIN_DISTANCE,OK,5.543,5.543,,0,nearest_robot=robot2
246.000,ours,-,robot2,MIN_DISTANCE,OK,5.543,5.543,,0,nearest_robot=robot1
246.000,ours,-,fleet,MIN_DISTANCE_AVG,OK,5.543,,,0,robots_sampled=2
246.010,ours,-,fleet,CHOMP_TIME_PARTIAL,OK,,0.002,,0,iterations=10;iterations_executed=10;source=algorithm;round_trip=0.015794
246.510,ours,-,fleet,CHOMP_TIME_PARTIAL,OK,,0.002,,0,iterations=10;iterations_executed=10;source=algorithm;round_trip=0.015102
247.000,ours,-,robot1,MIN_DISTANCE,OK,5.577,5.577,,0,nearest_robot=robot2
247.000,ours,-,robot2,MIN_DISTANCE,OK,5.577,5.577,,0,nearest_robot=robot1
247.000,ours,-,fleet,MIN_DISTANCE_AVG,OK,5.577,,,0,robots_sampled=2
247.010,ours,-,fleet,CHOMP_TIME_PARTIAL,OK,,0.002,,0,iterations=10;iterations_executed=10;source=algorithm;round_trip=0.015912
247.510,ours,-,fleet,CHOMP_TIME_PARTIAL,OK,,0.002,,0,iterations=10;iterations_executed=10;source=algorithm;round_trip=0.015098
248.000,ours,-,robot1,MIN_DISTANCE,OK,5.613,5.613,,0,nearest_robot=robot2
248.000,ours,-,robot2,MIN_DISTANCE,OK,5.613,5.613,,0,nearest_robot=robot1
248.000,ours,-,fleet,MIN_DISTANCE_AVG,OK,5.613,,,0,robots_sampled=2
248.010,ours,-,fleet,CHOMP_TIME_PARTIAL,OK,,0.002,,0,iterations=10;iterations_executed=10;source=algorithm;round_trip=0.015451
248.500,ours,-,fleet,CHOMP_TIME_PARTIAL,OK,,0.002,,0,iterations=10;iterations_executed=10;source=algorithm;round_trip=0.014617
249.000,ours,-,robot1,MIN_DISTANCE,OK,5.511,5.511,,0,nearest_robot=robot2
249.000,ours,-,robot2,MIN_DISTANCE,OK,5.511,5.511,,0,nearest_robot=robot1
249.000,ours,-,fleet,MIN_DISTANCE_AVG,OK,5.511,,,0,robots_sampled=2
249.010,ours,-,fleet,CHOMP_TIME_PARTIAL,OK,,0.002,,0,iterations=10;iterations_executed=10;source=algorithm;round_trip=0.016842
249.510,ours,-,fleet,CHOMP_TIME_PARTIAL,OK,,0.002,,0,iterations=10;iterations_executed=10;source=algorithm;round_trip=0.014471
250.000,ours,-,robot1,MIN_DISTANCE,OK,5.400,5.400,,0,nearest_robot=robot2
250.000,ours,-,robot2,MIN_DISTANCE,OK,5.400,5.400,,0,nearest_robot=robot1
250.000,ours,-,fleet,MIN_DISTANCE_AVG,OK,5.400,,,0,robots_sampled=2
250.010,ours,-,fleet,CHOMP_TIME_PARTIAL,OK,,0.002,,0,iterations=10;iterations_executed=10;source=algorithm;round_trip=0.015720
250.500,ours,-,fleet,CHOMP_TIME_PARTIAL,OK,,0.002,,0,iterations=10;iterations_executed=10;source=algorithm;round_trip=0.015060
251.000,ours,-,robot1,MIN_DISTANCE,OK,5.380,5.380,,0,nearest_robot=robot2
251.000,ours,-,robot2,MIN_DISTANCE,OK,5.380,5.380,,0,nearest_robot=robot1
251.000,ours,-,fleet,MIN_DISTANCE_AVG,OK,5.380,,,0,robots_sampled=2
251.010,ours,-,fleet,CHOMP_TIME_PARTIAL,OK,,0.002,,0,iterations=10;iterations_executed=10;source=algorithm;round_trip=0.015867
251.510,ours,-,fleet,CHOMP_TIME_PARTIAL,OK,,0.002,,0,iterations=10;iterations_executed=10;source=algorithm;round_trip=0.015352
252.000,ours,-,robot1,MIN_DISTANCE,OK,5.421,5.421,,0,nearest_robot=robot2
252.000,ours,-,robot2,MIN_DISTANCE,OK,5.421,5.421,,0,nearest_robot=robot1
252.000,ours,-,fleet,MIN_DISTANCE_AVG,OK,5.421,,,0,robots_sampled=2
252.010,ours,-,fleet,CHOMP_TIME_PARTIAL,OK,,0.002,,0,iterations=10;iterations_executed=10;source=algorithm;round_trip=0.016611
252.510,ours,-,fleet,CHOMP_TIME_PARTIAL,OK,,0.002,,0,iterations=10;iterations_executed=10;source=algorithm;round_trip=0.014802
253.000,ours,-,robot1,MIN_DISTANCE,OK,5.463,5.463,,0,nearest_robot=robot2
253.000,ours,-,robot2,MIN_DISTANCE,OK,5.463,5.463,,0,nearest_robot=robot1
253.000,ours,-,fleet,MIN_DISTANCE_AVG,OK,5.463,,,0,robots_sampled=2
253.010,ours,-,fleet,CHOMP_TIME_PARTIAL,OK,,0.002,,0,iterations=10;iterations_executed=10;source=algorithm;round_trip=0.016147
253.510,ours,-,fleet,CHOMP_TIME_PARTIAL,OK,,0.002,,0,iterations=10;iterations_executed=10;source=algorithm;round_trip=0.015660
254.000,ours,-,robot1,MIN_DISTANCE,OK,5.461,5.461,,0,nearest_robot=robot2
254.000,ours,-,robot2,MIN_DISTANCE,OK,5.461,5.461,,0,nearest_robot=robot1
254.000,ours,-,fleet,MIN_DISTANCE_AVG,OK,5.461,,,0,robots_sampled=2
254.010,ours,-,fleet,CHOMP_TIME_PARTIAL,OK,,0.002,,0,iterations=10;iterations_executed=10;source=algorithm;round_trip=0.016360
254.510,ours,-,fleet,CHOMP_TIME_PARTIAL,OK,,0.002,,0,iterations=10;iterations_executed=10;source=algorithm;round_trip=0.015736
255.000,ours,-,robot1,MIN_DISTANCE,OK,5.475,5.475,,0,nearest_robot=robot2
255.000,ours,-,robot2,MIN_DISTANCE,OK,5.475,5.475,,0,nearest_robot=robot1
255.000,ours,-,fleet,MIN_DISTANCE_AVG,OK,5.475,,,0,robots_sampled=2
255.010,ours,-,fleet,CHOMP_TIME_PARTIAL,OK,,0.002,,0,iterations=10;iterations_executed=10;source=algorithm;round_trip=0.016547
255.510,ours,-,fleet,CHOMP_TIME_PARTIAL,OK,,0.002,,0,iterations=10;iterations_executed=10;source=algorithm;round_trip=0.017014
256.000,ours,-,robot1,MIN_DISTANCE,OK,5.489,5.489,,0,nearest_robot=robot2
256.000,ours,-,robot2,MIN_DISTANCE,OK,5.489,5.489,,0,nearest_robot=robot1
256.000,ours,-,fleet,MIN_DISTANCE_AVG,OK,5.489,,,0,robots_sampled=2
256.010,ours,-,fleet,CHOMP_TIME_PARTIAL,OK,,0.002,,0,iterations=10;iterations_executed=10;source=algorithm;round_trip=0.017079
256.510,ours,-,fleet,CHOMP_TIME_PARTIAL,OK,,0.002,,0,iterations=10;iterations_executed=10;source=algorithm;round_trip=0.014765
257.000,ours,-,robot1,MIN_DISTANCE,OK,5.516,5.516,,0,nearest_robot=robot2
257.000,ours,-,robot2,MIN_DISTANCE,OK,5.516,5.516,,0,nearest_robot=robot1
257.000,ours,-,fleet,MIN_DISTANCE_AVG,OK,5.516,,,0,robots_sampled=2
257.020,ours,-,fleet,CHOMP_TIME_PARTIAL,OK,,0.002,,0,iterations=10;iterations_executed=10;source=algorithm;round_trip=0.023553
257.510,ours,-,fleet,CHOMP_TIME_PARTIAL,OK,,0.002,,0,iterations=10;iterations_executed=10;source=algorithm;round_trip=0.015461
258.000,ours,-,robot1,MIN_DISTANCE,OK,5.531,5.531,,0,nearest_robot=robot2
258.000,ours,-,robot2,MIN_DISTANCE,OK,5.531,5.531,,0,nearest_robot=robot1
258.000,ours,-,fleet,MIN_DISTANCE_AVG,OK,5.531,,,0,robots_sampled=2
258.010,ours,-,fleet,CHOMP_TIME_PARTIAL,OK,,0.002,,0,iterations=10;iterations_executed=10;source=algorithm;round_trip=0.017483
258.510,ours,-,fleet,CHOMP_TIME_PARTIAL,OK,,0.002,,0,iterations=10;iterations_executed=10;source=algorithm;round_trip=0.015618
259.000,ours,-,robot1,MIN_DISTANCE,OK,5.513,5.513,,0,nearest_robot=robot2
259.000,ours,-,robot2,MIN_DISTANCE,OK,5.513,5.513,,0,nearest_robot=robot1
259.000,ours,-,fleet,MIN_DISTANCE_AVG,OK,5.513,,,0,robots_sampled=2
259.010,ours,-,fleet,CHOMP_TIME_PARTIAL,OK,,0.002,,0,iterations=10;iterations_executed=10;source=algorithm;round_trip=0.016048
259.510,ours,-,fleet,CHOMP_TIME_PARTIAL,OK,,0.002,,0,iterations=10;iterations_executed=10;source=algorithm;round_trip=0.016158
260.000,ours,-,robot1,MIN_DISTANCE,OK,5.540,5.540,,0,nearest_robot=robot2
260.000,ours,-,robot2,MIN_DISTANCE,OK,5.540,5.540,,0,nearest_robot=robot1
260.000,ours,-,fleet,MIN_DISTANCE_AVG,OK,5.540,,,0,robots_sampled=2
260.010,ours,-,fleet,CHOMP_TIME_PARTIAL,OK,,0.003,,0,iterations=10;iterations_executed=10;source=algorithm;round_trip=0.015679
260.510,ours,-,fleet,CHOMP_TIME_PARTIAL,OK,,0.002,,0,iterations=10;iterations_executed=10;source=algorithm;round_trip=0.016035
261.000,ours,-,robot1,MIN_DISTANCE,OK,5.541,5.541,,0,nearest_robot=robot2
261.000,ours,-,robot2,MIN_DISTANCE,OK,5.541,5.541,,0,nearest_robot=robot1
261.010,ours,-,fleet,CHOMP_TIME_PARTIAL,OK,,0.002,,0,iterations=10;iterations_executed=10;source=algorithm;round_trip=0.016435
261.000,ours,-,fleet,MIN_DISTANCE_AVG,OK,5.541,,,0,robots_sampled=2
261.510,ours,-,fleet,CHOMP_TIME_PARTIAL,OK,,0.002,,0,iterations=10;iterations_executed=10;source=algorithm;round_trip=0.017059
262.000,ours,-,robot1,MIN_DISTANCE,OK,5.559,5.559,,0,nearest_robot=robot2
262.000,ours,-,robot2,MIN_DISTANCE,OK,5.559,5.559,,0,nearest_robot=robot1
262.000,ours,-,fleet,MIN_DISTANCE_AVG,OK,5.559,,,0,robots_sampled=2
262.010,ours,-,fleet,CHOMP_TIME_PARTIAL,OK,,0.002,,0,iterations=10;iterations_executed=10;source=algorithm;round_trip=0.016652
262.510,ours,-,fleet,CHOMP_TIME_PARTIAL,OK,,0.002,,0,iterations=10;iterations_executed=10;source=algorithm;round_trip=0.017425
263.000,ours,-,robot1,MIN_DISTANCE,OK,5.642,5.642,,0,nearest_robot=robot2
263.000,ours,-,robot2,MIN_DISTANCE,OK,5.642,5.642,,0,nearest_robot=robot1
263.000,ours,-,fleet,MIN_DISTANCE_AVG,OK,5.642,,,0,robots_sampled=2
263.010,ours,-,fleet,CHOMP_TIME_PARTIAL,OK,,0.002,,0,iterations=10;iterations_executed=10;source=algorithm;round_trip=0.015896
263.510,ours,-,fleet,CHOMP_TIME_PARTIAL,OK,,0.002,,0,iterations=10;iterations_executed=10;source=algorithm;round_trip=0.016553
264.000,ours,-,robot1,MIN_DISTANCE,OK,5.731,5.731,,0,nearest_robot=robot2
264.000,ours,-,robot2,MIN_DISTANCE,OK,5.731,5.731,,0,nearest_robot=robot1
264.000,ours,-,fleet,MIN_DISTANCE_AVG,OK,5.731,,,0,robots_sampled=2
264.010,ours,-,fleet,CHOMP_TIME_PARTIAL,OK,,0.002,,0,iterations=10;iterations_executed=10;source=algorithm;round_trip=0.016421
264.510,ours,-,fleet,CHOMP_TIME_PARTIAL,OK,,0.002,,0,iterations=10;iterations_executed=10;source=algorithm;round_trip=0.015991
265.000,ours,-,robot1,MIN_DISTANCE,OK,5.814,5.814,,0,nearest_robot=robot2
265.000,ours,-,robot2,MIN_DISTANCE,OK,5.814,5.814,,0,nearest_robot=robot1
265.000,ours,-,fleet,MIN_DISTANCE_AVG,OK,5.814,,,0,robots_sampled=2
265.010,ours,-,fleet,CHOMP_TIME_PARTIAL,OK,,0.002,,0,iterations=10;iterations_executed=10;source=algorithm;round_trip=0.017767
265.520,ours,-,fleet,CHOMP_TIME_PARTIAL,OK,,0.002,,0,iterations=10;iterations_executed=10;source=algorithm;round_trip=0.021089
266.000,ours,-,robot1,MIN_DISTANCE,OK,5.902,5.902,,0,nearest_robot=robot2
266.000,ours,-,robot2,MIN_DISTANCE,OK,5.902,5.902,,0,nearest_robot=robot1
266.000,ours,-,fleet,MIN_DISTANCE_AVG,OK,5.902,,,0,robots_sampled=2
266.010,ours,-,fleet,CHOMP_TIME_PARTIAL,OK,,0.002,,0,iterations=10;iterations_executed=10;source=algorithm;round_trip=0.016669
266.510,ours,-,fleet,CHOMP_TIME_PARTIAL,OK,,0.002,,0,iterations=10;iterations_executed=10;source=algorithm;round_trip=0.015876
267.000,ours,-,robot1,MIN_DISTANCE,OK,6.019,6.019,,0,nearest_robot=robot2
267.000,ours,-,robot2,MIN_DISTANCE,OK,6.019,6.019,,0,nearest_robot=robot1
267.000,ours,-,fleet,MIN_DISTANCE_AVG,OK,6.019,,,0,robots_sampled=2
267.010,ours,-,fleet,CHOMP_TIME_PARTIAL,OK,,0.002,,0,iterations=10;iterations_executed=10;source=algorithm;round_trip=0.018380
267.510,ours,-,fleet,CHOMP_TIME_PARTIAL,OK,,0.002,,0,iterations=10;iterations_executed=10;source=algorithm;round_trip=0.016118
268.000,ours,-,robot1,MIN_DISTANCE,OK,6.103,6.103,,0,nearest_robot=robot2
268.000,ours,-,robot2,MIN_DISTANCE,OK,6.103,6.103,,0,nearest_robot=robot1
268.000,ours,-,fleet,MIN_DISTANCE_AVG,OK,6.103,,,0,robots_sampled=2
268.010,ours,-,fleet,CHOMP_TIME_PARTIAL,OK,,0.002,,0,iterations=10;iterations_executed=10;source=algorithm;round_trip=0.016382
268.510,ours,-,fleet,CHOMP_TIME_PARTIAL,OK,,0.002,,0,iterations=10;iterations_executed=10;source=algorithm;round_trip=0.016691
269.000,ours,-,robot1,MIN_DISTANCE,OK,5.991,5.991,,0,nearest_robot=robot2
269.000,ours,-,robot2,MIN_DISTANCE,OK,5.991,5.991,,0,nearest_robot=robot1
269.000,ours,-,fleet,MIN_DISTANCE_AVG,OK,5.991,,,0,robots_sampled=2
269.010,ours,-,fleet,CHOMP_TIME_PARTIAL,OK,,0.002,,0,iterations=10;iterations_executed=10;source=algorithm;round_trip=0.017065
269.510,ours,-,fleet,CHOMP_TIME_PARTIAL,OK,,0.002,,0,iterations=10;iterations_executed=10;source=algorithm;round_trip=0.018850
270.000,ours,-,robot1,MIN_DISTANCE,OK,5.580,5.580,,0,nearest_robot=robot2
270.000,ours,-,robot2,MIN_DISTANCE,OK,5.580,5.580,,0,nearest_robot=robot1
270.000,ours,-,fleet,MIN_DISTANCE_AVG,OK,5.580,,,0,robots_sampled=2
270.010,ours,-,fleet,CHOMP_TIME_PARTIAL,OK,,0.003,,0,iterations=10;iterations_executed=10;source=algorithm;round_trip=0.016695
270.510,ours,-,fleet,CHOMP_TIME_PARTIAL,OK,,0.002,,0,iterations=10;iterations_executed=10;source=algorithm;round_trip=0.016140
271.000,ours,-,robot1,MIN_DISTANCE,OK,5.164,5.164,,0,nearest_robot=robot2
271.000,ours,-,robot2,MIN_DISTANCE,OK,5.164,5.164,,0,nearest_robot=robot1
271.000,ours,-,fleet,MIN_DISTANCE_AVG,OK,5.164,,,0,robots_sampled=2
271.010,ours,-,fleet,CHOMP_TIME_PARTIAL,OK,,0.002,,0,iterations=10;iterations_executed=10;source=algorithm;round_trip=0.018220
272.000,ours,-,robot1,MIN_DISTANCE,OK,4.721,4.721,,0,nearest_robot=robot2
272.000,ours,-,robot2,MIN_DISTANCE,OK,4.721,4.721,,0,nearest_robot=robot1
272.000,ours,-,fleet,MIN_DISTANCE_AVG,OK,4.721,,,0,robots_sampled=2
272.020,ours,-,fleet,CHOMP_TIME_FULL,OK,,0.019,,0,iterations=100;iterations_executed=100;source=algorithm;round_trip=0.030288
272.510,ours,-,fleet,CHOMP_TIME_PARTIAL,OK,,0.002,,0,iterations=10;iterations_executed=10;source=algorithm;round_trip=0.017844
273.000,ours,-,robot1,MIN_DISTANCE,OK,4.097,4.097,,0,nearest_robot=robot2
273.000,ours,-,robot2,MIN_DISTANCE,OK,4.097,4.097,,0,nearest_robot=robot1
273.000,ours,-,fleet,MIN_DISTANCE_AVG,OK,4.097,,,0,robots_sampled=2
273.010,ours,-,fleet,CHOMP_TIME_PARTIAL,OK,,0.002,,0,iterations=10;iterations_executed=10;source=algorithm;round_trip=0.016672
273.510,ours,-,fleet,CHOMP_TIME_PARTIAL,OK,,0.002,,0,iterations=10;iterations_executed=10;source=algorithm;round_trip=0.015804
274.000,ours,-,robot1,MIN_DISTANCE,OK,3.387,3.387,,0,nearest_robot=robot2
274.000,ours,-,robot2,MIN_DISTANCE,OK,3.387,3.387,,0,nearest_robot=robot1
274.000,ours,-,fleet,MIN_DISTANCE_AVG,OK,3.387,,,0,robots_sampled=2
274.010,ours,-,fleet,CHOMP_TIME_PARTIAL,OK,,0.002,,0,iterations=10;iterations_executed=10;source=algorithm;round_trip=0.017792
274.520,ours,-,fleet,CHOMP_TIME_PARTIAL,OK,,0.002,,0,iterations=10;iterations_executed=10;source=algorithm;round_trip=0.021380
275.000,ours,-,robot1,MIN_DISTANCE,OK,2.752,2.752,,0,nearest_robot=robot2
275.000,ours,-,robot2,MIN_DISTANCE,OK,2.752,2.752,,0,nearest_robot=robot1
275.000,ours,-,fleet,MIN_DISTANCE_AVG,OK,2.752,,,0,robots_sampled=2
275.010,ours,-,fleet,CHOMP_TIME_PARTIAL,OK,,0.002,,0,iterations=10;iterations_executed=10;source=algorithm;round_trip=0.016589
275.510,ours,-,fleet,CHOMP_TIME_PARTIAL,OK,,0.002,,0,iterations=10;iterations_executed=10;source=algorithm;round_trip=0.016853
276.000,ours,-,robot1,MIN_DISTANCE,OK,2.217,2.217,,0,nearest_robot=robot2
276.000,ours,-,robot2,MIN_DISTANCE,OK,2.217,2.217,,0,nearest_robot=robot1
276.000,ours,-,fleet,MIN_DISTANCE_AVG,OK,2.217,,,0,robots_sampled=2
276.010,ours,-,fleet,CHOMP_TIME_PARTIAL,OK,,0.002,,0,iterations=10;iterations_executed=10;source=algorithm;round_trip=0.017140
276.510,ours,-,fleet,CHOMP_TIME_PARTIAL,OK,,0.002,,0,iterations=10;iterations_executed=10;source=algorithm;round_trip=0.016708
277.000,ours,-,robot1,MIN_DISTANCE,OK,1.642,1.642,,0,nearest_robot=robot2
277.000,ours,-,robot2,MIN_DISTANCE,OK,1.642,1.642,,0,nearest_robot=robot1
277.000,ours,-,fleet,MIN_DISTANCE_AVG,OK,1.642,,,0,robots_sampled=2
277.010,ours,-,fleet,CHOMP_TIME_PARTIAL,OK,,0.002,,0,iterations=10;iterations_executed=10;source=algorithm;round_trip=0.016249
277.510,ours,-,fleet,CHOMP_TIME_PARTIAL,OK,,0.002,,0,iterations=10;iterations_executed=10;source=algorithm;round_trip=0.016897
278.000,ours,-,robot1,MIN_DISTANCE,OK,1.158,1.158,,0,nearest_robot=robot2
278.000,ours,-,robot2,MIN_DISTANCE,OK,1.158,1.158,,0,nearest_robot=robot1
278.000,ours,-,fleet,MIN_DISTANCE_AVG,OK,1.158,,,0,robots_sampled=2
278.010,ours,-,fleet,CHOMP_TIME_PARTIAL,OK,,0.002,,0,iterations=10;iterations_executed=10;source=algorithm;round_trip=0.017412
278.510,ours,-,fleet,CHOMP_TIME_PARTIAL,OK,,0.002,,0,iterations=10;iterations_executed=10;source=algorithm;round_trip=0.016476
279.000,ours,-,robot1,MIN_DISTANCE,OK,1.013,1.013,,0,nearest_robot=robot2
279.000,ours,-,robot2,MIN_DISTANCE,OK,1.013,1.013,,0,nearest_robot=robot1
279.000,ours,-,fleet,MIN_DISTANCE_AVG,OK,1.013,,,0,robots_sampled=2
279.010,ours,-,fleet,CHOMP_TIME_PARTIAL,OK,,0.002,,0,iterations=10;iterations_executed=10;source=algorithm;round_trip=0.018440
279.510,ours,-,fleet,CHOMP_TIME_PARTIAL,OK,,0.002,,0,iterations=10;iterations_executed=10;source=algorithm;round_trip=0.016899
280.000,ours,-,robot1,MIN_DISTANCE,OK,1.409,1.409,,0,nearest_robot=robot2
280.000,ours,-,robot2,MIN_DISTANCE,OK,1.409,1.409,,0,nearest_robot=robot1
280.000,ours,-,fleet,MIN_DISTANCE_AVG,OK,1.409,,,0,robots_sampled=2
280.010,ours,-,fleet,CHOMP_TIME_PARTIAL,OK,,0.002,,0,iterations=10;iterations_executed=10;source=algorithm;round_trip=0.016994
280.510,ours,-,fleet,CHOMP_TIME_PARTIAL,OK,,0.002,,0,iterations=10;iterations_executed=10;source=algorithm;round_trip=0.016803
281.000,ours,-,robot1,MIN_DISTANCE,OK,2.128,2.128,,0,nearest_robot=robot2
281.000,ours,-,robot2,MIN_DISTANCE,OK,2.128,2.128,,0,nearest_robot=robot1
281.000,ours,-,fleet,MIN_DISTANCE_AVG,OK,2.128,,,0,robots_sampled=2
281.010,ours,-,fleet,CHOMP_TIME_PARTIAL,OK,,0.002,,0,iterations=10;iterations_executed=10;source=algorithm;round_trip=0.017897
281.520,ours,-,fleet,CHOMP_TIME_PARTIAL,OK,,0.002,,0,iterations=10;iterations_executed=10;source=algorithm;round_trip=0.022888
282.000,ours,-,robot1,MIN_DISTANCE,OK,2.947,2.947,,0,nearest_robot=robot2
282.000,ours,-,robot2,MIN_DISTANCE,OK,2.947,2.947,,0,nearest_robot=robot1
282.000,ours,-,fleet,MIN_DISTANCE_AVG,OK,2.947,,,0,robots_sampled=2
282.010,ours,-,fleet,CHOMP_TIME_PARTIAL,OK,,0.002,,0,iterations=10;iterations_executed=10;source=algorithm;round_trip=0.017027
282.510,ours,-,fleet,CHOMP_TIME_PARTIAL,OK,,0.002,,0,iterations=10;iterations_executed=10;source=algorithm;round_trip=0.016696
283.000,ours,-,robot1,MIN_DISTANCE,OK,3.717,3.717,,0,nearest_robot=robot2
283.000,ours,-,robot2,MIN_DISTANCE,OK,3.717,3.717,,0,nearest_robot=robot1
283.000,ours,-,fleet,MIN_DISTANCE_AVG,OK,3.717,,,0,robots_sampled=2
283.010,ours,-,fleet,CHOMP_TIME_PARTIAL,OK,,0.002,,0,iterations=10;iterations_executed=10;source=algorithm;round_trip=0.017933
283.510,ours,-,fleet,CHOMP_TIME_PARTIAL,OK,,0.002,,0,iterations=10;iterations_executed=10;source=algorithm;round_trip=0.016897
284.000,ours,-,robot1,MIN_DISTANCE,OK,4.296,4.296,,0,nearest_robot=robot2
284.000,ours,-,robot2,MIN_DISTANCE,OK,4.296,4.296,,0,nearest_robot=robot1
284.000,ours,-,fleet,MIN_DISTANCE_AVG,OK,4.296,,,0,robots_sampled=2
284.010,ours,-,fleet,CHOMP_TIME_PARTIAL,OK,,0.002,,0,iterations=10;iterations_executed=10;source=algorithm;round_trip=0.017173
284.510,ours,-,fleet,CHOMP_TIME_PARTIAL,OK,,0.002,,0,iterations=10;iterations_executed=10;source=algorithm;round_trip=0.016975
285.000,ours,-,robot1,MIN_DISTANCE,OK,4.806,4.806,,0,nearest_robot=robot2
285.000,ours,-,robot2,MIN_DISTANCE,OK,4.806,4.806,,0,nearest_robot=robot1
285.000,ours,-,fleet,MIN_DISTANCE_AVG,OK,4.806,,,0,robots_sampled=2
285.010,ours,-,fleet,CHOMP_TIME_PARTIAL,OK,,0.002,,0,iterations=10;iterations_executed=10;source=algorithm;round_trip=0.017460
285.510,ours,-,fleet,CHOMP_TIME_PARTIAL,OK,,0.002,,0,iterations=10;iterations_executed=10;source=algorithm;round_trip=0.017072
286.000,ours,-,robot1,MIN_DISTANCE,OK,5.259,5.259,,0,nearest_robot=robot2
286.000,ours,-,robot2,MIN_DISTANCE,OK,5.259,5.259,,0,nearest_robot=robot1
286.000,ours,-,fleet,MIN_DISTANCE_AVG,OK,5.259,,,0,robots_sampled=2
286.010,ours,-,fleet,CHOMP_TIME_PARTIAL,OK,,0.002,,0,iterations=10;iterations_executed=10;source=algorithm;round_trip=0.018998
287.000,ours,-,robot1,MIN_DISTANCE,OK,5.720,5.720,,0,nearest_robot=robot2
287.000,ours,-,robot2,MIN_DISTANCE,OK,5.720,5.720,,0,nearest_robot=robot1
287.000,ours,-,fleet,MIN_DISTANCE_AVG,OK,5.720,,,0,robots_sampled=2
287.020,ours,-,fleet,CHOMP_TIME_FULL,OK,,0.020,,0,iterations=100;iterations_executed=100;source=algorithm;round_trip=0.029896
287.510,ours,-,fleet,CHOMP_TIME_PARTIAL,OK,,0.002,,0,iterations=10;iterations_executed=10;source=algorithm;round_trip=0.017878
288.000,ours,-,robot1,MIN_DISTANCE,OK,6.074,6.074,,0,nearest_robot=robot2
288.000,ours,-,robot2,MIN_DISTANCE,OK,6.074,6.074,,0,nearest_robot=robot1
288.000,ours,-,fleet,MIN_DISTANCE_AVG,OK,6.074,,,0,robots_sampled=2
288.010,ours,-,fleet,CHOMP_TIME_PARTIAL,OK,,0.002,,0,iterations=10;iterations_executed=10;source=algorithm;round_trip=0.017388
288.510,ours,-,fleet,CHOMP_TIME_PARTIAL,OK,,0.002,,0,iterations=10;iterations_executed=10;source=algorithm;round_trip=0.017273
289.000,ours,-,robot1,MIN_DISTANCE,OK,6.391,6.391,,0,nearest_robot=robot2
289.000,ours,-,robot2,MIN_DISTANCE,OK,6.391,6.391,,0,nearest_robot=robot1
289.000,ours,-,fleet,MIN_DISTANCE_AVG,OK,6.391,,,0,robots_sampled=2
289.010,ours,-,fleet,CHOMP_TIME_PARTIAL,OK,,0.002,,0,iterations=10;iterations_executed=10;source=algorithm;round_trip=0.018715
289.510,ours,-,fleet,CHOMP_TIME_PARTIAL,OK,,0.002,,0,iterations=10;iterations_executed=10;source=algorithm;round_trip=0.018784
290.000,ours,-,robot1,MIN_DISTANCE,OK,6.706,6.706,,0,nearest_robot=robot2
290.000,ours,-,robot2,MIN_DISTANCE,OK,6.706,6.706,,0,nearest_robot=robot1
290.000,ours,-,fleet,MIN_DISTANCE_AVG,OK,6.706,,,0,robots_sampled=2
290.010,ours,-,fleet,CHOMP_TIME_PARTIAL,OK,,0.002,,0,iterations=10;iterations_executed=10;source=algorithm;round_trip=0.017830
290.510,ours,-,fleet,CHOMP_TIME_PARTIAL,OK,,0.002,,0,iterations=10;iterations_executed=10;source=algorithm;round_trip=0.017379
291.000,ours,-,robot1,MIN_DISTANCE,OK,6.945,6.945,,0,nearest_robot=robot2
291.000,ours,-,robot2,MIN_DISTANCE,OK,6.945,6.945,,0,nearest_robot=robot1
291.000,ours,-,fleet,MIN_DISTANCE_AVG,OK,6.945,,,0,robots_sampled=2
291.010,ours,-,fleet,CHOMP_TIME_PARTIAL,OK,,0.002,,0,iterations=10;iterations_executed=10;source=algorithm;round_trip=0.018277
291.510,ours,-,fleet,CHOMP_TIME_PARTIAL,OK,,0.002,,0,iterations=10;iterations_executed=10;source=algorithm;round_trip=0.017492
292.000,ours,-,robot1,MIN_DISTANCE,OK,7.239,7.239,,0,nearest_robot=robot2
292.000,ours,-,robot2,MIN_DISTANCE,OK,7.239,7.239,,0,nearest_robot=robot1
292.000,ours,-,fleet,MIN_DISTANCE_AVG,OK,7.239,,,0,robots_sampled=2
292.010,ours,-,fleet,CHOMP_TIME_PARTIAL,OK,,0.002,,0,iterations=10;iterations_executed=10;source=algorithm;round_trip=0.017462
292.510,ours,-,fleet,CHOMP_TIME_PARTIAL,OK,,0.002,,0,iterations=10;iterations_executed=10;source=algorithm;round_trip=0.016782
293.000,ours,-,robot1,MIN_DISTANCE,OK,7.548,7.548,,0,nearest_robot=robot2
293.000,ours,-,robot2,MIN_DISTANCE,OK,7.548,7.548,,0,nearest_robot=robot1
293.000,ours,-,fleet,MIN_DISTANCE_AVG,OK,7.548,,,0,robots_sampled=2
293.020,ours,-,fleet,CHOMP_TIME_PARTIAL,OK,,0.003,,0,iterations=10;iterations_executed=10;source=algorithm;round_trip=0.025446
293.510,ours,-,fleet,CHOMP_TIME_PARTIAL,OK,,0.002,,0,iterations=10;iterations_executed=10;source=algorithm;round_trip=0.017132
294.000,ours,-,robot1,MIN_DISTANCE,OK,7.865,7.865,,0,nearest_robot=robot2
294.000,ours,-,robot2,MIN_DISTANCE,OK,7.865,7.865,,0,nearest_robot=robot1
294.000,ours,-,fleet,MIN_DISTANCE_AVG,OK,7.865,,,0,robots_sampled=2
294.010,ours,-,fleet,CHOMP_TIME_PARTIAL,OK,,0.002,,0,iterations=10;iterations_executed=10;source=algorithm;round_trip=0.017578
294.510,ours,-,fleet,CHOMP_TIME_PARTIAL,OK,,0.002,,0,iterations=10;iterations_executed=10;source=algorithm;round_trip=0.017211
295.000,ours,-,robot1,MIN_DISTANCE,OK,8.151,8.151,,0,nearest_robot=robot2
295.000,ours,-,robot2,MIN_DISTANCE,OK,8.151,8.151,,0,nearest_robot=robot1
295.000,ours,-,fleet,MIN_DISTANCE_AVG,OK,8.151,,,0,robots_sampled=2
295.010,ours,-,fleet,CHOMP_TIME_PARTIAL,OK,,0.002,,0,iterations=10;iterations_executed=10;source=algorithm;round_trip=0.017705
295.510,ours,-,fleet,CHOMP_TIME_PARTIAL,OK,,0.002,,0,iterations=10;iterations_executed=10;source=algorithm;round_trip=0.018408
296.000,ours,-,robot1,MIN_DISTANCE,OK,8.447,8.447,,0,nearest_robot=robot2
296.000,ours,-,robot2,MIN_DISTANCE,OK,8.447,8.447,,0,nearest_robot=robot1
296.000,ours,-,fleet,MIN_DISTANCE_AVG,OK,8.447,,,0,robots_sampled=2
296.010,ours,-,fleet,CHOMP_TIME_PARTIAL,OK,,0.002,,0,iterations=10;iterations_executed=10;source=algorithm;round_trip=0.018020
296.510,ours,-,fleet,CHOMP_TIME_PARTIAL,OK,,0.002,,0,iterations=10;iterations_executed=10;source=algorithm;round_trip=0.018317
297.000,ours,-,robot1,MIN_DISTANCE,OK,8.790,8.790,,0,nearest_robot=robot2
297.000,ours,-,robot2,MIN_DISTANCE,OK,8.790,8.790,,0,nearest_robot=robot1
297.000,ours,-,fleet,MIN_DISTANCE_AVG,OK,8.790,,,0,robots_sampled=2
297.010,ours,-,fleet,CHOMP_TIME_PARTIAL,OK,,0.002,,0,iterations=10;iterations_executed=10;source=algorithm;round_trip=0.017882
297.510,ours,-,fleet,CHOMP_TIME_PARTIAL,OK,,0.002,,0,iterations=10;iterations_executed=10;source=algorithm;round_trip=0.018079
298.000,ours,-,robot1,MIN_DISTANCE,OK,9.136,9.136,,0,nearest_robot=robot2
298.000,ours,-,robot2,MIN_DISTANCE,OK,9.136,9.136,,0,nearest_robot=robot1
298.000,ours,-,fleet,MIN_DISTANCE_AVG,OK,9.136,,,0,robots_sampled=2
298.010,ours,-,fleet,CHOMP_TIME_PARTIAL,OK,,0.002,,0,iterations=10;iterations_executed=10;source=algorithm;round_trip=0.024315
298.510,ours,-,fleet,CHOMP_TIME_PARTIAL,OK,,0.002,,0,iterations=10;iterations_executed=10;source=algorithm;round_trip=0.017585
299.000,ours,-,robot1,MIN_DISTANCE,OK,9.402,9.402,,0,nearest_robot=robot2
299.000,ours,-,robot2,MIN_DISTANCE,OK,9.402,9.402,,0,nearest_robot=robot1
299.000,ours,-,fleet,MIN_DISTANCE_AVG,OK,9.402,,,0,robots_sampled=2
299.010,ours,-,fleet,CHOMP_TIME_PARTIAL,OK,,0.002,,0,iterations=10;iterations_executed=10;source=algorithm;round_trip=0.017684
299.510,ours,-,fleet,CHOMP_TIME_PARTIAL,OK,,0.002,,0,iterations=10;iterations_executed=10;source=algorithm;round_trip=0.018416
300.000,ours,-,robot1,MIN_DISTANCE,OK,9.532,9.532,,0,nearest_robot=robot2
300.000,ours,-,robot2,MIN_DISTANCE,OK,9.532,9.532,,0,nearest_robot=robot1
300.000,ours,-,fleet,MIN_DISTANCE_AVG,OK,9.532,,,0,robots_sampled=2
300.010,ours,-,fleet,CHOMP_TIME_PARTIAL,OK,,0.002,,0,iterations=10;iterations_executed=10;source=algorithm;round_trip=0.018151
300.510,ours,-,fleet,CHOMP_TIME_PARTIAL,OK,,0.002,,0,iterations=10;iterations_executed=10;source=algorithm;round_trip=0.017528
301.000,ours,-,robot1,MIN_DISTANCE,OK,9.650,9.650,,0,nearest_robot=robot2
301.000,ours,-,robot2,MIN_DISTANCE,OK,9.650,9.650,,0,nearest_robot=robot1
301.000,ours,-,fleet,MIN_DISTANCE_AVG,OK,9.650,,,0,robots_sampled=2
301.010,ours,-,fleet,CHOMP_TIME_PARTIAL,OK,,0.002,,0,iterations=10;iterations_executed=10;source=algorithm;round_trip=0.019823
301.510,ours,-,fleet,CHOMP_TIME_PARTIAL,OK,,0.002,,0,iterations=10;iterations_executed=10;source=algorithm;round_trip=0.018539
302.000,ours,-,robot1,MIN_DISTANCE,OK,9.716,9.716,,0,nearest_robot=robot2
302.000,ours,-,robot2,MIN_DISTANCE,OK,9.716,9.716,,0,nearest_robot=robot1
302.000,ours,-,fleet,MIN_DISTANCE_AVG,OK,9.716,,,0,robots_sampled=2
302.010,ours,-,fleet,CHOMP_TIME_PARTIAL,OK,,0.002,,0,iterations=10;iterations_executed=10;source=algorithm;round_trip=0.018334
302.510,ours,-,fleet,CHOMP_TIME_PARTIAL,OK,,0.002,,0,iterations=10;iterations_executed=10;source=algorithm;round_trip=0.017210
303.000,ours,-,robot1,MIN_DISTANCE,OK,9.653,9.653,,0,nearest_robot=robot2
303.000,ours,-,robot2,MIN_DISTANCE,OK,9.653,9.653,,0,nearest_robot=robot1
303.000,ours,-,fleet,MIN_DISTANCE_AVG,OK,9.653,,,0,robots_sampled=2
303.010,ours,-,fleet,CHOMP_TIME_PARTIAL,OK,,0.002,,0,iterations=10;iterations_executed=10;source=algorithm;round_trip=0.019022
303.510,ours,-,fleet,CHOMP_TIME_PARTIAL,OK,,0.002,,0,iterations=10;iterations_executed=10;source=algorithm;round_trip=0.017374
304.000,ours,-,robot1,MIN_DISTANCE,OK,9.578,9.578,,0,nearest_robot=robot2
304.000,ours,-,robot2,MIN_DISTANCE,OK,9.578,9.578,,0,nearest_robot=robot1
304.000,ours,-,fleet,MIN_DISTANCE_AVG,OK,9.578,,,0,robots_sampled=2
304.010,ours,-,fleet,CHOMP_TIME_PARTIAL,OK,,0.002,,0,iterations=10;iterations_executed=10;source=algorithm;round_trip=0.019272
304.510,ours,-,fleet,CHOMP_TIME_PARTIAL,OK,,0.002,,0,iterations=10;iterations_executed=10;source=algorithm;round_trip=0.017598
305.000,ours,-,robot1,MIN_DISTANCE,OK,9.471,9.471,,0,nearest_robot=robot2
305.000,ours,-,robot2,MIN_DISTANCE,OK,9.471,9.471,,0,nearest_robot=robot1
305.000,ours,-,fleet,MIN_DISTANCE_AVG,OK,9.471,,,0,robots_sampled=2
305.010,ours,-,fleet,CHOMP_TIME_PARTIAL,OK,,0.002,,0,iterations=10;iterations_executed=10;source=algorithm;round_trip=0.020994
305.510,ours,-,fleet,CHOMP_TIME_PARTIAL,OK,,0.002,,0,iterations=10;iterations_executed=10;source=algorithm;round_trip=0.018570
306.000,ours,-,robot1,MIN_DISTANCE,OK,9.376,9.376,,0,nearest_robot=robot2
306.000,ours,-,robot2,MIN_DISTANCE,OK,9.376,9.376,,0,nearest_robot=robot1
306.000,ours,-,fleet,MIN_DISTANCE_AVG,OK,9.376,,,0,robots_sampled=2
306.010,ours,-,fleet,CHOMP_TIME_PARTIAL,OK,,0.002,,0,iterations=10;iterations_executed=10;source=algorithm;round_trip=0.018528
306.510,ours,-,fleet,CHOMP_TIME_PARTIAL,OK,,0.002,,0,iterations=10;iterations_executed=10;source=algorithm;round_trip=0.019474
307.000,ours,-,robot1,MIN_DISTANCE,OK,9.315,9.315,,0,nearest_robot=robot2
307.000,ours,-,robot2,MIN_DISTANCE,OK,9.315,9.315,,0,nearest_robot=robot1
307.000,ours,-,fleet,MIN_DISTANCE_AVG,OK,9.315,,,0,robots_sampled=2
307.010,ours,-,fleet,CHOMP_TIME_PARTIAL,OK,,0.002,,0,iterations=10;iterations_executed=10;source=algorithm;round_trip=0.018169
307.510,ours,-,fleet,CHOMP_TIME_PARTIAL,OK,,0.002,,0,iterations=10;iterations_executed=10;source=algorithm;round_trip=0.019355
308.000,ours,-,robot1,MIN_DISTANCE,OK,9.228,9.228,,0,nearest_robot=robot2
308.000,ours,-,robot2,MIN_DISTANCE,OK,9.228,9.228,,0,nearest_robot=robot1
308.000,ours,-,fleet,MIN_DISTANCE_AVG,OK,9.228,,,0,robots_sampled=2
308.010,ours,-,fleet,CHOMP_TIME_PARTIAL,OK,,0.002,,0,iterations=10;iterations_executed=10;source=algorithm;round_trip=0.018435
308.510,ours,-,fleet,CHOMP_TIME_PARTIAL,OK,,0.002,,0,iterations=10;iterations_executed=10;source=algorithm;round_trip=0.017819
309.000,ours,-,robot1,MIN_DISTANCE,OK,9.245,9.245,,0,nearest_robot=robot2
309.000,ours,-,robot2,MIN_DISTANCE,OK,9.245,9.245,,0,nearest_robot=robot1
309.000,ours,-,fleet,MIN_DISTANCE_AVG,OK,9.245,,,0,robots_sampled=2
309.020,ours,-,fleet,CHOMP_TIME_PARTIAL,OK,,0.002,,0,iterations=10;iterations_executed=10;source=algorithm;round_trip=0.019519
309.510,ours,-,fleet,CHOMP_TIME_PARTIAL,OK,,0.002,,0,iterations=10;iterations_executed=10;source=algorithm;round_trip=0.018230
310.000,ours,-,robot1,MIN_DISTANCE,OK,9.216,9.216,,0,nearest_robot=robot2
310.000,ours,-,robot2,MIN_DISTANCE,OK,9.216,9.216,,0,nearest_robot=robot1
310.000,ours,-,fleet,MIN_DISTANCE_AVG,OK,9.216,,,0,robots_sampled=2
310.020,ours,-,fleet,CHOMP_TIME_PARTIAL,OK,,0.003,,0,iterations=10;iterations_executed=10;source=algorithm;round_trip=0.020586
310.510,ours,-,fleet,CHOMP_TIME_PARTIAL,OK,,0.002,,0,iterations=10;iterations_executed=10;source=algorithm;round_trip=0.020048
311.000,ours,-,robot1,MIN_DISTANCE,OK,9.179,9.179,,0,nearest_robot=robot2
311.000,ours,-,robot2,MIN_DISTANCE,OK,9.179,9.179,,0,nearest_robot=robot1
311.000,ours,-,fleet,MIN_DISTANCE_AVG,OK,9.179,,,0,robots_sampled=2
311.010,ours,-,fleet,CHOMP_TIME_PARTIAL,OK,,0.002,,0,iterations=10;iterations_executed=10;source=algorithm;round_trip=0.018243
311.510,ours,-,fleet,CHOMP_TIME_PARTIAL,OK,,0.002,,0,iterations=10;iterations_executed=10;source=algorithm;round_trip=0.019200
312.000,ours,-,robot1,MIN_DISTANCE,OK,9.105,9.105,,0,nearest_robot=robot2
312.000,ours,-,robot2,MIN_DISTANCE,OK,9.105,9.105,,0,nearest_robot=robot1
312.000,ours,-,fleet,MIN_DISTANCE_AVG,OK,9.105,,,0,robots_sampled=2
312.020,ours,-,fleet,CHOMP_TIME_PARTIAL,OK,,0.002,,0,iterations=10;iterations_executed=10;source=algorithm;round_trip=0.020863
312.520,ours,-,fleet,CHOMP_TIME_PARTIAL,OK,,0.002,,0,iterations=10;iterations_executed=10;source=algorithm;round_trip=0.020631
313.000,ours,-,robot1,MIN_DISTANCE,OK,9.008,9.008,,0,nearest_robot=robot2
313.000,ours,-,robot2,MIN_DISTANCE,OK,9.008,9.008,,0,nearest_robot=robot1
313.000,ours,-,fleet,MIN_DISTANCE_AVG,OK,9.008,,,0,robots_sampled=2
313.010,ours,-,fleet,CHOMP_TIME_PARTIAL,OK,,0.002,,0,iterations=10;iterations_executed=10;source=algorithm;round_trip=0.019283
313.510,ours,-,fleet,CHOMP_TIME_PARTIAL,OK,,0.002,,0,iterations=10;iterations_executed=10;source=algorithm;round_trip=0.018652
314.000,ours,-,robot1,MIN_DISTANCE,OK,8.955,8.955,,0,nearest_robot=robot2
314.000,ours,-,robot2,MIN_DISTANCE,OK,8.955,8.955,,0,nearest_robot=robot1
314.000,ours,-,fleet,MIN_DISTANCE_AVG,OK,8.955,,,0,robots_sampled=2
314.010,ours,-,fleet,CHOMP_TIME_PARTIAL,OK,,0.003,,0,iterations=10;iterations_executed=10;source=algorithm;round_trip=0.018574
314.520,ours,-,fleet,CHOMP_TIME_PARTIAL,OK,,0.002,,0,iterations=10;iterations_executed=10;source=algorithm;round_trip=0.019585
315.000,ours,-,robot1,MIN_DISTANCE,OK,8.952,8.952,,0,nearest_robot=robot2
315.000,ours,-,robot2,MIN_DISTANCE,OK,8.952,8.952,,0,nearest_robot=robot1
315.000,ours,-,fleet,MIN_DISTANCE_AVG,OK,8.952,,,0,robots_sampled=2
315.010,ours,-,fleet,CHOMP_TIME_PARTIAL,OK,,0.002,,0,iterations=10;iterations_executed=10;source=algorithm;round_trip=0.018993
315.520,ours,-,fleet,CHOMP_TIME_PARTIAL,OK,,0.002,,0,iterations=10;iterations_executed=10;source=algorithm;round_trip=0.020970
316.000,ours,-,robot1,MIN_DISTANCE,OK,8.959,8.959,,0,nearest_robot=robot2
316.000,ours,-,robot2,MIN_DISTANCE,OK,8.959,8.959,,0,nearest_robot=robot1
316.000,ours,-,fleet,MIN_DISTANCE_AVG,OK,8.959,,,0,robots_sampled=2
316.020,ours,-,fleet,CHOMP_TIME_PARTIAL,OK,,0.002,,0,iterations=10;iterations_executed=10;source=algorithm;round_trip=0.020716
316.510,ours,-,fleet,CHOMP_TIME_PARTIAL,OK,,0.002,,0,iterations=10;iterations_executed=10;source=algorithm;round_trip=0.020007
317.000,ours,-,robot1,MIN_DISTANCE,OK,8.999,8.999,,0,nearest_robot=robot2
317.000,ours,-,robot2,MIN_DISTANCE,OK,8.999,8.999,,0,nearest_robot=robot1
317.000,ours,-,fleet,MIN_DISTANCE_AVG,OK,8.999,,,0,robots_sampled=2
317.010,ours,-,fleet,CHOMP_TIME_PARTIAL,OK,,0.002,,0,iterations=10;iterations_executed=10;source=algorithm;round_trip=0.020692
317.510,ours,-,fleet,CHOMP_TIME_PARTIAL,OK,,0.002,,0,iterations=10;iterations_executed=10;source=algorithm;round_trip=0.018350
318.000,ours,-,robot1,MIN_DISTANCE,OK,9.003,9.003,,0,nearest_robot=robot2
318.000,ours,-,robot2,MIN_DISTANCE,OK,9.003,9.003,,0,nearest_robot=robot1
318.000,ours,-,fleet,MIN_DISTANCE_AVG,OK,9.003,,,0,robots_sampled=2
318.010,ours,-,fleet,CHOMP_TIME_PARTIAL,OK,,0.002,,0,iterations=10;iterations_executed=10;source=algorithm;round_trip=0.018945
318.510,ours,-,fleet,CHOMP_TIME_PARTIAL,OK,,0.002,,0,iterations=10;iterations_executed=10;source=algorithm;round_trip=0.019847
319.000,ours,-,robot1,MIN_DISTANCE,OK,9.024,9.024,,0,nearest_robot=robot2
319.000,ours,-,robot2,MIN_DISTANCE,OK,9.024,9.024,,0,nearest_robot=robot1
319.000,ours,-,fleet,MIN_DISTANCE_AVG,OK,9.024,,,0,robots_sampled=2
319.010,ours,-,fleet,CHOMP_TIME_PARTIAL,OK,,0.002,,0,iterations=10;iterations_executed=10;source=algorithm;round_trip=0.018622
319.510,ours,-,fleet,CHOMP_TIME_PARTIAL,OK,,0.002,,0,iterations=10;iterations_executed=10;source=algorithm;round_trip=0.019862
320.000,ours,-,robot1,MIN_DISTANCE,OK,9.021,9.021,,0,nearest_robot=robot2
320.000,ours,-,robot2,MIN_DISTANCE,OK,9.021,9.021,,0,nearest_robot=robot1
320.000,ours,-,fleet,MIN_DISTANCE_AVG,OK,9.021,,,0,robots_sampled=2
320.010,ours,-,fleet,CHOMP_TIME_PARTIAL,OK,,0.002,,0,iterations=10;iterations_executed=10;source=algorithm;round_trip=0.019862
320.510,ours,-,fleet,CHOMP_TIME_PARTIAL,OK,,0.002,,0,iterations=10;iterations_executed=10;source=algorithm;round_trip=0.019205
321.000,ours,-,robot1,MIN_DISTANCE,OK,8.967,8.967,,0,nearest_robot=robot2
321.000,ours,-,robot2,MIN_DISTANCE,OK,8.967,8.967,,0,nearest_robot=robot1
321.000,ours,-,fleet,MIN_DISTANCE_AVG,OK,8.967,,,0,robots_sampled=2
321.010,ours,-,fleet,CHOMP_TIME_PARTIAL,OK,,0.002,,0,iterations=10;iterations_executed=10;source=algorithm;round_trip=0.019305
321.510,ours,-,fleet,CHOMP_TIME_PARTIAL,OK,,0.002,,0,iterations=10;iterations_executed=10;source=algorithm;round_trip=0.018935
322.000,ours,-,robot1,MIN_DISTANCE,OK,8.947,8.947,,0,nearest_robot=robot2
322.000,ours,-,robot2,MIN_DISTANCE,OK,8.947,8.947,,0,nearest_robot=robot1
322.000,ours,-,fleet,MIN_DISTANCE_AVG,OK,8.947,,,0,robots_sampled=2
322.020,ours,-,fleet,CHOMP_TIME_PARTIAL,OK,,0.002,,0,iterations=10;iterations_executed=10;source=algorithm;round_trip=0.021038
322.510,ours,-,fleet,CHOMP_TIME_PARTIAL,OK,,0.002,,0,iterations=10;iterations_executed=10;source=algorithm;round_trip=0.018513
323.000,ours,-,robot1,MIN_DISTANCE,OK,8.843,8.843,,0,nearest_robot=robot2
323.000,ours,-,robot2,MIN_DISTANCE,OK,8.843,8.843,,0,nearest_robot=robot1
323.000,ours,-,fleet,MIN_DISTANCE_AVG,OK,8.843,,,0,robots_sampled=2
323.010,ours,-,fleet,CHOMP_TIME_PARTIAL,OK,,0.002,,0,iterations=10;iterations_executed=10;source=algorithm;round_trip=0.024752
323.510,ours,-,fleet,CHOMP_TIME_PARTIAL,OK,,0.002,,0,iterations=10;iterations_executed=10;source=algorithm;round_trip=0.019220
324.000,ours,-,robot1,MIN_DISTANCE,OK,8.730,8.730,,0,nearest_robot=robot2
324.000,ours,-,robot2,MIN_DISTANCE,OK,8.730,8.730,,0,nearest_robot=robot1
324.000,ours,-,fleet,MIN_DISTANCE_AVG,OK,8.730,,,0,robots_sampled=2
324.010,ours,-,fleet,CHOMP_TIME_PARTIAL,OK,,0.002,,0,iterations=10;iterations_executed=10;source=algorithm;round_trip=0.019811
324.510,ours,-,fleet,CHOMP_TIME_PARTIAL,OK,,0.002,,0,iterations=10;iterations_executed=10;source=algorithm;round_trip=0.018471
325.000,ours,-,robot1,MIN_DISTANCE,OK,8.281,8.281,,0,nearest_robot=robot2
325.000,ours,-,robot2,MIN_DISTANCE,OK,8.281,8.281,,0,nearest_robot=robot1
325.000,ours,-,fleet,MIN_DISTANCE_AVG,OK,8.281,,,0,robots_sampled=2
325.020,ours,-,fleet,CHOMP_TIME_PARTIAL,OK,,0.002,,0,iterations=10;iterations_executed=10;source=algorithm;round_trip=0.020229
325.510,ours,-,fleet,CHOMP_TIME_PARTIAL,OK,,0.002,,0,iterations=10;iterations_executed=10;source=algorithm;round_trip=0.019875
326.000,ours,-,robot1,MIN_DISTANCE,OK,7.900,7.900,,0,nearest_robot=robot2
326.000,ours,-,robot2,MIN_DISTANCE,OK,7.900,7.900,,0,nearest_robot=robot1
326.000,ours,-,fleet,MIN_DISTANCE_AVG,OK,7.900,,,0,robots_sampled=2
326.020,ours,-,fleet,CHOMP_TIME_PARTIAL,OK,,0.002,,0,iterations=10;iterations_executed=10;source=algorithm;round_trip=0.020846
327.000,ours,-,robot1,MIN_DISTANCE,OK,7.484,7.484,,0,nearest_robot=robot2
327.000,ours,-,robot2,MIN_DISTANCE,OK,7.484,7.484,,0,nearest_robot=robot1
327.000,ours,-,fleet,MIN_DISTANCE_AVG,OK,7.484,,,0,robots_sampled=2
327.030,ours,-,fleet,CHOMP_TIME_FULL,OK,,0.020,,0,iterations=100;iterations_executed=100;source=algorithm;round_trip=0.029569
327.510,ours,-,fleet,CHOMP_TIME_PARTIAL,OK,,0.002,,0,iterations=10;iterations_executed=10;source=algorithm;round_trip=0.019060
328.000,ours,-,robot1,MIN_DISTANCE,OK,6.924,6.924,,0,nearest_robot=robot2
328.000,ours,-,robot2,MIN_DISTANCE,OK,6.924,6.924,,0,nearest_robot=robot1
328.000,ours,-,fleet,MIN_DISTANCE_AVG,OK,6.924,,,0,robots_sampled=2
328.010,ours,-,fleet,CHOMP_TIME_PARTIAL,OK,,0.002,,0,iterations=10;iterations_executed=10;source=algorithm;round_trip=0.019158
328.510,ours,-,fleet,CHOMP_TIME_PARTIAL,OK,,0.002,,0,iterations=10;iterations_executed=10;source=algorithm;round_trip=0.019223
329.000,ours,-,robot1,MIN_DISTANCE,OK,6.534,6.534,,0,nearest_robot=robot2
329.000,ours,-,robot2,MIN_DISTANCE,OK,6.534,6.534,,0,nearest_robot=robot1
329.000,ours,-,fleet,MIN_DISTANCE_AVG,OK,6.534,,,0,robots_sampled=2
329.020,ours,-,fleet,CHOMP_TIME_PARTIAL,OK,,0.002,,0,iterations=10;iterations_executed=10;source=algorithm;round_trip=0.021106
329.510,ours,-,fleet,CHOMP_TIME_PARTIAL,OK,,0.002,,0,iterations=10;iterations_executed=10;source=algorithm;round_trip=0.018647
330.000,ours,-,robot1,MIN_DISTANCE,OK,6.328,6.328,,0,nearest_robot=robot2
330.000,ours,-,robot2,MIN_DISTANCE,OK,6.328,6.328,,0,nearest_robot=robot1
330.000,ours,-,fleet,MIN_DISTANCE_AVG,OK,6.328,,,0,robots_sampled=2
330.010,ours,-,fleet,CHOMP_TIME_PARTIAL,OK,,0.002,,0,iterations=10;iterations_executed=10;source=algorithm;round_trip=0.020259
330.510,ours,-,fleet,CHOMP_TIME_PARTIAL,OK,,0.002,,0,iterations=10;iterations_executed=10;source=algorithm;round_trip=0.019969
331.000,ours,-,robot1,MIN_DISTANCE,OK,6.080,6.080,,0,nearest_robot=robot2
331.000,ours,-,robot2,MIN_DISTANCE,OK,6.080,6.080,,0,nearest_robot=robot1
331.000,ours,-,fleet,MIN_DISTANCE_AVG,OK,6.080,,,0,robots_sampled=2
331.010,ours,-,fleet,CHOMP_TIME_PARTIAL,OK,,0.002,,0,iterations=10;iterations_executed=10;source=algorithm;round_trip=0.020752
331.520,ours,-,fleet,CHOMP_TIME_PARTIAL,OK,,0.002,,0,iterations=10;iterations_executed=10;source=algorithm;round_trip=0.020824
332.000,ours,-,robot1,MIN_DISTANCE,OK,5.783,5.783,,0,nearest_robot=robot2
332.000,ours,-,robot2,MIN_DISTANCE,OK,5.783,5.783,,0,nearest_robot=robot1
332.000,ours,-,fleet,MIN_DISTANCE_AVG,OK,5.783,,,0,robots_sampled=2
332.010,ours,-,fleet,CHOMP_TIME_PARTIAL,OK,,0.002,,0,iterations=10;iterations_executed=10;source=algorithm;round_trip=0.020462
332.510,ours,-,fleet,CHOMP_TIME_PARTIAL,OK,,0.002,,0,iterations=10;iterations_executed=10;source=algorithm;round_trip=0.020563
333.000,ours,-,robot1,MIN_DISTANCE,OK,5.461,5.461,,0,nearest_robot=robot2
333.000,ours,-,robot2,MIN_DISTANCE,OK,5.461,5.461,,0,nearest_robot=robot1
333.000,ours,-,fleet,MIN_DISTANCE_AVG,OK,5.461,,,0,robots_sampled=2
333.010,ours,-,fleet,CHOMP_TIME_PARTIAL,OK,,0.002,,0,iterations=10;iterations_executed=10;source=algorithm;round_trip=0.019377
333.510,ours,-,fleet,CHOMP_TIME_PARTIAL,OK,,0.002,,0,iterations=10;iterations_executed=10;source=algorithm;round_trip=0.019749
334.000,ours,-,robot1,MIN_DISTANCE,OK,5.230,5.230,,0,nearest_robot=robot2
334.000,ours,-,robot2,MIN_DISTANCE,OK,5.230,5.230,,0,nearest_robot=robot1
334.000,ours,-,fleet,MIN_DISTANCE_AVG,OK,5.230,,,0,robots_sampled=2
334.010,ours,-,fleet,CHOMP_TIME_PARTIAL,OK,,0.002,,0,iterations=10;iterations_executed=10;source=algorithm;round_trip=0.020319
334.520,ours,-,fleet,CHOMP_TIME_PARTIAL,OK,,0.003,,0,iterations=10;iterations_executed=10;source=algorithm;round_trip=0.021320
335.000,ours,-,robot1,MIN_DISTANCE,OK,4.996,4.996,,0,nearest_robot=robot2
335.000,ours,-,robot2,MIN_DISTANCE,OK,4.996,4.996,,0,nearest_robot=robot1
335.000,ours,-,fleet,MIN_DISTANCE_AVG,OK,4.996,,,0,robots_sampled=2
335.020,ours,-,fleet,CHOMP_TIME_PARTIAL,OK,,0.002,,0,iterations=10;iterations_executed=10;source=algorithm;round_trip=0.020649
335.510,ours,-,fleet,CHOMP_TIME_PARTIAL,OK,,0.002,,0,iterations=10;iterations_executed=10;source=algorithm;round_trip=0.019529
336.000,ours,-,robot1,MIN_DISTANCE,OK,4.808,4.808,,0,nearest_robot=robot2
336.000,ours,-,robot2,MIN_DISTANCE,OK,4.808,4.808,,0,nearest_robot=robot1
336.000,ours,-,fleet,MIN_DISTANCE_AVG,OK,4.808,,,0,robots_sampled=2
336.010,ours,-,fleet,CHOMP_TIME_PARTIAL,OK,,0.002,,0,iterations=10;iterations_executed=10;source=algorithm;round_trip=0.020323
336.510,ours,-,fleet,CHOMP_TIME_PARTIAL,OK,,0.002,,0,iterations=10;iterations_executed=10;source=algorithm;round_trip=0.019210
337.000,ours,-,robot1,MIN_DISTANCE,OK,4.701,4.701,,0,nearest_robot=robot2
337.000,ours,-,robot2,MIN_DISTANCE,OK,4.701,4.701,,0,nearest_robot=robot1
337.000,ours,-,fleet,MIN_DISTANCE_AVG,OK,4.701,,,0,robots_sampled=2
337.010,ours,-,fleet,CHOMP_TIME_PARTIAL,OK,,0.002,,0,iterations=10;iterations_executed=10;source=algorithm;round_trip=0.022034
337.510,ours,-,fleet,CHOMP_TIME_PARTIAL,OK,,0.002,,0,iterations=10;iterations_executed=10;source=algorithm;round_trip=0.020625
338.000,ours,-,robot1,MIN_DISTANCE,OK,4.635,4.635,,0,nearest_robot=robot2
338.000,ours,-,robot2,MIN_DISTANCE,OK,4.635,4.635,,0,nearest_robot=robot1
338.000,ours,-,fleet,MIN_DISTANCE_AVG,OK,4.635,,,0,robots_sampled=2
338.010,ours,-,fleet,CHOMP_TIME_PARTIAL,OK,,0.002,,0,iterations=10;iterations_executed=10;source=algorithm;round_trip=0.019719
338.520,ours,-,fleet,CHOMP_TIME_PARTIAL,OK,,0.002,,0,iterations=10;iterations_executed=10;source=algorithm;round_trip=0.020578
339.000,ours,-,robot1,MIN_DISTANCE,OK,4.663,4.663,,0,nearest_robot=robot2
339.000,ours,-,robot2,MIN_DISTANCE,OK,4.663,4.663,,0,nearest_robot=robot1
339.000,ours,-,fleet,MIN_DISTANCE_AVG,OK,4.663,,,0,robots_sampled=2
339.010,ours,-,fleet,CHOMP_TIME_PARTIAL,OK,,0.002,,0,iterations=10;iterations_executed=10;source=algorithm;round_trip=0.021345
339.510,ours,-,fleet,CHOMP_TIME_PARTIAL,OK,,0.002,,0,iterations=10;iterations_executed=10;source=algorithm;round_trip=0.020136
340.000,ours,-,robot1,MIN_DISTANCE,OK,4.726,4.726,,0,nearest_robot=robot2
340.000,ours,-,robot2,MIN_DISTANCE,OK,4.726,4.726,,0,nearest_robot=robot1
340.000,ours,-,fleet,MIN_DISTANCE_AVG,OK,4.726,,,0,robots_sampled=2
340.020,ours,-,fleet,CHOMP_TIME_PARTIAL,OK,,0.002,,0,iterations=10;iterations_executed=10;source=algorithm;round_trip=0.021010
340.520,ours,-,fleet,CHOMP_TIME_PARTIAL,OK,,0.002,,0,iterations=10;iterations_executed=10;source=algorithm;round_trip=0.020196
341.000,ours,-,robot1,MIN_DISTANCE,OK,4.806,4.806,,0,nearest_robot=robot2
341.000,ours,-,robot2,MIN_DISTANCE,OK,4.806,4.806,,0,nearest_robot=robot1
341.000,ours,-,fleet,MIN_DISTANCE_AVG,OK,4.806,,,0,robots_sampled=2
341.020,ours,-,fleet,CHOMP_TIME_PARTIAL,OK,,0.002,,0,iterations=10;iterations_executed=10;source=algorithm;round_trip=0.021628
341.520,ours,-,fleet,CHOMP_TIME_PARTIAL,OK,,0.002,,0,iterations=10;iterations_executed=10;source=algorithm;round_trip=0.020032
342.000,ours,-,robot1,MIN_DISTANCE,OK,4.922,4.922,,0,nearest_robot=robot2
342.000,ours,-,robot2,MIN_DISTANCE,OK,4.922,4.922,,0,nearest_robot=robot1
342.000,ours,-,fleet,MIN_DISTANCE_AVG,OK,4.922,,,0,robots_sampled=2
342.010,ours,-,fleet,CHOMP_TIME_PARTIAL,OK,,0.003,,0,iterations=10;iterations_executed=10;source=algorithm;round_trip=0.020662
342.510,ours,-,fleet,CHOMP_TIME_PARTIAL,OK,,0.002,,0,iterations=10;iterations_executed=10;source=algorithm;round_trip=0.019861
343.000,ours,-,robot1,MIN_DISTANCE,OK,5.104,5.104,,0,nearest_robot=robot2
343.000,ours,-,robot2,MIN_DISTANCE,OK,5.104,5.104,,0,nearest_robot=robot1
343.000,ours,-,fleet,MIN_DISTANCE_AVG,OK,5.104,,,0,robots_sampled=2
343.020,ours,-,fleet,CHOMP_TIME_PARTIAL,OK,,0.002,,0,iterations=10;iterations_executed=10;source=algorithm;round_trip=0.025758
343.520,ours,-,fleet,CHOMP_TIME_PARTIAL,OK,,0.002,,0,iterations=10;iterations_executed=10;source=algorithm;round_trip=0.020944
344.000,ours,-,robot1,MIN_DISTANCE,OK,5.357,5.357,,0,nearest_robot=robot2
344.000,ours,-,robot2,MIN_DISTANCE,OK,5.357,5.357,,0,nearest_robot=robot1
344.000,ours,-,fleet,MIN_DISTANCE_AVG,OK,5.357,,,0,robots_sampled=2
344.020,ours,-,fleet,CHOMP_TIME_PARTIAL,OK,,0.002,,0,iterations=10;iterations_executed=10;source=algorithm;round_trip=0.021382
344.510,ours,-,fleet,CHOMP_TIME_PARTIAL,OK,,0.002,,0,iterations=10;iterations_executed=10;source=algorithm;round_trip=0.019789
345.000,ours,-,robot1,MIN_DISTANCE,OK,5.927,5.927,,0,nearest_robot=robot2
345.000,ours,-,robot2,MIN_DISTANCE,OK,5.927,5.927,,0,nearest_robot=robot1
345.000,ours,-,fleet,MIN_DISTANCE_AVG,OK,5.927,,,0,robots_sampled=2
345.020,ours,-,fleet,CHOMP_TIME_PARTIAL,OK,,0.002,,0,iterations=10;iterations_executed=10;source=algorithm;round_trip=0.019885
345.520,ours,-,fleet,CHOMP_TIME_PARTIAL,OK,,0.002,,0,iterations=10;iterations_executed=10;source=algorithm;round_trip=0.020827
346.000,ours,-,robot1,MIN_DISTANCE,OK,6.473,6.473,,0,nearest_robot=robot2
346.000,ours,-,robot2,MIN_DISTANCE,OK,6.473,6.473,,0,nearest_robot=robot1
346.000,ours,-,fleet,MIN_DISTANCE_AVG,OK,6.473,,,0,robots_sampled=2
346.020,ours,-,fleet,CHOMP_TIME_PARTIAL,OK,,0.002,,0,iterations=10;iterations_executed=10;source=algorithm;round_trip=0.020623
346.510,ours,-,fleet,CHOMP_TIME_PARTIAL,OK,,0.002,,0,iterations=10;iterations_executed=10;source=algorithm;round_trip=0.019937
347.000,ours,-,robot1,MIN_DISTANCE,OK,7.032,7.032,,0,nearest_robot=robot2
347.000,ours,-,robot2,MIN_DISTANCE,OK,7.032,7.032,,0,nearest_robot=robot1
347.000,ours,-,fleet,MIN_DISTANCE_AVG,OK,7.032,,,0,robots_sampled=2
347.010,ours,-,fleet,CHOMP_TIME_PARTIAL,OK,,0.002,,0,iterations=10;iterations_executed=10;source=algorithm;round_trip=0.020758
347.520,ours,-,fleet,CHOMP_TIME_PARTIAL,OK,,0.002,,0,iterations=10;iterations_executed=10;source=algorithm;round_trip=0.020775
348.000,ours,-,robot1,MIN_DISTANCE,OK,7.652,7.652,,0,nearest_robot=robot2
348.000,ours,-,robot2,MIN_DISTANCE,OK,7.652,7.652,,0,nearest_robot=robot1
348.000,ours,-,fleet,MIN_DISTANCE_AVG,OK,7.652,,,0,robots_sampled=2
348.020,ours,-,fleet,CHOMP_TIME_PARTIAL,OK,,0.002,,0,iterations=10;iterations_executed=10;source=algorithm;round_trip=0.020801
348.520,ours,-,fleet,CHOMP_TIME_PARTIAL,OK,,0.002,,0,iterations=10;iterations_executed=10;source=algorithm;round_trip=0.020250
349.000,ours,-,robot1,MIN_DISTANCE,OK,8.398,8.398,,0,nearest_robot=robot2
349.000,ours,-,robot2,MIN_DISTANCE,OK,8.398,8.398,,0,nearest_robot=robot1
349.000,ours,-,fleet,MIN_DISTANCE_AVG,OK,8.398,,,0,robots_sampled=2
349.020,ours,-,fleet,CHOMP_TIME_PARTIAL,OK,,0.002,,0,iterations=10;iterations_executed=10;source=algorithm;round_trip=0.021742
349.510,ours,-,fleet,CHOMP_TIME_PARTIAL,OK,,0.002,,0,iterations=10;iterations_executed=10;source=algorithm;round_trip=0.020502
350.000,ours,-,robot1,MIN_DISTANCE,OK,8.793,8.793,,0,nearest_robot=robot2
350.000,ours,-,robot2,MIN_DISTANCE,OK,8.793,8.793,,0,nearest_robot=robot1
350.000,ours,-,fleet,MIN_DISTANCE_AVG,OK,8.793,,,0,robots_sampled=2
350.010,ours,-,fleet,CHOMP_TIME_PARTIAL,OK,,0.002,,0,iterations=10;iterations_executed=10;source=algorithm;round_trip=0.020123
350.520,ours,-,fleet,CHOMP_TIME_PARTIAL,OK,,0.002,,0,iterations=10;iterations_executed=10;source=algorithm;round_trip=0.020628
351.000,ours,-,robot1,MIN_DISTANCE,OK,9.042,9.042,,0,nearest_robot=robot2
351.000,ours,-,robot2,MIN_DISTANCE,OK,9.042,9.042,,0,nearest_robot=robot1
351.000,ours,-,fleet,MIN_DISTANCE_AVG,OK,9.042,,,0,robots_sampled=2
351.020,ours,-,fleet,CHOMP_TIME_PARTIAL,OK,,0.002,,0,iterations=10;iterations_executed=10;source=algorithm;round_trip=0.022660
352.000,ours,-,robot1,MIN_DISTANCE,OK,9.236,9.236,,0,nearest_robot=robot2
352.000,ours,-,robot2,MIN_DISTANCE,OK,9.236,9.236,,0,nearest_robot=robot1
352.000,ours,-,fleet,MIN_DISTANCE_AVG,OK,9.236,,,0,robots_sampled=2
352.020,ours,-,fleet,CHOMP_TIME_FULL,OK,,0.012,,0,iterations=100;iterations_executed=59;source=algorithm;round_trip=0.021848
352.510,ours,-,fleet,CHOMP_TIME_PARTIAL,OK,,0.002,,0,iterations=10;iterations_executed=10;source=algorithm;round_trip=0.020233
353.000,ours,-,robot1,MIN_DISTANCE,OK,9.311,9.311,,0,nearest_robot=robot2
353.000,ours,-,robot2,MIN_DISTANCE,OK,9.311,9.311,,0,nearest_robot=robot1
353.000,ours,-,fleet,MIN_DISTANCE_AVG,OK,9.311,,,0,robots_sampled=2
353.010,ours,-,fleet,CHOMP_TIME_PARTIAL,OK,,0.002,,0,iterations=10;iterations_executed=10;source=algorithm;round_trip=0.020212
353.520,ours,-,fleet,CHOMP_TIME_PARTIAL,OK,,0.002,,0,iterations=10;iterations_executed=10;source=algorithm;round_trip=0.025785
354.000,ours,-,robot1,MIN_DISTANCE,OK,9.336,9.336,,0,nearest_robot=robot2
354.000,ours,-,robot2,MIN_DISTANCE,OK,9.336,9.336,,0,nearest_robot=robot1
354.000,ours,-,fleet,MIN_DISTANCE_AVG,OK,9.336,,,0,robots_sampled=2
354.020,ours,-,fleet,CHOMP_TIME_PARTIAL,OK,,0.002,,0,iterations=10;iterations_executed=10;source=algorithm;round_trip=0.021218
354.520,ours,-,fleet,CHOMP_TIME_PARTIAL,OK,,0.002,,0,iterations=10;iterations_executed=10;source=algorithm;round_trip=0.020896
355.000,ours,-,robot1,MIN_DISTANCE,OK,9.618,9.618,,0,nearest_robot=robot2
355.000,ours,-,robot2,MIN_DISTANCE,OK,9.618,9.618,,0,nearest_robot=robot1
355.000,ours,-,fleet,MIN_DISTANCE_AVG,OK,9.618,,,0,robots_sampled=2
355.010,ours,-,fleet,CHOMP_TIME_PARTIAL,OK,,0.002,,0,iterations=10;iterations_executed=10;source=algorithm;round_trip=0.020224
355.520,ours,-,fleet,CHOMP_TIME_PARTIAL,OK,,0.002,,0,iterations=10;iterations_executed=10;source=algorithm;round_trip=0.020487
356.000,ours,-,robot1,MIN_DISTANCE,OK,9.741,9.741,,0,nearest_robot=robot2
356.000,ours,-,robot2,MIN_DISTANCE,OK,9.741,9.741,,0,nearest_robot=robot1
356.000,ours,-,fleet,MIN_DISTANCE_AVG,OK,9.741,,,0,robots_sampled=2
356.020,ours,-,fleet,CHOMP_TIME_PARTIAL,OK,,0.002,,0,iterations=10;iterations_executed=10;source=algorithm;round_trip=0.022261
356.510,ours,-,fleet,CHOMP_TIME_PARTIAL,OK,,0.002,,0,iterations=10;iterations_executed=10;source=algorithm;round_trip=0.020531
357.000,ours,-,robot1,MIN_DISTANCE,OK,9.725,9.725,,0,nearest_robot=robot2
357.000,ours,-,robot2,MIN_DISTANCE,OK,9.725,9.725,,0,nearest_robot=robot1
357.000,ours,-,fleet,MIN_DISTANCE_AVG,OK,9.725,,,0,robots_sampled=2
357.020,ours,-,fleet,CHOMP_TIME_PARTIAL,OK,,0.002,,0,iterations=10;iterations_executed=10;source=algorithm;round_trip=0.021953
357.520,ours,-,fleet,CHOMP_TIME_PARTIAL,OK,,0.002,,0,iterations=10;iterations_executed=10;source=algorithm;round_trip=0.021704
358.000,ours,-,robot1,MIN_DISTANCE,OK,9.768,9.768,,0,nearest_robot=robot2
358.000,ours,-,robot2,MIN_DISTANCE,OK,9.768,9.768,,0,nearest_robot=robot1
358.000,ours,-,fleet,MIN_DISTANCE_AVG,OK,9.768,,,0,robots_sampled=2
358.020,ours,-,fleet,CHOMP_TIME_PARTIAL,OK,,0.002,,0,iterations=10;iterations_executed=10;source=algorithm;round_trip=0.022782
359.000,ours,-,robot1,MIN_DISTANCE,OK,9.848,9.848,,0,nearest_robot=robot2
359.000,ours,-,robot2,MIN_DISTANCE,OK,9.848,9.848,,0,nearest_robot=robot1
359.000,ours,-,fleet,MIN_DISTANCE_AVG,OK,9.848,,,0,robots_sampled=2
359.030,ours,-,fleet,CHOMP_TIME_FULL,OK,,0.021,,0,iterations=100;iterations_executed=100;source=algorithm;round_trip=0.030808
359.520,ours,-,fleet,CHOMP_TIME_PARTIAL,OK,,0.002,,0,iterations=10;iterations_executed=10;source=algorithm;round_trip=0.025918
360.000,ours,-,robot1,MIN_DISTANCE,OK,9.831,9.831,,0,nearest_robot=robot2
360.000,ours,-,robot2,MIN_DISTANCE,OK,9.831,9.831,,0,nearest_robot=robot1
360.000,ours,-,fleet,MIN_DISTANCE_AVG,OK,9.831,,,0,robots_sampled=2
360.020,ours,-,fleet,CHOMP_TIME_PARTIAL,OK,,0.002,,0,iterations=10;iterations_executed=10;source=algorithm;round_trip=0.021796
360.520,ours,-,fleet,CHOMP_TIME_PARTIAL,OK,,0.002,,0,iterations=10;iterations_executed=10;source=algorithm;round_trip=0.020330
361.000,ours,-,robot1,MIN_DISTANCE,OK,9.776,9.776,,0,nearest_robot=robot2
361.000,ours,-,robot2,MIN_DISTANCE,OK,9.776,9.776,,0,nearest_robot=robot1
361.000,ours,-,fleet,MIN_DISTANCE_AVG,OK,9.776,,,0,robots_sampled=2
361.020,ours,-,fleet,CHOMP_TIME_PARTIAL,OK,,0.002,,0,iterations=10;iterations_executed=10;source=algorithm;round_trip=0.021777
361.520,ours,-,fleet,CHOMP_TIME_PARTIAL,OK,,0.002,,0,iterations=10;iterations_executed=10;source=algorithm;round_trip=0.021405
362.000,ours,-,robot1,MIN_DISTANCE,OK,9.670,9.670,,0,nearest_robot=robot2
362.000,ours,-,robot2,MIN_DISTANCE,OK,9.670,9.670,,0,nearest_robot=robot1
362.000,ours,-,fleet,MIN_DISTANCE_AVG,OK,9.670,,,0,robots_sampled=2
362.020,ours,-,fleet,CHOMP_TIME_PARTIAL,OK,,0.002,,0,iterations=10;iterations_executed=10;source=algorithm;round_trip=0.020833
362.520,ours,-,fleet,CHOMP_TIME_PARTIAL,OK,,0.002,,0,iterations=10;iterations_executed=10;source=algorithm;round_trip=0.021126
363.000,ours,-,robot1,MIN_DISTANCE,OK,9.609,9.609,,0,nearest_robot=robot2
363.000,ours,-,robot2,MIN_DISTANCE,OK,9.609,9.609,,0,nearest_robot=robot1
363.000,ours,-,fleet,MIN_DISTANCE_AVG,OK,9.609,,,0,robots_sampled=2
363.020,ours,-,fleet,CHOMP_TIME_PARTIAL,OK,,0.002,,0,iterations=10;iterations_executed=10;source=algorithm;round_trip=0.022170
363.520,ours,-,fleet,CHOMP_TIME_PARTIAL,OK,,0.002,,0,iterations=10;iterations_executed=10;source=algorithm;round_trip=0.020173
364.000,ours,-,robot1,MIN_DISTANCE,OK,9.684,9.684,,0,nearest_robot=robot2
364.000,ours,-,robot2,MIN_DISTANCE,OK,9.684,9.684,,0,nearest_robot=robot1
364.000,ours,-,fleet,MIN_DISTANCE_AVG,OK,9.684,,,0,robots_sampled=2
364.020,ours,-,fleet,CHOMP_TIME_PARTIAL,OK,,0.002,,0,iterations=10;iterations_executed=10;source=algorithm;round_trip=0.022961
364.520,ours,-,fleet,CHOMP_TIME_PARTIAL,OK,,0.002,,0,iterations=10;iterations_executed=10;source=algorithm;round_trip=0.021246
365.000,ours,-,robot1,MIN_DISTANCE,OK,9.947,9.947,,0,nearest_robot=robot2
365.000,ours,-,robot2,MIN_DISTANCE,OK,9.947,9.947,,0,nearest_robot=robot1
365.000,ours,-,fleet,MIN_DISTANCE_AVG,OK,9.947,,,0,robots_sampled=2
365.010,ours,-,fleet,CHOMP_TIME_PARTIAL,OK,,0.002,,0,iterations=10;iterations_executed=10;source=algorithm;round_trip=0.021174
365.520,ours,-,fleet,CHOMP_TIME_PARTIAL,OK,,0.002,,0,iterations=10;iterations_executed=10;source=algorithm;round_trip=0.020594
366.000,ours,-,robot1,MIN_DISTANCE,OK,10.108,10.108,,0,nearest_robot=robot2
366.000,ours,-,robot2,MIN_DISTANCE,OK,10.108,10.108,,0,nearest_robot=robot1
366.000,ours,-,fleet,MIN_DISTANCE_AVG,OK,10.108,,,0,robots_sampled=2
366.010,ours,-,fleet,CHOMP_TIME_PARTIAL,OK,,0.002,,0,iterations=10;iterations_executed=10;source=algorithm;round_trip=0.022057
366.520,ours,-,fleet,CHOMP_TIME_PARTIAL,OK,,0.002,,0,iterations=10;iterations_executed=10;source=algorithm;round_trip=0.021592
367.000,ours,-,robot1,MIN_DISTANCE,OK,10.161,10.161,,0,nearest_robot=robot2
367.000,ours,-,robot2,MIN_DISTANCE,OK,10.161,10.161,,0,nearest_robot=robot1
367.000,ours,-,fleet,MIN_DISTANCE_AVG,OK,10.161,,,0,robots_sampled=2
367.020,ours,-,fleet,CHOMP_TIME_PARTIAL,OK,,0.002,,0,iterations=10;iterations_executed=10;source=algorithm;round_trip=0.021967
367.520,ours,-,fleet,CHOMP_TIME_PARTIAL,OK,,0.002,,0,iterations=10;iterations_executed=10;source=algorithm;round_trip=0.021531
368.000,ours,-,robot1,MIN_DISTANCE,OK,10.218,10.218,,0,nearest_robot=robot2
368.000,ours,-,robot2,MIN_DISTANCE,OK,10.218,10.218,,0,nearest_robot=robot1
368.000,ours,-,fleet,MIN_DISTANCE_AVG,OK,10.218,,,0,robots_sampled=2
368.020,ours,-,fleet,CHOMP_TIME_PARTIAL,OK,,0.002,,0,iterations=10;iterations_executed=10;source=algorithm;round_trip=0.027036
368.520,ours,-,fleet,CHOMP_TIME_PARTIAL,OK,,0.002,,0,iterations=10;iterations_executed=10;source=algorithm;round_trip=0.020772
369.000,ours,-,robot1,MIN_DISTANCE,OK,10.404,10.404,,0,nearest_robot=robot2
369.000,ours,-,robot2,MIN_DISTANCE,OK,10.404,10.404,,0,nearest_robot=robot1
369.000,ours,-,fleet,MIN_DISTANCE_AVG,OK,10.404,,,0,robots_sampled=2
369.020,ours,-,fleet,CHOMP_TIME_PARTIAL,OK,,0.002,,0,iterations=10;iterations_executed=10;source=algorithm;round_trip=0.021722
369.510,ours,-,fleet,CHOMP_TIME_PARTIAL,OK,,0.004,,0,iterations=10;iterations_executed=10;source=algorithm;round_trip=0.023668
370.000,ours,-,robot1,MIN_DISTANCE,OK,10.286,10.286,,0,nearest_robot=robot2
370.000,ours,-,robot2,MIN_DISTANCE,OK,10.286,10.286,,0,nearest_robot=robot1
370.000,ours,-,fleet,MIN_DISTANCE_AVG,OK,10.286,,,0,robots_sampled=2
370.020,ours,-,fleet,CHOMP_TIME_PARTIAL,OK,,0.003,,0,iterations=10;iterations_executed=10;source=algorithm;round_trip=0.022115
370.520,ours,-,fleet,CHOMP_TIME_PARTIAL,OK,,0.002,,0,iterations=10;iterations_executed=10;source=algorithm;round_trip=0.021071
371.000,ours,-,robot1,MIN_DISTANCE,OK,10.332,10.332,,0,nearest_robot=robot2
371.000,ours,-,robot2,MIN_DISTANCE,OK,10.332,10.332,,0,nearest_robot=robot1
371.000,ours,-,fleet,MIN_DISTANCE_AVG,OK,10.332,,,0,robots_sampled=2
371.020,ours,-,fleet,CHOMP_TIME_PARTIAL,OK,,0.002,,0,iterations=10;iterations_executed=10;source=algorithm;round_trip=0.021779
371.510,ours,-,fleet,CHOMP_TIME_PARTIAL,OK,,0.002,,0,iterations=10;iterations_executed=10;source=algorithm;round_trip=0.021134
372.000,ours,-,robot1,MIN_DISTANCE,OK,10.268,10.268,,0,nearest_robot=robot2
372.000,ours,-,robot2,MIN_DISTANCE,OK,10.268,10.268,,0,nearest_robot=robot1
372.000,ours,-,fleet,MIN_DISTANCE_AVG,OK,10.268,,,0,robots_sampled=2
372.020,ours,-,fleet,CHOMP_TIME_PARTIAL,OK,,0.002,,0,iterations=10;iterations_executed=10;source=algorithm;round_trip=0.021165
372.520,ours,-,fleet,CHOMP_TIME_PARTIAL,OK,,0.002,,0,iterations=10;iterations_executed=10;source=algorithm;round_trip=0.021271
373.000,ours,-,robot1,MIN_DISTANCE,OK,10.217,10.217,,0,nearest_robot=robot2
373.000,ours,-,robot2,MIN_DISTANCE,OK,10.217,10.217,,0,nearest_robot=robot1
373.000,ours,-,fleet,MIN_DISTANCE_AVG,OK,10.217,,,0,robots_sampled=2
373.010,ours,-,fleet,CHOMP_TIME_PARTIAL,OK,,0.002,,0,iterations=10;iterations_executed=10;source=algorithm;round_trip=0.021723
373.510,ours,-,fleet,CHOMP_TIME_PARTIAL,OK,,0.002,,0,iterations=10;iterations_executed=10;source=algorithm;round_trip=0.021079
374.000,ours,-,robot1,MIN_DISTANCE,OK,10.167,10.167,,0,nearest_robot=robot2
374.000,ours,-,robot2,MIN_DISTANCE,OK,10.167,10.167,,0,nearest_robot=robot1
374.000,ours,-,fleet,MIN_DISTANCE_AVG,OK,10.167,,,0,robots_sampled=2
374.010,ours,-,fleet,CHOMP_TIME_PARTIAL,OK,,0.002,,0,iterations=10;iterations_executed=10;source=algorithm;round_trip=0.022991
374.510,ours,-,fleet,CHOMP_TIME_PARTIAL,OK,,0.002,,0,iterations=10;iterations_executed=10;source=algorithm;round_trip=0.022407
375.000,ours,-,robot1,MIN_DISTANCE,OK,10.115,10.115,,0,nearest_robot=robot2
375.000,ours,-,robot2,MIN_DISTANCE,OK,10.115,10.115,,0,nearest_robot=robot1
375.000,ours,-,fleet,MIN_DISTANCE_AVG,OK,10.115,,,0,robots_sampled=2
375.020,ours,-,fleet,CHOMP_TIME_PARTIAL,OK,,0.002,,0,iterations=10;iterations_executed=10;source=algorithm;round_trip=0.022173
375.520,ours,-,fleet,CHOMP_TIME_PARTIAL,OK,,0.002,,0,iterations=10;iterations_executed=10;source=algorithm;round_trip=0.020686
376.000,ours,-,robot1,MIN_DISTANCE,OK,10.051,10.051,,0,nearest_robot=robot2
376.000,ours,-,robot2,MIN_DISTANCE,OK,10.051,10.051,,0,nearest_robot=robot1
376.000,ours,-,fleet,MIN_DISTANCE_AVG,OK,10.051,,,0,robots_sampled=2
376.020,ours,-,fleet,CHOMP_TIME_PARTIAL,OK,,0.002,,0,iterations=10;iterations_executed=10;source=algorithm;round_trip=0.022201
376.520,ours,-,fleet,CHOMP_TIME_PARTIAL,OK,,0.002,,0,iterations=10;iterations_executed=10;source=algorithm;round_trip=0.021925
377.000,ours,-,robot1,MIN_DISTANCE,OK,10.023,10.023,,0,nearest_robot=robot2
377.000,ours,-,robot2,MIN_DISTANCE,OK,10.023,10.023,,0,nearest_robot=robot1
377.000,ours,-,fleet,MIN_DISTANCE_AVG,OK,10.023,,,0,robots_sampled=2
377.010,ours,-,fleet,CHOMP_TIME_PARTIAL,OK,,0.002,,0,iterations=10;iterations_executed=10;source=algorithm;round_trip=0.021362
377.510,ours,-,fleet,CHOMP_TIME_PARTIAL,OK,,0.002,,0,iterations=10;iterations_executed=10;source=algorithm;round_trip=0.021528
378.000,ours,-,robot1,MIN_DISTANCE,OK,10.009,10.009,,0,nearest_robot=robot2
378.000,ours,-,robot2,MIN_DISTANCE,OK,10.009,10.009,,0,nearest_robot=robot1
378.000,ours,-,fleet,MIN_DISTANCE_AVG,OK,10.009,,,0,robots_sampled=2
378.020,ours,-,fleet,CHOMP_TIME_PARTIAL,OK,,0.002,,0,iterations=10;iterations_executed=10;source=algorithm;round_trip=0.022308
378.510,ours,-,fleet,CHOMP_TIME_PARTIAL,OK,,0.002,,0,iterations=10;iterations_executed=10;source=algorithm;round_trip=0.021355
379.000,ours,-,robot1,MIN_DISTANCE,OK,10.010,10.010,,0,nearest_robot=robot2
379.000,ours,-,robot2,MIN_DISTANCE,OK,10.010,10.010,,0,nearest_robot=robot1
379.000,ours,-,fleet,MIN_DISTANCE_AVG,OK,10.010,,,0,robots_sampled=2
379.010,ours,-,fleet,CHOMP_TIME_PARTIAL,OK,,0.002,,0,iterations=10;iterations_executed=10;source=algorithm;round_trip=0.021460
379.510,ours,-,fleet,CHOMP_TIME_PARTIAL,OK,,0.002,,0,iterations=10;iterations_executed=10;source=algorithm;round_trip=0.022390
380.000,ours,-,robot1,MIN_DISTANCE,OK,10.022,10.022,,0,nearest_robot=robot2
380.000,ours,-,robot2,MIN_DISTANCE,OK,10.022,10.022,,0,nearest_robot=robot1
380.000,ours,-,fleet,MIN_DISTANCE_AVG,OK,10.022,,,0,robots_sampled=2
380.020,ours,-,fleet,CHOMP_TIME_PARTIAL,OK,,0.002,,0,iterations=10;iterations_executed=10;source=algorithm;round_trip=0.024403
380.520,ours,-,fleet,CHOMP_TIME_PARTIAL,OK,,0.002,,0,iterations=10;iterations_executed=10;source=algorithm;round_trip=0.022263
381.000,ours,-,robot1,MIN_DISTANCE,OK,9.987,9.987,,0,nearest_robot=robot2
381.000,ours,-,robot2,MIN_DISTANCE,OK,9.987,9.987,,0,nearest_robot=robot1
381.000,ours,-,fleet,MIN_DISTANCE_AVG,OK,9.987,,,0,robots_sampled=2
381.020,ours,-,fleet,CHOMP_TIME_PARTIAL,OK,,0.002,,0,iterations=10;iterations_executed=10;source=algorithm;round_trip=0.023452
381.510,ours,-,fleet,CHOMP_TIME_PARTIAL,OK,,0.002,,0,iterations=10;iterations_executed=10;source=algorithm;round_trip=0.021584
382.000,ours,-,robot1,MIN_DISTANCE,OK,9.861,9.861,,0,nearest_robot=robot2
382.000,ours,-,robot2,MIN_DISTANCE,OK,9.861,9.861,,0,nearest_robot=robot1
382.000,ours,-,fleet,MIN_DISTANCE_AVG,OK,9.861,,,0,robots_sampled=2
382.020,ours,-,fleet,CHOMP_TIME_PARTIAL,OK,,0.002,,0,iterations=10;iterations_executed=10;source=algorithm;round_trip=0.022025
382.520,ours,-,fleet,CHOMP_TIME_PARTIAL,OK,,0.002,,0,iterations=10;iterations_executed=10;source=algorithm;round_trip=0.022059
383.000,ours,-,robot1,MIN_DISTANCE,OK,9.931,9.931,,0,nearest_robot=robot2
383.000,ours,-,robot2,MIN_DISTANCE,OK,9.931,9.931,,0,nearest_robot=robot1
383.000,ours,-,fleet,MIN_DISTANCE_AVG,OK,9.931,,,0,robots_sampled=2
383.020,ours,-,fleet,CHOMP_TIME_PARTIAL,OK,,0.002,,0,iterations=10;iterations_executed=10;source=algorithm;round_trip=0.022427
383.520,ours,-,fleet,CHOMP_TIME_PARTIAL,OK,,0.002,,0,iterations=10;iterations_executed=10;source=algorithm;round_trip=0.022507
384.000,ours,-,robot1,MIN_DISTANCE,OK,9.925,9.925,,0,nearest_robot=robot2
384.000,ours,-,robot2,MIN_DISTANCE,OK,9.925,9.925,,0,nearest_robot=robot1
384.000,ours,-,fleet,MIN_DISTANCE_AVG,OK,9.925,,,0,robots_sampled=2
384.020,ours,-,fleet,CHOMP_TIME_PARTIAL,OK,,0.002,,0,iterations=10;iterations_executed=10;source=algorithm;round_trip=0.023325
384.520,ours,-,fleet,CHOMP_TIME_PARTIAL,OK,,0.002,,0,iterations=10;iterations_executed=10;source=algorithm;round_trip=0.022063
385.000,ours,-,robot1,MIN_DISTANCE,OK,9.909,9.909,,0,nearest_robot=robot2
385.000,ours,-,robot2,MIN_DISTANCE,OK,9.909,9.909,,0,nearest_robot=robot1
385.000,ours,-,fleet,MIN_DISTANCE_AVG,OK,9.909,,,0,robots_sampled=2
385.010,ours,-,fleet,CHOMP_TIME_PARTIAL,OK,,0.002,,0,iterations=10;iterations_executed=10;source=algorithm;round_trip=0.022842
385.520,ours,-,fleet,CHOMP_TIME_PARTIAL,OK,,0.002,,0,iterations=10;iterations_executed=10;source=algorithm;round_trip=0.021597
386.000,ours,-,robot1,MIN_DISTANCE,OK,9.854,9.854,,0,nearest_robot=robot2
386.000,ours,-,robot2,MIN_DISTANCE,OK,9.854,9.854,,0,nearest_robot=robot1
386.000,ours,-,fleet,MIN_DISTANCE_AVG,OK,9.854,,,0,robots_sampled=2
386.020,ours,-,fleet,CHOMP_TIME_PARTIAL,OK,,0.003,,0,iterations=10;iterations_executed=10;source=algorithm;round_trip=0.022810
386.510,ours,-,fleet,CHOMP_TIME_PARTIAL,OK,,0.002,,0,iterations=10;iterations_executed=10;source=algorithm;round_trip=0.021864
387.000,ours,-,robot1,MIN_DISTANCE,OK,9.863,9.863,,0,nearest_robot=robot2
387.000,ours,-,robot2,MIN_DISTANCE,OK,9.863,9.863,,0,nearest_robot=robot1
387.000,ours,-,fleet,MIN_DISTANCE_AVG,OK,9.863,,,0,robots_sampled=2
387.020,ours,-,fleet,CHOMP_TIME_PARTIAL,OK,,0.002,,0,iterations=10;iterations_executed=10;source=algorithm;round_trip=0.023124
387.520,ours,-,fleet,CHOMP_TIME_PARTIAL,OK,,0.002,,0,iterations=10;iterations_executed=10;source=algorithm;round_trip=0.023331
388.000,ours,-,robot1,MIN_DISTANCE,OK,9.760,9.760,,0,nearest_robot=robot2
388.000,ours,-,robot2,MIN_DISTANCE,OK,9.760,9.760,,0,nearest_robot=robot1
388.000,ours,-,fleet,MIN_DISTANCE_AVG,OK,9.760,,,0,robots_sampled=2
388.020,ours,-,fleet,CHOMP_TIME_PARTIAL,OK,,0.003,,0,iterations=10;iterations_executed=10;source=algorithm;round_trip=0.027999
388.520,ours,-,fleet,CHOMP_TIME_PARTIAL,OK,,0.002,,0,iterations=10;iterations_executed=10;source=algorithm;round_trip=0.021707
389.000,ours,-,robot1,MIN_DISTANCE,OK,9.665,9.665,,0,nearest_robot=robot2
389.000,ours,-,robot2,MIN_DISTANCE,OK,9.665,9.665,,0,nearest_robot=robot1
389.000,ours,-,fleet,MIN_DISTANCE_AVG,OK,9.665,,,0,robots_sampled=2
389.020,ours,-,fleet,CHOMP_TIME_PARTIAL,OK,,0.002,,0,iterations=10;iterations_executed=10;source=algorithm;round_trip=0.022424
389.510,ours,-,fleet,CHOMP_TIME_PARTIAL,OK,,0.002,,0,iterations=10;iterations_executed=10;source=algorithm;round_trip=0.021985
390.000,ours,-,robot1,MIN_DISTANCE,OK,9.446,9.446,,0,nearest_robot=robot2
390.000,ours,-,robot2,MIN_DISTANCE,OK,9.446,9.446,,0,nearest_robot=robot1
390.000,ours,-,fleet,MIN_DISTANCE_AVG,OK,9.446,,,0,robots_sampled=2
390.020,ours,-,fleet,CHOMP_TIME_PARTIAL,OK,,0.002,,0,iterations=10;iterations_executed=10;source=algorithm;round_trip=0.023498
390.520,ours,-,fleet,CHOMP_TIME_PARTIAL,OK,,0.002,,0,iterations=10;iterations_executed=10;source=algorithm;round_trip=0.022351
391.000,ours,-,robot1,MIN_DISTANCE,OK,9.216,9.216,,0,nearest_robot=robot2
391.000,ours,-,robot2,MIN_DISTANCE,OK,9.216,9.216,,0,nearest_robot=robot1
391.000,ours,-,fleet,MIN_DISTANCE_AVG,OK,9.216,,,0,robots_sampled=2
391.020,ours,-,fleet,CHOMP_TIME_PARTIAL,OK,,0.002,,0,iterations=10;iterations_executed=10;source=algorithm;round_trip=0.023478
391.520,ours,-,fleet,CHOMP_TIME_PARTIAL,OK,,0.002,,0,iterations=10;iterations_executed=10;source=algorithm;round_trip=0.027289
392.000,ours,-,robot1,MIN_DISTANCE,OK,8.961,8.961,,0,nearest_robot=robot2
392.000,ours,-,robot2,MIN_DISTANCE,OK,8.961,8.961,,0,nearest_robot=robot1
392.000,ours,-,fleet,MIN_DISTANCE_AVG,OK,8.961,,,0,robots_sampled=2
392.020,ours,-,fleet,CHOMP_TIME_PARTIAL,OK,,0.002,,0,iterations=10;iterations_executed=10;source=algorithm;round_trip=0.023502
392.520,ours,-,fleet,CHOMP_TIME_PARTIAL,OK,,0.002,,0,iterations=10;iterations_executed=10;source=algorithm;round_trip=0.021551
393.000,ours,-,robot1,MIN_DISTANCE,OK,8.608,8.608,,0,nearest_robot=robot2
393.000,ours,-,robot2,MIN_DISTANCE,OK,8.608,8.608,,0,nearest_robot=robot1
393.000,ours,-,fleet,MIN_DISTANCE_AVG,OK,8.608,,,0,robots_sampled=2
393.020,ours,-,fleet,CHOMP_TIME_PARTIAL,OK,,0.002,,0,iterations=10;iterations_executed=10;source=algorithm;round_trip=0.022897
393.520,ours,-,fleet,CHOMP_TIME_PARTIAL,OK,,0.002,,0,iterations=10;iterations_executed=10;source=algorithm;round_trip=0.022057
394.000,ours,-,robot1,MIN_DISTANCE,OK,8.319,8.319,,0,nearest_robot=robot2
394.000,ours,-,robot2,MIN_DISTANCE,OK,8.319,8.319,,0,nearest_robot=robot1
394.000,ours,-,fleet,MIN_DISTANCE_AVG,OK,8.319,,,0,robots_sampled=2
394.010,ours,-,fleet,CHOMP_TIME_PARTIAL,OK,,0.002,,0,iterations=10;iterations_executed=10;source=algorithm;round_trip=0.022079
394.520,ours,-,fleet,CHOMP_TIME_PARTIAL,OK,,0.002,,0,iterations=10;iterations_executed=10;source=algorithm;round_trip=0.022047
395.000,ours,-,robot1,MIN_DISTANCE,OK,7.971,7.971,,0,nearest_robot=robot2
395.000,ours,-,robot2,MIN_DISTANCE,OK,7.971,7.971,,0,nearest_robot=robot1
395.000,ours,-,fleet,MIN_DISTANCE_AVG,OK,7.971,,,0,robots_sampled=2
395.020,ours,-,fleet,CHOMP_TIME_PARTIAL,OK,,0.002,,0,iterations=10;iterations_executed=10;source=algorithm;round_trip=0.023766
395.510,ours,-,fleet,CHOMP_TIME_PARTIAL,OK,,0.002,,0,iterations=10;iterations_executed=10;source=algorithm;round_trip=0.022199
396.000,ours,-,robot1,MIN_DISTANCE,OK,7.593,7.593,,0,nearest_robot=robot2
396.000,ours,-,robot2,MIN_DISTANCE,OK,7.593,7.593,,0,nearest_robot=robot1
396.000,ours,-,fleet,MIN_DISTANCE_AVG,OK,7.593,,,0,robots_sampled=2
396.010,ours,-,fleet,CHOMP_TIME_PARTIAL,OK,,0.002,,0,iterations=10;iterations_executed=10;source=algorithm;round_trip=0.022184
396.510,ours,-,fleet,CHOMP_TIME_PARTIAL,OK,,0.002,,0,iterations=10;iterations_executed=10;source=algorithm;round_trip=0.022347
397.000,ours,-,robot1,MIN_DISTANCE,OK,7.339,7.339,,0,nearest_robot=robot2
397.000,ours,-,robot2,MIN_DISTANCE,OK,7.339,7.339,,0,nearest_robot=robot1
397.000,ours,-,fleet,MIN_DISTANCE_AVG,OK,7.339,,,0,robots_sampled=2
397.020,ours,-,fleet,CHOMP_TIME_PARTIAL,OK,,0.002,,0,iterations=10;iterations_executed=10;source=algorithm;round_trip=0.024083
397.510,ours,-,fleet,CHOMP_TIME_PARTIAL,OK,,0.002,,0,iterations=10;iterations_executed=10;source=algorithm;round_trip=0.023109
398.000,ours,-,robot1,MIN_DISTANCE,OK,7.080,7.080,,0,nearest_robot=robot2
398.000,ours,-,robot2,MIN_DISTANCE,OK,7.080,7.080,,0,nearest_robot=robot1
398.000,ours,-,fleet,MIN_DISTANCE_AVG,OK,7.080,,,0,robots_sampled=2
398.010,ours,-,fleet,CHOMP_TIME_PARTIAL,OK,,0.002,,0,iterations=10;iterations_executed=10;source=algorithm;round_trip=0.022978
398.510,ours,-,fleet,CHOMP_TIME_PARTIAL,OK,,0.002,,0,iterations=10;iterations_executed=10;source=algorithm;round_trip=0.023304
399.000,ours,-,robot1,MIN_DISTANCE,OK,6.779,6.779,,0,nearest_robot=robot2
399.000,ours,-,robot2,MIN_DISTANCE,OK,6.779,6.779,,0,nearest_robot=robot1
399.000,ours,-,fleet,MIN_DISTANCE_AVG,OK,6.779,,,0,robots_sampled=2
399.020,ours,-,fleet,CHOMP_TIME_PARTIAL,OK,,0.002,,0,iterations=10;iterations_executed=10;source=algorithm;round_trip=0.028555
