timestamp,run_id,task_id,robot_id,event,status,allocation_cost,duration,path,collision_flag,message
16.000,original,-,robot1,MIN_DISTANCE,OK,12.416,10.587,,0,nearest_robot=robot6
16.000,original,-,robot2,MIN_DISTANCE,OK,12.510,10.587,,0,nearest_robot=robot1
16.000,original,-,robot3,MIN_DISTANCE,OK,6.490,10.587,,0,nearest_robot=robot4
16.000,original,-,robot4,MIN_DISTANCE,OK,6.490,10.587,,0,nearest_robot=robot3
16.000,original,-,robot5,MIN_DISTANCE,OK,13.200,10.587,,0,nearest_robot=robot4
16.000,original,-,robot6,MIN_DISTANCE,OK,12.416,10.587,,0,nearest_robot=robot1
16.000,original,-,fleet,MIN_DISTANCE_AVG,OK,10.587,,,0,robots_sampled=6
17.000,original,-,robot1,MIN_DISTANCE,OK,12.416,10.587,,0,nearest_robot=robot6
17.000,original,-,robot2,MIN_DISTANCE,OK,12.510,10.587,,0,nearest_robot=robot1
17.000,original,-,robot3,MIN_DISTANCE,OK,6.490,10.587,,0,nearest_robot=robot4
17.000,original,-,robot4,MIN_DISTANCE,OK,6.490,10.587,,0,nearest_robot=robot3
17.000,original,-,robot5,MIN_DISTANCE,OK,13.200,10.587,,0,nearest_robot=robot4
17.000,original,-,robot6,MIN_DISTANCE,OK,12.416,10.587,,0,nearest_robot=robot1
17.000,original,-,fleet,MIN_DISTANCE_AVG,OK,10.587,,,0,robots_sampled=6
18.000,original,-,fleet,REPLAN_FULL,OK,,,robot1|robot2|robot3|robot4|robot5|robot6,0,original_full_optimization
18.000,original,-,robot1,MIN_DISTANCE,OK,12.416,10.587,,0,nearest_robot=robot6
18.000,original,-,robot2,MIN_DISTANCE,OK,12.510,10.587,,0,nearest_robot=robot1
18.000,original,-,robot3,MIN_DISTANCE,OK,6.490,10.587,,0,nearest_robot=robot4
18.000,original,-,robot4,MIN_DISTANCE,OK,6.490,10.587,,0,nearest_robot=robot3
18.000,original,-,robot5,MIN_DISTANCE,OK,13.200,10.587,,0,nearest_robot=robot4
18.000,original,-,robot6,MIN_DISTANCE,OK,12.416,10.587,,0,nearest_robot=robot1
18.000,original,-,fleet,MIN_DISTANCE_AVG,OK,10.587,,,0,robots_sampled=6
19.000,original,-,robot1,MIN_DISTANCE,OK,12.416,10.587,,0,nearest_robot=robot6
19.000,original,-,robot2,MIN_DISTANCE,OK,12.510,10.587,,0,nearest_robot=robot1
19.000,original,-,robot3,MIN_DISTANCE,OK,6.490,10.587,,0,nearest_robot=robot4
19.000,original,-,robot4,MIN_DISTANCE,OK,6.490,10.587,,0,nearest_robot=robot3
19.000,original,-,robot5,MIN_DISTANCE,OK,13.200,10.587,,0,nearest_robot=robot4
19.000,original,-,robot6,MIN_DISTANCE,OK,12.416,10.587,,0,nearest_robot=robot1
19.000,original,-,fleet,MIN_DISTANCE_AVG,OK,10.587,,,0,robots_sampled=6
20.000,original,-,robot1,MIN_DISTANCE,OK,12.416,10.587,,0,nearest_robot=robot6
20.000,original,-,robot2,MIN_DISTANCE,OK,12.510,10.587,,0,nearest_robot=robot1
20.000,original,-,robot3,MIN_DISTANCE,OK,6.490,10.587,,0,nearest_robot=robot4
20.000,original,-,robot4,MIN_DISTANCE,OK,6.490,10.587,,0,nearest_robot=robot3
20.000,original,-,robot5,MIN_DISTANCE,OK,13.200,10.587,,0,nearest_robot=robot4
20.000,original,-,robot6,MIN_DISTANCE,OK,12.416,10.587,,0,nearest_robot=robot1
20.000,original,-,fleet,MIN_DISTANCE_AVG,OK,10.587,,,0,robots_sampled=6
21.000,original,-,robot1,MIN_DISTANCE,OK,12.416,10.587,,0,nearest_robot=robot6
21.000,original,-,robot2,MIN_DISTANCE,OK,12.510,10.587,,0,nearest_robot=robot1
21.000,original,-,robot3,MIN_DISTANCE,OK,6.490,10.587,,0,nearest_robot=robot4
21.000,original,-,robot4,MIN_DISTANCE,OK,6.490,10.587,,0,nearest_robot=robot3
21.000,original,-,robot5,MIN_DISTANCE,OK,13.200,10.587,,0,nearest_robot=robot4
21.000,original,-,robot6,MIN_DISTANCE,OK,12.416,10.587,,0,nearest_robot=robot1
21.000,original,-,fleet,MIN_DISTANCE_AVG,OK,10.587,,,0,robots_sampled=6
22.000,original,-,robot1,MIN_DISTANCE,OK,12.416,10.587,,0,nearest_robot=robot6
22.000,original,-,robot2,MIN_DISTANCE,OK,12.510,10.587,,0,nearest_robot=robot1
22.000,original,-,robot3,MIN_DISTANCE,OK,6.490,10.587,,0,nearest_robot=robot4
22.000,original,-,robot4,MIN_DISTANCE,OK,6.490,10.587,,0,nearest_robot=robot3
22.000,original,-,robot5,MIN_DISTANCE,OK,13.200,10.587,,0,nearest_robot=robot4
22.000,original,-,robot6,MIN_DISTANCE,OK,12.416,10.587,,0,nearest_robot=robot1
22.000,original,-,fleet,MIN_DISTANCE_AVG,OK,10.587,,,0,robots_sampled=6
23.000,original,-,robot1,MIN_DISTANCE,OK,12.416,10.587,,0,nearest_robot=robot6
23.000,original,-,robot2,MIN_DISTANCE,OK,12.510,10.587,,0,nearest_robot=robot1
23.000,original,-,robot3,MIN_DISTANCE,OK,6.490,10.587,,0,nearest_robot=robot4
23.000,original,-,robot4,MIN_DISTANCE,OK,6.490,10.587,,0,nearest_robot=robot3
23.000,original,-,robot5,MIN_DISTANCE,OK,13.200,10.587,,0,nearest_robot=robot4
23.000,original,-,robot6,MIN_DISTANCE,OK,12.416,10.587,,0,nearest_robot=robot1
23.000,original,-,fleet,MIN_DISTANCE_AVG,OK,10.587,,,0,robots_sampled=6
24.000,original,-,robot1,MIN_DISTANCE,OK,12.416,10.587,,0,nearest_robot=robot6
24.000,original,-,robot2,MIN_DISTANCE,OK,12.510,10.587,,0,nearest_robot=robot1
24.000,original,-,robot3,MIN_DISTANCE,OK,6.490,10.587,,0,nearest_robot=robot4
24.000,original,-,robot4,MIN_DISTANCE,OK,6.490,10.587,,0,nearest_robot=robot3
24.000,original,-,robot5,MIN_DISTANCE,OK,13.200,10.587,,0,nearest_robot=robot4
24.000,original,-,robot6,MIN_DISTANCE,OK,12.416,10.587,,0,nearest_robot=robot1
24.000,original,-,fleet,MIN_DISTANCE_AVG,OK,10.587,,,0,robots_sampled=6
25.000,original,-,robot1,MIN_DISTANCE,OK,12.416,10.587,,0,nearest_robot=robot6
25.000,original,-,robot2,MIN_DISTANCE,OK,12.510,10.587,,0,nearest_robot=robot1
25.000,original,-,robot3,MIN_DISTANCE,OK,6.490,10.587,,0,nearest_robot=robot4
25.000,original,-,robot4,MIN_DISTANCE,OK,6.490,10.587,,0,nearest_robot=robot3
25.000,original,-,robot5,MIN_DISTANCE,OK,13.200,10.587,,0,nearest_robot=robot4
25.000,original,-,robot6,MIN_DISTANCE,OK,12.416,10.587,,0,nearest_robot=robot1
25.000,original,-,fleet,MIN_DISTANCE_AVG,OK,10.587,,,0,robots_sampled=6
26.000,original,-,robot1,MIN_DISTANCE,OK,12.416,10.587,,0,nearest_robot=robot6
26.000,original,-,robot2,MIN_DISTANCE,OK,12.510,10.587,,0,nearest_robot=robot1
26.000,original,-,robot3,MIN_DISTANCE,OK,6.490,10.587,,0,nearest_robot=robot4
26.000,original,-,robot4,MIN_DISTANCE,OK,6.490,10.587,,0,nearest_robot=robot3
26.000,original,-,robot5,MIN_DISTANCE,OK,13.200,10.587,,0,nearest_robot=robot4
26.000,original,-,robot6,MIN_DISTANCE,OK,12.416,10.587,,0,nearest_robot=robot1
26.000,original,-,fleet,MIN_DISTANCE_AVG,OK,10.587,,,0,robots_sampled=6
27.000,original,-,robot1,MIN_DISTANCE,OK,12.416,10.587,,0,nearest_robot=robot6
27.000,original,-,robot2,MIN_DISTANCE,OK,12.510,10.587,,0,nearest_robot=robot1
27.000,original,-,robot3,MIN_DISTANCE,OK,6.490,10.587,,0,nearest_robot=robot4
27.000,original,-,robot4,MIN_DISTANCE,OK,6.490,10.587,,0,nearest_robot=robot3
27.000,original,-,robot5,MIN_DISTANCE,OK,13.200,10.587,,0,nearest_robot=robot4
27.000,original,-,robot6,MIN_DISTANCE,OK,12.416,10.587,,0,nearest_robot=robot1
27.000,original,-,fleet,MIN_DISTANCE_AVG,OK,10.587,,,0,robots_sampled=6
28.000,original,-,robot1,MIN_DISTANCE,OK,12.416,10.587,,0,nearest_robot=robot6
28.000,original,-,robot2,MIN_DISTANCE,OK,12.510,10.587,,0,nearest_robot=robot1
28.000,original,-,robot3,MIN_DISTANCE,OK,6.490,10.587,,0,nearest_robot=robot4
28.000,original,-,robot4,MIN_DISTANCE,OK,6.490,10.587,,0,nearest_robot=robot3
28.000,original,-,robot5,MIN_DISTANCE,OK,13.200,10.587,,0,nearest_robot=robot4
28.000,original,-,robot6,MIN_DISTANCE,OK,12.416,10.587,,0,nearest_robot=robot1
28.000,original,-,fleet,MIN_DISTANCE_AVG,OK,10.587,,,0,robots_sampled=6
29.000,original,-,robot1,MIN_DISTANCE,OK,12.416,10.587,,0,nearest_robot=robot6
29.000,original,-,robot2,MIN_DISTANCE,OK,12.510,10.587,,0,nearest_robot=robot1
29.000,original,-,robot3,MIN_DISTANCE,OK,6.490,10.587,,0,nearest_robot=robot4
29.000,original,-,robot4,MIN_DISTANCE,OK,6.490,10.587,,0,nearest_robot=robot3
29.000,original,-,robot5,MIN_DISTANCE,OK,13.200,10.587,,0,nearest_robot=robot4
29.000,original,-,robot6,MIN_DISTANCE,OK,12.416,10.587,,0,nearest_robot=robot1
29.000,original,-,fleet,MIN_DISTANCE_AVG,OK,10.587,,,0,robots_sampled=6
30.000,original,-,robot1,MIN_DISTANCE,OK,12.416,10.587,,0,nearest_robot=robot6
30.000,original,-,robot2,MIN_DISTANCE,OK,12.510,10.587,,0,nearest_robot=robot1
30.000,original,-,robot3,MIN_DISTANCE,OK,6.490,10.587,,0,nearest_robot=robot4
30.000,original,-,robot4,MIN_DISTANCE,OK,6.490,10.587,,0,nearest_robot=robot3
30.000,original,-,robot5,MIN_DISTANCE,OK,13.200,10.587,,0,nearest_robot=robot4
30.000,original,-,robot6,MIN_DISTANCE,OK,12.416,10.587,,0,nearest_robot=robot1
30.000,original,-,fleet,MIN_DISTANCE_AVG,OK,10.587,,,0,robots_sampled=6
31.000,original,-,robot1,MIN_DISTANCE,OK,12.416,10.587,,0,nearest_robot=robot6
31.000,original,-,robot2,MIN_DISTANCE,OK,12.510,10.587,,0,nearest_robot=robot1
31.000,original,-,robot3,MIN_DISTANCE,OK,6.490,10.587,,0,nearest_robot=robot4
31.000,original,-,robot4,MIN_DISTANCE,OK,6.490,10.587,,0,nearest_robot=robot3
31.000,original,-,robot5,MIN_DISTANCE,OK,13.200,10.587,,0,nearest_robot=robot4
31.000,original,-,robot6,MIN_DISTANCE,OK,12.416,10.587,,0,nearest_robot=robot1
31.000,original,-,fleet,MIN_DISTANCE_AVG,OK,10.587,,,0,robots_sampled=6
32.000,original,-,robot1,MIN_DISTANCE,OK,12.416,10.587,,0,nearest_robot=robot6
32.000,original,-,robot2,MIN_DISTANCE,OK,12.510,10.587,,0,nearest_robot=robot1
32.000,original,-,robot3,MIN_DISTANCE,OK,6.490,10.587,,0,nearest_robot=robot4
32.000,original,-,robot4,MIN_DISTANCE,OK,6.490,10.587,,0,nearest_robot=robot3
32.000,original,-,robot5,MIN_DISTANCE,OK,13.200,10.587,,0,nearest_robot=robot4
32.000,original,-,robot6,MIN_DISTANCE,OK,12.416,10.587,,0,nearest_robot=robot1
32.000,original,-,fleet,MIN_DISTANCE_AVG,OK,10.587,,,0,robots_sampled=6
33.000,original,-,robot1,MIN_DISTANCE,OK,12.416,10.587,,0,nearest_robot=robot6
33.000,original,-,robot2,MIN_DISTANCE,OK,12.510,10.587,,0,nearest_robot=robot1
33.000,original,-,robot3,MIN_DISTANCE,OK,6.490,10.587,,0,nearest_robot=robot4
33.000,original,-,robot4,MIN_DISTANCE,OK,6.490,10.587,,0,nearest_robot=robot3
33.000,original,-,robot5,MIN_DISTANCE,OK,13.200,10.587,,0,nearest_robot=robot4
33.000,original,-,robot6,MIN_DISTANCE,OK,12.416,10.587,,0,nearest_robot=robot1
33.000,original,-,fleet,MIN_DISTANCE_AVG,OK,10.587,,,0,robots_sampled=6
34.000,original,-,robot1,MIN_DISTANCE,OK,12.416,10.587,,0,nearest_robot=robot6
34.000,original,-,robot2,MIN_DISTANCE,OK,12.510,10.587,,0,nearest_robot=robot1
34.000,original,-,robot3,MIN_DISTANCE,OK,6.490,10.587,,0,nearest_robot=robot4
34.000,original,-,robot4,MIN_DISTANCE,OK,6.490,10.587,,0,nearest_robot=robot3
34.000,original,-,robot5,MIN_DISTANCE,OK,13.200,10.587,,0,nearest_robot=robot4
34.000,original,-,robot6,MIN_DISTANCE,OK,12.416,10.587,,0,nearest_robot=robot1
34.000,original,-,fleet,MIN_DISTANCE_AVG,OK,10.587,,,0,robots_sampled=6
35.000,original,-,robot1,MIN_DISTANCE,OK,12.416,10.587,,0,nearest_robot=robot6
35.000,original,-,robot2,MIN_DISTANCE,OK,12.510,10.587,,0,nearest_robot=robot1
35.000,original,-,robot3,MIN_DISTANCE,OK,6.490,10.587,,0,nearest_robot=robot4
35.000,original,-,robot4,MIN_DISTANCE,OK,6.490,10.587,,0,nearest_robot=robot3
35.000,original,-,robot5,MIN_DISTANCE,OK,13.200,10.587,,0,nearest_robot=robot4
35.000,original,-,robot6,MIN_DISTANCE,OK,12.416,10.587,,0,nearest_robot=robot1
35.000,original,-,fleet,MIN_DISTANCE_AVG,OK,10.587,,,0,robots_sampled=6
36.000,original,-,robot1,MIN_DISTANCE,OK,12.416,10.587,,0,nearest_robot=robot6
36.000,original,-,robot2,MIN_DISTANCE,OK,12.510,10.587,,0,nearest_robot=robot1
36.000,original,-,robot3,MIN_DISTANCE,OK,6.490,10.587,,0,nearest_robot=robot4
36.000,original,-,robot4,MIN_DISTANCE,OK,6.490,10.587,,0,nearest_robot=robot3
36.000,original,-,robot5,MIN_DISTANCE,OK,13.200,10.587,,0,nearest_robot=robot4
36.000,original,-,robot6,MIN_DISTANCE,OK,12.416,10.587,,0,nearest_robot=robot1
36.000,original,-,fleet,MIN_DISTANCE_AVG,OK,10.587,,,0,robots_sampled=6
37.000,original,-,robot1,MIN_DISTANCE,OK,12.416,10.587,,0,nearest_robot=robot6
37.000,original,-,robot2,MIN_DISTANCE,OK,12.510,10.587,,0,nearest_robot=robot1
37.000,original,-,robot3,MIN_DISTANCE,OK,6.490,10.587,,0,nearest_robot=robot4
37.000,original,-,robot4,MIN_DISTANCE,OK,6.490,10.587,,0,nearest_robot=robot3
37.000,original,-,robot5,MIN_DISTANCE,OK,13.200,10.587,,0,nearest_robot=robot4
37.000,original,-,robot6,MIN_DISTANCE,OK,12.416,10.587,,0,nearest_robot=robot1
37.000,original,-,fleet,MIN_DISTANCE_AVG,OK,10.587,,,0,robots_sampled=6
38.000,original,-,robot1,MIN_DISTANCE,OK,12.416,10.587,,0,nearest_robot=robot6
38.000,original,-,robot2,MIN_DISTANCE,OK,12.510,10.587,,0,nearest_robot=robot1
38.000,original,-,robot3,MIN_DISTANCE,OK,6.490,10.587,,0,nearest_robot=robot4
38.000,original,-,robot4,MIN_DISTANCE,OK,6.490,10.587,,0,nearest_robot=robot3
38.000,original,-,robot5,MIN_DISTANCE,OK,13.200,10.587,,0,nearest_robot=robot4
38.000,original,-,robot6,MIN_DISTANCE,OK,12.416,10.587,,0,nearest_robot=robot1
38.000,original,-,fleet,MIN_DISTANCE_AVG,OK,10.587,,,0,robots_sampled=6
39.000,original,-,robot1,MIN_DISTANCE,OK,12.416,10.587,,0,nearest_robot=robot6
39.000,original,-,robot2,MIN_DISTANCE,OK,12.510,10.587,,0,nearest_robot=robot1
39.000,original,-,robot3,MIN_DISTANCE,OK,6.490,10.587,,0,nearest_robot=robot4
39.000,original,-,robot4,MIN_DISTANCE,OK,6.490,10.587,,0,nearest_robot=robot3
39.000,original,-,robot5,MIN_DISTANCE,OK,13.200,10.587,,0,nearest_robot=robot4
39.000,original,-,robot6,MIN_DISTANCE,OK,12.416,10.587,,0,nearest_robot=robot1
39.000,original,-,fleet,MIN_DISTANCE_AVG,OK,10.587,,,0,robots_sampled=6
40.000,original,-,robot1,MIN_DISTANCE,OK,12.416,10.587,,0,nearest_robot=robot6
40.000,original,-,robot2,MIN_DISTANCE,OK,12.510,10.587,,0,nearest_robot=robot1
40.000,original,-,robot3,MIN_DISTANCE,OK,6.490,10.587,,0,nearest_robot=robot4
40.000,original,-,robot4,MIN_DISTANCE,OK,6.490,10.587,,0,nearest_robot=robot3
40.000,original,-,robot5,MIN_DISTANCE,OK,13.200,10.587,,0,nearest_robot=robot4
40.000,original,-,robot6,MIN_DISTANCE,OK,12.416,10.587,,0,nearest_robot=robot1
40.000,original,-,fleet,MIN_DISTANCE_AVG,OK,10.587,,,0,robots_sampled=6
41.000,original,-,robot1,MIN_DISTANCE,OK,12.416,10.587,,0,nearest_robot=robot6
41.000,original,-,robot2,MIN_DISTANCE,OK,12.510,10.587,,0,nearest_robot=robot1
41.000,original,-,robot3,MIN_DISTANCE,OK,6.490,10.587,,0,nearest_robot=robot4
41.000,original,-,robot4,MIN_DISTANCE,OK,6.490,10.587,,0,nearest_robot=robot3
41.000,original,-,robot5,MIN_DISTANCE,OK,13.200,10.587,,0,nearest_robot=robot4
41.000,original,-,robot6,MIN_DISTANCE,OK,12.416,10.587,,0,nearest_robot=robot1
41.000,original,-,fleet,MIN_DISTANCE_AVG,OK,10.587,,,0,robots_sampled=6
42.000,original,-,robot1,MIN_DISTANCE,OK,12.416,10.587,,0,nearest_robot=robot6
42.000,original,-,robot2,MIN_DISTANCE,OK,12.510,10.587,,0,nearest_robot=robot1
42.000,original,-,robot3,MIN_DISTANCE,OK,6.490,10.587,,0,nearest_robot=robot4
42.000,original,-,robot4,MIN_DISTANCE,OK,6.490,10.587,,0,nearest_robot=robot3
42.000,original,-,robot5,MIN_DISTANCE,OK,13.200,10.587,,0,nearest_robot=robot4
42.000,original,-,robot6,MIN_DISTANCE,OK,12.416,10.587,,0,nearest_robot=robot1
42.000,original,-,fleet,MIN_DISTANCE_AVG,OK,10.587,,,0,robots_sampled=6
43.000,original,-,robot1,MIN_DISTANCE,OK,12.416,10.587,,0,nearest_robot=robot6
43.000,original,-,robot2,MIN_DISTANCE,OK,12.510,10.587,,0,nearest_robot=robot1
43.000,original,-,robot3,MIN_DISTANCE,OK,6.490,10.587,,0,nearest_robot=robot4
43.000,original,-,robot4,MIN_DISTANCE,OK,6.490,10.587,,0,nearest_robot=robot3
43.000,original,-,robot5,MIN_DISTANCE,OK,13.200,10.587,,0,nearest_robot=robot4
43.000,original,-,robot6,MIN_DISTANCE,OK,12.416,10.587,,0,nearest_robot=robot1
43.000,original,-,fleet,MIN_DISTANCE_AVG,OK,10.587,,,0,robots_sampled=6
44.000,original,-,robot1,MIN_DISTANCE,OK,12.416,10.587,,0,nearest_robot=robot6
44.000,original,-,robot2,MIN_DISTANCE,OK,12.510,10.587,,0,nearest_robot=robot1
44.000,original,-,robot3,MIN_DISTANCE,OK,6.490,10.587,,0,nearest_robot=robot4
44.000,original,-,robot4,MIN_DISTANCE,OK,6.490,10.587,,0,nearest_robot=robot3
44.000,original,-,robot5,MIN_DISTANCE,OK,13.200,10.587,,0,nearest_robot=robot4
44.000,original,-,robot6,MIN_DISTANCE,OK,12.416,10.587,,0,nearest_robot=robot1
44.000,original,-,fleet,MIN_DISTANCE_AVG,OK,10.587,,,0,robots_sampled=6
45.000,original,-,robot1,MIN_DISTANCE,OK,12.416,10.587,,0,nearest_robot=robot6
45.000,original,-,robot2,MIN_DISTANCE,OK,12.510,10.587,,0,nearest_robot=robot1
45.000,original,-,robot3,MIN_DISTANCE,OK,6.490,10.587,,0,nearest_robot=robot4
45.000,original,-,robot4,MIN_DISTANCE,OK,6.490,10.587,,0,nearest_robot=robot3
45.000,original,-,robot5,MIN_DISTANCE,OK,13.200,10.587,,0,nearest_robot=robot4
45.000,original,-,robot6,MIN_DISTANCE,OK,12.416,10.587,,0,nearest_robot=robot1
45.000,original,-,fleet,MIN_DISTANCE_AVG,OK,10.587,,,0,robots_sampled=6
45.430,original,-,fleet,CHOMP_TIME_FULL,OK,,31.569,,0,iterations=100;iterations_executed=100;source=algorithm;round_trip=31.600001
46.000,original,-,fleet,REPLAN_FULL,OK,,,robot1|robot2|robot3|robot4|robot5|robot6,0,original_full_optimization
46.000,original,-,robot1,MIN_DISTANCE,OK,12.360,10.578,,0,nearest_robot=robot6
46.000,original,-,robot2,MIN_DISTANCE,OK,12.568,10.578,,0,nearest_robot=robot1
46.000,original,-,robot3,MIN_DISTANCE,OK,6.490,10.578,,0,nearest_robot=robot4
46.000,original,-,robot4,MIN_DISTANCE,OK,6.490,10.578,,0,nearest_robot=robot3
46.000,original,-,robot5,MIN_DISTANCE,OK,13.200,10.578,,0,nearest_robot=robot4
46.000,original,-,robot6,MIN_DISTANCE,OK,12.360,10.578,,0,nearest_robot=robot1
46.000,original,-,fleet,MIN_DISTANCE_AVG,OK,10.578,,,0,robots_sampled=6
47.000,original,-,robot1,MIN_DISTANCE,OK,12.156,10.541,,0,nearest_robot=robot6
47.000,original,-,robot2,MIN_DISTANCE,OK,12.752,10.541,,0,nearest_robot=robot1
47.000,original,-,robot3,MIN_DISTANCE,OK,6.490,10.541,,0,nearest_robot=robot4
47.000,original,-,robot4,MIN_DISTANCE,OK,6.490,10.541,,0,nearest_robot=robot3
47.000,original,-,robot5,MIN_DISTANCE,OK,13.200,10.541,,0,nearest_robot=robot4
47.000,original,-,robot6,MIN_DISTANCE,OK,12.156,10.541,,0,nearest_robot=robot1
47.000,original,-,fleet,MIN_DISTANCE_AVG,OK,10.541,,,0,robots_sampled=6
48.000,original,-,robot1,MIN_DISTANCE,OK,11.854,10.454,,0,nearest_robot=robot6
48.000,original,-,robot2,MIN_DISTANCE,OK,12.838,10.454,,0,nearest_robot=robot1
48.000,original,-,robot3,MIN_DISTANCE,OK,6.490,10.454,,0,nearest_robot=robot4
48.000,original,-,robot4,MIN_DISTANCE,OK,6.490,10.454,,0,nearest_robot=robot3
48.000,original,-,robot5,MIN_DISTANCE,OK,13.200,10.454,,0,nearest_robot=robot4
48.000,original,-,robot6,MIN_DISTANCE,OK,11.854,10.454,,0,nearest_robot=robot1
48.000,original,-,fleet,MIN_DISTANCE_AVG,OK,10.454,,,0,robots_sampled=6
49.000,original,-,robot1,MIN_DISTANCE,OK,11.637,10.375,,0,nearest_robot=robot6
49.000,original,-,robot2,MIN_DISTANCE,OK,12.796,10.375,,0,nearest_robot=robot1
49.000,original,-,robot3,MIN_DISTANCE,OK,6.490,10.375,,0,nearest_robot=robot4
49.000,original,-,robot4,MIN_DISTANCE,OK,6.490,10.375,,0,nearest_robot=robot3
49.000,original,-,robot5,MIN_DISTANCE,OK,13.200,10.375,,0,nearest_robot=robot4
49.000,original,-,robot6,MIN_DISTANCE,OK,11.637,10.375,,0,nearest_robot=robot1
49.000,original,-,fleet,MIN_DISTANCE_AVG,OK,10.375,,,0,robots_sampled=6
50.000,original,-,robot1,MIN_DISTANCE,OK,11.594,10.357,,0,nearest_robot=robot6
50.000,original,-,robot2,MIN_DISTANCE,OK,12.772,10.357,,0,nearest_robot=robot1
50.000,original,-,robot3,MIN_DISTANCE,OK,6.490,10.357,,0,nearest_robot=robot4
50.000,original,-,robot4,MIN_DISTANCE,OK,6.490,10.357,,0,nearest_robot=robot3
50.000,original,-,robot5,MIN_DISTANCE,OK,13.200,10.357,,0,nearest_robot=robot4
50.000,original,-,robot6,MIN_DISTANCE,OK,11.594,10.357,,0,nearest_robot=robot1
50.000,original,-,fleet,MIN_DISTANCE_AVG,OK,10.357,,,0,robots_sampled=6
51.000,original,-,robot1,MIN_DISTANCE,OK,11.697,10.437,,0,nearest_robot=robot6
51.000,original,-,robot2,MIN_DISTANCE,OK,13.050,10.437,,0,nearest_robot=robot1
51.000,original,-,robot3,MIN_DISTANCE,OK,6.490,10.437,,0,nearest_robot=robot4
51.000,original,-,robot4,MIN_DISTANCE,OK,6.490,10.437,,0,nearest_robot=robot3
51.000,original,-,robot5,MIN_DISTANCE,OK,13.200,10.437,,0,nearest_robot=robot4
51.000,original,-,robot6,MIN_DISTANCE,OK,11.697,10.437,,0,nearest_robot=robot1
51.000,original,-,fleet,MIN_DISTANCE_AVG,OK,10.437,,,0,robots_sampled=6
52.000,original,-,robot1,MIN_DISTANCE,OK,11.698,10.488,,0,nearest_robot=robot6
52.000,original,-,robot2,MIN_DISTANCE,OK,13.348,10.488,,0,nearest_robot=robot1
52.000,original,-,robot3,MIN_DISTANCE,OK,6.490,10.488,,0,nearest_robot=robot4
52.000,original,-,robot4,MIN_DISTANCE,OK,6.490,10.488,,0,nearest_robot=robot3
52.000,original,-,robot5,MIN_DISTANCE,OK,13.200,10.488,,0,nearest_robot=robot4
52.000,original,-,robot6,MIN_DISTANCE,OK,11.698,10.488,,0,nearest_robot=robot1
52.000,original,-,fleet,MIN_DISTANCE_AVG,OK,10.488,,,0,robots_sampled=6
53.000,original,-,robot1,MIN_DISTANCE,OK,11.578,10.499,,0,nearest_robot=robot6
53.000,original,-,robot2,MIN_DISTANCE,OK,13.660,10.499,,0,nearest_robot=robot1
53.000,original,-,robot3,MIN_DISTANCE,OK,6.490,10.499,,0,nearest_robot=robot4
53.000,original,-,robot4,MIN_DISTANCE,OK,6.490,10.499,,0,nearest_robot=robot3
53.000,original,-,robot5,MIN_DISTANCE,OK,13.200,10.499,,0,nearest_robot=robot4
53.000,original,-,robot6,MIN_DISTANCE,OK,11.578,10.499,,0,nearest_robot=robot1
53.000,original,-,fleet,MIN_DISTANCE_AVG,OK,10.499,,,0,robots_sampled=6
54.000,original,-,robot1,MIN_DISTANCE,OK,11.379,10.482,,0,nearest_robot=robot6
54.000,original,-,robot2,MIN_DISTANCE,OK,13.954,10.482,,0,nearest_robot=robot1
54.000,original,-,robot3,MIN_DISTANCE,OK,6.490,10.482,,0,nearest_robot=robot4
54.000,original,-,robot4,MIN_DISTANCE,OK,6.490,10.482,,0,nearest_robot=robot3
54.000,original,-,robot5,MIN_DISTANCE,OK,13.200,10.482,,0,nearest_robot=robot4
54.000,original,-,robot6,MIN_DISTANCE,OK,11.379,10.482,,0,nearest_robot=robot1
54.000,original,-,fleet,MIN_DISTANCE_AVG,OK,10.482,,,0,robots_sampled=6
55.000,original,-,robot1,MIN_DISTANCE,OK,11.142,10.448,,0,nearest_robot=robot6
55.000,original,-,robot2,MIN_DISTANCE,OK,14.224,10.448,,0,nearest_robot=robot1
55.000,original,-,robot3,MIN_DISTANCE,OK,6.490,10.448,,0,nearest_robot=robot4
55.000,original,-,robot4,MIN_DISTANCE,OK,6.490,10.448,,0,nearest_robot=robot3
55.000,original,-,robot5,MIN_DISTANCE,OK,13.200,10.448,,0,nearest_robot=robot4
55.000,original,-,robot6,MIN_DISTANCE,OK,11.142,10.448,,0,nearest_robot=robot1
55.000,original,-,fleet,MIN_DISTANCE_AVG,OK,10.448,,,0,robots_sampled=6
56.000,original,-,robot1,MIN_DISTANCE,OK,10.892,10.378,,0,nearest_robot=robot6
56.000,original,-,robot2,MIN_DISTANCE,OK,14.300,10.378,,0,nearest_robot=robot3
56.000,original,-,robot3,MIN_DISTANCE,OK,6.490,10.378,,0,nearest_robot=robot4
56.000,original,-,robot4,MIN_DISTANCE,OK,6.490,10.378,,0,nearest_robot=robot3
56.000,original,-,robot5,MIN_DISTANCE,OK,13.200,10.378,,0,nearest_robot=robot4
56.000,original,-,robot6,MIN_DISTANCE,OK,10.892,10.378,,0,nearest_robot=robot1
56.000,original,-,fleet,MIN_DISTANCE_AVG,OK,10.378,,,0,robots_sampled=6
57.000,original,-,robot1,MIN_DISTANCE,OK,10.656,10.299,,0,nearest_robot=robot6
57.000,original,-,robot2,MIN_DISTANCE,OK,14.300,10.299,,0,nearest_robot=robot3
57.000,original,-,robot3,MIN_DISTANCE,OK,6.490,10.299,,0,nearest_robot=robot4
57.000,original,-,robot4,MIN_DISTANCE,OK,6.490,10.299,,0,nearest_robot=robot3
57.000,original,-,robot5,MIN_DISTANCE,OK,13.200,10.299,,0,nearest_robot=robot4
57.000,original,-,robot6,MIN_DISTANCE,OK,10.656,10.299,,0,nearest_robot=robot1
57.000,original,-,fleet,MIN_DISTANCE_AVG,OK,10.299,,,0,robots_sampled=6
58.000,original,-,robot1,MIN_DISTANCE,OK,10.508,10.249,,0,nearest_robot=robot6
58.000,original,-,robot2,MIN_DISTANCE,OK,14.300,10.249,,0,nearest_robot=robot3
58.000,original,-,robot3,MIN_DISTANCE,OK,6.490,10.249,,0,nearest_robot=robot4
58.000,original,-,robot4,MIN_DISTANCE,OK,6.490,10.249,,0,nearest_robot=robot3
58.000,original,-,robot5,MIN_DISTANCE,OK,13.200,10.249,,0,nearest_robot=robot4
58.000,original,-,robot6,MIN_DISTANCE,OK,10.508,10.249,,0,nearest_robot=robot1
58.000,original,-,fleet,MIN_DISTANCE_AVG,OK,10.249,,,0,robots_sampled=6
59.000,original,-,robot1,MIN_DISTANCE,OK,10.437,10.226,,0,nearest_robot=robot6
59.000,original,-,robot2,MIN_DISTANCE,OK,14.300,10.226,,0,nearest_robot=robot3
59.000,original,-,robot3,MIN_DISTANCE,OK,6.490,10.226,,0,nearest_robot=robot4
59.000,original,-,robot4,MIN_DISTANCE,OK,6.490,10.226,,0,nearest_robot=robot3
59.000,original,-,robot5,MIN_DISTANCE,OK,13.200,10.226,,0,nearest_robot=robot4
59.000,original,-,robot6,MIN_DISTANCE,OK,10.437,10.226,,0,nearest_robot=robot1
59.000,original,-,fleet,MIN_DISTANCE_AVG,OK,10.226,,,0,robots_sampled=6
60.000,original,-,robot1,MIN_DISTANCE,OK,10.391,10.210,,0,nearest_robot=robot6
60.000,original,-,robot2,MIN_DISTANCE,OK,14.300,10.210,,0,nearest_robot=robot3
60.000,original,-,robot3,MIN_DISTANCE,OK,6.490,10.210,,0,nearest_robot=robot4
60.000,original,-,robot4,MIN_DISTANCE,OK,6.490,10.210,,0,nearest_robot=robot3
60.000,original,-,robot5,MIN_DISTANCE,OK,13.200,10.210,,0,nearest_robot=robot4
60.000,original,-,robot6,MIN_DISTANCE,OK,10.391,10.210,,0,nearest_robot=robot1
60.000,original,-,fleet,MIN_DISTANCE_AVG,OK,10.210,,,0,robots_sampled=6
61.000,original,-,robot1,MIN_DISTANCE,OK,10.488,10.243,,0,nearest_robot=robot6
61.000,original,-,robot2,MIN_DISTANCE,OK,14.300,10.243,,0,nearest_robot=robot3
61.000,original,-,robot3,MIN_DISTANCE,OK,6.490,10.243,,0,nearest_robot=robot4
61.000,original,-,robot4,MIN_DISTANCE,OK,6.490,10.243,,0,nearest_robot=robot3
61.000,original,-,robot5,MIN_DISTANCE,OK,13.200,10.243,,0,nearest_robot=robot4
61.000,original,-,robot6,MIN_DISTANCE,OK,10.488,10.243,,0,nearest_robot=robot1
61.000,original,-,fleet,MIN_DISTANCE_AVG,OK,10.243,,,0,robots_sampled=6
62.000,original,-,robot1,MIN_DISTANCE,OK,10.806,10.349,,0,nearest_robot=robot6
62.000,original,-,robot2,MIN_DISTANCE,OK,14.300,10.349,,0,nearest_robot=robot3
62.000,original,-,robot3,MIN_DISTANCE,OK,6.490,10.349,,0,nearest_robot=robot4
62.000,original,-,robot4,MIN_DISTANCE,OK,6.490,10.349,,0,nearest_robot=robot3
62.000,original,-,robot5,MIN_DISTANCE,OK,13.200,10.349,,0,nearest_robot=robot4
62.000,original,-,robot6,MIN_DISTANCE,OK,10.806,10.349,,0,nearest_robot=robot1
62.000,original,-,fleet,MIN_DISTANCE_AVG,OK,10.349,,,0,robots_sampled=6
63.000,original,-,robot1,MIN_DISTANCE,OK,11.182,10.474,,0,nearest_robot=robot6
63.000,original,-,robot2,MIN_DISTANCE,OK,14.300,10.474,,0,nearest_robot=robot3
63.000,original,-,robot3,MIN_DISTANCE,OK,6.490,10.474,,0,nearest_robot=robot4
63.000,original,-,robot4,MIN_DISTANCE,OK,6.490,10.474,,0,nearest_robot=robot3
63.000,original,-,robot5,MIN_DISTANCE,OK,13.200,10.474,,0,nearest_robot=robot4
63.000,original,-,robot6,MIN_DISTANCE,OK,11.182,10.474,,0,nearest_robot=robot1
63.000,original,-,fleet,MIN_DISTANCE_AVG,OK,10.474,,,0,robots_sampled=6
64.000,original,-,robot1,MIN_DISTANCE,OK,11.549,10.596,,0,nearest_robot=robot6
64.000,original,-,robot2,MIN_DISTANCE,OK,14.300,10.596,,0,nearest_robot=robot3
64.000,original,-,robot3,MIN_DISTANCE,OK,6.490,10.596,,0,nearest_robot=robot4
64.000,original,-,robot4,MIN_DISTANCE,OK,6.490,10.596,,0,nearest_robot=robot3
64.000,original,-,robot5,MIN_DISTANCE,OK,13.200,10.596,,0,nearest_robot=robot4
64.000,original,-,robot6,MIN_DISTANCE,OK,11.549,10.596,,0,nearest_robot=robot1
64.000,original,-,fleet,MIN_DISTANCE_AVG,OK,10.596,,,0,robots_sampled=6
65.000,original,-,robot1,MIN_DISTANCE,OK,11.971,10.737,,0,nearest_robot=robot6
65.000,original,-,robot2,MIN_DISTANCE,OK,14.300,10.737,,0,nearest_robot=robot3
65.000,original,-,robot3,MIN_DISTANCE,OK,6.490,10.737,,0,nearest_robot=robot4
65.000,original,-,robot4,MIN_DISTANCE,OK,6.490,10.737,,0,nearest_robot=robot3
65.000,original,-,robot5,MIN_DISTANCE,OK,13.200,10.737,,0,nearest_robot=robot4
65.000,original,-,robot6,MIN_DISTANCE,OK,11.971,10.737,,0,nearest_robot=robot1
65.000,original,-,fleet,MIN_DISTANCE_AVG,OK,10.737,,,0,robots_sampled=6
66.000,original,-,robot1,MIN_DISTANCE,OK,12.268,10.836,,0,nearest_robot=robot6
66.000,original,-,robot2,MIN_DISTANCE,OK,14.300,10.836,,0,nearest_robot=robot3
66.000,original,-,robot3,MIN_DISTANCE,OK,6.490,10.836,,0,nearest_robot=robot4
66.000,original,-,robot4,MIN_DISTANCE,OK,6.490,10.836,,0,nearest_robot=robot3
66.000,original,-,robot5,MIN_DISTANCE,OK,13.200,10.836,,0,nearest_robot=robot4
66.000,original,-,robot6,MIN_DISTANCE,OK,12.268,10.836,,0,nearest_robot=robot1
66.000,original,-,fleet,MIN_DISTANCE_AVG,OK,10.836,,,0,robots_sampled=6
67.000,original,-,robot1,MIN_DISTANCE,OK,12.520,10.920,,0,nearest_robot=robot6
67.000,original,-,robot2,MIN_DISTANCE,OK,14.300,10.920,,0,nearest_robot=robot3
67.000,original,-,robot3,MIN_DISTANCE,OK,6.490,10.920,,0,nearest_robot=robot4
67.000,original,-,robot4,MIN_DISTANCE,OK,6.490,10.920,,0,nearest_robot=robot3
67.000,original,-,robot5,MIN_DISTANCE,OK,13.200,10.920,,0,nearest_robot=robot4
67.000,original,-,robot6,MIN_DISTANCE,OK,12.520,10.920,,0,nearest_robot=robot1
67.000,original,-,fleet,MIN_DISTANCE_AVG,OK,10.920,,,0,robots_sampled=6
68.000,original,-,robot1,MIN_DISTANCE,OK,12.823,11.021,,0,nearest_robot=robot6
68.000,original,-,robot2,MIN_DISTANCE,OK,14.300,11.021,,0,nearest_robot=robot3
68.000,original,-,robot3,MIN_DISTANCE,OK,6.490,11.021,,0,nearest_robot=robot4
68.000,original,-,robot4,MIN_DISTANCE,OK,6.490,11.021,,0,nearest_robot=robot3
68.000,original,-,robot5,MIN_DISTANCE,OK,13.200,11.021,,0,nearest_robot=robot4
68.000,original,-,robot6,MIN_DISTANCE,OK,12.823,11.021,,0,nearest_robot=robot1
68.000,original,-,fleet,MIN_DISTANCE_AVG,OK,11.021,,,0,robots_sampled=6
69.000,original,-,robot1,MIN_DISTANCE,OK,13.268,11.169,,0,nearest_robot=robot6
69.000,original,-,robot2,MIN_DISTANCE,OK,14.300,11.169,,0,nearest_robot=robot3
69.000,original,-,robot3,MIN_DISTANCE,OK,6.490,11.169,,0,nearest_robot=robot4
69.000,original,-,robot4,MIN_DISTANCE,OK,6.490,11.169,,0,nearest_robot=robot3
69.000,original,-,robot5,MIN_DISTANCE,OK,13.200,11.169,,0,nearest_robot=robot4
69.000,original,-,robot6,MIN_DISTANCE,OK,13.268,11.169,,0,nearest_robot=robot1
69.000,original,-,fleet,MIN_DISTANCE_AVG,OK,11.169,,,0,robots_sampled=6
70.000,original,-,robot1,MIN_DISTANCE,OK,13.706,11.315,,0,nearest_robot=robot6
70.000,original,-,robot2,MIN_DISTANCE,OK,14.300,11.315,,0,nearest_robot=robot3
70.000,original,-,robot3,MIN_DISTANCE,OK,6.490,11.315,,0,nearest_robot=robot4
70.000,original,-,robot4,MIN_DISTANCE,OK,6.490,11.315,,0,nearest_robot=robot3
70.000,original,-,robot5,MIN_DISTANCE,OK,13.200,11.315,,0,nearest_robot=robot4
70.000,original,-,robot6,MIN_DISTANCE,OK,13.706,11.315,,0,nearest_robot=robot1
70.000,original,-,fleet,MIN_DISTANCE_AVG,OK,11.315,,,0,robots_sampled=6
71.000,original,-,robot1,MIN_DISTANCE,OK,14.113,11.451,,0,nearest_robot=robot6
71.000,original,-,robot2,MIN_DISTANCE,OK,14.300,11.451,,0,nearest_robot=robot3
71.000,original,-,robot3,MIN_DISTANCE,OK,6.490,11.451,,0,nearest_robot=robot4
71.000,original,-,robot4,MIN_DISTANCE,OK,6.490,11.451,,0,nearest_robot=robot3
71.000,original,-,robot5,MIN_DISTANCE,OK,13.200,11.451,,0,nearest_robot=robot4
71.000,original,-,robot6,MIN_DISTANCE,OK,14.113,11.451,,0,nearest_robot=robot1
71.000,original,-,fleet,MIN_DISTANCE_AVG,OK,11.451,,,0,robots_sampled=6
72.000,original,-,robot1,MIN_DISTANCE,OK,14.525,11.534,,0,nearest_robot=robot6
72.000,original,-,robot2,MIN_DISTANCE,OK,14.300,11.534,,0,nearest_robot=robot3
72.000,original,-,robot3,MIN_DISTANCE,OK,6.490,11.534,,0,nearest_robot=robot4
72.000,original,-,robot4,MIN_DISTANCE,OK,6.490,11.534,,0,nearest_robot=robot3
72.000,original,-,robot5,MIN_DISTANCE,OK,13.200,11.534,,0,nearest_robot=robot4
72.000,original,-,robot6,MIN_DISTANCE,OK,14.200,11.534,,0,nearest_robot=robot5
72.000,original,-,fleet,MIN_DISTANCE_AVG,OK,11.534,,,0,robots_sampled=6
73.000,original,-,robot1,MIN_DISTANCE,OK,14.969,11.608,,0,nearest_robot=robot6
73.000,original,-,robot2,MIN_DISTANCE,OK,14.300,11.608,,0,nearest_robot=robot3
73.000,original,-,robot3,MIN_DISTANCE,OK,6.490,11.608,,0,nearest_robot=robot4
73.000,original,-,robot4,MIN_DISTANCE,OK,6.490,11.608,,0,nearest_robot=robot3
73.000,original,-,robot5,MIN_DISTANCE,OK,13.200,11.608,,0,nearest_robot=robot4
73.000,original,-,robot6,MIN_DISTANCE,OK,14.200,11.608,,0,nearest_robot=robot5
73.000,original,-,fleet,MIN_DISTANCE_AVG,OK,11.608,,,0,robots_sampled=6
73.550,original,-,fleet,CHOMP_TIME_FULL,OK,,31.834,,0,iterations=100;iterations_executed=100;source=algorithm;round_trip=31.872652
74.000,original,-,robot1,MIN_DISTANCE,OK,15.410,11.663,,0,nearest_robot=robot6
74.000,original,-,robot2,MIN_DISTANCE,OK,14.299,11.663,,0,nearest_robot=robot3
74.000,original,-,robot3,MIN_DISTANCE,OK,6.437,11.663,,0,nearest_robot=robot4
74.000,original,-,robot4,MIN_DISTANCE,OK,6.437,11.663,,0,nearest_robot=robot3
74.000,original,-,robot5,MIN_DISTANCE,OK,13.195,11.663,,0,nearest_robot=robot4
74.000,original,-,robot6,MIN_DISTANCE,OK,14.202,11.663,,0,nearest_robot=robot5
74.000,original,-,fleet,MIN_DISTANCE_AVG,OK,11.663,,,0,robots_sampled=6
75.000,original,-,robot1,MIN_DISTANCE,OK,15.924,11.678,,0,nearest_robot=robot6
75.000,original,-,robot2,MIN_DISTANCE,OK,14.295,11.678,,0,nearest_robot=robot3
75.000,original,-,robot3,MIN_DISTANCE,OK,6.211,11.678,,0,nearest_robot=robot4
75.000,original,-,robot4,MIN_DISTANCE,OK,6.211,11.678,,0,nearest_robot=robot3
75.000,original,-,robot5,MIN_DISTANCE,OK,13.234,11.678,,0,nearest_robot=robot4
75.000,original,-,robot6,MIN_DISTANCE,OK,14.195,11.678,,0,nearest_robot=robot5
75.000,original,-,fleet,MIN_DISTANCE_AVG,OK,11.678,,,0,robots_sampled=6
76.000,original,-,robot1,MIN_DISTANCE,OK,16.589,11.624,,0,nearest_robot=robot6
76.000,original,-,robot2,MIN_DISTANCE,OK,14.326,11.624,,0,nearest_robot=robot3
76.000,original,-,robot3,MIN_DISTANCE,OK,5.805,11.624,,0,nearest_robot=robot4
76.000,original,-,robot4,MIN_DISTANCE,OK,5.805,11.624,,0,nearest_robot=robot3
76.000,original,-,robot5,MIN_DISTANCE,OK,13.291,11.624,,0,nearest_robot=robot4
76.000,original,-,robot6,MIN_DISTANCE,OK,13.927,11.624,,0,nearest_robot=robot5
76.000,original,-,fleet,MIN_DISTANCE_AVG,OK,11.624,,,0,robots_sampled=6
77.000,original,-,robot1,MIN_DISTANCE,OK,17.420,11.504,,0,nearest_robot=robot6
77.000,original,-,robot2,MIN_DISTANCE,OK,14.109,11.504,,0,nearest_robot=robot3
77.000,original,-,robot3,MIN_DISTANCE,OK,5.350,11.504,,0,nearest_robot=robot4
77.000,original,-,robot4,MIN_DISTANCE,OK,5.350,11.504,,0,nearest_robot=robot3
77.000,original,-,robot5,MIN_DISTANCE,OK,13.209,11.504,,0,nearest_robot=robot4
77.000,original,-,robot6,MIN_DISTANCE,OK,13.588,11.504,,0,nearest_robot=robot5
77.000,original,-,fleet,MIN_DISTANCE_AVG,OK,11.504,,,0,robots_sampled=6
78.000,original,-,robot1,MIN_DISTANCE,OK,18.205,11.384,,0,nearest_robot=robot6
78.000,original,-,robot2,MIN_DISTANCE,OK,13.838,11.384,,0,nearest_robot=robot3
78.000,original,-,robot3,MIN_DISTANCE,OK,4.946,11.384,,0,nearest_robot=robot4
78.000,original,-,robot4,MIN_DISTANCE,OK,4.946,11.384,,0,nearest_robot=robot3
78.000,original,-,robot5,MIN_DISTANCE,OK,13.069,11.384,,0,nearest_robot=robot4
78.000,original,-,robot6,MIN_DISTANCE,OK,13.299,11.384,,0,nearest_robot=robot5
78.000,original,-,fleet,MIN_DISTANCE_AVG,OK,11.384,,,0,robots_sampled=6
79.000,original,-,robot1,MIN_DISTANCE,OK,18.693,11.243,,0,nearest_robot=robot6
79.000,original,-,robot2,MIN_DISTANCE,OK,13.550,11.243,,0,nearest_robot=robot3
79.000,original,-,robot3,MIN_DISTANCE,OK,4.571,11.243,,0,nearest_robot=robot4
79.000,original,-,robot4,MIN_DISTANCE,OK,4.571,11.243,,0,nearest_robot=robot3
79.000,original,-,robot5,MIN_DISTANCE,OK,12.812,11.243,,0,nearest_robot=robot4
79.000,original,-,robot6,MIN_DISTANCE,OK,13.259,11.243,,0,nearest_robot=robot5
79.000,original,-,fleet,MIN_DISTANCE_AVG,OK,11.243,,,0,robots_sampled=6
80.000,original,-,robot1,MIN_DISTANCE,OK,18.888,11.057,,0,nearest_robot=robot6
80.000,original,-,robot2,MIN_DISTANCE,OK,13.232,11.057,,0,nearest_robot=robot3
80.000,original,-,robot3,MIN_DISTANCE,OK,4.233,11.057,,0,nearest_robot=robot4
80.000,original,-,robot4,MIN_DISTANCE,OK,4.233,11.057,,0,nearest_robot=robot3
80.000,original,-,robot5,MIN_DISTANCE,OK,12.265,11.057,,0,nearest_robot=robot4
80.000,original,-,robot6,MIN_DISTANCE,OK,13.489,11.057,,0,nearest_robot=robot5
80.000,original,-,fleet,MIN_DISTANCE_AVG,OK,11.057,,,0,robots_sampled=6
81.000,original,-,robot1,MIN_DISTANCE,OK,18.915,10.852,,0,nearest_robot=robot6
81.000,original,-,robot2,MIN_DISTANCE,OK,13.021,10.852,,0,nearest_robot=robot3
81.000,original,-,robot3,MIN_DISTANCE,OK,3.923,10.852,,0,nearest_robot=robot4
81.000,original,-,robot4,MIN_DISTANCE,OK,3.923,10.852,,0,nearest_robot=robot3
81.000,original,-,robot5,MIN_DISTANCE,OK,11.705,10.852,,0,nearest_robot=robot4
81.000,original,-,robot6,MIN_DISTANCE,OK,13.623,10.852,,0,nearest_robot=robot5
81.000,original,-,fleet,MIN_DISTANCE_AVG,OK,10.852,,,0,robots_sampled=6
82.000,original,-,robot1,MIN_DISTANCE,OK,18.936,10.657,,0,nearest_robot=robot6
82.000,original,-,robot2,MIN_DISTANCE,OK,12.919,10.657,,0,nearest_robot=robot3
82.000,original,-,robot3,MIN_DISTANCE,OK,3.689,10.657,,0,nearest_robot=robot4
82.000,original,-,robot4,MIN_DISTANCE,OK,3.689,10.657,,0,nearest_robot=robot3
82.000,original,-,robot5,MIN_DISTANCE,OK,11.289,10.657,,0,nearest_robot=robot4
82.000,original,-,robot6,MIN_DISTANCE,OK,13.423,10.657,,0,nearest_robot=robot2
82.000,original,-,fleet,MIN_DISTANCE_AVG,OK,10.657,,,0,robots_sampled=6
83.000,original,-,fleet,REPLAN_FULL,OK,,,robot1|robot2|robot3|robot4|robot5|robot6,0,original_full_optimization
83.000,original,-,robot1,MIN_DISTANCE,OK,18.987,10.460,,0,nearest_robot=robot6
83.000,original,-,robot2,MIN_DISTANCE,OK,12.874,10.460,,0,nearest_robot=robot3
83.000,original,-,robot3,MIN_DISTANCE,OK,3.485,10.460,,0,nearest_robot=robot4
83.000,original,-,robot4,MIN_DISTANCE,OK,3.485,10.460,,0,nearest_robot=robot3
83.000,original,-,robot5,MIN_DISTANCE,OK,10.893,10.460,,0,nearest_robot=robot4
83.000,original,-,robot6,MIN_DISTANCE,OK,13.036,10.460,,0,nearest_robot=robot2
83.000,original,-,fleet,MIN_DISTANCE_AVG,OK,10.460,,,0,robots_sampled=6
84.000,original,-,robot1,MIN_DISTANCE,OK,19.196,10.241,,0,nearest_robot=robot6
84.000,original,-,robot2,MIN_DISTANCE,OK,12.535,10.241,,0,nearest_robot=robot6
84.000,original,-,robot3,MIN_DISTANCE,OK,3.307,10.241,,0,nearest_robot=robot4
84.000,original,-,robot4,MIN_DISTANCE,OK,3.307,10.241,,0,nearest_robot=robot3
84.000,original,-,robot5,MIN_DISTANCE,OK,10.567,10.241,,0,nearest_robot=robot4
84.000,original,-,robot6,MIN_DISTANCE,OK,12.535,10.241,,0,nearest_robot=robot2
84.000,original,-,fleet,MIN_DISTANCE_AVG,OK,10.241,,,0,robots_sampled=6
85.000,original,-,robot1,MIN_DISTANCE,OK,19.142,9.974,,0,nearest_robot=robot2
85.000,original,-,robot2,MIN_DISTANCE,OK,12.096,9.974,,0,nearest_robot=robot6
85.000,original,-,robot3,MIN_DISTANCE,OK,3.191,9.974,,0,nearest_robot=robot4
85.000,original,-,robot4,MIN_DISTANCE,OK,3.191,9.974,,0,nearest_robot=robot3
85.000,original,-,robot5,MIN_DISTANCE,OK,10.289,9.974,,0,nearest_robot=robot4
85.000,original,-,robot6,MIN_DISTANCE,OK,11.936,9.974,,0,nearest_robot=robot5
85.000,original,-,fleet,MIN_DISTANCE_AVG,OK,9.974,,,0,robots_sampled=6
86.000,original,-,robot1,MIN_DISTANCE,OK,18.960,9.686,,0,nearest_robot=robot2
86.000,original,-,robot2,MIN_DISTANCE,OK,11.738,9.686,,0,nearest_robot=robot6
86.000,original,-,robot3,MIN_DISTANCE,OK,3.084,9.686,,0,nearest_robot=robot4
86.000,original,-,robot4,MIN_DISTANCE,OK,3.084,9.686,,0,nearest_robot=robot3
86.000,original,-,robot5,MIN_DISTANCE,OK,10.131,9.686,,0,nearest_robot=robot4
86.000,original,-,robot6,MIN_DISTANCE,OK,11.120,9.686,,0,nearest_robot=robot5
86.000,original,-,fleet,MIN_DISTANCE_AVG,OK,9.686,,,0,robots_sampled=6
87.000,original,-,robot1,MIN_DISTANCE,OK,18.572,9.385,,0,nearest_robot=robot2
87.000,original,-,robot2,MIN_DISTANCE,OK,11.443,9.385,,0,nearest_robot=robot6
87.000,original,-,robot3,MIN_DISTANCE,OK,3.004,9.385,,0,nearest_robot=robot4
87.000,original,-,robot4,MIN_DISTANCE,OK,3.004,9.385,,0,nearest_robot=robot3
87.000,original,-,robot5,MIN_DISTANCE,OK,10.042,9.385,,0,nearest_robot=robot4
87.000,original,-,robot6,MIN_DISTANCE,OK,10.246,9.385,,0,nearest_robot=robot5
87.000,original,-,fleet,MIN_DISTANCE_AVG,OK,9.385,,,0,robots_sampled=6
88.000,original,-,robot1,MIN_DISTANCE,OK,18.327,9.063,,0,nearest_robot=robot2
88.000,original,-,robot2,MIN_DISTANCE,OK,11.296,9.063,,0,nearest_robot=robot6
88.000,original,-,robot3,MIN_DISTANCE,OK,2.957,9.063,,0,nearest_robot=robot4
88.000,original,-,robot4,MIN_DISTANCE,OK,2.957,9.063,,0,nearest_robot=robot3
88.000,original,-,robot5,MIN_DISTANCE,OK,9.421,9.063,,0,nearest_robot=robot6
88.000,original,-,robot6,MIN_DISTANCE,OK,9.421,9.063,,0,nearest_robot=robot5
88.000,original,-,fleet,MIN_DISTANCE_AVG,OK,9.063,,,0,robots_sampled=6
89.000,original,-,robot1,MIN_DISTANCE,OK,18.336,8.796,,0,nearest_robot=robot2
89.000,original,-,robot2,MIN_DISTANCE,OK,11.198,8.796,,0,nearest_robot=robot6
89.000,original,-,robot3,MIN_DISTANCE,OK,2.953,8.796,,0,nearest_robot=robot4
89.000,original,-,robot4,MIN_DISTANCE,OK,2.953,8.796,,0,nearest_robot=robot3
89.000,original,-,robot5,MIN_DISTANCE,OK,8.669,8.796,,0,nearest_robot=robot6
89.000,original,-,robot6,MIN_DISTANCE,OK,8.669,8.796,,0,nearest_robot=robot5
89.000,original,-,fleet,MIN_DISTANCE_AVG,OK,8.796,,,0,robots_sampled=6
90.000,original,-,robot1,MIN_DISTANCE,OK,18.445,8.621,,0,nearest_robot=robot2
90.000,original,-,robot2,MIN_DISTANCE,OK,11.100,8.621,,0,nearest_robot=robot6
90.000,original,-,robot3,MIN_DISTANCE,OK,2.991,8.621,,0,nearest_robot=robot4
90.000,original,-,robot4,MIN_DISTANCE,OK,2.991,8.621,,0,nearest_robot=robot3
90.000,original,-,robot5,MIN_DISTANCE,OK,8.101,8.621,,0,nearest_robot=robot6
90.000,original,-,robot6,MIN_DISTANCE,OK,8.101,8.621,,0,nearest_robot=robot5
90.000,original,-,fleet,MIN_DISTANCE_AVG,OK,8.621,,,0,robots_sampled=6
91.000,original,-,robot1,MIN_DISTANCE,OK,18.504,8.495,,0,nearest_robot=robot2
91.000,original,-,robot2,MIN_DISTANCE,OK,11.114,8.495,,0,nearest_robot=robot6
91.000,original,-,robot3,MIN_DISTANCE,OK,3.056,8.495,,0,nearest_robot=robot4
91.000,original,-,robot4,MIN_DISTANCE,OK,3.056,8.495,,0,nearest_robot=robot3
91.000,original,-,robot5,MIN_DISTANCE,OK,7.619,8.495,,0,nearest_robot=robot6
91.000,original,-,robot6,MIN_DISTANCE,OK,7.619,8.495,,0,nearest_robot=robot5
91.000,original,-,fleet,MIN_DISTANCE_AVG,OK,8.495,,,0,robots_sampled=6
92.000,original,-,robot1,MIN_DISTANCE,OK,18.315,8.353,,0,nearest_robot=robot2
92.000,original,-,robot2,MIN_DISTANCE,OK,11.127,8.353,,0,nearest_robot=robot6
92.000,original,-,robot3,MIN_DISTANCE,OK,3.159,8.353,,0,nearest_robot=robot4
92.000,original,-,robot4,MIN_DISTANCE,OK,3.159,8.353,,0,nearest_robot=robot3
92.000,original,-,robot5,MIN_DISTANCE,OK,7.180,8.353,,0,nearest_robot=robot6
92.000,original,-,robot6,MIN_DISTANCE,OK,7.180,8.353,,0,nearest_robot=robot5
92.000,original,-,fleet,MIN_DISTANCE_AVG,OK,8.353,,,0,robots_sampled=6
93.000,original,-,robot1,MIN_DISTANCE,OK,18.314,8.258,,0,nearest_robot=robot2
93.000,original,-,robot2,MIN_DISTANCE,OK,11.132,8.258,,0,nearest_robot=robot6
93.000,original,-,robot3,MIN_DISTANCE,OK,3.297,8.258,,0,nearest_robot=robot4
93.000,original,-,robot4,MIN_DISTANCE,OK,3.297,8.258,,0,nearest_robot=robot3
93.000,original,-,robot5,MIN_DISTANCE,OK,6.754,8.258,,0,nearest_robot=robot6
93.000,original,-,robot6,MIN_DISTANCE,OK,6.754,8.258,,0,nearest_robot=robot5
93.000,original,-,fleet,MIN_DISTANCE_AVG,OK,8.258,,,0,robots_sampled=6
94.000,original,-,robot1,MIN_DISTANCE,OK,18.315,8.176,,0,nearest_robot=robot2
94.000,original,-,robot2,MIN_DISTANCE,OK,11.132,8.176,,0,nearest_robot=robot6
94.000,original,-,robot3,MIN_DISTANCE,OK,3.455,8.176,,0,nearest_robot=robot4
94.000,original,-,robot4,MIN_DISTANCE,OK,3.455,8.176,,0,nearest_robot=robot3
94.000,original,-,robot5,MIN_DISTANCE,OK,6.349,8.176,,0,nearest_robot=robot6
94.000,original,-,robot6,MIN_DISTANCE,OK,6.349,8.176,,0,nearest_robot=robot5
94.000,original,-,fleet,MIN_DISTANCE_AVG,OK,8.176,,,0,robots_sampled=6
95.000,original,-,robot1,MIN_DISTANCE,OK,18.315,8.084,,0,nearest_robot=robot2
95.000,original,-,robot2,MIN_DISTANCE,OK,11.132,8.084,,0,nearest_robot=robot6
95.000,original,-,robot3,MIN_DISTANCE,OK,3.625,8.084,,0,nearest_robot=robot4
95.000,original,-,robot4,MIN_DISTANCE,OK,3.625,8.084,,0,nearest_robot=robot3
95.000,original,-,robot5,MIN_DISTANCE,OK,5.905,8.084,,0,nearest_robot=robot6
95.000,original,-,robot6,MIN_DISTANCE,OK,5.905,8.084,,0,nearest_robot=robot5
95.000,original,-,fleet,MIN_DISTANCE_AVG,OK,8.084,,,0,robots_sampled=6
96.000,original,-,robot1,MIN_DISTANCE,OK,18.315,8.006,,0,nearest_robot=robot2
96.000,original,-,robot2,MIN_DISTANCE,OK,11.045,8.006,,0,nearest_robot=robot4
96.000,original,-,robot3,MIN_DISTANCE,OK,3.831,8.006,,0,nearest_robot=robot4
96.000,original,-,robot4,MIN_DISTANCE,OK,3.831,8.006,,0,nearest_robot=robot3
96.000,original,-,robot5,MIN_DISTANCE,OK,5.509,8.006,,0,nearest_robot=robot6
96.000,original,-,robot6,MIN_DISTANCE,OK,5.509,8.006,,0,nearest_robot=robot5
96.000,original,-,fleet,MIN_DISTANCE_AVG,OK,8.006,,,0,robots_sampled=6
97.000,original,-,robot1,MIN_DISTANCE,OK,18.315,7.872,,0,nearest_robot=robot2
97.000,original,-,robot2,MIN_DISTANCE,OK,10.605,7.872,,0,nearest_robot=robot4
97.000,original,-,robot3,MIN_DISTANCE,OK,4.086,7.872,,0,nearest_robot=robot4
97.000,original,-,robot4,MIN_DISTANCE,OK,4.086,7.872,,0,nearest_robot=robot3
97.000,original,-,robot5,MIN_DISTANCE,OK,5.071,7.872,,0,nearest_robot=robot6
97.000,original,-,robot6,MIN_DISTANCE,OK,5.071,7.872,,0,nearest_robot=robot5
97.000,original,-,fleet,MIN_DISTANCE_AVG,OK,7.872,,,0,robots_sampled=6
98.000,original,-,robot1,MIN_DISTANCE,OK,18.315,7.766,,0,nearest_robot=robot2
98.000,original,-,robot2,MIN_DISTANCE,OK,10.169,7.766,,0,nearest_robot=robot4
98.000,original,-,robot3,MIN_DISTANCE,OK,4.382,7.766,,0,nearest_robot=robot4
98.000,original,-,robot4,MIN_DISTANCE,OK,4.382,7.766,,0,nearest_robot=robot3
98.000,original,-,robot5,MIN_DISTANCE,OK,4.674,7.766,,0,nearest_robot=robot6
98.000,original,-,robot6,MIN_DISTANCE,OK,4.674,7.766,,0,nearest_robot=robot5
98.000,original,-,fleet,MIN_DISTANCE_AVG,OK,7.766,,,0,robots_sampled=6
99.000,original,-,robot1,MIN_DISTANCE,OK,18.315,7.667,,0,nearest_robot=robot2
99.000,original,-,robot2,MIN_DISTANCE,OK,9.726,7.667,,0,nearest_robot=robot4
99.000,original,-,robot3,MIN_DISTANCE,OK,4.719,7.667,,0,nearest_robot=robot4
99.000,original,-,robot4,MIN_DISTANCE,OK,4.719,7.667,,0,nearest_robot=robot3
99.000,original,-,robot5,MIN_DISTANCE,OK,4.260,7.667,,0,nearest_robot=robot6
99.000,original,-,robot6,MIN_DISTANCE,OK,4.260,7.667,,0,nearest_robot=robot5
99.000,original,-,fleet,MIN_DISTANCE_AVG,OK,7.667,,,0,robots_sampled=6
100.000,original,-,robot1,MIN_DISTANCE,OK,18.314,7.561,,0,nearest_robot=robot2
100.000,original,-,robot2,MIN_DISTANCE,OK,9.279,7.561,,0,nearest_robot=robot4
100.000,original,-,robot3,MIN_DISTANCE,OK,5.069,7.561,,0,nearest_robot=robot4
100.000,original,-,robot4,MIN_DISTANCE,OK,5.069,7.561,,0,nearest_robot=robot3
100.000,original,-,robot5,MIN_DISTANCE,OK,3.818,7.561,,0,nearest_robot=robot6
100.000,original,-,robot6,MIN_DISTANCE,OK,3.818,7.561,,0,nearest_robot=robot5
100.000,original,-,fleet,MIN_DISTANCE_AVG,OK,7.561,,,0,robots_sampled=6
101.000,original,-,robot1,MIN_DISTANCE,OK,18.314,7.476,,0,nearest_robot=robot2
101.000,original,-,robot2,MIN_DISTANCE,OK,8.840,7.476,,0,nearest_robot=robot4
101.000,original,-,robot3,MIN_DISTANCE,OK,5.439,7.476,,0,nearest_robot=robot4
101.000,original,-,robot4,MIN_DISTANCE,OK,5.439,7.476,,0,nearest_robot=robot3
101.000,original,-,robot5,MIN_DISTANCE,OK,3.410,7.476,,0,nearest_robot=robot6
101.000,original,-,robot6,MIN_DISTANCE,OK,3.410,7.476,,0,nearest_robot=robot5
101.000,original,-,fleet,MIN_DISTANCE_AVG,OK,7.476,,,0,robots_sampled=6
102.000,original,-,robot1,MIN_DISTANCE,OK,18.314,7.397,,0,nearest_robot=robot2
102.000,original,-,robot2,MIN_DISTANCE,OK,8.417,7.397,,0,nearest_robot=robot4
102.000,original,-,robot3,MIN_DISTANCE,OK,5.820,7.397,,0,nearest_robot=robot4
102.000,original,-,robot4,MIN_DISTANCE,OK,5.820,7.397,,0,nearest_robot=robot3
102.000,original,-,robot5,MIN_DISTANCE,OK,3.005,7.397,,0,nearest_robot=robot6
102.000,original,-,robot6,MIN_DISTANCE,OK,3.005,7.397,,0,nearest_robot=robot5
102.000,original,-,fleet,MIN_DISTANCE_AVG,OK,7.397,,,0,robots_sampled=6
103.000,original,-,robot1,MIN_DISTANCE,OK,18.314,7.330,,0,nearest_robot=robot2
103.000,original,-,robot2,MIN_DISTANCE,OK,7.983,7.330,,0,nearest_robot=robot4
103.000,original,-,robot3,MIN_DISTANCE,OK,6.226,7.330,,0,nearest_robot=robot4
103.000,original,-,robot4,MIN_DISTANCE,OK,6.226,7.330,,0,nearest_robot=robot3
103.000,original,-,robot5,MIN_DISTANCE,OK,2.614,7.330,,0,nearest_robot=robot6
103.000,original,-,robot6,MIN_DISTANCE,OK,2.614,7.330,,0,nearest_robot=robot5
103.000,original,-,fleet,MIN_DISTANCE_AVG,OK,7.330,,,0,robots_sampled=6
104.000,original,-,robot1,MIN_DISTANCE,OK,18.314,7.249,,0,nearest_robot=robot2
104.000,original,-,robot2,MIN_DISTANCE,OK,7.590,7.249,,0,nearest_robot=robot4
104.000,original,-,robot3,MIN_DISTANCE,OK,6.601,7.249,,0,nearest_robot=robot4
104.000,original,-,robot4,MIN_DISTANCE,OK,6.601,7.249,,0,nearest_robot=robot3
104.000,original,-,robot5,MIN_DISTANCE,OK,2.193,7.249,,0,nearest_robot=robot6
104.000,original,-,robot6,MIN_DISTANCE,OK,2.193,7.249,,0,nearest_robot=robot5
104.000,original,-,fleet,MIN_DISTANCE_AVG,OK,7.249,,,0,robots_sampled=6
105.000,original,-,robot1,MIN_DISTANCE,OK,18.314,7.170,,0,nearest_robot=robot2
105.000,original,-,robot2,MIN_DISTANCE,OK,7.165,7.170,,0,nearest_robot=robot4
105.000,original,-,robot3,MIN_DISTANCE,OK,6.981,7.170,,0,nearest_robot=robot4
105.000,original,-,robot4,MIN_DISTANCE,OK,6.981,7.170,,0,nearest_robot=robot3
105.000,original,-,robot5,MIN_DISTANCE,OK,1.788,7.170,,0,nearest_robot=robot6
105.000,original,-,robot6,MIN_DISTANCE,OK,1.788,7.170,,0,nearest_robot=robot5
105.000,original,-,fleet,MIN_DISTANCE_AVG,OK,7.170,,,0,robots_sampled=6
106.000,original,-,robot1,MIN_DISTANCE,OK,18.314,6.991,,0,nearest_robot=robot2
106.000,original,-,robot2,MIN_DISTANCE,OK,6.777,6.991,,0,nearest_robot=robot4
106.000,original,-,robot3,MIN_DISTANCE,OK,7.353,6.991,,0,nearest_robot=robot4
106.000,original,-,robot4,MIN_DISTANCE,OK,6.777,6.991,,0,nearest_robot=robot2
106.000,original,-,robot5,MIN_DISTANCE,OK,1.364,6.991,,0,nearest_robot=robot6
106.000,original,-,robot6,MIN_DISTANCE,OK,1.364,6.991,,0,nearest_robot=robot5
106.000,original,-,fleet,MIN_DISTANCE_AVG,OK,6.991,,,0,robots_sampled=6
107.000,original,-,robot1,MIN_DISTANCE,OK,18.314,6.797,,0,nearest_robot=robot2
107.000,original,-,robot2,MIN_DISTANCE,OK,6.383,6.797,,0,nearest_robot=robot4
107.000,original,-,robot3,MIN_DISTANCE,OK,7.748,6.797,,0,nearest_robot=robot4
107.000,original,-,robot4,MIN_DISTANCE,OK,6.383,6.797,,0,nearest_robot=robot2
107.000,original,-,robot5,MIN_DISTANCE,OK,0.978,6.797,,0,nearest_robot=robot6
107.000,original,-,robot6,MIN_DISTANCE,OK,0.978,6.797,,0,nearest_robot=robot5
107.000,original,-,fleet,MIN_DISTANCE_AVG,OK,6.797,,,0,robots_sampled=6
108.000,original,-,robot1,MIN_DISTANCE,OK,18.314,6.646,,0,nearest_robot=robot2
108.000,original,-,robot2,MIN_DISTANCE,OK,6.003,6.646,,0,nearest_robot=robot4
108.000,original,-,robot3,MIN_DISTANCE,OK,8.122,6.646,,0,nearest_robot=robot4
108.000,original,-,robot4,MIN_DISTANCE,OK,6.003,6.646,,0,nearest_robot=robot2
108.000,original,-,robot5,MIN_DISTANCE,OK,0.717,6.646,,0,nearest_robot=robot6
108.000,original,-,robot6,MIN_DISTANCE,OK,0.717,6.646,,0,nearest_robot=robot5
108.000,original,-,fleet,MIN_DISTANCE_AVG,OK,6.646,,,0,robots_sampled=6
109.000,original,-,robot1,MIN_DISTANCE,OK,18.313,6.589,,0,nearest_robot=robot2
109.000,original,-,robot2,MIN_DISTANCE,OK,5.588,6.589,,0,nearest_robot=robot4
109.000,original,-,robot3,MIN_DISTANCE,OK,8.554,6.589,,0,nearest_robot=robot4
109.000,original,-,robot4,MIN_DISTANCE,OK,5.588,6.589,,0,nearest_robot=robot2
109.000,original,-,robot5,MIN_DISTANCE,OK,0.745,6.589,,0,nearest_robot=robot6
109.000,original,-,robot6,MIN_DISTANCE,OK,0.745,6.589,,0,nearest_robot=robot5
109.000,original,-,fleet,MIN_DISTANCE_AVG,OK,6.589,,,0,robots_sampled=6
110.000,original,-,robot1,MIN_DISTANCE,OK,18.313,6.563,,0,nearest_robot=robot2
110.000,original,-,robot2,MIN_DISTANCE,OK,5.183,6.563,,0,nearest_robot=robot4
110.000,original,-,robot3,MIN_DISTANCE,OK,8.974,6.563,,0,nearest_robot=robot4
110.000,original,-,robot4,MIN_DISTANCE,OK,5.183,6.563,,0,nearest_robot=robot2
110.000,original,-,robot5,MIN_DISTANCE,OK,0.861,6.563,,0,nearest_robot=robot6
110.000,original,-,robot6,MIN_DISTANCE,OK,0.861,6.563,,0,nearest_robot=robot5
110.000,original,-,fleet,MIN_DISTANCE_AVG,OK,6.563,,,0,robots_sampled=6
110.070,original,-,fleet,CHOMP_TIME_FULL,OK,,32.411,,0,iterations=100;iterations_executed=100;source=algorithm;round_trip=32.437129
111.000,original,-,fleet,REPLAN_FULL,OK,,,robot1|robot2|robot3|robot4|robot5|robot6,0,original_full_optimization
111.000,original,-,robot1,MIN_DISTANCE,OK,18.313,6.498,,0,nearest_robot=robot2
111.000,original,-,robot2,MIN_DISTANCE,OK,4.791,6.498,,0,nearest_robot=robot4
111.000,original,-,robot3,MIN_DISTANCE,OK,9.378,6.498,,0,nearest_robot=robot4
111.000,original,-,robot4,MIN_DISTANCE,OK,4.791,6.498,,0,nearest_robot=robot2
111.000,original,-,robot5,MIN_DISTANCE,OK,0.858,6.498,,0,nearest_robot=robot6
111.000,original,-,robot6,MIN_DISTANCE,OK,0.858,6.498,,0,nearest_robot=robot5
111.000,original,-,fleet,MIN_DISTANCE_AVG,OK,6.498,,,0,robots_sampled=6
112.000,original,-,robot1,MIN_DISTANCE,OK,18.313,6.442,,0,nearest_robot=robot2
112.000,original,-,robot2,MIN_DISTANCE,OK,4.440,6.442,,0,nearest_robot=robot4
112.000,original,-,robot3,MIN_DISTANCE,OK,9.746,6.442,,0,nearest_robot=robot4
112.000,original,-,robot4,MIN_DISTANCE,OK,4.440,6.442,,0,nearest_robot=robot2
112.000,original,-,robot5,MIN_DISTANCE,OK,0.857,6.442,,0,nearest_robot=robot6
112.000,original,-,robot6,MIN_DISTANCE,OK,0.857,6.442,,0,nearest_robot=robot5
112.000,original,-,fleet,MIN_DISTANCE_AVG,OK,6.442,,,0,robots_sampled=6
113.000,original,-,robot1,MIN_DISTANCE,OK,18.313,6.389,,0,nearest_robot=robot2
113.000,original,-,robot2,MIN_DISTANCE,OK,4.100,6.389,,0,nearest_robot=robot4
113.000,original,-,robot3,MIN_DISTANCE,OK,10.107,6.389,,0,nearest_robot=robot4
113.000,original,-,robot4,MIN_DISTANCE,OK,4.100,6.389,,0,nearest_robot=robot2
113.000,original,-,robot5,MIN_DISTANCE,OK,0.857,6.389,,0,nearest_robot=robot6
113.000,original,-,robot6,MIN_DISTANCE,OK,0.857,6.389,,0,nearest_robot=robot5
113.000,original,-,fleet,MIN_DISTANCE_AVG,OK,6.389,,,0,robots_sampled=6
114.000,original,-,robot1,MIN_DISTANCE,OK,18.313,6.338,,0,nearest_robot=robot2
114.000,original,-,robot2,MIN_DISTANCE,OK,3.780,6.338,,0,nearest_robot=robot4
114.000,original,-,robot3,MIN_DISTANCE,OK,10.442,6.338,,0,nearest_robot=robot4
114.000,original,-,robot4,MIN_DISTANCE,OK,3.780,6.338,,0,nearest_robot=robot2
114.000,original,-,robot5,MIN_DISTANCE,OK,0.857,6.338,,0,nearest_robot=robot6
114.000,original,-,robot6,MIN_DISTANCE,OK,0.857,6.338,,0,nearest_robot=robot5
114.000,original,-,fleet,MIN_DISTANCE_AVG,OK,6.338,,,0,robots_sampled=6
115.000,original,-,robot1,MIN_DISTANCE,OK,18.313,6.287,,0,nearest_robot=robot2
115.000,original,-,robot2,MIN_DISTANCE,OK,3.457,6.287,,0,nearest_robot=robot4
115.000,original,-,robot3,MIN_DISTANCE,OK,10.782,6.287,,0,nearest_robot=robot4
115.000,original,-,robot4,MIN_DISTANCE,OK,3.457,6.287,,0,nearest_robot=robot2
115.000,original,-,robot5,MIN_DISTANCE,OK,0.857,6.287,,0,nearest_robot=robot6
115.000,original,-,robot6,MIN_DISTANCE,OK,0.857,6.287,,0,nearest_robot=robot5
115.000,original,-,fleet,MIN_DISTANCE_AVG,OK,6.287,,,0,robots_sampled=6
116.000,original,-,robot1,MIN_DISTANCE,OK,18.313,6.236,,0,nearest_robot=robot2
116.000,original,-,robot2,MIN_DISTANCE,OK,3.138,6.236,,0,nearest_robot=robot4
116.000,original,-,robot3,MIN_DISTANCE,OK,11.115,6.236,,0,nearest_robot=robot4
116.000,original,-,robot4,MIN_DISTANCE,OK,3.138,6.236,,0,nearest_robot=robot2
116.000,original,-,robot5,MIN_DISTANCE,OK,0.857,6.236,,0,nearest_robot=robot6
116.000,original,-,robot6,MIN_DISTANCE,OK,0.857,6.236,,0,nearest_robot=robot5
116.000,original,-,fleet,MIN_DISTANCE_AVG,OK,6.236,,,0,robots_sampled=6
117.000,original,-,robot1,MIN_DISTANCE,OK,18.313,6.179,,0,nearest_robot=robot2
117.000,original,-,robot2,MIN_DISTANCE,OK,2.799,6.179,,0,nearest_robot=robot4
117.000,original,-,robot3,MIN_DISTANCE,OK,11.450,6.179,,0,nearest_robot=robot4
117.000,original,-,robot4,MIN_DISTANCE,OK,2.799,6.179,,0,nearest_robot=robot2
117.000,original,-,robot5,MIN_DISTANCE,OK,0.857,6.179,,0,nearest_robot=robot6
117.000,original,-,robot6,MIN_DISTANCE,OK,0.857,6.179,,0,nearest_robot=robot5
117.000,original,-,fleet,MIN_DISTANCE_AVG,OK,6.179,,,0,robots_sampled=6
118.000,original,-,robot1,MIN_DISTANCE,OK,18.312,6.103,,0,nearest_robot=robot2
118.000,original,-,robot2,MIN_DISTANCE,OK,2.438,6.103,,0,nearest_robot=robot4
118.000,original,-,robot3,MIN_DISTANCE,OK,11.720,6.103,,0,nearest_robot=robot4
118.000,original,-,robot4,MIN_DISTANCE,OK,2.438,6.103,,0,nearest_robot=robot2
118.000,original,-,robot5,MIN_DISTANCE,OK,0.857,6.103,,0,nearest_robot=robot6
118.000,original,-,robot6,MIN_DISTANCE,OK,0.857,6.103,,0,nearest_robot=robot5
118.000,original,-,fleet,MIN_DISTANCE_AVG,OK,6.103,,,0,robots_sampled=6
119.000,original,-,robot1,MIN_DISTANCE,OK,18.312,6.009,,0,nearest_robot=robot2
119.000,original,-,robot2,MIN_DISTANCE,OK,2.005,6.009,,0,nearest_robot=robot4
119.000,original,-,robot3,MIN_DISTANCE,OK,12.019,6.009,,0,nearest_robot=robot4
119.000,original,-,robot4,MIN_DISTANCE,OK,2.005,6.009,,0,nearest_robot=robot2
119.000,original,-,robot5,MIN_DISTANCE,OK,0.856,6.009,,0,nearest_robot=robot6
119.000,original,-,robot6,MIN_DISTANCE,OK,0.856,6.009,,0,nearest_robot=robot5
119.000,original,-,fleet,MIN_DISTANCE_AVG,OK,6.009,,,0,robots_sampled=6
120.000,original,-,robot1,MIN_DISTANCE,OK,18.312,5.929,,0,nearest_robot=robot2
120.000,original,-,robot2,MIN_DISTANCE,OK,1.593,5.929,,0,nearest_robot=robot4
120.000,original,-,robot3,MIN_DISTANCE,OK,12.362,5.929,,0,nearest_robot=robot4
120.000,original,-,robot4,MIN_DISTANCE,OK,1.593,5.929,,0,nearest_robot=robot2
120.000,original,-,robot5,MIN_DISTANCE,OK,0.856,5.929,,0,nearest_robot=robot6
120.000,original,-,robot6,MIN_DISTANCE,OK,0.856,5.929,,0,nearest_robot=robot5
120.000,original,-,fleet,MIN_DISTANCE_AVG,OK,5.929,,,0,robots_sampled=6
121.000,original,-,robot1,MIN_DISTANCE,OK,18.312,5.871,,0,nearest_robot=robot2
121.000,original,-,robot2,MIN_DISTANCE,OK,1.270,5.871,,0,nearest_robot=robot4
121.000,original,-,robot3,MIN_DISTANCE,OK,12.662,5.871,,0,nearest_robot=robot4
121.000,original,-,robot4,MIN_DISTANCE,OK,1.270,5.871,,0,nearest_robot=robot2
121.000,original,-,robot5,MIN_DISTANCE,OK,0.856,5.871,,0,nearest_robot=robot6
121.000,original,-,robot6,MIN_DISTANCE,OK,0.856,5.871,,0,nearest_robot=robot5
121.000,original,-,fleet,MIN_DISTANCE_AVG,OK,5.871,,,0,robots_sampled=6
122.000,original,-,robot1,MIN_DISTANCE,OK,18.312,5.828,,0,nearest_robot=robot2
122.000,original,-,robot2,MIN_DISTANCE,OK,1.088,5.828,,0,nearest_robot=robot4
122.000,original,-,robot3,MIN_DISTANCE,OK,12.766,5.828,,0,nearest_robot=robot4
122.000,original,-,robot4,MIN_DISTANCE,OK,1.088,5.828,,0,nearest_robot=robot2
122.000,original,-,robot5,MIN_DISTANCE,OK,0.856,5.828,,0,nearest_robot=robot6
122.000,original,-,robot6,MIN_DISTANCE,OK,0.856,5.828,,0,nearest_robot=robot5
122.000,original,-,fleet,MIN_DISTANCE_AVG,OK,5.828,,,0,robots_sampled=6
123.000,original,-,robot1,MIN_DISTANCE,OK,18.312,5.820,,0,nearest_robot=robot2
123.000,original,-,robot2,MIN_DISTANCE,OK,1.040,5.820,,0,nearest_robot=robot4
123.000,original,-,robot3,MIN_DISTANCE,OK,12.816,5.820,,0,nearest_robot=robot4
123.000,original,-,robot4,MIN_DISTANCE,OK,1.040,5.820,,0,nearest_robot=robot2
123.000,original,-,robot5,MIN_DISTANCE,OK,0.856,5.820,,0,nearest_robot=robot6
123.000,original,-,robot6,MIN_DISTANCE,OK,0.856,5.820,,0,nearest_robot=robot5
123.000,original,-,fleet,MIN_DISTANCE_AVG,OK,5.820,,,0,robots_sampled=6
124.000,original,-,robot1,MIN_DISTANCE,OK,18.312,5.822,,0,nearest_robot=robot2
124.000,original,-,robot2,MIN_DISTANCE,OK,1.039,5.822,,0,nearest_robot=robot4
124.000,original,-,robot3,MIN_DISTANCE,OK,12.832,5.822,,0,nearest_robot=robot4
124.000,original,-,robot4,MIN_DISTANCE,OK,1.039,5.822,,0,nearest_robot=robot2
124.000,original,-,robot5,MIN_DISTANCE,OK,0.856,5.822,,0,nearest_robot=robot6
124.000,original,-,robot6,MIN_DISTANCE,OK,0.856,5.822,,0,nearest_robot=robot5
124.000,original,-,fleet,MIN_DISTANCE_AVG,OK,5.822,,,0,robots_sampled=6
125.000,original,-,robot1,MIN_DISTANCE,OK,18.312,5.820,,0,nearest_robot=robot2
125.000,original,-,robot2,MIN_DISTANCE,OK,1.026,5.820,,0,nearest_robot=robot4
125.000,original,-,robot3,MIN_DISTANCE,OK,12.845,5.820,,0,nearest_robot=robot4
125.000,original,-,robot4,MIN_DISTANCE,OK,1.026,5.820,,0,nearest_robot=robot2
125.000,original,-,robot5,MIN_DISTANCE,OK,0.856,5.820,,0,nearest_robot=robot6
125.000,original,-,robot6,MIN_DISTANCE,OK,0.856,5.820,,0,nearest_robot=robot5
125.000,original,-,fleet,MIN_DISTANCE_AVG,OK,5.820,,,0,robots_sampled=6
126.000,original,-,robot1,MIN_DISTANCE,OK,18.311,5.820,,0,nearest_robot=robot2
126.000,original,-,robot2,MIN_DISTANCE,OK,1.026,5.820,,0,nearest_robot=robot4
126.000,original,-,robot3,MIN_DISTANCE,OK,12.846,5.820,,0,nearest_robot=robot4
126.000,original,-,robot4,MIN_DISTANCE,OK,1.026,5.820,,0,nearest_robot=robot2
126.000,original,-,robot5,MIN_DISTANCE,OK,0.855,5.820,,0,nearest_robot=robot6
126.000,original,-,robot6,MIN_DISTANCE,OK,0.855,5.820,,0,nearest_robot=robot5
126.000,original,-,fleet,MIN_DISTANCE_AVG,OK,5.820,,,0,robots_sampled=6
127.000,original,-,robot1,MIN_DISTANCE,OK,18.311,5.820,,0,nearest_robot=robot2
127.000,original,-,robot2,MIN_DISTANCE,OK,1.026,5.820,,0,nearest_robot=robot4
127.000,original,-,robot3,MIN_DISTANCE,OK,12.846,5.820,,0,nearest_robot=robot4
127.000,original,-,robot4,MIN_DISTANCE,OK,1.026,5.820,,0,nearest_robot=robot2
127.000,original,-,robot5,MIN_DISTANCE,OK,0.855,5.820,,0,nearest_robot=robot6
127.000,original,-,robot6,MIN_DISTANCE,OK,0.855,5.820,,0,nearest_robot=robot5
127.000,original,-,fleet,MIN_DISTANCE_AVG,OK,5.820,,,0,robots_sampled=6
128.000,original,-,robot1,MIN_DISTANCE,OK,18.311,5.820,,0,nearest_robot=robot2
128.000,original,-,robot2,MIN_DISTANCE,OK,1.026,5.820,,0,nearest_robot=robot4
128.000,original,-,robot3,MIN_DISTANCE,OK,12.846,5.820,,0,nearest_robot=robot4
128.000,original,-,robot4,MIN_DISTANCE,OK,1.026,5.820,,0,nearest_robot=robot2
128.000,original,-,robot5,MIN_DISTANCE,OK,0.855,5.820,,0,nearest_robot=robot6
128.000,original,-,robot6,MIN_DISTANCE,OK,0.855,5.820,,0,nearest_robot=robot5
128.000,original,-,fleet,MIN_DISTANCE_AVG,OK,5.820,,,0,robots_sampled=6
129.000,original,-,robot1,MIN_DISTANCE,OK,18.311,5.820,,0,nearest_robot=robot2
129.000,original,-,robot2,MIN_DISTANCE,OK,1.026,5.820,,0,nearest_robot=robot4
129.000,original,-,robot3,MIN_DISTANCE,OK,12.846,5.820,,0,nearest_robot=robot4
129.000,original,-,robot4,MIN_DISTANCE,OK,1.026,5.820,,0,nearest_robot=robot2
129.000,original,-,robot5,MIN_DISTANCE,OK,0.855,5.820,,0,nearest_robot=robot6
129.000,original,-,robot6,MIN_DISTANCE,OK,0.855,5.820,,0,nearest_robot=robot5
129.000,original,-,fleet,MIN_DISTANCE_AVG,OK,5.820,,,0,robots_sampled=6
130.000,original,-,robot1,MIN_DISTANCE,OK,18.311,5.820,,0,nearest_robot=robot2
130.000,original,-,robot2,MIN_DISTANCE,OK,1.026,5.820,,0,nearest_robot=robot4
130.000,original,-,robot3,MIN_DISTANCE,OK,12.846,5.820,,0,nearest_robot=robot4
130.000,original,-,robot4,MIN_DISTANCE,OK,1.026,5.820,,0,nearest_robot=robot2
130.000,original,-,robot5,MIN_DISTANCE,OK,0.855,5.820,,0,nearest_robot=robot6
130.000,original,-,robot6,MIN_DISTANCE,OK,0.855,5.820,,0,nearest_robot=robot5
130.000,original,-,fleet,MIN_DISTANCE_AVG,OK,5.820,,,0,robots_sampled=6
131.000,original,-,robot1,MIN_DISTANCE,OK,18.311,5.820,,0,nearest_robot=robot2
131.000,original,-,robot2,MIN_DISTANCE,OK,1.026,5.820,,0,nearest_robot=robot4
131.000,original,-,robot3,MIN_DISTANCE,OK,12.846,5.820,,0,nearest_robot=robot4
131.000,original,-,robot4,MIN_DISTANCE,OK,1.026,5.820,,0,nearest_robot=robot2
131.000,original,-,robot5,MIN_DISTANCE,OK,0.855,5.820,,0,nearest_robot=robot6
131.000,original,-,robot6,MIN_DISTANCE,OK,0.855,5.820,,0,nearest_robot=robot5
131.000,original,-,fleet,MIN_DISTANCE_AVG,OK,5.820,,,0,robots_sampled=6
132.000,original,-,robot1,MIN_DISTANCE,OK,18.311,5.820,,0,nearest_robot=robot2
132.000,original,-,robot2,MIN_DISTANCE,OK,1.026,5.820,,0,nearest_robot=robot4
132.000,original,-,robot3,MIN_DISTANCE,OK,12.846,5.820,,0,nearest_robot=robot4
132.000,original,-,robot4,MIN_DISTANCE,OK,1.026,5.820,,0,nearest_robot=robot2
132.000,original,-,robot5,MIN_DISTANCE,OK,0.855,5.820,,0,nearest_robot=robot6
132.000,original,-,robot6,MIN_DISTANCE,OK,0.855,5.820,,0,nearest_robot=robot5
132.000,original,-,fleet,MIN_DISTANCE_AVG,OK,5.820,,,0,robots_sampled=6
133.000,original,-,robot1,MIN_DISTANCE,OK,18.311,5.820,,0,nearest_robot=robot2
133.000,original,-,robot2,MIN_DISTANCE,OK,1.026,5.820,,0,nearest_robot=robot4
133.000,original,-,robot3,MIN_DISTANCE,OK,12.846,5.820,,0,nearest_robot=robot4
133.000,original,-,robot4,MIN_DISTANCE,OK,1.026,5.820,,0,nearest_robot=robot2
133.000,original,-,robot5,MIN_DISTANCE,OK,0.854,5.820,,0,nearest_robot=robot6
133.000,original,-,robot6,MIN_DISTANCE,OK,0.854,5.820,,0,nearest_robot=robot5
133.000,original,-,fleet,MIN_DISTANCE_AVG,OK,5.820,,,0,robots_sampled=6
134.000,original,-,robot1,MIN_DISTANCE,OK,18.311,5.820,,0,nearest_robot=robot2
134.000,original,-,robot2,MIN_DISTANCE,OK,1.026,5.820,,0,nearest_robot=robot4
134.000,original,-,robot3,MIN_DISTANCE,OK,12.846,5.820,,0,nearest_robot=robot4
134.000,original,-,robot4,MIN_DISTANCE,OK,1.026,5.820,,0,nearest_robot=robot2
134.000,original,-,robot5,MIN_DISTANCE,OK,0.854,5.820,,0,nearest_robot=robot6
134.000,original,-,robot6,MIN_DISTANCE,OK,0.854,5.820,,0,nearest_robot=robot5
134.000,original,-,fleet,MIN_DISTANCE_AVG,OK,5.820,,,0,robots_sampled=6
135.000,original,-,robot1,MIN_DISTANCE,OK,18.310,5.819,,0,nearest_robot=robot2
135.000,original,-,robot2,MIN_DISTANCE,OK,1.026,5.819,,0,nearest_robot=robot4
135.000,original,-,robot3,MIN_DISTANCE,OK,12.846,5.819,,0,nearest_robot=robot4
135.000,original,-,robot4,MIN_DISTANCE,OK,1.026,5.819,,0,nearest_robot=robot2
135.000,original,-,robot5,MIN_DISTANCE,OK,0.854,5.819,,0,nearest_robot=robot6
135.000,original,-,robot6,MIN_DISTANCE,OK,0.854,5.819,,0,nearest_robot=robot5
135.000,original,-,fleet,MIN_DISTANCE_AVG,OK,5.819,,,0,robots_sampled=6
136.000,original,-,robot1,MIN_DISTANCE,OK,18.310,5.819,,0,nearest_robot=robot2
136.000,original,-,robot2,MIN_DISTANCE,OK,1.026,5.819,,0,nearest_robot=robot4
136.000,original,-,robot3,MIN_DISTANCE,OK,12.847,5.819,,0,nearest_robot=robot4
136.000,original,-,robot4,MIN_DISTANCE,OK,1.026,5.819,,0,nearest_robot=robot2
136.000,original,-,robot5,MIN_DISTANCE,OK,0.854,5.819,,0,nearest_robot=robot6
136.000,original,-,robot6,MIN_DISTANCE,OK,0.854,5.819,,0,nearest_robot=robot5
136.000,original,-,fleet,MIN_DISTANCE_AVG,OK,5.819,,,0,robots_sampled=6
137.000,original,-,robot1,MIN_DISTANCE,OK,18.310,5.819,,0,nearest_robot=robot2
137.000,original,-,robot2,MIN_DISTANCE,OK,1.026,5.819,,0,nearest_robot=robot4
137.000,original,-,robot3,MIN_DISTANCE,OK,12.847,5.819,,0,nearest_robot=robot4
137.000,original,-,robot4,MIN_DISTANCE,OK,1.026,5.819,,0,nearest_robot=robot2
137.000,original,-,robot5,MIN_DISTANCE,OK,0.854,5.819,,0,nearest_robot=robot6
137.000,original,-,robot6,MIN_DISTANCE,OK,0.854,5.819,,0,nearest_robot=robot5
137.000,original,-,fleet,MIN_DISTANCE_AVG,OK,5.819,,,0,robots_sampled=6
138.000,original,-,robot1,MIN_DISTANCE,OK,18.310,5.819,,0,nearest_robot=robot2
138.000,original,-,robot2,MIN_DISTANCE,OK,1.026,5.819,,0,nearest_robot=robot4
138.000,original,-,robot3,MIN_DISTANCE,OK,12.847,5.819,,0,nearest_robot=robot4
138.000,original,-,robot4,MIN_DISTANCE,OK,1.026,5.819,,0,nearest_robot=robot2
138.000,original,-,robot5,MIN_DISTANCE,OK,0.854,5.819,,0,nearest_robot=robot6
138.000,original,-,robot6,MIN_DISTANCE,OK,0.854,5.819,,0,nearest_robot=robot5
138.000,original,-,fleet,MIN_DISTANCE_AVG,OK,5.819,,,0,robots_sampled=6
138.310,original,-,fleet,CHOMP_TIME_FULL,OK,,31.034,,0,iterations=100;iterations_executed=100;source=algorithm;round_trip=31.068166
139.000,original,-,fleet,REPLAN_FULL,OK,,,robot1|robot2|robot3|robot4|robot5|robot6,0,original_full_optimization
139.000,original,-,robot1,MIN_DISTANCE,OK,18.200,5.829,,0,nearest_robot=robot2
139.000,original,-,robot2,MIN_DISTANCE,OK,1.134,5.829,,0,nearest_robot=robot4
139.000,original,-,robot3,MIN_DISTANCE,OK,12.811,5.829,,0,nearest_robot=robot4
139.000,original,-,robot4,MIN_DISTANCE,OK,1.134,5.829,,0,nearest_robot=robot2
139.000,original,-,robot5,MIN_DISTANCE,OK,0.846,5.829,,0,nearest_robot=robot6
139.000,original,-,robot6,MIN_DISTANCE,OK,0.846,5.829,,0,nearest_robot=robot5
139.000,original,-,fleet,MIN_DISTANCE_AVG,OK,5.829,,,0,robots_sampled=6
140.000,original,-,robot1,MIN_DISTANCE,OK,18.204,5.839,,0,nearest_robot=robot2
140.000,original,-,robot2,MIN_DISTANCE,OK,1.218,5.839,,0,nearest_robot=robot4
140.000,original,-,robot3,MIN_DISTANCE,OK,12.791,5.839,,0,nearest_robot=robot4
140.000,original,-,robot4,MIN_DISTANCE,OK,1.218,5.839,,0,nearest_robot=robot2
140.000,original,-,robot5,MIN_DISTANCE,OK,0.800,5.839,,0,nearest_robot=robot6
140.000,original,-,robot6,MIN_DISTANCE,OK,0.800,5.839,,0,nearest_robot=robot5
140.000,original,-,fleet,MIN_DISTANCE_AVG,OK,5.839,,,0,robots_sampled=6
141.000,original,-,robot1,MIN_DISTANCE,OK,18.254,5.929,,0,nearest_robot=robot2
141.000,original,-,robot2,MIN_DISTANCE,OK,1.247,5.929,,0,nearest_robot=robot4
141.000,original,-,robot3,MIN_DISTANCE,OK,12.949,5.929,,0,nearest_robot=robot4
141.000,original,-,robot4,MIN_DISTANCE,OK,1.247,5.929,,0,nearest_robot=robot2
141.000,original,-,robot5,MIN_DISTANCE,OK,0.939,5.929,,0,nearest_robot=robot6
141.000,original,-,robot6,MIN_DISTANCE,OK,0.939,5.929,,0,nearest_robot=robot5
141.000,original,-,fleet,MIN_DISTANCE_AVG,OK,5.929,,,0,robots_sampled=6
142.000,original,-,robot1,MIN_DISTANCE,OK,18.192,6.085,,0,nearest_robot=robot2
142.000,original,-,robot2,MIN_DISTANCE,OK,1.360,6.085,,0,nearest_robot=robot4
142.000,original,-,robot3,MIN_DISTANCE,OK,13.109,6.085,,0,nearest_robot=robot4
142.000,original,-,robot4,MIN_DISTANCE,OK,1.360,6.085,,0,nearest_robot=robot2
142.000,original,-,robot5,MIN_DISTANCE,OK,1.243,6.085,,0,nearest_robot=robot6
142.000,original,-,robot6,MIN_DISTANCE,OK,1.243,6.085,,0,nearest_robot=robot5
142.000,original,-,fleet,MIN_DISTANCE_AVG,OK,6.085,,,0,robots_sampled=6
143.000,original,-,robot1,MIN_DISTANCE,OK,18.019,6.213,,0,nearest_robot=robot2
143.000,original,-,robot2,MIN_DISTANCE,OK,1.422,6.213,,0,nearest_robot=robot4
143.000,original,-,robot3,MIN_DISTANCE,OK,13.262,6.213,,0,nearest_robot=robot4
143.000,original,-,robot4,MIN_DISTANCE,OK,1.422,6.213,,0,nearest_robot=robot2
143.000,original,-,robot5,MIN_DISTANCE,OK,1.576,6.213,,0,nearest_robot=robot6
143.000,original,-,robot6,MIN_DISTANCE,OK,1.576,6.213,,0,nearest_robot=robot5
143.000,original,-,fleet,MIN_DISTANCE_AVG,OK,6.213,,,0,robots_sampled=6
144.000,original,-,robot1,MIN_DISTANCE,OK,17.590,6.286,,0,nearest_robot=robot2
144.000,original,-,robot2,MIN_DISTANCE,OK,1.462,6.286,,0,nearest_robot=robot4
144.000,original,-,robot3,MIN_DISTANCE,OK,13.416,6.286,,0,nearest_robot=robot4
144.000,original,-,robot4,MIN_DISTANCE,OK,1.462,6.286,,0,nearest_robot=robot2
144.000,original,-,robot5,MIN_DISTANCE,OK,1.894,6.286,,0,nearest_robot=robot6
144.000,original,-,robot6,MIN_DISTANCE,OK,1.894,6.286,,0,nearest_robot=robot5
144.000,original,-,fleet,MIN_DISTANCE_AVG,OK,6.286,,,0,robots_sampled=6
145.000,original,-,robot1,MIN_DISTANCE,OK,17.341,6.380,,0,nearest_robot=robot2
145.000,original,-,robot2,MIN_DISTANCE,OK,1.415,6.380,,0,nearest_robot=robot4
145.000,original,-,robot3,MIN_DISTANCE,OK,13.697,6.380,,0,nearest_robot=robot4
145.000,original,-,robot4,MIN_DISTANCE,OK,1.415,6.380,,0,nearest_robot=robot2
145.000,original,-,robot5,MIN_DISTANCE,OK,2.207,6.380,,0,nearest_robot=robot6
145.000,original,-,robot6,MIN_DISTANCE,OK,2.207,6.380,,0,nearest_robot=robot5
145.000,original,-,fleet,MIN_DISTANCE_AVG,OK,6.380,,,0,robots_sampled=6
146.000,original,-,robot1,MIN_DISTANCE,OK,17.123,6.464,,0,nearest_robot=robot2
146.000,original,-,robot2,MIN_DISTANCE,OK,1.332,6.464,,0,nearest_robot=robot4
146.000,original,-,robot3,MIN_DISTANCE,OK,13.856,6.464,,0,nearest_robot=robot4
146.000,original,-,robot4,MIN_DISTANCE,OK,1.332,6.464,,0,nearest_robot=robot2
146.000,original,-,robot5,MIN_DISTANCE,OK,2.570,6.464,,0,nearest_robot=robot6
146.000,original,-,robot6,MIN_DISTANCE,OK,2.570,6.464,,0,nearest_robot=robot5
146.000,original,-,fleet,MIN_DISTANCE_AVG,OK,6.464,,,0,robots_sampled=6
147.000,original,-,robot1,MIN_DISTANCE,OK,16.834,6.550,,0,nearest_robot=robot2
147.000,original,-,robot2,MIN_DISTANCE,OK,1.307,6.550,,0,nearest_robot=robot4
147.000,original,-,robot3,MIN_DISTANCE,OK,13.905,6.550,,0,nearest_robot=robot4
147.000,original,-,robot4,MIN_DISTANCE,OK,1.307,6.550,,0,nearest_robot=robot2
147.000,original,-,robot5,MIN_DISTANCE,OK,2.973,6.550,,0,nearest_robot=robot6
147.000,original,-,robot6,MIN_DISTANCE,OK,2.973,6.550,,0,nearest_robot=robot5
147.000,original,-,fleet,MIN_DISTANCE_AVG,OK,6.550,,,0,robots_sampled=6
148.000,original,-,robot1,MIN_DISTANCE,OK,15.957,6.573,,0,nearest_robot=robot6
148.000,original,-,robot2,MIN_DISTANCE,OK,1.292,6.573,,0,nearest_robot=robot4
148.000,original,-,robot3,MIN_DISTANCE,OK,13.875,6.573,,0,nearest_robot=robot4
148.000,original,-,robot4,MIN_DISTANCE,OK,1.292,6.573,,0,nearest_robot=robot2
148.000,original,-,robot5,MIN_DISTANCE,OK,3.511,6.573,,0,nearest_robot=robot6
148.000,original,-,robot6,MIN_DISTANCE,OK,3.511,6.573,,0,nearest_robot=robot5
148.000,original,-,fleet,MIN_DISTANCE_AVG,OK,6.573,,,0,robots_sampled=6
149.000,original,-,robot1,MIN_DISTANCE,OK,15.168,6.592,,0,nearest_robot=robot6
149.000,original,-,robot2,MIN_DISTANCE,OK,1.292,6.592,,0,nearest_robot=robot4
149.000,original,-,robot3,MIN_DISTANCE,OK,13.849,6.592,,0,nearest_robot=robot4
149.000,original,-,robot4,MIN_DISTANCE,OK,1.292,6.592,,0,nearest_robot=robot2
149.000,original,-,robot5,MIN_DISTANCE,OK,3.975,6.592,,0,nearest_robot=robot6
149.000,original,-,robot6,MIN_DISTANCE,OK,3.975,6.592,,0,nearest_robot=robot5
149.000,original,-,fleet,MIN_DISTANCE_AVG,OK,6.592,,,0,robots_sampled=6
150.000,original,-,robot1,MIN_DISTANCE,OK,14.336,6.604,,0,nearest_robot=robot6
150.000,original,-,robot2,MIN_DISTANCE,OK,1.292,6.604,,0,nearest_robot=robot4
150.000,original,-,robot3,MIN_DISTANCE,OK,13.777,6.604,,0,nearest_robot=robot4
150.000,original,-,robot4,MIN_DISTANCE,OK,1.292,6.604,,0,nearest_robot=robot2
150.000,original,-,robot5,MIN_DISTANCE,OK,4.464,6.604,,0,nearest_robot=robot6
150.000,original,-,robot6,MIN_DISTANCE,OK,4.464,6.604,,0,nearest_robot=robot5
150.000,original,-,fleet,MIN_DISTANCE_AVG,OK,6.604,,,0,robots_sampled=6
151.000,original,-,robot1,MIN_DISTANCE,OK,13.621,6.557,,0,nearest_robot=robot6
151.000,original,-,robot2,MIN_DISTANCE,OK,1.292,6.557,,0,nearest_robot=robot4
151.000,original,-,robot3,MIN_DISTANCE,OK,13.491,6.557,,0,nearest_robot=robot4
151.000,original,-,robot4,MIN_DISTANCE,OK,1.292,6.557,,0,nearest_robot=robot2
151.000,original,-,robot5,MIN_DISTANCE,OK,4.825,6.557,,0,nearest_robot=robot6
151.000,original,-,robot6,MIN_DISTANCE,OK,4.825,6.557,,0,nearest_robot=robot5
151.000,original,-,fleet,MIN_DISTANCE_AVG,OK,6.557,,,0,robots_sampled=6
152.000,original,-,robot1,MIN_DISTANCE,OK,13.072,6.460,,0,nearest_robot=robot6
152.000,original,-,robot2,MIN_DISTANCE,OK,1.292,6.460,,0,nearest_robot=robot4
152.000,original,-,robot3,MIN_DISTANCE,OK,13.054,6.460,,0,nearest_robot=robot4
152.000,original,-,robot4,MIN_DISTANCE,OK,1.292,6.460,,0,nearest_robot=robot2
152.000,original,-,robot5,MIN_DISTANCE,OK,5.024,6.460,,0,nearest_robot=robot6
152.000,original,-,robot6,MIN_DISTANCE,OK,5.024,6.460,,0,nearest_robot=robot5
152.000,original,-,fleet,MIN_DISTANCE_AVG,OK,6.460,,,0,robots_sampled=6
153.000,original,-,robot1,MIN_DISTANCE,OK,12.651,6.338,,0,nearest_robot=robot6
153.000,original,-,robot2,MIN_DISTANCE,OK,1.292,6.338,,0,nearest_robot=robot4
153.000,original,-,robot3,MIN_DISTANCE,OK,12.652,6.338,,0,nearest_robot=robot4
153.000,original,-,robot4,MIN_DISTANCE,OK,1.292,6.338,,0,nearest_robot=robot2
153.000,original,-,robot5,MIN_DISTANCE,OK,5.072,6.338,,0,nearest_robot=robot6
153.000,original,-,robot6,MIN_DISTANCE,OK,5.072,6.338,,0,nearest_robot=robot5
153.000,original,-,fleet,MIN_DISTANCE_AVG,OK,6.338,,,0,robots_sampled=6
154.000,original,-,robot1,MIN_DISTANCE,OK,12.304,6.199,,0,nearest_robot=robot6
154.000,original,-,robot2,MIN_DISTANCE,OK,1.292,6.199,,0,nearest_robot=robot4
154.000,original,-,robot3,MIN_DISTANCE,OK,12.240,6.199,,0,nearest_robot=robot4
154.000,original,-,robot4,MIN_DISTANCE,OK,1.292,6.199,,0,nearest_robot=robot2
154.000,original,-,robot5,MIN_DISTANCE,OK,5.032,6.199,,0,nearest_robot=robot6
154.000,original,-,robot6,MIN_DISTANCE,OK,5.032,6.199,,0,nearest_robot=robot5
154.000,original,-,fleet,MIN_DISTANCE_AVG,OK,6.199,,,0,robots_sampled=6
155.000,original,-,robot1,MIN_DISTANCE,OK,11.934,6.061,,0,nearest_robot=robot6
155.000,original,-,robot2,MIN_DISTANCE,OK,1.292,6.061,,0,nearest_robot=robot4
155.000,original,-,robot3,MIN_DISTANCE,OK,11.824,6.061,,0,nearest_robot=robot4
155.000,original,-,robot4,MIN_DISTANCE,OK,1.292,6.061,,0,nearest_robot=robot2
155.000,original,-,robot5,MIN_DISTANCE,OK,5.012,6.061,,0,nearest_robot=robot6
155.000,original,-,robot6,MIN_DISTANCE,OK,5.012,6.061,,0,nearest_robot=robot5
155.000,original,-,fleet,MIN_DISTANCE_AVG,OK,6.061,,,0,robots_sampled=6
156.000,original,-,robot1,MIN_DISTANCE,OK,11.619,5.932,,0,nearest_robot=robot6
156.000,original,-,robot2,MIN_DISTANCE,OK,1.292,5.932,,0,nearest_robot=robot4
156.000,original,-,robot3,MIN_DISTANCE,OK,11.382,5.932,,0,nearest_robot=robot4
156.000,original,-,robot4,MIN_DISTANCE,OK,1.292,5.932,,0,nearest_robot=robot2
156.000,original,-,robot5,MIN_DISTANCE,OK,5.004,5.932,,0,nearest_robot=robot6
156.000,original,-,robot6,MIN_DISTANCE,OK,5.004,5.932,,0,nearest_robot=robot5
156.000,original,-,fleet,MIN_DISTANCE_AVG,OK,5.932,,,0,robots_sampled=6
157.000,original,-,robot1,MIN_DISTANCE,OK,11.203,5.795,,0,nearest_robot=robot6
157.000,original,-,robot2,MIN_DISTANCE,OK,1.292,5.795,,0,nearest_robot=robot4
157.000,original,-,robot3,MIN_DISTANCE,OK,10.975,5.795,,0,nearest_robot=robot4
157.000,original,-,robot4,MIN_DISTANCE,OK,1.292,5.795,,0,nearest_robot=robot2
157.000,original,-,robot5,MIN_DISTANCE,OK,5.003,5.795,,0,nearest_robot=robot6
157.000,original,-,robot6,MIN_DISTANCE,OK,5.003,5.795,,0,nearest_robot=robot5
157.000,original,-,fleet,MIN_DISTANCE_AVG,OK,5.795,,,0,robots_sampled=6
158.000,original,-,robot1,MIN_DISTANCE,OK,10.802,5.661,,0,nearest_robot=robot6
158.000,original,-,robot2,MIN_DISTANCE,OK,1.292,5.661,,0,nearest_robot=robot4
158.000,original,-,robot3,MIN_DISTANCE,OK,10.576,5.661,,0,nearest_robot=robot4
158.000,original,-,robot4,MIN_DISTANCE,OK,1.292,5.661,,0,nearest_robot=robot2
158.000,original,-,robot5,MIN_DISTANCE,OK,5.002,5.661,,0,nearest_robot=robot6
158.000,original,-,robot6,MIN_DISTANCE,OK,5.002,5.661,,0,nearest_robot=robot5
158.000,original,-,fleet,MIN_DISTANCE_AVG,OK,5.661,,,0,robots_sampled=6
159.000,original,-,robot1,MIN_DISTANCE,OK,10.407,5.525,,0,nearest_robot=robot6
159.000,original,-,robot2,MIN_DISTANCE,OK,1.292,5.525,,0,nearest_robot=robot4
159.000,original,-,robot3,MIN_DISTANCE,OK,10.188,5.525,,0,nearest_robot=robot4
159.000,original,-,robot4,MIN_DISTANCE,OK,1.292,5.525,,0,nearest_robot=robot2
159.000,original,-,robot5,MIN_DISTANCE,OK,4.984,5.525,,0,nearest_robot=robot6
159.000,original,-,robot6,MIN_DISTANCE,OK,4.984,5.525,,0,nearest_robot=robot5
159.000,original,-,fleet,MIN_DISTANCE_AVG,OK,5.525,,,0,robots_sampled=6
160.000,original,-,robot1,MIN_DISTANCE,OK,10.025,5.392,,0,nearest_robot=robot6
160.000,original,-,robot2,MIN_DISTANCE,OK,1.292,5.392,,0,nearest_robot=robot4
160.000,original,-,robot3,MIN_DISTANCE,OK,9.794,5.392,,0,nearest_robot=robot4
160.000,original,-,robot4,MIN_DISTANCE,OK,1.292,5.392,,0,nearest_robot=robot2
160.000,original,-,robot5,MIN_DISTANCE,OK,4.974,5.392,,0,nearest_robot=robot6
160.000,original,-,robot6,MIN_DISTANCE,OK,4.974,5.392,,0,nearest_robot=robot5
160.000,original,-,fleet,MIN_DISTANCE_AVG,OK,5.392,,,0,robots_sampled=6
161.000,original,-,robot1,MIN_DISTANCE,OK,9.694,5.264,,0,nearest_robot=robot6
161.000,original,-,robot2,MIN_DISTANCE,OK,1.292,5.264,,0,nearest_robot=robot4
161.000,original,-,robot3,MIN_DISTANCE,OK,9.364,5.264,,0,nearest_robot=robot4
161.000,original,-,robot4,MIN_DISTANCE,OK,1.292,5.264,,0,nearest_robot=robot2
161.000,original,-,robot5,MIN_DISTANCE,OK,4.970,5.264,,0,nearest_robot=robot6
161.000,original,-,robot6,MIN_DISTANCE,OK,4.970,5.264,,0,nearest_robot=robot5
161.000,original,-,fleet,MIN_DISTANCE_AVG,OK,5.264,,,0,robots_sampled=6
162.000,original,-,robot1,MIN_DISTANCE,OK,9.348,5.136,,0,nearest_robot=robot6
162.000,original,-,robot2,MIN_DISTANCE,OK,1.292,5.136,,0,nearest_robot=robot4
162.000,original,-,robot3,MIN_DISTANCE,OK,8.929,5.136,,0,nearest_robot=robot4
162.000,original,-,robot4,MIN_DISTANCE,OK,1.292,5.136,,0,nearest_robot=robot2
162.000,original,-,robot5,MIN_DISTANCE,OK,4.977,5.136,,0,nearest_robot=robot6
162.000,original,-,robot6,MIN_DISTANCE,OK,4.977,5.136,,0,nearest_robot=robot5
162.000,original,-,fleet,MIN_DISTANCE_AVG,OK,5.136,,,0,robots_sampled=6
163.000,original,-,robot1,MIN_DISTANCE,OK,9.013,5.019,,0,nearest_robot=robot6
163.000,original,-,robot2,MIN_DISTANCE,OK,1.292,5.019,,0,nearest_robot=robot4
163.000,original,-,robot3,MIN_DISTANCE,OK,8.563,5.019,,0,nearest_robot=robot4
163.000,original,-,robot4,MIN_DISTANCE,OK,1.292,5.019,,0,nearest_robot=robot2
163.000,original,-,robot5,MIN_DISTANCE,OK,4.978,5.019,,0,nearest_robot=robot6
163.000,original,-,robot6,MIN_DISTANCE,OK,4.978,5.019,,0,nearest_robot=robot5
163.000,original,-,fleet,MIN_DISTANCE_AVG,OK,5.019,,,0,robots_sampled=6
164.000,original,-,robot1,MIN_DISTANCE,OK,8.614,4.889,,0,nearest_robot=robot6
164.000,original,-,robot2,MIN_DISTANCE,OK,1.292,4.889,,0,nearest_robot=robot4
164.000,original,-,robot3,MIN_DISTANCE,OK,8.178,4.889,,0,nearest_robot=robot4
164.000,original,-,robot4,MIN_DISTANCE,OK,1.292,4.889,,0,nearest_robot=robot2
164.000,original,-,robot5,MIN_DISTANCE,OK,4.978,4.889,,0,nearest_robot=robot6
164.000,original,-,robot6,MIN_DISTANCE,OK,4.978,4.889,,0,nearest_robot=robot5
164.000,original,-,fleet,MIN_DISTANCE_AVG,OK,4.889,,,0,robots_sampled=6
165.000,original,-,robot1,MIN_DISTANCE,OK,8.277,4.769,,0,nearest_robot=robot6
165.000,original,-,robot2,MIN_DISTANCE,OK,1.292,4.769,,0,nearest_robot=robot4
165.000,original,-,robot3,MIN_DISTANCE,OK,7.798,4.769,,0,nearest_robot=robot4
165.000,original,-,robot4,MIN_DISTANCE,OK,1.292,4.769,,0,nearest_robot=robot2
165.000,original,-,robot5,MIN_DISTANCE,OK,4.978,4.769,,0,nearest_robot=robot6
165.000,original,-,robot6,MIN_DISTANCE,OK,4.978,4.769,,0,nearest_robot=robot5
165.000,original,-,fleet,MIN_DISTANCE_AVG,OK,4.769,,,0,robots_sampled=6
166.000,original,-,robot1,MIN_DISTANCE,OK,7.926,4.642,,0,nearest_robot=robot6
166.000,original,-,robot2,MIN_DISTANCE,OK,1.292,4.642,,0,nearest_robot=robot4
166.000,original,-,robot3,MIN_DISTANCE,OK,7.389,4.642,,0,nearest_robot=robot4
166.000,original,-,robot4,MIN_DISTANCE,OK,1.292,4.642,,0,nearest_robot=robot2
166.000,original,-,robot5,MIN_DISTANCE,OK,4.978,4.642,,0,nearest_robot=robot6
166.000,original,-,robot6,MIN_DISTANCE,OK,4.978,4.642,,0,nearest_robot=robot5
166.000,original,-,fleet,MIN_DISTANCE_AVG,OK,4.642,,,0,robots_sampled=6
166.050,original,-,fleet,CHOMP_TIME_FULL,OK,,32.977,,0,iterations=100;iterations_executed=100;source=algorithm;round_trip=33.006221
167.000,original,-,fleet,REPLAN_FULL,OK,,,robot1|robot2|robot3|robot4|robot5|robot6,0,original_full_optimization
167.000,original,-,robot1,MIN_DISTANCE,OK,7.555,4.508,,0,nearest_robot=robot6
167.000,original,-,robot2,MIN_DISTANCE,OK,1.285,4.508,,0,nearest_robot=robot4
167.000,original,-,robot3,MIN_DISTANCE,OK,6.966,4.508,,0,nearest_robot=robot4
167.000,original,-,robot4,MIN_DISTANCE,OK,1.285,4.508,,0,nearest_robot=robot2
167.000,original,-,robot5,MIN_DISTANCE,OK,4.978,4.508,,0,nearest_robot=robot6
167.000,original,-,robot6,MIN_DISTANCE,OK,4.978,4.508,,0,nearest_robot=robot5
167.000,original,-,fleet,MIN_DISTANCE_AVG,OK,4.508,,,0,robots_sampled=6
168.000,original,-,robot1,MIN_DISTANCE,OK,7.205,4.381,,0,nearest_robot=robot6
168.000,original,-,robot2,MIN_DISTANCE,OK,1.282,4.381,,0,nearest_robot=robot4
168.000,original,-,robot3,MIN_DISTANCE,OK,6.562,4.381,,0,nearest_robot=robot4
168.000,original,-,robot4,MIN_DISTANCE,OK,1.282,4.381,,0,nearest_robot=robot2
168.000,original,-,robot5,MIN_DISTANCE,OK,4.978,4.381,,0,nearest_robot=robot6
168.000,original,-,robot6,MIN_DISTANCE,OK,4.978,4.381,,0,nearest_robot=robot5
168.000,original,-,fleet,MIN_DISTANCE_AVG,OK,4.381,,,0,robots_sampled=6
169.000,original,-,robot1,MIN_DISTANCE,OK,6.844,4.256,,0,nearest_robot=robot6
169.000,original,-,robot2,MIN_DISTANCE,OK,1.314,4.256,,0,nearest_robot=robot4
169.000,original,-,robot3,MIN_DISTANCE,OK,6.108,4.256,,0,nearest_robot=robot4
169.000,original,-,robot4,MIN_DISTANCE,OK,1.314,4.256,,0,nearest_robot=robot2
169.000,original,-,robot5,MIN_DISTANCE,OK,4.979,4.256,,0,nearest_robot=robot6
169.000,original,-,robot6,MIN_DISTANCE,OK,4.979,4.256,,0,nearest_robot=robot5
169.000,original,-,fleet,MIN_DISTANCE_AVG,OK,4.256,,,0,robots_sampled=6
170.000,original,-,robot1,MIN_DISTANCE,OK,6.481,4.151,,0,nearest_robot=robot6
170.000,original,-,robot2,MIN_DISTANCE,OK,1.483,4.151,,0,nearest_robot=robot4
170.000,original,-,robot3,MIN_DISTANCE,OK,5.499,4.151,,0,nearest_robot=robot4
170.000,original,-,robot4,MIN_DISTANCE,OK,1.483,4.151,,0,nearest_robot=robot2
170.000,original,-,robot5,MIN_DISTANCE,OK,4.979,4.151,,0,nearest_robot=robot6
170.000,original,-,robot6,MIN_DISTANCE,OK,4.979,4.151,,0,nearest_robot=robot5
170.000,original,-,fleet,MIN_DISTANCE_AVG,OK,4.151,,,0,robots_sampled=6
171.000,original,-,robot1,MIN_DISTANCE,OK,6.105,4.102,,0,nearest_robot=robot6
171.000,original,-,robot2,MIN_DISTANCE,OK,1.996,4.102,,0,nearest_robot=robot4
171.000,original,-,robot3,MIN_DISTANCE,OK,4.558,4.102,,0,nearest_robot=robot4
171.000,original,-,robot4,MIN_DISTANCE,OK,1.996,4.102,,0,nearest_robot=robot2
171.000,original,-,robot5,MIN_DISTANCE,OK,4.979,4.102,,0,nearest_robot=robot6
171.000,original,-,robot6,MIN_DISTANCE,OK,4.979,4.102,,0,nearest_robot=robot5
171.000,original,-,fleet,MIN_DISTANCE_AVG,OK,4.102,,,0,robots_sampled=6
172.000,original,-,robot1,MIN_DISTANCE,OK,5.728,4.021,,0,nearest_robot=robot6
172.000,original,-,robot2,MIN_DISTANCE,OK,2.345,4.021,,0,nearest_robot=robot4
172.000,original,-,robot3,MIN_DISTANCE,OK,3.751,4.021,,0,nearest_robot=robot4
172.000,original,-,robot4,MIN_DISTANCE,OK,2.345,4.021,,0,nearest_robot=robot2
172.000,original,-,robot5,MIN_DISTANCE,OK,4.979,4.021,,0,nearest_robot=robot6
172.000,original,-,robot6,MIN_DISTANCE,OK,4.979,4.021,,0,nearest_robot=robot5
172.000,original,-,fleet,MIN_DISTANCE_AVG,OK,4.021,,,0,robots_sampled=6
173.000,original,-,robot1,MIN_DISTANCE,OK,5.382,3.960,,0,nearest_robot=robot6
173.000,original,-,robot2,MIN_DISTANCE,OK,2.753,3.960,,0,nearest_robot=robot4
173.000,original,-,robot3,MIN_DISTANCE,OK,2.911,3.960,,0,nearest_robot=robot4
173.000,original,-,robot4,MIN_DISTANCE,OK,2.753,3.960,,0,nearest_robot=robot2
173.000,original,-,robot5,MIN_DISTANCE,OK,4.979,3.960,,0,nearest_robot=robot6
173.000,original,-,robot6,MIN_DISTANCE,OK,4.979,3.960,,0,nearest_robot=robot5
173.000,original,-,fleet,MIN_DISTANCE_AVG,OK,3.960,,,0,robots_sampled=6
174.000,original,-,robot1,MIN_DISTANCE,OK,4.972,3.706,,0,nearest_robot=robot6
174.000,original,-,robot2,MIN_DISTANCE,OK,3.164,3.706,,0,nearest_robot=robot4
174.000,original,-,robot3,MIN_DISTANCE,OK,2.076,3.706,,0,nearest_robot=robot4
174.000,original,-,robot4,MIN_DISTANCE,OK,2.076,3.706,,0,nearest_robot=robot3
174.000,original,-,robot5,MIN_DISTANCE,OK,4.979,3.706,,0,nearest_robot=robot6
174.000,original,-,robot6,MIN_DISTANCE,OK,4.972,3.706,,0,nearest_robot=robot1
174.000,original,-,fleet,MIN_DISTANCE_AVG,OK,3.706,,,0,robots_sampled=6
175.000,original,-,robot1,MIN_DISTANCE,OK,4.572,3.383,,0,nearest_robot=robot6
175.000,original,-,robot2,MIN_DISTANCE,OK,3.589,3.383,,0,nearest_robot=robot4
175.000,original,-,robot3,MIN_DISTANCE,OK,1.292,3.383,,0,nearest_robot=robot4
175.000,original,-,robot4,MIN_DISTANCE,OK,1.292,3.383,,0,nearest_robot=robot3
175.000,original,-,robot5,MIN_DISTANCE,OK,4.980,3.383,,0,nearest_robot=robot6
175.000,original,-,robot6,MIN_DISTANCE,OK,4.572,3.383,,0,nearest_robot=robot1
175.000,original,-,fleet,MIN_DISTANCE_AVG,OK,3.383,,,0,robots_sampled=6
176.000,original,-,robot1,MIN_DISTANCE,OK,4.214,3.155,,0,nearest_robot=robot6
176.000,original,-,robot2,MIN_DISTANCE,OK,4.003,3.155,,0,nearest_robot=robot4
176.000,original,-,robot3,MIN_DISTANCE,OK,0.760,3.155,,0,nearest_robot=robot4
176.000,original,-,robot4,MIN_DISTANCE,OK,0.760,3.155,,0,nearest_robot=robot3
176.000,original,-,robot5,MIN_DISTANCE,OK,4.980,3.155,,0,nearest_robot=robot6
176.000,original,-,robot6,MIN_DISTANCE,OK,4.214,3.155,,0,nearest_robot=robot1
176.000,original,-,fleet,MIN_DISTANCE_AVG,OK,3.155,,,0,robots_sampled=6
177.000,original,-,robot1,MIN_DISTANCE,OK,3.842,3.078,,0,nearest_robot=robot6
177.000,original,-,robot2,MIN_DISTANCE,OK,3.873,3.078,,0,nearest_robot=robot3
177.000,original,-,robot3,MIN_DISTANCE,OK,0.966,3.078,,0,nearest_robot=robot4
177.000,original,-,robot4,MIN_DISTANCE,OK,0.966,3.078,,0,nearest_robot=robot3
177.000,original,-,robot5,MIN_DISTANCE,OK,4.980,3.078,,0,nearest_robot=robot6
177.000,original,-,robot6,MIN_DISTANCE,OK,3.842,3.078,,0,nearest_robot=robot1
177.000,original,-,fleet,MIN_DISTANCE_AVG,OK,3.078,,,0,robots_sampled=6
178.000,original,-,robot1,MIN_DISTANCE,OK,3.462,3.095,,0,nearest_robot=robot6
178.000,original,-,robot2,MIN_DISTANCE,OK,3.493,3.095,,0,nearest_robot=robot3
178.000,original,-,robot3,MIN_DISTANCE,OK,1.587,3.095,,0,nearest_robot=robot4
178.000,original,-,robot4,MIN_DISTANCE,OK,1.587,3.095,,0,nearest_robot=robot3
178.000,original,-,robot5,MIN_DISTANCE,OK,4.980,3.095,,0,nearest_robot=robot6
178.000,original,-,robot6,MIN_DISTANCE,OK,3.462,3.095,,0,nearest_robot=robot1
178.000,original,-,fleet,MIN_DISTANCE_AVG,OK,3.095,,,0,robots_sampled=6
179.000,original,-,robot1,MIN_DISTANCE,OK,3.081,3.145,,0,nearest_robot=robot6
179.000,original,-,robot2,MIN_DISTANCE,OK,3.052,3.145,,0,nearest_robot=robot3
179.000,original,-,robot3,MIN_DISTANCE,OK,2.337,3.145,,0,nearest_robot=robot4
179.000,original,-,robot4,MIN_DISTANCE,OK,2.337,3.145,,0,nearest_robot=robot3
179.000,original,-,robot5,MIN_DISTANCE,OK,4.980,3.145,,0,nearest_robot=robot6
179.000,original,-,robot6,MIN_DISTANCE,OK,3.081,3.145,,0,nearest_robot=robot1
179.000,original,-,fleet,MIN_DISTANCE_AVG,OK,3.145,,,0,robots_sampled=6
180.000,original,-,robot1,MIN_DISTANCE,OK,2.667,3.117,,0,nearest_robot=robot6
180.000,original,-,robot2,MIN_DISTANCE,OK,2.629,3.117,,0,nearest_robot=robot3
180.000,original,-,robot3,MIN_DISTANCE,OK,2.629,3.117,,0,nearest_robot=robot2
180.000,original,-,robot4,MIN_DISTANCE,OK,3.132,3.117,,0,nearest_robot=robot3
180.000,original,-,robot5,MIN_DISTANCE,OK,4.981,3.117,,0,nearest_robot=robot6
180.000,original,-,robot6,MIN_DISTANCE,OK,2.667,3.117,,0,nearest_robot=robot1
180.000,original,-,fleet,MIN_DISTANCE_AVG,OK,3.117,,,0,robots_sampled=6
181.000,original,-,robot1,MIN_DISTANCE,OK,2.331,3.014,,0,nearest_robot=robot6
181.000,original,-,robot2,MIN_DISTANCE,OK,2.305,3.014,,0,nearest_robot=robot3
181.000,original,-,robot3,MIN_DISTANCE,OK,2.305,3.014,,0,nearest_robot=robot2
181.000,original,-,robot4,MIN_DISTANCE,OK,3.832,3.014,,0,nearest_robot=robot3
181.000,original,-,robot5,MIN_DISTANCE,OK,4.981,3.014,,0,nearest_robot=robot6
181.000,original,-,robot6,MIN_DISTANCE,OK,2.331,3.014,,0,nearest_robot=robot1
181.000,original,-,fleet,MIN_DISTANCE_AVG,OK,3.014,,,0,robots_sampled=6
182.000,original,-,robot1,MIN_DISTANCE,OK,2.028,2.942,,0,nearest_robot=robot6
182.000,original,-,robot2,MIN_DISTANCE,OK,2.212,2.942,,0,nearest_robot=robot3
182.000,original,-,robot3,MIN_DISTANCE,OK,2.212,2.942,,0,nearest_robot=robot2
182.000,original,-,robot4,MIN_DISTANCE,OK,4.193,2.942,,0,nearest_robot=robot3
182.000,original,-,robot5,MIN_DISTANCE,OK,4.981,2.942,,0,nearest_robot=robot6
182.000,original,-,robot6,MIN_DISTANCE,OK,2.028,2.942,,0,nearest_robot=robot1
182.000,original,-,fleet,MIN_DISTANCE_AVG,OK,2.942,,,0,robots_sampled=6
183.000,original,-,robot1,MIN_DISTANCE,OK,1.734,2.895,,0,nearest_robot=robot6
183.000,original,-,robot2,MIN_DISTANCE,OK,2.245,2.895,,0,nearest_robot=robot3
183.000,original,-,robot3,MIN_DISTANCE,OK,2.245,2.895,,0,nearest_robot=robot2
183.000,original,-,robot4,MIN_DISTANCE,OK,4.434,2.895,,0,nearest_robot=robot3
183.000,original,-,robot5,MIN_DISTANCE,OK,4.981,2.895,,0,nearest_robot=robot6
183.000,original,-,robot6,MIN_DISTANCE,OK,1.734,2.895,,0,nearest_robot=robot1
183.000,original,-,fleet,MIN_DISTANCE_AVG,OK,2.895,,,0,robots_sampled=6
184.000,original,-,robot1,MIN_DISTANCE,OK,1.563,2.892,,0,nearest_robot=robot6
184.000,original,-,robot2,MIN_DISTANCE,OK,2.290,2.892,,0,nearest_robot=robot3
184.000,original,-,robot3,MIN_DISTANCE,OK,2.290,2.892,,0,nearest_robot=robot2
184.000,original,-,robot4,MIN_DISTANCE,OK,4.663,2.892,,0,nearest_robot=robot3
184.000,original,-,robot5,MIN_DISTANCE,OK,4.981,2.892,,0,nearest_robot=robot6
184.000,original,-,robot6,MIN_DISTANCE,OK,1.563,2.892,,0,nearest_robot=robot1
184.000,original,-,fleet,MIN_DISTANCE_AVG,OK,2.892,,,0,robots_sampled=6
185.000,original,-,robot1,MIN_DISTANCE,OK,1.495,2.862,,0,nearest_robot=robot6
185.000,original,-,robot2,MIN_DISTANCE,OK,2.391,2.862,,0,nearest_robot=robot3
185.000,original,-,robot3,MIN_DISTANCE,OK,2.391,2.862,,0,nearest_robot=robot2
185.000,original,-,robot4,MIN_DISTANCE,OK,4.824,2.862,,0,nearest_robot=robot3
185.000,original,-,robot5,MIN_DISTANCE,OK,4.572,2.862,,0,nearest_robot=robot1
185.000,original,-,robot6,MIN_DISTANCE,OK,1.495,2.862,,0,nearest_robot=robot1
185.000,original,-,fleet,MIN_DISTANCE_AVG,OK,2.862,,,0,robots_sampled=6
186.000,original,-,robot1,MIN_DISTANCE,OK,1.566,2.862,,0,nearest_robot=robot6
186.000,original,-,robot2,MIN_DISTANCE,OK,2.409,2.862,,0,nearest_robot=robot3
186.000,original,-,robot3,MIN_DISTANCE,OK,2.409,2.862,,0,nearest_robot=robot2
186.000,original,-,robot4,MIN_DISTANCE,OK,5.075,2.862,,0,nearest_robot=robot3
186.000,original,-,robot5,MIN_DISTANCE,OK,4.145,2.862,,0,nearest_robot=robot1
186.000,original,-,robot6,MIN_DISTANCE,OK,1.566,2.862,,0,nearest_robot=robot1
186.000,original,-,fleet,MIN_DISTANCE_AVG,OK,2.862,,,0,robots_sampled=6
187.000,original,-,robot1,MIN_DISTANCE,OK,1.717,2.883,,0,nearest_robot=robot6
187.000,original,-,robot2,MIN_DISTANCE,OK,2.421,2.883,,0,nearest_robot=robot3
187.000,original,-,robot3,MIN_DISTANCE,OK,2.421,2.883,,0,nearest_robot=robot2
187.000,original,-,robot4,MIN_DISTANCE,OK,5.285,2.883,,0,nearest_robot=robot3
187.000,original,-,robot5,MIN_DISTANCE,OK,3.736,2.883,,0,nearest_robot=robot1
187.000,original,-,robot6,MIN_DISTANCE,OK,1.717,2.883,,0,nearest_robot=robot1
187.000,original,-,fleet,MIN_DISTANCE_AVG,OK,2.883,,,0,robots_sampled=6
188.000,original,-,robot1,MIN_DISTANCE,OK,1.912,2.928,,0,nearest_robot=robot6
188.000,original,-,robot2,MIN_DISTANCE,OK,2.428,2.928,,0,nearest_robot=robot3
188.000,original,-,robot3,MIN_DISTANCE,OK,2.428,2.928,,0,nearest_robot=robot2
188.000,original,-,robot4,MIN_DISTANCE,OK,5.544,2.928,,0,nearest_robot=robot3
188.000,original,-,robot5,MIN_DISTANCE,OK,3.346,2.928,,0,nearest_robot=robot1
188.000,original,-,robot6,MIN_DISTANCE,OK,1.912,2.928,,0,nearest_robot=robot1
188.000,original,-,fleet,MIN_DISTANCE_AVG,OK,2.928,,,0,robots_sampled=6
189.000,original,-,robot1,MIN_DISTANCE,OK,2.193,2.996,,0,nearest_robot=robot6
189.000,original,-,robot2,MIN_DISTANCE,OK,2.432,2.996,,0,nearest_robot=robot3
189.000,original,-,robot3,MIN_DISTANCE,OK,2.432,2.996,,0,nearest_robot=robot2
189.000,original,-,robot4,MIN_DISTANCE,OK,5.798,2.996,,0,nearest_robot=robot3
189.000,original,-,robot5,MIN_DISTANCE,OK,2.928,2.996,,0,nearest_robot=robot1
189.000,original,-,robot6,MIN_DISTANCE,OK,2.193,2.996,,0,nearest_robot=robot1
189.000,original,-,fleet,MIN_DISTANCE_AVG,OK,2.996,,,0,robots_sampled=6
190.000,original,-,robot1,MIN_DISTANCE,OK,2.519,3.102,,0,nearest_robot=robot6
190.000,original,-,robot2,MIN_DISTANCE,OK,2.433,3.102,,0,nearest_robot=robot3
190.000,original,-,robot3,MIN_DISTANCE,OK,2.433,3.102,,0,nearest_robot=robot2
190.000,original,-,robot4,MIN_DISTANCE,OK,6.178,3.102,,0,nearest_robot=robot3
190.000,original,-,robot5,MIN_DISTANCE,OK,2.529,3.102,,0,nearest_robot=robot1
190.000,original,-,robot6,MIN_DISTANCE,OK,2.519,3.102,,0,nearest_robot=robot1
190.000,original,-,fleet,MIN_DISTANCE_AVG,OK,3.102,,,0,robots_sampled=6
191.000,original,-,robot1,MIN_DISTANCE,OK,2.020,2.994,,0,nearest_robot=robot5
191.000,original,-,robot2,MIN_DISTANCE,OK,2.460,2.994,,0,nearest_robot=robot3
191.000,original,-,robot3,MIN_DISTANCE,OK,2.460,2.994,,0,nearest_robot=robot2
191.000,original,-,robot4,MIN_DISTANCE,OK,6.030,2.994,,0,nearest_robot=robot5
191.000,original,-,robot5,MIN_DISTANCE,OK,2.020,2.994,,0,nearest_robot=robot1
191.000,original,-,robot6,MIN_DISTANCE,OK,2.972,2.994,,0,nearest_robot=robot1
191.000,original,-,fleet,MIN_DISTANCE_AVG,OK,2.994,,,0,robots_sampled=6
192.000,original,-,robot1,MIN_DISTANCE,OK,1.638,2.877,,0,nearest_robot=robot5
192.000,original,-,robot2,MIN_DISTANCE,OK,2.464,2.877,,0,nearest_robot=robot3
192.000,original,-,robot3,MIN_DISTANCE,OK,2.464,2.877,,0,nearest_robot=robot2
192.000,original,-,robot4,MIN_DISTANCE,OK,5.712,2.877,,0,nearest_robot=robot5
192.000,original,-,robot5,MIN_DISTANCE,OK,1.638,2.877,,0,nearest_robot=robot1
192.000,original,-,robot6,MIN_DISTANCE,OK,3.346,2.877,,0,nearest_robot=robot1
192.000,original,-,fleet,MIN_DISTANCE_AVG,OK,2.877,,,0,robots_sampled=6
193.000,original,-,robot1,MIN_DISTANCE,OK,1.270,2.771,,0,nearest_robot=robot5
193.000,original,-,robot2,MIN_DISTANCE,OK,2.464,2.771,,0,nearest_robot=robot3
193.000,original,-,robot3,MIN_DISTANCE,OK,2.464,2.771,,0,nearest_robot=robot2
193.000,original,-,robot4,MIN_DISTANCE,OK,5.412,2.771,,0,nearest_robot=robot5
193.000,original,-,robot5,MIN_DISTANCE,OK,1.270,2.771,,0,nearest_robot=robot1
193.000,original,-,robot6,MIN_DISTANCE,OK,3.744,2.771,,0,nearest_robot=robot1
193.000,original,-,fleet,MIN_DISTANCE_AVG,OK,2.771,,,0,robots_sampled=6
194.000,original,-,robot1,MIN_DISTANCE,OK,0.989,2.654,,0,nearest_robot=robot5
194.000,original,-,robot2,MIN_DISTANCE,OK,2.464,2.654,,0,nearest_robot=robot3
194.000,original,-,robot3,MIN_DISTANCE,OK,2.464,2.654,,0,nearest_robot=robot2
194.000,original,-,robot4,MIN_DISTANCE,OK,4.916,2.654,,0,nearest_robot=robot1
194.000,original,-,robot5,MIN_DISTANCE,OK,0.989,2.654,,0,nearest_robot=robot1
194.000,original,-,robot6,MIN_DISTANCE,OK,4.103,2.654,,0,nearest_robot=robot1
194.000,original,-,fleet,MIN_DISTANCE_AVG,OK,2.654,,,0,robots_sampled=6
194.500,original,-,fleet,CHOMP_TIME_FULL,OK,,32.690,,0,iterations=100;iterations_executed=100;source=algorithm;round_trip=32.714764
195.000,original,-,robot1,MIN_DISTANCE,OK,0.769,2.545,,0,nearest_robot=robot5
195.000,original,-,robot2,MIN_DISTANCE,OK,2.458,2.545,,0,nearest_robot=robot3
195.000,original,-,robot3,MIN_DISTANCE,OK,2.458,2.545,,0,nearest_robot=robot2
195.000,original,-,robot4,MIN_DISTANCE,OK,4.386,2.545,,0,nearest_robot=robot1
195.000,original,-,robot5,MIN_DISTANCE,OK,0.769,2.545,,0,nearest_robot=robot1
195.000,original,-,robot6,MIN_DISTANCE,OK,4.429,2.545,,0,nearest_robot=robot1
195.000,original,-,fleet,MIN_DISTANCE_AVG,OK,2.545,,,0,robots_sampled=6
195.500,original,-,fleet,REPLAN_FULL,OK,,,robot1|robot2|robot3|robot4|robot5|robot6,0,original_full_optimization
196.000,original,-,robot1,MIN_DISTANCE,OK,0.730,2.566,,0,nearest_robot=robot5
196.000,original,-,robot2,MIN_DISTANCE,OK,2.709,2.566,,0,nearest_robot=robot3
196.000,original,-,robot3,MIN_DISTANCE,OK,2.709,2.566,,0,nearest_robot=robot2
196.000,original,-,robot4,MIN_DISTANCE,OK,3.853,2.566,,0,nearest_robot=robot1
196.000,original,-,robot5,MIN_DISTANCE,OK,0.730,2.566,,0,nearest_robot=robot1
196.000,original,-,robot6,MIN_DISTANCE,OK,4.667,2.566,,0,nearest_robot=robot1
196.000,original,-,fleet,MIN_DISTANCE_AVG,OK,2.566,,,0,robots_sampled=6
197.000,original,-,robot1,MIN_DISTANCE,OK,0.800,2.661,,0,nearest_robot=robot5
197.000,original,-,robot2,MIN_DISTANCE,OK,3.076,2.661,,0,nearest_robot=robot3
197.000,original,-,robot3,MIN_DISTANCE,OK,3.076,2.661,,0,nearest_robot=robot2
197.000,original,-,robot4,MIN_DISTANCE,OK,3.313,2.661,,0,nearest_robot=robot1
197.000,original,-,robot5,MIN_DISTANCE,OK,0.800,2.661,,0,nearest_robot=robot1
197.000,original,-,robot6,MIN_DISTANCE,OK,4.899,2.661,,0,nearest_robot=robot5
197.000,original,-,fleet,MIN_DISTANCE_AVG,OK,2.661,,,0,robots_sampled=6
198.000,original,-,robot1,MIN_DISTANCE,OK,0.869,2.702,,0,nearest_robot=robot5
198.000,original,-,robot2,MIN_DISTANCE,OK,3.363,2.702,,0,nearest_robot=robot3
198.000,original,-,robot3,MIN_DISTANCE,OK,3.363,2.702,,0,nearest_robot=robot2
198.000,original,-,robot4,MIN_DISTANCE,OK,2.823,2.702,,0,nearest_robot=robot1
198.000,original,-,robot5,MIN_DISTANCE,OK,0.869,2.702,,0,nearest_robot=robot1
198.000,original,-,robot6,MIN_DISTANCE,OK,4.922,2.702,,0,nearest_robot=robot5
198.000,original,-,fleet,MIN_DISTANCE_AVG,OK,2.702,,,0,robots_sampled=6
199.000,original,-,robot1,MIN_DISTANCE,OK,0.957,2.779,,0,nearest_robot=robot5
199.000,original,-,robot2,MIN_DISTANCE,OK,3.740,2.779,,0,nearest_robot=robot3
199.000,original,-,robot3,MIN_DISTANCE,OK,3.740,2.779,,0,nearest_robot=robot2
199.000,original,-,robot4,MIN_DISTANCE,OK,2.373,2.779,,0,nearest_robot=robot1
199.000,original,-,robot5,MIN_DISTANCE,OK,0.957,2.779,,0,nearest_robot=robot1
199.000,original,-,robot6,MIN_DISTANCE,OK,4.904,2.779,,0,nearest_robot=robot5
199.000,original,-,fleet,MIN_DISTANCE_AVG,OK,2.779,,,0,robots_sampled=6
200.000,original,-,robot1,MIN_DISTANCE,OK,0.992,2.750,,0,nearest_robot=robot5
200.000,original,-,robot2,MIN_DISTANCE,OK,3.776,2.750,,0,nearest_robot=robot3
200.000,original,-,robot3,MIN_DISTANCE,OK,3.776,2.750,,0,nearest_robot=robot2
200.000,original,-,robot4,MIN_DISTANCE,OK,2.011,2.750,,0,nearest_robot=robot1
200.000,original,-,robot5,MIN_DISTANCE,OK,0.992,2.750,,0,nearest_robot=robot1
200.000,original,-,robot6,MIN_DISTANCE,OK,4.955,2.750,,0,nearest_robot=robot5
200.000,original,-,fleet,MIN_DISTANCE_AVG,OK,2.750,,,0,robots_sampled=6
201.000,original,-,robot1,MIN_DISTANCE,OK,0.988,2.675,,0,nearest_robot=robot5
201.000,original,-,robot2,MIN_DISTANCE,OK,3.554,2.675,,0,nearest_robot=robot3
201.000,original,-,robot3,MIN_DISTANCE,OK,3.554,2.675,,0,nearest_robot=robot2
201.000,original,-,robot4,MIN_DISTANCE,OK,1.714,2.675,,0,nearest_robot=robot1
201.000,original,-,robot5,MIN_DISTANCE,OK,0.988,2.675,,0,nearest_robot=robot1
201.000,original,-,robot6,MIN_DISTANCE,OK,5.252,2.675,,0,nearest_robot=robot5
201.000,original,-,fleet,MIN_DISTANCE_AVG,OK,2.675,,,0,robots_sampled=6
202.000,original,-,robot1,MIN_DISTANCE,OK,1.013,2.668,,0,nearest_robot=robot5
202.000,original,-,robot2,MIN_DISTANCE,OK,3.456,2.668,,0,nearest_robot=robot3
202.000,original,-,robot3,MIN_DISTANCE,OK,3.456,2.668,,0,nearest_robot=robot2
202.000,original,-,robot4,MIN_DISTANCE,OK,1.390,2.668,,0,nearest_robot=robot1
202.000,original,-,robot5,MIN_DISTANCE,OK,1.013,2.668,,0,nearest_robot=robot1
202.000,original,-,robot6,MIN_DISTANCE,OK,5.681,2.668,,0,nearest_robot=robot5
202.000,original,-,fleet,MIN_DISTANCE_AVG,OK,2.668,,,0,robots_sampled=6
203.000,original,-,robot1,MIN_DISTANCE,OK,1.127,2.701,,0,nearest_robot=robot5
203.000,original,-,robot2,MIN_DISTANCE,OK,3.436,2.701,,0,nearest_robot=robot3
203.000,original,-,robot3,MIN_DISTANCE,OK,3.436,2.701,,0,nearest_robot=robot2
203.000,original,-,robot4,MIN_DISTANCE,OK,1.204,2.701,,0,nearest_robot=robot1
203.000,original,-,robot5,MIN_DISTANCE,OK,1.127,2.701,,0,nearest_robot=robot1
203.000,original,-,robot6,MIN_DISTANCE,OK,5.873,2.701,,0,nearest_robot=robot5
203.000,original,-,fleet,MIN_DISTANCE_AVG,OK,2.701,,,0,robots_sampled=6
204.000,original,-,robot1,MIN_DISTANCE,OK,1.038,2.753,,0,nearest_robot=robot5
204.000,original,-,robot2,MIN_DISTANCE,OK,3.519,2.753,,0,nearest_robot=robot3
204.000,original,-,robot3,MIN_DISTANCE,OK,3.519,2.753,,0,nearest_robot=robot2
204.000,original,-,robot4,MIN_DISTANCE,OK,1.153,2.753,,0,nearest_robot=robot1
204.000,original,-,robot5,MIN_DISTANCE,OK,1.038,2.753,,0,nearest_robot=robot1
204.000,original,-,robot6,MIN_DISTANCE,OK,6.251,2.753,,0,nearest_robot=robot5
204.000,original,-,fleet,MIN_DISTANCE_AVG,OK,2.753,,,0,robots_sampled=6
205.000,original,-,robot1,MIN_DISTANCE,OK,1.010,2.787,,0,nearest_robot=robot5
205.000,original,-,robot2,MIN_DISTANCE,OK,3.513,2.787,,0,nearest_robot=robot3
205.000,original,-,robot3,MIN_DISTANCE,OK,3.513,2.787,,0,nearest_robot=robot2
205.000,original,-,robot4,MIN_DISTANCE,OK,1.040,2.787,,0,nearest_robot=robot1
205.000,original,-,robot5,MIN_DISTANCE,OK,1.010,2.787,,0,nearest_robot=robot1
205.000,original,-,robot6,MIN_DISTANCE,OK,6.638,2.787,,0,nearest_robot=robot5
205.000,original,-,fleet,MIN_DISTANCE_AVG,OK,2.787,,,0,robots_sampled=6
206.000,original,-,robot1,MIN_DISTANCE,OK,1.010,2.855,,0,nearest_robot=robot5
206.000,original,-,robot2,MIN_DISTANCE,OK,3.522,2.855,,0,nearest_robot=robot3
206.000,original,-,robot3,MIN_DISTANCE,OK,3.522,2.855,,0,nearest_robot=robot2
206.000,original,-,robot4,MIN_DISTANCE,OK,1.039,2.855,,0,nearest_robot=robot1
206.000,original,-,robot5,MIN_DISTANCE,OK,1.010,2.855,,0,nearest_robot=robot1
206.000,original,-,robot6,MIN_DISTANCE,OK,7.029,2.855,,0,nearest_robot=robot5
206.000,original,-,fleet,MIN_DISTANCE_AVG,OK,2.855,,,0,robots_sampled=6
207.000,original,-,robot1,MIN_DISTANCE,OK,1.010,2.928,,0,nearest_robot=robot5
207.000,original,-,robot2,MIN_DISTANCE,OK,3.520,2.928,,0,nearest_robot=robot3
207.000,original,-,robot3,MIN_DISTANCE,OK,3.520,2.928,,0,nearest_robot=robot2
207.000,original,-,robot4,MIN_DISTANCE,OK,1.062,2.928,,0,nearest_robot=robot1
207.000,original,-,robot5,MIN_DISTANCE,OK,1.010,2.928,,0,nearest_robot=robot1
207.000,original,-,robot6,MIN_DISTANCE,OK,7.446,2.928,,0,nearest_robot=robot5
207.000,original,-,fleet,MIN_DISTANCE_AVG,OK,2.928,,,0,robots_sampled=6
208.000,original,-,robot1,MIN_DISTANCE,OK,0.769,2.908,,0,nearest_robot=robot4
208.000,original,-,robot2,MIN_DISTANCE,OK,3.535,2.908,,0,nearest_robot=robot3
208.000,original,-,robot3,MIN_DISTANCE,OK,3.535,2.908,,0,nearest_robot=robot2
208.000,original,-,robot4,MIN_DISTANCE,OK,0.769,2.908,,0,nearest_robot=robot1
208.000,original,-,robot5,MIN_DISTANCE,OK,1.010,2.908,,0,nearest_robot=robot1
208.000,original,-,robot6,MIN_DISTANCE,OK,7.827,2.908,,0,nearest_robot=robot5
208.000,original,-,fleet,MIN_DISTANCE_AVG,OK,2.908,,,0,robots_sampled=6
209.000,original,-,robot1,MIN_DISTANCE,OK,0.788,2.987,,0,nearest_robot=robot4
209.000,original,-,robot2,MIN_DISTANCE,OK,3.542,2.987,,0,nearest_robot=robot3
209.000,original,-,robot3,MIN_DISTANCE,OK,3.542,2.987,,0,nearest_robot=robot2
209.000,original,-,robot4,MIN_DISTANCE,OK,0.788,2.987,,0,nearest_robot=robot1
209.000,original,-,robot5,MIN_DISTANCE,OK,1.010,2.987,,0,nearest_robot=robot1
209.000,original,-,robot6,MIN_DISTANCE,OK,8.251,2.987,,0,nearest_robot=robot5
209.000,original,-,fleet,MIN_DISTANCE_AVG,OK,2.987,,,0,robots_sampled=6
210.000,original,-,robot1,MIN_DISTANCE,OK,0.793,3.055,,0,nearest_robot=robot4
210.000,original,-,robot2,MIN_DISTANCE,OK,3.542,3.055,,0,nearest_robot=robot3
210.000,original,-,robot3,MIN_DISTANCE,OK,3.542,3.055,,0,nearest_robot=robot2
210.000,original,-,robot4,MIN_DISTANCE,OK,0.793,3.055,,0,nearest_robot=robot1
210.000,original,-,robot5,MIN_DISTANCE,OK,1.011,3.055,,0,nearest_robot=robot1
210.000,original,-,robot6,MIN_DISTANCE,OK,8.652,3.055,,0,nearest_robot=robot5
210.000,original,-,fleet,MIN_DISTANCE_AVG,OK,3.055,,,0,robots_sampled=6
211.000,original,-,robot1,MIN_DISTANCE,OK,0.793,3.128,,0,nearest_robot=robot4
211.000,original,-,robot2,MIN_DISTANCE,OK,3.542,3.128,,0,nearest_robot=robot3
211.000,original,-,robot3,MIN_DISTANCE,OK,3.542,3.128,,0,nearest_robot=robot2
211.000,original,-,robot4,MIN_DISTANCE,OK,0.793,3.128,,0,nearest_robot=robot1
211.000,original,-,robot5,MIN_DISTANCE,OK,1.011,3.128,,0,nearest_robot=robot1
211.000,original,-,robot6,MIN_DISTANCE,OK,9.088,3.128,,0,nearest_robot=robot5
211.000,original,-,fleet,MIN_DISTANCE_AVG,OK,3.128,,,0,robots_sampled=6
212.000,original,-,robot1,MIN_DISTANCE,OK,0.793,3.194,,0,nearest_robot=robot4
212.000,original,-,robot2,MIN_DISTANCE,OK,3.542,3.194,,0,nearest_robot=robot3
212.000,original,-,robot3,MIN_DISTANCE,OK,3.542,3.194,,0,nearest_robot=robot2
212.000,original,-,robot4,MIN_DISTANCE,OK,0.793,3.194,,0,nearest_robot=robot1
212.000,original,-,robot5,MIN_DISTANCE,OK,1.011,3.194,,0,nearest_robot=robot1
212.000,original,-,robot6,MIN_DISTANCE,OK,9.485,3.194,,0,nearest_robot=robot5
212.000,original,-,fleet,MIN_DISTANCE_AVG,OK,3.194,,,0,robots_sampled=6
213.000,original,-,robot1,MIN_DISTANCE,OK,0.793,3.265,,0,nearest_robot=robot4
213.000,original,-,robot2,MIN_DISTANCE,OK,3.542,3.265,,0,nearest_robot=robot3
213.000,original,-,robot3,MIN_DISTANCE,OK,3.542,3.265,,0,nearest_robot=robot2
213.000,original,-,robot4,MIN_DISTANCE,OK,0.793,3.265,,0,nearest_robot=robot1
213.000,original,-,robot5,MIN_DISTANCE,OK,1.011,3.265,,0,nearest_robot=robot1
213.000,original,-,robot6,MIN_DISTANCE,OK,9.907,3.265,,0,nearest_robot=robot5
213.000,original,-,fleet,MIN_DISTANCE_AVG,OK,3.265,,,0,robots_sampled=6
214.000,original,-,robot1,MIN_DISTANCE,OK,0.793,3.339,,0,nearest_robot=robot4
214.000,original,-,robot2,MIN_DISTANCE,OK,3.542,3.339,,0,nearest_robot=robot3
214.000,original,-,robot3,MIN_DISTANCE,OK,3.542,3.339,,0,nearest_robot=robot2
214.000,original,-,robot4,MIN_DISTANCE,OK,0.793,3.339,,0,nearest_robot=robot1
214.000,original,-,robot5,MIN_DISTANCE,OK,1.011,3.339,,0,nearest_robot=robot1
214.000,original,-,robot6,MIN_DISTANCE,OK,10.353,3.339,,0,nearest_robot=robot5
214.000,original,-,fleet,MIN_DISTANCE_AVG,OK,3.339,,,0,robots_sampled=6
215.000,original,-,robot1,MIN_DISTANCE,OK,0.793,3.411,,0,nearest_robot=robot4
215.000,original,-,robot2,MIN_DISTANCE,OK,3.542,3.411,,0,nearest_robot=robot3
215.000,original,-,robot3,MIN_DISTANCE,OK,3.542,3.411,,0,nearest_robot=robot2
215.000,original,-,robot4,MIN_DISTANCE,OK,0.793,3.411,,0,nearest_robot=robot1
215.000,original,-,robot5,MIN_DISTANCE,OK,1.011,3.411,,0,nearest_robot=robot1
215.000,original,-,robot6,MIN_DISTANCE,OK,10.787,3.411,,0,nearest_robot=robot5
215.000,original,-,fleet,MIN_DISTANCE_AVG,OK,3.411,,,0,robots_sampled=6
216.000,original,-,robot1,MIN_DISTANCE,OK,0.793,3.486,,0,nearest_robot=robot4
216.000,original,-,robot2,MIN_DISTANCE,OK,3.542,3.486,,0,nearest_robot=robot3
216.000,original,-,robot3,MIN_DISTANCE,OK,3.542,3.486,,0,nearest_robot=robot2
216.000,original,-,robot4,MIN_DISTANCE,OK,0.793,3.486,,0,nearest_robot=robot1
216.000,original,-,robot5,MIN_DISTANCE,OK,1.011,3.486,,0,nearest_robot=robot1
216.000,original,-,robot6,MIN_DISTANCE,OK,11.232,3.486,,0,nearest_robot=robot5
216.000,original,-,fleet,MIN_DISTANCE_AVG,OK,3.486,,,0,robots_sampled=6
217.000,original,-,robot1,MIN_DISTANCE,OK,0.793,3.556,,0,nearest_robot=robot4
217.000,original,-,robot2,MIN_DISTANCE,OK,3.542,3.556,,0,nearest_robot=robot3
217.000,original,-,robot3,MIN_DISTANCE,OK,3.542,3.556,,0,nearest_robot=robot2
217.000,original,-,robot4,MIN_DISTANCE,OK,0.793,3.556,,0,nearest_robot=robot1
217.000,original,-,robot5,MIN_DISTANCE,OK,1.012,3.556,,0,nearest_robot=robot1
217.000,original,-,robot6,MIN_DISTANCE,OK,11.653,3.556,,0,nearest_robot=robot5
217.000,original,-,fleet,MIN_DISTANCE_AVG,OK,3.556,,,0,robots_sampled=6
218.000,original,-,robot1,MIN_DISTANCE,OK,0.792,3.626,,0,nearest_robot=robot4
218.000,original,-,robot2,MIN_DISTANCE,OK,3.542,3.626,,0,nearest_robot=robot3
218.000,original,-,robot3,MIN_DISTANCE,OK,3.542,3.626,,0,nearest_robot=robot2
218.000,original,-,robot4,MIN_DISTANCE,OK,0.792,3.626,,0,nearest_robot=robot1
218.000,original,-,robot5,MIN_DISTANCE,OK,1.012,3.626,,0,nearest_robot=robot1
218.000,original,-,robot6,MIN_DISTANCE,OK,12.073,3.626,,0,nearest_robot=robot5
218.000,original,-,fleet,MIN_DISTANCE_AVG,OK,3.626,,,0,robots_sampled=6
219.000,original,-,robot1,MIN_DISTANCE,OK,0.792,3.669,,0,nearest_robot=robot4
219.000,original,-,robot2,MIN_DISTANCE,OK,3.542,3.669,,0,nearest_robot=robot3
219.000,original,-,robot3,MIN_DISTANCE,OK,3.542,3.669,,0,nearest_robot=robot2
219.000,original,-,robot4,MIN_DISTANCE,OK,0.792,3.669,,0,nearest_robot=robot1
219.000,original,-,robot5,MIN_DISTANCE,OK,1.012,3.669,,0,nearest_robot=robot1
219.000,original,-,robot6,MIN_DISTANCE,OK,12.334,3.669,,0,nearest_robot=robot5
219.000,original,-,fleet,MIN_DISTANCE_AVG,OK,3.669,,,0,robots_sampled=6
220.000,original,-,robot1,MIN_DISTANCE,OK,0.792,3.680,,0,nearest_robot=robot4
220.000,original,-,robot2,MIN_DISTANCE,OK,3.543,3.680,,0,nearest_robot=robot3
220.000,original,-,robot3,MIN_DISTANCE,OK,3.543,3.680,,0,nearest_robot=robot2
220.000,original,-,robot4,MIN_DISTANCE,OK,0.792,3.680,,0,nearest_robot=robot1
220.000,original,-,robot5,MIN_DISTANCE,OK,1.012,3.680,,0,nearest_robot=robot1
220.000,original,-,robot6,MIN_DISTANCE,OK,12.397,3.680,,0,nearest_robot=robot5
220.000,original,-,fleet,MIN_DISTANCE_AVG,OK,3.680,,,0,robots_sampled=6
221.000,original,-,robot1,MIN_DISTANCE,OK,0.792,3.677,,0,nearest_robot=robot4
221.000,original,-,robot2,MIN_DISTANCE,OK,3.543,3.677,,0,nearest_robot=robot3
221.000,original,-,robot3,MIN_DISTANCE,OK,3.543,3.677,,0,nearest_robot=robot2
221.000,original,-,robot4,MIN_DISTANCE,OK,0.792,3.677,,0,nearest_robot=robot1
221.000,original,-,robot5,MIN_DISTANCE,OK,1.012,3.677,,0,nearest_robot=robot1
221.000,original,-,robot6,MIN_DISTANCE,OK,12.379,3.677,,0,nearest_robot=robot5
221.000,original,-,fleet,MIN_DISTANCE_AVG,OK,3.677,,,0,robots_sampled=6
222.000,original,-,robot1,MIN_DISTANCE,OK,0.792,3.670,,0,nearest_robot=robot4
222.000,original,-,robot2,MIN_DISTANCE,OK,3.543,3.670,,0,nearest_robot=robot3
222.000,original,-,robot3,MIN_DISTANCE,OK,3.543,3.670,,0,nearest_robot=robot2
222.000,original,-,robot4,MIN_DISTANCE,OK,0.792,3.670,,0,nearest_robot=robot1
222.000,original,-,robot5,MIN_DISTANCE,OK,1.012,3.670,,0,nearest_robot=robot1
222.000,original,-,robot6,MIN_DISTANCE,OK,12.336,3.670,,0,nearest_robot=robot5
222.000,original,-,fleet,MIN_DISTANCE_AVG,OK,3.670,,,0,robots_sampled=6
222.360,original,-,fleet,CHOMP_TIME_FULL,OK,,31.736,,0,iterations=100;iterations_executed=100;source=algorithm;round_trip=31.759641
223.000,original,-,fleet,REPLAN_FULL,OK,,,robot1|robot2|robot3|robot4|robot5|robot6,0,original_full_optimization
223.000,original,-,robot1,MIN_DISTANCE,OK,0.792,3.664,,0,nearest_robot=robot4
223.000,original,-,robot2,MIN_DISTANCE,OK,3.542,3.664,,0,nearest_robot=robot3
223.000,original,-,robot3,MIN_DISTANCE,OK,3.542,3.664,,0,nearest_robot=robot2
223.000,original,-,robot4,MIN_DISTANCE,OK,0.792,3.664,,0,nearest_robot=robot1
223.000,original,-,robot5,MIN_DISTANCE,OK,1.013,3.664,,0,nearest_robot=robot1
223.000,original,-,robot6,MIN_DISTANCE,OK,12.303,3.664,,0,nearest_robot=robot5
223.000,original,-,fleet,MIN_DISTANCE_AVG,OK,3.664,,,0,robots_sampled=6
224.000,original,-,robot1,MIN_DISTANCE,OK,0.792,3.668,,0,nearest_robot=robot4
224.000,original,-,robot2,MIN_DISTANCE,OK,3.539,3.668,,0,nearest_robot=robot3
224.000,original,-,robot3,MIN_DISTANCE,OK,3.539,3.668,,0,nearest_robot=robot2
224.000,original,-,robot4,MIN_DISTANCE,OK,0.792,3.668,,0,nearest_robot=robot1
224.000,original,-,robot5,MIN_DISTANCE,OK,1.013,3.668,,0,nearest_robot=robot1
224.000,original,-,robot6,MIN_DISTANCE,OK,12.331,3.668,,0,nearest_robot=robot5
224.000,original,-,fleet,MIN_DISTANCE_AVG,OK,3.668,,,0,robots_sampled=6
225.000,original,-,robot1,MIN_DISTANCE,OK,0.792,3.674,,0,nearest_robot=robot4
225.000,original,-,robot2,MIN_DISTANCE,OK,3.537,3.674,,0,nearest_robot=robot3
225.000,original,-,robot3,MIN_DISTANCE,OK,3.537,3.674,,0,nearest_robot=robot2
225.000,original,-,robot4,MIN_DISTANCE,OK,0.792,3.674,,0,nearest_robot=robot1
225.000,original,-,robot5,MIN_DISTANCE,OK,1.013,3.674,,0,nearest_robot=robot1
225.000,original,-,robot6,MIN_DISTANCE,OK,12.377,3.674,,0,nearest_robot=robot5
225.000,original,-,fleet,MIN_DISTANCE_AVG,OK,3.674,,,0,robots_sampled=6
226.000,original,-,robot1,MIN_DISTANCE,OK,0.792,3.671,,0,nearest_robot=robot4
226.000,original,-,robot2,MIN_DISTANCE,OK,3.535,3.671,,0,nearest_robot=robot3
226.000,original,-,robot3,MIN_DISTANCE,OK,3.535,3.671,,0,nearest_robot=robot2
226.000,original,-,robot4,MIN_DISTANCE,OK,0.792,3.671,,0,nearest_robot=robot1
226.000,original,-,robot5,MIN_DISTANCE,OK,1.013,3.671,,0,nearest_robot=robot1
226.000,original,-,robot6,MIN_DISTANCE,OK,12.361,3.671,,0,nearest_robot=robot5
226.000,original,-,fleet,MIN_DISTANCE_AVG,OK,3.671,,,0,robots_sampled=6
227.000,original,-,robot1,MIN_DISTANCE,OK,0.792,3.668,,0,nearest_robot=robot4
227.000,original,-,robot2,MIN_DISTANCE,OK,3.533,3.668,,0,nearest_robot=robot3
227.000,original,-,robot3,MIN_DISTANCE,OK,3.533,3.668,,0,nearest_robot=robot2
227.000,original,-,robot4,MIN_DISTANCE,OK,0.792,3.668,,0,nearest_robot=robot1
227.000,original,-,robot5,MIN_DISTANCE,OK,1.013,3.668,,0,nearest_robot=robot1
227.000,original,-,robot6,MIN_DISTANCE,OK,12.343,3.668,,0,nearest_robot=robot5
227.000,original,-,fleet,MIN_DISTANCE_AVG,OK,3.668,,,0,robots_sampled=6
228.000,original,-,robot1,MIN_DISTANCE,OK,0.792,3.676,,0,nearest_robot=robot4
228.000,original,-,robot2,MIN_DISTANCE,OK,3.532,3.676,,0,nearest_robot=robot3
228.000,original,-,robot3,MIN_DISTANCE,OK,3.532,3.676,,0,nearest_robot=robot2
228.000,original,-,robot4,MIN_DISTANCE,OK,0.792,3.676,,0,nearest_robot=robot1
228.000,original,-,robot5,MIN_DISTANCE,OK,1.013,3.676,,0,nearest_robot=robot1
228.000,original,-,robot6,MIN_DISTANCE,OK,12.393,3.676,,0,nearest_robot=robot5
228.000,original,-,fleet,MIN_DISTANCE_AVG,OK,3.676,,,0,robots_sampled=6
229.000,original,-,robot1,MIN_DISTANCE,OK,0.792,3.675,,0,nearest_robot=robot4
229.000,original,-,robot2,MIN_DISTANCE,OK,3.531,3.675,,0,nearest_robot=robot3
229.000,original,-,robot3,MIN_DISTANCE,OK,3.531,3.675,,0,nearest_robot=robot2
229.000,original,-,robot4,MIN_DISTANCE,OK,0.792,3.675,,0,nearest_robot=robot1
229.000,original,-,robot5,MIN_DISTANCE,OK,1.014,3.675,,0,nearest_robot=robot1
229.000,original,-,robot6,MIN_DISTANCE,OK,12.389,3.675,,0,nearest_robot=robot5
229.000,original,-,fleet,MIN_DISTANCE_AVG,OK,3.675,,,0,robots_sampled=6
230.000,original,-,robot1,MIN_DISTANCE,OK,0.792,3.675,,0,nearest_robot=robot4
230.000,original,-,robot2,MIN_DISTANCE,OK,3.531,3.675,,0,nearest_robot=robot3
230.000,original,-,robot3,MIN_DISTANCE,OK,3.531,3.675,,0,nearest_robot=robot2
230.000,original,-,robot4,MIN_DISTANCE,OK,0.792,3.675,,0,nearest_robot=robot1
230.000,original,-,robot5,MIN_DISTANCE,OK,1.014,3.675,,0,nearest_robot=robot1
230.000,original,-,robot6,MIN_DISTANCE,OK,12.390,3.675,,0,nearest_robot=robot5
230.000,original,-,fleet,MIN_DISTANCE_AVG,OK,3.675,,,0,robots_sampled=6
231.000,original,-,robot1,MIN_DISTANCE,OK,0.792,3.674,,0,nearest_robot=robot4
231.000,original,-,robot2,MIN_DISTANCE,OK,3.530,3.674,,0,nearest_robot=robot3
231.000,original,-,robot3,MIN_DISTANCE,OK,3.530,3.674,,0,nearest_robot=robot2
231.000,original,-,robot4,MIN_DISTANCE,OK,0.792,3.674,,0,nearest_robot=robot1
231.000,original,-,robot5,MIN_DISTANCE,OK,1.014,3.674,,0,nearest_robot=robot1
231.000,original,-,robot6,MIN_DISTANCE,OK,12.390,3.674,,0,nearest_robot=robot5
231.000,original,-,fleet,MIN_DISTANCE_AVG,OK,3.674,,,0,robots_sampled=6
232.000,original,-,robot1,MIN_DISTANCE,OK,0.791,3.674,,0,nearest_robot=robot4
232.000,original,-,robot2,MIN_DISTANCE,OK,3.529,3.674,,0,nearest_robot=robot3
232.000,original,-,robot3,MIN_DISTANCE,OK,3.529,3.674,,0,nearest_robot=robot2
232.000,original,-,robot4,MIN_DISTANCE,OK,0.791,3.674,,0,nearest_robot=robot1
232.000,original,-,robot5,MIN_DISTANCE,OK,1.014,3.674,,0,nearest_robot=robot1
232.000,original,-,robot6,MIN_DISTANCE,OK,12.390,3.674,,0,nearest_robot=robot5
232.000,original,-,fleet,MIN_DISTANCE_AVG,OK,3.674,,,0,robots_sampled=6
233.000,original,-,robot1,MIN_DISTANCE,OK,0.791,3.674,,0,nearest_robot=robot4
233.000,original,-,robot2,MIN_DISTANCE,OK,3.530,3.674,,0,nearest_robot=robot3
233.000,original,-,robot3,MIN_DISTANCE,OK,3.530,3.674,,0,nearest_robot=robot2
233.000,original,-,robot4,MIN_DISTANCE,OK,0.791,3.674,,0,nearest_robot=robot1
233.000,original,-,robot5,MIN_DISTANCE,OK,1.014,3.674,,0,nearest_robot=robot1
233.000,original,-,robot6,MIN_DISTANCE,OK,12.390,3.674,,0,nearest_robot=robot5
233.000,original,-,fleet,MIN_DISTANCE_AVG,OK,3.674,,,0,robots_sampled=6
234.000,original,-,robot1,MIN_DISTANCE,OK,0.791,3.674,,0,nearest_robot=robot4
234.000,original,-,robot2,MIN_DISTANCE,OK,3.530,3.674,,0,nearest_robot=robot3
234.000,original,-,robot3,MIN_DISTANCE,OK,3.530,3.674,,0,nearest_robot=robot2
234.000,original,-,robot4,MIN_DISTANCE,OK,0.791,3.674,,0,nearest_robot=robot1
234.000,original,-,robot5,MIN_DISTANCE,OK,1.014,3.674,,0,nearest_robot=robot1
234.000,original,-,robot6,MIN_DISTANCE,OK,12.390,3.674,,0,nearest_robot=robot5
234.000,original,-,fleet,MIN_DISTANCE_AVG,OK,3.674,,,0,robots_sampled=6
235.000,original,-,robot1,MIN_DISTANCE,OK,0.791,3.674,,0,nearest_robot=robot4
235.000,original,-,robot2,MIN_DISTANCE,OK,3.530,3.674,,0,nearest_robot=robot3
235.000,original,-,robot3,MIN_DISTANCE,OK,3.530,3.674,,0,nearest_robot=robot2
235.000,original,-,robot4,MIN_DISTANCE,OK,0.791,3.674,,0,nearest_robot=robot1
235.000,original,-,robot5,MIN_DISTANCE,OK,1.015,3.674,,0,nearest_robot=robot1
235.000,original,-,robot6,MIN_DISTANCE,OK,12.390,3.674,,0,nearest_robot=robot5
235.000,original,-,fleet,MIN_DISTANCE_AVG,OK,3.674,,,0,robots_sampled=6
236.000,original,-,robot1,MIN_DISTANCE,OK,0.791,3.674,,0,nearest_robot=robot4
236.000,original,-,robot2,MIN_DISTANCE,OK,3.530,3.674,,0,nearest_robot=robot3
236.000,original,-,robot3,MIN_DISTANCE,OK,3.530,3.674,,0,nearest_robot=robot2
236.000,original,-,robot4,MIN_DISTANCE,OK,0.791,3.674,,0,nearest_robot=robot1
236.000,original,-,robot5,MIN_DISTANCE,OK,1.015,3.674,,0,nearest_robot=robot1
236.000,original,-,robot6,MIN_DISTANCE,OK,12.390,3.674,,0,nearest_robot=robot5
236.000,original,-,fleet,MIN_DISTANCE_AVG,OK,3.674,,,0,robots_sampled=6
237.000,original,-,robot1,MIN_DISTANCE,OK,0.791,3.674,,0,nearest_robot=robot4
237.000,original,-,robot2,MIN_DISTANCE,OK,3.530,3.674,,0,nearest_robot=robot3
237.000,original,-,robot3,MIN_DISTANCE,OK,3.530,3.674,,0,nearest_robot=robot2
237.000,original,-,robot4,MIN_DISTANCE,OK,0.791,3.674,,0,nearest_robot=robot1
237.000,original,-,robot5,MIN_DISTANCE,OK,1.015,3.674,,0,nearest_robot=robot1
237.000,original,-,robot6,MIN_DISTANCE,OK,12.390,3.674,,0,nearest_robot=robot5
237.000,original,-,fleet,MIN_DISTANCE_AVG,OK,3.674,,,0,robots_sampled=6
238.000,original,-,robot1,MIN_DISTANCE,OK,0.791,3.674,,0,nearest_robot=robot4
238.000,original,-,robot2,MIN_DISTANCE,OK,3.530,3.674,,0,nearest_robot=robot3
238.000,original,-,robot3,MIN_DISTANCE,OK,3.530,3.674,,0,nearest_robot=robot2
238.000,original,-,robot4,MIN_DISTANCE,OK,0.791,3.674,,0,nearest_robot=robot1
238.000,original,-,robot5,MIN_DISTANCE,OK,1.015,3.674,,0,nearest_robot=robot1
238.000,original,-,robot6,MIN_DISTANCE,OK,12.390,3.674,,0,nearest_robot=robot5
238.000,original,-,fleet,MIN_DISTANCE_AVG,OK,3.674,,,0,robots_sampled=6
239.000,original,-,robot1,MIN_DISTANCE,OK,0.791,3.674,,0,nearest_robot=robot4
239.000,original,-,robot2,MIN_DISTANCE,OK,3.530,3.674,,0,nearest_robot=robot3
239.000,original,-,robot3,MIN_DISTANCE,OK,3.530,3.674,,0,nearest_robot=robot2
239.000,original,-,robot4,MIN_DISTANCE,OK,0.791,3.674,,0,nearest_robot=robot1
239.000,original,-,robot5,MIN_DISTANCE,OK,1.015,3.674,,0,nearest_robot=robot1
239.000,original,-,robot6,MIN_DISTANCE,OK,12.390,3.674,,0,nearest_robot=robot5
239.000,original,-,fleet,MIN_DISTANCE_AVG,OK,3.674,,,0,robots_sampled=6
240.000,original,-,robot1,MIN_DISTANCE,OK,0.791,3.675,,0,nearest_robot=robot4
240.000,original,-,robot2,MIN_DISTANCE,OK,3.530,3.675,,0,nearest_robot=robot3
240.000,original,-,robot3,MIN_DISTANCE,OK,3.530,3.675,,0,nearest_robot=robot2
240.000,original,-,robot4,MIN_DISTANCE,OK,0.791,3.675,,0,nearest_robot=robot1
240.000,original,-,robot5,MIN_DISTANCE,OK,1.015,3.675,,0,nearest_robot=robot1
240.000,original,-,robot6,MIN_DISTANCE,OK,12.390,3.675,,0,nearest_robot=robot5
240.000,original,-,fleet,MIN_DISTANCE_AVG,OK,3.675,,,0,robots_sampled=6
241.000,original,-,robot1,MIN_DISTANCE,OK,0.791,3.675,,0,nearest_robot=robot4
241.000,original,-,robot2,MIN_DISTANCE,OK,3.530,3.675,,0,nearest_robot=robot3
241.000,original,-,robot3,MIN_DISTANCE,OK,3.530,3.675,,0,nearest_robot=robot2
241.000,original,-,robot4,MIN_DISTANCE,OK,0.791,3.675,,0,nearest_robot=robot1
241.000,original,-,robot5,MIN_DISTANCE,OK,1.016,3.675,,0,nearest_robot=robot1
241.000,original,-,robot6,MIN_DISTANCE,OK,12.390,3.675,,0,nearest_robot=robot5
241.000,original,-,fleet,MIN_DISTANCE_AVG,OK,3.675,,,0,robots_sampled=6
242.000,original,-,robot1,MIN_DISTANCE,OK,0.791,3.675,,0,nearest_robot=robot4
242.000,original,-,robot2,MIN_DISTANCE,OK,3.530,3.675,,0,nearest_robot=robot3
242.000,original,-,robot3,MIN_DISTANCE,OK,3.530,3.675,,0,nearest_robot=robot2
242.000,original,-,robot4,MIN_DISTANCE,OK,0.791,3.675,,0,nearest_robot=robot1
242.000,original,-,robot5,MIN_DISTANCE,OK,1.016,3.675,,0,nearest_robot=robot1
242.000,original,-,robot6,MIN_DISTANCE,OK,12.390,3.675,,0,nearest_robot=robot5
242.000,original,-,fleet,MIN_DISTANCE_AVG,OK,3.675,,,0,robots_sampled=6
243.000,original,-,robot1,MIN_DISTANCE,OK,0.791,3.675,,0,nearest_robot=robot4
243.000,original,-,robot2,MIN_DISTANCE,OK,3.530,3.675,,0,nearest_robot=robot3
243.000,original,-,robot3,MIN_DISTANCE,OK,3.530,3.675,,0,nearest_robot=robot2
243.000,original,-,robot4,MIN_DISTANCE,OK,0.791,3.675,,0,nearest_robot=robot1
243.000,original,-,robot5,MIN_DISTANCE,OK,1.016,3.675,,0,nearest_robot=robot1
243.000,original,-,robot6,MIN_DISTANCE,OK,12.390,3.675,,0,nearest_robot=robot5
243.000,original,-,fleet,MIN_DISTANCE_AVG,OK,3.675,,,0,robots_sampled=6
244.000,original,-,robot1,MIN_DISTANCE,OK,0.791,3.675,,0,nearest_robot=robot4
244.000,original,-,robot2,MIN_DISTANCE,OK,3.530,3.675,,0,nearest_robot=robot3
244.000,original,-,robot3,MIN_DISTANCE,OK,3.530,3.675,,0,nearest_robot=robot2
244.000,original,-,robot4,MIN_DISTANCE,OK,0.791,3.675,,0,nearest_robot=robot1
244.000,original,-,robot5,MIN_DISTANCE,OK,1.016,3.675,,0,nearest_robot=robot1
244.000,original,-,robot6,MIN_DISTANCE,OK,12.390,3.675,,0,nearest_robot=robot5
244.000,original,-,fleet,MIN_DISTANCE_AVG,OK,3.675,,,0,robots_sampled=6
245.000,original,-,robot1,MIN_DISTANCE,OK,0.791,3.675,,0,nearest_robot=robot4
245.000,original,-,robot2,MIN_DISTANCE,OK,3.531,3.675,,0,nearest_robot=robot3
245.000,original,-,robot3,MIN_DISTANCE,OK,3.531,3.675,,0,nearest_robot=robot2
245.000,original,-,robot4,MIN_DISTANCE,OK,0.791,3.675,,0,nearest_robot=robot1
245.000,original,-,robot5,MIN_DISTANCE,OK,1.016,3.675,,0,nearest_robot=robot1
245.000,original,-,robot6,MIN_DISTANCE,OK,12.390,3.675,,0,nearest_robot=robot5
245.000,original,-,fleet,MIN_DISTANCE_AVG,OK,3.675,,,0,robots_sampled=6
246.000,original,-,robot1,MIN_DISTANCE,OK,0.790,3.675,,0,nearest_robot=robot4
246.000,original,-,robot2,MIN_DISTANCE,OK,3.531,3.675,,0,nearest_robot=robot3
246.000,original,-,robot3,MIN_DISTANCE,OK,3.531,3.675,,0,nearest_robot=robot2
246.000,original,-,robot4,MIN_DISTANCE,OK,0.790,3.675,,0,nearest_robot=robot1
246.000,original,-,robot5,MIN_DISTANCE,OK,1.016,3.675,,0,nearest_robot=robot1
246.000,original,-,robot6,MIN_DISTANCE,OK,12.390,3.675,,0,nearest_robot=robot5
246.000,original,-,fleet,MIN_DISTANCE_AVG,OK,3.675,,,0,robots_sampled=6
247.000,original,-,robot1,MIN_DISTANCE,OK,0.790,3.675,,0,nearest_robot=robot4
247.000,original,-,robot2,MIN_DISTANCE,OK,3.531,3.675,,0,nearest_robot=robot3
247.000,original,-,robot3,MIN_DISTANCE,OK,3.531,3.675,,0,nearest_robot=robot2
247.000,original,-,robot4,MIN_DISTANCE,OK,0.790,3.675,,0,nearest_robot=robot1
247.000,original,-,robot5,MIN_DISTANCE,OK,1.017,3.675,,0,nearest_robot=robot1
247.000,original,-,robot6,MIN_DISTANCE,OK,12.390,3.675,,0,nearest_robot=robot5
247.000,original,-,fleet,MIN_DISTANCE_AVG,OK,3.675,,,0,robots_sampled=6
248.000,original,-,robot1,MIN_DISTANCE,OK,0.790,3.675,,0,nearest_robot=robot4
248.000,original,-,robot2,MIN_DISTANCE,OK,3.531,3.675,,0,nearest_robot=robot3
248.000,original,-,robot3,MIN_DISTANCE,OK,3.531,3.675,,0,nearest_robot=robot2
248.000,original,-,robot4,MIN_DISTANCE,OK,0.790,3.675,,0,nearest_robot=robot1
248.000,original,-,robot5,MIN_DISTANCE,OK,1.017,3.675,,0,nearest_robot=robot1
248.000,original,-,robot6,MIN_DISTANCE,OK,12.390,3.675,,0,nearest_robot=robot5
248.000,original,-,fleet,MIN_DISTANCE_AVG,OK,3.675,,,0,robots_sampled=6
249.000,original,-,robot1,MIN_DISTANCE,OK,0.790,3.675,,0,nearest_robot=robot4
249.000,original,-,robot2,MIN_DISTANCE,OK,3.531,3.675,,0,nearest_robot=robot3
249.000,original,-,robot3,MIN_DISTANCE,OK,3.531,3.675,,0,nearest_robot=robot2
249.000,original,-,robot4,MIN_DISTANCE,OK,0.790,3.675,,0,nearest_robot=robot1
249.000,original,-,robot5,MIN_DISTANCE,OK,1.017,3.675,,0,nearest_robot=robot1
249.000,original,-,robot6,MIN_DISTANCE,OK,12.390,3.675,,0,nearest_robot=robot5
249.000,original,-,fleet,MIN_DISTANCE_AVG,OK,3.675,,,0,robots_sampled=6
250.000,original,-,robot1,MIN_DISTANCE,OK,0.790,3.675,,0,nearest_robot=robot4
250.000,original,-,robot2,MIN_DISTANCE,OK,3.531,3.675,,0,nearest_robot=robot3
250.000,original,-,robot3,MIN_DISTANCE,OK,3.531,3.675,,0,nearest_robot=robot2
250.000,original,-,robot4,MIN_DISTANCE,OK,0.790,3.675,,0,nearest_robot=robot1
250.000,original,-,robot5,MIN_DISTANCE,OK,1.017,3.675,,0,nearest_robot=robot1
250.000,original,-,robot6,MIN_DISTANCE,OK,12.390,3.675,,0,nearest_robot=robot5
250.000,original,-,fleet,MIN_DISTANCE_AVG,OK,3.675,,,0,robots_sampled=6
250.510,original,-,fleet,CHOMP_TIME_FULL,OK,,32.640,,0,iterations=100;iterations_executed=100;source=algorithm;round_trip=32.680916
251.000,original,-,robot1,MIN_DISTANCE,OK,0.774,3.684,,0,nearest_robot=robot4
251.000,original,-,robot2,MIN_DISTANCE,OK,3.575,3.684,,0,nearest_robot=robot3
251.000,original,-,robot3,MIN_DISTANCE,OK,3.575,3.684,,0,nearest_robot=robot2
251.000,original,-,robot4,MIN_DISTANCE,OK,0.774,3.684,,0,nearest_robot=robot1
251.000,original,-,robot5,MIN_DISTANCE,OK,1.010,3.684,,0,nearest_robot=robot1
251.000,original,-,robot6,MIN_DISTANCE,OK,12.395,3.684,,0,nearest_robot=robot5
251.000,original,-,fleet,MIN_DISTANCE_AVG,OK,3.684,,,0,robots_sampled=6
251.500,original,-,fleet,REPLAN_FULL,OK,,,robot1|robot2|robot3|robot4|robot5|robot6,0,original_full_optimization
252.000,original,-,robot1,MIN_DISTANCE,OK,0.737,3.726,,0,nearest_robot=robot4
252.000,original,-,robot2,MIN_DISTANCE,OK,3.750,3.726,,0,nearest_robot=robot3
252.000,original,-,robot3,MIN_DISTANCE,OK,3.750,3.726,,0,nearest_robot=robot2
252.000,original,-,robot4,MIN_DISTANCE,OK,0.737,3.726,,0,nearest_robot=robot1
252.000,original,-,robot5,MIN_DISTANCE,OK,0.995,3.726,,0,nearest_robot=robot1
252.000,original,-,robot6,MIN_DISTANCE,OK,12.386,3.726,,0,nearest_robot=robot5
252.000,original,-,fleet,MIN_DISTANCE_AVG,OK,3.726,,,0,robots_sampled=6
253.000,original,-,robot1,MIN_DISTANCE,OK,0.880,3.807,,0,nearest_robot=robot4
253.000,original,-,robot2,MIN_DISTANCE,OK,3.825,3.807,,0,nearest_robot=robot3
253.000,original,-,robot3,MIN_DISTANCE,OK,3.825,3.807,,0,nearest_robot=robot2
253.000,original,-,robot4,MIN_DISTANCE,OK,0.880,3.807,,0,nearest_robot=robot1
253.000,original,-,robot5,MIN_DISTANCE,OK,1.266,3.807,,0,nearest_robot=robot1
253.000,original,-,robot6,MIN_DISTANCE,OK,12.163,3.807,,0,nearest_robot=robot5
253.000,original,-,fleet,MIN_DISTANCE_AVG,OK,3.807,,,0,robots_sampled=6
254.000,original,-,robot1,MIN_DISTANCE,OK,1.175,3.908,,0,nearest_robot=robot4
254.000,original,-,robot2,MIN_DISTANCE,OK,3.800,3.908,,0,nearest_robot=robot3
254.000,original,-,robot3,MIN_DISTANCE,OK,3.800,3.908,,0,nearest_robot=robot2
254.000,original,-,robot4,MIN_DISTANCE,OK,1.175,3.908,,0,nearest_robot=robot1
254.000,original,-,robot5,MIN_DISTANCE,OK,1.531,3.908,,0,nearest_robot=robot1
254.000,original,-,robot6,MIN_DISTANCE,OK,11.963,3.908,,0,nearest_robot=robot5
254.000,original,-,fleet,MIN_DISTANCE_AVG,OK,3.908,,,0,robots_sampled=6
255.000,original,-,robot1,MIN_DISTANCE,OK,1.589,4.061,,0,nearest_robot=robot4
255.000,original,-,robot2,MIN_DISTANCE,OK,3.848,4.061,,0,nearest_robot=robot3
255.000,original,-,robot3,MIN_DISTANCE,OK,3.848,4.061,,0,nearest_robot=robot2
255.000,original,-,robot4,MIN_DISTANCE,OK,1.589,4.061,,0,nearest_robot=robot1
255.000,original,-,robot5,MIN_DISTANCE,OK,1.716,4.061,,0,nearest_robot=robot1
255.000,original,-,robot6,MIN_DISTANCE,OK,11.777,4.061,,0,nearest_robot=robot5
255.000,original,-,fleet,MIN_DISTANCE_AVG,OK,4.061,,,0,robots_sampled=6
256.000,original,-,robot1,MIN_DISTANCE,OK,1.777,4.191,,0,nearest_robot=robot5
256.000,original,-,robot2,MIN_DISTANCE,OK,4.027,4.191,,0,nearest_robot=robot3
256.000,original,-,robot3,MIN_DISTANCE,OK,4.027,4.191,,0,nearest_robot=robot2
256.000,original,-,robot4,MIN_DISTANCE,OK,1.950,4.191,,0,nearest_robot=robot1
256.000,original,-,robot5,MIN_DISTANCE,OK,1.777,4.191,,0,nearest_robot=robot1
256.000,original,-,robot6,MIN_DISTANCE,OK,11.589,4.191,,0,nearest_robot=robot5
256.000,original,-,fleet,MIN_DISTANCE_AVG,OK,4.191,,,0,robots_sampled=6
257.000,original,-,robot1,MIN_DISTANCE,OK,1.814,4.210,,0,nearest_robot=robot5
257.000,original,-,robot2,MIN_DISTANCE,OK,4.028,4.210,,0,nearest_robot=robot3
257.000,original,-,robot3,MIN_DISTANCE,OK,4.028,4.210,,0,nearest_robot=robot2
257.000,original,-,robot4,MIN_DISTANCE,OK,2.316,4.210,,0,nearest_robot=robot1
257.000,original,-,robot5,MIN_DISTANCE,OK,1.814,4.210,,0,nearest_robot=robot1
257.000,original,-,robot6,MIN_DISTANCE,OK,11.262,4.210,,0,nearest_robot=robot5
257.000,original,-,fleet,MIN_DISTANCE_AVG,OK,4.210,,,0,robots_sampled=6
258.000,original,-,robot1,MIN_DISTANCE,OK,1.878,4.204,,0,nearest_robot=robot5
258.000,original,-,robot2,MIN_DISTANCE,OK,4.028,4.204,,0,nearest_robot=robot3
258.000,original,-,robot3,MIN_DISTANCE,OK,4.028,4.204,,0,nearest_robot=robot2
258.000,original,-,robot4,MIN_DISTANCE,OK,2.490,4.204,,0,nearest_robot=robot1
258.000,original,-,robot5,MIN_DISTANCE,OK,1.878,4.204,,0,nearest_robot=robot1
258.000,original,-,robot6,MIN_DISTANCE,OK,10.921,4.204,,0,nearest_robot=robot5
258.000,original,-,fleet,MIN_DISTANCE_AVG,OK,4.204,,,0,robots_sampled=6
259.000,original,-,robot1,MIN_DISTANCE,OK,1.943,4.166,,0,nearest_robot=robot5
259.000,original,-,robot2,MIN_DISTANCE,OK,4.028,4.166,,0,nearest_robot=robot3
259.000,original,-,robot3,MIN_DISTANCE,OK,4.028,4.166,,0,nearest_robot=robot2
259.000,original,-,robot4,MIN_DISTANCE,OK,2.502,4.166,,0,nearest_robot=robot1
259.000,original,-,robot5,MIN_DISTANCE,OK,1.943,4.166,,0,nearest_robot=robot1
259.000,original,-,robot6,MIN_DISTANCE,OK,10.550,4.166,,0,nearest_robot=robot5
259.000,original,-,fleet,MIN_DISTANCE_AVG,OK,4.166,,,0,robots_sampled=6
260.000,original,-,robot1,MIN_DISTANCE,OK,1.894,4.093,,0,nearest_robot=robot5
260.000,original,-,robot2,MIN_DISTANCE,OK,4.028,4.093,,0,nearest_robot=robot3
260.000,original,-,robot3,MIN_DISTANCE,OK,4.028,4.093,,0,nearest_robot=robot2
260.000,original,-,robot4,MIN_DISTANCE,OK,2.595,4.093,,0,nearest_robot=robot1
260.000,original,-,robot5,MIN_DISTANCE,OK,1.894,4.093,,0,nearest_robot=robot1
260.000,original,-,robot6,MIN_DISTANCE,OK,10.119,4.093,,0,nearest_robot=robot5
260.000,original,-,fleet,MIN_DISTANCE_AVG,OK,4.093,,,0,robots_sampled=6
261.000,original,-,robot1,MIN_DISTANCE,OK,1.909,4.044,,0,nearest_robot=robot5
261.000,original,-,robot2,MIN_DISTANCE,OK,4.028,4.044,,0,nearest_robot=robot3
261.000,original,-,robot3,MIN_DISTANCE,OK,4.028,4.044,,0,nearest_robot=robot2
261.000,original,-,robot4,MIN_DISTANCE,OK,2.644,4.044,,0,nearest_robot=robot1
261.000,original,-,robot5,MIN_DISTANCE,OK,1.909,4.044,,0,nearest_robot=robot1
261.000,original,-,robot6,MIN_DISTANCE,OK,9.748,4.044,,0,nearest_robot=robot5
261.000,original,-,fleet,MIN_DISTANCE_AVG,OK,4.044,,,0,robots_sampled=6
262.000,original,-,robot1,MIN_DISTANCE,OK,2.123,4.037,,0,nearest_robot=robot5
262.000,original,-,robot2,MIN_DISTANCE,OK,4.028,4.037,,0,nearest_robot=robot3
262.000,original,-,robot3,MIN_DISTANCE,OK,4.028,4.037,,0,nearest_robot=robot2
262.000,original,-,robot4,MIN_DISTANCE,OK,2.618,4.037,,0,nearest_robot=robot1
262.000,original,-,robot5,MIN_DISTANCE,OK,2.123,4.037,,0,nearest_robot=robot1
262.000,original,-,robot6,MIN_DISTANCE,OK,9.304,4.037,,0,nearest_robot=robot5
262.000,original,-,fleet,MIN_DISTANCE_AVG,OK,4.037,,,0,robots_sampled=6
263.000,original,-,robot1,MIN_DISTANCE,OK,2.206,4.003,,0,nearest_robot=robot5
263.000,original,-,robot2,MIN_DISTANCE,OK,4.028,4.003,,0,nearest_robot=robot3
263.000,original,-,robot3,MIN_DISTANCE,OK,4.028,4.003,,0,nearest_robot=robot2
263.000,original,-,robot4,MIN_DISTANCE,OK,2.628,4.003,,0,nearest_robot=robot1
263.000,original,-,robot5,MIN_DISTANCE,OK,2.206,4.003,,0,nearest_robot=robot1
263.000,original,-,robot6,MIN_DISTANCE,OK,8.925,4.003,,0,nearest_robot=robot5
263.000,original,-,fleet,MIN_DISTANCE_AVG,OK,4.003,,,0,robots_sampled=6
264.000,original,-,robot1,MIN_DISTANCE,OK,2.326,3.989,,0,nearest_robot=robot5
264.000,original,-,robot2,MIN_DISTANCE,OK,4.028,3.989,,0,nearest_robot=robot3
264.000,original,-,robot3,MIN_DISTANCE,OK,4.028,3.989,,0,nearest_robot=robot2
264.000,original,-,robot4,MIN_DISTANCE,OK,2.748,3.989,,0,nearest_robot=robot1
264.000,original,-,robot5,MIN_DISTANCE,OK,2.326,3.989,,0,nearest_robot=robot1
264.000,original,-,robot6,MIN_DISTANCE,OK,8.476,3.989,,0,nearest_robot=robot5
264.000,original,-,fleet,MIN_DISTANCE_AVG,OK,3.989,,,0,robots_sampled=6
265.000,original,-,robot1,MIN_DISTANCE,OK,2.448,3.972,,0,nearest_robot=robot5
265.000,original,-,robot2,MIN_DISTANCE,OK,4.028,3.972,,0,nearest_robot=robot3
265.000,original,-,robot3,MIN_DISTANCE,OK,4.028,3.972,,0,nearest_robot=robot2
265.000,original,-,robot4,MIN_DISTANCE,OK,2.848,3.972,,0,nearest_robot=robot1
265.000,original,-,robot5,MIN_DISTANCE,OK,2.448,3.972,,0,nearest_robot=robot1
265.000,original,-,robot6,MIN_DISTANCE,OK,8.033,3.972,,0,nearest_robot=robot5
265.000,original,-,fleet,MIN_DISTANCE_AVG,OK,3.972,,,0,robots_sampled=6
266.000,original,-,robot1,MIN_DISTANCE,OK,2.549,3.930,,0,nearest_robot=robot5
266.000,original,-,robot2,MIN_DISTANCE,OK,4.028,3.930,,0,nearest_robot=robot3
266.000,original,-,robot3,MIN_DISTANCE,OK,4.028,3.930,,0,nearest_robot=robot2
266.000,original,-,robot4,MIN_DISTANCE,OK,2.815,3.930,,0,nearest_robot=robot1
266.000,original,-,robot5,MIN_DISTANCE,OK,2.549,3.930,,0,nearest_robot=robot1
266.000,original,-,robot6,MIN_DISTANCE,OK,7.610,3.930,,0,nearest_robot=robot5
266.000,original,-,fleet,MIN_DISTANCE_AVG,OK,3.930,,,0,robots_sampled=6
