timestamp,run_id,task_id,robot_id,event,status,allocation_cost,duration,path,collision_flag,message
35.000,original,-,robot1,MIN_DISTANCE,OK,12.416,10.783,,0,nearest_robot=robot6
35.000,original,-,robot2,MIN_DISTANCE,OK,13.424,10.783,,0,nearest_robot=robot1
35.000,original,-,robot3,MIN_DISTANCE,OK,6.621,10.783,,0,nearest_robot=robot4
35.000,original,-,robot4,MIN_DISTANCE,OK,6.621,10.783,,0,nearest_robot=robot3
35.000,original,-,robot5,MIN_DISTANCE,OK,13.200,10.783,,0,nearest_robot=robot4
35.000,original,-,robot6,MIN_DISTANCE,OK,12.416,10.783,,0,nearest_robot=robot1
35.000,original,-,fleet,MIN_DISTANCE_AVG,OK,10.783,,,0,robots_sampled=6
36.000,original,-,fleet,REPLAN_FULL,OK,,,robot1|robot2|robot3|robot4|robot5|robot6,0,original_full_optimization
36.000,original,-,robot1,MIN_DISTANCE,OK,12.416,10.783,,0,nearest_robot=robot6
36.000,original,-,robot2,MIN_DISTANCE,OK,13.424,10.783,,0,nearest_robot=robot1
36.000,original,-,robot3,MIN_DISTANCE,OK,6.621,10.783,,0,nearest_robot=robot4
36.000,original,-,robot4,MIN_DISTANCE,OK,6.621,10.783,,0,nearest_robot=robot3
36.000,original,-,robot5,MIN_DISTANCE,OK,13.200,10.783,,0,nearest_robot=robot4
36.000,original,-,robot6,MIN_DISTANCE,OK,12.416,10.783,,0,nearest_robot=robot1
36.000,original,-,fleet,MIN_DISTANCE_AVG,OK,10.783,,,0,robots_sampled=6
37.000,original,-,robot1,MIN_DISTANCE,OK,12.416,10.783,,0,nearest_robot=robot6
37.000,original,-,robot2,MIN_DISTANCE,OK,13.424,10.783,,0,nearest_robot=robot1
37.000,original,-,robot3,MIN_DISTANCE,OK,6.621,10.783,,0,nearest_robot=robot4
37.000,original,-,robot4,MIN_DISTANCE,OK,6.621,10.783,,0,nearest_robot=robot3
37.000,original,-,robot5,MIN_DISTANCE,OK,13.200,10.783,,0,nearest_robot=robot4
37.000,original,-,robot6,MIN_DISTANCE,OK,12.416,10.783,,0,nearest_robot=robot1
37.000,original,-,fleet,MIN_DISTANCE_AVG,OK,10.783,,,0,robots_sampled=6
38.000,original,-,robot1,MIN_DISTANCE,OK,12.416,10.783,,0,nearest_robot=robot6
38.000,original,-,robot2,MIN_DISTANCE,OK,13.424,10.783,,0,nearest_robot=robot1
38.000,original,-,robot3,MIN_DISTANCE,OK,6.621,10.783,,0,nearest_robot=robot4
38.000,original,-,robot4,MIN_DISTANCE,OK,6.621,10.783,,0,nearest_robot=robot3
38.000,original,-,robot5,MIN_DISTANCE,OK,13.200,10.783,,0,nearest_robot=robot4
38.000,original,-,robot6,MIN_DISTANCE,OK,12.416,10.783,,0,nearest_robot=robot1
38.000,original,-,fleet,MIN_DISTANCE_AVG,OK,10.783,,,0,robots_sampled=6
39.000,original,-,robot1,MIN_DISTANCE,OK,12.416,10.783,,0,nearest_robot=robot6
39.000,original,-,robot2,MIN_DISTANCE,OK,13.424,10.783,,0,nearest_robot=robot1
39.000,original,-,robot3,MIN_DISTANCE,OK,6.621,10.783,,0,nearest_robot=robot4
39.000,original,-,robot4,MIN_DISTANCE,OK,6.621,10.783,,0,nearest_robot=robot3
39.000,original,-,robot5,MIN_DISTANCE,OK,13.200,10.783,,0,nearest_robot=robot4
39.000,original,-,robot6,MIN_DISTANCE,OK,12.416,10.783,,0,nearest_robot=robot1
39.000,original,-,fleet,MIN_DISTANCE_AVG,OK,10.783,,,0,robots_sampled=6
40.000,original,-,robot1,MIN_DISTANCE,OK,12.416,10.783,,0,nearest_robot=robot6
40.000,original,-,robot2,MIN_DISTANCE,OK,13.424,10.783,,0,nearest_robot=robot1
40.000,original,-,robot3,MIN_DISTANCE,OK,6.621,10.783,,0,nearest_robot=robot4
40.000,original,-,robot4,MIN_DISTANCE,OK,6.621,10.783,,0,nearest_robot=robot3
40.000,original,-,robot5,MIN_DISTANCE,OK,13.200,10.783,,0,nearest_robot=robot4
40.000,original,-,robot6,MIN_DISTANCE,OK,12.416,10.783,,0,nearest_robot=robot1
40.000,original,-,fleet,MIN_DISTANCE_AVG,OK,10.783,,,0,robots_sampled=6
41.000,original,-,robot1,MIN_DISTANCE,OK,12.416,10.783,,0,nearest_robot=robot6
41.000,original,-,robot2,MIN_DISTANCE,OK,13.424,10.783,,0,nearest_robot=robot1
41.000,original,-,robot3,MIN_DISTANCE,OK,6.621,10.783,,0,nearest_robot=robot4
41.000,original,-,robot4,MIN_DISTANCE,OK,6.621,10.783,,0,nearest_robot=robot3
41.000,original,-,robot5,MIN_DISTANCE,OK,13.200,10.783,,0,nearest_robot=robot4
41.000,original,-,robot6,MIN_DISTANCE,OK,12.416,10.783,,0,nearest_robot=robot1
41.000,original,-,fleet,MIN_DISTANCE_AVG,OK,10.783,,,0,robots_sampled=6
42.000,original,-,robot1,MIN_DISTANCE,OK,12.416,10.783,,0,nearest_robot=robot6
42.000,original,-,robot2,MIN_DISTANCE,OK,13.424,10.783,,0,nearest_robot=robot1
42.000,original,-,robot3,MIN_DISTANCE,OK,6.621,10.783,,0,nearest_robot=robot4
42.000,original,-,robot4,MIN_DISTANCE,OK,6.621,10.783,,0,nearest_robot=robot3
42.000,original,-,robot5,MIN_DISTANCE,OK,13.200,10.783,,0,nearest_robot=robot4
42.000,original,-,robot6,MIN_DISTANCE,OK,12.416,10.783,,0,nearest_robot=robot1
42.000,original,-,fleet,MIN_DISTANCE_AVG,OK,10.783,,,0,robots_sampled=6
43.000,original,-,robot1,MIN_DISTANCE,OK,12.416,10.783,,0,nearest_robot=robot6
43.000,original,-,robot2,MIN_DISTANCE,OK,13.424,10.783,,0,nearest_robot=robot1
43.000,original,-,robot3,MIN_DISTANCE,OK,6.621,10.783,,0,nearest_robot=robot4
43.000,original,-,robot4,MIN_DISTANCE,OK,6.621,10.783,,0,nearest_robot=robot3
43.000,original,-,robot5,MIN_DISTANCE,OK,13.200,10.783,,0,nearest_robot=robot4
43.000,original,-,robot6,MIN_DISTANCE,OK,12.416,10.783,,0,nearest_robot=robot1
43.000,original,-,fleet,MIN_DISTANCE_AVG,OK,10.783,,,0,robots_sampled=6
44.000,original,-,robot1,MIN_DISTANCE,OK,12.416,10.783,,0,nearest_robot=robot6
44.000,original,-,robot2,MIN_DISTANCE,OK,13.424,10.783,,0,nearest_robot=robot1
44.000,original,-,robot3,MIN_DISTANCE,OK,6.621,10.783,,0,nearest_robot=robot4
44.000,original,-,robot4,MIN_DISTANCE,OK,6.621,10.783,,0,nearest_robot=robot3
44.000,original,-,robot5,MIN_DISTANCE,OK,13.200,10.783,,0,nearest_robot=robot4
44.000,original,-,robot6,MIN_DISTANCE,OK,12.416,10.783,,0,nearest_robot=robot1
44.000,original,-,fleet,MIN_DISTANCE_AVG,OK,10.783,,,0,robots_sampled=6
45.000,original,-,robot1,MIN_DISTANCE,OK,12.416,10.783,,0,nearest_robot=robot6
45.000,original,-,robot2,MIN_DISTANCE,OK,13.424,10.783,,0,nearest_robot=robot1
45.000,original,-,robot3,MIN_DISTANCE,OK,6.621,10.783,,0,nearest_robot=robot4
45.000,original,-,robot4,MIN_DISTANCE,OK,6.621,10.783,,0,nearest_robot=robot3
45.000,original,-,robot5,MIN_DISTANCE,OK,13.200,10.783,,0,nearest_robot=robot4
45.000,original,-,robot6,MIN_DISTANCE,OK,12.416,10.783,,0,nearest_robot=robot1
45.000,original,-,fleet,MIN_DISTANCE_AVG,OK,10.783,,,0,robots_sampled=6
46.000,original,-,robot1,MIN_DISTANCE,OK,12.416,10.783,,0,nearest_robot=robot6
46.000,original,-,robot2,MIN_DISTANCE,OK,13.424,10.783,,0,nearest_robot=robot1
46.000,original,-,robot3,MIN_DISTANCE,OK,6.621,10.783,,0,nearest_robot=robot4
46.000,original,-,robot4,MIN_DISTANCE,OK,6.621,10.783,,0,nearest_robot=robot3
46.000,original,-,robot5,MIN_DISTANCE,OK,13.200,10.783,,0,nearest_robot=robot4
46.000,original,-,robot6,MIN_DISTANCE,OK,12.416,10.783,,0,nearest_robot=robot1
46.000,original,-,fleet,MIN_DISTANCE_AVG,OK,10.783,,,0,robots_sampled=6
47.000,original,-,robot1,MIN_DISTANCE,OK,12.416,10.783,,0,nearest_robot=robot6
47.000,original,-,robot2,MIN_DISTANCE,OK,13.424,10.783,,0,nearest_robot=robot1
47.000,original,-,robot3,MIN_DISTANCE,OK,6.621,10.783,,0,nearest_robot=robot4
47.000,original,-,robot4,MIN_DISTANCE,OK,6.621,10.783,,0,nearest_robot=robot3
47.000,original,-,robot5,MIN_DISTANCE,OK,13.200,10.783,,0,nearest_robot=robot4
47.000,original,-,robot6,MIN_DISTANCE,OK,12.416,10.783,,0,nearest_robot=robot1
47.000,original,-,fleet,MIN_DISTANCE_AVG,OK,10.783,,,0,robots_sampled=6
48.000,original,-,robot1,MIN_DISTANCE,OK,12.416,10.783,,0,nearest_robot=robot6
48.000,original,-,robot2,MIN_DISTANCE,OK,13.424,10.783,,0,nearest_robot=robot1
48.000,original,-,robot3,MIN_DISTANCE,OK,6.621,10.783,,0,nearest_robot=robot4
48.000,original,-,robot4,MIN_DISTANCE,OK,6.621,10.783,,0,nearest_robot=robot3
48.000,original,-,robot5,MIN_DISTANCE,OK,13.200,10.783,,0,nearest_robot=robot4
48.000,original,-,robot6,MIN_DISTANCE,OK,12.416,10.783,,0,nearest_robot=robot1
48.000,original,-,fleet,MIN_DISTANCE_AVG,OK,10.783,,,0,robots_sampled=6
49.000,original,-,robot1,MIN_DISTANCE,OK,12.416,10.783,,0,nearest_robot=robot6
49.000,original,-,robot2,MIN_DISTANCE,OK,13.424,10.783,,0,nearest_robot=robot1
49.000,original,-,robot3,MIN_DISTANCE,OK,6.621,10.783,,0,nearest_robot=robot4
49.000,original,-,robot4,MIN_DISTANCE,OK,6.621,10.783,,0,nearest_robot=robot3
49.000,original,-,robot5,MIN_DISTANCE,OK,13.200,10.783,,0,nearest_robot=robot4
49.000,original,-,robot6,MIN_DISTANCE,OK,12.416,10.783,,0,nearest_robot=robot1
49.000,original,-,fleet,MIN_DISTANCE_AVG,OK,10.783,,,0,robots_sampled=6
50.000,original,-,robot1,MIN_DISTANCE,OK,12.416,10.783,,0,nearest_robot=robot6
50.000,original,-,robot2,MIN_DISTANCE,OK,13.424,10.783,,0,nearest_robot=robot1
50.000,original,-,robot3,MIN_DISTANCE,OK,6.621,10.783,,0,nearest_robot=robot4
50.000,original,-,robot4,MIN_DISTANCE,OK,6.621,10.783,,0,nearest_robot=robot3
50.000,original,-,robot5,MIN_DISTANCE,OK,13.200,10.783,,0,nearest_robot=robot4
50.000,original,-,robot6,MIN_DISTANCE,OK,12.416,10.783,,0,nearest_robot=robot1
50.000,original,-,fleet,MIN_DISTANCE_AVG,OK,10.783,,,0,robots_sampled=6
51.000,original,-,robot1,MIN_DISTANCE,OK,12.416,10.783,,0,nearest_robot=robot6
51.000,original,-,robot2,MIN_DISTANCE,OK,13.424,10.783,,0,nearest_robot=robot1
51.000,original,-,robot3,MIN_DISTANCE,OK,6.621,10.783,,0,nearest_robot=robot4
51.000,original,-,robot4,MIN_DISTANCE,OK,6.621,10.783,,0,nearest_robot=robot3
51.000,original,-,robot5,MIN_DISTANCE,OK,13.200,10.783,,0,nearest_robot=robot4
51.000,original,-,robot6,MIN_DISTANCE,OK,12.416,10.783,,0,nearest_robot=robot1
51.000,original,-,fleet,MIN_DISTANCE_AVG,OK,10.783,,,0,robots_sampled=6
52.000,original,-,robot1,MIN_DISTANCE,OK,12.416,10.783,,0,nearest_robot=robot6
52.000,original,-,robot2,MIN_DISTANCE,OK,13.424,10.783,,0,nearest_robot=robot1
52.000,original,-,robot3,MIN_DISTANCE,OK,6.621,10.783,,0,nearest_robot=robot4
52.000,original,-,robot4,MIN_DISTANCE,OK,6.621,10.783,,0,nearest_robot=robot3
52.000,original,-,robot5,MIN_DISTANCE,OK,13.200,10.783,,0,nearest_robot=robot4
52.000,original,-,robot6,MIN_DISTANCE,OK,12.416,10.783,,0,nearest_robot=robot1
52.000,original,-,fleet,MIN_DISTANCE_AVG,OK,10.783,,,0,robots_sampled=6
53.000,original,-,robot1,MIN_DISTANCE,OK,12.416,10.783,,0,nearest_robot=robot6
53.000,original,-,robot2,MIN_DISTANCE,OK,13.424,10.783,,0,nearest_robot=robot1
53.000,original,-,robot3,MIN_DISTANCE,OK,6.621,10.783,,0,nearest_robot=robot4
53.000,original,-,robot4,MIN_DISTANCE,OK,6.621,10.783,,0,nearest_robot=robot3
53.000,original,-,robot5,MIN_DISTANCE,OK,13.200,10.783,,0,nearest_robot=robot4
53.000,original,-,robot6,MIN_DISTANCE,OK,12.416,10.783,,0,nearest_robot=robot1
53.000,original,-,fleet,MIN_DISTANCE_AVG,OK,10.783,,,0,robots_sampled=6
54.000,original,-,robot1,MIN_DISTANCE,OK,12.416,10.783,,0,nearest_robot=robot6
54.000,original,-,robot2,MIN_DISTANCE,OK,13.424,10.783,,0,nearest_robot=robot1
54.000,original,-,robot3,MIN_DISTANCE,OK,6.621,10.783,,0,nearest_robot=robot4
54.000,original,-,robot4,MIN_DISTANCE,OK,6.621,10.783,,0,nearest_robot=robot3
54.000,original,-,robot5,MIN_DISTANCE,OK,13.200,10.783,,0,nearest_robot=robot4
54.000,original,-,robot6,MIN_DISTANCE,OK,12.416,10.783,,0,nearest_robot=robot1
54.000,original,-,fleet,MIN_DISTANCE_AVG,OK,10.783,,,0,robots_sampled=6
55.000,original,-,robot1,MIN_DISTANCE,OK,12.416,10.783,,0,nearest_robot=robot6
55.000,original,-,robot2,MIN_DISTANCE,OK,13.424,10.783,,0,nearest_robot=robot1
55.000,original,-,robot3,MIN_DISTANCE,OK,6.621,10.783,,0,nearest_robot=robot4
55.000,original,-,robot4,MIN_DISTANCE,OK,6.621,10.783,,0,nearest_robot=robot3
55.000,original,-,robot5,MIN_DISTANCE,OK,13.200,10.783,,0,nearest_robot=robot4
55.000,original,-,robot6,MIN_DISTANCE,OK,12.416,10.783,,0,nearest_robot=robot1
55.000,original,-,fleet,MIN_DISTANCE_AVG,OK,10.783,,,0,robots_sampled=6
56.000,original,-,robot1,MIN_DISTANCE,OK,12.416,10.783,,0,nearest_robot=robot6
56.000,original,-,robot2,MIN_DISTANCE,OK,13.424,10.783,,0,nearest_robot=robot1
56.000,original,-,robot3,MIN_DISTANCE,OK,6.621,10.783,,0,nearest_robot=robot4
56.000,original,-,robot4,MIN_DISTANCE,OK,6.621,10.783,,0,nearest_robot=robot3
56.000,original,-,robot5,MIN_DISTANCE,OK,13.200,10.783,,0,nearest_robot=robot4
56.000,original,-,robot6,MIN_DISTANCE,OK,12.416,10.783,,0,nearest_robot=robot1
56.000,original,-,fleet,MIN_DISTANCE_AVG,OK,10.783,,,0,robots_sampled=6
57.000,original,-,robot1,MIN_DISTANCE,OK,12.416,10.783,,0,nearest_robot=robot6
57.000,original,-,robot2,MIN_DISTANCE,OK,13.424,10.783,,0,nearest_robot=robot1
57.000,original,-,robot3,MIN_DISTANCE,OK,6.621,10.783,,0,nearest_robot=robot4
57.000,original,-,robot4,MIN_DISTANCE,OK,6.621,10.783,,0,nearest_robot=robot3
57.000,original,-,robot5,MIN_DISTANCE,OK,13.200,10.783,,0,nearest_robot=robot4
57.000,original,-,robot6,MIN_DISTANCE,OK,12.416,10.783,,0,nearest_robot=robot1
57.000,original,-,fleet,MIN_DISTANCE_AVG,OK,10.783,,,0,robots_sampled=6
58.000,original,-,robot1,MIN_DISTANCE,OK,12.416,10.783,,0,nearest_robot=robot6
58.000,original,-,robot2,MIN_DISTANCE,OK,13.424,10.783,,0,nearest_robot=robot1
58.000,original,-,robot3,MIN_DISTANCE,OK,6.621,10.783,,0,nearest_robot=robot4
58.000,original,-,robot4,MIN_DISTANCE,OK,6.621,10.783,,0,nearest_robot=robot3
58.000,original,-,robot5,MIN_DISTANCE,OK,13.200,10.783,,0,nearest_robot=robot4
58.000,original,-,robot6,MIN_DISTANCE,OK,12.416,10.783,,0,nearest_robot=robot1
58.000,original,-,fleet,MIN_DISTANCE_AVG,OK,10.783,,,0,robots_sampled=6
59.000,original,-,robot1,MIN_DISTANCE,OK,12.416,10.783,,0,nearest_robot=robot6
59.000,original,-,robot2,MIN_DISTANCE,OK,13.424,10.783,,0,nearest_robot=robot1
59.000,original,-,robot3,MIN_DISTANCE,OK,6.621,10.783,,0,nearest_robot=robot4
59.000,original,-,robot4,MIN_DISTANCE,OK,6.621,10.783,,0,nearest_robot=robot3
59.000,original,-,robot5,MIN_DISTANCE,OK,13.200,10.783,,0,nearest_robot=robot4
59.000,original,-,robot6,MIN_DISTANCE,OK,12.416,10.783,,0,nearest_robot=robot1
59.000,original,-,fleet,MIN_DISTANCE_AVG,OK,10.783,,,0,robots_sampled=6
60.000,original,-,robot1,MIN_DISTANCE,OK,12.416,10.783,,0,nearest_robot=robot6
60.000,original,-,robot2,MIN_DISTANCE,OK,13.424,10.783,,0,nearest_robot=robot1
60.000,original,-,robot3,MIN_DISTANCE,OK,6.621,10.783,,0,nearest_robot=robot4
60.000,original,-,robot4,MIN_DISTANCE,OK,6.621,10.783,,0,nearest_robot=robot3
60.000,original,-,robot5,MIN_DISTANCE,OK,13.200,10.783,,0,nearest_robot=robot4
60.000,original,-,robot6,MIN_DISTANCE,OK,12.416,10.783,,0,nearest_robot=robot1
60.000,original,-,fleet,MIN_DISTANCE_AVG,OK,10.783,,,0,robots_sampled=6
60.180,original,-,fleet,CHOMP_TIME_FULL,OK,,24.998,,0,iterations=100;iterations_executed=100;source=algorithm;round_trip=25.030795
61.000,original,-,fleet,REPLAN_FULL,OK,,,robot1|robot2|robot3|robot4|robot5|robot6,0,original_full_optimization
61.000,original,-,robot1,MIN_DISTANCE,OK,12.297,10.693,,0,nearest_robot=robot6
61.000,original,-,robot2,MIN_DISTANCE,OK,13.420,10.693,,0,nearest_robot=robot1
61.000,original,-,robot3,MIN_DISTANCE,OK,6.479,10.693,,0,nearest_robot=robot4
61.000,original,-,robot4,MIN_DISTANCE,OK,6.479,10.693,,0,nearest_robot=robot3
61.000,original,-,robot5,MIN_DISTANCE,OK,13.185,10.693,,0,nearest_robot=robot4
61.000,original,-,robot6,MIN_DISTANCE,OK,12.297,10.693,,0,nearest_robot=robot1
61.000,original,-,fleet,MIN_DISTANCE_AVG,OK,10.693,,,0,robots_sampled=6
62.000,original,-,robot1,MIN_DISTANCE,OK,12.007,10.497,,0,nearest_robot=robot6
62.000,original,-,robot2,MIN_DISTANCE,OK,13.362,10.497,,0,nearest_robot=robot1
62.000,original,-,robot3,MIN_DISTANCE,OK,6.174,10.497,,0,nearest_robot=robot4
62.000,original,-,robot4,MIN_DISTANCE,OK,6.174,10.497,,0,nearest_robot=robot3
62.000,original,-,robot5,MIN_DISTANCE,OK,13.258,10.497,,0,nearest_robot=robot4
62.000,original,-,robot6,MIN_DISTANCE,OK,12.007,10.497,,0,nearest_robot=robot1
62.000,original,-,fleet,MIN_DISTANCE_AVG,OK,10.497,,,0,robots_sampled=6
63.000,original,-,robot1,MIN_DISTANCE,OK,11.752,10.247,,0,nearest_robot=robot6
63.000,original,-,robot2,MIN_DISTANCE,OK,13.172,10.247,,0,nearest_robot=robot1
63.000,original,-,robot3,MIN_DISTANCE,OK,5.800,10.247,,0,nearest_robot=robot4
63.000,original,-,robot4,MIN_DISTANCE,OK,5.800,10.247,,0,nearest_robot=robot3
63.000,original,-,robot5,MIN_DISTANCE,OK,13.209,10.247,,0,nearest_robot=robot4
63.000,original,-,robot6,MIN_DISTANCE,OK,11.752,10.247,,0,nearest_robot=robot1
63.000,original,-,fleet,MIN_DISTANCE_AVG,OK,10.247,,,0,robots_sampled=6
64.000,original,-,robot1,MIN_DISTANCE,OK,11.742,10.075,,0,nearest_robot=robot6
64.000,original,-,robot2,MIN_DISTANCE,OK,13.076,10.075,,0,nearest_robot=robot1
64.000,original,-,robot3,MIN_DISTANCE,OK,5.378,10.075,,0,nearest_robot=robot4
64.000,original,-,robot4,MIN_DISTANCE,OK,5.378,10.075,,0,nearest_robot=robot3
64.000,original,-,robot5,MIN_DISTANCE,OK,13.133,10.075,,0,nearest_robot=robot4
64.000,original,-,robot6,MIN_DISTANCE,OK,11.742,10.075,,0,nearest_robot=robot1
64.000,original,-,fleet,MIN_DISTANCE_AVG,OK,10.075,,,0,robots_sampled=6
65.000,original,-,robot1,MIN_DISTANCE,OK,11.987,10.063,,0,nearest_robot=robot6
65.000,original,-,robot2,MIN_DISTANCE,OK,13.390,10.063,,0,nearest_robot=robot1
65.000,original,-,robot3,MIN_DISTANCE,OK,4.967,10.063,,0,nearest_robot=robot4
65.000,original,-,robot4,MIN_DISTANCE,OK,4.967,10.063,,0,nearest_robot=robot3
65.000,original,-,robot5,MIN_DISTANCE,OK,13.082,10.063,,0,nearest_robot=robot4
65.000,original,-,robot6,MIN_DISTANCE,OK,11.987,10.063,,0,nearest_robot=robot1
65.000,original,-,fleet,MIN_DISTANCE_AVG,OK,10.063,,,0,robots_sampled=6
66.000,original,-,robot1,MIN_DISTANCE,OK,12.040,9.981,,0,nearest_robot=robot6
66.000,original,-,robot2,MIN_DISTANCE,OK,13.788,9.981,,0,nearest_robot=robot1
66.000,original,-,robot3,MIN_DISTANCE,OK,4.532,9.981,,0,nearest_robot=robot4
66.000,original,-,robot4,MIN_DISTANCE,OK,4.532,9.981,,0,nearest_robot=robot3
66.000,original,-,robot5,MIN_DISTANCE,OK,12.952,9.981,,0,nearest_robot=robot4
66.000,original,-,robot6,MIN_DISTANCE,OK,12.040,9.981,,0,nearest_robot=robot1
66.000,original,-,fleet,MIN_DISTANCE_AVG,OK,9.981,,,0,robots_sampled=6
67.000,original,-,robot1,MIN_DISTANCE,OK,11.899,9.808,,0,nearest_robot=robot6
67.000,original,-,robot2,MIN_DISTANCE,OK,14.177,9.808,,0,nearest_robot=robot1
67.000,original,-,robot3,MIN_DISTANCE,OK,4.030,9.808,,0,nearest_robot=robot4
67.000,original,-,robot4,MIN_DISTANCE,OK,4.030,9.808,,0,nearest_robot=robot3
67.000,original,-,robot5,MIN_DISTANCE,OK,12.811,9.808,,0,nearest_robot=robot4
67.000,original,-,robot6,MIN_DISTANCE,OK,11.899,9.808,,0,nearest_robot=robot1
67.000,original,-,fleet,MIN_DISTANCE_AVG,OK,9.808,,,0,robots_sampled=6
68.000,original,-,robot1,MIN_DISTANCE,OK,11.695,9.615,,0,nearest_robot=robot6
68.000,original,-,robot2,MIN_DISTANCE,OK,14.487,9.615,,0,nearest_robot=robot1
68.000,original,-,robot3,MIN_DISTANCE,OK,3.591,9.615,,0,nearest_robot=robot4
68.000,original,-,robot4,MIN_DISTANCE,OK,3.591,9.615,,0,nearest_robot=robot3
68.000,original,-,robot5,MIN_DISTANCE,OK,12.628,9.615,,0,nearest_robot=robot4
68.000,original,-,robot6,MIN_DISTANCE,OK,11.695,9.615,,0,nearest_robot=robot1
68.000,original,-,fleet,MIN_DISTANCE_AVG,OK,9.615,,,0,robots_sampled=6
69.000,original,-,robot1,MIN_DISTANCE,OK,11.462,9.393,,0,nearest_robot=robot6
69.000,original,-,robot2,MIN_DISTANCE,OK,14.734,9.393,,0,nearest_robot=robot1
69.000,original,-,robot3,MIN_DISTANCE,OK,3.132,9.393,,0,nearest_robot=robot4
69.000,original,-,robot4,MIN_DISTANCE,OK,3.132,9.393,,0,nearest_robot=robot3
69.000,original,-,robot5,MIN_DISTANCE,OK,12.435,9.393,,0,nearest_robot=robot4
69.000,original,-,robot6,MIN_DISTANCE,OK,11.462,9.393,,0,nearest_robot=robot1
69.000,original,-,fleet,MIN_DISTANCE_AVG,OK,9.393,,,0,robots_sampled=6
70.000,original,-,robot1,MIN_DISTANCE,OK,11.242,9.220,,0,nearest_robot=robot6
70.000,original,-,robot2,MIN_DISTANCE,OK,15.012,9.220,,0,nearest_robot=robot1
70.000,original,-,robot3,MIN_DISTANCE,OK,2.785,9.220,,0,nearest_robot=robot4
70.000,original,-,robot4,MIN_DISTANCE,OK,2.785,9.220,,0,nearest_robot=robot3
70.000,original,-,robot5,MIN_DISTANCE,OK,12.254,9.220,,0,nearest_robot=robot4
70.000,original,-,robot6,MIN_DISTANCE,OK,11.242,9.220,,0,nearest_robot=robot1
70.000,original,-,fleet,MIN_DISTANCE_AVG,OK,9.220,,,0,robots_sampled=6
71.000,original,-,robot1,MIN_DISTANCE,OK,11.054,9.054,,0,nearest_robot=robot6
71.000,original,-,robot2,MIN_DISTANCE,OK,15.272,9.054,,0,nearest_robot=robot3
71.000,original,-,robot3,MIN_DISTANCE,OK,2.425,9.054,,0,nearest_robot=robot4
71.000,original,-,robot4,MIN_DISTANCE,OK,2.425,9.054,,0,nearest_robot=robot3
71.000,original,-,robot5,MIN_DISTANCE,OK,12.094,9.054,,0,nearest_robot=robot4
71.000,original,-,robot6,MIN_DISTANCE,OK,11.054,9.054,,0,nearest_robot=robot1
71.000,original,-,fleet,MIN_DISTANCE_AVG,OK,9.054,,,0,robots_sampled=6
72.000,original,-,robot1,MIN_DISTANCE,OK,10.903,8.886,,0,nearest_robot=robot6
72.000,original,-,robot2,MIN_DISTANCE,OK,15.327,8.886,,0,nearest_robot=robot3
72.000,original,-,robot3,MIN_DISTANCE,OK,2.116,8.886,,0,nearest_robot=robot4
72.000,original,-,robot4,MIN_DISTANCE,OK,2.116,8.886,,0,nearest_robot=robot3
72.000,original,-,robot5,MIN_DISTANCE,OK,11.948,8.886,,0,nearest_robot=robot4
72.000,original,-,robot6,MIN_DISTANCE,OK,10.903,8.886,,0,nearest_robot=robot1
72.000,original,-,fleet,MIN_DISTANCE_AVG,OK,8.886,,,0,robots_sampled=6
73.000,original,-,robot1,MIN_DISTANCE,OK,10.853,8.758,,0,nearest_robot=robot6
73.000,original,-,robot2,MIN_DISTANCE,OK,15.366,8.758,,0,nearest_robot=robot3
73.000,original,-,robot3,MIN_DISTANCE,OK,1.820,8.758,,0,nearest_robot=robot4
73.000,original,-,robot4,MIN_DISTANCE,OK,1.820,8.758,,0,nearest_robot=robot3
73.000,original,-,robot5,MIN_DISTANCE,OK,11.838,8.758,,0,nearest_robot=robot4
73.000,original,-,robot6,MIN_DISTANCE,OK,10.853,8.758,,0,nearest_robot=robot1
73.000,original,-,fleet,MIN_DISTANCE_AVG,OK,8.758,,,0,robots_sampled=6
74.000,original,-,robot1,MIN_DISTANCE,OK,10.798,8.688,,0,nearest_robot=robot6
74.000,original,-,robot2,MIN_DISTANCE,OK,15.315,8.688,,0,nearest_robot=robot4
74.000,original,-,robot3,MIN_DISTANCE,OK,1.735,8.688,,0,nearest_robot=robot4
74.000,original,-,robot4,MIN_DISTANCE,OK,1.735,8.688,,0,nearest_robot=robot3
74.000,original,-,robot5,MIN_DISTANCE,OK,11.750,8.688,,0,nearest_robot=robot4
74.000,original,-,robot6,MIN_DISTANCE,OK,10.798,8.688,,0,nearest_robot=robot1
74.000,original,-,fleet,MIN_DISTANCE_AVG,OK,8.688,,,0,robots_sampled=6
75.000,original,-,robot1,MIN_DISTANCE,OK,10.800,8.622,,0,nearest_robot=robot6
75.000,original,-,robot2,MIN_DISTANCE,OK,14.998,8.622,,0,nearest_robot=robot4
75.000,original,-,robot3,MIN_DISTANCE,OK,1.720,8.622,,0,nearest_robot=robot4
75.000,original,-,robot4,MIN_DISTANCE,OK,1.720,8.622,,0,nearest_robot=robot3
75.000,original,-,robot5,MIN_DISTANCE,OK,11.697,8.622,,0,nearest_robot=robot4
75.000,original,-,robot6,MIN_DISTANCE,OK,10.800,8.622,,0,nearest_robot=robot1
75.000,original,-,fleet,MIN_DISTANCE_AVG,OK,8.622,,,0,robots_sampled=6
76.000,original,-,robot1,MIN_DISTANCE,OK,11.043,8.619,,0,nearest_robot=robot6
76.000,original,-,robot2,MIN_DISTANCE,OK,14.674,8.619,,0,nearest_robot=robot4
76.000,original,-,robot3,MIN_DISTANCE,OK,1.655,8.619,,0,nearest_robot=robot4
76.000,original,-,robot4,MIN_DISTANCE,OK,1.655,8.619,,0,nearest_robot=robot3
76.000,original,-,robot5,MIN_DISTANCE,OK,11.645,8.619,,0,nearest_robot=robot4
76.000,original,-,robot6,MIN_DISTANCE,OK,11.043,8.619,,0,nearest_robot=robot1
76.000,original,-,fleet,MIN_DISTANCE_AVG,OK,8.619,,,0,robots_sampled=6
77.000,original,-,robot1,MIN_DISTANCE,OK,11.396,8.608,,0,nearest_robot=robot6
77.000,original,-,robot2,MIN_DISTANCE,OK,14.343,8.608,,0,nearest_robot=robot4
77.000,original,-,robot3,MIN_DISTANCE,OK,1.443,8.608,,0,nearest_robot=robot4
77.000,original,-,robot4,MIN_DISTANCE,OK,1.443,8.608,,0,nearest_robot=robot3
77.000,original,-,robot5,MIN_DISTANCE,OK,11.627,8.608,,0,nearest_robot=robot4
77.000,original,-,robot6,MIN_DISTANCE,OK,11.396,8.608,,0,nearest_robot=robot1
77.000,original,-,fleet,MIN_DISTANCE_AVG,OK,8.608,,,0,robots_sampled=6
78.000,original,-,robot1,MIN_DISTANCE,OK,11.796,8.643,,0,nearest_robot=robot6
78.000,original,-,robot2,MIN_DISTANCE,OK,14.009,8.643,,0,nearest_robot=robot4
78.000,original,-,robot3,MIN_DISTANCE,OK,1.318,8.643,,0,nearest_robot=robot4
78.000,original,-,robot4,MIN_DISTANCE,OK,1.318,8.643,,0,nearest_robot=robot3
78.000,original,-,robot5,MIN_DISTANCE,OK,11.623,8.643,,0,nearest_robot=robot4
78.000,original,-,robot6,MIN_DISTANCE,OK,11.796,8.643,,0,nearest_robot=robot1
78.000,original,-,fleet,MIN_DISTANCE_AVG,OK,8.643,,,0,robots_sampled=6
79.000,original,-,robot1,MIN_DISTANCE,OK,12.181,8.678,,0,nearest_robot=robot6
79.000,original,-,robot2,MIN_DISTANCE,OK,13.704,8.678,,0,nearest_robot=robot4
79.000,original,-,robot3,MIN_DISTANCE,OK,1.185,8.678,,0,nearest_robot=robot4
79.000,original,-,robot4,MIN_DISTANCE,OK,1.185,8.678,,0,nearest_robot=robot3
79.000,original,-,robot5,MIN_DISTANCE,OK,11.633,8.678,,0,nearest_robot=robot4
79.000,original,-,robot6,MIN_DISTANCE,OK,12.181,8.678,,0,nearest_robot=robot1
79.000,original,-,fleet,MIN_DISTANCE_AVG,OK,8.678,,,0,robots_sampled=6
80.000,original,-,robot1,MIN_DISTANCE,OK,12.586,8.726,,0,nearest_robot=robot6
80.000,original,-,robot2,MIN_DISTANCE,OK,13.391,8.726,,0,nearest_robot=robot4
80.000,original,-,robot3,MIN_DISTANCE,OK,1.074,8.726,,0,nearest_robot=robot4
80.000,original,-,robot4,MIN_DISTANCE,OK,1.074,8.726,,0,nearest_robot=robot3
80.000,original,-,robot5,MIN_DISTANCE,OK,11.645,8.726,,0,nearest_robot=robot4
80.000,original,-,robot6,MIN_DISTANCE,OK,12.586,8.726,,0,nearest_robot=robot1
80.000,original,-,fleet,MIN_DISTANCE_AVG,OK,8.726,,,0,robots_sampled=6
81.000,original,-,robot1,MIN_DISTANCE,OK,12.938,8.773,,0,nearest_robot=robot6
81.000,original,-,robot2,MIN_DISTANCE,OK,13.045,8.773,,0,nearest_robot=robot4
81.000,original,-,robot3,MIN_DISTANCE,OK,1.014,8.773,,0,nearest_robot=robot4
81.000,original,-,robot4,MIN_DISTANCE,OK,1.014,8.773,,0,nearest_robot=robot3
81.000,original,-,robot5,MIN_DISTANCE,OK,11.691,8.773,,0,nearest_robot=robot4
81.000,original,-,robot6,MIN_DISTANCE,OK,12.938,8.773,,0,nearest_robot=robot1
81.000,original,-,fleet,MIN_DISTANCE_AVG,OK,8.773,,,0,robots_sampled=6
82.000,original,-,robot1,MIN_DISTANCE,OK,13.276,8.831,,0,nearest_robot=robot6
82.000,original,-,robot2,MIN_DISTANCE,OK,12.698,8.831,,0,nearest_robot=robot4
82.000,original,-,robot3,MIN_DISTANCE,OK,0.978,8.831,,0,nearest_robot=robot4
82.000,original,-,robot4,MIN_DISTANCE,OK,0.978,8.831,,0,nearest_robot=robot3
82.000,original,-,robot5,MIN_DISTANCE,OK,11.779,8.831,,0,nearest_robot=robot4
82.000,original,-,robot6,MIN_DISTANCE,OK,13.276,8.831,,0,nearest_robot=robot1
82.000,original,-,fleet,MIN_DISTANCE_AVG,OK,8.831,,,0,robots_sampled=6
83.000,original,-,robot1,MIN_DISTANCE,OK,13.472,8.872,,0,nearest_robot=robot6
83.000,original,-,robot2,MIN_DISTANCE,OK,12.303,8.872,,0,nearest_robot=robot4
83.000,original,-,robot3,MIN_DISTANCE,OK,1.036,8.872,,0,nearest_robot=robot4
83.000,original,-,robot4,MIN_DISTANCE,OK,1.036,8.872,,0,nearest_robot=robot3
83.000,original,-,robot5,MIN_DISTANCE,OK,11.915,8.872,,0,nearest_robot=robot4
83.000,original,-,robot6,MIN_DISTANCE,OK,13.472,8.872,,0,nearest_robot=robot1
83.000,original,-,fleet,MIN_DISTANCE_AVG,OK,8.872,,,0,robots_sampled=6
84.000,original,-,robot1,MIN_DISTANCE,OK,13.527,8.851,,0,nearest_robot=robot6
84.000,original,-,robot2,MIN_DISTANCE,OK,11.919,8.851,,0,nearest_robot=robot4
84.000,original,-,robot3,MIN_DISTANCE,OK,1.038,8.851,,0,nearest_robot=robot4
84.000,original,-,robot4,MIN_DISTANCE,OK,1.038,8.851,,0,nearest_robot=robot3
84.000,original,-,robot5,MIN_DISTANCE,OK,12.056,8.851,,0,nearest_robot=robot4
84.000,original,-,robot6,MIN_DISTANCE,OK,13.527,8.851,,0,nearest_robot=robot1
84.000,original,-,fleet,MIN_DISTANCE_AVG,OK,8.851,,,0,robots_sampled=6
85.000,original,-,robot1,MIN_DISTANCE,OK,13.518,8.855,,0,nearest_robot=robot6
85.000,original,-,robot2,MIN_DISTANCE,OK,11.526,8.855,,0,nearest_robot=robot4
85.000,original,-,robot3,MIN_DISTANCE,OK,1.183,8.855,,0,nearest_robot=robot4
85.000,original,-,robot4,MIN_DISTANCE,OK,1.183,8.855,,0,nearest_robot=robot3
85.000,original,-,robot5,MIN_DISTANCE,OK,12.202,8.855,,0,nearest_robot=robot4
85.000,original,-,robot6,MIN_DISTANCE,OK,13.518,8.855,,0,nearest_robot=robot1
85.000,original,-,fleet,MIN_DISTANCE_AVG,OK,8.855,,,0,robots_sampled=6
85.610,original,-,fleet,CHOMP_TIME_FULL,OK,,25.970,,0,iterations=100;iterations_executed=100;source=algorithm;round_trip=25.995869
86.000,original,-,robot1,MIN_DISTANCE,OK,13.521,8.887,,0,nearest_robot=robot6
86.000,original,-,robot2,MIN_DISTANCE,OK,11.251,8.887,,0,nearest_robot=robot4
86.000,original,-,robot3,MIN_DISTANCE,OK,1.364,8.887,,0,nearest_robot=robot4
86.000,original,-,robot4,MIN_DISTANCE,OK,1.364,8.887,,0,nearest_robot=robot3
86.000,original,-,robot5,MIN_DISTANCE,OK,12.301,8.887,,0,nearest_robot=robot4
86.000,original,-,robot6,MIN_DISTANCE,OK,13.521,8.887,,0,nearest_robot=robot1
86.000,original,-,fleet,MIN_DISTANCE_AVG,OK,8.887,,,0,robots_sampled=6
86.500,original,-,fleet,REPLAN_FULL,OK,,,robot1|robot2|robot3|robot4|robot5|robot6,0,original_full_optimization
87.000,original,-,robot1,MIN_DISTANCE,OK,13.522,8.882,,0,nearest_robot=robot6
87.000,original,-,robot2,MIN_DISTANCE,OK,11.184,8.882,,0,nearest_robot=robot4
87.000,original,-,robot3,MIN_DISTANCE,OK,1.379,8.882,,0,nearest_robot=robot4
87.000,original,-,robot4,MIN_DISTANCE,OK,1.379,8.882,,0,nearest_robot=robot3
87.000,original,-,robot5,MIN_DISTANCE,OK,12.306,8.882,,0,nearest_robot=robot4
87.000,original,-,robot6,MIN_DISTANCE,OK,13.522,8.882,,0,nearest_robot=robot1
87.000,original,-,fleet,MIN_DISTANCE_AVG,OK,8.882,,,0,robots_sampled=6
88.000,original,-,robot1,MIN_DISTANCE,OK,13.703,8.909,,0,nearest_robot=robot6
88.000,original,-,robot2,MIN_DISTANCE,OK,11.087,8.909,,0,nearest_robot=robot4
88.000,original,-,robot3,MIN_DISTANCE,OK,1.379,8.909,,0,nearest_robot=robot4
88.000,original,-,robot4,MIN_DISTANCE,OK,1.379,8.909,,0,nearest_robot=robot3
88.000,original,-,robot5,MIN_DISTANCE,OK,12.203,8.909,,0,nearest_robot=robot3
88.000,original,-,robot6,MIN_DISTANCE,OK,13.703,8.909,,0,nearest_robot=robot1
88.000,original,-,fleet,MIN_DISTANCE_AVG,OK,8.909,,,0,robots_sampled=6
89.000,original,-,robot1,MIN_DISTANCE,OK,14.026,8.914,,0,nearest_robot=robot6
89.000,original,-,robot2,MIN_DISTANCE,OK,10.919,8.914,,0,nearest_robot=robot4
89.000,original,-,robot3,MIN_DISTANCE,OK,1.379,8.914,,0,nearest_robot=robot4
89.000,original,-,robot4,MIN_DISTANCE,OK,1.379,8.914,,0,nearest_robot=robot3
89.000,original,-,robot5,MIN_DISTANCE,OK,11.893,8.914,,0,nearest_robot=robot3
89.000,original,-,robot6,MIN_DISTANCE,OK,13.889,8.914,,0,nearest_robot=robot5
89.000,original,-,fleet,MIN_DISTANCE_AVG,OK,8.914,,,0,robots_sampled=6
90.000,original,-,robot1,MIN_DISTANCE,OK,14.236,8.806,,0,nearest_robot=robot6
90.000,original,-,robot2,MIN_DISTANCE,OK,10.557,8.806,,0,nearest_robot=robot4
90.000,original,-,robot3,MIN_DISTANCE,OK,1.379,8.806,,0,nearest_robot=robot4
90.000,original,-,robot4,MIN_DISTANCE,OK,1.379,8.806,,0,nearest_robot=robot3
90.000,original,-,robot5,MIN_DISTANCE,OK,11.521,8.806,,0,nearest_robot=robot3
90.000,original,-,robot6,MIN_DISTANCE,OK,13.767,8.806,,0,nearest_robot=robot5
90.000,original,-,fleet,MIN_DISTANCE_AVG,OK,8.806,,,0,robots_sampled=6
91.000,original,-,robot1,MIN_DISTANCE,OK,14.482,8.702,,0,nearest_robot=robot6
91.000,original,-,robot2,MIN_DISTANCE,OK,10.253,8.702,,0,nearest_robot=robot4
91.000,original,-,robot3,MIN_DISTANCE,OK,1.379,8.702,,0,nearest_robot=robot4
91.000,original,-,robot4,MIN_DISTANCE,OK,1.379,8.702,,0,nearest_robot=robot3
91.000,original,-,robot5,MIN_DISTANCE,OK,11.261,8.702,,0,nearest_robot=robot3
91.000,original,-,robot6,MIN_DISTANCE,OK,13.457,8.702,,0,nearest_robot=robot5
91.000,original,-,fleet,MIN_DISTANCE_AVG,OK,8.702,,,0,robots_sampled=6
92.000,original,-,robot1,MIN_DISTANCE,OK,14.871,8.601,,0,nearest_robot=robot6
92.000,original,-,robot2,MIN_DISTANCE,OK,10.009,8.601,,0,nearest_robot=robot4
92.000,original,-,robot3,MIN_DISTANCE,OK,1.379,8.601,,0,nearest_robot=robot4
92.000,original,-,robot4,MIN_DISTANCE,OK,1.379,8.601,,0,nearest_robot=robot3
92.000,original,-,robot5,MIN_DISTANCE,OK,11.004,8.601,,0,nearest_robot=robot3
92.000,original,-,robot6,MIN_DISTANCE,OK,12.963,8.601,,0,nearest_robot=robot5
92.000,original,-,fleet,MIN_DISTANCE_AVG,OK,8.601,,,0,robots_sampled=6
93.000,original,-,robot1,MIN_DISTANCE,OK,15.293,8.476,,0,nearest_robot=robot6
93.000,original,-,robot2,MIN_DISTANCE,OK,9.846,8.476,,0,nearest_robot=robot4
93.000,original,-,robot3,MIN_DISTANCE,OK,1.379,8.476,,0,nearest_robot=robot4
93.000,original,-,robot4,MIN_DISTANCE,OK,1.379,8.476,,0,nearest_robot=robot3
93.000,original,-,robot5,MIN_DISTANCE,OK,10.701,8.476,,0,nearest_robot=robot3
93.000,original,-,robot6,MIN_DISTANCE,OK,12.261,8.476,,0,nearest_robot=robot5
93.000,original,-,fleet,MIN_DISTANCE_AVG,OK,8.476,,,0,robots_sampled=6
94.000,original,-,robot1,MIN_DISTANCE,OK,15.732,8.344,,0,nearest_robot=robot6
94.000,original,-,robot2,MIN_DISTANCE,OK,9.696,8.344,,0,nearest_robot=robot4
94.000,original,-,robot3,MIN_DISTANCE,OK,1.379,8.344,,0,nearest_robot=robot4
94.000,original,-,robot4,MIN_DISTANCE,OK,1.379,8.344,,0,nearest_robot=robot3
94.000,original,-,robot5,MIN_DISTANCE,OK,10.447,8.344,,0,nearest_robot=robot3
94.000,original,-,robot6,MIN_DISTANCE,OK,11.431,8.344,,0,nearest_robot=robot5
94.000,original,-,fleet,MIN_DISTANCE_AVG,OK,8.344,,,0,robots_sampled=6
95.000,original,-,robot1,MIN_DISTANCE,OK,16.093,8.218,,0,nearest_robot=robot6
95.000,original,-,robot2,MIN_DISTANCE,OK,9.598,8.218,,0,nearest_robot=robot4
95.000,original,-,robot3,MIN_DISTANCE,OK,1.379,8.218,,0,nearest_robot=robot4
95.000,original,-,robot4,MIN_DISTANCE,OK,1.379,8.218,,0,nearest_robot=robot3
95.000,original,-,robot5,MIN_DISTANCE,OK,10.246,8.218,,0,nearest_robot=robot4
95.000,original,-,robot6,MIN_DISTANCE,OK,10.610,8.218,,0,nearest_robot=robot5
95.000,original,-,fleet,MIN_DISTANCE_AVG,OK,8.218,,,0,robots_sampled=6
96.000,original,-,robot1,MIN_DISTANCE,OK,16.463,8.071,,0,nearest_robot=robot6
96.000,original,-,robot2,MIN_DISTANCE,OK,9.544,8.071,,0,nearest_robot=robot4
96.000,original,-,robot3,MIN_DISTANCE,OK,1.379,8.071,,0,nearest_robot=robot4
96.000,original,-,robot4,MIN_DISTANCE,OK,1.379,8.071,,0,nearest_robot=robot3
96.000,original,-,robot5,MIN_DISTANCE,OK,9.829,8.071,,0,nearest_robot=robot6
96.000,original,-,robot6,MIN_DISTANCE,OK,9.829,8.071,,0,nearest_robot=robot5
96.000,original,-,fleet,MIN_DISTANCE_AVG,OK,8.071,,,0,robots_sampled=6
97.000,original,-,robot1,MIN_DISTANCE,OK,16.808,7.869,,0,nearest_robot=robot6
97.000,original,-,robot2,MIN_DISTANCE,OK,9.507,7.869,,0,nearest_robot=robot4
97.000,original,-,robot3,MIN_DISTANCE,OK,1.379,7.869,,0,nearest_robot=robot4
97.000,original,-,robot4,MIN_DISTANCE,OK,1.379,7.869,,0,nearest_robot=robot3
97.000,original,-,robot5,MIN_DISTANCE,OK,9.070,7.869,,0,nearest_robot=robot6
97.000,original,-,robot6,MIN_DISTANCE,OK,9.070,7.869,,0,nearest_robot=robot5
97.000,original,-,fleet,MIN_DISTANCE_AVG,OK,7.869,,,0,robots_sampled=6
98.000,original,-,robot1,MIN_DISTANCE,OK,17.019,7.707,,0,nearest_robot=robot6
98.000,original,-,robot2,MIN_DISTANCE,OK,9.584,7.707,,0,nearest_robot=robot4
98.000,original,-,robot3,MIN_DISTANCE,OK,1.379,7.707,,0,nearest_robot=robot4
98.000,original,-,robot4,MIN_DISTANCE,OK,1.379,7.707,,0,nearest_robot=robot3
98.000,original,-,robot5,MIN_DISTANCE,OK,8.441,7.707,,0,nearest_robot=robot6
98.000,original,-,robot6,MIN_DISTANCE,OK,8.441,7.707,,0,nearest_robot=robot5
98.000,original,-,fleet,MIN_DISTANCE_AVG,OK,7.707,,,0,robots_sampled=6
99.000,original,-,robot1,MIN_DISTANCE,OK,17.047,7.619,,0,nearest_robot=robot6
99.000,original,-,robot2,MIN_DISTANCE,OK,10.008,7.619,,0,nearest_robot=robot4
99.000,original,-,robot3,MIN_DISTANCE,OK,1.379,7.619,,0,nearest_robot=robot4
99.000,original,-,robot4,MIN_DISTANCE,OK,1.379,7.619,,0,nearest_robot=robot3
99.000,original,-,robot5,MIN_DISTANCE,OK,7.951,7.619,,0,nearest_robot=robot6
99.000,original,-,robot6,MIN_DISTANCE,OK,7.951,7.619,,0,nearest_robot=robot5
99.000,original,-,fleet,MIN_DISTANCE_AVG,OK,7.619,,,0,robots_sampled=6
100.000,original,-,robot1,MIN_DISTANCE,OK,17.009,7.554,,0,nearest_robot=robot2
100.000,original,-,robot2,MIN_DISTANCE,OK,10.439,7.554,,0,nearest_robot=robot4
100.000,original,-,robot3,MIN_DISTANCE,OK,1.379,7.554,,0,nearest_robot=robot4
100.000,original,-,robot4,MIN_DISTANCE,OK,1.379,7.554,,0,nearest_robot=robot3
100.000,original,-,robot5,MIN_DISTANCE,OK,7.558,7.554,,0,nearest_robot=robot6
100.000,original,-,robot6,MIN_DISTANCE,OK,7.558,7.554,,0,nearest_robot=robot5
100.000,original,-,fleet,MIN_DISTANCE_AVG,OK,7.554,,,0,robots_sampled=6
101.000,original,-,robot1,MIN_DISTANCE,OK,16.632,7.414,,0,nearest_robot=robot2
101.000,original,-,robot2,MIN_DISTANCE,OK,10.825,7.414,,0,nearest_robot=robot4
101.000,original,-,robot3,MIN_DISTANCE,OK,1.379,7.414,,0,nearest_robot=robot4
101.000,original,-,robot4,MIN_DISTANCE,OK,1.379,7.414,,0,nearest_robot=robot3
101.000,original,-,robot5,MIN_DISTANCE,OK,7.133,7.414,,0,nearest_robot=robot6
101.000,original,-,robot6,MIN_DISTANCE,OK,7.133,7.414,,0,nearest_robot=robot5
101.000,original,-,fleet,MIN_DISTANCE_AVG,OK,7.414,,,0,robots_sampled=6
102.000,original,-,robot1,MIN_DISTANCE,OK,16.257,7.253,,0,nearest_robot=robot2
102.000,original,-,robot2,MIN_DISTANCE,OK,11.101,7.253,,0,nearest_robot=robot6
102.000,original,-,robot3,MIN_DISTANCE,OK,1.379,7.253,,0,nearest_robot=robot4
102.000,original,-,robot4,MIN_DISTANCE,OK,1.379,7.253,,0,nearest_robot=robot3
102.000,original,-,robot5,MIN_DISTANCE,OK,6.700,7.253,,0,nearest_robot=robot6
102.000,original,-,robot6,MIN_DISTANCE,OK,6.700,7.253,,0,nearest_robot=robot5
102.000,original,-,fleet,MIN_DISTANCE_AVG,OK,7.253,,,0,robots_sampled=6
103.000,original,-,robot1,MIN_DISTANCE,OK,15.918,7.073,,0,nearest_robot=robot2
103.000,original,-,robot2,MIN_DISTANCE,OK,11.190,7.073,,0,nearest_robot=robot6
103.000,original,-,robot3,MIN_DISTANCE,OK,1.379,7.073,,0,nearest_robot=robot4
103.000,original,-,robot4,MIN_DISTANCE,OK,1.379,7.073,,0,nearest_robot=robot3
103.000,original,-,robot5,MIN_DISTANCE,OK,6.286,7.073,,0,nearest_robot=robot6
103.000,original,-,robot6,MIN_DISTANCE,OK,6.286,7.073,,0,nearest_robot=robot5
103.000,original,-,fleet,MIN_DISTANCE_AVG,OK,7.073,,,0,robots_sampled=6
104.000,original,-,robot1,MIN_DISTANCE,OK,15.534,6.893,,0,nearest_robot=robot2
104.000,original,-,robot2,MIN_DISTANCE,OK,11.328,6.893,,0,nearest_robot=robot6
104.000,original,-,robot3,MIN_DISTANCE,OK,1.379,6.893,,0,nearest_robot=robot4
104.000,original,-,robot4,MIN_DISTANCE,OK,1.379,6.893,,0,nearest_robot=robot3
104.000,original,-,robot5,MIN_DISTANCE,OK,5.868,6.893,,0,nearest_robot=robot6
104.000,original,-,robot6,MIN_DISTANCE,OK,5.868,6.893,,0,nearest_robot=robot5
104.000,original,-,fleet,MIN_DISTANCE_AVG,OK,6.893,,,0,robots_sampled=6
105.000,original,-,robot1,MIN_DISTANCE,OK,15.208,6.733,,0,nearest_robot=robot2
105.000,original,-,robot2,MIN_DISTANCE,OK,11.478,6.733,,0,nearest_robot=robot6
105.000,original,-,robot3,MIN_DISTANCE,OK,1.379,6.733,,0,nearest_robot=robot4
105.000,original,-,robot4,MIN_DISTANCE,OK,1.379,6.733,,0,nearest_robot=robot3
105.000,original,-,robot5,MIN_DISTANCE,OK,5.477,6.733,,0,nearest_robot=robot6
105.000,original,-,robot6,MIN_DISTANCE,OK,5.477,6.733,,0,nearest_robot=robot5
105.000,original,-,fleet,MIN_DISTANCE_AVG,OK,6.733,,,0,robots_sampled=6
106.000,original,-,robot1,MIN_DISTANCE,OK,14.889,6.586,,0,nearest_robot=robot2
106.000,original,-,robot2,MIN_DISTANCE,OK,11.654,6.586,,0,nearest_robot=robot6
106.000,original,-,robot3,MIN_DISTANCE,OK,1.379,6.586,,0,nearest_robot=robot4
106.000,original,-,robot4,MIN_DISTANCE,OK,1.379,6.586,,0,nearest_robot=robot3
106.000,original,-,robot5,MIN_DISTANCE,OK,5.108,6.586,,0,nearest_robot=robot6
106.000,original,-,robot6,MIN_DISTANCE,OK,5.108,6.586,,0,nearest_robot=robot5
106.000,original,-,fleet,MIN_DISTANCE_AVG,OK,6.586,,,0,robots_sampled=6
107.000,original,-,robot1,MIN_DISTANCE,OK,14.572,6.437,,0,nearest_robot=robot2
107.000,original,-,robot2,MIN_DISTANCE,OK,11.844,6.437,,0,nearest_robot=robot6
107.000,original,-,robot3,MIN_DISTANCE,OK,1.379,6.437,,0,nearest_robot=robot4
107.000,original,-,robot4,MIN_DISTANCE,OK,1.379,6.437,,0,nearest_robot=robot3
107.000,original,-,robot5,MIN_DISTANCE,OK,4.725,6.437,,0,nearest_robot=robot6
107.000,original,-,robot6,MIN_DISTANCE,OK,4.725,6.437,,0,nearest_robot=robot5
107.000,original,-,fleet,MIN_DISTANCE_AVG,OK,6.437,,,0,robots_sampled=6
108.000,original,-,robot1,MIN_DISTANCE,OK,14.292,6.298,,0,nearest_robot=robot2
108.000,original,-,robot2,MIN_DISTANCE,OK,12.046,6.298,,0,nearest_robot=robot6
108.000,original,-,robot3,MIN_DISTANCE,OK,1.379,6.298,,0,nearest_robot=robot4
108.000,original,-,robot4,MIN_DISTANCE,OK,1.379,6.298,,0,nearest_robot=robot3
108.000,original,-,robot5,MIN_DISTANCE,OK,4.347,6.298,,0,nearest_robot=robot6
108.000,original,-,robot6,MIN_DISTANCE,OK,4.347,6.298,,0,nearest_robot=robot5
108.000,original,-,fleet,MIN_DISTANCE_AVG,OK,6.298,,,0,robots_sampled=6
109.000,original,-,robot1,MIN_DISTANCE,OK,13.992,6.154,,0,nearest_robot=robot2
109.000,original,-,robot2,MIN_DISTANCE,OK,12.250,6.154,,0,nearest_robot=robot6
109.000,original,-,robot3,MIN_DISTANCE,OK,1.379,6.154,,0,nearest_robot=robot4
109.000,original,-,robot4,MIN_DISTANCE,OK,1.379,6.154,,0,nearest_robot=robot3
109.000,original,-,robot5,MIN_DISTANCE,OK,3.962,6.154,,0,nearest_robot=robot6
109.000,original,-,robot6,MIN_DISTANCE,OK,3.962,6.154,,0,nearest_robot=robot5
109.000,original,-,fleet,MIN_DISTANCE_AVG,OK,6.154,,,0,robots_sampled=6
110.000,original,-,robot1,MIN_DISTANCE,OK,13.722,6.064,,0,nearest_robot=robot2
110.000,original,-,robot2,MIN_DISTANCE,OK,12.480,6.064,,0,nearest_robot=robot6
110.000,original,-,robot3,MIN_DISTANCE,OK,1.379,6.064,,0,nearest_robot=robot4
110.000,original,-,robot4,MIN_DISTANCE,OK,1.379,6.064,,0,nearest_robot=robot3
110.000,original,-,robot5,MIN_DISTANCE,OK,3.712,6.064,,0,nearest_robot=robot6
110.000,original,-,robot6,MIN_DISTANCE,OK,3.712,6.064,,0,nearest_robot=robot5
110.000,original,-,fleet,MIN_DISTANCE_AVG,OK,6.064,,,0,robots_sampled=6
110.770,original,-,fleet,CHOMP_TIME_FULL,OK,,25.268,,0,iterations=100;iterations_executed=100;source=algorithm;round_trip=25.287377
111.000,original,-,robot1,MIN_DISTANCE,OK,13.476,5.998,,0,nearest_robot=robot2
111.000,original,-,robot2,MIN_DISTANCE,OK,12.701,5.998,,0,nearest_robot=robot6
111.000,original,-,robot3,MIN_DISTANCE,OK,1.381,5.998,,0,nearest_robot=robot4
111.000,original,-,robot4,MIN_DISTANCE,OK,1.381,5.998,,0,nearest_robot=robot3
111.000,original,-,robot5,MIN_DISTANCE,OK,3.526,5.998,,0,nearest_robot=robot6
111.000,original,-,robot6,MIN_DISTANCE,OK,3.526,5.998,,0,nearest_robot=robot5
111.000,original,-,fleet,MIN_DISTANCE_AVG,OK,5.998,,,0,robots_sampled=6
111.500,original,-,fleet,REPLAN_FULL,OK,,,robot1|robot2|robot3|robot4|robot5|robot6,0,original_full_optimization
112.000,original,-,robot1,MIN_DISTANCE,OK,13.307,6.042,,0,nearest_robot=robot2
112.000,original,-,robot2,MIN_DISTANCE,OK,12.732,6.042,,0,nearest_robot=robot6
112.000,original,-,robot3,MIN_DISTANCE,OK,1.566,6.042,,0,nearest_robot=robot4
112.000,original,-,robot4,MIN_DISTANCE,OK,1.566,6.042,,0,nearest_robot=robot3
112.000,original,-,robot5,MIN_DISTANCE,OK,3.539,6.042,,0,nearest_robot=robot6
112.000,original,-,robot6,MIN_DISTANCE,OK,3.539,6.042,,0,nearest_robot=robot5
112.000,original,-,fleet,MIN_DISTANCE_AVG,OK,6.042,,,0,robots_sampled=6
113.000,original,-,robot1,MIN_DISTANCE,OK,13.305,6.131,,0,nearest_robot=robot2
113.000,original,-,robot2,MIN_DISTANCE,OK,12.731,6.131,,0,nearest_robot=robot6
113.000,original,-,robot3,MIN_DISTANCE,OK,1.835,6.131,,0,nearest_robot=robot4
113.000,original,-,robot4,MIN_DISTANCE,OK,1.835,6.131,,0,nearest_robot=robot3
113.000,original,-,robot5,MIN_DISTANCE,OK,3.539,6.131,,0,nearest_robot=robot6
113.000,original,-,robot6,MIN_DISTANCE,OK,3.539,6.131,,0,nearest_robot=robot5
113.000,original,-,fleet,MIN_DISTANCE_AVG,OK,6.131,,,0,robots_sampled=6
114.000,original,-,robot1,MIN_DISTANCE,OK,13.217,6.196,,0,nearest_robot=robot2
114.000,original,-,robot2,MIN_DISTANCE,OK,12.731,6.196,,0,nearest_robot=robot6
114.000,original,-,robot3,MIN_DISTANCE,OK,2.075,6.196,,0,nearest_robot=robot4
114.000,original,-,robot4,MIN_DISTANCE,OK,2.075,6.196,,0,nearest_robot=robot3
114.000,original,-,robot5,MIN_DISTANCE,OK,3.539,6.196,,0,nearest_robot=robot6
114.000,original,-,robot6,MIN_DISTANCE,OK,3.539,6.196,,0,nearest_robot=robot5
114.000,original,-,fleet,MIN_DISTANCE_AVG,OK,6.196,,,0,robots_sampled=6
115.000,original,-,robot1,MIN_DISTANCE,OK,13.061,6.291,,0,nearest_robot=robot2
115.000,original,-,robot2,MIN_DISTANCE,OK,12.731,6.291,,0,nearest_robot=robot6
115.000,original,-,robot3,MIN_DISTANCE,OK,2.437,6.291,,0,nearest_robot=robot4
115.000,original,-,robot4,MIN_DISTANCE,OK,2.437,6.291,,0,nearest_robot=robot3
115.000,original,-,robot5,MIN_DISTANCE,OK,3.539,6.291,,0,nearest_robot=robot6
115.000,original,-,robot6,MIN_DISTANCE,OK,3.539,6.291,,0,nearest_robot=robot5
115.000,original,-,fleet,MIN_DISTANCE_AVG,OK,6.291,,,0,robots_sampled=6
116.000,original,-,robot1,MIN_DISTANCE,OK,13.030,6.392,,0,nearest_robot=robot2
116.000,original,-,robot2,MIN_DISTANCE,OK,12.731,6.392,,0,nearest_robot=robot6
116.000,original,-,robot3,MIN_DISTANCE,OK,2.757,6.392,,0,nearest_robot=robot4
116.000,original,-,robot4,MIN_DISTANCE,OK,2.757,6.392,,0,nearest_robot=robot3
116.000,original,-,robot5,MIN_DISTANCE,OK,3.539,6.392,,0,nearest_robot=robot6
116.000,original,-,robot6,MIN_DISTANCE,OK,3.539,6.392,,0,nearest_robot=robot5
116.000,original,-,fleet,MIN_DISTANCE_AVG,OK,6.392,,,0,robots_sampled=6
117.000,original,-,robot1,MIN_DISTANCE,OK,13.108,6.487,,0,nearest_robot=robot2
117.000,original,-,robot2,MIN_DISTANCE,OK,12.514,6.487,,0,nearest_robot=robot4
117.000,original,-,robot3,MIN_DISTANCE,OK,3.112,6.487,,0,nearest_robot=robot4
117.000,original,-,robot4,MIN_DISTANCE,OK,3.112,6.487,,0,nearest_robot=robot3
117.000,original,-,robot5,MIN_DISTANCE,OK,3.539,6.487,,0,nearest_robot=robot6
117.000,original,-,robot6,MIN_DISTANCE,OK,3.539,6.487,,0,nearest_robot=robot5
117.000,original,-,fleet,MIN_DISTANCE_AVG,OK,6.487,,,0,robots_sampled=6
118.000,original,-,robot1,MIN_DISTANCE,OK,13.217,6.497,,0,nearest_robot=robot2
118.000,original,-,robot2,MIN_DISTANCE,OK,12.100,6.497,,0,nearest_robot=robot4
118.000,original,-,robot3,MIN_DISTANCE,OK,3.294,6.497,,0,nearest_robot=robot4
118.000,original,-,robot4,MIN_DISTANCE,OK,3.294,6.497,,0,nearest_robot=robot3
118.000,original,-,robot5,MIN_DISTANCE,OK,3.538,6.497,,0,nearest_robot=robot6
118.000,original,-,robot6,MIN_DISTANCE,OK,3.538,6.497,,0,nearest_robot=robot5
118.000,original,-,fleet,MIN_DISTANCE_AVG,OK,6.497,,,0,robots_sampled=6
119.000,original,-,robot1,MIN_DISTANCE,OK,13.357,6.507,,0,nearest_robot=robot2
119.000,original,-,robot2,MIN_DISTANCE,OK,11.698,6.507,,0,nearest_robot=robot4
119.000,original,-,robot3,MIN_DISTANCE,OK,3.454,6.507,,0,nearest_robot=robot4
119.000,original,-,robot4,MIN_DISTANCE,OK,3.454,6.507,,0,nearest_robot=robot3
119.000,original,-,robot5,MIN_DISTANCE,OK,3.538,6.507,,0,nearest_robot=robot6
119.000,original,-,robot6,MIN_DISTANCE,OK,3.538,6.507,,0,nearest_robot=robot5
119.000,original,-,fleet,MIN_DISTANCE_AVG,OK,6.507,,,0,robots_sampled=6
120.000,original,-,robot1,MIN_DISTANCE,OK,13.461,6.495,,0,nearest_robot=robot2
120.000,original,-,robot2,MIN_DISTANCE,OK,11.264,6.495,,0,nearest_robot=robot4
120.000,original,-,robot3,MIN_DISTANCE,OK,3.584,6.495,,0,nearest_robot=robot4
120.000,original,-,robot4,MIN_DISTANCE,OK,3.584,6.495,,0,nearest_robot=robot3
120.000,original,-,robot5,MIN_DISTANCE,OK,3.538,6.495,,0,nearest_robot=robot6
120.000,original,-,robot6,MIN_DISTANCE,OK,3.538,6.495,,0,nearest_robot=robot5
120.000,original,-,fleet,MIN_DISTANCE_AVG,OK,6.495,,,0,robots_sampled=6
121.000,original,-,robot1,MIN_DISTANCE,OK,13.554,6.470,,0,nearest_robot=robot2
121.000,original,-,robot2,MIN_DISTANCE,OK,10.850,6.470,,0,nearest_robot=robot4
121.000,original,-,robot3,MIN_DISTANCE,OK,3.669,6.470,,0,nearest_robot=robot4
121.000,original,-,robot4,MIN_DISTANCE,OK,3.669,6.470,,0,nearest_robot=robot3
121.000,original,-,robot5,MIN_DISTANCE,OK,3.538,6.470,,0,nearest_robot=robot6
121.000,original,-,robot6,MIN_DISTANCE,OK,3.538,6.470,,0,nearest_robot=robot5
121.000,original,-,fleet,MIN_DISTANCE_AVG,OK,6.470,,,0,robots_sampled=6
122.000,original,-,robot1,MIN_DISTANCE,OK,13.657,6.433,,0,nearest_robot=robot2
122.000,original,-,robot2,MIN_DISTANCE,OK,10.441,6.433,,0,nearest_robot=robot4
122.000,original,-,robot3,MIN_DISTANCE,OK,3.712,6.433,,0,nearest_robot=robot4
122.000,original,-,robot4,MIN_DISTANCE,OK,3.712,6.433,,0,nearest_robot=robot3
122.000,original,-,robot5,MIN_DISTANCE,OK,3.538,6.433,,0,nearest_robot=robot6
122.000,original,-,robot6,MIN_DISTANCE,OK,3.538,6.433,,0,nearest_robot=robot5
122.000,original,-,fleet,MIN_DISTANCE_AVG,OK,6.433,,,0,robots_sampled=6
123.000,original,-,robot1,MIN_DISTANCE,OK,13.760,6.400,,0,nearest_robot=robot2
123.000,original,-,robot2,MIN_DISTANCE,OK,10.044,6.400,,0,nearest_robot=robot4
123.000,original,-,robot3,MIN_DISTANCE,OK,3.760,6.400,,0,nearest_robot=robot4
123.000,original,-,robot4,MIN_DISTANCE,OK,3.760,6.400,,0,nearest_robot=robot3
123.000,original,-,robot5,MIN_DISTANCE,OK,3.538,6.400,,0,nearest_robot=robot6
123.000,original,-,robot6,MIN_DISTANCE,OK,3.538,6.400,,0,nearest_robot=robot5
123.000,original,-,fleet,MIN_DISTANCE_AVG,OK,6.400,,,0,robots_sampled=6
124.000,original,-,robot1,MIN_DISTANCE,OK,13.901,6.388,,0,nearest_robot=robot2
124.000,original,-,robot2,MIN_DISTANCE,OK,9.635,6.388,,0,nearest_robot=robot4
124.000,original,-,robot3,MIN_DISTANCE,OK,3.859,6.388,,0,nearest_robot=robot4
124.000,original,-,robot4,MIN_DISTANCE,OK,3.859,6.388,,0,nearest_robot=robot3
124.000,original,-,robot5,MIN_DISTANCE,OK,3.538,6.388,,0,nearest_robot=robot6
124.000,original,-,robot6,MIN_DISTANCE,OK,3.538,6.388,,0,nearest_robot=robot5
124.000,original,-,fleet,MIN_DISTANCE_AVG,OK,6.388,,,0,robots_sampled=6
125.000,original,-,robot1,MIN_DISTANCE,OK,14.007,6.382,,0,nearest_robot=robot2
125.000,original,-,robot2,MIN_DISTANCE,OK,9.225,6.382,,0,nearest_robot=robot4
125.000,original,-,robot3,MIN_DISTANCE,OK,3.993,6.382,,0,nearest_robot=robot4
125.000,original,-,robot4,MIN_DISTANCE,OK,3.993,6.382,,0,nearest_robot=robot3
125.000,original,-,robot5,MIN_DISTANCE,OK,3.538,6.382,,0,nearest_robot=robot6
125.000,original,-,robot6,MIN_DISTANCE,OK,3.538,6.382,,0,nearest_robot=robot5
125.000,original,-,fleet,MIN_DISTANCE_AVG,OK,6.382,,,0,robots_sampled=6
126.000,original,-,robot1,MIN_DISTANCE,OK,14.015,6.330,,0,nearest_robot=robot2
126.000,original,-,robot2,MIN_DISTANCE,OK,8.826,6.330,,0,nearest_robot=robot4
126.000,original,-,robot3,MIN_DISTANCE,OK,4.032,6.330,,0,nearest_robot=robot4
126.000,original,-,robot4,MIN_DISTANCE,OK,4.032,6.330,,0,nearest_robot=robot3
126.000,original,-,robot5,MIN_DISTANCE,OK,3.538,6.330,,0,nearest_robot=robot6
126.000,original,-,robot6,MIN_DISTANCE,OK,3.538,6.330,,0,nearest_robot=robot5
126.000,original,-,fleet,MIN_DISTANCE_AVG,OK,6.330,,,0,robots_sampled=6
127.000,original,-,robot1,MIN_DISTANCE,OK,14.017,6.291,,0,nearest_robot=robot2
127.000,original,-,robot2,MIN_DISTANCE,OK,8.408,6.291,,0,nearest_robot=robot4
127.000,original,-,robot3,MIN_DISTANCE,OK,4.123,6.291,,0,nearest_robot=robot4
127.000,original,-,robot4,MIN_DISTANCE,OK,4.123,6.291,,0,nearest_robot=robot3
127.000,original,-,robot5,MIN_DISTANCE,OK,3.537,6.291,,0,nearest_robot=robot6
127.000,original,-,robot6,MIN_DISTANCE,OK,3.537,6.291,,0,nearest_robot=robot5
127.000,original,-,fleet,MIN_DISTANCE_AVG,OK,6.291,,,0,robots_sampled=6
128.000,original,-,robot1,MIN_DISTANCE,OK,14.017,6.253,,0,nearest_robot=robot2
128.000,original,-,robot2,MIN_DISTANCE,OK,8.004,6.253,,0,nearest_robot=robot4
128.000,original,-,robot3,MIN_DISTANCE,OK,4.213,6.253,,0,nearest_robot=robot4
128.000,original,-,robot4,MIN_DISTANCE,OK,4.213,6.253,,0,nearest_robot=robot3
128.000,original,-,robot5,MIN_DISTANCE,OK,3.537,6.253,,0,nearest_robot=robot6
128.000,original,-,robot6,MIN_DISTANCE,OK,3.537,6.253,,0,nearest_robot=robot5
128.000,original,-,fleet,MIN_DISTANCE_AVG,OK,6.253,,,0,robots_sampled=6
129.000,original,-,robot1,MIN_DISTANCE,OK,14.017,6.207,,0,nearest_robot=robot2
129.000,original,-,robot2,MIN_DISTANCE,OK,7.612,6.207,,0,nearest_robot=robot4
129.000,original,-,robot3,MIN_DISTANCE,OK,4.268,6.207,,0,nearest_robot=robot4
129.000,original,-,robot4,MIN_DISTANCE,OK,4.268,6.207,,0,nearest_robot=robot3
129.000,original,-,robot5,MIN_DISTANCE,OK,3.537,6.207,,0,nearest_robot=robot6
129.000,original,-,robot6,MIN_DISTANCE,OK,3.537,6.207,,0,nearest_robot=robot5
129.000,original,-,fleet,MIN_DISTANCE_AVG,OK,6.207,,,0,robots_sampled=6
130.000,original,-,robot1,MIN_DISTANCE,OK,14.017,6.216,,0,nearest_robot=robot2
130.000,original,-,robot2,MIN_DISTANCE,OK,7.225,6.216,,0,nearest_robot=robot4
130.000,original,-,robot3,MIN_DISTANCE,OK,4.490,6.216,,0,nearest_robot=robot4
130.000,original,-,robot4,MIN_DISTANCE,OK,4.490,6.216,,0,nearest_robot=robot3
130.000,original,-,robot5,MIN_DISTANCE,OK,3.537,6.216,,0,nearest_robot=robot6
130.000,original,-,robot6,MIN_DISTANCE,OK,3.537,6.216,,0,nearest_robot=robot5
130.000,original,-,fleet,MIN_DISTANCE_AVG,OK,6.216,,,0,robots_sampled=6
131.000,original,-,robot1,MIN_DISTANCE,OK,14.017,6.224,,0,nearest_robot=robot2
131.000,original,-,robot2,MIN_DISTANCE,OK,6.870,6.224,,0,nearest_robot=robot4
131.000,original,-,robot3,MIN_DISTANCE,OK,4.692,6.224,,0,nearest_robot=robot4
131.000,original,-,robot4,MIN_DISTANCE,OK,4.692,6.224,,0,nearest_robot=robot3
131.000,original,-,robot5,MIN_DISTANCE,OK,3.537,6.224,,0,nearest_robot=robot6
131.000,original,-,robot6,MIN_DISTANCE,OK,3.537,6.224,,0,nearest_robot=robot5
131.000,original,-,fleet,MIN_DISTANCE_AVG,OK,6.224,,,0,robots_sampled=6
132.000,original,-,robot1,MIN_DISTANCE,OK,14.017,6.252,,0,nearest_robot=robot2
132.000,original,-,robot2,MIN_DISTANCE,OK,6.570,6.252,,0,nearest_robot=robot4
132.000,original,-,robot3,MIN_DISTANCE,OK,4.926,6.252,,0,nearest_robot=robot4
132.000,original,-,robot4,MIN_DISTANCE,OK,4.926,6.252,,0,nearest_robot=robot3
132.000,original,-,robot5,MIN_DISTANCE,OK,3.537,6.252,,0,nearest_robot=robot6
132.000,original,-,robot6,MIN_DISTANCE,OK,3.537,6.252,,0,nearest_robot=robot5
132.000,original,-,fleet,MIN_DISTANCE_AVG,OK,6.252,,,0,robots_sampled=6
133.000,original,-,robot1,MIN_DISTANCE,OK,14.017,6.320,,0,nearest_robot=robot2
133.000,original,-,robot2,MIN_DISTANCE,OK,6.353,6.320,,0,nearest_robot=robot4
133.000,original,-,robot3,MIN_DISTANCE,OK,5.238,6.320,,0,nearest_robot=robot4
133.000,original,-,robot4,MIN_DISTANCE,OK,5.238,6.320,,0,nearest_robot=robot3
133.000,original,-,robot5,MIN_DISTANCE,OK,3.537,6.320,,0,nearest_robot=robot6
133.000,original,-,robot6,MIN_DISTANCE,OK,3.537,6.320,,0,nearest_robot=robot5
133.000,original,-,fleet,MIN_DISTANCE_AVG,OK,6.320,,,0,robots_sampled=6
134.000,original,-,robot1,MIN_DISTANCE,OK,14.016,6.379,,0,nearest_robot=robot2
134.000,original,-,robot2,MIN_DISTANCE,OK,6.232,6.379,,0,nearest_robot=robot4
134.000,original,-,robot3,MIN_DISTANCE,OK,5.475,6.379,,0,nearest_robot=robot4
134.000,original,-,robot4,MIN_DISTANCE,OK,5.475,6.379,,0,nearest_robot=robot3
134.000,original,-,robot5,MIN_DISTANCE,OK,3.537,6.379,,0,nearest_robot=robot6
134.000,original,-,robot6,MIN_DISTANCE,OK,3.537,6.379,,0,nearest_robot=robot5
134.000,original,-,fleet,MIN_DISTANCE_AVG,OK,6.379,,,0,robots_sampled=6
135.000,original,-,robot1,MIN_DISTANCE,OK,14.016,6.394,,0,nearest_robot=robot2
135.000,original,-,robot2,MIN_DISTANCE,OK,6.244,6.394,,0,nearest_robot=robot4
135.000,original,-,robot3,MIN_DISTANCE,OK,5.515,6.394,,0,nearest_robot=robot4
135.000,original,-,robot4,MIN_DISTANCE,OK,5.515,6.394,,0,nearest_robot=robot3
135.000,original,-,robot5,MIN_DISTANCE,OK,3.536,6.394,,0,nearest_robot=robot6
135.000,original,-,robot6,MIN_DISTANCE,OK,3.536,6.394,,0,nearest_robot=robot5
135.000,original,-,fleet,MIN_DISTANCE_AVG,OK,6.394,,,0,robots_sampled=6
135.390,original,-,fleet,CHOMP_TIME_FULL,OK,,24.844,,0,iterations=100;iterations_executed=100;source=algorithm;round_trip=24.862387
136.000,original,-,fleet,REPLAN_FULL,OK,,,robot1|robot2|robot3|robot4|robot5|robot6,0,original_full_optimization
136.000,original,-,robot1,MIN_DISTANCE,OK,14.029,6.421,,0,nearest_robot=robot2
136.000,original,-,robot2,MIN_DISTANCE,OK,6.230,6.421,,0,nearest_robot=robot4
136.000,original,-,robot3,MIN_DISTANCE,OK,5.642,6.421,,0,nearest_robot=robot4
136.000,original,-,robot4,MIN_DISTANCE,OK,5.642,6.421,,0,nearest_robot=robot3
136.000,original,-,robot5,MIN_DISTANCE,OK,3.491,6.421,,0,nearest_robot=robot6
136.000,original,-,robot6,MIN_DISTANCE,OK,3.491,6.421,,0,nearest_robot=robot5
136.000,original,-,fleet,MIN_DISTANCE_AVG,OK,6.421,,,0,robots_sampled=6
137.000,original,-,robot1,MIN_DISTANCE,OK,14.054,6.441,,0,nearest_robot=robot2
137.000,original,-,robot2,MIN_DISTANCE,OK,6.202,6.441,,0,nearest_robot=robot4
137.000,original,-,robot3,MIN_DISTANCE,OK,5.835,6.441,,0,nearest_robot=robot4
137.000,original,-,robot4,MIN_DISTANCE,OK,5.835,6.441,,0,nearest_robot=robot3
137.000,original,-,robot5,MIN_DISTANCE,OK,3.360,6.441,,0,nearest_robot=robot6
137.000,original,-,robot6,MIN_DISTANCE,OK,3.360,6.441,,0,nearest_robot=robot5
137.000,original,-,fleet,MIN_DISTANCE_AVG,OK,6.441,,,0,robots_sampled=6
138.000,original,-,robot1,MIN_DISTANCE,OK,14.060,6.448,,0,nearest_robot=robot2
138.000,original,-,robot2,MIN_DISTANCE,OK,6.202,6.448,,0,nearest_robot=robot4
138.000,original,-,robot3,MIN_DISTANCE,OK,5.958,6.448,,0,nearest_robot=robot4
138.000,original,-,robot4,MIN_DISTANCE,OK,5.958,6.448,,0,nearest_robot=robot3
138.000,original,-,robot5,MIN_DISTANCE,OK,3.255,6.448,,0,nearest_robot=robot6
138.000,original,-,robot6,MIN_DISTANCE,OK,3.255,6.448,,0,nearest_robot=robot5
138.000,original,-,fleet,MIN_DISTANCE_AVG,OK,6.448,,,0,robots_sampled=6
139.000,original,-,robot1,MIN_DISTANCE,OK,14.162,6.435,,0,nearest_robot=robot2
139.000,original,-,robot2,MIN_DISTANCE,OK,6.093,6.435,,0,nearest_robot=robot4
139.000,original,-,robot3,MIN_DISTANCE,OK,5.735,6.435,,0,nearest_robot=robot6
139.000,original,-,robot4,MIN_DISTANCE,OK,6.073,6.435,,0,nearest_robot=robot3
139.000,original,-,robot5,MIN_DISTANCE,OK,3.274,6.435,,0,nearest_robot=robot6
139.000,original,-,robot6,MIN_DISTANCE,OK,3.274,6.435,,0,nearest_robot=robot5
139.000,original,-,fleet,MIN_DISTANCE_AVG,OK,6.435,,,0,robots_sampled=6
140.000,original,-,robot1,MIN_DISTANCE,OK,14.204,6.359,,0,nearest_robot=robot2
140.000,original,-,robot2,MIN_DISTANCE,OK,6.047,6.359,,0,nearest_robot=robot4
140.000,original,-,robot3,MIN_DISTANCE,OK,5.342,6.359,,0,nearest_robot=robot6
140.000,original,-,robot4,MIN_DISTANCE,OK,6.047,6.359,,0,nearest_robot=robot2
140.000,original,-,robot5,MIN_DISTANCE,OK,3.256,6.359,,0,nearest_robot=robot6
140.000,original,-,robot6,MIN_DISTANCE,OK,3.256,6.359,,0,nearest_robot=robot5
140.000,original,-,fleet,MIN_DISTANCE_AVG,OK,6.359,,,0,robots_sampled=6
141.000,original,-,robot1,MIN_DISTANCE,OK,14.210,6.284,,0,nearest_robot=robot2
141.000,original,-,robot2,MIN_DISTANCE,OK,6.040,6.284,,0,nearest_robot=robot4
141.000,original,-,robot3,MIN_DISTANCE,OK,4.913,6.284,,0,nearest_robot=robot5
141.000,original,-,robot4,MIN_DISTANCE,OK,6.040,6.284,,0,nearest_robot=robot2
141.000,original,-,robot5,MIN_DISTANCE,OK,3.249,6.284,,0,nearest_robot=robot6
141.000,original,-,robot6,MIN_DISTANCE,OK,3.249,6.284,,0,nearest_robot=robot5
141.000,original,-,fleet,MIN_DISTANCE_AVG,OK,6.284,,,0,robots_sampled=6
142.000,original,-,robot1,MIN_DISTANCE,OK,14.211,6.210,,0,nearest_robot=robot2
142.000,original,-,robot2,MIN_DISTANCE,OK,6.038,6.210,,0,nearest_robot=robot4
142.000,original,-,robot3,MIN_DISTANCE,OK,4.475,6.210,,0,nearest_robot=robot5
142.000,original,-,robot4,MIN_DISTANCE,OK,6.038,6.210,,0,nearest_robot=robot2
142.000,original,-,robot5,MIN_DISTANCE,OK,3.249,6.210,,0,nearest_robot=robot6
142.000,original,-,robot6,MIN_DISTANCE,OK,3.249,6.210,,0,nearest_robot=robot5
142.000,original,-,fleet,MIN_DISTANCE_AVG,OK,6.210,,,0,robots_sampled=6
143.000,original,-,robot1,MIN_DISTANCE,OK,14.195,6.141,,0,nearest_robot=robot2
143.000,original,-,robot2,MIN_DISTANCE,OK,6.056,6.141,,0,nearest_robot=robot4
143.000,original,-,robot3,MIN_DISTANCE,OK,4.043,6.141,,0,nearest_robot=robot5
143.000,original,-,robot4,MIN_DISTANCE,OK,6.056,6.141,,0,nearest_robot=robot2
143.000,original,-,robot5,MIN_DISTANCE,OK,3.249,6.141,,0,nearest_robot=robot6
143.000,original,-,robot6,MIN_DISTANCE,OK,3.249,6.141,,0,nearest_robot=robot5
143.000,original,-,fleet,MIN_DISTANCE_AVG,OK,6.141,,,0,robots_sampled=6
144.000,original,-,robot1,MIN_DISTANCE,OK,14.194,6.072,,0,nearest_robot=robot2
144.000,original,-,robot2,MIN_DISTANCE,OK,6.056,6.072,,0,nearest_robot=robot4
144.000,original,-,robot3,MIN_DISTANCE,OK,3.631,6.072,,0,nearest_robot=robot5
144.000,original,-,robot4,MIN_DISTANCE,OK,6.056,6.072,,0,nearest_robot=robot2
144.000,original,-,robot5,MIN_DISTANCE,OK,3.249,6.072,,0,nearest_robot=robot6
144.000,original,-,robot6,MIN_DISTANCE,OK,3.249,6.072,,0,nearest_robot=robot5
144.000,original,-,fleet,MIN_DISTANCE_AVG,OK,6.072,,,0,robots_sampled=6
145.000,original,-,robot1,MIN_DISTANCE,OK,14.202,5.996,,0,nearest_robot=robot2
145.000,original,-,robot2,MIN_DISTANCE,OK,6.047,5.996,,0,nearest_robot=robot4
145.000,original,-,robot3,MIN_DISTANCE,OK,3.214,5.996,,0,nearest_robot=robot5
145.000,original,-,robot4,MIN_DISTANCE,OK,6.047,5.996,,0,nearest_robot=robot2
145.000,original,-,robot5,MIN_DISTANCE,OK,3.214,5.996,,0,nearest_robot=robot3
145.000,original,-,robot6,MIN_DISTANCE,OK,3.249,5.996,,0,nearest_robot=robot5
145.000,original,-,fleet,MIN_DISTANCE_AVG,OK,5.996,,,0,robots_sampled=6
146.000,original,-,robot1,MIN_DISTANCE,OK,14.199,5.887,,0,nearest_robot=robot2
146.000,original,-,robot2,MIN_DISTANCE,OK,6.050,5.887,,0,nearest_robot=robot4
146.000,original,-,robot3,MIN_DISTANCE,OK,2.886,5.887,,0,nearest_robot=robot5
146.000,original,-,robot4,MIN_DISTANCE,OK,6.050,5.887,,0,nearest_robot=robot2
146.000,original,-,robot5,MIN_DISTANCE,OK,2.886,5.887,,0,nearest_robot=robot3
146.000,original,-,robot6,MIN_DISTANCE,OK,3.249,5.887,,0,nearest_robot=robot5
146.000,original,-,fleet,MIN_DISTANCE_AVG,OK,5.887,,,0,robots_sampled=6
147.000,original,-,robot1,MIN_DISTANCE,OK,14.155,5.777,,0,nearest_robot=robot2
147.000,original,-,robot2,MIN_DISTANCE,OK,6.103,5.777,,0,nearest_robot=robot4
147.000,original,-,robot3,MIN_DISTANCE,OK,2.526,5.777,,0,nearest_robot=robot5
147.000,original,-,robot4,MIN_DISTANCE,OK,6.103,5.777,,0,nearest_robot=robot2
147.000,original,-,robot5,MIN_DISTANCE,OK,2.526,5.777,,0,nearest_robot=robot3
147.000,original,-,robot6,MIN_DISTANCE,OK,3.249,5.777,,0,nearest_robot=robot5
147.000,original,-,fleet,MIN_DISTANCE_AVG,OK,5.777,,,0,robots_sampled=6
148.000,original,-,robot1,MIN_DISTANCE,OK,14.155,5.659,,0,nearest_robot=robot2
148.000,original,-,robot2,MIN_DISTANCE,OK,6.103,5.659,,0,nearest_robot=robot4
148.000,original,-,robot3,MIN_DISTANCE,OK,2.173,5.659,,0,nearest_robot=robot5
148.000,original,-,robot4,MIN_DISTANCE,OK,6.103,5.659,,0,nearest_robot=robot2
148.000,original,-,robot5,MIN_DISTANCE,OK,2.173,5.659,,0,nearest_robot=robot3
148.000,original,-,robot6,MIN_DISTANCE,OK,3.248,5.659,,0,nearest_robot=robot5
148.000,original,-,fleet,MIN_DISTANCE_AVG,OK,5.659,,,0,robots_sampled=6
149.000,original,-,robot1,MIN_DISTANCE,OK,14.154,5.544,,0,nearest_robot=robot2
149.000,original,-,robot2,MIN_DISTANCE,OK,6.103,5.544,,0,nearest_robot=robot4
149.000,original,-,robot3,MIN_DISTANCE,OK,1.869,5.544,,0,nearest_robot=robot5
149.000,original,-,robot4,MIN_DISTANCE,OK,6.103,5.544,,0,nearest_robot=robot2
149.000,original,-,robot5,MIN_DISTANCE,OK,1.869,5.544,,0,nearest_robot=robot3
149.000,original,-,robot6,MIN_DISTANCE,OK,3.163,5.544,,0,nearest_robot=robot3
149.000,original,-,fleet,MIN_DISTANCE_AVG,OK,5.544,,,0,robots_sampled=6
150.000,original,-,robot1,MIN_DISTANCE,OK,14.154,5.415,,0,nearest_robot=robot2
150.000,original,-,robot2,MIN_DISTANCE,OK,6.103,5.415,,0,nearest_robot=robot4
150.000,original,-,robot3,MIN_DISTANCE,OK,1.563,5.415,,0,nearest_robot=robot5
150.000,original,-,robot4,MIN_DISTANCE,OK,6.103,5.415,,0,nearest_robot=robot2
150.000,original,-,robot5,MIN_DISTANCE,OK,1.563,5.415,,0,nearest_robot=robot3
150.000,original,-,robot6,MIN_DISTANCE,OK,3.004,5.415,,0,nearest_robot=robot3
150.000,original,-,fleet,MIN_DISTANCE_AVG,OK,5.415,,,0,robots_sampled=6
151.000,original,-,robot1,MIN_DISTANCE,OK,14.154,5.273,,0,nearest_robot=robot2
151.000,original,-,robot2,MIN_DISTANCE,OK,6.103,5.273,,0,nearest_robot=robot4
151.000,original,-,robot3,MIN_DISTANCE,OK,1.186,5.273,,0,nearest_robot=robot5
151.000,original,-,robot4,MIN_DISTANCE,OK,6.103,5.273,,0,nearest_robot=robot2
151.000,original,-,robot5,MIN_DISTANCE,OK,1.186,5.273,,0,nearest_robot=robot3
151.000,original,-,robot6,MIN_DISTANCE,OK,2.905,5.273,,0,nearest_robot=robot3
151.000,original,-,fleet,MIN_DISTANCE_AVG,OK,5.273,,,0,robots_sampled=6
152.000,original,-,robot1,MIN_DISTANCE,OK,14.154,5.154,,0,nearest_robot=robot2
152.000,original,-,robot2,MIN_DISTANCE,OK,6.104,5.154,,0,nearest_robot=robot4
152.000,original,-,robot3,MIN_DISTANCE,OK,0.875,5.154,,0,nearest_robot=robot5
152.000,original,-,robot4,MIN_DISTANCE,OK,6.104,5.154,,0,nearest_robot=robot2
152.000,original,-,robot5,MIN_DISTANCE,OK,0.875,5.154,,0,nearest_robot=robot3
152.000,original,-,robot6,MIN_DISTANCE,OK,2.813,5.154,,0,nearest_robot=robot3
152.000,original,-,fleet,MIN_DISTANCE_AVG,OK,5.154,,,0,robots_sampled=6
153.000,original,-,robot1,MIN_DISTANCE,OK,14.154,5.086,,0,nearest_robot=robot2
153.000,original,-,robot2,MIN_DISTANCE,OK,6.104,5.086,,0,nearest_robot=robot4
153.000,original,-,robot3,MIN_DISTANCE,OK,0.722,5.086,,0,nearest_robot=robot5
153.000,original,-,robot4,MIN_DISTANCE,OK,6.104,5.086,,0,nearest_robot=robot2
153.000,original,-,robot5,MIN_DISTANCE,OK,0.722,5.086,,0,nearest_robot=robot3
153.000,original,-,robot6,MIN_DISTANCE,OK,2.713,5.086,,0,nearest_robot=robot3
153.000,original,-,fleet,MIN_DISTANCE_AVG,OK,5.086,,,0,robots_sampled=6
154.000,original,-,robot1,MIN_DISTANCE,OK,14.154,5.058,,0,nearest_robot=robot2
154.000,original,-,robot2,MIN_DISTANCE,OK,6.104,5.058,,0,nearest_robot=robot4
154.000,original,-,robot3,MIN_DISTANCE,OK,0.694,5.058,,0,nearest_robot=robot5
154.000,original,-,robot4,MIN_DISTANCE,OK,6.104,5.058,,0,nearest_robot=robot2
154.000,original,-,robot5,MIN_DISTANCE,OK,0.694,5.058,,0,nearest_robot=robot3
154.000,original,-,robot6,MIN_DISTANCE,OK,2.602,5.058,,0,nearest_robot=robot3
154.000,original,-,fleet,MIN_DISTANCE_AVG,OK,5.058,,,0,robots_sampled=6
155.000,original,-,robot1,MIN_DISTANCE,OK,14.154,5.073,,0,nearest_robot=robot2
155.000,original,-,robot2,MIN_DISTANCE,OK,6.104,5.073,,0,nearest_robot=robot4
155.000,original,-,robot3,MIN_DISTANCE,OK,0.820,5.073,,0,nearest_robot=robot5
155.000,original,-,robot4,MIN_DISTANCE,OK,6.104,5.073,,0,nearest_robot=robot2
155.000,original,-,robot5,MIN_DISTANCE,OK,0.820,5.073,,0,nearest_robot=robot3
155.000,original,-,robot6,MIN_DISTANCE,OK,2.435,5.073,,0,nearest_robot=robot3
155.000,original,-,fleet,MIN_DISTANCE_AVG,OK,5.073,,,0,robots_sampled=6
156.000,original,-,robot1,MIN_DISTANCE,OK,14.153,5.098,,0,nearest_robot=robot2
156.000,original,-,robot2,MIN_DISTANCE,OK,6.104,5.098,,0,nearest_robot=robot4
156.000,original,-,robot3,MIN_DISTANCE,OK,0.972,5.098,,0,nearest_robot=robot5
156.000,original,-,robot4,MIN_DISTANCE,OK,6.104,5.098,,0,nearest_robot=robot2
156.000,original,-,robot5,MIN_DISTANCE,OK,0.972,5.098,,0,nearest_robot=robot3
156.000,original,-,robot6,MIN_DISTANCE,OK,2.279,5.098,,0,nearest_robot=robot3
156.000,original,-,fleet,MIN_DISTANCE_AVG,OK,5.098,,,0,robots_sampled=6
157.000,original,-,robot1,MIN_DISTANCE,OK,14.153,5.103,,0,nearest_robot=robot2
157.000,original,-,robot2,MIN_DISTANCE,OK,6.104,5.103,,0,nearest_robot=robot4
157.000,original,-,robot3,MIN_DISTANCE,OK,1.006,5.103,,0,nearest_robot=robot5
157.000,original,-,robot4,MIN_DISTANCE,OK,6.104,5.103,,0,nearest_robot=robot2
157.000,original,-,robot5,MIN_DISTANCE,OK,1.006,5.103,,0,nearest_robot=robot3
157.000,original,-,robot6,MIN_DISTANCE,OK,2.247,5.103,,0,nearest_robot=robot3
157.000,original,-,fleet,MIN_DISTANCE_AVG,OK,5.103,,,0,robots_sampled=6
158.000,original,-,robot1,MIN_DISTANCE,OK,14.153,5.109,,0,nearest_robot=robot2
158.000,original,-,robot2,MIN_DISTANCE,OK,6.104,5.109,,0,nearest_robot=robot4
158.000,original,-,robot3,MIN_DISTANCE,OK,1.038,5.109,,0,nearest_robot=robot5
158.000,original,-,robot4,MIN_DISTANCE,OK,6.104,5.109,,0,nearest_robot=robot2
158.000,original,-,robot5,MIN_DISTANCE,OK,1.038,5.109,,0,nearest_robot=robot3
158.000,original,-,robot6,MIN_DISTANCE,OK,2.218,5.109,,0,nearest_robot=robot3
158.000,original,-,fleet,MIN_DISTANCE_AVG,OK,5.109,,,0,robots_sampled=6
159.000,original,-,robot1,MIN_DISTANCE,OK,14.153,5.114,,0,nearest_robot=robot2
159.000,original,-,robot2,MIN_DISTANCE,OK,6.104,5.114,,0,nearest_robot=robot4
159.000,original,-,robot3,MIN_DISTANCE,OK,1.064,5.114,,0,nearest_robot=robot5
159.000,original,-,robot4,MIN_DISTANCE,OK,6.104,5.114,,0,nearest_robot=robot2
159.000,original,-,robot5,MIN_DISTANCE,OK,1.064,5.114,,0,nearest_robot=robot3
159.000,original,-,robot6,MIN_DISTANCE,OK,2.198,5.114,,0,nearest_robot=robot3
159.000,original,-,fleet,MIN_DISTANCE_AVG,OK,5.114,,,0,robots_sampled=6
159.750,original,-,fleet,CHOMP_TIME_FULL,OK,,24.591,,0,iterations=100;iterations_executed=100;source=algorithm;round_trip=24.612218
160.000,original,-,robot1,MIN_DISTANCE,OK,14.150,5.115,,0,nearest_robot=robot2
160.000,original,-,robot2,MIN_DISTANCE,OK,6.104,5.115,,0,nearest_robot=robot4
160.000,original,-,robot3,MIN_DISTANCE,OK,1.071,5.115,,0,nearest_robot=robot5
160.000,original,-,robot4,MIN_DISTANCE,OK,6.104,5.115,,0,nearest_robot=robot2
160.000,original,-,robot5,MIN_DISTANCE,OK,1.071,5.115,,0,nearest_robot=robot3
160.000,original,-,robot6,MIN_DISTANCE,OK,2.188,5.115,,0,nearest_robot=robot3
160.000,original,-,fleet,MIN_DISTANCE_AVG,OK,5.115,,,0,robots_sampled=6
160.500,original,-,fleet,REPLAN_FULL,OK,,,robot1|robot2|robot3|robot4|robot5|robot6,0,original_full_optimization
161.000,original,-,robot1,MIN_DISTANCE,OK,14.094,5.118,,0,nearest_robot=robot2
161.000,original,-,robot2,MIN_DISTANCE,OK,6.104,5.118,,0,nearest_robot=robot4
161.000,original,-,robot3,MIN_DISTANCE,OK,1.134,5.118,,0,nearest_robot=robot5
161.000,original,-,robot4,MIN_DISTANCE,OK,6.104,5.118,,0,nearest_robot=robot2
161.000,original,-,robot5,MIN_DISTANCE,OK,1.134,5.118,,0,nearest_robot=robot3
161.000,original,-,robot6,MIN_DISTANCE,OK,2.137,5.118,,0,nearest_robot=robot3
161.000,original,-,fleet,MIN_DISTANCE_AVG,OK,5.118,,,0,robots_sampled=6
162.000,original,-,robot1,MIN_DISTANCE,OK,13.981,5.100,,0,nearest_robot=robot2
162.000,original,-,robot2,MIN_DISTANCE,OK,6.104,5.100,,0,nearest_robot=robot4
162.000,original,-,robot3,MIN_DISTANCE,OK,1.137,5.100,,0,nearest_robot=robot5
162.000,original,-,robot4,MIN_DISTANCE,OK,6.104,5.100,,0,nearest_robot=robot2
162.000,original,-,robot5,MIN_DISTANCE,OK,1.137,5.100,,0,nearest_robot=robot3
162.000,original,-,robot6,MIN_DISTANCE,OK,2.134,5.100,,0,nearest_robot=robot3
162.000,original,-,fleet,MIN_DISTANCE_AVG,OK,5.100,,,0,robots_sampled=6
163.000,original,-,robot1,MIN_DISTANCE,OK,13.839,5.076,,0,nearest_robot=robot2
163.000,original,-,robot2,MIN_DISTANCE,OK,6.104,5.076,,0,nearest_robot=robot4
163.000,original,-,robot3,MIN_DISTANCE,OK,1.137,5.076,,0,nearest_robot=robot5
163.000,original,-,robot4,MIN_DISTANCE,OK,6.104,5.076,,0,nearest_robot=robot2
163.000,original,-,robot5,MIN_DISTANCE,OK,1.137,5.076,,0,nearest_robot=robot3
163.000,original,-,robot6,MIN_DISTANCE,OK,2.134,5.076,,0,nearest_robot=robot3
163.000,original,-,fleet,MIN_DISTANCE_AVG,OK,5.076,,,0,robots_sampled=6
164.000,original,-,robot1,MIN_DISTANCE,OK,13.720,5.056,,0,nearest_robot=robot2
164.000,original,-,robot2,MIN_DISTANCE,OK,6.104,5.056,,0,nearest_robot=robot4
164.000,original,-,robot3,MIN_DISTANCE,OK,1.137,5.056,,0,nearest_robot=robot5
164.000,original,-,robot4,MIN_DISTANCE,OK,6.104,5.056,,0,nearest_robot=robot2
164.000,original,-,robot5,MIN_DISTANCE,OK,1.137,5.056,,0,nearest_robot=robot3
164.000,original,-,robot6,MIN_DISTANCE,OK,2.134,5.056,,0,nearest_robot=robot3
164.000,original,-,fleet,MIN_DISTANCE_AVG,OK,5.056,,,0,robots_sampled=6
165.000,original,-,robot1,MIN_DISTANCE,OK,13.614,5.039,,0,nearest_robot=robot2
165.000,original,-,robot2,MIN_DISTANCE,OK,6.104,5.039,,0,nearest_robot=robot4
165.000,original,-,robot3,MIN_DISTANCE,OK,1.137,5.039,,0,nearest_robot=robot5
165.000,original,-,robot4,MIN_DISTANCE,OK,6.104,5.039,,0,nearest_robot=robot2
165.000,original,-,robot5,MIN_DISTANCE,OK,1.137,5.039,,0,nearest_robot=robot3
165.000,original,-,robot6,MIN_DISTANCE,OK,2.134,5.039,,0,nearest_robot=robot3
165.000,original,-,fleet,MIN_DISTANCE_AVG,OK,5.039,,,0,robots_sampled=6
166.000,original,-,robot1,MIN_DISTANCE,OK,13.519,5.023,,0,nearest_robot=robot2
166.000,original,-,robot2,MIN_DISTANCE,OK,6.104,5.023,,0,nearest_robot=robot4
166.000,original,-,robot3,MIN_DISTANCE,OK,1.137,5.023,,0,nearest_robot=robot5
166.000,original,-,robot4,MIN_DISTANCE,OK,6.104,5.023,,0,nearest_robot=robot2
166.000,original,-,robot5,MIN_DISTANCE,OK,1.137,5.023,,0,nearest_robot=robot3
166.000,original,-,robot6,MIN_DISTANCE,OK,2.134,5.023,,0,nearest_robot=robot3
166.000,original,-,fleet,MIN_DISTANCE_AVG,OK,5.023,,,0,robots_sampled=6
167.000,original,-,robot1,MIN_DISTANCE,OK,13.253,4.978,,0,nearest_robot=robot2
167.000,original,-,robot2,MIN_DISTANCE,OK,6.104,4.978,,0,nearest_robot=robot4
167.000,original,-,robot3,MIN_DISTANCE,OK,1.137,4.978,,0,nearest_robot=robot5
167.000,original,-,robot4,MIN_DISTANCE,OK,6.104,4.978,,0,nearest_robot=robot2
167.000,original,-,robot5,MIN_DISTANCE,OK,1.137,4.978,,0,nearest_robot=robot3
167.000,original,-,robot6,MIN_DISTANCE,OK,2.134,4.978,,0,nearest_robot=robot3
167.000,original,-,fleet,MIN_DISTANCE_AVG,OK,4.978,,,0,robots_sampled=6
168.000,original,-,robot1,MIN_DISTANCE,OK,12.838,4.909,,0,nearest_robot=robot2
168.000,original,-,robot2,MIN_DISTANCE,OK,6.104,4.909,,0,nearest_robot=robot4
168.000,original,-,robot3,MIN_DISTANCE,OK,1.137,4.909,,0,nearest_robot=robot5
168.000,original,-,robot4,MIN_DISTANCE,OK,6.104,4.909,,0,nearest_robot=robot2
168.000,original,-,robot5,MIN_DISTANCE,OK,1.137,4.909,,0,nearest_robot=robot3
168.000,original,-,robot6,MIN_DISTANCE,OK,2.134,4.909,,0,nearest_robot=robot3
168.000,original,-,fleet,MIN_DISTANCE_AVG,OK,4.909,,,0,robots_sampled=6
169.000,original,-,robot1,MIN_DISTANCE,OK,12.400,4.836,,0,nearest_robot=robot2
169.000,original,-,robot2,MIN_DISTANCE,OK,6.105,4.836,,0,nearest_robot=robot4
169.000,original,-,robot3,MIN_DISTANCE,OK,1.137,4.836,,0,nearest_robot=robot5
169.000,original,-,robot4,MIN_DISTANCE,OK,6.105,4.836,,0,nearest_robot=robot2
169.000,original,-,robot5,MIN_DISTANCE,OK,1.137,4.836,,0,nearest_robot=robot3
169.000,original,-,robot6,MIN_DISTANCE,OK,2.133,4.836,,0,nearest_robot=robot3
169.000,original,-,fleet,MIN_DISTANCE_AVG,OK,4.836,,,0,robots_sampled=6
170.000,original,-,robot1,MIN_DISTANCE,OK,11.935,4.759,,0,nearest_robot=robot2
170.000,original,-,robot2,MIN_DISTANCE,OK,6.105,4.759,,0,nearest_robot=robot4
170.000,original,-,robot3,MIN_DISTANCE,OK,1.137,4.759,,0,nearest_robot=robot5
170.000,original,-,robot4,MIN_DISTANCE,OK,6.105,4.759,,0,nearest_robot=robot2
170.000,original,-,robot5,MIN_DISTANCE,OK,1.137,4.759,,0,nearest_robot=robot3
170.000,original,-,robot6,MIN_DISTANCE,OK,2.133,4.759,,0,nearest_robot=robot3
170.000,original,-,fleet,MIN_DISTANCE_AVG,OK,4.759,,,0,robots_sampled=6
171.000,original,-,robot1,MIN_DISTANCE,OK,11.503,4.687,,0,nearest_robot=robot2
171.000,original,-,robot2,MIN_DISTANCE,OK,6.105,4.687,,0,nearest_robot=robot4
171.000,original,-,robot3,MIN_DISTANCE,OK,1.137,4.687,,0,nearest_robot=robot5
171.000,original,-,robot4,MIN_DISTANCE,OK,6.105,4.687,,0,nearest_robot=robot2
171.000,original,-,robot5,MIN_DISTANCE,OK,1.137,4.687,,0,nearest_robot=robot3
171.000,original,-,robot6,MIN_DISTANCE,OK,2.133,4.687,,0,nearest_robot=robot3
171.000,original,-,fleet,MIN_DISTANCE_AVG,OK,4.687,,,0,robots_sampled=6
172.000,original,-,robot1,MIN_DISTANCE,OK,11.089,4.618,,0,nearest_robot=robot2
172.000,original,-,robot2,MIN_DISTANCE,OK,6.105,4.618,,0,nearest_robot=robot4
172.000,original,-,robot3,MIN_DISTANCE,OK,1.138,4.618,,0,nearest_robot=robot5
172.000,original,-,robot4,MIN_DISTANCE,OK,6.105,4.618,,0,nearest_robot=robot2
172.000,original,-,robot5,MIN_DISTANCE,OK,1.138,4.618,,0,nearest_robot=robot3
172.000,original,-,robot6,MIN_DISTANCE,OK,2.133,4.618,,0,nearest_robot=robot3
172.000,original,-,fleet,MIN_DISTANCE_AVG,OK,4.618,,,0,robots_sampled=6
173.000,original,-,robot1,MIN_DISTANCE,OK,10.664,4.547,,0,nearest_robot=robot2
173.000,original,-,robot2,MIN_DISTANCE,OK,6.105,4.547,,0,nearest_robot=robot4
173.000,original,-,robot3,MIN_DISTANCE,OK,1.138,4.547,,0,nearest_robot=robot5
173.000,original,-,robot4,MIN_DISTANCE,OK,6.105,4.547,,0,nearest_robot=robot2
173.000,original,-,robot5,MIN_DISTANCE,OK,1.138,4.547,,0,nearest_robot=robot3
173.000,original,-,robot6,MIN_DISTANCE,OK,2.133,4.547,,0,nearest_robot=robot3
173.000,original,-,fleet,MIN_DISTANCE_AVG,OK,4.547,,,0,robots_sampled=6
174.000,original,-,robot1,MIN_DISTANCE,OK,10.244,4.477,,0,nearest_robot=robot2
174.000,original,-,robot2,MIN_DISTANCE,OK,6.105,4.477,,0,nearest_robot=robot4
174.000,original,-,robot3,MIN_DISTANCE,OK,1.138,4.477,,0,nearest_robot=robot5
174.000,original,-,robot4,MIN_DISTANCE,OK,6.105,4.477,,0,nearest_robot=robot2
174.000,original,-,robot5,MIN_DISTANCE,OK,1.138,4.477,,0,nearest_robot=robot3
174.000,original,-,robot6,MIN_DISTANCE,OK,2.133,4.477,,0,nearest_robot=robot3
174.000,original,-,fleet,MIN_DISTANCE_AVG,OK,4.477,,,0,robots_sampled=6
175.000,original,-,robot1,MIN_DISTANCE,OK,9.827,4.407,,0,nearest_robot=robot2
175.000,original,-,robot2,MIN_DISTANCE,OK,6.105,4.407,,0,nearest_robot=robot4
175.000,original,-,robot3,MIN_DISTANCE,OK,1.138,4.407,,0,nearest_robot=robot5
175.000,original,-,robot4,MIN_DISTANCE,OK,6.105,4.407,,0,nearest_robot=robot2
175.000,original,-,robot5,MIN_DISTANCE,OK,1.138,4.407,,0,nearest_robot=robot3
175.000,original,-,robot6,MIN_DISTANCE,OK,2.133,4.407,,0,nearest_robot=robot3
175.000,original,-,fleet,MIN_DISTANCE_AVG,OK,4.407,,,0,robots_sampled=6
176.000,original,-,robot1,MIN_DISTANCE,OK,9.400,4.336,,0,nearest_robot=robot2
176.000,original,-,robot2,MIN_DISTANCE,OK,6.105,4.336,,0,nearest_robot=robot4
176.000,original,-,robot3,MIN_DISTANCE,OK,1.138,4.336,,0,nearest_robot=robot5
176.000,original,-,robot4,MIN_DISTANCE,OK,6.105,4.336,,0,nearest_robot=robot2
176.000,original,-,robot5,MIN_DISTANCE,OK,1.138,4.336,,0,nearest_robot=robot3
176.000,original,-,robot6,MIN_DISTANCE,OK,2.133,4.336,,0,nearest_robot=robot3
176.000,original,-,fleet,MIN_DISTANCE_AVG,OK,4.336,,,0,robots_sampled=6
177.000,original,-,robot1,MIN_DISTANCE,OK,8.965,4.264,,0,nearest_robot=robot2
177.000,original,-,robot2,MIN_DISTANCE,OK,6.105,4.264,,0,nearest_robot=robot4
177.000,original,-,robot3,MIN_DISTANCE,OK,1.138,4.264,,0,nearest_robot=robot5
177.000,original,-,robot4,MIN_DISTANCE,OK,6.105,4.264,,0,nearest_robot=robot2
177.000,original,-,robot5,MIN_DISTANCE,OK,1.138,4.264,,0,nearest_robot=robot3
177.000,original,-,robot6,MIN_DISTANCE,OK,2.133,4.264,,0,nearest_robot=robot3
177.000,original,-,fleet,MIN_DISTANCE_AVG,OK,4.264,,,0,robots_sampled=6
178.000,original,-,robot1,MIN_DISTANCE,OK,8.564,4.197,,0,nearest_robot=robot2
178.000,original,-,robot2,MIN_DISTANCE,OK,6.105,4.197,,0,nearest_robot=robot4
178.000,original,-,robot3,MIN_DISTANCE,OK,1.138,4.197,,0,nearest_robot=robot5
178.000,original,-,robot4,MIN_DISTANCE,OK,6.105,4.197,,0,nearest_robot=robot2
178.000,original,-,robot5,MIN_DISTANCE,OK,1.138,4.197,,0,nearest_robot=robot3
178.000,original,-,robot6,MIN_DISTANCE,OK,2.133,4.197,,0,nearest_robot=robot3
178.000,original,-,fleet,MIN_DISTANCE_AVG,OK,4.197,,,0,robots_sampled=6
179.000,original,-,robot1,MIN_DISTANCE,OK,8.169,4.131,,0,nearest_robot=robot2
179.000,original,-,robot2,MIN_DISTANCE,OK,6.105,4.131,,0,nearest_robot=robot4
179.000,original,-,robot3,MIN_DISTANCE,OK,1.138,4.131,,0,nearest_robot=robot5
179.000,original,-,robot4,MIN_DISTANCE,OK,6.105,4.131,,0,nearest_robot=robot2
179.000,original,-,robot5,MIN_DISTANCE,OK,1.138,4.131,,0,nearest_robot=robot3
179.000,original,-,robot6,MIN_DISTANCE,OK,2.133,4.131,,0,nearest_robot=robot3
179.000,original,-,fleet,MIN_DISTANCE_AVG,OK,4.131,,,0,robots_sampled=6
180.000,original,-,robot1,MIN_DISTANCE,OK,7.791,4.068,,0,nearest_robot=robot2
180.000,original,-,robot2,MIN_DISTANCE,OK,6.105,4.068,,0,nearest_robot=robot4
180.000,original,-,robot3,MIN_DISTANCE,OK,1.138,4.068,,0,nearest_robot=robot5
180.000,original,-,robot4,MIN_DISTANCE,OK,6.105,4.068,,0,nearest_robot=robot2
180.000,original,-,robot5,MIN_DISTANCE,OK,1.138,4.068,,0,nearest_robot=robot3
180.000,original,-,robot6,MIN_DISTANCE,OK,2.133,4.068,,0,nearest_robot=robot3
180.000,original,-,fleet,MIN_DISTANCE_AVG,OK,4.068,,,0,robots_sampled=6
181.000,original,-,robot1,MIN_DISTANCE,OK,7.399,4.003,,0,nearest_robot=robot2
181.000,original,-,robot2,MIN_DISTANCE,OK,6.105,4.003,,0,nearest_robot=robot4
181.000,original,-,robot3,MIN_DISTANCE,OK,1.138,4.003,,0,nearest_robot=robot5
181.000,original,-,robot4,MIN_DISTANCE,OK,6.105,4.003,,0,nearest_robot=robot2
181.000,original,-,robot5,MIN_DISTANCE,OK,1.138,4.003,,0,nearest_robot=robot3
181.000,original,-,robot6,MIN_DISTANCE,OK,2.133,4.003,,0,nearest_robot=robot3
181.000,original,-,fleet,MIN_DISTANCE_AVG,OK,4.003,,,0,robots_sampled=6
182.000,original,-,robot1,MIN_DISTANCE,OK,7.038,3.943,,0,nearest_robot=robot2
182.000,original,-,robot2,MIN_DISTANCE,OK,6.105,3.943,,0,nearest_robot=robot4
182.000,original,-,robot3,MIN_DISTANCE,OK,1.138,3.943,,0,nearest_robot=robot5
182.000,original,-,robot4,MIN_DISTANCE,OK,6.105,3.943,,0,nearest_robot=robot2
182.000,original,-,robot5,MIN_DISTANCE,OK,1.138,3.943,,0,nearest_robot=robot3
182.000,original,-,robot6,MIN_DISTANCE,OK,2.133,3.943,,0,nearest_robot=robot3
182.000,original,-,fleet,MIN_DISTANCE_AVG,OK,3.943,,,0,robots_sampled=6
183.000,original,-,robot1,MIN_DISTANCE,OK,6.644,3.877,,0,nearest_robot=robot2
183.000,original,-,robot2,MIN_DISTANCE,OK,6.105,3.877,,0,nearest_robot=robot4
183.000,original,-,robot3,MIN_DISTANCE,OK,1.138,3.877,,0,nearest_robot=robot5
183.000,original,-,robot4,MIN_DISTANCE,OK,6.105,3.877,,0,nearest_robot=robot2
183.000,original,-,robot5,MIN_DISTANCE,OK,1.138,3.877,,0,nearest_robot=robot3
183.000,original,-,robot6,MIN_DISTANCE,OK,2.132,3.877,,0,nearest_robot=robot3
183.000,original,-,fleet,MIN_DISTANCE_AVG,OK,3.877,,,0,robots_sampled=6
184.000,original,-,robot1,MIN_DISTANCE,OK,6.264,3.814,,0,nearest_robot=robot2
184.000,original,-,robot2,MIN_DISTANCE,OK,6.105,3.814,,0,nearest_robot=robot4
184.000,original,-,robot3,MIN_DISTANCE,OK,1.138,3.814,,0,nearest_robot=robot5
184.000,original,-,robot4,MIN_DISTANCE,OK,6.105,3.814,,0,nearest_robot=robot2
184.000,original,-,robot5,MIN_DISTANCE,OK,1.138,3.814,,0,nearest_robot=robot3
184.000,original,-,robot6,MIN_DISTANCE,OK,2.132,3.814,,0,nearest_robot=robot3
184.000,original,-,fleet,MIN_DISTANCE_AVG,OK,3.814,,,0,robots_sampled=6
184.440,original,-,fleet,CHOMP_TIME_FULL,OK,,24.728,,0,iterations=100;iterations_executed=100;source=algorithm;round_trip=24.750732
185.000,original,-,fleet,REPLAN_FULL,OK,,,robot1|robot2|robot3|robot4|robot5|robot6,0,original_full_optimization
185.000,original,-,robot1,MIN_DISTANCE,OK,5.881,3.711,,0,nearest_robot=robot2
185.000,original,-,robot2,MIN_DISTANCE,OK,5.881,3.711,,0,nearest_robot=robot1
185.000,original,-,robot3,MIN_DISTANCE,OK,1.122,3.711,,0,nearest_robot=robot5
185.000,original,-,robot4,MIN_DISTANCE,OK,6.122,3.711,,0,nearest_robot=robot2
185.000,original,-,robot5,MIN_DISTANCE,OK,1.122,3.711,,0,nearest_robot=robot3
185.000,original,-,robot6,MIN_DISTANCE,OK,2.140,3.711,,0,nearest_robot=robot3
185.000,original,-,fleet,MIN_DISTANCE_AVG,OK,3.711,,,0,robots_sampled=6
186.000,original,-,robot1,MIN_DISTANCE,OK,5.514,3.596,,0,nearest_robot=robot2
186.000,original,-,robot2,MIN_DISTANCE,OK,5.514,3.596,,0,nearest_robot=robot1
186.000,original,-,robot3,MIN_DISTANCE,OK,1.118,3.596,,0,nearest_robot=robot5
186.000,original,-,robot4,MIN_DISTANCE,OK,6.175,3.596,,0,nearest_robot=robot2
186.000,original,-,robot5,MIN_DISTANCE,OK,1.118,3.596,,0,nearest_robot=robot3
186.000,original,-,robot6,MIN_DISTANCE,OK,2.139,3.596,,0,nearest_robot=robot3
186.000,original,-,fleet,MIN_DISTANCE_AVG,OK,3.596,,,0,robots_sampled=6
187.000,original,-,robot1,MIN_DISTANCE,OK,5.053,3.419,,0,nearest_robot=robot2
187.000,original,-,robot2,MIN_DISTANCE,OK,5.053,3.419,,0,nearest_robot=robot1
187.000,original,-,robot3,MIN_DISTANCE,OK,1.091,3.419,,0,nearest_robot=robot5
187.000,original,-,robot4,MIN_DISTANCE,OK,6.052,3.419,,0,nearest_robot=robot2
187.000,original,-,robot5,MIN_DISTANCE,OK,1.091,3.419,,0,nearest_robot=robot3
187.000,original,-,robot6,MIN_DISTANCE,OK,2.175,3.419,,0,nearest_robot=robot3
187.000,original,-,fleet,MIN_DISTANCE_AVG,OK,3.419,,,0,robots_sampled=6
188.000,original,-,robot1,MIN_DISTANCE,OK,4.584,3.234,,0,nearest_robot=robot2
188.000,original,-,robot2,MIN_DISTANCE,OK,4.584,3.234,,0,nearest_robot=robot1
188.000,original,-,robot3,MIN_DISTANCE,OK,1.084,3.234,,0,nearest_robot=robot5
188.000,original,-,robot4,MIN_DISTANCE,OK,5.875,3.234,,0,nearest_robot=robot2
188.000,original,-,robot5,MIN_DISTANCE,OK,1.084,3.234,,0,nearest_robot=robot3
188.000,original,-,robot6,MIN_DISTANCE,OK,2.194,3.234,,0,nearest_robot=robot3
188.000,original,-,fleet,MIN_DISTANCE_AVG,OK,3.234,,,0,robots_sampled=6
189.000,original,-,robot1,MIN_DISTANCE,OK,4.119,3.045,,0,nearest_robot=robot2
189.000,original,-,robot2,MIN_DISTANCE,OK,4.119,3.045,,0,nearest_robot=robot1
189.000,original,-,robot3,MIN_DISTANCE,OK,1.099,3.045,,0,nearest_robot=robot5
189.000,original,-,robot4,MIN_DISTANCE,OK,5.639,3.045,,0,nearest_robot=robot2
189.000,original,-,robot5,MIN_DISTANCE,OK,1.099,3.045,,0,nearest_robot=robot3
189.000,original,-,robot6,MIN_DISTANCE,OK,2.194,3.045,,0,nearest_robot=robot3
189.000,original,-,fleet,MIN_DISTANCE_AVG,OK,3.045,,,0,robots_sampled=6
190.000,original,-,robot1,MIN_DISTANCE,OK,3.709,2.896,,0,nearest_robot=robot2
190.000,original,-,robot2,MIN_DISTANCE,OK,3.709,2.896,,0,nearest_robot=robot1
190.000,original,-,robot3,MIN_DISTANCE,OK,1.134,2.896,,0,nearest_robot=robot5
190.000,original,-,robot4,MIN_DISTANCE,OK,5.512,2.896,,0,nearest_robot=robot2
190.000,original,-,robot5,MIN_DISTANCE,OK,1.134,2.896,,0,nearest_robot=robot3
190.000,original,-,robot6,MIN_DISTANCE,OK,2.179,2.896,,0,nearest_robot=robot3
190.000,original,-,fleet,MIN_DISTANCE_AVG,OK,2.896,,,0,robots_sampled=6
191.000,original,-,robot1,MIN_DISTANCE,OK,3.299,2.762,,0,nearest_robot=robot2
191.000,original,-,robot2,MIN_DISTANCE,OK,3.299,2.762,,0,nearest_robot=robot1
191.000,original,-,robot3,MIN_DISTANCE,OK,1.152,2.762,,0,nearest_robot=robot5
191.000,original,-,robot4,MIN_DISTANCE,OK,5.504,2.762,,0,nearest_robot=robot2
191.000,original,-,robot5,MIN_DISTANCE,OK,1.152,2.762,,0,nearest_robot=robot3
191.000,original,-,robot6,MIN_DISTANCE,OK,2.163,2.762,,0,nearest_robot=robot3
191.000,original,-,fleet,MIN_DISTANCE_AVG,OK,2.762,,,0,robots_sampled=6
192.000,original,-,robot1,MIN_DISTANCE,OK,2.872,2.619,,0,nearest_robot=robot2
192.000,original,-,robot2,MIN_DISTANCE,OK,2.872,2.619,,0,nearest_robot=robot1
192.000,original,-,robot3,MIN_DISTANCE,OK,1.152,2.619,,0,nearest_robot=robot5
192.000,original,-,robot4,MIN_DISTANCE,OK,5.504,2.619,,0,nearest_robot=robot2
192.000,original,-,robot5,MIN_DISTANCE,OK,1.152,2.619,,0,nearest_robot=robot3
192.000,original,-,robot6,MIN_DISTANCE,OK,2.163,2.619,,0,nearest_robot=robot3
192.000,original,-,fleet,MIN_DISTANCE_AVG,OK,2.619,,,0,robots_sampled=6
193.000,original,-,robot1,MIN_DISTANCE,OK,2.447,2.482,,0,nearest_robot=robot2
193.000,original,-,robot2,MIN_DISTANCE,OK,2.447,2.482,,0,nearest_robot=robot1
193.000,original,-,robot3,MIN_DISTANCE,OK,1.153,2.482,,0,nearest_robot=robot5
193.000,original,-,robot4,MIN_DISTANCE,OK,5.531,2.482,,0,nearest_robot=robot2
193.000,original,-,robot5,MIN_DISTANCE,OK,1.153,2.482,,0,nearest_robot=robot3
193.000,original,-,robot6,MIN_DISTANCE,OK,2.163,2.482,,0,nearest_robot=robot3
193.000,original,-,fleet,MIN_DISTANCE_AVG,OK,2.482,,,0,robots_sampled=6
194.000,original,-,robot1,MIN_DISTANCE,OK,2.031,2.338,,0,nearest_robot=robot2
194.000,original,-,robot2,MIN_DISTANCE,OK,2.031,2.338,,0,nearest_robot=robot1
194.000,original,-,robot3,MIN_DISTANCE,OK,1.153,2.338,,0,nearest_robot=robot5
194.000,original,-,robot4,MIN_DISTANCE,OK,5.496,2.338,,0,nearest_robot=robot2
194.000,original,-,robot5,MIN_DISTANCE,OK,1.153,2.338,,0,nearest_robot=robot3
194.000,original,-,robot6,MIN_DISTANCE,OK,2.163,2.338,,0,nearest_robot=robot3
194.000,original,-,fleet,MIN_DISTANCE_AVG,OK,2.338,,,0,robots_sampled=6
195.000,original,-,robot1,MIN_DISTANCE,OK,1.675,2.218,,0,nearest_robot=robot2
195.000,original,-,robot2,MIN_DISTANCE,OK,1.675,2.218,,0,nearest_robot=robot1
195.000,original,-,robot3,MIN_DISTANCE,OK,1.153,2.218,,0,nearest_robot=robot5
195.000,original,-,robot4,MIN_DISTANCE,OK,5.488,2.218,,0,nearest_robot=robot2
195.000,original,-,robot5,MIN_DISTANCE,OK,1.153,2.218,,0,nearest_robot=robot3
195.000,original,-,robot6,MIN_DISTANCE,OK,2.163,2.218,,0,nearest_robot=robot3
195.000,original,-,fleet,MIN_DISTANCE_AVG,OK,2.218,,,0,robots_sampled=6
196.000,original,-,robot1,MIN_DISTANCE,OK,1.296,2.094,,0,nearest_robot=robot2
196.000,original,-,robot2,MIN_DISTANCE,OK,1.296,2.094,,0,nearest_robot=robot1
196.000,original,-,robot3,MIN_DISTANCE,OK,1.153,2.094,,0,nearest_robot=robot5
196.000,original,-,robot4,MIN_DISTANCE,OK,5.501,2.094,,0,nearest_robot=robot2
196.000,original,-,robot5,MIN_DISTANCE,OK,1.153,2.094,,0,nearest_robot=robot3
196.000,original,-,robot6,MIN_DISTANCE,OK,2.163,2.094,,0,nearest_robot=robot3
196.000,original,-,fleet,MIN_DISTANCE_AVG,OK,2.094,,,0,robots_sampled=6
197.000,original,-,robot1,MIN_DISTANCE,OK,1.014,2.000,,0,nearest_robot=robot2
197.000,original,-,robot2,MIN_DISTANCE,OK,1.014,2.000,,0,nearest_robot=robot1
197.000,original,-,robot3,MIN_DISTANCE,OK,1.153,2.000,,0,nearest_robot=robot5
197.000,original,-,robot4,MIN_DISTANCE,OK,5.507,2.000,,0,nearest_robot=robot2
197.000,original,-,robot5,MIN_DISTANCE,OK,1.153,2.000,,0,nearest_robot=robot3
197.000,original,-,robot6,MIN_DISTANCE,OK,2.162,2.000,,0,nearest_robot=robot3
197.000,original,-,fleet,MIN_DISTANCE_AVG,OK,2.000,,,0,robots_sampled=6
198.000,original,-,robot1,MIN_DISTANCE,OK,0.874,1.954,,0,nearest_robot=robot2
198.000,original,-,robot2,MIN_DISTANCE,OK,0.874,1.954,,0,nearest_robot=robot1
198.000,original,-,robot3,MIN_DISTANCE,OK,1.153,1.954,,0,nearest_robot=robot5
198.000,original,-,robot4,MIN_DISTANCE,OK,5.510,1.954,,0,nearest_robot=robot2
198.000,original,-,robot5,MIN_DISTANCE,OK,1.153,1.954,,0,nearest_robot=robot3
198.000,original,-,robot6,MIN_DISTANCE,OK,2.162,1.954,,0,nearest_robot=robot3
198.000,original,-,fleet,MIN_DISTANCE_AVG,OK,1.954,,,0,robots_sampled=6
199.000,original,-,robot1,MIN_DISTANCE,OK,0.912,1.929,,0,nearest_robot=robot2
199.000,original,-,robot2,MIN_DISTANCE,OK,0.912,1.929,,0,nearest_robot=robot1
199.000,original,-,robot3,MIN_DISTANCE,OK,1.153,1.929,,0,nearest_robot=robot5
199.000,original,-,robot4,MIN_DISTANCE,OK,5.283,1.929,,0,nearest_robot=robot1
199.000,original,-,robot5,MIN_DISTANCE,OK,1.153,1.929,,0,nearest_robot=robot3
199.000,original,-,robot6,MIN_DISTANCE,OK,2.162,1.929,,0,nearest_robot=robot3
199.000,original,-,fleet,MIN_DISTANCE_AVG,OK,1.929,,,0,robots_sampled=6
200.000,original,-,robot1,MIN_DISTANCE,OK,1.097,1.924,,0,nearest_robot=robot2
200.000,original,-,robot2,MIN_DISTANCE,OK,1.097,1.924,,0,nearest_robot=robot1
200.000,original,-,robot3,MIN_DISTANCE,OK,1.153,1.924,,0,nearest_robot=robot5
200.000,original,-,robot4,MIN_DISTANCE,OK,4.881,1.924,,0,nearest_robot=robot1
200.000,original,-,robot5,MIN_DISTANCE,OK,1.153,1.924,,0,nearest_robot=robot3
200.000,original,-,robot6,MIN_DISTANCE,OK,2.162,1.924,,0,nearest_robot=robot3
200.000,original,-,fleet,MIN_DISTANCE_AVG,OK,1.924,,,0,robots_sampled=6
201.000,original,-,robot1,MIN_DISTANCE,OK,1.349,1.937,,0,nearest_robot=robot2
201.000,original,-,robot2,MIN_DISTANCE,OK,1.349,1.937,,0,nearest_robot=robot1
201.000,original,-,robot3,MIN_DISTANCE,OK,1.153,1.937,,0,nearest_robot=robot5
201.000,original,-,robot4,MIN_DISTANCE,OK,4.456,1.937,,0,nearest_robot=robot1
201.000,original,-,robot5,MIN_DISTANCE,OK,1.153,1.937,,0,nearest_robot=robot3
201.000,original,-,robot6,MIN_DISTANCE,OK,2.162,1.937,,0,nearest_robot=robot3
201.000,original,-,fleet,MIN_DISTANCE_AVG,OK,1.937,,,0,robots_sampled=6
202.000,original,-,robot1,MIN_DISTANCE,OK,1.664,1.973,,0,nearest_robot=robot2
202.000,original,-,robot2,MIN_DISTANCE,OK,1.664,1.973,,0,nearest_robot=robot1
202.000,original,-,robot3,MIN_DISTANCE,OK,1.154,1.973,,0,nearest_robot=robot5
202.000,original,-,robot4,MIN_DISTANCE,OK,4.041,1.973,,0,nearest_robot=robot1
202.000,original,-,robot5,MIN_DISTANCE,OK,1.154,1.973,,0,nearest_robot=robot3
202.000,original,-,robot6,MIN_DISTANCE,OK,2.162,1.973,,0,nearest_robot=robot3
202.000,original,-,fleet,MIN_DISTANCE_AVG,OK,1.973,,,0,robots_sampled=6
203.000,original,-,robot1,MIN_DISTANCE,OK,2.023,2.024,,0,nearest_robot=robot2
203.000,original,-,robot2,MIN_DISTANCE,OK,2.023,2.024,,0,nearest_robot=robot1
203.000,original,-,robot3,MIN_DISTANCE,OK,1.154,2.024,,0,nearest_robot=robot5
203.000,original,-,robot4,MIN_DISTANCE,OK,3.630,2.024,,0,nearest_robot=robot1
203.000,original,-,robot5,MIN_DISTANCE,OK,1.154,2.024,,0,nearest_robot=robot3
203.000,original,-,robot6,MIN_DISTANCE,OK,2.162,2.024,,0,nearest_robot=robot3
203.000,original,-,fleet,MIN_DISTANCE_AVG,OK,2.024,,,0,robots_sampled=6
204.000,original,-,robot1,MIN_DISTANCE,OK,2.432,2.088,,0,nearest_robot=robot2
204.000,original,-,robot2,MIN_DISTANCE,OK,2.432,2.088,,0,nearest_robot=robot1
204.000,original,-,robot3,MIN_DISTANCE,OK,1.154,2.088,,0,nearest_robot=robot5
204.000,original,-,robot4,MIN_DISTANCE,OK,3.197,2.088,,0,nearest_robot=robot1
204.000,original,-,robot5,MIN_DISTANCE,OK,1.154,2.088,,0,nearest_robot=robot3
204.000,original,-,robot6,MIN_DISTANCE,OK,2.161,2.088,,0,nearest_robot=robot3
204.000,original,-,fleet,MIN_DISTANCE_AVG,OK,2.088,,,0,robots_sampled=6
205.000,original,-,robot1,MIN_DISTANCE,OK,2.760,2.139,,0,nearest_robot=robot4
205.000,original,-,robot2,MIN_DISTANCE,OK,2.849,2.139,,0,nearest_robot=robot1
205.000,original,-,robot3,MIN_DISTANCE,OK,1.154,2.139,,0,nearest_robot=robot5
205.000,original,-,robot4,MIN_DISTANCE,OK,2.760,2.139,,0,nearest_robot=robot1
205.000,original,-,robot5,MIN_DISTANCE,OK,1.154,2.139,,0,nearest_robot=robot3
205.000,original,-,robot6,MIN_DISTANCE,OK,2.161,2.139,,0,nearest_robot=robot3
205.000,original,-,fleet,MIN_DISTANCE_AVG,OK,2.139,,,0,robots_sampled=6
206.000,original,-,robot1,MIN_DISTANCE,OK,2.352,2.070,,0,nearest_robot=robot4
206.000,original,-,robot2,MIN_DISTANCE,OK,3.249,2.070,,0,nearest_robot=robot1
206.000,original,-,robot3,MIN_DISTANCE,OK,1.154,2.070,,0,nearest_robot=robot5
206.000,original,-,robot4,MIN_DISTANCE,OK,2.352,2.070,,0,nearest_robot=robot1
206.000,original,-,robot5,MIN_DISTANCE,OK,1.154,2.070,,0,nearest_robot=robot3
206.000,original,-,robot6,MIN_DISTANCE,OK,2.161,2.070,,0,nearest_robot=robot3
206.000,original,-,fleet,MIN_DISTANCE_AVG,OK,2.070,,,0,robots_sampled=6
207.000,original,-,robot1,MIN_DISTANCE,OK,2.366,2.071,,0,nearest_robot=robot4
207.000,original,-,robot2,MIN_DISTANCE,OK,3.226,2.071,,0,nearest_robot=robot1
207.000,original,-,robot3,MIN_DISTANCE,OK,1.154,2.071,,0,nearest_robot=robot5
207.000,original,-,robot4,MIN_DISTANCE,OK,2.366,2.071,,0,nearest_robot=robot1
207.000,original,-,robot5,MIN_DISTANCE,OK,1.154,2.071,,0,nearest_robot=robot3
207.000,original,-,robot6,MIN_DISTANCE,OK,2.161,2.071,,0,nearest_robot=robot3
207.000,original,-,fleet,MIN_DISTANCE_AVG,OK,2.071,,,0,robots_sampled=6
208.000,original,-,robot1,MIN_DISTANCE,OK,2.404,2.078,,0,nearest_robot=robot4
208.000,original,-,robot2,MIN_DISTANCE,OK,3.189,2.078,,0,nearest_robot=robot1
208.000,original,-,robot3,MIN_DISTANCE,OK,1.154,2.078,,0,nearest_robot=robot5
208.000,original,-,robot4,MIN_DISTANCE,OK,2.404,2.078,,0,nearest_robot=robot1
208.000,original,-,robot5,MIN_DISTANCE,OK,1.154,2.078,,0,nearest_robot=robot3
208.000,original,-,robot6,MIN_DISTANCE,OK,2.161,2.078,,0,nearest_robot=robot3
208.000,original,-,fleet,MIN_DISTANCE_AVG,OK,2.078,,,0,robots_sampled=6
208.810,original,-,fleet,CHOMP_TIME_FULL,OK,,24.723,,0,iterations=100;iterations_executed=100;source=algorithm;round_trip=24.742188
209.000,original,-,robot1,MIN_DISTANCE,OK,2.306,2.064,,0,nearest_robot=robot4
209.000,original,-,robot2,MIN_DISTANCE,OK,3.291,2.064,,0,nearest_robot=robot1
209.000,original,-,robot3,MIN_DISTANCE,OK,1.160,2.064,,0,nearest_robot=robot5
209.000,original,-,robot4,MIN_DISTANCE,OK,2.306,2.064,,0,nearest_robot=robot1
209.000,original,-,robot5,MIN_DISTANCE,OK,1.160,2.064,,0,nearest_robot=robot3
209.000,original,-,robot6,MIN_DISTANCE,OK,2.159,2.064,,0,nearest_robot=robot3
209.000,original,-,fleet,MIN_DISTANCE_AVG,OK,2.064,,,0,robots_sampled=6
209.500,original,-,fleet,REPLAN_FULL,OK,,,robot1|robot2|robot3|robot4|robot5|robot6,0,original_full_optimization
210.000,original,-,robot1,MIN_DISTANCE,OK,2.306,2.104,,0,nearest_robot=robot4
210.000,original,-,robot2,MIN_DISTANCE,OK,3.291,2.104,,0,nearest_robot=robot1
210.000,original,-,robot3,MIN_DISTANCE,OK,1.284,2.104,,0,nearest_robot=robot5
210.000,original,-,robot4,MIN_DISTANCE,OK,2.306,2.104,,0,nearest_robot=robot1
210.000,original,-,robot5,MIN_DISTANCE,OK,1.284,2.104,,0,nearest_robot=robot3
210.000,original,-,robot6,MIN_DISTANCE,OK,2.151,2.104,,0,nearest_robot=robot3
210.000,original,-,fleet,MIN_DISTANCE_AVG,OK,2.104,,,0,robots_sampled=6
211.000,original,-,robot1,MIN_DISTANCE,OK,2.306,2.110,,0,nearest_robot=robot4
211.000,original,-,robot2,MIN_DISTANCE,OK,3.291,2.110,,0,nearest_robot=robot1
211.000,original,-,robot3,MIN_DISTANCE,OK,1.301,2.110,,0,nearest_robot=robot5
211.000,original,-,robot4,MIN_DISTANCE,OK,2.306,2.110,,0,nearest_robot=robot1
211.000,original,-,robot5,MIN_DISTANCE,OK,1.301,2.110,,0,nearest_robot=robot3
211.000,original,-,robot6,MIN_DISTANCE,OK,2.157,2.110,,0,nearest_robot=robot3
211.000,original,-,fleet,MIN_DISTANCE_AVG,OK,2.110,,,0,robots_sampled=6
212.000,original,-,robot1,MIN_DISTANCE,OK,2.305,2.038,,0,nearest_robot=robot4
212.000,original,-,robot2,MIN_DISTANCE,OK,3.291,2.038,,0,nearest_robot=robot1
212.000,original,-,robot3,MIN_DISTANCE,OK,1.094,2.038,,0,nearest_robot=robot5
212.000,original,-,robot4,MIN_DISTANCE,OK,2.305,2.038,,0,nearest_robot=robot1
212.000,original,-,robot5,MIN_DISTANCE,OK,1.094,2.038,,0,nearest_robot=robot3
212.000,original,-,robot6,MIN_DISTANCE,OK,2.141,2.038,,0,nearest_robot=robot3
212.000,original,-,fleet,MIN_DISTANCE_AVG,OK,2.038,,,0,robots_sampled=6
213.000,original,-,robot1,MIN_DISTANCE,OK,2.305,1.996,,0,nearest_robot=robot4
213.000,original,-,robot2,MIN_DISTANCE,OK,3.292,1.996,,0,nearest_robot=robot1
213.000,original,-,robot3,MIN_DISTANCE,OK,0.965,1.996,,0,nearest_robot=robot5
213.000,original,-,robot4,MIN_DISTANCE,OK,2.305,1.996,,0,nearest_robot=robot1
213.000,original,-,robot5,MIN_DISTANCE,OK,0.965,1.996,,0,nearest_robot=robot3
213.000,original,-,robot6,MIN_DISTANCE,OK,2.143,1.996,,0,nearest_robot=robot3
213.000,original,-,fleet,MIN_DISTANCE_AVG,OK,1.996,,,0,robots_sampled=6
214.000,original,-,robot1,MIN_DISTANCE,OK,2.305,1.970,,0,nearest_robot=robot4
214.000,original,-,robot2,MIN_DISTANCE,OK,3.292,1.970,,0,nearest_robot=robot1
214.000,original,-,robot3,MIN_DISTANCE,OK,0.883,1.970,,0,nearest_robot=robot5
214.000,original,-,robot4,MIN_DISTANCE,OK,2.305,1.970,,0,nearest_robot=robot1
214.000,original,-,robot5,MIN_DISTANCE,OK,0.883,1.970,,0,nearest_robot=robot3
214.000,original,-,robot6,MIN_DISTANCE,OK,2.152,1.970,,0,nearest_robot=robot3
214.000,original,-,fleet,MIN_DISTANCE_AVG,OK,1.970,,,0,robots_sampled=6
215.000,original,-,robot1,MIN_DISTANCE,OK,2.305,1.962,,0,nearest_robot=robot4
215.000,original,-,robot2,MIN_DISTANCE,OK,3.292,1.962,,0,nearest_robot=robot1
215.000,original,-,robot3,MIN_DISTANCE,OK,0.856,1.962,,0,nearest_robot=robot5
215.000,original,-,robot4,MIN_DISTANCE,OK,2.305,1.962,,0,nearest_robot=robot1
215.000,original,-,robot5,MIN_DISTANCE,OK,0.856,1.962,,0,nearest_robot=robot3
215.000,original,-,robot6,MIN_DISTANCE,OK,2.159,1.962,,0,nearest_robot=robot3
215.000,original,-,fleet,MIN_DISTANCE_AVG,OK,1.962,,,0,robots_sampled=6
216.000,original,-,robot1,MIN_DISTANCE,OK,2.304,1.937,,0,nearest_robot=robot4
216.000,original,-,robot2,MIN_DISTANCE,OK,3.292,1.937,,0,nearest_robot=robot1
216.000,original,-,robot3,MIN_DISTANCE,OK,0.783,1.937,,0,nearest_robot=robot5
216.000,original,-,robot4,MIN_DISTANCE,OK,2.304,1.937,,0,nearest_robot=robot1
216.000,original,-,robot5,MIN_DISTANCE,OK,0.783,1.937,,0,nearest_robot=robot3
216.000,original,-,robot6,MIN_DISTANCE,OK,2.153,1.937,,0,nearest_robot=robot3
216.000,original,-,fleet,MIN_DISTANCE_AVG,OK,1.937,,,0,robots_sampled=6
217.000,original,-,robot1,MIN_DISTANCE,OK,2.304,1.950,,0,nearest_robot=robot4
217.000,original,-,robot2,MIN_DISTANCE,OK,3.292,1.950,,0,nearest_robot=robot1
217.000,original,-,robot3,MIN_DISTANCE,OK,0.821,1.950,,0,nearest_robot=robot5
217.000,original,-,robot4,MIN_DISTANCE,OK,2.304,1.950,,0,nearest_robot=robot1
217.000,original,-,robot5,MIN_DISTANCE,OK,0.821,1.950,,0,nearest_robot=robot3
217.000,original,-,robot6,MIN_DISTANCE,OK,2.155,1.950,,0,nearest_robot=robot3
217.000,original,-,fleet,MIN_DISTANCE_AVG,OK,1.950,,,0,robots_sampled=6
218.000,original,-,robot1,MIN_DISTANCE,OK,2.255,1.958,,0,nearest_robot=robot4
218.000,original,-,robot2,MIN_DISTANCE,OK,3.293,1.958,,0,nearest_robot=robot1
218.000,original,-,robot3,MIN_DISTANCE,OK,1.036,1.958,,0,nearest_robot=robot5
218.000,original,-,robot4,MIN_DISTANCE,OK,2.255,1.958,,0,nearest_robot=robot1
218.000,original,-,robot5,MIN_DISTANCE,OK,1.036,1.958,,0,nearest_robot=robot3
218.000,original,-,robot6,MIN_DISTANCE,OK,1.872,1.958,,0,nearest_robot=robot5
218.000,original,-,fleet,MIN_DISTANCE_AVG,OK,1.958,,,0,robots_sampled=6
219.000,original,-,robot1,MIN_DISTANCE,OK,2.254,1.995,,0,nearest_robot=robot4
219.000,original,-,robot2,MIN_DISTANCE,OK,3.293,1.995,,0,nearest_robot=robot1
219.000,original,-,robot3,MIN_DISTANCE,OK,1.268,1.995,,0,nearest_robot=robot5
219.000,original,-,robot4,MIN_DISTANCE,OK,2.254,1.995,,0,nearest_robot=robot1
219.000,original,-,robot5,MIN_DISTANCE,OK,1.268,1.995,,0,nearest_robot=robot3
219.000,original,-,robot6,MIN_DISTANCE,OK,1.633,1.995,,0,nearest_robot=robot5
219.000,original,-,fleet,MIN_DISTANCE_AVG,OK,1.995,,,0,robots_sampled=6
220.000,original,-,robot1,MIN_DISTANCE,OK,2.254,2.015,,0,nearest_robot=robot4
220.000,original,-,robot2,MIN_DISTANCE,OK,3.293,2.015,,0,nearest_robot=robot1
220.000,original,-,robot3,MIN_DISTANCE,OK,1.554,2.015,,0,nearest_robot=robot5
220.000,original,-,robot4,MIN_DISTANCE,OK,2.254,2.015,,0,nearest_robot=robot1
220.000,original,-,robot5,MIN_DISTANCE,OK,1.367,2.015,,0,nearest_robot=robot6
220.000,original,-,robot6,MIN_DISTANCE,OK,1.367,2.015,,0,nearest_robot=robot5
220.000,original,-,fleet,MIN_DISTANCE_AVG,OK,2.015,,,0,robots_sampled=6
221.000,original,-,robot1,MIN_DISTANCE,OK,2.254,1.996,,0,nearest_robot=robot4
221.000,original,-,robot2,MIN_DISTANCE,OK,3.293,1.996,,0,nearest_robot=robot1
221.000,original,-,robot3,MIN_DISTANCE,OK,1.859,1.996,,0,nearest_robot=robot5
221.000,original,-,robot4,MIN_DISTANCE,OK,2.254,1.996,,0,nearest_robot=robot1
221.000,original,-,robot5,MIN_DISTANCE,OK,1.158,1.996,,0,nearest_robot=robot6
221.000,original,-,robot6,MIN_DISTANCE,OK,1.158,1.996,,0,nearest_robot=robot5
221.000,original,-,fleet,MIN_DISTANCE_AVG,OK,1.996,,,0,robots_sampled=6
222.000,original,-,robot1,MIN_DISTANCE,OK,2.254,2.012,,0,nearest_robot=robot4
222.000,original,-,robot2,MIN_DISTANCE,OK,3.293,2.012,,0,nearest_robot=robot1
222.000,original,-,robot3,MIN_DISTANCE,OK,2.156,2.012,,0,nearest_robot=robot6
222.000,original,-,robot4,MIN_DISTANCE,OK,2.254,2.012,,0,nearest_robot=robot1
222.000,original,-,robot5,MIN_DISTANCE,OK,1.056,2.012,,0,nearest_robot=robot6
222.000,original,-,robot6,MIN_DISTANCE,OK,1.056,2.012,,0,nearest_robot=robot5
222.000,original,-,fleet,MIN_DISTANCE_AVG,OK,2.012,,,0,robots_sampled=6
223.000,original,-,robot1,MIN_DISTANCE,OK,2.253,2.051,,0,nearest_robot=robot4
223.000,original,-,robot2,MIN_DISTANCE,OK,3.294,2.051,,0,nearest_robot=robot1
223.000,original,-,robot3,MIN_DISTANCE,OK,2.156,2.051,,0,nearest_robot=robot6
223.000,original,-,robot4,MIN_DISTANCE,OK,2.253,2.051,,0,nearest_robot=robot1
223.000,original,-,robot5,MIN_DISTANCE,OK,1.175,2.051,,0,nearest_robot=robot6
223.000,original,-,robot6,MIN_DISTANCE,OK,1.175,2.051,,0,nearest_robot=robot5
223.000,original,-,fleet,MIN_DISTANCE_AVG,OK,2.051,,,0,robots_sampled=6
224.000,original,-,robot1,MIN_DISTANCE,OK,2.253,2.125,,0,nearest_robot=robot4
224.000,original,-,robot2,MIN_DISTANCE,OK,3.294,2.125,,0,nearest_robot=robot1
224.000,original,-,robot3,MIN_DISTANCE,OK,2.155,2.125,,0,nearest_robot=robot6
224.000,original,-,robot4,MIN_DISTANCE,OK,2.253,2.125,,0,nearest_robot=robot1
224.000,original,-,robot5,MIN_DISTANCE,OK,1.397,2.125,,0,nearest_robot=robot6
224.000,original,-,robot6,MIN_DISTANCE,OK,1.397,2.125,,0,nearest_robot=robot5
224.000,original,-,fleet,MIN_DISTANCE_AVG,OK,2.125,,,0,robots_sampled=6
225.000,original,-,robot1,MIN_DISTANCE,OK,2.253,2.221,,0,nearest_robot=robot4
225.000,original,-,robot2,MIN_DISTANCE,OK,3.294,2.221,,0,nearest_robot=robot1
225.000,original,-,robot3,MIN_DISTANCE,OK,2.155,2.221,,0,nearest_robot=robot6
225.000,original,-,robot4,MIN_DISTANCE,OK,2.253,2.221,,0,nearest_robot=robot1
225.000,original,-,robot5,MIN_DISTANCE,OK,1.687,2.221,,0,nearest_robot=robot6
225.000,original,-,robot6,MIN_DISTANCE,OK,1.687,2.221,,0,nearest_robot=robot5
225.000,original,-,fleet,MIN_DISTANCE_AVG,OK,2.221,,,0,robots_sampled=6
226.000,original,-,robot1,MIN_DISTANCE,OK,2.253,2.357,,0,nearest_robot=robot4
226.000,original,-,robot2,MIN_DISTANCE,OK,3.294,2.357,,0,nearest_robot=robot1
226.000,original,-,robot3,MIN_DISTANCE,OK,2.155,2.357,,0,nearest_robot=robot6
226.000,original,-,robot4,MIN_DISTANCE,OK,2.253,2.357,,0,nearest_robot=robot1
226.000,original,-,robot5,MIN_DISTANCE,OK,2.093,2.357,,0,nearest_robot=robot6
226.000,original,-,robot6,MIN_DISTANCE,OK,2.093,2.357,,0,nearest_robot=robot5
226.000,original,-,fleet,MIN_DISTANCE_AVG,OK,2.357,,,0,robots_sampled=6
227.000,original,-,robot1,MIN_DISTANCE,OK,2.252,2.420,,0,nearest_robot=robot4
227.000,original,-,robot2,MIN_DISTANCE,OK,3.294,2.420,,0,nearest_robot=robot1
227.000,original,-,robot3,MIN_DISTANCE,OK,2.154,2.420,,0,nearest_robot=robot6
227.000,original,-,robot4,MIN_DISTANCE,OK,2.252,2.420,,0,nearest_robot=robot1
227.000,original,-,robot5,MIN_DISTANCE,OK,2.414,2.420,,0,nearest_robot=robot6
227.000,original,-,robot6,MIN_DISTANCE,OK,2.154,2.420,,0,nearest_robot=robot3
227.000,original,-,fleet,MIN_DISTANCE_AVG,OK,2.420,,,0,robots_sampled=6
228.000,original,-,robot1,MIN_DISTANCE,OK,2.252,2.488,,0,nearest_robot=robot4
228.000,original,-,robot2,MIN_DISTANCE,OK,3.295,2.488,,0,nearest_robot=robot1
228.000,original,-,robot3,MIN_DISTANCE,OK,2.154,2.488,,0,nearest_robot=robot6
228.000,original,-,robot4,MIN_DISTANCE,OK,2.252,2.488,,0,nearest_robot=robot1
228.000,original,-,robot5,MIN_DISTANCE,OK,2.823,2.488,,0,nearest_robot=robot6
228.000,original,-,robot6,MIN_DISTANCE,OK,2.154,2.488,,0,nearest_robot=robot3
228.000,original,-,fleet,MIN_DISTANCE_AVG,OK,2.488,,,0,robots_sampled=6
229.000,original,-,robot1,MIN_DISTANCE,OK,2.252,2.562,,0,nearest_robot=robot4
229.000,original,-,robot2,MIN_DISTANCE,OK,3.295,2.562,,0,nearest_robot=robot1
229.000,original,-,robot3,MIN_DISTANCE,OK,2.154,2.562,,0,nearest_robot=robot6
229.000,original,-,robot4,MIN_DISTANCE,OK,2.252,2.562,,0,nearest_robot=robot1
229.000,original,-,robot5,MIN_DISTANCE,OK,3.264,2.562,,0,nearest_robot=robot6
229.000,original,-,robot6,MIN_DISTANCE,OK,2.154,2.562,,0,nearest_robot=robot3
229.000,original,-,fleet,MIN_DISTANCE_AVG,OK,2.562,,,0,robots_sampled=6
230.000,original,-,robot1,MIN_DISTANCE,OK,2.252,2.635,,0,nearest_robot=robot4
230.000,original,-,robot2,MIN_DISTANCE,OK,3.295,2.635,,0,nearest_robot=robot1
230.000,original,-,robot3,MIN_DISTANCE,OK,2.153,2.635,,0,nearest_robot=robot6
230.000,original,-,robot4,MIN_DISTANCE,OK,2.252,2.635,,0,nearest_robot=robot1
230.000,original,-,robot5,MIN_DISTANCE,OK,3.704,2.635,,0,nearest_robot=robot6
230.000,original,-,robot6,MIN_DISTANCE,OK,2.153,2.635,,0,nearest_robot=robot3
230.000,original,-,fleet,MIN_DISTANCE_AVG,OK,2.635,,,0,robots_sampled=6
231.000,original,-,robot1,MIN_DISTANCE,OK,2.252,2.714,,0,nearest_robot=robot4
231.000,original,-,robot2,MIN_DISTANCE,OK,3.295,2.714,,0,nearest_robot=robot1
231.000,original,-,robot3,MIN_DISTANCE,OK,2.153,2.714,,0,nearest_robot=robot6
231.000,original,-,robot4,MIN_DISTANCE,OK,2.252,2.714,,0,nearest_robot=robot1
231.000,original,-,robot5,MIN_DISTANCE,OK,4.180,2.714,,0,nearest_robot=robot6
231.000,original,-,robot6,MIN_DISTANCE,OK,2.153,2.714,,0,nearest_robot=robot3
231.000,original,-,fleet,MIN_DISTANCE_AVG,OK,2.714,,,0,robots_sampled=6
232.000,original,-,robot1,MIN_DISTANCE,OK,2.251,2.786,,0,nearest_robot=robot4
232.000,original,-,robot2,MIN_DISTANCE,OK,3.295,2.786,,0,nearest_robot=robot1
232.000,original,-,robot3,MIN_DISTANCE,OK,2.153,2.786,,0,nearest_robot=robot6
232.000,original,-,robot4,MIN_DISTANCE,OK,2.251,2.786,,0,nearest_robot=robot1
232.000,original,-,robot5,MIN_DISTANCE,OK,4.612,2.786,,0,nearest_robot=robot6
232.000,original,-,robot6,MIN_DISTANCE,OK,2.153,2.786,,0,nearest_robot=robot3
232.000,original,-,fleet,MIN_DISTANCE_AVG,OK,2.786,,,0,robots_sampled=6
233.000,original,-,robot1,MIN_DISTANCE,OK,2.251,2.858,,0,nearest_robot=robot4
233.000,original,-,robot2,MIN_DISTANCE,OK,3.296,2.858,,0,nearest_robot=robot1
233.000,original,-,robot3,MIN_DISTANCE,OK,2.153,2.858,,0,nearest_robot=robot6
233.000,original,-,robot4,MIN_DISTANCE,OK,2.251,2.858,,0,nearest_robot=robot1
233.000,original,-,robot5,MIN_DISTANCE,OK,5.043,2.858,,0,nearest_robot=robot6
233.000,original,-,robot6,MIN_DISTANCE,OK,2.153,2.858,,0,nearest_robot=robot3
233.000,original,-,fleet,MIN_DISTANCE_AVG,OK,2.858,,,0,robots_sampled=6
233.430,original,-,fleet,CHOMP_TIME_FULL,OK,,24.755,,0,iterations=100;iterations_executed=100;source=algorithm;round_trip=24.776486
234.000,original,-,fleet,REPLAN_FULL,OK,,,robot1|robot2|robot3|robot4|robot5|robot6,0,original_full_optimization
234.000,original,-,robot1,MIN_DISTANCE,OK,2.348,2.922,,0,nearest_robot=robot4
234.000,original,-,robot2,MIN_DISTANCE,OK,3.230,2.922,,0,nearest_robot=robot1
234.000,original,-,robot3,MIN_DISTANCE,OK,2.164,2.922,,0,nearest_robot=robot6
234.000,original,-,robot4,MIN_DISTANCE,OK,2.348,2.922,,0,nearest_robot=robot1
234.000,original,-,robot5,MIN_DISTANCE,OK,5.281,2.922,,0,nearest_robot=robot6
234.000,original,-,robot6,MIN_DISTANCE,OK,2.164,2.922,,0,nearest_robot=robot3
234.000,original,-,fleet,MIN_DISTANCE_AVG,OK,2.922,,,0,robots_sampled=6
235.000,original,-,robot1,MIN_DISTANCE,OK,2.440,2.920,,0,nearest_robot=robot4
235.000,original,-,robot2,MIN_DISTANCE,OK,3.052,2.920,,0,nearest_robot=robot1
235.000,original,-,robot3,MIN_DISTANCE,OK,2.153,2.920,,0,nearest_robot=robot6
235.000,original,-,robot4,MIN_DISTANCE,OK,2.440,2.920,,0,nearest_robot=robot1
235.000,original,-,robot5,MIN_DISTANCE,OK,5.284,2.920,,0,nearest_robot=robot6
235.000,original,-,robot6,MIN_DISTANCE,OK,2.153,2.920,,0,nearest_robot=robot3
235.000,original,-,fleet,MIN_DISTANCE_AVG,OK,2.920,,,0,robots_sampled=6
236.000,original,-,robot1,MIN_DISTANCE,OK,2.222,2.832,,0,nearest_robot=robot4
236.000,original,-,robot2,MIN_DISTANCE,OK,3.007,2.832,,0,nearest_robot=robot1
236.000,original,-,robot3,MIN_DISTANCE,OK,2.128,2.832,,0,nearest_robot=robot6
236.000,original,-,robot4,MIN_DISTANCE,OK,2.222,2.832,,0,nearest_robot=robot1
236.000,original,-,robot5,MIN_DISTANCE,OK,5.284,2.832,,0,nearest_robot=robot6
236.000,original,-,robot6,MIN_DISTANCE,OK,2.128,2.832,,0,nearest_robot=robot3
236.000,original,-,fleet,MIN_DISTANCE_AVG,OK,2.832,,,0,robots_sampled=6
237.000,original,-,robot1,MIN_DISTANCE,OK,1.748,2.727,,0,nearest_robot=robot4
237.000,original,-,robot2,MIN_DISTANCE,OK,3.333,2.727,,0,nearest_robot=robot1
237.000,original,-,robot3,MIN_DISTANCE,OK,2.126,2.727,,0,nearest_robot=robot6
237.000,original,-,robot4,MIN_DISTANCE,OK,1.748,2.727,,0,nearest_robot=robot1
237.000,original,-,robot5,MIN_DISTANCE,OK,5.284,2.727,,0,nearest_robot=robot6
237.000,original,-,robot6,MIN_DISTANCE,OK,2.126,2.727,,0,nearest_robot=robot3
237.000,original,-,fleet,MIN_DISTANCE_AVG,OK,2.727,,,0,robots_sampled=6
238.000,original,-,robot1,MIN_DISTANCE,OK,1.421,2.683,,0,nearest_robot=robot4
238.000,original,-,robot2,MIN_DISTANCE,OK,3.722,2.683,,0,nearest_robot=robot1
238.000,original,-,robot3,MIN_DISTANCE,OK,2.126,2.683,,0,nearest_robot=robot6
238.000,original,-,robot4,MIN_DISTANCE,OK,1.421,2.683,,0,nearest_robot=robot1
238.000,original,-,robot5,MIN_DISTANCE,OK,5.284,2.683,,0,nearest_robot=robot6
238.000,original,-,robot6,MIN_DISTANCE,OK,2.126,2.683,,0,nearest_robot=robot3
238.000,original,-,fleet,MIN_DISTANCE_AVG,OK,2.683,,,0,robots_sampled=6
239.000,original,-,robot1,MIN_DISTANCE,OK,1.361,2.724,,0,nearest_robot=robot4
239.000,original,-,robot2,MIN_DISTANCE,OK,4.090,2.724,,0,nearest_robot=robot1
239.000,original,-,robot3,MIN_DISTANCE,OK,2.124,2.724,,0,nearest_robot=robot6
239.000,original,-,robot4,MIN_DISTANCE,OK,1.361,2.724,,0,nearest_robot=robot1
239.000,original,-,robot5,MIN_DISTANCE,OK,5.284,2.724,,0,nearest_robot=robot6
239.000,original,-,robot6,MIN_DISTANCE,OK,2.124,2.724,,0,nearest_robot=robot3
239.000,original,-,fleet,MIN_DISTANCE_AVG,OK,2.724,,,0,robots_sampled=6
240.000,original,-,robot1,MIN_DISTANCE,OK,1.461,2.808,,0,nearest_robot=robot4
240.000,original,-,robot2,MIN_DISTANCE,OK,4.389,2.808,,0,nearest_robot=robot1
240.000,original,-,robot3,MIN_DISTANCE,OK,2.127,2.808,,0,nearest_robot=robot6
240.000,original,-,robot4,MIN_DISTANCE,OK,1.461,2.808,,0,nearest_robot=robot1
240.000,original,-,robot5,MIN_DISTANCE,OK,5.285,2.808,,0,nearest_robot=robot6
240.000,original,-,robot6,MIN_DISTANCE,OK,2.127,2.808,,0,nearest_robot=robot3
240.000,original,-,fleet,MIN_DISTANCE_AVG,OK,2.808,,,0,robots_sampled=6
241.000,original,-,robot1,MIN_DISTANCE,OK,1.535,2.876,,0,nearest_robot=robot4
241.000,original,-,robot2,MIN_DISTANCE,OK,4.647,2.876,,0,nearest_robot=robot1
241.000,original,-,robot3,MIN_DISTANCE,OK,2.126,2.876,,0,nearest_robot=robot6
241.000,original,-,robot4,MIN_DISTANCE,OK,1.535,2.876,,0,nearest_robot=robot1
241.000,original,-,robot5,MIN_DISTANCE,OK,5.285,2.876,,0,nearest_robot=robot6
241.000,original,-,robot6,MIN_DISTANCE,OK,2.126,2.876,,0,nearest_robot=robot3
241.000,original,-,fleet,MIN_DISTANCE_AVG,OK,2.876,,,0,robots_sampled=6
242.000,original,-,robot1,MIN_DISTANCE,OK,1.651,2.980,,0,nearest_robot=robot4
242.000,original,-,robot2,MIN_DISTANCE,OK,5.045,2.980,,0,nearest_robot=robot4
242.000,original,-,robot3,MIN_DISTANCE,OK,2.126,2.980,,0,nearest_robot=robot6
242.000,original,-,robot4,MIN_DISTANCE,OK,1.651,2.980,,0,nearest_robot=robot1
242.000,original,-,robot5,MIN_DISTANCE,OK,5.285,2.980,,0,nearest_robot=robot6
242.000,original,-,robot6,MIN_DISTANCE,OK,2.126,2.980,,0,nearest_robot=robot3
242.000,original,-,fleet,MIN_DISTANCE_AVG,OK,2.980,,,0,robots_sampled=6
243.000,original,-,robot1,MIN_DISTANCE,OK,1.794,3.054,,0,nearest_robot=robot4
243.000,original,-,robot2,MIN_DISTANCE,OK,5.203,3.054,,0,nearest_robot=robot4
243.000,original,-,robot3,MIN_DISTANCE,OK,2.125,3.054,,0,nearest_robot=robot6
243.000,original,-,robot4,MIN_DISTANCE,OK,1.794,3.054,,0,nearest_robot=robot1
243.000,original,-,robot5,MIN_DISTANCE,OK,5.285,3.054,,0,nearest_robot=robot6
243.000,original,-,robot6,MIN_DISTANCE,OK,2.125,3.054,,0,nearest_robot=robot3
243.000,original,-,fleet,MIN_DISTANCE_AVG,OK,3.054,,,0,robots_sampled=6
244.000,original,-,robot1,MIN_DISTANCE,OK,1.892,3.153,,0,nearest_robot=robot4
244.000,original,-,robot2,MIN_DISTANCE,OK,5.596,3.153,,0,nearest_robot=robot4
244.000,original,-,robot3,MIN_DISTANCE,OK,2.125,3.153,,0,nearest_robot=robot6
244.000,original,-,robot4,MIN_DISTANCE,OK,1.892,3.153,,0,nearest_robot=robot1
244.000,original,-,robot5,MIN_DISTANCE,OK,5.285,3.153,,0,nearest_robot=robot6
244.000,original,-,robot6,MIN_DISTANCE,OK,2.125,3.153,,0,nearest_robot=robot3
244.000,original,-,fleet,MIN_DISTANCE_AVG,OK,3.153,,,0,robots_sampled=6
245.000,original,-,robot1,MIN_DISTANCE,OK,2.005,3.253,,0,nearest_robot=robot4
245.000,original,-,robot2,MIN_DISTANCE,OK,5.971,3.253,,0,nearest_robot=robot4
245.000,original,-,robot3,MIN_DISTANCE,OK,2.125,3.253,,0,nearest_robot=robot6
245.000,original,-,robot4,MIN_DISTANCE,OK,2.005,3.253,,0,nearest_robot=robot1
245.000,original,-,robot5,MIN_DISTANCE,OK,5.285,3.253,,0,nearest_robot=robot6
245.000,original,-,robot6,MIN_DISTANCE,OK,2.125,3.253,,0,nearest_robot=robot3
245.000,original,-,fleet,MIN_DISTANCE_AVG,OK,3.253,,,0,robots_sampled=6
246.000,original,-,robot1,MIN_DISTANCE,OK,2.069,3.324,,0,nearest_robot=robot4
246.000,original,-,robot2,MIN_DISTANCE,OK,6.273,3.324,,0,nearest_robot=robot4
246.000,original,-,robot3,MIN_DISTANCE,OK,2.124,3.324,,0,nearest_robot=robot6
246.000,original,-,robot4,MIN_DISTANCE,OK,2.069,3.324,,0,nearest_robot=robot1
246.000,original,-,robot5,MIN_DISTANCE,OK,5.285,3.324,,0,nearest_robot=robot6
246.000,original,-,robot6,MIN_DISTANCE,OK,2.124,3.324,,0,nearest_robot=robot3
246.000,original,-,fleet,MIN_DISTANCE_AVG,OK,3.324,,,0,robots_sampled=6
247.000,original,-,robot1,MIN_DISTANCE,OK,2.063,3.388,,0,nearest_robot=robot4
247.000,original,-,robot2,MIN_DISTANCE,OK,6.670,3.388,,0,nearest_robot=robot4
247.000,original,-,robot3,MIN_DISTANCE,OK,2.124,3.388,,0,nearest_robot=robot6
247.000,original,-,robot4,MIN_DISTANCE,OK,2.063,3.388,,0,nearest_robot=robot1
247.000,original,-,robot5,MIN_DISTANCE,OK,5.286,3.388,,0,nearest_robot=robot6
247.000,original,-,robot6,MIN_DISTANCE,OK,2.124,3.388,,0,nearest_robot=robot3
247.000,original,-,fleet,MIN_DISTANCE_AVG,OK,3.388,,,0,robots_sampled=6
248.000,original,-,robot1,MIN_DISTANCE,OK,2.099,3.470,,0,nearest_robot=robot4
248.000,original,-,robot2,MIN_DISTANCE,OK,7.086,3.470,,0,nearest_robot=robot4
248.000,original,-,robot3,MIN_DISTANCE,OK,2.124,3.470,,0,nearest_robot=robot6
248.000,original,-,robot4,MIN_DISTANCE,OK,2.099,3.470,,0,nearest_robot=robot1
248.000,original,-,robot5,MIN_DISTANCE,OK,5.286,3.470,,0,nearest_robot=robot6
248.000,original,-,robot6,MIN_DISTANCE,OK,2.124,3.470,,0,nearest_robot=robot3
248.000,original,-,fleet,MIN_DISTANCE_AVG,OK,3.470,,,0,robots_sampled=6
249.000,original,-,robot1,MIN_DISTANCE,OK,2.061,3.527,,0,nearest_robot=robot4
249.000,original,-,robot2,MIN_DISTANCE,OK,7.505,3.527,,0,nearest_robot=robot4
249.000,original,-,robot3,MIN_DISTANCE,OK,2.124,3.527,,0,nearest_robot=robot6
249.000,original,-,robot4,MIN_DISTANCE,OK,2.061,3.527,,0,nearest_robot=robot1
249.000,original,-,robot5,MIN_DISTANCE,OK,5.286,3.527,,0,nearest_robot=robot6
249.000,original,-,robot6,MIN_DISTANCE,OK,2.124,3.527,,0,nearest_robot=robot3
249.000,original,-,fleet,MIN_DISTANCE_AVG,OK,3.527,,,0,robots_sampled=6
250.000,original,-,robot1,MIN_DISTANCE,OK,1.999,3.587,,0,nearest_robot=robot4
250.000,original,-,robot2,MIN_DISTANCE,OK,7.988,3.587,,0,nearest_robot=robot4
250.000,original,-,robot3,MIN_DISTANCE,OK,2.124,3.587,,0,nearest_robot=robot6
250.000,original,-,robot4,MIN_DISTANCE,OK,1.999,3.587,,0,nearest_robot=robot1
250.000,original,-,robot5,MIN_DISTANCE,OK,5.286,3.587,,0,nearest_robot=robot6
250.000,original,-,robot6,MIN_DISTANCE,OK,2.124,3.587,,0,nearest_robot=robot3
250.000,original,-,fleet,MIN_DISTANCE_AVG,OK,3.587,,,0,robots_sampled=6
251.000,original,-,robot1,MIN_DISTANCE,OK,2.016,3.655,,0,nearest_robot=robot4
251.000,original,-,robot2,MIN_DISTANCE,OK,8.361,3.655,,0,nearest_robot=robot4
251.000,original,-,robot3,MIN_DISTANCE,OK,2.124,3.655,,0,nearest_robot=robot6
251.000,original,-,robot4,MIN_DISTANCE,OK,2.016,3.655,,0,nearest_robot=robot1
251.000,original,-,robot5,MIN_DISTANCE,OK,5.286,3.655,,0,nearest_robot=robot6
251.000,original,-,robot6,MIN_DISTANCE,OK,2.124,3.655,,0,nearest_robot=robot3
251.000,original,-,fleet,MIN_DISTANCE_AVG,OK,3.655,,,0,robots_sampled=6
252.000,original,-,robot1,MIN_DISTANCE,OK,2.016,3.710,,0,nearest_robot=robot4
252.000,original,-,robot2,MIN_DISTANCE,OK,8.696,3.710,,0,nearest_robot=robot4
252.000,original,-,robot3,MIN_DISTANCE,OK,2.124,3.710,,0,nearest_robot=robot6
252.000,original,-,robot4,MIN_DISTANCE,OK,2.016,3.710,,0,nearest_robot=robot1
252.000,original,-,robot5,MIN_DISTANCE,OK,5.286,3.710,,0,nearest_robot=robot6
252.000,original,-,robot6,MIN_DISTANCE,OK,2.124,3.710,,0,nearest_robot=robot3
252.000,original,-,fleet,MIN_DISTANCE_AVG,OK,3.710,,,0,robots_sampled=6
253.000,original,-,robot1,MIN_DISTANCE,OK,2.017,3.759,,0,nearest_robot=robot4
253.000,original,-,robot2,MIN_DISTANCE,OK,8.987,3.759,,0,nearest_robot=robot4
253.000,original,-,robot3,MIN_DISTANCE,OK,2.123,3.759,,0,nearest_robot=robot6
253.000,original,-,robot4,MIN_DISTANCE,OK,2.017,3.759,,0,nearest_robot=robot1
253.000,original,-,robot5,MIN_DISTANCE,OK,5.287,3.759,,0,nearest_robot=robot6
253.000,original,-,robot6,MIN_DISTANCE,OK,2.123,3.759,,0,nearest_robot=robot3
253.000,original,-,fleet,MIN_DISTANCE_AVG,OK,3.759,,,0,robots_sampled=6
254.000,original,-,robot1,MIN_DISTANCE,OK,2.017,3.812,,0,nearest_robot=robot4
254.000,original,-,robot2,MIN_DISTANCE,OK,9.306,3.812,,0,nearest_robot=robot4
254.000,original,-,robot3,MIN_DISTANCE,OK,2.123,3.812,,0,nearest_robot=robot6
254.000,original,-,robot4,MIN_DISTANCE,OK,2.017,3.812,,0,nearest_robot=robot1
254.000,original,-,robot5,MIN_DISTANCE,OK,5.287,3.812,,0,nearest_robot=robot6
254.000,original,-,robot6,MIN_DISTANCE,OK,2.123,3.812,,0,nearest_robot=robot3
254.000,original,-,fleet,MIN_DISTANCE_AVG,OK,3.812,,,0,robots_sampled=6
255.000,original,-,robot1,MIN_DISTANCE,OK,2.017,3.869,,0,nearest_robot=robot4
255.000,original,-,robot2,MIN_DISTANCE,OK,9.645,3.869,,0,nearest_robot=robot4
255.000,original,-,robot3,MIN_DISTANCE,OK,2.123,3.869,,0,nearest_robot=robot6
255.000,original,-,robot4,MIN_DISTANCE,OK,2.017,3.869,,0,nearest_robot=robot1
255.000,original,-,robot5,MIN_DISTANCE,OK,5.287,3.869,,0,nearest_robot=robot6
255.000,original,-,robot6,MIN_DISTANCE,OK,2.123,3.869,,0,nearest_robot=robot3
255.000,original,-,fleet,MIN_DISTANCE_AVG,OK,3.869,,,0,robots_sampled=6
256.000,original,-,robot1,MIN_DISTANCE,OK,2.017,3.939,,0,nearest_robot=robot4
256.000,original,-,robot2,MIN_DISTANCE,OK,10.066,3.939,,0,nearest_robot=robot4
256.000,original,-,robot3,MIN_DISTANCE,OK,2.123,3.939,,0,nearest_robot=robot6
256.000,original,-,robot4,MIN_DISTANCE,OK,2.017,3.939,,0,nearest_robot=robot1
256.000,original,-,robot5,MIN_DISTANCE,OK,5.287,3.939,,0,nearest_robot=robot6
256.000,original,-,robot6,MIN_DISTANCE,OK,2.123,3.939,,0,nearest_robot=robot3
256.000,original,-,fleet,MIN_DISTANCE_AVG,OK,3.939,,,0,robots_sampled=6
257.000,original,-,robot1,MIN_DISTANCE,OK,2.018,4.005,,0,nearest_robot=robot4
257.000,original,-,robot2,MIN_DISTANCE,OK,10.461,4.005,,0,nearest_robot=robot4
257.000,original,-,robot3,MIN_DISTANCE,OK,2.123,4.005,,0,nearest_robot=robot6
257.000,original,-,robot4,MIN_DISTANCE,OK,2.018,4.005,,0,nearest_robot=robot1
257.000,original,-,robot5,MIN_DISTANCE,OK,5.287,4.005,,0,nearest_robot=robot6
257.000,original,-,robot6,MIN_DISTANCE,OK,2.123,4.005,,0,nearest_robot=robot3
257.000,original,-,fleet,MIN_DISTANCE_AVG,OK,4.005,,,0,robots_sampled=6
257.820,original,-,fleet,CHOMP_TIME_FULL,OK,,24.726,,0,iterations=100;iterations_executed=100;source=algorithm;round_trip=24.745819
258.000,original,-,robot1,MIN_DISTANCE,OK,2.018,4.067,,0,nearest_robot=robot4
258.000,original,-,robot2,MIN_DISTANCE,OK,10.863,4.067,,0,nearest_robot=robot4
258.000,original,-,robot3,MIN_DISTANCE,OK,2.114,4.067,,0,nearest_robot=robot6
258.000,original,-,robot4,MIN_DISTANCE,OK,2.018,4.067,,0,nearest_robot=robot1
258.000,original,-,robot5,MIN_DISTANCE,OK,5.277,4.067,,0,nearest_robot=robot6
258.000,original,-,robot6,MIN_DISTANCE,OK,2.114,4.067,,0,nearest_robot=robot3
258.000,original,-,fleet,MIN_DISTANCE_AVG,OK,4.067,,,0,robots_sampled=6
258.500,original,-,fleet,REPLAN_FULL,OK,,,robot1|robot2|robot3|robot4|robot5|robot6,0,original_full_optimization
259.000,original,-,robot1,MIN_DISTANCE,OK,2.018,4.100,,0,nearest_robot=robot4
259.000,original,-,robot2,MIN_DISTANCE,OK,11.228,4.100,,0,nearest_robot=robot4
259.000,original,-,robot3,MIN_DISTANCE,OK,2.098,4.100,,0,nearest_robot=robot6
259.000,original,-,robot4,MIN_DISTANCE,OK,2.018,4.100,,0,nearest_robot=robot1
259.000,original,-,robot5,MIN_DISTANCE,OK,5.143,4.100,,0,nearest_robot=robot6
259.000,original,-,robot6,MIN_DISTANCE,OK,2.098,4.100,,0,nearest_robot=robot3
259.000,original,-,fleet,MIN_DISTANCE_AVG,OK,4.100,,,0,robots_sampled=6
260.000,original,-,robot1,MIN_DISTANCE,OK,2.018,4.173,,0,nearest_robot=robot4
260.000,original,-,robot2,MIN_DISTANCE,OK,11.633,4.173,,0,nearest_robot=robot4
260.000,original,-,robot3,MIN_DISTANCE,OK,2.098,4.173,,0,nearest_robot=robot6
260.000,original,-,robot4,MIN_DISTANCE,OK,2.018,4.173,,0,nearest_robot=robot1
260.000,original,-,robot5,MIN_DISTANCE,OK,5.171,4.173,,0,nearest_robot=robot6
260.000,original,-,robot6,MIN_DISTANCE,OK,2.098,4.173,,0,nearest_robot=robot3
260.000,original,-,fleet,MIN_DISTANCE_AVG,OK,4.173,,,0,robots_sampled=6
261.000,original,-,robot1,MIN_DISTANCE,OK,2.018,4.295,,0,nearest_robot=robot4
261.000,original,-,robot2,MIN_DISTANCE,OK,12.029,4.295,,0,nearest_robot=robot4
261.000,original,-,robot3,MIN_DISTANCE,OK,2.097,4.295,,0,nearest_robot=robot6
261.000,original,-,robot4,MIN_DISTANCE,OK,2.018,4.295,,0,nearest_robot=robot1
261.000,original,-,robot5,MIN_DISTANCE,OK,5.507,4.295,,0,nearest_robot=robot6
261.000,original,-,robot6,MIN_DISTANCE,OK,2.097,4.295,,0,nearest_robot=robot3
261.000,original,-,fleet,MIN_DISTANCE_AVG,OK,4.295,,,0,robots_sampled=6
262.000,original,-,robot1,MIN_DISTANCE,OK,2.019,4.431,,0,nearest_robot=robot4
262.000,original,-,robot2,MIN_DISTANCE,OK,12.455,4.431,,0,nearest_robot=robot4
262.000,original,-,robot3,MIN_DISTANCE,OK,2.097,4.431,,0,nearest_robot=robot6
262.000,original,-,robot4,MIN_DISTANCE,OK,2.019,4.431,,0,nearest_robot=robot1
262.000,original,-,robot5,MIN_DISTANCE,OK,5.901,4.431,,0,nearest_robot=robot6
262.000,original,-,robot6,MIN_DISTANCE,OK,2.097,4.431,,0,nearest_robot=robot3
262.000,original,-,fleet,MIN_DISTANCE_AVG,OK,4.431,,,0,robots_sampled=6
263.000,original,-,robot1,MIN_DISTANCE,OK,2.019,4.553,,0,nearest_robot=robot4
263.000,original,-,robot2,MIN_DISTANCE,OK,12.841,4.553,,0,nearest_robot=robot4
263.000,original,-,robot3,MIN_DISTANCE,OK,2.097,4.553,,0,nearest_robot=robot6
263.000,original,-,robot4,MIN_DISTANCE,OK,2.019,4.553,,0,nearest_robot=robot1
263.000,original,-,robot5,MIN_DISTANCE,OK,6.242,4.553,,0,nearest_robot=robot6
263.000,original,-,robot6,MIN_DISTANCE,OK,2.097,4.553,,0,nearest_robot=robot3
263.000,original,-,fleet,MIN_DISTANCE_AVG,OK,4.553,,,0,robots_sampled=6
264.000,original,-,robot1,MIN_DISTANCE,OK,2.019,4.689,,0,nearest_robot=robot4
264.000,original,-,robot2,MIN_DISTANCE,OK,13.234,4.689,,0,nearest_robot=robot4
264.000,original,-,robot3,MIN_DISTANCE,OK,2.097,4.689,,0,nearest_robot=robot6
264.000,original,-,robot4,MIN_DISTANCE,OK,2.019,4.689,,0,nearest_robot=robot1
264.000,original,-,robot5,MIN_DISTANCE,OK,6.665,4.689,,0,nearest_robot=robot6
264.000,original,-,robot6,MIN_DISTANCE,OK,2.097,4.689,,0,nearest_robot=robot3
264.000,original,-,fleet,MIN_DISTANCE_AVG,OK,4.689,,,0,robots_sampled=6
265.000,original,-,robot1,MIN_DISTANCE,OK,2.019,4.815,,0,nearest_robot=robot4
265.000,original,-,robot2,MIN_DISTANCE,OK,13.635,4.815,,0,nearest_robot=robot4
265.000,original,-,robot3,MIN_DISTANCE,OK,2.097,4.815,,0,nearest_robot=robot6
265.000,original,-,robot4,MIN_DISTANCE,OK,2.019,4.815,,0,nearest_robot=robot1
265.000,original,-,robot5,MIN_DISTANCE,OK,7.024,4.815,,0,nearest_robot=robot6
265.000,original,-,robot6,MIN_DISTANCE,OK,2.097,4.815,,0,nearest_robot=robot3
265.000,original,-,fleet,MIN_DISTANCE_AVG,OK,4.815,,,0,robots_sampled=6
266.000,original,-,robot1,MIN_DISTANCE,OK,2.020,4.933,,0,nearest_robot=robot4
266.000,original,-,robot2,MIN_DISTANCE,OK,14.008,4.933,,0,nearest_robot=robot4
266.000,original,-,robot3,MIN_DISTANCE,OK,2.097,4.933,,0,nearest_robot=robot6
266.000,original,-,robot4,MIN_DISTANCE,OK,2.020,4.933,,0,nearest_robot=robot1
266.000,original,-,robot5,MIN_DISTANCE,OK,7.358,4.933,,0,nearest_robot=robot6
266.000,original,-,robot6,MIN_DISTANCE,OK,2.097,4.933,,0,nearest_robot=robot3
266.000,original,-,fleet,MIN_DISTANCE_AVG,OK,4.933,,,0,robots_sampled=6
267.000,original,-,robot1,MIN_DISTANCE,OK,2.020,5.040,,0,nearest_robot=robot4
267.000,original,-,robot2,MIN_DISTANCE,OK,14.316,5.040,,0,nearest_robot=robot5
267.000,original,-,robot3,MIN_DISTANCE,OK,2.097,5.040,,0,nearest_robot=robot6
267.000,original,-,robot4,MIN_DISTANCE,OK,2.020,5.040,,0,nearest_robot=robot1
267.000,original,-,robot5,MIN_DISTANCE,OK,7.693,5.040,,0,nearest_robot=robot6
267.000,original,-,robot6,MIN_DISTANCE,OK,2.097,5.040,,0,nearest_robot=robot3
267.000,original,-,fleet,MIN_DISTANCE_AVG,OK,5.040,,,0,robots_sampled=6
268.000,original,-,robot1,MIN_DISTANCE,OK,2.020,5.044,,0,nearest_robot=robot4
268.000,original,-,robot2,MIN_DISTANCE,OK,13.998,5.044,,0,nearest_robot=robot5
268.000,original,-,robot3,MIN_DISTANCE,OK,2.097,5.044,,0,nearest_robot=robot6
268.000,original,-,robot4,MIN_DISTANCE,OK,2.020,5.044,,0,nearest_robot=robot1
268.000,original,-,robot5,MIN_DISTANCE,OK,8.033,5.044,,0,nearest_robot=robot6
268.000,original,-,robot6,MIN_DISTANCE,OK,2.097,5.044,,0,nearest_robot=robot3
268.000,original,-,fleet,MIN_DISTANCE_AVG,OK,5.044,,,0,robots_sampled=6
269.000,original,-,robot1,MIN_DISTANCE,OK,2.020,5.058,,0,nearest_robot=robot4
269.000,original,-,robot2,MIN_DISTANCE,OK,13.661,5.058,,0,nearest_robot=robot5
269.000,original,-,robot3,MIN_DISTANCE,OK,2.096,5.058,,0,nearest_robot=robot6
269.000,original,-,robot4,MIN_DISTANCE,OK,2.020,5.058,,0,nearest_robot=robot1
269.000,original,-,robot5,MIN_DISTANCE,OK,8.455,5.058,,0,nearest_robot=robot6
269.000,original,-,robot6,MIN_DISTANCE,OK,2.096,5.058,,0,nearest_robot=robot3
269.000,original,-,fleet,MIN_DISTANCE_AVG,OK,5.058,,,0,robots_sampled=6
270.000,original,-,robot1,MIN_DISTANCE,OK,2.021,5.079,,0,nearest_robot=robot4
270.000,original,-,robot2,MIN_DISTANCE,OK,13.374,5.079,,0,nearest_robot=robot5
270.000,original,-,robot3,MIN_DISTANCE,OK,2.096,5.079,,0,nearest_robot=robot6
270.000,original,-,robot4,MIN_DISTANCE,OK,2.021,5.079,,0,nearest_robot=robot1
270.000,original,-,robot5,MIN_DISTANCE,OK,8.866,5.079,,0,nearest_robot=robot6
270.000,original,-,robot6,MIN_DISTANCE,OK,2.096,5.079,,0,nearest_robot=robot3
270.000,original,-,fleet,MIN_DISTANCE_AVG,OK,5.079,,,0,robots_sampled=6
271.000,original,-,robot1,MIN_DISTANCE,OK,2.021,5.095,,0,nearest_robot=robot4
271.000,original,-,robot2,MIN_DISTANCE,OK,13.108,5.095,,0,nearest_robot=robot5
271.000,original,-,robot3,MIN_DISTANCE,OK,2.096,5.095,,0,nearest_robot=robot6
271.000,original,-,robot4,MIN_DISTANCE,OK,2.021,5.095,,0,nearest_robot=robot1
271.000,original,-,robot5,MIN_DISTANCE,OK,9.226,5.095,,0,nearest_robot=robot6
271.000,original,-,robot6,MIN_DISTANCE,OK,2.096,5.095,,0,nearest_robot=robot3
271.000,original,-,fleet,MIN_DISTANCE_AVG,OK,5.095,,,0,robots_sampled=6
272.000,original,-,robot1,MIN_DISTANCE,OK,2.021,5.091,,0,nearest_robot=robot4
272.000,original,-,robot2,MIN_DISTANCE,OK,12.774,5.091,,0,nearest_robot=robot5
272.000,original,-,robot3,MIN_DISTANCE,OK,2.096,5.091,,0,nearest_robot=robot6
272.000,original,-,robot4,MIN_DISTANCE,OK,2.021,5.091,,0,nearest_robot=robot1
272.000,original,-,robot5,MIN_DISTANCE,OK,9.541,5.091,,0,nearest_robot=robot6
272.000,original,-,robot6,MIN_DISTANCE,OK,2.096,5.091,,0,nearest_robot=robot3
272.000,original,-,fleet,MIN_DISTANCE_AVG,OK,5.091,,,0,robots_sampled=6
273.000,original,-,robot1,MIN_DISTANCE,OK,2.021,5.086,,0,nearest_robot=robot4
273.000,original,-,robot2,MIN_DISTANCE,OK,12.410,5.086,,0,nearest_robot=robot5
273.000,original,-,robot3,MIN_DISTANCE,OK,2.096,5.086,,0,nearest_robot=robot6
273.000,original,-,robot4,MIN_DISTANCE,OK,2.021,5.086,,0,nearest_robot=robot1
273.000,original,-,robot5,MIN_DISTANCE,OK,9.875,5.086,,0,nearest_robot=robot6
273.000,original,-,robot6,MIN_DISTANCE,OK,2.096,5.086,,0,nearest_robot=robot3
273.000,original,-,fleet,MIN_DISTANCE_AVG,OK,5.086,,,0,robots_sampled=6
274.000,original,-,robot1,MIN_DISTANCE,OK,2.021,5.060,,0,nearest_robot=robot4
274.000,original,-,robot2,MIN_DISTANCE,OK,12.035,5.060,,0,nearest_robot=robot5
274.000,original,-,robot3,MIN_DISTANCE,OK,2.096,5.060,,0,nearest_robot=robot6
274.000,original,-,robot4,MIN_DISTANCE,OK,2.021,5.060,,0,nearest_robot=robot1
274.000,original,-,robot5,MIN_DISTANCE,OK,10.090,5.060,,0,nearest_robot=robot4
274.000,original,-,robot6,MIN_DISTANCE,OK,2.096,5.060,,0,nearest_robot=robot3
274.000,original,-,fleet,MIN_DISTANCE_AVG,OK,5.060,,,0,robots_sampled=6
275.000,original,-,robot1,MIN_DISTANCE,OK,2.022,5.061,,0,nearest_robot=robot4
275.000,original,-,robot2,MIN_DISTANCE,OK,11.785,5.061,,0,nearest_robot=robot5
275.000,original,-,robot3,MIN_DISTANCE,OK,2.096,5.061,,0,nearest_robot=robot6
275.000,original,-,robot4,MIN_DISTANCE,OK,2.022,5.061,,0,nearest_robot=robot1
275.000,original,-,robot5,MIN_DISTANCE,OK,10.347,5.061,,0,nearest_robot=robot4
275.000,original,-,robot6,MIN_DISTANCE,OK,2.096,5.061,,0,nearest_robot=robot3
275.000,original,-,fleet,MIN_DISTANCE_AVG,OK,5.061,,,0,robots_sampled=6
276.000,original,-,robot1,MIN_DISTANCE,OK,2.022,5.059,,0,nearest_robot=robot4
276.000,original,-,robot2,MIN_DISTANCE,OK,11.467,5.059,,0,nearest_robot=robot5
276.000,original,-,robot3,MIN_DISTANCE,OK,2.095,5.059,,0,nearest_robot=robot6
276.000,original,-,robot4,MIN_DISTANCE,OK,2.022,5.059,,0,nearest_robot=robot1
276.000,original,-,robot5,MIN_DISTANCE,OK,10.653,5.059,,0,nearest_robot=robot4
276.000,original,-,robot6,MIN_DISTANCE,OK,2.095,5.059,,0,nearest_robot=robot3
276.000,original,-,fleet,MIN_DISTANCE_AVG,OK,5.059,,,0,robots_sampled=6
277.000,original,-,robot1,MIN_DISTANCE,OK,2.022,5.048,,0,nearest_robot=robot4
277.000,original,-,robot2,MIN_DISTANCE,OK,11.075,5.048,,0,nearest_robot=robot5
277.000,original,-,robot3,MIN_DISTANCE,OK,2.095,5.048,,0,nearest_robot=robot6
277.000,original,-,robot4,MIN_DISTANCE,OK,2.022,5.048,,0,nearest_robot=robot1
277.000,original,-,robot5,MIN_DISTANCE,OK,10.980,5.048,,0,nearest_robot=robot4
277.000,original,-,robot6,MIN_DISTANCE,OK,2.095,5.048,,0,nearest_robot=robot3
277.000,original,-,fleet,MIN_DISTANCE_AVG,OK,5.048,,,0,robots_sampled=6
278.000,original,-,robot1,MIN_DISTANCE,OK,2.022,4.897,,0,nearest_robot=robot4
278.000,original,-,robot2,MIN_DISTANCE,OK,10.573,4.897,,0,nearest_robot=robot5
278.000,original,-,robot3,MIN_DISTANCE,OK,2.095,4.897,,0,nearest_robot=robot6
278.000,original,-,robot4,MIN_DISTANCE,OK,2.022,4.897,,0,nearest_robot=robot1
278.000,original,-,robot5,MIN_DISTANCE,OK,10.573,4.897,,0,nearest_robot=robot2
278.000,original,-,robot6,MIN_DISTANCE,OK,2.095,4.897,,0,nearest_robot=robot3
278.000,original,-,fleet,MIN_DISTANCE_AVG,OK,4.897,,,0,robots_sampled=6
279.000,original,-,robot1,MIN_DISTANCE,OK,2.023,4.823,,0,nearest_robot=robot4
279.000,original,-,robot2,MIN_DISTANCE,OK,10.353,4.823,,0,nearest_robot=robot5
279.000,original,-,robot3,MIN_DISTANCE,OK,2.095,4.823,,0,nearest_robot=robot6
279.000,original,-,robot4,MIN_DISTANCE,OK,2.023,4.823,,0,nearest_robot=robot1
279.000,original,-,robot5,MIN_DISTANCE,OK,10.353,4.823,,0,nearest_robot=robot2
279.000,original,-,robot6,MIN_DISTANCE,OK,2.095,4.823,,0,nearest_robot=robot3
279.000,original,-,fleet,MIN_DISTANCE_AVG,OK,4.823,,,0,robots_sampled=6
280.000,original,-,robot1,MIN_DISTANCE,OK,2.023,4.785,,0,nearest_robot=robot4
280.000,original,-,robot2,MIN_DISTANCE,OK,10.237,4.785,,0,nearest_robot=robot5
280.000,original,-,robot3,MIN_DISTANCE,OK,2.095,4.785,,0,nearest_robot=robot6
280.000,original,-,robot4,MIN_DISTANCE,OK,2.023,4.785,,0,nearest_robot=robot1
280.000,original,-,robot5,MIN_DISTANCE,OK,10.237,4.785,,0,nearest_robot=robot2
280.000,original,-,robot6,MIN_DISTANCE,OK,2.095,4.785,,0,nearest_robot=robot3
280.000,original,-,fleet,MIN_DISTANCE_AVG,OK,4.785,,,0,robots_sampled=6
281.000,original,-,robot1,MIN_DISTANCE,OK,2.023,4.774,,0,nearest_robot=robot4
281.000,original,-,robot2,MIN_DISTANCE,OK,10.204,4.774,,0,nearest_robot=robot5
281.000,original,-,robot3,MIN_DISTANCE,OK,2.095,4.774,,0,nearest_robot=robot6
281.000,original,-,robot4,MIN_DISTANCE,OK,2.023,4.774,,0,nearest_robot=robot1
281.000,original,-,robot5,MIN_DISTANCE,OK,10.204,4.774,,0,nearest_robot=robot2
281.000,original,-,robot6,MIN_DISTANCE,OK,2.095,4.774,,0,nearest_robot=robot3
281.000,original,-,fleet,MIN_DISTANCE_AVG,OK,4.774,,,0,robots_sampled=6
282.000,original,-,robot1,MIN_DISTANCE,OK,2.023,4.784,,0,nearest_robot=robot4
282.000,original,-,robot2,MIN_DISTANCE,OK,10.233,4.784,,0,nearest_robot=robot5
282.000,original,-,robot3,MIN_DISTANCE,OK,2.095,4.784,,0,nearest_robot=robot6
282.000,original,-,robot4,MIN_DISTANCE,OK,2.023,4.784,,0,nearest_robot=robot1
282.000,original,-,robot5,MIN_DISTANCE,OK,10.233,4.784,,0,nearest_robot=robot2
282.000,original,-,robot6,MIN_DISTANCE,OK,2.095,4.784,,0,nearest_robot=robot3
282.000,original,-,fleet,MIN_DISTANCE_AVG,OK,4.784,,,0,robots_sampled=6
282.430,original,-,fleet,CHOMP_TIME_FULL,OK,,24.721,,0,iterations=100;iterations_executed=100;source=algorithm;round_trip=24.741886
283.000,original,-,fleet,REPLAN_FULL,OK,,,robot1|robot2|robot3|robot4|robot5|robot6,0,original_full_optimization
283.000,original,-,robot1,MIN_DISTANCE,OK,2.031,4.803,,0,nearest_robot=robot4
283.000,original,-,robot2,MIN_DISTANCE,OK,10.263,4.803,,0,nearest_robot=robot5
283.000,original,-,robot3,MIN_DISTANCE,OK,2.115,4.803,,0,nearest_robot=robot6
283.000,original,-,robot4,MIN_DISTANCE,OK,2.031,4.803,,0,nearest_robot=robot1
283.000,original,-,robot5,MIN_DISTANCE,OK,10.263,4.803,,0,nearest_robot=robot2
283.000,original,-,robot6,MIN_DISTANCE,OK,2.115,4.803,,0,nearest_robot=robot3
283.000,original,-,fleet,MIN_DISTANCE_AVG,OK,4.803,,,0,robots_sampled=6
284.000,original,-,robot1,MIN_DISTANCE,OK,2.000,4.812,,0,nearest_robot=robot4
284.000,original,-,robot2,MIN_DISTANCE,OK,10.285,4.812,,0,nearest_robot=robot5
284.000,original,-,robot3,MIN_DISTANCE,OK,2.152,4.812,,0,nearest_robot=robot6
284.000,original,-,robot4,MIN_DISTANCE,OK,2.000,4.812,,0,nearest_robot=robot1
284.000,original,-,robot5,MIN_DISTANCE,OK,10.285,4.812,,0,nearest_robot=robot2
284.000,original,-,robot6,MIN_DISTANCE,OK,2.152,4.812,,0,nearest_robot=robot3
284.000,original,-,fleet,MIN_DISTANCE_AVG,OK,4.812,,,0,robots_sampled=6
285.000,original,-,robot1,MIN_DISTANCE,OK,1.975,4.794,,0,nearest_robot=robot4
285.000,original,-,robot2,MIN_DISTANCE,OK,10.292,4.794,,0,nearest_robot=robot5
285.000,original,-,robot3,MIN_DISTANCE,OK,2.114,4.794,,0,nearest_robot=robot6
285.000,original,-,robot4,MIN_DISTANCE,OK,1.975,4.794,,0,nearest_robot=robot1
285.000,original,-,robot5,MIN_DISTANCE,OK,10.292,4.794,,0,nearest_robot=robot2
285.000,original,-,robot6,MIN_DISTANCE,OK,2.114,4.794,,0,nearest_robot=robot3
285.000,original,-,fleet,MIN_DISTANCE_AVG,OK,4.794,,,0,robots_sampled=6
286.000,original,-,robot1,MIN_DISTANCE,OK,2.148,4.851,,0,nearest_robot=robot4
286.000,original,-,robot2,MIN_DISTANCE,OK,10.295,4.851,,0,nearest_robot=robot5
286.000,original,-,robot3,MIN_DISTANCE,OK,2.110,4.851,,0,nearest_robot=robot6
286.000,original,-,robot4,MIN_DISTANCE,OK,2.148,4.851,,0,nearest_robot=robot1
286.000,original,-,robot5,MIN_DISTANCE,OK,10.295,4.851,,0,nearest_robot=robot2
286.000,original,-,robot6,MIN_DISTANCE,OK,2.110,4.851,,0,nearest_robot=robot3
286.000,original,-,fleet,MIN_DISTANCE_AVG,OK,4.851,,,0,robots_sampled=6
287.000,original,-,robot1,MIN_DISTANCE,OK,2.365,4.921,,0,nearest_robot=robot4
287.000,original,-,robot2,MIN_DISTANCE,OK,10.297,4.921,,0,nearest_robot=robot5
287.000,original,-,robot3,MIN_DISTANCE,OK,2.100,4.921,,0,nearest_robot=robot6
287.000,original,-,robot4,MIN_DISTANCE,OK,2.365,4.921,,0,nearest_robot=robot1
287.000,original,-,robot5,MIN_DISTANCE,OK,10.297,4.921,,0,nearest_robot=robot2
287.000,original,-,robot6,MIN_DISTANCE,OK,2.100,4.921,,0,nearest_robot=robot3
287.000,original,-,fleet,MIN_DISTANCE_AVG,OK,4.921,,,0,robots_sampled=6
288.000,original,-,robot1,MIN_DISTANCE,OK,2.266,4.887,,0,nearest_robot=robot4
288.000,original,-,robot2,MIN_DISTANCE,OK,10.294,4.887,,0,nearest_robot=robot5
288.000,original,-,robot3,MIN_DISTANCE,OK,2.101,4.887,,0,nearest_robot=robot6
288.000,original,-,robot4,MIN_DISTANCE,OK,2.266,4.887,,0,nearest_robot=robot1
288.000,original,-,robot5,MIN_DISTANCE,OK,10.294,4.887,,0,nearest_robot=robot2
288.000,original,-,robot6,MIN_DISTANCE,OK,2.101,4.887,,0,nearest_robot=robot3
288.000,original,-,fleet,MIN_DISTANCE_AVG,OK,4.887,,,0,robots_sampled=6
289.000,original,-,robot1,MIN_DISTANCE,OK,1.934,4.779,,0,nearest_robot=robot4
289.000,original,-,robot2,MIN_DISTANCE,OK,10.302,4.779,,0,nearest_robot=robot5
289.000,original,-,robot3,MIN_DISTANCE,OK,2.101,4.779,,0,nearest_robot=robot6
289.000,original,-,robot4,MIN_DISTANCE,OK,1.934,4.779,,0,nearest_robot=robot1
289.000,original,-,robot5,MIN_DISTANCE,OK,10.302,4.779,,0,nearest_robot=robot2
289.000,original,-,robot6,MIN_DISTANCE,OK,2.101,4.779,,0,nearest_robot=robot3
289.000,original,-,fleet,MIN_DISTANCE_AVG,OK,4.779,,,0,robots_sampled=6
290.000,original,-,robot1,MIN_DISTANCE,OK,1.643,4.676,,0,nearest_robot=robot4
290.000,original,-,robot2,MIN_DISTANCE,OK,10.303,4.676,,0,nearest_robot=robot5
290.000,original,-,robot3,MIN_DISTANCE,OK,2.082,4.676,,0,nearest_robot=robot6
290.000,original,-,robot4,MIN_DISTANCE,OK,1.643,4.676,,0,nearest_robot=robot1
290.000,original,-,robot5,MIN_DISTANCE,OK,10.303,4.676,,0,nearest_robot=robot2
290.000,original,-,robot6,MIN_DISTANCE,OK,2.082,4.676,,0,nearest_robot=robot3
290.000,original,-,fleet,MIN_DISTANCE_AVG,OK,4.676,,,0,robots_sampled=6
291.000,original,-,robot1,MIN_DISTANCE,OK,1.421,4.602,,0,nearest_robot=robot4
291.000,original,-,robot2,MIN_DISTANCE,OK,10.303,4.602,,0,nearest_robot=robot5
291.000,original,-,robot3,MIN_DISTANCE,OK,2.083,4.602,,0,nearest_robot=robot6
291.000,original,-,robot4,MIN_DISTANCE,OK,1.421,4.602,,0,nearest_robot=robot1
291.000,original,-,robot5,MIN_DISTANCE,OK,10.303,4.602,,0,nearest_robot=robot2
291.000,original,-,robot6,MIN_DISTANCE,OK,2.083,4.602,,0,nearest_robot=robot3
291.000,original,-,fleet,MIN_DISTANCE_AVG,OK,4.602,,,0,robots_sampled=6
292.000,original,-,robot1,MIN_DISTANCE,OK,1.311,4.566,,0,nearest_robot=robot4
292.000,original,-,robot2,MIN_DISTANCE,OK,10.303,4.566,,0,nearest_robot=robot5
292.000,original,-,robot3,MIN_DISTANCE,OK,2.084,4.566,,0,nearest_robot=robot6
292.000,original,-,robot4,MIN_DISTANCE,OK,1.311,4.566,,0,nearest_robot=robot1
292.000,original,-,robot5,MIN_DISTANCE,OK,10.303,4.566,,0,nearest_robot=robot2
292.000,original,-,robot6,MIN_DISTANCE,OK,2.084,4.566,,0,nearest_robot=robot3
292.000,original,-,fleet,MIN_DISTANCE_AVG,OK,4.566,,,0,robots_sampled=6
293.000,original,-,robot1,MIN_DISTANCE,OK,1.509,4.632,,0,nearest_robot=robot4
293.000,original,-,robot2,MIN_DISTANCE,OK,10.303,4.632,,0,nearest_robot=robot5
293.000,original,-,robot3,MIN_DISTANCE,OK,2.084,4.632,,0,nearest_robot=robot6
293.000,original,-,robot4,MIN_DISTANCE,OK,1.509,4.632,,0,nearest_robot=robot1
293.000,original,-,robot5,MIN_DISTANCE,OK,10.303,4.632,,0,nearest_robot=robot2
293.000,original,-,robot6,MIN_DISTANCE,OK,2.084,4.632,,0,nearest_robot=robot3
293.000,original,-,fleet,MIN_DISTANCE_AVG,OK,4.632,,,0,robots_sampled=6
294.000,original,-,robot1,MIN_DISTANCE,OK,1.973,4.787,,0,nearest_robot=robot4
294.000,original,-,robot2,MIN_DISTANCE,OK,10.303,4.787,,0,nearest_robot=robot5
294.000,original,-,robot3,MIN_DISTANCE,OK,2.084,4.787,,0,nearest_robot=robot6
294.000,original,-,robot4,MIN_DISTANCE,OK,1.973,4.787,,0,nearest_robot=robot1
294.000,original,-,robot5,MIN_DISTANCE,OK,10.303,4.787,,0,nearest_robot=robot2
294.000,original,-,robot6,MIN_DISTANCE,OK,2.084,4.787,,0,nearest_robot=robot3
294.000,original,-,fleet,MIN_DISTANCE_AVG,OK,4.787,,,0,robots_sampled=6
295.000,original,-,robot1,MIN_DISTANCE,OK,2.448,4.945,,0,nearest_robot=robot4
295.000,original,-,robot2,MIN_DISTANCE,OK,10.303,4.945,,0,nearest_robot=robot5
295.000,original,-,robot3,MIN_DISTANCE,OK,2.084,4.945,,0,nearest_robot=robot6
295.000,original,-,robot4,MIN_DISTANCE,OK,2.448,4.945,,0,nearest_robot=robot1
295.000,original,-,robot5,MIN_DISTANCE,OK,10.303,4.945,,0,nearest_robot=robot2
295.000,original,-,robot6,MIN_DISTANCE,OK,2.084,4.945,,0,nearest_robot=robot3
295.000,original,-,fleet,MIN_DISTANCE_AVG,OK,4.945,,,0,robots_sampled=6
296.000,original,-,robot1,MIN_DISTANCE,OK,2.820,5.069,,0,nearest_robot=robot4
296.000,original,-,robot2,MIN_DISTANCE,OK,10.303,5.069,,0,nearest_robot=robot5
296.000,original,-,robot3,MIN_DISTANCE,OK,2.084,5.069,,0,nearest_robot=robot6
296.000,original,-,robot4,MIN_DISTANCE,OK,2.820,5.069,,0,nearest_robot=robot1
296.000,original,-,robot5,MIN_DISTANCE,OK,10.303,5.069,,0,nearest_robot=robot2
296.000,original,-,robot6,MIN_DISTANCE,OK,2.084,5.069,,0,nearest_robot=robot3
296.000,original,-,fleet,MIN_DISTANCE_AVG,OK,5.069,,,0,robots_sampled=6
297.000,original,-,robot1,MIN_DISTANCE,OK,3.195,5.194,,0,nearest_robot=robot4
297.000,original,-,robot2,MIN_DISTANCE,OK,10.303,5.194,,0,nearest_robot=robot5
297.000,original,-,robot3,MIN_DISTANCE,OK,2.084,5.194,,0,nearest_robot=robot6
297.000,original,-,robot4,MIN_DISTANCE,OK,3.195,5.194,,0,nearest_robot=robot1
297.000,original,-,robot5,MIN_DISTANCE,OK,10.303,5.194,,0,nearest_robot=robot2
297.000,original,-,robot6,MIN_DISTANCE,OK,2.084,5.194,,0,nearest_robot=robot3
297.000,original,-,fleet,MIN_DISTANCE_AVG,OK,5.194,,,0,robots_sampled=6
298.000,original,-,robot1,MIN_DISTANCE,OK,3.541,5.310,,0,nearest_robot=robot4
298.000,original,-,robot2,MIN_DISTANCE,OK,10.303,5.310,,0,nearest_robot=robot5
298.000,original,-,robot3,MIN_DISTANCE,OK,2.084,5.310,,0,nearest_robot=robot6
298.000,original,-,robot4,MIN_DISTANCE,OK,3.541,5.310,,0,nearest_robot=robot1
298.000,original,-,robot5,MIN_DISTANCE,OK,10.303,5.310,,0,nearest_robot=robot2
298.000,original,-,robot6,MIN_DISTANCE,OK,2.084,5.310,,0,nearest_robot=robot3
298.000,original,-,fleet,MIN_DISTANCE_AVG,OK,5.310,,,0,robots_sampled=6
299.000,original,-,robot1,MIN_DISTANCE,OK,3.795,5.394,,0,nearest_robot=robot4
299.000,original,-,robot2,MIN_DISTANCE,OK,10.304,5.394,,0,nearest_robot=robot5
299.000,original,-,robot3,MIN_DISTANCE,OK,2.084,5.394,,0,nearest_robot=robot6
299.000,original,-,robot4,MIN_DISTANCE,OK,3.795,5.394,,0,nearest_robot=robot1
299.000,original,-,robot5,MIN_DISTANCE,OK,10.304,5.394,,0,nearest_robot=robot2
299.000,original,-,robot6,MIN_DISTANCE,OK,2.084,5.394,,0,nearest_robot=robot3
299.000,original,-,fleet,MIN_DISTANCE_AVG,OK,5.394,,,0,robots_sampled=6
300.000,original,-,robot1,MIN_DISTANCE,OK,4.109,5.499,,0,nearest_robot=robot4
300.000,original,-,robot2,MIN_DISTANCE,OK,10.304,5.499,,0,nearest_robot=robot5
300.000,original,-,robot3,MIN_DISTANCE,OK,2.084,5.499,,0,nearest_robot=robot6
300.000,original,-,robot4,MIN_DISTANCE,OK,4.109,5.499,,0,nearest_robot=robot1
300.000,original,-,robot5,MIN_DISTANCE,OK,10.304,5.499,,0,nearest_robot=robot2
300.000,original,-,robot6,MIN_DISTANCE,OK,2.084,5.499,,0,nearest_robot=robot3
300.000,original,-,fleet,MIN_DISTANCE_AVG,OK,5.499,,,0,robots_sampled=6
301.000,original,-,robot1,MIN_DISTANCE,OK,4.402,5.597,,0,nearest_robot=robot4
301.000,original,-,robot2,MIN_DISTANCE,OK,10.304,5.597,,0,nearest_robot=robot5
301.000,original,-,robot3,MIN_DISTANCE,OK,2.084,5.597,,0,nearest_robot=robot6
301.000,original,-,robot4,MIN_DISTANCE,OK,4.402,5.597,,0,nearest_robot=robot1
301.000,original,-,robot5,MIN_DISTANCE,OK,10.304,5.597,,0,nearest_robot=robot2
301.000,original,-,robot6,MIN_DISTANCE,OK,2.084,5.597,,0,nearest_robot=robot3
301.000,original,-,fleet,MIN_DISTANCE_AVG,OK,5.597,,,0,robots_sampled=6
302.000,original,-,robot1,MIN_DISTANCE,OK,4.405,5.598,,0,nearest_robot=robot4
302.000,original,-,robot2,MIN_DISTANCE,OK,10.304,5.598,,0,nearest_robot=robot5
302.000,original,-,robot3,MIN_DISTANCE,OK,2.084,5.598,,0,nearest_robot=robot6
302.000,original,-,robot4,MIN_DISTANCE,OK,4.405,5.598,,0,nearest_robot=robot1
302.000,original,-,robot5,MIN_DISTANCE,OK,10.304,5.598,,0,nearest_robot=robot2
302.000,original,-,robot6,MIN_DISTANCE,OK,2.084,5.598,,0,nearest_robot=robot3
302.000,original,-,fleet,MIN_DISTANCE_AVG,OK,5.598,,,0,robots_sampled=6
303.000,original,-,robot1,MIN_DISTANCE,OK,4.245,5.544,,0,nearest_robot=robot4
303.000,original,-,robot2,MIN_DISTANCE,OK,10.304,5.544,,0,nearest_robot=robot5
303.000,original,-,robot3,MIN_DISTANCE,OK,2.084,5.544,,0,nearest_robot=robot6
303.000,original,-,robot4,MIN_DISTANCE,OK,4.245,5.544,,0,nearest_robot=robot1
303.000,original,-,robot5,MIN_DISTANCE,OK,10.304,5.544,,0,nearest_robot=robot2
303.000,original,-,robot6,MIN_DISTANCE,OK,2.084,5.544,,0,nearest_robot=robot3
303.000,original,-,fleet,MIN_DISTANCE_AVG,OK,5.544,,,0,robots_sampled=6
304.000,original,-,robot1,MIN_DISTANCE,OK,4.300,5.562,,0,nearest_robot=robot4
304.000,original,-,robot2,MIN_DISTANCE,OK,10.304,5.562,,0,nearest_robot=robot5
304.000,original,-,robot3,MIN_DISTANCE,OK,2.084,5.562,,0,nearest_robot=robot6
304.000,original,-,robot4,MIN_DISTANCE,OK,4.300,5.562,,0,nearest_robot=robot1
304.000,original,-,robot5,MIN_DISTANCE,OK,10.304,5.562,,0,nearest_robot=robot2
304.000,original,-,robot6,MIN_DISTANCE,OK,2.084,5.562,,0,nearest_robot=robot3
304.000,original,-,fleet,MIN_DISTANCE_AVG,OK,5.562,,,0,robots_sampled=6
305.000,original,-,robot1,MIN_DISTANCE,OK,4.300,5.562,,0,nearest_robot=robot4
305.000,original,-,robot2,MIN_DISTANCE,OK,10.304,5.562,,0,nearest_robot=robot5
305.000,original,-,robot3,MIN_DISTANCE,OK,2.084,5.562,,0,nearest_robot=robot6
305.000,original,-,robot4,MIN_DISTANCE,OK,4.300,5.562,,0,nearest_robot=robot1
305.000,original,-,robot5,MIN_DISTANCE,OK,10.304,5.562,,0,nearest_robot=robot2
305.000,original,-,robot6,MIN_DISTANCE,OK,2.084,5.562,,0,nearest_robot=robot3
305.000,original,-,fleet,MIN_DISTANCE_AVG,OK,5.562,,,0,robots_sampled=6
306.000,original,-,robot1,MIN_DISTANCE,OK,4.300,5.562,,0,nearest_robot=robot4
306.000,original,-,robot2,MIN_DISTANCE,OK,10.304,5.562,,0,nearest_robot=robot5
306.000,original,-,robot3,MIN_DISTANCE,OK,2.084,5.562,,0,nearest_robot=robot6
306.000,original,-,robot4,MIN_DISTANCE,OK,4.300,5.562,,0,nearest_robot=robot1
306.000,original,-,robot5,MIN_DISTANCE,OK,10.304,5.562,,0,nearest_robot=robot2
306.000,original,-,robot6,MIN_DISTANCE,OK,2.084,5.562,,0,nearest_robot=robot3
306.000,original,-,fleet,MIN_DISTANCE_AVG,OK,5.562,,,0,robots_sampled=6
307.000,original,-,robot1,MIN_DISTANCE,OK,4.300,5.562,,0,nearest_robot=robot4
307.000,original,-,robot2,MIN_DISTANCE,OK,10.304,5.562,,0,nearest_robot=robot5
307.000,original,-,robot3,MIN_DISTANCE,OK,2.083,5.562,,0,nearest_robot=robot6
307.000,original,-,robot4,MIN_DISTANCE,OK,4.300,5.562,,0,nearest_robot=robot1
307.000,original,-,robot5,MIN_DISTANCE,OK,10.304,5.562,,0,nearest_robot=robot2
307.000,original,-,robot6,MIN_DISTANCE,OK,2.083,5.562,,0,nearest_robot=robot3
307.000,original,-,fleet,MIN_DISTANCE_AVG,OK,5.562,,,0,robots_sampled=6
307.200,original,-,fleet,CHOMP_TIME_FULL,OK,,25.109,,0,iterations=100;iterations_executed=100;source=algorithm;round_trip=25.129207
308.000,original,-,fleet,REPLAN_FULL,OK,,,robot1|robot2|robot3|robot4|robot5|robot6,0,original_full_optimization
308.000,original,-,robot1,MIN_DISTANCE,OK,4.300,5.582,,0,nearest_robot=robot4
308.000,original,-,robot2,MIN_DISTANCE,OK,10.360,5.582,,0,nearest_robot=robot5
308.000,original,-,robot3,MIN_DISTANCE,OK,2.087,5.582,,0,nearest_robot=robot6
308.000,original,-,robot4,MIN_DISTANCE,OK,4.300,5.582,,0,nearest_robot=robot1
308.000,original,-,robot5,MIN_DISTANCE,OK,10.360,5.582,,0,nearest_robot=robot2
308.000,original,-,robot6,MIN_DISTANCE,OK,2.087,5.582,,0,nearest_robot=robot3
308.000,original,-,fleet,MIN_DISTANCE_AVG,OK,5.582,,,0,robots_sampled=6
309.000,original,-,robot1,MIN_DISTANCE,OK,4.300,5.615,,0,nearest_robot=robot4
309.000,original,-,robot2,MIN_DISTANCE,OK,10.501,5.615,,0,nearest_robot=robot5
309.000,original,-,robot3,MIN_DISTANCE,OK,2.045,5.615,,0,nearest_robot=robot6
309.000,original,-,robot4,MIN_DISTANCE,OK,4.300,5.615,,0,nearest_robot=robot1
309.000,original,-,robot5,MIN_DISTANCE,OK,10.501,5.615,,0,nearest_robot=robot2
309.000,original,-,robot6,MIN_DISTANCE,OK,2.045,5.615,,0,nearest_robot=robot3
309.000,original,-,fleet,MIN_DISTANCE_AVG,OK,5.615,,,0,robots_sampled=6
310.000,original,-,robot1,MIN_DISTANCE,OK,4.300,5.636,,0,nearest_robot=robot4
310.000,original,-,robot2,MIN_DISTANCE,OK,10.728,5.636,,0,nearest_robot=robot5
310.000,original,-,robot3,MIN_DISTANCE,OK,1.879,5.636,,0,nearest_robot=robot6
310.000,original,-,robot4,MIN_DISTANCE,OK,4.300,5.636,,0,nearest_robot=robot1
310.000,original,-,robot5,MIN_DISTANCE,OK,10.728,5.636,,0,nearest_robot=robot2
310.000,original,-,robot6,MIN_DISTANCE,OK,1.879,5.636,,0,nearest_robot=robot3
310.000,original,-,fleet,MIN_DISTANCE_AVG,OK,5.636,,,0,robots_sampled=6
311.000,original,-,robot1,MIN_DISTANCE,OK,4.300,5.630,,0,nearest_robot=robot4
311.000,original,-,robot2,MIN_DISTANCE,OK,10.870,5.630,,0,nearest_robot=robot5
311.000,original,-,robot3,MIN_DISTANCE,OK,1.720,5.630,,0,nearest_robot=robot6
311.000,original,-,robot4,MIN_DISTANCE,OK,4.300,5.630,,0,nearest_robot=robot1
311.000,original,-,robot5,MIN_DISTANCE,OK,10.870,5.630,,0,nearest_robot=robot2
311.000,original,-,robot6,MIN_DISTANCE,OK,1.720,5.630,,0,nearest_robot=robot3
311.000,original,-,fleet,MIN_DISTANCE_AVG,OK,5.630,,,0,robots_sampled=6
312.000,original,-,robot1,MIN_DISTANCE,OK,4.300,5.631,,0,nearest_robot=robot4
312.000,original,-,robot2,MIN_DISTANCE,OK,10.942,5.631,,0,nearest_robot=robot5
312.000,original,-,robot3,MIN_DISTANCE,OK,1.650,5.631,,0,nearest_robot=robot6
312.000,original,-,robot4,MIN_DISTANCE,OK,4.300,5.631,,0,nearest_robot=robot1
312.000,original,-,robot5,MIN_DISTANCE,OK,10.942,5.631,,0,nearest_robot=robot2
312.000,original,-,robot6,MIN_DISTANCE,OK,1.650,5.631,,0,nearest_robot=robot3
312.000,original,-,fleet,MIN_DISTANCE_AVG,OK,5.631,,,0,robots_sampled=6
313.000,original,-,robot1,MIN_DISTANCE,OK,4.300,5.557,,0,nearest_robot=robot4
313.000,original,-,robot2,MIN_DISTANCE,OK,10.785,5.557,,0,nearest_robot=robot5
313.000,original,-,robot3,MIN_DISTANCE,OK,1.587,5.557,,0,nearest_robot=robot6
313.000,original,-,robot4,MIN_DISTANCE,OK,4.300,5.557,,0,nearest_robot=robot1
313.000,original,-,robot5,MIN_DISTANCE,OK,10.785,5.557,,0,nearest_robot=robot2
313.000,original,-,robot6,MIN_DISTANCE,OK,1.587,5.557,,0,nearest_robot=robot3
313.000,original,-,fleet,MIN_DISTANCE_AVG,OK,5.557,,,0,robots_sampled=6
314.000,original,-,robot1,MIN_DISTANCE,OK,4.300,5.471,,0,nearest_robot=robot4
314.000,original,-,robot2,MIN_DISTANCE,OK,10.621,5.471,,0,nearest_robot=robot5
314.000,original,-,robot3,MIN_DISTANCE,OK,1.491,5.471,,0,nearest_robot=robot6
314.000,original,-,robot4,MIN_DISTANCE,OK,4.300,5.471,,0,nearest_robot=robot1
314.000,original,-,robot5,MIN_DISTANCE,OK,10.621,5.471,,0,nearest_robot=robot2
314.000,original,-,robot6,MIN_DISTANCE,OK,1.491,5.471,,0,nearest_robot=robot3
314.000,original,-,fleet,MIN_DISTANCE_AVG,OK,5.471,,,0,robots_sampled=6
315.000,original,-,robot1,MIN_DISTANCE,OK,4.300,5.374,,0,nearest_robot=robot4
315.000,original,-,robot2,MIN_DISTANCE,OK,10.476,5.374,,0,nearest_robot=robot5
315.000,original,-,robot3,MIN_DISTANCE,OK,1.345,5.374,,0,nearest_robot=robot6
315.000,original,-,robot4,MIN_DISTANCE,OK,4.300,5.374,,0,nearest_robot=robot1
315.000,original,-,robot5,MIN_DISTANCE,OK,10.476,5.374,,0,nearest_robot=robot2
315.000,original,-,robot6,MIN_DISTANCE,OK,1.345,5.374,,0,nearest_robot=robot3
315.000,original,-,fleet,MIN_DISTANCE_AVG,OK,5.374,,,0,robots_sampled=6
316.000,original,-,robot1,MIN_DISTANCE,OK,4.300,5.274,,0,nearest_robot=robot4
316.000,original,-,robot2,MIN_DISTANCE,OK,10.330,5.274,,0,nearest_robot=robot5
316.000,original,-,robot3,MIN_DISTANCE,OK,1.193,5.274,,0,nearest_robot=robot6
316.000,original,-,robot4,MIN_DISTANCE,OK,4.300,5.274,,0,nearest_robot=robot1
316.000,original,-,robot5,MIN_DISTANCE,OK,10.330,5.274,,0,nearest_robot=robot2
316.000,original,-,robot6,MIN_DISTANCE,OK,1.193,5.274,,0,nearest_robot=robot3
316.000,original,-,fleet,MIN_DISTANCE_AVG,OK,5.274,,,0,robots_sampled=6
317.000,original,-,robot1,MIN_DISTANCE,OK,4.300,5.225,,0,nearest_robot=robot4
317.000,original,-,robot2,MIN_DISTANCE,OK,10.209,5.225,,0,nearest_robot=robot5
317.000,original,-,robot3,MIN_DISTANCE,OK,1.165,5.225,,0,nearest_robot=robot6
317.000,original,-,robot4,MIN_DISTANCE,OK,4.300,5.225,,0,nearest_robot=robot1
317.000,original,-,robot5,MIN_DISTANCE,OK,10.209,5.225,,0,nearest_robot=robot2
317.000,original,-,robot6,MIN_DISTANCE,OK,1.165,5.225,,0,nearest_robot=robot3
317.000,original,-,fleet,MIN_DISTANCE_AVG,OK,5.225,,,0,robots_sampled=6
318.000,original,-,robot1,MIN_DISTANCE,OK,4.300,5.200,,0,nearest_robot=robot4
318.000,original,-,robot2,MIN_DISTANCE,OK,10.132,5.200,,0,nearest_robot=robot5
318.000,original,-,robot3,MIN_DISTANCE,OK,1.168,5.200,,0,nearest_robot=robot6
318.000,original,-,robot4,MIN_DISTANCE,OK,4.300,5.200,,0,nearest_robot=robot1
318.000,original,-,robot5,MIN_DISTANCE,OK,10.132,5.200,,0,nearest_robot=robot2
318.000,original,-,robot6,MIN_DISTANCE,OK,1.168,5.200,,0,nearest_robot=robot3
318.000,original,-,fleet,MIN_DISTANCE_AVG,OK,5.200,,,0,robots_sampled=6
319.000,original,-,robot1,MIN_DISTANCE,OK,4.300,5.190,,0,nearest_robot=robot4
319.000,original,-,robot2,MIN_DISTANCE,OK,10.055,5.190,,0,nearest_robot=robot4
319.000,original,-,robot3,MIN_DISTANCE,OK,1.168,5.190,,0,nearest_robot=robot6
319.000,original,-,robot4,MIN_DISTANCE,OK,4.300,5.190,,0,nearest_robot=robot1
319.000,original,-,robot5,MIN_DISTANCE,OK,10.151,5.190,,0,nearest_robot=robot2
319.000,original,-,robot6,MIN_DISTANCE,OK,1.168,5.190,,0,nearest_robot=robot3
319.000,original,-,fleet,MIN_DISTANCE_AVG,OK,5.190,,,0,robots_sampled=6
