curve,elapsed_sec,mean,ci_lo,ci_hi,n_runs
original r2 (n=3),0.0,0.0,0.0,0.0,3
original r2 (n=3),1.0,0.0,0.0,0.0,3
original r2 (n=3),2.0,0.0,0.0,0.0,3
original r2 (n=3),3.0,0.0,0.0,0.0,3
original r2 (n=3),4.0,0.0,0.0,0.0,3
original r2 (n=3),5.0,0.0,0.0,0.0,3
original r2 (n=3),6.0,0.0,0.0,0.0,3
original r2 (n=3),7.0,0.0,0.0,0.0,3
original r2 (n=3),8.0,0.0,0.0,0.0,3
original r2 (n=3),9.0,0.0,0.0,0.0,3
original r2 (n=3),10.0,0.0,0.0,0.0,3
original r2 (n=3),11.0,0.0,0.0,0.0,3
original r2 (n=3),12.0,0.0,0.0,0.0,3
original r2 (n=3),13.0,0.3333333333333333,-1.1008842432320476,1.767550909898714,3
original r2 (n=3),14.0,0.3395061728395062,-1.1212709884770855,1.8002833341560978,3
original r2 (n=3),15.0,0.345679012345679,-1.141657733722123,1.833015758413481,3
original r2 (n=3),16.0,0.35185185185185186,-1.1620444789671613,1.865748182670865,3
original r2 (n=3),17.0,0.35802469135802467,-1.1824312242121986,1.898480606928248,3
original r2 (n=3),18.0,0.36419753086419754,-1.202817969457237,1.9312130311856321,3
original r2 (n=3),19.0,0.3703703703703704,-1.2232047147022749,1.9639454554430158,3
original r2 (n=3),20.0,0.37654320987654316,-1.2435914599473128,1.996677879700399,3
original r2 (n=3),21.0,0.38271604938271603,-1.263978205192351,2.029410303957783,3
original r2 (n=3),22.0,0.3888888888888889,-1.2843649504373889,2.0621427282151665,3
original r2 (n=3),23.0,0.3950617283950617,-1.3047516956824265,2.09487515247255,3
original r2 (n=3),24.0,0.4012345679012346,-1.3251384409274645,2.1276075767299334,3
original r2 (n=3),25.0,0.40740740740740744,-1.3455251861725026,2.1603400009873175,3
original r2 (n=3),26.0,0.41358024691358025,-1.36591193141754,2.1930724252447007,3
original r2 (n=3),27.0,0.4197530864197531,-1.386298676662578,2.2258048495020843,3
original r2 (n=3),28.0,0.4259259259259259,-1.406685421907616,2.2585372737594676,3
original r2 (n=3),29.0,0.43209876543209874,-1.427072167152654,2.2912696980168517,3
original r2 (n=3),30.0,0.4382716049382716,-1.4474589123976922,2.3240021222742353,3
original r2 (n=3),31.0,0.4444444444444444,-1.46784565764273,2.3567345465316185,3
original r2 (n=3),32.0,0.4506172839506173,-1.4882324028877674,2.3894669707890017,3
original r2 (n=3),33.0,0.4567901234567901,-1.5086191481328055,2.422199395046386,3
original r2 (n=3),34.0,0.7962962962962963,-0.9835922496036851,2.5761848421962776,3
original r2 (n=3),35.0,1.1491358024691358,0.591292457065013,1.7069791478732586,3
original r2 (n=3),36.0,1.2519753086419754,0.8222904754020918,1.681660141881859,3
original r2 (n=3),37.0,1.354814814814815,0.8449604340698815,1.8646691955597483,3
original r2 (n=3),38.0,1.4576543209876542,0.72474470926401,2.1905639327112985,3
original r2 (n=3),39.0,1.560493827160494,0.5524045036912411,2.568583150629747,3
original r2 (n=3),40.0,1.6633333333333333,0.3605615785841836,2.9661050880824833,3
original r2 (n=3),41.0,1.7661728395061729,0.15991414876070276,3.372431530251643,3
original r2 (n=3),42.0,1.8690123456790124,-0.045354989490028474,3.7833796808480535,3
original r2 (n=3),43.0,1.9718518518518515,-0.25332683357383057,4.197030537277533,3
original r2 (n=3),44.0,2.3246913580246917,-1.285923743565164,5.935306459614548,3
original r2 (n=3),45.0,2.349847248378322,-1.2416374873500708,5.941331984106714,3
original r2 (n=3),46.0,2.375003138731952,-1.197535318590544,5.947541596054448,3
original r2 (n=3),47.0,2.4001590290855828,-1.153620181566537,5.9539382397377025,3
original r2 (n=3),48.0,2.4253149194392134,-1.1098950536762513,5.9605248925546785,3
original r2 (n=3),49.0,2.4504708097928436,-1.0663629447232439,5.967304564308931,3
original r2 (n=3),50.0,2.4756267001464742,-1.0230268961287052,5.974280296421654,3
original r2 (n=3),51.0,2.500782590500105,-0.9798899800660505,5.98145516106626,3
original r2 (n=3),52.0,2.525938480853735,-0.9369552985150182,5.988832260222488,3
original r2 (n=3),53.0,2.5510943712073653,-0.8942259822324776,5.996414724647208,3
original r2 (n=3),54.0,2.5762502615609955,-0.8517051896372441,6.004205712759235,3
original r2 (n=3),55.0,2.6014061519146265,-0.8093961056062424,6.0122084094354955,3
original r2 (n=3),56.0,2.6265620422682567,-0.7673019401794807,6.020426024715994,3
original r2 (n=3),57.0,2.6517179326218874,-0.7254259271713872,6.028861792415162,3
original r2 (n=3),58.0,2.676873822975518,-0.6837713226861979,6.037518968637234,3
original r2 (n=3),59.0,2.702029713329148,-0.6423414035352377,6.046400830193534,3
original r2 (n=3),60.0,2.7212596777568527,-0.618468752046645,6.06098810756035,3
original r2 (n=3),61.0,2.7404896421845577,-0.5946032020777272,6.075582486446843,3
original r2 (n=3),62.0,2.7597196066122627,-0.5707447832817376,6.090183996506263,3
original r2 (n=3),63.0,2.7789495710399663,-0.5468935254312579,6.104792667511191,3
original r2 (n=3),64.0,2.7981795354676713,-0.5230494584183787,6.119408529353722,3
original r2 (n=3),65.0,2.817409499895375,-0.499212612254901,6.134031612045651,3
original r2 (n=3),66.0,2.83663946432308,-0.47538301707249886,6.148661945718659,3
original r2 (n=3),67.0,2.8558694287507844,-0.4515607031229121,6.1632995606244805,3
original r2 (n=3),68.0,2.9522598870056496,-0.17750306658828263,6.082022840599581,3
original r2 (n=3),69.0,3.0486503452605143,0.07035599163542594,6.026944698885602,3
original r2 (n=3),70.0,3.14504080351538,0.28784682853498733,6.002234778495772,3
original r2 (n=3),71.0,3.241431261770245,0.4709842568310538,6.011878266709436,3
original r2 (n=3),72.0,3.2596165918199813,0.4944641362690261,6.0247690473709365,3
original r2 (n=3),73.0,3.277801921869718,0.5179254758456069,6.037678367893829,3
original r2 (n=3),74.0,3.2959872519194557,0.5413681690308336,6.050606334808078,3
original r2 (n=3),75.0,3.314172581969192,0.5647921088578607,6.063553055080524,3
original r2 (n=3),76.0,3.3323579120189293,0.5881971879260623,6.076518636111796,3
original r2 (n=3),77.0,3.3505432420686656,0.6115832984042546,6.089503185733077,3
original r2 (n=3),78.0,3.368728572118403,0.634950332034053,6.102506812202753,3
original r2 (n=3),79.0,3.3869139021681396,0.6582981801333427,6.115529624202937,3
original r2 (n=3),80.0,3.4050992322178764,0.6816267335998822,6.128571730835871,3
original r2 (n=3),81.0,3.423284562267613,0.7049358829150427,6.141633241620184,3
original r2 (n=3),82.0,3.44146989231735,0.7282255181476631,6.154714266487037,3
original r2 (n=3),83.0,3.4596552223670867,0.7514955289580523,6.1678149157761215,3
original r2 (n=3),84.0,3.4778405524168234,0.7747458046021198,6.180935300231527,3
original r2 (n=3),85.0,3.49602588246656,0.7979762339356404,6.19407553099748,3
original r2 (n=3),86.0,3.5142112125162974,0.8211867054186599,6.207235719613935,3
original r2 (n=3),87.0,3.5323965425660346,0.8443771071200428,6.220415978012026,3
original r2 (n=3),88.0,3.5505818726157705,0.8675473267221525,6.2336164185093885,3
original r2 (n=3),89.0,3.5687672026655073,0.8906972515256912,6.246837153805323,3
original r2 (n=3),90.0,3.5869525327152445,0.9138267684546606,6.260078296975829,3
original r2 (n=3),91.0,3.6051378627649817,0.9369357640614915,6.273339961468472,3
original r2 (n=3),92.0,3.623323192814718,0.9600241245323078,6.286622261097128,3
original r2 (n=3),93.0,3.6415085228644553,0.9830917356923479,6.299925310036563,3
original r2 (n=3),94.0,3.6596938529141916,1.006138483011532,6.313249222816851,3
original r2 (n=3),95.0,3.677879182963929,1.0291642516101822,6.326594114317675,3
original r2 (n=3),96.0,3.6960645130136656,1.0521689262649025,6.339960099762429,3
original r2 (n=3),97.0,3.714249843063403,1.0751523914146093,6.353347294712196,3
original r2 (n=3),98.0,3.732435173113139,1.0981145311667206,6.366755815059557,3
original r2 (n=3),99.0,3.7506205031628763,1.1210552293035088,6.380185777022244,3
original r2 (n=3),100.0,3.7688058332126126,1.1439743692886033,6.393637297136622,3
original r2 (n=3),101.0,3.78699116326235,1.1668718342736706,6.407110492251029,3
original r2 (n=3),102.0,3.805176493312087,1.1897475071052392,6.420605479518935,3
original r2 (n=3),103.0,3.8233618233618234,1.2126012703317026,6.434122376391944,3
original r2 (n=3),104.0,3.919230769230769,0.9876873107786839,6.850774227682854,3
original r2 (n=3),105.0,4.041025641025641,0.858610444565036,7.223440837486246,3
original r2 (n=3),106.0,4.162820512820512,0.7224977594453006,7.603143266195724,3
original r2 (n=3),107.0,4.2846153846153845,0.5808187456276777,7.988412023603091,3
original r2 (n=3),108.0,4.330169121658483,0.6859779356529274,7.974360307664039,3
original r2 (n=3),109.0,4.3757228587015815,0.7882870011362728,7.96315871626689,3
original r2 (n=3),110.0,4.421276595744681,0.8876086092282756,7.954944582261087,3
original r2 (n=3),111.0,4.466830332787779,0.9838044040130169,7.949856261562542,3
original r2 (n=3),112.0,4.512384069830878,1.0767361575871766,7.948031982074579,3
original r2 (n=3),113.0,4.557937806873977,1.1662670816866818,7.949608532061273,3
original r2 (n=3),114.0,4.603491543917076,1.2522632893690009,7.954719798465151,3
original r2 (n=3),115.0,4.627616709531604,1.2792011211090704,7.976032297954138,3
original r2 (n=3),116.0,4.65174187514613,1.3059395181404865,7.997544232151774,3
original r2 (n=3),117.0,4.675867040760657,1.3324780128218148,8.0192560686995,3
original r2 (n=3),118.0,4.699992206375185,1.3588161719850507,8.04116824076532,3
original r2 (n=3),119.0,4.7241173719897125,1.3849535973197806,8.063281146659644,3
original r2 (n=3),120.0,4.7482425376042405,1.4108899257280654,8.085595149480415,3
original r2 (n=3),121.0,4.772367703218767,1.436624829649321,8.108110576788214,3
original r2 (n=3),122.0,4.796492868833294,1.4621580173545512,8.130827720312038,3
original r2 (n=3),123.0,4.820618034447822,1.4874892332092595,8.153746835686384,3
original r2 (n=3),124.0,4.844743200062349,1.5126182579045544,8.176868142220144,3
original r2 (n=3),125.0,4.868868365676877,1.5375449086559336,8.200191822697821,3
original r2 (n=3),126.0,4.8929935312914035,1.5622690393693106,8.223718023213497,3
original r2 (n=3),127.0,4.9171186969059315,1.586790540773983,8.24744685303788,3
original r2 (n=3),128.0,4.941243862520459,1.6111093405221988,8.27137838451872,3
original r2 (n=3),129.0,4.965369028134986,1.6352254032551583,8.295512653014814,3
original r2 (n=3),130.0,4.989494193749513,1.65913873063529,8.319849656863736,3
original r2 (n=3),131.0,5.01361935936404,1.6828493613447284,8.344389357383353,3
original r2 (n=3),132.0,5.037744524978567,1.7063573710500122,8.369131678907122,3
original r2 (n=3),133.0,5.061869690593095,1.7296628723330598,8.39407650885313,3
original r2 (n=3),134.0,5.0859948562076225,1.7527660145885915,8.419223697826654,3
original r2 (n=3),135.0,5.11012002182215,1.7756669838881836,8.444573059756117,3
original r2 (n=3),136.0,5.134245187436677,1.7983660028112838,8.47012437206207,3
original r2 (n=3),137.0,5.157686592367443,1.818011445996222,8.497361738738665,3
original r2 (n=3),138.0,5.181127997298209,1.8374235927421845,8.524832401854233,3
original r2 (n=3),139.0,5.204569402228977,1.8566032853618828,8.55253551909607,3
original r2 (n=3),140.0,5.228010807159744,1.8755514103559685,8.580470203963518,3
original r2 (n=3),141.0,5.25145221209051,1.894268897519975,8.608635526661045,3
original r2 (n=3),142.0,5.274893617021276,1.912756719015975,8.637030515026577,3
original r2 (n=3),143.0,5.30092301367047,1.9354542927515315,8.666391734589409,3
original r2 (n=3),144.0,5.326952410319663,1.9577080122050665,8.696196808434259,3
original r2 (n=3),145.0,5.352981806968856,1.9795193677000897,8.726444246237623,3
original r2 (n=3),146.0,5.379011203618049,2.0008900162898726,8.757132390946225,3
original r2 (n=3),147.0,5.405040600267242,2.0218217785559314,8.788259421978552,3
original r2 (n=3),148.0,5.4310699969164355,2.0423166351216353,8.819823358711236,3
original r2 (n=3),149.0,5.4570993935656285,2.0623767228961642,8.851822064235092,3
original r2 (n=3),150.0,5.483128790214821,2.082004331065073,8.88425324936457,3
original r2 (n=3),151.0,5.509158186864014,2.1012018968444566,8.917114476883572,3
original r2 (n=3),152.0,5.535187583513209,2.1199720010164254,8.950403166009993,3
original r2 (n=3),153.0,5.561216980162402,2.138317363264239,8.984116597060565,3
original r2 (n=3),154.0,5.587246376811595,2.156240837325816,9.018251916297373,3
original r2 (n=3),155.0,5.611930701316009,2.1774959730732903,9.046365429558728,3
original r2 (n=3),156.0,5.636615025820423,2.1982721993174654,9.074957852323381,3
original r2 (n=3),157.0,5.661299350324838,2.218571146995938,9.104027553653738,3
original r2 (n=3),158.0,5.685983674829252,2.238394637421326,9.133572712237179,3
original r2 (n=3),159.0,5.7106679993336655,2.257744678560154,9.163591320107177,3
original r2 (n=3),160.0,5.7353523238380815,2.276623460967358,9.194081186708805,3
original r2 (n=3),161.0,5.760036648342496,2.295033353395198,9.225039943289794,3
original r2 (n=3),162.0,5.78472097284691,2.3129768980966654,9.256465047597153,3
original r2 (n=3),163.0,5.809405297351325,2.3304568058443866,9.288353788858263,3
original r2 (n=3),164.0,5.834089621855739,2.347475950687026,9.32070329302445,3
original r2 (n=3),165.0,5.858773946360153,2.364037364465903,9.353510528254404,3
original r2 (n=3),166.0,5.877974526250388,2.376900290188848,9.379048762311928,3
original r2 (n=3),167.0,5.897175106140623,2.38968712394048,9.404663088340767,3
original r2 (n=3),168.0,5.916375686030858,2.4023982823722223,9.430353089689493,3
original r2 (n=3),169.0,5.935576265921093,2.415034183961401,9.456118347880786,3
original r2 (n=3),170.0,5.954776845811328,2.4275952489049235,9.481958442717733,3
original r2 (n=3),171.0,5.973977425701563,2.4400818990140682,9.507872952389059,3
original r2 (n=3),172.0,5.9931780055917985,2.4524945576104487,9.533861453573149,3
original r2 (n=3),173.0,6.0123785854820335,2.464833649423176,9.559923521540892,3
original r2 (n=3),174.0,6.031579165372269,2.4770996004872594,9.586058730257278,3
original r2 (n=3),175.0,6.050779745262504,2.4892928380432813,9.612266652481726,3
original r2 (n=3),176.0,6.069980325152739,2.501413790438373,9.638546859867105,3
original r2 (n=3),177.0,6.089180905042974,2.5134628870285245,9.664898923057423,3
original r2 (n=3),178.0,6.108381484933209,2.52544055808225,9.691322411784167,3
original r2 (n=3),179.0,6.127582064823444,2.5373472346856465,9.717816894961242,3
original r2 (n=3),180.0,6.146782644713679,2.5491833486488615,9.744381940778496,3
original r2 (n=3),181.0,6.165983224603914,2.560949332413978,9.77101711679385,3
original r2 (n=3),182.0,6.185183804494149,2.572645618964385,9.797721990023913,3
original r2 (n=3),183.0,6.204384384384386,2.584272641735578,9.824496127033193,3
original r2 (n=3),184.0,6.223584964274619,2.595830834527477,9.85133909402176,3
original r2 (n=3),185.0,6.242785544164854,2.6073206314182573,9.87825045691145,3
original r2 (n=3),186.0,6.261986124055089,2.618742466679654,9.905229781430524,3
original r2 (n=3),187.0,6.281186703945324,2.630096774693843,9.932276633196805,3
original r2 (n=3),188.0,6.300387283835559,2.641383989871835,9.959390577799283,3
original r2 (n=3),189.0,6.319587863725796,2.6526045465734382,9.986571180878155,3
original r2 (n=3),190.0,6.338788443616029,2.6637588790287485,10.01381800820331,3
original r2 (n=3),191.0,6.357989023506264,2.674847421261249,10.04113062575128,3
original r2 (n=3),192.0,6.377189603396499,2.6858706070124283,10.068508599780571,3
original r2 (n=3),193.0,6.396390183286736,2.696828869668,10.095951496905473,3
original r2 (n=3),194.0,6.4155907631769695,2.7077226421856904,10.12345888416825,3
original r2 (n=3),195.0,6.434791343067206,2.7185523570246053,10.151030329109808,3
original r2 (n=3),196.0,6.45399192295744,2.7293184460761397,10.178665399838739,3
original r2 (n=3),197.0,6.473192502847675,2.740021340596519,10.20636366509883,3
original r2 (n=3),198.0,6.4923930827379115,2.7506614711408424,10.23412469433498,3
original r2 (n=3),199.0,6.511593662628145,2.7612392674987327,10.261948057757557,3
original r2 (n=3),200.0,6.53079424251838,2.771755158631552,10.289833326405208,3
original r2 (n=3),201.0,6.549994822408615,2.782209572611132,10.317780072206098,3
original r2 (n=3),202.0,6.56919540229885,2.7926029365600873,10.345787868037613,3
original r2 (n=3),203.0,6.593275862068967,2.8025270372163753,10.384024686921558,3
original r2 (n=3),204.0,6.61735632183908,2.8121214340742497,10.42259120960391,3
original r2 (n=3),205.0,6.641436781609197,2.8213898779575235,10.46148368526087,3
original r2 (n=3),206.0,6.66551724137931,2.830336145494833,10.500698337263787,3
original r2 (n=3),207.0,6.6895977011494265,2.838964035445121,10.540231366853732,3
original r2 (n=3),208.0,6.71367816091954,2.847277365117853,10.580078956721227,3
original r2 (n=3),209.0,6.737758620689655,2.855279966892413,10.620237274486897,3
original r2 (n=3),210.0,6.76183908045977,2.8629756848402996,10.66070247607924,3
original r2 (n=3),211.0,6.785919540229885,2.8703683714534742,10.701470709006294,3
original r2 (n=3),212.0,6.805555555555556,2.85422033623528,10.756890774875833,3
original r2 (n=3),213.0,6.824820788530466,2.838370121851993,10.811271455208939,3
original r2 (n=3),214.0,6.844086021505376,2.822149226506877,10.866022816503875,3
original r2 (n=3),215.0,6.863351254480286,2.805567375224829,10.921135133735744,3
original r2 (n=3),216.0,6.882616487455198,2.788634049631453,10.976598925278942,3
original r2 (n=3),217.0,6.901881720430107,2.771358490335139,11.032404950525075,3
original r2 (n=3),218.0,6.921146953405018,2.7537496997009487,11.088544207109088,3
original r2 (n=3),219.0,6.940412186379928,2.7358164449694202,11.145007927790434,3
original r2 (n=3),220.0,6.959677419354839,2.717567261676745,11.201787577032933,3
original r2 (n=3),221.0,6.978942652329749,2.699010457335877,11.258874847323622,3
original r2 (n=3),222.0,6.99820788530466,2.680154115341205,11.316261655268114,3
original r2 (n=3),223.0,7.017473118279571,2.661006099062363,11.373940137496778,3
original r2 (n=3),224.0,7.03673835125448,2.641574056095534,11.431902646413427,3
original r2 (n=3),225.0,7.056003584229391,2.6218654226433165,11.490141745815464,3
original r2 (n=3),226.0,7.075268817204301,2.6018874279966955,11.548650206411907,3
original r2 (n=3),227.0,7.090746171391333,2.5851943489291047,11.596297993853561,3
original r2 (n=3),228.0,7.106223525578365,2.5684167168444167,11.644030334312312,3
original r2 (n=3),229.0,7.121700879765396,2.5515563220071424,11.69184543752365,3
original r2 (n=3),230.0,7.137178233952429,2.5346149088977574,11.7397415590071,3
original r2 (n=3),231.0,7.15265558813946,2.517594177501521,11.787716998777398,3
original r2 (n=3),232.0,7.168132942326491,2.500495784561619,11.835770100091363,3
original r2 (n=3),233.0,7.183610296513522,2.483321344797317,11.883899248229728,3
original r2 (n=3),234.0,7.199087650700554,2.4660724320878717,11.932102869313237,3
original r2 (n=3),235.0,7.214565004887586,2.4487505806229564,11.980379429152215,3
original r2 (n=3),236.0,7.230042359074616,2.431357286020324,12.028727432128909,3
original r2 (n=3),237.0,7.245519713261648,2.4138940064115113,12.077145420111783,3
original r2 (n=3),238.0,7.26099706744868,2.3963621634962973,12.125631971401063,3
original r2 (n=3),239.0,7.276474421635712,2.3787631435667134,12.17418569970471,3
original r2 (n=3),240.0,7.291951775822743,2.3610982985013553,12.22280525314413,3
original r2 (n=3),241.0,7.307429130009775,2.3433689467307355,12.271489313288814,3
original r2 (n=3),242.0,7.322906484196807,2.32557637417446,12.320236594219153,3
original r2 (n=3),243.0,7.338383838383838,2.3077218351509323,12.369045841616744,3
original r2 (n=3),244.0,7.353861192570871,2.2898065532603527,12.417915831881388,3
original r2 (n=3),245.0,7.369338546757902,2.271831722241706,12.466845371274097,3
original r2 (n=3),246.0,7.3848159009449335,2.253798506804496,12.515833295085372,3
original r2 (n=3),247.0,7.400293255131966,2.2357080434358725,12.564878466828059,3
original r2 (n=3),248.0,7.415770609318996,2.217561441183883,12.613979777454109,3
original r2 (n=3),249.0,7.431247963506029,2.199359782417515,12.663136144594542,3
original r2 (n=3),250.0,7.446725317693059,2.181104123564194,12.712346511821924,3
original r2 (n=3),251.0,7.462202671880092,2.162795495825372,12.76160984793481,3
original r2 (n=3),252.0,7.477680026067122,2.144434905870871,12.810925146263372,3
original r2 (n=3),253.0,7.4931573802541545,2.126023336512583,12.860291423995726,3
original r2 (n=3),254.0,7.508634734441185,2.107561747358149,12.90970772152422,3
original r2 (n=3),255.0,7.524112088628217,2.089051075445189,12.959173101811245,3
original r2 (n=3),256.0,7.539589442815249,2.0704922358566895,13.008686649773807,3
original r2 (n=3),257.0,7.55506679700228,2.051886122318101,13.05824747168646,3
original r2 (n=3),258.0,7.570544151189313,2.033233607776686,13.10785469460194,3
original r2 (n=3),259.0,7.586021505376344,2.014535544963664,13.157507465789024,3
original r2 (n=3),260.0,7.591397849462365,2.0094048471417025,13.173390851783028,3
original r2 (n=3),261.0,7.596774193548387,2.004198205884392,13.189350181212383,3
original r2 (n=3),262.0,7.602150537634408,1.9989160515011735,13.205385023767644,3
original r2 (n=3),263.0,7.607526881720429,1.993558814092376,13.221494949348482,3
original r2 (n=3),264.0,7.612903225806451,1.9881269234936232,13.23767952811928,3
original r2 (n=3),265.0,7.618279569892473,1.982620809221249,13.253938330563697,3
original r2 (n=3),266.0,7.623655913978495,1.9770409004187375,13.270270927538252,3
original r2 (n=3),267.0,7.629032258064516,1.9713876258041578,13.286676890324873,3
original r2 (n=3),268.0,7.634408602150537,1.9656614136186459,13.303155790682428,3
original r2 (n=3),269.0,7.63978494623656,1.9598626915758652,13.319707200897255,3
original r2 (n=3),270.0,7.645161290322581,1.9539918868125028,13.33633069383266,3
original r2 (n=3),271.0,7.650537634408603,1.948049425839776,13.35302584297743,3
original r2 (n=3),272.0,7.655913978494624,1.9420357344959305,13.369792222493317,3
original r2 (n=3),273.0,7.661290322580645,1.9359512378997668,13.386629407261523,3
original r2 (n=3),274.0,7.666666666666667,1.9297963604051445,13.40353697292819,3
original r2 (n=3),275.0,7.75,1.8257091376813452,13.674290862318655,3
original r2 (n=3),276.0,7.833333333333333,1.706353160445909,13.960313506220757,3
original r2 (n=3),277.0,7.916666666666667,1.573191880425691,14.260141452907643,3
original r2 (n=3),278.0,8.0,1.4275893923530196,14.57241060764698,3
original r2 (n=3),279.0,8.0,1.4275893923530196,14.57241060764698,3
original r2 (n=3),280.0,8.0,1.4275893923530196,14.57241060764698,3
original r2 (n=3),281.0,8.0,1.4275893923530196,14.57241060764698,3
original r2 (n=3),282.0,8.0,1.4275893923530196,14.57241060764698,3
original r2 (n=3),283.0,8.0,1.4275893923530196,14.57241060764698,3
original r2 (n=3),284.0,8.0,1.4275893923530196,14.57241060764698,3
original r2 (n=3),285.0,8.0,1.4275893923530196,14.57241060764698,3
original r2 (n=3),286.0,8.0,1.4275893923530196,14.57241060764698,3
original r2 (n=3),287.0,8.0,1.4275893923530196,14.57241060764698,3
original r2 (n=3),288.0,8.0,1.4275893923530196,14.57241060764698,3
original r2 (n=3),289.0,8.0,1.4275893923530196,14.57241060764698,3
original r2 (n=3),290.0,8.0,1.4275893923530196,14.57241060764698,3
original r2 (n=3),291.0,8.0,1.4275893923530196,14.57241060764698,3
original r2 (n=3),292.0,8.0,1.4275893923530196,14.57241060764698,3
original r2 (n=3),293.0,8.0,1.4275893923530196,14.57241060764698,3
original r2 (n=3),294.0,8.0,1.4275893923530196,14.57241060764698,3
original r2 (n=3),295.0,8.0,1.4275893923530196,14.57241060764698,3
original r2 (n=3),296.0,8.0,1.4275893923530196,14.57241060764698,3
original r2 (n=3),297.0,8.0,1.4275893923530196,14.57241060764698,3
original r2 (n=3),298.0,8.0,1.4275893923530196,14.57241060764698,3
original r2 (n=3),299.0,8.0,1.4275893923530196,14.57241060764698,3
original r2 (n=3),300.0,8.0,1.4275893923530196,14.57241060764698,3
ours r2 (n=3),0.0,0.0,0.0,0.0,3
ours r2 (n=3),1.0,0.0,0.0,0.0,3
ours r2 (n=3),2.0,0.0,0.0,0.0,3
ours r2 (n=3),3.0,0.0,0.0,0.0,3
ours r2 (n=3),4.0,0.0,0.0,0.0,3
ours r2 (n=3),5.0,0.0,0.0,0.0,3
ours r2 (n=3),6.0,0.0,0.0,0.0,3
ours r2 (n=3),7.0,0.0,0.0,0.0,3
ours r2 (n=3),8.0,0.0,0.0,0.0,3
ours r2 (n=3),9.0,0.0,0.0,0.0,3
ours r2 (n=3),10.0,0.0,0.0,0.0,3
ours r2 (n=3),11.0,0.0,0.0,0.0,3
ours r2 (n=3),12.0,0.0,0.0,0.0,3
ours r2 (n=3),13.0,0.0,0.0,0.0,3
ours r2 (n=3),14.0,0.3333333333333333,-1.1008842432320476,1.767550909898714,3
ours r2 (n=3),15.0,0.33962264150943394,-1.1216556440477465,1.8009009270666143,3
ours r2 (n=3),16.0,0.34591194968553457,-1.1424270448634457,1.8342509442345147,3
ours r2 (n=3),17.0,0.3522012578616352,-1.1631984456791444,1.8676009614024147,3
ours r2 (n=3),18.0,0.3584905660377358,-1.1839698464948434,1.900950978570315,3
ours r2 (n=3),19.0,0.36477987421383645,-1.2047412473105426,1.9343009957382153,3
ours r2 (n=3),20.0,0.3710691823899371,-1.2255126481262415,1.9676510129061155,3
ours r2 (n=3),21.0,0.3773584905660377,-1.2462840489419404,2.0010010300740158,3
ours r2 (n=3),22.0,0.38364779874213834,-1.2670554497576394,2.034351047241916,3
ours r2 (n=3),23.0,0.38993710691823896,-1.2878268505733386,2.0677010644098166,3
ours r2 (n=3),24.0,0.3962264150943396,-1.3085982513890375,2.1010510815777166,3
ours r2 (n=3),25.0,0.4025157232704402,-1.3293696522047365,2.134401098745617,3
ours r2 (n=3),26.0,0.40880503144654085,-1.3501410530204354,2.167751115913517,3
ours r2 (n=3),27.0,0.4150943396226415,-1.3709124538361348,2.201101133081418,3
ours r2 (n=3),28.0,0.4213836477987421,-1.3916838546518335,2.234451150249318,3
ours r2 (n=3),29.0,0.42767295597484273,-1.4124552554675325,2.267801167417218,3
ours r2 (n=3),30.0,0.43396226415094336,-1.4332266562832316,2.3011511845851182,3
ours r2 (n=3),31.0,0.440251572327044,-1.4539980570989306,2.3345012017530187,3
ours r2 (n=3),32.0,0.4465408805031446,-1.4747694579146298,2.367851218920919,3
ours r2 (n=3),33.0,0.7861635220125786,-0.9627623750588329,2.53508941908399,3
ours r2 (n=3),34.0,0.8757861635220126,-1.0149447216730099,2.766517048717035,3
ours r2 (n=3),35.0,0.9654088050314465,-1.1154963744125612,3.046313984475454,3
ours r2 (n=3),36.0,1.3883647798742136,0.4550399852325643,2.321689574515863,3
ours r2 (n=3),37.0,1.4908079342041605,0.29026597716732816,2.6913498912409928,3
ours r2 (n=3),38.0,1.5932510885341074,0.10522172676016672,3.081280450308048,3
ours r2 (n=3),39.0,1.6956942428640545,-0.09033104950430326,3.481719535232412,3
ours r2 (n=3),40.0,1.798137397194001,-0.2919022868886194,3.888177081276621,3
ours r2 (n=3),41.0,1.900580551523948,-0.4972038403018604,4.298364943349757,3
ours r2 (n=3),42.0,2.0308014836316723,-0.795633478784493,4.857236446047837,3
ours r2 (n=3),43.0,2.161022415739397,-1.0964541671843753,5.4184989986631695,3
ours r2 (n=3),44.0,2.2912433478471215,-1.3988280964840407,5.981314792178283,3
ours r2 (n=3),45.0,2.3198769783675446,-1.3680244985333774,6.0077784552684665,3
ours r2 (n=3),46.0,2.3485106088879673,-1.3373803173492536,6.034401535125188,3
ours r2 (n=3),47.0,2.3771442394083904,-1.3068958139349358,6.061184292751717,3
ours r2 (n=3),48.0,2.4057778699288135,-1.276571229068737,6.088126968926364,3
ours r2 (n=3),49.0,2.4344115004492366,-1.246406783148637,6.11522978404711,3
ours r2 (n=3),50.0,2.4630451309696593,-1.2164026760496034,6.142492937988922,3
ours r2 (n=3),51.0,2.4916787614900824,-1.1865590869938174,6.169916609973982,3
ours r2 (n=3),52.0,2.520312392010505,-1.1568761744340041,6.197500958455015,3
ours r2 (n=3),53.0,2.5489460225309286,-1.127354075950033,6.225246121011891,3
ours r2 (n=3),54.0,2.5775796530513513,-1.0979929081589672,6.25315221426167,3
ours r2 (n=3),55.0,2.606213283571774,-1.0687927666386705,6.281219333782218,3
ours r2 (n=3),56.0,2.634846914092197,-1.0397537258651188,6.3094475540495125,3
ours r2 (n=3),57.0,2.66348054461262,-1.0108758391634844,6.337836928388725,3
ours r2 (n=3),58.0,2.6921141751330437,-0.9821591386730821,6.36638748893917,3
ours r2 (n=3),59.0,2.7207478056534664,-0.9536036353262376,6.395099246633171,3
ours r2 (n=3),60.0,2.749381436173889,-0.9252093188410906,6.423972191188868,3
ours r2 (n=3),61.0,2.778015066694312,-0.896976157728357,6.453006291116981,3
ours r2 (n=3),62.0,2.806648697214735,-0.8689040993120472,6.482201493741517,3
ours r2 (n=3),63.0,2.832265736483272,-0.8500797397856674,6.514611212752212,3
ours r2 (n=3),64.0,2.85788277575181,-0.8313003135739767,6.547065865077597,3
ours r2 (n=3),65.0,2.8834998150203472,-0.8125655713010227,6.579565201341717,3
ours r2 (n=3),66.0,2.9091168542888854,-0.7938752638211537,6.612108972398925,3
ours r2 (n=3),67.0,2.934733893557423,-0.7752291422468116,6.644696929361658,3
ours r2 (n=3),68.0,3.0373949579831936,-0.509853751828838,6.584643667795225,3
ours r2 (n=3),69.0,3.1400560224089635,-0.2662716889214698,6.546383733739397,3
ours r2 (n=3),70.0,3.242717086834734,-0.04728457428601729,6.532718747955485,3
ours r2 (n=3),71.0,3.3453781512605043,0.14442504806418643,6.546331254456822,3
ours r2 (n=3),72.0,3.3832244008714594,0.1919177927202509,6.574531009022667,3
ours r2 (n=3),73.0,3.421070650482415,0.2389832639762739,6.603158036988556,3
ours r2 (n=3),74.0,3.4589169000933704,0.28561773782425215,6.632216062362488,3
ours r2 (n=3),75.0,3.4967631497043263,0.33181762396161885,6.661708675447034,3
ours r2 (n=3),76.0,3.5346093993152814,0.37757947257335056,6.691639326057212,3
ours r2 (n=3),77.0,3.5724556489262373,0.422899980973372,6.722011316879103,3
ours r2 (n=3),78.0,3.610301898537193,0.46777600007774334,6.752827796996643,3
ours r2 (n=3),79.0,3.6481481481481484,0.5122045406820948,6.784091755614202,3
ours r2 (n=3),80.0,3.6898039215686276,0.5448596106862591,6.8347482324509965,3
ours r2 (n=3),81.0,3.731459694989107,0.5772020299984839,6.885717359979729,3
ours r2 (n=3),82.0,3.773115468409586,0.609234559619027,6.9369963772001455,3
ours r2 (n=3),83.0,3.814771241830065,0.6409600183759654,6.988582465284165,3
ours r2 (n=3),84.0,3.8564270152505444,0.672381279320609,7.04047275118048,3
ours r2 (n=3),85.0,3.898082788671024,0.7035012661362567,7.092664311205791,3
ours r2 (n=3),86.0,3.9397385620915037,0.734322949568837,7.14515417461417,3
ours r2 (n=3),87.0,3.9813943355119825,0.7648493438875654,7.1979393271364,3
ours r2 (n=3),88.0,4.023050108932462,0.7950835033832737,7.25101671448165,3
ours r2 (n=3),89.0,4.064705882352942,0.8250285189116497,7.304383245794234,3
ours r2 (n=3),90.0,4.09577964519141,0.8422568117481295,7.349302478634691,3
ours r2 (n=3),91.0,4.126853408029879,0.8594160936125004,7.394290722447257,3
ours r2 (n=3),92.0,4.157927170868347,0.876507242403735,7.439347099332959,3
ours r2 (n=3),93.0,4.189000933706816,0.8935311253836145,7.484470742030018,3
ours r2 (n=3),94.0,4.220074696545285,0.910488599224021,7.529660793866549,3
ours r2 (n=3),95.0,4.251148459383753,0.9273805100584647,7.574916408709042,3
ours r2 (n=3),96.0,4.282222222222223,0.9442076935376535,7.620236750906792,3
ours r2 (n=3),97.0,4.313015873015872,0.9596977821416788,7.666333963890065,3
ours r2 (n=3),98.0,4.343809523809523,0.975130561205916,7.712488486413131,3
ours r2 (n=3),99.0,4.374603174603174,0.9905068111375628,7.758699538068786,3
ours r2 (n=3),100.0,4.405396825396825,1.0058273010329937,7.804966349760656,3
ours r2 (n=3),101.0,4.436190476190476,1.0210927888066186,7.851288163574334,3
ours r2 (n=3),102.0,4.466984126984126,1.0363040213206869,7.897664232647566,3
ours r2 (n=3),103.0,4.497777777777777,1.0514617345158808,7.944093821039674,3
ours r2 (n=3),104.0,4.5285714285714285,1.0665666535425364,7.9905762036003205,3
ours r2 (n=3),105.0,4.549863163656267,1.1095243157841175,7.990202011528417,3
ours r2 (n=3),106.0,4.5711548987411055,1.1524791012648352,7.989830696217376,3
ours r2 (n=3),107.0,4.592446633825944,1.1954309549486668,7.989462312703222,3
ours r2 (n=3),108.0,4.613738368910783,1.2383798203944338,7.989096917427133,3
ours r2 (n=3),109.0,4.635030103995621,1.281325639710933,7.98873456828031,3
ours r2 (n=3),110.0,4.6563218390804595,1.3242683535103357,7.988375324650583,3
ours r2 (n=3),111.0,4.677613574165298,1.3672079008597908,7.988019247470806,3
ours r2 (n=3),112.0,4.6989053092501365,1.4101442192311513,7.987666399269122,3
ours r2 (n=3),113.0,4.7201970443349754,1.4530772444487274,7.9873168442212235,3
ours r2 (n=3),114.0,4.7414887794198135,1.4960069106350025,7.9869706482046245,3
ours r2 (n=3),115.0,4.7627805145046525,1.5389331501541856,7.986627878855119,3
ours r2 (n=3),116.0,4.784072249589491,1.5818558935535245,7.986288605625458,3
ours r2 (n=3),117.0,4.8053639846743295,1.6247750695022702,7.985952899846389,3
ours r2 (n=3),118.0,4.8266557197591675,1.66769060472817,7.985620834790165,3
ours r2 (n=3),119.0,4.8479474548440065,1.7106024239513982,7.985292485736615,3
ours r2 (n=3),120.0,4.8692391899288445,1.7535104498157748,7.984967930041915,3
ours r2 (n=3),121.0,4.890530925013684,1.796414602817162,7.984647247210207,3
ours r2 (n=3),122.0,4.911822660098522,1.8393148012289,7.984330518968145,3
ours r2 (n=3),123.0,4.9331143951833605,1.882210961024135,7.984017829342585,3
ours r2 (n=3),124.0,4.954406130268199,1.9251029957948869,7.9837092647415115,3
ours r2 (n=3),125.0,4.9756978653530375,1.967990816667708,7.983404914038367,3
ours r2 (n=3),126.0,4.996989600437876,2.01087433221575,7.9831048686600035,3
ours r2 (n=3),127.0,5.0182813355227145,2.053753448367072,7.982809222678357,3
ours r2 (n=3),128.0,5.039573070607553,2.0966280683090046,7.982518072906102,3
ours r2 (n=3),129.0,5.060864805692392,2.1394980923883575,7.982231518996427,3
ours r2 (n=3),130.0,5.0821565407772304,2.1823634180072737,7.981949663547187,3
ours r2 (n=3),131.0,5.1034482758620685,2.225223939514505,7.981672612209632,3
ours r2 (n=3),132.0,5.19702328323018,2.5953862878323704,7.79866027862799,3
ours r2 (n=3),133.0,5.2905982905982905,2.9497581617868924,7.6314384194096885,3
ours r2 (n=3),134.0,5.384173297966401,3.282453124195156,7.485893471737647,3
ours r2 (n=3),135.0,5.477748305334512,3.5852365890240567,7.3702600216449685,3
ours r2 (n=3),136.0,5.494656646035956,3.613825746659387,7.3754875454125255,3
ours r2 (n=3),137.0,5.5115649867374,3.6424148321060428,7.380715141368757,3
ours r2 (n=3),138.0,5.528473327438845,3.6710038440021457,7.3859428108755445,3
ours r2 (n=3),139.0,5.54538166814029,3.699592780951347,7.391170555329232,3
ours r2 (n=3),140.0,5.562290008841733,3.72818164152174,7.396398376161725,3
ours r2 (n=3),141.0,5.579198349543177,3.756770424244719,7.401626274841636,3
ours r2 (n=3),142.0,5.596106690244621,3.785359127613787,7.406854252875456,3
ours r2 (n=3),143.0,5.613015030946065,3.813947750083344,7.412082311808787,3
ours r2 (n=3),144.0,5.62992337164751,3.842536290067392,7.417310453227628,3
ours r2 (n=3),145.0,5.646831712348955,3.87112474593822,7.42253867875969,3
ours r2 (n=3),146.0,5.663740053050397,3.899713116025013,7.427766990075781,3
ours r2 (n=3),147.0,5.6806483937518415,3.9283013986124296,7.432995388891253,3
ours r2 (n=3),148.0,5.697556734453286,3.9568895919390954,7.438223876967477,3
ours r2 (n=3),149.0,5.714465075154731,3.9854776941960584,7.443452456113404,3
ours r2 (n=3),150.0,5.731373415856173,4.014065703525165,7.448681128187181,3
ours r2 (n=3),151.0,5.74828175655762,4.04265361801739,7.4539098950978495,3
ours r2 (n=3),152.0,5.765190097259063,4.071241435711054,7.459138758807072,3
ours r2 (n=3),153.0,5.7820984379605065,4.099829154590039,7.464367721330974,3
ours r2 (n=3),154.0,5.799006778661951,4.128416772581851,7.469596784742052,3
ours r2 (n=3),155.0,5.815915119363396,4.157004287555656,7.474825951171136,3
ours r2 (n=3),156.0,5.83282346006484,4.185591697320201,7.4800552228094785,3
ours r2 (n=3),157.0,5.849731800766283,4.214178999621668,7.485284601910898,3
ours r2 (n=3),158.0,5.866640141467728,4.242766192141425,7.49051409079403,3
ours r2 (n=3),159.0,5.883548482169172,4.271353272493672,7.495743691844673,3
ours r2 (n=3),160.0,5.900456822870616,4.299940238222997,7.500973407518235,3
ours r2 (n=3),161.0,5.91736516357206,4.328527086801822,7.506203240342298,3
ours r2 (n=3),162.0,5.934273504273505,4.357113815627727,7.511433192919283,3
ours r2 (n=3),163.0,5.95118184497495,4.38570042202067,7.516663267929229,3
ours r2 (n=3),164.0,5.968090185676393,4.414286903220053,7.521893468132732,3
ours r2 (n=3),165.0,5.9849985263778365,4.442873256381701,7.527123796373972,3
ours r2 (n=3),166.0,6.001906867079281,4.471459478574655,7.532354255583908,3
ours r2 (n=3),167.0,6.018815207780725,4.500045566777839,7.537584848783611,3
ours r2 (n=3),168.0,6.03572354848217,4.528631517876589,7.542815579087751,3
ours r2 (n=3),169.0,6.052631889183613,4.557217328658973,7.548046449708252,3
ours r2 (n=3),170.0,6.069540229885058,4.585802995812,7.553277463958115,3
ours r2 (n=3),171.0,6.0864485705865015,4.614388515917585,7.558508625255418,3
ours r2 (n=3),172.0,6.103356911287946,4.642973885448368,7.563739937127524,3
ours r2 (n=3),173.0,6.12026525198939,4.6715591007633055,7.568971403215475,3
ours r2 (n=3),174.0,6.137173592690833,4.700144158103063,7.574203027278603,3
ours r2 (n=3),175.0,6.154081933392278,4.728729053585168,7.579434813199388,3
ours r2 (n=3),176.0,6.170990274093723,4.757313783198929,7.584666764988516,3
ours r2 (n=3),177.0,6.1878986147951665,4.785898342800102,7.589898886790231,3
ours r2 (n=3),178.0,6.204806955496611,4.81448272810529,7.595131182887933,3
ours r2 (n=3),179.0,6.221715296198055,4.84306693468605,7.60036365771006,3
ours r2 (n=3),180.0,6.2386236368995,4.871650957962711,7.605596315836289,3
ours r2 (n=3),181.0,6.255531977600943,4.900234793197859,7.610829162004027,3
ours r2 (n=3),182.0,6.272440318302387,4.928818435489498,7.616062201115275,3
ours r2 (n=3),183.0,6.289348659003831,4.957401879763834,7.621295438243829,3
ours r2 (n=3),184.0,6.304608648056925,4.98100488430395,7.6282124118098995,3
ours r2 (n=3),185.0,6.319868637110017,5.00457261066834,7.635164663551693,3
ours r2 (n=3),186.0,6.495128626163108,5.377625419014891,7.612631833311325,3
ours r2 (n=3),187.0,6.6703886152162015,5.349861473088678,7.990915757343725,3
ours r2 (n=3),188.0,6.685271245778728,5.363033799469676,8.00750869208778,3
ours r2 (n=3),189.0,6.700153876341254,5.376143735107867,8.024164017574641,3
ours r2 (n=3),190.0,6.715036506903782,5.389191530258173,8.040881483549391,3
ours r2 (n=3),191.0,6.729919137466307,5.402177442540479,8.057660832392136,3
ours r2 (n=3),192.0,6.744554579794993,5.415313112222403,8.073796047367583,3
ours r2 (n=3),193.0,6.75919002212368,5.428373700490473,8.090006343756887,3
ours r2 (n=3),194.0,6.773825464452366,5.44135947356294,8.106291455341792,3
ours r2 (n=3),195.0,6.7884609067810535,5.4542707089571705,8.122651104604937,3
ours r2 (n=3),196.0,6.803096349109739,5.467107695264762,8.139085002954717,3
ours r2 (n=3),197.0,6.817731791438426,5.47987073191973,8.155592850957122,3
ours r2 (n=3),198.0,6.832367233767112,5.492560128960137,8.172174338574086,3
ours r2 (n=3),199.0,6.847002676095798,5.505176206783614,8.188829145407983,3
ours r2 (n=3),200.0,6.861638118424485,5.517719295897192,8.205556940951778,3
ours r2 (n=3),201.0,6.87627356075317,5.530189736661862,8.222357384844479,3
ours r2 (n=3),202.0,6.890909003081858,5.5425878790323235,8.239230127131393,3
ours r2 (n=3),203.0,6.905544445410544,5.554914082292301,8.256174808528787,3
ours r2 (n=3),204.0,6.920179887739231,5.5671687147859465,8.273191060692515,3
ours r2 (n=3),205.0,6.9348153300679165,5.579352153645659,8.290278506490175,3
ours r2 (n=3),206.0,6.949450772396603,5.591464784516831,8.307436760276374,3
ours r2 (n=3),207.0,6.964086214725289,5.603507001279899,8.324665428170679,3
ours r2 (n=3),208.0,6.978721657053977,5.615479205770148,8.341964108337805,3
ours r2 (n=3),209.0,6.9933570993826635,5.627381807495657,8.359332391269671,3
ours r2 (n=3),210.0,7.0079925417113484,5.6392152233538155,8.376769860068881,3
ours r2 (n=3),211.0,7.022627984040035,5.650979877346822,8.394276090733248,3
ours r2 (n=3),212.0,7.037263426368722,5.662676200296509,8.411850652440934,3
ours r2 (n=3),213.0,7.051898868697408,5.6743046295589314,8.429493107835885,3
ours r2 (n=3),214.0,7.066534311026094,5.685865608739073,8.447203013313114,3
ours r2 (n=3),215.0,7.081169753354781,5.6973595874060265,8.464979919303536,3
ours r2 (n=3),216.0,7.095805195683467,5.7087870208089955,8.482823370557938,3
ours r2 (n=3),217.0,7.110440638012153,5.720148369594505,8.5007329064298,3
ours r2 (n=3),218.0,7.12507608034084,5.731444099525081,8.518708061156598,3
ours r2 (n=3),219.0,7.1397115226695265,5.742674681199762,8.53674836413929,3
ours r2 (n=3),220.0,7.154346964998212,5.753840589776749,8.554853340219676,3
ours r2 (n=3),221.0,7.168982407326898,5.76494230469845,8.573022509955345,3
ours r2 (n=3),222.0,7.183617849655586,5.77598030941924,8.59125538989193,3
ours r2 (n=3),223.0,7.1982532919842726,5.786955091136149,8.609551492832395,3
ours r2 (n=3),224.0,7.212888734312958,5.797867140522793,8.627910328103123,3
ours r2 (n=3),225.0,7.227524176641644,5.808716951466723,8.646331401816566,3
ours r2 (n=3),226.0,7.242159618970331,5.8195050208104515,8.66481421713021,3
ours r2 (n=3),227.0,7.256795061299017,5.8302318480963455,8.683358274501687,3
ours r2 (n=3),228.0,7.271430503627703,5.840897935315606,8.7019630719398,3
ours r2 (n=3),229.0,7.28606594595639,5.851503786661485,8.720628105251295,3
ours r2 (n=3),230.0,7.300701388285076,5.862049908286911,8.739352868283241,3
ours r2 (n=3),231.0,7.315336830613763,5.872536808066719,8.758136853160808,3
ours r2 (n=3),232.0,7.32997227294245,5.882964995364556,8.776979550520343,3
ours r2 (n=3),233.0,7.3446077152711355,5.893334980804657,8.795880449737613,3
ours r2 (n=3),234.0,7.359243157599821,5.903647276048551,8.814839039151092,3
ours r2 (n=3),235.0,7.373878599928509,5.913902393576836,8.833854806280183,3
ours r2 (n=3),236.0,7.388514042257195,5.924100846476094,8.852927238038296,3
ours r2 (n=3),237.0,7.403149484585882,5.934243148231041,8.872055820940723,3
ours r2 (n=3),238.0,7.4177849269145675,5.944329812521946,8.891240041307189,3
ours r2 (n=3),239.0,7.432420369243254,5.954361353027415,8.910479385459094,3
ours r2 (n=3),240.0,7.44705581157194,5.964338283232543,8.929773339911337,3
ours r2 (n=3),241.0,7.464925755248337,5.966257782911502,8.963593727585172,3
ours r2 (n=3),242.0,7.482795698924732,5.967982612097727,8.997608785751737,3
ours r2 (n=3),243.0,7.500665642601127,5.969518928864207,9.031812356338047,3
ours r2 (n=3),244.0,7.5185355862775225,5.970872701730881,9.066198470824164,3
ours r2 (n=3),245.0,7.536405529953917,5.972049712478256,9.100761347429579,3
ours r2 (n=3),246.0,7.554275473630312,5.973055559327588,9.135495387933036,3
ours r2 (n=3),247.0,7.572145417306707,5.973895660430163,9.170395174183252,3
ours r2 (n=3),248.0,7.590015360983102,5.974575257613372,9.205455464352832,3
ours r2 (n=3),249.0,7.607885304659498,5.975099420336226,9.24067118898277,3
ours r2 (n=3),250.0,7.625755248335895,5.97547304981156,9.27603744686023,3
ours r2 (n=3),251.0,7.64362519201229,5.975700883256603,9.311549500767978,3
ours r2 (n=3),252.0,7.661495135688685,5.97578749823763,9.34720277313974,3
ours r2 (n=3),253.0,7.67936507936508,5.975737317078274,9.382992841651886,3
ours r2 (n=3),254.0,7.69247311827957,5.953275168630249,9.43167106792889,3
ours r2 (n=3),255.0,7.705581157194061,5.930801856447073,9.480360457941048,3
ours r2 (n=3),256.0,7.718689196108552,5.908318038770632,9.529060353446472,3
ours r2 (n=3),257.0,7.731797235023041,5.885824323264146,9.577770146781937,3
ours r2 (n=3),258.0,7.744905273937532,5.863321271762848,9.626489276112217,3
ours r2 (n=3),259.0,7.758013312852023,5.840809404500775,9.67521722120327,3
ours r2 (n=3),260.0,7.771121351766513,5.818289203879653,9.723953499653373,3
ours r2 (n=3),261.0,7.784229390681003,5.7957611178365465,9.77269766352546,3
ours r2 (n=3),262.0,7.797337429595494,5.773225562859087,9.8214492963319,3
ours r2 (n=3),263.0,7.810445468509985,5.750682926690476,9.870208010329495,3
ours r2 (n=3),264.0,7.823553507424475,5.728133570760727,9.918973444088223,3
ours r2 (n=3),265.0,7.8366615463389655,5.705577832375915,9.967745260302017,3
ours r2 (n=3),266.0,7.8497695852534575,5.683016026692929,10.016523143813986,3
ours r2 (n=3),267.0,7.862877624167947,5.660448448503863,10.06530679983203,3
ours r2 (n=3),268.0,7.875985663082438,5.637875373851019,10.114095952313857,3
ours r2 (n=3),269.0,7.889093701996928,5.61529706149096,10.162890342502896,3
ours r2 (n=3),270.0,7.902201740911418,5.592713754223803,10.211689727599033,3
ours r2 (n=3),271.0,7.915309779825908,5.570125680101943,10.260493879549873,3
ours r2 (n=3),272.0,7.9284178187403995,5.5475330535307705,10.309302583950029,3
ours r2 (n=3),273.0,7.941525857654891,5.524936076272452,10.35811563903733,3
ours r2 (n=3),274.0,7.954633896569381,5.502334938362564,10.406932854776198,3
ours r2 (n=3),275.0,7.967741935483871,5.479729818948268,10.455754052019474,3
ours r2 (n=3),276.0,7.971326164874552,5.484126694616087,10.458525635133016,3
ours r2 (n=3),277.0,7.974910394265233,5.488428185401757,10.46139260312871,3
ours r2 (n=3),278.0,7.978494623655915,5.492634208739226,10.464355038572604,3
ours r2 (n=3),279.0,7.982078853046595,5.496744692974845,10.467413013118344,3
ours r2 (n=3),280.0,7.985663082437276,5.500759577408578,10.470566587465974,3
ours r2 (n=3),281.0,7.989247311827957,5.504678812328927,10.473815811326986,3
ours r2 (n=3),282.0,7.992831541218638,5.508502359041607,10.477160723395668,3
ours r2 (n=3),283.0,7.996415770609318,5.512230189891865,10.480601351326772,3
ours r2 (n=3),284.0,8.0,5.515862288280454,10.484137711719546,3
ours r2 (n=3),285.0,8.0,5.515862288280454,10.484137711719546,3
ours r2 (n=3),286.0,8.0,5.515862288280454,10.484137711719546,3
ours r2 (n=3),287.0,8.0,5.515862288280454,10.484137711719546,3
ours r2 (n=3),288.0,8.0,5.515862288280454,10.484137711719546,3
ours r2 (n=3),289.0,8.0,5.515862288280454,10.484137711719546,3
ours r2 (n=3),290.0,8.0,5.515862288280454,10.484137711719546,3
ours r2 (n=3),291.0,8.0,5.515862288280454,10.484137711719546,3
ours r2 (n=3),292.0,8.0,5.515862288280454,10.484137711719546,3
ours r2 (n=3),293.0,8.0,5.515862288280454,10.484137711719546,3
ours r2 (n=3),294.0,8.0,5.515862288280454,10.484137711719546,3
ours r2 (n=3),295.0,8.0,5.515862288280454,10.484137711719546,3
ours r2 (n=3),296.0,8.0,5.515862288280454,10.484137711719546,3
ours r2 (n=3),297.0,8.0,5.515862288280454,10.484137711719546,3
ours r2 (n=3),298.0,8.0,5.515862288280454,10.484137711719546,3
ours r2 (n=3),299.0,8.0,5.515862288280454,10.484137711719546,3
ours r2 (n=3),300.0,8.0,5.515862288280454,10.484137711719546,3
original r4 (n=3),0.0,0.0,0.0,0.0,3
original r4 (n=3),1.0,0.0,0.0,0.0,3
original r4 (n=3),2.0,0.0,0.0,0.0,3
original r4 (n=3),3.0,0.0,0.0,0.0,3
original r4 (n=3),4.0,0.0,0.0,0.0,3
original r4 (n=3),5.0,0.0,0.0,0.0,3
original r4 (n=3),6.0,0.0,0.0,0.0,3
original r4 (n=3),7.0,0.0,0.0,0.0,3
original r4 (n=3),8.0,0.0,0.0,0.0,3
original r4 (n=3),9.0,0.0,0.0,0.0,3
original r4 (n=3),10.0,0.0,0.0,0.0,3
original r4 (n=3),11.0,0.0,0.0,0.0,3
original r4 (n=3),12.0,0.0,0.0,0.0,3
original r4 (n=3),13.0,0.0,0.0,0.0,3
original r4 (n=3),14.0,0.0,0.0,0.0,3
original r4 (n=3),15.0,0.0,0.0,0.0,3
original r4 (n=3),16.0,0.0,0.0,0.0,3
original r4 (n=3),17.0,0.0,0.0,0.0,3
original r4 (n=3),18.0,0.0,0.0,0.0,3
original r4 (n=3),19.0,0.0,0.0,0.0,3
original r4 (n=3),20.0,0.3333333333333333,-1.1008842432320476,1.767550909898714,3
original r4 (n=3),21.0,0.3368055555555556,-1.1123517874323814,1.7859628985434925,3
original r4 (n=3),22.0,0.34027777777777773,-1.123819331632715,1.8043748871882703,3
original r4 (n=3),23.0,0.34375,-1.1352868758330488,1.8227868758330488,3
original r4 (n=3),24.0,0.34722222222222227,-1.1467544200333828,1.8411988644778274,3
original r4 (n=3),25.0,0.3506944444444444,-1.1582219642337166,1.8596108531226054,3
original r4 (n=3),26.0,0.3541666666666667,-1.1696895084340504,1.8780228417673839,3
original r4 (n=3),27.0,0.3576388888888889,-1.1811570526343844,1.896434830412162,3
original r4 (n=3),28.0,0.3611111111111111,-1.1926245968347178,1.91484681905694,3
original r4 (n=3),29.0,0.3645833333333333,-1.2040921410350518,1.9332588077017183,3
original r4 (n=3),30.0,0.3680555555555556,-1.2155596852353858,1.951670796346497,3
original r4 (n=3),31.0,0.37152777777777773,-1.2270272294357196,1.970082784991275,3
original r4 (n=3),32.0,0.375,-1.2384947736360534,1.9884947736360534,3
original r4 (n=3),33.0,0.37847222222222227,-1.2499623178363868,2.006906762280831,3
original r4 (n=3),34.0,0.3819444444444444,-1.2614298620367208,2.0253187509256096,3
original r4 (n=3),35.0,0.3854166666666667,-1.2728974062370544,2.0437307395703876,3
original r4 (n=3),36.0,0.3888888888888889,-1.2843649504373889,2.0621427282151665,3
original r4 (n=3),37.0,0.3923611111111111,-1.2958324946377224,2.0805547168599445,3
original r4 (n=3),38.0,0.3958333333333333,-1.3073000388380565,2.098966705504723,3
original r4 (n=3),39.0,0.3993055555555556,-1.31876758303839,2.117378694149501,3
original r4 (n=3),40.0,0.40277777777777773,-1.3302351272387238,2.1357906827942794,3
original r4 (n=3),41.0,0.7395833333333334,-0.8745338105374897,2.3537004772041565,3
original r4 (n=3),42.0,0.7534722222222223,-0.8860267572892322,2.392971201733677,3
original r4 (n=3),43.0,1.1006944444444444,0.7919794349862913,1.4094094539025974,3
original r4 (n=3),44.0,1.1979166666666667,0.973820170328326,1.4220131630050075,3
original r4 (n=3),45.0,1.2951388888888888,0.8234111804613982,1.7668665973163795,3
original r4 (n=3),46.0,1.392361111111111,0.6099109013557921,2.17481132086643,3
original r4 (n=3),47.0,1.4895833333333333,0.38535367460522574,2.593812992061441,3
original r4 (n=3),48.0,1.5868055555555554,0.15718621590454096,3.01642489520657,3
original r4 (n=3),49.0,1.6840277777777777,-0.0725863750783271,3.4406419306338822,3
original r4 (n=3),50.0,1.78125,-0.3032088305709708,3.865708830570971,3
original r4 (n=3),51.0,1.878472222222222,-0.5343347446313194,4.291279189075763,3
original r4 (n=3),52.0,1.9082341269841268,-0.5429888384295138,4.359457092397768,3
original r4 (n=3),53.0,1.9379960317460316,-0.5519118850661138,4.427903948558177,3
original r4 (n=3),54.0,1.967757936507936,-0.5610915416925042,4.496607414708376,3
original r4 (n=3),55.0,1.9975198412698412,-0.570516134674379,4.565555817214062,3
original r4 (n=3),56.0,2.027281746031746,-0.5801746208613254,4.6347381129248175,3
original r4 (n=3),57.0,2.0570436507936507,-0.5900565509208491,4.7041438525081505,3
original r4 (n=3),58.0,2.086805555555556,-0.6001520346830711,4.773763145794183,3
original r4 (n=3),59.0,2.1165674603174605,-0.6104517084313192,4.84358662906624,3
original r4 (n=3),60.0,2.146329365079365,-0.6209467040658678,4.913605434224598,3
original r4 (n=3),61.0,2.1760912698412698,-0.6316286200627785,4.9838111597453185,3
original r4 (n=3),62.0,2.2058531746031744,-0.6424894941464969,5.054195843352845,3
original r4 (n=3),63.0,2.235615079365079,-0.6535217775933262,5.124751936323484,3
original r4 (n=3),64.0,2.2653769841269837,-0.6647183110825909,5.195472279336558,3
original r4 (n=3),65.0,2.295138888888889,-0.6760723020131256,5.266350079790904,3
original r4 (n=3),66.0,2.324900793650794,-0.6875773032043102,5.337378890505898,3
original r4 (n=3),67.0,2.354662698412698,-0.6992271929030345,5.408552589728431,3
original r4 (n=3),68.0,2.3844246031746033,-0.7110161560206656,5.479865362369872,3
original r4 (n=3),69.0,2.414186507936508,-0.7229386665269919,5.551311682400008,3
original r4 (n=3),70.0,2.4439484126984126,-0.734989470931307,5.622886296328132,3
original r4 (n=3),71.0,2.4737103174603177,-0.7471635727840753,5.694584207704711,3
original r4 (n=3),72.0,2.503472222222222,-0.7594562181359472,5.766400662580391,3
original r4 (n=3),73.0,2.5506944444444444,-0.8284799323660135,5.929868821254902,3
original r4 (n=3),74.0,2.6019927536231884,-0.8873634583965027,6.091348965642879,3
original r4 (n=3),75.0,2.653291062801932,-0.9463924749041177,6.252974600507981,3
original r4 (n=3),76.0,2.7045893719806764,-1.0055540027027003,6.414732746664053,3
original r4 (n=3),77.0,2.7558876811594204,-1.064836548824398,6.576611911143239,3
original r4 (n=3),78.0,2.807185990338164,-1.1242299014579968,6.738601882134325,3
original r4 (n=3),79.0,2.8584842995169084,-1.1837249576533408,6.900693556687157,3
original r4 (n=3),80.0,2.909782608695652,-1.2433135778911417,7.062878795282446,3
original r4 (n=3),81.0,2.961080917874396,-1.3029884627917037,7.225150298540496,3
original r4 (n=3),82.0,3.01237922705314,-1.3627430481558678,7.387501502262148,3
original r4 (n=3),83.0,3.037010869565217,-1.3372676309084661,7.411289370038901,3
original r4 (n=3),84.0,3.0616425120772948,-1.3122003151938073,7.435485339348396,3
original r4 (n=3),85.0,3.086274154589372,-1.2875412229641574,7.460089532142901,3
original r4 (n=3),86.0,3.110905797101449,-1.2632903619047853,7.485101956107684,3
original r4 (n=3),87.0,3.1355374396135267,-1.2394476254231956,7.510522504650249,3
original r4 (n=3),88.0,3.160169082125604,-1.216012792798261,7.536350957049469,3
original r4 (n=3),89.0,3.184800724637681,-1.1929855294887397,7.562586978764102,3
original r4 (n=3),90.0,3.2094323671497587,-1.1703653876001847,7.589230121899702,3
original r4 (n=3),91.0,3.234064009661836,-1.1481518065087162,7.616279825832388,3
original r4 (n=3),92.0,3.258695652173913,-1.1263441136396595,7.643735417987486,3
original r4 (n=3),93.0,3.2833272946859897,-1.1049415253984924,7.671596114770471,3
original r4 (n=3),94.0,3.3079589371980678,-1.0839431482511603,7.699861022647296,3
original r4 (n=3),95.0,3.332590579710145,-1.0633479799502594,7.728529139370549,3
original r4 (n=3),96.0,3.3572222222222226,-1.0431549109032363,7.757599355347681,3
original r4 (n=3),97.0,3.4506944444444447,-0.9153597007978278,7.816748589686718,3
original r4 (n=3),98.0,3.544166666666667,-0.8134258860686976,7.901759219402031,3
original r4 (n=3),99.0,3.6376388888888886,-0.7375035182946625,8.01278129607244,3
original r4 (n=3),100.0,3.7311111111111113,-0.6872826560435015,8.149504878265724,3
original r4 (n=3),101.0,3.7495833333333337,-0.682466980804441,8.18163364747111,3
original r4 (n=3),102.0,3.7680555555555553,-0.6776855858026214,8.213796696913732,3
original r4 (n=3),103.0,3.786527777777778,-0.6729381553109115,8.245993710866468,3
original r4 (n=3),104.0,3.8049999999999997,-0.6682243766985776,8.278224376698578,3
original r4 (n=3),105.0,3.823472222222222,-0.6635439404074712,8.310488384851915,3
original r4 (n=3),106.0,3.841944444444445,-0.6588965399281155,8.342785428817006,3
original r4 (n=3),107.0,3.860416666666667,-0.6542818717756647,8.375115205109,3
original r4 (n=3),108.0,3.878888888888888,-0.6496996354657845,8.40747741324356,3
original r4 (n=3),109.0,3.8973611111111115,-0.6451495334904243,8.439871755712648,3
original r4 (n=3),110.0,3.9158333333333335,-0.6406312712935494,8.472297937960217,3
original r4 (n=3),111.0,3.9343055555555555,-0.6361445572467819,8.504755668357893,3
original r4 (n=3),112.0,3.9527777777777775,-0.6316891026250131,8.537244658180569,3
original r4 (n=3),113.0,3.97125,-0.6272646215819768,8.569764621581976,3
original r4 (n=3),114.0,3.9897222222222215,-0.6228708311257849,8.602315275570227,3
original r4 (n=3),115.0,4.008194444444444,-0.618507451094457,8.634896339983346,3
original r4 (n=3),116.0,4.026666666666666,-0.6141742041314453,8.667507537464779,3
original r4 (n=3),117.0,4.097222222222222,-0.3477115559842705,8.542156000428715,3
original r4 (n=3),118.0,4.167777777777778,-0.08228697411096597,8.417842529666522,3
original r4 (n=3),119.0,4.238333333333333,0.18194993233578138,8.294716734330885,3
original r4 (n=3),120.0,4.308888888888888,0.4448205672148222,8.172957210562954,3
original r4 (n=3),121.0,4.379444444444444,0.7061103334116847,8.052778555477204,3
original r4 (n=3),122.0,4.783333333333333,2.4919491238844986,7.074717542782167,3
original r4 (n=3),123.0,4.881666666666667,2.8230397974187333,6.9402935359146,3
original r4 (n=3),124.0,4.9799999999999995,3.1256947761593716,6.834305223840627,3
original r4 (n=3),125.0,5.078333333333333,3.389561168584417,6.767105498082249,3
original r4 (n=3),126.0,5.176666666666667,3.602355620337562,6.7509777129957715,3
original r4 (n=3),127.0,5.19783950617284,3.6281607446309665,6.767518267714713,3
original r4 (n=3),128.0,5.219012345679013,3.6539341015242295,6.784090589833796,3
original r4 (n=3),129.0,5.240185185185185,3.679675410058216,6.800694960312153,3
original r4 (n=3),130.0,5.261358024691359,3.7053843879428987,6.817331661439819,3
original r4 (n=3),131.0,5.282530864197532,3.7310607515963112,6.834000976798752,3
original r4 (n=3),132.0,5.303703703703704,3.7567042161851507,6.850703191222257,3
original r4 (n=3),133.0,5.373765432098765,3.6265156400899565,7.121015224107574,3
original r4 (n=3),134.0,5.443827160493828,3.494706472707975,7.392947848279681,3
original r4 (n=3),135.0,5.513888888888889,3.361732697061125,7.666045080716653,3
original r4 (n=3),136.0,5.583950617283951,3.2278953778894697,7.940005856678432,3
original r4 (n=3),137.0,5.6540123456790115,3.0934007963178827,8.214623895040141,3
original r4 (n=3),138.0,5.724074074074074,2.9583947866380145,8.489753361510132,3
original r4 (n=3),139.0,5.821913580246914,2.731954151501281,8.911873008992547,3
original r4 (n=3),140.0,5.919753086419753,2.504909282760034,9.334596890079473,3
original r4 (n=3),141.0,6.092592592592593,2.526801418885161,9.658383766300023,3
original r4 (n=3),142.0,6.265432098765433,2.5252427596396116,10.005621437891254,3
original r4 (n=3),143.0,6.368827160493827,2.7296370156950625,10.00801730529259,3
original r4 (n=3),144.0,6.472222222222222,2.908657302820402,10.035787141624043,3
original r4 (n=3),145.0,6.575617283950617,3.060665453998611,10.090569113902623,3
original r4 (n=3),146.0,6.679012345679013,3.184533957381921,10.173490733976104,3
original r4 (n=3),147.0,6.782407407407407,3.279769336899871,10.285045477914943,3
original r4 (n=3),148.0,6.885802469135803,3.3465696275495236,10.425035310722082,3
original r4 (n=3),149.0,6.989197530864197,3.385801054169209,10.592594007559185,3
original r4 (n=3),150.0,7.092592592592593,3.39890004490354,10.786285140281645,3
original r4 (n=3),151.0,7.195987654320987,3.3877249910123948,11.00425031762958,3
original r4 (n=3),152.0,7.299382716049382,3.354390219738688,11.244375212360076,3
original r4 (n=3),153.0,7.356481481481481,3.339366237990866,11.373596724972096,3
original r4 (n=3),154.0,7.41358024691358,3.322110913419589,11.50504958040757,3
original r4 (n=3),155.0,7.47067901234568,3.3027436627680293,11.63861436192333,3
original r4 (n=3),156.0,7.527777777777779,3.281378574511992,11.774176981043565,3
original r4 (n=3),157.0,7.5848765432098775,3.2581243371511874,11.911628749268568,3
original r4 (n=3),158.0,7.641975308641975,3.2330842399409905,12.05086637734296,3
original r4 (n=3),159.0,7.699074074074075,3.206356232654584,12.191791915493567,3
original r4 (n=3),160.0,7.756172839506173,3.178033032395997,12.33431264661635,3
original r4 (n=3),161.0,7.813271604938271,3.148202266955745,12.478340942920799,3
original r4 (n=3),162.0,7.916666666666668,3.0485947274005305,12.784738605932805,3
original r4 (n=3),163.0,8.020061728395062,2.937348054494392,13.10277540229573,3
original r4 (n=3),164.0,8.123456790123456,2.815874140447227,13.431039439799683,3
original r4 (n=3),165.0,8.226851851851853,2.6854178963912014,13.768285807312505,3
original r4 (n=3),166.0,8.25733024691358,2.693867607998887,13.820792885828276,3
original r4 (n=3),167.0,8.340586419753086,2.6849222110799325,13.996250628426239,3
original r4 (n=3),168.0,8.423842592592592,2.6664459924990425,14.181239192686142,3
original r4 (n=3),169.0,8.507098765432099,2.638934619542318,14.37526291132188,3
original r4 (n=3),170.0,8.590354938271604,2.602889519726017,14.577820356817192,3
original r4 (n=3),171.0,8.67361111111111,2.5588101579902682,14.788412064231952,3
original r4 (n=3),172.0,8.697145061728396,2.5710565521985442,14.823233571258246,3
original r4 (n=3),173.0,8.720679012345679,2.58327746179107,14.858080562900287,3
original r4 (n=3),174.0,8.744212962962964,2.595473027434962,14.892952898490964,3
original r4 (n=3),175.0,8.767746913580249,2.6076433890756467,14.92785043808485,3
original r4 (n=3),176.0,8.79128086419753,2.619788685937767,14.962773042457293,3
original r4 (n=3),177.0,8.814814814814815,2.631909056526146,14.997720573103484,3
original r4 (n=3),178.0,8.8383487654321,2.644004638626801,15.0326928922374,3
original r4 (n=3),179.0,8.861882716049381,2.656075569308056,15.067689862790706,3
original r4 (n=3),180.0,8.885416666666666,2.6681219849216813,15.10271134841165,3
original r4 (n=3),181.0,8.911786786786788,2.6951625458212183,15.128411027752357,3
original r4 (n=3),182.0,8.938156906906906,2.7221759274969655,15.154137886316846,3
original r4 (n=3),183.0,8.964527027027026,2.7491621215101514,15.179891932543901,3
original r4 (n=3),184.0,8.990897147147148,2.776121119775399,15.205673174518896,3
original r4 (n=3),185.0,9.017267267267266,2.8030529145612446,15.231481619973287,3
original r4 (n=3),186.0,9.043637387387387,2.8299574984906597,15.257317276284112,3
original r4 (n=3),187.0,9.070007507507508,2.8568348645415247,15.283180150473491,3
original r4 (n=3),188.0,9.096377627627627,2.88368500604708,15.309070249208172,3
original r4 (n=3),189.0,9.122747747747747,2.91050791669639,15.334987578799105,3
original r4 (n=3),190.0,9.149117867867869,2.937303590534734,15.360932145201003,3
original r4 (n=3),191.0,9.175487987987987,2.9640720219639993,15.386903954011974,3
original r4 (n=3),192.0,9.201858108108107,2.990813205743061,15.412903010473153,3
original r4 (n=3),193.0,9.228228228228229,3.0175271369881163,15.438929319468341,3
original r4 (n=3),194.0,9.254598348348347,3.0442138111730053,15.464982885523689,3
original r4 (n=3),195.0,9.280968468468467,3.07087322412952,15.491063712807414,3
original r4 (n=3),196.0,9.307338588588589,3.0975053720476655,15.517171805129513,3
original r4 (n=3),197.0,9.333708708708707,3.1241102514759094,15.543307165941506,3
original r4 (n=3),198.0,9.356754360743723,3.155634452351153,15.557874269136294,3
original r4 (n=3),199.0,9.379800012778738,3.1871583656894478,15.572441659868026,3
original r4 (n=3),200.0,9.40284566481375,3.218681990308184,15.587009339319316,3
original r4 (n=3),201.0,9.425891316848764,3.2502053250183076,15.601577308679222,3
original r4 (n=3),202.0,9.448936968883778,3.2817283686242567,15.616145569143299,3
original r4 (n=3),203.0,9.47198262091879,3.3132511199239296,15.630714121913652,3
original r4 (n=3),204.0,9.495028272953805,3.3447735777086427,15.645282968198966,3
original r4 (n=3),205.0,9.518073924988819,3.3762957407630765,15.659852109214562,3
original r4 (n=3),206.0,9.541119577023833,3.4078176078652396,15.674421546182426,3
original r4 (n=3),207.0,9.564165229058846,3.4393391777864135,15.688991280331278,3
original r4 (n=3),208.0,9.58721088109386,3.4708604492911217,15.703561312896598,3
original r4 (n=3),209.0,9.610256533128874,3.5023814211370636,15.718131645120685,3
original r4 (n=3),210.0,9.633302185163886,3.5339020920750785,15.732702278252695,3
original r4 (n=3),211.0,9.6563478371989,3.565422460849109,15.747273213548691,3
original r4 (n=3),212.0,9.679393489233915,3.596942526196127,15.761844452271703,3
original r4 (n=3),213.0,9.702439141268929,3.628462286846114,15.776415995691744,3
original r4 (n=3),214.0,9.725484793303943,3.6599817415219897,15.790987845085898,3
original r4 (n=3),215.0,9.748530445338956,3.6915008889395784,15.805560001738332,3
original r4 (n=3),216.0,9.77157609737397,3.7230197278075563,15.820132466940382,3
original r4 (n=3),217.0,9.794621749408984,3.7545382568273995,15.83470524199057,3
original r4 (n=3),218.0,9.818759402535997,3.7918251233696223,15.845693681702372,3
original r4 (n=3),219.0,9.842897055663014,3.8291114365060475,15.856682674819982,3
original r4 (n=3),220.0,9.87458301796877,3.8604382081240827,15.888727827813458,3
original r4 (n=3),221.0,9.90626898027453,3.89163709723492,15.920900863314142,3
original r4 (n=3),222.0,9.937954942580289,3.922708134903682,15.953201750256895,3
original r4 (n=3),223.0,9.969640904886049,3.9536513603353933,15.985630449436705,3
original r4 (n=3),224.0,10.001326867191807,3.9844668208624787,16.018186913521134,3
original r4 (n=3),225.0,10.033012829497565,4.0151545719297035,16.050871087065428,3
original r4 (n=3),226.0,10.064698791803325,4.0457146770765355,16.083682906530115,3
original r4 (n=3),227.0,10.096384754109083,4.0761472079169625,16.116622300301202,3
original r4 (n=3),228.0,10.128070716414841,4.106452244116766,16.149689188712916,3
original r4 (n=3),229.0,10.159756678720601,4.136629873368278,16.182883484072924,3
original r4 (n=3),230.0,10.19144264102636,4.166680191362628,16.21620509069009,3
original r4 (n=3),231.0,10.22312860333212,4.196603301759517,16.249653904904722,3
original r4 (n=3),232.0,10.254814565637878,4.2263993161545175,16.28322981512124,3
original r4 (n=3),233.0,10.286500527943636,4.256068354043947,16.316932701843324,3
original r4 (n=3),234.0,10.318186490249396,4.285610542787344,16.350762437711445,3
original r4 (n=3),235.0,10.349872452555154,4.315026017567514,16.384718887542792,3
original r4 (n=3),236.0,10.381558414860914,4.344314921348287,16.41880190837354,3
original r4 (n=3),237.0,10.413244377166672,4.373477404829888,16.453011349503456,3
original r4 (n=3),238.0,10.44493033947243,4.402513626402063,16.4873470525428,3
original r4 (n=3),239.0,10.47661630177819,4.431423752094914,16.521808851461465,3
original r4 (n=3),240.0,10.508302264083946,4.460207955527539,16.556396572640352,3
original r4 (n=3),241.0,10.539988226389708,4.488866417854463,16.591110034924952,3
original r4 (n=3),242.0,10.571674188695466,4.51739932770993,16.625949049681005,3
original r4 (n=3),243.0,10.595534064044703,4.555133668924485,16.635934459164922,3
original r4 (n=3),244.0,10.61939393939394,4.592867653410764,16.645920225377115,3
original r4 (n=3),245.0,10.65997113997114,4.611529899473383,16.708412380468896,3
original r4 (n=3),246.0,10.700548340548343,4.62951863786458,16.771578043232104,3
original r4 (n=3),247.0,10.741125541125541,4.646841357647587,16.835409724603494,3
original r4 (n=3),248.0,10.781702741702743,4.663505653171089,16.899899830234396,3
original r4 (n=3),249.0,10.822279942279943,4.679519213889858,16.965040670670028,3
original r4 (n=3),250.0,10.862857142857143,4.694889814361287,17.030824471353,3
original r4 (n=3),251.0,10.976666666666667,5.097266683786834,16.8560666495465,3
original r4 (n=3),252.0,11.09047619047619,5.4984537856879365,16.682498595264445,3
original r4 (n=3),253.0,11.204285714285716,5.898257801025972,16.510313627545457,3
original r4 (n=3),254.0,11.318095238095239,6.2964424145120885,16.33974806167839,3
original r4 (n=3),255.0,11.376349206349206,6.400295067357741,16.35240334534067,3
original r4 (n=3),256.0,11.434603174603174,6.503151531549091,16.366054817657258,3
original r4 (n=3),257.0,11.492857142857142,6.604984535943091,16.38072974977119,3
original r4 (n=3),258.0,11.551111111111112,6.705766465464743,16.396455756757483,3
original r4 (n=3),259.0,11.585555555555556,6.848102865292622,16.323008245818492,3
original r4 (n=3),260.0,11.62,6.990430970254555,16.249569029745444,3
original r4 (n=3),261.0,11.654444444444445,7.132750186625815,16.176138702263074,3
original r4 (n=3),262.0,11.688888888888888,7.275059862690102,16.102717915087673,3
original r4 (n=3),263.0,11.723333333333334,7.417359281489434,16.029307385177233,3
original r4 (n=3),264.0,11.757777777777777,7.559647652459583,15.955907903095971,3
original r4 (n=3),265.0,11.792222222222222,7.701924101746345,15.882520342698099,3
original r4 (n=3),266.0,11.826666666666668,7.844187660953526,15.80914567237981,3
original r4 (n=3),267.0,11.833333333333334,7.840640577660752,15.826026089005916,3
original r4 (n=3),268.0,11.839999999999998,7.8369140109784965,15.8430859890215,3
original r4 (n=3),269.0,11.846666666666666,7.833009355205493,15.860323978127838,3
original r4 (n=3),270.0,11.853333333333333,7.828928013756694,15.877738652909972,3
original r4 (n=3),271.0,11.86,7.824671398426973,15.895328601573027,3
original r4 (n=3),272.0,11.866666666666667,7.820240928665854,15.91309240466748,3
original r4 (n=3),273.0,11.873333333333333,7.81563803086383,15.931028635802836,3
original r4 (n=3),274.0,11.88,7.810864137650812,15.94913586234919,3
original r4 (n=3),275.0,11.886666666666665,7.8059206872071485,15.967412646126181,3
original r4 (n=3),276.0,11.893333333333333,7.800809122587685,15.98585754407898,3
original r4 (n=3),277.0,11.9,7.795530891059221,16.00446910894078,3
original r4 (n=3),278.0,11.906666666666666,7.790087443451779,16.023245889881554,3
original r4 (n=3),279.0,11.913333333333334,7.78448023352397,16.042186433142696,3
original r4 (n=3),280.0,11.92,7.7787107173427446,16.061289282657256,3
original r4 (n=3),281.0,11.926666666666668,7.772780352677822,16.08055298065551,3
original r4 (n=3),282.0,11.933333333333332,7.7666905984109595,16.099976068255703,3
original r4 (n=3),283.0,11.94,7.760442913960324,16.119557086039677,3
original r4 (n=3),284.0,11.946666666666667,7.754038758720019,16.139294574613317,3
original r4 (n=3),285.0,11.953333333333333,7.747479591515002,16.159187075151664,3
original r4 (n=3),286.0,11.96,7.740766870071414,16.179233129928587,3
original r4 (n=3),287.0,11.966666666666667,7.7339020505024,16.199431282830933,3
original r4 (n=3),288.0,11.973333333333334,7.72688658680948,16.219780079857188,3
original r4 (n=3),289.0,11.979999999999999,7.719721930399451,16.240278069600546,3
original r4 (n=3),290.0,11.986666666666666,7.7124095296168536,16.26092380371648,3
original r4 (n=3),291.0,11.993333333333334,7.7049508292918985,16.28171583737477,3
original r4 (n=3),292.0,12.0,7.697347270303858,16.302652729696142,3
original r4 (n=3),293.0,12.0,7.697347270303858,16.302652729696142,3
original r4 (n=3),294.0,12.0,7.697347270303858,16.302652729696142,3
original r4 (n=3),295.0,12.0,7.697347270303858,16.302652729696142,3
original r4 (n=3),296.0,12.0,7.697347270303858,16.302652729696142,3
original r4 (n=3),297.0,12.0,7.697347270303858,16.302652729696142,3
original r4 (n=3),298.0,12.0,7.697347270303858,16.302652729696142,3
original r4 (n=3),299.0,12.0,7.697347270303858,16.302652729696142,3
original r4 (n=3),300.0,12.0,7.697347270303858,16.302652729696142,3
ours r4 (n=3),0.0,0.0,0.0,0.0,3
ours r4 (n=3),1.0,0.0,0.0,0.0,3
ours r4 (n=3),2.0,0.0,0.0,0.0,3
ours r4 (n=3),3.0,0.0,0.0,0.0,3
ours r4 (n=3),4.0,0.0,0.0,0.0,3
ours r4 (n=3),5.0,0.0,0.0,0.0,3
ours r4 (n=3),6.0,0.0,0.0,0.0,3
ours r4 (n=3),7.0,0.0,0.0,0.0,3
ours r4 (n=3),8.0,0.0,0.0,0.0,3
ours r4 (n=3),9.0,0.0,0.0,0.0,3
ours r4 (n=3),10.0,0.0,0.0,0.0,3
ours r4 (n=3),11.0,0.0,0.0,0.0,3
ours r4 (n=3),12.0,0.0,0.0,0.0,3
ours r4 (n=3),13.0,0.0,0.0,0.0,3
ours r4 (n=3),14.0,0.0,0.0,0.0,3
ours r4 (n=3),15.0,0.0,0.0,0.0,3
ours r4 (n=3),16.0,0.0,0.0,0.0,3
ours r4 (n=3),17.0,0.0,0.0,0.0,3
ours r4 (n=3),18.0,0.0,0.0,0.0,3
ours r4 (n=3),19.0,0.0,0.0,0.0,3
ours r4 (n=3),20.0,0.0,0.0,0.0,3
ours r4 (n=3),21.0,0.0,0.0,0.0,3
ours r4 (n=3),22.0,0.0,0.0,0.0,3
ours r4 (n=3),23.0,0.0,0.0,0.0,3
ours r4 (n=3),24.0,0.0,0.0,0.0,3
ours r4 (n=3),25.0,0.0,0.0,0.0,3
ours r4 (n=3),26.0,0.0,0.0,0.0,3
ours r4 (n=3),27.0,0.0,0.0,0.0,3
ours r4 (n=3),28.0,0.0,0.0,0.0,3
ours r4 (n=3),29.0,0.0,0.0,0.0,3
ours r4 (n=3),30.0,0.0,0.0,0.0,3
ours r4 (n=3),31.0,0.0,0.0,0.0,3
ours r4 (n=3),32.0,0.0,0.0,0.0,3
ours r4 (n=3),33.0,0.0,0.0,0.0,3
ours r4 (n=3),34.0,0.0,0.0,0.0,3
ours r4 (n=3),35.0,0.3333333333333333,-1.1008842432320476,1.767550909898714,3
ours r4 (n=3),36.0,0.3386243386243386,-1.1183585962992226,1.7956072735478998,3
ours r4 (n=3),37.0,0.3439153439153439,-1.1358329493663981,1.823663637197086,3
ours r4 (n=3),38.0,0.34920634920634924,-1.1533073024335734,1.851720000846272,3
ours r4 (n=3),39.0,0.3544973544973545,-1.170781655500749,1.879776364495458,3
ours r4 (n=3),40.0,0.35978835978835977,-1.1882560085679241,1.9078327281446437,3
ours r4 (n=3),41.0,0.3650793650793651,-1.2057303616350994,1.9358890917938296,3
ours r4 (n=3),42.0,0.3703703703703704,-1.2232047147022749,1.9639454554430158,3
ours r4 (n=3),43.0,0.37566137566137564,-1.2406790677694504,1.9920018190922015,3
ours r4 (n=3),44.0,0.38095238095238093,-1.2581534208366256,2.0200581827413875,3
ours r4 (n=3),45.0,0.3862433862433862,-1.2756277739038007,2.048114546390573,3
ours r4 (n=3),46.0,0.39153439153439157,-1.2931021269709762,2.0761709100397594,3
ours r4 (n=3),47.0,0.3968253968253968,-1.3105764800381516,2.104227273688945,3
ours r4 (n=3),48.0,0.4021164021164021,-1.3280508331053267,2.132283637338131,3
ours r4 (n=3),49.0,0.40740740740740744,-1.3455251861725026,2.1603400009873175,3
ours r4 (n=3),50.0,0.41269841269841273,-1.3629995392396776,2.188396364636503,3
ours r4 (n=3),51.0,0.41798941798941797,-1.3804738923068531,2.216452728285689,3
ours r4 (n=3),52.0,0.42328042328042326,-1.3979482453740282,2.2445090919348747,3
ours r4 (n=3),53.0,0.42857142857142855,-1.4154225984412034,2.2725654555840604,3
ours r4 (n=3),54.0,0.4338624338624339,-1.4328969515083791,2.300621819233247,3
ours r4 (n=3),55.0,0.43915343915343913,-1.4503713045755546,2.328678182882433,3
ours r4 (n=3),56.0,1.111111111111111,0.6330385855893175,1.5891836366329044,3
ours r4 (n=3),57.0,1.2120811287477955,0.8158568771513535,1.6083053803442375,3
ours r4 (n=3),58.0,1.3130511463844796,0.7723106519687825,1.8537916408001767,3
ours r4 (n=3),59.0,1.414021164021164,0.6172946024568458,2.210747725585482,3
ours r4 (n=3),60.0,1.514991181657848,0.42682186930031407,2.6031604940153823,3
ours r4 (n=3),61.0,1.5881834215167547,0.3119971932174863,2.864369649816023,3
ours r4 (n=3),62.0,1.6613756613756614,0.19323065840334364,3.129520664347979,3
ours r4 (n=3),63.0,1.734567901234568,0.07188698364626234,3.3972488188228738,3
ours r4 (n=3),64.0,1.8077601410934745,-0.05122494254217003,3.666745224729119,3
ours r4 (n=3),65.0,1.8809523809523807,-0.17559882729777754,3.9375035892025387,3
ours r4 (n=3),66.0,1.9541446208112874,-0.300903012086603,4.209192253709178,3
ours r4 (n=3),67.0,1.9913891482518933,-0.30840274245517163,4.291181038958959,3
ours r4 (n=3),68.0,2.028633675692499,-0.31626247626931336,4.373529827654311,3
ours r4 (n=3),69.0,2.065878203133105,-0.3244618344783632,4.456218240744573,3
ours r4 (n=3),70.0,2.103122730573711,-0.332981810765026,4.539227271912448,3
ours r4 (n=3),71.0,2.1403672580143165,-0.3418046712149585,4.622539187243591,3
ours r4 (n=3),72.0,2.1776117854549226,-0.35091386107826716,4.706137431988113,3
ours r4 (n=3),73.0,2.2148563128955288,-0.3602939182750968,4.790006544066154,3
ours r4 (n=3),74.0,2.252100840336134,-0.3699303932726341,4.874132073944902,3
ours r4 (n=3),75.0,2.28934536777674,-0.3798097749494076,4.958500510502888,3
ours r4 (n=3),76.0,2.3265898952173463,-0.38991942206148744,5.04309921249618,3
ours r4 (n=3),77.0,2.363834422657952,-0.4002474999311243,5.127916345247028,3
ours r4 (n=3),78.0,2.401078950098558,-0.41078292198984023,5.212940822186956,3
ours r4 (n=3),79.0,2.438323477539164,-0.42151529582288827,5.298162250901216,3
ours r4 (n=3),80.0,2.4755680049797695,-0.43243487337939746,5.383570883338937,3
ours r4 (n=3),81.0,2.5128125324203756,-0.4435325050313046,5.469157569872056,3
ours r4 (n=3),82.0,2.5500570598609813,-0.4547995971835599,5.5549137169055225,3
ours r4 (n=3),83.0,2.920634920634921,0.13552801303030249,5.705741828239539,3
ours r4 (n=3),84.0,3.021604938271605,0.17275672444923407,5.870453152093976,3
ours r4 (n=3),85.0,3.122574955908289,0.17604850755180745,6.069101404264771,3
ours r4 (n=3),86.0,3.2235449735449735,0.14863580688931366,6.298454140200633,3
ours r4 (n=3),87.0,3.3245149911816583,0.09417739855219054,6.554852583811126,3
ours r4 (n=3),88.0,3.425485008818342,0.01637048325885493,6.83459953437783,3
ours r4 (n=3),89.0,3.5264550264550265,-0.08131562053178376,7.134225673441836,3
ours r4 (n=3),90.0,3.627425044091711,-0.19578336521479223,7.450633453398214,3
ours r4 (n=3),91.0,3.728395061728395,-0.324357379215622,7.781147502672413,3
ours r4 (n=3),92.0,3.829365079365079,-0.4647760991497609,8.123506257879919,3
ours r4 (n=3),93.0,3.930335097001764,-0.615152872546648,8.475823066550175,3
ours r4 (n=3),94.0,4.031305114638449,-0.7739253281660661,8.836535557442964,3
ours r4 (n=3),95.0,4.132275132275132,-0.9398037947975322,9.204354059347796,3
ours r4 (n=3),96.0,4.177689594356261,-0.9751370148989755,9.330516203611499,3
ours r4 (n=3),97.0,4.22310405643739,-1.0106279545390997,9.45683606741388,3
ours r4 (n=3),98.0,4.268518518518518,-1.0462694109729442,9.583306448009981,3
ours r4 (n=3),99.0,4.341975308641975,-0.9436863488595302,9.62763696614348,3
ours r4 (n=3),100.0,4.415432098765432,-0.8421911610935249,9.673055358624389,3
ours r4 (n=3),101.0,4.48888888888889,-0.7418013419079292,9.719579119685708,3
ours r4 (n=3),102.0,4.5623456790123464,-0.6425340507615855,9.767225408786278,3
ours r4 (n=3),103.0,4.635802469135803,-0.5444060667423427,9.816011005013948,3
ours r4 (n=3),104.0,4.70925925925926,-0.447433742255666,9.865952260774186,3
ours r4 (n=3),105.0,4.782716049382716,-0.3516329562338836,9.917065054999316,3
ours r4 (n=3),106.0,4.856172839506173,-0.2570190671206749,9.96936474613302,3
ours r4 (n=3),107.0,4.92962962962963,-0.1636068659031853,10.022866125162444,3
ours r4 (n=3),108.0,4.980436847103514,-0.008325859821276538,9.969199554028304,3
ours r4 (n=3),109.0,5.02355175688509,0.11087306943165398,9.936230444338527,3
ours r4 (n=3),110.0,5.066666666666666,0.23002558183071553,9.903307751502616,3
ours r4 (n=3),111.0,5.1641025641025635,0.4053967237240528,9.922808404481074,3
ours r4 (n=3),112.0,5.2615384615384615,0.5704275030939563,9.952649419982967,3
ours r4 (n=3),113.0,5.358974358974359,0.7246654319519257,9.993283285996792,3
ours r4 (n=3),114.0,5.456410256410256,0.8677096892368397,10.045110823583672,3
ours r4 (n=3),115.0,5.5538461538461545,0.9992239942448142,10.108468313447496,3
ours r4 (n=3),116.0,5.651282051282052,1.1189482599840588,10.183615842580044,3
ours r4 (n=3),117.0,5.74871794871795,1.226708148617134,10.270727748818764,3
ours r4 (n=3),118.0,5.846153846153847,1.3224217446551165,10.369885947652577,3
ours r4 (n=3),119.0,5.943589743589744,1.4061027653705729,10.481076721808915,3
ours r4 (n=3),120.0,6.041025641025641,1.4778600198430079,10.604191262208275,3
ours r4 (n=3),121.0,6.155128205128205,1.5185447302478865,10.791711680008522,3
ours r4 (n=3),122.0,6.291208791208791,1.6573214449602798,10.925096137457302,3
ours r4 (n=3),123.0,6.427289377289377,1.777753872526616,11.076824882052136,3
ours r4 (n=3),124.0,6.563369963369962,1.880025887123213,11.246714039616712,3
ours r4 (n=3),125.0,6.6294505494505485,2.101662382974416,11.157238715926681,3
ours r4 (n=3),126.0,6.695531135531136,2.3223798270557543,11.06868244400652,3
ours r4 (n=3),127.0,6.761611721611722,2.5420771743504442,10.981146268873,3
ours r4 (n=3),128.0,6.827692307692307,2.76063883292513,10.894745782459484,3
ours r4 (n=3),129.0,6.929487179487179,3.1612295687991647,10.697744790175193,3
ours r4 (n=3),130.0,7.0312820512820515,3.557985167390151,10.504578935173953,3
ours r4 (n=3),131.0,7.133076923076923,3.9498393516646244,10.316314494489223,3
ours r4 (n=3),132.0,7.234871794871796,4.335320795544275,10.134422794199317,3
ours r4 (n=3),133.0,7.264827586206896,4.361773556628066,10.167881615785726,3
ours r4 (n=3),134.0,7.294783377541999,4.387876321150477,10.201690433933521,3
ours r4 (n=3),135.0,7.324739168877099,4.413630478835447,10.235847858918751,3
ours r4 (n=3),136.0,7.3546949602122025,4.439037536771391,10.270352383653014,3
ours r4 (n=3),137.0,7.384650751547302,4.464099116772244,10.30520238632236,3
ours r4 (n=3),138.0,7.414606542882406,4.488816952566433,10.340396133198379,3
ours r4 (n=3),139.0,7.444562334217506,4.513192886824767,10.375931781610245,3
ours r4 (n=3),140.0,7.474518125552609,4.53722886803877,10.41180738306645,3
ours r4 (n=3),141.0,7.504473916887709,4.56092694726126,10.448020886514158,3
ours r4 (n=3),142.0,7.534429708222812,4.58428927472135,10.484570141724275,3
ours r4 (n=3),143.0,7.564385499557914,4.607318096326193,10.521452902789635,3
ours r4 (n=3),144.0,7.5943412908930155,4.630015750061968,10.558666831724063,3
ours r4 (n=3),145.0,7.624297082228117,4.652384662306689,10.596209502149545,3
ours r4 (n=3),146.0,7.654252873563219,4.674427344067325,10.634078403059112,3
ours r4 (n=3),147.0,7.68420866489832,4.696146387153766,10.672270942642875,3
ours r4 (n=3),148.0,7.714164456233423,4.717544460301879,10.710784452164967,3
ours r4 (n=3),149.0,7.7441202475685245,4.7386243052578685,10.74961618987918,3
ours r4 (n=3),150.0,7.7692897141173,4.773193553953971,10.765385874280629,3
ours r4 (n=3),151.0,7.7944591806660775,4.807603644742154,10.78131471659,3
ours r4 (n=3),152.0,7.819628647214855,4.841853095927007,10.797404198502702,3
ours r4 (n=3),153.0,7.844798113763631,4.875940433602755,10.813655793924507,3
ours r4 (n=3),154.0,7.869967580312408,4.909864192576244,10.830070968048572,3
ours r4 (n=3),155.0,7.895137046861184,4.943622917306944,10.846651176415424,3
ours r4 (n=3),156.0,7.920306513409962,4.977215162863083,10.863397863956841,3
ours r4 (n=3),157.0,7.945475979958739,5.010639495892941,10.880312464024538,3
ours r4 (n=3),158.0,7.970645446507516,5.043894495610283,10.897396397404748,3
ours r4 (n=3),159.0,7.995814913056293,5.076978754792811,10.914651071319774,3
ours r4 (n=3),160.0,8.02098437960507,5.109890880792444,10.932077878417694,3
ours r4 (n=3),161.0,8.046153846153846,5.142629496556233,10.94967819575146,3
ours r4 (n=3),162.0,8.068600989653623,5.163439866504892,10.973762112802355,3
ours r4 (n=3),163.0,8.091048133153398,5.184171499663003,10.997924766643795,3
ours r4 (n=3),164.0,8.113495276653172,5.204824535345517,11.022166017960828,3
ours r4 (n=3),165.0,8.135942420152947,5.225399118898851,11.046485721407043,3
ours r4 (n=3),166.0,8.158389563652722,5.24589540164311,11.070883725662334,3
ours r4 (n=3),167.0,8.180836707152498,5.26631354081222,11.095359873492775,3
ours r4 (n=3),168.0,8.203283850652271,5.286653699491973,11.11991400181257,3
ours r4 (n=3),169.0,8.225730994152046,5.30691604655608,11.144545941748014,3
ours r4 (n=3),170.0,8.248178137651822,5.327100756600261,11.169255518703382,3
ours r4 (n=3),171.0,8.270625281151597,5.347208009874445,11.19404255242875,3
ours r4 (n=3),172.0,8.293072424651372,5.367237992213138,11.218906857089607,3
ours r4 (n=3),173.0,8.314610772305642,5.3854174207260055,11.243804123885278,3
ours r4 (n=3),174.0,8.336149119959911,5.403476006733395,11.268822233186427,3
ours r4 (n=3),175.0,8.357687467614182,5.421414179864681,11.293960755363685,3
ours r4 (n=3),176.0,8.379225815268454,5.439232382475277,11.31921924806163,3
ours r4 (n=3),177.0,8.400764162922725,5.45693106938822,11.34459725645723,3
ours r4 (n=3),178.0,8.422302510576996,5.474510707630754,11.370094313523238,3
ours r4 (n=3),179.0,8.443840858231264,5.491971776166249,11.395709940296278,3
ours r4 (n=3),180.0,8.465379205885535,5.5093147656217845,11.421443646149285,3
ours r4 (n=3),181.0,8.486917553539806,5.526540178011727,11.447294929067885,3
ours r4 (n=3),182.0,8.508455901194075,5.54364852645767,11.473263275930481,3
ours r4 (n=3),183.0,8.529994248848347,5.560640334905043,11.499348162791652,3
ours r4 (n=3),184.0,8.551532596502616,5.577516137836717,11.525549055168515,3
ours r4 (n=3),185.0,8.573070944156887,5.594276479983994,11.551865408329782,3
ours r4 (n=3),186.0,8.594609291811157,5.610921916035222,11.578296667587091,3
ours r4 (n=3),187.0,8.616147639465426,5.627453010342458,11.604842268588396,3
ours r4 (n=3),188.0,8.637685987119697,5.643870336626424,11.63150163761297,3
ours r4 (n=3),189.0,8.671510659560292,5.620626806379206,11.722394512741378,3
ours r4 (n=3),190.0,8.705335332000887,5.597114094545444,11.813556569456331,3
ours r4 (n=3),191.0,8.739160004441484,5.573346826876767,11.9049731820062,3
ours r4 (n=3),192.0,8.77298467688208,5.549338646620518,11.996630707143643,3
ours r4 (n=3),193.0,8.806809349322673,5.525102290411834,12.088516408233513,3
ours r4 (n=3),194.0,8.840634021763268,5.500649657803656,12.18061838572288,3
ours r4 (n=3),195.0,8.874458694203865,5.475991874976475,12.272925513431254,3
ours r4 (n=3),196.0,8.90828336664446,5.451139353128427,12.365427380160492,3
ours r4 (n=3),197.0,8.942108039085054,5.426101842006426,12.458114236163683,3
ours r4 (n=3),198.0,8.97593271152565,5.400888479001209,12.55097694405009,3
ours r4 (n=3),199.0,9.343090717299578,6.33749635952517,12.348685075073986,3
ours r4 (n=3),200.0,9.451476793248945,6.44460984294677,12.45834374355112,3
ours r4 (n=3),201.0,9.559862869198312,6.519764529731762,12.599961208664862,3
ours r4 (n=3),202.0,9.66824894514768,6.563986615074935,12.772511275220424,3
ours r4 (n=3),203.0,9.776635021097047,6.579137725138275,12.974132317055819,3
ours r4 (n=3),204.0,9.815576652601969,6.555992608534864,13.075160696669073,3
ours r4 (n=3),205.0,9.859325976414583,6.521442809996994,13.197209142832172,3
ours r4 (n=3),206.0,9.903075300227199,6.486816677738764,13.319333922715634,3
ours r4 (n=3),207.0,9.946824624039813,6.45211934754583,13.441529900533796,3
ours r4 (n=3),208.0,9.99057394785243,6.417355508666429,13.563792387038433,3
ours r4 (n=3),209.0,10.034323271665045,6.382529450886219,13.68611709244387,3
ours r4 (n=3),210.0,10.078072595477659,6.34764510582267,13.808500085132648,3
ours r4 (n=3),211.0,10.121821919290275,6.312706083243218,13.930937755337332,3
ours r4 (n=3),212.0,10.165571243102889,6.277715703087164,14.053426783118613,3
ours r4 (n=3),213.0,10.209320566915503,6.24267702376809,14.175964110062916,3
ours r4 (n=3),214.0,10.253069890728119,6.20759286724735,14.298546914208888,3
ours r4 (n=3),215.0,10.296819214540733,6.172465841297336,14.421172587784131,3
ours r4 (n=3),216.0,10.340568538353347,6.137298359312604,14.54383871739409,3
ours r4 (n=3),217.0,10.384317862165965,6.102092657976227,14.666543066355702,3
ours r4 (n=3),218.0,10.485759493670885,5.920358907634242,15.051160079707529,3
ours r4 (n=3),219.0,10.587201125175808,5.733831792238211,15.440570458113404,3
ours r4 (n=3),220.0,10.68864275668073,5.543316060333445,15.833969453028015,3
ours r4 (n=3),221.0,10.790084388185655,5.349453790385569,16.230714985985742,3
ours r4 (n=3),222.0,10.841526019690576,5.292057655254556,16.390994384126596,3
ours r4 (n=3),223.0,10.8929676511955,5.234596933862695,16.551338368528306,3
ours r4 (n=3),224.0,10.944409282700422,5.177075284881499,16.711743280519343,3
ours r4 (n=3),225.0,10.995850914205343,5.119496097589683,16.872205730821005,3
ours r4 (n=3),226.0,11.047292545710269,5.061862516058129,17.032722575362406,3
ours r4 (n=3),227.0,11.09873417721519,5.004177460792198,17.193290893638185,3
ours r4 (n=3),228.0,11.15077967345441,4.947144737279079,17.354414609629742,3
ours r4 (n=3),229.0,11.202825169693634,4.8900786642602725,17.515571675126996,3
ours r4 (n=3),230.0,11.254870665932856,4.832980941616922,17.676760390248788,3
ours r4 (n=3),231.0,11.306916162172078,4.775853156077624,17.837979168266532,3
ours r4 (n=3),232.0,11.349437848887492,4.745536187566944,17.95333951020804,3
ours r4 (n=3),233.0,11.391959535602902,4.715215130230169,18.068703940975638,3
ours r4 (n=3),234.0,11.434481222318317,4.684890116449243,18.18407232818739,3
ours r4 (n=3),235.0,11.477002909033729,4.654561272959092,18.299444545108365,3
ours r4 (n=3),236.0,11.519524595749141,4.624228721145237,18.414820470353046,3
ours r4 (n=3),237.0,11.562046282464555,4.593892577322748,18.530199987606363,3
ours r4 (n=3),238.0,11.604567969179968,4.563552952997972,18.645582985361962,3
ours r4 (n=3),239.0,11.647089655895378,4.533209955114214,18.760969356676544,3
ours r4 (n=3),240.0,11.689611342610794,4.502863686282569,18.87635899893902,3
ours r4 (n=3),241.0,11.732133029326205,4.472514244998809,18.9917518136536,3
ours r4 (n=3),242.0,11.774654716041617,4.442161725847478,19.107147706235757,3
ours r4 (n=3),243.0,11.81717640275703,4.411806219693919,19.22254658582014,3
ours r4 (n=3),244.0,11.859698089472444,4.381447813865109,19.33794836507978,3
ours r4 (n=3),245.0,11.902219776187856,4.351086592320073,19.45335296005564,3
ours r4 (n=3),246.0,11.920931939093743,4.387143235955149,19.45472064223234,3
ours r4 (n=3),247.0,11.939644101999633,4.422829352262299,19.45645885173697,3
ours r4 (n=3),248.0,11.95835626490552,4.458142425587381,19.45857010422366,3
ours r4 (n=3),249.0,11.97706842781141,4.493079973489043,19.46105688213378,3
ours r4 (n=3),250.0,11.9957805907173,4.527639548351924,19.463921633082677,3
ours r4 (n=3),251.0,12.111111111111112,4.643379536078184,19.578842686144043,3
ours r4 (n=3),252.0,12.222222222222221,4.708722711626633,19.735721732817808,3
ours r4 (n=3),253.0,12.333333333333334,4.7441672662338625,19.922499400432805,3
ours r4 (n=3),254.0,12.344444444444443,4.746098628991851,19.942790259897034,3
ours r4 (n=3),255.0,12.355555555555554,4.747740643559407,19.9633704675517,3
ours r4 (n=3),256.0,12.366666666666667,4.749094388967612,19.98423894436572,3
ours r4 (n=3),257.0,12.377777777777778,4.750160971491521,20.005394584064035,3
ours r4 (n=3),258.0,12.388888888888888,4.7509415240594395,20.026836253718336,3
ours r4 (n=3),259.0,12.4,4.751437205653414,20.048562794346587,3
ours r4 (n=3),260.0,12.411111111111111,4.751649200701624,20.070573021520598,3
ours r4 (n=3),261.0,12.422222222222222,4.751578718463372,20.092865725981074,3
ours r4 (n=3),262.0,12.433333333333332,4.751226992407353,20.11543967425931,3
ours r4 (n=3),263.0,12.444444444444445,4.750595279583883,20.138293609305006,3
ours r4 (n=3),264.0,12.455555555555556,4.749684859991739,20.161426251119373,3
ours r4 (n=3),265.0,12.466666666666667,4.748497035940352,20.18483629739298,3
ours r4 (n=3),266.0,12.47777777777778,4.74703313140794,20.20852242414762,3
ours r4 (n=3),267.0,12.488888888888889,4.745294491396269,20.23248328638151,3
ours r4 (n=3),268.0,12.5,4.74328248128273,20.25671751871727,3
ours r4 (n=3),269.0,12.511111111111111,4.740998486170279,20.281223736051942,3
ours r4 (n=3),270.0,12.52222222222222,4.738443910235967,20.306000534208472,3
ours r4 (n=3),271.0,12.533333333333333,4.73562017607861,20.331046490588058,3
ours r4 (n=3),272.0,12.544444444444444,4.732528724066219,20.356360164822668,3
ours r4 (n=3),273.0,12.555555555555555,4.729171011683804,20.381940099427307,3
ours r4 (n=3),274.0,12.566666666666668,4.725548512882094,20.40778482045124,3
ours r4 (n=3),275.0,12.577777777777778,4.721662717427748,20.433892838127807,3
ours r4 (n=3),276.0,12.588888888888889,4.717515130255629,20.46026264752215,3
ours r4 (n=3),277.0,12.6,4.713107270823624,20.486892729176375,3
ours r4 (n=3),278.0,12.611111111111112,4.708440672470559,20.513781549751666,3
ours r4 (n=3),279.0,12.622222222222222,4.703516881777704,20.540927562666738,3
ours r4 (n=3),280.0,12.633333333333333,4.698337457934345,20.568329208732322,3
ours r4 (n=3),281.0,12.644444444444446,4.692903972107871,20.59598491678102,3
ours r4 (n=3),282.0,12.655555555555557,4.687218006818849,20.623893104292264,3
ours r4 (n=3),283.0,12.666666666666666,4.681281155321503,20.65205217801183,3
ours r4 (n=3),284.0,12.666666666666666,4.681281155321503,20.65205217801183,3
ours r4 (n=3),285.0,12.666666666666666,4.681281155321503,20.65205217801183,3
ours r4 (n=3),286.0,12.666666666666666,4.681281155321503,20.65205217801183,3
ours r4 (n=3),287.0,12.666666666666666,4.681281155321503,20.65205217801183,3
ours r4 (n=3),288.0,12.666666666666666,4.681281155321503,20.65205217801183,3
ours r4 (n=3),289.0,12.666666666666666,4.681281155321503,20.65205217801183,3
ours r4 (n=3),290.0,12.666666666666666,4.681281155321503,20.65205217801183,3
ours r4 (n=3),291.0,12.666666666666666,4.681281155321503,20.65205217801183,3
ours r4 (n=3),292.0,12.666666666666666,4.681281155321503,20.65205217801183,3
ours r4 (n=3),293.0,12.666666666666666,4.681281155321503,20.65205217801183,3
ours r4 (n=3),294.0,12.666666666666666,4.681281155321503,20.65205217801183,3
ours r4 (n=3),295.0,12.666666666666666,4.681281155321503,20.65205217801183,3
ours r4 (n=3),296.0,12.666666666666666,4.681281155321503,20.65205217801183,3
ours r4 (n=3),297.0,12.666666666666666,4.681281155321503,20.65205217801183,3
ours r4 (n=3),298.0,12.666666666666666,4.681281155321503,20.65205217801183,3
ours r4 (n=3),299.0,12.666666666666666,4.681281155321503,20.65205217801183,3
ours r4 (n=3),300.0,12.666666666666666,4.681281155321503,20.65205217801183,3
original r6 (n=3),0.0,0.0,0.0,0.0,3
original r6 (n=3),1.0,0.0,0.0,0.0,3
original r6 (n=3),2.0,0.0,0.0,0.0,3
original r6 (n=3),3.0,0.0,0.0,0.0,3
original r6 (n=3),4.0,0.0,0.0,0.0,3
original r6 (n=3),5.0,0.0,0.0,0.0,3
original r6 (n=3),6.0,0.0,0.0,0.0,3
original r6 (n=3),7.0,0.0,0.0,0.0,3
original r6 (n=3),8.0,0.0,0.0,0.0,3
original r6 (n=3),9.0,0.0,0.0,0.0,3
original r6 (n=3),10.0,0.0,0.0,0.0,3
original r6 (n=3),11.0,0.0,0.0,0.0,3
original r6 (n=3),12.0,0.0,0.0,0.0,3
original r6 (n=3),13.0,0.0,0.0,0.0,3
original r6 (n=3),14.0,0.0,0.0,0.0,3
original r6 (n=3),15.0,0.0,0.0,0.0,3
original r6 (n=3),16.0,0.0,0.0,0.0,3
original r6 (n=3),17.0,0.0,0.0,0.0,3
original r6 (n=3),18.0,0.0,0.0,0.0,3
original r6 (n=3),19.0,0.0,0.0,0.0,3
original r6 (n=3),20.0,0.0,0.0,0.0,3
original r6 (n=3),21.0,0.0,0.0,0.0,3
original r6 (n=3),22.0,0.0,0.0,0.0,3
original r6 (n=3),23.0,0.0,0.0,0.0,3
original r6 (n=3),24.0,0.0,0.0,0.0,3
original r6 (n=3),25.0,0.0,0.0,0.0,3
original r6 (n=3),26.0,0.0,0.0,0.0,3
original r6 (n=3),27.0,0.0,0.0,0.0,3
original r6 (n=3),28.0,0.0,0.0,0.0,3
original r6 (n=3),29.0,0.0,0.0,0.0,3
original r6 (n=3),30.0,0.0,0.0,0.0,3
original r6 (n=3),31.0,0.0,0.0,0.0,3
original r6 (n=3),32.0,0.0,0.0,0.0,3
original r6 (n=3),33.0,0.0,0.0,0.0,3
original r6 (n=3),34.0,0.0,0.0,0.0,3
original r6 (n=3),35.0,0.0,0.0,0.0,3
original r6 (n=3),36.0,0.0,0.0,0.0,3
original r6 (n=3),37.0,0.0,0.0,0.0,3
original r6 (n=3),38.0,0.0,0.0,0.0,3
original r6 (n=3),39.0,0.0,0.0,0.0,3
original r6 (n=3),40.0,0.0,0.0,0.0,3
original r6 (n=3),41.0,0.0,0.0,0.0,3
original r6 (n=3),42.0,0.0,0.0,0.0,3
original r6 (n=3),43.0,0.0,0.0,0.0,3
original r6 (n=3),44.0,0.0,0.0,0.0,3
original r6 (n=3),45.0,0.0,0.0,0.0,3
original r6 (n=3),46.0,0.0,0.0,0.0,3
original r6 (n=3),47.0,0.0,0.0,0.0,3
original r6 (n=3),48.0,0.0,0.0,0.0,3
original r6 (n=3),49.0,0.0,0.0,0.0,3
original r6 (n=3),50.0,0.0,0.0,0.0,3
original r6 (n=3),51.0,0.0,0.0,0.0,3
original r6 (n=3),52.0,0.0,0.0,0.0,3
original r6 (n=3),53.0,0.0,0.0,0.0,3
original r6 (n=3),54.0,0.0,0.0,0.0,3
original r6 (n=3),55.0,0.0,0.0,0.0,3
original r6 (n=3),56.0,0.0,0.0,0.0,3
original r6 (n=3),57.0,0.0,0.0,0.0,3
original r6 (n=3),58.0,0.0,0.0,0.0,3
original r6 (n=3),59.0,0.0,0.0,0.0,3
original r6 (n=3),60.0,0.0,0.0,0.0,3
original r6 (n=3),61.0,0.0,0.0,0.0,3
original r6 (n=3),62.0,0.0,0.0,0.0,3
original r6 (n=3),63.0,0.0,0.0,0.0,3
original r6 (n=3),64.0,0.0,0.0,0.0,3
original r6 (n=3),65.0,0.3333333333333333,-1.1008842432320476,1.767550909898714,3
original r6 (n=3),66.0,0.3444444444444445,-1.1375803846731156,1.8264692735620047,3
original r6 (n=3),67.0,0.35555555555555557,-1.1742765261141839,1.8853876372252951,3
original r6 (n=3),68.0,0.3666666666666667,-1.2109726675552523,1.9443060008885857,3
original r6 (n=3),69.0,0.37777777777777777,-1.24766880899632,2.0032243645518752,3
original r6 (n=3),70.0,0.3888888888888889,-1.2843649504373889,2.0621427282151665,3
original r6 (n=3),71.0,0.7333333333333334,-0.8637437689356997,2.3304104356023663,3
original r6 (n=3),72.0,0.7516908212560387,-0.886658444124065,2.3900400866361426,3
original r6 (n=3),73.0,0.770048309178744,-0.9096110348495732,2.449707653207061,3
original r6 (n=3),74.0,1.1217391304347826,0.7297800596931912,1.513698201176374,3
original r6 (n=3),75.0,1.153429951690821,0.7620292518427212,1.544830651538921,3
original r6 (n=3),76.0,1.18512077294686,0.7929333766848057,1.5773081692089144,3
original r6 (n=3),77.0,1.2168115942028985,0.8225004848332876,1.6111227035725095,3
original r6 (n=3),78.0,1.248502415458937,0.8507519919544062,1.6462528389634679,3
original r6 (n=3),79.0,1.280193236714976,0.8777216239718777,1.6826648494580743,3
original r6 (n=3),80.0,1.3118840579710145,0.9034538314080389,1.72031428453399,3
original r6 (n=3),81.0,1.3435748792270532,0.9280018385749997,1.7591479198791067,3
original r6 (n=3),82.0,1.3752657004830917,0.9514255118464314,1.799105889119752,3
original r6 (n=3),83.0,1.4069565217391304,0.97378922134518,1.840123822133081,3
original r6 (n=3),84.0,1.438647342995169,0.9951598392277434,1.8821348467625945,3
original r6 (n=3),85.0,1.4703381642512074,1.0156049753311571,1.9250713531712578,3
original r6 (n=3),86.0,1.5020289855072464,1.0351915068777018,1.968866464136791,3
original r6 (n=3),87.0,1.5337198067632851,1.0539844202831548,2.0134551932434155,3
original r6 (n=3),88.0,1.5654106280193236,1.0720459536966218,2.0587753023420254,3
original r6 (n=3),89.0,1.5971014492753624,1.0894350096340286,2.104767888916696,3
original r6 (n=3),90.0,1.6287922705314013,1.1062067969034726,2.15137774415933,3
original r6 (n=3),91.0,1.6604830917874398,1.1224126579258478,2.198553525649032,3
original r6 (n=3),92.0,1.6921739130434783,1.1381000392817446,2.246247786805212,3
original r6 (n=3),93.0,1.7238647342995168,1.1533125678721847,2.2944169007268487,3
original r6 (n=3),94.0,1.7555555555555555,1.1680902009304788,2.3430209101806323,3
original r6 (n=3),95.0,1.7872463768115943,1.1824694242126481,2.3920233294105406,3
original r6 (n=3),96.0,1.8911594202898552,1.0132824399607192,2.769036400618991,3
original r6 (n=3),97.0,1.9950724637681159,0.8228291251208852,3.1673158024153465,3
original r6 (n=3),98.0,2.098985507246377,0.6237856836198017,3.574185330872952,3
original r6 (n=3),99.0,2.2028985507246377,0.4205270360097566,3.9852700654395186,3
original r6 (n=3),100.0,2.274430641821946,0.33484209480618765,4.214019188837704,3
original r6 (n=3),101.0,2.3459627329192547,0.24912861128106467,4.442796854557445,3
original r6 (n=3),102.0,2.417494824016563,0.16339255874075764,4.671597089292368,3
original r6 (n=3),103.0,2.4890269151138718,0.07763835296121657,4.900415477266527,3
original r6 (n=3),104.0,2.56055900621118,-0.00813067137613066,5.12924868379849,3
original r6 (n=3),105.0,2.6320910973084883,-0.09391194900499134,5.358094143621968,3
original r6 (n=3),106.0,2.7036231884057966,-0.17970347431921585,5.586949851130809,3
original r6 (n=3),107.0,2.760869565217391,-0.22035003992180435,5.742089170356587,3
original r6 (n=3),108.0,2.8181159420289856,-0.26103196822679653,5.897263852284768,3
original r6 (n=3),109.0,2.8753623188405797,-0.3017459892722676,6.052470626953427,3
original r6 (n=3),110.0,2.932608695652174,-0.342489223312648,6.207706614616996,3
original r6 (n=3),111.0,2.9898550724637682,-0.38325912441967347,6.36296926934721,3
original r6 (n=3),112.0,3.047101449275362,-0.4240534335707533,6.518256332121477,3
original r6 (n=3),113.0,3.1043478260869564,-0.46487013941712974,6.6735657915910425,3
original r6 (n=3),114.0,3.1615942028985504,-0.5057074453066686,6.82889585110377,3
original r6 (n=3),115.0,3.218840579710145,-0.5465637414300435,6.984244900850333,3
original r6 (n=3),116.0,3.276086956521739,-0.587437581186617,7.1396114942300954,3
original r6 (n=3),117.0,3.6333333333333333,-1.5794112942149092,8.846077960881576,3
original r6 (n=3),118.0,3.7386243386243385,-1.237033520875515,8.714282198124192,3
original r6 (n=3),119.0,3.8439153439153437,-0.9036171583826342,8.591447846213322,3
original r6 (n=3),120.0,4.015873015873016,-0.39897434441028956,8.430720376156321,3
original r6 (n=3),121.0,4.1878306878306875,0.1051602233026463,8.27050115235873,3
original r6 (n=3),122.0,4.287566137566137,0.33137864091714686,8.243753634215128,3
original r6 (n=3),123.0,4.387301587301587,0.5344343362303996,8.240168838372774,3
original r6 (n=3),124.0,4.413507625272331,0.5833049884882149,8.243710262056446,3
original r6 (n=3),125.0,4.439713663243075,0.6321745376163106,8.24725278886984,3
original r6 (n=3),126.0,4.465919701213819,0.6810429637983502,8.250796438629287,3
original r6 (n=3),127.0,4.492125739184562,0.7299102467415288,8.254341231627595,3
original r6 (n=3),128.0,4.518331777155307,0.7787763656621873,8.257887188648427,3
original r6 (n=3),129.0,4.544537815126051,0.8276412992709123,8.26143433098119,3
original r6 (n=3),130.0,4.570743853096794,0.8765050257570999,8.26498268043649,3
original r6 (n=3),131.0,4.596949891067538,0.9253675227729454,8.268532259362132,3
original r6 (n=3),132.0,4.623155929038282,0.9742287674168288,8.272083090659736,3
original r6 (n=3),133.0,4.649361967009026,1.0230887362161014,8.27563519780195,3
original r6 (n=3),134.0,4.67556800497977,1.071947405109218,8.279188604850322,3
original r6 (n=3),135.0,4.701774042950514,1.1208047494271898,8.282743336473837,3
original r6 (n=3),136.0,4.727980080921257,1.1696607438743474,8.286299417968166,3
original r6 (n=3),137.0,4.754186118892002,1.2185153625083602,8.289856875275643,3
original r6 (n=3),138.0,4.780392156862745,1.2673685787194842,8.293415735006006,3
original r6 (n=3),139.0,4.806598194833489,1.316220365209026,8.296976024457951,3
original r6 (n=3),140.0,4.832804232804232,1.3650706939669472,8.300537771641517,3
original r6 (n=3),141.0,4.859010270774976,1.413919536248606,8.304101005301346,3
original r6 (n=3),142.0,4.885216308745721,1.4627668625505823,8.30766575494086,3
original r6 (n=3),143.0,4.911422346716464,1.5116126425855305,8.311232050847398,3
original r6 (n=3),144.0,4.937628384687208,1.5604568452560508,8.314799924118367,3
original r6 (n=3),145.0,4.9638344226579525,1.6092994386274904,8.318369406688415,3
original r6 (n=3),146.0,4.9900404606286966,1.6581403898996574,8.321940531357736,3
original r6 (n=3),147.0,5.01624649859944,1.7069796653773741,8.325513331821504,3
original r6 (n=3),148.0,5.042452536570184,1.7558172304398392,8.329087842700527,3
original r6 (n=3),149.0,5.068658574540927,1.8046530495087008,8.332664099573153,3
original r6 (n=3),150.0,5.094864612511672,1.8534870860148298,8.336242139008514,3
original r6 (n=3),151.0,5.121070650482415,1.902319302363681,8.339821998601149,3
original r6 (n=3),152.0,5.219498910675381,2.249245008104208,8.189752813246553,3
original r6 (n=3),153.0,5.317927170868347,2.5797382606358092,8.056116081100885,3
original r6 (n=3),154.0,5.416355431061313,2.8892679715222322,7.943442890600394,3
original r6 (n=3),155.0,5.51478369125428,3.1721599899618633,7.857407392546697,3
original r6 (n=3),156.0,5.53968253968254,3.2164668247869446,7.862898254578136,3
original r6 (n=3),157.0,5.5645813881108,3.260773499087151,7.868389277134449,3
original r6 (n=3),158.0,5.663009648303766,3.5284863932732966,7.797532903334235,3
original r6 (n=3),159.0,5.761437908496732,3.7569253690841675,7.7659504479092965,3
original r6 (n=3),160.0,5.859866168689699,3.9381029749749805,7.781629362404417,3
original r6 (n=3),161.0,5.958294428882664,4.065809479819912,7.8507793779454165,3
original r6 (n=3),162.0,6.001167133520075,4.119305927771866,7.883028339268283,3
original r6 (n=3),163.0,6.044039838157485,4.168667130005449,7.9194125463095215,3
original r6 (n=3),164.0,6.086912542794896,4.213850111167686,7.959974974422106,3
original r6 (n=3),165.0,6.129785247432306,4.254839426194977,8.004731068669635,3
original r6 (n=3),166.0,6.1726579520697165,4.291647671957524,8.05366823218191,3
original r6 (n=3),167.0,6.215530656707127,4.324315069654578,8.106746243759677,3
original r6 (n=3),168.0,6.258403361344538,4.352908149846062,8.163898572843014,3
original r6 (n=3),169.0,6.3012760659819484,4.377517638609355,8.225034493354542,3
original r6 (n=3),170.0,6.344148770619359,4.398255696927778,8.29004184431094,3
original r6 (n=3),171.0,6.387021475256769,4.415252699993045,8.358790250520492,3
original r6 (n=3),172.0,6.42989417989418,4.428653756187051,8.43113460360131,3
original r6 (n=3),173.0,6.47276688453159,4.438615158291801,8.506918610771379,3
original r6 (n=3),174.0,6.831635355681397,3.7565968461014863,9.906673865261308,3
original r6 (n=3),175.0,6.857493386620246,3.7799083635653403,9.935078409675151,3
original r6 (n=3),176.0,6.883351417559095,3.8030680328053394,9.96363480231285,3
original r6 (n=3),177.0,6.909209448497944,3.8260762525146714,9.992342644481218,3
original r6 (n=3),178.0,6.9350674794367935,3.8489334422498493,10.021201516623737,3
original r6 (n=3),179.0,6.960925510375643,3.87164004212909,10.050210978622195,3
original r6 (n=3),180.0,6.986783541314492,3.8941965125179485,10.079370570111035,3
original r6 (n=3),181.0,7.090683900295669,3.9757399541061353,10.205627846485203,3
original r6 (n=3),182.0,7.194584259276847,4.026104869490402,10.363063649063292,3
original r6 (n=3),183.0,7.298484618258024,4.04683087016666,10.550138366349387,3
original r6 (n=3),184.0,7.4023849772392,4.040116821688816,10.764653132789585,3
original r6 (n=3),185.0,7.506285336220377,4.0085651071917265,11.004005565249027,3
original r6 (n=3),186.0,7.610185695201555,3.9549359021421586,11.265435488260952,3
original r6 (n=3),187.0,7.714086054182733,3.8819508925343666,11.5462212158311,3
original r6 (n=3),188.0,7.8179864131639105,3.792160616759003,11.843812209568817,3
original r6 (n=3),189.0,7.842826395270326,3.8305029468071794,11.855149843733473,3
original r6 (n=3),190.0,7.869767217712879,3.8797601802233768,11.859774255202382,3
original r6 (n=3),191.0,7.896708040155431,3.9289057442885853,11.864510336022278,3
original r6 (n=3),192.0,7.923648862597983,3.977937753723111,11.869359971472855,3
original r6 (n=3),193.0,7.950589685040534,4.02685429054044,11.874325079540629,3
original r6 (n=3),194.0,7.977530507483088,4.075653403684331,11.879407611281845,3
original r6 (n=3),195.0,8.00447132992564,4.12433310867797,11.884609551173309,3
original r6 (n=3),196.0,8.03141215236819,4.17289138728645,11.889932917449931,3
original r6 (n=3),197.0,8.058352974810743,4.2213261871939505,11.895379762427536,3
original r6 (n=3),198.0,8.085293797253295,4.269635421697038,11.90095217280955,3
original r6 (n=3),199.0,8.11223461969585,4.317816969415603,11.906652269976096,3
original r6 (n=3),200.0,8.139175442138399,4.365868674022957,11.91248221025384,3
original r6 (n=3),201.0,8.166116264580952,4.413788343996816,11.918444185165086,3
original r6 (n=3),202.0,8.193057087023504,4.461573752392809,11.9245404216542,3
original r6 (n=3),203.0,8.219997909466056,4.509222636642347,11.930773182289764,3
original r6 (n=3),204.0,8.246938731908607,4.556732698376736,11.937144765440477,3
original r6 (n=3),205.0,8.329783116938609,4.5469231368996805,12.112643096977537,3
original r6 (n=3),206.0,8.412627501968613,4.522755476166884,12.302499527770342,3
original r6 (n=3),207.0,8.495471886998613,4.485379018308515,12.505564755688713,3
original r6 (n=3),208.0,8.578316272028617,4.435943649509834,12.7206888945474,3
original r6 (n=3),209.0,8.661160657058618,4.375565860307914,12.946755453809322,3
original r6 (n=3),210.0,8.677338375421954,4.436186654794729,12.91849009604918,3
original r6 (n=3),211.0,8.69351609378529,4.4967967737705345,12.890235413800045,3
original r6 (n=3),212.0,8.709693812148624,4.557395874529714,12.861991749767533,3
original r6 (n=3),213.0,8.725871530511961,4.61798359962988,12.833759461394042,3
original r6 (n=3),214.0,8.742049248875295,4.678559576096198,12.805538921654392,3
original r6 (n=3),215.0,8.758226967238633,4.739123414574013,12.777330519903252,3
original r6 (n=3),216.0,8.774404685601969,4.799674708425701,12.749134662778236,3
original r6 (n=3),217.0,8.790582403965304,4.860213032767577,12.720951775163032,3
original r6 (n=3),218.0,8.794855360423877,4.85859899915661,12.731111721691146,3
original r6 (n=3),219.0,8.79912831688245,4.8569080149272335,12.741348618837668,3
original r6 (n=3),220.0,8.803401273341025,4.855140428786582,12.751662117895469,3
original r6 (n=3),221.0,8.807674229799598,4.853296591776303,12.762051867822894,3
original r6 (n=3),222.0,8.811947186258172,4.851376857187035,12.772517515329309,3
original r6 (n=3),223.0,8.816220142716746,4.849381580473301,12.783058704960192,3
original r6 (n=3),224.0,8.82049309917532,4.847311119168907,12.793675079181732,3
original r6 (n=3),225.0,8.824766055633892,4.845165832802867,12.804366278464919,3
original r6 (n=3),226.0,8.829039012092467,4.842946082815875,12.81513194136906,3
original r6 (n=3),227.0,8.83331196855104,4.840652232477355,12.825971704624726,3
original r6 (n=3),228.0,8.837584925009613,4.838284646803166,12.83688520321606,3
original r6 (n=3),229.0,8.841857881468188,4.835843692473924,12.847872070462452,3
original r6 (n=3),230.0,8.846130837926761,4.833329737754012,12.858931938099511,3
original r6 (n=3),231.0,8.850403794385334,4.8307431524113245,12.870064436359344,3
original r6 (n=3),232.0,8.85467675084391,4.828084307637714,12.881269194050105,3
original r6 (n=3),233.0,8.858949707302482,4.82535357597022,12.892545838634746,3
original r6 (n=3),234.0,8.863222663761057,4.822551331213086,12.903893996309028,3
original r6 (n=3),235.0,8.86749562021963,4.819677948360578,12.915313292078682,3
original r6 (n=3),236.0,8.871768576678205,4.8167338035206555,12.926803349835755,3
original r6 (n=3),237.0,8.876041533136778,4.813719273839467,12.938363792434089,3
original r6 (n=3),238.0,8.880314489595351,4.810634737426768,12.949994241763935,3
original r6 (n=3),239.0,8.884587446053926,4.807480573282191,12.96169431882566,3
original r6 (n=3),240.0,8.888860402512499,4.804257161222455,12.973463643802543,3
original r6 (n=3),241.0,8.893133358971072,4.800964881809509,12.985301836132635,3
original r6 (n=3),242.0,8.897406315429647,4.797604116279611,12.997208514579683,3
original r6 (n=3),243.0,8.90167927188822,4.79417524647337,13.009183297303071,3
original r6 (n=3),244.0,8.905952228346793,4.790678654766786,13.0212258019268,3
original r6 (n=3),245.0,8.910225184805368,4.7871147240032625,13.033335645607472,3
original r6 (n=3),246.0,8.914498141263941,4.783483837426615,13.045512445101267,3
original r6 (n=3),247.0,8.918771097722514,4.7797863786151265,13.057755816829902,3
original r6 (n=3),248.0,8.923044054181089,4.776022731416597,13.070065376945582,3
original r6 (n=3),249.0,8.927317010639662,4.772193279884426,13.082440741394898,3
original r6 (n=3),250.0,8.931589967098235,4.768298408214773,13.094881525981698,3
original r6 (n=3),251.0,8.93586292355681,4.764338500684722,13.107387346428897,3
original r6 (n=3),252.0,8.940135880015383,4.760313941591527,13.11995781843924,3
original r6 (n=3),253.0,8.944408836473956,4.756225115192922,13.13259255775499,3
original r6 (n=3),254.0,8.94868179293253,4.7520724056484855,13.145291180216576,3
original r6 (n=3),255.0,8.952954749391104,4.747856196962073,13.158053301820136,3
original r6 (n=3),256.0,8.957227705849677,4.743576872925344,13.17087853877401,3
original r6 (n=3),257.0,8.961500662308252,4.739234817062341,13.183766507554163,3
original r6 (n=3),258.0,8.965773618766825,4.734830412575157,13.196716824958493,3
original r6 (n=3),259.0,8.970046575225398,4.73036404229068,13.209729108160115,3
original r6 (n=3),260.0,8.974319531683973,4.725836088608422,13.222802974759524,3
original r6 (n=3),261.0,8.978592488142546,4.721246933449403,13.235938042835688,3
original r6 (n=3),262.0,8.982865444601119,4.716596958206143,13.249133930996095,3
original r6 (n=3),263.0,8.987138401059694,4.711886543693705,13.262390258425683,3
original r6 (n=3),264.0,8.991411357518267,4.707116070101814,13.275706644934719,3
original r6 (n=3),265.0,8.99568431397684,4.702285916948054,13.289082711005626,3
original r6 (n=3),266.0,8.999957270435415,4.697396463032118,13.302518077838712,3
original r6 (n=3),267.0,9.0,4.697347270303858,13.302652729696142,3
original r6 (n=3),268.0,9.0,4.697347270303858,13.302652729696142,3
original r6 (n=3),269.0,9.0,4.697347270303858,13.302652729696142,3
original r6 (n=3),270.0,9.0,4.697347270303858,13.302652729696142,3
original r6 (n=3),271.0,9.0,4.697347270303858,13.302652729696142,3
original r6 (n=3),272.0,9.0,4.697347270303858,13.302652729696142,3
original r6 (n=3),273.0,9.0,4.697347270303858,13.302652729696142,3
original r6 (n=3),274.0,9.0,4.697347270303858,13.302652729696142,3
original r6 (n=3),275.0,9.0,4.697347270303858,13.302652729696142,3
original r6 (n=3),276.0,9.0,4.697347270303858,13.302652729696142,3
original r6 (n=3),277.0,9.0,4.697347270303858,13.302652729696142,3
original r6 (n=3),278.0,9.0,4.697347270303858,13.302652729696142,3
original r6 (n=3),279.0,9.0,4.697347270303858,13.302652729696142,3
original r6 (n=3),280.0,9.0,4.697347270303858,13.302652729696142,3
original r6 (n=3),281.0,9.0,4.697347270303858,13.302652729696142,3
original r6 (n=3),282.0,9.0,4.697347270303858,13.302652729696142,3
original r6 (n=3),283.0,9.0,4.697347270303858,13.302652729696142,3
original r6 (n=3),284.0,9.0,4.697347270303858,13.302652729696142,3
original r6 (n=3),285.0,9.0,4.697347270303858,13.302652729696142,3
original r6 (n=3),286.0,9.0,4.697347270303858,13.302652729696142,3
original r6 (n=3),287.0,9.0,4.697347270303858,13.302652729696142,3
original r6 (n=3),288.0,9.0,4.697347270303858,13.302652729696142,3
original r6 (n=3),289.0,9.0,4.697347270303858,13.302652729696142,3
original r6 (n=3),290.0,9.0,4.697347270303858,13.302652729696142,3
original r6 (n=3),291.0,9.0,4.697347270303858,13.302652729696142,3
original r6 (n=3),292.0,9.0,4.697347270303858,13.302652729696142,3
original r6 (n=3),293.0,9.0,4.697347270303858,13.302652729696142,3
original r6 (n=3),294.0,9.0,4.697347270303858,13.302652729696142,3
original r6 (n=3),295.0,9.0,4.697347270303858,13.302652729696142,3
original r6 (n=3),296.0,9.0,4.697347270303858,13.302652729696142,3
original r6 (n=3),297.0,9.0,4.697347270303858,13.302652729696142,3
original r6 (n=3),298.0,9.0,4.697347270303858,13.302652729696142,3
original r6 (n=3),299.0,9.0,4.697347270303858,13.302652729696142,3
original r6 (n=3),300.0,9.0,4.697347270303858,13.302652729696142,3
ours r6 (n=3),0.0,0.0,0.0,0.0,3
ours r6 (n=3),1.0,0.0,0.0,0.0,3
ours r6 (n=3),2.0,0.0,0.0,0.0,3
ours r6 (n=3),3.0,0.0,0.0,0.0,3
ours r6 (n=3),4.0,0.0,0.0,0.0,3
ours r6 (n=3),5.0,0.0,0.0,0.0,3
ours r6 (n=3),6.0,0.0,0.0,0.0,3
ours r6 (n=3),7.0,0.0,0.0,0.0,3
ours r6 (n=3),8.0,0.0,0.0,0.0,3
ours r6 (n=3),9.0,0.0,0.0,0.0,3
ours r6 (n=3),10.0,0.0,0.0,0.0,3
ours r6 (n=3),11.0,0.0,0.0,0.0,3
ours r6 (n=3),12.0,0.0,0.0,0.0,3
ours r6 (n=3),13.0,0.0,0.0,0.0,3
ours r6 (n=3),14.0,0.0,0.0,0.0,3
ours r6 (n=3),15.0,0.0,0.0,0.0,3
ours r6 (n=3),16.0,0.0,0.0,0.0,3
ours r6 (n=3),17.0,0.0,0.0,0.0,3
ours r6 (n=3),18.0,0.0,0.0,0.0,3
ours r6 (n=3),19.0,0.0,0.0,0.0,3
ours r6 (n=3),20.0,0.0,0.0,0.0,3
ours r6 (n=3),21.0,0.0,0.0,0.0,3
ours r6 (n=3),22.0,0.0,0.0,0.0,3
ours r6 (n=3),23.0,0.0,0.0,0.0,3
ours r6 (n=3),24.0,0.0,0.0,0.0,3
ours r6 (n=3),25.0,0.0,0.0,0.0,3
ours r6 (n=3),26.0,0.0,0.0,0.0,3
ours r6 (n=3),27.0,0.0,0.0,0.0,3
ours r6 (n=3),28.0,0.0,0.0,0.0,3
ours r6 (n=3),29.0,0.0,0.0,0.0,3
ours r6 (n=3),30.0,0.0,0.0,0.0,3
ours r6 (n=3),31.0,0.0,0.0,0.0,3
ours r6 (n=3),32.0,0.0,0.0,0.0,3
ours r6 (n=3),33.0,0.0,0.0,0.0,3
ours r6 (n=3),34.0,0.0,0.0,0.0,3
ours r6 (n=3),35.0,0.0,0.0,0.0,3
ours r6 (n=3),36.0,0.0,0.0,0.0,3
ours r6 (n=3),37.0,0.0,0.0,0.0,3
ours r6 (n=3),38.0,0.3333333333333333,-1.1008842432320476,1.767550909898714,3
ours r6 (n=3),39.0,0.34074074074074073,-1.1253483375260926,1.8068298190075742,3
ours r6 (n=3),40.0,0.6814814814814815,-0.7856465167775019,2.1486094797404647,3
ours r6 (n=3),41.0,0.7126984126984127,-0.8205598807129711,2.2459567061097965,3
ours r6 (n=3),42.0,0.743915343915344,-0.8578925433153318,2.3457232311460197,3
ours r6 (n=3),43.0,0.775132275132275,-0.89734705302525,2.4476116032898,3
ours r6 (n=3),44.0,0.8063492063492063,-0.9386656305144586,2.551364043212871,3
ours r6 (n=3),45.0,0.8375661375661375,-0.9816253149408912,2.656757590073166,3
ours r6 (n=3),46.0,0.8687830687830688,-1.0260333822525385,2.7635995198186762,3
ours r6 (n=3),47.0,0.9,-1.0717231822940936,2.871723182294094,3
ours r6 (n=3),48.0,0.9312169312169312,-1.1185504493209084,2.9809843117547707,3
ours r6 (n=3),49.0,0.9624338624338624,-1.1663900859653928,3.0912578108331177,3
ours r6 (n=3),50.0,0.9936507936507937,-1.2151333910263031,3.2024349783278905,3
ours r6 (n=3),51.0,1.0248677248677247,-1.2646856874643337,3.3144211371997834,3
ours r6 (n=3),52.0,1.0560846560846562,-1.3149643024152127,3.427133614584525,3
ours r6 (n=3),53.0,1.0873015873015872,-1.3658968517826795,3.540500026385854,3
ours r6 (n=3),54.0,1.1185185185185185,-1.4174197854801973,3.6544568225172345,3
ours r6 (n=3),55.0,1.1925925925925926,-1.5688481914253822,3.9540333766105675,3
ours r6 (n=3),56.0,1.2666666666666666,-1.728067553295225,4.261400886628558,3
ours r6 (n=3),57.0,1.3407407407407408,-1.8933923139443556,4.574873795425837,3
ours r6 (n=3),58.0,1.4148148148148147,-2.0635620919084596,4.89319172153809,3
ours r6 (n=3),59.0,1.488888888888889,-2.237624349738854,5.215402127516632,3
ours r6 (n=3),60.0,1.5107890499194847,-2.2697141035697843,5.291292203408754,3
ours r6 (n=3),61.0,1.5326892109500807,-2.3018043509414357,5.367182772841597,3
ours r6 (n=3),62.0,1.5545893719806763,-2.333895071295827,5.443073815257179,3
ours r6 (n=3),63.0,1.576489533011272,-2.365986245200938,5.518965311223482,3
ours r6 (n=3),64.0,1.5983896940418678,-2.3980778542746792,5.594857242358415,3
ours r6 (n=3),65.0,1.6202898550724638,-2.4301698811149333,5.670749591259861,3
ours r6 (n=3),66.0,1.6421900161030596,-2.462262309235122,5.746642341441241,3
ours r6 (n=3),67.0,1.6640901771336551,-2.4943551230047776,5.822535477272088,3
ours r6 (n=3),68.0,1.6859903381642514,-2.5264483075947046,5.898428983923208,3
ours r6 (n=3),69.0,1.7078904991948471,-2.558541848926284,5.974322847315978,3
ours r6 (n=3),70.0,1.729790660225443,-2.590635733624582,6.050217054075468,3
ours r6 (n=3),71.0,1.7516908212560385,-2.62272994897494,6.126111591487017,3
ours r6 (n=3),72.0,1.7735909822866345,-2.6548244828827228,6.202006447455992,3
ours r6 (n=3),73.0,1.7954911433172303,-2.686919323835996,6.277901610470456,3
ours r6 (n=3),74.0,1.817391304347826,-2.7190144608708433,6.353797069566495,3
ours r6 (n=3),75.0,1.839291465378422,-2.751109883539148,6.429692814295993,3
ours r6 (n=3),76.0,1.8611916264090176,-2.783205581878623,6.505588834696659,3
ours r6 (n=3),77.0,1.8830917874396136,-2.81530154638489,6.581485121264117,3
ours r6 (n=3),78.0,1.9049919484702091,-2.847397767985475,6.657381664925893,3
ours r6 (n=3),79.0,1.9268921095008051,-2.8794942380155515,6.733278457017162,3
ours r6 (n=3),80.0,1.948792270531401,-2.911590948195312,6.809175489258114,3
ours r6 (n=3),81.0,1.9706924315619967,-2.9436878906088015,6.8850727537327945,3
ours r6 (n=3),82.0,1.9925925925925927,-2.9757850576841642,6.96097024286935,3
ours r6 (n=3),83.0,2.3333333333333335,-3.918276145964971,8.584942812631638,3
ours r6 (n=3),84.0,2.7222222222222228,-3.722897596911037,9.167342041355482,3
ours r6 (n=3),85.0,2.7896825396825395,-3.8557966731988813,9.43516175256396,3
ours r6 (n=3),86.0,2.857142857142857,-3.989772847377465,9.70405856166318,3
ours r6 (n=3),87.0,2.9246031746031744,-4.124733785061057,9.973940134267407,3
ours r6 (n=3),88.0,2.992063492063492,-4.260597032673794,10.244724016800777,3
ours r6 (n=3),89.0,3.0595238095238098,-4.397288781214282,10.5163364002619,3
ours r6 (n=3),90.0,3.1130952380952386,-4.497690522935143,10.72388099912562,3
ours r6 (n=3),91.0,3.1666666666666665,-4.598333521274958,10.931666854608292,3
ours r6 (n=3),92.0,3.220238095238095,-4.699203682354701,11.139679872830891,3
ours r6 (n=3),93.0,3.2738095238095237,-4.800287970656891,11.347907018275938,3
ours r6 (n=3),94.0,3.3273809523809526,-4.901574313212215,11.55633621797412,3
ours r6 (n=3),95.0,3.380952380952381,-5.003051513824637,11.7649562757294,3
ours r6 (n=3),96.0,3.4345238095238098,-5.104709176152184,11.973756795199805,3
ours r6 (n=3),97.0,3.4880952380952386,-5.206537634613973,12.182728110804451,3
ours r6 (n=3),98.0,3.514492753623189,-5.2340477895873665,12.263033296833745,3
ours r6 (n=3),99.0,3.5408902691511392,-5.261604752415343,12.343385290717622,3
ours r6 (n=3),100.0,3.5672877846790887,-5.289207667626368,12.423783236984544,3
ours r6 (n=3),101.0,3.593685300207039,-5.3168556997666645,12.504226300180742,3
ours r6 (n=3),102.0,3.6200828157349894,-5.344548032839771,12.58471366430975,3
ours r6 (n=3),103.0,3.6464803312629397,-5.372283869763979,12.665244532289858,3
ours r6 (n=3),104.0,3.672877846790891,-5.400062431847115,12.745818125428897,3
ours r6 (n=3),105.0,3.6992753623188404,-5.427882958277975,12.826433682915654,3
ours r6 (n=3),106.0,3.7256728778467907,-5.455744705633888,12.907090461327469,3
ours r6 (n=3),107.0,3.752070393374741,-5.483646947403795,12.987787734153276,3
ours r6 (n=3),108.0,3.7784679089026914,-5.511588973526351,13.068524791331733,3
ours r6 (n=3),109.0,3.8048654244306417,-5.539570089942478,13.14930093880376,3
ours r6 (n=3),110.0,3.831262939958592,-5.567589618161936,13.230115498079119,3
ours r6 (n=3),111.0,3.8576604554865424,-5.59564689484332,13.310967805816404,3
ours r6 (n=3),112.0,3.8840579710144927,-5.623741271387139,13.391857213416124,3
ours r6 (n=3),113.0,3.928853754940711,-5.636031988248762,13.493739498130184,3
ours r6 (n=3),114.0,3.9736495388669297,-5.649309878453421,13.59660895618728,3
ours r6 (n=3),115.0,4.0184453227931485,-5.6635571785073235,13.70044782409362,3
ours r6 (n=3),116.0,4.063241106719367,-5.678756262591085,13.80523847602982,3
ours r6 (n=3),117.0,4.108036890645587,-5.694889655686581,13.910963436977756,3
ours r6 (n=3),118.0,4.152832674571805,-5.71194004569829,14.0176053948419,3
ours r6 (n=3),119.0,4.1976284584980235,-5.729890294597093,14.12514721159314,3
ours r6 (n=3),120.0,4.242424242424242,-5.748723448616783,14.233571933465267,3
ours r6 (n=3),121.0,4.2912457912457915,-5.7783221751870615,14.360813757678645,3
ours r6 (n=3),122.0,4.34006734006734,-5.808591949652443,14.488726629787124,3
ours r6 (n=3),123.0,4.388888888888888,-5.839517205357139,14.617294983134915,3
ours r6 (n=3),124.0,4.4907407407407405,-5.851626016258438,14.833107497739919,3
ours r6 (n=3),125.0,4.592592592592593,-5.872658986978457,15.057844172163641,3
ours r6 (n=3),126.0,4.694444444444445,-5.902305655992352,15.291194544881241,3
ours r6 (n=3),127.0,4.796296296296297,-5.940249532715028,15.53284212530762,3
ours r6 (n=3),128.0,4.898148148148148,-5.98617091947266,15.782467215768957,3
ours r6 (n=3),129.0,5.0,-6.039749470574394,16.039749470574392,3
ours r6 (n=3),130.0,5.101851851851852,-6.10066647039523,16.304370174098935,3
ours r6 (n=3),131.0,5.203703703703703,-6.168606823514405,16.57601423092181,3
ours r6 (n=3),132.0,5.388888888888888,-6.294581576311507,17.072359354089283,3
ours r6 (n=3),133.0,5.5740740740740735,-6.451084064650671,17.599232212798817,3
ours r6 (n=3),134.0,5.599395313681029,-6.483406362435453,17.68219698979751,3
ours r6 (n=3),135.0,5.624716553287982,-6.515856370482647,17.76528947705861,3
ours r6 (n=3),136.0,5.650037792894936,-6.54843227430717,17.84850786009704,3
ours r6 (n=3),137.0,5.67535903250189,-6.5811322897918965,17.931850354795678,3
ours r6 (n=3),138.0,5.700680272108843,-6.613954662654916,18.015315206872604,3
ours r6 (n=3),139.0,5.7156130744980915,-6.631463283533983,18.062689432530167,3
ours r6 (n=3),140.0,5.730545876887341,-6.64897223189563,18.110063985670312,3
ours r6 (n=3),141.0,5.745478679276588,-6.666481505171995,18.157438863725172,3
ours r6 (n=3),142.0,5.760411481665837,-6.683991100821949,18.204814064153624,3
ours r6 (n=3),143.0,5.775344284055085,-6.701501016330776,18.252189584440945,3
ours r6 (n=3),144.0,5.790277086444334,-6.719011249209833,18.299565422098503,3
ours r6 (n=3),145.0,5.8052098888335815,-6.736521796996182,18.346941574663344,3
ours r6 (n=3),146.0,5.820142691222831,-6.754032657252299,18.39431803969796,3
ours r6 (n=3),147.0,5.835075493612078,-6.771543827565718,18.441694814789873,3
ours r6 (n=3),148.0,5.850008296001327,-6.789055305548727,18.489071897551383,3
ours r6 (n=3),149.0,5.8649410983905765,-6.806567088838043,18.536449285619195,3
ours r6 (n=3),150.0,5.879873900779824,-6.824079175094505,18.58382697665415,3
ours r6 (n=3),151.0,5.894806703169071,-6.841591562002761,18.631204968340903,3
ours r6 (n=3),152.0,5.909739505558321,-6.859104247270981,18.678583258387622,3
ours r6 (n=3),153.0,5.92467230794757,-6.876617228630528,18.725961844525667,3
ours r6 (n=3),154.0,5.939605110336818,-6.894130503835711,18.773340724509346,3
ours r6 (n=3),155.0,5.954537912726065,-6.911644070663459,18.820719896115587,3
ours r6 (n=3),156.0,5.969470715115314,-6.929157926913049,18.868099357143677,3
ours r6 (n=3),157.0,5.984403517504563,-6.946672070405831,18.915479105414956,3
ours r6 (n=3),158.0,5.999336319893811,-6.964186498984939,18.96285913877256,3
ours r6 (n=3),159.0,6.01426912228306,-6.981701210515047,19.010239455081166,3
ours r6 (n=3),160.0,6.029201924672307,-6.999216202882064,19.057620052226678,3
ours r6 (n=3),161.0,6.044134727061556,-7.016731473992896,19.10500092811601,3
ours r6 (n=3),162.0,6.059067529450805,-7.034247021775182,19.15238208067679,3
ours r6 (n=3),163.0,6.074000331840053,-7.051762844177033,19.19976350785714,3
ours r6 (n=3),164.0,6.088933134229301,-7.0692789391667885,19.24714520762539,3
ours r6 (n=3),165.0,6.10386593661855,-7.086795304732747,19.294527177969847,3
ours r6 (n=3),166.0,6.118798739007798,-7.104311938882959,19.341909416898556,3
ours r6 (n=3),167.0,6.133731541397047,-7.1218288396449445,19.38929192243904,3
ours r6 (n=3),168.0,6.148664343786295,-7.139346005065488,19.43667469263808,3
ours r6 (n=3),169.0,6.163597146175543,-7.156863433210382,19.484057725561467,3
ours r6 (n=3),170.0,6.178529948564791,-7.174381122164211,19.531441019293794,3
ours r6 (n=3),171.0,6.1934627509540405,-7.191899070030116,19.5788245719382,3
ours r6 (n=3),172.0,6.20839555334329,-7.209417274929575,19.626208381616156,3
ours r6 (n=3),173.0,6.223328355732536,-7.22693573500218,19.673592446467254,3
ours r6 (n=3),174.0,6.238261158121785,-7.2444544484054125,19.72097676464898,3
ours r6 (n=3),175.0,6.253193960511034,-7.2619734133144505,19.768361334336518,3
ours r6 (n=3),176.0,6.268126762900283,-7.2794926279219245,19.81574615372249,3
ours r6 (n=3),177.0,6.2830595652895305,-7.2970120904377485,19.863131221016808,3
ours r6 (n=3),178.0,6.29799236767878,-7.314531799088871,19.91051653444643,3
ours r6 (n=3),179.0,6.312925170068027,-7.332051752119112,19.957902092255168,3
ours r6 (n=3),180.0,6.325900730662636,-7.34663450416559,19.998435965490863,3
ours r6 (n=3),181.0,6.338876291257243,-7.361219101213411,20.038971683727897,3
ours r6 (n=3),182.0,6.351851851851852,-7.375805532150284,20.079509235853987,3
ours r6 (n=3),183.0,6.524691358024692,-7.530148035749263,20.579530751798647,3
ours r6 (n=3),184.0,6.697530864197532,-7.711502835023403,21.106564563418466,3
ours r6 (n=3),185.0,6.723311546840958,-7.740871646058278,21.187494739740195,3
ours r6 (n=3),186.0,6.749092229484386,-7.770415450577225,21.268599909545998,3
ours r6 (n=3),187.0,6.774872912127814,-7.800132255834993,21.349878080090622,3
ours r6 (n=3),188.0,6.800653594771241,-7.830020093137737,21.43132728268022,3
ours r6 (n=3),189.0,6.82643427741467,-7.860077017619179,21.51294557244852,3
ours r6 (n=3),190.0,6.852214960058098,-7.890301108015106,21.594731028131303,3
ours r6 (n=3),191.0,6.877995642701525,-7.9206904664363895,21.67668175183944,3
ours r6 (n=3),192.0,6.9037763253449524,-7.9512432181407275,21.75879586883063,3
ours r6 (n=3),193.0,6.9295570079883815,-7.981957511303297,21.84107152728006,3
ours r6 (n=3),194.0,6.955337690631808,-8.012831516786537,21.923506898050153,3
ours r6 (n=3),195.0,6.981118373275236,-8.043863427909152,22.006100174459622,3
ours r6 (n=3),196.0,7.006899055918663,-8.075051460214599,22.088849572051927,3
ours r6 (n=3),197.0,7.032679738562092,-8.106393851239165,22.17175332836335,3
ours r6 (n=3),198.0,7.0584604212055195,-8.137888860279773,22.25480970269081,3
ours r6 (n=3),199.0,7.084241103848947,-8.1695347681617,22.338016975859595,3
ours r6 (n=3),200.0,7.110021786492375,-8.201329877006344,22.421373449991094,3
ours r6 (n=3),201.0,7.135802469135801,-8.233272509999118,22.50487744827072,3
ours r6 (n=3),202.0,7.155308641975307,-8.25697983161481,22.567597115565427,3
ours r6 (n=3),203.0,7.174814814814815,-8.280726329171415,22.630355958801044,3
ours r6 (n=3),204.0,7.194320987654321,-8.304511674683443,22.693153649992084,3
ours r6 (n=3),205.0,7.213827160493827,-8.328335543526773,22.755989864514426,3
ours r6 (n=3),206.0,7.233333333333333,-8.352197614400026,22.818864281066695,3
ours r6 (n=3),207.0,7.25283950617284,-8.37609756928639,22.88177658163207,3
ours r6 (n=3),208.0,7.2723456790123455,-8.400035093415891,22.94472645144058,3
ours r6 (n=3),209.0,7.2918518518518525,-8.42400987522811,23.007713578931813,3
ours r6 (n=3),210.0,7.3113580246913585,-8.448021606335352,23.07073765571807,3
ours r6 (n=3),211.0,7.330864197530865,-8.472069981486236,23.133798376547965,3
ours r6 (n=3),212.0,7.350370370370371,-8.496154698529702,23.196895439270442,3
ours r6 (n=3),213.0,7.369876543209877,-8.520275458379487,23.26002854479924,3
ours r6 (n=3),214.0,7.389382716049383,-8.54443196497898,23.323197397077745,3
ours r6 (n=3),215.0,7.408888888888889,-8.568623925266497,23.386401703044275,3
ours r6 (n=3),216.0,7.428395061728395,-8.592851049141032,23.449641172597822,3
ours r6 (n=3),217.0,7.447901234567901,-8.617113049428305,23.512915518564107,3
ours r6 (n=3),218.0,7.467407407407407,-8.641409641847325,23.57622445666214,3
ours r6 (n=3),219.0,7.486913580246913,-8.665740544977282,23.63956770547111,3
ours r6 (n=3),220.0,7.506419753086419,-8.690105480224855,23.702944986397693,3
ours r6 (n=3),221.0,7.525925925925926,-8.714504171791923,23.766356023643773,3
ours r6 (n=3),222.0,7.545432098765431,-8.738936346643651,23.829800544174514,3
ours r6 (n=3),223.0,7.564938271604938,-8.763401734476965,23.89327827768684,3
ours r6 (n=3),224.0,7.584444444444444,-8.787900067689389,23.956788956578276,3
ours r6 (n=3),225.0,7.60395061728395,-8.81243108134828,24.02033231591618,3
ours r6 (n=3),226.0,7.6234567901234565,-8.836994513160423,24.083908093407334,3
ours r6 (n=3),227.0,7.650462962962963,-8.87260651425063,24.173532440176555,3
ours r6 (n=3),228.0,7.677469135802468,-8.908365550511771,24.263303822116708,3
ours r6 (n=3),229.0,7.704475308641975,-8.944269958990994,24.353220576274943,3
ours r6 (n=3),230.0,7.731481481481481,-8.98031809795302,24.443281060915982,3
ours r6 (n=3),231.0,7.758487654320987,-9.016508346623773,24.533483655265748,3
ours r6 (n=3),232.0,7.785493827160494,-9.052839104935483,24.62382675925647,3
ours r6 (n=3),233.0,7.8125,-9.089308793273354,24.714308793273354,3
ours r6 (n=3),234.0,7.8999999999999995,-9.172009379867397,24.972009379867394,3
ours r6 (n=3),235.0,7.9875,-9.256776502886815,25.231776502886817,3
ours r6 (n=3),236.0,8.075000000000001,-9.343548849131315,25.493548849131315,3
ours r6 (n=3),237.0,8.1625,-9.432266834799472,25.757266834799474,3
ours r6 (n=3),238.0,8.25,-9.52287258695597,26.02287258695597,3
ours r6 (n=3),239.0,8.283653846153847,-9.563103552532617,26.13041124484031,3
ours r6 (n=3),240.0,8.317307692307692,-9.603372146143775,26.237987530759156,3
ours r6 (n=3),241.0,8.350961538461538,-9.64367790405864,26.345600980981715,3
ours r6 (n=3),242.0,8.384615384615385,-9.684020369907879,26.45325113913865,3
ours r6 (n=3),243.0,8.397435897435898,-9.696022717547386,26.49089451241918,3
ours r6 (n=3),244.0,8.41025641025641,-9.708159000987548,26.528671821500367,3
ours r6 (n=3),245.0,8.423076923076923,-9.72042866753334,26.566582513687187,3
ours r6 (n=3),246.0,8.435897435897436,-9.732831164596943,26.604626036391814,3
ours r6 (n=3),247.0,8.448717948717949,-9.745365939737457,26.642801837173355,3
ours r6 (n=3),248.0,8.461538461538462,-9.758032440700044,26.68110936377697,3
ours r6 (n=3),249.0,8.474358974358974,-9.770830115454615,26.719548064172564,3
ours r6 (n=3),250.0,8.487179487179487,-9.78375841223397,26.758117386592943,3
ours r6 (n=3),251.0,8.5,-9.796816779571433,26.796816779571433,3
ours r6 (n=3),252.0,8.512820512820513,-9.810004666337962,26.83564569197899,3
ours r6 (n=3),253.0,8.525641025641026,-9.823321521778766,26.874603573060817,3
ours r6 (n=3),254.0,8.538461538461538,-9.836766795549389,26.913689872472467,3
ours r6 (n=3),255.0,8.551282051282051,-9.850339937751286,26.95290404031539,3
ours r6 (n=3),256.0,8.564102564102564,-9.86404039896688,26.99224552717201,3
ours r6 (n=3),257.0,8.576923076923077,-9.877867630294112,27.031713784140265,3
ours r6 (n=3),258.0,8.58974358974359,-9.891821083380476,27.071308262867653,3
ours r6 (n=3),259.0,8.602564102564102,-9.90590021045653,27.111028415584734,3
ours r6 (n=3),260.0,8.615384615384615,-9.92010446436892,27.150873695138152,3
ours r6 (n=3),261.0,8.62820512820513,-9.934433298612868,27.19084355502313,3
ours r6 (n=3),262.0,8.64102564102564,-9.948886167364174,27.230937449415457,3
ours r6 (n=3),263.0,8.653846153846153,-9.963462525510689,27.271154833202996,3
ours r6 (n=3),264.0,8.666666666666666,-9.978161828683282,27.311495162016612,3
ours r6 (n=3),265.0,8.694444444444445,-10.010429499702179,27.39931838859107,3
ours r6 (n=3),266.0,8.722222222222221,-10.043266262740659,27.4877107071851,3
ours r6 (n=3),267.0,8.75,-10.076666621034935,27.576666621034935,3
ours r6 (n=3),268.0,8.777777777777779,-10.1106250982561,27.666180653811658,3
ours r6 (n=3),269.0,8.805555555555555,-10.14513623980105,27.75624735091216,3
ours r6 (n=3),270.0,8.833333333333334,-10.180194614033107,27.846861280699777,3
ours r6 (n=3),271.0,8.861111111111112,-10.215794813472955,27.938017035695182,3
ours r6 (n=3),272.0,8.888888888888888,-10.25193145594048,28.029709233718258,3
ours r6 (n=3),273.0,8.916666666666666,-10.288599185648279,28.12193251898161,3
ours r6 (n=3),274.0,8.944444444444445,-10.32579267424749,28.21468156313638,3
ours r6 (n=3),275.0,8.972222222222221,-10.363506621826758,28.3079510662712,3
ours r6 (n=3),276.0,9.0,-10.40173575786508,28.40173575786508,3
ours r6 (n=3),277.0,9.0,-10.40173575786508,28.40173575786508,3
ours r6 (n=3),278.0,9.0,-10.40173575786508,28.40173575786508,3
ours r6 (n=3),279.0,9.0,-10.40173575786508,28.40173575786508,3
ours r6 (n=3),280.0,9.0,-10.40173575786508,28.40173575786508,3
ours r6 (n=3),281.0,9.0,-10.40173575786508,28.40173575786508,3
ours r6 (n=3),282.0,9.0,-10.40173575786508,28.40173575786508,3
ours r6 (n=3),283.0,9.0,-10.40173575786508,28.40173575786508,3
ours r6 (n=3),284.0,9.0,-10.40173575786508,28.40173575786508,3
ours r6 (n=3),285.0,9.0,-10.40173575786508,28.40173575786508,3
ours r6 (n=3),286.0,9.0,-10.40173575786508,28.40173575786508,3
ours r6 (n=3),287.0,9.0,-10.40173575786508,28.40173575786508,3
ours r6 (n=3),288.0,9.0,-10.40173575786508,28.40173575786508,3
ours r6 (n=3),289.0,9.0,-10.40173575786508,28.40173575786508,3
ours r6 (n=3),290.0,9.0,-10.40173575786508,28.40173575786508,3
ours r6 (n=3),291.0,9.0,-10.40173575786508,28.40173575786508,3
ours r6 (n=3),292.0,9.0,-10.40173575786508,28.40173575786508,3
ours r6 (n=3),293.0,9.0,-10.40173575786508,28.40173575786508,3
ours r6 (n=3),294.0,9.0,-10.40173575786508,28.40173575786508,3
ours r6 (n=3),295.0,9.0,-10.40173575786508,28.40173575786508,3
ours r6 (n=3),296.0,9.0,-10.40173575786508,28.40173575786508,3
ours r6 (n=3),297.0,9.0,-10.40173575786508,28.40173575786508,3
ours r6 (n=3),298.0,9.0,-10.40173575786508,28.40173575786508,3
ours r6 (n=3),299.0,9.0,-10.40173575786508,28.40173575786508,3
ours r6 (n=3),300.0,9.0,-10.40173575786508,28.40173575786508,3
