timestamp,run_id,task_id,robot_id,event,status,allocation_cost,duration,path,collision_flag,message
23.000,original,-,fleet,REPLAN_FULL,OK,,,robot1|robot2|robot3|robot4,0,original_full_optimization
23.000,original,-,robot1,MIN_DISTANCE,OK,12.510,9.500,,0,nearest_robot=robot2
23.000,original,-,robot2,MIN_DISTANCE,OK,12.510,9.500,,0,nearest_robot=robot1
23.000,original,-,robot3,MIN_DISTANCE,OK,6.490,9.500,,0,nearest_robot=robot4
23.000,original,-,robot4,MIN_DISTANCE,OK,6.490,9.500,,0,nearest_robot=robot3
23.000,original,-,fleet,MIN_DISTANCE_AVG,OK,9.500,,,0,robots_sampled=4
24.000,original,-,robot1,MIN_DISTANCE,OK,12.510,9.500,,0,nearest_robot=robot2
24.000,original,-,robot2,MIN_DISTANCE,OK,12.510,9.500,,0,nearest_robot=robot1
24.000,original,-,robot3,MIN_DISTANCE,OK,6.490,9.500,,0,nearest_robot=robot4
24.000,original,-,robot4,MIN_DISTANCE,OK,6.490,9.500,,0,nearest_robot=robot3
24.000,original,-,fleet,MIN_DISTANCE_AVG,OK,9.500,,,0,robots_sampled=4
25.000,original,-,robot1,MIN_DISTANCE,OK,12.510,9.500,,0,nearest_robot=robot2
25.000,original,-,robot2,MIN_DISTANCE,OK,12.510,9.500,,0,nearest_robot=robot1
25.000,original,-,robot3,MIN_DISTANCE,OK,6.490,9.500,,0,nearest_robot=robot4
25.000,original,-,robot4,MIN_DISTANCE,OK,6.490,9.500,,0,nearest_robot=robot3
25.000,original,-,fleet,MIN_DISTANCE_AVG,OK,9.500,,,0,robots_sampled=4
26.000,original,-,robot1,MIN_DISTANCE,OK,12.510,9.500,,0,nearest_robot=robot2
26.000,original,-,robot2,MIN_DISTANCE,OK,12.510,9.500,,0,nearest_robot=robot1
26.000,original,-,robot3,MIN_DISTANCE,OK,6.490,9.500,,0,nearest_robot=robot4
26.000,original,-,robot4,MIN_DISTANCE,OK,6.490,9.500,,0,nearest_robot=robot3
26.000,original,-,fleet,MIN_DISTANCE_AVG,OK,9.500,,,0,robots_sampled=4
27.000,original,-,robot1,MIN_DISTANCE,OK,12.510,9.500,,0,nearest_robot=robot2
27.000,original,-,robot2,MIN_DISTANCE,OK,12.510,9.500,,0,nearest_robot=robot1
27.000,original,-,robot3,MIN_DISTANCE,OK,6.490,9.500,,0,nearest_robot=robot4
27.000,original,-,robot4,MIN_DISTANCE,OK,6.490,9.500,,0,nearest_robot=robot3
27.000,original,-,fleet,MIN_DISTANCE_AVG,OK,9.500,,,0,robots_sampled=4
28.000,original,-,robot1,MIN_DISTANCE,OK,12.510,9.500,,0,nearest_robot=robot2
28.000,original,-,robot2,MIN_DISTANCE,OK,12.510,9.500,,0,nearest_robot=robot1
28.000,original,-,robot3,MIN_DISTANCE,OK,6.490,9.500,,0,nearest_robot=robot4
28.000,original,-,robot4,MIN_DISTANCE,OK,6.490,9.500,,0,nearest_robot=robot3
28.000,original,-,fleet,MIN_DISTANCE_AVG,OK,9.500,,,0,robots_sampled=4
29.000,original,-,robot1,MIN_DISTANCE,OK,12.510,9.500,,0,nearest_robot=robot2
29.000,original,-,robot2,MIN_DISTANCE,OK,12.510,9.500,,0,nearest_robot=robot1
29.000,original,-,robot3,MIN_DISTANCE,OK,6.490,9.500,,0,nearest_robot=robot4
29.000,original,-,robot4,MIN_DISTANCE,OK,6.490,9.500,,0,nearest_robot=robot3
29.000,original,-,fleet,MIN_DISTANCE_AVG,OK,9.500,,,0,robots_sampled=4
30.000,original,-,robot1,MIN_DISTANCE,OK,12.510,9.500,,0,nearest_robot=robot2
30.000,original,-,robot2,MIN_DISTANCE,OK,12.510,9.500,,0,nearest_robot=robot1
30.000,original,-,robot3,MIN_DISTANCE,OK,6.490,9.500,,0,nearest_robot=robot4
30.000,original,-,robot4,MIN_DISTANCE,OK,6.490,9.500,,0,nearest_robot=robot3
30.000,original,-,fleet,MIN_DISTANCE_AVG,OK,9.500,,,0,robots_sampled=4
30.720,original,-,fleet,CHOMP_TIME_FULL,OK,,7.719,,0,iterations=100;iterations_executed=100;source=algorithm;round_trip=7.744740
31.000,original,-,robot1,MIN_DISTANCE,OK,12.512,9.493,,0,nearest_robot=robot2
31.000,original,-,robot2,MIN_DISTANCE,OK,12.512,9.493,,0,nearest_robot=robot1
31.000,original,-,robot3,MIN_DISTANCE,OK,6.474,9.493,,0,nearest_robot=robot4
31.000,original,-,robot4,MIN_DISTANCE,OK,6.474,9.493,,0,nearest_robot=robot3
31.000,original,-,fleet,MIN_DISTANCE_AVG,OK,9.493,,,0,robots_sampled=4
31.500,original,-,fleet,REPLAN_FULL,OK,,,robot1|robot2|robot3|robot4,0,original_full_optimization
32.000,original,-,robot1,MIN_DISTANCE,OK,12.616,9.441,,0,nearest_robot=robot2
32.000,original,-,robot2,MIN_DISTANCE,OK,12.616,9.441,,0,nearest_robot=robot1
32.000,original,-,robot3,MIN_DISTANCE,OK,6.265,9.441,,0,nearest_robot=robot4
32.000,original,-,robot4,MIN_DISTANCE,OK,6.265,9.441,,0,nearest_robot=robot3
32.000,original,-,fleet,MIN_DISTANCE_AVG,OK,9.441,,,0,robots_sampled=4
33.000,original,-,robot1,MIN_DISTANCE,OK,12.850,9.436,,0,nearest_robot=robot2
33.000,original,-,robot2,MIN_DISTANCE,OK,12.850,9.436,,0,nearest_robot=robot1
33.000,original,-,robot3,MIN_DISTANCE,OK,6.022,9.436,,0,nearest_robot=robot4
33.000,original,-,robot4,MIN_DISTANCE,OK,6.022,9.436,,0,nearest_robot=robot3
33.000,original,-,fleet,MIN_DISTANCE_AVG,OK,9.436,,,0,robots_sampled=4
34.000,original,-,robot1,MIN_DISTANCE,OK,13.206,9.491,,0,nearest_robot=robot2
34.000,original,-,robot2,MIN_DISTANCE,OK,13.206,9.491,,0,nearest_robot=robot1
34.000,original,-,robot3,MIN_DISTANCE,OK,5.777,9.491,,0,nearest_robot=robot4
34.000,original,-,robot4,MIN_DISTANCE,OK,5.777,9.491,,0,nearest_robot=robot3
34.000,original,-,fleet,MIN_DISTANCE_AVG,OK,9.491,,,0,robots_sampled=4
35.000,original,-,robot1,MIN_DISTANCE,OK,13.394,9.400,,0,nearest_robot=robot2
35.000,original,-,robot2,MIN_DISTANCE,OK,13.394,9.400,,0,nearest_robot=robot1
35.000,original,-,robot3,MIN_DISTANCE,OK,5.407,9.400,,0,nearest_robot=robot4
35.000,original,-,robot4,MIN_DISTANCE,OK,5.407,9.400,,0,nearest_robot=robot3
35.000,original,-,fleet,MIN_DISTANCE_AVG,OK,9.400,,,0,robots_sampled=4
36.000,original,-,robot1,MIN_DISTANCE,OK,13.456,9.207,,0,nearest_robot=robot2
36.000,original,-,robot2,MIN_DISTANCE,OK,13.456,9.207,,0,nearest_robot=robot1
36.000,original,-,robot3,MIN_DISTANCE,OK,4.958,9.207,,0,nearest_robot=robot4
36.000,original,-,robot4,MIN_DISTANCE,OK,4.958,9.207,,0,nearest_robot=robot3
36.000,original,-,fleet,MIN_DISTANCE_AVG,OK,9.207,,,0,robots_sampled=4
37.000,original,-,robot1,MIN_DISTANCE,OK,13.569,9.039,,0,nearest_robot=robot2
37.000,original,-,robot2,MIN_DISTANCE,OK,13.569,9.039,,0,nearest_robot=robot1
37.000,original,-,robot3,MIN_DISTANCE,OK,4.508,9.039,,0,nearest_robot=robot4
37.000,original,-,robot4,MIN_DISTANCE,OK,4.508,9.039,,0,nearest_robot=robot3
37.000,original,-,fleet,MIN_DISTANCE_AVG,OK,9.039,,,0,robots_sampled=4
38.000,original,-,robot1,MIN_DISTANCE,OK,13.740,8.912,,0,nearest_robot=robot2
38.000,original,-,robot2,MIN_DISTANCE,OK,13.740,8.912,,0,nearest_robot=robot1
38.000,original,-,robot3,MIN_DISTANCE,OK,4.084,8.912,,0,nearest_robot=robot4
38.000,original,-,robot4,MIN_DISTANCE,OK,4.084,8.912,,0,nearest_robot=robot3
38.000,original,-,fleet,MIN_DISTANCE_AVG,OK,8.912,,,0,robots_sampled=4
39.000,original,-,robot1,MIN_DISTANCE,OK,13.925,8.810,,0,nearest_robot=robot2
39.000,original,-,robot2,MIN_DISTANCE,OK,13.925,8.810,,0,nearest_robot=robot1
39.000,original,-,robot3,MIN_DISTANCE,OK,3.696,8.810,,0,nearest_robot=robot4
39.000,original,-,robot4,MIN_DISTANCE,OK,3.696,8.810,,0,nearest_robot=robot3
39.000,original,-,fleet,MIN_DISTANCE_AVG,OK,8.810,,,0,robots_sampled=4
39.080,original,-,fleet,CHOMP_TIME_FULL,OK,,7.605,,0,iterations=100;iterations_executed=100;source=algorithm;round_trip=7.617546
40.000,original,-,fleet,REPLAN_FULL,OK,,,robot1|robot2|robot3|robot4,0,original_full_optimization
40.000,original,-,robot1,MIN_DISTANCE,OK,14.164,8.729,,0,nearest_robot=robot2
40.000,original,-,robot2,MIN_DISTANCE,OK,13.963,8.729,,0,nearest_robot=robot3
40.000,original,-,robot3,MIN_DISTANCE,OK,3.394,8.729,,0,nearest_robot=robot4
40.000,original,-,robot4,MIN_DISTANCE,OK,3.394,8.729,,0,nearest_robot=robot3
40.000,original,-,fleet,MIN_DISTANCE_AVG,OK,8.729,,,0,robots_sampled=4
41.000,original,-,robot1,MIN_DISTANCE,OK,14.418,8.675,,0,nearest_robot=robot2
41.000,original,-,robot2,MIN_DISTANCE,OK,13.976,8.675,,0,nearest_robot=robot3
41.000,original,-,robot3,MIN_DISTANCE,OK,3.153,8.675,,0,nearest_robot=robot4
41.000,original,-,robot4,MIN_DISTANCE,OK,3.153,8.675,,0,nearest_robot=robot3
41.000,original,-,fleet,MIN_DISTANCE_AVG,OK,8.675,,,0,robots_sampled=4
42.000,original,-,robot1,MIN_DISTANCE,OK,14.677,8.638,,0,nearest_robot=robot2
42.000,original,-,robot2,MIN_DISTANCE,OK,14.052,8.638,,0,nearest_robot=robot3
42.000,original,-,robot3,MIN_DISTANCE,OK,2.912,8.638,,0,nearest_robot=robot4
42.000,original,-,robot4,MIN_DISTANCE,OK,2.912,8.638,,0,nearest_robot=robot3
42.000,original,-,fleet,MIN_DISTANCE_AVG,OK,8.638,,,0,robots_sampled=4
43.000,original,-,robot1,MIN_DISTANCE,OK,14.915,8.609,,0,nearest_robot=robot2
43.000,original,-,robot2,MIN_DISTANCE,OK,14.205,8.609,,0,nearest_robot=robot3
43.000,original,-,robot3,MIN_DISTANCE,OK,2.657,8.609,,0,nearest_robot=robot4
43.000,original,-,robot4,MIN_DISTANCE,OK,2.657,8.609,,0,nearest_robot=robot3
43.000,original,-,fleet,MIN_DISTANCE_AVG,OK,8.609,,,0,robots_sampled=4
44.000,original,-,robot1,MIN_DISTANCE,OK,15.186,8.600,,0,nearest_robot=robot2
44.000,original,-,robot2,MIN_DISTANCE,OK,14.498,8.600,,0,nearest_robot=robot3
44.000,original,-,robot3,MIN_DISTANCE,OK,2.358,8.600,,0,nearest_robot=robot4
44.000,original,-,robot4,MIN_DISTANCE,OK,2.358,8.600,,0,nearest_robot=robot3
44.000,original,-,fleet,MIN_DISTANCE_AVG,OK,8.600,,,0,robots_sampled=4
45.000,original,-,robot1,MIN_DISTANCE,OK,15.387,8.576,,0,nearest_robot=robot2
45.000,original,-,robot2,MIN_DISTANCE,OK,14.673,8.576,,0,nearest_robot=robot3
45.000,original,-,robot3,MIN_DISTANCE,OK,2.121,8.576,,0,nearest_robot=robot4
45.000,original,-,robot4,MIN_DISTANCE,OK,2.121,8.576,,0,nearest_robot=robot3
45.000,original,-,fleet,MIN_DISTANCE_AVG,OK,8.576,,,0,robots_sampled=4
46.000,original,-,robot1,MIN_DISTANCE,OK,15.762,8.590,,0,nearest_robot=robot2
46.000,original,-,robot2,MIN_DISTANCE,OK,14.556,8.590,,0,nearest_robot=robot4
46.000,original,-,robot3,MIN_DISTANCE,OK,2.021,8.590,,0,nearest_robot=robot4
46.000,original,-,robot4,MIN_DISTANCE,OK,2.021,8.590,,0,nearest_robot=robot3
46.000,original,-,fleet,MIN_DISTANCE_AVG,OK,8.590,,,0,robots_sampled=4
47.000,original,-,robot1,MIN_DISTANCE,OK,16.189,8.590,,0,nearest_robot=robot2
47.000,original,-,robot2,MIN_DISTANCE,OK,14.216,8.590,,0,nearest_robot=robot4
47.000,original,-,robot3,MIN_DISTANCE,OK,1.977,8.590,,0,nearest_robot=robot4
47.000,original,-,robot4,MIN_DISTANCE,OK,1.977,8.590,,0,nearest_robot=robot3
47.000,original,-,fleet,MIN_DISTANCE_AVG,OK,8.590,,,0,robots_sampled=4
47.690,original,-,fleet,CHOMP_TIME_FULL,OK,,7.707,,0,iterations=100;iterations_executed=100;source=algorithm;round_trip=7.726490
48.000,original,-,robot1,MIN_DISTANCE,OK,16.565,8.600,,0,nearest_robot=robot2
48.000,original,-,robot2,MIN_DISTANCE,OK,13.985,8.600,,0,nearest_robot=robot4
48.000,original,-,robot3,MIN_DISTANCE,OK,1.926,8.600,,0,nearest_robot=robot4
48.000,original,-,robot4,MIN_DISTANCE,OK,1.926,8.600,,0,nearest_robot=robot3
48.000,original,-,fleet,MIN_DISTANCE_AVG,OK,8.600,,,0,robots_sampled=4
48.500,original,-,fleet,REPLAN_FULL,OK,,,robot1|robot2|robot3|robot4,0,original_full_optimization
49.000,original,-,robot1,MIN_DISTANCE,OK,16.906,8.592,,0,nearest_robot=robot2
49.000,original,-,robot2,MIN_DISTANCE,OK,13.976,8.592,,0,nearest_robot=robot4
49.000,original,-,robot3,MIN_DISTANCE,OK,1.743,8.592,,0,nearest_robot=robot4
49.000,original,-,robot4,MIN_DISTANCE,OK,1.743,8.592,,0,nearest_robot=robot3
49.000,original,-,fleet,MIN_DISTANCE_AVG,OK,8.592,,,0,robots_sampled=4
50.000,original,-,robot1,MIN_DISTANCE,OK,17.307,8.445,,0,nearest_robot=robot2
50.000,original,-,robot2,MIN_DISTANCE,OK,13.627,8.445,,0,nearest_robot=robot4
50.000,original,-,robot3,MIN_DISTANCE,OK,1.422,8.445,,0,nearest_robot=robot4
50.000,original,-,robot4,MIN_DISTANCE,OK,1.422,8.445,,0,nearest_robot=robot3
50.000,original,-,fleet,MIN_DISTANCE_AVG,OK,8.445,,,0,robots_sampled=4
51.000,original,-,robot1,MIN_DISTANCE,OK,17.415,8.197,,0,nearest_robot=robot2
51.000,original,-,robot2,MIN_DISTANCE,OK,13.370,8.197,,0,nearest_robot=robot4
51.000,original,-,robot3,MIN_DISTANCE,OK,1.002,8.197,,0,nearest_robot=robot4
51.000,original,-,robot4,MIN_DISTANCE,OK,1.002,8.197,,0,nearest_robot=robot3
51.000,original,-,fleet,MIN_DISTANCE_AVG,OK,8.197,,,0,robots_sampled=4
52.000,original,-,robot1,MIN_DISTANCE,OK,17.430,8.028,,0,nearest_robot=robot2
52.000,original,-,robot2,MIN_DISTANCE,OK,13.115,8.028,,0,nearest_robot=robot3
52.000,original,-,robot3,MIN_DISTANCE,OK,0.783,8.028,,0,nearest_robot=robot4
52.000,original,-,robot4,MIN_DISTANCE,OK,0.783,8.028,,0,nearest_robot=robot3
52.000,original,-,fleet,MIN_DISTANCE_AVG,OK,8.028,,,0,robots_sampled=4
53.000,original,-,robot1,MIN_DISTANCE,OK,17.436,7.900,,0,nearest_robot=robot2
53.000,original,-,robot2,MIN_DISTANCE,OK,12.651,7.900,,0,nearest_robot=robot3
53.000,original,-,robot3,MIN_DISTANCE,OK,0.757,7.900,,0,nearest_robot=robot4
53.000,original,-,robot4,MIN_DISTANCE,OK,0.757,7.900,,0,nearest_robot=robot3
53.000,original,-,fleet,MIN_DISTANCE_AVG,OK,7.900,,,0,robots_sampled=4
54.000,original,-,robot1,MIN_DISTANCE,OK,17.462,7.883,,0,nearest_robot=robot2
54.000,original,-,robot2,MIN_DISTANCE,OK,12.194,7.883,,0,nearest_robot=robot3
54.000,original,-,robot3,MIN_DISTANCE,OK,0.937,7.883,,0,nearest_robot=robot4
54.000,original,-,robot4,MIN_DISTANCE,OK,0.937,7.883,,0,nearest_robot=robot3
54.000,original,-,fleet,MIN_DISTANCE_AVG,OK,7.883,,,0,robots_sampled=4
55.000,original,-,robot1,MIN_DISTANCE,OK,17.479,7.913,,0,nearest_robot=robot2
55.000,original,-,robot2,MIN_DISTANCE,OK,11.799,7.913,,0,nearest_robot=robot3
55.000,original,-,robot3,MIN_DISTANCE,OK,1.187,7.913,,0,nearest_robot=robot4
55.000,original,-,robot4,MIN_DISTANCE,OK,1.187,7.913,,0,nearest_robot=robot3
55.000,original,-,fleet,MIN_DISTANCE_AVG,OK,7.913,,,0,robots_sampled=4
56.000,original,-,robot1,MIN_DISTANCE,OK,17.342,7.935,,0,nearest_robot=robot2
56.000,original,-,robot2,MIN_DISTANCE,OK,11.452,7.935,,0,nearest_robot=robot3
56.000,original,-,robot3,MIN_DISTANCE,OK,1.473,7.935,,0,nearest_robot=robot4
56.000,original,-,robot4,MIN_DISTANCE,OK,1.473,7.935,,0,nearest_robot=robot3
56.000,original,-,fleet,MIN_DISTANCE_AVG,OK,7.935,,,0,robots_sampled=4
56.180,original,-,fleet,CHOMP_TIME_FULL,OK,,7.688,,0,iterations=100;iterations_executed=100;source=algorithm;round_trip=7.702825
57.000,original,-,fleet,REPLAN_FULL,OK,,,robot1|robot2|robot3|robot4,0,original_full_optimization
57.000,original,-,robot1,MIN_DISTANCE,OK,17.219,7.912,,0,nearest_robot=robot2
57.000,original,-,robot2,MIN_DISTANCE,OK,11.167,7.912,,0,nearest_robot=robot3
57.000,original,-,robot3,MIN_DISTANCE,OK,1.631,7.912,,0,nearest_robot=robot4
57.000,original,-,robot4,MIN_DISTANCE,OK,1.631,7.912,,0,nearest_robot=robot3
57.000,original,-,fleet,MIN_DISTANCE_AVG,OK,7.912,,,0,robots_sampled=4
58.000,original,-,robot1,MIN_DISTANCE,OK,17.049,7.788,,0,nearest_robot=robot2
58.000,original,-,robot2,MIN_DISTANCE,OK,10.927,7.788,,0,nearest_robot=robot3
58.000,original,-,robot3,MIN_DISTANCE,OK,1.588,7.788,,0,nearest_robot=robot4
58.000,original,-,robot4,MIN_DISTANCE,OK,1.588,7.788,,0,nearest_robot=robot3
58.000,original,-,fleet,MIN_DISTANCE_AVG,OK,7.788,,,0,robots_sampled=4
59.000,original,-,robot1,MIN_DISTANCE,OK,16.929,7.670,,0,nearest_robot=robot2
59.000,original,-,robot2,MIN_DISTANCE,OK,10.712,7.670,,0,nearest_robot=robot3
59.000,original,-,robot3,MIN_DISTANCE,OK,1.519,7.670,,0,nearest_robot=robot4
59.000,original,-,robot4,MIN_DISTANCE,OK,1.519,7.670,,0,nearest_robot=robot3
59.000,original,-,fleet,MIN_DISTANCE_AVG,OK,7.670,,,0,robots_sampled=4
60.000,original,-,robot1,MIN_DISTANCE,OK,16.809,7.593,,0,nearest_robot=robot2
60.000,original,-,robot2,MIN_DISTANCE,OK,10.505,7.593,,0,nearest_robot=robot3
60.000,original,-,robot3,MIN_DISTANCE,OK,1.529,7.593,,0,nearest_robot=robot4
60.000,original,-,robot4,MIN_DISTANCE,OK,1.529,7.593,,0,nearest_robot=robot3
60.000,original,-,fleet,MIN_DISTANCE_AVG,OK,7.593,,,0,robots_sampled=4
61.000,original,-,robot1,MIN_DISTANCE,OK,16.802,7.547,,0,nearest_robot=robot2
61.000,original,-,robot2,MIN_DISTANCE,OK,10.296,7.547,,0,nearest_robot=robot3
61.000,original,-,robot3,MIN_DISTANCE,OK,1.545,7.547,,0,nearest_robot=robot4
61.000,original,-,robot4,MIN_DISTANCE,OK,1.545,7.547,,0,nearest_robot=robot3
61.000,original,-,fleet,MIN_DISTANCE_AVG,OK,7.547,,,0,robots_sampled=4
62.000,original,-,robot1,MIN_DISTANCE,OK,16.881,7.523,,0,nearest_robot=robot2
62.000,original,-,robot2,MIN_DISTANCE,OK,10.086,7.523,,0,nearest_robot=robot3
62.000,original,-,robot3,MIN_DISTANCE,OK,1.563,7.523,,0,nearest_robot=robot4
62.000,original,-,robot4,MIN_DISTANCE,OK,1.563,7.523,,0,nearest_robot=robot3
62.000,original,-,fleet,MIN_DISTANCE_AVG,OK,7.523,,,0,robots_sampled=4
63.000,original,-,robot1,MIN_DISTANCE,OK,17.034,7.525,,0,nearest_robot=robot2
63.000,original,-,robot2,MIN_DISTANCE,OK,9.830,7.525,,0,nearest_robot=robot3
63.000,original,-,robot3,MIN_DISTANCE,OK,1.617,7.525,,0,nearest_robot=robot4
63.000,original,-,robot4,MIN_DISTANCE,OK,1.617,7.525,,0,nearest_robot=robot3
63.000,original,-,fleet,MIN_DISTANCE_AVG,OK,7.525,,,0,robots_sampled=4
64.000,original,-,robot1,MIN_DISTANCE,OK,17.214,7.522,,0,nearest_robot=robot2
64.000,original,-,robot2,MIN_DISTANCE,OK,9.566,7.522,,0,nearest_robot=robot3
64.000,original,-,robot3,MIN_DISTANCE,OK,1.655,7.522,,0,nearest_robot=robot4
64.000,original,-,robot4,MIN_DISTANCE,OK,1.655,7.522,,0,nearest_robot=robot3
64.000,original,-,fleet,MIN_DISTANCE_AVG,OK,7.522,,,0,robots_sampled=4
64.680,original,-,fleet,CHOMP_TIME_FULL,OK,,7.687,,0,iterations=100;iterations_executed=100;source=algorithm;round_trip=7.704096
65.000,original,-,robot1,MIN_DISTANCE,OK,17.470,7.533,,0,nearest_robot=robot2
65.000,original,-,robot2,MIN_DISTANCE,OK,9.248,7.533,,0,nearest_robot=robot3
65.000,original,-,robot3,MIN_DISTANCE,OK,1.707,7.533,,0,nearest_robot=robot4
65.000,original,-,robot4,MIN_DISTANCE,OK,1.707,7.533,,0,nearest_robot=robot3
65.000,original,-,fleet,MIN_DISTANCE_AVG,OK,7.533,,,0,robots_sampled=4
65.500,original,-,fleet,REPLAN_FULL,OK,,,robot1|robot2|robot3|robot4,0,original_full_optimization
66.000,original,-,robot1,MIN_DISTANCE,OK,17.685,7.508,,0,nearest_robot=robot2
66.000,original,-,robot2,MIN_DISTANCE,OK,9.039,7.508,,0,nearest_robot=robot3
66.000,original,-,robot3,MIN_DISTANCE,OK,1.653,7.508,,0,nearest_robot=robot4
66.000,original,-,robot4,MIN_DISTANCE,OK,1.653,7.508,,0,nearest_robot=robot3
66.000,original,-,fleet,MIN_DISTANCE_AVG,OK,7.508,,,0,robots_sampled=4
67.000,original,-,robot1,MIN_DISTANCE,OK,17.751,7.475,,0,nearest_robot=robot2
67.000,original,-,robot2,MIN_DISTANCE,OK,8.735,7.475,,0,nearest_robot=robot3
67.000,original,-,robot3,MIN_DISTANCE,OK,1.706,7.475,,0,nearest_robot=robot4
67.000,original,-,robot4,MIN_DISTANCE,OK,1.706,7.475,,0,nearest_robot=robot3
67.000,original,-,fleet,MIN_DISTANCE_AVG,OK,7.475,,,0,robots_sampled=4
68.000,original,-,robot1,MIN_DISTANCE,OK,17.748,7.355,,0,nearest_robot=robot2
68.000,original,-,robot2,MIN_DISTANCE,OK,8.357,7.355,,0,nearest_robot=robot3
68.000,original,-,robot3,MIN_DISTANCE,OK,1.658,7.355,,0,nearest_robot=robot4
68.000,original,-,robot4,MIN_DISTANCE,OK,1.658,7.355,,0,nearest_robot=robot3
68.000,original,-,fleet,MIN_DISTANCE_AVG,OK,7.355,,,0,robots_sampled=4
69.000,original,-,robot1,MIN_DISTANCE,OK,17.750,7.156,,0,nearest_robot=robot2
69.000,original,-,robot2,MIN_DISTANCE,OK,7.978,7.156,,0,nearest_robot=robot3
69.000,original,-,robot3,MIN_DISTANCE,OK,1.448,7.156,,0,nearest_robot=robot4
69.000,original,-,robot4,MIN_DISTANCE,OK,1.448,7.156,,0,nearest_robot=robot3
69.000,original,-,fleet,MIN_DISTANCE_AVG,OK,7.156,,,0,robots_sampled=4
70.000,original,-,robot1,MIN_DISTANCE,OK,17.751,6.976,,0,nearest_robot=robot2
70.000,original,-,robot2,MIN_DISTANCE,OK,7.630,6.976,,0,nearest_robot=robot3
70.000,original,-,robot3,MIN_DISTANCE,OK,1.261,6.976,,0,nearest_robot=robot4
70.000,original,-,robot4,MIN_DISTANCE,OK,1.261,6.976,,0,nearest_robot=robot3
70.000,original,-,fleet,MIN_DISTANCE_AVG,OK,6.976,,,0,robots_sampled=4
71.000,original,-,robot1,MIN_DISTANCE,OK,17.753,6.803,,0,nearest_robot=robot2
71.000,original,-,robot2,MIN_DISTANCE,OK,7.271,6.803,,0,nearest_robot=robot3
71.000,original,-,robot3,MIN_DISTANCE,OK,1.094,6.803,,0,nearest_robot=robot4
71.000,original,-,robot4,MIN_DISTANCE,OK,1.094,6.803,,0,nearest_robot=robot3
71.000,original,-,fleet,MIN_DISTANCE_AVG,OK,6.803,,,0,robots_sampled=4
72.000,original,-,robot1,MIN_DISTANCE,OK,17.754,6.662,,0,nearest_robot=robot2
72.000,original,-,robot2,MIN_DISTANCE,OK,6.930,6.662,,0,nearest_robot=robot3
72.000,original,-,robot3,MIN_DISTANCE,OK,0.981,6.662,,0,nearest_robot=robot4
72.000,original,-,robot4,MIN_DISTANCE,OK,0.981,6.662,,0,nearest_robot=robot3
72.000,original,-,fleet,MIN_DISTANCE_AVG,OK,6.662,,,0,robots_sampled=4
73.000,original,-,robot1,MIN_DISTANCE,OK,17.756,6.583,,0,nearest_robot=robot2
73.000,original,-,robot2,MIN_DISTANCE,OK,6.525,6.583,,0,nearest_robot=robot3
73.000,original,-,robot3,MIN_DISTANCE,OK,1.027,6.583,,0,nearest_robot=robot4
73.000,original,-,robot4,MIN_DISTANCE,OK,1.027,6.583,,0,nearest_robot=robot3
73.000,original,-,fleet,MIN_DISTANCE_AVG,OK,6.583,,,0,robots_sampled=4
73.050,original,-,fleet,CHOMP_TIME_FULL,OK,,7.561,,0,iterations=100;iterations_executed=100;source=algorithm;round_trip=7.574404
74.000,original,-,robot1,MIN_DISTANCE,OK,17.758,6.570,,0,nearest_robot=robot2
74.000,original,-,robot2,MIN_DISTANCE,OK,6.195,6.570,,0,nearest_robot=robot3
74.000,original,-,robot3,MIN_DISTANCE,OK,1.164,6.570,,0,nearest_robot=robot4
74.000,original,-,robot4,MIN_DISTANCE,OK,1.164,6.570,,0,nearest_robot=robot3
74.000,original,-,fleet,MIN_DISTANCE_AVG,OK,6.570,,,0,robots_sampled=4
74.500,original,-,fleet,REPLAN_FULL,OK,,,robot1|robot2|robot3|robot4,0,original_full_optimization
75.000,original,-,robot1,MIN_DISTANCE,OK,17.734,6.657,,0,nearest_robot=robot2
75.000,original,-,robot2,MIN_DISTANCE,OK,5.930,6.657,,0,nearest_robot=robot3
75.000,original,-,robot3,MIN_DISTANCE,OK,1.483,6.657,,0,nearest_robot=robot4
75.000,original,-,robot4,MIN_DISTANCE,OK,1.483,6.657,,0,nearest_robot=robot3
75.000,original,-,fleet,MIN_DISTANCE_AVG,OK,6.657,,,0,robots_sampled=4
76.000,original,-,robot1,MIN_DISTANCE,OK,17.734,6.768,,0,nearest_robot=robot2
76.000,original,-,robot2,MIN_DISTANCE,OK,5.608,6.768,,0,nearest_robot=robot3
76.000,original,-,robot3,MIN_DISTANCE,OK,1.865,6.768,,0,nearest_robot=robot4
76.000,original,-,robot4,MIN_DISTANCE,OK,1.865,6.768,,0,nearest_robot=robot3
76.000,original,-,fleet,MIN_DISTANCE_AVG,OK,6.768,,,0,robots_sampled=4
77.000,original,-,robot1,MIN_DISTANCE,OK,17.734,6.901,,0,nearest_robot=robot2
77.000,original,-,robot2,MIN_DISTANCE,OK,5.269,6.901,,0,nearest_robot=robot3
77.000,original,-,robot3,MIN_DISTANCE,OK,2.300,6.901,,0,nearest_robot=robot4
77.000,original,-,robot4,MIN_DISTANCE,OK,2.300,6.901,,0,nearest_robot=robot3
77.000,original,-,fleet,MIN_DISTANCE_AVG,OK,6.901,,,0,robots_sampled=4
78.000,original,-,robot1,MIN_DISTANCE,OK,17.735,7.052,,0,nearest_robot=robot2
78.000,original,-,robot2,MIN_DISTANCE,OK,4.926,7.052,,0,nearest_robot=robot3
78.000,original,-,robot3,MIN_DISTANCE,OK,2.774,7.052,,0,nearest_robot=robot4
78.000,original,-,robot4,MIN_DISTANCE,OK,2.774,7.052,,0,nearest_robot=robot3
78.000,original,-,fleet,MIN_DISTANCE_AVG,OK,7.052,,,0,robots_sampled=4
79.000,original,-,robot1,MIN_DISTANCE,OK,17.735,7.225,,0,nearest_robot=robot2
79.000,original,-,robot2,MIN_DISTANCE,OK,4.623,7.225,,0,nearest_robot=robot3
79.000,original,-,robot3,MIN_DISTANCE,OK,3.272,7.225,,0,nearest_robot=robot4
79.000,original,-,robot4,MIN_DISTANCE,OK,3.272,7.225,,0,nearest_robot=robot3
79.000,original,-,fleet,MIN_DISTANCE_AVG,OK,7.225,,,0,robots_sampled=4
80.000,original,-,robot1,MIN_DISTANCE,OK,17.735,7.423,,0,nearest_robot=robot2
80.000,original,-,robot2,MIN_DISTANCE,OK,4.307,7.423,,0,nearest_robot=robot3
80.000,original,-,robot3,MIN_DISTANCE,OK,3.825,7.423,,0,nearest_robot=robot4
80.000,original,-,robot4,MIN_DISTANCE,OK,3.825,7.423,,0,nearest_robot=robot3
80.000,original,-,fleet,MIN_DISTANCE_AVG,OK,7.423,,,0,robots_sampled=4
81.000,original,-,robot1,MIN_DISTANCE,OK,17.735,7.541,,0,nearest_robot=robot2
81.000,original,-,robot2,MIN_DISTANCE,OK,4.014,7.541,,0,nearest_robot=robot3
81.000,original,-,robot3,MIN_DISTANCE,OK,4.014,7.541,,0,nearest_robot=robot2
81.000,original,-,robot4,MIN_DISTANCE,OK,4.404,7.541,,0,nearest_robot=robot3
81.000,original,-,fleet,MIN_DISTANCE_AVG,OK,7.541,,,0,robots_sampled=4
82.000,original,-,robot1,MIN_DISTANCE,OK,17.735,7.571,,0,nearest_robot=robot2
82.000,original,-,robot2,MIN_DISTANCE,OK,3.783,7.571,,0,nearest_robot=robot3
82.000,original,-,robot3,MIN_DISTANCE,OK,3.783,7.571,,0,nearest_robot=robot2
82.000,original,-,robot4,MIN_DISTANCE,OK,4.982,7.571,,0,nearest_robot=robot3
82.000,original,-,fleet,MIN_DISTANCE_AVG,OK,7.571,,,0,robots_sampled=4
82.090,original,-,fleet,CHOMP_TIME_FULL,OK,,7.599,,0,iterations=100;iterations_executed=100;source=algorithm;round_trip=7.611403
83.000,original,-,fleet,REPLAN_FULL,OK,,,robot1|robot2|robot3|robot4,0,original_full_optimization
83.000,original,-,robot1,MIN_DISTANCE,OK,17.734,7.628,,0,nearest_robot=robot2
83.000,original,-,robot2,MIN_DISTANCE,OK,3.614,7.628,,0,nearest_robot=robot3
83.000,original,-,robot3,MIN_DISTANCE,OK,3.614,7.628,,0,nearest_robot=robot2
83.000,original,-,robot4,MIN_DISTANCE,OK,5.551,7.628,,0,nearest_robot=robot3
83.000,original,-,fleet,MIN_DISTANCE_AVG,OK,7.628,,,0,robots_sampled=4
84.000,original,-,robot1,MIN_DISTANCE,OK,17.737,7.794,,0,nearest_robot=robot2
84.000,original,-,robot2,MIN_DISTANCE,OK,3.627,7.794,,0,nearest_robot=robot3
84.000,original,-,robot3,MIN_DISTANCE,OK,3.627,7.794,,0,nearest_robot=robot2
84.000,original,-,robot4,MIN_DISTANCE,OK,6.184,7.794,,0,nearest_robot=robot3
84.000,original,-,fleet,MIN_DISTANCE_AVG,OK,7.794,,,0,robots_sampled=4
85.000,original,-,robot1,MIN_DISTANCE,OK,17.825,7.877,,0,nearest_robot=robot2
85.000,original,-,robot2,MIN_DISTANCE,OK,3.693,7.877,,0,nearest_robot=robot3
85.000,original,-,robot3,MIN_DISTANCE,OK,3.693,7.877,,0,nearest_robot=robot2
85.000,original,-,robot4,MIN_DISTANCE,OK,6.295,7.877,,0,nearest_robot=robot2
85.000,original,-,fleet,MIN_DISTANCE_AVG,OK,7.877,,,0,robots_sampled=4
86.000,original,-,robot1,MIN_DISTANCE,OK,18.071,7.988,,0,nearest_robot=robot2
86.000,original,-,robot2,MIN_DISTANCE,OK,3.910,7.988,,0,nearest_robot=robot3
86.000,original,-,robot3,MIN_DISTANCE,OK,3.910,7.988,,0,nearest_robot=robot2
86.000,original,-,robot4,MIN_DISTANCE,OK,6.062,7.988,,0,nearest_robot=robot2
86.000,original,-,fleet,MIN_DISTANCE_AVG,OK,7.988,,,0,robots_sampled=4
87.000,original,-,robot1,MIN_DISTANCE,OK,18.242,8.151,,0,nearest_robot=robot2
87.000,original,-,robot2,MIN_DISTANCE,OK,4.258,8.151,,0,nearest_robot=robot3
87.000,original,-,robot3,MIN_DISTANCE,OK,4.258,8.151,,0,nearest_robot=robot2
87.000,original,-,robot4,MIN_DISTANCE,OK,5.845,8.151,,0,nearest_robot=robot2
87.000,original,-,fleet,MIN_DISTANCE_AVG,OK,8.151,,,0,robots_sampled=4
88.000,original,-,robot1,MIN_DISTANCE,OK,18.279,8.291,,0,nearest_robot=robot2
88.000,original,-,robot2,MIN_DISTANCE,OK,4.516,8.291,,0,nearest_robot=robot3
88.000,original,-,robot3,MIN_DISTANCE,OK,4.516,8.291,,0,nearest_robot=robot2
88.000,original,-,robot4,MIN_DISTANCE,OK,5.853,8.291,,0,nearest_robot=robot2
88.000,original,-,fleet,MIN_DISTANCE_AVG,OK,8.291,,,0,robots_sampled=4
89.000,original,-,robot1,MIN_DISTANCE,OK,18.268,8.431,,0,nearest_robot=robot2
89.000,original,-,robot2,MIN_DISTANCE,OK,4.791,8.431,,0,nearest_robot=robot3
89.000,original,-,robot3,MIN_DISTANCE,OK,4.791,8.431,,0,nearest_robot=robot2
89.000,original,-,robot4,MIN_DISTANCE,OK,5.873,8.431,,0,nearest_robot=robot2
89.000,original,-,fleet,MIN_DISTANCE_AVG,OK,8.431,,,0,robots_sampled=4
90.000,original,-,robot1,MIN_DISTANCE,OK,18.274,8.592,,0,nearest_robot=robot2
90.000,original,-,robot2,MIN_DISTANCE,OK,5.102,8.592,,0,nearest_robot=robot3
90.000,original,-,robot3,MIN_DISTANCE,OK,5.102,8.592,,0,nearest_robot=robot2
90.000,original,-,robot4,MIN_DISTANCE,OK,5.891,8.592,,0,nearest_robot=robot2
90.000,original,-,fleet,MIN_DISTANCE_AVG,OK,8.592,,,0,robots_sampled=4
90.560,original,-,fleet,CHOMP_TIME_FULL,OK,,7.560,,0,iterations=100;iterations_executed=100;source=algorithm;round_trip=7.575984
91.000,original,-,robot1,MIN_DISTANCE,OK,17.988,8.693,,0,nearest_robot=robot3
91.000,original,-,robot2,MIN_DISTANCE,OK,5.434,8.693,,0,nearest_robot=robot3
91.000,original,-,robot3,MIN_DISTANCE,OK,5.434,8.693,,0,nearest_robot=robot2
91.000,original,-,robot4,MIN_DISTANCE,OK,5.916,8.693,,0,nearest_robot=robot2
91.000,original,-,fleet,MIN_DISTANCE_AVG,OK,8.693,,,0,robots_sampled=4
91.500,original,-,fleet,REPLAN_FULL,OK,,,robot1|robot2|robot3|robot4,0,original_full_optimization
92.000,original,-,robot1,MIN_DISTANCE,OK,17.529,8.792,,0,nearest_robot=robot3
92.000,original,-,robot2,MIN_DISTANCE,OK,5.841,8.792,,0,nearest_robot=robot3
92.000,original,-,robot3,MIN_DISTANCE,OK,5.841,8.792,,0,nearest_robot=robot2
92.000,original,-,robot4,MIN_DISTANCE,OK,5.956,8.792,,0,nearest_robot=robot2
92.000,original,-,fleet,MIN_DISTANCE_AVG,OK,8.792,,,0,robots_sampled=4
93.000,original,-,robot1,MIN_DISTANCE,OK,17.064,8.866,,0,nearest_robot=robot3
93.000,original,-,robot2,MIN_DISTANCE,OK,6.061,8.866,,0,nearest_robot=robot4
93.000,original,-,robot3,MIN_DISTANCE,OK,6.280,8.866,,0,nearest_robot=robot2
93.000,original,-,robot4,MIN_DISTANCE,OK,6.061,8.866,,0,nearest_robot=robot2
93.000,original,-,fleet,MIN_DISTANCE_AVG,OK,8.866,,,0,robots_sampled=4
94.000,original,-,robot1,MIN_DISTANCE,OK,16.600,8.947,,0,nearest_robot=robot3
94.000,original,-,robot2,MIN_DISTANCE,OK,6.230,8.947,,0,nearest_robot=robot4
94.000,original,-,robot3,MIN_DISTANCE,OK,6.729,8.947,,0,nearest_robot=robot2
94.000,original,-,robot4,MIN_DISTANCE,OK,6.230,8.947,,0,nearest_robot=robot2
94.000,original,-,fleet,MIN_DISTANCE_AVG,OK,8.947,,,0,robots_sampled=4
95.000,original,-,robot1,MIN_DISTANCE,OK,16.131,9.060,,0,nearest_robot=robot3
95.000,original,-,robot2,MIN_DISTANCE,OK,6.469,9.060,,0,nearest_robot=robot4
95.000,original,-,robot3,MIN_DISTANCE,OK,7.171,9.060,,0,nearest_robot=robot2
95.000,original,-,robot4,MIN_DISTANCE,OK,6.469,9.060,,0,nearest_robot=robot2
95.000,original,-,fleet,MIN_DISTANCE_AVG,OK,9.060,,,0,robots_sampled=4
96.000,original,-,robot1,MIN_DISTANCE,OK,15.704,9.144,,0,nearest_robot=robot3
96.000,original,-,robot2,MIN_DISTANCE,OK,6.632,9.144,,0,nearest_robot=robot4
96.000,original,-,robot3,MIN_DISTANCE,OK,7.610,9.144,,0,nearest_robot=robot2
96.000,original,-,robot4,MIN_DISTANCE,OK,6.632,9.144,,0,nearest_robot=robot2
96.000,original,-,fleet,MIN_DISTANCE_AVG,OK,9.144,,,0,robots_sampled=4
97.000,original,-,robot1,MIN_DISTANCE,OK,15.270,9.134,,0,nearest_robot=robot3
97.000,original,-,robot2,MIN_DISTANCE,OK,6.612,9.134,,0,nearest_robot=robot4
97.000,original,-,robot3,MIN_DISTANCE,OK,8.040,9.134,,0,nearest_robot=robot2
97.000,original,-,robot4,MIN_DISTANCE,OK,6.612,9.134,,0,nearest_robot=robot2
97.000,original,-,fleet,MIN_DISTANCE_AVG,OK,9.134,,,0,robots_sampled=4
98.000,original,-,robot1,MIN_DISTANCE,OK,14.613,9.041,,0,nearest_robot=robot3
98.000,original,-,robot2,MIN_DISTANCE,OK,6.502,9.041,,0,nearest_robot=robot4
98.000,original,-,robot3,MIN_DISTANCE,OK,8.546,9.041,,0,nearest_robot=robot2
98.000,original,-,robot4,MIN_DISTANCE,OK,6.502,9.041,,0,nearest_robot=robot2
98.000,original,-,fleet,MIN_DISTANCE_AVG,OK,9.041,,,0,robots_sampled=4
99.000,original,-,robot1,MIN_DISTANCE,OK,13.760,8.834,,0,nearest_robot=robot3
99.000,original,-,robot2,MIN_DISTANCE,OK,6.213,8.834,,0,nearest_robot=robot4
99.000,original,-,robot3,MIN_DISTANCE,OK,9.150,8.834,,0,nearest_robot=robot2
99.000,original,-,robot4,MIN_DISTANCE,OK,6.213,8.834,,0,nearest_robot=robot2
99.000,original,-,fleet,MIN_DISTANCE_AVG,OK,8.834,,,0,robots_sampled=4
99.020,original,-,fleet,CHOMP_TIME_FULL,OK,,7.544,,0,iterations=100;iterations_executed=100;source=algorithm;round_trip=7.556500
100.000,original,-,fleet,REPLAN_FULL,OK,,,robot1|robot2|robot3|robot4,0,original_full_optimization
100.000,original,-,robot1,MIN_DISTANCE,OK,12.944,8.581,,0,nearest_robot=robot3
100.000,original,-,robot2,MIN_DISTANCE,OK,5.798,8.581,,0,nearest_robot=robot4
100.000,original,-,robot3,MIN_DISTANCE,OK,9.783,8.581,,0,nearest_robot=robot2
100.000,original,-,robot4,MIN_DISTANCE,OK,5.798,8.581,,0,nearest_robot=robot2
100.000,original,-,fleet,MIN_DISTANCE_AVG,OK,8.581,,,0,robots_sampled=4
101.000,original,-,robot1,MIN_DISTANCE,OK,12.114,8.296,,0,nearest_robot=robot3
101.000,original,-,robot2,MIN_DISTANCE,OK,5.315,8.296,,0,nearest_robot=robot4
101.000,original,-,robot3,MIN_DISTANCE,OK,10.439,8.296,,0,nearest_robot=robot2
101.000,original,-,robot4,MIN_DISTANCE,OK,5.315,8.296,,0,nearest_robot=robot2
101.000,original,-,fleet,MIN_DISTANCE_AVG,OK,8.296,,,0,robots_sampled=4
102.000,original,-,robot1,MIN_DISTANCE,OK,11.280,8.021,,0,nearest_robot=robot3
102.000,original,-,robot2,MIN_DISTANCE,OK,4.857,8.021,,0,nearest_robot=robot4
102.000,original,-,robot3,MIN_DISTANCE,OK,11.089,8.021,,0,nearest_robot=robot2
102.000,original,-,robot4,MIN_DISTANCE,OK,4.857,8.021,,0,nearest_robot=robot2
102.000,original,-,fleet,MIN_DISTANCE_AVG,OK,8.021,,,0,robots_sampled=4
103.000,original,-,robot1,MIN_DISTANCE,OK,10.475,7.443,,0,nearest_robot=robot3
103.000,original,-,robot2,MIN_DISTANCE,OK,4.411,7.443,,0,nearest_robot=robot4
103.000,original,-,robot3,MIN_DISTANCE,OK,10.475,7.443,,0,nearest_robot=robot1
103.000,original,-,robot4,MIN_DISTANCE,OK,4.411,7.443,,0,nearest_robot=robot2
103.000,original,-,fleet,MIN_DISTANCE_AVG,OK,7.443,,,0,robots_sampled=4
104.000,original,-,robot1,MIN_DISTANCE,OK,9.645,6.794,,0,nearest_robot=robot3
104.000,original,-,robot2,MIN_DISTANCE,OK,3.943,6.794,,0,nearest_robot=robot4
104.000,original,-,robot3,MIN_DISTANCE,OK,9.645,6.794,,0,nearest_robot=robot1
104.000,original,-,robot4,MIN_DISTANCE,OK,3.943,6.794,,0,nearest_robot=robot2
104.000,original,-,fleet,MIN_DISTANCE_AVG,OK,6.794,,,0,robots_sampled=4
105.000,original,-,robot1,MIN_DISTANCE,OK,8.762,6.134,,0,nearest_robot=robot3
105.000,original,-,robot2,MIN_DISTANCE,OK,3.506,6.134,,0,nearest_robot=robot4
105.000,original,-,robot3,MIN_DISTANCE,OK,8.762,6.134,,0,nearest_robot=robot1
105.000,original,-,robot4,MIN_DISTANCE,OK,3.506,6.134,,0,nearest_robot=robot2
105.000,original,-,fleet,MIN_DISTANCE_AVG,OK,6.134,,,0,robots_sampled=4
106.000,original,-,robot1,MIN_DISTANCE,OK,7.895,5.527,,0,nearest_robot=robot3
106.000,original,-,robot2,MIN_DISTANCE,OK,3.160,5.527,,0,nearest_robot=robot4
106.000,original,-,robot3,MIN_DISTANCE,OK,7.895,5.527,,0,nearest_robot=robot1
106.000,original,-,robot4,MIN_DISTANCE,OK,3.160,5.527,,0,nearest_robot=robot2
106.000,original,-,fleet,MIN_DISTANCE_AVG,OK,5.527,,,0,robots_sampled=4
107.000,original,-,robot1,MIN_DISTANCE,OK,7.029,5.028,,0,nearest_robot=robot3
107.000,original,-,robot2,MIN_DISTANCE,OK,3.028,5.028,,0,nearest_robot=robot4
107.000,original,-,robot3,MIN_DISTANCE,OK,7.029,5.028,,0,nearest_robot=robot1
107.000,original,-,robot4,MIN_DISTANCE,OK,3.028,5.028,,0,nearest_robot=robot2
107.000,original,-,fleet,MIN_DISTANCE_AVG,OK,5.028,,,0,robots_sampled=4
107.580,original,-,fleet,CHOMP_TIME_FULL,OK,,7.590,,0,iterations=100;iterations_executed=100;source=algorithm;round_trip=7.603618
108.000,original,-,robot1,MIN_DISTANCE,OK,6.301,4.651,,0,nearest_robot=robot3
108.000,original,-,robot2,MIN_DISTANCE,OK,3.001,4.651,,0,nearest_robot=robot4
108.000,original,-,robot3,MIN_DISTANCE,OK,6.301,4.651,,0,nearest_robot=robot1
108.000,original,-,robot4,MIN_DISTANCE,OK,3.001,4.651,,0,nearest_robot=robot2
108.000,original,-,fleet,MIN_DISTANCE_AVG,OK,4.651,,,0,robots_sampled=4
109.000,original,-,fleet,REPLAN_FULL,OK,,,robot1|robot2|robot3|robot4,0,original_full_optimization
109.000,original,-,robot1,MIN_DISTANCE,OK,5.561,4.258,,0,nearest_robot=robot3
109.000,original,-,robot2,MIN_DISTANCE,OK,2.956,4.258,,0,nearest_robot=robot4
109.000,original,-,robot3,MIN_DISTANCE,OK,5.561,4.258,,0,nearest_robot=robot1
109.000,original,-,robot4,MIN_DISTANCE,OK,2.956,4.258,,0,nearest_robot=robot2
109.000,original,-,fleet,MIN_DISTANCE_AVG,OK,4.258,,,0,robots_sampled=4
110.000,original,-,robot1,MIN_DISTANCE,OK,4.926,3.821,,0,nearest_robot=robot3
110.000,original,-,robot2,MIN_DISTANCE,OK,2.717,3.821,,0,nearest_robot=robot4
110.000,original,-,robot3,MIN_DISTANCE,OK,4.926,3.821,,0,nearest_robot=robot1
110.000,original,-,robot4,MIN_DISTANCE,OK,2.717,3.821,,0,nearest_robot=robot2
110.000,original,-,fleet,MIN_DISTANCE_AVG,OK,3.821,,,0,robots_sampled=4
111.000,original,-,robot1,MIN_DISTANCE,OK,4.194,3.253,,0,nearest_robot=robot3
111.000,original,-,robot2,MIN_DISTANCE,OK,2.311,3.253,,0,nearest_robot=robot4
111.000,original,-,robot3,MIN_DISTANCE,OK,4.194,3.253,,0,nearest_robot=robot1
111.000,original,-,robot4,MIN_DISTANCE,OK,2.311,3.253,,0,nearest_robot=robot2
111.000,original,-,fleet,MIN_DISTANCE_AVG,OK,3.253,,,0,robots_sampled=4
112.000,original,-,robot1,MIN_DISTANCE,OK,3.424,2.646,,0,nearest_robot=robot3
112.000,original,-,robot2,MIN_DISTANCE,OK,1.867,2.646,,0,nearest_robot=robot4
112.000,original,-,robot3,MIN_DISTANCE,OK,3.424,2.646,,0,nearest_robot=robot1
112.000,original,-,robot4,MIN_DISTANCE,OK,1.867,2.646,,0,nearest_robot=robot2
112.000,original,-,fleet,MIN_DISTANCE_AVG,OK,2.646,,,0,robots_sampled=4
113.000,original,-,robot1,MIN_DISTANCE,OK,2.668,2.062,,0,nearest_robot=robot3
113.000,original,-,robot2,MIN_DISTANCE,OK,1.456,2.062,,0,nearest_robot=robot4
113.000,original,-,robot3,MIN_DISTANCE,OK,2.668,2.062,,0,nearest_robot=robot1
113.000,original,-,robot4,MIN_DISTANCE,OK,1.456,2.062,,0,nearest_robot=robot2
113.000,original,-,fleet,MIN_DISTANCE_AVG,OK,2.062,,,0,robots_sampled=4
114.000,original,-,robot1,MIN_DISTANCE,OK,1.874,1.539,,0,nearest_robot=robot3
114.000,original,-,robot2,MIN_DISTANCE,OK,1.204,1.539,,0,nearest_robot=robot4
114.000,original,-,robot3,MIN_DISTANCE,OK,1.874,1.539,,0,nearest_robot=robot1
114.000,original,-,robot4,MIN_DISTANCE,OK,1.204,1.539,,0,nearest_robot=robot2
114.000,original,-,fleet,MIN_DISTANCE_AVG,OK,1.539,,,0,robots_sampled=4
115.000,original,-,robot1,MIN_DISTANCE,OK,1.152,1.113,,0,nearest_robot=robot3
115.000,original,-,robot2,MIN_DISTANCE,OK,1.074,1.113,,0,nearest_robot=robot4
115.000,original,-,robot3,MIN_DISTANCE,OK,1.152,1.113,,0,nearest_robot=robot1
115.000,original,-,robot4,MIN_DISTANCE,OK,1.074,1.113,,0,nearest_robot=robot2
115.000,original,-,fleet,MIN_DISTANCE_AVG,OK,1.113,,,0,robots_sampled=4
116.000,original,-,robot1,MIN_DISTANCE,OK,0.546,0.799,,0,nearest_robot=robot3
116.000,original,-,robot2,MIN_DISTANCE,OK,1.053,0.799,,0,nearest_robot=robot4
116.000,original,-,robot3,MIN_DISTANCE,OK,0.546,0.799,,0,nearest_robot=robot1
116.000,original,-,robot4,MIN_DISTANCE,OK,1.053,0.799,,0,nearest_robot=robot2
116.000,original,-,fleet,MIN_DISTANCE_AVG,OK,0.799,,,0,robots_sampled=4
116.610,original,-,fleet,CHOMP_TIME_FULL,OK,,7.628,,0,iterations=100;iterations_executed=100;source=algorithm;round_trip=7.641765
117.000,original,-,robot1,MIN_DISTANCE,OK,0.280,0.665,,0,nearest_robot=robot3
117.000,original,-,robot2,MIN_DISTANCE,OK,1.049,0.665,,0,nearest_robot=robot4
117.000,original,-,robot3,MIN_DISTANCE,OK,0.280,0.665,,0,nearest_robot=robot1
117.000,original,-,robot4,MIN_DISTANCE,OK,1.049,0.665,,0,nearest_robot=robot2
117.000,original,-,fleet,MIN_DISTANCE_AVG,OK,0.665,,,0,robots_sampled=4
117.500,original,-,fleet,REPLAN_FULL,OK,,,robot1|robot2|robot3|robot4,0,original_full_optimization
118.000,original,-,robot1,MIN_DISTANCE,OK,0.347,0.732,,0,nearest_robot=robot3
118.000,original,-,robot2,MIN_DISTANCE,OK,1.117,0.732,,0,nearest_robot=robot4
118.000,original,-,robot3,MIN_DISTANCE,OK,0.347,0.732,,0,nearest_robot=robot1
118.000,original,-,robot4,MIN_DISTANCE,OK,1.117,0.732,,0,nearest_robot=robot2
118.000,original,-,fleet,MIN_DISTANCE_AVG,OK,0.732,,,0,robots_sampled=4
119.000,original,-,robot1,MIN_DISTANCE,OK,0.535,0.795,,0,nearest_robot=robot3
119.000,original,-,robot2,MIN_DISTANCE,OK,1.056,0.795,,0,nearest_robot=robot4
119.000,original,-,robot3,MIN_DISTANCE,OK,0.535,0.795,,0,nearest_robot=robot1
119.000,original,-,robot4,MIN_DISTANCE,OK,1.056,0.795,,0,nearest_robot=robot2
119.000,original,-,fleet,MIN_DISTANCE_AVG,OK,0.795,,,0,robots_sampled=4
120.000,original,-,robot1,MIN_DISTANCE,OK,0.592,1.026,,0,nearest_robot=robot3
120.000,original,-,robot2,MIN_DISTANCE,OK,1.460,1.026,,0,nearest_robot=robot4
120.000,original,-,robot3,MIN_DISTANCE,OK,0.592,1.026,,0,nearest_robot=robot1
120.000,original,-,robot4,MIN_DISTANCE,OK,1.460,1.026,,0,nearest_robot=robot2
120.000,original,-,fleet,MIN_DISTANCE_AVG,OK,1.026,,,0,robots_sampled=4
121.000,original,-,robot1,MIN_DISTANCE,OK,0.655,1.290,,0,nearest_robot=robot3
121.000,original,-,robot2,MIN_DISTANCE,OK,1.926,1.290,,0,nearest_robot=robot4
121.000,original,-,robot3,MIN_DISTANCE,OK,0.655,1.290,,0,nearest_robot=robot1
121.000,original,-,robot4,MIN_DISTANCE,OK,1.926,1.290,,0,nearest_robot=robot2
121.000,original,-,fleet,MIN_DISTANCE_AVG,OK,1.290,,,0,robots_sampled=4
122.000,original,-,robot1,MIN_DISTANCE,OK,0.699,1.538,,0,nearest_robot=robot3
122.000,original,-,robot2,MIN_DISTANCE,OK,2.376,1.538,,0,nearest_robot=robot4
122.000,original,-,robot3,MIN_DISTANCE,OK,0.699,1.538,,0,nearest_robot=robot1
122.000,original,-,robot4,MIN_DISTANCE,OK,2.376,1.538,,0,nearest_robot=robot2
122.000,original,-,fleet,MIN_DISTANCE_AVG,OK,1.538,,,0,robots_sampled=4
123.000,original,-,robot1,MIN_DISTANCE,OK,0.725,1.723,,0,nearest_robot=robot3
123.000,original,-,robot2,MIN_DISTANCE,OK,2.721,1.723,,0,nearest_robot=robot4
123.000,original,-,robot3,MIN_DISTANCE,OK,0.725,1.723,,0,nearest_robot=robot1
123.000,original,-,robot4,MIN_DISTANCE,OK,2.721,1.723,,0,nearest_robot=robot2
123.000,original,-,fleet,MIN_DISTANCE_AVG,OK,1.723,,,0,robots_sampled=4
124.000,original,-,robot1,MIN_DISTANCE,OK,0.671,1.892,,0,nearest_robot=robot3
124.000,original,-,robot2,MIN_DISTANCE,OK,3.114,1.892,,0,nearest_robot=robot4
124.000,original,-,robot3,MIN_DISTANCE,OK,0.671,1.892,,0,nearest_robot=robot1
124.000,original,-,robot4,MIN_DISTANCE,OK,3.114,1.892,,0,nearest_robot=robot2
124.000,original,-,fleet,MIN_DISTANCE_AVG,OK,1.892,,,0,robots_sampled=4
125.000,original,-,robot1,MIN_DISTANCE,OK,0.566,2.056,,0,nearest_robot=robot3
125.000,original,-,robot2,MIN_DISTANCE,OK,3.546,2.056,,0,nearest_robot=robot4
125.000,original,-,robot3,MIN_DISTANCE,OK,0.566,2.056,,0,nearest_robot=robot1
125.000,original,-,robot4,MIN_DISTANCE,OK,3.546,2.056,,0,nearest_robot=robot2
125.000,original,-,fleet,MIN_DISTANCE_AVG,OK,2.056,,,0,robots_sampled=4
125.160,original,-,fleet,CHOMP_TIME_FULL,OK,,7.672,,0,iterations=100;iterations_executed=100;source=algorithm;round_trip=7.685526
126.000,original,-,fleet,REPLAN_FULL,OK,,,robot1|robot2|robot3|robot4,0,original_full_optimization
126.000,original,-,robot1,MIN_DISTANCE,OK,0.525,2.227,,0,nearest_robot=robot3
126.000,original,-,robot2,MIN_DISTANCE,OK,3.929,2.227,,0,nearest_robot=robot4
126.000,original,-,robot3,MIN_DISTANCE,OK,0.525,2.227,,0,nearest_robot=robot1
126.000,original,-,robot4,MIN_DISTANCE,OK,3.929,2.227,,0,nearest_robot=robot2
126.000,original,-,fleet,MIN_DISTANCE_AVG,OK,2.227,,,0,robots_sampled=4
127.000,original,-,robot1,MIN_DISTANCE,OK,0.548,2.339,,0,nearest_robot=robot3
127.000,original,-,robot2,MIN_DISTANCE,OK,4.130,2.339,,0,nearest_robot=robot4
127.000,original,-,robot3,MIN_DISTANCE,OK,0.548,2.339,,0,nearest_robot=robot1
127.000,original,-,robot4,MIN_DISTANCE,OK,4.130,2.339,,0,nearest_robot=robot2
127.000,original,-,fleet,MIN_DISTANCE_AVG,OK,2.339,,,0,robots_sampled=4
128.000,original,-,robot1,MIN_DISTANCE,OK,0.548,2.339,,0,nearest_robot=robot3
128.000,original,-,robot2,MIN_DISTANCE,OK,4.130,2.339,,0,nearest_robot=robot4
128.000,original,-,robot3,MIN_DISTANCE,OK,0.548,2.339,,0,nearest_robot=robot1
128.000,original,-,robot4,MIN_DISTANCE,OK,4.130,2.339,,0,nearest_robot=robot2
128.000,original,-,fleet,MIN_DISTANCE_AVG,OK,2.339,,,0,robots_sampled=4
129.000,original,-,robot1,MIN_DISTANCE,OK,0.548,2.317,,0,nearest_robot=robot3
129.000,original,-,robot2,MIN_DISTANCE,OK,4.085,2.317,,0,nearest_robot=robot4
129.000,original,-,robot3,MIN_DISTANCE,OK,0.548,2.317,,0,nearest_robot=robot1
129.000,original,-,robot4,MIN_DISTANCE,OK,4.085,2.317,,0,nearest_robot=robot2
129.000,original,-,fleet,MIN_DISTANCE_AVG,OK,2.317,,,0,robots_sampled=4
130.000,original,-,robot1,MIN_DISTANCE,OK,0.548,2.337,,0,nearest_robot=robot3
130.000,original,-,robot2,MIN_DISTANCE,OK,4.125,2.337,,0,nearest_robot=robot4
130.000,original,-,robot3,MIN_DISTANCE,OK,0.548,2.337,,0,nearest_robot=robot1
130.000,original,-,robot4,MIN_DISTANCE,OK,4.125,2.337,,0,nearest_robot=robot2
130.000,original,-,fleet,MIN_DISTANCE_AVG,OK,2.337,,,0,robots_sampled=4
131.000,original,-,robot1,MIN_DISTANCE,OK,0.547,2.425,,0,nearest_robot=robot3
131.000,original,-,robot2,MIN_DISTANCE,OK,4.302,2.425,,0,nearest_robot=robot4
131.000,original,-,robot3,MIN_DISTANCE,OK,0.547,2.425,,0,nearest_robot=robot1
131.000,original,-,robot4,MIN_DISTANCE,OK,4.302,2.425,,0,nearest_robot=robot2
131.000,original,-,fleet,MIN_DISTANCE_AVG,OK,2.425,,,0,robots_sampled=4
132.000,original,-,robot1,MIN_DISTANCE,OK,0.547,2.524,,0,nearest_robot=robot3
132.000,original,-,robot2,MIN_DISTANCE,OK,4.501,2.524,,0,nearest_robot=robot4
132.000,original,-,robot3,MIN_DISTANCE,OK,0.547,2.524,,0,nearest_robot=robot1
132.000,original,-,robot4,MIN_DISTANCE,OK,4.501,2.524,,0,nearest_robot=robot2
132.000,original,-,fleet,MIN_DISTANCE_AVG,OK,2.524,,,0,robots_sampled=4
133.000,original,-,robot1,MIN_DISTANCE,OK,0.547,2.586,,0,nearest_robot=robot3
133.000,original,-,robot2,MIN_DISTANCE,OK,4.624,2.586,,0,nearest_robot=robot4
133.000,original,-,robot3,MIN_DISTANCE,OK,0.547,2.586,,0,nearest_robot=robot1
133.000,original,-,robot4,MIN_DISTANCE,OK,4.624,2.586,,0,nearest_robot=robot2
133.000,original,-,fleet,MIN_DISTANCE_AVG,OK,2.586,,,0,robots_sampled=4
133.560,original,-,fleet,CHOMP_TIME_FULL,OK,,7.574,,0,iterations=100;iterations_executed=100;source=algorithm;round_trip=7.588034
134.000,original,-,robot1,MIN_DISTANCE,OK,0.598,2.580,,0,nearest_robot=robot3
134.000,original,-,robot2,MIN_DISTANCE,OK,4.562,2.580,,0,nearest_robot=robot4
134.000,original,-,robot3,MIN_DISTANCE,OK,0.598,2.580,,0,nearest_robot=robot1
134.000,original,-,robot4,MIN_DISTANCE,OK,4.562,2.580,,0,nearest_robot=robot2
134.000,original,-,fleet,MIN_DISTANCE_AVG,OK,2.580,,,0,robots_sampled=4
135.000,original,-,robot1,MIN_DISTANCE,OK,0.670,2.662,,0,nearest_robot=robot3
135.000,original,-,robot2,MIN_DISTANCE,OK,4.655,2.662,,0,nearest_robot=robot4
135.000,original,-,robot3,MIN_DISTANCE,OK,0.670,2.662,,0,nearest_robot=robot1
135.000,original,-,robot4,MIN_DISTANCE,OK,4.655,2.662,,0,nearest_robot=robot2
135.000,original,-,fleet,MIN_DISTANCE_AVG,OK,2.662,,,0,robots_sampled=4
136.000,original,-,robot1,MIN_DISTANCE,OK,0.477,2.660,,0,nearest_robot=robot3
136.000,original,-,robot2,MIN_DISTANCE,OK,4.843,2.660,,0,nearest_robot=robot4
136.000,original,-,robot3,MIN_DISTANCE,OK,0.477,2.660,,0,nearest_robot=robot1
136.000,original,-,robot4,MIN_DISTANCE,OK,4.843,2.660,,0,nearest_robot=robot2
136.000,original,-,fleet,MIN_DISTANCE_AVG,OK,2.660,,,0,robots_sampled=4
137.000,original,-,robot1,MIN_DISTANCE,OK,0.974,2.991,,0,nearest_robot=robot3
137.000,original,-,robot2,MIN_DISTANCE,OK,5.007,2.991,,0,nearest_robot=robot4
137.000,original,-,robot3,MIN_DISTANCE,OK,0.974,2.991,,0,nearest_robot=robot1
137.000,original,-,robot4,MIN_DISTANCE,OK,5.007,2.991,,0,nearest_robot=robot2
137.000,original,-,fleet,MIN_DISTANCE_AVG,OK,2.991,,,0,robots_sampled=4
138.000,original,-,robot1,MIN_DISTANCE,OK,1.706,3.426,,0,nearest_robot=robot3
138.000,original,-,robot2,MIN_DISTANCE,OK,5.146,3.426,,0,nearest_robot=robot4
138.000,original,-,robot3,MIN_DISTANCE,OK,1.706,3.426,,0,nearest_robot=robot1
138.000,original,-,robot4,MIN_DISTANCE,OK,5.146,3.426,,0,nearest_robot=robot2
138.000,original,-,fleet,MIN_DISTANCE_AVG,OK,3.426,,,0,robots_sampled=4
139.000,original,-,robot1,MIN_DISTANCE,OK,2.580,3.886,,0,nearest_robot=robot3
139.000,original,-,robot2,MIN_DISTANCE,OK,5.193,3.886,,0,nearest_robot=robot4
139.000,original,-,robot3,MIN_DISTANCE,OK,2.580,3.886,,0,nearest_robot=robot1
139.000,original,-,robot4,MIN_DISTANCE,OK,5.193,3.886,,0,nearest_robot=robot2
139.000,original,-,fleet,MIN_DISTANCE_AVG,OK,3.886,,,0,robots_sampled=4
140.000,original,-,robot1,MIN_DISTANCE,OK,3.422,4.373,,0,nearest_robot=robot3
140.000,original,-,robot2,MIN_DISTANCE,OK,5.325,4.373,,0,nearest_robot=robot4
140.000,original,-,robot3,MIN_DISTANCE,OK,3.422,4.373,,0,nearest_robot=robot1
140.000,original,-,robot4,MIN_DISTANCE,OK,5.325,4.373,,0,nearest_robot=robot2
140.000,original,-,fleet,MIN_DISTANCE_AVG,OK,4.373,,,0,robots_sampled=4
141.000,original,-,robot1,MIN_DISTANCE,OK,4.258,4.809,,0,nearest_robot=robot3
141.000,original,-,robot2,MIN_DISTANCE,OK,5.360,4.809,,0,nearest_robot=robot4
141.000,original,-,robot3,MIN_DISTANCE,OK,4.258,4.809,,0,nearest_robot=robot1
141.000,original,-,robot4,MIN_DISTANCE,OK,5.360,4.809,,0,nearest_robot=robot2
141.000,original,-,fleet,MIN_DISTANCE_AVG,OK,4.809,,,0,robots_sampled=4
142.000,original,-,robot1,MIN_DISTANCE,OK,5.059,5.244,,0,nearest_robot=robot3
142.000,original,-,robot2,MIN_DISTANCE,OK,5.430,5.244,,0,nearest_robot=robot4
142.000,original,-,robot3,MIN_DISTANCE,OK,5.059,5.244,,0,nearest_robot=robot1
142.000,original,-,robot4,MIN_DISTANCE,OK,5.430,5.244,,0,nearest_robot=robot2
142.000,original,-,fleet,MIN_DISTANCE_AVG,OK,5.244,,,0,robots_sampled=4
143.000,original,-,robot1,MIN_DISTANCE,OK,5.902,5.702,,0,nearest_robot=robot3
143.000,original,-,robot2,MIN_DISTANCE,OK,5.502,5.702,,0,nearest_robot=robot4
143.000,original,-,robot3,MIN_DISTANCE,OK,5.902,5.702,,0,nearest_robot=robot1
143.000,original,-,robot4,MIN_DISTANCE,OK,5.502,5.702,,0,nearest_robot=robot2
143.000,original,-,fleet,MIN_DISTANCE_AVG,OK,5.702,,,0,robots_sampled=4
144.000,original,-,robot1,MIN_DISTANCE,OK,6.655,6.124,,0,nearest_robot=robot3
144.000,original,-,robot2,MIN_DISTANCE,OK,5.593,6.124,,0,nearest_robot=robot4
144.000,original,-,robot3,MIN_DISTANCE,OK,6.655,6.124,,0,nearest_robot=robot1
144.000,original,-,robot4,MIN_DISTANCE,OK,5.593,6.124,,0,nearest_robot=robot2
144.000,original,-,fleet,MIN_DISTANCE_AVG,OK,6.124,,,0,robots_sampled=4
145.000,original,-,robot1,MIN_DISTANCE,OK,7.463,6.574,,0,nearest_robot=robot3
145.000,original,-,robot2,MIN_DISTANCE,OK,5.686,6.574,,0,nearest_robot=robot4
145.000,original,-,robot3,MIN_DISTANCE,OK,7.463,6.574,,0,nearest_robot=robot1
145.000,original,-,robot4,MIN_DISTANCE,OK,5.686,6.574,,0,nearest_robot=robot2
145.000,original,-,fleet,MIN_DISTANCE_AVG,OK,6.574,,,0,robots_sampled=4
146.000,original,-,robot1,MIN_DISTANCE,OK,7.487,6.832,,0,nearest_robot=robot2
146.000,original,-,robot2,MIN_DISTANCE,OK,5.798,6.832,,0,nearest_robot=robot4
146.000,original,-,robot3,MIN_DISTANCE,OK,8.246,6.832,,0,nearest_robot=robot1
146.000,original,-,robot4,MIN_DISTANCE,OK,5.798,6.832,,0,nearest_robot=robot2
146.000,original,-,fleet,MIN_DISTANCE_AVG,OK,6.832,,,0,robots_sampled=4
147.000,original,-,robot1,MIN_DISTANCE,OK,7.249,7.019,,0,nearest_robot=robot2
147.000,original,-,robot2,MIN_DISTANCE,OK,5.921,7.019,,0,nearest_robot=robot4
147.000,original,-,robot3,MIN_DISTANCE,OK,8.982,7.019,,0,nearest_robot=robot1
147.000,original,-,robot4,MIN_DISTANCE,OK,5.921,7.019,,0,nearest_robot=robot2
147.000,original,-,fleet,MIN_DISTANCE_AVG,OK,7.019,,,0,robots_sampled=4
148.000,original,-,fleet,REPLAN_FULL,OK,,,robot1|robot2|robot3|robot4,0,original_full_optimization
148.000,original,-,robot1,MIN_DISTANCE,OK,6.908,7.189,,0,nearest_robot=robot2
148.000,original,-,robot2,MIN_DISTANCE,OK,6.031,7.189,,0,nearest_robot=robot4
148.000,original,-,robot3,MIN_DISTANCE,OK,9.787,7.189,,0,nearest_robot=robot1
148.000,original,-,robot4,MIN_DISTANCE,OK,6.031,7.189,,0,nearest_robot=robot2
148.000,original,-,fleet,MIN_DISTANCE_AVG,OK,7.189,,,0,robots_sampled=4
149.000,original,-,robot1,MIN_DISTANCE,OK,6.633,7.364,,0,nearest_robot=robot2
149.000,original,-,robot2,MIN_DISTANCE,OK,6.140,7.364,,0,nearest_robot=robot4
149.000,original,-,robot3,MIN_DISTANCE,OK,10.543,7.364,,0,nearest_robot=robot1
149.000,original,-,robot4,MIN_DISTANCE,OK,6.140,7.364,,0,nearest_robot=robot2
149.000,original,-,fleet,MIN_DISTANCE_AVG,OK,7.364,,,0,robots_sampled=4
150.000,original,-,robot1,MIN_DISTANCE,OK,6.340,7.565,,0,nearest_robot=robot2
150.000,original,-,robot2,MIN_DISTANCE,OK,6.271,7.565,,0,nearest_robot=robot4
150.000,original,-,robot3,MIN_DISTANCE,OK,11.378,7.565,,0,nearest_robot=robot1
150.000,original,-,robot4,MIN_DISTANCE,OK,6.271,7.565,,0,nearest_robot=robot2
150.000,original,-,fleet,MIN_DISTANCE_AVG,OK,7.565,,,0,robots_sampled=4
151.000,original,-,robot1,MIN_DISTANCE,OK,6.036,7.677,,0,nearest_robot=robot2
151.000,original,-,robot2,MIN_DISTANCE,OK,6.036,7.677,,0,nearest_robot=robot1
151.000,original,-,robot3,MIN_DISTANCE,OK,12.206,7.677,,0,nearest_robot=robot1
151.000,original,-,robot4,MIN_DISTANCE,OK,6.433,7.677,,0,nearest_robot=robot2
151.000,original,-,fleet,MIN_DISTANCE_AVG,OK,7.677,,,0,robots_sampled=4
152.000,original,-,robot1,MIN_DISTANCE,OK,5.776,7.815,,0,nearest_robot=robot2
152.000,original,-,robot2,MIN_DISTANCE,OK,5.776,7.815,,0,nearest_robot=robot1
152.000,original,-,robot3,MIN_DISTANCE,OK,13.065,7.815,,0,nearest_robot=robot1
152.000,original,-,robot4,MIN_DISTANCE,OK,6.641,7.815,,0,nearest_robot=robot2
152.000,original,-,fleet,MIN_DISTANCE_AVG,OK,7.815,,,0,robots_sampled=4
153.000,original,-,robot1,MIN_DISTANCE,OK,5.539,7.967,,0,nearest_robot=robot2
153.000,original,-,robot2,MIN_DISTANCE,OK,5.539,7.967,,0,nearest_robot=robot1
153.000,original,-,robot3,MIN_DISTANCE,OK,13.928,7.967,,0,nearest_robot=robot1
153.000,original,-,robot4,MIN_DISTANCE,OK,6.861,7.967,,0,nearest_robot=robot2
153.000,original,-,fleet,MIN_DISTANCE_AVG,OK,7.967,,,0,robots_sampled=4
154.000,original,-,robot1,MIN_DISTANCE,OK,5.300,7.868,,0,nearest_robot=robot2
154.000,original,-,robot2,MIN_DISTANCE,OK,5.300,7.868,,0,nearest_robot=robot1
154.000,original,-,robot3,MIN_DISTANCE,OK,13.756,7.868,,0,nearest_robot=robot4
154.000,original,-,robot4,MIN_DISTANCE,OK,7.117,7.868,,0,nearest_robot=robot2
154.000,original,-,fleet,MIN_DISTANCE_AVG,OK,7.868,,,0,robots_sampled=4
155.000,original,-,robot1,MIN_DISTANCE,OK,5.112,7.787,,0,nearest_robot=robot2
155.000,original,-,robot2,MIN_DISTANCE,OK,5.112,7.787,,0,nearest_robot=robot1
155.000,original,-,robot3,MIN_DISTANCE,OK,13.538,7.787,,0,nearest_robot=robot4
155.000,original,-,robot4,MIN_DISTANCE,OK,7.385,7.787,,0,nearest_robot=robot2
155.000,original,-,fleet,MIN_DISTANCE_AVG,OK,7.787,,,0,robots_sampled=4
155.460,original,-,fleet,CHOMP_TIME_FULL,OK,,7.475,,0,iterations=100;iterations_executed=100;source=algorithm;round_trip=7.487434
156.000,original,-,robot1,MIN_DISTANCE,OK,4.918,7.707,,0,nearest_robot=robot2
156.000,original,-,robot2,MIN_DISTANCE,OK,4.918,7.707,,0,nearest_robot=robot1
156.000,original,-,robot3,MIN_DISTANCE,OK,13.261,7.707,,0,nearest_robot=robot4
156.000,original,-,robot4,MIN_DISTANCE,OK,7.730,7.707,,0,nearest_robot=robot2
156.000,original,-,fleet,MIN_DISTANCE_AVG,OK,7.707,,,0,robots_sampled=4
157.000,original,-,robot1,MIN_DISTANCE,OK,4.759,7.628,,0,nearest_robot=robot2
157.000,original,-,robot2,MIN_DISTANCE,OK,4.759,7.628,,0,nearest_robot=robot1
157.000,original,-,robot3,MIN_DISTANCE,OK,12.896,7.628,,0,nearest_robot=robot4
157.000,original,-,robot4,MIN_DISTANCE,OK,8.098,7.628,,0,nearest_robot=robot2
157.000,original,-,fleet,MIN_DISTANCE_AVG,OK,7.628,,,0,robots_sampled=4
158.000,original,-,robot1,MIN_DISTANCE,OK,4.631,7.527,,0,nearest_robot=robot2
158.000,original,-,robot2,MIN_DISTANCE,OK,4.631,7.527,,0,nearest_robot=robot1
158.000,original,-,robot3,MIN_DISTANCE,OK,12.397,7.527,,0,nearest_robot=robot4
158.000,original,-,robot4,MIN_DISTANCE,OK,8.450,7.527,,0,nearest_robot=robot2
158.000,original,-,fleet,MIN_DISTANCE_AVG,OK,7.527,,,0,robots_sampled=4
159.000,original,-,fleet,REPLAN_FULL,OK,,,robot1|robot2|robot3|robot4,0,original_full_optimization
159.000,original,-,robot1,MIN_DISTANCE,OK,4.535,7.431,,0,nearest_robot=robot2
159.000,original,-,robot2,MIN_DISTANCE,OK,4.535,7.431,,0,nearest_robot=robot1
159.000,original,-,robot3,MIN_DISTANCE,OK,11.851,7.431,,0,nearest_robot=robot4
159.000,original,-,robot4,MIN_DISTANCE,OK,8.803,7.431,,0,nearest_robot=robot2
159.000,original,-,fleet,MIN_DISTANCE_AVG,OK,7.431,,,0,robots_sampled=4
160.000,original,-,robot1,MIN_DISTANCE,OK,4.475,7.409,,0,nearest_robot=robot2
160.000,original,-,robot2,MIN_DISTANCE,OK,4.475,7.409,,0,nearest_robot=robot1
160.000,original,-,robot3,MIN_DISTANCE,OK,11.507,7.409,,0,nearest_robot=robot4
160.000,original,-,robot4,MIN_DISTANCE,OK,9.178,7.409,,0,nearest_robot=robot2
160.000,original,-,fleet,MIN_DISTANCE_AVG,OK,7.409,,,0,robots_sampled=4
161.000,original,-,robot1,MIN_DISTANCE,OK,4.492,7.426,,0,nearest_robot=robot2
161.000,original,-,robot2,MIN_DISTANCE,OK,4.492,7.426,,0,nearest_robot=robot1
161.000,original,-,robot3,MIN_DISTANCE,OK,11.165,7.426,,0,nearest_robot=robot4
161.000,original,-,robot4,MIN_DISTANCE,OK,9.555,7.426,,0,nearest_robot=robot2
161.000,original,-,fleet,MIN_DISTANCE_AVG,OK,7.426,,,0,robots_sampled=4
162.000,original,-,robot1,MIN_DISTANCE,OK,4.574,7.473,,0,nearest_robot=robot2
162.000,original,-,robot2,MIN_DISTANCE,OK,4.574,7.473,,0,nearest_robot=robot1
162.000,original,-,robot3,MIN_DISTANCE,OK,10.852,7.473,,0,nearest_robot=robot4
162.000,original,-,robot4,MIN_DISTANCE,OK,9.892,7.473,,0,nearest_robot=robot2
162.000,original,-,fleet,MIN_DISTANCE_AVG,OK,7.473,,,0,robots_sampled=4
163.000,original,-,robot1,MIN_DISTANCE,OK,4.589,7.483,,0,nearest_robot=robot2
163.000,original,-,robot2,MIN_DISTANCE,OK,4.589,7.483,,0,nearest_robot=robot1
163.000,original,-,robot3,MIN_DISTANCE,OK,10.539,7.483,,0,nearest_robot=robot4
163.000,original,-,robot4,MIN_DISTANCE,OK,10.213,7.483,,0,nearest_robot=robot2
163.000,original,-,fleet,MIN_DISTANCE_AVG,OK,7.483,,,0,robots_sampled=4
164.000,original,-,robot1,MIN_DISTANCE,OK,4.579,7.456,,0,nearest_robot=robot2
164.000,original,-,robot2,MIN_DISTANCE,OK,4.579,7.456,,0,nearest_robot=robot1
164.000,original,-,robot3,MIN_DISTANCE,OK,10.333,7.456,,0,nearest_robot=robot4
164.000,original,-,robot4,MIN_DISTANCE,OK,10.333,7.456,,0,nearest_robot=robot3
164.000,original,-,fleet,MIN_DISTANCE_AVG,OK,7.456,,,0,robots_sampled=4
165.000,original,-,robot1,MIN_DISTANCE,OK,4.566,7.417,,0,nearest_robot=robot2
165.000,original,-,robot2,MIN_DISTANCE,OK,4.566,7.417,,0,nearest_robot=robot1
165.000,original,-,robot3,MIN_DISTANCE,OK,10.269,7.417,,0,nearest_robot=robot4
165.000,original,-,robot4,MIN_DISTANCE,OK,10.269,7.417,,0,nearest_robot=robot3
165.000,original,-,fleet,MIN_DISTANCE_AVG,OK,7.417,,,0,robots_sampled=4
166.000,original,-,robot1,MIN_DISTANCE,OK,4.551,7.389,,0,nearest_robot=robot2
166.000,original,-,robot2,MIN_DISTANCE,OK,4.551,7.389,,0,nearest_robot=robot1
166.000,original,-,robot3,MIN_DISTANCE,OK,10.227,7.389,,0,nearest_robot=robot4
166.000,original,-,robot4,MIN_DISTANCE,OK,10.227,7.389,,0,nearest_robot=robot3
166.000,original,-,fleet,MIN_DISTANCE_AVG,OK,7.389,,,0,robots_sampled=4
166.440,original,-,fleet,CHOMP_TIME_FULL,OK,,7.451,,0,iterations=100;iterations_executed=100;source=algorithm;round_trip=7.463529
167.000,original,-,fleet,REPLAN_FULL,OK,,,robot1|robot2|robot3|robot4,0,original_full_optimization
167.000,original,-,robot1,MIN_DISTANCE,OK,4.551,7.378,,0,nearest_robot=robot2
167.000,original,-,robot2,MIN_DISTANCE,OK,4.551,7.378,,0,nearest_robot=robot1
167.000,original,-,robot3,MIN_DISTANCE,OK,10.204,7.378,,0,nearest_robot=robot4
167.000,original,-,robot4,MIN_DISTANCE,OK,10.204,7.378,,0,nearest_robot=robot3
167.000,original,-,fleet,MIN_DISTANCE_AVG,OK,7.378,,,0,robots_sampled=4
168.000,original,-,robot1,MIN_DISTANCE,OK,4.551,7.321,,0,nearest_robot=robot2
168.000,original,-,robot2,MIN_DISTANCE,OK,4.551,7.321,,0,nearest_robot=robot1
168.000,original,-,robot3,MIN_DISTANCE,OK,10.092,7.321,,0,nearest_robot=robot4
168.000,original,-,robot4,MIN_DISTANCE,OK,10.092,7.321,,0,nearest_robot=robot3
168.000,original,-,fleet,MIN_DISTANCE_AVG,OK,7.321,,,0,robots_sampled=4
169.000,original,-,robot1,MIN_DISTANCE,OK,4.551,7.386,,0,nearest_robot=robot2
169.000,original,-,robot2,MIN_DISTANCE,OK,4.551,7.386,,0,nearest_robot=robot1
169.000,original,-,robot3,MIN_DISTANCE,OK,10.220,7.386,,0,nearest_robot=robot4
169.000,original,-,robot4,MIN_DISTANCE,OK,10.220,7.386,,0,nearest_robot=robot3
169.000,original,-,fleet,MIN_DISTANCE_AVG,OK,7.386,,,0,robots_sampled=4
170.000,original,-,robot1,MIN_DISTANCE,OK,4.551,7.503,,0,nearest_robot=robot2
170.000,original,-,robot2,MIN_DISTANCE,OK,4.551,7.503,,0,nearest_robot=robot1
170.000,original,-,robot3,MIN_DISTANCE,OK,10.454,7.503,,0,nearest_robot=robot4
170.000,original,-,robot4,MIN_DISTANCE,OK,10.454,7.503,,0,nearest_robot=robot3
170.000,original,-,fleet,MIN_DISTANCE_AVG,OK,7.503,,,0,robots_sampled=4
171.000,original,-,robot1,MIN_DISTANCE,OK,4.551,7.503,,0,nearest_robot=robot2
171.000,original,-,robot2,MIN_DISTANCE,OK,4.551,7.503,,0,nearest_robot=robot1
171.000,original,-,robot3,MIN_DISTANCE,OK,10.455,7.503,,0,nearest_robot=robot4
171.000,original,-,robot4,MIN_DISTANCE,OK,10.455,7.503,,0,nearest_robot=robot3
171.000,original,-,fleet,MIN_DISTANCE_AVG,OK,7.503,,,0,robots_sampled=4
172.000,original,-,robot1,MIN_DISTANCE,OK,4.551,7.331,,0,nearest_robot=robot2
172.000,original,-,robot2,MIN_DISTANCE,OK,4.551,7.331,,0,nearest_robot=robot1
172.000,original,-,robot3,MIN_DISTANCE,OK,10.110,7.331,,0,nearest_robot=robot4
172.000,original,-,robot4,MIN_DISTANCE,OK,10.110,7.331,,0,nearest_robot=robot3
172.000,original,-,fleet,MIN_DISTANCE_AVG,OK,7.331,,,0,robots_sampled=4
173.000,original,-,robot1,MIN_DISTANCE,OK,4.552,7.088,,0,nearest_robot=robot2
173.000,original,-,robot2,MIN_DISTANCE,OK,4.552,7.088,,0,nearest_robot=robot1
173.000,original,-,robot3,MIN_DISTANCE,OK,9.623,7.088,,0,nearest_robot=robot4
173.000,original,-,robot4,MIN_DISTANCE,OK,9.623,7.088,,0,nearest_robot=robot3
173.000,original,-,fleet,MIN_DISTANCE_AVG,OK,7.088,,,0,robots_sampled=4
174.000,original,-,robot1,MIN_DISTANCE,OK,4.552,6.936,,0,nearest_robot=robot2
174.000,original,-,robot2,MIN_DISTANCE,OK,4.552,6.936,,0,nearest_robot=robot1
174.000,original,-,robot3,MIN_DISTANCE,OK,9.320,6.936,,0,nearest_robot=robot4
174.000,original,-,robot4,MIN_DISTANCE,OK,9.320,6.936,,0,nearest_robot=robot3
174.000,original,-,fleet,MIN_DISTANCE_AVG,OK,6.936,,,0,robots_sampled=4
174.700,original,-,fleet,CHOMP_TIME_FULL,OK,,7.710,,0,iterations=100;iterations_executed=100;source=algorithm;round_trip=7.725837
175.000,original,-,robot1,MIN_DISTANCE,OK,4.551,6.784,,0,nearest_robot=robot2
175.000,original,-,robot2,MIN_DISTANCE,OK,4.551,6.784,,0,nearest_robot=robot1
175.000,original,-,robot3,MIN_DISTANCE,OK,9.017,6.784,,0,nearest_robot=robot4
175.000,original,-,robot4,MIN_DISTANCE,OK,9.017,6.784,,0,nearest_robot=robot3
175.000,original,-,fleet,MIN_DISTANCE_AVG,OK,6.784,,,0,robots_sampled=4
175.500,original,-,fleet,REPLAN_FULL,OK,,,robot1|robot2|robot3|robot4,0,original_full_optimization
176.000,original,-,robot1,MIN_DISTANCE,OK,4.537,6.598,,0,nearest_robot=robot2
176.000,original,-,robot2,MIN_DISTANCE,OK,4.537,6.598,,0,nearest_robot=robot1
176.000,original,-,robot3,MIN_DISTANCE,OK,8.658,6.598,,0,nearest_robot=robot4
176.000,original,-,robot4,MIN_DISTANCE,OK,8.658,6.598,,0,nearest_robot=robot3
176.000,original,-,fleet,MIN_DISTANCE_AVG,OK,6.598,,,0,robots_sampled=4
177.000,original,-,robot1,MIN_DISTANCE,OK,4.495,6.399,,0,nearest_robot=robot2
177.000,original,-,robot2,MIN_DISTANCE,OK,4.495,6.399,,0,nearest_robot=robot1
177.000,original,-,robot3,MIN_DISTANCE,OK,8.302,6.399,,0,nearest_robot=robot4
177.000,original,-,robot4,MIN_DISTANCE,OK,8.302,6.399,,0,nearest_robot=robot3
177.000,original,-,fleet,MIN_DISTANCE_AVG,OK,6.399,,,0,robots_sampled=4
178.000,original,-,robot1,MIN_DISTANCE,OK,4.388,6.160,,0,nearest_robot=robot2
178.000,original,-,robot2,MIN_DISTANCE,OK,4.388,6.160,,0,nearest_robot=robot1
178.000,original,-,robot3,MIN_DISTANCE,OK,7.932,6.160,,0,nearest_robot=robot4
178.000,original,-,robot4,MIN_DISTANCE,OK,7.932,6.160,,0,nearest_robot=robot3
178.000,original,-,fleet,MIN_DISTANCE_AVG,OK,6.160,,,0,robots_sampled=4
179.000,original,-,robot1,MIN_DISTANCE,OK,4.066,5.819,,0,nearest_robot=robot2
179.000,original,-,robot2,MIN_DISTANCE,OK,4.066,5.819,,0,nearest_robot=robot1
179.000,original,-,robot3,MIN_DISTANCE,OK,7.572,5.819,,0,nearest_robot=robot4
179.000,original,-,robot4,MIN_DISTANCE,OK,7.572,5.819,,0,nearest_robot=robot3
179.000,original,-,fleet,MIN_DISTANCE_AVG,OK,5.819,,,0,robots_sampled=4
180.000,original,-,robot1,MIN_DISTANCE,OK,3.650,5.449,,0,nearest_robot=robot2
180.000,original,-,robot2,MIN_DISTANCE,OK,3.650,5.449,,0,nearest_robot=robot1
180.000,original,-,robot3,MIN_DISTANCE,OK,7.247,5.449,,0,nearest_robot=robot4
180.000,original,-,robot4,MIN_DISTANCE,OK,7.247,5.449,,0,nearest_robot=robot3
180.000,original,-,fleet,MIN_DISTANCE_AVG,OK,5.449,,,0,robots_sampled=4
181.000,original,-,robot1,MIN_DISTANCE,OK,3.232,5.087,,0,nearest_robot=robot2
181.000,original,-,robot2,MIN_DISTANCE,OK,3.232,5.087,,0,nearest_robot=robot1
181.000,original,-,robot3,MIN_DISTANCE,OK,6.943,5.087,,0,nearest_robot=robot4
181.000,original,-,robot4,MIN_DISTANCE,OK,6.943,5.087,,0,nearest_robot=robot3
181.000,original,-,fleet,MIN_DISTANCE_AVG,OK,5.087,,,0,robots_sampled=4
182.000,original,-,robot1,MIN_DISTANCE,OK,2.818,4.725,,0,nearest_robot=robot2
182.000,original,-,robot2,MIN_DISTANCE,OK,2.818,4.725,,0,nearest_robot=robot1
182.000,original,-,robot3,MIN_DISTANCE,OK,6.633,4.725,,0,nearest_robot=robot4
182.000,original,-,robot4,MIN_DISTANCE,OK,6.633,4.725,,0,nearest_robot=robot3
182.000,original,-,fleet,MIN_DISTANCE_AVG,OK,4.725,,,0,robots_sampled=4
183.000,original,-,robot1,MIN_DISTANCE,OK,2.472,4.414,,0,nearest_robot=robot2
183.000,original,-,robot2,MIN_DISTANCE,OK,2.472,4.414,,0,nearest_robot=robot1
183.000,original,-,robot3,MIN_DISTANCE,OK,6.356,4.414,,0,nearest_robot=robot4
183.000,original,-,robot4,MIN_DISTANCE,OK,6.356,4.414,,0,nearest_robot=robot3
183.000,original,-,fleet,MIN_DISTANCE_AVG,OK,4.414,,,0,robots_sampled=4
183.080,original,-,fleet,CHOMP_TIME_FULL,OK,,7.578,,0,iterations=100;iterations_executed=100;source=algorithm;round_trip=7.593759
184.000,original,-,robot1,MIN_DISTANCE,OK,2.082,4.048,,0,nearest_robot=robot2
184.000,original,-,robot2,MIN_DISTANCE,OK,2.082,4.048,,0,nearest_robot=robot1
184.000,original,-,robot3,MIN_DISTANCE,OK,6.014,4.048,,0,nearest_robot=robot4
184.000,original,-,robot4,MIN_DISTANCE,OK,6.014,4.048,,0,nearest_robot=robot3
184.000,original,-,fleet,MIN_DISTANCE_AVG,OK,4.048,,,0,robots_sampled=4
185.000,original,-,robot1,MIN_DISTANCE,OK,1.726,3.572,,0,nearest_robot=robot2
185.000,original,-,robot2,MIN_DISTANCE,OK,1.726,3.572,,0,nearest_robot=robot1
185.000,original,-,robot3,MIN_DISTANCE,OK,5.418,3.572,,0,nearest_robot=robot4
185.000,original,-,robot4,MIN_DISTANCE,OK,5.418,3.572,,0,nearest_robot=robot3
185.000,original,-,fleet,MIN_DISTANCE_AVG,OK,3.572,,,0,robots_sampled=4
186.000,original,-,robot1,MIN_DISTANCE,OK,1.612,3.122,,0,nearest_robot=robot2
186.000,original,-,robot2,MIN_DISTANCE,OK,1.612,3.122,,0,nearest_robot=robot1
186.000,original,-,robot3,MIN_DISTANCE,OK,4.633,3.122,,0,nearest_robot=robot4
186.000,original,-,robot4,MIN_DISTANCE,OK,4.633,3.122,,0,nearest_robot=robot3
186.000,original,-,fleet,MIN_DISTANCE_AVG,OK,3.122,,,0,robots_sampled=4
187.000,original,-,robot1,MIN_DISTANCE,OK,1.610,2.382,,0,nearest_robot=robot2
187.000,original,-,robot2,MIN_DISTANCE,OK,1.610,2.382,,0,nearest_robot=robot1
187.000,original,-,robot3,MIN_DISTANCE,OK,3.154,2.382,,0,nearest_robot=robot4
187.000,original,-,robot4,MIN_DISTANCE,OK,3.154,2.382,,0,nearest_robot=robot3
187.000,original,-,fleet,MIN_DISTANCE_AVG,OK,2.382,,,0,robots_sampled=4
188.000,original,-,robot1,MIN_DISTANCE,OK,1.988,2.398,,0,nearest_robot=robot2
188.000,original,-,robot2,MIN_DISTANCE,OK,1.988,2.398,,0,nearest_robot=robot1
188.000,original,-,robot3,MIN_DISTANCE,OK,2.808,2.398,,0,nearest_robot=robot4
188.000,original,-,robot4,MIN_DISTANCE,OK,2.808,2.398,,0,nearest_robot=robot3
188.000,original,-,fleet,MIN_DISTANCE_AVG,OK,2.398,,,0,robots_sampled=4
189.000,original,-,robot1,MIN_DISTANCE,OK,2.438,1.869,,0,nearest_robot=robot2
189.000,original,-,robot2,MIN_DISTANCE,OK,2.438,1.869,,0,nearest_robot=robot1
189.000,original,-,robot3,MIN_DISTANCE,OK,1.300,1.869,,0,nearest_robot=robot4
189.000,original,-,robot4,MIN_DISTANCE,OK,1.300,1.869,,0,nearest_robot=robot3
189.000,original,-,fleet,MIN_DISTANCE_AVG,OK,1.869,,,0,robots_sampled=4
190.000,original,-,robot1,MIN_DISTANCE,OK,2.823,1.651,,0,nearest_robot=robot2
190.000,original,-,robot2,MIN_DISTANCE,OK,2.823,1.651,,0,nearest_robot=robot1
190.000,original,-,robot3,MIN_DISTANCE,OK,0.479,1.651,,0,nearest_robot=robot4
190.000,original,-,robot4,MIN_DISTANCE,OK,0.479,1.651,,0,nearest_robot=robot3
190.000,original,-,fleet,MIN_DISTANCE_AVG,OK,1.651,,,0,robots_sampled=4
191.000,original,-,robot1,MIN_DISTANCE,OK,3.229,2.012,,0,nearest_robot=robot2
191.000,original,-,robot2,MIN_DISTANCE,OK,3.229,2.012,,0,nearest_robot=robot1
191.000,original,-,robot3,MIN_DISTANCE,OK,0.795,2.012,,0,nearest_robot=robot4
191.000,original,-,robot4,MIN_DISTANCE,OK,0.795,2.012,,0,nearest_robot=robot3
191.000,original,-,fleet,MIN_DISTANCE_AVG,OK,2.012,,,0,robots_sampled=4
192.000,original,-,robot1,MIN_DISTANCE,OK,3.648,2.618,,0,nearest_robot=robot2
192.000,original,-,robot2,MIN_DISTANCE,OK,3.648,2.618,,0,nearest_robot=robot1
192.000,original,-,robot3,MIN_DISTANCE,OK,1.587,2.618,,0,nearest_robot=robot4
192.000,original,-,robot4,MIN_DISTANCE,OK,1.587,2.618,,0,nearest_robot=robot3
192.000,original,-,fleet,MIN_DISTANCE_AVG,OK,2.618,,,0,robots_sampled=4
193.000,original,-,fleet,REPLAN_FULL,OK,,,robot1|robot2|robot3|robot4,0,original_full_optimization
193.000,original,-,robot1,MIN_DISTANCE,OK,4.017,3.163,,0,nearest_robot=robot2
193.000,original,-,robot2,MIN_DISTANCE,OK,4.017,3.163,,0,nearest_robot=robot1
193.000,original,-,robot3,MIN_DISTANCE,OK,2.308,3.163,,0,nearest_robot=robot4
193.000,original,-,robot4,MIN_DISTANCE,OK,2.308,3.163,,0,nearest_robot=robot3
193.000,original,-,fleet,MIN_DISTANCE_AVG,OK,3.163,,,0,robots_sampled=4
194.000,original,-,robot1,MIN_DISTANCE,OK,4.392,3.355,,0,nearest_robot=robot2
194.000,original,-,robot2,MIN_DISTANCE,OK,4.392,3.355,,0,nearest_robot=robot1
194.000,original,-,robot3,MIN_DISTANCE,OK,2.317,3.355,,0,nearest_robot=robot4
194.000,original,-,robot4,MIN_DISTANCE,OK,2.317,3.355,,0,nearest_robot=robot3
194.000,original,-,fleet,MIN_DISTANCE_AVG,OK,3.355,,,0,robots_sampled=4
195.000,original,-,robot1,MIN_DISTANCE,OK,4.724,3.695,,0,nearest_robot=robot2
195.000,original,-,robot2,MIN_DISTANCE,OK,4.724,3.695,,0,nearest_robot=robot1
195.000,original,-,robot3,MIN_DISTANCE,OK,2.665,3.695,,0,nearest_robot=robot4
195.000,original,-,robot4,MIN_DISTANCE,OK,2.665,3.695,,0,nearest_robot=robot3
195.000,original,-,fleet,MIN_DISTANCE_AVG,OK,3.695,,,0,robots_sampled=4
196.000,original,-,robot1,MIN_DISTANCE,OK,5.081,4.016,,0,nearest_robot=robot2
196.000,original,-,robot2,MIN_DISTANCE,OK,5.081,4.016,,0,nearest_robot=robot1
196.000,original,-,robot3,MIN_DISTANCE,OK,2.951,4.016,,0,nearest_robot=robot4
196.000,original,-,robot4,MIN_DISTANCE,OK,2.951,4.016,,0,nearest_robot=robot3
196.000,original,-,fleet,MIN_DISTANCE_AVG,OK,4.016,,,0,robots_sampled=4
197.000,original,-,robot1,MIN_DISTANCE,OK,5.471,4.393,,0,nearest_robot=robot2
197.000,original,-,robot2,MIN_DISTANCE,OK,5.471,4.393,,0,nearest_robot=robot1
197.000,original,-,robot3,MIN_DISTANCE,OK,3.315,4.393,,0,nearest_robot=robot4
197.000,original,-,robot4,MIN_DISTANCE,OK,3.315,4.393,,0,nearest_robot=robot3
197.000,original,-,fleet,MIN_DISTANCE_AVG,OK,4.393,,,0,robots_sampled=4
198.000,original,-,robot1,MIN_DISTANCE,OK,5.840,4.772,,0,nearest_robot=robot2
198.000,original,-,robot2,MIN_DISTANCE,OK,5.840,4.772,,0,nearest_robot=robot1
198.000,original,-,robot3,MIN_DISTANCE,OK,3.705,4.772,,0,nearest_robot=robot4
198.000,original,-,robot4,MIN_DISTANCE,OK,3.705,4.772,,0,nearest_robot=robot3
198.000,original,-,fleet,MIN_DISTANCE_AVG,OK,4.772,,,0,robots_sampled=4
199.000,original,-,robot1,MIN_DISTANCE,OK,6.243,5.204,,0,nearest_robot=robot2
199.000,original,-,robot2,MIN_DISTANCE,OK,6.243,5.204,,0,nearest_robot=robot1
199.000,original,-,robot3,MIN_DISTANCE,OK,4.164,5.204,,0,nearest_robot=robot4
199.000,original,-,robot4,MIN_DISTANCE,OK,4.164,5.204,,0,nearest_robot=robot3
199.000,original,-,fleet,MIN_DISTANCE_AVG,OK,5.204,,,0,robots_sampled=4
200.000,original,-,robot1,MIN_DISTANCE,OK,6.643,5.619,,0,nearest_robot=robot2
200.000,original,-,robot2,MIN_DISTANCE,OK,6.643,5.619,,0,nearest_robot=robot1
200.000,original,-,robot3,MIN_DISTANCE,OK,4.594,5.619,,0,nearest_robot=robot4
200.000,original,-,robot4,MIN_DISTANCE,OK,4.594,5.619,,0,nearest_robot=robot3
200.000,original,-,fleet,MIN_DISTANCE_AVG,OK,5.619,,,0,robots_sampled=4
200.580,original,-,fleet,CHOMP_TIME_FULL,OK,,7.593,,0,iterations=100;iterations_executed=100;source=algorithm;round_trip=7.607146
201.000,original,-,robot1,MIN_DISTANCE,OK,7.029,6.021,,0,nearest_robot=robot2
201.000,original,-,robot2,MIN_DISTANCE,OK,7.029,6.021,,0,nearest_robot=robot1
201.000,original,-,robot3,MIN_DISTANCE,OK,5.012,6.021,,0,nearest_robot=robot4
201.000,original,-,robot4,MIN_DISTANCE,OK,5.012,6.021,,0,nearest_robot=robot3
201.000,original,-,fleet,MIN_DISTANCE_AVG,OK,6.021,,,0,robots_sampled=4
201.500,original,-,fleet,REPLAN_FULL,OK,,,robot1|robot2|robot3|robot4,0,original_full_optimization
202.000,original,-,robot1,MIN_DISTANCE,OK,7.491,6.426,,0,nearest_robot=robot2
202.000,original,-,robot2,MIN_DISTANCE,OK,7.491,6.426,,0,nearest_robot=robot1
202.000,original,-,robot3,MIN_DISTANCE,OK,5.361,6.426,,0,nearest_robot=robot4
202.000,original,-,robot4,MIN_DISTANCE,OK,5.361,6.426,,0,nearest_robot=robot3
202.000,original,-,fleet,MIN_DISTANCE_AVG,OK,6.426,,,0,robots_sampled=4
203.000,original,-,robot1,MIN_DISTANCE,OK,7.757,6.737,,0,nearest_robot=robot2
203.000,original,-,robot2,MIN_DISTANCE,OK,7.757,6.737,,0,nearest_robot=robot1
203.000,original,-,robot3,MIN_DISTANCE,OK,5.717,6.737,,0,nearest_robot=robot4
203.000,original,-,robot4,MIN_DISTANCE,OK,5.717,6.737,,0,nearest_robot=robot3
203.000,original,-,fleet,MIN_DISTANCE_AVG,OK,6.737,,,0,robots_sampled=4
204.000,original,-,robot1,MIN_DISTANCE,OK,7.833,6.956,,0,nearest_robot=robot2
204.000,original,-,robot2,MIN_DISTANCE,OK,7.833,6.956,,0,nearest_robot=robot1
204.000,original,-,robot3,MIN_DISTANCE,OK,6.079,6.956,,0,nearest_robot=robot4
204.000,original,-,robot4,MIN_DISTANCE,OK,6.079,6.956,,0,nearest_robot=robot3
204.000,original,-,fleet,MIN_DISTANCE_AVG,OK,6.956,,,0,robots_sampled=4
205.000,original,-,robot1,MIN_DISTANCE,OK,7.917,7.163,,0,nearest_robot=robot2
205.000,original,-,robot2,MIN_DISTANCE,OK,7.917,7.163,,0,nearest_robot=robot1
205.000,original,-,robot3,MIN_DISTANCE,OK,6.409,7.163,,0,nearest_robot=robot4
205.000,original,-,robot4,MIN_DISTANCE,OK,6.409,7.163,,0,nearest_robot=robot3
205.000,original,-,fleet,MIN_DISTANCE_AVG,OK,7.163,,,0,robots_sampled=4
206.000,original,-,robot1,MIN_DISTANCE,OK,7.942,7.350,,0,nearest_robot=robot2
206.000,original,-,robot2,MIN_DISTANCE,OK,7.942,7.350,,0,nearest_robot=robot1
206.000,original,-,robot3,MIN_DISTANCE,OK,6.758,7.350,,0,nearest_robot=robot4
206.000,original,-,robot4,MIN_DISTANCE,OK,6.758,7.350,,0,nearest_robot=robot3
206.000,original,-,fleet,MIN_DISTANCE_AVG,OK,7.350,,,0,robots_sampled=4
207.000,original,-,robot1,MIN_DISTANCE,OK,7.972,7.530,,0,nearest_robot=robot2
207.000,original,-,robot2,MIN_DISTANCE,OK,7.972,7.530,,0,nearest_robot=robot1
207.000,original,-,robot3,MIN_DISTANCE,OK,7.088,7.530,,0,nearest_robot=robot4
207.000,original,-,robot4,MIN_DISTANCE,OK,7.088,7.530,,0,nearest_robot=robot3
207.000,original,-,fleet,MIN_DISTANCE_AVG,OK,7.530,,,0,robots_sampled=4
208.000,original,-,robot1,MIN_DISTANCE,OK,7.980,7.713,,0,nearest_robot=robot2
208.000,original,-,robot2,MIN_DISTANCE,OK,7.980,7.713,,0,nearest_robot=robot1
208.000,original,-,robot3,MIN_DISTANCE,OK,7.447,7.713,,0,nearest_robot=robot4
208.000,original,-,robot4,MIN_DISTANCE,OK,7.447,7.713,,0,nearest_robot=robot3
208.000,original,-,fleet,MIN_DISTANCE_AVG,OK,7.713,,,0,robots_sampled=4
209.000,original,-,robot1,MIN_DISTANCE,OK,8.013,7.904,,0,nearest_robot=robot2
209.000,original,-,robot2,MIN_DISTANCE,OK,8.013,7.904,,0,nearest_robot=robot1
209.000,original,-,robot3,MIN_DISTANCE,OK,7.796,7.904,,0,nearest_robot=robot4
209.000,original,-,robot4,MIN_DISTANCE,OK,7.796,7.904,,0,nearest_robot=robot3
209.000,original,-,fleet,MIN_DISTANCE_AVG,OK,7.904,,,0,robots_sampled=4
209.090,original,-,fleet,CHOMP_TIME_FULL,OK,,7.599,,0,iterations=100;iterations_executed=100;source=algorithm;round_trip=7.611896
210.000,original,-,robot1,MIN_DISTANCE,OK,8.018,8.125,,0,nearest_robot=robot2
210.000,original,-,robot2,MIN_DISTANCE,OK,8.018,8.125,,0,nearest_robot=robot1
210.000,original,-,robot3,MIN_DISTANCE,OK,8.233,8.125,,0,nearest_robot=robot4
210.000,original,-,robot4,MIN_DISTANCE,OK,8.233,8.125,,0,nearest_robot=robot3
210.000,original,-,fleet,MIN_DISTANCE_AVG,OK,8.125,,,0,robots_sampled=4
211.000,original,-,robot1,MIN_DISTANCE,OK,8.031,8.358,,0,nearest_robot=robot2
211.000,original,-,robot2,MIN_DISTANCE,OK,8.031,8.358,,0,nearest_robot=robot1
211.000,original,-,robot3,MIN_DISTANCE,OK,8.685,8.358,,0,nearest_robot=robot4
211.000,original,-,robot4,MIN_DISTANCE,OK,8.685,8.358,,0,nearest_robot=robot3
211.000,original,-,fleet,MIN_DISTANCE_AVG,OK,8.358,,,0,robots_sampled=4
212.000,original,-,robot1,MIN_DISTANCE,OK,8.011,8.604,,0,nearest_robot=robot2
212.000,original,-,robot2,MIN_DISTANCE,OK,8.011,8.604,,0,nearest_robot=robot1
212.000,original,-,robot3,MIN_DISTANCE,OK,9.235,8.604,,0,nearest_robot=robot4
212.000,original,-,robot4,MIN_DISTANCE,OK,9.160,8.604,,0,nearest_robot=robot1
212.000,original,-,fleet,MIN_DISTANCE_AVG,OK,8.604,,,0,robots_sampled=4
213.000,original,-,robot1,MIN_DISTANCE,OK,7.902,8.457,,0,nearest_robot=robot2
213.000,original,-,robot2,MIN_DISTANCE,OK,7.902,8.457,,0,nearest_robot=robot1
213.000,original,-,robot3,MIN_DISTANCE,OK,9.344,8.457,,0,nearest_robot=robot1
213.000,original,-,robot4,MIN_DISTANCE,OK,8.681,8.457,,0,nearest_robot=robot1
213.000,original,-,fleet,MIN_DISTANCE_AVG,OK,8.457,,,0,robots_sampled=4
214.000,original,-,robot1,MIN_DISTANCE,OK,7.872,8.340,,0,nearest_robot=robot2
214.000,original,-,robot2,MIN_DISTANCE,OK,7.872,8.340,,0,nearest_robot=robot1
214.000,original,-,robot3,MIN_DISTANCE,OK,9.501,8.340,,0,nearest_robot=robot1
214.000,original,-,robot4,MIN_DISTANCE,OK,8.117,8.340,,0,nearest_robot=robot1
214.000,original,-,fleet,MIN_DISTANCE_AVG,OK,8.340,,,0,robots_sampled=4
215.000,original,-,robot1,MIN_DISTANCE,OK,7.572,8.182,,0,nearest_robot=robot4
215.000,original,-,robot2,MIN_DISTANCE,OK,7.855,8.182,,0,nearest_robot=robot1
215.000,original,-,robot3,MIN_DISTANCE,OK,9.728,8.182,,0,nearest_robot=robot1
215.000,original,-,robot4,MIN_DISTANCE,OK,7.572,8.182,,0,nearest_robot=robot1
215.000,original,-,fleet,MIN_DISTANCE_AVG,OK,8.182,,,0,robots_sampled=4
216.000,original,-,robot1,MIN_DISTANCE,OK,7.030,7.859,,0,nearest_robot=robot4
216.000,original,-,robot2,MIN_DISTANCE,OK,7.821,7.859,,0,nearest_robot=robot1
216.000,original,-,robot3,MIN_DISTANCE,OK,9.554,7.859,,0,nearest_robot=robot2
216.000,original,-,robot4,MIN_DISTANCE,OK,7.030,7.859,,0,nearest_robot=robot1
216.000,original,-,fleet,MIN_DISTANCE_AVG,OK,7.859,,,0,robots_sampled=4
217.000,original,-,robot1,MIN_DISTANCE,OK,6.366,7.498,,0,nearest_robot=robot4
217.000,original,-,robot2,MIN_DISTANCE,OK,7.809,7.498,,0,nearest_robot=robot1
217.000,original,-,robot3,MIN_DISTANCE,OK,9.453,7.498,,0,nearest_robot=robot2
217.000,original,-,robot4,MIN_DISTANCE,OK,6.366,7.498,,0,nearest_robot=robot1
217.000,original,-,fleet,MIN_DISTANCE_AVG,OK,7.498,,,0,robots_sampled=4
218.000,original,-,robot1,MIN_DISTANCE,OK,5.637,7.120,,0,nearest_robot=robot4
218.000,original,-,robot2,MIN_DISTANCE,OK,7.806,7.120,,0,nearest_robot=robot1
218.000,original,-,robot3,MIN_DISTANCE,OK,9.400,7.120,,0,nearest_robot=robot2
218.000,original,-,robot4,MIN_DISTANCE,OK,5.637,7.120,,0,nearest_robot=robot1
218.000,original,-,fleet,MIN_DISTANCE_AVG,OK,7.120,,,0,robots_sampled=4
219.000,original,-,robot1,MIN_DISTANCE,OK,4.805,6.697,,0,nearest_robot=robot4
219.000,original,-,robot2,MIN_DISTANCE,OK,7.796,6.697,,0,nearest_robot=robot1
219.000,original,-,robot3,MIN_DISTANCE,OK,9.380,6.697,,0,nearest_robot=robot2
219.000,original,-,robot4,MIN_DISTANCE,OK,4.805,6.697,,0,nearest_robot=robot1
219.000,original,-,fleet,MIN_DISTANCE_AVG,OK,6.697,,,0,robots_sampled=4
220.000,original,-,robot1,MIN_DISTANCE,OK,3.933,6.264,,0,nearest_robot=robot4
220.000,original,-,robot2,MIN_DISTANCE,OK,7.788,6.264,,0,nearest_robot=robot1
220.000,original,-,robot3,MIN_DISTANCE,OK,9.402,6.264,,0,nearest_robot=robot2
220.000,original,-,robot4,MIN_DISTANCE,OK,3.933,6.264,,0,nearest_robot=robot1
220.000,original,-,fleet,MIN_DISTANCE_AVG,OK,6.264,,,0,robots_sampled=4
221.000,original,-,robot1,MIN_DISTANCE,OK,3.039,5.830,,0,nearest_robot=robot4
221.000,original,-,robot2,MIN_DISTANCE,OK,7.784,5.830,,0,nearest_robot=robot1
221.000,original,-,robot3,MIN_DISTANCE,OK,9.458,5.830,,0,nearest_robot=robot2
221.000,original,-,robot4,MIN_DISTANCE,OK,3.039,5.830,,0,nearest_robot=robot1
221.000,original,-,fleet,MIN_DISTANCE_AVG,OK,5.830,,,0,robots_sampled=4
222.000,original,-,robot1,MIN_DISTANCE,OK,2.060,5.380,,0,nearest_robot=robot4
222.000,original,-,robot2,MIN_DISTANCE,OK,7.789,5.380,,0,nearest_robot=robot1
222.000,original,-,robot3,MIN_DISTANCE,OK,9.610,5.380,,0,nearest_robot=robot2
222.000,original,-,robot4,MIN_DISTANCE,OK,2.060,5.380,,0,nearest_robot=robot1
222.000,original,-,fleet,MIN_DISTANCE_AVG,OK,5.380,,,0,robots_sampled=4
223.000,original,-,robot1,MIN_DISTANCE,OK,1.113,4.950,,0,nearest_robot=robot4
223.000,original,-,robot2,MIN_DISTANCE,OK,7.768,4.950,,0,nearest_robot=robot1
223.000,original,-,robot3,MIN_DISTANCE,OK,9.805,4.950,,0,nearest_robot=robot2
223.000,original,-,robot4,MIN_DISTANCE,OK,1.113,4.950,,0,nearest_robot=robot1
223.000,original,-,fleet,MIN_DISTANCE_AVG,OK,4.950,,,0,robots_sampled=4
224.000,original,-,robot1,MIN_DISTANCE,OK,0.356,4.612,,0,nearest_robot=robot4
224.000,original,-,robot2,MIN_DISTANCE,OK,7.700,4.612,,0,nearest_robot=robot1
224.000,original,-,robot3,MIN_DISTANCE,OK,10.035,4.612,,0,nearest_robot=robot2
224.000,original,-,robot4,MIN_DISTANCE,OK,0.356,4.612,,0,nearest_robot=robot1
224.000,original,-,fleet,MIN_DISTANCE_AVG,OK,4.612,,,0,robots_sampled=4
225.000,original,-,robot1,MIN_DISTANCE,OK,0.716,4.779,,0,nearest_robot=robot4
225.000,original,-,robot2,MIN_DISTANCE,OK,7.339,4.779,,0,nearest_robot=robot4
225.000,original,-,robot3,MIN_DISTANCE,OK,10.346,4.779,,0,nearest_robot=robot2
225.000,original,-,robot4,MIN_DISTANCE,OK,0.716,4.779,,0,nearest_robot=robot1
225.000,original,-,fleet,MIN_DISTANCE_AVG,OK,4.779,,,0,robots_sampled=4
226.000,original,-,robot1,MIN_DISTANCE,OK,1.655,5.128,,0,nearest_robot=robot4
226.000,original,-,robot2,MIN_DISTANCE,OK,6.540,5.128,,0,nearest_robot=robot4
226.000,original,-,robot3,MIN_DISTANCE,OK,10.663,5.128,,0,nearest_robot=robot2
226.000,original,-,robot4,MIN_DISTANCE,OK,1.655,5.128,,0,nearest_robot=robot1
226.000,original,-,fleet,MIN_DISTANCE_AVG,OK,5.128,,,0,robots_sampled=4
227.000,original,-,robot1,MIN_DISTANCE,OK,2.535,5.455,,0,nearest_robot=robot4
227.000,original,-,robot2,MIN_DISTANCE,OK,5.717,5.455,,0,nearest_robot=robot4
227.000,original,-,robot3,MIN_DISTANCE,OK,11.032,5.455,,0,nearest_robot=robot2
227.000,original,-,robot4,MIN_DISTANCE,OK,2.535,5.455,,0,nearest_robot=robot1
227.000,original,-,fleet,MIN_DISTANCE_AVG,OK,5.455,,,0,robots_sampled=4
228.000,original,-,robot1,MIN_DISTANCE,OK,3.319,5.762,,0,nearest_robot=robot4
228.000,original,-,robot2,MIN_DISTANCE,OK,4.983,5.762,,0,nearest_robot=robot4
228.000,original,-,robot3,MIN_DISTANCE,OK,11.427,5.762,,0,nearest_robot=robot2
228.000,original,-,robot4,MIN_DISTANCE,OK,3.319,5.762,,0,nearest_robot=robot1
228.000,original,-,fleet,MIN_DISTANCE_AVG,OK,5.762,,,0,robots_sampled=4
229.000,original,-,robot1,MIN_DISTANCE,OK,4.123,6.083,,0,nearest_robot=robot4
229.000,original,-,robot2,MIN_DISTANCE,OK,4.258,6.083,,0,nearest_robot=robot4
229.000,original,-,robot3,MIN_DISTANCE,OK,11.828,6.083,,0,nearest_robot=robot2
229.000,original,-,robot4,MIN_DISTANCE,OK,4.123,6.083,,0,nearest_robot=robot1
229.000,original,-,fleet,MIN_DISTANCE_AVG,OK,6.083,,,0,robots_sampled=4
230.000,original,-,robot1,MIN_DISTANCE,OK,4.923,6.051,,0,nearest_robot=robot4
230.000,original,-,robot2,MIN_DISTANCE,OK,3.491,6.051,,0,nearest_robot=robot4
230.000,original,-,robot3,MIN_DISTANCE,OK,12.298,6.051,,0,nearest_robot=robot2
230.000,original,-,robot4,MIN_DISTANCE,OK,3.491,6.051,,0,nearest_robot=robot2
230.000,original,-,fleet,MIN_DISTANCE_AVG,OK,6.051,,,0,robots_sampled=4
231.000,original,-,robot1,MIN_DISTANCE,OK,5.771,6.000,,0,nearest_robot=robot4
231.000,original,-,robot2,MIN_DISTANCE,OK,2.724,6.000,,0,nearest_robot=robot4
231.000,original,-,robot3,MIN_DISTANCE,OK,12.781,6.000,,0,nearest_robot=robot2
231.000,original,-,robot4,MIN_DISTANCE,OK,2.724,6.000,,0,nearest_robot=robot2
231.000,original,-,fleet,MIN_DISTANCE_AVG,OK,6.000,,,0,robots_sampled=4
232.000,original,-,robot1,MIN_DISTANCE,OK,6.498,5.924,,0,nearest_robot=robot4
232.000,original,-,robot2,MIN_DISTANCE,OK,1.982,5.924,,0,nearest_robot=robot4
232.000,original,-,robot3,MIN_DISTANCE,OK,13.233,5.924,,0,nearest_robot=robot2
232.000,original,-,robot4,MIN_DISTANCE,OK,1.982,5.924,,0,nearest_robot=robot2
232.000,original,-,fleet,MIN_DISTANCE_AVG,OK,5.924,,,0,robots_sampled=4
233.000,original,-,robot1,MIN_DISTANCE,OK,7.078,5.819,,0,nearest_robot=robot4
233.000,original,-,robot2,MIN_DISTANCE,OK,1.232,5.819,,0,nearest_robot=robot4
233.000,original,-,robot3,MIN_DISTANCE,OK,13.734,5.819,,0,nearest_robot=robot2
233.000,original,-,robot4,MIN_DISTANCE,OK,1.232,5.819,,0,nearest_robot=robot2
233.000,original,-,fleet,MIN_DISTANCE_AVG,OK,5.819,,,0,robots_sampled=4
234.000,original,-,robot1,MIN_DISTANCE,OK,7.351,5.685,,0,nearest_robot=robot4
234.000,original,-,robot2,MIN_DISTANCE,OK,0.565,5.685,,0,nearest_robot=robot4
234.000,original,-,robot3,MIN_DISTANCE,OK,14.259,5.685,,0,nearest_robot=robot2
234.000,original,-,robot4,MIN_DISTANCE,OK,0.565,5.685,,0,nearest_robot=robot2
234.000,original,-,fleet,MIN_DISTANCE_AVG,OK,5.685,,,0,robots_sampled=4
235.000,original,-,fleet,REPLAN_FULL,OK,,,robot1|robot2|robot3|robot4,0,original_full_optimization
235.000,original,-,robot1,MIN_DISTANCE,OK,7.450,5.693,,0,nearest_robot=robot4
235.000,original,-,robot2,MIN_DISTANCE,OK,0.325,5.693,,0,nearest_robot=robot4
235.000,original,-,robot3,MIN_DISTANCE,OK,14.672,5.693,,0,nearest_robot=robot2
235.000,original,-,robot4,MIN_DISTANCE,OK,0.325,5.693,,0,nearest_robot=robot2
235.000,original,-,fleet,MIN_DISTANCE_AVG,OK,5.693,,,0,robots_sampled=4
236.000,original,-,robot1,MIN_DISTANCE,OK,6.955,5.725,,0,nearest_robot=robot2
236.000,original,-,robot2,MIN_DISTANCE,OK,0.430,5.725,,0,nearest_robot=robot4
236.000,original,-,robot3,MIN_DISTANCE,OK,15.085,5.725,,0,nearest_robot=robot2
236.000,original,-,robot4,MIN_DISTANCE,OK,0.430,5.725,,0,nearest_robot=robot2
236.000,original,-,fleet,MIN_DISTANCE_AVG,OK,5.725,,,0,robots_sampled=4
237.000,original,-,robot1,MIN_DISTANCE,OK,6.566,5.887,,0,nearest_robot=robot2
237.000,original,-,robot2,MIN_DISTANCE,OK,0.713,5.887,,0,nearest_robot=robot4
237.000,original,-,robot3,MIN_DISTANCE,OK,15.556,5.887,,0,nearest_robot=robot2
237.000,original,-,robot4,MIN_DISTANCE,OK,0.713,5.887,,0,nearest_robot=robot2
237.000,original,-,fleet,MIN_DISTANCE_AVG,OK,5.887,,,0,robots_sampled=4
238.000,original,-,robot1,MIN_DISTANCE,OK,6.255,6.143,,0,nearest_robot=robot2
238.000,original,-,robot2,MIN_DISTANCE,OK,1.274,6.143,,0,nearest_robot=robot4
238.000,original,-,robot3,MIN_DISTANCE,OK,15.769,6.143,,0,nearest_robot=robot4
238.000,original,-,robot4,MIN_DISTANCE,OK,1.274,6.143,,0,nearest_robot=robot2
238.000,original,-,fleet,MIN_DISTANCE_AVG,OK,6.143,,,0,robots_sampled=4
239.000,original,-,robot1,MIN_DISTANCE,OK,5.919,6.442,,0,nearest_robot=robot2
239.000,original,-,robot2,MIN_DISTANCE,OK,2.036,6.442,,0,nearest_robot=robot4
239.000,original,-,robot3,MIN_DISTANCE,OK,15.779,6.442,,0,nearest_robot=robot4
239.000,original,-,robot4,MIN_DISTANCE,OK,2.036,6.442,,0,nearest_robot=robot2
239.000,original,-,fleet,MIN_DISTANCE_AVG,OK,6.442,,,0,robots_sampled=4
240.000,original,-,robot1,MIN_DISTANCE,OK,5.556,6.739,,0,nearest_robot=robot2
240.000,original,-,robot2,MIN_DISTANCE,OK,2.797,6.739,,0,nearest_robot=robot4
240.000,original,-,robot3,MIN_DISTANCE,OK,15.806,6.739,,0,nearest_robot=robot4
240.000,original,-,robot4,MIN_DISTANCE,OK,2.797,6.739,,0,nearest_robot=robot2
240.000,original,-,fleet,MIN_DISTANCE_AVG,OK,6.739,,,0,robots_sampled=4
241.000,original,-,robot1,MIN_DISTANCE,OK,5.226,7.039,,0,nearest_robot=robot2
241.000,original,-,robot2,MIN_DISTANCE,OK,3.509,7.039,,0,nearest_robot=robot4
241.000,original,-,robot3,MIN_DISTANCE,OK,15.912,7.039,,0,nearest_robot=robot4
241.000,original,-,robot4,MIN_DISTANCE,OK,3.509,7.039,,0,nearest_robot=robot2
241.000,original,-,fleet,MIN_DISTANCE_AVG,OK,7.039,,,0,robots_sampled=4
242.000,original,-,robot1,MIN_DISTANCE,OK,4.884,7.327,,0,nearest_robot=robot2
242.000,original,-,robot2,MIN_DISTANCE,OK,4.237,7.327,,0,nearest_robot=robot4
242.000,original,-,robot3,MIN_DISTANCE,OK,15.950,7.327,,0,nearest_robot=robot4
242.000,original,-,robot4,MIN_DISTANCE,OK,4.237,7.327,,0,nearest_robot=robot2
242.000,original,-,fleet,MIN_DISTANCE_AVG,OK,7.327,,,0,robots_sampled=4
242.670,original,-,fleet,CHOMP_TIME_FULL,OK,,7.687,,0,iterations=100;iterations_executed=100;source=algorithm;round_trip=7.699947
243.000,original,-,robot1,MIN_DISTANCE,OK,4.482,7.456,,0,nearest_robot=robot2
243.000,original,-,robot2,MIN_DISTANCE,OK,4.482,7.456,,0,nearest_robot=robot1
243.000,original,-,robot3,MIN_DISTANCE,OK,15.842,7.456,,0,nearest_robot=robot4
243.000,original,-,robot4,MIN_DISTANCE,OK,5.019,7.456,,0,nearest_robot=robot2
243.000,original,-,fleet,MIN_DISTANCE_AVG,OK,7.456,,,0,robots_sampled=4
244.000,original,-,robot1,MIN_DISTANCE,OK,3.938,7.296,,0,nearest_robot=robot2
244.000,original,-,robot2,MIN_DISTANCE,OK,3.938,7.296,,0,nearest_robot=robot1
244.000,original,-,robot3,MIN_DISTANCE,OK,15.478,7.296,,0,nearest_robot=robot4
244.000,original,-,robot4,MIN_DISTANCE,OK,5.828,7.296,,0,nearest_robot=robot2
244.000,original,-,fleet,MIN_DISTANCE_AVG,OK,7.296,,,0,robots_sampled=4
245.000,original,-,robot1,MIN_DISTANCE,OK,3.462,7.161,,0,nearest_robot=robot2
245.000,original,-,robot2,MIN_DISTANCE,OK,3.462,7.161,,0,nearest_robot=robot1
245.000,original,-,robot3,MIN_DISTANCE,OK,15.094,7.161,,0,nearest_robot=robot4
245.000,original,-,robot4,MIN_DISTANCE,OK,6.624,7.161,,0,nearest_robot=robot2
245.000,original,-,fleet,MIN_DISTANCE_AVG,OK,7.161,,,0,robots_sampled=4
246.000,original,-,fleet,REPLAN_FULL,OK,,,robot1|robot2|robot3|robot4,0,original_full_optimization
246.000,original,-,robot1,MIN_DISTANCE,OK,2.885,6.967,,0,nearest_robot=robot2
246.000,original,-,robot2,MIN_DISTANCE,OK,2.885,6.967,,0,nearest_robot=robot1
246.000,original,-,robot3,MIN_DISTANCE,OK,14.683,6.967,,0,nearest_robot=robot4
246.000,original,-,robot4,MIN_DISTANCE,OK,7.415,6.967,,0,nearest_robot=robot2
246.000,original,-,fleet,MIN_DISTANCE_AVG,OK,6.967,,,0,robots_sampled=4
247.000,original,-,robot1,MIN_DISTANCE,OK,2.281,6.762,,0,nearest_robot=robot2
247.000,original,-,robot2,MIN_DISTANCE,OK,2.281,6.762,,0,nearest_robot=robot1
247.000,original,-,robot3,MIN_DISTANCE,OK,14.285,6.762,,0,nearest_robot=robot4
247.000,original,-,robot4,MIN_DISTANCE,OK,8.199,6.762,,0,nearest_robot=robot2
247.000,original,-,fleet,MIN_DISTANCE_AVG,OK,6.762,,,0,robots_sampled=4
248.000,original,-,robot1,MIN_DISTANCE,OK,1.468,6.467,,0,nearest_robot=robot2
248.000,original,-,robot2,MIN_DISTANCE,OK,1.468,6.467,,0,nearest_robot=robot1
248.000,original,-,robot3,MIN_DISTANCE,OK,13.892,6.467,,0,nearest_robot=robot4
248.000,original,-,robot4,MIN_DISTANCE,OK,9.039,6.467,,0,nearest_robot=robot2
248.000,original,-,fleet,MIN_DISTANCE_AVG,OK,6.467,,,0,robots_sampled=4
249.000,original,-,robot1,MIN_DISTANCE,OK,0.708,6.206,,0,nearest_robot=robot2
249.000,original,-,robot2,MIN_DISTANCE,OK,0.708,6.206,,0,nearest_robot=robot1
249.000,original,-,robot3,MIN_DISTANCE,OK,13.541,6.206,,0,nearest_robot=robot4
249.000,original,-,robot4,MIN_DISTANCE,OK,9.867,6.206,,0,nearest_robot=robot2
249.000,original,-,fleet,MIN_DISTANCE_AVG,OK,6.206,,,0,robots_sampled=4
250.000,original,-,robot1,MIN_DISTANCE,OK,0.598,6.274,,0,nearest_robot=robot2
250.000,original,-,robot2,MIN_DISTANCE,OK,0.598,6.274,,0,nearest_robot=robot1
250.000,original,-,robot3,MIN_DISTANCE,OK,13.198,6.274,,0,nearest_robot=robot4
250.000,original,-,robot4,MIN_DISTANCE,OK,10.703,6.274,,0,nearest_robot=robot2
250.000,original,-,fleet,MIN_DISTANCE_AVG,OK,6.274,,,0,robots_sampled=4
251.000,original,-,robot1,MIN_DISTANCE,OK,1.260,6.544,,0,nearest_robot=robot2
251.000,original,-,robot2,MIN_DISTANCE,OK,1.260,6.544,,0,nearest_robot=robot1
251.000,original,-,robot3,MIN_DISTANCE,OK,12.855,6.544,,0,nearest_robot=robot4
251.000,original,-,robot4,MIN_DISTANCE,OK,10.802,6.544,,0,nearest_robot=robot1
251.000,original,-,fleet,MIN_DISTANCE_AVG,OK,6.544,,,0,robots_sampled=4
252.000,original,-,robot1,MIN_DISTANCE,OK,2.111,6.887,,0,nearest_robot=robot2
252.000,original,-,robot2,MIN_DISTANCE,OK,2.111,6.887,,0,nearest_robot=robot1
252.000,original,-,robot3,MIN_DISTANCE,OK,12.591,6.887,,0,nearest_robot=robot4
252.000,original,-,robot4,MIN_DISTANCE,OK,10.736,6.887,,0,nearest_robot=robot1
252.000,original,-,fleet,MIN_DISTANCE_AVG,OK,6.887,,,0,robots_sampled=4
253.000,original,-,robot1,MIN_DISTANCE,OK,2.948,7.236,,0,nearest_robot=robot2
253.000,original,-,robot2,MIN_DISTANCE,OK,2.948,7.236,,0,nearest_robot=robot1
253.000,original,-,robot3,MIN_DISTANCE,OK,12.337,7.236,,0,nearest_robot=robot4
253.000,original,-,robot4,MIN_DISTANCE,OK,10.711,7.236,,0,nearest_robot=robot1
253.000,original,-,fleet,MIN_DISTANCE_AVG,OK,7.236,,,0,robots_sampled=4
253.440,original,-,fleet,CHOMP_TIME_FULL,OK,,7.457,,0,iterations=100;iterations_executed=100;source=algorithm;round_trip=7.470124
254.000,original,-,robot1,MIN_DISTANCE,OK,3.621,7.524,,0,nearest_robot=robot2
254.000,original,-,robot2,MIN_DISTANCE,OK,3.621,7.524,,0,nearest_robot=robot1
254.000,original,-,robot3,MIN_DISTANCE,OK,12.096,7.524,,0,nearest_robot=robot4
254.000,original,-,robot4,MIN_DISTANCE,OK,10.758,7.524,,0,nearest_robot=robot1
254.000,original,-,fleet,MIN_DISTANCE_AVG,OK,7.524,,,0,robots_sampled=4
255.000,original,-,robot1,MIN_DISTANCE,OK,4.185,7.761,,0,nearest_robot=robot2
255.000,original,-,robot2,MIN_DISTANCE,OK,4.185,7.761,,0,nearest_robot=robot1
255.000,original,-,robot3,MIN_DISTANCE,OK,11.928,7.761,,0,nearest_robot=robot4
255.000,original,-,robot4,MIN_DISTANCE,OK,10.747,7.761,,0,nearest_robot=robot1
255.000,original,-,fleet,MIN_DISTANCE_AVG,OK,7.761,,,0,robots_sampled=4
256.000,original,-,robot1,MIN_DISTANCE,OK,4.584,7.856,,0,nearest_robot=robot2
256.000,original,-,robot2,MIN_DISTANCE,OK,4.584,7.856,,0,nearest_robot=robot1
256.000,original,-,robot3,MIN_DISTANCE,OK,11.483,7.856,,0,nearest_robot=robot4
256.000,original,-,robot4,MIN_DISTANCE,OK,10.775,7.856,,0,nearest_robot=robot1
256.000,original,-,fleet,MIN_DISTANCE_AVG,OK,7.856,,,0,robots_sampled=4
257.000,original,-,fleet,REPLAN_FULL,OK,,,robot1|robot2|robot3|robot4,0,original_full_optimization
257.000,original,-,robot1,MIN_DISTANCE,OK,4.894,7.887,,0,nearest_robot=robot2
257.000,original,-,robot2,MIN_DISTANCE,OK,4.894,7.887,,0,nearest_robot=robot1
257.000,original,-,robot3,MIN_DISTANCE,OK,10.962,7.887,,0,nearest_robot=robot4
257.000,original,-,robot4,MIN_DISTANCE,OK,10.800,7.887,,0,nearest_robot=robot1
257.000,original,-,fleet,MIN_DISTANCE_AVG,OK,7.887,,,0,robots_sampled=4
258.000,original,-,robot1,MIN_DISTANCE,OK,5.204,7.877,,0,nearest_robot=robot2
258.000,original,-,robot2,MIN_DISTANCE,OK,5.204,7.877,,0,nearest_robot=robot1
258.000,original,-,robot3,MIN_DISTANCE,OK,10.549,7.877,,0,nearest_robot=robot4
258.000,original,-,robot4,MIN_DISTANCE,OK,10.549,7.877,,0,nearest_robot=robot3
258.000,original,-,fleet,MIN_DISTANCE_AVG,OK,7.877,,,0,robots_sampled=4
259.000,original,-,robot1,MIN_DISTANCE,OK,5.555,7.873,,0,nearest_robot=robot2
259.000,original,-,robot2,MIN_DISTANCE,OK,5.555,7.873,,0,nearest_robot=robot1
259.000,original,-,robot3,MIN_DISTANCE,OK,10.192,7.873,,0,nearest_robot=robot4
259.000,original,-,robot4,MIN_DISTANCE,OK,10.192,7.873,,0,nearest_robot=robot3
259.000,original,-,fleet,MIN_DISTANCE_AVG,OK,7.873,,,0,robots_sampled=4
260.000,original,-,robot1,MIN_DISTANCE,OK,5.928,7.925,,0,nearest_robot=robot2
260.000,original,-,robot2,MIN_DISTANCE,OK,5.928,7.925,,0,nearest_robot=robot1
260.000,original,-,robot3,MIN_DISTANCE,OK,9.923,7.925,,0,nearest_robot=robot4
260.000,original,-,robot4,MIN_DISTANCE,OK,9.923,7.925,,0,nearest_robot=robot3
260.000,original,-,fleet,MIN_DISTANCE_AVG,OK,7.925,,,0,robots_sampled=4
261.000,original,-,robot1,MIN_DISTANCE,OK,6.267,8.028,,0,nearest_robot=robot2
261.000,original,-,robot2,MIN_DISTANCE,OK,6.267,8.028,,0,nearest_robot=robot1
261.000,original,-,robot3,MIN_DISTANCE,OK,9.788,8.028,,0,nearest_robot=robot4
261.000,original,-,robot4,MIN_DISTANCE,OK,9.788,8.028,,0,nearest_robot=robot3
261.000,original,-,fleet,MIN_DISTANCE_AVG,OK,8.028,,,0,robots_sampled=4
262.000,original,-,robot1,MIN_DISTANCE,OK,6.601,8.169,,0,nearest_robot=robot2
262.000,original,-,robot2,MIN_DISTANCE,OK,6.601,8.169,,0,nearest_robot=robot1
262.000,original,-,robot3,MIN_DISTANCE,OK,9.737,8.169,,0,nearest_robot=robot4
262.000,original,-,robot4,MIN_DISTANCE,OK,9.737,8.169,,0,nearest_robot=robot3
262.000,original,-,fleet,MIN_DISTANCE_AVG,OK,8.169,,,0,robots_sampled=4
263.000,original,-,robot1,MIN_DISTANCE,OK,6.948,8.380,,0,nearest_robot=robot2
263.000,original,-,robot2,MIN_DISTANCE,OK,6.948,8.380,,0,nearest_robot=robot1
263.000,original,-,robot3,MIN_DISTANCE,OK,9.813,8.380,,0,nearest_robot=robot4
263.000,original,-,robot4,MIN_DISTANCE,OK,9.813,8.380,,0,nearest_robot=robot3
263.000,original,-,fleet,MIN_DISTANCE_AVG,OK,8.380,,,0,robots_sampled=4
264.000,original,-,robot1,MIN_DISTANCE,OK,7.259,8.614,,0,nearest_robot=robot2
264.000,original,-,robot2,MIN_DISTANCE,OK,7.259,8.614,,0,nearest_robot=robot1
264.000,original,-,robot3,MIN_DISTANCE,OK,9.968,8.614,,0,nearest_robot=robot4
264.000,original,-,robot4,MIN_DISTANCE,OK,9.968,8.614,,0,nearest_robot=robot3
264.000,original,-,fleet,MIN_DISTANCE_AVG,OK,8.614,,,0,robots_sampled=4
264.630,original,-,fleet,CHOMP_TIME_FULL,OK,,7.647,,0,iterations=100;iterations_executed=100;source=algorithm;round_trip=7.660525
265.000,original,-,robot1,MIN_DISTANCE,OK,7.602,8.877,,0,nearest_robot=robot2
265.000,original,-,robot2,MIN_DISTANCE,OK,7.602,8.877,,0,nearest_robot=robot1
265.000,original,-,robot3,MIN_DISTANCE,OK,10.152,8.877,,0,nearest_robot=robot4
265.000,original,-,robot4,MIN_DISTANCE,OK,10.152,8.877,,0,nearest_robot=robot3
265.000,original,-,fleet,MIN_DISTANCE_AVG,OK,8.877,,,0,robots_sampled=4
266.000,original,-,robot1,MIN_DISTANCE,OK,7.893,9.107,,0,nearest_robot=robot2
266.000,original,-,robot2,MIN_DISTANCE,OK,7.893,9.107,,0,nearest_robot=robot1
266.000,original,-,robot3,MIN_DISTANCE,OK,10.320,9.107,,0,nearest_robot=robot4
266.000,original,-,robot4,MIN_DISTANCE,OK,10.320,9.107,,0,nearest_robot=robot3
266.000,original,-,fleet,MIN_DISTANCE_AVG,OK,9.107,,,0,robots_sampled=4
267.000,original,-,robot1,MIN_DISTANCE,OK,8.213,9.311,,0,nearest_robot=robot2
267.000,original,-,robot2,MIN_DISTANCE,OK,8.213,9.311,,0,nearest_robot=robot1
267.000,original,-,robot3,MIN_DISTANCE,OK,10.409,9.311,,0,nearest_robot=robot4
267.000,original,-,robot4,MIN_DISTANCE,OK,10.409,9.311,,0,nearest_robot=robot3
267.000,original,-,fleet,MIN_DISTANCE_AVG,OK,9.311,,,0,robots_sampled=4
268.000,original,-,robot1,MIN_DISTANCE,OK,8.457,9.412,,0,nearest_robot=robot2
268.000,original,-,robot2,MIN_DISTANCE,OK,8.457,9.412,,0,nearest_robot=robot1
268.000,original,-,robot3,MIN_DISTANCE,OK,10.520,9.412,,0,nearest_robot=robot4
268.000,original,-,robot4,MIN_DISTANCE,OK,10.213,9.412,,0,nearest_robot=robot1
268.000,original,-,fleet,MIN_DISTANCE_AVG,OK,9.412,,,0,robots_sampled=4
269.000,original,-,fleet,REPLAN_FULL,OK,,,robot1|robot2|robot3|robot4,0,original_full_optimization
269.000,original,-,robot1,MIN_DISTANCE,OK,8.493,9.364,,0,nearest_robot=robot2
269.000,original,-,robot2,MIN_DISTANCE,OK,8.493,9.364,,0,nearest_robot=robot1
269.000,original,-,robot3,MIN_DISTANCE,OK,10.641,9.364,,0,nearest_robot=robot4
269.000,original,-,robot4,MIN_DISTANCE,OK,9.829,9.364,,0,nearest_robot=robot1
269.000,original,-,fleet,MIN_DISTANCE_AVG,OK,9.364,,,0,robots_sampled=4
270.000,original,-,robot1,MIN_DISTANCE,OK,8.509,9.292,,0,nearest_robot=robot2
270.000,original,-,robot2,MIN_DISTANCE,OK,8.509,9.292,,0,nearest_robot=robot1
270.000,original,-,robot3,MIN_DISTANCE,OK,10.753,9.292,,0,nearest_robot=robot4
270.000,original,-,robot4,MIN_DISTANCE,OK,9.398,9.292,,0,nearest_robot=robot1
270.000,original,-,fleet,MIN_DISTANCE_AVG,OK,9.292,,,0,robots_sampled=4
271.000,original,-,robot1,MIN_DISTANCE,OK,8.455,9.189,,0,nearest_robot=robot2
271.000,original,-,robot2,MIN_DISTANCE,OK,8.455,9.189,,0,nearest_robot=robot1
271.000,original,-,robot3,MIN_DISTANCE,OK,10.853,9.189,,0,nearest_robot=robot4
271.000,original,-,robot4,MIN_DISTANCE,OK,8.996,9.189,,0,nearest_robot=robot1
271.000,original,-,fleet,MIN_DISTANCE_AVG,OK,9.189,,,0,robots_sampled=4
272.000,original,-,robot1,MIN_DISTANCE,OK,8.441,8.957,,0,nearest_robot=robot4
272.000,original,-,robot2,MIN_DISTANCE,OK,8.567,8.957,,0,nearest_robot=robot1
272.000,original,-,robot3,MIN_DISTANCE,OK,10.380,8.957,,0,nearest_robot=robot1
272.000,original,-,robot4,MIN_DISTANCE,OK,8.441,8.957,,0,nearest_robot=robot1
272.000,original,-,fleet,MIN_DISTANCE_AVG,OK,8.957,,,0,robots_sampled=4
273.000,original,-,robot1,MIN_DISTANCE,OK,8.001,8.667,,0,nearest_robot=robot4
273.000,original,-,robot2,MIN_DISTANCE,OK,8.550,8.667,,0,nearest_robot=robot1
273.000,original,-,robot3,MIN_DISTANCE,OK,10.115,8.667,,0,nearest_robot=robot1
273.000,original,-,robot4,MIN_DISTANCE,OK,8.001,8.667,,0,nearest_robot=robot1
273.000,original,-,fleet,MIN_DISTANCE_AVG,OK,8.667,,,0,robots_sampled=4
274.000,original,-,robot1,MIN_DISTANCE,OK,7.590,8.376,,0,nearest_robot=robot4
274.000,original,-,robot2,MIN_DISTANCE,OK,8.503,8.376,,0,nearest_robot=robot1
274.000,original,-,robot3,MIN_DISTANCE,OK,9.819,8.376,,0,nearest_robot=robot1
274.000,original,-,robot4,MIN_DISTANCE,OK,7.590,8.376,,0,nearest_robot=robot1
274.000,original,-,fleet,MIN_DISTANCE_AVG,OK,8.376,,,0,robots_sampled=4
275.000,original,-,robot1,MIN_DISTANCE,OK,7.187,8.128,,0,nearest_robot=robot4
275.000,original,-,robot2,MIN_DISTANCE,OK,8.475,8.128,,0,nearest_robot=robot1
275.000,original,-,robot3,MIN_DISTANCE,OK,9.661,8.128,,0,nearest_robot=robot1
275.000,original,-,robot4,MIN_DISTANCE,OK,7.187,8.128,,0,nearest_robot=robot1
275.000,original,-,fleet,MIN_DISTANCE_AVG,OK,8.128,,,0,robots_sampled=4
276.000,original,-,robot1,MIN_DISTANCE,OK,6.799,7.915,,0,nearest_robot=robot4
276.000,original,-,robot2,MIN_DISTANCE,OK,8.475,7.915,,0,nearest_robot=robot1
276.000,original,-,robot3,MIN_DISTANCE,OK,9.586,7.915,,0,nearest_robot=robot1
276.000,original,-,robot4,MIN_DISTANCE,OK,6.799,7.915,,0,nearest_robot=robot1
276.000,original,-,fleet,MIN_DISTANCE_AVG,OK,7.915,,,0,robots_sampled=4
276.480,original,-,fleet,CHOMP_TIME_FULL,OK,,7.493,,0,iterations=100;iterations_executed=100;source=algorithm;round_trip=7.507252
277.000,original,-,robot1,MIN_DISTANCE,OK,6.384,7.711,,0,nearest_robot=robot4
277.000,original,-,robot2,MIN_DISTANCE,OK,8.493,7.711,,0,nearest_robot=robot1
277.000,original,-,robot3,MIN_DISTANCE,OK,9.582,7.711,,0,nearest_robot=robot1
277.000,original,-,robot4,MIN_DISTANCE,OK,6.384,7.711,,0,nearest_robot=robot1
277.000,original,-,fleet,MIN_DISTANCE_AVG,OK,7.711,,,0,robots_sampled=4
278.000,original,-,robot1,MIN_DISTANCE,OK,5.971,7.528,,0,nearest_robot=robot4
278.000,original,-,robot2,MIN_DISTANCE,OK,8.515,7.528,,0,nearest_robot=robot1
278.000,original,-,robot3,MIN_DISTANCE,OK,9.654,7.528,,0,nearest_robot=robot1
278.000,original,-,robot4,MIN_DISTANCE,OK,5.971,7.528,,0,nearest_robot=robot1
278.000,original,-,fleet,MIN_DISTANCE_AVG,OK,7.528,,,0,robots_sampled=4
279.000,original,-,robot1,MIN_DISTANCE,OK,5.396,7.268,,0,nearest_robot=robot4
279.000,original,-,robot2,MIN_DISTANCE,OK,8.502,7.268,,0,nearest_robot=robot1
279.000,original,-,robot3,MIN_DISTANCE,OK,9.779,7.268,,0,nearest_robot=robot1
279.000,original,-,robot4,MIN_DISTANCE,OK,5.396,7.268,,0,nearest_robot=robot1
279.000,original,-,fleet,MIN_DISTANCE_AVG,OK,7.268,,,0,robots_sampled=4
280.000,original,-,robot1,MIN_DISTANCE,OK,4.592,6.892,,0,nearest_robot=robot4
280.000,original,-,robot2,MIN_DISTANCE,OK,8.461,6.892,,0,nearest_robot=robot1
280.000,original,-,robot3,MIN_DISTANCE,OK,9.923,6.892,,0,nearest_robot=robot1
280.000,original,-,robot4,MIN_DISTANCE,OK,4.592,6.892,,0,nearest_robot=robot1
280.000,original,-,fleet,MIN_DISTANCE_AVG,OK,6.892,,,0,robots_sampled=4
281.000,original,-,robot1,MIN_DISTANCE,OK,3.790,6.542,,0,nearest_robot=robot4
281.000,original,-,robot2,MIN_DISTANCE,OK,8.438,6.542,,0,nearest_robot=robot1
281.000,original,-,robot3,MIN_DISTANCE,OK,10.150,6.542,,0,nearest_robot=robot2
281.000,original,-,robot4,MIN_DISTANCE,OK,3.790,6.542,,0,nearest_robot=robot1
281.000,original,-,fleet,MIN_DISTANCE_AVG,OK,6.542,,,0,robots_sampled=4
282.000,original,-,robot1,MIN_DISTANCE,OK,2.992,6.069,,0,nearest_robot=robot4
282.000,original,-,robot2,MIN_DISTANCE,OK,8.432,6.069,,0,nearest_robot=robot1
282.000,original,-,robot3,MIN_DISTANCE,OK,9.860,6.069,,0,nearest_robot=robot2
282.000,original,-,robot4,MIN_DISTANCE,OK,2.992,6.069,,0,nearest_robot=robot1
282.000,original,-,fleet,MIN_DISTANCE_AVG,OK,6.069,,,0,robots_sampled=4
283.000,original,-,robot1,MIN_DISTANCE,OK,2.189,5.597,,0,nearest_robot=robot4
283.000,original,-,robot2,MIN_DISTANCE,OK,8.422,5.597,,0,nearest_robot=robot1
283.000,original,-,robot3,MIN_DISTANCE,OK,9.586,5.597,,0,nearest_robot=robot2
283.000,original,-,robot4,MIN_DISTANCE,OK,2.189,5.597,,0,nearest_robot=robot1
283.000,original,-,fleet,MIN_DISTANCE_AVG,OK,5.597,,,0,robots_sampled=4
284.000,original,-,robot1,MIN_DISTANCE,OK,1.354,5.128,,0,nearest_robot=robot4
284.000,original,-,robot2,MIN_DISTANCE,OK,8.453,5.128,,0,nearest_robot=robot1
284.000,original,-,robot3,MIN_DISTANCE,OK,9.350,5.128,,0,nearest_robot=robot2
284.000,original,-,robot4,MIN_DISTANCE,OK,1.354,5.128,,0,nearest_robot=robot1
284.000,original,-,fleet,MIN_DISTANCE_AVG,OK,5.128,,,0,robots_sampled=4
285.000,original,-,robot1,MIN_DISTANCE,OK,0.642,4.731,,0,nearest_robot=robot4
285.000,original,-,robot2,MIN_DISTANCE,OK,8.415,4.731,,0,nearest_robot=robot1
285.000,original,-,robot3,MIN_DISTANCE,OK,9.224,4.731,,0,nearest_robot=robot2
285.000,original,-,robot4,MIN_DISTANCE,OK,0.642,4.731,,0,nearest_robot=robot1
285.000,original,-,fleet,MIN_DISTANCE_AVG,OK,4.731,,,0,robots_sampled=4
286.000,original,-,robot1,MIN_DISTANCE,OK,0.398,4.499,,0,nearest_robot=robot4
286.000,original,-,robot2,MIN_DISTANCE,OK,8.101,4.499,,0,nearest_robot=robot1
286.000,original,-,robot3,MIN_DISTANCE,OK,9.100,4.499,,0,nearest_robot=robot2
286.000,original,-,robot4,MIN_DISTANCE,OK,0.398,4.499,,0,nearest_robot=robot1
286.000,original,-,fleet,MIN_DISTANCE_AVG,OK,4.499,,,0,robots_sampled=4
287.000,original,-,robot1,MIN_DISTANCE,OK,0.739,4.465,,0,nearest_robot=robot4
287.000,original,-,robot2,MIN_DISTANCE,OK,7.562,4.465,,0,nearest_robot=robot1
287.000,original,-,robot3,MIN_DISTANCE,OK,8.821,4.465,,0,nearest_robot=robot2
287.000,original,-,robot4,MIN_DISTANCE,OK,0.739,4.465,,0,nearest_robot=robot1
287.000,original,-,fleet,MIN_DISTANCE_AVG,OK,4.465,,,0,robots_sampled=4
288.000,original,-,robot1,MIN_DISTANCE,OK,0.872,4.364,,0,nearest_robot=robot4
288.000,original,-,robot2,MIN_DISTANCE,OK,7.102,4.364,,0,nearest_robot=robot1
288.000,original,-,robot3,MIN_DISTANCE,OK,8.609,4.364,,0,nearest_robot=robot2
288.000,original,-,robot4,MIN_DISTANCE,OK,0.872,4.364,,0,nearest_robot=robot1
288.000,original,-,fleet,MIN_DISTANCE_AVG,OK,4.364,,,0,robots_sampled=4
289.000,original,-,robot1,MIN_DISTANCE,OK,0.796,4.213,,0,nearest_robot=robot4
289.000,original,-,robot2,MIN_DISTANCE,OK,6.767,4.213,,0,nearest_robot=robot1
289.000,original,-,robot3,MIN_DISTANCE,OK,8.492,4.213,,0,nearest_robot=robot2
289.000,original,-,robot4,MIN_DISTANCE,OK,0.796,4.213,,0,nearest_robot=robot1
289.000,original,-,fleet,MIN_DISTANCE_AVG,OK,4.213,,,0,robots_sampled=4
290.000,original,-,robot1,MIN_DISTANCE,OK,0.721,4.054,,0,nearest_robot=robot4
290.000,original,-,robot2,MIN_DISTANCE,OK,6.363,4.054,,0,nearest_robot=robot1
290.000,original,-,robot3,MIN_DISTANCE,OK,8.413,4.054,,0,nearest_robot=robot2
290.000,original,-,robot4,MIN_DISTANCE,OK,0.721,4.054,,0,nearest_robot=robot1
290.000,original,-,fleet,MIN_DISTANCE_AVG,OK,4.054,,,0,robots_sampled=4
291.000,original,-,robot1,MIN_DISTANCE,OK,0.557,3.889,,0,nearest_robot=robot4
291.000,original,-,robot2,MIN_DISTANCE,OK,5.980,3.889,,0,nearest_robot=robot1
291.000,original,-,robot3,MIN_DISTANCE,OK,8.462,3.889,,0,nearest_robot=robot2
291.000,original,-,robot4,MIN_DISTANCE,OK,0.557,3.889,,0,nearest_robot=robot1
291.000,original,-,fleet,MIN_DISTANCE_AVG,OK,3.889,,,0,robots_sampled=4
292.000,original,-,robot1,MIN_DISTANCE,OK,0.522,3.787,,0,nearest_robot=robot4
292.000,original,-,robot2,MIN_DISTANCE,OK,5.592,3.787,,0,nearest_robot=robot1
292.000,original,-,robot3,MIN_DISTANCE,OK,8.511,3.787,,0,nearest_robot=robot2
292.000,original,-,robot4,MIN_DISTANCE,OK,0.522,3.787,,0,nearest_robot=robot1
292.000,original,-,fleet,MIN_DISTANCE_AVG,OK,3.787,,,0,robots_sampled=4
293.000,original,-,robot1,MIN_DISTANCE,OK,0.556,3.724,,0,nearest_robot=robot4
293.000,original,-,robot2,MIN_DISTANCE,OK,5.184,3.724,,0,nearest_robot=robot1
293.000,original,-,robot3,MIN_DISTANCE,OK,8.599,3.724,,0,nearest_robot=robot2
293.000,original,-,robot4,MIN_DISTANCE,OK,0.556,3.724,,0,nearest_robot=robot1
293.000,original,-,fleet,MIN_DISTANCE_AVG,OK,3.724,,,0,robots_sampled=4
294.000,original,-,robot1,MIN_DISTANCE,OK,0.560,3.662,,0,nearest_robot=robot4
294.000,original,-,robot2,MIN_DISTANCE,OK,4.864,3.662,,0,nearest_robot=robot1
294.000,original,-,robot3,MIN_DISTANCE,OK,8.664,3.662,,0,nearest_robot=robot2
294.000,original,-,robot4,MIN_DISTANCE,OK,0.560,3.662,,0,nearest_robot=robot1
294.000,original,-,fleet,MIN_DISTANCE_AVG,OK,3.662,,,0,robots_sampled=4
295.000,original,-,robot1,MIN_DISTANCE,OK,0.551,3.616,,0,nearest_robot=robot4
295.000,original,-,robot2,MIN_DISTANCE,OK,4.660,3.616,,0,nearest_robot=robot1
295.000,original,-,robot3,MIN_DISTANCE,OK,8.703,3.616,,0,nearest_robot=robot2
295.000,original,-,robot4,MIN_DISTANCE,OK,0.551,3.616,,0,nearest_robot=robot1
295.000,original,-,fleet,MIN_DISTANCE_AVG,OK,3.616,,,0,robots_sampled=4
295.500,original,-,fleet,REPLAN_FULL,OK,,,robot1|robot2|robot3|robot4,0,original_full_optimization
296.000,original,-,robot1,MIN_DISTANCE,OK,0.552,3.650,,0,nearest_robot=robot4
296.000,original,-,robot2,MIN_DISTANCE,OK,4.313,3.650,,0,nearest_robot=robot1
296.000,original,-,robot3,MIN_DISTANCE,OK,9.185,3.650,,0,nearest_robot=robot2
296.000,original,-,robot4,MIN_DISTANCE,OK,0.552,3.650,,0,nearest_robot=robot1
296.000,original,-,fleet,MIN_DISTANCE_AVG,OK,3.650,,,0,robots_sampled=4
297.000,original,-,robot1,MIN_DISTANCE,OK,0.551,3.698,,0,nearest_robot=robot4
297.000,original,-,robot2,MIN_DISTANCE,OK,3.935,3.698,,0,nearest_robot=robot1
297.000,original,-,robot3,MIN_DISTANCE,OK,9.755,3.698,,0,nearest_robot=robot2
297.000,original,-,robot4,MIN_DISTANCE,OK,0.551,3.698,,0,nearest_robot=robot1
297.000,original,-,fleet,MIN_DISTANCE_AVG,OK,3.698,,,0,robots_sampled=4
298.000,original,-,robot1,MIN_DISTANCE,OK,0.551,3.729,,0,nearest_robot=robot4
298.000,original,-,robot2,MIN_DISTANCE,OK,3.556,3.729,,0,nearest_robot=robot1
298.000,original,-,robot3,MIN_DISTANCE,OK,10.256,3.729,,0,nearest_robot=robot2
298.000,original,-,robot4,MIN_DISTANCE,OK,0.551,3.729,,0,nearest_robot=robot1
298.000,original,-,fleet,MIN_DISTANCE_AVG,OK,3.729,,,0,robots_sampled=4
299.000,original,-,robot1,MIN_DISTANCE,OK,0.551,3.765,,0,nearest_robot=robot4
299.000,original,-,robot2,MIN_DISTANCE,OK,3.208,3.765,,0,nearest_robot=robot1
299.000,original,-,robot3,MIN_DISTANCE,OK,10.751,3.765,,0,nearest_robot=robot2
299.000,original,-,robot4,MIN_DISTANCE,OK,0.551,3.765,,0,nearest_robot=robot1
299.000,original,-,fleet,MIN_DISTANCE_AVG,OK,3.765,,,0,robots_sampled=4
300.000,original,-,robot1,MIN_DISTANCE,OK,0.551,3.804,,0,nearest_robot=robot4
300.000,original,-,robot2,MIN_DISTANCE,OK,2.860,3.804,,0,nearest_robot=robot1
300.000,original,-,robot3,MIN_DISTANCE,OK,11.255,3.804,,0,nearest_robot=robot2
300.000,original,-,robot4,MIN_DISTANCE,OK,0.551,3.804,,0,nearest_robot=robot1
300.000,original,-,fleet,MIN_DISTANCE_AVG,OK,3.804,,,0,robots_sampled=4
301.000,original,-,robot1,MIN_DISTANCE,OK,0.551,3.848,,0,nearest_robot=robot4
301.000,original,-,robot2,MIN_DISTANCE,OK,2.501,3.848,,0,nearest_robot=robot1
301.000,original,-,robot3,MIN_DISTANCE,OK,11.788,3.848,,0,nearest_robot=robot2
301.000,original,-,robot4,MIN_DISTANCE,OK,0.551,3.848,,0,nearest_robot=robot1
301.000,original,-,fleet,MIN_DISTANCE_AVG,OK,3.848,,,0,robots_sampled=4
302.000,original,-,robot1,MIN_DISTANCE,OK,0.550,3.875,,0,nearest_robot=robot4
302.000,original,-,robot2,MIN_DISTANCE,OK,2.154,3.875,,0,nearest_robot=robot1
302.000,original,-,robot3,MIN_DISTANCE,OK,12.243,3.875,,0,nearest_robot=robot2
302.000,original,-,robot4,MIN_DISTANCE,OK,0.550,3.875,,0,nearest_robot=robot1
302.000,original,-,fleet,MIN_DISTANCE_AVG,OK,3.875,,,0,robots_sampled=4
303.000,original,-,robot1,MIN_DISTANCE,OK,0.550,3.895,,0,nearest_robot=robot4
303.000,original,-,robot2,MIN_DISTANCE,OK,1.791,3.895,,0,nearest_robot=robot1
303.000,original,-,robot3,MIN_DISTANCE,OK,12.690,3.895,,0,nearest_robot=robot2
303.000,original,-,robot4,MIN_DISTANCE,OK,0.550,3.895,,0,nearest_robot=robot1
303.000,original,-,fleet,MIN_DISTANCE_AVG,OK,3.895,,,0,robots_sampled=4
303.040,original,-,fleet,CHOMP_TIME_FULL,OK,,7.550,,0,iterations=100;iterations_executed=100;source=algorithm;round_trip=7.562670
304.000,original,-,robot1,MIN_DISTANCE,OK,0.579,3.965,,0,nearest_robot=robot4
304.000,original,-,robot2,MIN_DISTANCE,OK,1.432,3.965,,0,nearest_robot=robot1
304.000,original,-,robot3,MIN_DISTANCE,OK,13.269,3.965,,0,nearest_robot=robot2
304.000,original,-,robot4,MIN_DISTANCE,OK,0.579,3.965,,0,nearest_robot=robot1
304.000,original,-,fleet,MIN_DISTANCE_AVG,OK,3.965,,,0,robots_sampled=4
305.000,original,-,robot1,MIN_DISTANCE,OK,0.601,4.033,,0,nearest_robot=robot4
305.000,original,-,robot2,MIN_DISTANCE,OK,1.089,4.033,,0,nearest_robot=robot1
305.000,original,-,robot3,MIN_DISTANCE,OK,13.843,4.033,,0,nearest_robot=robot2
305.000,original,-,robot4,MIN_DISTANCE,OK,0.601,4.033,,0,nearest_robot=robot1
305.000,original,-,fleet,MIN_DISTANCE_AVG,OK,4.033,,,0,robots_sampled=4
306.000,original,-,robot1,MIN_DISTANCE,OK,0.631,4.101,,0,nearest_robot=robot4
306.000,original,-,robot2,MIN_DISTANCE,OK,0.817,4.101,,0,nearest_robot=robot1
306.000,original,-,robot3,MIN_DISTANCE,OK,14.325,4.101,,0,nearest_robot=robot2
306.000,original,-,robot4,MIN_DISTANCE,OK,0.631,4.101,,0,nearest_robot=robot1
306.000,original,-,fleet,MIN_DISTANCE_AVG,OK,4.101,,,0,robots_sampled=4
307.000,original,-,robot1,MIN_DISTANCE,OK,0.588,4.186,,0,nearest_robot=robot4
307.000,original,-,robot2,MIN_DISTANCE,OK,0.744,4.186,,0,nearest_robot=robot1
307.000,original,-,robot3,MIN_DISTANCE,OK,14.826,4.186,,0,nearest_robot=robot2
307.000,original,-,robot4,MIN_DISTANCE,OK,0.588,4.186,,0,nearest_robot=robot1
307.000,original,-,fleet,MIN_DISTANCE_AVG,OK,4.186,,,0,robots_sampled=4
308.000,original,-,robot1,MIN_DISTANCE,OK,0.581,4.297,,0,nearest_robot=robot4
308.000,original,-,robot2,MIN_DISTANCE,OK,0.583,4.297,,0,nearest_robot=robot4
308.000,original,-,robot3,MIN_DISTANCE,OK,15.441,4.297,,0,nearest_robot=robot2
308.000,original,-,robot4,MIN_DISTANCE,OK,0.581,4.297,,0,nearest_robot=robot1
308.000,original,-,fleet,MIN_DISTANCE_AVG,OK,4.297,,,0,robots_sampled=4
309.000,original,-,robot1,MIN_DISTANCE,OK,0.662,4.408,,0,nearest_robot=robot4
309.000,original,-,robot2,MIN_DISTANCE,OK,0.622,4.408,,0,nearest_robot=robot4
309.000,original,-,robot3,MIN_DISTANCE,OK,15.727,4.408,,0,nearest_robot=robot1
309.000,original,-,robot4,MIN_DISTANCE,OK,0.622,4.408,,0,nearest_robot=robot2
309.000,original,-,fleet,MIN_DISTANCE_AVG,OK,4.408,,,0,robots_sampled=4
310.000,original,-,robot1,MIN_DISTANCE,OK,0.661,4.518,,0,nearest_robot=robot4
310.000,original,-,robot2,MIN_DISTANCE,OK,0.845,4.518,,0,nearest_robot=robot4
310.000,original,-,robot3,MIN_DISTANCE,OK,15.904,4.518,,0,nearest_robot=robot1
310.000,original,-,robot4,MIN_DISTANCE,OK,0.661,4.518,,0,nearest_robot=robot1
310.000,original,-,fleet,MIN_DISTANCE_AVG,OK,4.518,,,0,robots_sampled=4
311.000,original,-,robot1,MIN_DISTANCE,OK,0.571,4.597,,0,nearest_robot=robot4
311.000,original,-,robot2,MIN_DISTANCE,OK,1.222,4.597,,0,nearest_robot=robot4
311.000,original,-,robot3,MIN_DISTANCE,OK,16.025,4.597,,0,nearest_robot=robot1
311.000,original,-,robot4,MIN_DISTANCE,OK,0.571,4.597,,0,nearest_robot=robot1
311.000,original,-,fleet,MIN_DISTANCE_AVG,OK,4.597,,,0,robots_sampled=4
312.000,original,-,robot1,MIN_DISTANCE,OK,0.339,4.722,,0,nearest_robot=robot4
312.000,original,-,robot2,MIN_DISTANCE,OK,1.931,4.722,,0,nearest_robot=robot4
312.000,original,-,robot3,MIN_DISTANCE,OK,16.281,4.722,,0,nearest_robot=robot4
312.000,original,-,robot4,MIN_DISTANCE,OK,0.339,4.722,,0,nearest_robot=robot1
312.000,original,-,fleet,MIN_DISTANCE_AVG,OK,4.722,,,0,robots_sampled=4
313.000,original,-,robot1,MIN_DISTANCE,OK,0.597,5.007,,0,nearest_robot=robot4
313.000,original,-,robot2,MIN_DISTANCE,OK,2.162,5.007,,0,nearest_robot=robot1
313.000,original,-,robot3,MIN_DISTANCE,OK,16.672,5.007,,0,nearest_robot=robot4
313.000,original,-,robot4,MIN_DISTANCE,OK,0.597,5.007,,0,nearest_robot=robot1
313.000,original,-,fleet,MIN_DISTANCE_AVG,OK,5.007,,,0,robots_sampled=4
314.000,original,-,fleet,REPLAN_FULL,OK,,,robot1|robot2|robot3|robot4,0,original_full_optimization
314.000,original,-,robot1,MIN_DISTANCE,OK,0.740,5.234,,0,nearest_robot=robot4
314.000,original,-,robot2,MIN_DISTANCE,OK,2.522,5.234,,0,nearest_robot=robot1
314.000,original,-,robot3,MIN_DISTANCE,OK,16.934,5.234,,0,nearest_robot=robot4
314.000,original,-,robot4,MIN_DISTANCE,OK,0.740,5.234,,0,nearest_robot=robot1
314.000,original,-,fleet,MIN_DISTANCE_AVG,OK,5.234,,,0,robots_sampled=4
315.000,original,-,robot1,MIN_DISTANCE,OK,0.919,5.512,,0,nearest_robot=robot4
315.000,original,-,robot2,MIN_DISTANCE,OK,2.845,5.512,,0,nearest_robot=robot1
315.000,original,-,robot3,MIN_DISTANCE,OK,17.365,5.512,,0,nearest_robot=robot4
315.000,original,-,robot4,MIN_DISTANCE,OK,0.919,5.512,,0,nearest_robot=robot1
315.000,original,-,fleet,MIN_DISTANCE_AVG,OK,5.512,,,0,robots_sampled=4
316.000,original,-,robot1,MIN_DISTANCE,OK,1.260,5.799,,0,nearest_robot=robot4
316.000,original,-,robot2,MIN_DISTANCE,OK,3.088,5.799,,0,nearest_robot=robot1
316.000,original,-,robot3,MIN_DISTANCE,OK,17.589,5.799,,0,nearest_robot=robot4
316.000,original,-,robot4,MIN_DISTANCE,OK,1.260,5.799,,0,nearest_robot=robot1
316.000,original,-,fleet,MIN_DISTANCE_AVG,OK,5.799,,,0,robots_sampled=4
317.000,original,-,robot1,MIN_DISTANCE,OK,1.660,6.034,,0,nearest_robot=robot4
317.000,original,-,robot2,MIN_DISTANCE,OK,3.129,6.034,,0,nearest_robot=robot1
317.000,original,-,robot3,MIN_DISTANCE,OK,17.689,6.034,,0,nearest_robot=robot4
317.000,original,-,robot4,MIN_DISTANCE,OK,1.660,6.034,,0,nearest_robot=robot1
317.000,original,-,fleet,MIN_DISTANCE_AVG,OK,6.034,,,0,robots_sampled=4
318.000,original,-,robot1,MIN_DISTANCE,OK,2.080,6.275,,0,nearest_robot=robot4
318.000,original,-,robot2,MIN_DISTANCE,OK,3.150,6.275,,0,nearest_robot=robot1
318.000,original,-,robot3,MIN_DISTANCE,OK,17.793,6.275,,0,nearest_robot=robot4
318.000,original,-,robot4,MIN_DISTANCE,OK,2.080,6.275,,0,nearest_robot=robot1
318.000,original,-,fleet,MIN_DISTANCE_AVG,OK,6.275,,,0,robots_sampled=4
319.000,original,-,robot1,MIN_DISTANCE,OK,2.591,6.534,,0,nearest_robot=robot4
319.000,original,-,robot2,MIN_DISTANCE,OK,3.150,6.534,,0,nearest_robot=robot1
319.000,original,-,robot3,MIN_DISTANCE,OK,17.804,6.534,,0,nearest_robot=robot4
319.000,original,-,robot4,MIN_DISTANCE,OK,2.591,6.534,,0,nearest_robot=robot1
319.000,original,-,fleet,MIN_DISTANCE_AVG,OK,6.534,,,0,robots_sampled=4
