timestamp,run_id,task_id,robot_id,event,status,allocation_cost,duration,path,collision_flag,message
42.000,original,-,fleet,REPLAN_FULL,OK,,,robot1|robot2|robot3|robot4,0,original_full_optimization
42.000,original,-,robot1,MIN_DISTANCE,OK,12.510,9.500,,0,nearest_robot=robot2
42.000,original,-,robot2,MIN_DISTANCE,OK,12.510,9.500,,0,nearest_robot=robot1
42.000,original,-,robot3,MIN_DISTANCE,OK,6.490,9.500,,0,nearest_robot=robot4
42.000,original,-,robot4,MIN_DISTANCE,OK,6.490,9.500,,0,nearest_robot=robot3
42.000,original,-,fleet,MIN_DISTANCE_AVG,OK,9.500,,,0,robots_sampled=4
43.000,original,-,robot1,MIN_DISTANCE,OK,12.510,9.500,,0,nearest_robot=robot2
43.000,original,-,robot2,MIN_DISTANCE,OK,12.510,9.500,,0,nearest_robot=robot1
43.000,original,-,robot3,MIN_DISTANCE,OK,6.490,9.500,,0,nearest_robot=robot4
43.000,original,-,robot4,MIN_DISTANCE,OK,6.490,9.500,,0,nearest_robot=robot3
43.000,original,-,fleet,MIN_DISTANCE_AVG,OK,9.500,,,0,robots_sampled=4
44.000,original,-,robot1,MIN_DISTANCE,OK,12.510,9.500,,0,nearest_robot=robot2
44.000,original,-,robot2,MIN_DISTANCE,OK,12.510,9.500,,0,nearest_robot=robot1
44.000,original,-,robot3,MIN_DISTANCE,OK,6.490,9.500,,0,nearest_robot=robot4
44.000,original,-,robot4,MIN_DISTANCE,OK,6.490,9.500,,0,nearest_robot=robot3
44.000,original,-,fleet,MIN_DISTANCE_AVG,OK,9.500,,,0,robots_sampled=4
45.000,original,-,robot1,MIN_DISTANCE,OK,12.510,9.500,,0,nearest_robot=robot2
45.000,original,-,robot2,MIN_DISTANCE,OK,12.510,9.500,,0,nearest_robot=robot1
45.000,original,-,robot3,MIN_DISTANCE,OK,6.490,9.500,,0,nearest_robot=robot4
45.000,original,-,robot4,MIN_DISTANCE,OK,6.490,9.500,,0,nearest_robot=robot3
45.000,original,-,fleet,MIN_DISTANCE_AVG,OK,9.500,,,0,robots_sampled=4
46.000,original,-,robot1,MIN_DISTANCE,OK,12.510,9.500,,0,nearest_robot=robot2
46.000,original,-,robot2,MIN_DISTANCE,OK,12.510,9.500,,0,nearest_robot=robot1
46.000,original,-,robot3,MIN_DISTANCE,OK,6.490,9.500,,0,nearest_robot=robot4
46.000,original,-,robot4,MIN_DISTANCE,OK,6.490,9.500,,0,nearest_robot=robot3
46.000,original,-,fleet,MIN_DISTANCE_AVG,OK,9.500,,,0,robots_sampled=4
47.000,original,-,robot1,MIN_DISTANCE,OK,12.510,9.500,,0,nearest_robot=robot2
47.000,original,-,robot2,MIN_DISTANCE,OK,12.510,9.500,,0,nearest_robot=robot1
47.000,original,-,robot3,MIN_DISTANCE,OK,6.490,9.500,,0,nearest_robot=robot4
47.000,original,-,robot4,MIN_DISTANCE,OK,6.490,9.500,,0,nearest_robot=robot3
47.000,original,-,fleet,MIN_DISTANCE_AVG,OK,9.500,,,0,robots_sampled=4
48.000,original,-,robot1,MIN_DISTANCE,OK,12.510,9.500,,0,nearest_robot=robot2
48.000,original,-,robot2,MIN_DISTANCE,OK,12.510,9.500,,0,nearest_robot=robot1
48.000,original,-,robot3,MIN_DISTANCE,OK,6.490,9.500,,0,nearest_robot=robot4
48.000,original,-,robot4,MIN_DISTANCE,OK,6.490,9.500,,0,nearest_robot=robot3
48.000,original,-,fleet,MIN_DISTANCE_AVG,OK,9.500,,,0,robots_sampled=4
49.000,original,-,robot1,MIN_DISTANCE,OK,12.510,9.500,,0,nearest_robot=robot2
49.000,original,-,robot2,MIN_DISTANCE,OK,12.510,9.500,,0,nearest_robot=robot1
49.000,original,-,robot3,MIN_DISTANCE,OK,6.490,9.500,,0,nearest_robot=robot4
49.000,original,-,robot4,MIN_DISTANCE,OK,6.490,9.500,,0,nearest_robot=robot3
49.000,original,-,fleet,MIN_DISTANCE_AVG,OK,9.500,,,0,robots_sampled=4
49.530,original,-,fleet,CHOMP_TIME_FULL,OK,,7.532,,0,iterations=100;iterations_executed=100;source=algorithm;round_trip=7.552328
50.000,original,-,robot1,MIN_DISTANCE,OK,12.528,9.489,,0,nearest_robot=robot2
50.000,original,-,robot2,MIN_DISTANCE,OK,12.528,9.489,,0,nearest_robot=robot1
50.000,original,-,robot3,MIN_DISTANCE,OK,6.451,9.489,,0,nearest_robot=robot4
50.000,original,-,robot4,MIN_DISTANCE,OK,6.451,9.489,,0,nearest_robot=robot3
50.000,original,-,fleet,MIN_DISTANCE_AVG,OK,9.489,,,0,robots_sampled=4
50.500,original,-,fleet,REPLAN_FULL,OK,,,robot1|robot2|robot3|robot4,0,original_full_optimization
51.000,original,-,robot1,MIN_DISTANCE,OK,12.649,9.439,,0,nearest_robot=robot2
51.000,original,-,robot2,MIN_DISTANCE,OK,12.649,9.439,,0,nearest_robot=robot1
51.000,original,-,robot3,MIN_DISTANCE,OK,6.230,9.439,,0,nearest_robot=robot4
51.000,original,-,robot4,MIN_DISTANCE,OK,6.230,9.439,,0,nearest_robot=robot3
51.000,original,-,fleet,MIN_DISTANCE_AVG,OK,9.439,,,0,robots_sampled=4
52.000,original,-,robot1,MIN_DISTANCE,OK,12.926,9.464,,0,nearest_robot=robot2
52.000,original,-,robot2,MIN_DISTANCE,OK,12.926,9.464,,0,nearest_robot=robot1
52.000,original,-,robot3,MIN_DISTANCE,OK,6.001,9.464,,0,nearest_robot=robot4
52.000,original,-,robot4,MIN_DISTANCE,OK,6.001,9.464,,0,nearest_robot=robot3
52.000,original,-,fleet,MIN_DISTANCE_AVG,OK,9.464,,,0,robots_sampled=4
53.000,original,-,robot1,MIN_DISTANCE,OK,13.311,9.512,,0,nearest_robot=robot2
53.000,original,-,robot2,MIN_DISTANCE,OK,13.311,9.512,,0,nearest_robot=robot1
53.000,original,-,robot3,MIN_DISTANCE,OK,5.713,9.512,,0,nearest_robot=robot4
53.000,original,-,robot4,MIN_DISTANCE,OK,5.713,9.512,,0,nearest_robot=robot3
53.000,original,-,fleet,MIN_DISTANCE_AVG,OK,9.512,,,0,robots_sampled=4
54.000,original,-,robot1,MIN_DISTANCE,OK,13.488,9.373,,0,nearest_robot=robot2
54.000,original,-,robot2,MIN_DISTANCE,OK,13.488,9.373,,0,nearest_robot=robot1
54.000,original,-,robot3,MIN_DISTANCE,OK,5.259,9.373,,0,nearest_robot=robot4
54.000,original,-,robot4,MIN_DISTANCE,OK,5.259,9.373,,0,nearest_robot=robot3
54.000,original,-,fleet,MIN_DISTANCE_AVG,OK,9.373,,,0,robots_sampled=4
55.000,original,-,robot1,MIN_DISTANCE,OK,13.618,9.142,,0,nearest_robot=robot2
55.000,original,-,robot2,MIN_DISTANCE,OK,13.618,9.142,,0,nearest_robot=robot1
55.000,original,-,robot3,MIN_DISTANCE,OK,4.665,9.142,,0,nearest_robot=robot4
55.000,original,-,robot4,MIN_DISTANCE,OK,4.665,9.142,,0,nearest_robot=robot3
55.000,original,-,fleet,MIN_DISTANCE_AVG,OK,9.142,,,0,robots_sampled=4
56.000,original,-,robot1,MIN_DISTANCE,OK,13.852,8.934,,0,nearest_robot=robot2
56.000,original,-,robot2,MIN_DISTANCE,OK,13.676,8.934,,0,nearest_robot=robot3
56.000,original,-,robot3,MIN_DISTANCE,OK,4.103,8.934,,0,nearest_robot=robot4
56.000,original,-,robot4,MIN_DISTANCE,OK,4.103,8.934,,0,nearest_robot=robot3
56.000,original,-,fleet,MIN_DISTANCE_AVG,OK,8.934,,,0,robots_sampled=4
57.000,original,-,robot1,MIN_DISTANCE,OK,14.023,8.742,,0,nearest_robot=robot2
57.000,original,-,robot2,MIN_DISTANCE,OK,13.583,8.742,,0,nearest_robot=robot3
57.000,original,-,robot3,MIN_DISTANCE,OK,3.680,8.742,,0,nearest_robot=robot4
57.000,original,-,robot4,MIN_DISTANCE,OK,3.680,8.742,,0,nearest_robot=robot3
57.000,original,-,fleet,MIN_DISTANCE_AVG,OK,8.742,,,0,robots_sampled=4
57.970,original,-,fleet,CHOMP_TIME_FULL,OK,,7.492,,0,iterations=100;iterations_executed=100;source=algorithm;round_trip=7.504333
58.000,original,-,robot1,MIN_DISTANCE,OK,14.118,8.580,,0,nearest_robot=robot2
58.000,original,-,robot2,MIN_DISTANCE,OK,13.535,8.580,,0,nearest_robot=robot3
58.000,original,-,robot3,MIN_DISTANCE,OK,3.333,8.580,,0,nearest_robot=robot4
58.000,original,-,robot4,MIN_DISTANCE,OK,3.333,8.580,,0,nearest_robot=robot3
58.000,original,-,fleet,MIN_DISTANCE_AVG,OK,8.580,,,0,robots_sampled=4
59.000,original,-,fleet,REPLAN_FULL,OK,,,robot1|robot2|robot3|robot4,0,original_full_optimization
59.000,original,-,robot1,MIN_DISTANCE,OK,14.161,8.426,,0,nearest_robot=robot2
59.000,original,-,robot2,MIN_DISTANCE,OK,13.594,8.426,,0,nearest_robot=robot3
59.000,original,-,robot3,MIN_DISTANCE,OK,2.975,8.426,,0,nearest_robot=robot4
59.000,original,-,robot4,MIN_DISTANCE,OK,2.975,8.426,,0,nearest_robot=robot3
59.000,original,-,fleet,MIN_DISTANCE_AVG,OK,8.426,,,0,robots_sampled=4
60.000,original,-,robot1,MIN_DISTANCE,OK,14.227,8.295,,0,nearest_robot=robot2
60.000,original,-,robot2,MIN_DISTANCE,OK,13.725,8.295,,0,nearest_robot=robot3
60.000,original,-,robot3,MIN_DISTANCE,OK,2.613,8.295,,0,nearest_robot=robot4
60.000,original,-,robot4,MIN_DISTANCE,OK,2.613,8.295,,0,nearest_robot=robot3
60.000,original,-,fleet,MIN_DISTANCE_AVG,OK,8.295,,,0,robots_sampled=4
61.000,original,-,robot1,MIN_DISTANCE,OK,14.298,8.143,,0,nearest_robot=robot2
61.000,original,-,robot2,MIN_DISTANCE,OK,13.872,8.143,,0,nearest_robot=robot3
61.000,original,-,robot3,MIN_DISTANCE,OK,2.200,8.143,,0,nearest_robot=robot4
61.000,original,-,robot4,MIN_DISTANCE,OK,2.200,8.143,,0,nearest_robot=robot3
61.000,original,-,fleet,MIN_DISTANCE_AVG,OK,8.143,,,0,robots_sampled=4
62.000,original,-,robot1,MIN_DISTANCE,OK,14.379,8.004,,0,nearest_robot=robot2
62.000,original,-,robot2,MIN_DISTANCE,OK,13.959,8.004,,0,nearest_robot=robot3
62.000,original,-,robot3,MIN_DISTANCE,OK,1.839,8.004,,0,nearest_robot=robot4
62.000,original,-,robot4,MIN_DISTANCE,OK,1.839,8.004,,0,nearest_robot=robot3
62.000,original,-,fleet,MIN_DISTANCE_AVG,OK,8.004,,,0,robots_sampled=4
63.000,original,-,robot1,MIN_DISTANCE,OK,14.477,7.911,,0,nearest_robot=robot2
63.000,original,-,robot2,MIN_DISTANCE,OK,13.996,7.911,,0,nearest_robot=robot3
63.000,original,-,robot3,MIN_DISTANCE,OK,1.586,7.911,,0,nearest_robot=robot4
63.000,original,-,robot4,MIN_DISTANCE,OK,1.586,7.911,,0,nearest_robot=robot3
63.000,original,-,fleet,MIN_DISTANCE_AVG,OK,7.911,,,0,robots_sampled=4
64.000,original,-,robot1,MIN_DISTANCE,OK,14.456,7.889,,0,nearest_robot=robot2
64.000,original,-,robot2,MIN_DISTANCE,OK,14.130,7.889,,0,nearest_robot=robot3
64.000,original,-,robot3,MIN_DISTANCE,OK,1.485,7.889,,0,nearest_robot=robot4
64.000,original,-,robot4,MIN_DISTANCE,OK,1.485,7.889,,0,nearest_robot=robot3
64.000,original,-,fleet,MIN_DISTANCE_AVG,OK,7.889,,,0,robots_sampled=4
65.000,original,-,robot1,MIN_DISTANCE,OK,14.492,7.895,,0,nearest_robot=robot2
65.000,original,-,robot2,MIN_DISTANCE,OK,14.170,7.895,,0,nearest_robot=robot4
65.000,original,-,robot3,MIN_DISTANCE,OK,1.458,7.895,,0,nearest_robot=robot4
65.000,original,-,robot4,MIN_DISTANCE,OK,1.458,7.895,,0,nearest_robot=robot3
65.000,original,-,fleet,MIN_DISTANCE_AVG,OK,7.895,,,0,robots_sampled=4
66.000,original,-,robot1,MIN_DISTANCE,OK,14.524,7.837,,0,nearest_robot=robot2
66.000,original,-,robot2,MIN_DISTANCE,OK,14.211,7.837,,0,nearest_robot=robot4
66.000,original,-,robot3,MIN_DISTANCE,OK,1.307,7.837,,0,nearest_robot=robot4
66.000,original,-,robot4,MIN_DISTANCE,OK,1.307,7.837,,0,nearest_robot=robot3
66.000,original,-,fleet,MIN_DISTANCE_AVG,OK,7.837,,,0,robots_sampled=4
66.720,original,-,fleet,CHOMP_TIME_FULL,OK,,7.741,,0,iterations=100;iterations_executed=100;source=algorithm;round_trip=7.755587
67.000,original,-,robot1,MIN_DISTANCE,OK,14.483,7.749,,0,nearest_robot=robot2
67.000,original,-,robot2,MIN_DISTANCE,OK,14.326,7.749,,0,nearest_robot=robot4
67.000,original,-,robot3,MIN_DISTANCE,OK,1.094,7.749,,0,nearest_robot=robot4
67.000,original,-,robot4,MIN_DISTANCE,OK,1.094,7.749,,0,nearest_robot=robot3
67.000,original,-,fleet,MIN_DISTANCE_AVG,OK,7.749,,,0,robots_sampled=4
67.500,original,-,fleet,REPLAN_FULL,OK,,,robot1|robot2|robot3|robot4,0,original_full_optimization
68.000,original,-,robot1,MIN_DISTANCE,OK,14.474,7.636,,0,nearest_robot=robot2
68.000,original,-,robot2,MIN_DISTANCE,OK,14.474,7.636,,0,nearest_robot=robot1
68.000,original,-,robot3,MIN_DISTANCE,OK,0.797,7.636,,0,nearest_robot=robot4
68.000,original,-,robot4,MIN_DISTANCE,OK,0.797,7.636,,0,nearest_robot=robot3
68.000,original,-,fleet,MIN_DISTANCE_AVG,OK,7.636,,,0,robots_sampled=4
69.000,original,-,robot1,MIN_DISTANCE,OK,14.429,7.544,,0,nearest_robot=robot2
69.000,original,-,robot2,MIN_DISTANCE,OK,14.429,7.544,,0,nearest_robot=robot1
69.000,original,-,robot3,MIN_DISTANCE,OK,0.659,7.544,,0,nearest_robot=robot4
69.000,original,-,robot4,MIN_DISTANCE,OK,0.659,7.544,,0,nearest_robot=robot3
69.000,original,-,fleet,MIN_DISTANCE_AVG,OK,7.544,,,0,robots_sampled=4
70.000,original,-,robot1,MIN_DISTANCE,OK,14.383,7.566,,0,nearest_robot=robot2
70.000,original,-,robot2,MIN_DISTANCE,OK,14.383,7.566,,0,nearest_robot=robot1
70.000,original,-,robot3,MIN_DISTANCE,OK,0.749,7.566,,0,nearest_robot=robot4
70.000,original,-,robot4,MIN_DISTANCE,OK,0.749,7.566,,0,nearest_robot=robot3
70.000,original,-,fleet,MIN_DISTANCE_AVG,OK,7.566,,,0,robots_sampled=4
71.000,original,-,robot1,MIN_DISTANCE,OK,14.237,7.626,,0,nearest_robot=robot2
71.000,original,-,robot2,MIN_DISTANCE,OK,14.237,7.626,,0,nearest_robot=robot1
71.000,original,-,robot3,MIN_DISTANCE,OK,1.015,7.626,,0,nearest_robot=robot4
71.000,original,-,robot4,MIN_DISTANCE,OK,1.015,7.626,,0,nearest_robot=robot3
71.000,original,-,fleet,MIN_DISTANCE_AVG,OK,7.626,,,0,robots_sampled=4
72.000,original,-,robot1,MIN_DISTANCE,OK,14.164,7.751,,0,nearest_robot=robot2
72.000,original,-,robot2,MIN_DISTANCE,OK,14.164,7.751,,0,nearest_robot=robot1
72.000,original,-,robot3,MIN_DISTANCE,OK,1.339,7.751,,0,nearest_robot=robot4
72.000,original,-,robot4,MIN_DISTANCE,OK,1.339,7.751,,0,nearest_robot=robot3
72.000,original,-,fleet,MIN_DISTANCE_AVG,OK,7.751,,,0,robots_sampled=4
73.000,original,-,robot1,MIN_DISTANCE,OK,14.107,7.914,,0,nearest_robot=robot2
73.000,original,-,robot2,MIN_DISTANCE,OK,14.107,7.914,,0,nearest_robot=robot1
73.000,original,-,robot3,MIN_DISTANCE,OK,1.722,7.914,,0,nearest_robot=robot4
73.000,original,-,robot4,MIN_DISTANCE,OK,1.722,7.914,,0,nearest_robot=robot3
73.000,original,-,fleet,MIN_DISTANCE_AVG,OK,7.914,,,0,robots_sampled=4
74.000,original,-,robot1,MIN_DISTANCE,OK,13.880,7.997,,0,nearest_robot=robot2
74.000,original,-,robot2,MIN_DISTANCE,OK,13.880,7.997,,0,nearest_robot=robot1
74.000,original,-,robot3,MIN_DISTANCE,OK,2.114,7.997,,0,nearest_robot=robot4
74.000,original,-,robot4,MIN_DISTANCE,OK,2.114,7.997,,0,nearest_robot=robot3
74.000,original,-,fleet,MIN_DISTANCE_AVG,OK,7.997,,,0,robots_sampled=4
75.000,original,-,robot1,MIN_DISTANCE,OK,13.587,8.037,,0,nearest_robot=robot2
75.000,original,-,robot2,MIN_DISTANCE,OK,13.587,8.037,,0,nearest_robot=robot1
75.000,original,-,robot3,MIN_DISTANCE,OK,2.487,8.037,,0,nearest_robot=robot4
75.000,original,-,robot4,MIN_DISTANCE,OK,2.487,8.037,,0,nearest_robot=robot3
75.000,original,-,fleet,MIN_DISTANCE_AVG,OK,8.037,,,0,robots_sampled=4
75.120,original,-,fleet,CHOMP_TIME_FULL,OK,,7.631,,0,iterations=100;iterations_executed=100;source=algorithm;round_trip=7.643914
76.000,original,-,fleet,REPLAN_FULL,OK,,,robot1|robot2|robot3|robot4,0,original_full_optimization
76.000,original,-,robot1,MIN_DISTANCE,OK,13.515,8.089,,0,nearest_robot=robot2
76.000,original,-,robot2,MIN_DISTANCE,OK,13.515,8.089,,0,nearest_robot=robot1
76.000,original,-,robot3,MIN_DISTANCE,OK,2.664,8.089,,0,nearest_robot=robot4
76.000,original,-,robot4,MIN_DISTANCE,OK,2.664,8.089,,0,nearest_robot=robot3
76.000,original,-,fleet,MIN_DISTANCE_AVG,OK,8.089,,,0,robots_sampled=4
77.000,original,-,robot1,MIN_DISTANCE,OK,13.531,8.121,,0,nearest_robot=robot2
77.000,original,-,robot2,MIN_DISTANCE,OK,13.531,8.121,,0,nearest_robot=robot1
77.000,original,-,robot3,MIN_DISTANCE,OK,2.712,8.121,,0,nearest_robot=robot4
77.000,original,-,robot4,MIN_DISTANCE,OK,2.712,8.121,,0,nearest_robot=robot3
77.000,original,-,fleet,MIN_DISTANCE_AVG,OK,8.121,,,0,robots_sampled=4
78.000,original,-,robot1,MIN_DISTANCE,OK,13.630,8.159,,0,nearest_robot=robot2
78.000,original,-,robot2,MIN_DISTANCE,OK,13.630,8.159,,0,nearest_robot=robot1
78.000,original,-,robot3,MIN_DISTANCE,OK,2.688,8.159,,0,nearest_robot=robot4
78.000,original,-,robot4,MIN_DISTANCE,OK,2.688,8.159,,0,nearest_robot=robot3
78.000,original,-,fleet,MIN_DISTANCE_AVG,OK,8.159,,,0,robots_sampled=4
79.000,original,-,robot1,MIN_DISTANCE,OK,13.784,8.160,,0,nearest_robot=robot2
79.000,original,-,robot2,MIN_DISTANCE,OK,13.472,8.160,,0,nearest_robot=robot3
79.000,original,-,robot3,MIN_DISTANCE,OK,2.692,8.160,,0,nearest_robot=robot4
79.000,original,-,robot4,MIN_DISTANCE,OK,2.692,8.160,,0,nearest_robot=robot3
79.000,original,-,fleet,MIN_DISTANCE_AVG,OK,8.160,,,0,robots_sampled=4
80.000,original,-,robot1,MIN_DISTANCE,OK,14.023,8.133,,0,nearest_robot=robot2
80.000,original,-,robot2,MIN_DISTANCE,OK,13.105,8.133,,0,nearest_robot=robot3
80.000,original,-,robot3,MIN_DISTANCE,OK,2.703,8.133,,0,nearest_robot=robot4
80.000,original,-,robot4,MIN_DISTANCE,OK,2.703,8.133,,0,nearest_robot=robot3
80.000,original,-,fleet,MIN_DISTANCE_AVG,OK,8.133,,,0,robots_sampled=4
81.000,original,-,robot1,MIN_DISTANCE,OK,14.231,8.109,,0,nearest_robot=robot2
81.000,original,-,robot2,MIN_DISTANCE,OK,12.757,8.109,,0,nearest_robot=robot3
81.000,original,-,robot3,MIN_DISTANCE,OK,2.724,8.109,,0,nearest_robot=robot4
81.000,original,-,robot4,MIN_DISTANCE,OK,2.724,8.109,,0,nearest_robot=robot3
81.000,original,-,fleet,MIN_DISTANCE_AVG,OK,8.109,,,0,robots_sampled=4
82.000,original,-,robot1,MIN_DISTANCE,OK,14.411,8.104,,0,nearest_robot=robot2
82.000,original,-,robot2,MIN_DISTANCE,OK,12.343,8.104,,0,nearest_robot=robot3
82.000,original,-,robot3,MIN_DISTANCE,OK,2.832,8.104,,0,nearest_robot=robot4
82.000,original,-,robot4,MIN_DISTANCE,OK,2.832,8.104,,0,nearest_robot=robot3
82.000,original,-,fleet,MIN_DISTANCE_AVG,OK,8.104,,,0,robots_sampled=4
83.000,original,-,robot1,MIN_DISTANCE,OK,14.575,8.088,,0,nearest_robot=robot2
83.000,original,-,robot2,MIN_DISTANCE,OK,11.920,8.088,,0,nearest_robot=robot3
83.000,original,-,robot3,MIN_DISTANCE,OK,2.928,8.088,,0,nearest_robot=robot4
83.000,original,-,robot4,MIN_DISTANCE,OK,2.928,8.088,,0,nearest_robot=robot3
83.000,original,-,fleet,MIN_DISTANCE_AVG,OK,8.088,,,0,robots_sampled=4
83.510,original,-,fleet,CHOMP_TIME_FULL,OK,,7.515,,0,iterations=100;iterations_executed=100;source=algorithm;round_trip=7.528807
84.000,original,-,robot1,MIN_DISTANCE,OK,14.562,8.027,,0,nearest_robot=robot2
84.000,original,-,robot2,MIN_DISTANCE,OK,11.560,8.027,,0,nearest_robot=robot3
84.000,original,-,robot3,MIN_DISTANCE,OK,2.993,8.027,,0,nearest_robot=robot4
84.000,original,-,robot4,MIN_DISTANCE,OK,2.993,8.027,,0,nearest_robot=robot3
84.000,original,-,fleet,MIN_DISTANCE_AVG,OK,8.027,,,0,robots_sampled=4
84.500,original,-,fleet,REPLAN_FULL,OK,,,robot1|robot2|robot3|robot4,0,original_full_optimization
85.000,original,-,robot1,MIN_DISTANCE,OK,14.230,7.936,,0,nearest_robot=robot2
85.000,original,-,robot2,MIN_DISTANCE,OK,11.531,7.936,,0,nearest_robot=robot3
85.000,original,-,robot3,MIN_DISTANCE,OK,2.991,7.936,,0,nearest_robot=robot4
85.000,original,-,robot4,MIN_DISTANCE,OK,2.991,7.936,,0,nearest_robot=robot3
85.000,original,-,fleet,MIN_DISTANCE_AVG,OK,7.936,,,0,robots_sampled=4
86.000,original,-,robot1,MIN_DISTANCE,OK,13.819,7.864,,0,nearest_robot=robot2
86.000,original,-,robot2,MIN_DISTANCE,OK,11.557,7.864,,0,nearest_robot=robot3
86.000,original,-,robot3,MIN_DISTANCE,OK,3.041,7.864,,0,nearest_robot=robot4
86.000,original,-,robot4,MIN_DISTANCE,OK,3.041,7.864,,0,nearest_robot=robot3
86.000,original,-,fleet,MIN_DISTANCE_AVG,OK,7.864,,,0,robots_sampled=4
87.000,original,-,robot1,MIN_DISTANCE,OK,13.419,7.839,,0,nearest_robot=robot2
87.000,original,-,robot2,MIN_DISTANCE,OK,11.598,7.839,,0,nearest_robot=robot3
87.000,original,-,robot3,MIN_DISTANCE,OK,3.170,7.839,,0,nearest_robot=robot4
87.000,original,-,robot4,MIN_DISTANCE,OK,3.170,7.839,,0,nearest_robot=robot3
87.000,original,-,fleet,MIN_DISTANCE_AVG,OK,7.839,,,0,robots_sampled=4
88.000,original,-,robot1,MIN_DISTANCE,OK,13.073,7.841,,0,nearest_robot=robot2
88.000,original,-,robot2,MIN_DISTANCE,OK,11.557,7.841,,0,nearest_robot=robot3
88.000,original,-,robot3,MIN_DISTANCE,OK,3.368,7.841,,0,nearest_robot=robot4
88.000,original,-,robot4,MIN_DISTANCE,OK,3.368,7.841,,0,nearest_robot=robot3
88.000,original,-,fleet,MIN_DISTANCE_AVG,OK,7.841,,,0,robots_sampled=4
89.000,original,-,robot1,MIN_DISTANCE,OK,12.704,7.790,,0,nearest_robot=robot2
89.000,original,-,robot2,MIN_DISTANCE,OK,11.531,7.790,,0,nearest_robot=robot3
89.000,original,-,robot3,MIN_DISTANCE,OK,3.464,7.790,,0,nearest_robot=robot4
89.000,original,-,robot4,MIN_DISTANCE,OK,3.464,7.790,,0,nearest_robot=robot3
89.000,original,-,fleet,MIN_DISTANCE_AVG,OK,7.790,,,0,robots_sampled=4
90.000,original,-,robot1,MIN_DISTANCE,OK,12.321,7.739,,0,nearest_robot=robot2
90.000,original,-,robot2,MIN_DISTANCE,OK,11.425,7.739,,0,nearest_robot=robot3
90.000,original,-,robot3,MIN_DISTANCE,OK,3.604,7.739,,0,nearest_robot=robot4
90.000,original,-,robot4,MIN_DISTANCE,OK,3.604,7.739,,0,nearest_robot=robot3
90.000,original,-,fleet,MIN_DISTANCE_AVG,OK,7.739,,,0,robots_sampled=4
91.000,original,-,robot1,MIN_DISTANCE,OK,11.981,7.663,,0,nearest_robot=robot2
91.000,original,-,robot2,MIN_DISTANCE,OK,11.346,7.663,,0,nearest_robot=robot3
91.000,original,-,robot3,MIN_DISTANCE,OK,3.663,7.663,,0,nearest_robot=robot4
91.000,original,-,robot4,MIN_DISTANCE,OK,3.663,7.663,,0,nearest_robot=robot3
91.000,original,-,fleet,MIN_DISTANCE_AVG,OK,7.663,,,0,robots_sampled=4
91.930,original,-,fleet,CHOMP_TIME_FULL,OK,,7.446,,0,iterations=100;iterations_executed=100;source=algorithm;round_trip=7.457534
92.000,original,-,robot1,MIN_DISTANCE,OK,11.619,7.558,,0,nearest_robot=robot2
92.000,original,-,robot2,MIN_DISTANCE,OK,11.390,7.558,,0,nearest_robot=robot3
92.000,original,-,robot3,MIN_DISTANCE,OK,3.612,7.558,,0,nearest_robot=robot4
92.000,original,-,robot4,MIN_DISTANCE,OK,3.612,7.558,,0,nearest_robot=robot3
92.000,original,-,fleet,MIN_DISTANCE_AVG,OK,7.558,,,0,robots_sampled=4
92.500,original,-,fleet,REPLAN_FULL,OK,,,robot1|robot2|robot3|robot4,0,original_full_optimization
93.000,original,-,robot1,MIN_DISTANCE,OK,11.271,7.443,,0,nearest_robot=robot2
93.000,original,-,robot2,MIN_DISTANCE,OK,11.271,7.443,,0,nearest_robot=robot1
93.000,original,-,robot3,MIN_DISTANCE,OK,3.615,7.443,,0,nearest_robot=robot4
93.000,original,-,robot4,MIN_DISTANCE,OK,3.615,7.443,,0,nearest_robot=robot3
93.000,original,-,fleet,MIN_DISTANCE_AVG,OK,7.443,,,0,robots_sampled=4
94.000,original,-,robot1,MIN_DISTANCE,OK,10.935,7.274,,0,nearest_robot=robot2
94.000,original,-,robot2,MIN_DISTANCE,OK,10.935,7.274,,0,nearest_robot=robot1
94.000,original,-,robot3,MIN_DISTANCE,OK,3.612,7.274,,0,nearest_robot=robot4
94.000,original,-,robot4,MIN_DISTANCE,OK,3.612,7.274,,0,nearest_robot=robot3
94.000,original,-,fleet,MIN_DISTANCE_AVG,OK,7.274,,,0,robots_sampled=4
95.000,original,-,robot1,MIN_DISTANCE,OK,10.587,7.174,,0,nearest_robot=robot2
95.000,original,-,robot2,MIN_DISTANCE,OK,10.587,7.174,,0,nearest_robot=robot1
95.000,original,-,robot3,MIN_DISTANCE,OK,3.760,7.174,,0,nearest_robot=robot4
95.000,original,-,robot4,MIN_DISTANCE,OK,3.760,7.174,,0,nearest_robot=robot3
95.000,original,-,fleet,MIN_DISTANCE_AVG,OK,7.174,,,0,robots_sampled=4
96.000,original,-,robot1,MIN_DISTANCE,OK,10.311,7.163,,0,nearest_robot=robot2
96.000,original,-,robot2,MIN_DISTANCE,OK,10.311,7.163,,0,nearest_robot=robot1
96.000,original,-,robot3,MIN_DISTANCE,OK,4.015,7.163,,0,nearest_robot=robot4
96.000,original,-,robot4,MIN_DISTANCE,OK,4.015,7.163,,0,nearest_robot=robot3
96.000,original,-,fleet,MIN_DISTANCE_AVG,OK,7.163,,,0,robots_sampled=4
97.000,original,-,robot1,MIN_DISTANCE,OK,10.033,7.236,,0,nearest_robot=robot2
97.000,original,-,robot2,MIN_DISTANCE,OK,10.033,7.236,,0,nearest_robot=robot1
97.000,original,-,robot3,MIN_DISTANCE,OK,4.440,7.236,,0,nearest_robot=robot4
97.000,original,-,robot4,MIN_DISTANCE,OK,4.440,7.236,,0,nearest_robot=robot3
97.000,original,-,fleet,MIN_DISTANCE_AVG,OK,7.236,,,0,robots_sampled=4
98.000,original,-,robot1,MIN_DISTANCE,OK,9.767,7.329,,0,nearest_robot=robot2
98.000,original,-,robot2,MIN_DISTANCE,OK,9.767,7.329,,0,nearest_robot=robot1
98.000,original,-,robot3,MIN_DISTANCE,OK,4.891,7.329,,0,nearest_robot=robot4
98.000,original,-,robot4,MIN_DISTANCE,OK,4.891,7.329,,0,nearest_robot=robot3
98.000,original,-,fleet,MIN_DISTANCE_AVG,OK,7.329,,,0,robots_sampled=4
99.000,original,-,robot1,MIN_DISTANCE,OK,9.434,7.382,,0,nearest_robot=robot2
99.000,original,-,robot2,MIN_DISTANCE,OK,9.434,7.382,,0,nearest_robot=robot1
99.000,original,-,robot3,MIN_DISTANCE,OK,5.329,7.382,,0,nearest_robot=robot4
99.000,original,-,robot4,MIN_DISTANCE,OK,5.329,7.382,,0,nearest_robot=robot3
99.000,original,-,fleet,MIN_DISTANCE_AVG,OK,7.382,,,0,robots_sampled=4
100.000,original,-,robot1,MIN_DISTANCE,OK,9.121,7.378,,0,nearest_robot=robot2
100.000,original,-,robot2,MIN_DISTANCE,OK,9.121,7.378,,0,nearest_robot=robot1
100.000,original,-,robot3,MIN_DISTANCE,OK,5.635,7.378,,0,nearest_robot=robot4
100.000,original,-,robot4,MIN_DISTANCE,OK,5.635,7.378,,0,nearest_robot=robot3
100.000,original,-,fleet,MIN_DISTANCE_AVG,OK,7.378,,,0,robots_sampled=4
100.010,original,-,fleet,CHOMP_TIME_FULL,OK,,7.531,,0,iterations=100;iterations_executed=100;source=algorithm;round_trip=7.543237
101.000,original,-,fleet,REPLAN_FULL,OK,,,robot1|robot2|robot3|robot4,0,original_full_optimization
101.000,original,-,robot1,MIN_DISTANCE,OK,8.703,7.315,,0,nearest_robot=robot2
101.000,original,-,robot2,MIN_DISTANCE,OK,8.703,7.315,,0,nearest_robot=robot1
101.000,original,-,robot3,MIN_DISTANCE,OK,5.928,7.315,,0,nearest_robot=robot4
101.000,original,-,robot4,MIN_DISTANCE,OK,5.928,7.315,,0,nearest_robot=robot3
101.000,original,-,fleet,MIN_DISTANCE_AVG,OK,7.315,,,0,robots_sampled=4
102.000,original,-,robot1,MIN_DISTANCE,OK,8.258,7.252,,0,nearest_robot=robot2
102.000,original,-,robot2,MIN_DISTANCE,OK,8.258,7.252,,0,nearest_robot=robot1
102.000,original,-,robot3,MIN_DISTANCE,OK,6.246,7.252,,0,nearest_robot=robot4
102.000,original,-,robot4,MIN_DISTANCE,OK,6.246,7.252,,0,nearest_robot=robot3
102.000,original,-,fleet,MIN_DISTANCE_AVG,OK,7.252,,,0,robots_sampled=4
103.000,original,-,robot1,MIN_DISTANCE,OK,7.614,7.084,,0,nearest_robot=robot2
103.000,original,-,robot2,MIN_DISTANCE,OK,7.614,7.084,,0,nearest_robot=robot1
103.000,original,-,robot3,MIN_DISTANCE,OK,6.555,7.084,,0,nearest_robot=robot4
103.000,original,-,robot4,MIN_DISTANCE,OK,6.555,7.084,,0,nearest_robot=robot3
103.000,original,-,fleet,MIN_DISTANCE_AVG,OK,7.084,,,0,robots_sampled=4
104.000,original,-,robot1,MIN_DISTANCE,OK,7.035,6.955,,0,nearest_robot=robot2
104.000,original,-,robot2,MIN_DISTANCE,OK,7.035,6.955,,0,nearest_robot=robot1
104.000,original,-,robot3,MIN_DISTANCE,OK,6.874,6.955,,0,nearest_robot=robot4
104.000,original,-,robot4,MIN_DISTANCE,OK,6.874,6.955,,0,nearest_robot=robot3
104.000,original,-,fleet,MIN_DISTANCE_AVG,OK,6.955,,,0,robots_sampled=4
105.000,original,-,robot1,MIN_DISTANCE,OK,6.448,6.841,,0,nearest_robot=robot2
105.000,original,-,robot2,MIN_DISTANCE,OK,6.448,6.841,,0,nearest_robot=robot1
105.000,original,-,robot3,MIN_DISTANCE,OK,7.234,6.841,,0,nearest_robot=robot4
105.000,original,-,robot4,MIN_DISTANCE,OK,7.234,6.841,,0,nearest_robot=robot3
105.000,original,-,fleet,MIN_DISTANCE_AVG,OK,6.841,,,0,robots_sampled=4
106.000,original,-,robot1,MIN_DISTANCE,OK,5.934,6.756,,0,nearest_robot=robot2
106.000,original,-,robot2,MIN_DISTANCE,OK,5.934,6.756,,0,nearest_robot=robot1
106.000,original,-,robot3,MIN_DISTANCE,OK,7.577,6.756,,0,nearest_robot=robot4
106.000,original,-,robot4,MIN_DISTANCE,OK,7.577,6.756,,0,nearest_robot=robot3
106.000,original,-,fleet,MIN_DISTANCE_AVG,OK,6.756,,,0,robots_sampled=4
107.000,original,-,robot1,MIN_DISTANCE,OK,5.282,6.610,,0,nearest_robot=robot2
107.000,original,-,robot2,MIN_DISTANCE,OK,5.282,6.610,,0,nearest_robot=robot1
107.000,original,-,robot3,MIN_DISTANCE,OK,7.938,6.610,,0,nearest_robot=robot4
107.000,original,-,robot4,MIN_DISTANCE,OK,7.938,6.610,,0,nearest_robot=robot3
107.000,original,-,fleet,MIN_DISTANCE_AVG,OK,6.610,,,0,robots_sampled=4
108.000,original,-,robot1,MIN_DISTANCE,OK,4.392,6.348,,0,nearest_robot=robot2
108.000,original,-,robot2,MIN_DISTANCE,OK,4.392,6.348,,0,nearest_robot=robot1
108.000,original,-,robot3,MIN_DISTANCE,OK,8.304,6.348,,0,nearest_robot=robot4
108.000,original,-,robot4,MIN_DISTANCE,OK,8.304,6.348,,0,nearest_robot=robot3
108.000,original,-,fleet,MIN_DISTANCE_AVG,OK,6.348,,,0,robots_sampled=4
108.400,original,-,fleet,CHOMP_TIME_FULL,OK,,7.412,,0,iterations=100;iterations_executed=100;source=algorithm;round_trip=7.423348
109.000,original,-,robot1,MIN_DISTANCE,OK,3.362,6.008,,0,nearest_robot=robot2
109.000,original,-,robot2,MIN_DISTANCE,OK,3.362,6.008,,0,nearest_robot=robot1
109.000,original,-,robot3,MIN_DISTANCE,OK,8.653,6.008,,0,nearest_robot=robot4
109.000,original,-,robot4,MIN_DISTANCE,OK,8.653,6.008,,0,nearest_robot=robot3
109.000,original,-,fleet,MIN_DISTANCE_AVG,OK,6.008,,,0,robots_sampled=4
110.000,original,-,robot1,MIN_DISTANCE,OK,2.478,5.739,,0,nearest_robot=robot2
110.000,original,-,robot2,MIN_DISTANCE,OK,2.478,5.739,,0,nearest_robot=robot1
110.000,original,-,robot3,MIN_DISTANCE,OK,8.999,5.739,,0,nearest_robot=robot4
110.000,original,-,robot4,MIN_DISTANCE,OK,8.999,5.739,,0,nearest_robot=robot3
110.000,original,-,fleet,MIN_DISTANCE_AVG,OK,5.739,,,0,robots_sampled=4
111.000,original,-,robot1,MIN_DISTANCE,OK,1.498,5.435,,0,nearest_robot=robot2
111.000,original,-,robot2,MIN_DISTANCE,OK,1.498,5.435,,0,nearest_robot=robot1
111.000,original,-,robot3,MIN_DISTANCE,OK,9.373,5.435,,0,nearest_robot=robot4
111.000,original,-,robot4,MIN_DISTANCE,OK,9.373,5.435,,0,nearest_robot=robot3
111.000,original,-,fleet,MIN_DISTANCE_AVG,OK,5.435,,,0,robots_sampled=4
112.000,original,-,robot1,MIN_DISTANCE,OK,0.577,5.159,,0,nearest_robot=robot2
112.000,original,-,robot2,MIN_DISTANCE,OK,0.577,5.159,,0,nearest_robot=robot1
112.000,original,-,robot3,MIN_DISTANCE,OK,9.740,5.159,,0,nearest_robot=robot4
112.000,original,-,robot4,MIN_DISTANCE,OK,9.740,5.159,,0,nearest_robot=robot3
112.000,original,-,fleet,MIN_DISTANCE_AVG,OK,5.159,,,0,robots_sampled=4
113.000,original,-,robot1,MIN_DISTANCE,OK,0.244,5.174,,0,nearest_robot=robot2
113.000,original,-,robot2,MIN_DISTANCE,OK,0.244,5.174,,0,nearest_robot=robot1
113.000,original,-,robot3,MIN_DISTANCE,OK,10.104,5.174,,0,nearest_robot=robot4
113.000,original,-,robot4,MIN_DISTANCE,OK,10.104,5.174,,0,nearest_robot=robot3
113.000,original,-,fleet,MIN_DISTANCE_AVG,OK,5.174,,,0,robots_sampled=4
114.000,original,-,robot1,MIN_DISTANCE,OK,0.250,5.390,,0,nearest_robot=robot2
114.000,original,-,robot2,MIN_DISTANCE,OK,0.250,5.390,,0,nearest_robot=robot1
114.000,original,-,robot3,MIN_DISTANCE,OK,10.531,5.390,,0,nearest_robot=robot4
114.000,original,-,robot4,MIN_DISTANCE,OK,10.531,5.390,,0,nearest_robot=robot3
114.000,original,-,fleet,MIN_DISTANCE_AVG,OK,5.390,,,0,robots_sampled=4
115.000,original,-,robot1,MIN_DISTANCE,OK,0.246,5.593,,0,nearest_robot=robot2
115.000,original,-,robot2,MIN_DISTANCE,OK,0.246,5.593,,0,nearest_robot=robot1
115.000,original,-,robot3,MIN_DISTANCE,OK,10.940,5.593,,0,nearest_robot=robot4
115.000,original,-,robot4,MIN_DISTANCE,OK,10.940,5.593,,0,nearest_robot=robot3
115.000,original,-,fleet,MIN_DISTANCE_AVG,OK,5.593,,,0,robots_sampled=4
115.500,original,-,fleet,REPLAN_FULL,OK,,,robot1|robot2|robot3|robot4,0,original_full_optimization
116.000,original,-,robot1,MIN_DISTANCE,OK,0.225,5.682,,0,nearest_robot=robot2
116.000,original,-,robot2,MIN_DISTANCE,OK,0.225,5.682,,0,nearest_robot=robot1
116.000,original,-,robot3,MIN_DISTANCE,OK,11.139,5.682,,0,nearest_robot=robot4
116.000,original,-,robot4,MIN_DISTANCE,OK,11.139,5.682,,0,nearest_robot=robot3
116.000,original,-,fleet,MIN_DISTANCE_AVG,OK,5.682,,,0,robots_sampled=4
117.000,original,-,robot1,MIN_DISTANCE,OK,0.225,5.685,,0,nearest_robot=robot2
117.000,original,-,robot2,MIN_DISTANCE,OK,0.225,5.685,,0,nearest_robot=robot1
117.000,original,-,robot3,MIN_DISTANCE,OK,11.144,5.685,,0,nearest_robot=robot4
117.000,original,-,robot4,MIN_DISTANCE,OK,11.144,5.685,,0,nearest_robot=robot3
117.000,original,-,fleet,MIN_DISTANCE_AVG,OK,5.685,,,0,robots_sampled=4
118.000,original,-,robot1,MIN_DISTANCE,OK,0.244,5.712,,0,nearest_robot=robot2
118.000,original,-,robot2,MIN_DISTANCE,OK,0.244,5.712,,0,nearest_robot=robot1
118.000,original,-,robot3,MIN_DISTANCE,OK,11.179,5.712,,0,nearest_robot=robot4
118.000,original,-,robot4,MIN_DISTANCE,OK,11.179,5.712,,0,nearest_robot=robot3
118.000,original,-,fleet,MIN_DISTANCE_AVG,OK,5.712,,,0,robots_sampled=4
119.000,original,-,robot1,MIN_DISTANCE,OK,0.244,5.730,,0,nearest_robot=robot2
119.000,original,-,robot2,MIN_DISTANCE,OK,0.244,5.730,,0,nearest_robot=robot1
119.000,original,-,robot3,MIN_DISTANCE,OK,11.216,5.730,,0,nearest_robot=robot4
119.000,original,-,robot4,MIN_DISTANCE,OK,11.216,5.730,,0,nearest_robot=robot3
119.000,original,-,fleet,MIN_DISTANCE_AVG,OK,5.730,,,0,robots_sampled=4
120.000,original,-,robot1,MIN_DISTANCE,OK,0.244,5.732,,0,nearest_robot=robot2
120.000,original,-,robot2,MIN_DISTANCE,OK,0.244,5.732,,0,nearest_robot=robot1
120.000,original,-,robot3,MIN_DISTANCE,OK,11.220,5.732,,0,nearest_robot=robot4
120.000,original,-,robot4,MIN_DISTANCE,OK,11.220,5.732,,0,nearest_robot=robot3
120.000,original,-,fleet,MIN_DISTANCE_AVG,OK,5.732,,,0,robots_sampled=4
121.000,original,-,robot1,MIN_DISTANCE,OK,0.244,5.732,,0,nearest_robot=robot2
121.000,original,-,robot2,MIN_DISTANCE,OK,0.244,5.732,,0,nearest_robot=robot1
121.000,original,-,robot3,MIN_DISTANCE,OK,11.220,5.732,,0,nearest_robot=robot4
121.000,original,-,robot4,MIN_DISTANCE,OK,11.220,5.732,,0,nearest_robot=robot3
121.000,original,-,fleet,MIN_DISTANCE_AVG,OK,5.732,,,0,robots_sampled=4
122.000,original,-,robot1,MIN_DISTANCE,OK,0.244,5.732,,0,nearest_robot=robot2
122.000,original,-,robot2,MIN_DISTANCE,OK,0.244,5.732,,0,nearest_robot=robot1
122.000,original,-,robot3,MIN_DISTANCE,OK,11.220,5.732,,0,nearest_robot=robot4
122.000,original,-,robot4,MIN_DISTANCE,OK,11.220,5.732,,0,nearest_robot=robot3
122.000,original,-,fleet,MIN_DISTANCE_AVG,OK,5.732,,,0,robots_sampled=4
122.930,original,-,fleet,CHOMP_TIME_FULL,OK,,7.441,,0,iterations=100;iterations_executed=100;source=algorithm;round_trip=7.453517
123.000,original,-,robot1,MIN_DISTANCE,OK,0.244,5.732,,0,nearest_robot=robot2
123.000,original,-,robot2,MIN_DISTANCE,OK,0.244,5.732,,0,nearest_robot=robot1
123.000,original,-,robot3,MIN_DISTANCE,OK,11.220,5.732,,0,nearest_robot=robot4
123.000,original,-,robot4,MIN_DISTANCE,OK,11.220,5.732,,0,nearest_robot=robot3
123.000,original,-,fleet,MIN_DISTANCE_AVG,OK,5.732,,,0,robots_sampled=4
123.500,original,-,fleet,REPLAN_FULL,OK,,,robot1|robot2|robot3|robot4,0,original_full_optimization
124.000,original,-,robot1,MIN_DISTANCE,OK,0.282,5.751,,0,nearest_robot=robot2
124.000,original,-,robot2,MIN_DISTANCE,OK,0.282,5.751,,0,nearest_robot=robot1
124.000,original,-,robot3,MIN_DISTANCE,OK,11.220,5.751,,0,nearest_robot=robot4
124.000,original,-,robot4,MIN_DISTANCE,OK,11.220,5.751,,0,nearest_robot=robot3
124.000,original,-,fleet,MIN_DISTANCE_AVG,OK,5.751,,,0,robots_sampled=4
125.000,original,-,robot1,MIN_DISTANCE,OK,0.305,5.762,,0,nearest_robot=robot2
125.000,original,-,robot2,MIN_DISTANCE,OK,0.305,5.762,,0,nearest_robot=robot1
125.000,original,-,robot3,MIN_DISTANCE,OK,11.220,5.762,,0,nearest_robot=robot4
125.000,original,-,robot4,MIN_DISTANCE,OK,11.220,5.762,,0,nearest_robot=robot3
125.000,original,-,fleet,MIN_DISTANCE_AVG,OK,5.762,,,0,robots_sampled=4
126.000,original,-,robot1,MIN_DISTANCE,OK,0.314,5.767,,0,nearest_robot=robot2
126.000,original,-,robot2,MIN_DISTANCE,OK,0.314,5.767,,0,nearest_robot=robot1
126.000,original,-,robot3,MIN_DISTANCE,OK,11.220,5.767,,0,nearest_robot=robot4
126.000,original,-,robot4,MIN_DISTANCE,OK,11.220,5.767,,0,nearest_robot=robot3
126.000,original,-,fleet,MIN_DISTANCE_AVG,OK,5.767,,,0,robots_sampled=4
127.000,original,-,robot1,MIN_DISTANCE,OK,0.314,5.767,,0,nearest_robot=robot2
127.000,original,-,robot2,MIN_DISTANCE,OK,0.314,5.767,,0,nearest_robot=robot1
127.000,original,-,robot3,MIN_DISTANCE,OK,11.220,5.767,,0,nearest_robot=robot4
127.000,original,-,robot4,MIN_DISTANCE,OK,11.220,5.767,,0,nearest_robot=robot3
127.000,original,-,fleet,MIN_DISTANCE_AVG,OK,5.767,,,0,robots_sampled=4
128.000,original,-,robot1,MIN_DISTANCE,OK,0.318,5.769,,0,nearest_robot=robot2
128.000,original,-,robot2,MIN_DISTANCE,OK,0.318,5.769,,0,nearest_robot=robot1
128.000,original,-,robot3,MIN_DISTANCE,OK,11.220,5.769,,0,nearest_robot=robot4
128.000,original,-,robot4,MIN_DISTANCE,OK,11.220,5.769,,0,nearest_robot=robot3
128.000,original,-,fleet,MIN_DISTANCE_AVG,OK,5.769,,,0,robots_sampled=4
129.000,original,-,robot1,MIN_DISTANCE,OK,0.312,5.766,,0,nearest_robot=robot2
129.000,original,-,robot2,MIN_DISTANCE,OK,0.312,5.766,,0,nearest_robot=robot1
129.000,original,-,robot3,MIN_DISTANCE,OK,11.220,5.766,,0,nearest_robot=robot4
129.000,original,-,robot4,MIN_DISTANCE,OK,11.220,5.766,,0,nearest_robot=robot3
129.000,original,-,fleet,MIN_DISTANCE_AVG,OK,5.766,,,0,robots_sampled=4
130.000,original,-,robot1,MIN_DISTANCE,OK,0.312,5.766,,0,nearest_robot=robot2
130.000,original,-,robot2,MIN_DISTANCE,OK,0.312,5.766,,0,nearest_robot=robot1
130.000,original,-,robot3,MIN_DISTANCE,OK,11.220,5.766,,0,nearest_robot=robot4
130.000,original,-,robot4,MIN_DISTANCE,OK,11.220,5.766,,0,nearest_robot=robot3
130.000,original,-,fleet,MIN_DISTANCE_AVG,OK,5.766,,,0,robots_sampled=4
131.000,original,-,robot1,MIN_DISTANCE,OK,0.311,5.766,,0,nearest_robot=robot2
131.000,original,-,robot2,MIN_DISTANCE,OK,0.311,5.766,,0,nearest_robot=robot1
131.000,original,-,robot3,MIN_DISTANCE,OK,11.220,5.766,,0,nearest_robot=robot4
131.000,original,-,robot4,MIN_DISTANCE,OK,11.220,5.766,,0,nearest_robot=robot3
131.000,original,-,fleet,MIN_DISTANCE_AVG,OK,5.766,,,0,robots_sampled=4
131.040,original,-,fleet,CHOMP_TIME_FULL,OK,,7.548,,0,iterations=100;iterations_executed=100;source=algorithm;round_trip=7.559964
132.000,original,-,fleet,REPLAN_FULL,OK,,,robot1|robot2|robot3|robot4,0,original_full_optimization
132.000,original,-,robot1,MIN_DISTANCE,OK,0.347,5.808,,0,nearest_robot=robot2
132.000,original,-,robot2,MIN_DISTANCE,OK,0.347,5.808,,0,nearest_robot=robot1
132.000,original,-,robot3,MIN_DISTANCE,OK,11.269,5.808,,0,nearest_robot=robot4
132.000,original,-,robot4,MIN_DISTANCE,OK,11.269,5.808,,0,nearest_robot=robot3
132.000,original,-,fleet,MIN_DISTANCE_AVG,OK,5.808,,,0,robots_sampled=4
133.000,original,-,robot1,MIN_DISTANCE,OK,0.451,5.864,,0,nearest_robot=robot2
133.000,original,-,robot2,MIN_DISTANCE,OK,0.451,5.864,,0,nearest_robot=robot1
133.000,original,-,robot3,MIN_DISTANCE,OK,11.277,5.864,,0,nearest_robot=robot4
133.000,original,-,robot4,MIN_DISTANCE,OK,11.277,5.864,,0,nearest_robot=robot3
133.000,original,-,fleet,MIN_DISTANCE_AVG,OK,5.864,,,0,robots_sampled=4
134.000,original,-,robot1,MIN_DISTANCE,OK,0.917,5.985,,0,nearest_robot=robot2
134.000,original,-,robot2,MIN_DISTANCE,OK,0.917,5.985,,0,nearest_robot=robot1
134.000,original,-,robot3,MIN_DISTANCE,OK,11.053,5.985,,0,nearest_robot=robot4
134.000,original,-,robot4,MIN_DISTANCE,OK,11.053,5.985,,0,nearest_robot=robot3
134.000,original,-,fleet,MIN_DISTANCE_AVG,OK,5.985,,,0,robots_sampled=4
135.000,original,-,robot1,MIN_DISTANCE,OK,1.331,6.073,,0,nearest_robot=robot2
135.000,original,-,robot2,MIN_DISTANCE,OK,1.331,6.073,,0,nearest_robot=robot1
135.000,original,-,robot3,MIN_DISTANCE,OK,10.814,6.073,,0,nearest_robot=robot4
135.000,original,-,robot4,MIN_DISTANCE,OK,10.814,6.073,,0,nearest_robot=robot3
135.000,original,-,fleet,MIN_DISTANCE_AVG,OK,6.073,,,0,robots_sampled=4
136.000,original,-,robot1,MIN_DISTANCE,OK,1.789,6.231,,0,nearest_robot=robot2
136.000,original,-,robot2,MIN_DISTANCE,OK,1.789,6.231,,0,nearest_robot=robot1
136.000,original,-,robot3,MIN_DISTANCE,OK,10.672,6.231,,0,nearest_robot=robot4
136.000,original,-,robot4,MIN_DISTANCE,OK,10.672,6.231,,0,nearest_robot=robot3
136.000,original,-,fleet,MIN_DISTANCE_AVG,OK,6.231,,,0,robots_sampled=4
137.000,original,-,robot1,MIN_DISTANCE,OK,2.156,6.372,,0,nearest_robot=robot2
137.000,original,-,robot2,MIN_DISTANCE,OK,2.156,6.372,,0,nearest_robot=robot1
137.000,original,-,robot3,MIN_DISTANCE,OK,10.588,6.372,,0,nearest_robot=robot4
137.000,original,-,robot4,MIN_DISTANCE,OK,10.588,6.372,,0,nearest_robot=robot3
137.000,original,-,fleet,MIN_DISTANCE_AVG,OK,6.372,,,0,robots_sampled=4
138.000,original,-,robot1,MIN_DISTANCE,OK,2.437,6.461,,0,nearest_robot=robot2
138.000,original,-,robot2,MIN_DISTANCE,OK,2.437,6.461,,0,nearest_robot=robot1
138.000,original,-,robot3,MIN_DISTANCE,OK,10.486,6.461,,0,nearest_robot=robot4
138.000,original,-,robot4,MIN_DISTANCE,OK,10.486,6.461,,0,nearest_robot=robot3
138.000,original,-,fleet,MIN_DISTANCE_AVG,OK,6.461,,,0,robots_sampled=4
139.000,original,-,robot1,MIN_DISTANCE,OK,2.543,6.464,,0,nearest_robot=robot2
139.000,original,-,robot2,MIN_DISTANCE,OK,2.543,6.464,,0,nearest_robot=robot1
139.000,original,-,robot3,MIN_DISTANCE,OK,10.384,6.464,,0,nearest_robot=robot4
139.000,original,-,robot4,MIN_DISTANCE,OK,10.384,6.464,,0,nearest_robot=robot3
139.000,original,-,fleet,MIN_DISTANCE_AVG,OK,6.464,,,0,robots_sampled=4
139.450,original,-,fleet,CHOMP_TIME_FULL,OK,,7.458,,0,iterations=100;iterations_executed=100;source=algorithm;round_trip=7.470090
140.000,original,-,robot1,MIN_DISTANCE,OK,2.560,6.452,,0,nearest_robot=robot2
140.000,original,-,robot2,MIN_DISTANCE,OK,2.560,6.452,,0,nearest_robot=robot1
140.000,original,-,robot3,MIN_DISTANCE,OK,10.343,6.452,,0,nearest_robot=robot4
140.000,original,-,robot4,MIN_DISTANCE,OK,10.343,6.452,,0,nearest_robot=robot3
140.000,original,-,fleet,MIN_DISTANCE_AVG,OK,6.452,,,0,robots_sampled=4
141.000,original,-,robot1,MIN_DISTANCE,OK,2.572,6.434,,0,nearest_robot=robot2
141.000,original,-,robot2,MIN_DISTANCE,OK,2.572,6.434,,0,nearest_robot=robot1
141.000,original,-,robot3,MIN_DISTANCE,OK,10.297,6.434,,0,nearest_robot=robot4
141.000,original,-,robot4,MIN_DISTANCE,OK,10.297,6.434,,0,nearest_robot=robot3
141.000,original,-,fleet,MIN_DISTANCE_AVG,OK,6.434,,,0,robots_sampled=4
142.000,original,-,fleet,REPLAN_FULL,OK,,,robot1|robot2|robot3|robot4,0,original_full_optimization
142.000,original,-,robot1,MIN_DISTANCE,OK,2.853,6.562,,0,nearest_robot=robot2
142.000,original,-,robot2,MIN_DISTANCE,OK,2.853,6.562,,0,nearest_robot=robot1
142.000,original,-,robot3,MIN_DISTANCE,OK,10.271,6.562,,0,nearest_robot=robot4
142.000,original,-,robot4,MIN_DISTANCE,OK,10.271,6.562,,0,nearest_robot=robot3
142.000,original,-,fleet,MIN_DISTANCE_AVG,OK,6.562,,,0,robots_sampled=4
143.000,original,-,robot1,MIN_DISTANCE,OK,3.307,6.800,,0,nearest_robot=robot2
143.000,original,-,robot2,MIN_DISTANCE,OK,3.307,6.800,,0,nearest_robot=robot1
143.000,original,-,robot3,MIN_DISTANCE,OK,10.294,6.800,,0,nearest_robot=robot4
143.000,original,-,robot4,MIN_DISTANCE,OK,10.294,6.800,,0,nearest_robot=robot3
143.000,original,-,fleet,MIN_DISTANCE_AVG,OK,6.800,,,0,robots_sampled=4
144.000,original,-,robot1,MIN_DISTANCE,OK,3.894,7.109,,0,nearest_robot=robot2
144.000,original,-,robot2,MIN_DISTANCE,OK,3.894,7.109,,0,nearest_robot=robot1
144.000,original,-,robot3,MIN_DISTANCE,OK,10.323,7.109,,0,nearest_robot=robot4
144.000,original,-,robot4,MIN_DISTANCE,OK,10.323,7.109,,0,nearest_robot=robot3
144.000,original,-,fleet,MIN_DISTANCE_AVG,OK,7.109,,,0,robots_sampled=4
145.000,original,-,robot1,MIN_DISTANCE,OK,4.315,7.329,,0,nearest_robot=robot2
145.000,original,-,robot2,MIN_DISTANCE,OK,4.315,7.329,,0,nearest_robot=robot1
145.000,original,-,robot3,MIN_DISTANCE,OK,10.343,7.329,,0,nearest_robot=robot4
145.000,original,-,robot4,MIN_DISTANCE,OK,10.343,7.329,,0,nearest_robot=robot3
145.000,original,-,fleet,MIN_DISTANCE_AVG,OK,7.329,,,0,robots_sampled=4
146.000,original,-,robot1,MIN_DISTANCE,OK,4.732,7.557,,0,nearest_robot=robot2
146.000,original,-,robot2,MIN_DISTANCE,OK,4.732,7.557,,0,nearest_robot=robot1
146.000,original,-,robot3,MIN_DISTANCE,OK,10.383,7.557,,0,nearest_robot=robot4
146.000,original,-,robot4,MIN_DISTANCE,OK,10.383,7.557,,0,nearest_robot=robot3
146.000,original,-,fleet,MIN_DISTANCE_AVG,OK,7.557,,,0,robots_sampled=4
147.000,original,-,robot1,MIN_DISTANCE,OK,5.114,7.773,,0,nearest_robot=robot2
147.000,original,-,robot2,MIN_DISTANCE,OK,5.114,7.773,,0,nearest_robot=robot1
147.000,original,-,robot3,MIN_DISTANCE,OK,10.433,7.773,,0,nearest_robot=robot4
147.000,original,-,robot4,MIN_DISTANCE,OK,10.433,7.773,,0,nearest_robot=robot3
147.000,original,-,fleet,MIN_DISTANCE_AVG,OK,7.773,,,0,robots_sampled=4
148.000,original,-,robot1,MIN_DISTANCE,OK,5.483,8.006,,0,nearest_robot=robot2
148.000,original,-,robot2,MIN_DISTANCE,OK,5.483,8.006,,0,nearest_robot=robot1
148.000,original,-,robot3,MIN_DISTANCE,OK,10.529,8.006,,0,nearest_robot=robot4
148.000,original,-,robot4,MIN_DISTANCE,OK,10.529,8.006,,0,nearest_robot=robot3
148.000,original,-,fleet,MIN_DISTANCE_AVG,OK,8.006,,,0,robots_sampled=4
149.000,original,-,robot1,MIN_DISTANCE,OK,5.808,8.208,,0,nearest_robot=robot2
149.000,original,-,robot2,MIN_DISTANCE,OK,5.808,8.208,,0,nearest_robot=robot1
149.000,original,-,robot3,MIN_DISTANCE,OK,10.608,8.208,,0,nearest_robot=robot4
149.000,original,-,robot4,MIN_DISTANCE,OK,10.608,8.208,,0,nearest_robot=robot3
149.000,original,-,fleet,MIN_DISTANCE_AVG,OK,8.208,,,0,robots_sampled=4
149.370,original,-,fleet,CHOMP_TIME_FULL,OK,,7.383,,0,iterations=100;iterations_executed=100;source=algorithm;round_trip=7.394463
150.000,original,-,fleet,REPLAN_FULL,OK,,,robot1|robot2|robot3|robot4,0,original_full_optimization
150.000,original,-,robot1,MIN_DISTANCE,OK,6.105,8.395,,0,nearest_robot=robot2
150.000,original,-,robot2,MIN_DISTANCE,OK,6.105,8.395,,0,nearest_robot=robot1
150.000,original,-,robot3,MIN_DISTANCE,OK,10.684,8.395,,0,nearest_robot=robot4
150.000,original,-,robot4,MIN_DISTANCE,OK,10.684,8.395,,0,nearest_robot=robot3
150.000,original,-,fleet,MIN_DISTANCE_AVG,OK,8.395,,,0,robots_sampled=4
151.000,original,-,robot1,MIN_DISTANCE,OK,6.503,8.617,,0,nearest_robot=robot2
151.000,original,-,robot2,MIN_DISTANCE,OK,6.503,8.617,,0,nearest_robot=robot1
151.000,original,-,robot3,MIN_DISTANCE,OK,10.730,8.617,,0,nearest_robot=robot4
151.000,original,-,robot4,MIN_DISTANCE,OK,10.730,8.617,,0,nearest_robot=robot3
151.000,original,-,fleet,MIN_DISTANCE_AVG,OK,8.617,,,0,robots_sampled=4
152.000,original,-,robot1,MIN_DISTANCE,OK,6.877,8.826,,0,nearest_robot=robot2
152.000,original,-,robot2,MIN_DISTANCE,OK,6.877,8.826,,0,nearest_robot=robot1
152.000,original,-,robot3,MIN_DISTANCE,OK,10.775,8.826,,0,nearest_robot=robot4
152.000,original,-,robot4,MIN_DISTANCE,OK,10.775,8.826,,0,nearest_robot=robot3
152.000,original,-,fleet,MIN_DISTANCE_AVG,OK,8.826,,,0,robots_sampled=4
153.000,original,-,robot1,MIN_DISTANCE,OK,7.257,9.049,,0,nearest_robot=robot2
153.000,original,-,robot2,MIN_DISTANCE,OK,7.257,9.049,,0,nearest_robot=robot1
153.000,original,-,robot3,MIN_DISTANCE,OK,10.841,9.049,,0,nearest_robot=robot4
153.000,original,-,robot4,MIN_DISTANCE,OK,10.841,9.049,,0,nearest_robot=robot3
153.000,original,-,fleet,MIN_DISTANCE_AVG,OK,9.049,,,0,robots_sampled=4
154.000,original,-,robot1,MIN_DISTANCE,OK,7.617,9.281,,0,nearest_robot=robot2
154.000,original,-,robot2,MIN_DISTANCE,OK,7.617,9.281,,0,nearest_robot=robot1
154.000,original,-,robot3,MIN_DISTANCE,OK,10.945,9.281,,0,nearest_robot=robot4
154.000,original,-,robot4,MIN_DISTANCE,OK,10.945,9.281,,0,nearest_robot=robot3
154.000,original,-,fleet,MIN_DISTANCE_AVG,OK,9.281,,,0,robots_sampled=4
155.000,original,-,robot1,MIN_DISTANCE,OK,7.965,9.539,,0,nearest_robot=robot2
155.000,original,-,robot2,MIN_DISTANCE,OK,7.965,9.539,,0,nearest_robot=robot1
155.000,original,-,robot3,MIN_DISTANCE,OK,11.113,9.539,,0,nearest_robot=robot4
155.000,original,-,robot4,MIN_DISTANCE,OK,11.113,9.539,,0,nearest_robot=robot3
155.000,original,-,fleet,MIN_DISTANCE_AVG,OK,9.539,,,0,robots_sampled=4
156.000,original,-,robot1,MIN_DISTANCE,OK,8.314,9.805,,0,nearest_robot=robot2
156.000,original,-,robot2,MIN_DISTANCE,OK,8.314,9.805,,0,nearest_robot=robot1
156.000,original,-,robot3,MIN_DISTANCE,OK,11.296,9.805,,0,nearest_robot=robot4
156.000,original,-,robot4,MIN_DISTANCE,OK,11.296,9.805,,0,nearest_robot=robot3
156.000,original,-,fleet,MIN_DISTANCE_AVG,OK,9.805,,,0,robots_sampled=4
157.000,original,-,robot1,MIN_DISTANCE,OK,8.659,10.032,,0,nearest_robot=robot2
157.000,original,-,robot2,MIN_DISTANCE,OK,8.659,10.032,,0,nearest_robot=robot1
157.000,original,-,robot3,MIN_DISTANCE,OK,11.318,10.032,,0,nearest_robot=robot1
157.000,original,-,robot4,MIN_DISTANCE,OK,11.494,10.032,,0,nearest_robot=robot3
157.000,original,-,fleet,MIN_DISTANCE_AVG,OK,10.032,,,0,robots_sampled=4
157.450,original,-,fleet,CHOMP_TIME_FULL,OK,,7.456,,0,iterations=100;iterations_executed=100;source=algorithm;round_trip=7.473029
158.000,original,-,fleet,REPLAN_FULL,OK,,,robot1|robot2|robot3|robot4,0,original_full_optimization
158.000,original,-,robot1,MIN_DISTANCE,OK,9.042,10.047,,0,nearest_robot=robot2
158.000,original,-,robot2,MIN_DISTANCE,OK,9.042,10.047,,0,nearest_robot=robot1
158.000,original,-,robot3,MIN_DISTANCE,OK,10.916,10.047,,0,nearest_robot=robot1
158.000,original,-,robot4,MIN_DISTANCE,OK,11.187,10.047,,0,nearest_robot=robot1
158.000,original,-,fleet,MIN_DISTANCE_AVG,OK,10.047,,,0,robots_sampled=4
159.000,original,-,robot1,MIN_DISTANCE,OK,9.575,10.131,,0,nearest_robot=robot2
159.000,original,-,robot2,MIN_DISTANCE,OK,9.575,10.131,,0,nearest_robot=robot1
159.000,original,-,robot3,MIN_DISTANCE,OK,10.521,10.131,,0,nearest_robot=robot1
159.000,original,-,robot4,MIN_DISTANCE,OK,10.851,10.131,,0,nearest_robot=robot1
159.000,original,-,fleet,MIN_DISTANCE_AVG,OK,10.131,,,0,robots_sampled=4
160.000,original,-,robot1,MIN_DISTANCE,OK,10.126,10.229,,0,nearest_robot=robot3
160.000,original,-,robot2,MIN_DISTANCE,OK,10.134,10.229,,0,nearest_robot=robot1
160.000,original,-,robot3,MIN_DISTANCE,OK,10.126,10.229,,0,nearest_robot=robot1
160.000,original,-,robot4,MIN_DISTANCE,OK,10.530,10.229,,0,nearest_robot=robot1
160.000,original,-,fleet,MIN_DISTANCE_AVG,OK,10.229,,,0,robots_sampled=4
161.000,original,-,robot1,MIN_DISTANCE,OK,9.709,10.058,,0,nearest_robot=robot3
161.000,original,-,robot2,MIN_DISTANCE,OK,10.571,10.058,,0,nearest_robot=robot1
161.000,original,-,robot3,MIN_DISTANCE,OK,9.709,10.058,,0,nearest_robot=robot1
161.000,original,-,robot4,MIN_DISTANCE,OK,10.244,10.058,,0,nearest_robot=robot1
161.000,original,-,fleet,MIN_DISTANCE_AVG,OK,10.058,,,0,robots_sampled=4
162.000,original,-,robot1,MIN_DISTANCE,OK,9.327,9.900,,0,nearest_robot=robot3
162.000,original,-,robot2,MIN_DISTANCE,OK,10.842,9.900,,0,nearest_robot=robot1
162.000,original,-,robot3,MIN_DISTANCE,OK,9.327,9.900,,0,nearest_robot=robot1
162.000,original,-,robot4,MIN_DISTANCE,OK,10.105,9.900,,0,nearest_robot=robot1
162.000,original,-,fleet,MIN_DISTANCE_AVG,OK,9.900,,,0,robots_sampled=4
163.000,original,-,robot1,MIN_DISTANCE,OK,8.915,9.732,,0,nearest_robot=robot3
163.000,original,-,robot2,MIN_DISTANCE,OK,11.061,9.732,,0,nearest_robot=robot1
163.000,original,-,robot3,MIN_DISTANCE,OK,8.915,9.732,,0,nearest_robot=robot1
163.000,original,-,robot4,MIN_DISTANCE,OK,10.036,9.732,,0,nearest_robot=robot1
163.000,original,-,fleet,MIN_DISTANCE_AVG,OK,9.732,,,0,robots_sampled=4
164.000,original,-,robot1,MIN_DISTANCE,OK,8.550,9.641,,0,nearest_robot=robot3
164.000,original,-,robot2,MIN_DISTANCE,OK,11.386,9.641,,0,nearest_robot=robot1
164.000,original,-,robot3,MIN_DISTANCE,OK,8.550,9.641,,0,nearest_robot=robot1
164.000,original,-,robot4,MIN_DISTANCE,OK,10.080,9.641,,0,nearest_robot=robot1
164.000,original,-,fleet,MIN_DISTANCE_AVG,OK,9.641,,,0,robots_sampled=4
165.000,original,-,robot1,MIN_DISTANCE,OK,8.175,9.317,,0,nearest_robot=robot3
165.000,original,-,robot2,MIN_DISTANCE,OK,10.757,9.317,,0,nearest_robot=robot4
165.000,original,-,robot3,MIN_DISTANCE,OK,8.175,9.317,,0,nearest_robot=robot1
165.000,original,-,robot4,MIN_DISTANCE,OK,10.159,9.317,,0,nearest_robot=robot1
165.000,original,-,fleet,MIN_DISTANCE_AVG,OK,9.317,,,0,robots_sampled=4
165.460,original,-,fleet,CHOMP_TIME_FULL,OK,,7.465,,0,iterations=100;iterations_executed=100;source=algorithm;round_trip=7.478686
166.000,original,-,fleet,REPLAN_FULL,OK,,,robot1|robot2|robot3|robot4,0,original_full_optimization
166.000,original,-,robot1,MIN_DISTANCE,OK,7.795,8.949,,0,nearest_robot=robot3
166.000,original,-,robot2,MIN_DISTANCE,OK,10.103,8.949,,0,nearest_robot=robot4
166.000,original,-,robot3,MIN_DISTANCE,OK,7.795,8.949,,0,nearest_robot=robot1
166.000,original,-,robot4,MIN_DISTANCE,OK,10.103,8.949,,0,nearest_robot=robot2
166.000,original,-,fleet,MIN_DISTANCE_AVG,OK,8.949,,,0,robots_sampled=4
167.000,original,-,robot1,MIN_DISTANCE,OK,7.440,8.436,,0,nearest_robot=robot3
167.000,original,-,robot2,MIN_DISTANCE,OK,9.432,8.436,,0,nearest_robot=robot4
167.000,original,-,robot3,MIN_DISTANCE,OK,7.440,8.436,,0,nearest_robot=robot1
167.000,original,-,robot4,MIN_DISTANCE,OK,9.432,8.436,,0,nearest_robot=robot2
167.000,original,-,fleet,MIN_DISTANCE_AVG,OK,8.436,,,0,robots_sampled=4
168.000,original,-,robot1,MIN_DISTANCE,OK,7.049,7.911,,0,nearest_robot=robot3
168.000,original,-,robot2,MIN_DISTANCE,OK,8.773,7.911,,0,nearest_robot=robot4
168.000,original,-,robot3,MIN_DISTANCE,OK,7.049,7.911,,0,nearest_robot=robot1
168.000,original,-,robot4,MIN_DISTANCE,OK,8.773,7.911,,0,nearest_robot=robot2
168.000,original,-,fleet,MIN_DISTANCE_AVG,OK,7.911,,,0,robots_sampled=4
169.000,original,-,robot1,MIN_DISTANCE,OK,6.667,7.407,,0,nearest_robot=robot3
169.000,original,-,robot2,MIN_DISTANCE,OK,8.147,7.407,,0,nearest_robot=robot4
169.000,original,-,robot3,MIN_DISTANCE,OK,6.667,7.407,,0,nearest_robot=robot1
169.000,original,-,robot4,MIN_DISTANCE,OK,8.147,7.407,,0,nearest_robot=robot2
169.000,original,-,fleet,MIN_DISTANCE_AVG,OK,7.407,,,0,robots_sampled=4
170.000,original,-,robot1,MIN_DISTANCE,OK,6.256,6.923,,0,nearest_robot=robot3
170.000,original,-,robot2,MIN_DISTANCE,OK,7.591,6.923,,0,nearest_robot=robot4
170.000,original,-,robot3,MIN_DISTANCE,OK,6.256,6.923,,0,nearest_robot=robot1
170.000,original,-,robot4,MIN_DISTANCE,OK,7.591,6.923,,0,nearest_robot=robot2
170.000,original,-,fleet,MIN_DISTANCE_AVG,OK,6.923,,,0,robots_sampled=4
171.000,original,-,robot1,MIN_DISTANCE,OK,5.846,6.494,,0,nearest_robot=robot3
171.000,original,-,robot2,MIN_DISTANCE,OK,7.142,6.494,,0,nearest_robot=robot4
171.000,original,-,robot3,MIN_DISTANCE,OK,5.846,6.494,,0,nearest_robot=robot1
171.000,original,-,robot4,MIN_DISTANCE,OK,7.142,6.494,,0,nearest_robot=robot2
171.000,original,-,fleet,MIN_DISTANCE_AVG,OK,6.494,,,0,robots_sampled=4
172.000,original,-,robot1,MIN_DISTANCE,OK,5.475,6.097,,0,nearest_robot=robot3
172.000,original,-,robot2,MIN_DISTANCE,OK,6.718,6.097,,0,nearest_robot=robot4
172.000,original,-,robot3,MIN_DISTANCE,OK,5.475,6.097,,0,nearest_robot=robot1
172.000,original,-,robot4,MIN_DISTANCE,OK,6.718,6.097,,0,nearest_robot=robot2
172.000,original,-,fleet,MIN_DISTANCE_AVG,OK,6.097,,,0,robots_sampled=4
173.000,original,-,robot1,MIN_DISTANCE,OK,5.055,5.687,,0,nearest_robot=robot3
173.000,original,-,robot2,MIN_DISTANCE,OK,6.320,5.687,,0,nearest_robot=robot4
173.000,original,-,robot3,MIN_DISTANCE,OK,5.055,5.687,,0,nearest_robot=robot1
173.000,original,-,robot4,MIN_DISTANCE,OK,6.320,5.687,,0,nearest_robot=robot2
173.000,original,-,fleet,MIN_DISTANCE_AVG,OK,5.687,,,0,robots_sampled=4
173.450,original,-,fleet,CHOMP_TIME_FULL,OK,,7.460,,0,iterations=100;iterations_executed=100;source=algorithm;round_trip=7.472353
174.000,original,-,fleet,REPLAN_FULL,OK,,,robot1|robot2|robot3|robot4,0,original_full_optimization
174.000,original,-,robot1,MIN_DISTANCE,OK,4.641,5.278,,0,nearest_robot=robot3
174.000,original,-,robot2,MIN_DISTANCE,OK,5.915,5.278,,0,nearest_robot=robot4
174.000,original,-,robot3,MIN_DISTANCE,OK,4.641,5.278,,0,nearest_robot=robot1
174.000,original,-,robot4,MIN_DISTANCE,OK,5.915,5.278,,0,nearest_robot=robot2
174.000,original,-,fleet,MIN_DISTANCE_AVG,OK,5.278,,,0,robots_sampled=4
175.000,original,-,robot1,MIN_DISTANCE,OK,4.228,4.824,,0,nearest_robot=robot3
175.000,original,-,robot2,MIN_DISTANCE,OK,5.420,4.824,,0,nearest_robot=robot4
175.000,original,-,robot3,MIN_DISTANCE,OK,4.228,4.824,,0,nearest_robot=robot1
175.000,original,-,robot4,MIN_DISTANCE,OK,5.420,4.824,,0,nearest_robot=robot2
175.000,original,-,fleet,MIN_DISTANCE_AVG,OK,4.824,,,0,robots_sampled=4
176.000,original,-,robot1,MIN_DISTANCE,OK,3.829,4.391,,0,nearest_robot=robot3
176.000,original,-,robot2,MIN_DISTANCE,OK,4.953,4.391,,0,nearest_robot=robot4
176.000,original,-,robot3,MIN_DISTANCE,OK,3.829,4.391,,0,nearest_robot=robot1
176.000,original,-,robot4,MIN_DISTANCE,OK,4.953,4.391,,0,nearest_robot=robot2
176.000,original,-,fleet,MIN_DISTANCE_AVG,OK,4.391,,,0,robots_sampled=4
177.000,original,-,robot1,MIN_DISTANCE,OK,3.473,4.033,,0,nearest_robot=robot3
177.000,original,-,robot2,MIN_DISTANCE,OK,4.592,4.033,,0,nearest_robot=robot4
177.000,original,-,robot3,MIN_DISTANCE,OK,3.473,4.033,,0,nearest_robot=robot1
177.000,original,-,robot4,MIN_DISTANCE,OK,4.592,4.033,,0,nearest_robot=robot2
177.000,original,-,fleet,MIN_DISTANCE_AVG,OK,4.033,,,0,robots_sampled=4
178.000,original,-,robot1,MIN_DISTANCE,OK,3.109,3.648,,0,nearest_robot=robot3
178.000,original,-,robot2,MIN_DISTANCE,OK,4.187,3.648,,0,nearest_robot=robot4
178.000,original,-,robot3,MIN_DISTANCE,OK,3.109,3.648,,0,nearest_robot=robot1
178.000,original,-,robot4,MIN_DISTANCE,OK,4.187,3.648,,0,nearest_robot=robot2
178.000,original,-,fleet,MIN_DISTANCE_AVG,OK,3.648,,,0,robots_sampled=4
179.000,original,-,robot1,MIN_DISTANCE,OK,2.756,3.217,,0,nearest_robot=robot3
179.000,original,-,robot2,MIN_DISTANCE,OK,3.678,3.217,,0,nearest_robot=robot4
179.000,original,-,robot3,MIN_DISTANCE,OK,2.756,3.217,,0,nearest_robot=robot1
179.000,original,-,robot4,MIN_DISTANCE,OK,3.678,3.217,,0,nearest_robot=robot2
179.000,original,-,fleet,MIN_DISTANCE_AVG,OK,3.217,,,0,robots_sampled=4
180.000,original,-,robot1,MIN_DISTANCE,OK,2.407,2.629,,0,nearest_robot=robot3
180.000,original,-,robot2,MIN_DISTANCE,OK,2.851,2.629,,0,nearest_robot=robot4
180.000,original,-,robot3,MIN_DISTANCE,OK,2.407,2.629,,0,nearest_robot=robot1
180.000,original,-,robot4,MIN_DISTANCE,OK,2.851,2.629,,0,nearest_robot=robot2
180.000,original,-,fleet,MIN_DISTANCE_AVG,OK,2.629,,,0,robots_sampled=4
181.000,original,-,robot1,MIN_DISTANCE,OK,2.012,2.007,,0,nearest_robot=robot3
181.000,original,-,robot2,MIN_DISTANCE,OK,2.001,2.007,,0,nearest_robot=robot4
181.000,original,-,robot3,MIN_DISTANCE,OK,2.012,2.007,,0,nearest_robot=robot1
181.000,original,-,robot4,MIN_DISTANCE,OK,2.001,2.007,,0,nearest_robot=robot2
181.000,original,-,fleet,MIN_DISTANCE_AVG,OK,2.007,,,0,robots_sampled=4
181.470,original,-,fleet,CHOMP_TIME_FULL,OK,,7.477,,0,iterations=100;iterations_executed=100;source=algorithm;round_trip=7.490256
182.000,original,-,robot1,MIN_DISTANCE,OK,1.596,1.377,,0,nearest_robot=robot3
182.000,original,-,robot2,MIN_DISTANCE,OK,1.158,1.377,,0,nearest_robot=robot4
182.000,original,-,robot3,MIN_DISTANCE,OK,1.596,1.377,,0,nearest_robot=robot1
182.000,original,-,robot4,MIN_DISTANCE,OK,1.158,1.377,,0,nearest_robot=robot2
182.000,original,-,fleet,MIN_DISTANCE_AVG,OK,1.377,,,0,robots_sampled=4
182.500,original,-,fleet,REPLAN_FULL,OK,,,robot1|robot2|robot3|robot4,0,original_full_optimization
183.000,original,-,robot1,MIN_DISTANCE,OK,1.318,0.889,,0,nearest_robot=robot3
183.000,original,-,robot2,MIN_DISTANCE,OK,0.461,0.889,,0,nearest_robot=robot4
183.000,original,-,robot3,MIN_DISTANCE,OK,1.318,0.889,,0,nearest_robot=robot1
183.000,original,-,robot4,MIN_DISTANCE,OK,0.461,0.889,,0,nearest_robot=robot2
183.000,original,-,fleet,MIN_DISTANCE_AVG,OK,0.889,,,0,robots_sampled=4
184.000,original,-,robot1,MIN_DISTANCE,OK,1.228,0.734,,0,nearest_robot=robot3
184.000,original,-,robot2,MIN_DISTANCE,OK,0.240,0.734,,0,nearest_robot=robot4
184.000,original,-,robot3,MIN_DISTANCE,OK,1.228,0.734,,0,nearest_robot=robot1
184.000,original,-,robot4,MIN_DISTANCE,OK,0.240,0.734,,0,nearest_robot=robot2
184.000,original,-,fleet,MIN_DISTANCE_AVG,OK,0.734,,,0,robots_sampled=4
185.000,original,-,robot1,MIN_DISTANCE,OK,1.214,0.819,,0,nearest_robot=robot3
185.000,original,-,robot2,MIN_DISTANCE,OK,0.424,0.819,,0,nearest_robot=robot4
185.000,original,-,robot3,MIN_DISTANCE,OK,1.214,0.819,,0,nearest_robot=robot1
185.000,original,-,robot4,MIN_DISTANCE,OK,0.424,0.819,,0,nearest_robot=robot2
185.000,original,-,fleet,MIN_DISTANCE_AVG,OK,0.819,,,0,robots_sampled=4
186.000,original,-,robot1,MIN_DISTANCE,OK,1.213,0.922,,0,nearest_robot=robot3
186.000,original,-,robot2,MIN_DISTANCE,OK,0.630,0.922,,0,nearest_robot=robot4
186.000,original,-,robot3,MIN_DISTANCE,OK,1.213,0.922,,0,nearest_robot=robot1
186.000,original,-,robot4,MIN_DISTANCE,OK,0.630,0.922,,0,nearest_robot=robot2
186.000,original,-,fleet,MIN_DISTANCE_AVG,OK,0.922,,,0,robots_sampled=4
187.000,original,-,robot1,MIN_DISTANCE,OK,1.213,1.127,,0,nearest_robot=robot3
187.000,original,-,robot2,MIN_DISTANCE,OK,1.041,1.127,,0,nearest_robot=robot4
187.000,original,-,robot3,MIN_DISTANCE,OK,1.213,1.127,,0,nearest_robot=robot1
187.000,original,-,robot4,MIN_DISTANCE,OK,1.041,1.127,,0,nearest_robot=robot2
187.000,original,-,fleet,MIN_DISTANCE_AVG,OK,1.127,,,0,robots_sampled=4
188.000,original,-,robot1,MIN_DISTANCE,OK,1.213,1.392,,0,nearest_robot=robot3
188.000,original,-,robot2,MIN_DISTANCE,OK,1.571,1.392,,0,nearest_robot=robot4
188.000,original,-,robot3,MIN_DISTANCE,OK,1.213,1.392,,0,nearest_robot=robot1
188.000,original,-,robot4,MIN_DISTANCE,OK,1.571,1.392,,0,nearest_robot=robot2
188.000,original,-,fleet,MIN_DISTANCE_AVG,OK,1.392,,,0,robots_sampled=4
189.000,original,-,robot1,MIN_DISTANCE,OK,1.213,1.633,,0,nearest_robot=robot3
189.000,original,-,robot2,MIN_DISTANCE,OK,2.052,1.633,,0,nearest_robot=robot4
189.000,original,-,robot3,MIN_DISTANCE,OK,1.213,1.633,,0,nearest_robot=robot1
189.000,original,-,robot4,MIN_DISTANCE,OK,2.052,1.633,,0,nearest_robot=robot2
189.000,original,-,fleet,MIN_DISTANCE_AVG,OK,1.633,,,0,robots_sampled=4
189.970,original,-,fleet,CHOMP_TIME_FULL,OK,,7.475,,0,iterations=100;iterations_executed=100;source=algorithm;round_trip=7.486758
190.000,original,-,robot1,MIN_DISTANCE,OK,1.213,1.862,,0,nearest_robot=robot3
190.000,original,-,robot2,MIN_DISTANCE,OK,2.510,1.862,,0,nearest_robot=robot4
190.000,original,-,robot3,MIN_DISTANCE,OK,1.213,1.862,,0,nearest_robot=robot1
190.000,original,-,robot4,MIN_DISTANCE,OK,2.510,1.862,,0,nearest_robot=robot2
190.000,original,-,fleet,MIN_DISTANCE_AVG,OK,1.862,,,0,robots_sampled=4
190.500,original,-,fleet,REPLAN_FULL,OK,,,robot1|robot2|robot3|robot4,0,original_full_optimization
190.500,original,-,fleet,CHOMP_TIME_FULL,OK,,0.000,,0,iterations=100;iterations_executed=0;source=algorithm;round_trip=0.003910
191.000,original,-,robot1,MIN_DISTANCE,OK,1.213,2.144,,0,nearest_robot=robot3
191.000,original,-,robot2,MIN_DISTANCE,OK,3.075,2.144,,0,nearest_robot=robot4
191.000,original,-,robot3,MIN_DISTANCE,OK,1.213,2.144,,0,nearest_robot=robot1
191.000,original,-,robot4,MIN_DISTANCE,OK,3.075,2.144,,0,nearest_robot=robot2
191.000,original,-,fleet,MIN_DISTANCE_AVG,OK,2.144,,,0,robots_sampled=4
192.000,original,-,robot1,MIN_DISTANCE,OK,1.213,2.419,,0,nearest_robot=robot3
192.000,original,-,robot2,MIN_DISTANCE,OK,3.624,2.419,,0,nearest_robot=robot4
192.000,original,-,robot3,MIN_DISTANCE,OK,1.213,2.419,,0,nearest_robot=robot1
192.000,original,-,robot4,MIN_DISTANCE,OK,3.624,2.419,,0,nearest_robot=robot2
192.000,original,-,fleet,MIN_DISTANCE_AVG,OK,2.419,,,0,robots_sampled=4
193.000,original,-,robot1,MIN_DISTANCE,OK,1.213,2.683,,0,nearest_robot=robot3
193.000,original,-,robot2,MIN_DISTANCE,OK,4.153,2.683,,0,nearest_robot=robot4
193.000,original,-,robot3,MIN_DISTANCE,OK,1.213,2.683,,0,nearest_robot=robot1
193.000,original,-,robot4,MIN_DISTANCE,OK,4.153,2.683,,0,nearest_robot=robot2
193.000,original,-,fleet,MIN_DISTANCE_AVG,OK,2.683,,,0,robots_sampled=4
194.000,original,-,fleet,REPLAN_FULL,OK,,,robot1|robot2|robot3|robot4,0,original_full_optimization
194.000,original,-,robot1,MIN_DISTANCE,OK,1.213,3.016,,0,nearest_robot=robot3
194.000,original,-,robot2,MIN_DISTANCE,OK,4.818,3.016,,0,nearest_robot=robot4
194.000,original,-,robot3,MIN_DISTANCE,OK,1.213,3.016,,0,nearest_robot=robot1
194.000,original,-,robot4,MIN_DISTANCE,OK,4.818,3.016,,0,nearest_robot=robot2
194.000,original,-,fleet,MIN_DISTANCE_AVG,OK,3.016,,,0,robots_sampled=4
194.000,original,-,fleet,CHOMP_TIME_FULL,OK,,0.000,,0,iterations=100;iterations_executed=0;source=algorithm;round_trip=0.004962
195.000,original,-,robot1,MIN_DISTANCE,OK,1.213,3.336,,0,nearest_robot=robot3
195.000,original,-,robot2,MIN_DISTANCE,OK,5.460,3.336,,0,nearest_robot=robot4
195.000,original,-,robot3,MIN_DISTANCE,OK,1.213,3.336,,0,nearest_robot=robot1
195.000,original,-,robot4,MIN_DISTANCE,OK,5.460,3.336,,0,nearest_robot=robot2
195.000,original,-,fleet,MIN_DISTANCE_AVG,OK,3.336,,,0,robots_sampled=4
196.000,original,-,robot1,MIN_DISTANCE,OK,1.213,3.647,,0,nearest_robot=robot3
196.000,original,-,robot2,MIN_DISTANCE,OK,6.082,3.647,,0,nearest_robot=robot4
196.000,original,-,robot3,MIN_DISTANCE,OK,1.213,3.647,,0,nearest_robot=robot1
196.000,original,-,robot4,MIN_DISTANCE,OK,6.082,3.647,,0,nearest_robot=robot2
196.000,original,-,fleet,MIN_DISTANCE_AVG,OK,3.647,,,0,robots_sampled=4
197.000,original,-,robot1,MIN_DISTANCE,OK,1.213,4.019,,0,nearest_robot=robot3
197.000,original,-,robot2,MIN_DISTANCE,OK,6.826,4.019,,0,nearest_robot=robot4
197.000,original,-,robot3,MIN_DISTANCE,OK,1.213,4.019,,0,nearest_robot=robot1
197.000,original,-,robot4,MIN_DISTANCE,OK,6.826,4.019,,0,nearest_robot=robot2
197.000,original,-,fleet,MIN_DISTANCE_AVG,OK,4.019,,,0,robots_sampled=4
198.000,original,-,fleet,REPLAN_FULL,OK,,,robot1|robot2|robot3|robot4,0,original_full_optimization
198.000,original,-,robot1,MIN_DISTANCE,OK,1.213,4.408,,0,nearest_robot=robot3
198.000,original,-,robot2,MIN_DISTANCE,OK,7.604,4.408,,0,nearest_robot=robot4
198.000,original,-,robot3,MIN_DISTANCE,OK,1.213,4.408,,0,nearest_robot=robot1
198.000,original,-,robot4,MIN_DISTANCE,OK,7.604,4.408,,0,nearest_robot=robot2
198.000,original,-,fleet,MIN_DISTANCE_AVG,OK,4.408,,,0,robots_sampled=4
199.000,original,-,robot1,MIN_DISTANCE,OK,1.213,4.829,,0,nearest_robot=robot3
199.000,original,-,robot2,MIN_DISTANCE,OK,8.446,4.829,,0,nearest_robot=robot4
199.000,original,-,robot3,MIN_DISTANCE,OK,1.213,4.829,,0,nearest_robot=robot1
199.000,original,-,robot4,MIN_DISTANCE,OK,8.446,4.829,,0,nearest_robot=robot2
199.000,original,-,fleet,MIN_DISTANCE_AVG,OK,4.829,,,0,robots_sampled=4
200.000,original,-,robot1,MIN_DISTANCE,OK,1.212,5.249,,0,nearest_robot=robot3
200.000,original,-,robot2,MIN_DISTANCE,OK,9.286,5.249,,0,nearest_robot=robot4
200.000,original,-,robot3,MIN_DISTANCE,OK,1.212,5.249,,0,nearest_robot=robot1
200.000,original,-,robot4,MIN_DISTANCE,OK,9.286,5.249,,0,nearest_robot=robot2
200.000,original,-,fleet,MIN_DISTANCE_AVG,OK,5.249,,,0,robots_sampled=4
201.000,original,-,robot1,MIN_DISTANCE,OK,1.212,5.692,,0,nearest_robot=robot3
201.000,original,-,robot2,MIN_DISTANCE,OK,10.171,5.692,,0,nearest_robot=robot4
201.000,original,-,robot3,MIN_DISTANCE,OK,1.212,5.692,,0,nearest_robot=robot1
201.000,original,-,robot4,MIN_DISTANCE,OK,10.171,5.692,,0,nearest_robot=robot2
201.000,original,-,fleet,MIN_DISTANCE_AVG,OK,5.692,,,0,robots_sampled=4
202.000,original,-,robot1,MIN_DISTANCE,OK,1.212,6.102,,0,nearest_robot=robot3
202.000,original,-,robot2,MIN_DISTANCE,OK,10.991,6.102,,0,nearest_robot=robot4
202.000,original,-,robot3,MIN_DISTANCE,OK,1.212,6.102,,0,nearest_robot=robot1
202.000,original,-,robot4,MIN_DISTANCE,OK,10.991,6.102,,0,nearest_robot=robot2
202.000,original,-,fleet,MIN_DISTANCE_AVG,OK,6.102,,,0,robots_sampled=4
203.000,original,-,robot1,MIN_DISTANCE,OK,1.212,6.450,,0,nearest_robot=robot3
203.000,original,-,robot2,MIN_DISTANCE,OK,11.689,6.450,,0,nearest_robot=robot4
203.000,original,-,robot3,MIN_DISTANCE,OK,1.212,6.450,,0,nearest_robot=robot1
203.000,original,-,robot4,MIN_DISTANCE,OK,11.689,6.450,,0,nearest_robot=robot2
203.000,original,-,fleet,MIN_DISTANCE_AVG,OK,6.450,,,0,robots_sampled=4
204.000,original,-,robot1,MIN_DISTANCE,OK,1.212,6.627,,0,nearest_robot=robot3
204.000,original,-,robot2,MIN_DISTANCE,OK,11.897,6.627,,0,nearest_robot=robot1
204.000,original,-,robot3,MIN_DISTANCE,OK,1.212,6.627,,0,nearest_robot=robot1
204.000,original,-,robot4,MIN_DISTANCE,OK,12.188,6.627,,0,nearest_robot=robot2
204.000,original,-,fleet,MIN_DISTANCE_AVG,OK,6.627,,,0,robots_sampled=4
205.000,original,-,robot1,MIN_DISTANCE,OK,1.212,6.666,,0,nearest_robot=robot3
205.000,original,-,robot2,MIN_DISTANCE,OK,11.667,6.666,,0,nearest_robot=robot1
205.000,original,-,robot3,MIN_DISTANCE,OK,1.212,6.666,,0,nearest_robot=robot1
205.000,original,-,robot4,MIN_DISTANCE,OK,12.574,6.666,,0,nearest_robot=robot2
205.000,original,-,fleet,MIN_DISTANCE_AVG,OK,6.666,,,0,robots_sampled=4
205.490,original,-,fleet,CHOMP_TIME_FULL,OK,,7.506,,0,iterations=100;iterations_executed=100;source=algorithm;round_trip=7.519299
206.000,original,-,robot1,MIN_DISTANCE,OK,1.229,6.684,,0,nearest_robot=robot3
206.000,original,-,robot2,MIN_DISTANCE,OK,11.489,6.684,,0,nearest_robot=robot1
206.000,original,-,robot3,MIN_DISTANCE,OK,1.229,6.684,,0,nearest_robot=robot1
206.000,original,-,robot4,MIN_DISTANCE,OK,12.789,6.684,,0,nearest_robot=robot2
206.000,original,-,fleet,MIN_DISTANCE_AVG,OK,6.684,,,0,robots_sampled=4
207.000,original,-,fleet,REPLAN_FULL,OK,,,robot1|robot2|robot3|robot4,0,original_full_optimization
207.000,original,-,robot1,MIN_DISTANCE,OK,1.311,6.686,,0,nearest_robot=robot3
207.000,original,-,robot2,MIN_DISTANCE,OK,11.345,6.686,,0,nearest_robot=robot1
207.000,original,-,robot3,MIN_DISTANCE,OK,1.311,6.686,,0,nearest_robot=robot1
207.000,original,-,robot4,MIN_DISTANCE,OK,12.776,6.686,,0,nearest_robot=robot2
207.000,original,-,fleet,MIN_DISTANCE_AVG,OK,6.686,,,0,robots_sampled=4
208.000,original,-,robot1,MIN_DISTANCE,OK,1.268,6.668,,0,nearest_robot=robot3
208.000,original,-,robot2,MIN_DISTANCE,OK,11.361,6.668,,0,nearest_robot=robot1
208.000,original,-,robot3,MIN_DISTANCE,OK,1.268,6.668,,0,nearest_robot=robot1
208.000,original,-,robot4,MIN_DISTANCE,OK,12.777,6.668,,0,nearest_robot=robot2
208.000,original,-,fleet,MIN_DISTANCE_AVG,OK,6.668,,,0,robots_sampled=4
209.000,original,-,robot1,MIN_DISTANCE,OK,0.941,6.551,,0,nearest_robot=robot3
209.000,original,-,robot2,MIN_DISTANCE,OK,11.547,6.551,,0,nearest_robot=robot1
209.000,original,-,robot3,MIN_DISTANCE,OK,0.941,6.551,,0,nearest_robot=robot1
209.000,original,-,robot4,MIN_DISTANCE,OK,12.777,6.551,,0,nearest_robot=robot2
209.000,original,-,fleet,MIN_DISTANCE_AVG,OK,6.551,,,0,robots_sampled=4
210.000,original,-,robot1,MIN_DISTANCE,OK,0.694,6.463,,0,nearest_robot=robot3
210.000,original,-,robot2,MIN_DISTANCE,OK,11.688,6.463,,0,nearest_robot=robot1
210.000,original,-,robot3,MIN_DISTANCE,OK,0.694,6.463,,0,nearest_robot=robot1
210.000,original,-,robot4,MIN_DISTANCE,OK,12.777,6.463,,0,nearest_robot=robot2
210.000,original,-,fleet,MIN_DISTANCE_AVG,OK,6.463,,,0,robots_sampled=4
211.000,original,-,robot1,MIN_DISTANCE,OK,0.498,6.392,,0,nearest_robot=robot3
211.000,original,-,robot2,MIN_DISTANCE,OK,11.796,6.392,,0,nearest_robot=robot1
211.000,original,-,robot3,MIN_DISTANCE,OK,0.498,6.392,,0,nearest_robot=robot1
211.000,original,-,robot4,MIN_DISTANCE,OK,12.777,6.392,,0,nearest_robot=robot2
211.000,original,-,fleet,MIN_DISTANCE_AVG,OK,6.392,,,0,robots_sampled=4
212.000,original,-,robot1,MIN_DISTANCE,OK,0.750,6.502,,0,nearest_robot=robot3
212.000,original,-,robot2,MIN_DISTANCE,OK,11.728,6.502,,0,nearest_robot=robot1
212.000,original,-,robot3,MIN_DISTANCE,OK,0.750,6.502,,0,nearest_robot=robot1
212.000,original,-,robot4,MIN_DISTANCE,OK,12.777,6.502,,0,nearest_robot=robot2
212.000,original,-,fleet,MIN_DISTANCE_AVG,OK,6.502,,,0,robots_sampled=4
213.000,original,-,robot1,MIN_DISTANCE,OK,1.008,6.650,,0,nearest_robot=robot3
213.000,original,-,robot2,MIN_DISTANCE,OK,11.806,6.650,,0,nearest_robot=robot1
213.000,original,-,robot3,MIN_DISTANCE,OK,1.008,6.650,,0,nearest_robot=robot1
213.000,original,-,robot4,MIN_DISTANCE,OK,12.777,6.650,,0,nearest_robot=robot2
213.000,original,-,fleet,MIN_DISTANCE_AVG,OK,6.650,,,0,robots_sampled=4
214.000,original,-,robot1,MIN_DISTANCE,OK,1.302,6.848,,0,nearest_robot=robot3
214.000,original,-,robot2,MIN_DISTANCE,OK,12.011,6.848,,0,nearest_robot=robot1
214.000,original,-,robot3,MIN_DISTANCE,OK,1.302,6.848,,0,nearest_robot=robot1
214.000,original,-,robot4,MIN_DISTANCE,OK,12.778,6.848,,0,nearest_robot=robot2
214.000,original,-,fleet,MIN_DISTANCE_AVG,OK,6.848,,,0,robots_sampled=4
214.400,original,-,fleet,CHOMP_TIME_FULL,OK,,7.409,,0,iterations=100;iterations_executed=100;source=algorithm;round_trip=7.421871
215.000,original,-,fleet,REPLAN_FULL,OK,,,robot1|robot2|robot3|robot4,0,original_full_optimization
215.000,original,-,robot1,MIN_DISTANCE,OK,1.609,7.075,,0,nearest_robot=robot3
215.000,original,-,robot2,MIN_DISTANCE,OK,12.242,7.075,,0,nearest_robot=robot1
215.000,original,-,robot3,MIN_DISTANCE,OK,1.609,7.075,,0,nearest_robot=robot1
215.000,original,-,robot4,MIN_DISTANCE,OK,12.841,7.075,,0,nearest_robot=robot2
215.000,original,-,fleet,MIN_DISTANCE_AVG,OK,7.075,,,0,robots_sampled=4
216.000,original,-,robot1,MIN_DISTANCE,OK,1.952,7.271,,0,nearest_robot=robot3
216.000,original,-,robot2,MIN_DISTANCE,OK,12.041,7.271,,0,nearest_robot=robot3
216.000,original,-,robot3,MIN_DISTANCE,OK,1.952,7.271,,0,nearest_robot=robot1
216.000,original,-,robot4,MIN_DISTANCE,OK,13.140,7.271,,0,nearest_robot=robot2
216.000,original,-,fleet,MIN_DISTANCE_AVG,OK,7.271,,,0,robots_sampled=4
217.000,original,-,robot1,MIN_DISTANCE,OK,2.319,7.487,,0,nearest_robot=robot3
217.000,original,-,robot2,MIN_DISTANCE,OK,11.816,7.487,,0,nearest_robot=robot3
217.000,original,-,robot3,MIN_DISTANCE,OK,2.319,7.487,,0,nearest_robot=robot1
217.000,original,-,robot4,MIN_DISTANCE,OK,13.495,7.487,,0,nearest_robot=robot2
217.000,original,-,fleet,MIN_DISTANCE_AVG,OK,7.487,,,0,robots_sampled=4
218.000,original,-,robot1,MIN_DISTANCE,OK,2.673,7.697,,0,nearest_robot=robot3
218.000,original,-,robot2,MIN_DISTANCE,OK,11.577,7.697,,0,nearest_robot=robot3
218.000,original,-,robot3,MIN_DISTANCE,OK,2.673,7.697,,0,nearest_robot=robot1
218.000,original,-,robot4,MIN_DISTANCE,OK,13.865,7.697,,0,nearest_robot=robot2
218.000,original,-,fleet,MIN_DISTANCE_AVG,OK,7.697,,,0,robots_sampled=4
219.000,original,-,robot1,MIN_DISTANCE,OK,3.057,7.929,,0,nearest_robot=robot3
219.000,original,-,robot2,MIN_DISTANCE,OK,11.369,7.929,,0,nearest_robot=robot3
219.000,original,-,robot3,MIN_DISTANCE,OK,3.057,7.929,,0,nearest_robot=robot1
219.000,original,-,robot4,MIN_DISTANCE,OK,14.233,7.929,,0,nearest_robot=robot2
219.000,original,-,fleet,MIN_DISTANCE_AVG,OK,7.929,,,0,robots_sampled=4
220.000,original,-,robot1,MIN_DISTANCE,OK,3.347,8.114,,0,nearest_robot=robot3
220.000,original,-,robot2,MIN_DISTANCE,OK,11.187,8.114,,0,nearest_robot=robot3
220.000,original,-,robot3,MIN_DISTANCE,OK,3.347,8.114,,0,nearest_robot=robot1
220.000,original,-,robot4,MIN_DISTANCE,OK,14.576,8.114,,0,nearest_robot=robot2
220.000,original,-,fleet,MIN_DISTANCE_AVG,OK,8.114,,,0,robots_sampled=4
221.000,original,-,robot1,MIN_DISTANCE,OK,3.577,8.287,,0,nearest_robot=robot3
221.000,original,-,robot2,MIN_DISTANCE,OK,11.019,8.287,,0,nearest_robot=robot3
221.000,original,-,robot3,MIN_DISTANCE,OK,3.577,8.287,,0,nearest_robot=robot1
221.000,original,-,robot4,MIN_DISTANCE,OK,14.976,8.287,,0,nearest_robot=robot2
221.000,original,-,fleet,MIN_DISTANCE_AVG,OK,8.287,,,0,robots_sampled=4
222.000,original,-,robot1,MIN_DISTANCE,OK,3.753,8.444,,0,nearest_robot=robot3
222.000,original,-,robot2,MIN_DISTANCE,OK,10.857,8.444,,0,nearest_robot=robot3
222.000,original,-,robot3,MIN_DISTANCE,OK,3.753,8.444,,0,nearest_robot=robot1
222.000,original,-,robot4,MIN_DISTANCE,OK,15.413,8.444,,0,nearest_robot=robot2
222.000,original,-,fleet,MIN_DISTANCE_AVG,OK,8.444,,,0,robots_sampled=4
222.440,original,-,fleet,CHOMP_TIME_FULL,OK,,7.449,,0,iterations=100;iterations_executed=100;source=algorithm;round_trip=7.462607
223.000,original,-,robot1,MIN_DISTANCE,OK,4.115,8.690,,0,nearest_robot=robot3
223.000,original,-,robot2,MIN_DISTANCE,OK,10.727,8.690,,0,nearest_robot=robot3
223.000,original,-,robot3,MIN_DISTANCE,OK,4.115,8.690,,0,nearest_robot=robot1
223.000,original,-,robot4,MIN_DISTANCE,OK,15.805,8.690,,0,nearest_robot=robot2
223.000,original,-,fleet,MIN_DISTANCE_AVG,OK,8.690,,,0,robots_sampled=4
224.000,original,-,robot1,MIN_DISTANCE,OK,4.440,8.902,,0,nearest_robot=robot3
224.000,original,-,robot2,MIN_DISTANCE,OK,10.618,8.902,,0,nearest_robot=robot3
224.000,original,-,robot3,MIN_DISTANCE,OK,4.440,8.902,,0,nearest_robot=robot1
224.000,original,-,robot4,MIN_DISTANCE,OK,16.111,8.902,,0,nearest_robot=robot2
224.000,original,-,fleet,MIN_DISTANCE_AVG,OK,8.902,,,0,robots_sampled=4
225.000,original,-,robot1,MIN_DISTANCE,OK,4.727,9.110,,0,nearest_robot=robot3
225.000,original,-,robot2,MIN_DISTANCE,OK,10.552,9.110,,0,nearest_robot=robot3
225.000,original,-,robot3,MIN_DISTANCE,OK,4.727,9.110,,0,nearest_robot=robot1
225.000,original,-,robot4,MIN_DISTANCE,OK,16.435,9.110,,0,nearest_robot=robot2
225.000,original,-,fleet,MIN_DISTANCE_AVG,OK,9.110,,,0,robots_sampled=4
226.000,original,-,robot1,MIN_DISTANCE,OK,5.022,9.325,,0,nearest_robot=robot3
226.000,original,-,robot2,MIN_DISTANCE,OK,10.507,9.325,,0,nearest_robot=robot3
226.000,original,-,robot3,MIN_DISTANCE,OK,5.022,9.325,,0,nearest_robot=robot1
226.000,original,-,robot4,MIN_DISTANCE,OK,16.750,9.325,,0,nearest_robot=robot2
226.000,original,-,fleet,MIN_DISTANCE_AVG,OK,9.325,,,0,robots_sampled=4
227.000,original,-,robot1,MIN_DISTANCE,OK,5.296,9.417,,0,nearest_robot=robot3
227.000,original,-,robot2,MIN_DISTANCE,OK,10.050,9.417,,0,nearest_robot=robot1
227.000,original,-,robot3,MIN_DISTANCE,OK,5.296,9.417,,0,nearest_robot=robot1
227.000,original,-,robot4,MIN_DISTANCE,OK,17.028,9.417,,0,nearest_robot=robot2
227.000,original,-,fleet,MIN_DISTANCE_AVG,OK,9.417,,,0,robots_sampled=4
228.000,original,-,robot1,MIN_DISTANCE,OK,5.572,9.516,,0,nearest_robot=robot3
228.000,original,-,robot2,MIN_DISTANCE,OK,9.539,9.516,,0,nearest_robot=robot1
228.000,original,-,robot3,MIN_DISTANCE,OK,5.572,9.516,,0,nearest_robot=robot1
228.000,original,-,robot4,MIN_DISTANCE,OK,17.379,9.516,,0,nearest_robot=robot2
228.000,original,-,fleet,MIN_DISTANCE_AVG,OK,9.516,,,0,robots_sampled=4
229.000,original,-,robot1,MIN_DISTANCE,OK,5.863,9.575,,0,nearest_robot=robot3
229.000,original,-,robot2,MIN_DISTANCE,OK,8.958,9.575,,0,nearest_robot=robot1
229.000,original,-,robot3,MIN_DISTANCE,OK,5.863,9.575,,0,nearest_robot=robot1
229.000,original,-,robot4,MIN_DISTANCE,OK,17.616,9.575,,0,nearest_robot=robot2
229.000,original,-,fleet,MIN_DISTANCE_AVG,OK,9.575,,,0,robots_sampled=4
230.000,original,-,robot1,MIN_DISTANCE,OK,6.112,9.564,,0,nearest_robot=robot3
230.000,original,-,robot2,MIN_DISTANCE,OK,8.357,9.564,,0,nearest_robot=robot1
230.000,original,-,robot3,MIN_DISTANCE,OK,6.112,9.564,,0,nearest_robot=robot1
230.000,original,-,robot4,MIN_DISTANCE,OK,17.675,9.564,,0,nearest_robot=robot2
230.000,original,-,fleet,MIN_DISTANCE_AVG,OK,9.564,,,0,robots_sampled=4
231.000,original,-,robot1,MIN_DISTANCE,OK,6.412,9.571,,0,nearest_robot=robot3
231.000,original,-,robot2,MIN_DISTANCE,OK,7.780,9.571,,0,nearest_robot=robot1
231.000,original,-,robot3,MIN_DISTANCE,OK,6.412,9.571,,0,nearest_robot=robot1
231.000,original,-,robot4,MIN_DISTANCE,OK,17.682,9.571,,0,nearest_robot=robot2
231.000,original,-,fleet,MIN_DISTANCE_AVG,OK,9.571,,,0,robots_sampled=4
232.000,original,-,robot1,MIN_DISTANCE,OK,6.682,9.577,,0,nearest_robot=robot3
232.000,original,-,robot2,MIN_DISTANCE,OK,7.213,9.577,,0,nearest_robot=robot1
232.000,original,-,robot3,MIN_DISTANCE,OK,6.682,9.577,,0,nearest_robot=robot1
232.000,original,-,robot4,MIN_DISTANCE,OK,17.733,9.577,,0,nearest_robot=robot2
232.000,original,-,fleet,MIN_DISTANCE_AVG,OK,9.577,,,0,robots_sampled=4
233.000,original,-,robot1,MIN_DISTANCE,OK,6.669,9.511,,0,nearest_robot=robot2
233.000,original,-,robot2,MIN_DISTANCE,OK,6.669,9.511,,0,nearest_robot=robot1
233.000,original,-,robot3,MIN_DISTANCE,OK,6.947,9.511,,0,nearest_robot=robot1
233.000,original,-,robot4,MIN_DISTANCE,OK,17.759,9.511,,0,nearest_robot=robot2
233.000,original,-,fleet,MIN_DISTANCE_AVG,OK,9.511,,,0,robots_sampled=4
234.000,original,-,robot1,MIN_DISTANCE,OK,6.128,9.297,,0,nearest_robot=robot2
234.000,original,-,robot2,MIN_DISTANCE,OK,6.128,9.297,,0,nearest_robot=robot1
234.000,original,-,robot3,MIN_DISTANCE,OK,7.190,9.297,,0,nearest_robot=robot1
234.000,original,-,robot4,MIN_DISTANCE,OK,17.743,9.297,,0,nearest_robot=robot2
234.000,original,-,fleet,MIN_DISTANCE_AVG,OK,9.297,,,0,robots_sampled=4
235.000,original,-,robot1,MIN_DISTANCE,OK,5.570,9.099,,0,nearest_robot=robot2
235.000,original,-,robot2,MIN_DISTANCE,OK,5.570,9.099,,0,nearest_robot=robot1
235.000,original,-,robot3,MIN_DISTANCE,OK,7.472,9.099,,0,nearest_robot=robot1
235.000,original,-,robot4,MIN_DISTANCE,OK,17.782,9.099,,0,nearest_robot=robot2
235.000,original,-,fleet,MIN_DISTANCE_AVG,OK,9.099,,,0,robots_sampled=4
236.000,original,-,robot1,MIN_DISTANCE,OK,4.978,8.892,,0,nearest_robot=robot2
236.000,original,-,robot2,MIN_DISTANCE,OK,4.978,8.892,,0,nearest_robot=robot1
236.000,original,-,robot3,MIN_DISTANCE,OK,7.771,8.892,,0,nearest_robot=robot1
236.000,original,-,robot4,MIN_DISTANCE,OK,17.840,8.892,,0,nearest_robot=robot2
236.000,original,-,fleet,MIN_DISTANCE_AVG,OK,8.892,,,0,robots_sampled=4
237.000,original,-,robot1,MIN_DISTANCE,OK,4.362,8.652,,0,nearest_robot=robot2
237.000,original,-,robot2,MIN_DISTANCE,OK,4.362,8.652,,0,nearest_robot=robot1
237.000,original,-,robot3,MIN_DISTANCE,OK,8.002,8.652,,0,nearest_robot=robot1
237.000,original,-,robot4,MIN_DISTANCE,OK,17.883,8.652,,0,nearest_robot=robot2
237.000,original,-,fleet,MIN_DISTANCE_AVG,OK,8.652,,,0,robots_sampled=4
238.000,original,-,robot1,MIN_DISTANCE,OK,3.788,8.427,,0,nearest_robot=robot2
238.000,original,-,robot2,MIN_DISTANCE,OK,3.788,8.427,,0,nearest_robot=robot1
238.000,original,-,robot3,MIN_DISTANCE,OK,8.248,8.427,,0,nearest_robot=robot1
238.000,original,-,robot4,MIN_DISTANCE,OK,17.882,8.427,,0,nearest_robot=robot2
238.000,original,-,fleet,MIN_DISTANCE_AVG,OK,8.427,,,0,robots_sampled=4
239.000,original,-,robot1,MIN_DISTANCE,OK,3.250,8.172,,0,nearest_robot=robot2
239.000,original,-,robot2,MIN_DISTANCE,OK,3.250,8.172,,0,nearest_robot=robot1
239.000,original,-,robot3,MIN_DISTANCE,OK,8.544,8.172,,0,nearest_robot=robot1
239.000,original,-,robot4,MIN_DISTANCE,OK,17.643,8.172,,0,nearest_robot=robot3
239.000,original,-,fleet,MIN_DISTANCE_AVG,OK,8.172,,,0,robots_sampled=4
240.000,original,-,robot1,MIN_DISTANCE,OK,2.763,7.959,,0,nearest_robot=robot2
240.000,original,-,robot2,MIN_DISTANCE,OK,2.763,7.959,,0,nearest_robot=robot1
240.000,original,-,robot3,MIN_DISTANCE,OK,8.887,7.959,,0,nearest_robot=robot1
240.000,original,-,robot4,MIN_DISTANCE,OK,17.424,7.959,,0,nearest_robot=robot3
240.000,original,-,fleet,MIN_DISTANCE_AVG,OK,7.959,,,0,robots_sampled=4
241.000,original,-,robot1,MIN_DISTANCE,OK,2.468,7.805,,0,nearest_robot=robot2
241.000,original,-,robot2,MIN_DISTANCE,OK,2.468,7.805,,0,nearest_robot=robot1
241.000,original,-,robot3,MIN_DISTANCE,OK,9.245,7.805,,0,nearest_robot=robot1
241.000,original,-,robot4,MIN_DISTANCE,OK,17.039,7.805,,0,nearest_robot=robot2
241.000,original,-,fleet,MIN_DISTANCE_AVG,OK,7.805,,,0,robots_sampled=4
242.000,original,-,robot1,MIN_DISTANCE,OK,2.218,7.673,,0,nearest_robot=robot2
242.000,original,-,robot2,MIN_DISTANCE,OK,2.218,7.673,,0,nearest_robot=robot1
242.000,original,-,robot3,MIN_DISTANCE,OK,9.633,7.673,,0,nearest_robot=robot1
242.000,original,-,robot4,MIN_DISTANCE,OK,16.623,7.673,,0,nearest_robot=robot2
242.000,original,-,fleet,MIN_DISTANCE_AVG,OK,7.673,,,0,robots_sampled=4
243.000,original,-,fleet,REPLAN_FULL,OK,,,robot1|robot2|robot3|robot4,0,original_full_optimization
243.000,original,-,robot1,MIN_DISTANCE,OK,2.069,7.615,,0,nearest_robot=robot2
243.000,original,-,robot2,MIN_DISTANCE,OK,2.069,7.615,,0,nearest_robot=robot1
243.000,original,-,robot3,MIN_DISTANCE,OK,10.064,7.615,,0,nearest_robot=robot1
243.000,original,-,robot4,MIN_DISTANCE,OK,16.259,7.615,,0,nearest_robot=robot2
243.000,original,-,fleet,MIN_DISTANCE_AVG,OK,7.615,,,0,robots_sampled=4
244.000,original,-,robot1,MIN_DISTANCE,OK,2.011,7.577,,0,nearest_robot=robot2
244.000,original,-,robot2,MIN_DISTANCE,OK,2.011,7.577,,0,nearest_robot=robot1
244.000,original,-,robot3,MIN_DISTANCE,OK,10.412,7.577,,0,nearest_robot=robot2
244.000,original,-,robot4,MIN_DISTANCE,OK,15.872,7.577,,0,nearest_robot=robot2
244.000,original,-,fleet,MIN_DISTANCE_AVG,OK,7.577,,,0,robots_sampled=4
245.000,original,-,robot1,MIN_DISTANCE,OK,2.088,7.510,,0,nearest_robot=robot2
245.000,original,-,robot2,MIN_DISTANCE,OK,2.088,7.510,,0,nearest_robot=robot1
245.000,original,-,robot3,MIN_DISTANCE,OK,10.412,7.510,,0,nearest_robot=robot2
245.000,original,-,robot4,MIN_DISTANCE,OK,15.454,7.510,,0,nearest_robot=robot2
245.000,original,-,fleet,MIN_DISTANCE_AVG,OK,7.510,,,0,robots_sampled=4
246.000,original,-,robot1,MIN_DISTANCE,OK,2.256,7.499,,0,nearest_robot=robot2
246.000,original,-,robot2,MIN_DISTANCE,OK,2.256,7.499,,0,nearest_robot=robot1
246.000,original,-,robot3,MIN_DISTANCE,OK,10.412,7.499,,0,nearest_robot=robot2
246.000,original,-,robot4,MIN_DISTANCE,OK,15.072,7.499,,0,nearest_robot=robot2
246.000,original,-,fleet,MIN_DISTANCE_AVG,OK,7.499,,,0,robots_sampled=4
247.000,original,-,robot1,MIN_DISTANCE,OK,2.209,7.384,,0,nearest_robot=robot2
247.000,original,-,robot2,MIN_DISTANCE,OK,2.209,7.384,,0,nearest_robot=robot1
247.000,original,-,robot3,MIN_DISTANCE,OK,10.412,7.384,,0,nearest_robot=robot2
247.000,original,-,robot4,MIN_DISTANCE,OK,14.704,7.384,,0,nearest_robot=robot2
247.000,original,-,fleet,MIN_DISTANCE_AVG,OK,7.384,,,0,robots_sampled=4
248.000,original,-,robot1,MIN_DISTANCE,OK,2.160,7.269,,0,nearest_robot=robot2
248.000,original,-,robot2,MIN_DISTANCE,OK,2.160,7.269,,0,nearest_robot=robot1
248.000,original,-,robot3,MIN_DISTANCE,OK,10.413,7.269,,0,nearest_robot=robot2
248.000,original,-,robot4,MIN_DISTANCE,OK,14.343,7.269,,0,nearest_robot=robot2
248.000,original,-,fleet,MIN_DISTANCE_AVG,OK,7.269,,,0,robots_sampled=4
249.000,original,-,robot1,MIN_DISTANCE,OK,2.150,7.190,,0,nearest_robot=robot2
249.000,original,-,robot2,MIN_DISTANCE,OK,2.150,7.190,,0,nearest_robot=robot1
249.000,original,-,robot3,MIN_DISTANCE,OK,10.413,7.190,,0,nearest_robot=robot2
249.000,original,-,robot4,MIN_DISTANCE,OK,14.048,7.190,,0,nearest_robot=robot2
249.000,original,-,fleet,MIN_DISTANCE_AVG,OK,7.190,,,0,robots_sampled=4
250.000,original,-,robot1,MIN_DISTANCE,OK,2.150,7.095,,0,nearest_robot=robot2
250.000,original,-,robot2,MIN_DISTANCE,OK,2.150,7.095,,0,nearest_robot=robot1
250.000,original,-,robot3,MIN_DISTANCE,OK,10.413,7.095,,0,nearest_robot=robot2
250.000,original,-,robot4,MIN_DISTANCE,OK,13.669,7.095,,0,nearest_robot=robot2
250.000,original,-,fleet,MIN_DISTANCE_AVG,OK,7.095,,,0,robots_sampled=4
250.470,original,-,fleet,CHOMP_TIME_FULL,OK,,7.474,,0,iterations=100;iterations_executed=100;source=algorithm;round_trip=7.487715
251.000,original,-,fleet,REPLAN_FULL,OK,,,robot1|robot2|robot3|robot4,0,original_full_optimization
251.000,original,-,robot1,MIN_DISTANCE,OK,2.157,7.012,,0,nearest_robot=robot2
251.000,original,-,robot2,MIN_DISTANCE,OK,2.157,7.012,,0,nearest_robot=robot1
251.000,original,-,robot3,MIN_DISTANCE,OK,10.439,7.012,,0,nearest_robot=robot2
251.000,original,-,robot4,MIN_DISTANCE,OK,13.295,7.012,,0,nearest_robot=robot2
251.000,original,-,fleet,MIN_DISTANCE_AVG,OK,7.012,,,0,robots_sampled=4
252.000,original,-,robot1,MIN_DISTANCE,OK,2.177,6.931,,0,nearest_robot=robot2
252.000,original,-,robot2,MIN_DISTANCE,OK,2.177,6.931,,0,nearest_robot=robot1
252.000,original,-,robot3,MIN_DISTANCE,OK,10.450,6.931,,0,nearest_robot=robot2
252.000,original,-,robot4,MIN_DISTANCE,OK,12.919,6.931,,0,nearest_robot=robot2
252.000,original,-,fleet,MIN_DISTANCE_AVG,OK,6.931,,,0,robots_sampled=4
253.000,original,-,robot1,MIN_DISTANCE,OK,2.397,6.820,,0,nearest_robot=robot2
253.000,original,-,robot2,MIN_DISTANCE,OK,2.397,6.820,,0,nearest_robot=robot1
253.000,original,-,robot3,MIN_DISTANCE,OK,10.166,6.820,,0,nearest_robot=robot2
253.000,original,-,robot4,MIN_DISTANCE,OK,12.318,6.820,,0,nearest_robot=robot2
253.000,original,-,fleet,MIN_DISTANCE_AVG,OK,6.820,,,0,robots_sampled=4
254.000,original,-,robot1,MIN_DISTANCE,OK,2.839,6.772,,0,nearest_robot=robot2
254.000,original,-,robot2,MIN_DISTANCE,OK,2.839,6.772,,0,nearest_robot=robot1
254.000,original,-,robot3,MIN_DISTANCE,OK,9.918,6.772,,0,nearest_robot=robot2
254.000,original,-,robot4,MIN_DISTANCE,OK,11.491,6.772,,0,nearest_robot=robot2
254.000,original,-,fleet,MIN_DISTANCE_AVG,OK,6.772,,,0,robots_sampled=4
255.000,original,-,robot1,MIN_DISTANCE,OK,3.271,6.748,,0,nearest_robot=robot2
255.000,original,-,robot2,MIN_DISTANCE,OK,3.271,6.748,,0,nearest_robot=robot1
255.000,original,-,robot3,MIN_DISTANCE,OK,9.744,6.748,,0,nearest_robot=robot2
255.000,original,-,robot4,MIN_DISTANCE,OK,10.704,6.748,,0,nearest_robot=robot2
255.000,original,-,fleet,MIN_DISTANCE_AVG,OK,6.748,,,0,robots_sampled=4
256.000,original,-,robot1,MIN_DISTANCE,OK,3.663,6.720,,0,nearest_robot=robot2
256.000,original,-,robot2,MIN_DISTANCE,OK,3.663,6.720,,0,nearest_robot=robot1
256.000,original,-,robot3,MIN_DISTANCE,OK,9.632,6.720,,0,nearest_robot=robot2
256.000,original,-,robot4,MIN_DISTANCE,OK,9.922,6.720,,0,nearest_robot=robot2
256.000,original,-,fleet,MIN_DISTANCE_AVG,OK,6.720,,,0,robots_sampled=4
257.000,original,-,robot1,MIN_DISTANCE,OK,4.073,6.704,,0,nearest_robot=robot2
257.000,original,-,robot2,MIN_DISTANCE,OK,4.073,6.704,,0,nearest_robot=robot1
257.000,original,-,robot3,MIN_DISTANCE,OK,9.576,6.704,,0,nearest_robot=robot2
257.000,original,-,robot4,MIN_DISTANCE,OK,9.094,6.704,,0,nearest_robot=robot2
257.000,original,-,fleet,MIN_DISTANCE_AVG,OK,6.704,,,0,robots_sampled=4
258.000,original,-,robot1,MIN_DISTANCE,OK,4.488,6.699,,0,nearest_robot=robot2
258.000,original,-,robot2,MIN_DISTANCE,OK,4.488,6.699,,0,nearest_robot=robot1
258.000,original,-,robot3,MIN_DISTANCE,OK,9.550,6.699,,0,nearest_robot=robot2
258.000,original,-,robot4,MIN_DISTANCE,OK,8.271,6.699,,0,nearest_robot=robot2
258.000,original,-,fleet,MIN_DISTANCE_AVG,OK,6.699,,,0,robots_sampled=4
258.490,original,-,fleet,CHOMP_TIME_FULL,OK,,7.502,,0,iterations=100;iterations_executed=100;source=algorithm;round_trip=7.515949
259.000,original,-,robot1,MIN_DISTANCE,OK,4.850,6.685,,0,nearest_robot=robot2
259.000,original,-,robot2,MIN_DISTANCE,OK,4.850,6.685,,0,nearest_robot=robot1
259.000,original,-,robot3,MIN_DISTANCE,OK,9.563,6.685,,0,nearest_robot=robot2
259.000,original,-,robot4,MIN_DISTANCE,OK,7.478,6.685,,0,nearest_robot=robot2
259.000,original,-,fleet,MIN_DISTANCE_AVG,OK,6.685,,,0,robots_sampled=4
260.000,original,-,robot1,MIN_DISTANCE,OK,5.176,6.666,,0,nearest_robot=robot2
260.000,original,-,robot2,MIN_DISTANCE,OK,5.176,6.666,,0,nearest_robot=robot1
260.000,original,-,robot3,MIN_DISTANCE,OK,9.594,6.666,,0,nearest_robot=robot2
260.000,original,-,robot4,MIN_DISTANCE,OK,6.719,6.666,,0,nearest_robot=robot2
260.000,original,-,fleet,MIN_DISTANCE_AVG,OK,6.666,,,0,robots_sampled=4
261.000,original,-,robot1,MIN_DISTANCE,OK,5.327,6.574,,0,nearest_robot=robot2
261.000,original,-,robot2,MIN_DISTANCE,OK,5.327,6.574,,0,nearest_robot=robot1
261.000,original,-,robot3,MIN_DISTANCE,OK,9.615,6.574,,0,nearest_robot=robot2
261.000,original,-,robot4,MIN_DISTANCE,OK,6.029,6.574,,0,nearest_robot=robot2
261.000,original,-,fleet,MIN_DISTANCE_AVG,OK,6.574,,,0,robots_sampled=4
262.000,original,-,robot1,MIN_DISTANCE,OK,5.308,6.433,,0,nearest_robot=robot2
262.000,original,-,robot2,MIN_DISTANCE,OK,5.308,6.433,,0,nearest_robot=robot1
262.000,original,-,robot3,MIN_DISTANCE,OK,9.640,6.433,,0,nearest_robot=robot2
262.000,original,-,robot4,MIN_DISTANCE,OK,5.476,6.433,,0,nearest_robot=robot2
262.000,original,-,fleet,MIN_DISTANCE_AVG,OK,6.433,,,0,robots_sampled=4
263.000,original,-,robot1,MIN_DISTANCE,OK,5.431,6.199,,0,nearest_robot=robot2
263.000,original,-,robot2,MIN_DISTANCE,OK,4.863,6.199,,0,nearest_robot=robot4
263.000,original,-,robot3,MIN_DISTANCE,OK,9.638,6.199,,0,nearest_robot=robot2
263.000,original,-,robot4,MIN_DISTANCE,OK,4.863,6.199,,0,nearest_robot=robot2
263.000,original,-,fleet,MIN_DISTANCE_AVG,OK,6.199,,,0,robots_sampled=4
264.000,original,-,robot1,MIN_DISTANCE,OK,5.768,5.816,,0,nearest_robot=robot2
264.000,original,-,robot2,MIN_DISTANCE,OK,4.097,5.816,,0,nearest_robot=robot4
264.000,original,-,robot3,MIN_DISTANCE,OK,9.299,5.816,,0,nearest_robot=robot1
264.000,original,-,robot4,MIN_DISTANCE,OK,4.097,5.816,,0,nearest_robot=robot2
264.000,original,-,fleet,MIN_DISTANCE_AVG,OK,5.816,,,0,robots_sampled=4
265.000,original,-,robot1,MIN_DISTANCE,OK,6.013,5.456,,0,nearest_robot=robot2
265.000,original,-,robot2,MIN_DISTANCE,OK,3.437,5.456,,0,nearest_robot=robot4
265.000,original,-,robot3,MIN_DISTANCE,OK,8.936,5.456,,0,nearest_robot=robot1
265.000,original,-,robot4,MIN_DISTANCE,OK,3.437,5.456,,0,nearest_robot=robot2
265.000,original,-,fleet,MIN_DISTANCE_AVG,OK,5.456,,,0,robots_sampled=4
266.000,original,-,robot1,MIN_DISTANCE,OK,6.049,5.182,,0,nearest_robot=robot2
266.000,original,-,robot2,MIN_DISTANCE,OK,3.043,5.182,,0,nearest_robot=robot4
266.000,original,-,robot3,MIN_DISTANCE,OK,8.594,5.182,,0,nearest_robot=robot1
266.000,original,-,robot4,MIN_DISTANCE,OK,3.043,5.182,,0,nearest_robot=robot2
266.000,original,-,fleet,MIN_DISTANCE_AVG,OK,5.182,,,0,robots_sampled=4
267.000,original,-,robot1,MIN_DISTANCE,OK,6.090,4.971,,0,nearest_robot=robot2
267.000,original,-,robot2,MIN_DISTANCE,OK,2.772,4.971,,0,nearest_robot=robot4
267.000,original,-,robot3,MIN_DISTANCE,OK,8.249,4.971,,0,nearest_robot=robot1
267.000,original,-,robot4,MIN_DISTANCE,OK,2.772,4.971,,0,nearest_robot=robot2
267.000,original,-,fleet,MIN_DISTANCE_AVG,OK,4.971,,,0,robots_sampled=4
268.000,original,-,robot1,MIN_DISTANCE,OK,6.127,4.840,,0,nearest_robot=robot2
268.000,original,-,robot2,MIN_DISTANCE,OK,2.665,4.840,,0,nearest_robot=robot4
268.000,original,-,robot3,MIN_DISTANCE,OK,7.904,4.840,,0,nearest_robot=robot1
268.000,original,-,robot4,MIN_DISTANCE,OK,2.665,4.840,,0,nearest_robot=robot2
268.000,original,-,fleet,MIN_DISTANCE_AVG,OK,4.840,,,0,robots_sampled=4
269.000,original,-,robot1,MIN_DISTANCE,OK,6.135,4.794,,0,nearest_robot=robot2
269.000,original,-,robot2,MIN_DISTANCE,OK,2.728,4.794,,0,nearest_robot=robot4
269.000,original,-,robot3,MIN_DISTANCE,OK,7.584,4.794,,0,nearest_robot=robot1
269.000,original,-,robot4,MIN_DISTANCE,OK,2.728,4.794,,0,nearest_robot=robot2
269.000,original,-,fleet,MIN_DISTANCE_AVG,OK,4.794,,,0,robots_sampled=4
270.000,original,-,robot1,MIN_DISTANCE,OK,6.169,4.818,,0,nearest_robot=robot2
270.000,original,-,robot2,MIN_DISTANCE,OK,2.920,4.818,,0,nearest_robot=robot4
270.000,original,-,robot3,MIN_DISTANCE,OK,7.262,4.818,,0,nearest_robot=robot1
270.000,original,-,robot4,MIN_DISTANCE,OK,2.920,4.818,,0,nearest_robot=robot2
270.000,original,-,fleet,MIN_DISTANCE_AVG,OK,4.818,,,0,robots_sampled=4
271.000,original,-,robot1,MIN_DISTANCE,OK,6.226,4.921,,0,nearest_robot=robot2
271.000,original,-,robot2,MIN_DISTANCE,OK,3.245,4.921,,0,nearest_robot=robot4
271.000,original,-,robot3,MIN_DISTANCE,OK,6.967,4.921,,0,nearest_robot=robot1
271.000,original,-,robot4,MIN_DISTANCE,OK,3.245,4.921,,0,nearest_robot=robot2
271.000,original,-,fleet,MIN_DISTANCE_AVG,OK,4.921,,,0,robots_sampled=4
272.000,original,-,robot1,MIN_DISTANCE,OK,6.261,5.040,,0,nearest_robot=robot2
272.000,original,-,robot2,MIN_DISTANCE,OK,3.682,5.040,,0,nearest_robot=robot4
272.000,original,-,robot3,MIN_DISTANCE,OK,6.536,5.040,,0,nearest_robot=robot2
272.000,original,-,robot4,MIN_DISTANCE,OK,3.682,5.040,,0,nearest_robot=robot2
272.000,original,-,fleet,MIN_DISTANCE_AVG,OK,5.040,,,0,robots_sampled=4
273.000,original,-,robot1,MIN_DISTANCE,OK,6.290,5.163,,0,nearest_robot=robot2
273.000,original,-,robot2,MIN_DISTANCE,OK,4.118,5.163,,0,nearest_robot=robot4
273.000,original,-,robot3,MIN_DISTANCE,OK,6.126,5.163,,0,nearest_robot=robot2
273.000,original,-,robot4,MIN_DISTANCE,OK,4.118,5.163,,0,nearest_robot=robot2
273.000,original,-,fleet,MIN_DISTANCE_AVG,OK,5.163,,,0,robots_sampled=4
274.000,original,-,robot1,MIN_DISTANCE,OK,6.200,5.237,,0,nearest_robot=robot3
274.000,original,-,robot2,MIN_DISTANCE,OK,4.504,5.237,,0,nearest_robot=robot4
274.000,original,-,robot3,MIN_DISTANCE,OK,5.739,5.237,,0,nearest_robot=robot2
274.000,original,-,robot4,MIN_DISTANCE,OK,4.504,5.237,,0,nearest_robot=robot2
274.000,original,-,fleet,MIN_DISTANCE_AVG,OK,5.237,,,0,robots_sampled=4
275.000,original,-,robot1,MIN_DISTANCE,OK,5.959,5.264,,0,nearest_robot=robot3
275.000,original,-,robot2,MIN_DISTANCE,OK,4.843,5.264,,0,nearest_robot=robot4
275.000,original,-,robot3,MIN_DISTANCE,OK,5.413,5.264,,0,nearest_robot=robot2
275.000,original,-,robot4,MIN_DISTANCE,OK,4.843,5.264,,0,nearest_robot=robot2
275.000,original,-,fleet,MIN_DISTANCE_AVG,OK,5.264,,,0,robots_sampled=4
276.000,original,-,robot1,MIN_DISTANCE,OK,5.730,5.287,,0,nearest_robot=robot3
276.000,original,-,robot2,MIN_DISTANCE,OK,5.101,5.287,,0,nearest_robot=robot4
276.000,original,-,robot3,MIN_DISTANCE,OK,5.215,5.287,,0,nearest_robot=robot2
276.000,original,-,robot4,MIN_DISTANCE,OK,5.101,5.287,,0,nearest_robot=robot2
276.000,original,-,fleet,MIN_DISTANCE_AVG,OK,5.287,,,0,robots_sampled=4
277.000,original,-,robot1,MIN_DISTANCE,OK,5.491,5.263,,0,nearest_robot=robot3
277.000,original,-,robot2,MIN_DISTANCE,OK,5.168,5.263,,0,nearest_robot=robot3
277.000,original,-,robot3,MIN_DISTANCE,OK,5.168,5.263,,0,nearest_robot=robot2
277.000,original,-,robot4,MIN_DISTANCE,OK,5.225,5.263,,0,nearest_robot=robot2
277.000,original,-,fleet,MIN_DISTANCE_AVG,OK,5.263,,,0,robots_sampled=4
278.000,original,-,robot1,MIN_DISTANCE,OK,5.256,5.229,,0,nearest_robot=robot3
278.000,original,-,robot2,MIN_DISTANCE,OK,5.145,5.229,,0,nearest_robot=robot3
278.000,original,-,robot3,MIN_DISTANCE,OK,5.145,5.229,,0,nearest_robot=robot2
278.000,original,-,robot4,MIN_DISTANCE,OK,5.369,5.229,,0,nearest_robot=robot2
278.000,original,-,fleet,MIN_DISTANCE_AVG,OK,5.229,,,0,robots_sampled=4
279.000,original,-,robot1,MIN_DISTANCE,OK,5.025,5.187,,0,nearest_robot=robot3
279.000,original,-,robot2,MIN_DISTANCE,OK,5.171,5.187,,0,nearest_robot=robot3
279.000,original,-,robot3,MIN_DISTANCE,OK,5.025,5.187,,0,nearest_robot=robot1
279.000,original,-,robot4,MIN_DISTANCE,OK,5.527,5.187,,0,nearest_robot=robot2
279.000,original,-,fleet,MIN_DISTANCE_AVG,OK,5.187,,,0,robots_sampled=4
280.000,original,-,robot1,MIN_DISTANCE,OK,4.777,5.115,,0,nearest_robot=robot3
280.000,original,-,robot2,MIN_DISTANCE,OK,5.171,5.115,,0,nearest_robot=robot3
280.000,original,-,robot3,MIN_DISTANCE,OK,4.777,5.115,,0,nearest_robot=robot1
280.000,original,-,robot4,MIN_DISTANCE,OK,5.736,5.115,,0,nearest_robot=robot2
280.000,original,-,fleet,MIN_DISTANCE_AVG,OK,5.115,,,0,robots_sampled=4
281.000,original,-,robot1,MIN_DISTANCE,OK,4.469,5.015,,0,nearest_robot=robot3
281.000,original,-,robot2,MIN_DISTANCE,OK,5.182,5.015,,0,nearest_robot=robot3
281.000,original,-,robot3,MIN_DISTANCE,OK,4.469,5.015,,0,nearest_robot=robot1
281.000,original,-,robot4,MIN_DISTANCE,OK,5.937,5.015,,0,nearest_robot=robot2
281.000,original,-,fleet,MIN_DISTANCE_AVG,OK,5.015,,,0,robots_sampled=4
282.000,original,-,robot1,MIN_DISTANCE,OK,4.090,4.880,,0,nearest_robot=robot3
282.000,original,-,robot2,MIN_DISTANCE,OK,5.187,4.880,,0,nearest_robot=robot3
282.000,original,-,robot3,MIN_DISTANCE,OK,4.090,4.880,,0,nearest_robot=robot1
282.000,original,-,robot4,MIN_DISTANCE,OK,6.154,4.880,,0,nearest_robot=robot2
282.000,original,-,fleet,MIN_DISTANCE_AVG,OK,4.880,,,0,robots_sampled=4
283.000,original,-,robot1,MIN_DISTANCE,OK,3.715,4.748,,0,nearest_robot=robot3
283.000,original,-,robot2,MIN_DISTANCE,OK,5.189,4.748,,0,nearest_robot=robot3
283.000,original,-,robot3,MIN_DISTANCE,OK,3.715,4.748,,0,nearest_robot=robot1
283.000,original,-,robot4,MIN_DISTANCE,OK,6.371,4.748,,0,nearest_robot=robot2
283.000,original,-,fleet,MIN_DISTANCE_AVG,OK,4.748,,,0,robots_sampled=4
284.000,original,-,robot1,MIN_DISTANCE,OK,3.397,4.643,,0,nearest_robot=robot3
284.000,original,-,robot2,MIN_DISTANCE,OK,5.190,4.643,,0,nearest_robot=robot3
284.000,original,-,robot3,MIN_DISTANCE,OK,3.397,4.643,,0,nearest_robot=robot1
284.000,original,-,robot4,MIN_DISTANCE,OK,6.589,4.643,,0,nearest_robot=robot2
284.000,original,-,fleet,MIN_DISTANCE_AVG,OK,4.643,,,0,robots_sampled=4
285.000,original,-,robot1,MIN_DISTANCE,OK,3.030,4.519,,0,nearest_robot=robot3
285.000,original,-,robot2,MIN_DISTANCE,OK,5.190,4.519,,0,nearest_robot=robot3
285.000,original,-,robot3,MIN_DISTANCE,OK,3.030,4.519,,0,nearest_robot=robot1
285.000,original,-,robot4,MIN_DISTANCE,OK,6.824,4.519,,0,nearest_robot=robot2
285.000,original,-,fleet,MIN_DISTANCE_AVG,OK,4.519,,,0,robots_sampled=4
286.000,original,-,fleet,REPLAN_FULL,OK,,,robot1|robot2|robot3|robot4,0,original_full_optimization
286.000,original,-,robot1,MIN_DISTANCE,OK,2.684,4.398,,0,nearest_robot=robot3
286.000,original,-,robot2,MIN_DISTANCE,OK,5.190,4.398,,0,nearest_robot=robot3
286.000,original,-,robot3,MIN_DISTANCE,OK,2.684,4.398,,0,nearest_robot=robot1
286.000,original,-,robot4,MIN_DISTANCE,OK,7.033,4.398,,0,nearest_robot=robot2
286.000,original,-,fleet,MIN_DISTANCE_AVG,OK,4.398,,,0,robots_sampled=4
287.000,original,-,robot1,MIN_DISTANCE,OK,2.332,4.269,,0,nearest_robot=robot3
287.000,original,-,robot2,MIN_DISTANCE,OK,5.190,4.269,,0,nearest_robot=robot3
287.000,original,-,robot3,MIN_DISTANCE,OK,2.332,4.269,,0,nearest_robot=robot1
287.000,original,-,robot4,MIN_DISTANCE,OK,7.222,4.269,,0,nearest_robot=robot2
287.000,original,-,fleet,MIN_DISTANCE_AVG,OK,4.269,,,0,robots_sampled=4
288.000,original,-,robot1,MIN_DISTANCE,OK,2.007,4.115,,0,nearest_robot=robot3
288.000,original,-,robot2,MIN_DISTANCE,OK,5.190,4.115,,0,nearest_robot=robot3
288.000,original,-,robot3,MIN_DISTANCE,OK,2.007,4.115,,0,nearest_robot=robot1
288.000,original,-,robot4,MIN_DISTANCE,OK,7.254,4.115,,0,nearest_robot=robot2
288.000,original,-,fleet,MIN_DISTANCE_AVG,OK,4.115,,,0,robots_sampled=4
289.000,original,-,robot1,MIN_DISTANCE,OK,1.663,3.934,,0,nearest_robot=robot3
289.000,original,-,robot2,MIN_DISTANCE,OK,5.060,3.934,,0,nearest_robot=robot1
289.000,original,-,robot3,MIN_DISTANCE,OK,1.663,3.934,,0,nearest_robot=robot1
289.000,original,-,robot4,MIN_DISTANCE,OK,7.349,3.934,,0,nearest_robot=robot2
289.000,original,-,fleet,MIN_DISTANCE_AVG,OK,3.934,,,0,robots_sampled=4
290.000,original,-,robot1,MIN_DISTANCE,OK,1.371,3.718,,0,nearest_robot=robot3
290.000,original,-,robot2,MIN_DISTANCE,OK,4.776,3.718,,0,nearest_robot=robot1
290.000,original,-,robot3,MIN_DISTANCE,OK,1.371,3.718,,0,nearest_robot=robot1
290.000,original,-,robot4,MIN_DISTANCE,OK,7.354,3.718,,0,nearest_robot=robot2
290.000,original,-,fleet,MIN_DISTANCE_AVG,OK,3.718,,,0,robots_sampled=4
291.000,original,-,robot1,MIN_DISTANCE,OK,1.183,3.565,,0,nearest_robot=robot3
291.000,original,-,robot2,MIN_DISTANCE,OK,4.541,3.565,,0,nearest_robot=robot1
291.000,original,-,robot3,MIN_DISTANCE,OK,1.183,3.565,,0,nearest_robot=robot1
291.000,original,-,robot4,MIN_DISTANCE,OK,7.354,3.565,,0,nearest_robot=robot2
291.000,original,-,fleet,MIN_DISTANCE_AVG,OK,3.565,,,0,robots_sampled=4
292.000,original,-,robot1,MIN_DISTANCE,OK,1.058,3.464,,0,nearest_robot=robot3
292.000,original,-,robot2,MIN_DISTANCE,OK,4.383,3.464,,0,nearest_robot=robot1
292.000,original,-,robot3,MIN_DISTANCE,OK,1.058,3.464,,0,nearest_robot=robot1
292.000,original,-,robot4,MIN_DISTANCE,OK,7.354,3.464,,0,nearest_robot=robot2
292.000,original,-,fleet,MIN_DISTANCE_AVG,OK,3.464,,,0,robots_sampled=4
293.000,original,-,robot1,MIN_DISTANCE,OK,1.016,3.417,,0,nearest_robot=robot3
293.000,original,-,robot2,MIN_DISTANCE,OK,4.282,3.417,,0,nearest_robot=robot1
293.000,original,-,robot3,MIN_DISTANCE,OK,1.016,3.417,,0,nearest_robot=robot1
293.000,original,-,robot4,MIN_DISTANCE,OK,7.354,3.417,,0,nearest_robot=robot2
293.000,original,-,fleet,MIN_DISTANCE_AVG,OK,3.417,,,0,robots_sampled=4
293.470,original,-,fleet,CHOMP_TIME_FULL,OK,,7.477,,0,iterations=100;iterations_executed=100;source=algorithm;round_trip=7.490761
294.000,original,-,fleet,REPLAN_FULL,OK,,,robot1|robot2|robot3|robot4,0,original_full_optimization
294.000,original,-,robot1,MIN_DISTANCE,OK,1.029,3.395,,0,nearest_robot=robot3
294.000,original,-,robot2,MIN_DISTANCE,OK,4.166,3.395,,0,nearest_robot=robot1
294.000,original,-,robot3,MIN_DISTANCE,OK,1.029,3.395,,0,nearest_robot=robot1
294.000,original,-,robot4,MIN_DISTANCE,OK,7.357,3.395,,0,nearest_robot=robot2
294.000,original,-,fleet,MIN_DISTANCE_AVG,OK,3.395,,,0,robots_sampled=4
295.000,original,-,robot1,MIN_DISTANCE,OK,1.099,3.405,,0,nearest_robot=robot3
295.000,original,-,robot2,MIN_DISTANCE,OK,4.072,3.405,,0,nearest_robot=robot1
295.000,original,-,robot3,MIN_DISTANCE,OK,1.099,3.405,,0,nearest_robot=robot1
295.000,original,-,robot4,MIN_DISTANCE,OK,7.351,3.405,,0,nearest_robot=robot2
295.000,original,-,fleet,MIN_DISTANCE_AVG,OK,3.405,,,0,robots_sampled=4
296.000,original,-,robot1,MIN_DISTANCE,OK,1.184,3.420,,0,nearest_robot=robot3
296.000,original,-,robot2,MIN_DISTANCE,OK,3.944,3.420,,0,nearest_robot=robot1
296.000,original,-,robot3,MIN_DISTANCE,OK,1.184,3.420,,0,nearest_robot=robot1
296.000,original,-,robot4,MIN_DISTANCE,OK,7.368,3.420,,0,nearest_robot=robot2
296.000,original,-,fleet,MIN_DISTANCE_AVG,OK,3.420,,,0,robots_sampled=4
297.000,original,-,robot1,MIN_DISTANCE,OK,1.294,3.434,,0,nearest_robot=robot3
297.000,original,-,robot2,MIN_DISTANCE,OK,3.858,3.434,,0,nearest_robot=robot1
297.000,original,-,robot3,MIN_DISTANCE,OK,1.294,3.434,,0,nearest_robot=robot1
297.000,original,-,robot4,MIN_DISTANCE,OK,7.288,3.434,,0,nearest_robot=robot2
297.000,original,-,fleet,MIN_DISTANCE_AVG,OK,3.434,,,0,robots_sampled=4
298.000,original,-,robot1,MIN_DISTANCE,OK,1.403,3.459,,0,nearest_robot=robot3
298.000,original,-,robot2,MIN_DISTANCE,OK,3.760,3.459,,0,nearest_robot=robot1
298.000,original,-,robot3,MIN_DISTANCE,OK,1.403,3.459,,0,nearest_robot=robot1
298.000,original,-,robot4,MIN_DISTANCE,OK,7.269,3.459,,0,nearest_robot=robot2
298.000,original,-,fleet,MIN_DISTANCE_AVG,OK,3.459,,,0,robots_sampled=4
299.000,original,-,robot1,MIN_DISTANCE,OK,1.475,3.482,,0,nearest_robot=robot3
299.000,original,-,robot2,MIN_DISTANCE,OK,3.663,3.482,,0,nearest_robot=robot1
299.000,original,-,robot3,MIN_DISTANCE,OK,1.475,3.482,,0,nearest_robot=robot1
299.000,original,-,robot4,MIN_DISTANCE,OK,7.316,3.482,,0,nearest_robot=robot2
299.000,original,-,fleet,MIN_DISTANCE_AVG,OK,3.482,,,0,robots_sampled=4
300.000,original,-,robot1,MIN_DISTANCE,OK,1.503,3.508,,0,nearest_robot=robot3
300.000,original,-,robot2,MIN_DISTANCE,OK,3.520,3.508,,0,nearest_robot=robot1
300.000,original,-,robot3,MIN_DISTANCE,OK,1.503,3.508,,0,nearest_robot=robot1
300.000,original,-,robot4,MIN_DISTANCE,OK,7.507,3.508,,0,nearest_robot=robot2
300.000,original,-,fleet,MIN_DISTANCE_AVG,OK,3.508,,,0,robots_sampled=4
301.000,original,-,robot1,MIN_DISTANCE,OK,1.499,3.535,,0,nearest_robot=robot3
301.000,original,-,robot2,MIN_DISTANCE,OK,3.226,3.535,,0,nearest_robot=robot1
301.000,original,-,robot3,MIN_DISTANCE,OK,1.499,3.535,,0,nearest_robot=robot1
301.000,original,-,robot4,MIN_DISTANCE,OK,7.917,3.535,,0,nearest_robot=robot2
301.000,original,-,fleet,MIN_DISTANCE_AVG,OK,3.535,,,0,robots_sampled=4
301.360,original,-,fleet,CHOMP_TIME_FULL,OK,,7.361,,0,iterations=100;iterations_executed=100;source=algorithm;round_trip=7.374503
302.000,original,-,robot1,MIN_DISTANCE,OK,1.480,3.561,,0,nearest_robot=robot3
302.000,original,-,robot2,MIN_DISTANCE,OK,2.938,3.561,,0,nearest_robot=robot1
302.000,original,-,robot3,MIN_DISTANCE,OK,1.480,3.561,,0,nearest_robot=robot1
302.000,original,-,robot4,MIN_DISTANCE,OK,8.345,3.561,,0,nearest_robot=robot2
302.000,original,-,fleet,MIN_DISTANCE_AVG,OK,3.561,,,0,robots_sampled=4
303.000,original,-,robot1,MIN_DISTANCE,OK,1.474,3.567,,0,nearest_robot=robot3
303.000,original,-,robot2,MIN_DISTANCE,OK,2.569,3.567,,0,nearest_robot=robot1
303.000,original,-,robot3,MIN_DISTANCE,OK,1.474,3.567,,0,nearest_robot=robot1
303.000,original,-,robot4,MIN_DISTANCE,OK,8.750,3.567,,0,nearest_robot=robot2
303.000,original,-,fleet,MIN_DISTANCE_AVG,OK,3.567,,,0,robots_sampled=4
304.000,original,-,fleet,REPLAN_FULL,OK,,,robot1|robot2|robot3|robot4,0,original_full_optimization
304.000,original,-,robot1,MIN_DISTANCE,OK,1.473,3.504,,0,nearest_robot=robot3
304.000,original,-,robot2,MIN_DISTANCE,OK,2.204,3.504,,0,nearest_robot=robot1
304.000,original,-,robot3,MIN_DISTANCE,OK,1.473,3.504,,0,nearest_robot=robot1
304.000,original,-,robot4,MIN_DISTANCE,OK,8.867,3.504,,0,nearest_robot=robot2
304.000,original,-,fleet,MIN_DISTANCE_AVG,OK,3.504,,,0,robots_sampled=4
305.000,original,-,robot1,MIN_DISTANCE,OK,1.473,3.427,,0,nearest_robot=robot3
305.000,original,-,robot2,MIN_DISTANCE,OK,1.834,3.427,,0,nearest_robot=robot1
305.000,original,-,robot3,MIN_DISTANCE,OK,1.473,3.427,,0,nearest_robot=robot1
305.000,original,-,robot4,MIN_DISTANCE,OK,8.928,3.427,,0,nearest_robot=robot2
305.000,original,-,fleet,MIN_DISTANCE_AVG,OK,3.427,,,0,robots_sampled=4
306.000,original,-,robot1,MIN_DISTANCE,OK,1.465,3.349,,0,nearest_robot=robot2
306.000,original,-,robot2,MIN_DISTANCE,OK,1.465,3.349,,0,nearest_robot=robot1
306.000,original,-,robot3,MIN_DISTANCE,OK,1.474,3.349,,0,nearest_robot=robot1
306.000,original,-,robot4,MIN_DISTANCE,OK,8.994,3.349,,0,nearest_robot=robot2
306.000,original,-,fleet,MIN_DISTANCE_AVG,OK,3.349,,,0,robots_sampled=4
307.000,original,-,robot1,MIN_DISTANCE,OK,1.101,3.201,,0,nearest_robot=robot2
307.000,original,-,robot2,MIN_DISTANCE,OK,1.101,3.201,,0,nearest_robot=robot1
307.000,original,-,robot3,MIN_DISTANCE,OK,1.475,3.201,,0,nearest_robot=robot1
307.000,original,-,robot4,MIN_DISTANCE,OK,9.129,3.201,,0,nearest_robot=robot2
307.000,original,-,fleet,MIN_DISTANCE_AVG,OK,3.201,,,0,robots_sampled=4
308.000,original,-,robot1,MIN_DISTANCE,OK,0.833,3.091,,0,nearest_robot=robot2
308.000,original,-,robot2,MIN_DISTANCE,OK,0.833,3.091,,0,nearest_robot=robot1
308.000,original,-,robot3,MIN_DISTANCE,OK,1.476,3.091,,0,nearest_robot=robot1
308.000,original,-,robot4,MIN_DISTANCE,OK,9.223,3.091,,0,nearest_robot=robot2
308.000,original,-,fleet,MIN_DISTANCE_AVG,OK,3.091,,,0,robots_sampled=4
309.000,original,-,robot1,MIN_DISTANCE,OK,0.573,2.998,,0,nearest_robot=robot2
309.000,original,-,robot2,MIN_DISTANCE,OK,0.573,2.998,,0,nearest_robot=robot1
309.000,original,-,robot3,MIN_DISTANCE,OK,1.477,2.998,,0,nearest_robot=robot1
309.000,original,-,robot4,MIN_DISTANCE,OK,9.369,2.998,,0,nearest_robot=robot2
309.000,original,-,fleet,MIN_DISTANCE_AVG,OK,2.998,,,0,robots_sampled=4
310.000,original,-,robot1,MIN_DISTANCE,OK,0.462,2.960,,0,nearest_robot=robot2
310.000,original,-,robot2,MIN_DISTANCE,OK,0.462,2.960,,0,nearest_robot=robot1
310.000,original,-,robot3,MIN_DISTANCE,OK,1.477,2.960,,0,nearest_robot=robot1
310.000,original,-,robot4,MIN_DISTANCE,OK,9.440,2.960,,0,nearest_robot=robot2
310.000,original,-,fleet,MIN_DISTANCE_AVG,OK,2.960,,,0,robots_sampled=4
311.000,original,-,robot1,MIN_DISTANCE,OK,0.424,2.955,,0,nearest_robot=robot2
311.000,original,-,robot2,MIN_DISTANCE,OK,0.424,2.955,,0,nearest_robot=robot1
311.000,original,-,robot3,MIN_DISTANCE,OK,1.478,2.955,,0,nearest_robot=robot1
311.000,original,-,robot4,MIN_DISTANCE,OK,9.494,2.955,,0,nearest_robot=robot2
311.000,original,-,fleet,MIN_DISTANCE_AVG,OK,2.955,,,0,robots_sampled=4
311.510,original,-,fleet,CHOMP_TIME_FULL,OK,,7.522,,0,iterations=100;iterations_executed=100;source=algorithm;round_trip=7.536439
312.000,original,-,robot1,MIN_DISTANCE,OK,0.451,2.974,,0,nearest_robot=robot2
312.000,original,-,robot2,MIN_DISTANCE,OK,0.451,2.974,,0,nearest_robot=robot1
312.000,original,-,robot3,MIN_DISTANCE,OK,1.474,2.974,,0,nearest_robot=robot1
312.000,original,-,robot4,MIN_DISTANCE,OK,9.520,2.974,,0,nearest_robot=robot2
312.000,original,-,fleet,MIN_DISTANCE_AVG,OK,2.974,,,0,robots_sampled=4
312.500,original,-,fleet,REPLAN_FULL,OK,,,robot1|robot2|robot3|robot4,0,original_full_optimization
313.000,original,-,robot1,MIN_DISTANCE,OK,0.415,2.968,,0,nearest_robot=robot2
313.000,original,-,robot2,MIN_DISTANCE,OK,0.415,2.968,,0,nearest_robot=robot1
313.000,original,-,robot3,MIN_DISTANCE,OK,1.474,2.968,,0,nearest_robot=robot1
313.000,original,-,robot4,MIN_DISTANCE,OK,9.567,2.968,,0,nearest_robot=robot2
313.000,original,-,fleet,MIN_DISTANCE_AVG,OK,2.968,,,0,robots_sampled=4
314.000,original,-,robot1,MIN_DISTANCE,OK,0.388,2.965,,0,nearest_robot=robot2
314.000,original,-,robot2,MIN_DISTANCE,OK,0.388,2.965,,0,nearest_robot=robot1
314.000,original,-,robot3,MIN_DISTANCE,OK,1.474,2.965,,0,nearest_robot=robot1
314.000,original,-,robot4,MIN_DISTANCE,OK,9.608,2.965,,0,nearest_robot=robot2
314.000,original,-,fleet,MIN_DISTANCE_AVG,OK,2.965,,,0,robots_sampled=4
315.000,original,-,robot1,MIN_DISTANCE,OK,0.383,2.963,,0,nearest_robot=robot2
315.000,original,-,robot2,MIN_DISTANCE,OK,0.383,2.963,,0,nearest_robot=robot1
315.000,original,-,robot3,MIN_DISTANCE,OK,1.474,2.963,,0,nearest_robot=robot1
315.000,original,-,robot4,MIN_DISTANCE,OK,9.611,2.963,,0,nearest_robot=robot2
315.000,original,-,fleet,MIN_DISTANCE_AVG,OK,2.963,,,0,robots_sampled=4
316.000,original,-,robot1,MIN_DISTANCE,OK,0.382,2.966,,0,nearest_robot=robot2
316.000,original,-,robot2,MIN_DISTANCE,OK,0.382,2.966,,0,nearest_robot=robot1
316.000,original,-,robot3,MIN_DISTANCE,OK,1.474,2.966,,0,nearest_robot=robot1
316.000,original,-,robot4,MIN_DISTANCE,OK,9.625,2.966,,0,nearest_robot=robot2
316.000,original,-,fleet,MIN_DISTANCE_AVG,OK,2.966,,,0,robots_sampled=4
317.000,original,-,robot1,MIN_DISTANCE,OK,0.382,2.972,,0,nearest_robot=robot2
317.000,original,-,robot2,MIN_DISTANCE,OK,0.382,2.972,,0,nearest_robot=robot1
317.000,original,-,robot3,MIN_DISTANCE,OK,1.474,2.972,,0,nearest_robot=robot1
317.000,original,-,robot4,MIN_DISTANCE,OK,9.650,2.972,,0,nearest_robot=robot2
317.000,original,-,fleet,MIN_DISTANCE_AVG,OK,2.972,,,0,robots_sampled=4
318.000,original,-,robot1,MIN_DISTANCE,OK,0.382,2.982,,0,nearest_robot=robot2
318.000,original,-,robot2,MIN_DISTANCE,OK,0.382,2.982,,0,nearest_robot=robot1
318.000,original,-,robot3,MIN_DISTANCE,OK,1.474,2.982,,0,nearest_robot=robot1
318.000,original,-,robot4,MIN_DISTANCE,OK,9.690,2.982,,0,nearest_robot=robot2
318.000,original,-,fleet,MIN_DISTANCE_AVG,OK,2.982,,,0,robots_sampled=4
319.000,original,-,robot1,MIN_DISTANCE,OK,0.382,2.996,,0,nearest_robot=robot2
319.000,original,-,robot2,MIN_DISTANCE,OK,0.382,2.996,,0,nearest_robot=robot1
319.000,original,-,robot3,MIN_DISTANCE,OK,1.474,2.996,,0,nearest_robot=robot1
319.000,original,-,robot4,MIN_DISTANCE,OK,9.744,2.996,,0,nearest_robot=robot2
319.000,original,-,fleet,MIN_DISTANCE_AVG,OK,2.996,,,0,robots_sampled=4
319.990,original,-,fleet,CHOMP_TIME_FULL,OK,,7.496,,0,iterations=100;iterations_executed=100;source=algorithm;round_trip=7.508276
320.000,original,-,robot1,MIN_DISTANCE,OK,0.382,3.015,,0,nearest_robot=robot2
320.000,original,-,robot2,MIN_DISTANCE,OK,0.382,3.015,,0,nearest_robot=robot1
320.000,original,-,robot3,MIN_DISTANCE,OK,1.474,3.015,,0,nearest_robot=robot1
320.000,original,-,robot4,MIN_DISTANCE,OK,9.823,3.015,,0,nearest_robot=robot2
320.000,original,-,fleet,MIN_DISTANCE_AVG,OK,3.015,,,0,robots_sampled=4
320.500,original,-,fleet,REPLAN_FULL,OK,,,robot1|robot2|robot3|robot4,0,original_full_optimization
321.000,original,-,robot1,MIN_DISTANCE,OK,0.497,3.094,,0,nearest_robot=robot2
321.000,original,-,robot2,MIN_DISTANCE,OK,0.497,3.094,,0,nearest_robot=robot1
321.000,original,-,robot3,MIN_DISTANCE,OK,1.482,3.094,,0,nearest_robot=robot1
321.000,original,-,robot4,MIN_DISTANCE,OK,9.900,3.094,,0,nearest_robot=robot2
321.000,original,-,fleet,MIN_DISTANCE_AVG,OK,3.094,,,0,robots_sampled=4
322.000,original,-,robot1,MIN_DISTANCE,OK,0.556,3.144,,0,nearest_robot=robot2
322.000,original,-,robot2,MIN_DISTANCE,OK,0.556,3.144,,0,nearest_robot=robot1
322.000,original,-,robot3,MIN_DISTANCE,OK,1.498,3.144,,0,nearest_robot=robot2
322.000,original,-,robot4,MIN_DISTANCE,OK,9.967,3.144,,0,nearest_robot=robot2
322.000,original,-,fleet,MIN_DISTANCE_AVG,OK,3.144,,,0,robots_sampled=4
323.000,original,-,robot1,MIN_DISTANCE,OK,0.751,3.261,,0,nearest_robot=robot2
323.000,original,-,robot2,MIN_DISTANCE,OK,0.751,3.261,,0,nearest_robot=robot1
323.000,original,-,robot3,MIN_DISTANCE,OK,1.498,3.261,,0,nearest_robot=robot2
323.000,original,-,robot4,MIN_DISTANCE,OK,10.046,3.261,,0,nearest_robot=robot2
323.000,original,-,fleet,MIN_DISTANCE_AVG,OK,3.261,,,0,robots_sampled=4
324.000,original,-,robot1,MIN_DISTANCE,OK,1.002,3.410,,0,nearest_robot=robot2
324.000,original,-,robot2,MIN_DISTANCE,OK,1.002,3.410,,0,nearest_robot=robot1
324.000,original,-,robot3,MIN_DISTANCE,OK,1.498,3.410,,0,nearest_robot=robot2
324.000,original,-,robot4,MIN_DISTANCE,OK,10.141,3.410,,0,nearest_robot=robot2
324.000,original,-,fleet,MIN_DISTANCE_AVG,OK,3.410,,,0,robots_sampled=4
325.000,original,-,robot1,MIN_DISTANCE,OK,1.298,3.558,,0,nearest_robot=robot2
325.000,original,-,robot2,MIN_DISTANCE,OK,1.298,3.558,,0,nearest_robot=robot1
325.000,original,-,robot3,MIN_DISTANCE,OK,1.497,3.558,,0,nearest_robot=robot2
325.000,original,-,robot4,MIN_DISTANCE,OK,10.138,3.558,,0,nearest_robot=robot1
325.000,original,-,fleet,MIN_DISTANCE_AVG,OK,3.558,,,0,robots_sampled=4
326.000,original,-,robot1,MIN_DISTANCE,OK,1.645,3.656,,0,nearest_robot=robot2
326.000,original,-,robot2,MIN_DISTANCE,OK,1.497,3.656,,0,nearest_robot=robot3
326.000,original,-,robot3,MIN_DISTANCE,OK,1.497,3.656,,0,nearest_robot=robot2
326.000,original,-,robot4,MIN_DISTANCE,OK,9.984,3.656,,0,nearest_robot=robot1
326.000,original,-,fleet,MIN_DISTANCE_AVG,OK,3.656,,,0,robots_sampled=4
327.000,original,-,robot1,MIN_DISTANCE,OK,2.003,3.726,,0,nearest_robot=robot2
327.000,original,-,robot2,MIN_DISTANCE,OK,1.497,3.726,,0,nearest_robot=robot3
327.000,original,-,robot3,MIN_DISTANCE,OK,1.497,3.726,,0,nearest_robot=robot2
327.000,original,-,robot4,MIN_DISTANCE,OK,9.907,3.726,,0,nearest_robot=robot1
327.000,original,-,fleet,MIN_DISTANCE_AVG,OK,3.726,,,0,robots_sampled=4
328.000,original,-,robot1,MIN_DISTANCE,OK,2.369,3.806,,0,nearest_robot=robot2
328.000,original,-,robot2,MIN_DISTANCE,OK,1.497,3.806,,0,nearest_robot=robot3
328.000,original,-,robot3,MIN_DISTANCE,OK,1.497,3.806,,0,nearest_robot=robot2
328.000,original,-,robot4,MIN_DISTANCE,OK,9.861,3.806,,0,nearest_robot=robot1
328.000,original,-,fleet,MIN_DISTANCE_AVG,OK,3.806,,,0,robots_sampled=4
328.150,original,-,fleet,CHOMP_TIME_FULL,OK,,7.668,,0,iterations=100;iterations_executed=100;source=algorithm;round_trip=7.679455
329.000,original,-,robot1,MIN_DISTANCE,OK,2.725,3.873,,0,nearest_robot=robot2
329.000,original,-,robot2,MIN_DISTANCE,OK,1.477,3.873,,0,nearest_robot=robot3
329.000,original,-,robot3,MIN_DISTANCE,OK,1.477,3.873,,0,nearest_robot=robot2
329.000,original,-,robot4,MIN_DISTANCE,OK,9.816,3.873,,0,nearest_robot=robot1
329.000,original,-,fleet,MIN_DISTANCE_AVG,OK,3.873,,,0,robots_sampled=4
330.000,original,-,robot1,MIN_DISTANCE,OK,3.083,3.942,,0,nearest_robot=robot2
330.000,original,-,robot2,MIN_DISTANCE,OK,1.459,3.942,,0,nearest_robot=robot3
330.000,original,-,robot3,MIN_DISTANCE,OK,1.459,3.942,,0,nearest_robot=robot2
330.000,original,-,robot4,MIN_DISTANCE,OK,9.767,3.942,,0,nearest_robot=robot1
330.000,original,-,fleet,MIN_DISTANCE_AVG,OK,3.942,,,0,robots_sampled=4
331.000,original,-,robot1,MIN_DISTANCE,OK,3.427,4.021,,0,nearest_robot=robot2
331.000,original,-,robot2,MIN_DISTANCE,OK,1.457,4.021,,0,nearest_robot=robot3
331.000,original,-,robot3,MIN_DISTANCE,OK,1.457,4.021,,0,nearest_robot=robot2
331.000,original,-,robot4,MIN_DISTANCE,OK,9.743,4.021,,0,nearest_robot=robot1
331.000,original,-,fleet,MIN_DISTANCE_AVG,OK,4.021,,,0,robots_sampled=4
332.000,original,-,robot1,MIN_DISTANCE,OK,3.749,4.103,,0,nearest_robot=robot2
332.000,original,-,robot2,MIN_DISTANCE,OK,1.458,4.103,,0,nearest_robot=robot3
332.000,original,-,robot3,MIN_DISTANCE,OK,1.458,4.103,,0,nearest_robot=robot2
332.000,original,-,robot4,MIN_DISTANCE,OK,9.748,4.103,,0,nearest_robot=robot1
332.000,original,-,fleet,MIN_DISTANCE_AVG,OK,4.103,,,0,robots_sampled=4
333.000,original,-,robot1,MIN_DISTANCE,OK,4.000,4.172,,0,nearest_robot=robot2
333.000,original,-,robot2,MIN_DISTANCE,OK,1.458,4.172,,0,nearest_robot=robot3
333.000,original,-,robot3,MIN_DISTANCE,OK,1.458,4.172,,0,nearest_robot=robot2
333.000,original,-,robot4,MIN_DISTANCE,OK,9.770,4.172,,0,nearest_robot=robot1
333.000,original,-,fleet,MIN_DISTANCE_AVG,OK,4.172,,,0,robots_sampled=4
334.000,original,-,robot1,MIN_DISTANCE,OK,4.320,4.256,,0,nearest_robot=robot2
334.000,original,-,robot2,MIN_DISTANCE,OK,1.451,4.256,,0,nearest_robot=robot3
334.000,original,-,robot3,MIN_DISTANCE,OK,1.451,4.256,,0,nearest_robot=robot2
334.000,original,-,robot4,MIN_DISTANCE,OK,9.800,4.256,,0,nearest_robot=robot1
334.000,original,-,fleet,MIN_DISTANCE_AVG,OK,4.256,,,0,robots_sampled=4
335.000,original,-,robot1,MIN_DISTANCE,OK,4.626,4.338,,0,nearest_robot=robot2
335.000,original,-,robot2,MIN_DISTANCE,OK,1.452,4.338,,0,nearest_robot=robot3
335.000,original,-,robot3,MIN_DISTANCE,OK,1.452,4.338,,0,nearest_robot=robot2
335.000,original,-,robot4,MIN_DISTANCE,OK,9.821,4.338,,0,nearest_robot=robot1
335.000,original,-,fleet,MIN_DISTANCE_AVG,OK,4.338,,,0,robots_sampled=4
336.000,original,-,robot1,MIN_DISTANCE,OK,4.957,4.433,,0,nearest_robot=robot2
336.000,original,-,robot2,MIN_DISTANCE,OK,1.452,4.433,,0,nearest_robot=robot3
336.000,original,-,robot3,MIN_DISTANCE,OK,1.452,4.433,,0,nearest_robot=robot2
336.000,original,-,robot4,MIN_DISTANCE,OK,9.871,4.433,,0,nearest_robot=robot1
336.000,original,-,fleet,MIN_DISTANCE_AVG,OK,4.433,,,0,robots_sampled=4
337.000,original,-,robot1,MIN_DISTANCE,OK,5.312,4.537,,0,nearest_robot=robot2
337.000,original,-,robot2,MIN_DISTANCE,OK,1.453,4.537,,0,nearest_robot=robot3
337.000,original,-,robot3,MIN_DISTANCE,OK,1.453,4.537,,0,nearest_robot=robot2
337.000,original,-,robot4,MIN_DISTANCE,OK,9.932,4.537,,0,nearest_robot=robot1
337.000,original,-,fleet,MIN_DISTANCE_AVG,OK,4.537,,,0,robots_sampled=4
338.000,original,-,robot1,MIN_DISTANCE,OK,5.720,4.669,,0,nearest_robot=robot2
338.000,original,-,robot2,MIN_DISTANCE,OK,1.453,4.669,,0,nearest_robot=robot3
338.000,original,-,robot3,MIN_DISTANCE,OK,1.453,4.669,,0,nearest_robot=robot2
338.000,original,-,robot4,MIN_DISTANCE,OK,10.049,4.669,,0,nearest_robot=robot1
338.000,original,-,fleet,MIN_DISTANCE_AVG,OK,4.669,,,0,robots_sampled=4
