timestamp,run_id,task_id,robot_id,event,status,allocation_cost,duration,path,collision_flag,message
25.000,ours,-,robot1,MIN_DISTANCE,OK,25.251,25.251,,0,nearest_robot=robot3
25.000,ours,-,robot3,MIN_DISTANCE,OK,25.251,25.251,,0,nearest_robot=robot1
25.000,ours,-,fleet,MIN_DISTANCE_AVG,OK,25.251,,,0,robots_sampled=2
26.000,ours,-,robot1,MIN_DISTANCE,OK,12.416,10.587,,0,nearest_robot=robot6
26.000,ours,-,robot2,MIN_DISTANCE,OK,12.510,10.587,,0,nearest_robot=robot1
26.000,ours,-,robot3,MIN_DISTANCE,OK,6.490,10.587,,0,nearest_robot=robot4
26.000,ours,-,robot4,MIN_DISTANCE,OK,6.490,10.587,,0,nearest_robot=robot3
26.000,ours,-,robot5,MIN_DISTANCE,OK,13.200,10.587,,0,nearest_robot=robot4
26.000,ours,-,robot6,MIN_DISTANCE,OK,12.416,10.587,,0,nearest_robot=robot1
26.000,ours,-,fleet,MIN_DISTANCE_AVG,OK,10.587,,,0,robots_sampled=6
27.000,ours,-,robot1,MIN_DISTANCE,OK,12.416,10.587,,0,nearest_robot=robot6
27.000,ours,-,robot2,MIN_DISTANCE,OK,12.510,10.587,,0,nearest_robot=robot1
27.000,ours,-,robot3,MIN_DISTANCE,OK,6.490,10.587,,0,nearest_robot=robot4
27.000,ours,-,robot4,MIN_DISTANCE,OK,6.490,10.587,,0,nearest_robot=robot3
27.000,ours,-,robot5,MIN_DISTANCE,OK,13.200,10.587,,0,nearest_robot=robot4
27.000,ours,-,robot6,MIN_DISTANCE,OK,12.416,10.587,,0,nearest_robot=robot1
27.000,ours,-,fleet,MIN_DISTANCE_AVG,OK,10.587,,,0,robots_sampled=6
28.000,ours,-,robot1,MIN_DISTANCE,OK,12.416,10.587,,0,nearest_robot=robot6
28.000,ours,-,robot2,MIN_DISTANCE,OK,12.510,10.587,,0,nearest_robot=robot1
28.000,ours,-,robot3,MIN_DISTANCE,OK,6.490,10.587,,0,nearest_robot=robot4
28.000,ours,-,robot4,MIN_DISTANCE,OK,6.490,10.587,,0,nearest_robot=robot3
28.000,ours,-,robot5,MIN_DISTANCE,OK,13.200,10.587,,0,nearest_robot=robot4
28.000,ours,-,robot6,MIN_DISTANCE,OK,12.416,10.587,,0,nearest_robot=robot1
28.000,ours,-,fleet,MIN_DISTANCE_AVG,OK,10.587,,,0,robots_sampled=6
29.000,ours,-,robot1,MIN_DISTANCE,OK,12.416,10.587,,0,nearest_robot=robot6
29.000,ours,-,robot2,MIN_DISTANCE,OK,12.510,10.587,,0,nearest_robot=robot1
29.000,ours,-,robot3,MIN_DISTANCE,OK,6.490,10.587,,0,nearest_robot=robot4
29.000,ours,-,robot4,MIN_DISTANCE,OK,6.490,10.587,,0,nearest_robot=robot3
29.000,ours,-,robot5,MIN_DISTANCE,OK,13.200,10.587,,0,nearest_robot=robot4
29.000,ours,-,robot6,MIN_DISTANCE,OK,12.416,10.587,,0,nearest_robot=robot1
29.000,ours,-,fleet,MIN_DISTANCE_AVG,OK,10.587,,,0,robots_sampled=6
30.000,ours,-,robot1,MIN_DISTANCE,OK,12.416,10.587,,0,nearest_robot=robot6
30.000,ours,-,robot2,MIN_DISTANCE,OK,12.510,10.587,,0,nearest_robot=robot1
30.000,ours,-,robot3,MIN_DISTANCE,OK,6.490,10.587,,0,nearest_robot=robot4
30.000,ours,-,robot4,MIN_DISTANCE,OK,6.490,10.587,,0,nearest_robot=robot3
30.000,ours,-,robot5,MIN_DISTANCE,OK,13.200,10.587,,0,nearest_robot=robot4
30.000,ours,-,robot6,MIN_DISTANCE,OK,12.416,10.587,,0,nearest_robot=robot1
30.000,ours,-,fleet,MIN_DISTANCE_AVG,OK,10.587,,,0,robots_sampled=6
31.000,ours,-,robot1,MIN_DISTANCE,OK,12.416,10.587,,0,nearest_robot=robot6
31.000,ours,-,robot2,MIN_DISTANCE,OK,12.510,10.587,,0,nearest_robot=robot1
31.000,ours,-,robot3,MIN_DISTANCE,OK,6.490,10.587,,0,nearest_robot=robot4
31.000,ours,-,robot4,MIN_DISTANCE,OK,6.490,10.587,,0,nearest_robot=robot3
31.000,ours,-,robot5,MIN_DISTANCE,OK,13.200,10.587,,0,nearest_robot=robot4
31.000,ours,-,robot6,MIN_DISTANCE,OK,12.416,10.587,,0,nearest_robot=robot1
31.000,ours,-,fleet,MIN_DISTANCE_AVG,OK,10.587,,,0,robots_sampled=6
32.000,ours,-,robot1,MIN_DISTANCE,OK,12.416,10.587,,0,nearest_robot=robot6
32.000,ours,-,robot2,MIN_DISTANCE,OK,12.510,10.587,,0,nearest_robot=robot1
32.000,ours,-,robot3,MIN_DISTANCE,OK,6.490,10.587,,0,nearest_robot=robot4
32.000,ours,-,robot4,MIN_DISTANCE,OK,6.490,10.587,,0,nearest_robot=robot3
32.000,ours,-,robot5,MIN_DISTANCE,OK,13.200,10.587,,0,nearest_robot=robot4
32.000,ours,-,robot6,MIN_DISTANCE,OK,12.416,10.587,,0,nearest_robot=robot1
32.000,ours,-,fleet,MIN_DISTANCE_AVG,OK,10.587,,,0,robots_sampled=6
33.000,ours,-,robot1,MIN_DISTANCE,OK,12.416,10.587,,0,nearest_robot=robot6
33.000,ours,-,robot2,MIN_DISTANCE,OK,12.510,10.587,,0,nearest_robot=robot1
33.000,ours,-,robot3,MIN_DISTANCE,OK,6.490,10.587,,0,nearest_robot=robot4
33.000,ours,-,robot4,MIN_DISTANCE,OK,6.490,10.587,,0,nearest_robot=robot3
33.000,ours,-,robot5,MIN_DISTANCE,OK,13.200,10.587,,0,nearest_robot=robot4
33.000,ours,-,robot6,MIN_DISTANCE,OK,12.416,10.587,,0,nearest_robot=robot1
33.000,ours,-,fleet,MIN_DISTANCE_AVG,OK,10.587,,,0,robots_sampled=6
34.000,ours,-,robot1,MIN_DISTANCE,OK,12.416,10.587,,0,nearest_robot=robot6
34.000,ours,-,robot2,MIN_DISTANCE,OK,12.510,10.587,,0,nearest_robot=robot1
34.000,ours,-,robot3,MIN_DISTANCE,OK,6.490,10.587,,0,nearest_robot=robot4
34.000,ours,-,robot4,MIN_DISTANCE,OK,6.490,10.587,,0,nearest_robot=robot3
34.000,ours,-,robot5,MIN_DISTANCE,OK,13.200,10.587,,0,nearest_robot=robot4
34.000,ours,-,robot6,MIN_DISTANCE,OK,12.416,10.587,,0,nearest_robot=robot1
34.000,ours,-,fleet,MIN_DISTANCE_AVG,OK,10.587,,,0,robots_sampled=6
35.000,ours,-,robot1,MIN_DISTANCE,OK,12.416,10.587,,0,nearest_robot=robot6
35.000,ours,-,robot2,MIN_DISTANCE,OK,12.510,10.587,,0,nearest_robot=robot1
35.000,ours,-,robot3,MIN_DISTANCE,OK,6.490,10.587,,0,nearest_robot=robot4
35.000,ours,-,robot4,MIN_DISTANCE,OK,6.490,10.587,,0,nearest_robot=robot3
35.000,ours,-,robot5,MIN_DISTANCE,OK,13.200,10.587,,0,nearest_robot=robot4
35.000,ours,-,robot6,MIN_DISTANCE,OK,12.416,10.587,,0,nearest_robot=robot1
35.000,ours,-,fleet,MIN_DISTANCE_AVG,OK,10.587,,,0,robots_sampled=6
36.000,ours,-,robot1,MIN_DISTANCE,OK,12.416,10.587,,0,nearest_robot=robot6
36.000,ours,-,robot2,MIN_DISTANCE,OK,12.510,10.587,,0,nearest_robot=robot1
36.000,ours,-,robot3,MIN_DISTANCE,OK,6.490,10.587,,0,nearest_robot=robot4
36.000,ours,-,robot4,MIN_DISTANCE,OK,6.490,10.587,,0,nearest_robot=robot3
36.000,ours,-,robot5,MIN_DISTANCE,OK,13.200,10.587,,0,nearest_robot=robot4
36.000,ours,-,robot6,MIN_DISTANCE,OK,12.416,10.587,,0,nearest_robot=robot1
36.000,ours,-,fleet,MIN_DISTANCE_AVG,OK,10.587,,,0,robots_sampled=6
37.000,ours,-,robot1,MIN_DISTANCE,OK,12.416,10.587,,0,nearest_robot=robot6
37.000,ours,-,robot2,MIN_DISTANCE,OK,12.510,10.587,,0,nearest_robot=robot1
37.000,ours,-,robot3,MIN_DISTANCE,OK,6.490,10.587,,0,nearest_robot=robot4
37.000,ours,-,robot4,MIN_DISTANCE,OK,6.490,10.587,,0,nearest_robot=robot3
37.000,ours,-,robot5,MIN_DISTANCE,OK,13.200,10.587,,0,nearest_robot=robot4
37.000,ours,-,robot6,MIN_DISTANCE,OK,12.416,10.587,,0,nearest_robot=robot1
37.000,ours,-,fleet,MIN_DISTANCE_AVG,OK,10.587,,,0,robots_sampled=6
38.000,ours,-,robot1,MIN_DISTANCE,OK,12.416,10.587,,0,nearest_robot=robot6
38.000,ours,-,robot2,MIN_DISTANCE,OK,12.510,10.587,,0,nearest_robot=robot1
38.000,ours,-,robot3,MIN_DISTANCE,OK,6.490,10.587,,0,nearest_robot=robot4
38.000,ours,-,robot4,MIN_DISTANCE,OK,6.490,10.587,,0,nearest_robot=robot3
38.000,ours,-,robot5,MIN_DISTANCE,OK,13.200,10.587,,0,nearest_robot=robot4
38.000,ours,-,robot6,MIN_DISTANCE,OK,12.416,10.587,,0,nearest_robot=robot1
38.000,ours,-,fleet,MIN_DISTANCE_AVG,OK,10.587,,,0,robots_sampled=6
39.000,ours,-,robot1,MIN_DISTANCE,OK,12.416,10.587,,0,nearest_robot=robot6
39.000,ours,-,robot2,MIN_DISTANCE,OK,12.510,10.587,,0,nearest_robot=robot1
39.000,ours,-,robot3,MIN_DISTANCE,OK,6.490,10.587,,0,nearest_robot=robot4
39.000,ours,-,robot4,MIN_DISTANCE,OK,6.490,10.587,,0,nearest_robot=robot3
39.000,ours,-,robot5,MIN_DISTANCE,OK,13.200,10.587,,0,nearest_robot=robot4
39.000,ours,-,robot6,MIN_DISTANCE,OK,12.416,10.587,,0,nearest_robot=robot1
39.000,ours,-,fleet,MIN_DISTANCE_AVG,OK,10.587,,,0,robots_sampled=6
40.000,ours,-,robot1,MIN_DISTANCE,OK,12.416,10.587,,0,nearest_robot=robot6
40.000,ours,-,robot2,MIN_DISTANCE,OK,12.510,10.587,,0,nearest_robot=robot1
40.000,ours,-,robot3,MIN_DISTANCE,OK,6.490,10.587,,0,nearest_robot=robot4
40.000,ours,-,robot4,MIN_DISTANCE,OK,6.490,10.587,,0,nearest_robot=robot3
40.000,ours,-,robot5,MIN_DISTANCE,OK,13.200,10.587,,0,nearest_robot=robot4
40.000,ours,-,robot6,MIN_DISTANCE,OK,12.416,10.587,,0,nearest_robot=robot1
40.000,ours,-,fleet,MIN_DISTANCE_AVG,OK,10.587,,,0,robots_sampled=6
41.000,ours,-,robot1,MIN_DISTANCE,OK,12.416,10.587,,0,nearest_robot=robot6
41.000,ours,-,robot2,MIN_DISTANCE,OK,12.510,10.587,,0,nearest_robot=robot1
41.000,ours,-,robot3,MIN_DISTANCE,OK,6.490,10.587,,0,nearest_robot=robot4
41.000,ours,-,robot4,MIN_DISTANCE,OK,6.490,10.587,,0,nearest_robot=robot3
41.000,ours,-,robot5,MIN_DISTANCE,OK,13.200,10.587,,0,nearest_robot=robot4
41.000,ours,-,robot6,MIN_DISTANCE,OK,12.416,10.587,,0,nearest_robot=robot1
41.000,ours,-,fleet,MIN_DISTANCE_AVG,OK,10.587,,,0,robots_sampled=6
42.000,ours,-,robot1,MIN_DISTANCE,OK,12.416,10.587,,0,nearest_robot=robot6
42.000,ours,-,robot2,MIN_DISTANCE,OK,12.510,10.587,,0,nearest_robot=robot1
42.000,ours,-,robot3,MIN_DISTANCE,OK,6.490,10.587,,0,nearest_robot=robot4
42.000,ours,-,robot4,MIN_DISTANCE,OK,6.490,10.587,,0,nearest_robot=robot3
42.000,ours,-,robot5,MIN_DISTANCE,OK,13.200,10.587,,0,nearest_robot=robot4
42.000,ours,-,robot6,MIN_DISTANCE,OK,12.416,10.587,,0,nearest_robot=robot1
42.000,ours,-,fleet,MIN_DISTANCE_AVG,OK,10.587,,,0,robots_sampled=6
43.000,ours,-,robot1,MIN_DISTANCE,OK,12.416,10.587,,0,nearest_robot=robot6
43.000,ours,-,robot2,MIN_DISTANCE,OK,12.510,10.587,,0,nearest_robot=robot1
43.000,ours,-,robot3,MIN_DISTANCE,OK,6.490,10.587,,0,nearest_robot=robot4
43.000,ours,-,robot4,MIN_DISTANCE,OK,6.490,10.587,,0,nearest_robot=robot3
43.000,ours,-,robot5,MIN_DISTANCE,OK,13.200,10.587,,0,nearest_robot=robot4
43.000,ours,-,robot6,MIN_DISTANCE,OK,12.416,10.587,,0,nearest_robot=robot1
43.000,ours,-,fleet,MIN_DISTANCE_AVG,OK,10.587,,,0,robots_sampled=6
44.000,ours,-,robot1,MIN_DISTANCE,OK,12.416,10.587,,0,nearest_robot=robot6
44.000,ours,-,robot2,MIN_DISTANCE,OK,12.510,10.587,,0,nearest_robot=robot1
44.000,ours,-,robot3,MIN_DISTANCE,OK,6.490,10.587,,0,nearest_robot=robot4
44.000,ours,-,robot4,MIN_DISTANCE,OK,6.490,10.587,,0,nearest_robot=robot3
44.000,ours,-,robot5,MIN_DISTANCE,OK,13.200,10.587,,0,nearest_robot=robot4
44.000,ours,-,robot6,MIN_DISTANCE,OK,12.416,10.587,,0,nearest_robot=robot1
44.000,ours,-,fleet,MIN_DISTANCE_AVG,OK,10.587,,,0,robots_sampled=6
45.000,ours,-,robot1,MIN_DISTANCE,OK,12.416,10.587,,0,nearest_robot=robot6
45.000,ours,-,robot2,MIN_DISTANCE,OK,12.510,10.587,,0,nearest_robot=robot1
45.000,ours,-,robot3,MIN_DISTANCE,OK,6.490,10.587,,0,nearest_robot=robot4
45.000,ours,-,robot4,MIN_DISTANCE,OK,6.490,10.587,,0,nearest_robot=robot3
45.000,ours,-,robot5,MIN_DISTANCE,OK,13.200,10.587,,0,nearest_robot=robot4
45.000,ours,-,robot6,MIN_DISTANCE,OK,12.416,10.587,,0,nearest_robot=robot1
45.000,ours,-,fleet,MIN_DISTANCE_AVG,OK,10.587,,,0,robots_sampled=6
46.000,ours,-,robot1,MIN_DISTANCE,OK,12.416,10.587,,0,nearest_robot=robot6
46.000,ours,-,robot2,MIN_DISTANCE,OK,12.510,10.587,,0,nearest_robot=robot1
46.000,ours,-,robot3,MIN_DISTANCE,OK,6.490,10.587,,0,nearest_robot=robot4
46.000,ours,-,robot4,MIN_DISTANCE,OK,6.490,10.587,,0,nearest_robot=robot3
46.000,ours,-,robot5,MIN_DISTANCE,OK,13.200,10.587,,0,nearest_robot=robot4
46.000,ours,-,robot6,MIN_DISTANCE,OK,12.416,10.587,,0,nearest_robot=robot1
46.000,ours,-,fleet,MIN_DISTANCE_AVG,OK,10.587,,,0,robots_sampled=6
47.000,ours,-,robot1,MIN_DISTANCE,OK,12.416,10.587,,0,nearest_robot=robot6
47.000,ours,-,robot2,MIN_DISTANCE,OK,12.510,10.587,,0,nearest_robot=robot1
47.000,ours,-,robot3,MIN_DISTANCE,OK,6.490,10.587,,0,nearest_robot=robot4
47.000,ours,-,robot4,MIN_DISTANCE,OK,6.490,10.587,,0,nearest_robot=robot3
47.000,ours,-,robot5,MIN_DISTANCE,OK,13.200,10.587,,0,nearest_robot=robot4
47.000,ours,-,robot6,MIN_DISTANCE,OK,12.416,10.587,,0,nearest_robot=robot1
47.000,ours,-,fleet,MIN_DISTANCE_AVG,OK,10.587,,,0,robots_sampled=6
48.000,ours,-,robot1,MIN_DISTANCE,OK,12.416,10.587,,0,nearest_robot=robot6
48.000,ours,-,robot2,MIN_DISTANCE,OK,12.510,10.587,,0,nearest_robot=robot1
48.000,ours,-,robot3,MIN_DISTANCE,OK,6.490,10.587,,0,nearest_robot=robot4
48.000,ours,-,robot4,MIN_DISTANCE,OK,6.490,10.587,,0,nearest_robot=robot3
48.000,ours,-,robot5,MIN_DISTANCE,OK,13.200,10.587,,0,nearest_robot=robot4
48.000,ours,-,robot6,MIN_DISTANCE,OK,12.416,10.587,,0,nearest_robot=robot1
48.000,ours,-,fleet,MIN_DISTANCE_AVG,OK,10.587,,,0,robots_sampled=6
49.010,ours,-,robot1,MIN_DISTANCE,OK,12.416,10.587,,0,nearest_robot=robot6
49.010,ours,-,fleet,CHOMP_TIME_FULL,OK,,4.139,,0,iterations=100;iterations_executed=100;source=algorithm;round_trip=4.168518
49.010,ours,-,robot2,MIN_DISTANCE,OK,12.510,10.587,,0,nearest_robot=robot1
49.010,ours,-,robot3,MIN_DISTANCE,OK,6.490,10.587,,0,nearest_robot=robot4
49.010,ours,-,robot4,MIN_DISTANCE,OK,6.490,10.587,,0,nearest_robot=robot3
49.010,ours,-,robot5,MIN_DISTANCE,OK,13.200,10.587,,0,nearest_robot=robot4
49.010,ours,-,robot6,MIN_DISTANCE,OK,12.416,10.587,,0,nearest_robot=robot1
49.010,ours,-,fleet,MIN_DISTANCE_AVG,OK,10.587,,,0,robots_sampled=6
50.000,ours,-,robot1,MIN_DISTANCE,OK,12.285,10.509,,0,nearest_robot=robot6
50.000,ours,-,robot2,MIN_DISTANCE,OK,12.525,10.509,,0,nearest_robot=robot1
50.000,ours,-,robot3,MIN_DISTANCE,OK,6.331,10.509,,0,nearest_robot=robot4
50.000,ours,-,robot4,MIN_DISTANCE,OK,6.331,10.509,,0,nearest_robot=robot3
50.000,ours,-,robot5,MIN_DISTANCE,OK,13.296,10.509,,0,nearest_robot=robot4
50.000,ours,-,robot6,MIN_DISTANCE,OK,12.285,10.509,,0,nearest_robot=robot1
50.000,ours,-,fleet,MIN_DISTANCE_AVG,OK,10.509,,,0,robots_sampled=6
51.000,ours,-,robot1,MIN_DISTANCE,OK,11.936,10.318,,0,nearest_robot=robot6
51.000,ours,-,robot2,MIN_DISTANCE,OK,12.520,10.318,,0,nearest_robot=robot1
51.000,ours,-,robot3,MIN_DISTANCE,OK,6.098,10.318,,0,nearest_robot=robot4
51.000,ours,-,robot4,MIN_DISTANCE,OK,6.098,10.318,,0,nearest_robot=robot3
51.000,ours,-,robot5,MIN_DISTANCE,OK,13.322,10.318,,0,nearest_robot=robot4
51.000,ours,-,robot6,MIN_DISTANCE,OK,11.936,10.318,,0,nearest_robot=robot1
51.000,ours,-,fleet,MIN_DISTANCE_AVG,OK,10.318,,,0,robots_sampled=6
52.000,ours,-,robot1,MIN_DISTANCE,OK,11.857,10.191,,0,nearest_robot=robot6
52.000,ours,-,robot2,MIN_DISTANCE,OK,12.683,10.191,,0,nearest_robot=robot1
52.000,ours,-,robot3,MIN_DISTANCE,OK,5.776,10.191,,0,nearest_robot=robot4
52.000,ours,-,robot4,MIN_DISTANCE,OK,5.776,10.191,,0,nearest_robot=robot3
52.000,ours,-,robot5,MIN_DISTANCE,OK,13.196,10.191,,0,nearest_robot=robot4
52.000,ours,-,robot6,MIN_DISTANCE,OK,11.857,10.191,,0,nearest_robot=robot1
52.000,ours,-,fleet,MIN_DISTANCE_AVG,OK,10.191,,,0,robots_sampled=6
53.000,ours,-,robot1,MIN_DISTANCE,OK,12.075,10.081,,0,nearest_robot=robot6
53.000,ours,-,robot2,MIN_DISTANCE,OK,12.929,10.081,,0,nearest_robot=robot1
53.000,ours,-,robot3,MIN_DISTANCE,OK,5.228,10.081,,0,nearest_robot=robot4
53.000,ours,-,robot4,MIN_DISTANCE,OK,5.228,10.081,,0,nearest_robot=robot3
53.000,ours,-,robot5,MIN_DISTANCE,OK,12.948,10.081,,0,nearest_robot=robot4
53.000,ours,-,robot6,MIN_DISTANCE,OK,12.075,10.081,,0,nearest_robot=robot1
53.000,ours,-,fleet,MIN_DISTANCE_AVG,OK,10.081,,,0,robots_sampled=6
54.000,ours,-,robot1,MIN_DISTANCE,OK,12.388,10.024,,0,nearest_robot=robot6
54.000,ours,-,robot2,MIN_DISTANCE,OK,13.398,10.024,,0,nearest_robot=robot1
54.000,ours,-,robot3,MIN_DISTANCE,OK,4.685,10.024,,0,nearest_robot=robot4
54.000,ours,-,robot4,MIN_DISTANCE,OK,4.685,10.024,,0,nearest_robot=robot3
54.000,ours,-,robot5,MIN_DISTANCE,OK,12.601,10.024,,0,nearest_robot=robot4
54.000,ours,-,robot6,MIN_DISTANCE,OK,12.388,10.024,,0,nearest_robot=robot1
54.000,ours,-,fleet,MIN_DISTANCE_AVG,OK,10.024,,,0,robots_sampled=6
54.320,ours,-,fleet,CHOMP_TIME_FULL,OK,,4.592,,0,iterations=100;iterations_executed=100;source=algorithm;round_trip=4.622811
54.990,ours,-,fleet,CHOMP_TIME_PARTIAL,OK,,0.513,,0,iterations=10;iterations_executed=10;source=algorithm;round_trip=0.529423
55.000,ours,-,robot1,MIN_DISTANCE,OK,12.420,9.895,,0,nearest_robot=robot6
55.000,ours,-,robot2,MIN_DISTANCE,OK,13.831,9.895,,0,nearest_robot=robot3
55.000,ours,-,robot3,MIN_DISTANCE,OK,4.170,9.895,,0,nearest_robot=robot4
55.000,ours,-,robot4,MIN_DISTANCE,OK,4.170,9.895,,0,nearest_robot=robot3
55.000,ours,-,robot5,MIN_DISTANCE,OK,12.362,9.895,,0,nearest_robot=robot4
55.000,ours,-,robot6,MIN_DISTANCE,OK,12.420,9.895,,0,nearest_robot=robot1
55.000,ours,-,fleet,MIN_DISTANCE_AVG,OK,9.895,,,0,robots_sampled=6
55.460,ours,-,fleet,CHOMP_TIME_PARTIAL,OK,,0.463,,0,iterations=10;iterations_executed=10;source=algorithm;round_trip=0.481287
55.930,ours,-,fleet,CHOMP_TIME_PARTIAL,OK,,0.444,,0,iterations=10;iterations_executed=10;source=algorithm;round_trip=0.461066
56.000,ours,-,robot1,MIN_DISTANCE,OK,12.384,9.685,,0,nearest_robot=robot6
56.000,ours,-,robot2,MIN_DISTANCE,OK,13.670,9.685,,0,nearest_robot=robot6
56.000,ours,-,robot3,MIN_DISTANCE,OK,3.691,9.685,,0,nearest_robot=robot4
56.000,ours,-,robot4,MIN_DISTANCE,OK,3.691,9.685,,0,nearest_robot=robot3
56.000,ours,-,robot5,MIN_DISTANCE,OK,12.291,9.685,,0,nearest_robot=robot4
56.000,ours,-,robot6,MIN_DISTANCE,OK,12.384,9.685,,0,nearest_robot=robot1
56.000,ours,-,fleet,MIN_DISTANCE_AVG,OK,9.685,,,0,robots_sampled=6
56.480,ours,-,fleet,CHOMP_TIME_PARTIAL,OK,,0.495,,0,iterations=10;iterations_executed=10;source=algorithm;round_trip=0.512883
56.950,ours,-,fleet,CHOMP_TIME_PARTIAL,OK,,0.484,,0,iterations=10;iterations_executed=10;source=algorithm;round_trip=0.498979
57.000,ours,-,robot1,MIN_DISTANCE,OK,12.399,9.312,,0,nearest_robot=robot6
57.000,ours,-,robot2,MIN_DISTANCE,OK,12.940,9.312,,0,nearest_robot=robot6
57.000,ours,-,robot3,MIN_DISTANCE,OK,2.958,9.312,,0,nearest_robot=robot4
57.000,ours,-,robot4,MIN_DISTANCE,OK,2.958,9.312,,0,nearest_robot=robot3
57.000,ours,-,robot5,MIN_DISTANCE,OK,12.220,9.312,,0,nearest_robot=robot4
57.000,ours,-,robot6,MIN_DISTANCE,OK,12.399,9.312,,0,nearest_robot=robot1
57.000,ours,-,fleet,MIN_DISTANCE_AVG,OK,9.312,,,0,robots_sampled=6
57.440,ours,-,fleet,CHOMP_TIME_PARTIAL,OK,,0.454,,0,iterations=10;iterations_executed=10;source=algorithm;round_trip=0.474105
57.940,ours,-,fleet,CHOMP_TIME_PARTIAL,OK,,0.459,,0,iterations=10;iterations_executed=10;source=algorithm;round_trip=0.476460
58.000,ours,-,robot1,MIN_DISTANCE,OK,12.532,9.018,,0,nearest_robot=robot6
58.000,ours,-,robot2,MIN_DISTANCE,OK,12.536,9.018,,0,nearest_robot=robot6
58.000,ours,-,robot3,MIN_DISTANCE,OK,2.264,9.018,,0,nearest_robot=robot4
58.000,ours,-,robot4,MIN_DISTANCE,OK,2.264,9.018,,0,nearest_robot=robot3
58.000,ours,-,robot5,MIN_DISTANCE,OK,11.982,9.018,,0,nearest_robot=robot4
58.000,ours,-,robot6,MIN_DISTANCE,OK,12.532,9.018,,0,nearest_robot=robot1
58.000,ours,-,fleet,MIN_DISTANCE_AVG,OK,9.018,,,0,robots_sampled=6
58.420,ours,-,fleet,CHOMP_TIME_PARTIAL,OK,,0.443,,0,iterations=10;iterations_executed=10;source=algorithm;round_trip=0.466966
58.970,ours,-,fleet,CHOMP_TIME_PARTIAL,OK,,0.492,,0,iterations=10;iterations_executed=10;source=algorithm;round_trip=0.513461
59.000,ours,-,robot1,MIN_DISTANCE,OK,12.785,8.718,,0,nearest_robot=robot6
59.000,ours,-,robot2,MIN_DISTANCE,OK,12.219,8.718,,0,nearest_robot=robot6
59.000,ours,-,robot3,MIN_DISTANCE,OK,1.740,8.718,,0,nearest_robot=robot4
59.000,ours,-,robot4,MIN_DISTANCE,OK,1.740,8.718,,0,nearest_robot=robot3
59.000,ours,-,robot5,MIN_DISTANCE,OK,11.673,8.718,,0,nearest_robot=robot4
59.000,ours,-,robot6,MIN_DISTANCE,OK,12.154,8.718,,0,nearest_robot=robot5
59.000,ours,-,fleet,MIN_DISTANCE_AVG,OK,8.718,,,0,robots_sampled=6
59.470,ours,-,fleet,CHOMP_TIME_PARTIAL,OK,,0.482,,0,iterations=10;iterations_executed=10;source=algorithm;round_trip=0.500111
59.980,ours,-,fleet,CHOMP_TIME_PARTIAL,OK,,0.499,,0,iterations=10;iterations_executed=10;source=algorithm;round_trip=0.515642
60.000,ours,-,robot1,MIN_DISTANCE,OK,13.059,8.370,,0,nearest_robot=robot6
60.000,ours,-,robot2,MIN_DISTANCE,OK,11.974,8.370,,0,nearest_robot=robot6
60.000,ours,-,robot3,MIN_DISTANCE,OK,1.298,8.370,,0,nearest_robot=robot4
60.000,ours,-,robot4,MIN_DISTANCE,OK,1.298,8.370,,0,nearest_robot=robot3
60.000,ours,-,robot5,MIN_DISTANCE,OK,11.296,8.370,,0,nearest_robot=robot6
60.000,ours,-,robot6,MIN_DISTANCE,OK,11.296,8.370,,0,nearest_robot=robot5
60.000,ours,-,fleet,MIN_DISTANCE_AVG,OK,8.370,,,0,robots_sampled=6
60.460,ours,-,fleet,CHOMP_TIME_PARTIAL,OK,,0.485,,0,iterations=10;iterations_executed=10;source=algorithm;round_trip=0.506332
60.950,ours,-,fleet,CHOMP_TIME_PARTIAL,OK,,0.481,,0,iterations=10;iterations_executed=10;source=algorithm;round_trip=0.497571
61.000,ours,-,robot1,MIN_DISTANCE,OK,13.413,8.003,,0,nearest_robot=robot6
61.000,ours,-,robot2,MIN_DISTANCE,OK,11.860,8.003,,0,nearest_robot=robot6
61.000,ours,-,robot3,MIN_DISTANCE,OK,0.920,8.003,,0,nearest_robot=robot4
61.000,ours,-,robot4,MIN_DISTANCE,OK,0.920,8.003,,0,nearest_robot=robot3
61.000,ours,-,robot5,MIN_DISTANCE,OK,10.452,8.003,,0,nearest_robot=robot6
61.000,ours,-,robot6,MIN_DISTANCE,OK,10.452,8.003,,0,nearest_robot=robot5
61.000,ours,-,fleet,MIN_DISTANCE_AVG,OK,8.003,,,0,robots_sampled=6
61.440,ours,-,fleet,CHOMP_TIME_PARTIAL,OK,,0.463,,0,iterations=10;iterations_executed=10;source=algorithm;round_trip=0.482858
61.960,ours,-,fleet,CHOMP_TIME_PARTIAL,OK,,0.475,,0,iterations=10;iterations_executed=10;source=algorithm;round_trip=0.496448
62.000,ours,-,robot1,MIN_DISTANCE,OK,13.752,7.654,,0,nearest_robot=robot6
62.000,ours,-,robot2,MIN_DISTANCE,OK,11.719,7.654,,0,nearest_robot=robot6
62.000,ours,-,robot3,MIN_DISTANCE,OK,0.562,7.654,,0,nearest_robot=robot4
62.000,ours,-,robot4,MIN_DISTANCE,OK,0.562,7.654,,0,nearest_robot=robot3
62.000,ours,-,robot5,MIN_DISTANCE,OK,9.664,7.654,,0,nearest_robot=robot6
62.000,ours,-,robot6,MIN_DISTANCE,OK,9.664,7.654,,0,nearest_robot=robot5
62.000,ours,-,fleet,MIN_DISTANCE_AVG,OK,7.654,,,0,robots_sampled=6
62.460,ours,-,fleet,CHOMP_TIME_PARTIAL,OK,,0.477,,0,iterations=10;iterations_executed=10;source=algorithm;round_trip=0.503358
62.960,ours,-,fleet,CHOMP_TIME_PARTIAL,OK,,0.477,,0,iterations=10;iterations_executed=10;source=algorithm;round_trip=0.497795
63.000,ours,-,robot1,MIN_DISTANCE,OK,14.086,7.413,,0,nearest_robot=robot6
63.000,ours,-,robot2,MIN_DISTANCE,OK,11.594,7.413,,0,nearest_robot=robot6
63.000,ours,-,robot3,MIN_DISTANCE,OK,0.422,7.413,,0,nearest_robot=robot4
63.000,ours,-,robot4,MIN_DISTANCE,OK,0.422,7.413,,0,nearest_robot=robot3
63.000,ours,-,robot5,MIN_DISTANCE,OK,8.976,7.413,,0,nearest_robot=robot6
63.000,ours,-,robot6,MIN_DISTANCE,OK,8.976,7.413,,0,nearest_robot=robot5
63.000,ours,-,fleet,MIN_DISTANCE_AVG,OK,7.413,,,0,robots_sampled=6
63.440,ours,-,fleet,CHOMP_TIME_PARTIAL,OK,,0.458,,0,iterations=10;iterations_executed=10;source=algorithm;round_trip=0.477952
63.990,ours,-,fleet,CHOMP_TIME_PARTIAL,OK,,0.501,,0,iterations=10;iterations_executed=10;source=algorithm;round_trip=0.520043
64.000,ours,-,robot1,MIN_DISTANCE,OK,14.222,7.270,,0,nearest_robot=robot6
64.000,ours,-,robot2,MIN_DISTANCE,OK,11.402,7.270,,0,nearest_robot=robot6
64.000,ours,-,robot3,MIN_DISTANCE,OK,0.402,7.270,,0,nearest_robot=robot4
64.000,ours,-,robot4,MIN_DISTANCE,OK,0.402,7.270,,0,nearest_robot=robot3
64.000,ours,-,robot5,MIN_DISTANCE,OK,8.596,7.270,,0,nearest_robot=robot6
64.000,ours,-,robot6,MIN_DISTANCE,OK,8.596,7.270,,0,nearest_robot=robot5
64.000,ours,-,fleet,MIN_DISTANCE_AVG,OK,7.270,,,0,robots_sampled=6
64.430,ours,-,fleet,CHOMP_TIME_PARTIAL,OK,,0.442,,0,iterations=10;iterations_executed=10;source=algorithm;round_trip=0.464301
65.000,ours,-,robot1,MIN_DISTANCE,OK,14.565,7.213,,0,nearest_robot=robot6
65.000,ours,-,robot2,MIN_DISTANCE,OK,11.364,7.213,,0,nearest_robot=robot6
65.000,ours,-,robot3,MIN_DISTANCE,OK,0.511,7.213,,0,nearest_robot=robot4
65.000,ours,-,robot4,MIN_DISTANCE,OK,0.511,7.213,,0,nearest_robot=robot3
65.000,ours,-,robot5,MIN_DISTANCE,OK,8.163,7.213,,0,nearest_robot=robot6
65.000,ours,-,robot6,MIN_DISTANCE,OK,8.163,7.213,,0,nearest_robot=robot5
65.000,ours,-,fleet,MIN_DISTANCE_AVG,OK,7.213,,,0,robots_sampled=6
65.630,ours,-,fleet,CHOMP_TIME_FULL,OK,,0.651,,0,iterations=100;iterations_executed=15;source=algorithm;round_trip=0.673201
66.000,ours,-,robot1,MIN_DISTANCE,OK,14.946,7.266,,0,nearest_robot=robot2
66.000,ours,-,robot2,MIN_DISTANCE,OK,11.388,7.266,,0,nearest_robot=robot6
66.000,ours,-,robot3,MIN_DISTANCE,OK,0.895,7.266,,0,nearest_robot=robot4
66.000,ours,-,robot4,MIN_DISTANCE,OK,0.895,7.266,,0,nearest_robot=robot3
66.000,ours,-,robot5,MIN_DISTANCE,OK,7.736,7.266,,0,nearest_robot=robot6
66.000,ours,-,robot6,MIN_DISTANCE,OK,7.736,7.266,,0,nearest_robot=robot5
66.000,ours,-,fleet,MIN_DISTANCE_AVG,OK,7.266,,,0,robots_sampled=6
66.450,ours,-,fleet,CHOMP_TIME_PARTIAL,OK,,0.466,,0,iterations=10;iterations_executed=10;source=algorithm;round_trip=0.486884
67.000,ours,-,robot1,MIN_DISTANCE,OK,14.874,7.212,,0,nearest_robot=robot2
67.000,ours,-,robot2,MIN_DISTANCE,OK,11.431,7.212,,0,nearest_robot=robot6
67.000,ours,-,robot3,MIN_DISTANCE,OK,1.157,7.212,,0,nearest_robot=robot4
67.000,ours,-,robot4,MIN_DISTANCE,OK,1.157,7.212,,0,nearest_robot=robot3
67.000,ours,-,robot5,MIN_DISTANCE,OK,7.328,7.212,,0,nearest_robot=robot6
67.000,ours,-,robot6,MIN_DISTANCE,OK,7.328,7.212,,0,nearest_robot=robot5
67.000,ours,-,fleet,MIN_DISTANCE_AVG,OK,7.212,,,0,robots_sampled=6
67.770,ours,-,fleet,CHOMP_TIME_FULL,OK,,0.809,,0,iterations=100;iterations_executed=17;source=algorithm;round_trip=0.831635
68.000,ours,-,robot1,MIN_DISTANCE,OK,14.782,7.136,,0,nearest_robot=robot2
68.000,ours,-,robot2,MIN_DISTANCE,OK,11.463,7.136,,0,nearest_robot=robot6
68.000,ours,-,robot3,MIN_DISTANCE,OK,1.336,7.136,,0,nearest_robot=robot4
68.000,ours,-,robot4,MIN_DISTANCE,OK,1.336,7.136,,0,nearest_robot=robot3
68.000,ours,-,robot5,MIN_DISTANCE,OK,6.950,7.136,,0,nearest_robot=robot6
68.000,ours,-,robot6,MIN_DISTANCE,OK,6.950,7.136,,0,nearest_robot=robot5
68.000,ours,-,fleet,MIN_DISTANCE_AVG,OK,7.136,,,0,robots_sampled=6
68.440,ours,-,fleet,CHOMP_TIME_PARTIAL,OK,,0.450,,0,iterations=10;iterations_executed=10;source=algorithm;round_trip=0.472736
68.930,ours,-,fleet,CHOMP_TIME_PARTIAL,OK,,0.452,,0,iterations=10;iterations_executed=10;source=algorithm;round_trip=0.470216
69.000,ours,-,robot1,MIN_DISTANCE,OK,14.709,7.186,,0,nearest_robot=robot2
69.000,ours,-,robot2,MIN_DISTANCE,OK,11.613,7.186,,0,nearest_robot=robot6
69.000,ours,-,robot3,MIN_DISTANCE,OK,1.838,7.186,,0,nearest_robot=robot4
69.000,ours,-,robot4,MIN_DISTANCE,OK,1.838,7.186,,0,nearest_robot=robot3
69.000,ours,-,robot5,MIN_DISTANCE,OK,6.559,7.186,,0,nearest_robot=robot6
69.000,ours,-,robot6,MIN_DISTANCE,OK,6.559,7.186,,0,nearest_robot=robot5
69.000,ours,-,fleet,MIN_DISTANCE_AVG,OK,7.186,,,0,robots_sampled=6
69.420,ours,-,fleet,CHOMP_TIME_PARTIAL,OK,,0.436,,0,iterations=10;iterations_executed=10;source=algorithm;round_trip=0.455696
69.960,ours,-,fleet,CHOMP_TIME_PARTIAL,OK,,0.483,,0,iterations=10;iterations_executed=10;source=algorithm;round_trip=0.500150
70.000,ours,-,robot1,MIN_DISTANCE,OK,14.606,7.229,,0,nearest_robot=robot2
70.000,ours,-,robot2,MIN_DISTANCE,OK,11.489,7.229,,0,nearest_robot=robot6
70.000,ours,-,robot3,MIN_DISTANCE,OK,2.277,7.229,,0,nearest_robot=robot4
70.000,ours,-,robot4,MIN_DISTANCE,OK,2.277,7.229,,0,nearest_robot=robot3
70.000,ours,-,robot5,MIN_DISTANCE,OK,6.362,7.229,,0,nearest_robot=robot6
70.000,ours,-,robot6,MIN_DISTANCE,OK,6.362,7.229,,0,nearest_robot=robot5
70.000,ours,-,fleet,MIN_DISTANCE_AVG,OK,7.229,,,0,robots_sampled=6
70.440,ours,-,fleet,CHOMP_TIME_PARTIAL,OK,,0.452,,0,iterations=10;iterations_executed=10;source=algorithm;round_trip=0.471131
71.000,ours,-,robot1,MIN_DISTANCE,OK,14.523,7.308,,0,nearest_robot=robot2
71.000,ours,-,robot2,MIN_DISTANCE,OK,11.278,7.308,,0,nearest_robot=robot6
71.000,ours,-,robot3,MIN_DISTANCE,OK,2.674,7.308,,0,nearest_robot=robot4
71.000,ours,-,robot4,MIN_DISTANCE,OK,2.674,7.308,,0,nearest_robot=robot3
71.000,ours,-,robot5,MIN_DISTANCE,OK,6.351,7.308,,0,nearest_robot=robot6
71.000,ours,-,robot6,MIN_DISTANCE,OK,6.351,7.308,,0,nearest_robot=robot5
71.000,ours,-,fleet,MIN_DISTANCE_AVG,OK,7.308,,,0,robots_sampled=6
71.030,ours,-,fleet,CHOMP_TIME_PARTIAL,OK,,0.538,,0,iterations=10;iterations_executed=10;source=algorithm;round_trip=0.559885
71.950,ours,-,fleet,CHOMP_TIME_PARTIAL,OK,,0.466,,0,iterations=10;iterations_executed=10;source=algorithm;round_trip=0.487720
72.000,ours,-,robot1,MIN_DISTANCE,OK,14.371,7.388,,0,nearest_robot=robot2
72.000,ours,-,robot2,MIN_DISTANCE,OK,11.107,7.388,,0,nearest_robot=robot6
72.000,ours,-,robot3,MIN_DISTANCE,OK,3.074,7.388,,0,nearest_robot=robot4
72.000,ours,-,robot4,MIN_DISTANCE,OK,3.074,7.388,,0,nearest_robot=robot3
72.000,ours,-,robot5,MIN_DISTANCE,OK,6.351,7.388,,0,nearest_robot=robot6
72.000,ours,-,robot6,MIN_DISTANCE,OK,6.351,7.388,,0,nearest_robot=robot5
72.000,ours,-,fleet,MIN_DISTANCE_AVG,OK,7.388,,,0,robots_sampled=6
72.440,ours,-,fleet,CHOMP_TIME_PARTIAL,OK,,0.448,,0,iterations=10;iterations_executed=10;source=algorithm;round_trip=0.467055
72.970,ours,-,fleet,CHOMP_TIME_PARTIAL,OK,,0.492,,0,iterations=10;iterations_executed=10;source=algorithm;round_trip=0.510179
73.000,ours,-,robot1,MIN_DISTANCE,OK,14.123,7.445,,0,nearest_robot=robot2
73.000,ours,-,robot2,MIN_DISTANCE,OK,10.993,7.445,,0,nearest_robot=robot6
73.000,ours,-,robot3,MIN_DISTANCE,OK,3.444,7.445,,0,nearest_robot=robot4
73.000,ours,-,robot4,MIN_DISTANCE,OK,3.444,7.445,,0,nearest_robot=robot3
73.000,ours,-,robot5,MIN_DISTANCE,OK,6.332,7.445,,0,nearest_robot=robot6
73.000,ours,-,robot6,MIN_DISTANCE,OK,6.332,7.445,,0,nearest_robot=robot5
73.000,ours,-,fleet,MIN_DISTANCE_AVG,OK,7.445,,,0,robots_sampled=6
73.420,ours,-,fleet,CHOMP_TIME_PARTIAL,OK,,0.445,,0,iterations=10;iterations_executed=10;source=algorithm;round_trip=0.463927
73.920,ours,-,fleet,CHOMP_TIME_PARTIAL,OK,,0.442,,0,iterations=10;iterations_executed=10;source=algorithm;round_trip=0.460854
74.000,ours,-,robot1,MIN_DISTANCE,OK,13.817,7.472,,0,nearest_robot=robot2
74.000,ours,-,robot2,MIN_DISTANCE,OK,10.904,7.472,,0,nearest_robot=robot6
74.000,ours,-,robot3,MIN_DISTANCE,OK,3.795,7.472,,0,nearest_robot=robot4
74.000,ours,-,robot4,MIN_DISTANCE,OK,3.795,7.472,,0,nearest_robot=robot3
74.000,ours,-,robot5,MIN_DISTANCE,OK,6.260,7.472,,0,nearest_robot=robot6
74.000,ours,-,robot6,MIN_DISTANCE,OK,6.260,7.472,,0,nearest_robot=robot5
74.000,ours,-,fleet,MIN_DISTANCE_AVG,OK,7.472,,,0,robots_sampled=6
74.450,ours,-,fleet,CHOMP_TIME_PARTIAL,OK,,0.464,,0,iterations=10;iterations_executed=10;source=algorithm;round_trip=0.480364
74.940,ours,-,fleet,CHOMP_TIME_PARTIAL,OK,,0.447,,0,iterations=10;iterations_executed=10;source=algorithm;round_trip=0.466120
75.000,ours,-,robot1,MIN_DISTANCE,OK,13.639,7.393,,0,nearest_robot=robot2
75.000,ours,-,robot2,MIN_DISTANCE,OK,10.768,7.393,,0,nearest_robot=robot6
75.000,ours,-,robot3,MIN_DISTANCE,OK,3.855,7.393,,0,nearest_robot=robot4
75.000,ours,-,robot4,MIN_DISTANCE,OK,3.855,7.393,,0,nearest_robot=robot3
75.000,ours,-,robot5,MIN_DISTANCE,OK,6.121,7.393,,0,nearest_robot=robot6
75.000,ours,-,robot6,MIN_DISTANCE,OK,6.121,7.393,,0,nearest_robot=robot5
75.000,ours,-,fleet,MIN_DISTANCE_AVG,OK,7.393,,,0,robots_sampled=6
75.420,ours,-,fleet,CHOMP_TIME_PARTIAL,OK,,0.428,,0,iterations=10;iterations_executed=10;source=algorithm;round_trip=0.453463
75.930,ours,-,fleet,CHOMP_TIME_PARTIAL,OK,,0.437,,0,iterations=10;iterations_executed=10;source=algorithm;round_trip=0.455551
76.000,ours,-,robot1,MIN_DISTANCE,OK,13.418,7.453,,0,nearest_robot=robot2
76.000,ours,-,robot2,MIN_DISTANCE,OK,10.703,7.453,,0,nearest_robot=robot6
76.000,ours,-,robot3,MIN_DISTANCE,OK,4.214,7.453,,0,nearest_robot=robot4
76.000,ours,-,robot4,MIN_DISTANCE,OK,4.214,7.453,,0,nearest_robot=robot3
76.000,ours,-,robot5,MIN_DISTANCE,OK,6.086,7.453,,0,nearest_robot=robot6
76.000,ours,-,robot6,MIN_DISTANCE,OK,6.086,7.453,,0,nearest_robot=robot5
76.000,ours,-,fleet,MIN_DISTANCE_AVG,OK,7.453,,,0,robots_sampled=6
76.410,ours,-,fleet,CHOMP_TIME_PARTIAL,OK,,0.435,,0,iterations=10;iterations_executed=10;source=algorithm;round_trip=0.452881
76.950,ours,-,fleet,CHOMP_TIME_PARTIAL,OK,,0.463,,0,iterations=10;iterations_executed=10;source=algorithm;round_trip=0.480492
77.000,ours,-,robot1,MIN_DISTANCE,OK,13.388,7.482,,0,nearest_robot=robot2
77.000,ours,-,robot2,MIN_DISTANCE,OK,10.625,7.482,,0,nearest_robot=robot6
77.000,ours,-,robot3,MIN_DISTANCE,OK,4.336,7.482,,0,nearest_robot=robot4
77.000,ours,-,robot4,MIN_DISTANCE,OK,4.336,7.482,,0,nearest_robot=robot3
77.000,ours,-,robot5,MIN_DISTANCE,OK,6.104,7.482,,0,nearest_robot=robot6
77.000,ours,-,robot6,MIN_DISTANCE,OK,6.104,7.482,,0,nearest_robot=robot5
77.000,ours,-,fleet,MIN_DISTANCE_AVG,OK,7.482,,,0,robots_sampled=6
77.420,ours,-,fleet,CHOMP_TIME_PARTIAL,OK,,0.435,,0,iterations=10;iterations_executed=10;source=algorithm;round_trip=0.453615
77.930,ours,-,fleet,CHOMP_TIME_PARTIAL,OK,,0.436,,0,iterations=10;iterations_executed=10;source=algorithm;round_trip=0.453947
78.000,ours,-,robot1,MIN_DISTANCE,OK,13.232,7.623,,0,nearest_robot=robot2
78.000,ours,-,robot2,MIN_DISTANCE,OK,10.703,7.623,,0,nearest_robot=robot6
78.000,ours,-,robot3,MIN_DISTANCE,OK,4.412,7.623,,0,nearest_robot=robot4
78.000,ours,-,robot4,MIN_DISTANCE,OK,4.412,7.623,,0,nearest_robot=robot3
78.000,ours,-,robot5,MIN_DISTANCE,OK,6.488,7.623,,0,nearest_robot=robot6
78.000,ours,-,robot6,MIN_DISTANCE,OK,6.488,7.623,,0,nearest_robot=robot5
78.000,ours,-,fleet,MIN_DISTANCE_AVG,OK,7.623,,,0,robots_sampled=6
78.460,ours,-,fleet,CHOMP_TIME_PARTIAL,OK,,0.469,,0,iterations=10;iterations_executed=10;source=algorithm;round_trip=0.487969
78.940,ours,-,fleet,CHOMP_TIME_PARTIAL,OK,,0.445,,0,iterations=10;iterations_executed=10;source=algorithm;round_trip=0.465201
79.000,ours,-,robot1,MIN_DISTANCE,OK,13.135,7.693,,0,nearest_robot=robot2
79.000,ours,-,robot2,MIN_DISTANCE,OK,10.821,7.693,,0,nearest_robot=robot6
79.000,ours,-,robot3,MIN_DISTANCE,OK,4.158,7.693,,0,nearest_robot=robot4
79.000,ours,-,robot4,MIN_DISTANCE,OK,4.158,7.693,,0,nearest_robot=robot3
79.000,ours,-,robot5,MIN_DISTANCE,OK,6.943,7.693,,0,nearest_robot=robot6
79.000,ours,-,robot6,MIN_DISTANCE,OK,6.943,7.693,,0,nearest_robot=robot5
79.000,ours,-,fleet,MIN_DISTANCE_AVG,OK,7.693,,,0,robots_sampled=6
79.430,ours,-,fleet,CHOMP_TIME_PARTIAL,OK,,0.445,,0,iterations=10;iterations_executed=10;source=algorithm;round_trip=0.463540
79.910,ours,-,fleet,CHOMP_TIME_PARTIAL,OK,,0.420,,0,iterations=10;iterations_executed=10;source=algorithm;round_trip=0.439027
80.000,ours,-,robot1,MIN_DISTANCE,OK,13.092,7.970,,0,nearest_robot=robot2
80.000,ours,-,robot2,MIN_DISTANCE,OK,10.968,7.970,,0,nearest_robot=robot6
80.000,ours,-,robot3,MIN_DISTANCE,OK,4.503,7.970,,0,nearest_robot=robot4
80.000,ours,-,robot4,MIN_DISTANCE,OK,4.503,7.970,,0,nearest_robot=robot3
80.000,ours,-,robot5,MIN_DISTANCE,OK,7.378,7.970,,0,nearest_robot=robot6
80.000,ours,-,robot6,MIN_DISTANCE,OK,7.378,7.970,,0,nearest_robot=robot5
80.000,ours,-,fleet,MIN_DISTANCE_AVG,OK,7.970,,,0,robots_sampled=6
80.460,ours,-,fleet,CHOMP_TIME_PARTIAL,OK,,0.480,,0,iterations=10;iterations_executed=10;source=algorithm;round_trip=0.498154
81.000,ours,-,robot1,MIN_DISTANCE,OK,12.997,8.008,,0,nearest_robot=robot2
81.000,ours,-,robot2,MIN_DISTANCE,OK,11.061,8.008,,0,nearest_robot=robot6
81.000,ours,-,robot3,MIN_DISTANCE,OK,4.159,8.008,,0,nearest_robot=robot4
81.000,ours,-,robot4,MIN_DISTANCE,OK,4.159,8.008,,0,nearest_robot=robot3
81.000,ours,-,robot5,MIN_DISTANCE,OK,7.837,8.008,,0,nearest_robot=robot6
81.000,ours,-,robot6,MIN_DISTANCE,OK,7.837,8.008,,0,nearest_robot=robot5
81.000,ours,-,fleet,MIN_DISTANCE_AVG,OK,8.008,,,0,robots_sampled=6
82.000,ours,-,robot1,MIN_DISTANCE,OK,12.789,8.108,,0,nearest_robot=robot2
82.000,ours,-,robot2,MIN_DISTANCE,OK,11.147,8.108,,0,nearest_robot=robot6
82.000,ours,-,robot3,MIN_DISTANCE,OK,4.105,8.108,,0,nearest_robot=robot4
82.000,ours,-,robot4,MIN_DISTANCE,OK,4.105,8.108,,0,nearest_robot=robot3
82.000,ours,-,robot5,MIN_DISTANCE,OK,8.252,8.108,,0,nearest_robot=robot6
82.000,ours,-,robot6,MIN_DISTANCE,OK,8.252,8.108,,0,nearest_robot=robot5
82.000,ours,-,fleet,MIN_DISTANCE_AVG,OK,8.108,,,0,robots_sampled=6
83.000,ours,-,robot1,MIN_DISTANCE,OK,12.406,8.133,,0,nearest_robot=robot2
83.000,ours,-,robot2,MIN_DISTANCE,OK,11.103,8.133,,0,nearest_robot=robot6
83.000,ours,-,robot3,MIN_DISTANCE,OK,3.965,8.133,,0,nearest_robot=robot4
83.000,ours,-,robot4,MIN_DISTANCE,OK,3.965,8.133,,0,nearest_robot=robot3
83.000,ours,-,robot5,MIN_DISTANCE,OK,8.678,8.133,,0,nearest_robot=robot6
83.000,ours,-,robot6,MIN_DISTANCE,OK,8.678,8.133,,0,nearest_robot=robot5
83.000,ours,-,fleet,MIN_DISTANCE_AVG,OK,8.133,,,0,robots_sampled=6
84.000,ours,-,robot1,MIN_DISTANCE,OK,12.016,8.102,,0,nearest_robot=robot2
84.000,ours,-,robot2,MIN_DISTANCE,OK,11.069,8.102,,0,nearest_robot=robot6
84.000,ours,-,robot3,MIN_DISTANCE,OK,3.904,8.102,,0,nearest_robot=robot4
84.000,ours,-,robot4,MIN_DISTANCE,OK,3.904,8.102,,0,nearest_robot=robot3
84.000,ours,-,robot5,MIN_DISTANCE,OK,8.650,8.102,,0,nearest_robot=robot3
84.000,ours,-,robot6,MIN_DISTANCE,OK,9.069,8.102,,0,nearest_robot=robot5
84.000,ours,-,fleet,MIN_DISTANCE_AVG,OK,8.102,,,0,robots_sampled=6
85.000,ours,-,robot1,MIN_DISTANCE,OK,11.596,8.005,,0,nearest_robot=robot2
85.000,ours,-,robot2,MIN_DISTANCE,OK,10.944,8.005,,0,nearest_robot=robot6
85.000,ours,-,robot3,MIN_DISTANCE,OK,3.857,8.005,,0,nearest_robot=robot4
85.000,ours,-,robot4,MIN_DISTANCE,OK,3.857,8.005,,0,nearest_robot=robot3
85.000,ours,-,robot5,MIN_DISTANCE,OK,8.306,8.005,,0,nearest_robot=robot3
85.000,ours,-,robot6,MIN_DISTANCE,OK,9.468,8.005,,0,nearest_robot=robot5
85.000,ours,-,fleet,MIN_DISTANCE_AVG,OK,8.005,,,0,robots_sampled=6
85.130,ours,-,fleet,CHOMP_TIME_FULL,OK,,4.359,,0,iterations=100;iterations_executed=100;source=algorithm;round_trip=4.398316
86.000,ours,-,robot1,MIN_DISTANCE,OK,11.170,7.881,,0,nearest_robot=robot2
86.000,ours,-,robot2,MIN_DISTANCE,OK,10.791,7.881,,0,nearest_robot=robot6
86.000,ours,-,robot3,MIN_DISTANCE,OK,3.761,7.881,,0,nearest_robot=robot4
86.000,ours,-,robot4,MIN_DISTANCE,OK,3.761,7.881,,0,nearest_robot=robot3
86.000,ours,-,robot5,MIN_DISTANCE,OK,7.924,7.881,,0,nearest_robot=robot3
86.000,ours,-,robot6,MIN_DISTANCE,OK,9.882,7.881,,0,nearest_robot=robot5
86.000,ours,-,fleet,MIN_DISTANCE_AVG,OK,7.881,,,0,robots_sampled=6
87.000,ours,-,robot1,MIN_DISTANCE,OK,10.720,7.716,,0,nearest_robot=robot2
87.000,ours,-,robot2,MIN_DISTANCE,OK,10.718,7.716,,0,nearest_robot=robot6
87.000,ours,-,robot3,MIN_DISTANCE,OK,3.738,7.716,,0,nearest_robot=robot4
87.000,ours,-,robot4,MIN_DISTANCE,OK,3.738,7.716,,0,nearest_robot=robot3
87.000,ours,-,robot5,MIN_DISTANCE,OK,7.344,7.716,,0,nearest_robot=robot3
87.000,ours,-,robot6,MIN_DISTANCE,OK,10.036,7.716,,0,nearest_robot=robot5
87.000,ours,-,fleet,MIN_DISTANCE_AVG,OK,7.716,,,0,robots_sampled=6
88.000,ours,-,robot1,MIN_DISTANCE,OK,10.308,7.497,,0,nearest_robot=robot2
88.000,ours,-,robot2,MIN_DISTANCE,OK,10.308,7.497,,0,nearest_robot=robot1
88.000,ours,-,robot3,MIN_DISTANCE,OK,3.719,7.497,,0,nearest_robot=robot4
88.000,ours,-,robot4,MIN_DISTANCE,OK,3.719,7.497,,0,nearest_robot=robot3
88.000,ours,-,robot5,MIN_DISTANCE,OK,6.913,7.497,,0,nearest_robot=robot3
88.000,ours,-,robot6,MIN_DISTANCE,OK,10.017,7.497,,0,nearest_robot=robot5
88.000,ours,-,fleet,MIN_DISTANCE_AVG,OK,7.497,,,0,robots_sampled=6
89.000,ours,-,robot1,MIN_DISTANCE,OK,9.854,7.320,,0,nearest_robot=robot2
89.000,ours,-,robot2,MIN_DISTANCE,OK,9.854,7.320,,0,nearest_robot=robot1
89.000,ours,-,robot3,MIN_DISTANCE,OK,3.834,7.320,,0,nearest_robot=robot4
89.000,ours,-,robot4,MIN_DISTANCE,OK,3.834,7.320,,0,nearest_robot=robot3
89.000,ours,-,robot5,MIN_DISTANCE,OK,6.608,7.320,,0,nearest_robot=robot3
89.000,ours,-,robot6,MIN_DISTANCE,OK,9.938,7.320,,0,nearest_robot=robot5
89.000,ours,-,fleet,MIN_DISTANCE_AVG,OK,7.320,,,0,robots_sampled=6
90.000,ours,-,robot1,MIN_DISTANCE,OK,9.419,7.204,,0,nearest_robot=robot2
90.000,ours,-,robot2,MIN_DISTANCE,OK,9.419,7.204,,0,nearest_robot=robot1
90.000,ours,-,robot3,MIN_DISTANCE,OK,4.063,7.204,,0,nearest_robot=robot4
90.000,ours,-,robot4,MIN_DISTANCE,OK,4.063,7.204,,0,nearest_robot=robot3
90.000,ours,-,robot5,MIN_DISTANCE,OK,6.342,7.204,,0,nearest_robot=robot3
90.000,ours,-,robot6,MIN_DISTANCE,OK,9.916,7.204,,0,nearest_robot=robot5
90.000,ours,-,fleet,MIN_DISTANCE_AVG,OK,7.204,,,0,robots_sampled=6
90.100,ours,-,fleet,CHOMP_TIME_FULL,OK,,4.374,,0,iterations=100;iterations_executed=100;source=algorithm;round_trip=4.397327
91.000,ours,-,robot1,MIN_DISTANCE,OK,9.007,7.136,,0,nearest_robot=robot2
91.000,ours,-,robot2,MIN_DISTANCE,OK,9.007,7.136,,0,nearest_robot=robot1
91.000,ours,-,robot3,MIN_DISTANCE,OK,4.336,7.136,,0,nearest_robot=robot4
91.000,ours,-,robot4,MIN_DISTANCE,OK,4.336,7.136,,0,nearest_robot=robot3
91.000,ours,-,robot5,MIN_DISTANCE,OK,6.146,7.136,,0,nearest_robot=robot3
91.000,ours,-,robot6,MIN_DISTANCE,OK,9.982,7.136,,0,nearest_robot=robot5
91.000,ours,-,fleet,MIN_DISTANCE_AVG,OK,7.136,,,0,robots_sampled=6
92.000,ours,-,robot1,MIN_DISTANCE,OK,8.587,7.047,,0,nearest_robot=robot2
92.000,ours,-,robot2,MIN_DISTANCE,OK,8.587,7.047,,0,nearest_robot=robot1
92.000,ours,-,robot3,MIN_DISTANCE,OK,4.659,7.047,,0,nearest_robot=robot4
92.000,ours,-,robot4,MIN_DISTANCE,OK,4.659,7.047,,0,nearest_robot=robot3
92.000,ours,-,robot5,MIN_DISTANCE,OK,5.988,7.047,,0,nearest_robot=robot3
92.000,ours,-,robot6,MIN_DISTANCE,OK,9.801,7.047,,0,nearest_robot=robot2
92.000,ours,-,fleet,MIN_DISTANCE_AVG,OK,7.047,,,0,robots_sampled=6
93.000,ours,-,robot1,MIN_DISTANCE,OK,8.062,6.947,,0,nearest_robot=robot2
93.000,ours,-,robot2,MIN_DISTANCE,OK,8.062,6.947,,0,nearest_robot=robot1
93.000,ours,-,robot3,MIN_DISTANCE,OK,5.006,6.947,,0,nearest_robot=robot4
93.000,ours,-,robot4,MIN_DISTANCE,OK,5.006,6.947,,0,nearest_robot=robot3
93.000,ours,-,robot5,MIN_DISTANCE,OK,5.924,6.947,,0,nearest_robot=robot3
93.000,ours,-,robot6,MIN_DISTANCE,OK,9.623,6.947,,0,nearest_robot=robot2
93.000,ours,-,fleet,MIN_DISTANCE_AVG,OK,6.947,,,0,robots_sampled=6
94.000,ours,-,robot1,MIN_DISTANCE,OK,7.676,6.918,,0,nearest_robot=robot2
94.000,ours,-,robot2,MIN_DISTANCE,OK,7.676,6.918,,0,nearest_robot=robot1
94.000,ours,-,robot3,MIN_DISTANCE,OK,5.383,6.918,,0,nearest_robot=robot4
94.000,ours,-,robot4,MIN_DISTANCE,OK,5.383,6.918,,0,nearest_robot=robot3
94.000,ours,-,robot5,MIN_DISTANCE,OK,5.920,6.918,,0,nearest_robot=robot3
94.000,ours,-,robot6,MIN_DISTANCE,OK,9.469,6.918,,0,nearest_robot=robot2
94.000,ours,-,fleet,MIN_DISTANCE_AVG,OK,6.918,,,0,robots_sampled=6
95.000,ours,-,robot1,MIN_DISTANCE,OK,7.347,6.915,,0,nearest_robot=robot2
95.000,ours,-,robot2,MIN_DISTANCE,OK,7.347,6.915,,0,nearest_robot=robot1
95.000,ours,-,robot3,MIN_DISTANCE,OK,5.753,6.915,,0,nearest_robot=robot4
95.000,ours,-,robot4,MIN_DISTANCE,OK,5.753,6.915,,0,nearest_robot=robot3
95.000,ours,-,robot5,MIN_DISTANCE,OK,5.970,6.915,,0,nearest_robot=robot3
95.000,ours,-,robot6,MIN_DISTANCE,OK,9.320,6.915,,0,nearest_robot=robot2
95.000,ours,-,fleet,MIN_DISTANCE_AVG,OK,6.915,,,0,robots_sampled=6
95.200,ours,-,fleet,CHOMP_TIME_FULL,OK,,4.494,,0,iterations=100;iterations_executed=100;source=algorithm;round_trip=4.519016
95.940,ours,-,fleet,CHOMP_TIME_PARTIAL,OK,,0.455,,0,iterations=10;iterations_executed=10;source=algorithm;round_trip=0.472288
96.000,ours,-,robot1,MIN_DISTANCE,OK,7.099,6.937,,0,nearest_robot=robot2
96.000,ours,-,robot2,MIN_DISTANCE,OK,7.099,6.937,,0,nearest_robot=robot1
96.000,ours,-,robot3,MIN_DISTANCE,OK,6.056,6.937,,0,nearest_robot=robot5
96.000,ours,-,robot4,MIN_DISTANCE,OK,6.153,6.937,,0,nearest_robot=robot3
96.000,ours,-,robot5,MIN_DISTANCE,OK,6.056,6.937,,0,nearest_robot=robot3
96.000,ours,-,robot6,MIN_DISTANCE,OK,9.158,6.937,,0,nearest_robot=robot2
96.000,ours,-,fleet,MIN_DISTANCE_AVG,OK,6.937,,,0,robots_sampled=6
96.450,ours,-,fleet,CHOMP_TIME_PARTIAL,OK,,0.474,,0,iterations=10;iterations_executed=10;source=algorithm;round_trip=0.495544
96.950,ours,-,fleet,CHOMP_TIME_PARTIAL,OK,,0.454,,0,iterations=10;iterations_executed=10;source=algorithm;round_trip=0.475582
97.000,ours,-,robot1,MIN_DISTANCE,OK,6.558,6.841,,0,nearest_robot=robot2
97.000,ours,-,robot2,MIN_DISTANCE,OK,6.558,6.841,,0,nearest_robot=robot1
97.000,ours,-,robot3,MIN_DISTANCE,OK,6.167,6.841,,0,nearest_robot=robot5
97.000,ours,-,robot4,MIN_DISTANCE,OK,6.584,6.841,,0,nearest_robot=robot3
97.000,ours,-,robot5,MIN_DISTANCE,OK,6.167,6.841,,0,nearest_robot=robot3
97.000,ours,-,robot6,MIN_DISTANCE,OK,9.012,6.841,,0,nearest_robot=robot2
97.000,ours,-,fleet,MIN_DISTANCE_AVG,OK,6.841,,,0,robots_sampled=6
97.510,ours,-,fleet,CHOMP_TIME_PARTIAL,OK,,0.544,,0,iterations=10;iterations_executed=10;source=algorithm;round_trip=0.563347
98.000,ours,-,robot1,MIN_DISTANCE,OK,5.743,6.689,,0,nearest_robot=robot2
98.000,ours,-,robot2,MIN_DISTANCE,OK,5.743,6.689,,0,nearest_robot=robot1
98.000,ours,-,robot3,MIN_DISTANCE,OK,6.339,6.689,,0,nearest_robot=robot5
98.000,ours,-,robot4,MIN_DISTANCE,OK,7.010,6.689,,0,nearest_robot=robot3
98.000,ours,-,robot5,MIN_DISTANCE,OK,6.339,6.689,,0,nearest_robot=robot3
98.000,ours,-,robot6,MIN_DISTANCE,OK,8.959,6.689,,0,nearest_robot=robot2
98.000,ours,-,fleet,MIN_DISTANCE_AVG,OK,6.689,,,0,robots_sampled=6
98.430,ours,-,fleet,CHOMP_TIME_PARTIAL,OK,,0.445,,0,iterations=10;iterations_executed=10;source=algorithm;round_trip=0.467441
98.920,ours,-,fleet,CHOMP_TIME_PARTIAL,OK,,0.439,,0,iterations=10;iterations_executed=10;source=algorithm;round_trip=0.456440
99.000,ours,-,robot1,MIN_DISTANCE,OK,4.833,6.507,,0,nearest_robot=robot2
99.000,ours,-,robot2,MIN_DISTANCE,OK,4.833,6.507,,0,nearest_robot=robot1
99.000,ours,-,robot3,MIN_DISTANCE,OK,6.533,6.507,,0,nearest_robot=robot5
99.000,ours,-,robot4,MIN_DISTANCE,OK,7.451,6.507,,0,nearest_robot=robot3
99.000,ours,-,robot5,MIN_DISTANCE,OK,6.533,6.507,,0,nearest_robot=robot3
99.000,ours,-,robot6,MIN_DISTANCE,OK,8.862,6.507,,0,nearest_robot=robot2
99.000,ours,-,fleet,MIN_DISTANCE_AVG,OK,6.507,,,0,robots_sampled=6
99.660,ours,-,fleet,CHOMP_TIME_PARTIAL,OK,,0.730,,0,iterations=10;iterations_executed=10;source=algorithm;round_trip=0.749600
100.000,ours,-,robot1,MIN_DISTANCE,OK,3.940,6.350,,0,nearest_robot=robot2
100.000,ours,-,robot2,MIN_DISTANCE,OK,3.940,6.350,,0,nearest_robot=robot1
100.000,ours,-,robot3,MIN_DISTANCE,OK,6.799,6.350,,0,nearest_robot=robot5
100.000,ours,-,robot4,MIN_DISTANCE,OK,7.823,6.350,,0,nearest_robot=robot3
100.000,ours,-,robot5,MIN_DISTANCE,OK,6.799,6.350,,0,nearest_robot=robot3
100.000,ours,-,robot6,MIN_DISTANCE,OK,8.802,6.350,,0,nearest_robot=robot2
100.000,ours,-,fleet,MIN_DISTANCE_AVG,OK,6.350,,,0,robots_sampled=6
100.420,ours,-,fleet,CHOMP_TIME_PARTIAL,OK,,0.445,,0,iterations=10;iterations_executed=10;source=algorithm;round_trip=0.465231
101.000,ours,-,robot1,MIN_DISTANCE,OK,3.043,6.194,,0,nearest_robot=robot2
101.000,ours,-,robot2,MIN_DISTANCE,OK,3.043,6.194,,0,nearest_robot=robot1
101.000,ours,-,robot3,MIN_DISTANCE,OK,7.041,6.194,,0,nearest_robot=robot5
101.000,ours,-,robot4,MIN_DISTANCE,OK,8.308,6.194,,0,nearest_robot=robot3
101.000,ours,-,robot5,MIN_DISTANCE,OK,7.041,6.194,,0,nearest_robot=robot3
101.000,ours,-,robot6,MIN_DISTANCE,OK,8.686,6.194,,0,nearest_robot=robot2
101.000,ours,-,fleet,MIN_DISTANCE_AVG,OK,6.194,,,0,robots_sampled=6
101.100,ours,-,fleet,CHOMP_TIME_PARTIAL,OK,,0.674,,0,iterations=10;iterations_executed=10;source=algorithm;round_trip=0.696689
101.940,ours,-,fleet,CHOMP_TIME_PARTIAL,OK,,0.446,,0,iterations=10;iterations_executed=10;source=algorithm;round_trip=0.466905
102.000,ours,-,robot1,MIN_DISTANCE,OK,2.142,5.984,,0,nearest_robot=robot2
102.000,ours,-,robot2,MIN_DISTANCE,OK,2.142,5.984,,0,nearest_robot=robot1
102.000,ours,-,robot3,MIN_DISTANCE,OK,7.153,5.984,,0,nearest_robot=robot5
102.000,ours,-,robot4,MIN_DISTANCE,OK,8.824,5.984,,0,nearest_robot=robot3
102.000,ours,-,robot5,MIN_DISTANCE,OK,7.153,5.984,,0,nearest_robot=robot3
102.000,ours,-,robot6,MIN_DISTANCE,OK,8.487,5.984,,0,nearest_robot=robot2
102.000,ours,-,fleet,MIN_DISTANCE_AVG,OK,5.984,,,0,robots_sampled=6
102.450,ours,-,fleet,CHOMP_TIME_PARTIAL,OK,,0.458,,0,iterations=10;iterations_executed=10;source=algorithm;round_trip=0.478731
102.920,ours,-,fleet,CHOMP_TIME_PARTIAL,OK,,0.435,,0,iterations=10;iterations_executed=10;source=algorithm;round_trip=0.455462
103.000,ours,-,robot1,MIN_DISTANCE,OK,1.363,5.768,,0,nearest_robot=robot2
103.000,ours,-,robot2,MIN_DISTANCE,OK,1.363,5.768,,0,nearest_robot=robot1
103.000,ours,-,robot3,MIN_DISTANCE,OK,7.165,5.768,,0,nearest_robot=robot5
103.000,ours,-,robot4,MIN_DISTANCE,OK,9.310,5.768,,0,nearest_robot=robot3
103.000,ours,-,robot5,MIN_DISTANCE,OK,7.165,5.768,,0,nearest_robot=robot3
103.000,ours,-,robot6,MIN_DISTANCE,OK,8.243,5.768,,0,nearest_robot=robot2
103.000,ours,-,fleet,MIN_DISTANCE_AVG,OK,5.768,,,0,robots_sampled=6
103.420,ours,-,fleet,CHOMP_TIME_PARTIAL,OK,,0.435,,0,iterations=10;iterations_executed=10;source=algorithm;round_trip=0.455107
103.920,ours,-,fleet,CHOMP_TIME_PARTIAL,OK,,0.434,,0,iterations=10;iterations_executed=10;source=algorithm;round_trip=0.451242
104.000,ours,-,robot1,MIN_DISTANCE,OK,0.844,5.629,,0,nearest_robot=robot2
104.000,ours,-,robot2,MIN_DISTANCE,OK,0.844,5.629,,0,nearest_robot=robot1
104.000,ours,-,robot3,MIN_DISTANCE,OK,7.226,5.629,,0,nearest_robot=robot5
104.000,ours,-,robot4,MIN_DISTANCE,OK,9.707,5.629,,0,nearest_robot=robot3
104.000,ours,-,robot5,MIN_DISTANCE,OK,7.226,5.629,,0,nearest_robot=robot3
104.000,ours,-,robot6,MIN_DISTANCE,OK,7.929,5.629,,0,nearest_robot=robot2
104.000,ours,-,fleet,MIN_DISTANCE_AVG,OK,5.629,,,0,robots_sampled=6
104.460,ours,-,fleet,CHOMP_TIME_PARTIAL,OK,,0.469,,0,iterations=10;iterations_executed=10;source=algorithm;round_trip=0.487640
104.960,ours,-,fleet,CHOMP_TIME_PARTIAL,OK,,0.474,,0,iterations=10;iterations_executed=10;source=algorithm;round_trip=0.491685
105.000,ours,-,robot1,MIN_DISTANCE,OK,1.206,5.824,,0,nearest_robot=robot2
105.000,ours,-,robot2,MIN_DISTANCE,OK,1.206,5.824,,0,nearest_robot=robot1
105.000,ours,-,robot3,MIN_DISTANCE,OK,7.366,5.824,,0,nearest_robot=robot5
105.000,ours,-,robot4,MIN_DISTANCE,OK,10.167,5.824,,0,nearest_robot=robot3
105.000,ours,-,robot5,MIN_DISTANCE,OK,7.366,5.824,,0,nearest_robot=robot3
105.000,ours,-,robot6,MIN_DISTANCE,OK,7.632,5.824,,0,nearest_robot=robot2
105.000,ours,-,fleet,MIN_DISTANCE_AVG,OK,5.824,,,0,robots_sampled=6
105.410,ours,-,fleet,CHOMP_TIME_PARTIAL,OK,,0.414,,0,iterations=10;iterations_executed=10;source=algorithm;round_trip=0.439346
105.940,ours,-,fleet,CHOMP_TIME_PARTIAL,OK,,0.457,,0,iterations=10;iterations_executed=10;source=algorithm;round_trip=0.476641
106.000,ours,-,robot1,MIN_DISTANCE,OK,2.002,6.182,,0,nearest_robot=robot2
106.000,ours,-,robot2,MIN_DISTANCE,OK,2.002,6.182,,0,nearest_robot=robot1
106.000,ours,-,robot3,MIN_DISTANCE,OK,7.633,6.182,,0,nearest_robot=robot5
106.000,ours,-,robot4,MIN_DISTANCE,OK,10.480,6.182,,0,nearest_robot=robot3
106.000,ours,-,robot5,MIN_DISTANCE,OK,7.633,6.182,,0,nearest_robot=robot3
106.000,ours,-,robot6,MIN_DISTANCE,OK,7.341,6.182,,0,nearest_robot=robot2
106.000,ours,-,fleet,MIN_DISTANCE_AVG,OK,6.182,,,0,robots_sampled=6
106.420,ours,-,fleet,CHOMP_TIME_PARTIAL,OK,,0.432,,0,iterations=10;iterations_executed=10;source=algorithm;round_trip=0.450945
106.920,ours,-,fleet,CHOMP_TIME_PARTIAL,OK,,0.424,,0,iterations=10;iterations_executed=10;source=algorithm;round_trip=0.443196
107.000,ours,-,robot1,MIN_DISTANCE,OK,2.813,6.568,,0,nearest_robot=robot2
107.000,ours,-,robot2,MIN_DISTANCE,OK,2.813,6.568,,0,nearest_robot=robot1
107.000,ours,-,robot3,MIN_DISTANCE,OK,8.027,6.568,,0,nearest_robot=robot5
107.000,ours,-,robot4,MIN_DISTANCE,OK,10.607,6.568,,0,nearest_robot=robot3
107.000,ours,-,robot5,MIN_DISTANCE,OK,8.027,6.568,,0,nearest_robot=robot3
107.000,ours,-,robot6,MIN_DISTANCE,OK,7.120,6.568,,0,nearest_robot=robot2
107.000,ours,-,fleet,MIN_DISTANCE_AVG,OK,6.568,,,0,robots_sampled=6
107.440,ours,-,fleet,CHOMP_TIME_PARTIAL,OK,,0.450,,0,iterations=10;iterations_executed=10;source=algorithm;round_trip=0.470816
107.890,ours,-,fleet,CHOMP_TIME_PARTIAL,OK,,0.407,,0,iterations=10;iterations_executed=10;source=algorithm;round_trip=0.423183
108.000,ours,-,robot1,MIN_DISTANCE,OK,3.703,6.959,,0,nearest_robot=robot2
108.000,ours,-,robot2,MIN_DISTANCE,OK,3.703,6.959,,0,nearest_robot=robot1
108.000,ours,-,robot3,MIN_DISTANCE,OK,8.455,6.959,,0,nearest_robot=robot5
108.000,ours,-,robot4,MIN_DISTANCE,OK,10.617,6.959,,0,nearest_robot=robot3
108.000,ours,-,robot5,MIN_DISTANCE,OK,8.455,6.959,,0,nearest_robot=robot3
108.000,ours,-,robot6,MIN_DISTANCE,OK,6.819,6.959,,0,nearest_robot=robot2
108.000,ours,-,fleet,MIN_DISTANCE_AVG,OK,6.959,,,0,robots_sampled=6
108.410,ours,-,fleet,CHOMP_TIME_PARTIAL,OK,,0.408,,0,iterations=10;iterations_executed=10;source=algorithm;round_trip=0.432995
109.000,ours,-,robot1,MIN_DISTANCE,OK,4.580,7.350,,0,nearest_robot=robot2
109.000,ours,-,robot2,MIN_DISTANCE,OK,4.580,7.350,,0,nearest_robot=robot1
109.000,ours,-,robot3,MIN_DISTANCE,OK,8.920,7.350,,0,nearest_robot=robot5
109.000,ours,-,robot4,MIN_DISTANCE,OK,10.615,7.350,,0,nearest_robot=robot3
109.000,ours,-,robot5,MIN_DISTANCE,OK,8.920,7.350,,0,nearest_robot=robot3
109.000,ours,-,robot6,MIN_DISTANCE,OK,6.485,7.350,,0,nearest_robot=robot2
109.000,ours,-,fleet,MIN_DISTANCE_AVG,OK,7.350,,,0,robots_sampled=6
110.000,ours,-,robot1,MIN_DISTANCE,OK,5.410,7.701,,0,nearest_robot=robot2
110.000,ours,-,robot2,MIN_DISTANCE,OK,5.410,7.701,,0,nearest_robot=robot1
110.000,ours,-,robot3,MIN_DISTANCE,OK,9.296,7.701,,0,nearest_robot=robot5
110.000,ours,-,robot4,MIN_DISTANCE,OK,10.625,7.701,,0,nearest_robot=robot3
110.000,ours,-,robot5,MIN_DISTANCE,OK,9.296,7.701,,0,nearest_robot=robot3
110.000,ours,-,robot6,MIN_DISTANCE,OK,6.168,7.701,,0,nearest_robot=robot2
110.000,ours,-,fleet,MIN_DISTANCE_AVG,OK,7.701,,,0,robots_sampled=6
111.000,ours,-,robot1,MIN_DISTANCE,OK,6.228,7.973,,0,nearest_robot=robot2
111.000,ours,-,robot2,MIN_DISTANCE,OK,5.758,7.973,,0,nearest_robot=robot6
111.000,ours,-,robot3,MIN_DISTANCE,OK,9.729,7.973,,0,nearest_robot=robot5
111.000,ours,-,robot4,MIN_DISTANCE,OK,10.632,7.973,,0,nearest_robot=robot3
111.000,ours,-,robot5,MIN_DISTANCE,OK,9.729,7.973,,0,nearest_robot=robot3
111.000,ours,-,robot6,MIN_DISTANCE,OK,5.758,7.973,,0,nearest_robot=robot2
111.000,ours,-,fleet,MIN_DISTANCE_AVG,OK,7.973,,,0,robots_sampled=6
112.000,ours,-,robot1,MIN_DISTANCE,OK,6.943,8.054,,0,nearest_robot=robot2
112.000,ours,-,robot2,MIN_DISTANCE,OK,5.372,8.054,,0,nearest_robot=robot6
112.000,ours,-,robot3,MIN_DISTANCE,OK,10.157,8.054,,0,nearest_robot=robot5
112.000,ours,-,robot4,MIN_DISTANCE,OK,10.645,8.054,,0,nearest_robot=robot3
112.000,ours,-,robot5,MIN_DISTANCE,OK,9.836,8.054,,0,nearest_robot=robot6
112.000,ours,-,robot6,MIN_DISTANCE,OK,5.372,8.054,,0,nearest_robot=robot2
112.000,ours,-,fleet,MIN_DISTANCE_AVG,OK,8.054,,,0,robots_sampled=6
112.960,ours,-,fleet,CHOMP_TIME_FULL,OK,,4.181,,0,iterations=100;iterations_executed=100;source=algorithm;round_trip=4.208749
113.000,ours,-,robot1,MIN_DISTANCE,OK,7.359,8.097,,0,nearest_robot=robot2
113.000,ours,-,robot2,MIN_DISTANCE,OK,5.045,8.097,,0,nearest_robot=robot6
113.000,ours,-,robot3,MIN_DISTANCE,OK,10.602,8.097,,0,nearest_robot=robot5
113.000,ours,-,robot4,MIN_DISTANCE,OK,10.647,8.097,,0,nearest_robot=robot3
113.000,ours,-,robot5,MIN_DISTANCE,OK,9.882,8.097,,0,nearest_robot=robot6
113.000,ours,-,robot6,MIN_DISTANCE,OK,5.045,8.097,,0,nearest_robot=robot2
113.000,ours,-,fleet,MIN_DISTANCE_AVG,OK,8.097,,,0,robots_sampled=6
114.000,ours,-,robot1,MIN_DISTANCE,OK,7.680,8.029,,0,nearest_robot=robot2
114.000,ours,-,robot2,MIN_DISTANCE,OK,4.698,8.029,,0,nearest_robot=robot6
114.000,ours,-,robot3,MIN_DISTANCE,OK,10.628,8.029,,0,nearest_robot=robot4
114.000,ours,-,robot4,MIN_DISTANCE,OK,10.628,8.029,,0,nearest_robot=robot3
114.000,ours,-,robot5,MIN_DISTANCE,OK,9.846,8.029,,0,nearest_robot=robot6
114.000,ours,-,robot6,MIN_DISTANCE,OK,4.698,8.029,,0,nearest_robot=robot2
114.000,ours,-,fleet,MIN_DISTANCE_AVG,OK,8.029,,,0,robots_sampled=6
115.000,ours,-,robot1,MIN_DISTANCE,OK,7.951,8.022,,0,nearest_robot=robot2
115.000,ours,-,robot2,MIN_DISTANCE,OK,4.347,8.022,,0,nearest_robot=robot6
115.000,ours,-,robot3,MIN_DISTANCE,OK,10.817,8.022,,0,nearest_robot=robot4
115.000,ours,-,robot4,MIN_DISTANCE,OK,10.817,8.022,,0,nearest_robot=robot3
115.000,ours,-,robot5,MIN_DISTANCE,OK,9.855,8.022,,0,nearest_robot=robot6
115.000,ours,-,robot6,MIN_DISTANCE,OK,4.347,8.022,,0,nearest_robot=robot2
115.000,ours,-,fleet,MIN_DISTANCE_AVG,OK,8.022,,,0,robots_sampled=6
116.000,ours,-,robot1,MIN_DISTANCE,OK,8.256,8.036,,0,nearest_robot=robot2
116.000,ours,-,robot2,MIN_DISTANCE,OK,4.020,8.036,,0,nearest_robot=robot6
116.000,ours,-,robot3,MIN_DISTANCE,OK,11.027,8.036,,0,nearest_robot=robot4
116.000,ours,-,robot4,MIN_DISTANCE,OK,11.027,8.036,,0,nearest_robot=robot3
116.000,ours,-,robot5,MIN_DISTANCE,OK,9.866,8.036,,0,nearest_robot=robot6
116.000,ours,-,robot6,MIN_DISTANCE,OK,4.020,8.036,,0,nearest_robot=robot2
116.000,ours,-,fleet,MIN_DISTANCE_AVG,OK,8.036,,,0,robots_sampled=6
117.000,ours,-,robot1,MIN_DISTANCE,OK,8.565,8.027,,0,nearest_robot=robot2
117.000,ours,-,robot2,MIN_DISTANCE,OK,3.673,8.027,,0,nearest_robot=robot6
117.000,ours,-,robot3,MIN_DISTANCE,OK,11.194,8.027,,0,nearest_robot=robot4
117.000,ours,-,robot4,MIN_DISTANCE,OK,11.092,8.027,,0,nearest_robot=robot1
117.000,ours,-,robot5,MIN_DISTANCE,OK,9.967,8.027,,0,nearest_robot=robot6
117.000,ours,-,robot6,MIN_DISTANCE,OK,3.673,8.027,,0,nearest_robot=robot2
117.000,ours,-,fleet,MIN_DISTANCE_AVG,OK,8.027,,,0,robots_sampled=6
117.550,ours,-,fleet,CHOMP_TIME_FULL,OK,,4.303,,0,iterations=100;iterations_executed=100;source=algorithm;round_trip=4.324317
118.000,ours,-,robot1,MIN_DISTANCE,OK,8.831,7.894,,0,nearest_robot=robot2
118.000,ours,-,robot2,MIN_DISTANCE,OK,3.387,7.894,,0,nearest_robot=robot6
118.000,ours,-,robot3,MIN_DISTANCE,OK,11.289,7.894,,0,nearest_robot=robot4
118.000,ours,-,robot4,MIN_DISTANCE,OK,10.410,7.894,,0,nearest_robot=robot1
118.000,ours,-,robot5,MIN_DISTANCE,OK,10.062,7.894,,0,nearest_robot=robot6
118.000,ours,-,robot6,MIN_DISTANCE,OK,3.387,7.894,,0,nearest_robot=robot2
118.000,ours,-,fleet,MIN_DISTANCE_AVG,OK,7.894,,,0,robots_sampled=6
119.000,ours,-,robot1,MIN_DISTANCE,OK,9.055,7.724,,0,nearest_robot=robot2
119.000,ours,-,robot2,MIN_DISTANCE,OK,3.125,7.724,,0,nearest_robot=robot6
119.000,ours,-,robot3,MIN_DISTANCE,OK,11.347,7.724,,0,nearest_robot=robot4
119.000,ours,-,robot4,MIN_DISTANCE,OK,9.633,7.724,,0,nearest_robot=robot1
119.000,ours,-,robot5,MIN_DISTANCE,OK,10.058,7.724,,0,nearest_robot=robot6
119.000,ours,-,robot6,MIN_DISTANCE,OK,3.125,7.724,,0,nearest_robot=robot2
119.000,ours,-,fleet,MIN_DISTANCE_AVG,OK,7.724,,,0,robots_sampled=6
120.000,ours,-,robot1,MIN_DISTANCE,OK,8.884,7.501,,0,nearest_robot=robot4
120.000,ours,-,robot2,MIN_DISTANCE,OK,3.059,7.501,,0,nearest_robot=robot6
120.000,ours,-,robot3,MIN_DISTANCE,OK,11.248,7.501,,0,nearest_robot=robot4
120.000,ours,-,robot4,MIN_DISTANCE,OK,8.884,7.501,,0,nearest_robot=robot1
120.000,ours,-,robot5,MIN_DISTANCE,OK,9.876,7.501,,0,nearest_robot=robot6
120.000,ours,-,robot6,MIN_DISTANCE,OK,3.059,7.501,,0,nearest_robot=robot2
120.000,ours,-,fleet,MIN_DISTANCE_AVG,OK,7.501,,,0,robots_sampled=6
121.000,ours,-,robot1,MIN_DISTANCE,OK,8.113,7.146,,0,nearest_robot=robot4
121.000,ours,-,robot2,MIN_DISTANCE,OK,3.082,7.146,,0,nearest_robot=robot6
121.000,ours,-,robot3,MIN_DISTANCE,OK,11.147,7.146,,0,nearest_robot=robot4
121.000,ours,-,robot4,MIN_DISTANCE,OK,8.113,7.146,,0,nearest_robot=robot1
121.000,ours,-,robot5,MIN_DISTANCE,OK,9.336,7.146,,0,nearest_robot=robot6
121.000,ours,-,robot6,MIN_DISTANCE,OK,3.082,7.146,,0,nearest_robot=robot2
121.000,ours,-,fleet,MIN_DISTANCE_AVG,OK,7.146,,,0,robots_sampled=6
122.000,ours,-,robot1,MIN_DISTANCE,OK,7.342,6.752,,0,nearest_robot=robot4
122.000,ours,-,robot2,MIN_DISTANCE,OK,2.925,6.752,,0,nearest_robot=robot6
122.000,ours,-,robot3,MIN_DISTANCE,OK,11.106,6.752,,0,nearest_robot=robot4
122.000,ours,-,robot4,MIN_DISTANCE,OK,7.342,6.752,,0,nearest_robot=robot1
122.000,ours,-,robot5,MIN_DISTANCE,OK,8.872,6.752,,0,nearest_robot=robot6
122.000,ours,-,robot6,MIN_DISTANCE,OK,2.925,6.752,,0,nearest_robot=robot2
122.000,ours,-,fleet,MIN_DISTANCE_AVG,OK,6.752,,,0,robots_sampled=6
122.470,ours,-,fleet,CHOMP_TIME_FULL,OK,,4.204,,0,iterations=100;iterations_executed=100;source=algorithm;round_trip=4.226027
123.000,ours,-,robot1,MIN_DISTANCE,OK,6.594,6.404,,0,nearest_robot=robot4
123.000,ours,-,robot2,MIN_DISTANCE,OK,2.832,6.404,,0,nearest_robot=robot6
123.000,ours,-,robot3,MIN_DISTANCE,OK,11.140,6.404,,0,nearest_robot=robot4
123.000,ours,-,robot4,MIN_DISTANCE,OK,6.594,6.404,,0,nearest_robot=robot1
123.000,ours,-,robot5,MIN_DISTANCE,OK,8.433,6.404,,0,nearest_robot=robot6
123.000,ours,-,robot6,MIN_DISTANCE,OK,2.832,6.404,,0,nearest_robot=robot2
123.000,ours,-,fleet,MIN_DISTANCE_AVG,OK,6.404,,,0,robots_sampled=6
124.000,ours,-,robot1,MIN_DISTANCE,OK,5.856,6.006,,0,nearest_robot=robot4
124.000,ours,-,robot2,MIN_DISTANCE,OK,2.524,6.006,,0,nearest_robot=robot6
124.000,ours,-,robot3,MIN_DISTANCE,OK,11.281,6.006,,0,nearest_robot=robot4
124.000,ours,-,robot4,MIN_DISTANCE,OK,5.856,6.006,,0,nearest_robot=robot1
124.000,ours,-,robot5,MIN_DISTANCE,OK,7.995,6.006,,0,nearest_robot=robot6
124.000,ours,-,robot6,MIN_DISTANCE,OK,2.524,6.006,,0,nearest_robot=robot2
124.000,ours,-,fleet,MIN_DISTANCE_AVG,OK,6.006,,,0,robots_sampled=6
125.000,ours,-,robot1,MIN_DISTANCE,OK,5.036,5.624,,0,nearest_robot=robot4
125.000,ours,-,robot2,MIN_DISTANCE,OK,2.322,5.624,,0,nearest_robot=robot6
125.000,ours,-,robot3,MIN_DISTANCE,OK,11.446,5.624,,0,nearest_robot=robot4
125.000,ours,-,robot4,MIN_DISTANCE,OK,5.036,5.624,,0,nearest_robot=robot1
125.000,ours,-,robot5,MIN_DISTANCE,OK,7.579,5.624,,0,nearest_robot=robot6
125.000,ours,-,robot6,MIN_DISTANCE,OK,2.322,5.624,,0,nearest_robot=robot2
125.000,ours,-,fleet,MIN_DISTANCE_AVG,OK,5.624,,,0,robots_sampled=6
126.000,ours,-,robot1,MIN_DISTANCE,OK,4.246,5.326,,0,nearest_robot=robot4
126.000,ours,-,robot2,MIN_DISTANCE,OK,2.354,5.326,,0,nearest_robot=robot6
126.000,ours,-,robot3,MIN_DISTANCE,OK,11.626,5.326,,0,nearest_robot=robot4
126.000,ours,-,robot4,MIN_DISTANCE,OK,4.246,5.326,,0,nearest_robot=robot1
126.000,ours,-,robot5,MIN_DISTANCE,OK,7.129,5.326,,0,nearest_robot=robot6
126.000,ours,-,robot6,MIN_DISTANCE,OK,2.354,5.326,,0,nearest_robot=robot2
126.000,ours,-,fleet,MIN_DISTANCE_AVG,OK,5.326,,,0,robots_sampled=6
127.000,ours,-,robot1,MIN_DISTANCE,OK,3.478,5.050,,0,nearest_robot=robot4
127.000,ours,-,robot2,MIN_DISTANCE,OK,2.401,5.050,,0,nearest_robot=robot6
127.000,ours,-,robot3,MIN_DISTANCE,OK,11.821,5.050,,0,nearest_robot=robot4
127.000,ours,-,robot4,MIN_DISTANCE,OK,3.478,5.050,,0,nearest_robot=robot1
127.000,ours,-,robot5,MIN_DISTANCE,OK,6.722,5.050,,0,nearest_robot=robot6
127.000,ours,-,robot6,MIN_DISTANCE,OK,2.401,5.050,,0,nearest_robot=robot2
127.000,ours,-,fleet,MIN_DISTANCE_AVG,OK,5.050,,,0,robots_sampled=6
127.570,ours,-,fleet,CHOMP_TIME_FULL,OK,,4.292,,0,iterations=100;iterations_executed=100;source=algorithm;round_trip=4.311698
128.000,ours,-,robot1,MIN_DISTANCE,OK,2.722,4.756,,0,nearest_robot=robot4
128.000,ours,-,robot2,MIN_DISTANCE,OK,2.375,4.756,,0,nearest_robot=robot6
128.000,ours,-,robot3,MIN_DISTANCE,OK,12.005,4.756,,0,nearest_robot=robot4
128.000,ours,-,robot4,MIN_DISTANCE,OK,2.722,4.756,,0,nearest_robot=robot1
128.000,ours,-,robot5,MIN_DISTANCE,OK,6.334,4.756,,0,nearest_robot=robot6
128.000,ours,-,robot6,MIN_DISTANCE,OK,2.375,4.756,,0,nearest_robot=robot2
128.000,ours,-,fleet,MIN_DISTANCE_AVG,OK,4.756,,,0,robots_sampled=6
128.440,ours,-,fleet,CHOMP_TIME_PARTIAL,OK,,0.463,,0,iterations=10;iterations_executed=10;source=algorithm;round_trip=0.482925
128.980,ours,-,fleet,CHOMP_TIME_PARTIAL,OK,,0.489,,0,iterations=10;iterations_executed=10;source=algorithm;round_trip=0.507688
129.000,ours,-,robot1,MIN_DISTANCE,OK,2.033,4.444,,0,nearest_robot=robot4
129.000,ours,-,robot2,MIN_DISTANCE,OK,2.130,4.444,,0,nearest_robot=robot6
129.000,ours,-,robot3,MIN_DISTANCE,OK,12.043,4.444,,0,nearest_robot=robot4
129.000,ours,-,robot4,MIN_DISTANCE,OK,2.033,4.444,,0,nearest_robot=robot1
129.000,ours,-,robot5,MIN_DISTANCE,OK,6.295,4.444,,0,nearest_robot=robot6
129.000,ours,-,robot6,MIN_DISTANCE,OK,2.130,4.444,,0,nearest_robot=robot2
129.000,ours,-,fleet,MIN_DISTANCE_AVG,OK,4.444,,,0,robots_sampled=6
129.420,ours,-,fleet,CHOMP_TIME_PARTIAL,OK,,0.423,,0,iterations=10;iterations_executed=10;source=algorithm;round_trip=0.444448
129.930,ours,-,fleet,CHOMP_TIME_PARTIAL,OK,,0.456,,0,iterations=10;iterations_executed=10;source=algorithm;round_trip=0.475553
130.000,ours,-,robot1,MIN_DISTANCE,OK,1.458,4.100,,0,nearest_robot=robot4
130.000,ours,-,robot2,MIN_DISTANCE,OK,1.712,4.100,,0,nearest_robot=robot6
130.000,ours,-,robot3,MIN_DISTANCE,OK,12.009,4.100,,0,nearest_robot=robot4
130.000,ours,-,robot4,MIN_DISTANCE,OK,1.458,4.100,,0,nearest_robot=robot1
130.000,ours,-,robot5,MIN_DISTANCE,OK,6.252,4.100,,0,nearest_robot=robot2
130.000,ours,-,robot6,MIN_DISTANCE,OK,1.712,4.100,,0,nearest_robot=robot2
130.000,ours,-,fleet,MIN_DISTANCE_AVG,OK,4.100,,,0,robots_sampled=6
130.460,ours,-,fleet,CHOMP_TIME_PARTIAL,OK,,0.480,,0,iterations=10;iterations_executed=10;source=algorithm;round_trip=0.503152
130.960,ours,-,fleet,CHOMP_TIME_PARTIAL,OK,,0.472,,0,iterations=10;iterations_executed=10;source=algorithm;round_trip=0.488746
131.000,ours,-,robot1,MIN_DISTANCE,OK,1.130,3.784,,0,nearest_robot=robot4
131.000,ours,-,robot2,MIN_DISTANCE,OK,1.512,3.784,,0,nearest_robot=robot6
131.000,ours,-,robot3,MIN_DISTANCE,OK,11.975,3.784,,0,nearest_robot=robot4
131.000,ours,-,robot4,MIN_DISTANCE,OK,1.130,3.784,,0,nearest_robot=robot1
131.000,ours,-,robot5,MIN_DISTANCE,OK,5.448,3.784,,0,nearest_robot=robot2
131.000,ours,-,robot6,MIN_DISTANCE,OK,1.512,3.784,,0,nearest_robot=robot2
131.000,ours,-,fleet,MIN_DISTANCE_AVG,OK,3.784,,,0,robots_sampled=6
132.000,ours,-,robot1,MIN_DISTANCE,OK,1.246,3.769,,0,nearest_robot=robot4
132.000,ours,-,robot2,MIN_DISTANCE,OK,1.769,3.769,,0,nearest_robot=robot6
132.000,ours,-,robot3,MIN_DISTANCE,OK,11.914,3.769,,0,nearest_robot=robot4
132.000,ours,-,robot4,MIN_DISTANCE,OK,1.246,3.769,,0,nearest_robot=robot1
132.000,ours,-,robot5,MIN_DISTANCE,OK,4.673,3.769,,0,nearest_robot=robot2
132.000,ours,-,robot6,MIN_DISTANCE,OK,1.769,3.769,,0,nearest_robot=robot2
132.000,ours,-,fleet,MIN_DISTANCE_AVG,OK,3.769,,,0,robots_sampled=6
133.000,ours,-,robot1,MIN_DISTANCE,OK,1.734,3.996,,0,nearest_robot=robot4
133.000,ours,-,robot2,MIN_DISTANCE,OK,2.366,3.996,,0,nearest_robot=robot6
133.000,ours,-,robot3,MIN_DISTANCE,OK,11.888,3.996,,0,nearest_robot=robot4
133.000,ours,-,robot4,MIN_DISTANCE,OK,1.734,3.996,,0,nearest_robot=robot1
133.000,ours,-,robot5,MIN_DISTANCE,OK,3.886,3.996,,0,nearest_robot=robot2
133.000,ours,-,robot6,MIN_DISTANCE,OK,2.366,3.996,,0,nearest_robot=robot2
133.000,ours,-,fleet,MIN_DISTANCE_AVG,OK,3.996,,,0,robots_sampled=6
134.000,ours,-,robot1,MIN_DISTANCE,OK,2.470,4.332,,0,nearest_robot=robot4
134.000,ours,-,robot2,MIN_DISTANCE,OK,3.024,4.332,,0,nearest_robot=robot5
134.000,ours,-,robot3,MIN_DISTANCE,OK,11.837,4.332,,0,nearest_robot=robot1
134.000,ours,-,robot4,MIN_DISTANCE,OK,2.470,4.332,,0,nearest_robot=robot1
134.000,ours,-,robot5,MIN_DISTANCE,OK,3.024,4.332,,0,nearest_robot=robot2
134.000,ours,-,robot6,MIN_DISTANCE,OK,3.166,4.332,,0,nearest_robot=robot2
134.000,ours,-,fleet,MIN_DISTANCE_AVG,OK,4.332,,,0,robots_sampled=6
135.000,ours,-,robot1,MIN_DISTANCE,OK,3.219,4.323,,0,nearest_robot=robot4
135.000,ours,-,robot2,MIN_DISTANCE,OK,2.065,4.323,,0,nearest_robot=robot5
135.000,ours,-,robot3,MIN_DISTANCE,OK,11.347,4.323,,0,nearest_robot=robot1
135.000,ours,-,robot4,MIN_DISTANCE,OK,3.219,4.323,,0,nearest_robot=robot1
135.000,ours,-,robot5,MIN_DISTANCE,OK,2.065,4.323,,0,nearest_robot=robot2
135.000,ours,-,robot6,MIN_DISTANCE,OK,4.020,4.323,,0,nearest_robot=robot2
135.000,ours,-,fleet,MIN_DISTANCE_AVG,OK,4.323,,,0,robots_sampled=6
135.650,ours,-,fleet,CHOMP_TIME_FULL,OK,,4.444,,0,iterations=100;iterations_executed=100;source=algorithm;round_trip=4.468405
136.000,ours,-,robot1,MIN_DISTANCE,OK,4.015,4.306,,0,nearest_robot=robot4
136.000,ours,-,robot2,MIN_DISTANCE,OK,1.192,4.306,,0,nearest_robot=robot5
136.000,ours,-,robot3,MIN_DISTANCE,OK,10.589,4.306,,0,nearest_robot=robot1
136.000,ours,-,robot4,MIN_DISTANCE,OK,4.015,4.306,,0,nearest_robot=robot1
136.000,ours,-,robot5,MIN_DISTANCE,OK,1.192,4.306,,0,nearest_robot=robot2
136.000,ours,-,robot6,MIN_DISTANCE,OK,4.832,4.306,,0,nearest_robot=robot2
136.000,ours,-,fleet,MIN_DISTANCE_AVG,OK,4.306,,,0,robots_sampled=6
136.450,ours,-,fleet,CHOMP_TIME_PARTIAL,OK,,0.477,,0,iterations=10;iterations_executed=10;source=algorithm;round_trip=0.495546
137.000,ours,-,fleet,CHOMP_TIME_PARTIAL,OK,,0.520,,0,iterations=10;iterations_executed=10;source=algorithm;round_trip=0.538645
137.000,ours,-,robot1,MIN_DISTANCE,OK,4.786,4.351,,0,nearest_robot=robot4
137.000,ours,-,robot2,MIN_DISTANCE,OK,0.517,4.351,,0,nearest_robot=robot5
137.000,ours,-,robot3,MIN_DISTANCE,OK,9.835,4.351,,0,nearest_robot=robot1
137.000,ours,-,robot4,MIN_DISTANCE,OK,4.786,4.351,,0,nearest_robot=robot1
137.000,ours,-,robot5,MIN_DISTANCE,OK,0.517,4.351,,0,nearest_robot=robot2
137.000,ours,-,robot6,MIN_DISTANCE,OK,5.664,4.351,,0,nearest_robot=robot2
137.000,ours,-,fleet,MIN_DISTANCE_AVG,OK,4.351,,,0,robots_sampled=6
137.950,ours,-,fleet,CHOMP_TIME_PARTIAL,OK,,0.462,,0,iterations=10;iterations_executed=10;source=algorithm;round_trip=0.479079
138.000,ours,-,robot1,MIN_DISTANCE,OK,5.587,4.663,,0,nearest_robot=robot4
138.000,ours,-,robot2,MIN_DISTANCE,OK,1.076,4.663,,0,nearest_robot=robot5
138.000,ours,-,robot3,MIN_DISTANCE,OK,9.113,4.663,,0,nearest_robot=robot1
138.000,ours,-,robot4,MIN_DISTANCE,OK,5.587,4.663,,0,nearest_robot=robot1
138.000,ours,-,robot5,MIN_DISTANCE,OK,1.076,4.663,,0,nearest_robot=robot2
138.000,ours,-,robot6,MIN_DISTANCE,OK,5.542,4.663,,0,nearest_robot=robot5
138.000,ours,-,fleet,MIN_DISTANCE_AVG,OK,4.663,,,0,robots_sampled=6
138.460,ours,-,fleet,CHOMP_TIME_PARTIAL,OK,,0.475,,0,iterations=10;iterations_executed=10;source=algorithm;round_trip=0.494418
138.910,ours,-,fleet,CHOMP_TIME_PARTIAL,OK,,0.426,,0,iterations=10;iterations_executed=10;source=algorithm;round_trip=0.444059
139.000,ours,-,robot1,MIN_DISTANCE,OK,6.373,5.072,,0,nearest_robot=robot4
139.000,ours,-,robot2,MIN_DISTANCE,OK,1.915,5.072,,0,nearest_robot=robot5
139.000,ours,-,robot3,MIN_DISTANCE,OK,8.470,5.072,,0,nearest_robot=robot1
139.000,ours,-,robot4,MIN_DISTANCE,OK,6.373,5.072,,0,nearest_robot=robot1
139.000,ours,-,robot5,MIN_DISTANCE,OK,1.915,5.072,,0,nearest_robot=robot2
139.000,ours,-,robot6,MIN_DISTANCE,OK,5.386,5.072,,0,nearest_robot=robot5
139.000,ours,-,fleet,MIN_DISTANCE_AVG,OK,5.072,,,0,robots_sampled=6
139.440,ours,-,fleet,CHOMP_TIME_PARTIAL,OK,,0.450,,0,iterations=10;iterations_executed=10;source=algorithm;round_trip=0.470614
139.920,ours,-,fleet,CHOMP_TIME_PARTIAL,OK,,0.432,,0,iterations=10;iterations_executed=10;source=algorithm;round_trip=0.452055
140.000,ours,-,robot1,MIN_DISTANCE,OK,7.165,5.516,,0,nearest_robot=robot4
140.000,ours,-,robot2,MIN_DISTANCE,OK,2.841,5.516,,0,nearest_robot=robot5
140.000,ours,-,robot3,MIN_DISTANCE,OK,7.871,5.516,,0,nearest_robot=robot1
140.000,ours,-,robot4,MIN_DISTANCE,OK,7.165,5.516,,0,nearest_robot=robot1
140.000,ours,-,robot5,MIN_DISTANCE,OK,2.841,5.516,,0,nearest_robot=robot2
140.000,ours,-,robot6,MIN_DISTANCE,OK,5.213,5.516,,0,nearest_robot=robot5
140.000,ours,-,fleet,MIN_DISTANCE_AVG,OK,5.516,,,0,robots_sampled=6
140.400,ours,-,fleet,CHOMP_TIME_PARTIAL,OK,,0.425,,0,iterations=10;iterations_executed=10;source=algorithm;round_trip=0.444067
140.950,ours,-,fleet,CHOMP_TIME_PARTIAL,OK,,0.456,,0,iterations=10;iterations_executed=10;source=algorithm;round_trip=0.481106
141.000,ours,-,robot1,MIN_DISTANCE,OK,7.331,5.876,,0,nearest_robot=robot3
141.000,ours,-,robot2,MIN_DISTANCE,OK,3.795,5.876,,0,nearest_robot=robot5
141.000,ours,-,robot3,MIN_DISTANCE,OK,7.331,5.876,,0,nearest_robot=robot1
141.000,ours,-,robot4,MIN_DISTANCE,OK,7.973,5.876,,0,nearest_robot=robot1
141.000,ours,-,robot5,MIN_DISTANCE,OK,3.795,5.876,,0,nearest_robot=robot2
141.000,ours,-,robot6,MIN_DISTANCE,OK,5.033,5.876,,0,nearest_robot=robot5
141.000,ours,-,fleet,MIN_DISTANCE_AVG,OK,5.876,,,0,robots_sampled=6
141.440,ours,-,fleet,CHOMP_TIME_PARTIAL,OK,,0.484,,0,iterations=10;iterations_executed=10;source=algorithm;round_trip=0.502918
142.010,ours,-,fleet,CHOMP_TIME_PARTIAL,OK,,0.515,,0,iterations=10;iterations_executed=10;source=algorithm;round_trip=0.540063
142.010,ours,-,robot1,MIN_DISTANCE,OK,6.833,6.130,,0,nearest_robot=robot3
142.010,ours,-,robot2,MIN_DISTANCE,OK,4.757,6.130,,0,nearest_robot=robot5
142.010,ours,-,robot3,MIN_DISTANCE,OK,6.833,6.130,,0,nearest_robot=robot1
142.010,ours,-,robot4,MIN_DISTANCE,OK,8.765,6.130,,0,nearest_robot=robot1
142.010,ours,-,robot5,MIN_DISTANCE,OK,4.757,6.130,,0,nearest_robot=robot2
142.010,ours,-,robot6,MIN_DISTANCE,OK,4.835,6.130,,0,nearest_robot=robot5
142.010,ours,-,fleet,MIN_DISTANCE_AVG,OK,6.130,,,0,robots_sampled=6
142.910,ours,-,fleet,CHOMP_TIME_PARTIAL,OK,,0.424,,0,iterations=10;iterations_executed=10;source=algorithm;round_trip=0.441677
143.000,ours,-,robot1,MIN_DISTANCE,OK,6.353,6.133,,0,nearest_robot=robot3
143.000,ours,-,robot2,MIN_DISTANCE,OK,5.648,6.133,,0,nearest_robot=robot5
143.000,ours,-,robot3,MIN_DISTANCE,OK,6.353,6.133,,0,nearest_robot=robot1
143.000,ours,-,robot4,MIN_DISTANCE,OK,9.134,6.133,,0,nearest_robot=robot5
143.000,ours,-,robot5,MIN_DISTANCE,OK,4.656,6.133,,0,nearest_robot=robot6
143.000,ours,-,robot6,MIN_DISTANCE,OK,4.656,6.133,,0,nearest_robot=robot5
143.000,ours,-,fleet,MIN_DISTANCE_AVG,OK,6.133,,,0,robots_sampled=6
143.430,ours,-,fleet,CHOMP_TIME_PARTIAL,OK,,0.448,,0,iterations=10;iterations_executed=10;source=algorithm;round_trip=0.471921
143.940,ours,-,fleet,CHOMP_TIME_PARTIAL,OK,,0.448,,0,iterations=10;iterations_executed=10;source=algorithm;round_trip=0.467433
144.000,ours,-,robot1,MIN_DISTANCE,OK,5.936,6.087,,0,nearest_robot=robot3
144.000,ours,-,robot2,MIN_DISTANCE,OK,6.309,6.087,,0,nearest_robot=robot5
144.000,ours,-,robot3,MIN_DISTANCE,OK,5.936,6.087,,0,nearest_robot=robot1
144.000,ours,-,robot4,MIN_DISTANCE,OK,8.845,6.087,,0,nearest_robot=robot5
144.000,ours,-,robot5,MIN_DISTANCE,OK,4.747,6.087,,0,nearest_robot=robot6
144.000,ours,-,robot6,MIN_DISTANCE,OK,4.747,6.087,,0,nearest_robot=robot5
144.000,ours,-,fleet,MIN_DISTANCE_AVG,OK,6.087,,,0,robots_sampled=6
144.450,ours,-,fleet,CHOMP_TIME_PARTIAL,OK,,0.475,,0,iterations=10;iterations_executed=10;source=algorithm;round_trip=0.493826
145.000,ours,-,robot1,MIN_DISTANCE,OK,5.501,6.149,,0,nearest_robot=robot3
145.000,ours,-,robot2,MIN_DISTANCE,OK,6.643,6.149,,0,nearest_robot=robot5
145.000,ours,-,robot3,MIN_DISTANCE,OK,5.501,6.149,,0,nearest_robot=robot1
145.000,ours,-,robot4,MIN_DISTANCE,OK,8.502,6.149,,0,nearest_robot=robot5
145.000,ours,-,robot5,MIN_DISTANCE,OK,5.372,6.149,,0,nearest_robot=robot6
145.000,ours,-,robot6,MIN_DISTANCE,OK,5.372,6.149,,0,nearest_robot=robot5
145.000,ours,-,fleet,MIN_DISTANCE_AVG,OK,6.149,,,0,robots_sampled=6
146.000,ours,-,robot1,MIN_DISTANCE,OK,5.093,6.084,,0,nearest_robot=robot3
146.000,ours,-,robot2,MIN_DISTANCE,OK,6.904,6.084,,0,nearest_robot=robot5
146.000,ours,-,robot3,MIN_DISTANCE,OK,5.093,6.084,,0,nearest_robot=robot1
146.000,ours,-,robot4,MIN_DISTANCE,OK,8.184,6.084,,0,nearest_robot=robot5
146.000,ours,-,robot5,MIN_DISTANCE,OK,5.615,6.084,,0,nearest_robot=robot6
146.000,ours,-,robot6,MIN_DISTANCE,OK,5.615,6.084,,0,nearest_robot=robot5
146.000,ours,-,fleet,MIN_DISTANCE_AVG,OK,6.084,,,0,robots_sampled=6
147.000,ours,-,robot1,MIN_DISTANCE,OK,4.782,6.006,,0,nearest_robot=robot3
147.000,ours,-,robot2,MIN_DISTANCE,OK,7.147,6.006,,0,nearest_robot=robot5
147.000,ours,-,robot3,MIN_DISTANCE,OK,4.782,6.006,,0,nearest_robot=robot1
147.000,ours,-,robot4,MIN_DISTANCE,OK,7.839,6.006,,0,nearest_robot=robot5
147.000,ours,-,robot5,MIN_DISTANCE,OK,5.745,6.006,,0,nearest_robot=robot6
147.000,ours,-,robot6,MIN_DISTANCE,OK,5.745,6.006,,0,nearest_robot=robot5
147.000,ours,-,fleet,MIN_DISTANCE_AVG,OK,6.006,,,0,robots_sampled=6
148.000,ours,-,robot1,MIN_DISTANCE,OK,4.605,6.019,,0,nearest_robot=robot3
148.000,ours,-,robot2,MIN_DISTANCE,OK,7.412,6.019,,0,nearest_robot=robot5
148.000,ours,-,robot3,MIN_DISTANCE,OK,4.605,6.019,,0,nearest_robot=robot1
148.000,ours,-,robot4,MIN_DISTANCE,OK,7.487,6.019,,0,nearest_robot=robot5
148.000,ours,-,robot5,MIN_DISTANCE,OK,6.004,6.019,,0,nearest_robot=robot6
148.000,ours,-,robot6,MIN_DISTANCE,OK,6.004,6.019,,0,nearest_robot=robot5
148.000,ours,-,fleet,MIN_DISTANCE_AVG,OK,6.019,,,0,robots_sampled=6
148.930,ours,-,fleet,CHOMP_TIME_FULL,OK,,4.129,,0,iterations=100;iterations_executed=100;source=algorithm;round_trip=4.152713
149.000,ours,-,robot1,MIN_DISTANCE,OK,4.337,6.016,,0,nearest_robot=robot3
149.000,ours,-,robot2,MIN_DISTANCE,OK,7.676,6.016,,0,nearest_robot=robot5
149.000,ours,-,robot3,MIN_DISTANCE,OK,4.337,6.016,,0,nearest_robot=robot1
149.000,ours,-,robot4,MIN_DISTANCE,OK,7.140,6.016,,0,nearest_robot=robot5
149.000,ours,-,robot5,MIN_DISTANCE,OK,6.303,6.016,,0,nearest_robot=robot6
149.000,ours,-,robot6,MIN_DISTANCE,OK,6.303,6.016,,0,nearest_robot=robot5
149.000,ours,-,fleet,MIN_DISTANCE_AVG,OK,6.016,,,0,robots_sampled=6
150.000,ours,-,robot1,MIN_DISTANCE,OK,4.069,5.962,,0,nearest_robot=robot3
150.000,ours,-,robot2,MIN_DISTANCE,OK,7.927,5.962,,0,nearest_robot=robot5
150.000,ours,-,robot3,MIN_DISTANCE,OK,4.069,5.962,,0,nearest_robot=robot1
150.000,ours,-,robot4,MIN_DISTANCE,OK,6.749,5.962,,0,nearest_robot=robot5
150.000,ours,-,robot5,MIN_DISTANCE,OK,6.479,5.962,,0,nearest_robot=robot6
150.000,ours,-,robot6,MIN_DISTANCE,OK,6.479,5.962,,0,nearest_robot=robot5
150.000,ours,-,fleet,MIN_DISTANCE_AVG,OK,5.962,,,0,robots_sampled=6
151.000,ours,-,robot1,MIN_DISTANCE,OK,3.700,5.867,,0,nearest_robot=robot3
151.000,ours,-,robot2,MIN_DISTANCE,OK,8.208,5.867,,0,nearest_robot=robot5
151.000,ours,-,robot3,MIN_DISTANCE,OK,3.700,5.867,,0,nearest_robot=robot1
151.000,ours,-,robot4,MIN_DISTANCE,OK,6.410,5.867,,0,nearest_robot=robot5
151.000,ours,-,robot5,MIN_DISTANCE,OK,6.410,5.867,,0,nearest_robot=robot4
151.000,ours,-,robot6,MIN_DISTANCE,OK,6.775,5.867,,0,nearest_robot=robot5
151.000,ours,-,fleet,MIN_DISTANCE_AVG,OK,5.867,,,0,robots_sampled=6
152.000,ours,-,robot1,MIN_DISTANCE,OK,3.286,5.709,,0,nearest_robot=robot3
152.000,ours,-,robot2,MIN_DISTANCE,OK,8.462,5.709,,0,nearest_robot=robot5
152.000,ours,-,robot3,MIN_DISTANCE,OK,3.286,5.709,,0,nearest_robot=robot1
152.000,ours,-,robot4,MIN_DISTANCE,OK,6.068,5.709,,0,nearest_robot=robot5
152.000,ours,-,robot5,MIN_DISTANCE,OK,6.068,5.709,,0,nearest_robot=robot4
152.000,ours,-,robot6,MIN_DISTANCE,OK,7.084,5.709,,0,nearest_robot=robot5
152.000,ours,-,fleet,MIN_DISTANCE_AVG,OK,5.709,,,0,robots_sampled=6
153.000,ours,-,robot1,MIN_DISTANCE,OK,2.848,5.504,,0,nearest_robot=robot3
153.000,ours,-,robot2,MIN_DISTANCE,OK,8.736,5.504,,0,nearest_robot=robot5
153.000,ours,-,robot3,MIN_DISTANCE,OK,2.848,5.504,,0,nearest_robot=robot1
153.000,ours,-,robot4,MIN_DISTANCE,OK,5.752,5.504,,0,nearest_robot=robot5
153.000,ours,-,robot5,MIN_DISTANCE,OK,5.752,5.504,,0,nearest_robot=robot4
153.000,ours,-,robot6,MIN_DISTANCE,OK,7.088,5.504,,0,nearest_robot=robot4
153.000,ours,-,fleet,MIN_DISTANCE_AVG,OK,5.504,,,0,robots_sampled=6
153.660,ours,-,fleet,CHOMP_TIME_FULL,OK,,4.383,,0,iterations=100;iterations_executed=100;source=algorithm;round_trip=4.413458
154.000,ours,-,robot1,MIN_DISTANCE,OK,2.417,5.274,,0,nearest_robot=robot3
154.000,ours,-,robot2,MIN_DISTANCE,OK,9.007,5.274,,0,nearest_robot=robot5
154.000,ours,-,robot3,MIN_DISTANCE,OK,2.417,5.274,,0,nearest_robot=robot1
154.000,ours,-,robot4,MIN_DISTANCE,OK,5.447,5.274,,0,nearest_robot=robot5
154.000,ours,-,robot5,MIN_DISTANCE,OK,5.447,5.274,,0,nearest_robot=robot4
154.000,ours,-,robot6,MIN_DISTANCE,OK,6.910,5.274,,0,nearest_robot=robot4
154.000,ours,-,fleet,MIN_DISTANCE_AVG,OK,5.274,,,0,robots_sampled=6
155.000,ours,-,robot1,MIN_DISTANCE,OK,1.883,4.948,,0,nearest_robot=robot3
155.000,ours,-,robot2,MIN_DISTANCE,OK,9.242,4.948,,0,nearest_robot=robot5
155.000,ours,-,robot3,MIN_DISTANCE,OK,1.883,4.948,,0,nearest_robot=robot1
155.000,ours,-,robot4,MIN_DISTANCE,OK,5.000,4.948,,0,nearest_robot=robot5
155.000,ours,-,robot5,MIN_DISTANCE,OK,5.000,4.948,,0,nearest_robot=robot4
155.000,ours,-,robot6,MIN_DISTANCE,OK,6.679,4.948,,0,nearest_robot=robot4
155.000,ours,-,fleet,MIN_DISTANCE_AVG,OK,4.948,,,0,robots_sampled=6
156.000,ours,-,robot1,MIN_DISTANCE,OK,1.431,4.685,,0,nearest_robot=robot3
156.000,ours,-,robot2,MIN_DISTANCE,OK,9.407,4.685,,0,nearest_robot=robot5
156.000,ours,-,robot3,MIN_DISTANCE,OK,1.431,4.685,,0,nearest_robot=robot1
156.000,ours,-,robot4,MIN_DISTANCE,OK,4.550,4.685,,0,nearest_robot=robot5
156.000,ours,-,robot5,MIN_DISTANCE,OK,4.550,4.685,,0,nearest_robot=robot4
156.000,ours,-,robot6,MIN_DISTANCE,OK,6.739,4.685,,0,nearest_robot=robot4
156.000,ours,-,fleet,MIN_DISTANCE_AVG,OK,4.685,,,0,robots_sampled=6
157.000,ours,-,robot1,MIN_DISTANCE,OK,1.180,4.471,,0,nearest_robot=robot3
157.000,ours,-,robot2,MIN_DISTANCE,OK,9.521,4.471,,0,nearest_robot=robot5
157.000,ours,-,robot3,MIN_DISTANCE,OK,1.180,4.471,,0,nearest_robot=robot1
157.000,ours,-,robot4,MIN_DISTANCE,OK,4.052,4.471,,0,nearest_robot=robot5
157.000,ours,-,robot5,MIN_DISTANCE,OK,4.052,4.471,,0,nearest_robot=robot4
157.000,ours,-,robot6,MIN_DISTANCE,OK,6.839,4.471,,0,nearest_robot=robot4
157.000,ours,-,fleet,MIN_DISTANCE_AVG,OK,4.471,,,0,robots_sampled=6
158.000,ours,-,robot1,MIN_DISTANCE,OK,1.125,4.323,,0,nearest_robot=robot3
158.000,ours,-,robot2,MIN_DISTANCE,OK,9.591,4.323,,0,nearest_robot=robot5
158.000,ours,-,robot3,MIN_DISTANCE,OK,1.125,4.323,,0,nearest_robot=robot1
158.000,ours,-,robot4,MIN_DISTANCE,OK,3.580,4.323,,0,nearest_robot=robot5
158.000,ours,-,robot5,MIN_DISTANCE,OK,3.580,4.323,,0,nearest_robot=robot4
158.000,ours,-,robot6,MIN_DISTANCE,OK,6.937,4.323,,0,nearest_robot=robot4
158.000,ours,-,fleet,MIN_DISTANCE_AVG,OK,4.323,,,0,robots_sampled=6
158.790,ours,-,fleet,CHOMP_TIME_FULL,OK,,4.642,,0,iterations=100;iterations_executed=100;source=algorithm;round_trip=4.665006
159.000,ours,-,robot1,MIN_DISTANCE,OK,1.204,4.137,,0,nearest_robot=robot3
159.000,ours,-,robot2,MIN_DISTANCE,OK,9.503,4.137,,0,nearest_robot=robot5
159.000,ours,-,robot3,MIN_DISTANCE,OK,1.204,4.137,,0,nearest_robot=robot1
159.000,ours,-,robot4,MIN_DISTANCE,OK,2.950,4.137,,0,nearest_robot=robot5
159.000,ours,-,robot5,MIN_DISTANCE,OK,2.950,4.137,,0,nearest_robot=robot4
159.000,ours,-,robot6,MIN_DISTANCE,OK,7.011,4.137,,0,nearest_robot=robot4
159.000,ours,-,fleet,MIN_DISTANCE_AVG,OK,4.137,,,0,robots_sampled=6
160.000,ours,-,robot1,MIN_DISTANCE,OK,1.678,4.124,,0,nearest_robot=robot3
160.000,ours,-,robot2,MIN_DISTANCE,OK,9.312,4.124,,0,nearest_robot=robot5
160.000,ours,-,robot3,MIN_DISTANCE,OK,1.678,4.124,,0,nearest_robot=robot1
160.000,ours,-,robot4,MIN_DISTANCE,OK,2.476,4.124,,0,nearest_robot=robot5
160.000,ours,-,robot5,MIN_DISTANCE,OK,2.476,4.124,,0,nearest_robot=robot4
160.000,ours,-,robot6,MIN_DISTANCE,OK,7.123,4.124,,0,nearest_robot=robot4
160.000,ours,-,fleet,MIN_DISTANCE_AVG,OK,4.124,,,0,robots_sampled=6
161.000,ours,-,robot1,MIN_DISTANCE,OK,2.323,4.234,,0,nearest_robot=robot3
161.000,ours,-,robot2,MIN_DISTANCE,OK,9.082,4.234,,0,nearest_robot=robot5
161.000,ours,-,robot3,MIN_DISTANCE,OK,2.323,4.234,,0,nearest_robot=robot1
161.000,ours,-,robot4,MIN_DISTANCE,OK,2.250,4.234,,0,nearest_robot=robot5
161.000,ours,-,robot5,MIN_DISTANCE,OK,2.250,4.234,,0,nearest_robot=robot4
161.000,ours,-,robot6,MIN_DISTANCE,OK,7.175,4.234,,0,nearest_robot=robot4
161.000,ours,-,fleet,MIN_DISTANCE_AVG,OK,4.234,,,0,robots_sampled=6
162.000,ours,-,robot1,MIN_DISTANCE,OK,2.790,4.389,,0,nearest_robot=robot3
162.000,ours,-,robot2,MIN_DISTANCE,OK,8.884,4.389,,0,nearest_robot=robot5
162.000,ours,-,robot3,MIN_DISTANCE,OK,2.790,4.389,,0,nearest_robot=robot1
162.000,ours,-,robot4,MIN_DISTANCE,OK,2.379,4.389,,0,nearest_robot=robot5
162.000,ours,-,robot5,MIN_DISTANCE,OK,2.379,4.389,,0,nearest_robot=robot4
162.000,ours,-,robot6,MIN_DISTANCE,OK,7.112,4.389,,0,nearest_robot=robot4
162.000,ours,-,fleet,MIN_DISTANCE_AVG,OK,4.389,,,0,robots_sampled=6
163.000,ours,-,robot1,MIN_DISTANCE,OK,3.270,4.650,,0,nearest_robot=robot3
163.000,ours,-,robot2,MIN_DISTANCE,OK,8.766,4.650,,0,nearest_robot=robot5
163.000,ours,-,robot3,MIN_DISTANCE,OK,3.270,4.650,,0,nearest_robot=robot1
163.000,ours,-,robot4,MIN_DISTANCE,OK,2.786,4.650,,0,nearest_robot=robot5
163.000,ours,-,robot5,MIN_DISTANCE,OK,2.786,4.650,,0,nearest_robot=robot4
163.000,ours,-,robot6,MIN_DISTANCE,OK,7.018,4.650,,0,nearest_robot=robot4
163.000,ours,-,fleet,MIN_DISTANCE_AVG,OK,4.650,,,0,robots_sampled=6
163.570,ours,-,fleet,CHOMP_TIME_FULL,OK,,4.315,,0,iterations=100;iterations_executed=100;source=algorithm;round_trip=4.338591
164.000,ours,-,robot1,MIN_DISTANCE,OK,3.653,4.911,,0,nearest_robot=robot3
164.000,ours,-,robot2,MIN_DISTANCE,OK,8.689,4.911,,0,nearest_robot=robot5
164.000,ours,-,robot3,MIN_DISTANCE,OK,3.653,4.911,,0,nearest_robot=robot1
164.000,ours,-,robot4,MIN_DISTANCE,OK,3.361,4.911,,0,nearest_robot=robot5
164.000,ours,-,robot5,MIN_DISTANCE,OK,3.361,4.911,,0,nearest_robot=robot4
164.000,ours,-,robot6,MIN_DISTANCE,OK,6.746,4.911,,0,nearest_robot=robot4
164.000,ours,-,fleet,MIN_DISTANCE_AVG,OK,4.911,,,0,robots_sampled=6
165.000,ours,-,robot1,MIN_DISTANCE,OK,4.053,5.167,,0,nearest_robot=robot3
165.000,ours,-,robot2,MIN_DISTANCE,OK,8.685,5.167,,0,nearest_robot=robot5
165.000,ours,-,robot3,MIN_DISTANCE,OK,4.053,5.167,,0,nearest_robot=robot1
165.000,ours,-,robot4,MIN_DISTANCE,OK,3.941,5.167,,0,nearest_robot=robot5
165.000,ours,-,robot5,MIN_DISTANCE,OK,3.941,5.167,,0,nearest_robot=robot4
165.000,ours,-,robot6,MIN_DISTANCE,OK,6.332,5.167,,0,nearest_robot=robot4
165.000,ours,-,fleet,MIN_DISTANCE_AVG,OK,5.167,,,0,robots_sampled=6
166.000,ours,-,robot1,MIN_DISTANCE,OK,4.544,5.464,,0,nearest_robot=robot3
166.000,ours,-,robot2,MIN_DISTANCE,OK,8.708,5.464,,0,nearest_robot=robot5
166.000,ours,-,robot3,MIN_DISTANCE,OK,4.544,5.464,,0,nearest_robot=robot1
166.000,ours,-,robot4,MIN_DISTANCE,OK,4.535,5.464,,0,nearest_robot=robot5
166.000,ours,-,robot5,MIN_DISTANCE,OK,4.535,5.464,,0,nearest_robot=robot4
166.000,ours,-,robot6,MIN_DISTANCE,OK,5.920,5.464,,0,nearest_robot=robot4
166.000,ours,-,fleet,MIN_DISTANCE_AVG,OK,5.464,,,0,robots_sampled=6
167.000,ours,-,robot1,MIN_DISTANCE,OK,4.932,5.754,,0,nearest_robot=robot3
167.000,ours,-,robot2,MIN_DISTANCE,OK,8.742,5.754,,0,nearest_robot=robot5
167.000,ours,-,robot3,MIN_DISTANCE,OK,4.932,5.754,,0,nearest_robot=robot1
167.000,ours,-,robot4,MIN_DISTANCE,OK,5.229,5.754,,0,nearest_robot=robot5
167.000,ours,-,robot5,MIN_DISTANCE,OK,5.229,5.754,,0,nearest_robot=robot4
167.000,ours,-,robot6,MIN_DISTANCE,OK,5.459,5.754,,0,nearest_robot=robot4
167.000,ours,-,fleet,MIN_DISTANCE_AVG,OK,5.754,,,0,robots_sampled=6
168.000,ours,-,robot1,MIN_DISTANCE,OK,5.207,5.861,,0,nearest_robot=robot3
168.000,ours,-,robot2,MIN_DISTANCE,OK,8.752,5.861,,0,nearest_robot=robot5
168.000,ours,-,robot3,MIN_DISTANCE,OK,5.207,5.861,,0,nearest_robot=robot1
168.000,ours,-,robot4,MIN_DISTANCE,OK,5.025,5.861,,0,nearest_robot=robot6
168.000,ours,-,robot5,MIN_DISTANCE,OK,5.950,5.861,,0,nearest_robot=robot4
168.000,ours,-,robot6,MIN_DISTANCE,OK,5.025,5.861,,0,nearest_robot=robot4
168.000,ours,-,fleet,MIN_DISTANCE_AVG,OK,5.861,,,0,robots_sampled=6
169.000,ours,-,robot1,MIN_DISTANCE,OK,5.601,5.980,,0,nearest_robot=robot3
169.000,ours,-,robot2,MIN_DISTANCE,OK,8.734,5.980,,0,nearest_robot=robot5
169.000,ours,-,robot3,MIN_DISTANCE,OK,5.601,5.980,,0,nearest_robot=robot1
169.000,ours,-,robot4,MIN_DISTANCE,OK,4.619,5.980,,0,nearest_robot=robot6
169.000,ours,-,robot5,MIN_DISTANCE,OK,6.708,5.980,,0,nearest_robot=robot4
169.000,ours,-,robot6,MIN_DISTANCE,OK,4.619,5.980,,0,nearest_robot=robot4
169.000,ours,-,fleet,MIN_DISTANCE_AVG,OK,5.980,,,0,robots_sampled=6
169.050,ours,-,fleet,CHOMP_TIME_FULL,OK,,4.293,,0,iterations=100;iterations_executed=100;source=algorithm;round_trip=4.322036
170.000,ours,-,robot1,MIN_DISTANCE,OK,5.960,6.107,,0,nearest_robot=robot3
170.000,ours,-,robot2,MIN_DISTANCE,OK,8.719,6.107,,0,nearest_robot=robot5
170.000,ours,-,robot3,MIN_DISTANCE,OK,5.960,6.107,,0,nearest_robot=robot1
170.000,ours,-,robot4,MIN_DISTANCE,OK,4.325,6.107,,0,nearest_robot=robot6
170.000,ours,-,robot5,MIN_DISTANCE,OK,7.353,6.107,,0,nearest_robot=robot4
170.000,ours,-,robot6,MIN_DISTANCE,OK,4.325,6.107,,0,nearest_robot=robot4
170.000,ours,-,fleet,MIN_DISTANCE_AVG,OK,6.107,,,0,robots_sampled=6
171.000,ours,-,robot1,MIN_DISTANCE,OK,6.416,6.164,,0,nearest_robot=robot3
171.000,ours,-,robot2,MIN_DISTANCE,OK,8.841,6.164,,0,nearest_robot=robot5
171.000,ours,-,robot3,MIN_DISTANCE,OK,6.416,6.164,,0,nearest_robot=robot1
171.000,ours,-,robot4,MIN_DISTANCE,OK,4.103,6.164,,0,nearest_robot=robot6
171.000,ours,-,robot5,MIN_DISTANCE,OK,7.106,6.164,,0,nearest_robot=robot1
171.000,ours,-,robot6,MIN_DISTANCE,OK,4.103,6.164,,0,nearest_robot=robot4
171.000,ours,-,fleet,MIN_DISTANCE_AVG,OK,6.164,,,0,robots_sampled=6
172.000,ours,-,robot1,MIN_DISTANCE,OK,6.239,6.074,,0,nearest_robot=robot5
172.000,ours,-,robot2,MIN_DISTANCE,OK,9.194,6.074,,0,nearest_robot=robot5
172.000,ours,-,robot3,MIN_DISTANCE,OK,6.877,6.074,,0,nearest_robot=robot1
172.000,ours,-,robot4,MIN_DISTANCE,OK,3.948,6.074,,0,nearest_robot=robot6
172.000,ours,-,robot5,MIN_DISTANCE,OK,6.239,6.074,,0,nearest_robot=robot1
172.000,ours,-,robot6,MIN_DISTANCE,OK,3.948,6.074,,0,nearest_robot=robot4
172.000,ours,-,fleet,MIN_DISTANCE_AVG,OK,6.074,,,0,robots_sampled=6
173.000,ours,-,robot1,MIN_DISTANCE,OK,5.387,5.859,,0,nearest_robot=robot5
173.000,ours,-,robot2,MIN_DISTANCE,OK,9.406,5.859,,0,nearest_robot=robot1
173.000,ours,-,robot3,MIN_DISTANCE,OK,7.329,5.859,,0,nearest_robot=robot1
173.000,ours,-,robot4,MIN_DISTANCE,OK,3.822,5.859,,0,nearest_robot=robot6
173.000,ours,-,robot5,MIN_DISTANCE,OK,5.387,5.859,,0,nearest_robot=robot1
173.000,ours,-,robot6,MIN_DISTANCE,OK,3.822,5.859,,0,nearest_robot=robot4
173.000,ours,-,fleet,MIN_DISTANCE_AVG,OK,5.859,,,0,robots_sampled=6
174.000,ours,-,robot1,MIN_DISTANCE,OK,4.555,5.600,,0,nearest_robot=robot5
174.000,ours,-,robot2,MIN_DISTANCE,OK,9.569,5.600,,0,nearest_robot=robot1
174.000,ours,-,robot3,MIN_DISTANCE,OK,7.754,5.600,,0,nearest_robot=robot1
174.000,ours,-,robot4,MIN_DISTANCE,OK,3.582,5.600,,0,nearest_robot=robot6
174.000,ours,-,robot5,MIN_DISTANCE,OK,4.555,5.600,,0,nearest_robot=robot1
174.000,ours,-,robot6,MIN_DISTANCE,OK,3.582,5.600,,0,nearest_robot=robot4
174.000,ours,-,fleet,MIN_DISTANCE_AVG,OK,5.600,,,0,robots_sampled=6
174.580,ours,-,fleet,CHOMP_TIME_FULL,OK,,4.315,,0,iterations=100;iterations_executed=100;source=algorithm;round_trip=4.336300
175.000,ours,-,robot1,MIN_DISTANCE,OK,3.827,5.313,,0,nearest_robot=robot5
175.000,ours,-,robot2,MIN_DISTANCE,OK,9.833,5.313,,0,nearest_robot=robot1
175.000,ours,-,robot3,MIN_DISTANCE,OK,8.133,5.313,,0,nearest_robot=robot1
175.000,ours,-,robot4,MIN_DISTANCE,OK,3.128,5.313,,0,nearest_robot=robot6
175.000,ours,-,robot5,MIN_DISTANCE,OK,3.827,5.313,,0,nearest_robot=robot1
175.000,ours,-,robot6,MIN_DISTANCE,OK,3.128,5.313,,0,nearest_robot=robot4
175.000,ours,-,fleet,MIN_DISTANCE_AVG,OK,5.313,,,0,robots_sampled=6
176.000,ours,-,robot1,MIN_DISTANCE,OK,2.997,5.038,,0,nearest_robot=robot5
176.000,ours,-,robot2,MIN_DISTANCE,OK,10.186,5.038,,0,nearest_robot=robot1
176.000,ours,-,robot3,MIN_DISTANCE,OK,8.575,5.038,,0,nearest_robot=robot1
176.000,ours,-,robot4,MIN_DISTANCE,OK,2.737,5.038,,0,nearest_robot=robot6
176.000,ours,-,robot5,MIN_DISTANCE,OK,2.997,5.038,,0,nearest_robot=robot1
176.000,ours,-,robot6,MIN_DISTANCE,OK,2.737,5.038,,0,nearest_robot=robot4
176.000,ours,-,fleet,MIN_DISTANCE_AVG,OK,5.038,,,0,robots_sampled=6
177.000,ours,-,robot1,MIN_DISTANCE,OK,2.144,4.789,,0,nearest_robot=robot5
177.000,ours,-,robot2,MIN_DISTANCE,OK,10.478,4.789,,0,nearest_robot=robot5
177.000,ours,-,robot3,MIN_DISTANCE,OK,8.899,4.789,,0,nearest_robot=robot1
177.000,ours,-,robot4,MIN_DISTANCE,OK,2.535,4.789,,0,nearest_robot=robot6
177.000,ours,-,robot5,MIN_DISTANCE,OK,2.144,4.789,,0,nearest_robot=robot1
177.000,ours,-,robot6,MIN_DISTANCE,OK,2.535,4.789,,0,nearest_robot=robot4
177.000,ours,-,fleet,MIN_DISTANCE_AVG,OK,4.789,,,0,robots_sampled=6
178.000,ours,-,robot1,MIN_DISTANCE,OK,1.370,4.547,,0,nearest_robot=robot5
178.000,ours,-,robot2,MIN_DISTANCE,OK,10.601,4.547,,0,nearest_robot=robot5
178.000,ours,-,robot3,MIN_DISTANCE,OK,8.978,4.547,,0,nearest_robot=robot1
178.000,ours,-,robot4,MIN_DISTANCE,OK,2.482,4.547,,0,nearest_robot=robot6
178.000,ours,-,robot5,MIN_DISTANCE,OK,1.370,4.547,,0,nearest_robot=robot1
178.000,ours,-,robot6,MIN_DISTANCE,OK,2.482,4.547,,0,nearest_robot=robot4
178.000,ours,-,fleet,MIN_DISTANCE_AVG,OK,4.547,,,0,robots_sampled=6
179.000,ours,-,robot1,MIN_DISTANCE,OK,0.740,4.392,,0,nearest_robot=robot5
179.000,ours,-,robot2,MIN_DISTANCE,OK,10.724,4.392,,0,nearest_robot=robot5
179.000,ours,-,robot3,MIN_DISTANCE,OK,9.108,4.392,,0,nearest_robot=robot1
179.000,ours,-,robot4,MIN_DISTANCE,OK,2.519,4.392,,0,nearest_robot=robot6
179.000,ours,-,robot5,MIN_DISTANCE,OK,0.740,4.392,,0,nearest_robot=robot1
179.000,ours,-,robot6,MIN_DISTANCE,OK,2.519,4.392,,0,nearest_robot=robot4
179.000,ours,-,fleet,MIN_DISTANCE_AVG,OK,4.392,,,0,robots_sampled=6
179.740,ours,-,fleet,CHOMP_TIME_FULL,OK,,4.476,,0,iterations=100;iterations_executed=100;source=algorithm;round_trip=4.493414
180.000,ours,-,robot1,MIN_DISTANCE,OK,0.755,4.438,,0,nearest_robot=robot5
180.000,ours,-,robot2,MIN_DISTANCE,OK,10.820,4.438,,0,nearest_robot=robot5
180.000,ours,-,robot3,MIN_DISTANCE,OK,9.059,4.438,,0,nearest_robot=robot5
180.000,ours,-,robot4,MIN_DISTANCE,OK,2.619,4.438,,0,nearest_robot=robot6
180.000,ours,-,robot5,MIN_DISTANCE,OK,0.755,4.438,,0,nearest_robot=robot1
180.000,ours,-,robot6,MIN_DISTANCE,OK,2.619,4.438,,0,nearest_robot=robot4
180.000,ours,-,fleet,MIN_DISTANCE_AVG,OK,4.438,,,0,robots_sampled=6
181.000,ours,-,robot1,MIN_DISTANCE,OK,1.365,4.586,,0,nearest_robot=robot5
181.000,ours,-,robot2,MIN_DISTANCE,OK,10.928,4.586,,0,nearest_robot=robot5
181.000,ours,-,robot3,MIN_DISTANCE,OK,8.620,4.586,,0,nearest_robot=robot5
181.000,ours,-,robot4,MIN_DISTANCE,OK,2.620,4.586,,0,nearest_robot=robot6
181.000,ours,-,robot5,MIN_DISTANCE,OK,1.365,4.586,,0,nearest_robot=robot1
181.000,ours,-,robot6,MIN_DISTANCE,OK,2.620,4.586,,0,nearest_robot=robot4
181.000,ours,-,fleet,MIN_DISTANCE_AVG,OK,4.586,,,0,robots_sampled=6
182.000,ours,-,robot1,MIN_DISTANCE,OK,2.114,4.741,,0,nearest_robot=robot5
182.000,ours,-,robot2,MIN_DISTANCE,OK,10.982,4.741,,0,nearest_robot=robot5
182.000,ours,-,robot3,MIN_DISTANCE,OK,7.995,4.741,,0,nearest_robot=robot5
182.000,ours,-,robot4,MIN_DISTANCE,OK,2.620,4.741,,0,nearest_robot=robot6
182.000,ours,-,robot5,MIN_DISTANCE,OK,2.114,4.741,,0,nearest_robot=robot1
182.000,ours,-,robot6,MIN_DISTANCE,OK,2.620,4.741,,0,nearest_robot=robot4
182.000,ours,-,fleet,MIN_DISTANCE_AVG,OK,4.741,,,0,robots_sampled=6
183.000,ours,-,robot1,MIN_DISTANCE,OK,2.925,4.804,,0,nearest_robot=robot5
183.000,ours,-,robot2,MIN_DISTANCE,OK,10.663,4.804,,0,nearest_robot=robot3
183.000,ours,-,robot3,MIN_DISTANCE,OK,7.071,4.804,,0,nearest_robot=robot5
183.000,ours,-,robot4,MIN_DISTANCE,OK,2.620,4.804,,0,nearest_robot=robot6
183.000,ours,-,robot5,MIN_DISTANCE,OK,2.925,4.804,,0,nearest_robot=robot1
183.000,ours,-,robot6,MIN_DISTANCE,OK,2.620,4.804,,0,nearest_robot=robot4
183.000,ours,-,fleet,MIN_DISTANCE_AVG,OK,4.804,,,0,robots_sampled=6
184.000,ours,-,robot1,MIN_DISTANCE,OK,3.721,4.839,,0,nearest_robot=robot5
184.000,ours,-,robot2,MIN_DISTANCE,OK,10.076,4.839,,0,nearest_robot=robot3
184.000,ours,-,robot3,MIN_DISTANCE,OK,6.275,4.839,,0,nearest_robot=robot5
184.000,ours,-,robot4,MIN_DISTANCE,OK,2.620,4.839,,0,nearest_robot=robot6
184.000,ours,-,robot5,MIN_DISTANCE,OK,3.721,4.839,,0,nearest_robot=robot1
184.000,ours,-,robot6,MIN_DISTANCE,OK,2.620,4.839,,0,nearest_robot=robot4
184.000,ours,-,fleet,MIN_DISTANCE_AVG,OK,4.839,,,0,robots_sampled=6
184.630,ours,-,fleet,CHOMP_TIME_FULL,OK,,4.341,,0,iterations=100;iterations_executed=100;source=algorithm;round_trip=4.367759
185.000,ours,-,robot1,MIN_DISTANCE,OK,4.475,4.886,,0,nearest_robot=robot5
185.000,ours,-,robot2,MIN_DISTANCE,OK,9.675,4.886,,0,nearest_robot=robot3
185.000,ours,-,robot3,MIN_DISTANCE,OK,5.495,4.886,,0,nearest_robot=robot5
185.000,ours,-,robot4,MIN_DISTANCE,OK,2.599,4.886,,0,nearest_robot=robot6
185.000,ours,-,robot5,MIN_DISTANCE,OK,4.475,4.886,,0,nearest_robot=robot1
185.000,ours,-,robot6,MIN_DISTANCE,OK,2.599,4.886,,0,nearest_robot=robot4
185.000,ours,-,fleet,MIN_DISTANCE_AVG,OK,4.886,,,0,robots_sampled=6
186.000,ours,-,robot1,MIN_DISTANCE,OK,4.853,4.756,,0,nearest_robot=robot5
186.000,ours,-,robot2,MIN_DISTANCE,OK,9.339,4.756,,0,nearest_robot=robot3
186.000,ours,-,robot3,MIN_DISTANCE,OK,4.721,4.756,,0,nearest_robot=robot5
186.000,ours,-,robot4,MIN_DISTANCE,OK,2.452,4.756,,0,nearest_robot=robot6
186.000,ours,-,robot5,MIN_DISTANCE,OK,4.721,4.756,,0,nearest_robot=robot3
186.000,ours,-,robot6,MIN_DISTANCE,OK,2.452,4.756,,0,nearest_robot=robot4
186.000,ours,-,fleet,MIN_DISTANCE_AVG,OK,4.756,,,0,robots_sampled=6
187.000,ours,-,robot1,MIN_DISTANCE,OK,5.266,4.501,,0,nearest_robot=robot5
187.000,ours,-,robot2,MIN_DISTANCE,OK,9.131,4.501,,0,nearest_robot=robot3
187.000,ours,-,robot3,MIN_DISTANCE,OK,3.966,4.501,,0,nearest_robot=robot5
187.000,ours,-,robot4,MIN_DISTANCE,OK,2.338,4.501,,0,nearest_robot=robot6
187.000,ours,-,robot5,MIN_DISTANCE,OK,3.966,4.501,,0,nearest_robot=robot3
187.000,ours,-,robot6,MIN_DISTANCE,OK,2.338,4.501,,0,nearest_robot=robot4
187.000,ours,-,fleet,MIN_DISTANCE_AVG,OK,4.501,,,0,robots_sampled=6
188.000,ours,-,robot1,MIN_DISTANCE,OK,5.610,4.302,,0,nearest_robot=robot5
188.000,ours,-,robot2,MIN_DISTANCE,OK,9.003,4.302,,0,nearest_robot=robot3
188.000,ours,-,robot3,MIN_DISTANCE,OK,3.240,4.302,,0,nearest_robot=robot5
188.000,ours,-,robot4,MIN_DISTANCE,OK,2.361,4.302,,0,nearest_robot=robot6
188.000,ours,-,robot5,MIN_DISTANCE,OK,3.240,4.302,,0,nearest_robot=robot3
188.000,ours,-,robot6,MIN_DISTANCE,OK,2.361,4.302,,0,nearest_robot=robot4
188.000,ours,-,fleet,MIN_DISTANCE_AVG,OK,4.302,,,0,robots_sampled=6
189.000,ours,-,robot1,MIN_DISTANCE,OK,5.992,4.109,,0,nearest_robot=robot5
189.000,ours,-,robot2,MIN_DISTANCE,OK,8.935,4.109,,0,nearest_robot=robot3
189.000,ours,-,robot3,MIN_DISTANCE,OK,2.563,4.109,,0,nearest_robot=robot5
189.000,ours,-,robot4,MIN_DISTANCE,OK,2.299,4.109,,0,nearest_robot=robot6
189.000,ours,-,robot5,MIN_DISTANCE,OK,2.563,4.109,,0,nearest_robot=robot3
189.000,ours,-,robot6,MIN_DISTANCE,OK,2.299,4.109,,0,nearest_robot=robot4
189.000,ours,-,fleet,MIN_DISTANCE_AVG,OK,4.109,,,0,robots_sampled=6
189.430,ours,-,fleet,CHOMP_TIME_FULL,OK,,4.139,,0,iterations=100;iterations_executed=100;source=algorithm;round_trip=4.158201
190.000,ours,-,robot1,MIN_DISTANCE,OK,6.394,3.953,,0,nearest_robot=robot5
190.000,ours,-,robot2,MIN_DISTANCE,OK,9.032,3.953,,0,nearest_robot=robot3
190.000,ours,-,robot3,MIN_DISTANCE,OK,1.956,3.953,,0,nearest_robot=robot5
190.000,ours,-,robot4,MIN_DISTANCE,OK,2.190,3.953,,0,nearest_robot=robot6
190.000,ours,-,robot5,MIN_DISTANCE,OK,1.956,3.953,,0,nearest_robot=robot3
190.000,ours,-,robot6,MIN_DISTANCE,OK,2.190,3.953,,0,nearest_robot=robot4
190.000,ours,-,fleet,MIN_DISTANCE_AVG,OK,3.953,,,0,robots_sampled=6
191.000,ours,-,robot1,MIN_DISTANCE,OK,6.944,3.869,,0,nearest_robot=robot5
191.000,ours,-,robot2,MIN_DISTANCE,OK,9.138,3.869,,0,nearest_robot=robot3
191.000,ours,-,robot3,MIN_DISTANCE,OK,1.460,3.869,,0,nearest_robot=robot5
191.000,ours,-,robot4,MIN_DISTANCE,OK,2.105,3.869,,0,nearest_robot=robot6
191.000,ours,-,robot5,MIN_DISTANCE,OK,1.460,3.869,,0,nearest_robot=robot3
191.000,ours,-,robot6,MIN_DISTANCE,OK,2.105,3.869,,0,nearest_robot=robot4
191.000,ours,-,fleet,MIN_DISTANCE_AVG,OK,3.869,,,0,robots_sampled=6
192.000,ours,-,robot1,MIN_DISTANCE,OK,7.607,3.949,,0,nearest_robot=robot3
192.000,ours,-,robot2,MIN_DISTANCE,OK,9.341,3.949,,0,nearest_robot=robot3
192.000,ours,-,robot3,MIN_DISTANCE,OK,1.343,3.949,,0,nearest_robot=robot5
192.000,ours,-,robot4,MIN_DISTANCE,OK,2.030,3.949,,0,nearest_robot=robot6
192.000,ours,-,robot5,MIN_DISTANCE,OK,1.343,3.949,,0,nearest_robot=robot3
192.000,ours,-,robot6,MIN_DISTANCE,OK,2.030,3.949,,0,nearest_robot=robot4
192.000,ours,-,fleet,MIN_DISTANCE_AVG,OK,3.949,,,0,robots_sampled=6
193.000,ours,-,robot1,MIN_DISTANCE,OK,7.607,4.088,,0,nearest_robot=robot3
193.000,ours,-,robot2,MIN_DISTANCE,OK,9.603,4.088,,0,nearest_robot=robot3
193.000,ours,-,robot3,MIN_DISTANCE,OK,1.605,4.088,,0,nearest_robot=robot5
193.000,ours,-,robot4,MIN_DISTANCE,OK,2.052,4.088,,0,nearest_robot=robot6
193.000,ours,-,robot5,MIN_DISTANCE,OK,1.605,4.088,,0,nearest_robot=robot3
193.000,ours,-,robot6,MIN_DISTANCE,OK,2.052,4.088,,0,nearest_robot=robot4
193.000,ours,-,fleet,MIN_DISTANCE_AVG,OK,4.088,,,0,robots_sampled=6
193.940,ours,-,fleet,CHOMP_TIME_FULL,OK,,4.166,,0,iterations=100;iterations_executed=100;source=algorithm;round_trip=4.188489
194.000,ours,-,robot1,MIN_DISTANCE,OK,7.563,4.344,,0,nearest_robot=robot3
194.000,ours,-,robot2,MIN_DISTANCE,OK,9.977,4.344,,0,nearest_robot=robot3
194.000,ours,-,robot3,MIN_DISTANCE,OK,2.170,4.344,,0,nearest_robot=robot5
194.000,ours,-,robot4,MIN_DISTANCE,OK,2.093,4.344,,0,nearest_robot=robot6
194.000,ours,-,robot5,MIN_DISTANCE,OK,2.170,4.344,,0,nearest_robot=robot3
194.000,ours,-,robot6,MIN_DISTANCE,OK,2.093,4.344,,0,nearest_robot=robot4
194.000,ours,-,fleet,MIN_DISTANCE_AVG,OK,4.344,,,0,robots_sampled=6
194.430,ours,-,fleet,CHOMP_TIME_PARTIAL,OK,,0.452,,0,iterations=10;iterations_executed=10;source=algorithm;round_trip=0.472828
194.970,ours,-,fleet,CHOMP_TIME_PARTIAL,OK,,0.486,,0,iterations=10;iterations_executed=10;source=algorithm;round_trip=0.506240
195.000,ours,-,robot1,MIN_DISTANCE,OK,7.504,4.636,,0,nearest_robot=robot3
195.000,ours,-,robot2,MIN_DISTANCE,OK,10.383,4.636,,0,nearest_robot=robot5
195.000,ours,-,robot3,MIN_DISTANCE,OK,2.783,4.636,,0,nearest_robot=robot5
195.000,ours,-,robot4,MIN_DISTANCE,OK,2.183,4.636,,0,nearest_robot=robot6
195.000,ours,-,robot5,MIN_DISTANCE,OK,2.783,4.636,,0,nearest_robot=robot3
195.000,ours,-,robot6,MIN_DISTANCE,OK,2.183,4.636,,0,nearest_robot=robot4
195.000,ours,-,fleet,MIN_DISTANCE_AVG,OK,4.636,,,0,robots_sampled=6
195.430,ours,-,fleet,CHOMP_TIME_PARTIAL,OK,,0.461,,0,iterations=10;iterations_executed=10;source=algorithm;round_trip=0.478418
195.930,ours,-,fleet,CHOMP_TIME_PARTIAL,OK,,0.440,,0,iterations=10;iterations_executed=10;source=algorithm;round_trip=0.458868
196.000,ours,-,robot1,MIN_DISTANCE,OK,7.464,4.902,,0,nearest_robot=robot3
196.000,ours,-,robot2,MIN_DISTANCE,OK,10.335,4.902,,0,nearest_robot=robot5
196.000,ours,-,robot3,MIN_DISTANCE,OK,3.552,4.902,,0,nearest_robot=robot5
196.000,ours,-,robot4,MIN_DISTANCE,OK,2.256,4.902,,0,nearest_robot=robot6
196.000,ours,-,robot5,MIN_DISTANCE,OK,3.552,4.902,,0,nearest_robot=robot3
196.000,ours,-,robot6,MIN_DISTANCE,OK,2.256,4.902,,0,nearest_robot=robot4
196.000,ours,-,fleet,MIN_DISTANCE_AVG,OK,4.902,,,0,robots_sampled=6
196.420,ours,-,fleet,CHOMP_TIME_PARTIAL,OK,,0.437,,0,iterations=10;iterations_executed=10;source=algorithm;round_trip=0.457416
196.930,ours,-,fleet,CHOMP_TIME_PARTIAL,OK,,0.437,,0,iterations=10;iterations_executed=10;source=algorithm;round_trip=0.455113
197.000,ours,-,robot1,MIN_DISTANCE,OK,7.468,5.167,,0,nearest_robot=robot3
197.000,ours,-,robot2,MIN_DISTANCE,OK,10.309,5.167,,0,nearest_robot=robot5
197.000,ours,-,robot3,MIN_DISTANCE,OK,4.334,5.167,,0,nearest_robot=robot5
197.000,ours,-,robot4,MIN_DISTANCE,OK,2.277,5.167,,0,nearest_robot=robot6
197.000,ours,-,robot5,MIN_DISTANCE,OK,4.334,5.167,,0,nearest_robot=robot3
197.000,ours,-,robot6,MIN_DISTANCE,OK,2.277,5.167,,0,nearest_robot=robot4
197.000,ours,-,fleet,MIN_DISTANCE_AVG,OK,5.167,,,0,robots_sampled=6
197.410,ours,-,fleet,CHOMP_TIME_PARTIAL,OK,,0.437,,0,iterations=10;iterations_executed=10;source=algorithm;round_trip=0.456689
197.940,ours,-,fleet,CHOMP_TIME_PARTIAL,OK,,0.449,,0,iterations=10;iterations_executed=10;source=algorithm;round_trip=0.465893
198.000,ours,-,robot1,MIN_DISTANCE,OK,7.514,5.438,,0,nearest_robot=robot3
198.000,ours,-,robot2,MIN_DISTANCE,OK,10.303,5.438,,0,nearest_robot=robot5
198.000,ours,-,robot3,MIN_DISTANCE,OK,5.115,5.438,,0,nearest_robot=robot5
198.000,ours,-,robot4,MIN_DISTANCE,OK,2.292,5.438,,0,nearest_robot=robot6
198.000,ours,-,robot5,MIN_DISTANCE,OK,5.115,5.438,,0,nearest_robot=robot3
198.000,ours,-,robot6,MIN_DISTANCE,OK,2.292,5.438,,0,nearest_robot=robot4
198.000,ours,-,fleet,MIN_DISTANCE_AVG,OK,5.438,,,0,robots_sampled=6
198.430,ours,-,fleet,CHOMP_TIME_PARTIAL,OK,,0.444,,0,iterations=10;iterations_executed=10;source=algorithm;round_trip=0.462326
198.910,ours,-,fleet,CHOMP_TIME_PARTIAL,OK,,0.416,,0,iterations=10;iterations_executed=10;source=algorithm;round_trip=0.436377
199.000,ours,-,robot1,MIN_DISTANCE,OK,7.259,5.756,,0,nearest_robot=robot6
199.000,ours,-,robot2,MIN_DISTANCE,OK,10.380,5.756,,0,nearest_robot=robot5
199.000,ours,-,robot3,MIN_DISTANCE,OK,5.921,5.756,,0,nearest_robot=robot5
199.000,ours,-,robot4,MIN_DISTANCE,OK,2.528,5.756,,0,nearest_robot=robot6
199.000,ours,-,robot5,MIN_DISTANCE,OK,5.921,5.756,,0,nearest_robot=robot3
199.000,ours,-,robot6,MIN_DISTANCE,OK,2.528,5.756,,0,nearest_robot=robot4
199.000,ours,-,fleet,MIN_DISTANCE_AVG,OK,5.756,,,0,robots_sampled=6
199.430,ours,-,fleet,CHOMP_TIME_PARTIAL,OK,,0.437,,0,iterations=10;iterations_executed=10;source=algorithm;round_trip=0.456239
199.930,ours,-,fleet,CHOMP_TIME_PARTIAL,OK,,0.437,,0,iterations=10;iterations_executed=10;source=algorithm;round_trip=0.454553
200.000,ours,-,robot1,MIN_DISTANCE,OK,6.649,6.067,,0,nearest_robot=robot6
200.000,ours,-,robot2,MIN_DISTANCE,OK,10.451,6.067,,0,nearest_robot=robot5
200.000,ours,-,robot3,MIN_DISTANCE,OK,6.714,6.067,,0,nearest_robot=robot5
200.000,ours,-,robot4,MIN_DISTANCE,OK,2.935,6.067,,0,nearest_robot=robot6
200.000,ours,-,robot5,MIN_DISTANCE,OK,6.714,6.067,,0,nearest_robot=robot3
200.000,ours,-,robot6,MIN_DISTANCE,OK,2.935,6.067,,0,nearest_robot=robot4
200.000,ours,-,fleet,MIN_DISTANCE_AVG,OK,6.067,,,0,robots_sampled=6
200.400,ours,-,fleet,CHOMP_TIME_PARTIAL,OK,,0.424,,0,iterations=10;iterations_executed=10;source=algorithm;round_trip=0.442782
200.930,ours,-,fleet,CHOMP_TIME_PARTIAL,OK,,0.439,,0,iterations=10;iterations_executed=10;source=algorithm;round_trip=0.459288
201.000,ours,-,robot1,MIN_DISTANCE,OK,6.208,6.396,,0,nearest_robot=robot6
201.000,ours,-,robot2,MIN_DISTANCE,OK,10.564,6.396,,0,nearest_robot=robot5
201.000,ours,-,robot3,MIN_DISTANCE,OK,7.476,6.396,,0,nearest_robot=robot1
201.000,ours,-,robot4,MIN_DISTANCE,OK,3.297,6.396,,0,nearest_robot=robot6
201.000,ours,-,robot5,MIN_DISTANCE,OK,7.531,6.396,,0,nearest_robot=robot3
201.000,ours,-,robot6,MIN_DISTANCE,OK,3.297,6.396,,0,nearest_robot=robot4
201.000,ours,-,fleet,MIN_DISTANCE_AVG,OK,6.396,,,0,robots_sampled=6
201.420,ours,-,fleet,CHOMP_TIME_PARTIAL,OK,,0.426,,0,iterations=10;iterations_executed=10;source=algorithm;round_trip=0.444702
201.930,ours,-,fleet,CHOMP_TIME_PARTIAL,OK,,0.452,,0,iterations=10;iterations_executed=10;source=algorithm;round_trip=0.469022
202.000,ours,-,robot1,MIN_DISTANCE,OK,5.693,6.594,,0,nearest_robot=robot6
202.000,ours,-,robot2,MIN_DISTANCE,OK,10.590,6.594,,0,nearest_robot=robot5
202.000,ours,-,robot3,MIN_DISTANCE,OK,7.571,6.594,,0,nearest_robot=robot1
202.000,ours,-,robot4,MIN_DISTANCE,OK,3.710,6.594,,0,nearest_robot=robot6
202.000,ours,-,robot5,MIN_DISTANCE,OK,8.292,6.594,,0,nearest_robot=robot3
202.000,ours,-,robot6,MIN_DISTANCE,OK,3.710,6.594,,0,nearest_robot=robot4
202.000,ours,-,fleet,MIN_DISTANCE_AVG,OK,6.594,,,0,robots_sampled=6
202.420,ours,-,fleet,CHOMP_TIME_PARTIAL,OK,,0.434,,0,iterations=10;iterations_executed=10;source=algorithm;round_trip=0.457509
202.890,ours,-,fleet,CHOMP_TIME_PARTIAL,OK,,0.399,,0,iterations=10;iterations_executed=10;source=algorithm;round_trip=0.423440
203.000,ours,-,robot1,MIN_DISTANCE,OK,5.207,6.776,,0,nearest_robot=robot6
203.000,ours,-,robot2,MIN_DISTANCE,OK,10.537,6.776,,0,nearest_robot=robot5
203.000,ours,-,robot3,MIN_DISTANCE,OK,7.681,6.776,,0,nearest_robot=robot1
203.000,ours,-,robot4,MIN_DISTANCE,OK,4.173,6.776,,0,nearest_robot=robot6
203.000,ours,-,robot5,MIN_DISTANCE,OK,8.885,6.776,,0,nearest_robot=robot3
203.000,ours,-,robot6,MIN_DISTANCE,OK,4.173,6.776,,0,nearest_robot=robot4
203.000,ours,-,fleet,MIN_DISTANCE_AVG,OK,6.776,,,0,robots_sampled=6
203.460,ours,-,fleet,CHOMP_TIME_PARTIAL,OK,,0.457,,0,iterations=10;iterations_executed=10;source=algorithm;round_trip=0.485494
204.000,ours,-,robot1,MIN_DISTANCE,OK,4.816,6.962,,0,nearest_robot=robot6
204.000,ours,-,robot2,MIN_DISTANCE,OK,10.500,6.962,,0,nearest_robot=robot5
204.000,ours,-,robot3,MIN_DISTANCE,OK,7.787,6.962,,0,nearest_robot=robot1
204.000,ours,-,robot4,MIN_DISTANCE,OK,4.645,6.962,,0,nearest_robot=robot6
204.000,ours,-,robot5,MIN_DISTANCE,OK,9.380,6.962,,0,nearest_robot=robot3
204.000,ours,-,robot6,MIN_DISTANCE,OK,4.645,6.962,,0,nearest_robot=robot4
204.000,ours,-,fleet,MIN_DISTANCE_AVG,OK,6.962,,,0,robots_sampled=6
205.000,ours,-,robot1,MIN_DISTANCE,OK,4.476,7.049,,0,nearest_robot=robot6
205.000,ours,-,robot2,MIN_DISTANCE,OK,10.410,7.049,,0,nearest_robot=robot5
205.000,ours,-,robot3,MIN_DISTANCE,OK,7.927,7.049,,0,nearest_robot=robot1
205.000,ours,-,robot4,MIN_DISTANCE,OK,5.147,7.049,,0,nearest_robot=robot6
205.000,ours,-,robot5,MIN_DISTANCE,OK,9.858,7.049,,0,nearest_robot=robot3
205.000,ours,-,robot6,MIN_DISTANCE,OK,4.476,7.049,,0,nearest_robot=robot1
205.000,ours,-,fleet,MIN_DISTANCE_AVG,OK,7.049,,,0,robots_sampled=6
206.000,ours,-,robot1,MIN_DISTANCE,OK,4.236,7.136,,0,nearest_robot=robot6
206.000,ours,-,robot2,MIN_DISTANCE,OK,10.328,7.136,,0,nearest_robot=robot5
206.000,ours,-,robot3,MIN_DISTANCE,OK,8.057,7.136,,0,nearest_robot=robot1
206.000,ours,-,robot4,MIN_DISTANCE,OK,5.632,7.136,,0,nearest_robot=robot6
206.000,ours,-,robot5,MIN_DISTANCE,OK,10.328,7.136,,0,nearest_robot=robot2
206.000,ours,-,robot6,MIN_DISTANCE,OK,4.236,7.136,,0,nearest_robot=robot1
206.000,ours,-,fleet,MIN_DISTANCE_AVG,OK,7.136,,,0,robots_sampled=6
207.000,ours,-,robot1,MIN_DISTANCE,OK,4.229,7.069,,0,nearest_robot=robot6
207.000,ours,-,robot2,MIN_DISTANCE,OK,10.318,7.069,,0,nearest_robot=robot5
207.000,ours,-,robot3,MIN_DISTANCE,OK,7.256,7.069,,0,nearest_robot=robot6
207.000,ours,-,robot4,MIN_DISTANCE,OK,6.063,7.069,,0,nearest_robot=robot6
207.000,ours,-,robot5,MIN_DISTANCE,OK,10.318,7.069,,0,nearest_robot=robot2
207.000,ours,-,robot6,MIN_DISTANCE,OK,4.229,7.069,,0,nearest_robot=robot1
207.000,ours,-,fleet,MIN_DISTANCE_AVG,OK,7.069,,,0,robots_sampled=6
208.000,ours,-,robot1,MIN_DISTANCE,OK,4.273,7.011,,0,nearest_robot=robot6
208.000,ours,-,robot2,MIN_DISTANCE,OK,10.314,7.011,,0,nearest_robot=robot5
208.020,ours,-,fleet,CHOMP_TIME_FULL,OK,,4.221,,0,iterations=100;iterations_executed=100;source=algorithm;round_trip=4.249376
208.000,ours,-,robot3,MIN_DISTANCE,OK,6.490,7.011,,0,nearest_robot=robot6
208.000,ours,-,robot4,MIN_DISTANCE,OK,6.402,7.011,,0,nearest_robot=robot6
208.000,ours,-,robot5,MIN_DISTANCE,OK,10.314,7.011,,0,nearest_robot=robot2
208.000,ours,-,robot6,MIN_DISTANCE,OK,4.273,7.011,,0,nearest_robot=robot1
208.000,ours,-,fleet,MIN_DISTANCE_AVG,OK,7.011,,,0,robots_sampled=6
209.000,ours,-,robot1,MIN_DISTANCE,OK,4.240,6.933,,0,nearest_robot=robot6
209.000,ours,-,robot2,MIN_DISTANCE,OK,10.349,6.933,,0,nearest_robot=robot5
209.000,ours,-,robot3,MIN_DISTANCE,OK,5.650,6.933,,0,nearest_robot=robot6
209.000,ours,-,robot4,MIN_DISTANCE,OK,6.766,6.933,,0,nearest_robot=robot6
209.000,ours,-,robot5,MIN_DISTANCE,OK,10.349,6.933,,0,nearest_robot=robot2
209.000,ours,-,robot6,MIN_DISTANCE,OK,4.240,6.933,,0,nearest_robot=robot1
209.000,ours,-,fleet,MIN_DISTANCE_AVG,OK,6.933,,,0,robots_sampled=6
210.000,ours,-,robot1,MIN_DISTANCE,OK,4.147,6.785,,0,nearest_robot=robot6
210.000,ours,-,robot2,MIN_DISTANCE,OK,10.188,6.785,,0,nearest_robot=robot5
210.000,ours,-,robot3,MIN_DISTANCE,OK,4.935,6.785,,0,nearest_robot=robot6
210.000,ours,-,robot4,MIN_DISTANCE,OK,7.106,6.785,,0,nearest_robot=robot6
210.000,ours,-,robot5,MIN_DISTANCE,OK,10.188,6.785,,0,nearest_robot=robot2
210.000,ours,-,robot6,MIN_DISTANCE,OK,4.147,6.785,,0,nearest_robot=robot1
210.000,ours,-,fleet,MIN_DISTANCE_AVG,OK,6.785,,,0,robots_sampled=6
211.000,ours,-,robot1,MIN_DISTANCE,OK,4.068,6.596,,0,nearest_robot=robot6
211.000,ours,-,robot2,MIN_DISTANCE,OK,9.899,6.596,,0,nearest_robot=robot5
211.000,ours,-,robot3,MIN_DISTANCE,OK,4.253,6.596,,0,nearest_robot=robot6
211.000,ours,-,robot4,MIN_DISTANCE,OK,7.391,6.596,,0,nearest_robot=robot6
211.000,ours,-,robot5,MIN_DISTANCE,OK,9.899,6.596,,0,nearest_robot=robot2
211.000,ours,-,robot6,MIN_DISTANCE,OK,4.068,6.596,,0,nearest_robot=robot1
211.000,ours,-,fleet,MIN_DISTANCE_AVG,OK,6.596,,,0,robots_sampled=6
212.000,ours,-,robot1,MIN_DISTANCE,OK,4.101,6.374,,0,nearest_robot=robot6
212.000,ours,-,robot2,MIN_DISTANCE,OK,9.708,6.374,,0,nearest_robot=robot5
212.000,ours,-,robot3,MIN_DISTANCE,OK,3.518,6.374,,0,nearest_robot=robot6
212.000,ours,-,robot4,MIN_DISTANCE,OK,7.691,6.374,,0,nearest_robot=robot6
212.000,ours,-,robot5,MIN_DISTANCE,OK,9.708,6.374,,0,nearest_robot=robot2
212.000,ours,-,robot6,MIN_DISTANCE,OK,3.518,6.374,,0,nearest_robot=robot3
212.000,ours,-,fleet,MIN_DISTANCE_AVG,OK,6.374,,,0,robots_sampled=6
212.990,ours,-,fleet,CHOMP_TIME_FULL,OK,,4.193,,0,iterations=100;iterations_executed=100;source=algorithm;round_trip=4.224472
213.000,ours,-,robot1,MIN_DISTANCE,OK,4.213,6.141,,0,nearest_robot=robot6
213.000,ours,-,robot2,MIN_DISTANCE,OK,9.560,6.141,,0,nearest_robot=robot5
213.000,ours,-,robot3,MIN_DISTANCE,OK,2.777,6.141,,0,nearest_robot=robot6
213.000,ours,-,robot4,MIN_DISTANCE,OK,7.962,6.141,,0,nearest_robot=robot6
213.000,ours,-,robot5,MIN_DISTANCE,OK,9.560,6.141,,0,nearest_robot=robot2
213.000,ours,-,robot6,MIN_DISTANCE,OK,2.777,6.141,,0,nearest_robot=robot3
213.000,ours,-,fleet,MIN_DISTANCE_AVG,OK,6.141,,,0,robots_sampled=6
214.000,ours,-,robot1,MIN_DISTANCE,OK,4.403,5.981,,0,nearest_robot=robot6
214.000,ours,-,robot2,MIN_DISTANCE,OK,9.597,5.981,,0,nearest_robot=robot5
214.000,ours,-,robot3,MIN_DISTANCE,OK,2.027,5.981,,0,nearest_robot=robot6
214.000,ours,-,robot4,MIN_DISTANCE,OK,8.234,5.981,,0,nearest_robot=robot6
214.000,ours,-,robot5,MIN_DISTANCE,OK,9.597,5.981,,0,nearest_robot=robot2
214.000,ours,-,robot6,MIN_DISTANCE,OK,2.027,5.981,,0,nearest_robot=robot3
214.000,ours,-,fleet,MIN_DISTANCE_AVG,OK,5.981,,,0,robots_sampled=6
215.000,ours,-,robot1,MIN_DISTANCE,OK,4.669,5.842,,0,nearest_robot=robot6
215.000,ours,-,robot2,MIN_DISTANCE,OK,9.605,5.842,,0,nearest_robot=robot5
215.000,ours,-,robot3,MIN_DISTANCE,OK,1.339,5.842,,0,nearest_robot=robot6
215.000,ours,-,robot4,MIN_DISTANCE,OK,8.498,5.842,,0,nearest_robot=robot6
215.000,ours,-,robot5,MIN_DISTANCE,OK,9.605,5.842,,0,nearest_robot=robot2
215.000,ours,-,robot6,MIN_DISTANCE,OK,1.339,5.842,,0,nearest_robot=robot3
215.000,ours,-,fleet,MIN_DISTANCE_AVG,OK,5.842,,,0,robots_sampled=6
216.000,ours,-,robot1,MIN_DISTANCE,OK,4.505,5.719,,0,nearest_robot=robot3
216.000,ours,-,robot2,MIN_DISTANCE,OK,9.535,5.719,,0,nearest_robot=robot5
216.000,ours,-,robot3,MIN_DISTANCE,OK,0.993,5.719,,0,nearest_robot=robot6
216.000,ours,-,robot4,MIN_DISTANCE,OK,8.755,5.719,,0,nearest_robot=robot6
216.000,ours,-,robot5,MIN_DISTANCE,OK,9.535,5.719,,0,nearest_robot=robot2
216.000,ours,-,robot6,MIN_DISTANCE,OK,0.993,5.719,,0,nearest_robot=robot3
216.000,ours,-,fleet,MIN_DISTANCE_AVG,OK,5.719,,,0,robots_sampled=6
217.000,ours,-,robot1,MIN_DISTANCE,OK,3.953,5.762,,0,nearest_robot=robot3
217.000,ours,-,robot2,MIN_DISTANCE,OK,9.387,5.762,,0,nearest_robot=robot5
217.000,ours,-,robot3,MIN_DISTANCE,OK,1.425,5.762,,0,nearest_robot=robot6
217.000,ours,-,robot4,MIN_DISTANCE,OK,8.998,5.762,,0,nearest_robot=robot6
217.000,ours,-,robot5,MIN_DISTANCE,OK,9.387,5.762,,0,nearest_robot=robot2
217.000,ours,-,robot6,MIN_DISTANCE,OK,1.425,5.762,,0,nearest_robot=robot3
217.000,ours,-,fleet,MIN_DISTANCE_AVG,OK,5.762,,,0,robots_sampled=6
218.000,ours,-,robot1,MIN_DISTANCE,OK,3.646,5.938,,0,nearest_robot=robot3
218.000,ours,-,robot2,MIN_DISTANCE,OK,9.298,5.938,,0,nearest_robot=robot5
218.000,ours,-,robot3,MIN_DISTANCE,OK,2.112,5.938,,0,nearest_robot=robot6
218.000,ours,-,robot4,MIN_DISTANCE,OK,9.161,5.938,,0,nearest_robot=robot6
218.000,ours,-,robot5,MIN_DISTANCE,OK,9.298,5.938,,0,nearest_robot=robot2
218.000,ours,-,robot6,MIN_DISTANCE,OK,2.112,5.938,,0,nearest_robot=robot3
218.000,ours,-,fleet,MIN_DISTANCE_AVG,OK,5.938,,,0,robots_sampled=6
218.350,ours,-,fleet,CHOMP_TIME_FULL,OK,,4.688,,0,iterations=100;iterations_executed=100;source=algorithm;round_trip=4.710670
219.000,ours,-,robot1,MIN_DISTANCE,OK,3.217,6.145,,0,nearest_robot=robot3
219.000,ours,-,robot2,MIN_DISTANCE,OK,9.282,6.145,,0,nearest_robot=robot5
219.000,ours,-,robot3,MIN_DISTANCE,OK,2.902,6.145,,0,nearest_robot=robot6
219.000,ours,-,robot4,MIN_DISTANCE,OK,9.284,6.145,,0,nearest_robot=robot3
219.000,ours,-,robot5,MIN_DISTANCE,OK,9.282,6.145,,0,nearest_robot=robot2
219.000,ours,-,robot6,MIN_DISTANCE,OK,2.902,6.145,,0,nearest_robot=robot3
219.000,ours,-,fleet,MIN_DISTANCE_AVG,OK,6.145,,,0,robots_sampled=6
220.000,ours,-,robot1,MIN_DISTANCE,OK,2.765,6.145,,0,nearest_robot=robot3
220.000,ours,-,robot2,MIN_DISTANCE,OK,9.274,6.145,,0,nearest_robot=robot5
220.000,ours,-,robot3,MIN_DISTANCE,OK,2.765,6.145,,0,nearest_robot=robot1
220.000,ours,-,robot4,MIN_DISTANCE,OK,9.123,6.145,,0,nearest_robot=robot3
220.000,ours,-,robot5,MIN_DISTANCE,OK,9.274,6.145,,0,nearest_robot=robot2
220.000,ours,-,robot6,MIN_DISTANCE,OK,3.666,6.145,,0,nearest_robot=robot3
220.000,ours,-,fleet,MIN_DISTANCE_AVG,OK,6.145,,,0,robots_sampled=6
221.000,ours,-,robot1,MIN_DISTANCE,OK,2.311,6.079,,0,nearest_robot=robot3
221.000,ours,-,robot2,MIN_DISTANCE,OK,9.269,6.079,,0,nearest_robot=robot5
221.000,ours,-,robot3,MIN_DISTANCE,OK,2.311,6.079,,0,nearest_robot=robot1
221.000,ours,-,robot4,MIN_DISTANCE,OK,8.931,6.079,,0,nearest_robot=robot3
221.000,ours,-,robot5,MIN_DISTANCE,OK,9.269,6.079,,0,nearest_robot=robot2
221.000,ours,-,robot6,MIN_DISTANCE,OK,4.384,6.079,,0,nearest_robot=robot3
221.000,ours,-,fleet,MIN_DISTANCE_AVG,OK,6.079,,,0,robots_sampled=6
222.000,ours,-,robot1,MIN_DISTANCE,OK,1.854,6.007,,0,nearest_robot=robot3
222.000,ours,-,robot2,MIN_DISTANCE,OK,9.216,6.007,,0,nearest_robot=robot5
222.000,ours,-,robot3,MIN_DISTANCE,OK,1.854,6.007,,0,nearest_robot=robot1
222.000,ours,-,robot4,MIN_DISTANCE,OK,8.743,6.007,,0,nearest_robot=robot3
222.000,ours,-,robot5,MIN_DISTANCE,OK,9.216,6.007,,0,nearest_robot=robot2
222.000,ours,-,robot6,MIN_DISTANCE,OK,5.160,6.007,,0,nearest_robot=robot3
222.000,ours,-,fleet,MIN_DISTANCE_AVG,OK,6.007,,,0,robots_sampled=6
223.000,ours,-,robot1,MIN_DISTANCE,OK,1.296,5.913,,0,nearest_robot=robot3
223.000,ours,-,robot2,MIN_DISTANCE,OK,9.196,5.913,,0,nearest_robot=robot5
223.000,ours,-,robot3,MIN_DISTANCE,OK,1.296,5.913,,0,nearest_robot=robot1
223.000,ours,-,robot4,MIN_DISTANCE,OK,8.592,5.913,,0,nearest_robot=robot3
223.000,ours,-,robot5,MIN_DISTANCE,OK,9.196,5.913,,0,nearest_robot=robot2
223.000,ours,-,robot6,MIN_DISTANCE,OK,5.900,5.913,,0,nearest_robot=robot3
223.000,ours,-,fleet,MIN_DISTANCE_AVG,OK,5.913,,,0,robots_sampled=6
223.100,ours,-,fleet,CHOMP_TIME_FULL,OK,,4.379,,0,iterations=100;iterations_executed=100;source=algorithm;round_trip=4.405662
224.000,ours,-,robot1,MIN_DISTANCE,OK,0.797,5.834,,0,nearest_robot=robot3
224.000,ours,-,robot2,MIN_DISTANCE,OK,9.154,5.834,,0,nearest_robot=robot5
224.000,ours,-,robot3,MIN_DISTANCE,OK,0.797,5.834,,0,nearest_robot=robot1
224.000,ours,-,robot4,MIN_DISTANCE,OK,8.522,5.834,,0,nearest_robot=robot3
224.000,ours,-,robot5,MIN_DISTANCE,OK,9.075,5.834,,0,nearest_robot=robot6
224.000,ours,-,robot6,MIN_DISTANCE,OK,6.659,5.834,,0,nearest_robot=robot3
224.000,ours,-,fleet,MIN_DISTANCE_AVG,OK,5.834,,,0,robots_sampled=6
225.000,ours,-,robot1,MIN_DISTANCE,OK,0.586,5.727,,0,nearest_robot=robot3
225.000,ours,-,robot2,MIN_DISTANCE,OK,9.093,5.727,,0,nearest_robot=robot5
225.000,ours,-,robot3,MIN_DISTANCE,OK,0.586,5.727,,0,nearest_robot=robot1
225.000,ours,-,robot4,MIN_DISTANCE,OK,8.544,5.727,,0,nearest_robot=robot3
225.000,ours,-,robot5,MIN_DISTANCE,OK,8.314,5.727,,0,nearest_robot=robot6
225.000,ours,-,robot6,MIN_DISTANCE,OK,7.239,5.727,,0,nearest_robot=robot1
225.000,ours,-,fleet,MIN_DISTANCE_AVG,OK,5.727,,,0,robots_sampled=6
226.000,ours,-,robot1,MIN_DISTANCE,OK,1.028,5.759,,0,nearest_robot=robot3
226.000,ours,-,robot2,MIN_DISTANCE,OK,9.022,5.759,,0,nearest_robot=robot5
226.000,ours,-,robot3,MIN_DISTANCE,OK,1.028,5.759,,0,nearest_robot=robot1
226.000,ours,-,robot4,MIN_DISTANCE,OK,8.641,5.759,,0,nearest_robot=robot3
226.000,ours,-,robot5,MIN_DISTANCE,OK,7.582,5.759,,0,nearest_robot=robot6
226.000,ours,-,robot6,MIN_DISTANCE,OK,7.253,5.759,,0,nearest_robot=robot1
226.000,ours,-,fleet,MIN_DISTANCE_AVG,OK,5.759,,,0,robots_sampled=6
227.000,ours,-,robot1,MIN_DISTANCE,OK,1.562,5.749,,0,nearest_robot=robot3
227.000,ours,-,robot2,MIN_DISTANCE,OK,8.967,5.749,,0,nearest_robot=robot5
227.000,ours,-,robot3,MIN_DISTANCE,OK,1.562,5.749,,0,nearest_robot=robot1
227.000,ours,-,robot4,MIN_DISTANCE,OK,8.796,5.749,,0,nearest_robot=robot3
227.000,ours,-,robot5,MIN_DISTANCE,OK,6.804,5.749,,0,nearest_robot=robot6
227.000,ours,-,robot6,MIN_DISTANCE,OK,6.804,5.749,,0,nearest_robot=robot5
227.000,ours,-,fleet,MIN_DISTANCE_AVG,OK,5.749,,,0,robots_sampled=6
228.000,ours,-,robot1,MIN_DISTANCE,OK,2.014,5.644,,0,nearest_robot=robot3
228.000,ours,-,robot2,MIN_DISTANCE,OK,8.934,5.644,,0,nearest_robot=robot5
228.000,ours,-,robot3,MIN_DISTANCE,OK,2.014,5.644,,0,nearest_robot=robot1
228.000,ours,-,robot4,MIN_DISTANCE,OK,8.800,5.644,,0,nearest_robot=robot3
228.000,ours,-,robot5,MIN_DISTANCE,OK,6.053,5.644,,0,nearest_robot=robot6
228.000,ours,-,robot6,MIN_DISTANCE,OK,6.053,5.644,,0,nearest_robot=robot5
228.000,ours,-,fleet,MIN_DISTANCE_AVG,OK,5.644,,,0,robots_sampled=6
228.160,ours,-,fleet,CHOMP_TIME_FULL,OK,,4.491,,0,iterations=100;iterations_executed=100;source=algorithm;round_trip=4.512330
229.000,ours,-,robot1,MIN_DISTANCE,OK,2.481,5.539,,0,nearest_robot=robot3
229.000,ours,-,robot2,MIN_DISTANCE,OK,8.952,5.539,,0,nearest_robot=robot5
229.000,ours,-,robot3,MIN_DISTANCE,OK,2.481,5.539,,0,nearest_robot=robot1
229.000,ours,-,robot4,MIN_DISTANCE,OK,8.801,5.539,,0,nearest_robot=robot3
229.000,ours,-,robot5,MIN_DISTANCE,OK,5.260,5.539,,0,nearest_robot=robot6
229.000,ours,-,robot6,MIN_DISTANCE,OK,5.260,5.539,,0,nearest_robot=robot5
229.000,ours,-,fleet,MIN_DISTANCE_AVG,OK,5.539,,,0,robots_sampled=6
230.000,ours,-,robot1,MIN_DISTANCE,OK,2.924,5.409,,0,nearest_robot=robot3
230.000,ours,-,robot2,MIN_DISTANCE,OK,8.959,5.409,,0,nearest_robot=robot5
230.000,ours,-,robot3,MIN_DISTANCE,OK,2.924,5.409,,0,nearest_robot=robot1
230.000,ours,-,robot4,MIN_DISTANCE,OK,8.801,5.409,,0,nearest_robot=robot3
230.000,ours,-,robot5,MIN_DISTANCE,OK,4.423,5.409,,0,nearest_robot=robot6
230.000,ours,-,robot6,MIN_DISTANCE,OK,4.423,5.409,,0,nearest_robot=robot5
230.000,ours,-,fleet,MIN_DISTANCE_AVG,OK,5.409,,,0,robots_sampled=6
231.000,ours,-,robot1,MIN_DISTANCE,OK,3.379,5.299,,0,nearest_robot=robot3
231.000,ours,-,robot2,MIN_DISTANCE,OK,8.962,5.299,,0,nearest_robot=robot5
231.000,ours,-,robot3,MIN_DISTANCE,OK,3.379,5.299,,0,nearest_robot=robot1
231.000,ours,-,robot4,MIN_DISTANCE,OK,8.801,5.299,,0,nearest_robot=robot3
231.000,ours,-,robot5,MIN_DISTANCE,OK,3.636,5.299,,0,nearest_robot=robot6
231.000,ours,-,robot6,MIN_DISTANCE,OK,3.636,5.299,,0,nearest_robot=robot5
231.000,ours,-,fleet,MIN_DISTANCE_AVG,OK,5.299,,,0,robots_sampled=6
232.000,ours,-,robot1,MIN_DISTANCE,OK,3.846,5.188,,0,nearest_robot=robot3
232.000,ours,-,robot2,MIN_DISTANCE,OK,8.947,5.188,,0,nearest_robot=robot5
232.000,ours,-,robot3,MIN_DISTANCE,OK,3.846,5.188,,0,nearest_robot=robot1
232.000,ours,-,robot4,MIN_DISTANCE,OK,8.801,5.188,,0,nearest_robot=robot3
232.000,ours,-,robot5,MIN_DISTANCE,OK,2.845,5.188,,0,nearest_robot=robot6
232.000,ours,-,robot6,MIN_DISTANCE,OK,2.845,5.188,,0,nearest_robot=robot5
232.000,ours,-,fleet,MIN_DISTANCE_AVG,OK,5.188,,,0,robots_sampled=6
233.000,ours,-,robot1,MIN_DISTANCE,OK,4.344,5.099,,0,nearest_robot=robot3
233.000,ours,-,robot2,MIN_DISTANCE,OK,8.970,5.099,,0,nearest_robot=robot5
233.000,ours,-,robot3,MIN_DISTANCE,OK,4.344,5.099,,0,nearest_robot=robot1
233.000,ours,-,robot4,MIN_DISTANCE,OK,8.802,5.099,,0,nearest_robot=robot3
233.000,ours,-,robot5,MIN_DISTANCE,OK,2.069,5.099,,0,nearest_robot=robot6
233.000,ours,-,robot6,MIN_DISTANCE,OK,2.069,5.099,,0,nearest_robot=robot5
233.000,ours,-,fleet,MIN_DISTANCE_AVG,OK,5.099,,,0,robots_sampled=6
233.200,ours,-,fleet,CHOMP_TIME_FULL,OK,,4.481,,0,iterations=100;iterations_executed=100;source=algorithm;round_trip=4.510759
234.000,ours,-,robot1,MIN_DISTANCE,OK,4.704,4.967,,0,nearest_robot=robot3
234.000,ours,-,robot2,MIN_DISTANCE,OK,8.942,4.967,,0,nearest_robot=robot5
234.000,ours,-,robot3,MIN_DISTANCE,OK,4.704,4.967,,0,nearest_robot=robot1
234.000,ours,-,robot4,MIN_DISTANCE,OK,8.617,4.967,,0,nearest_robot=robot3
234.000,ours,-,robot5,MIN_DISTANCE,OK,1.417,4.967,,0,nearest_robot=robot6
234.000,ours,-,robot6,MIN_DISTANCE,OK,1.417,4.967,,0,nearest_robot=robot5
234.000,ours,-,fleet,MIN_DISTANCE_AVG,OK,4.967,,,0,robots_sampled=6
235.000,ours,-,robot1,MIN_DISTANCE,OK,5.052,4.921,,0,nearest_robot=robot3
235.000,ours,-,robot2,MIN_DISTANCE,OK,8.958,4.921,,0,nearest_robot=robot5
235.000,ours,-,robot3,MIN_DISTANCE,OK,5.052,4.921,,0,nearest_robot=robot1
235.000,ours,-,robot4,MIN_DISTANCE,OK,8.401,4.921,,0,nearest_robot=robot3
235.000,ours,-,robot5,MIN_DISTANCE,OK,1.033,4.921,,0,nearest_robot=robot6
235.000,ours,-,robot6,MIN_DISTANCE,OK,1.033,4.921,,0,nearest_robot=robot5
235.000,ours,-,fleet,MIN_DISTANCE_AVG,OK,4.921,,,0,robots_sampled=6
236.000,ours,-,robot1,MIN_DISTANCE,OK,5.363,5.074,,0,nearest_robot=robot5
236.000,ours,-,robot2,MIN_DISTANCE,OK,8.944,5.074,,0,nearest_robot=robot5
236.000,ours,-,robot3,MIN_DISTANCE,OK,5.448,5.074,,0,nearest_robot=robot1
236.000,ours,-,robot4,MIN_DISTANCE,OK,8.221,5.074,,0,nearest_robot=robot3
236.000,ours,-,robot5,MIN_DISTANCE,OK,1.234,5.074,,0,nearest_robot=robot6
236.000,ours,-,robot6,MIN_DISTANCE,OK,1.234,5.074,,0,nearest_robot=robot5
236.000,ours,-,fleet,MIN_DISTANCE_AVG,OK,5.074,,,0,robots_sampled=6
237.000,ours,-,robot1,MIN_DISTANCE,OK,4.594,5.204,,0,nearest_robot=robot5
237.000,ours,-,robot2,MIN_DISTANCE,OK,8.947,5.204,,0,nearest_robot=robot5
237.000,ours,-,robot3,MIN_DISTANCE,OK,5.754,5.204,,0,nearest_robot=robot1
237.000,ours,-,robot4,MIN_DISTANCE,OK,8.358,5.204,,0,nearest_robot=robot3
237.000,ours,-,robot5,MIN_DISTANCE,OK,1.786,5.204,,0,nearest_robot=robot6
237.000,ours,-,robot6,MIN_DISTANCE,OK,1.786,5.204,,0,nearest_robot=robot5
237.000,ours,-,fleet,MIN_DISTANCE_AVG,OK,5.204,,,0,robots_sampled=6
238.000,ours,-,robot1,MIN_DISTANCE,OK,3.811,5.313,,0,nearest_robot=robot5
238.000,ours,-,robot2,MIN_DISTANCE,OK,8.947,5.313,,0,nearest_robot=robot5
238.000,ours,-,robot3,MIN_DISTANCE,OK,5.686,5.313,,0,nearest_robot=robot1
238.000,ours,-,robot4,MIN_DISTANCE,OK,8.602,5.313,,0,nearest_robot=robot3
238.000,ours,-,robot5,MIN_DISTANCE,OK,2.415,5.313,,0,nearest_robot=robot6
238.000,ours,-,robot6,MIN_DISTANCE,OK,2.415,5.313,,0,nearest_robot=robot5
238.000,ours,-,fleet,MIN_DISTANCE_AVG,OK,5.313,,,0,robots_sampled=6
238.140,ours,-,fleet,CHOMP_TIME_FULL,OK,,4.468,,0,iterations=100;iterations_executed=100;source=algorithm;round_trip=4.496140
239.000,ours,-,robot1,MIN_DISTANCE,OK,3.019,5.387,,0,nearest_robot=robot5
239.000,ours,-,robot2,MIN_DISTANCE,OK,8.853,5.387,,0,nearest_robot=robot1
239.000,ours,-,robot3,MIN_DISTANCE,OK,5.588,5.387,,0,nearest_robot=robot1
239.000,ours,-,robot4,MIN_DISTANCE,OK,8.707,5.387,,0,nearest_robot=robot3
239.000,ours,-,robot5,MIN_DISTANCE,OK,3.019,5.387,,0,nearest_robot=robot1
239.000,ours,-,robot6,MIN_DISTANCE,OK,3.136,5.387,,0,nearest_robot=robot5
239.000,ours,-,fleet,MIN_DISTANCE_AVG,OK,5.387,,,0,robots_sampled=6
240.000,ours,-,robot1,MIN_DISTANCE,OK,2.265,5.230,,0,nearest_robot=robot5
240.000,ours,-,robot2,MIN_DISTANCE,OK,8.719,5.230,,0,nearest_robot=robot1
240.000,ours,-,robot3,MIN_DISTANCE,OK,5.475,5.230,,0,nearest_robot=robot1
240.000,ours,-,robot4,MIN_DISTANCE,OK,8.799,5.230,,0,nearest_robot=robot3
240.000,ours,-,robot5,MIN_DISTANCE,OK,2.265,5.230,,0,nearest_robot=robot1
240.000,ours,-,robot6,MIN_DISTANCE,OK,3.858,5.230,,0,nearest_robot=robot5
240.000,ours,-,fleet,MIN_DISTANCE_AVG,OK,5.230,,,0,robots_sampled=6
241.000,ours,-,robot1,MIN_DISTANCE,OK,1.541,5.101,,0,nearest_robot=robot5
241.000,ours,-,robot2,MIN_DISTANCE,OK,8.561,5.101,,0,nearest_robot=robot3
241.000,ours,-,robot3,MIN_DISTANCE,OK,5.383,5.101,,0,nearest_robot=robot1
241.000,ours,-,robot4,MIN_DISTANCE,OK,8.940,5.101,,0,nearest_robot=robot3
241.000,ours,-,robot5,MIN_DISTANCE,OK,1.541,5.101,,0,nearest_robot=robot1
241.000,ours,-,robot6,MIN_DISTANCE,OK,4.641,5.101,,0,nearest_robot=robot5
241.000,ours,-,fleet,MIN_DISTANCE_AVG,OK,5.101,,,0,robots_sampled=6
242.000,ours,-,robot1,MIN_DISTANCE,OK,0.923,4.962,,0,nearest_robot=robot5
242.000,ours,-,robot2,MIN_DISTANCE,OK,8.186,4.962,,0,nearest_robot=robot3
242.000,ours,-,robot3,MIN_DISTANCE,OK,5.247,4.962,,0,nearest_robot=robot1
242.000,ours,-,robot4,MIN_DISTANCE,OK,9.077,4.962,,0,nearest_robot=robot3
242.000,ours,-,robot5,MIN_DISTANCE,OK,0.923,4.962,,0,nearest_robot=robot1
242.000,ours,-,robot6,MIN_DISTANCE,OK,5.412,4.962,,0,nearest_robot=robot5
242.000,ours,-,fleet,MIN_DISTANCE_AVG,OK,4.962,,,0,robots_sampled=6
243.000,ours,-,robot1,MIN_DISTANCE,OK,0.730,4.965,,0,nearest_robot=robot5
243.000,ours,-,robot2,MIN_DISTANCE,OK,7.901,4.965,,0,nearest_robot=robot3
243.000,ours,-,robot3,MIN_DISTANCE,OK,5.080,4.965,,0,nearest_robot=robot1
243.000,ours,-,robot4,MIN_DISTANCE,OK,9.231,4.965,,0,nearest_robot=robot3
243.000,ours,-,robot5,MIN_DISTANCE,OK,0.730,4.965,,0,nearest_robot=robot1
243.000,ours,-,robot6,MIN_DISTANCE,OK,6.122,4.965,,0,nearest_robot=robot1
243.000,ours,-,fleet,MIN_DISTANCE_AVG,OK,4.965,,,0,robots_sampled=6
243.100,ours,-,fleet,CHOMP_TIME_FULL,OK,,4.337,,0,iterations=100;iterations_executed=100;source=algorithm;round_trip=4.360982
244.000,ours,-,robot1,MIN_DISTANCE,OK,1.180,5.019,,0,nearest_robot=robot5
244.000,ours,-,robot2,MIN_DISTANCE,OK,7.751,5.019,,0,nearest_robot=robot3
244.000,ours,-,robot3,MIN_DISTANCE,OK,4.456,5.019,,0,nearest_robot=robot5
244.000,ours,-,robot4,MIN_DISTANCE,OK,9.408,5.019,,0,nearest_robot=robot3
244.000,ours,-,robot5,MIN_DISTANCE,OK,1.180,5.019,,0,nearest_robot=robot1
244.000,ours,-,robot6,MIN_DISTANCE,OK,6.137,5.019,,0,nearest_robot=robot1
244.000,ours,-,fleet,MIN_DISTANCE_AVG,OK,5.019,,,0,robots_sampled=6
245.000,ours,-,robot1,MIN_DISTANCE,OK,1.864,5.145,,0,nearest_robot=robot5
245.000,ours,-,robot2,MIN_DISTANCE,OK,7.665,5.145,,0,nearest_robot=robot3
245.000,ours,-,robot3,MIN_DISTANCE,OK,3.737,5.145,,0,nearest_robot=robot5
245.000,ours,-,robot4,MIN_DISTANCE,OK,9.595,5.145,,0,nearest_robot=robot3
245.000,ours,-,robot5,MIN_DISTANCE,OK,1.864,5.145,,0,nearest_robot=robot1
245.000,ours,-,robot6,MIN_DISTANCE,OK,6.142,5.145,,0,nearest_robot=robot1
245.000,ours,-,fleet,MIN_DISTANCE_AVG,OK,5.145,,,0,robots_sampled=6
246.000,ours,-,robot1,MIN_DISTANCE,OK,2.503,5.316,,0,nearest_robot=robot5
246.000,ours,-,robot2,MIN_DISTANCE,OK,7.631,5.316,,0,nearest_robot=robot3
246.000,ours,-,robot3,MIN_DISTANCE,OK,3.146,5.316,,0,nearest_robot=robot5
246.000,ours,-,robot4,MIN_DISTANCE,OK,9.784,5.316,,0,nearest_robot=robot3
246.000,ours,-,robot5,MIN_DISTANCE,OK,2.503,5.316,,0,nearest_robot=robot1
246.000,ours,-,robot6,MIN_DISTANCE,OK,6.328,5.316,,0,nearest_robot=robot1
246.000,ours,-,fleet,MIN_DISTANCE_AVG,OK,5.316,,,0,robots_sampled=6
247.000,ours,-,robot1,MIN_DISTANCE,OK,3.178,5.367,,0,nearest_robot=robot5
247.000,ours,-,robot2,MIN_DISTANCE,OK,7.634,5.367,,0,nearest_robot=robot3
247.000,ours,-,robot3,MIN_DISTANCE,OK,2.480,5.367,,0,nearest_robot=robot5
247.000,ours,-,robot4,MIN_DISTANCE,OK,10.053,5.367,,0,nearest_robot=robot3
247.000,ours,-,robot5,MIN_DISTANCE,OK,2.480,5.367,,0,nearest_robot=robot3
247.000,ours,-,robot6,MIN_DISTANCE,OK,6.378,5.367,,0,nearest_robot=robot1
247.000,ours,-,fleet,MIN_DISTANCE_AVG,OK,5.367,,,0,robots_sampled=6
247.970,ours,-,fleet,CHOMP_TIME_FULL,OK,,4.198,,0,iterations=100;iterations_executed=100;source=algorithm;round_trip=4.221225
248.000,ours,-,robot1,MIN_DISTANCE,OK,3.912,5.319,,0,nearest_robot=robot5
248.000,ours,-,robot2,MIN_DISTANCE,OK,7.673,5.319,,0,nearest_robot=robot3
248.000,ours,-,robot3,MIN_DISTANCE,OK,1.823,5.319,,0,nearest_robot=robot5
248.000,ours,-,robot4,MIN_DISTANCE,OK,10.305,5.319,,0,nearest_robot=robot3
248.000,ours,-,robot5,MIN_DISTANCE,OK,1.823,5.319,,0,nearest_robot=robot3
248.000,ours,-,robot6,MIN_DISTANCE,OK,6.376,5.319,,0,nearest_robot=robot1
248.000,ours,-,fleet,MIN_DISTANCE_AVG,OK,5.319,,,0,robots_sampled=6
249.000,ours,-,robot1,MIN_DISTANCE,OK,4.650,5.248,,0,nearest_robot=robot5
249.000,ours,-,robot2,MIN_DISTANCE,OK,7.732,5.248,,0,nearest_robot=robot3
249.000,ours,-,robot3,MIN_DISTANCE,OK,1.272,5.248,,0,nearest_robot=robot5
249.000,ours,-,robot4,MIN_DISTANCE,OK,10.184,5.248,,0,nearest_robot=robot5
249.000,ours,-,robot5,MIN_DISTANCE,OK,1.272,5.248,,0,nearest_robot=robot3
249.000,ours,-,robot6,MIN_DISTANCE,OK,6.381,5.248,,0,nearest_robot=robot1
249.000,ours,-,fleet,MIN_DISTANCE_AVG,OK,5.248,,,0,robots_sampled=6
250.000,ours,-,robot1,MIN_DISTANCE,OK,4.692,5.167,,0,nearest_robot=robot3
250.000,ours,-,robot2,MIN_DISTANCE,OK,7.800,5.167,,0,nearest_robot=robot3
250.000,ours,-,robot3,MIN_DISTANCE,OK,1.118,5.167,,0,nearest_robot=robot5
250.000,ours,-,robot4,MIN_DISTANCE,OK,9.891,5.167,,0,nearest_robot=robot5
250.000,ours,-,robot5,MIN_DISTANCE,OK,1.118,5.167,,0,nearest_robot=robot3
250.000,ours,-,robot6,MIN_DISTANCE,OK,6.381,5.167,,0,nearest_robot=robot1
250.000,ours,-,fleet,MIN_DISTANCE_AVG,OK,5.167,,,0,robots_sampled=6
251.000,ours,-,robot1,MIN_DISTANCE,OK,4.720,5.264,,0,nearest_robot=robot3
251.000,ours,-,robot2,MIN_DISTANCE,OK,7.866,5.264,,0,nearest_robot=robot3
251.000,ours,-,robot3,MIN_DISTANCE,OK,1.482,5.264,,0,nearest_robot=robot5
251.000,ours,-,robot4,MIN_DISTANCE,OK,9.637,5.264,,0,nearest_robot=robot5
251.000,ours,-,robot5,MIN_DISTANCE,OK,1.482,5.264,,0,nearest_robot=robot3
251.000,ours,-,robot6,MIN_DISTANCE,OK,6.395,5.264,,0,nearest_robot=robot1
251.000,ours,-,fleet,MIN_DISTANCE_AVG,OK,5.264,,,0,robots_sampled=6
252.000,ours,-,robot1,MIN_DISTANCE,OK,4.712,5.394,,0,nearest_robot=robot3
252.000,ours,-,robot2,MIN_DISTANCE,OK,7.576,5.394,,0,nearest_robot=robot5
252.000,ours,-,robot3,MIN_DISTANCE,OK,2.145,5.394,,0,nearest_robot=robot5
252.000,ours,-,robot4,MIN_DISTANCE,OK,9.389,5.394,,0,nearest_robot=robot5
252.000,ours,-,robot5,MIN_DISTANCE,OK,2.145,5.394,,0,nearest_robot=robot3
252.000,ours,-,robot6,MIN_DISTANCE,OK,6.398,5.394,,0,nearest_robot=robot1
252.000,ours,-,fleet,MIN_DISTANCE_AVG,OK,5.394,,,0,robots_sampled=6
252.560,ours,-,fleet,CHOMP_TIME_FULL,OK,,4.301,,0,iterations=100;iterations_executed=100;source=algorithm;round_trip=4.326569
253.000,ours,-,robot1,MIN_DISTANCE,OK,4.735,5.520,,0,nearest_robot=robot3
253.000,ours,-,robot2,MIN_DISTANCE,OK,7.141,5.520,,0,nearest_robot=robot5
253.000,ours,-,robot3,MIN_DISTANCE,OK,2.880,5.520,,0,nearest_robot=robot5
253.000,ours,-,robot4,MIN_DISTANCE,OK,9.106,5.520,,0,nearest_robot=robot5
253.000,ours,-,robot5,MIN_DISTANCE,OK,2.880,5.520,,0,nearest_robot=robot3
253.000,ours,-,robot6,MIN_DISTANCE,OK,6.380,5.520,,0,nearest_robot=robot1
253.000,ours,-,fleet,MIN_DISTANCE_AVG,OK,5.520,,,0,robots_sampled=6
254.000,ours,-,robot1,MIN_DISTANCE,OK,4.749,5.658,,0,nearest_robot=robot3
254.000,ours,-,robot2,MIN_DISTANCE,OK,6.731,5.658,,0,nearest_robot=robot5
254.000,ours,-,robot3,MIN_DISTANCE,OK,3.644,5.658,,0,nearest_robot=robot5
254.000,ours,-,robot4,MIN_DISTANCE,OK,8.826,5.658,,0,nearest_robot=robot5
254.000,ours,-,robot5,MIN_DISTANCE,OK,3.644,5.658,,0,nearest_robot=robot3
254.000,ours,-,robot6,MIN_DISTANCE,OK,6.357,5.658,,0,nearest_robot=robot1
254.000,ours,-,fleet,MIN_DISTANCE_AVG,OK,5.658,,,0,robots_sampled=6
255.000,ours,-,robot1,MIN_DISTANCE,OK,4.725,5.807,,0,nearest_robot=robot3
255.000,ours,-,robot2,MIN_DISTANCE,OK,6.386,5.807,,0,nearest_robot=robot5
255.000,ours,-,robot3,MIN_DISTANCE,OK,4.433,5.807,,0,nearest_robot=robot5
255.000,ours,-,robot4,MIN_DISTANCE,OK,8.539,5.807,,0,nearest_robot=robot5
255.000,ours,-,robot5,MIN_DISTANCE,OK,4.433,5.807,,0,nearest_robot=robot3
255.000,ours,-,robot6,MIN_DISTANCE,OK,6.323,5.807,,0,nearest_robot=robot1
255.000,ours,-,fleet,MIN_DISTANCE_AVG,OK,5.807,,,0,robots_sampled=6
256.000,ours,-,robot1,MIN_DISTANCE,OK,4.717,5.853,,0,nearest_robot=robot3
256.000,ours,-,robot2,MIN_DISTANCE,OK,6.022,5.853,,0,nearest_robot=robot5
256.000,ours,-,robot3,MIN_DISTANCE,OK,4.717,5.853,,0,nearest_robot=robot1
256.000,ours,-,robot4,MIN_DISTANCE,OK,8.254,5.853,,0,nearest_robot=robot5
256.000,ours,-,robot5,MIN_DISTANCE,OK,5.213,5.853,,0,nearest_robot=robot3
256.000,ours,-,robot6,MIN_DISTANCE,OK,6.191,5.853,,0,nearest_robot=robot1
256.000,ours,-,fleet,MIN_DISTANCE_AVG,OK,5.853,,,0,robots_sampled=6
257.000,ours,-,robot1,MIN_DISTANCE,OK,4.656,5.737,,0,nearest_robot=robot3
257.000,ours,-,robot2,MIN_DISTANCE,OK,5.548,5.737,,0,nearest_robot=robot5
257.000,ours,-,robot3,MIN_DISTANCE,OK,4.656,5.737,,0,nearest_robot=robot1
257.000,ours,-,robot4,MIN_DISTANCE,OK,7.956,5.737,,0,nearest_robot=robot5
257.000,ours,-,robot5,MIN_DISTANCE,OK,5.548,5.737,,0,nearest_robot=robot2
257.000,ours,-,robot6,MIN_DISTANCE,OK,6.057,5.737,,0,nearest_robot=robot1
257.000,ours,-,fleet,MIN_DISTANCE_AVG,OK,5.737,,,0,robots_sampled=6
257.510,ours,-,fleet,CHOMP_TIME_FULL,OK,,4.249,,0,iterations=100;iterations_executed=100;source=algorithm;round_trip=4.269299
258.000,ours,-,robot1,MIN_DISTANCE,OK,4.686,5.439,,0,nearest_robot=robot3
258.000,ours,-,robot2,MIN_DISTANCE,OK,4.979,5.439,,0,nearest_robot=robot5
258.000,ours,-,robot3,MIN_DISTANCE,OK,4.686,5.439,,0,nearest_robot=robot1
258.000,ours,-,robot4,MIN_DISTANCE,OK,7.663,5.439,,0,nearest_robot=robot5
258.000,ours,-,robot5,MIN_DISTANCE,OK,4.979,5.439,,0,nearest_robot=robot2
258.000,ours,-,robot6,MIN_DISTANCE,OK,5.644,5.439,,0,nearest_robot=robot1
258.000,ours,-,fleet,MIN_DISTANCE_AVG,OK,5.439,,,0,robots_sampled=6
259.000,ours,-,robot1,MIN_DISTANCE,OK,4.647,5.154,,0,nearest_robot=robot3
259.000,ours,-,robot2,MIN_DISTANCE,OK,4.490,5.154,,0,nearest_robot=robot5
259.000,ours,-,robot3,MIN_DISTANCE,OK,4.647,5.154,,0,nearest_robot=robot1
259.000,ours,-,robot4,MIN_DISTANCE,OK,7.357,5.154,,0,nearest_robot=robot5
259.000,ours,-,robot5,MIN_DISTANCE,OK,4.490,5.154,,0,nearest_robot=robot2
259.000,ours,-,robot6,MIN_DISTANCE,OK,5.290,5.154,,0,nearest_robot=robot1
259.000,ours,-,fleet,MIN_DISTANCE_AVG,OK,5.154,,,0,robots_sampled=6
260.000,ours,-,robot1,MIN_DISTANCE,OK,4.585,4.859,,0,nearest_robot=robot3
260.000,ours,-,robot2,MIN_DISTANCE,OK,3.988,4.859,,0,nearest_robot=robot5
260.000,ours,-,robot3,MIN_DISTANCE,OK,4.585,4.859,,0,nearest_robot=robot1
260.000,ours,-,robot4,MIN_DISTANCE,OK,7.082,4.859,,0,nearest_robot=robot5
260.000,ours,-,robot5,MIN_DISTANCE,OK,3.988,4.859,,0,nearest_robot=robot2
260.000,ours,-,robot6,MIN_DISTANCE,OK,4.924,4.859,,0,nearest_robot=robot1
260.000,ours,-,fleet,MIN_DISTANCE_AVG,OK,4.859,,,0,robots_sampled=6
261.000,ours,-,robot1,MIN_DISTANCE,OK,4.546,4.594,,0,nearest_robot=robot6
261.000,ours,-,robot2,MIN_DISTANCE,OK,3.530,4.594,,0,nearest_robot=robot5
261.000,ours,-,robot3,MIN_DISTANCE,OK,4.575,4.594,,0,nearest_robot=robot1
261.000,ours,-,robot4,MIN_DISTANCE,OK,6.835,4.594,,0,nearest_robot=robot5
261.000,ours,-,robot5,MIN_DISTANCE,OK,3.530,4.594,,0,nearest_robot=robot2
261.000,ours,-,robot6,MIN_DISTANCE,OK,4.546,4.594,,0,nearest_robot=robot1
261.000,ours,-,fleet,MIN_DISTANCE_AVG,OK,4.594,,,0,robots_sampled=6
262.000,ours,-,robot1,MIN_DISTANCE,OK,4.146,4.333,,0,nearest_robot=robot6
262.000,ours,-,robot2,MIN_DISTANCE,OK,3.273,4.333,,0,nearest_robot=robot5
262.000,ours,-,robot3,MIN_DISTANCE,OK,4.523,4.333,,0,nearest_robot=robot1
262.000,ours,-,robot4,MIN_DISTANCE,OK,6.637,4.333,,0,nearest_robot=robot5
262.000,ours,-,robot5,MIN_DISTANCE,OK,3.273,4.333,,0,nearest_robot=robot2
262.000,ours,-,robot6,MIN_DISTANCE,OK,4.146,4.333,,0,nearest_robot=robot1
262.000,ours,-,fleet,MIN_DISTANCE_AVG,OK,4.333,,,0,robots_sampled=6
262.410,ours,-,fleet,CHOMP_TIME_FULL,OK,,4.134,,0,iterations=100;iterations_executed=100;source=algorithm;round_trip=4.152581
263.000,ours,-,robot1,MIN_DISTANCE,OK,3.712,4.153,,0,nearest_robot=robot6
263.000,ours,-,robot2,MIN_DISTANCE,OK,3.243,4.153,,0,nearest_robot=robot5
263.000,ours,-,robot3,MIN_DISTANCE,OK,4.542,4.153,,0,nearest_robot=robot1
263.000,ours,-,robot4,MIN_DISTANCE,OK,6.467,4.153,,0,nearest_robot=robot5
263.000,ours,-,robot5,MIN_DISTANCE,OK,3.243,4.153,,0,nearest_robot=robot2
263.000,ours,-,robot6,MIN_DISTANCE,OK,3.712,4.153,,0,nearest_robot=robot1
263.000,ours,-,fleet,MIN_DISTANCE_AVG,OK,4.153,,,0,robots_sampled=6
264.000,ours,-,robot1,MIN_DISTANCE,OK,3.296,3.987,,0,nearest_robot=robot6
264.000,ours,-,robot2,MIN_DISTANCE,OK,3.262,3.987,,0,nearest_robot=robot5
264.000,ours,-,robot3,MIN_DISTANCE,OK,4.525,3.987,,0,nearest_robot=robot1
264.000,ours,-,robot4,MIN_DISTANCE,OK,6.281,3.987,,0,nearest_robot=robot5
264.000,ours,-,robot5,MIN_DISTANCE,OK,3.262,3.987,,0,nearest_robot=robot2
264.000,ours,-,robot6,MIN_DISTANCE,OK,3.296,3.987,,0,nearest_robot=robot1
264.000,ours,-,fleet,MIN_DISTANCE_AVG,OK,3.987,,,0,robots_sampled=6
265.000,ours,-,robot1,MIN_DISTANCE,OK,2.994,3.881,,0,nearest_robot=robot6
265.000,ours,-,robot2,MIN_DISTANCE,OK,3.450,3.881,,0,nearest_robot=robot5
265.000,ours,-,robot3,MIN_DISTANCE,OK,4.460,3.881,,0,nearest_robot=robot1
265.000,ours,-,robot4,MIN_DISTANCE,OK,5.940,3.881,,0,nearest_robot=robot5
265.000,ours,-,robot5,MIN_DISTANCE,OK,3.450,3.881,,0,nearest_robot=robot2
265.000,ours,-,robot6,MIN_DISTANCE,OK,2.994,3.881,,0,nearest_robot=robot1
265.000,ours,-,fleet,MIN_DISTANCE_AVG,OK,3.881,,,0,robots_sampled=6
266.000,ours,-,robot1,MIN_DISTANCE,OK,2.615,3.815,,0,nearest_robot=robot6
266.000,ours,-,robot2,MIN_DISTANCE,OK,3.875,3.815,,0,nearest_robot=robot5
266.000,ours,-,robot3,MIN_DISTANCE,OK,4.424,3.815,,0,nearest_robot=robot1
266.000,ours,-,robot4,MIN_DISTANCE,OK,5.483,3.815,,0,nearest_robot=robot5
266.000,ours,-,robot5,MIN_DISTANCE,OK,3.875,3.815,,0,nearest_robot=robot2
266.000,ours,-,robot6,MIN_DISTANCE,OK,2.615,3.815,,0,nearest_robot=robot1
266.000,ours,-,fleet,MIN_DISTANCE_AVG,OK,3.815,,,0,robots_sampled=6
266.970,ours,-,fleet,CHOMP_TIME_FULL,OK,,4.151,,0,iterations=100;iterations_executed=100;source=algorithm;round_trip=4.177159
267.000,ours,-,robot1,MIN_DISTANCE,OK,2.240,3.748,,0,nearest_robot=robot6
267.000,ours,-,robot2,MIN_DISTANCE,OK,4.330,3.748,,0,nearest_robot=robot5
267.000,ours,-,robot3,MIN_DISTANCE,OK,4.361,3.748,,0,nearest_robot=robot1
267.000,ours,-,robot4,MIN_DISTANCE,OK,4.988,3.748,,0,nearest_robot=robot5
267.000,ours,-,robot5,MIN_DISTANCE,OK,4.330,3.748,,0,nearest_robot=robot2
267.000,ours,-,robot6,MIN_DISTANCE,OK,2.240,3.748,,0,nearest_robot=robot1
267.000,ours,-,fleet,MIN_DISTANCE_AVG,OK,3.748,,,0,robots_sampled=6
268.000,ours,-,robot1,MIN_DISTANCE,OK,1.781,3.621,,0,nearest_robot=robot6
268.000,ours,-,robot2,MIN_DISTANCE,OK,4.797,3.621,,0,nearest_robot=robot5
268.000,ours,-,robot3,MIN_DISTANCE,OK,4.397,3.621,,0,nearest_robot=robot1
268.000,ours,-,robot4,MIN_DISTANCE,OK,4.486,3.621,,0,nearest_robot=robot5
268.000,ours,-,robot5,MIN_DISTANCE,OK,4.486,3.621,,0,nearest_robot=robot4
268.000,ours,-,robot6,MIN_DISTANCE,OK,1.781,3.621,,0,nearest_robot=robot1
268.000,ours,-,fleet,MIN_DISTANCE_AVG,OK,3.621,,,0,robots_sampled=6
269.000,ours,-,robot1,MIN_DISTANCE,OK,1.284,3.366,,0,nearest_robot=robot6
269.000,ours,-,robot2,MIN_DISTANCE,OK,5.281,3.366,,0,nearest_robot=robot5
269.000,ours,-,robot3,MIN_DISTANCE,OK,4.407,3.366,,0,nearest_robot=robot1
269.000,ours,-,robot4,MIN_DISTANCE,OK,3.969,3.366,,0,nearest_robot=robot5
269.000,ours,-,robot5,MIN_DISTANCE,OK,3.969,3.366,,0,nearest_robot=robot4
269.000,ours,-,robot6,MIN_DISTANCE,OK,1.284,3.366,,0,nearest_robot=robot1
269.000,ours,-,fleet,MIN_DISTANCE_AVG,OK,3.366,,,0,robots_sampled=6
270.000,ours,-,robot1,MIN_DISTANCE,OK,0.829,3.130,,0,nearest_robot=robot6
270.000,ours,-,robot2,MIN_DISTANCE,OK,5.637,3.130,,0,nearest_robot=robot5
270.000,ours,-,robot3,MIN_DISTANCE,OK,4.322,3.130,,0,nearest_robot=robot1
270.000,ours,-,robot4,MIN_DISTANCE,OK,3.582,3.130,,0,nearest_robot=robot5
270.000,ours,-,robot5,MIN_DISTANCE,OK,3.582,3.130,,0,nearest_robot=robot4
270.000,ours,-,robot6,MIN_DISTANCE,OK,0.829,3.130,,0,nearest_robot=robot1
270.000,ours,-,fleet,MIN_DISTANCE_AVG,OK,3.130,,,0,robots_sampled=6
271.000,ours,-,robot1,MIN_DISTANCE,OK,0.562,2.961,,0,nearest_robot=robot6
271.000,ours,-,robot2,MIN_DISTANCE,OK,5.881,2.961,,0,nearest_robot=robot5
271.000,ours,-,robot3,MIN_DISTANCE,OK,4.156,2.961,,0,nearest_robot=robot1
271.000,ours,-,robot4,MIN_DISTANCE,OK,3.301,2.961,,0,nearest_robot=robot5
271.000,ours,-,robot5,MIN_DISTANCE,OK,3.301,2.961,,0,nearest_robot=robot4
271.000,ours,-,robot6,MIN_DISTANCE,OK,0.562,2.961,,0,nearest_robot=robot1
271.000,ours,-,fleet,MIN_DISTANCE_AVG,OK,2.961,,,0,robots_sampled=6
271.920,ours,-,fleet,CHOMP_TIME_FULL,OK,,4.141,,0,iterations=100;iterations_executed=100;source=algorithm;round_trip=4.167176
272.000,ours,-,robot1,MIN_DISTANCE,OK,0.757,2.876,,0,nearest_robot=robot6
272.000,ours,-,robot2,MIN_DISTANCE,OK,6.111,2.876,,0,nearest_robot=robot5
272.000,ours,-,robot3,MIN_DISTANCE,OK,3.546,2.876,,0,nearest_robot=robot6
272.000,ours,-,robot4,MIN_DISTANCE,OK,3.044,2.876,,0,nearest_robot=robot5
272.000,ours,-,robot5,MIN_DISTANCE,OK,3.044,2.876,,0,nearest_robot=robot4
272.000,ours,-,robot6,MIN_DISTANCE,OK,0.757,2.876,,0,nearest_robot=robot1
272.000,ours,-,fleet,MIN_DISTANCE_AVG,OK,2.876,,,0,robots_sampled=6
273.000,ours,-,robot1,MIN_DISTANCE,OK,1.166,2.882,,0,nearest_robot=robot6
273.000,ours,-,robot2,MIN_DISTANCE,OK,6.487,2.882,,0,nearest_robot=robot5
273.000,ours,-,robot3,MIN_DISTANCE,OK,2.787,2.882,,0,nearest_robot=robot6
273.000,ours,-,robot4,MIN_DISTANCE,OK,2.842,2.882,,0,nearest_robot=robot5
273.000,ours,-,robot5,MIN_DISTANCE,OK,2.842,2.882,,0,nearest_robot=robot4
273.000,ours,-,robot6,MIN_DISTANCE,OK,1.166,2.882,,0,nearest_robot=robot1
273.000,ours,-,fleet,MIN_DISTANCE_AVG,OK,2.882,,,0,robots_sampled=6
274.000,ours,-,robot1,MIN_DISTANCE,OK,1.560,2.891,,0,nearest_robot=robot6
274.000,ours,-,robot2,MIN_DISTANCE,OK,6.747,2.891,,0,nearest_robot=robot5
274.000,ours,-,robot3,MIN_DISTANCE,OK,2.053,2.891,,0,nearest_robot=robot6
274.000,ours,-,robot4,MIN_DISTANCE,OK,2.714,2.891,,0,nearest_robot=robot5
274.000,ours,-,robot5,MIN_DISTANCE,OK,2.714,2.891,,0,nearest_robot=robot4
274.000,ours,-,robot6,MIN_DISTANCE,OK,1.560,2.891,,0,nearest_robot=robot1
274.000,ours,-,fleet,MIN_DISTANCE_AVG,OK,2.891,,,0,robots_sampled=6
275.000,ours,-,robot1,MIN_DISTANCE,OK,1.964,2.805,,0,nearest_robot=robot6
275.000,ours,-,robot2,MIN_DISTANCE,OK,6.849,2.805,,0,nearest_robot=robot5
275.000,ours,-,robot3,MIN_DISTANCE,OK,1.455,2.805,,0,nearest_robot=robot6
275.000,ours,-,robot4,MIN_DISTANCE,OK,2.552,2.805,,0,nearest_robot=robot5
275.000,ours,-,robot5,MIN_DISTANCE,OK,2.552,2.805,,0,nearest_robot=robot4
275.000,ours,-,robot6,MIN_DISTANCE,OK,1.455,2.805,,0,nearest_robot=robot3
275.000,ours,-,fleet,MIN_DISTANCE_AVG,OK,2.805,,,0,robots_sampled=6
276.000,ours,-,robot1,MIN_DISTANCE,OK,2.359,2.730,,0,nearest_robot=robot6
276.000,ours,-,robot2,MIN_DISTANCE,OK,7.150,2.730,,0,nearest_robot=robot5
276.000,ours,-,robot3,MIN_DISTANCE,OK,1.184,2.730,,0,nearest_robot=robot6
276.000,ours,-,robot4,MIN_DISTANCE,OK,2.252,2.730,,0,nearest_robot=robot5
276.000,ours,-,robot5,MIN_DISTANCE,OK,2.252,2.730,,0,nearest_robot=robot4
276.000,ours,-,robot6,MIN_DISTANCE,OK,1.184,2.730,,0,nearest_robot=robot3
276.000,ours,-,fleet,MIN_DISTANCE_AVG,OK,2.730,,,0,robots_sampled=6
277.000,ours,-,robot1,MIN_DISTANCE,OK,2.105,2.733,,0,nearest_robot=robot3
277.000,ours,-,robot2,MIN_DISTANCE,OK,7.579,2.733,,0,nearest_robot=robot5
277.000,ours,-,robot3,MIN_DISTANCE,OK,1.380,2.733,,0,nearest_robot=robot6
277.000,ours,-,robot4,MIN_DISTANCE,OK,1.978,2.733,,0,nearest_robot=robot5
277.000,ours,-,robot5,MIN_DISTANCE,OK,1.978,2.733,,0,nearest_robot=robot4
277.000,ours,-,robot6,MIN_DISTANCE,OK,1.380,2.733,,0,nearest_robot=robot3
277.000,ours,-,fleet,MIN_DISTANCE_AVG,OK,2.733,,,0,robots_sampled=6
277.090,ours,-,fleet,CHOMP_TIME_FULL,OK,,5.016,,0,iterations=100;iterations_executed=100;source=algorithm;round_trip=5.035419
278.000,ours,-,robot1,MIN_DISTANCE,OK,1.741,2.806,,0,nearest_robot=robot3
278.000,ours,-,robot2,MIN_DISTANCE,OK,8.167,2.806,,0,nearest_robot=robot5
278.000,ours,-,robot3,MIN_DISTANCE,OK,1.741,2.806,,0,nearest_robot=robot1
278.000,ours,-,robot4,MIN_DISTANCE,OK,1.629,2.806,,0,nearest_robot=robot5
278.000,ours,-,robot5,MIN_DISTANCE,OK,1.629,2.806,,0,nearest_robot=robot4
278.000,ours,-,robot6,MIN_DISTANCE,OK,1.931,2.806,,0,nearest_robot=robot3
278.000,ours,-,fleet,MIN_DISTANCE_AVG,OK,2.806,,,0,robots_sampled=6
279.000,ours,-,robot1,MIN_DISTANCE,OK,1.353,2.805,,0,nearest_robot=robot3
279.000,ours,-,robot2,MIN_DISTANCE,OK,8.802,2.805,,0,nearest_robot=robot5
279.000,ours,-,robot3,MIN_DISTANCE,OK,1.353,2.805,,0,nearest_robot=robot1
279.000,ours,-,robot4,MIN_DISTANCE,OK,1.309,2.805,,0,nearest_robot=robot5
279.000,ours,-,robot5,MIN_DISTANCE,OK,1.309,2.805,,0,nearest_robot=robot4
279.000,ours,-,robot6,MIN_DISTANCE,OK,2.705,2.805,,0,nearest_robot=robot3
279.000,ours,-,fleet,MIN_DISTANCE_AVG,OK,2.805,,,0,robots_sampled=6
280.000,ours,-,robot1,MIN_DISTANCE,OK,1.012,2.881,,0,nearest_robot=robot3
280.000,ours,-,robot2,MIN_DISTANCE,OK,9.390,2.881,,0,nearest_robot=robot5
280.000,ours,-,robot3,MIN_DISTANCE,OK,1.012,2.881,,0,nearest_robot=robot1
280.000,ours,-,robot4,MIN_DISTANCE,OK,1.195,2.881,,0,nearest_robot=robot5
280.000,ours,-,robot5,MIN_DISTANCE,OK,1.195,2.881,,0,nearest_robot=robot4
280.000,ours,-,robot6,MIN_DISTANCE,OK,3.483,2.881,,0,nearest_robot=robot3
280.000,ours,-,fleet,MIN_DISTANCE_AVG,OK,2.881,,,0,robots_sampled=6
281.000,ours,-,robot1,MIN_DISTANCE,OK,0.753,3.063,,0,nearest_robot=robot3
281.000,ours,-,robot2,MIN_DISTANCE,OK,10.046,3.063,,0,nearest_robot=robot5
281.000,ours,-,robot3,MIN_DISTANCE,OK,0.753,3.063,,0,nearest_robot=robot1
281.000,ours,-,robot4,MIN_DISTANCE,OK,1.221,3.063,,0,nearest_robot=robot5
281.000,ours,-,robot5,MIN_DISTANCE,OK,1.221,3.063,,0,nearest_robot=robot4
281.000,ours,-,robot6,MIN_DISTANCE,OK,4.387,3.063,,0,nearest_robot=robot3
281.000,ours,-,fleet,MIN_DISTANCE_AVG,OK,3.063,,,0,robots_sampled=6
282.000,ours,-,robot1,MIN_DISTANCE,OK,0.667,3.272,,0,nearest_robot=robot3
282.000,ours,-,robot2,MIN_DISTANCE,OK,10.734,3.272,,0,nearest_robot=robot5
282.000,ours,-,robot3,MIN_DISTANCE,OK,0.667,3.272,,0,nearest_robot=robot1
282.000,ours,-,robot4,MIN_DISTANCE,OK,1.381,3.272,,0,nearest_robot=robot5
282.000,ours,-,robot5,MIN_DISTANCE,OK,1.381,3.272,,0,nearest_robot=robot4
282.000,ours,-,robot6,MIN_DISTANCE,OK,4.801,3.272,,0,nearest_robot=robot1
282.000,ours,-,fleet,MIN_DISTANCE_AVG,OK,3.272,,,0,robots_sampled=6
282.140,ours,-,fleet,CHOMP_TIME_FULL,OK,,4.456,,0,iterations=100;iterations_executed=100;source=algorithm;round_trip=4.481246
283.000,ours,-,robot1,MIN_DISTANCE,OK,0.649,3.540,,0,nearest_robot=robot3
283.000,ours,-,robot2,MIN_DISTANCE,OK,11.399,3.540,,0,nearest_robot=robot5
283.000,ours,-,robot3,MIN_DISTANCE,OK,0.649,3.540,,0,nearest_robot=robot1
283.000,ours,-,robot4,MIN_DISTANCE,OK,1.659,3.540,,0,nearest_robot=robot5
283.000,ours,-,robot5,MIN_DISTANCE,OK,1.659,3.540,,0,nearest_robot=robot4
283.000,ours,-,robot6,MIN_DISTANCE,OK,5.225,3.540,,0,nearest_robot=robot1
283.000,ours,-,fleet,MIN_DISTANCE_AVG,OK,3.540,,,0,robots_sampled=6
284.000,ours,-,robot1,MIN_DISTANCE,OK,0.649,3.770,,0,nearest_robot=robot3
284.000,ours,-,robot2,MIN_DISTANCE,OK,11.835,3.770,,0,nearest_robot=robot4
284.000,ours,-,robot3,MIN_DISTANCE,OK,0.649,3.770,,0,nearest_robot=robot1
284.000,ours,-,robot4,MIN_DISTANCE,OK,1.944,3.770,,0,nearest_robot=robot5
284.000,ours,-,robot5,MIN_DISTANCE,OK,1.944,3.770,,0,nearest_robot=robot4
284.000,ours,-,robot6,MIN_DISTANCE,OK,5.600,3.770,,0,nearest_robot=robot1
284.000,ours,-,fleet,MIN_DISTANCE_AVG,OK,3.770,,,0,robots_sampled=6
285.000,ours,-,robot1,MIN_DISTANCE,OK,0.679,3.964,,0,nearest_robot=robot3
285.000,ours,-,robot2,MIN_DISTANCE,OK,12.203,3.964,,0,nearest_robot=robot4
285.000,ours,-,robot3,MIN_DISTANCE,OK,0.679,3.964,,0,nearest_robot=robot1
285.000,ours,-,robot4,MIN_DISTANCE,OK,2.097,3.964,,0,nearest_robot=robot5
285.000,ours,-,robot5,MIN_DISTANCE,OK,2.097,3.964,,0,nearest_robot=robot4
285.000,ours,-,robot6,MIN_DISTANCE,OK,6.030,3.964,,0,nearest_robot=robot1
285.000,ours,-,fleet,MIN_DISTANCE_AVG,OK,3.964,,,0,robots_sampled=6
286.000,ours,-,robot1,MIN_DISTANCE,OK,0.720,4.095,,0,nearest_robot=robot3
286.000,ours,-,robot2,MIN_DISTANCE,OK,12.484,4.095,,0,nearest_robot=robot4
286.000,ours,-,robot3,MIN_DISTANCE,OK,0.720,4.095,,0,nearest_robot=robot1
286.000,ours,-,robot4,MIN_DISTANCE,OK,2.117,4.095,,0,nearest_robot=robot5
286.000,ours,-,robot5,MIN_DISTANCE,OK,2.117,4.095,,0,nearest_robot=robot4
286.000,ours,-,robot6,MIN_DISTANCE,OK,6.414,4.095,,0,nearest_robot=robot1
286.000,ours,-,fleet,MIN_DISTANCE_AVG,OK,4.095,,,0,robots_sampled=6
287.000,ours,-,robot1,MIN_DISTANCE,OK,0.729,4.211,,0,nearest_robot=robot3
287.000,ours,-,robot2,MIN_DISTANCE,OK,12.739,4.211,,0,nearest_robot=robot4
287.000,ours,-,robot3,MIN_DISTANCE,OK,0.729,4.211,,0,nearest_robot=robot1
287.000,ours,-,robot4,MIN_DISTANCE,OK,2.117,4.211,,0,nearest_robot=robot5
287.000,ours,-,robot5,MIN_DISTANCE,OK,2.117,4.211,,0,nearest_robot=robot4
287.000,ours,-,robot6,MIN_DISTANCE,OK,6.832,4.211,,0,nearest_robot=robot1
287.000,ours,-,fleet,MIN_DISTANCE_AVG,OK,4.211,,,0,robots_sampled=6
287.560,ours,-,fleet,CHOMP_TIME_FULL,OK,,4.290,,0,iterations=100;iterations_executed=100;source=algorithm;round_trip=4.308983
288.000,ours,-,robot1,MIN_DISTANCE,OK,0.767,4.359,,0,nearest_robot=robot3
288.000,ours,-,robot2,MIN_DISTANCE,OK,13.201,4.359,,0,nearest_robot=robot4
288.000,ours,-,robot3,MIN_DISTANCE,OK,0.767,4.359,,0,nearest_robot=robot1
288.000,ours,-,robot4,MIN_DISTANCE,OK,2.117,4.359,,0,nearest_robot=robot5
288.000,ours,-,robot5,MIN_DISTANCE,OK,2.117,4.359,,0,nearest_robot=robot4
288.000,ours,-,robot6,MIN_DISTANCE,OK,7.184,4.359,,0,nearest_robot=robot1
288.000,ours,-,fleet,MIN_DISTANCE_AVG,OK,4.359,,,0,robots_sampled=6
289.000,ours,-,robot1,MIN_DISTANCE,OK,0.961,4.528,,0,nearest_robot=robot3
289.000,ours,-,robot2,MIN_DISTANCE,OK,13.609,4.528,,0,nearest_robot=robot4
289.000,ours,-,robot3,MIN_DISTANCE,OK,0.961,4.528,,0,nearest_robot=robot1
289.000,ours,-,robot4,MIN_DISTANCE,OK,2.118,4.528,,0,nearest_robot=robot5
289.000,ours,-,robot5,MIN_DISTANCE,OK,2.118,4.528,,0,nearest_robot=robot4
289.000,ours,-,robot6,MIN_DISTANCE,OK,7.402,4.528,,0,nearest_robot=robot1
289.000,ours,-,fleet,MIN_DISTANCE_AVG,OK,4.528,,,0,robots_sampled=6
290.000,ours,-,robot1,MIN_DISTANCE,OK,0.975,4.667,,0,nearest_robot=robot3
290.000,ours,-,robot2,MIN_DISTANCE,OK,14.032,4.667,,0,nearest_robot=robot4
290.000,ours,-,robot3,MIN_DISTANCE,OK,0.975,4.667,,0,nearest_robot=robot1
290.000,ours,-,robot4,MIN_DISTANCE,OK,2.118,4.667,,0,nearest_robot=robot5
290.000,ours,-,robot5,MIN_DISTANCE,OK,2.118,4.667,,0,nearest_robot=robot4
290.000,ours,-,robot6,MIN_DISTANCE,OK,7.786,4.667,,0,nearest_robot=robot1
290.000,ours,-,fleet,MIN_DISTANCE_AVG,OK,4.667,,,0,robots_sampled=6
291.000,ours,-,robot1,MIN_DISTANCE,OK,0.956,4.793,,0,nearest_robot=robot3
291.000,ours,-,robot2,MIN_DISTANCE,OK,14.411,4.793,,0,nearest_robot=robot4
291.000,ours,-,robot3,MIN_DISTANCE,OK,0.956,4.793,,0,nearest_robot=robot1
291.000,ours,-,robot4,MIN_DISTANCE,OK,2.118,4.793,,0,nearest_robot=robot5
291.000,ours,-,robot5,MIN_DISTANCE,OK,2.118,4.793,,0,nearest_robot=robot4
291.000,ours,-,robot6,MIN_DISTANCE,OK,8.197,4.793,,0,nearest_robot=robot1
291.000,ours,-,fleet,MIN_DISTANCE_AVG,OK,4.793,,,0,robots_sampled=6
292.000,ours,-,robot1,MIN_DISTANCE,OK,0.955,4.916,,0,nearest_robot=robot3
292.000,ours,-,robot2,MIN_DISTANCE,OK,14.737,4.916,,0,nearest_robot=robot4
292.000,ours,-,robot3,MIN_DISTANCE,OK,0.955,4.916,,0,nearest_robot=robot1
292.000,ours,-,robot4,MIN_DISTANCE,OK,2.118,4.916,,0,nearest_robot=robot5
292.000,ours,-,robot5,MIN_DISTANCE,OK,2.118,4.916,,0,nearest_robot=robot4
292.000,ours,-,robot6,MIN_DISTANCE,OK,8.616,4.916,,0,nearest_robot=robot1
292.000,ours,-,fleet,MIN_DISTANCE_AVG,OK,4.916,,,0,robots_sampled=6
292.380,ours,-,fleet,CHOMP_TIME_FULL,OK,,4.099,,0,iterations=100;iterations_executed=100;source=algorithm;round_trip=4.121389
293.000,ours,-,robot1,MIN_DISTANCE,OK,0.957,5.019,,0,nearest_robot=robot3
293.000,ours,-,robot2,MIN_DISTANCE,OK,14.957,5.019,,0,nearest_robot=robot4
293.000,ours,-,robot3,MIN_DISTANCE,OK,0.957,5.019,,0,nearest_robot=robot1
293.000,ours,-,robot4,MIN_DISTANCE,OK,2.119,5.019,,0,nearest_robot=robot5
293.000,ours,-,robot5,MIN_DISTANCE,OK,2.119,5.019,,0,nearest_robot=robot4
293.000,ours,-,robot6,MIN_DISTANCE,OK,9.007,5.019,,0,nearest_robot=robot1
293.000,ours,-,fleet,MIN_DISTANCE_AVG,OK,5.019,,,0,robots_sampled=6
294.000,ours,-,robot1,MIN_DISTANCE,OK,0.948,5.099,,0,nearest_robot=robot3
294.000,ours,-,robot2,MIN_DISTANCE,OK,15.069,5.099,,0,nearest_robot=robot4
294.000,ours,-,robot3,MIN_DISTANCE,OK,0.948,5.099,,0,nearest_robot=robot1
294.000,ours,-,robot4,MIN_DISTANCE,OK,2.119,5.099,,0,nearest_robot=robot5
294.000,ours,-,robot5,MIN_DISTANCE,OK,2.119,5.099,,0,nearest_robot=robot4
294.000,ours,-,robot6,MIN_DISTANCE,OK,9.390,5.099,,0,nearest_robot=robot1
294.000,ours,-,fleet,MIN_DISTANCE_AVG,OK,5.099,,,0,robots_sampled=6
295.000,ours,-,robot1,MIN_DISTANCE,OK,0.949,5.195,,0,nearest_robot=robot3
295.000,ours,-,robot2,MIN_DISTANCE,OK,15.229,5.195,,0,nearest_robot=robot4
295.000,ours,-,robot3,MIN_DISTANCE,OK,0.949,5.195,,0,nearest_robot=robot1
295.000,ours,-,robot4,MIN_DISTANCE,OK,2.119,5.195,,0,nearest_robot=robot5
295.000,ours,-,robot5,MIN_DISTANCE,OK,2.119,5.195,,0,nearest_robot=robot4
295.000,ours,-,robot6,MIN_DISTANCE,OK,9.805,5.195,,0,nearest_robot=robot1
295.000,ours,-,fleet,MIN_DISTANCE_AVG,OK,5.195,,,0,robots_sampled=6
296.000,ours,-,robot1,MIN_DISTANCE,OK,0.949,5.296,,0,nearest_robot=robot3
296.000,ours,-,robot2,MIN_DISTANCE,OK,15.419,5.296,,0,nearest_robot=robot4
296.000,ours,-,robot3,MIN_DISTANCE,OK,0.949,5.296,,0,nearest_robot=robot1
296.000,ours,-,robot4,MIN_DISTANCE,OK,2.119,5.296,,0,nearest_robot=robot5
296.000,ours,-,robot5,MIN_DISTANCE,OK,2.119,5.296,,0,nearest_robot=robot4
296.000,ours,-,robot6,MIN_DISTANCE,OK,10.221,5.296,,0,nearest_robot=robot1
296.000,ours,-,fleet,MIN_DISTANCE_AVG,OK,5.296,,,0,robots_sampled=6
297.000,ours,-,robot1,MIN_DISTANCE,OK,0.948,5.381,,0,nearest_robot=robot3
297.000,ours,-,robot2,MIN_DISTANCE,OK,15.498,5.381,,0,nearest_robot=robot4
297.000,ours,-,robot3,MIN_DISTANCE,OK,0.948,5.381,,0,nearest_robot=robot1
297.000,ours,-,robot4,MIN_DISTANCE,OK,2.120,5.381,,0,nearest_robot=robot5
297.000,ours,-,robot5,MIN_DISTANCE,OK,2.120,5.381,,0,nearest_robot=robot4
297.000,ours,-,robot6,MIN_DISTANCE,OK,10.655,5.381,,0,nearest_robot=robot1
297.000,ours,-,fleet,MIN_DISTANCE_AVG,OK,5.381,,,0,robots_sampled=6
297.090,ours,-,fleet,CHOMP_TIME_FULL,OK,,4.280,,0,iterations=100;iterations_executed=100;source=algorithm;round_trip=4.305061
298.000,ours,-,robot1,MIN_DISTANCE,OK,0.842,5.436,,0,nearest_robot=robot3
298.000,ours,-,robot2,MIN_DISTANCE,OK,15.535,5.436,,0,nearest_robot=robot4
298.000,ours,-,robot3,MIN_DISTANCE,OK,0.842,5.436,,0,nearest_robot=robot1
298.000,ours,-,robot4,MIN_DISTANCE,OK,2.120,5.436,,0,nearest_robot=robot5
298.000,ours,-,robot5,MIN_DISTANCE,OK,2.120,5.436,,0,nearest_robot=robot4
298.000,ours,-,robot6,MIN_DISTANCE,OK,11.157,5.436,,0,nearest_robot=robot1
298.000,ours,-,fleet,MIN_DISTANCE_AVG,OK,5.436,,,0,robots_sampled=6
299.000,ours,-,robot1,MIN_DISTANCE,OK,0.783,5.530,,0,nearest_robot=robot3
299.000,ours,-,robot2,MIN_DISTANCE,OK,15.617,5.530,,0,nearest_robot=robot6
299.000,ours,-,robot3,MIN_DISTANCE,OK,0.783,5.530,,0,nearest_robot=robot1
299.000,ours,-,robot4,MIN_DISTANCE,OK,2.120,5.530,,0,nearest_robot=robot5
299.000,ours,-,robot5,MIN_DISTANCE,OK,2.120,5.530,,0,nearest_robot=robot4
299.000,ours,-,robot6,MIN_DISTANCE,OK,11.757,5.530,,0,nearest_robot=robot1
299.000,ours,-,fleet,MIN_DISTANCE_AVG,OK,5.530,,,0,robots_sampled=6
300.000,ours,-,robot1,MIN_DISTANCE,OK,0.781,5.503,,0,nearest_robot=robot3
300.000,ours,-,robot2,MIN_DISTANCE,OK,15.746,5.503,,0,nearest_robot=robot6
300.000,ours,-,robot3,MIN_DISTANCE,OK,0.781,5.503,,0,nearest_robot=robot1
300.000,ours,-,robot4,MIN_DISTANCE,OK,2.120,5.503,,0,nearest_robot=robot5
300.000,ours,-,robot5,MIN_DISTANCE,OK,2.120,5.503,,0,nearest_robot=robot4
300.000,ours,-,robot6,MIN_DISTANCE,OK,11.469,5.503,,0,nearest_robot=robot4
300.000,ours,-,fleet,MIN_DISTANCE_AVG,OK,5.503,,,0,robots_sampled=6
301.000,ours,-,robot1,MIN_DISTANCE,OK,0.671,5.424,,0,nearest_robot=robot3
301.000,ours,-,robot2,MIN_DISTANCE,OK,15.875,5.424,,0,nearest_robot=robot6
301.000,ours,-,robot3,MIN_DISTANCE,OK,0.671,5.424,,0,nearest_robot=robot1
301.000,ours,-,robot4,MIN_DISTANCE,OK,2.120,5.424,,0,nearest_robot=robot5
301.000,ours,-,robot5,MIN_DISTANCE,OK,2.120,5.424,,0,nearest_robot=robot4
301.000,ours,-,robot6,MIN_DISTANCE,OK,11.088,5.424,,0,nearest_robot=robot4
301.000,ours,-,fleet,MIN_DISTANCE_AVG,OK,5.424,,,0,robots_sampled=6
302.000,ours,-,robot1,MIN_DISTANCE,OK,0.750,5.413,,0,nearest_robot=robot3
302.000,ours,-,robot2,MIN_DISTANCE,OK,16.008,5.413,,0,nearest_robot=robot6
302.000,ours,-,robot3,MIN_DISTANCE,OK,0.750,5.413,,0,nearest_robot=robot1
302.000,ours,-,robot4,MIN_DISTANCE,OK,2.121,5.413,,0,nearest_robot=robot5
302.000,ours,-,robot5,MIN_DISTANCE,OK,2.121,5.413,,0,nearest_robot=robot4
302.000,ours,-,robot6,MIN_DISTANCE,OK,10.727,5.413,,0,nearest_robot=robot4
302.000,ours,-,fleet,MIN_DISTANCE_AVG,OK,5.413,,,0,robots_sampled=6
