timestamp,run_id,task_id,robot_id,event,status,allocation_cost,duration,path,collision_flag,message
158.000,ours,-,robot1,MIN_DISTANCE,OK,12.416,10.064,,0,nearest_robot=robot6
158.000,ours,-,robot2,MIN_DISTANCE,OK,12.510,10.064,,0,nearest_robot=robot1
158.000,ours,-,robot3,MIN_DISTANCE,OK,6.490,10.064,,0,nearest_robot=robot4
158.000,ours,-,robot4,MIN_DISTANCE,OK,6.490,10.064,,0,nearest_robot=robot3
158.000,ours,-,robot6,MIN_DISTANCE,OK,12.416,10.064,,0,nearest_robot=robot1
158.000,ours,-,fleet,MIN_DISTANCE_AVG,OK,10.064,,,0,robots_sampled=5
159.000,ours,-,robot1,MIN_DISTANCE,OK,12.416,10.064,,0,nearest_robot=robot6
159.000,ours,-,robot2,MIN_DISTANCE,OK,12.510,10.064,,0,nearest_robot=robot1
159.000,ours,-,robot3,MIN_DISTANCE,OK,6.490,10.064,,0,nearest_robot=robot4
159.000,ours,-,robot4,MIN_DISTANCE,OK,6.490,10.064,,0,nearest_robot=robot3
159.000,ours,-,robot6,MIN_DISTANCE,OK,12.416,10.064,,0,nearest_robot=robot1
159.000,ours,-,fleet,MIN_DISTANCE_AVG,OK,10.064,,,0,robots_sampled=5
160.000,ours,-,robot1,MIN_DISTANCE,OK,12.416,10.064,,0,nearest_robot=robot6
160.000,ours,-,robot2,MIN_DISTANCE,OK,12.510,10.064,,0,nearest_robot=robot1
160.000,ours,-,robot3,MIN_DISTANCE,OK,6.490,10.064,,0,nearest_robot=robot4
160.000,ours,-,robot4,MIN_DISTANCE,OK,6.490,10.064,,0,nearest_robot=robot3
160.000,ours,-,robot6,MIN_DISTANCE,OK,12.416,10.064,,0,nearest_robot=robot1
160.000,ours,-,fleet,MIN_DISTANCE_AVG,OK,10.064,,,0,robots_sampled=5
161.000,ours,-,robot1,MIN_DISTANCE,OK,12.416,10.064,,0,nearest_robot=robot6
161.000,ours,-,robot2,MIN_DISTANCE,OK,12.510,10.064,,0,nearest_robot=robot1
161.000,ours,-,robot3,MIN_DISTANCE,OK,6.490,10.064,,0,nearest_robot=robot4
161.000,ours,-,robot4,MIN_DISTANCE,OK,6.490,10.064,,0,nearest_robot=robot3
161.000,ours,-,robot6,MIN_DISTANCE,OK,12.416,10.064,,0,nearest_robot=robot1
161.000,ours,-,fleet,MIN_DISTANCE_AVG,OK,10.064,,,0,robots_sampled=5
162.000,ours,-,robot1,MIN_DISTANCE,OK,12.416,10.064,,0,nearest_robot=robot6
162.000,ours,-,robot2,MIN_DISTANCE,OK,12.510,10.064,,0,nearest_robot=robot1
162.000,ours,-,robot3,MIN_DISTANCE,OK,6.490,10.064,,0,nearest_robot=robot4
162.000,ours,-,robot4,MIN_DISTANCE,OK,6.490,10.064,,0,nearest_robot=robot3
162.000,ours,-,robot6,MIN_DISTANCE,OK,12.416,10.064,,0,nearest_robot=robot1
162.000,ours,-,fleet,MIN_DISTANCE_AVG,OK,10.064,,,0,robots_sampled=5
163.000,ours,-,robot1,MIN_DISTANCE,OK,12.416,10.064,,0,nearest_robot=robot6
163.000,ours,-,robot2,MIN_DISTANCE,OK,12.510,10.064,,0,nearest_robot=robot1
163.000,ours,-,robot3,MIN_DISTANCE,OK,6.490,10.064,,0,nearest_robot=robot4
163.000,ours,-,robot4,MIN_DISTANCE,OK,6.490,10.064,,0,nearest_robot=robot3
163.000,ours,-,robot6,MIN_DISTANCE,OK,12.416,10.064,,0,nearest_robot=robot1
163.000,ours,-,fleet,MIN_DISTANCE_AVG,OK,10.064,,,0,robots_sampled=5
164.000,ours,-,robot1,MIN_DISTANCE,OK,12.416,10.064,,0,nearest_robot=robot6
164.000,ours,-,robot2,MIN_DISTANCE,OK,12.510,10.064,,0,nearest_robot=robot1
164.000,ours,-,robot3,MIN_DISTANCE,OK,6.490,10.064,,0,nearest_robot=robot4
164.000,ours,-,robot4,MIN_DISTANCE,OK,6.490,10.064,,0,nearest_robot=robot3
164.000,ours,-,robot6,MIN_DISTANCE,OK,12.416,10.064,,0,nearest_robot=robot1
164.000,ours,-,fleet,MIN_DISTANCE_AVG,OK,10.064,,,0,robots_sampled=5
165.000,ours,-,robot1,MIN_DISTANCE,OK,12.416,10.064,,0,nearest_robot=robot6
165.000,ours,-,robot2,MIN_DISTANCE,OK,12.510,10.064,,0,nearest_robot=robot1
165.000,ours,-,robot3,MIN_DISTANCE,OK,6.490,10.064,,0,nearest_robot=robot4
165.000,ours,-,robot4,MIN_DISTANCE,OK,6.490,10.064,,0,nearest_robot=robot3
165.000,ours,-,robot6,MIN_DISTANCE,OK,12.416,10.064,,0,nearest_robot=robot1
165.000,ours,-,fleet,MIN_DISTANCE_AVG,OK,10.064,,,0,robots_sampled=5
166.000,ours,-,robot1,MIN_DISTANCE,OK,12.416,10.064,,0,nearest_robot=robot6
166.000,ours,-,robot2,MIN_DISTANCE,OK,12.510,10.064,,0,nearest_robot=robot1
166.000,ours,-,robot3,MIN_DISTANCE,OK,6.490,10.064,,0,nearest_robot=robot4
166.000,ours,-,robot4,MIN_DISTANCE,OK,6.490,10.064,,0,nearest_robot=robot3
166.000,ours,-,robot6,MIN_DISTANCE,OK,12.416,10.064,,0,nearest_robot=robot1
166.000,ours,-,fleet,MIN_DISTANCE_AVG,OK,10.064,,,0,robots_sampled=5
167.000,ours,-,robot1,MIN_DISTANCE,OK,12.416,10.064,,0,nearest_robot=robot6
167.000,ours,-,robot2,MIN_DISTANCE,OK,12.510,10.064,,0,nearest_robot=robot1
167.000,ours,-,robot3,MIN_DISTANCE,OK,6.490,10.064,,0,nearest_robot=robot4
167.000,ours,-,robot4,MIN_DISTANCE,OK,6.490,10.064,,0,nearest_robot=robot3
167.000,ours,-,robot6,MIN_DISTANCE,OK,12.416,10.064,,0,nearest_robot=robot1
167.000,ours,-,fleet,MIN_DISTANCE_AVG,OK,10.064,,,0,robots_sampled=5
168.000,ours,-,robot1,MIN_DISTANCE,OK,12.416,10.064,,0,nearest_robot=robot6
168.000,ours,-,robot2,MIN_DISTANCE,OK,12.510,10.064,,0,nearest_robot=robot1
168.000,ours,-,robot3,MIN_DISTANCE,OK,6.490,10.064,,0,nearest_robot=robot4
168.000,ours,-,robot4,MIN_DISTANCE,OK,6.490,10.064,,0,nearest_robot=robot3
168.000,ours,-,robot6,MIN_DISTANCE,OK,12.416,10.064,,0,nearest_robot=robot1
168.000,ours,-,fleet,MIN_DISTANCE_AVG,OK,10.064,,,0,robots_sampled=5
169.000,ours,-,robot1,MIN_DISTANCE,OK,12.416,10.064,,0,nearest_robot=robot6
169.000,ours,-,robot2,MIN_DISTANCE,OK,12.510,10.064,,0,nearest_robot=robot1
169.000,ours,-,robot3,MIN_DISTANCE,OK,6.490,10.064,,0,nearest_robot=robot4
169.000,ours,-,robot4,MIN_DISTANCE,OK,6.490,10.064,,0,nearest_robot=robot3
169.000,ours,-,robot6,MIN_DISTANCE,OK,12.416,10.064,,0,nearest_robot=robot1
169.000,ours,-,fleet,MIN_DISTANCE_AVG,OK,10.064,,,0,robots_sampled=5
170.000,ours,-,robot1,MIN_DISTANCE,OK,12.416,10.064,,0,nearest_robot=robot6
170.000,ours,-,robot2,MIN_DISTANCE,OK,12.510,10.064,,0,nearest_robot=robot1
170.000,ours,-,robot3,MIN_DISTANCE,OK,6.490,10.064,,0,nearest_robot=robot4
170.000,ours,-,robot4,MIN_DISTANCE,OK,6.490,10.064,,0,nearest_robot=robot3
170.000,ours,-,robot6,MIN_DISTANCE,OK,12.416,10.064,,0,nearest_robot=robot1
170.000,ours,-,fleet,MIN_DISTANCE_AVG,OK,10.064,,,0,robots_sampled=5
171.000,ours,-,robot1,MIN_DISTANCE,OK,12.416,10.064,,0,nearest_robot=robot6
171.000,ours,-,robot2,MIN_DISTANCE,OK,12.510,10.064,,0,nearest_robot=robot1
171.000,ours,-,robot3,MIN_DISTANCE,OK,6.490,10.064,,0,nearest_robot=robot4
171.000,ours,-,robot4,MIN_DISTANCE,OK,6.490,10.064,,0,nearest_robot=robot3
171.000,ours,-,robot6,MIN_DISTANCE,OK,12.416,10.064,,0,nearest_robot=robot1
171.000,ours,-,fleet,MIN_DISTANCE_AVG,OK,10.064,,,0,robots_sampled=5
172.000,ours,-,robot1,MIN_DISTANCE,OK,12.416,10.064,,0,nearest_robot=robot6
172.000,ours,-,robot2,MIN_DISTANCE,OK,12.510,10.064,,0,nearest_robot=robot1
172.000,ours,-,robot3,MIN_DISTANCE,OK,6.490,10.064,,0,nearest_robot=robot4
172.000,ours,-,robot4,MIN_DISTANCE,OK,6.490,10.064,,0,nearest_robot=robot3
172.000,ours,-,robot6,MIN_DISTANCE,OK,12.416,10.064,,0,nearest_robot=robot1
172.000,ours,-,fleet,MIN_DISTANCE_AVG,OK,10.064,,,0,robots_sampled=5
173.000,ours,-,robot1,MIN_DISTANCE,OK,12.416,10.064,,0,nearest_robot=robot6
173.000,ours,-,robot2,MIN_DISTANCE,OK,12.510,10.064,,0,nearest_robot=robot1
173.000,ours,-,robot3,MIN_DISTANCE,OK,6.490,10.064,,0,nearest_robot=robot4
173.000,ours,-,robot4,MIN_DISTANCE,OK,6.490,10.064,,0,nearest_robot=robot3
173.000,ours,-,robot6,MIN_DISTANCE,OK,12.416,10.064,,0,nearest_robot=robot1
173.000,ours,-,fleet,MIN_DISTANCE_AVG,OK,10.064,,,0,robots_sampled=5
174.000,ours,-,robot1,MIN_DISTANCE,OK,12.416,10.064,,0,nearest_robot=robot6
174.000,ours,-,robot2,MIN_DISTANCE,OK,12.510,10.064,,0,nearest_robot=robot1
174.000,ours,-,robot3,MIN_DISTANCE,OK,6.490,10.064,,0,nearest_robot=robot4
174.000,ours,-,robot4,MIN_DISTANCE,OK,6.490,10.064,,0,nearest_robot=robot3
174.000,ours,-,robot6,MIN_DISTANCE,OK,12.416,10.064,,0,nearest_robot=robot1
174.000,ours,-,fleet,MIN_DISTANCE_AVG,OK,10.064,,,0,robots_sampled=5
175.000,ours,-,robot1,MIN_DISTANCE,OK,12.416,10.064,,0,nearest_robot=robot6
175.000,ours,-,robot2,MIN_DISTANCE,OK,12.510,10.064,,0,nearest_robot=robot1
175.000,ours,-,robot3,MIN_DISTANCE,OK,6.490,10.064,,0,nearest_robot=robot4
175.000,ours,-,robot4,MIN_DISTANCE,OK,6.490,10.064,,0,nearest_robot=robot3
175.000,ours,-,robot6,MIN_DISTANCE,OK,12.416,10.064,,0,nearest_robot=robot1
175.000,ours,-,fleet,MIN_DISTANCE_AVG,OK,10.064,,,0,robots_sampled=5
176.000,ours,-,robot1,MIN_DISTANCE,OK,12.416,10.064,,0,nearest_robot=robot6
176.000,ours,-,robot2,MIN_DISTANCE,OK,12.510,10.064,,0,nearest_robot=robot1
176.000,ours,-,robot3,MIN_DISTANCE,OK,6.490,10.064,,0,nearest_robot=robot4
176.000,ours,-,robot4,MIN_DISTANCE,OK,6.490,10.064,,0,nearest_robot=robot3
176.000,ours,-,robot6,MIN_DISTANCE,OK,12.416,10.064,,0,nearest_robot=robot1
176.000,ours,-,fleet,MIN_DISTANCE_AVG,OK,10.064,,,0,robots_sampled=5
177.000,ours,-,robot1,MIN_DISTANCE,OK,12.416,10.064,,0,nearest_robot=robot6
177.000,ours,-,robot2,MIN_DISTANCE,OK,12.510,10.064,,0,nearest_robot=robot1
177.000,ours,-,robot3,MIN_DISTANCE,OK,6.490,10.064,,0,nearest_robot=robot4
177.000,ours,-,robot4,MIN_DISTANCE,OK,6.490,10.064,,0,nearest_robot=robot3
177.000,ours,-,robot6,MIN_DISTANCE,OK,12.416,10.064,,0,nearest_robot=robot1
177.000,ours,-,fleet,MIN_DISTANCE_AVG,OK,10.064,,,0,robots_sampled=5
178.000,ours,-,robot1,MIN_DISTANCE,OK,12.416,10.064,,0,nearest_robot=robot6
178.000,ours,-,robot2,MIN_DISTANCE,OK,12.510,10.064,,0,nearest_robot=robot1
178.000,ours,-,robot3,MIN_DISTANCE,OK,6.490,10.064,,0,nearest_robot=robot4
178.000,ours,-,robot4,MIN_DISTANCE,OK,6.490,10.064,,0,nearest_robot=robot3
178.000,ours,-,robot6,MIN_DISTANCE,OK,12.416,10.064,,0,nearest_robot=robot1
178.000,ours,-,fleet,MIN_DISTANCE_AVG,OK,10.064,,,0,robots_sampled=5
179.000,ours,-,robot1,MIN_DISTANCE,OK,12.416,10.064,,0,nearest_robot=robot6
179.000,ours,-,robot2,MIN_DISTANCE,OK,12.510,10.064,,0,nearest_robot=robot1
179.000,ours,-,robot3,MIN_DISTANCE,OK,6.490,10.064,,0,nearest_robot=robot4
179.000,ours,-,robot4,MIN_DISTANCE,OK,6.490,10.064,,0,nearest_robot=robot3
179.000,ours,-,robot6,MIN_DISTANCE,OK,12.416,10.064,,0,nearest_robot=robot1
179.000,ours,-,fleet,MIN_DISTANCE_AVG,OK,10.064,,,0,robots_sampled=5
180.000,ours,-,robot1,MIN_DISTANCE,OK,12.416,10.064,,0,nearest_robot=robot6
180.000,ours,-,robot2,MIN_DISTANCE,OK,12.510,10.064,,0,nearest_robot=robot1
180.000,ours,-,robot3,MIN_DISTANCE,OK,6.490,10.064,,0,nearest_robot=robot4
180.000,ours,-,robot4,MIN_DISTANCE,OK,6.490,10.064,,0,nearest_robot=robot3
180.000,ours,-,robot6,MIN_DISTANCE,OK,12.416,10.064,,0,nearest_robot=robot1
180.000,ours,-,fleet,MIN_DISTANCE_AVG,OK,10.064,,,0,robots_sampled=5
181.000,ours,-,robot1,MIN_DISTANCE,OK,12.416,10.064,,0,nearest_robot=robot6
181.000,ours,-,robot2,MIN_DISTANCE,OK,12.510,10.064,,0,nearest_robot=robot1
181.000,ours,-,robot3,MIN_DISTANCE,OK,6.490,10.064,,0,nearest_robot=robot4
181.000,ours,-,robot4,MIN_DISTANCE,OK,6.490,10.064,,0,nearest_robot=robot3
181.000,ours,-,robot6,MIN_DISTANCE,OK,12.416,10.064,,0,nearest_robot=robot1
181.000,ours,-,fleet,MIN_DISTANCE_AVG,OK,10.064,,,0,robots_sampled=5
182.000,ours,-,robot1,MIN_DISTANCE,OK,12.416,10.064,,0,nearest_robot=robot6
182.000,ours,-,robot2,MIN_DISTANCE,OK,12.510,10.064,,0,nearest_robot=robot1
182.000,ours,-,robot3,MIN_DISTANCE,OK,6.490,10.064,,0,nearest_robot=robot4
182.000,ours,-,robot4,MIN_DISTANCE,OK,6.490,10.064,,0,nearest_robot=robot3
182.000,ours,-,robot6,MIN_DISTANCE,OK,12.416,10.064,,0,nearest_robot=robot1
182.000,ours,-,fleet,MIN_DISTANCE_AVG,OK,10.064,,,0,robots_sampled=5
183.000,ours,-,robot1,MIN_DISTANCE,OK,12.416,10.064,,0,nearest_robot=robot6
183.000,ours,-,robot2,MIN_DISTANCE,OK,12.510,10.064,,0,nearest_robot=robot1
183.000,ours,-,robot3,MIN_DISTANCE,OK,6.490,10.064,,0,nearest_robot=robot4
183.000,ours,-,robot4,MIN_DISTANCE,OK,6.490,10.064,,0,nearest_robot=robot3
183.000,ours,-,robot6,MIN_DISTANCE,OK,12.416,10.064,,0,nearest_robot=robot1
183.000,ours,-,fleet,MIN_DISTANCE_AVG,OK,10.064,,,0,robots_sampled=5
184.000,ours,-,robot1,MIN_DISTANCE,OK,12.416,10.064,,0,nearest_robot=robot6
184.000,ours,-,robot2,MIN_DISTANCE,OK,12.510,10.064,,0,nearest_robot=robot1
184.000,ours,-,robot3,MIN_DISTANCE,OK,6.490,10.064,,0,nearest_robot=robot4
184.000,ours,-,robot4,MIN_DISTANCE,OK,6.490,10.064,,0,nearest_robot=robot3
184.000,ours,-,robot6,MIN_DISTANCE,OK,12.416,10.064,,0,nearest_robot=robot1
184.000,ours,-,fleet,MIN_DISTANCE_AVG,OK,10.064,,,0,robots_sampled=5
185.000,ours,-,robot1,MIN_DISTANCE,OK,12.416,10.064,,0,nearest_robot=robot6
185.000,ours,-,robot2,MIN_DISTANCE,OK,12.510,10.064,,0,nearest_robot=robot1
185.000,ours,-,robot3,MIN_DISTANCE,OK,6.490,10.064,,0,nearest_robot=robot4
185.000,ours,-,robot4,MIN_DISTANCE,OK,6.490,10.064,,0,nearest_robot=robot3
185.000,ours,-,robot6,MIN_DISTANCE,OK,12.416,10.064,,0,nearest_robot=robot1
185.000,ours,-,fleet,MIN_DISTANCE_AVG,OK,10.064,,,0,robots_sampled=5
186.000,ours,-,robot1,MIN_DISTANCE,OK,12.416,10.064,,0,nearest_robot=robot6
186.000,ours,-,robot2,MIN_DISTANCE,OK,12.510,10.064,,0,nearest_robot=robot1
186.000,ours,-,robot3,MIN_DISTANCE,OK,6.490,10.064,,0,nearest_robot=robot4
186.000,ours,-,robot4,MIN_DISTANCE,OK,6.490,10.064,,0,nearest_robot=robot3
186.000,ours,-,robot6,MIN_DISTANCE,OK,12.416,10.064,,0,nearest_robot=robot1
186.000,ours,-,fleet,MIN_DISTANCE_AVG,OK,10.064,,,0,robots_sampled=5
187.000,ours,-,robot1,MIN_DISTANCE,OK,12.416,10.064,,0,nearest_robot=robot6
187.000,ours,-,robot2,MIN_DISTANCE,OK,12.510,10.064,,0,nearest_robot=robot1
187.000,ours,-,robot3,MIN_DISTANCE,OK,6.490,10.064,,0,nearest_robot=robot4
187.000,ours,-,robot4,MIN_DISTANCE,OK,6.490,10.064,,0,nearest_robot=robot3
187.000,ours,-,robot6,MIN_DISTANCE,OK,12.416,10.064,,0,nearest_robot=robot1
187.000,ours,-,fleet,MIN_DISTANCE_AVG,OK,10.064,,,0,robots_sampled=5
188.000,ours,-,robot1,MIN_DISTANCE,OK,12.416,10.064,,0,nearest_robot=robot6
188.000,ours,-,robot2,MIN_DISTANCE,OK,12.510,10.064,,0,nearest_robot=robot1
188.000,ours,-,robot3,MIN_DISTANCE,OK,6.490,10.064,,0,nearest_robot=robot4
188.000,ours,-,robot4,MIN_DISTANCE,OK,6.490,10.064,,0,nearest_robot=robot3
188.000,ours,-,robot6,MIN_DISTANCE,OK,12.416,10.064,,0,nearest_robot=robot1
188.000,ours,-,fleet,MIN_DISTANCE_AVG,OK,10.064,,,0,robots_sampled=5
189.000,ours,-,robot1,MIN_DISTANCE,OK,12.416,10.064,,0,nearest_robot=robot6
189.000,ours,-,robot2,MIN_DISTANCE,OK,12.510,10.064,,0,nearest_robot=robot1
189.000,ours,-,robot3,MIN_DISTANCE,OK,6.490,10.064,,0,nearest_robot=robot4
189.000,ours,-,robot4,MIN_DISTANCE,OK,6.490,10.064,,0,nearest_robot=robot3
189.000,ours,-,robot6,MIN_DISTANCE,OK,12.416,10.064,,0,nearest_robot=robot1
189.000,ours,-,fleet,MIN_DISTANCE_AVG,OK,10.064,,,0,robots_sampled=5
190.000,ours,-,robot1,MIN_DISTANCE,OK,12.416,10.064,,0,nearest_robot=robot6
190.000,ours,-,robot2,MIN_DISTANCE,OK,12.510,10.064,,0,nearest_robot=robot1
190.000,ours,-,robot3,MIN_DISTANCE,OK,6.490,10.064,,0,nearest_robot=robot4
190.000,ours,-,robot4,MIN_DISTANCE,OK,6.490,10.064,,0,nearest_robot=robot3
190.000,ours,-,robot6,MIN_DISTANCE,OK,12.416,10.064,,0,nearest_robot=robot1
190.000,ours,-,fleet,MIN_DISTANCE_AVG,OK,10.064,,,0,robots_sampled=5
191.000,ours,-,robot1,MIN_DISTANCE,OK,12.416,10.064,,0,nearest_robot=robot6
191.000,ours,-,robot2,MIN_DISTANCE,OK,12.510,10.064,,0,nearest_robot=robot1
191.000,ours,-,robot3,MIN_DISTANCE,OK,6.490,10.064,,0,nearest_robot=robot4
191.000,ours,-,robot4,MIN_DISTANCE,OK,6.490,10.064,,0,nearest_robot=robot3
191.000,ours,-,robot6,MIN_DISTANCE,OK,12.416,10.064,,0,nearest_robot=robot1
191.000,ours,-,fleet,MIN_DISTANCE_AVG,OK,10.064,,,0,robots_sampled=5
192.000,ours,-,robot1,MIN_DISTANCE,OK,12.416,10.064,,0,nearest_robot=robot6
192.000,ours,-,robot2,MIN_DISTANCE,OK,12.510,10.064,,0,nearest_robot=robot1
192.000,ours,-,robot3,MIN_DISTANCE,OK,6.490,10.064,,0,nearest_robot=robot4
192.000,ours,-,robot4,MIN_DISTANCE,OK,6.490,10.064,,0,nearest_robot=robot3
192.000,ours,-,robot6,MIN_DISTANCE,OK,12.416,10.064,,0,nearest_robot=robot1
192.000,ours,-,fleet,MIN_DISTANCE_AVG,OK,10.064,,,0,robots_sampled=5
193.000,ours,-,robot1,MIN_DISTANCE,OK,12.416,10.064,,0,nearest_robot=robot6
193.000,ours,-,robot2,MIN_DISTANCE,OK,12.510,10.064,,0,nearest_robot=robot1
193.000,ours,-,robot3,MIN_DISTANCE,OK,6.490,10.064,,0,nearest_robot=robot4
193.000,ours,-,robot4,MIN_DISTANCE,OK,6.490,10.064,,0,nearest_robot=robot3
193.000,ours,-,robot6,MIN_DISTANCE,OK,12.416,10.064,,0,nearest_robot=robot1
193.000,ours,-,fleet,MIN_DISTANCE_AVG,OK,10.064,,,0,robots_sampled=5
194.000,ours,-,robot1,MIN_DISTANCE,OK,12.416,10.064,,0,nearest_robot=robot6
194.000,ours,-,robot2,MIN_DISTANCE,OK,12.510,10.064,,0,nearest_robot=robot1
194.000,ours,-,robot3,MIN_DISTANCE,OK,6.490,10.064,,0,nearest_robot=robot4
194.000,ours,-,robot4,MIN_DISTANCE,OK,6.490,10.064,,0,nearest_robot=robot3
194.000,ours,-,robot6,MIN_DISTANCE,OK,12.416,10.064,,0,nearest_robot=robot1
194.000,ours,-,fleet,MIN_DISTANCE_AVG,OK,10.064,,,0,robots_sampled=5
195.000,ours,-,robot1,MIN_DISTANCE,OK,12.416,10.064,,0,nearest_robot=robot6
195.000,ours,-,robot2,MIN_DISTANCE,OK,12.510,10.064,,0,nearest_robot=robot1
195.000,ours,-,robot3,MIN_DISTANCE,OK,6.490,10.064,,0,nearest_robot=robot4
195.000,ours,-,robot4,MIN_DISTANCE,OK,6.490,10.064,,0,nearest_robot=robot3
195.000,ours,-,robot6,MIN_DISTANCE,OK,12.416,10.064,,0,nearest_robot=robot1
195.000,ours,-,fleet,MIN_DISTANCE_AVG,OK,10.064,,,0,robots_sampled=5
196.000,ours,-,robot1,MIN_DISTANCE,OK,12.416,10.064,,0,nearest_robot=robot6
196.000,ours,-,robot2,MIN_DISTANCE,OK,12.510,10.064,,0,nearest_robot=robot1
196.000,ours,-,robot3,MIN_DISTANCE,OK,6.490,10.064,,0,nearest_robot=robot4
196.000,ours,-,robot4,MIN_DISTANCE,OK,6.490,10.064,,0,nearest_robot=robot3
196.000,ours,-,robot6,MIN_DISTANCE,OK,12.416,10.064,,0,nearest_robot=robot1
196.000,ours,-,fleet,MIN_DISTANCE_AVG,OK,10.064,,,0,robots_sampled=5
197.000,ours,-,robot1,MIN_DISTANCE,OK,12.416,10.064,,0,nearest_robot=robot6
197.000,ours,-,robot2,MIN_DISTANCE,OK,12.510,10.064,,0,nearest_robot=robot1
197.000,ours,-,robot3,MIN_DISTANCE,OK,6.490,10.064,,0,nearest_robot=robot4
197.000,ours,-,robot4,MIN_DISTANCE,OK,6.490,10.064,,0,nearest_robot=robot3
197.000,ours,-,robot6,MIN_DISTANCE,OK,12.416,10.064,,0,nearest_robot=robot1
197.000,ours,-,fleet,MIN_DISTANCE_AVG,OK,10.064,,,0,robots_sampled=5
198.000,ours,-,robot1,MIN_DISTANCE,OK,12.416,10.064,,0,nearest_robot=robot6
198.000,ours,-,robot2,MIN_DISTANCE,OK,12.510,10.064,,0,nearest_robot=robot1
198.000,ours,-,robot3,MIN_DISTANCE,OK,6.490,10.064,,0,nearest_robot=robot4
198.000,ours,-,robot4,MIN_DISTANCE,OK,6.490,10.064,,0,nearest_robot=robot3
198.000,ours,-,robot6,MIN_DISTANCE,OK,12.416,10.064,,0,nearest_robot=robot1
198.000,ours,-,fleet,MIN_DISTANCE_AVG,OK,10.064,,,0,robots_sampled=5
199.000,ours,-,robot1,MIN_DISTANCE,OK,12.416,10.064,,0,nearest_robot=robot6
199.000,ours,-,robot2,MIN_DISTANCE,OK,12.510,10.064,,0,nearest_robot=robot1
199.000,ours,-,robot3,MIN_DISTANCE,OK,6.490,10.064,,0,nearest_robot=robot4
199.000,ours,-,robot4,MIN_DISTANCE,OK,6.490,10.064,,0,nearest_robot=robot3
199.000,ours,-,robot6,MIN_DISTANCE,OK,12.416,10.064,,0,nearest_robot=robot1
199.000,ours,-,fleet,MIN_DISTANCE_AVG,OK,10.064,,,0,robots_sampled=5
200.000,ours,-,robot1,MIN_DISTANCE,OK,12.416,10.064,,0,nearest_robot=robot6
200.000,ours,-,robot2,MIN_DISTANCE,OK,12.510,10.064,,0,nearest_robot=robot1
200.000,ours,-,robot3,MIN_DISTANCE,OK,6.490,10.064,,0,nearest_robot=robot4
200.000,ours,-,robot4,MIN_DISTANCE,OK,6.490,10.064,,0,nearest_robot=robot3
200.000,ours,-,robot6,MIN_DISTANCE,OK,12.416,10.064,,0,nearest_robot=robot1
200.000,ours,-,fleet,MIN_DISTANCE_AVG,OK,10.064,,,0,robots_sampled=5
201.000,ours,-,robot1,MIN_DISTANCE,OK,12.416,10.064,,0,nearest_robot=robot6
201.000,ours,-,robot2,MIN_DISTANCE,OK,12.510,10.064,,0,nearest_robot=robot1
201.000,ours,-,robot3,MIN_DISTANCE,OK,6.490,10.064,,0,nearest_robot=robot4
201.000,ours,-,robot4,MIN_DISTANCE,OK,6.490,10.064,,0,nearest_robot=robot3
201.000,ours,-,robot6,MIN_DISTANCE,OK,12.416,10.064,,0,nearest_robot=robot1
201.000,ours,-,fleet,MIN_DISTANCE_AVG,OK,10.064,,,0,robots_sampled=5
202.000,ours,-,robot1,MIN_DISTANCE,OK,12.416,10.064,,0,nearest_robot=robot6
202.000,ours,-,robot2,MIN_DISTANCE,OK,12.510,10.064,,0,nearest_robot=robot1
202.000,ours,-,robot3,MIN_DISTANCE,OK,6.490,10.064,,0,nearest_robot=robot4
202.000,ours,-,robot4,MIN_DISTANCE,OK,6.490,10.064,,0,nearest_robot=robot3
202.000,ours,-,robot6,MIN_DISTANCE,OK,12.416,10.064,,0,nearest_robot=robot1
202.000,ours,-,fleet,MIN_DISTANCE_AVG,OK,10.064,,,0,robots_sampled=5
203.000,ours,-,robot1,MIN_DISTANCE,OK,12.416,10.064,,0,nearest_robot=robot6
203.000,ours,-,robot2,MIN_DISTANCE,OK,12.510,10.064,,0,nearest_robot=robot1
203.000,ours,-,robot3,MIN_DISTANCE,OK,6.490,10.064,,0,nearest_robot=robot4
203.000,ours,-,robot4,MIN_DISTANCE,OK,6.490,10.064,,0,nearest_robot=robot3
203.000,ours,-,robot6,MIN_DISTANCE,OK,12.416,10.064,,0,nearest_robot=robot1
203.000,ours,-,fleet,MIN_DISTANCE_AVG,OK,10.064,,,0,robots_sampled=5
204.000,ours,-,robot1,MIN_DISTANCE,OK,12.416,10.064,,0,nearest_robot=robot6
204.000,ours,-,robot2,MIN_DISTANCE,OK,12.510,10.064,,0,nearest_robot=robot1
204.000,ours,-,robot3,MIN_DISTANCE,OK,6.490,10.064,,0,nearest_robot=robot4
204.000,ours,-,robot4,MIN_DISTANCE,OK,6.490,10.064,,0,nearest_robot=robot3
204.000,ours,-,robot6,MIN_DISTANCE,OK,12.416,10.064,,0,nearest_robot=robot1
204.000,ours,-,fleet,MIN_DISTANCE_AVG,OK,10.064,,,0,robots_sampled=5
205.000,ours,-,robot1,MIN_DISTANCE,OK,12.416,10.064,,0,nearest_robot=robot6
205.000,ours,-,robot2,MIN_DISTANCE,OK,12.510,10.064,,0,nearest_robot=robot1
205.000,ours,-,robot3,MIN_DISTANCE,OK,6.490,10.064,,0,nearest_robot=robot4
205.000,ours,-,robot4,MIN_DISTANCE,OK,6.490,10.064,,0,nearest_robot=robot3
205.000,ours,-,robot6,MIN_DISTANCE,OK,12.416,10.064,,0,nearest_robot=robot1
205.000,ours,-,fleet,MIN_DISTANCE_AVG,OK,10.064,,,0,robots_sampled=5
206.000,ours,-,robot1,MIN_DISTANCE,OK,12.416,10.064,,0,nearest_robot=robot6
206.000,ours,-,robot2,MIN_DISTANCE,OK,12.510,10.064,,0,nearest_robot=robot1
206.000,ours,-,robot3,MIN_DISTANCE,OK,6.490,10.064,,0,nearest_robot=robot4
206.000,ours,-,robot4,MIN_DISTANCE,OK,6.490,10.064,,0,nearest_robot=robot3
206.000,ours,-,robot6,MIN_DISTANCE,OK,12.416,10.064,,0,nearest_robot=robot1
206.000,ours,-,fleet,MIN_DISTANCE_AVG,OK,10.064,,,0,robots_sampled=5
207.000,ours,-,robot1,MIN_DISTANCE,OK,12.416,10.064,,0,nearest_robot=robot6
207.000,ours,-,robot2,MIN_DISTANCE,OK,12.510,10.064,,0,nearest_robot=robot1
207.000,ours,-,robot3,MIN_DISTANCE,OK,6.490,10.064,,0,nearest_robot=robot4
207.000,ours,-,robot4,MIN_DISTANCE,OK,6.490,10.064,,0,nearest_robot=robot3
207.000,ours,-,robot6,MIN_DISTANCE,OK,12.416,10.064,,0,nearest_robot=robot1
207.000,ours,-,fleet,MIN_DISTANCE_AVG,OK,10.064,,,0,robots_sampled=5
208.000,ours,-,robot1,MIN_DISTANCE,OK,12.416,10.064,,0,nearest_robot=robot6
208.000,ours,-,robot2,MIN_DISTANCE,OK,12.510,10.064,,0,nearest_robot=robot1
208.000,ours,-,robot3,MIN_DISTANCE,OK,6.490,10.064,,0,nearest_robot=robot4
208.000,ours,-,robot4,MIN_DISTANCE,OK,6.490,10.064,,0,nearest_robot=robot3
208.000,ours,-,robot6,MIN_DISTANCE,OK,12.416,10.064,,0,nearest_robot=robot1
208.000,ours,-,fleet,MIN_DISTANCE_AVG,OK,10.064,,,0,robots_sampled=5
209.000,ours,-,robot1,MIN_DISTANCE,OK,12.416,10.064,,0,nearest_robot=robot6
209.000,ours,-,robot2,MIN_DISTANCE,OK,12.510,10.064,,0,nearest_robot=robot1
209.000,ours,-,robot3,MIN_DISTANCE,OK,6.490,10.064,,0,nearest_robot=robot4
209.000,ours,-,robot4,MIN_DISTANCE,OK,6.490,10.064,,0,nearest_robot=robot3
209.000,ours,-,robot6,MIN_DISTANCE,OK,12.416,10.064,,0,nearest_robot=robot1
209.000,ours,-,fleet,MIN_DISTANCE_AVG,OK,10.064,,,0,robots_sampled=5
210.000,ours,-,robot1,MIN_DISTANCE,OK,12.416,10.064,,0,nearest_robot=robot6
210.000,ours,-,robot2,MIN_DISTANCE,OK,12.510,10.064,,0,nearest_robot=robot1
210.000,ours,-,robot3,MIN_DISTANCE,OK,6.490,10.064,,0,nearest_robot=robot4
210.000,ours,-,robot4,MIN_DISTANCE,OK,6.490,10.064,,0,nearest_robot=robot3
210.000,ours,-,robot6,MIN_DISTANCE,OK,12.416,10.064,,0,nearest_robot=robot1
210.000,ours,-,fleet,MIN_DISTANCE_AVG,OK,10.064,,,0,robots_sampled=5
211.000,ours,-,robot1,MIN_DISTANCE,OK,12.416,10.064,,0,nearest_robot=robot6
211.000,ours,-,robot2,MIN_DISTANCE,OK,12.510,10.064,,0,nearest_robot=robot1
211.000,ours,-,robot3,MIN_DISTANCE,OK,6.490,10.064,,0,nearest_robot=robot4
211.000,ours,-,robot4,MIN_DISTANCE,OK,6.490,10.064,,0,nearest_robot=robot3
211.000,ours,-,robot6,MIN_DISTANCE,OK,12.416,10.064,,0,nearest_robot=robot1
211.000,ours,-,fleet,MIN_DISTANCE_AVG,OK,10.064,,,0,robots_sampled=5
212.000,ours,-,robot1,MIN_DISTANCE,OK,12.416,10.064,,0,nearest_robot=robot6
212.000,ours,-,robot2,MIN_DISTANCE,OK,12.510,10.064,,0,nearest_robot=robot1
212.000,ours,-,robot3,MIN_DISTANCE,OK,6.490,10.064,,0,nearest_robot=robot4
212.000,ours,-,robot4,MIN_DISTANCE,OK,6.490,10.064,,0,nearest_robot=robot3
212.000,ours,-,robot6,MIN_DISTANCE,OK,12.416,10.064,,0,nearest_robot=robot1
212.000,ours,-,fleet,MIN_DISTANCE_AVG,OK,10.064,,,0,robots_sampled=5
213.000,ours,-,robot1,MIN_DISTANCE,OK,12.416,10.064,,0,nearest_robot=robot6
213.000,ours,-,robot2,MIN_DISTANCE,OK,12.510,10.064,,0,nearest_robot=robot1
213.000,ours,-,robot3,MIN_DISTANCE,OK,6.490,10.064,,0,nearest_robot=robot4
213.000,ours,-,robot4,MIN_DISTANCE,OK,6.490,10.064,,0,nearest_robot=robot3
213.000,ours,-,robot6,MIN_DISTANCE,OK,12.416,10.064,,0,nearest_robot=robot1
213.000,ours,-,fleet,MIN_DISTANCE_AVG,OK,10.064,,,0,robots_sampled=5
214.000,ours,-,robot1,MIN_DISTANCE,OK,12.416,10.064,,0,nearest_robot=robot6
214.000,ours,-,robot2,MIN_DISTANCE,OK,12.510,10.064,,0,nearest_robot=robot1
214.000,ours,-,robot3,MIN_DISTANCE,OK,6.490,10.064,,0,nearest_robot=robot4
214.000,ours,-,robot4,MIN_DISTANCE,OK,6.490,10.064,,0,nearest_robot=robot3
214.000,ours,-,robot6,MIN_DISTANCE,OK,12.416,10.064,,0,nearest_robot=robot1
214.000,ours,-,fleet,MIN_DISTANCE_AVG,OK,10.064,,,0,robots_sampled=5
215.000,ours,-,robot1,MIN_DISTANCE,OK,12.416,10.064,,0,nearest_robot=robot6
215.000,ours,-,robot2,MIN_DISTANCE,OK,12.510,10.064,,0,nearest_robot=robot1
215.000,ours,-,robot3,MIN_DISTANCE,OK,6.490,10.064,,0,nearest_robot=robot4
215.000,ours,-,robot4,MIN_DISTANCE,OK,6.490,10.064,,0,nearest_robot=robot3
215.000,ours,-,robot6,MIN_DISTANCE,OK,12.416,10.064,,0,nearest_robot=robot1
215.000,ours,-,fleet,MIN_DISTANCE_AVG,OK,10.064,,,0,robots_sampled=5
216.000,ours,-,robot1,MIN_DISTANCE,OK,12.416,10.064,,0,nearest_robot=robot6
216.000,ours,-,robot2,MIN_DISTANCE,OK,12.510,10.064,,0,nearest_robot=robot1
216.000,ours,-,robot3,MIN_DISTANCE,OK,6.490,10.064,,0,nearest_robot=robot4
216.000,ours,-,robot4,MIN_DISTANCE,OK,6.490,10.064,,0,nearest_robot=robot3
216.000,ours,-,robot6,MIN_DISTANCE,OK,12.416,10.064,,0,nearest_robot=robot1
216.000,ours,-,fleet,MIN_DISTANCE_AVG,OK,10.064,,,0,robots_sampled=5
217.000,ours,-,robot1,MIN_DISTANCE,OK,12.416,10.064,,0,nearest_robot=robot6
217.000,ours,-,robot2,MIN_DISTANCE,OK,12.510,10.064,,0,nearest_robot=robot1
217.000,ours,-,robot3,MIN_DISTANCE,OK,6.490,10.064,,0,nearest_robot=robot4
217.000,ours,-,robot4,MIN_DISTANCE,OK,6.490,10.064,,0,nearest_robot=robot3
217.000,ours,-,robot6,MIN_DISTANCE,OK,12.416,10.064,,0,nearest_robot=robot1
217.000,ours,-,fleet,MIN_DISTANCE_AVG,OK,10.064,,,0,robots_sampled=5
218.000,ours,-,robot1,MIN_DISTANCE,OK,12.416,10.064,,0,nearest_robot=robot6
218.000,ours,-,robot2,MIN_DISTANCE,OK,12.510,10.064,,0,nearest_robot=robot1
218.000,ours,-,robot3,MIN_DISTANCE,OK,6.490,10.064,,0,nearest_robot=robot4
218.000,ours,-,robot4,MIN_DISTANCE,OK,6.490,10.064,,0,nearest_robot=robot3
218.000,ours,-,robot6,MIN_DISTANCE,OK,12.416,10.064,,0,nearest_robot=robot1
218.000,ours,-,fleet,MIN_DISTANCE_AVG,OK,10.064,,,0,robots_sampled=5
219.000,ours,-,robot1,MIN_DISTANCE,OK,12.416,10.064,,0,nearest_robot=robot6
219.000,ours,-,robot2,MIN_DISTANCE,OK,12.510,10.064,,0,nearest_robot=robot1
219.000,ours,-,robot3,MIN_DISTANCE,OK,6.490,10.064,,0,nearest_robot=robot4
219.000,ours,-,robot4,MIN_DISTANCE,OK,6.490,10.064,,0,nearest_robot=robot3
219.000,ours,-,robot6,MIN_DISTANCE,OK,12.416,10.064,,0,nearest_robot=robot1
219.000,ours,-,fleet,MIN_DISTANCE_AVG,OK,10.064,,,0,robots_sampled=5
220.000,ours,-,robot1,MIN_DISTANCE,OK,12.416,10.064,,0,nearest_robot=robot6
220.000,ours,-,robot2,MIN_DISTANCE,OK,12.510,10.064,,0,nearest_robot=robot1
220.000,ours,-,robot3,MIN_DISTANCE,OK,6.490,10.064,,0,nearest_robot=robot4
220.000,ours,-,robot4,MIN_DISTANCE,OK,6.490,10.064,,0,nearest_robot=robot3
220.000,ours,-,robot6,MIN_DISTANCE,OK,12.416,10.064,,0,nearest_robot=robot1
220.000,ours,-,fleet,MIN_DISTANCE_AVG,OK,10.064,,,0,robots_sampled=5
221.000,ours,-,robot1,MIN_DISTANCE,OK,12.416,10.064,,0,nearest_robot=robot6
221.000,ours,-,robot2,MIN_DISTANCE,OK,12.510,10.064,,0,nearest_robot=robot1
221.000,ours,-,robot3,MIN_DISTANCE,OK,6.490,10.064,,0,nearest_robot=robot4
221.000,ours,-,robot4,MIN_DISTANCE,OK,6.490,10.064,,0,nearest_robot=robot3
221.000,ours,-,robot6,MIN_DISTANCE,OK,12.416,10.064,,0,nearest_robot=robot1
221.000,ours,-,fleet,MIN_DISTANCE_AVG,OK,10.064,,,0,robots_sampled=5
222.000,ours,-,robot1,MIN_DISTANCE,OK,12.416,10.064,,0,nearest_robot=robot6
222.000,ours,-,robot2,MIN_DISTANCE,OK,12.510,10.064,,0,nearest_robot=robot1
222.000,ours,-,robot3,MIN_DISTANCE,OK,6.490,10.064,,0,nearest_robot=robot4
222.000,ours,-,robot4,MIN_DISTANCE,OK,6.490,10.064,,0,nearest_robot=robot3
222.000,ours,-,robot6,MIN_DISTANCE,OK,12.416,10.064,,0,nearest_robot=robot1
222.000,ours,-,fleet,MIN_DISTANCE_AVG,OK,10.064,,,0,robots_sampled=5
223.000,ours,-,robot1,MIN_DISTANCE,OK,12.416,10.064,,0,nearest_robot=robot6
223.000,ours,-,robot2,MIN_DISTANCE,OK,12.510,10.064,,0,nearest_robot=robot1
223.000,ours,-,robot3,MIN_DISTANCE,OK,6.490,10.064,,0,nearest_robot=robot4
223.000,ours,-,robot4,MIN_DISTANCE,OK,6.490,10.064,,0,nearest_robot=robot3
223.000,ours,-,robot6,MIN_DISTANCE,OK,12.416,10.064,,0,nearest_robot=robot1
223.000,ours,-,fleet,MIN_DISTANCE_AVG,OK,10.064,,,0,robots_sampled=5
224.000,ours,-,robot1,MIN_DISTANCE,OK,12.416,10.064,,0,nearest_robot=robot6
224.000,ours,-,robot2,MIN_DISTANCE,OK,12.510,10.064,,0,nearest_robot=robot1
224.000,ours,-,robot3,MIN_DISTANCE,OK,6.490,10.064,,0,nearest_robot=robot4
224.000,ours,-,robot4,MIN_DISTANCE,OK,6.490,10.064,,0,nearest_robot=robot3
224.000,ours,-,robot6,MIN_DISTANCE,OK,12.416,10.064,,0,nearest_robot=robot1
224.000,ours,-,fleet,MIN_DISTANCE_AVG,OK,10.064,,,0,robots_sampled=5
225.000,ours,-,robot1,MIN_DISTANCE,OK,12.416,10.064,,0,nearest_robot=robot6
225.000,ours,-,robot2,MIN_DISTANCE,OK,12.510,10.064,,0,nearest_robot=robot1
225.000,ours,-,robot3,MIN_DISTANCE,OK,6.490,10.064,,0,nearest_robot=robot4
225.000,ours,-,robot4,MIN_DISTANCE,OK,6.490,10.064,,0,nearest_robot=robot3
225.000,ours,-,robot6,MIN_DISTANCE,OK,12.416,10.064,,0,nearest_robot=robot1
225.000,ours,-,fleet,MIN_DISTANCE_AVG,OK,10.064,,,0,robots_sampled=5
226.000,ours,-,robot1,MIN_DISTANCE,OK,12.416,10.064,,0,nearest_robot=robot6
226.000,ours,-,robot2,MIN_DISTANCE,OK,12.510,10.064,,0,nearest_robot=robot1
226.000,ours,-,robot3,MIN_DISTANCE,OK,6.490,10.064,,0,nearest_robot=robot4
226.000,ours,-,robot4,MIN_DISTANCE,OK,6.490,10.064,,0,nearest_robot=robot3
226.000,ours,-,robot6,MIN_DISTANCE,OK,12.416,10.064,,0,nearest_robot=robot1
226.000,ours,-,fleet,MIN_DISTANCE_AVG,OK,10.064,,,0,robots_sampled=5
227.000,ours,-,robot1,MIN_DISTANCE,OK,12.416,10.064,,0,nearest_robot=robot6
227.000,ours,-,robot2,MIN_DISTANCE,OK,12.510,10.064,,0,nearest_robot=robot1
227.000,ours,-,robot3,MIN_DISTANCE,OK,6.490,10.064,,0,nearest_robot=robot4
227.000,ours,-,robot4,MIN_DISTANCE,OK,6.490,10.064,,0,nearest_robot=robot3
227.000,ours,-,robot6,MIN_DISTANCE,OK,12.416,10.064,,0,nearest_robot=robot1
227.000,ours,-,fleet,MIN_DISTANCE_AVG,OK,10.064,,,0,robots_sampled=5
228.000,ours,-,robot1,MIN_DISTANCE,OK,12.416,10.064,,0,nearest_robot=robot6
228.000,ours,-,robot2,MIN_DISTANCE,OK,12.510,10.064,,0,nearest_robot=robot1
228.000,ours,-,robot3,MIN_DISTANCE,OK,6.490,10.064,,0,nearest_robot=robot4
228.000,ours,-,robot4,MIN_DISTANCE,OK,6.490,10.064,,0,nearest_robot=robot3
228.000,ours,-,robot6,MIN_DISTANCE,OK,12.416,10.064,,0,nearest_robot=robot1
228.000,ours,-,fleet,MIN_DISTANCE_AVG,OK,10.064,,,0,robots_sampled=5
229.000,ours,-,robot1,MIN_DISTANCE,OK,12.416,10.064,,0,nearest_robot=robot6
229.000,ours,-,robot2,MIN_DISTANCE,OK,12.510,10.064,,0,nearest_robot=robot1
229.000,ours,-,robot3,MIN_DISTANCE,OK,6.490,10.064,,0,nearest_robot=robot4
229.000,ours,-,robot4,MIN_DISTANCE,OK,6.490,10.064,,0,nearest_robot=robot3
229.000,ours,-,robot6,MIN_DISTANCE,OK,12.416,10.064,,0,nearest_robot=robot1
229.000,ours,-,fleet,MIN_DISTANCE_AVG,OK,10.064,,,0,robots_sampled=5
230.000,ours,-,robot1,MIN_DISTANCE,OK,12.416,10.064,,0,nearest_robot=robot6
230.000,ours,-,robot2,MIN_DISTANCE,OK,12.510,10.064,,0,nearest_robot=robot1
230.000,ours,-,robot3,MIN_DISTANCE,OK,6.490,10.064,,0,nearest_robot=robot4
230.000,ours,-,robot4,MIN_DISTANCE,OK,6.490,10.064,,0,nearest_robot=robot3
230.000,ours,-,robot6,MIN_DISTANCE,OK,12.416,10.064,,0,nearest_robot=robot1
230.000,ours,-,fleet,MIN_DISTANCE_AVG,OK,10.064,,,0,robots_sampled=5
231.000,ours,-,robot1,MIN_DISTANCE,OK,12.416,10.064,,0,nearest_robot=robot6
231.000,ours,-,robot2,MIN_DISTANCE,OK,12.510,10.064,,0,nearest_robot=robot1
231.000,ours,-,robot3,MIN_DISTANCE,OK,6.490,10.064,,0,nearest_robot=robot4
231.000,ours,-,robot4,MIN_DISTANCE,OK,6.490,10.064,,0,nearest_robot=robot3
231.000,ours,-,robot6,MIN_DISTANCE,OK,12.416,10.064,,0,nearest_robot=robot1
231.000,ours,-,fleet,MIN_DISTANCE_AVG,OK,10.064,,,0,robots_sampled=5
232.000,ours,-,robot1,MIN_DISTANCE,OK,12.416,10.064,,0,nearest_robot=robot6
232.000,ours,-,robot2,MIN_DISTANCE,OK,12.510,10.064,,0,nearest_robot=robot1
232.000,ours,-,robot3,MIN_DISTANCE,OK,6.490,10.064,,0,nearest_robot=robot4
232.000,ours,-,robot4,MIN_DISTANCE,OK,6.490,10.064,,0,nearest_robot=robot3
232.000,ours,-,robot6,MIN_DISTANCE,OK,12.416,10.064,,0,nearest_robot=robot1
232.000,ours,-,fleet,MIN_DISTANCE_AVG,OK,10.064,,,0,robots_sampled=5
233.000,ours,-,robot1,MIN_DISTANCE,OK,12.416,10.064,,0,nearest_robot=robot6
233.000,ours,-,robot2,MIN_DISTANCE,OK,12.510,10.064,,0,nearest_robot=robot1
233.000,ours,-,robot3,MIN_DISTANCE,OK,6.490,10.064,,0,nearest_robot=robot4
233.000,ours,-,robot4,MIN_DISTANCE,OK,6.490,10.064,,0,nearest_robot=robot3
233.000,ours,-,robot6,MIN_DISTANCE,OK,12.416,10.064,,0,nearest_robot=robot1
233.000,ours,-,fleet,MIN_DISTANCE_AVG,OK,10.064,,,0,robots_sampled=5
234.000,ours,-,robot1,MIN_DISTANCE,OK,12.416,10.064,,0,nearest_robot=robot6
234.000,ours,-,robot2,MIN_DISTANCE,OK,12.510,10.064,,0,nearest_robot=robot1
234.000,ours,-,robot3,MIN_DISTANCE,OK,6.490,10.064,,0,nearest_robot=robot4
234.000,ours,-,robot4,MIN_DISTANCE,OK,6.490,10.064,,0,nearest_robot=robot3
234.000,ours,-,robot6,MIN_DISTANCE,OK,12.416,10.064,,0,nearest_robot=robot1
234.000,ours,-,fleet,MIN_DISTANCE_AVG,OK,10.064,,,0,robots_sampled=5
235.000,ours,-,robot1,MIN_DISTANCE,OK,12.416,10.064,,0,nearest_robot=robot6
235.000,ours,-,robot2,MIN_DISTANCE,OK,12.510,10.064,,0,nearest_robot=robot1
235.000,ours,-,robot3,MIN_DISTANCE,OK,6.490,10.064,,0,nearest_robot=robot4
235.000,ours,-,robot4,MIN_DISTANCE,OK,6.490,10.064,,0,nearest_robot=robot3
235.000,ours,-,robot6,MIN_DISTANCE,OK,12.416,10.064,,0,nearest_robot=robot1
235.000,ours,-,fleet,MIN_DISTANCE_AVG,OK,10.064,,,0,robots_sampled=5
236.000,ours,-,robot1,MIN_DISTANCE,OK,12.416,10.064,,0,nearest_robot=robot6
236.000,ours,-,robot2,MIN_DISTANCE,OK,12.510,10.064,,0,nearest_robot=robot1
236.000,ours,-,robot3,MIN_DISTANCE,OK,6.490,10.064,,0,nearest_robot=robot4
236.000,ours,-,robot4,MIN_DISTANCE,OK,6.490,10.064,,0,nearest_robot=robot3
236.000,ours,-,robot6,MIN_DISTANCE,OK,12.416,10.064,,0,nearest_robot=robot1
236.000,ours,-,fleet,MIN_DISTANCE_AVG,OK,10.064,,,0,robots_sampled=5
237.000,ours,-,robot1,MIN_DISTANCE,OK,12.416,10.064,,0,nearest_robot=robot6
237.000,ours,-,robot2,MIN_DISTANCE,OK,12.510,10.064,,0,nearest_robot=robot1
237.000,ours,-,robot3,MIN_DISTANCE,OK,6.490,10.064,,0,nearest_robot=robot4
237.000,ours,-,robot4,MIN_DISTANCE,OK,6.490,10.064,,0,nearest_robot=robot3
237.000,ours,-,robot6,MIN_DISTANCE,OK,12.416,10.064,,0,nearest_robot=robot1
237.000,ours,-,fleet,MIN_DISTANCE_AVG,OK,10.064,,,0,robots_sampled=5
238.000,ours,-,robot1,MIN_DISTANCE,OK,12.416,10.064,,0,nearest_robot=robot6
238.000,ours,-,robot2,MIN_DISTANCE,OK,12.510,10.064,,0,nearest_robot=robot1
238.000,ours,-,robot3,MIN_DISTANCE,OK,6.490,10.064,,0,nearest_robot=robot4
238.000,ours,-,robot4,MIN_DISTANCE,OK,6.490,10.064,,0,nearest_robot=robot3
238.000,ours,-,robot6,MIN_DISTANCE,OK,12.416,10.064,,0,nearest_robot=robot1
238.000,ours,-,fleet,MIN_DISTANCE_AVG,OK,10.064,,,0,robots_sampled=5
239.000,ours,-,robot1,MIN_DISTANCE,OK,12.416,10.064,,0,nearest_robot=robot6
239.000,ours,-,robot2,MIN_DISTANCE,OK,12.510,10.064,,0,nearest_robot=robot1
239.000,ours,-,robot3,MIN_DISTANCE,OK,6.490,10.064,,0,nearest_robot=robot4
239.000,ours,-,robot4,MIN_DISTANCE,OK,6.490,10.064,,0,nearest_robot=robot3
239.000,ours,-,robot6,MIN_DISTANCE,OK,12.416,10.064,,0,nearest_robot=robot1
239.000,ours,-,fleet,MIN_DISTANCE_AVG,OK,10.064,,,0,robots_sampled=5
240.000,ours,-,robot1,MIN_DISTANCE,OK,12.416,10.064,,0,nearest_robot=robot6
240.000,ours,-,robot2,MIN_DISTANCE,OK,12.510,10.064,,0,nearest_robot=robot1
240.000,ours,-,robot3,MIN_DISTANCE,OK,6.490,10.064,,0,nearest_robot=robot4
240.000,ours,-,robot4,MIN_DISTANCE,OK,6.490,10.064,,0,nearest_robot=robot3
240.000,ours,-,robot6,MIN_DISTANCE,OK,12.416,10.064,,0,nearest_robot=robot1
240.000,ours,-,fleet,MIN_DISTANCE_AVG,OK,10.064,,,0,robots_sampled=5
241.000,ours,-,robot1,MIN_DISTANCE,OK,12.416,10.064,,0,nearest_robot=robot6
241.000,ours,-,robot2,MIN_DISTANCE,OK,12.510,10.064,,0,nearest_robot=robot1
241.000,ours,-,robot3,MIN_DISTANCE,OK,6.490,10.064,,0,nearest_robot=robot4
241.000,ours,-,robot4,MIN_DISTANCE,OK,6.490,10.064,,0,nearest_robot=robot3
241.000,ours,-,robot6,MIN_DISTANCE,OK,12.416,10.064,,0,nearest_robot=robot1
241.000,ours,-,fleet,MIN_DISTANCE_AVG,OK,10.064,,,0,robots_sampled=5
242.000,ours,-,robot1,MIN_DISTANCE,OK,12.416,10.064,,0,nearest_robot=robot6
242.000,ours,-,robot2,MIN_DISTANCE,OK,12.510,10.064,,0,nearest_robot=robot1
242.000,ours,-,robot3,MIN_DISTANCE,OK,6.490,10.064,,0,nearest_robot=robot4
242.000,ours,-,robot4,MIN_DISTANCE,OK,6.490,10.064,,0,nearest_robot=robot3
242.000,ours,-,robot6,MIN_DISTANCE,OK,12.416,10.064,,0,nearest_robot=robot1
242.000,ours,-,fleet,MIN_DISTANCE_AVG,OK,10.064,,,0,robots_sampled=5
243.000,ours,-,robot1,MIN_DISTANCE,OK,12.416,10.064,,0,nearest_robot=robot6
243.000,ours,-,robot2,MIN_DISTANCE,OK,12.510,10.064,,0,nearest_robot=robot1
243.000,ours,-,robot3,MIN_DISTANCE,OK,6.490,10.064,,0,nearest_robot=robot4
243.000,ours,-,robot4,MIN_DISTANCE,OK,6.490,10.064,,0,nearest_robot=robot3
243.000,ours,-,robot6,MIN_DISTANCE,OK,12.416,10.064,,0,nearest_robot=robot1
243.000,ours,-,fleet,MIN_DISTANCE_AVG,OK,10.064,,,0,robots_sampled=5
244.000,ours,-,robot1,MIN_DISTANCE,OK,12.416,10.064,,0,nearest_robot=robot6
244.000,ours,-,robot2,MIN_DISTANCE,OK,12.510,10.064,,0,nearest_robot=robot1
244.000,ours,-,robot3,MIN_DISTANCE,OK,6.490,10.064,,0,nearest_robot=robot4
244.000,ours,-,robot4,MIN_DISTANCE,OK,6.490,10.064,,0,nearest_robot=robot3
244.000,ours,-,robot6,MIN_DISTANCE,OK,12.416,10.064,,0,nearest_robot=robot1
244.000,ours,-,fleet,MIN_DISTANCE_AVG,OK,10.064,,,0,robots_sampled=5
245.000,ours,-,robot1,MIN_DISTANCE,OK,12.416,10.064,,0,nearest_robot=robot6
245.000,ours,-,robot2,MIN_DISTANCE,OK,12.510,10.064,,0,nearest_robot=robot1
245.000,ours,-,robot3,MIN_DISTANCE,OK,6.490,10.064,,0,nearest_robot=robot4
245.000,ours,-,robot4,MIN_DISTANCE,OK,6.490,10.064,,0,nearest_robot=robot3
245.000,ours,-,robot6,MIN_DISTANCE,OK,12.416,10.064,,0,nearest_robot=robot1
245.000,ours,-,fleet,MIN_DISTANCE_AVG,OK,10.064,,,0,robots_sampled=5
246.000,ours,-,robot1,MIN_DISTANCE,OK,12.416,10.064,,0,nearest_robot=robot6
246.000,ours,-,robot2,MIN_DISTANCE,OK,12.510,10.064,,0,nearest_robot=robot1
246.000,ours,-,robot3,MIN_DISTANCE,OK,6.490,10.064,,0,nearest_robot=robot4
246.000,ours,-,robot4,MIN_DISTANCE,OK,6.490,10.064,,0,nearest_robot=robot3
246.000,ours,-,robot6,MIN_DISTANCE,OK,12.416,10.064,,0,nearest_robot=robot1
246.000,ours,-,fleet,MIN_DISTANCE_AVG,OK,10.064,,,0,robots_sampled=5
247.000,ours,-,robot1,MIN_DISTANCE,OK,12.416,10.064,,0,nearest_robot=robot6
247.000,ours,-,robot2,MIN_DISTANCE,OK,12.510,10.064,,0,nearest_robot=robot1
247.000,ours,-,robot3,MIN_DISTANCE,OK,6.490,10.064,,0,nearest_robot=robot4
247.000,ours,-,robot4,MIN_DISTANCE,OK,6.490,10.064,,0,nearest_robot=robot3
247.000,ours,-,robot6,MIN_DISTANCE,OK,12.416,10.064,,0,nearest_robot=robot1
247.000,ours,-,fleet,MIN_DISTANCE_AVG,OK,10.064,,,0,robots_sampled=5
248.000,ours,-,robot1,MIN_DISTANCE,OK,12.416,10.064,,0,nearest_robot=robot6
248.000,ours,-,robot2,MIN_DISTANCE,OK,12.510,10.064,,0,nearest_robot=robot1
248.000,ours,-,robot3,MIN_DISTANCE,OK,6.490,10.064,,0,nearest_robot=robot4
248.000,ours,-,robot4,MIN_DISTANCE,OK,6.490,10.064,,0,nearest_robot=robot3
248.000,ours,-,robot6,MIN_DISTANCE,OK,12.416,10.064,,0,nearest_robot=robot1
248.000,ours,-,fleet,MIN_DISTANCE_AVG,OK,10.064,,,0,robots_sampled=5
249.000,ours,-,robot1,MIN_DISTANCE,OK,12.416,10.064,,0,nearest_robot=robot6
249.000,ours,-,robot2,MIN_DISTANCE,OK,12.510,10.064,,0,nearest_robot=robot1
249.000,ours,-,robot3,MIN_DISTANCE,OK,6.490,10.064,,0,nearest_robot=robot4
249.000,ours,-,robot4,MIN_DISTANCE,OK,6.490,10.064,,0,nearest_robot=robot3
249.000,ours,-,robot6,MIN_DISTANCE,OK,12.416,10.064,,0,nearest_robot=robot1
249.000,ours,-,fleet,MIN_DISTANCE_AVG,OK,10.064,,,0,robots_sampled=5
250.000,ours,-,robot1,MIN_DISTANCE,OK,12.416,10.064,,0,nearest_robot=robot6
250.000,ours,-,robot2,MIN_DISTANCE,OK,12.510,10.064,,0,nearest_robot=robot1
250.000,ours,-,robot3,MIN_DISTANCE,OK,6.490,10.064,,0,nearest_robot=robot4
250.000,ours,-,robot4,MIN_DISTANCE,OK,6.490,10.064,,0,nearest_robot=robot3
250.000,ours,-,robot6,MIN_DISTANCE,OK,12.416,10.064,,0,nearest_robot=robot1
250.000,ours,-,fleet,MIN_DISTANCE_AVG,OK,10.064,,,0,robots_sampled=5
251.000,ours,-,robot1,MIN_DISTANCE,OK,12.416,10.064,,0,nearest_robot=robot6
251.000,ours,-,robot2,MIN_DISTANCE,OK,12.510,10.064,,0,nearest_robot=robot1
251.000,ours,-,robot3,MIN_DISTANCE,OK,6.490,10.064,,0,nearest_robot=robot4
251.000,ours,-,robot4,MIN_DISTANCE,OK,6.490,10.064,,0,nearest_robot=robot3
251.000,ours,-,robot6,MIN_DISTANCE,OK,12.416,10.064,,0,nearest_robot=robot1
251.000,ours,-,fleet,MIN_DISTANCE_AVG,OK,10.064,,,0,robots_sampled=5
252.000,ours,-,robot1,MIN_DISTANCE,OK,12.416,10.064,,0,nearest_robot=robot6
252.000,ours,-,robot2,MIN_DISTANCE,OK,12.510,10.064,,0,nearest_robot=robot1
252.000,ours,-,robot3,MIN_DISTANCE,OK,6.490,10.064,,0,nearest_robot=robot4
252.000,ours,-,robot4,MIN_DISTANCE,OK,6.490,10.064,,0,nearest_robot=robot3
252.000,ours,-,robot6,MIN_DISTANCE,OK,12.416,10.064,,0,nearest_robot=robot1
252.000,ours,-,fleet,MIN_DISTANCE_AVG,OK,10.064,,,0,robots_sampled=5
253.000,ours,-,robot1,MIN_DISTANCE,OK,12.416,10.064,,0,nearest_robot=robot6
253.000,ours,-,robot2,MIN_DISTANCE,OK,12.510,10.064,,0,nearest_robot=robot1
253.000,ours,-,robot3,MIN_DISTANCE,OK,6.490,10.064,,0,nearest_robot=robot4
253.000,ours,-,robot4,MIN_DISTANCE,OK,6.490,10.064,,0,nearest_robot=robot3
253.000,ours,-,robot6,MIN_DISTANCE,OK,12.416,10.064,,0,nearest_robot=robot1
253.000,ours,-,fleet,MIN_DISTANCE_AVG,OK,10.064,,,0,robots_sampled=5
254.000,ours,-,robot1,MIN_DISTANCE,OK,12.416,10.064,,0,nearest_robot=robot6
254.000,ours,-,robot2,MIN_DISTANCE,OK,12.510,10.064,,0,nearest_robot=robot1
254.000,ours,-,robot3,MIN_DISTANCE,OK,6.490,10.064,,0,nearest_robot=robot4
254.000,ours,-,robot4,MIN_DISTANCE,OK,6.490,10.064,,0,nearest_robot=robot3
254.000,ours,-,robot6,MIN_DISTANCE,OK,12.416,10.064,,0,nearest_robot=robot1
254.000,ours,-,fleet,MIN_DISTANCE_AVG,OK,10.064,,,0,robots_sampled=5
255.000,ours,-,robot1,MIN_DISTANCE,OK,12.416,10.064,,0,nearest_robot=robot6
255.000,ours,-,robot2,MIN_DISTANCE,OK,12.510,10.064,,0,nearest_robot=robot1
255.000,ours,-,robot3,MIN_DISTANCE,OK,6.490,10.064,,0,nearest_robot=robot4
255.000,ours,-,robot4,MIN_DISTANCE,OK,6.490,10.064,,0,nearest_robot=robot3
255.000,ours,-,robot6,MIN_DISTANCE,OK,12.416,10.064,,0,nearest_robot=robot1
255.000,ours,-,fleet,MIN_DISTANCE_AVG,OK,10.064,,,0,robots_sampled=5
256.000,ours,-,robot1,MIN_DISTANCE,OK,12.416,10.064,,0,nearest_robot=robot6
256.000,ours,-,robot2,MIN_DISTANCE,OK,12.510,10.064,,0,nearest_robot=robot1
256.000,ours,-,robot3,MIN_DISTANCE,OK,6.490,10.064,,0,nearest_robot=robot4
256.000,ours,-,robot4,MIN_DISTANCE,OK,6.490,10.064,,0,nearest_robot=robot3
256.000,ours,-,robot6,MIN_DISTANCE,OK,12.416,10.064,,0,nearest_robot=robot1
256.000,ours,-,fleet,MIN_DISTANCE_AVG,OK,10.064,,,0,robots_sampled=5
257.000,ours,-,robot1,MIN_DISTANCE,OK,12.416,10.064,,0,nearest_robot=robot6
257.000,ours,-,robot2,MIN_DISTANCE,OK,12.510,10.064,,0,nearest_robot=robot1
257.000,ours,-,robot3,MIN_DISTANCE,OK,6.490,10.064,,0,nearest_robot=robot4
257.000,ours,-,robot4,MIN_DISTANCE,OK,6.490,10.064,,0,nearest_robot=robot3
257.000,ours,-,robot6,MIN_DISTANCE,OK,12.416,10.064,,0,nearest_robot=robot1
257.000,ours,-,fleet,MIN_DISTANCE_AVG,OK,10.064,,,0,robots_sampled=5
258.000,ours,-,robot1,MIN_DISTANCE,OK,12.416,10.064,,0,nearest_robot=robot6
258.000,ours,-,robot2,MIN_DISTANCE,OK,12.510,10.064,,0,nearest_robot=robot1
258.000,ours,-,robot3,MIN_DISTANCE,OK,6.490,10.064,,0,nearest_robot=robot4
258.000,ours,-,robot4,MIN_DISTANCE,OK,6.490,10.064,,0,nearest_robot=robot3
258.000,ours,-,robot6,MIN_DISTANCE,OK,12.416,10.064,,0,nearest_robot=robot1
258.000,ours,-,fleet,MIN_DISTANCE_AVG,OK,10.064,,,0,robots_sampled=5
259.000,ours,-,robot1,MIN_DISTANCE,OK,12.416,10.064,,0,nearest_robot=robot6
259.000,ours,-,robot2,MIN_DISTANCE,OK,12.510,10.064,,0,nearest_robot=robot1
259.000,ours,-,robot3,MIN_DISTANCE,OK,6.490,10.064,,0,nearest_robot=robot4
259.000,ours,-,robot4,MIN_DISTANCE,OK,6.490,10.064,,0,nearest_robot=robot3
259.000,ours,-,robot6,MIN_DISTANCE,OK,12.416,10.064,,0,nearest_robot=robot1
259.000,ours,-,fleet,MIN_DISTANCE_AVG,OK,10.064,,,0,robots_sampled=5
260.000,ours,-,robot1,MIN_DISTANCE,OK,12.416,10.064,,0,nearest_robot=robot6
260.000,ours,-,robot2,MIN_DISTANCE,OK,12.510,10.064,,0,nearest_robot=robot1
260.000,ours,-,robot3,MIN_DISTANCE,OK,6.490,10.064,,0,nearest_robot=robot4
260.000,ours,-,robot4,MIN_DISTANCE,OK,6.490,10.064,,0,nearest_robot=robot3
260.000,ours,-,robot6,MIN_DISTANCE,OK,12.416,10.064,,0,nearest_robot=robot1
260.000,ours,-,fleet,MIN_DISTANCE_AVG,OK,10.064,,,0,robots_sampled=5
261.000,ours,-,robot1,MIN_DISTANCE,OK,12.416,10.064,,0,nearest_robot=robot6
261.000,ours,-,robot2,MIN_DISTANCE,OK,12.510,10.064,,0,nearest_robot=robot1
261.000,ours,-,robot3,MIN_DISTANCE,OK,6.490,10.064,,0,nearest_robot=robot4
261.000,ours,-,robot4,MIN_DISTANCE,OK,6.490,10.064,,0,nearest_robot=robot3
261.000,ours,-,robot6,MIN_DISTANCE,OK,12.416,10.064,,0,nearest_robot=robot1
261.000,ours,-,fleet,MIN_DISTANCE_AVG,OK,10.064,,,0,robots_sampled=5
262.000,ours,-,robot1,MIN_DISTANCE,OK,12.416,10.064,,0,nearest_robot=robot6
262.000,ours,-,robot2,MIN_DISTANCE,OK,12.510,10.064,,0,nearest_robot=robot1
262.000,ours,-,robot3,MIN_DISTANCE,OK,6.490,10.064,,0,nearest_robot=robot4
262.000,ours,-,robot4,MIN_DISTANCE,OK,6.490,10.064,,0,nearest_robot=robot3
262.000,ours,-,robot6,MIN_DISTANCE,OK,12.416,10.064,,0,nearest_robot=robot1
262.000,ours,-,fleet,MIN_DISTANCE_AVG,OK,10.064,,,0,robots_sampled=5
263.000,ours,-,robot1,MIN_DISTANCE,OK,12.416,10.064,,0,nearest_robot=robot6
263.000,ours,-,robot2,MIN_DISTANCE,OK,12.510,10.064,,0,nearest_robot=robot1
263.000,ours,-,robot3,MIN_DISTANCE,OK,6.490,10.064,,0,nearest_robot=robot4
263.000,ours,-,robot4,MIN_DISTANCE,OK,6.490,10.064,,0,nearest_robot=robot3
263.000,ours,-,robot6,MIN_DISTANCE,OK,12.416,10.064,,0,nearest_robot=robot1
263.000,ours,-,fleet,MIN_DISTANCE_AVG,OK,10.064,,,0,robots_sampled=5
264.000,ours,-,robot1,MIN_DISTANCE,OK,12.416,10.064,,0,nearest_robot=robot6
264.000,ours,-,robot2,MIN_DISTANCE,OK,12.510,10.064,,0,nearest_robot=robot1
264.000,ours,-,robot3,MIN_DISTANCE,OK,6.490,10.064,,0,nearest_robot=robot4
264.000,ours,-,robot4,MIN_DISTANCE,OK,6.490,10.064,,0,nearest_robot=robot3
264.000,ours,-,robot6,MIN_DISTANCE,OK,12.416,10.064,,0,nearest_robot=robot1
264.000,ours,-,fleet,MIN_DISTANCE_AVG,OK,10.064,,,0,robots_sampled=5
265.000,ours,-,robot1,MIN_DISTANCE,OK,12.416,10.064,,0,nearest_robot=robot6
265.000,ours,-,robot2,MIN_DISTANCE,OK,12.510,10.064,,0,nearest_robot=robot1
265.000,ours,-,robot3,MIN_DISTANCE,OK,6.490,10.064,,0,nearest_robot=robot4
265.000,ours,-,robot4,MIN_DISTANCE,OK,6.490,10.064,,0,nearest_robot=robot3
265.000,ours,-,robot6,MIN_DISTANCE,OK,12.416,10.064,,0,nearest_robot=robot1
265.000,ours,-,fleet,MIN_DISTANCE_AVG,OK,10.064,,,0,robots_sampled=5
266.000,ours,-,robot1,MIN_DISTANCE,OK,12.416,10.064,,0,nearest_robot=robot6
266.000,ours,-,robot2,MIN_DISTANCE,OK,12.510,10.064,,0,nearest_robot=robot1
266.000,ours,-,robot3,MIN_DISTANCE,OK,6.490,10.064,,0,nearest_robot=robot4
266.000,ours,-,robot4,MIN_DISTANCE,OK,6.490,10.064,,0,nearest_robot=robot3
266.000,ours,-,robot6,MIN_DISTANCE,OK,12.416,10.064,,0,nearest_robot=robot1
266.000,ours,-,fleet,MIN_DISTANCE_AVG,OK,10.064,,,0,robots_sampled=5
267.000,ours,-,robot1,MIN_DISTANCE,OK,12.416,10.064,,0,nearest_robot=robot6
267.000,ours,-,robot2,MIN_DISTANCE,OK,12.510,10.064,,0,nearest_robot=robot1
267.000,ours,-,robot3,MIN_DISTANCE,OK,6.490,10.064,,0,nearest_robot=robot4
267.000,ours,-,robot4,MIN_DISTANCE,OK,6.490,10.064,,0,nearest_robot=robot3
267.000,ours,-,robot6,MIN_DISTANCE,OK,12.416,10.064,,0,nearest_robot=robot1
267.000,ours,-,fleet,MIN_DISTANCE_AVG,OK,10.064,,,0,robots_sampled=5
268.000,ours,-,robot1,MIN_DISTANCE,OK,12.416,10.064,,0,nearest_robot=robot6
268.000,ours,-,robot2,MIN_DISTANCE,OK,12.510,10.064,,0,nearest_robot=robot1
268.000,ours,-,robot3,MIN_DISTANCE,OK,6.490,10.064,,0,nearest_robot=robot4
268.000,ours,-,robot4,MIN_DISTANCE,OK,6.490,10.064,,0,nearest_robot=robot3
268.000,ours,-,robot6,MIN_DISTANCE,OK,12.416,10.064,,0,nearest_robot=robot1
268.000,ours,-,fleet,MIN_DISTANCE_AVG,OK,10.064,,,0,robots_sampled=5
269.000,ours,-,robot1,MIN_DISTANCE,OK,12.416,10.064,,0,nearest_robot=robot6
269.000,ours,-,robot2,MIN_DISTANCE,OK,12.510,10.064,,0,nearest_robot=robot1
269.000,ours,-,robot3,MIN_DISTANCE,OK,6.490,10.064,,0,nearest_robot=robot4
269.000,ours,-,robot4,MIN_DISTANCE,OK,6.490,10.064,,0,nearest_robot=robot3
269.000,ours,-,robot6,MIN_DISTANCE,OK,12.416,10.064,,0,nearest_robot=robot1
269.000,ours,-,fleet,MIN_DISTANCE_AVG,OK,10.064,,,0,robots_sampled=5
270.000,ours,-,robot1,MIN_DISTANCE,OK,12.416,10.064,,0,nearest_robot=robot6
270.000,ours,-,robot2,MIN_DISTANCE,OK,12.510,10.064,,0,nearest_robot=robot1
270.000,ours,-,robot3,MIN_DISTANCE,OK,6.490,10.064,,0,nearest_robot=robot4
270.000,ours,-,robot4,MIN_DISTANCE,OK,6.490,10.064,,0,nearest_robot=robot3
270.000,ours,-,robot6,MIN_DISTANCE,OK,12.416,10.064,,0,nearest_robot=robot1
270.000,ours,-,fleet,MIN_DISTANCE_AVG,OK,10.064,,,0,robots_sampled=5
271.000,ours,-,robot1,MIN_DISTANCE,OK,12.416,10.064,,0,nearest_robot=robot6
271.000,ours,-,robot2,MIN_DISTANCE,OK,12.510,10.064,,0,nearest_robot=robot1
271.000,ours,-,robot3,MIN_DISTANCE,OK,6.490,10.064,,0,nearest_robot=robot4
271.000,ours,-,robot4,MIN_DISTANCE,OK,6.490,10.064,,0,nearest_robot=robot3
271.000,ours,-,robot6,MIN_DISTANCE,OK,12.416,10.064,,0,nearest_robot=robot1
271.000,ours,-,fleet,MIN_DISTANCE_AVG,OK,10.064,,,0,robots_sampled=5
272.000,ours,-,robot1,MIN_DISTANCE,OK,12.416,10.064,,0,nearest_robot=robot6
272.000,ours,-,robot2,MIN_DISTANCE,OK,12.510,10.064,,0,nearest_robot=robot1
272.000,ours,-,robot3,MIN_DISTANCE,OK,6.490,10.064,,0,nearest_robot=robot4
272.000,ours,-,robot4,MIN_DISTANCE,OK,6.490,10.064,,0,nearest_robot=robot3
272.000,ours,-,robot6,MIN_DISTANCE,OK,12.416,10.064,,0,nearest_robot=robot1
272.000,ours,-,fleet,MIN_DISTANCE_AVG,OK,10.064,,,0,robots_sampled=5
273.000,ours,-,robot1,MIN_DISTANCE,OK,12.416,10.064,,0,nearest_robot=robot6
273.000,ours,-,robot2,MIN_DISTANCE,OK,12.510,10.064,,0,nearest_robot=robot1
273.000,ours,-,robot3,MIN_DISTANCE,OK,6.490,10.064,,0,nearest_robot=robot4
273.000,ours,-,robot4,MIN_DISTANCE,OK,6.490,10.064,,0,nearest_robot=robot3
273.000,ours,-,robot6,MIN_DISTANCE,OK,12.416,10.064,,0,nearest_robot=robot1
273.000,ours,-,fleet,MIN_DISTANCE_AVG,OK,10.064,,,0,robots_sampled=5
274.000,ours,-,robot1,MIN_DISTANCE,OK,12.416,10.064,,0,nearest_robot=robot6
274.000,ours,-,robot2,MIN_DISTANCE,OK,12.510,10.064,,0,nearest_robot=robot1
274.000,ours,-,robot3,MIN_DISTANCE,OK,6.490,10.064,,0,nearest_robot=robot4
274.000,ours,-,robot4,MIN_DISTANCE,OK,6.490,10.064,,0,nearest_robot=robot3
274.000,ours,-,robot6,MIN_DISTANCE,OK,12.416,10.064,,0,nearest_robot=robot1
274.000,ours,-,fleet,MIN_DISTANCE_AVG,OK,10.064,,,0,robots_sampled=5
275.000,ours,-,robot1,MIN_DISTANCE,OK,12.416,10.064,,0,nearest_robot=robot6
275.000,ours,-,robot2,MIN_DISTANCE,OK,12.510,10.064,,0,nearest_robot=robot1
275.000,ours,-,robot3,MIN_DISTANCE,OK,6.490,10.064,,0,nearest_robot=robot4
275.000,ours,-,robot4,MIN_DISTANCE,OK,6.490,10.064,,0,nearest_robot=robot3
275.000,ours,-,robot6,MIN_DISTANCE,OK,12.416,10.064,,0,nearest_robot=robot1
275.000,ours,-,fleet,MIN_DISTANCE_AVG,OK,10.064,,,0,robots_sampled=5
276.000,ours,-,robot1,MIN_DISTANCE,OK,12.416,10.064,,0,nearest_robot=robot6
276.000,ours,-,robot2,MIN_DISTANCE,OK,12.510,10.064,,0,nearest_robot=robot1
276.000,ours,-,robot3,MIN_DISTANCE,OK,6.490,10.064,,0,nearest_robot=robot4
276.000,ours,-,robot4,MIN_DISTANCE,OK,6.490,10.064,,0,nearest_robot=robot3
276.000,ours,-,robot6,MIN_DISTANCE,OK,12.416,10.064,,0,nearest_robot=robot1
276.000,ours,-,fleet,MIN_DISTANCE_AVG,OK,10.064,,,0,robots_sampled=5
277.000,ours,-,robot1,MIN_DISTANCE,OK,12.416,10.064,,0,nearest_robot=robot6
277.000,ours,-,robot2,MIN_DISTANCE,OK,12.510,10.064,,0,nearest_robot=robot1
277.000,ours,-,robot3,MIN_DISTANCE,OK,6.490,10.064,,0,nearest_robot=robot4
277.000,ours,-,robot4,MIN_DISTANCE,OK,6.490,10.064,,0,nearest_robot=robot3
277.000,ours,-,robot6,MIN_DISTANCE,OK,12.416,10.064,,0,nearest_robot=robot1
277.000,ours,-,fleet,MIN_DISTANCE_AVG,OK,10.064,,,0,robots_sampled=5
278.000,ours,-,robot1,MIN_DISTANCE,OK,12.416,10.064,,0,nearest_robot=robot6
278.000,ours,-,robot2,MIN_DISTANCE,OK,12.510,10.064,,0,nearest_robot=robot1
278.000,ours,-,robot3,MIN_DISTANCE,OK,6.490,10.064,,0,nearest_robot=robot4
278.000,ours,-,robot4,MIN_DISTANCE,OK,6.490,10.064,,0,nearest_robot=robot3
278.000,ours,-,robot6,MIN_DISTANCE,OK,12.416,10.064,,0,nearest_robot=robot1
278.000,ours,-,fleet,MIN_DISTANCE_AVG,OK,10.064,,,0,robots_sampled=5
279.000,ours,-,robot1,MIN_DISTANCE,OK,12.416,10.064,,0,nearest_robot=robot6
279.000,ours,-,robot2,MIN_DISTANCE,OK,12.510,10.064,,0,nearest_robot=robot1
279.000,ours,-,robot3,MIN_DISTANCE,OK,6.490,10.064,,0,nearest_robot=robot4
279.000,ours,-,robot4,MIN_DISTANCE,OK,6.490,10.064,,0,nearest_robot=robot3
279.000,ours,-,robot6,MIN_DISTANCE,OK,12.416,10.064,,0,nearest_robot=robot1
279.000,ours,-,fleet,MIN_DISTANCE_AVG,OK,10.064,,,0,robots_sampled=5
280.000,ours,-,robot1,MIN_DISTANCE,OK,12.416,10.064,,0,nearest_robot=robot6
280.000,ours,-,robot2,MIN_DISTANCE,OK,12.510,10.064,,0,nearest_robot=robot1
280.000,ours,-,robot3,MIN_DISTANCE,OK,6.490,10.064,,0,nearest_robot=robot4
280.000,ours,-,robot4,MIN_DISTANCE,OK,6.490,10.064,,0,nearest_robot=robot3
280.000,ours,-,robot6,MIN_DISTANCE,OK,12.416,10.064,,0,nearest_robot=robot1
280.000,ours,-,fleet,MIN_DISTANCE_AVG,OK,10.064,,,0,robots_sampled=5
281.000,ours,-,robot1,MIN_DISTANCE,OK,12.416,10.064,,0,nearest_robot=robot6
281.000,ours,-,robot2,MIN_DISTANCE,OK,12.510,10.064,,0,nearest_robot=robot1
281.000,ours,-,robot3,MIN_DISTANCE,OK,6.490,10.064,,0,nearest_robot=robot4
281.000,ours,-,robot4,MIN_DISTANCE,OK,6.490,10.064,,0,nearest_robot=robot3
281.000,ours,-,robot6,MIN_DISTANCE,OK,12.416,10.064,,0,nearest_robot=robot1
281.000,ours,-,fleet,MIN_DISTANCE_AVG,OK,10.064,,,0,robots_sampled=5
282.000,ours,-,robot1,MIN_DISTANCE,OK,12.416,10.064,,0,nearest_robot=robot6
282.000,ours,-,robot2,MIN_DISTANCE,OK,12.510,10.064,,0,nearest_robot=robot1
282.000,ours,-,robot3,MIN_DISTANCE,OK,6.490,10.064,,0,nearest_robot=robot4
282.000,ours,-,robot4,MIN_DISTANCE,OK,6.490,10.064,,0,nearest_robot=robot3
282.000,ours,-,robot6,MIN_DISTANCE,OK,12.416,10.064,,0,nearest_robot=robot1
282.000,ours,-,fleet,MIN_DISTANCE_AVG,OK,10.064,,,0,robots_sampled=5
283.000,ours,-,robot1,MIN_DISTANCE,OK,12.416,10.064,,0,nearest_robot=robot6
283.000,ours,-,robot2,MIN_DISTANCE,OK,12.510,10.064,,0,nearest_robot=robot1
283.000,ours,-,robot3,MIN_DISTANCE,OK,6.490,10.064,,0,nearest_robot=robot4
283.000,ours,-,robot4,MIN_DISTANCE,OK,6.490,10.064,,0,nearest_robot=robot3
283.000,ours,-,robot6,MIN_DISTANCE,OK,12.416,10.064,,0,nearest_robot=robot1
283.000,ours,-,fleet,MIN_DISTANCE_AVG,OK,10.064,,,0,robots_sampled=5
284.000,ours,-,robot1,MIN_DISTANCE,OK,12.416,10.064,,0,nearest_robot=robot6
284.000,ours,-,robot2,MIN_DISTANCE,OK,12.510,10.064,,0,nearest_robot=robot1
284.000,ours,-,robot3,MIN_DISTANCE,OK,6.490,10.064,,0,nearest_robot=robot4
284.000,ours,-,robot4,MIN_DISTANCE,OK,6.490,10.064,,0,nearest_robot=robot3
284.000,ours,-,robot6,MIN_DISTANCE,OK,12.416,10.064,,0,nearest_robot=robot1
284.000,ours,-,fleet,MIN_DISTANCE_AVG,OK,10.064,,,0,robots_sampled=5
285.000,ours,-,robot1,MIN_DISTANCE,OK,12.416,10.064,,0,nearest_robot=robot6
285.000,ours,-,robot2,MIN_DISTANCE,OK,12.510,10.064,,0,nearest_robot=robot1
285.000,ours,-,robot3,MIN_DISTANCE,OK,6.490,10.064,,0,nearest_robot=robot4
285.000,ours,-,robot4,MIN_DISTANCE,OK,6.490,10.064,,0,nearest_robot=robot3
285.000,ours,-,robot6,MIN_DISTANCE,OK,12.416,10.064,,0,nearest_robot=robot1
285.000,ours,-,fleet,MIN_DISTANCE_AVG,OK,10.064,,,0,robots_sampled=5
286.000,ours,-,robot1,MIN_DISTANCE,OK,12.416,10.064,,0,nearest_robot=robot6
286.000,ours,-,robot2,MIN_DISTANCE,OK,12.510,10.064,,0,nearest_robot=robot1
286.000,ours,-,robot3,MIN_DISTANCE,OK,6.490,10.064,,0,nearest_robot=robot4
286.000,ours,-,robot4,MIN_DISTANCE,OK,6.490,10.064,,0,nearest_robot=robot3
286.000,ours,-,robot6,MIN_DISTANCE,OK,12.416,10.064,,0,nearest_robot=robot1
286.000,ours,-,fleet,MIN_DISTANCE_AVG,OK,10.064,,,0,robots_sampled=5
287.000,ours,-,robot1,MIN_DISTANCE,OK,12.416,10.064,,0,nearest_robot=robot6
287.000,ours,-,robot2,MIN_DISTANCE,OK,12.510,10.064,,0,nearest_robot=robot1
287.000,ours,-,robot3,MIN_DISTANCE,OK,6.490,10.064,,0,nearest_robot=robot4
287.000,ours,-,robot4,MIN_DISTANCE,OK,6.490,10.064,,0,nearest_robot=robot3
287.000,ours,-,robot6,MIN_DISTANCE,OK,12.416,10.064,,0,nearest_robot=robot1
287.000,ours,-,fleet,MIN_DISTANCE_AVG,OK,10.064,,,0,robots_sampled=5
288.000,ours,-,robot1,MIN_DISTANCE,OK,12.416,10.064,,0,nearest_robot=robot6
288.000,ours,-,robot2,MIN_DISTANCE,OK,12.510,10.064,,0,nearest_robot=robot1
288.000,ours,-,robot3,MIN_DISTANCE,OK,6.490,10.064,,0,nearest_robot=robot4
288.000,ours,-,robot4,MIN_DISTANCE,OK,6.490,10.064,,0,nearest_robot=robot3
288.000,ours,-,robot6,MIN_DISTANCE,OK,12.416,10.064,,0,nearest_robot=robot1
288.000,ours,-,fleet,MIN_DISTANCE_AVG,OK,10.064,,,0,robots_sampled=5
289.000,ours,-,robot1,MIN_DISTANCE,OK,12.416,10.064,,0,nearest_robot=robot6
289.000,ours,-,robot2,MIN_DISTANCE,OK,12.510,10.064,,0,nearest_robot=robot1
289.000,ours,-,robot3,MIN_DISTANCE,OK,6.490,10.064,,0,nearest_robot=robot4
289.000,ours,-,robot4,MIN_DISTANCE,OK,6.490,10.064,,0,nearest_robot=robot3
289.000,ours,-,robot6,MIN_DISTANCE,OK,12.416,10.064,,0,nearest_robot=robot1
289.000,ours,-,fleet,MIN_DISTANCE_AVG,OK,10.064,,,0,robots_sampled=5
290.000,ours,-,robot1,MIN_DISTANCE,OK,12.416,10.064,,0,nearest_robot=robot6
290.000,ours,-,robot2,MIN_DISTANCE,OK,12.510,10.064,,0,nearest_robot=robot1
290.000,ours,-,robot3,MIN_DISTANCE,OK,6.490,10.064,,0,nearest_robot=robot4
290.000,ours,-,robot4,MIN_DISTANCE,OK,6.490,10.064,,0,nearest_robot=robot3
290.000,ours,-,robot6,MIN_DISTANCE,OK,12.416,10.064,,0,nearest_robot=robot1
290.000,ours,-,fleet,MIN_DISTANCE_AVG,OK,10.064,,,0,robots_sampled=5
291.000,ours,-,robot1,MIN_DISTANCE,OK,12.416,10.064,,0,nearest_robot=robot6
291.000,ours,-,robot2,MIN_DISTANCE,OK,12.510,10.064,,0,nearest_robot=robot1
291.000,ours,-,robot3,MIN_DISTANCE,OK,6.490,10.064,,0,nearest_robot=robot4
291.000,ours,-,robot4,MIN_DISTANCE,OK,6.490,10.064,,0,nearest_robot=robot3
291.000,ours,-,robot6,MIN_DISTANCE,OK,12.416,10.064,,0,nearest_robot=robot1
291.000,ours,-,fleet,MIN_DISTANCE_AVG,OK,10.064,,,0,robots_sampled=5
292.000,ours,-,robot1,MIN_DISTANCE,OK,12.416,10.064,,0,nearest_robot=robot6
292.000,ours,-,robot2,MIN_DISTANCE,OK,12.510,10.064,,0,nearest_robot=robot1
292.000,ours,-,robot3,MIN_DISTANCE,OK,6.490,10.064,,0,nearest_robot=robot4
292.000,ours,-,robot4,MIN_DISTANCE,OK,6.490,10.064,,0,nearest_robot=robot3
292.000,ours,-,robot6,MIN_DISTANCE,OK,12.416,10.064,,0,nearest_robot=robot1
292.000,ours,-,fleet,MIN_DISTANCE_AVG,OK,10.064,,,0,robots_sampled=5
293.000,ours,-,robot1,MIN_DISTANCE,OK,12.416,10.064,,0,nearest_robot=robot6
293.000,ours,-,robot2,MIN_DISTANCE,OK,12.510,10.064,,0,nearest_robot=robot1
293.000,ours,-,robot3,MIN_DISTANCE,OK,6.490,10.064,,0,nearest_robot=robot4
293.000,ours,-,robot4,MIN_DISTANCE,OK,6.490,10.064,,0,nearest_robot=robot3
293.000,ours,-,robot6,MIN_DISTANCE,OK,12.416,10.064,,0,nearest_robot=robot1
293.000,ours,-,fleet,MIN_DISTANCE_AVG,OK,10.064,,,0,robots_sampled=5
294.000,ours,-,robot1,MIN_DISTANCE,OK,12.416,10.064,,0,nearest_robot=robot6
294.000,ours,-,robot2,MIN_DISTANCE,OK,12.510,10.064,,0,nearest_robot=robot1
294.000,ours,-,robot3,MIN_DISTANCE,OK,6.490,10.064,,0,nearest_robot=robot4
294.000,ours,-,robot4,MIN_DISTANCE,OK,6.490,10.064,,0,nearest_robot=robot3
294.000,ours,-,robot6,MIN_DISTANCE,OK,12.416,10.064,,0,nearest_robot=robot1
294.000,ours,-,fleet,MIN_DISTANCE_AVG,OK,10.064,,,0,robots_sampled=5
295.000,ours,-,robot1,MIN_DISTANCE,OK,12.416,10.064,,0,nearest_robot=robot6
295.000,ours,-,robot2,MIN_DISTANCE,OK,12.510,10.064,,0,nearest_robot=robot1
295.000,ours,-,robot3,MIN_DISTANCE,OK,6.490,10.064,,0,nearest_robot=robot4
295.000,ours,-,robot4,MIN_DISTANCE,OK,6.490,10.064,,0,nearest_robot=robot3
295.000,ours,-,robot6,MIN_DISTANCE,OK,12.416,10.064,,0,nearest_robot=robot1
295.000,ours,-,fleet,MIN_DISTANCE_AVG,OK,10.064,,,0,robots_sampled=5
296.000,ours,-,robot1,MIN_DISTANCE,OK,12.416,10.064,,0,nearest_robot=robot6
296.000,ours,-,robot2,MIN_DISTANCE,OK,12.510,10.064,,0,nearest_robot=robot1
296.000,ours,-,robot3,MIN_DISTANCE,OK,6.490,10.064,,0,nearest_robot=robot4
296.000,ours,-,robot4,MIN_DISTANCE,OK,6.490,10.064,,0,nearest_robot=robot3
296.000,ours,-,robot6,MIN_DISTANCE,OK,12.416,10.064,,0,nearest_robot=robot1
296.000,ours,-,fleet,MIN_DISTANCE_AVG,OK,10.064,,,0,robots_sampled=5
297.000,ours,-,robot1,MIN_DISTANCE,OK,12.416,10.064,,0,nearest_robot=robot6
297.000,ours,-,robot2,MIN_DISTANCE,OK,12.510,10.064,,0,nearest_robot=robot1
297.000,ours,-,robot3,MIN_DISTANCE,OK,6.490,10.064,,0,nearest_robot=robot4
297.000,ours,-,robot4,MIN_DISTANCE,OK,6.490,10.064,,0,nearest_robot=robot3
297.000,ours,-,robot6,MIN_DISTANCE,OK,12.416,10.064,,0,nearest_robot=robot1
297.000,ours,-,fleet,MIN_DISTANCE_AVG,OK,10.064,,,0,robots_sampled=5
298.000,ours,-,robot1,MIN_DISTANCE,OK,12.416,10.064,,0,nearest_robot=robot6
298.000,ours,-,robot2,MIN_DISTANCE,OK,12.510,10.064,,0,nearest_robot=robot1
298.000,ours,-,robot3,MIN_DISTANCE,OK,6.490,10.064,,0,nearest_robot=robot4
298.000,ours,-,robot4,MIN_DISTANCE,OK,6.490,10.064,,0,nearest_robot=robot3
298.000,ours,-,robot6,MIN_DISTANCE,OK,12.416,10.064,,0,nearest_robot=robot1
298.000,ours,-,fleet,MIN_DISTANCE_AVG,OK,10.064,,,0,robots_sampled=5
299.000,ours,-,robot1,MIN_DISTANCE,OK,12.416,10.064,,0,nearest_robot=robot6
299.000,ours,-,robot2,MIN_DISTANCE,OK,12.510,10.064,,0,nearest_robot=robot1
299.000,ours,-,robot3,MIN_DISTANCE,OK,6.490,10.064,,0,nearest_robot=robot4
299.000,ours,-,robot4,MIN_DISTANCE,OK,6.490,10.064,,0,nearest_robot=robot3
299.000,ours,-,robot6,MIN_DISTANCE,OK,12.416,10.064,,0,nearest_robot=robot1
299.000,ours,-,fleet,MIN_DISTANCE_AVG,OK,10.064,,,0,robots_sampled=5
300.000,ours,-,robot1,MIN_DISTANCE,OK,12.416,10.064,,0,nearest_robot=robot6
300.000,ours,-,robot2,MIN_DISTANCE,OK,12.510,10.064,,0,nearest_robot=robot1
300.000,ours,-,robot3,MIN_DISTANCE,OK,6.490,10.064,,0,nearest_robot=robot4
300.000,ours,-,robot4,MIN_DISTANCE,OK,6.490,10.064,,0,nearest_robot=robot3
300.000,ours,-,robot6,MIN_DISTANCE,OK,12.416,10.064,,0,nearest_robot=robot1
300.000,ours,-,fleet,MIN_DISTANCE_AVG,OK,10.064,,,0,robots_sampled=5
301.000,ours,-,robot1,MIN_DISTANCE,OK,12.416,10.064,,0,nearest_robot=robot6
301.000,ours,-,robot2,MIN_DISTANCE,OK,12.510,10.064,,0,nearest_robot=robot1
301.000,ours,-,robot3,MIN_DISTANCE,OK,6.490,10.064,,0,nearest_robot=robot4
301.000,ours,-,robot4,MIN_DISTANCE,OK,6.490,10.064,,0,nearest_robot=robot3
301.000,ours,-,robot6,MIN_DISTANCE,OK,12.416,10.064,,0,nearest_robot=robot1
301.000,ours,-,fleet,MIN_DISTANCE_AVG,OK,10.064,,,0,robots_sampled=5
302.000,ours,-,robot1,MIN_DISTANCE,OK,12.416,10.064,,0,nearest_robot=robot6
302.000,ours,-,robot2,MIN_DISTANCE,OK,12.510,10.064,,0,nearest_robot=robot1
302.000,ours,-,robot3,MIN_DISTANCE,OK,6.490,10.064,,0,nearest_robot=robot4
302.000,ours,-,robot4,MIN_DISTANCE,OK,6.490,10.064,,0,nearest_robot=robot3
302.000,ours,-,robot6,MIN_DISTANCE,OK,12.416,10.064,,0,nearest_robot=robot1
302.000,ours,-,fleet,MIN_DISTANCE_AVG,OK,10.064,,,0,robots_sampled=5
303.000,ours,-,robot1,MIN_DISTANCE,OK,12.416,10.064,,0,nearest_robot=robot6
303.000,ours,-,robot2,MIN_DISTANCE,OK,12.510,10.064,,0,nearest_robot=robot1
303.000,ours,-,robot3,MIN_DISTANCE,OK,6.490,10.064,,0,nearest_robot=robot4
303.000,ours,-,robot4,MIN_DISTANCE,OK,6.490,10.064,,0,nearest_robot=robot3
303.000,ours,-,robot6,MIN_DISTANCE,OK,12.416,10.064,,0,nearest_robot=robot1
303.000,ours,-,fleet,MIN_DISTANCE_AVG,OK,10.064,,,0,robots_sampled=5
304.000,ours,-,robot1,MIN_DISTANCE,OK,12.416,10.064,,0,nearest_robot=robot6
304.000,ours,-,robot2,MIN_DISTANCE,OK,12.510,10.064,,0,nearest_robot=robot1
304.000,ours,-,robot3,MIN_DISTANCE,OK,6.490,10.064,,0,nearest_robot=robot4
304.000,ours,-,robot4,MIN_DISTANCE,OK,6.490,10.064,,0,nearest_robot=robot3
304.000,ours,-,robot6,MIN_DISTANCE,OK,12.416,10.064,,0,nearest_robot=robot1
304.000,ours,-,fleet,MIN_DISTANCE_AVG,OK,10.064,,,0,robots_sampled=5
305.000,ours,-,robot1,MIN_DISTANCE,OK,12.416,10.064,,0,nearest_robot=robot6
305.000,ours,-,robot2,MIN_DISTANCE,OK,12.510,10.064,,0,nearest_robot=robot1
305.000,ours,-,robot3,MIN_DISTANCE,OK,6.490,10.064,,0,nearest_robot=robot4
305.000,ours,-,robot4,MIN_DISTANCE,OK,6.490,10.064,,0,nearest_robot=robot3
305.000,ours,-,robot6,MIN_DISTANCE,OK,12.416,10.064,,0,nearest_robot=robot1
305.000,ours,-,fleet,MIN_DISTANCE_AVG,OK,10.064,,,0,robots_sampled=5
306.000,ours,-,robot1,MIN_DISTANCE,OK,12.416,10.064,,0,nearest_robot=robot6
306.000,ours,-,robot2,MIN_DISTANCE,OK,12.510,10.064,,0,nearest_robot=robot1
306.000,ours,-,robot3,MIN_DISTANCE,OK,6.490,10.064,,0,nearest_robot=robot4
306.000,ours,-,robot4,MIN_DISTANCE,OK,6.490,10.064,,0,nearest_robot=robot3
306.000,ours,-,robot6,MIN_DISTANCE,OK,12.416,10.064,,0,nearest_robot=robot1
306.000,ours,-,fleet,MIN_DISTANCE_AVG,OK,10.064,,,0,robots_sampled=5
307.000,ours,-,robot1,MIN_DISTANCE,OK,12.416,10.064,,0,nearest_robot=robot6
307.000,ours,-,robot2,MIN_DISTANCE,OK,12.510,10.064,,0,nearest_robot=robot1
307.000,ours,-,robot3,MIN_DISTANCE,OK,6.490,10.064,,0,nearest_robot=robot4
307.000,ours,-,robot4,MIN_DISTANCE,OK,6.490,10.064,,0,nearest_robot=robot3
307.000,ours,-,robot6,MIN_DISTANCE,OK,12.416,10.064,,0,nearest_robot=robot1
307.000,ours,-,fleet,MIN_DISTANCE_AVG,OK,10.064,,,0,robots_sampled=5
308.000,ours,-,robot1,MIN_DISTANCE,OK,12.416,10.064,,0,nearest_robot=robot6
308.000,ours,-,robot2,MIN_DISTANCE,OK,12.510,10.064,,0,nearest_robot=robot1
308.000,ours,-,robot3,MIN_DISTANCE,OK,6.490,10.064,,0,nearest_robot=robot4
308.000,ours,-,robot4,MIN_DISTANCE,OK,6.490,10.064,,0,nearest_robot=robot3
308.000,ours,-,robot6,MIN_DISTANCE,OK,12.416,10.064,,0,nearest_robot=robot1
308.000,ours,-,fleet,MIN_DISTANCE_AVG,OK,10.064,,,0,robots_sampled=5
309.000,ours,-,robot1,MIN_DISTANCE,OK,12.416,10.064,,0,nearest_robot=robot6
309.000,ours,-,robot2,MIN_DISTANCE,OK,12.510,10.064,,0,nearest_robot=robot1
309.000,ours,-,robot3,MIN_DISTANCE,OK,6.490,10.064,,0,nearest_robot=robot4
309.000,ours,-,robot4,MIN_DISTANCE,OK,6.490,10.064,,0,nearest_robot=robot3
309.000,ours,-,robot6,MIN_DISTANCE,OK,12.416,10.064,,0,nearest_robot=robot1
309.000,ours,-,fleet,MIN_DISTANCE_AVG,OK,10.064,,,0,robots_sampled=5
310.000,ours,-,robot1,MIN_DISTANCE,OK,12.416,10.064,,0,nearest_robot=robot6
310.000,ours,-,robot2,MIN_DISTANCE,OK,12.510,10.064,,0,nearest_robot=robot1
310.000,ours,-,robot3,MIN_DISTANCE,OK,6.490,10.064,,0,nearest_robot=robot4
310.000,ours,-,robot4,MIN_DISTANCE,OK,6.490,10.064,,0,nearest_robot=robot3
310.000,ours,-,robot6,MIN_DISTANCE,OK,12.416,10.064,,0,nearest_robot=robot1
310.000,ours,-,fleet,MIN_DISTANCE_AVG,OK,10.064,,,0,robots_sampled=5
311.000,ours,-,robot1,MIN_DISTANCE,OK,12.416,10.064,,0,nearest_robot=robot6
311.000,ours,-,robot2,MIN_DISTANCE,OK,12.510,10.064,,0,nearest_robot=robot1
311.000,ours,-,robot3,MIN_DISTANCE,OK,6.490,10.064,,0,nearest_robot=robot4
311.000,ours,-,robot4,MIN_DISTANCE,OK,6.490,10.064,,0,nearest_robot=robot3
311.000,ours,-,robot6,MIN_DISTANCE,OK,12.416,10.064,,0,nearest_robot=robot1
311.000,ours,-,fleet,MIN_DISTANCE_AVG,OK,10.064,,,0,robots_sampled=5
312.000,ours,-,robot1,MIN_DISTANCE,OK,12.416,10.064,,0,nearest_robot=robot6
312.000,ours,-,robot2,MIN_DISTANCE,OK,12.510,10.064,,0,nearest_robot=robot1
312.000,ours,-,robot3,MIN_DISTANCE,OK,6.490,10.064,,0,nearest_robot=robot4
312.000,ours,-,robot4,MIN_DISTANCE,OK,6.490,10.064,,0,nearest_robot=robot3
312.000,ours,-,robot6,MIN_DISTANCE,OK,12.416,10.064,,0,nearest_robot=robot1
312.000,ours,-,fleet,MIN_DISTANCE_AVG,OK,10.064,,,0,robots_sampled=5
313.000,ours,-,robot1,MIN_DISTANCE,OK,12.416,10.064,,0,nearest_robot=robot6
313.000,ours,-,robot2,MIN_DISTANCE,OK,12.510,10.064,,0,nearest_robot=robot1
313.000,ours,-,robot3,MIN_DISTANCE,OK,6.490,10.064,,0,nearest_robot=robot4
313.000,ours,-,robot4,MIN_DISTANCE,OK,6.490,10.064,,0,nearest_robot=robot3
313.000,ours,-,robot6,MIN_DISTANCE,OK,12.416,10.064,,0,nearest_robot=robot1
313.000,ours,-,fleet,MIN_DISTANCE_AVG,OK,10.064,,,0,robots_sampled=5
314.000,ours,-,robot1,MIN_DISTANCE,OK,12.416,10.064,,0,nearest_robot=robot6
314.000,ours,-,robot2,MIN_DISTANCE,OK,12.510,10.064,,0,nearest_robot=robot1
314.000,ours,-,robot3,MIN_DISTANCE,OK,6.490,10.064,,0,nearest_robot=robot4
314.000,ours,-,robot4,MIN_DISTANCE,OK,6.490,10.064,,0,nearest_robot=robot3
314.000,ours,-,robot6,MIN_DISTANCE,OK,12.416,10.064,,0,nearest_robot=robot1
314.000,ours,-,fleet,MIN_DISTANCE_AVG,OK,10.064,,,0,robots_sampled=5
315.000,ours,-,robot1,MIN_DISTANCE,OK,12.416,10.064,,0,nearest_robot=robot6
315.000,ours,-,robot2,MIN_DISTANCE,OK,12.510,10.064,,0,nearest_robot=robot1
315.000,ours,-,robot3,MIN_DISTANCE,OK,6.490,10.064,,0,nearest_robot=robot4
315.000,ours,-,robot4,MIN_DISTANCE,OK,6.490,10.064,,0,nearest_robot=robot3
315.000,ours,-,robot6,MIN_DISTANCE,OK,12.416,10.064,,0,nearest_robot=robot1
315.000,ours,-,fleet,MIN_DISTANCE_AVG,OK,10.064,,,0,robots_sampled=5
316.000,ours,-,robot1,MIN_DISTANCE,OK,12.416,10.064,,0,nearest_robot=robot6
316.000,ours,-,robot2,MIN_DISTANCE,OK,12.510,10.064,,0,nearest_robot=robot1
316.000,ours,-,robot3,MIN_DISTANCE,OK,6.490,10.064,,0,nearest_robot=robot4
316.000,ours,-,robot4,MIN_DISTANCE,OK,6.490,10.064,,0,nearest_robot=robot3
316.000,ours,-,robot6,MIN_DISTANCE,OK,12.416,10.064,,0,nearest_robot=robot1
316.000,ours,-,fleet,MIN_DISTANCE_AVG,OK,10.064,,,0,robots_sampled=5
317.000,ours,-,robot1,MIN_DISTANCE,OK,12.416,10.064,,0,nearest_robot=robot6
317.000,ours,-,robot2,MIN_DISTANCE,OK,12.510,10.064,,0,nearest_robot=robot1
317.000,ours,-,robot3,MIN_DISTANCE,OK,6.490,10.064,,0,nearest_robot=robot4
317.000,ours,-,robot4,MIN_DISTANCE,OK,6.490,10.064,,0,nearest_robot=robot3
317.000,ours,-,robot6,MIN_DISTANCE,OK,12.416,10.064,,0,nearest_robot=robot1
317.000,ours,-,fleet,MIN_DISTANCE_AVG,OK,10.064,,,0,robots_sampled=5
318.000,ours,-,robot1,MIN_DISTANCE,OK,12.416,10.064,,0,nearest_robot=robot6
318.000,ours,-,robot2,MIN_DISTANCE,OK,12.510,10.064,,0,nearest_robot=robot1
318.000,ours,-,robot3,MIN_DISTANCE,OK,6.490,10.064,,0,nearest_robot=robot4
318.000,ours,-,robot4,MIN_DISTANCE,OK,6.490,10.064,,0,nearest_robot=robot3
318.000,ours,-,robot6,MIN_DISTANCE,OK,12.416,10.064,,0,nearest_robot=robot1
318.000,ours,-,fleet,MIN_DISTANCE_AVG,OK,10.064,,,0,robots_sampled=5
319.000,ours,-,robot1,MIN_DISTANCE,OK,12.416,10.064,,0,nearest_robot=robot6
319.000,ours,-,robot2,MIN_DISTANCE,OK,12.510,10.064,,0,nearest_robot=robot1
319.000,ours,-,robot3,MIN_DISTANCE,OK,6.490,10.064,,0,nearest_robot=robot4
319.000,ours,-,robot4,MIN_DISTANCE,OK,6.490,10.064,,0,nearest_robot=robot3
319.000,ours,-,robot6,MIN_DISTANCE,OK,12.416,10.064,,0,nearest_robot=robot1
319.000,ours,-,fleet,MIN_DISTANCE_AVG,OK,10.064,,,0,robots_sampled=5
320.000,ours,-,robot1,MIN_DISTANCE,OK,12.416,10.064,,0,nearest_robot=robot6
320.000,ours,-,robot2,MIN_DISTANCE,OK,12.510,10.064,,0,nearest_robot=robot1
320.000,ours,-,robot3,MIN_DISTANCE,OK,6.490,10.064,,0,nearest_robot=robot4
320.000,ours,-,robot4,MIN_DISTANCE,OK,6.490,10.064,,0,nearest_robot=robot3
320.000,ours,-,robot6,MIN_DISTANCE,OK,12.416,10.064,,0,nearest_robot=robot1
320.000,ours,-,fleet,MIN_DISTANCE_AVG,OK,10.064,,,0,robots_sampled=5
321.000,ours,-,robot1,MIN_DISTANCE,OK,12.416,10.064,,0,nearest_robot=robot6
321.000,ours,-,robot2,MIN_DISTANCE,OK,12.510,10.064,,0,nearest_robot=robot1
321.000,ours,-,robot3,MIN_DISTANCE,OK,6.490,10.064,,0,nearest_robot=robot4
321.000,ours,-,robot4,MIN_DISTANCE,OK,6.490,10.064,,0,nearest_robot=robot3
321.000,ours,-,robot6,MIN_DISTANCE,OK,12.416,10.064,,0,nearest_robot=robot1
321.000,ours,-,fleet,MIN_DISTANCE_AVG,OK,10.064,,,0,robots_sampled=5
322.000,ours,-,robot1,MIN_DISTANCE,OK,12.416,10.064,,0,nearest_robot=robot6
322.000,ours,-,robot2,MIN_DISTANCE,OK,12.510,10.064,,0,nearest_robot=robot1
322.000,ours,-,robot3,MIN_DISTANCE,OK,6.490,10.064,,0,nearest_robot=robot4
322.000,ours,-,robot4,MIN_DISTANCE,OK,6.490,10.064,,0,nearest_robot=robot3
322.000,ours,-,robot6,MIN_DISTANCE,OK,12.416,10.064,,0,nearest_robot=robot1
322.000,ours,-,fleet,MIN_DISTANCE_AVG,OK,10.064,,,0,robots_sampled=5
323.000,ours,-,robot1,MIN_DISTANCE,OK,12.416,10.064,,0,nearest_robot=robot6
323.000,ours,-,robot2,MIN_DISTANCE,OK,12.510,10.064,,0,nearest_robot=robot1
323.000,ours,-,robot3,MIN_DISTANCE,OK,6.490,10.064,,0,nearest_robot=robot4
323.000,ours,-,robot4,MIN_DISTANCE,OK,6.490,10.064,,0,nearest_robot=robot3
323.000,ours,-,robot6,MIN_DISTANCE,OK,12.416,10.064,,0,nearest_robot=robot1
323.000,ours,-,fleet,MIN_DISTANCE_AVG,OK,10.064,,,0,robots_sampled=5
324.000,ours,-,robot1,MIN_DISTANCE,OK,12.416,10.064,,0,nearest_robot=robot6
324.000,ours,-,robot2,MIN_DISTANCE,OK,12.510,10.064,,0,nearest_robot=robot1
324.000,ours,-,robot3,MIN_DISTANCE,OK,6.490,10.064,,0,nearest_robot=robot4
324.000,ours,-,robot4,MIN_DISTANCE,OK,6.490,10.064,,0,nearest_robot=robot3
324.000,ours,-,robot6,MIN_DISTANCE,OK,12.416,10.064,,0,nearest_robot=robot1
324.000,ours,-,fleet,MIN_DISTANCE_AVG,OK,10.064,,,0,robots_sampled=5
325.000,ours,-,robot1,MIN_DISTANCE,OK,12.416,10.064,,0,nearest_robot=robot6
325.000,ours,-,robot2,MIN_DISTANCE,OK,12.510,10.064,,0,nearest_robot=robot1
325.000,ours,-,robot3,MIN_DISTANCE,OK,6.490,10.064,,0,nearest_robot=robot4
325.000,ours,-,robot4,MIN_DISTANCE,OK,6.490,10.064,,0,nearest_robot=robot3
325.000,ours,-,robot6,MIN_DISTANCE,OK,12.416,10.064,,0,nearest_robot=robot1
325.000,ours,-,fleet,MIN_DISTANCE_AVG,OK,10.064,,,0,robots_sampled=5
326.000,ours,-,robot1,MIN_DISTANCE,OK,12.416,10.064,,0,nearest_robot=robot6
326.000,ours,-,robot2,MIN_DISTANCE,OK,12.510,10.064,,0,nearest_robot=robot1
326.000,ours,-,robot3,MIN_DISTANCE,OK,6.490,10.064,,0,nearest_robot=robot4
326.000,ours,-,robot4,MIN_DISTANCE,OK,6.490,10.064,,0,nearest_robot=robot3
326.000,ours,-,robot6,MIN_DISTANCE,OK,12.416,10.064,,0,nearest_robot=robot1
326.000,ours,-,fleet,MIN_DISTANCE_AVG,OK,10.064,,,0,robots_sampled=5
327.000,ours,-,robot1,MIN_DISTANCE,OK,12.416,10.064,,0,nearest_robot=robot6
327.000,ours,-,robot2,MIN_DISTANCE,OK,12.510,10.064,,0,nearest_robot=robot1
327.000,ours,-,robot3,MIN_DISTANCE,OK,6.490,10.064,,0,nearest_robot=robot4
327.000,ours,-,robot4,MIN_DISTANCE,OK,6.490,10.064,,0,nearest_robot=robot3
327.000,ours,-,robot6,MIN_DISTANCE,OK,12.416,10.064,,0,nearest_robot=robot1
327.000,ours,-,fleet,MIN_DISTANCE_AVG,OK,10.064,,,0,robots_sampled=5
328.000,ours,-,robot1,MIN_DISTANCE,OK,12.416,10.064,,0,nearest_robot=robot6
328.000,ours,-,robot2,MIN_DISTANCE,OK,12.510,10.064,,0,nearest_robot=robot1
328.000,ours,-,robot3,MIN_DISTANCE,OK,6.490,10.064,,0,nearest_robot=robot4
328.000,ours,-,robot4,MIN_DISTANCE,OK,6.490,10.064,,0,nearest_robot=robot3
328.000,ours,-,robot6,MIN_DISTANCE,OK,12.416,10.064,,0,nearest_robot=robot1
328.000,ours,-,fleet,MIN_DISTANCE_AVG,OK,10.064,,,0,robots_sampled=5
329.000,ours,-,robot1,MIN_DISTANCE,OK,12.416,10.064,,0,nearest_robot=robot6
329.000,ours,-,robot2,MIN_DISTANCE,OK,12.510,10.064,,0,nearest_robot=robot1
329.000,ours,-,robot3,MIN_DISTANCE,OK,6.490,10.064,,0,nearest_robot=robot4
329.000,ours,-,robot4,MIN_DISTANCE,OK,6.490,10.064,,0,nearest_robot=robot3
329.000,ours,-,robot6,MIN_DISTANCE,OK,12.416,10.064,,0,nearest_robot=robot1
329.000,ours,-,fleet,MIN_DISTANCE_AVG,OK,10.064,,,0,robots_sampled=5
330.000,ours,-,robot1,MIN_DISTANCE,OK,12.416,10.064,,0,nearest_robot=robot6
330.000,ours,-,robot2,MIN_DISTANCE,OK,12.510,10.064,,0,nearest_robot=robot1
330.000,ours,-,robot3,MIN_DISTANCE,OK,6.490,10.064,,0,nearest_robot=robot4
330.000,ours,-,robot4,MIN_DISTANCE,OK,6.490,10.064,,0,nearest_robot=robot3
330.000,ours,-,robot6,MIN_DISTANCE,OK,12.416,10.064,,0,nearest_robot=robot1
330.000,ours,-,fleet,MIN_DISTANCE_AVG,OK,10.064,,,0,robots_sampled=5
331.000,ours,-,robot1,MIN_DISTANCE,OK,12.416,10.064,,0,nearest_robot=robot6
331.000,ours,-,robot2,MIN_DISTANCE,OK,12.510,10.064,,0,nearest_robot=robot1
331.000,ours,-,robot3,MIN_DISTANCE,OK,6.490,10.064,,0,nearest_robot=robot4
331.000,ours,-,robot4,MIN_DISTANCE,OK,6.490,10.064,,0,nearest_robot=robot3
331.000,ours,-,robot6,MIN_DISTANCE,OK,12.416,10.064,,0,nearest_robot=robot1
331.000,ours,-,fleet,MIN_DISTANCE_AVG,OK,10.064,,,0,robots_sampled=5
332.000,ours,-,robot1,MIN_DISTANCE,OK,12.416,10.064,,0,nearest_robot=robot6
332.000,ours,-,robot2,MIN_DISTANCE,OK,12.510,10.064,,0,nearest_robot=robot1
332.000,ours,-,robot3,MIN_DISTANCE,OK,6.490,10.064,,0,nearest_robot=robot4
332.000,ours,-,robot4,MIN_DISTANCE,OK,6.490,10.064,,0,nearest_robot=robot3
332.000,ours,-,robot6,MIN_DISTANCE,OK,12.416,10.064,,0,nearest_robot=robot1
332.000,ours,-,fleet,MIN_DISTANCE_AVG,OK,10.064,,,0,robots_sampled=5
333.000,ours,-,robot1,MIN_DISTANCE,OK,12.416,10.064,,0,nearest_robot=robot6
333.000,ours,-,robot2,MIN_DISTANCE,OK,12.510,10.064,,0,nearest_robot=robot1
333.000,ours,-,robot3,MIN_DISTANCE,OK,6.490,10.064,,0,nearest_robot=robot4
333.000,ours,-,robot4,MIN_DISTANCE,OK,6.490,10.064,,0,nearest_robot=robot3
333.000,ours,-,robot6,MIN_DISTANCE,OK,12.416,10.064,,0,nearest_robot=robot1
333.000,ours,-,fleet,MIN_DISTANCE_AVG,OK,10.064,,,0,robots_sampled=5
334.000,ours,-,robot1,MIN_DISTANCE,OK,12.416,10.064,,0,nearest_robot=robot6
334.000,ours,-,robot2,MIN_DISTANCE,OK,12.510,10.064,,0,nearest_robot=robot1
334.000,ours,-,robot3,MIN_DISTANCE,OK,6.490,10.064,,0,nearest_robot=robot4
334.000,ours,-,robot4,MIN_DISTANCE,OK,6.490,10.064,,0,nearest_robot=robot3
334.000,ours,-,robot6,MIN_DISTANCE,OK,12.416,10.064,,0,nearest_robot=robot1
334.000,ours,-,fleet,MIN_DISTANCE_AVG,OK,10.064,,,0,robots_sampled=5
335.000,ours,-,robot1,MIN_DISTANCE,OK,12.416,10.064,,0,nearest_robot=robot6
335.000,ours,-,robot2,MIN_DISTANCE,OK,12.510,10.064,,0,nearest_robot=robot1
335.000,ours,-,robot3,MIN_DISTANCE,OK,6.490,10.064,,0,nearest_robot=robot4
335.000,ours,-,robot4,MIN_DISTANCE,OK,6.490,10.064,,0,nearest_robot=robot3
335.000,ours,-,robot6,MIN_DISTANCE,OK,12.416,10.064,,0,nearest_robot=robot1
335.000,ours,-,fleet,MIN_DISTANCE_AVG,OK,10.064,,,0,robots_sampled=5
336.000,ours,-,robot1,MIN_DISTANCE,OK,12.416,10.064,,0,nearest_robot=robot6
336.000,ours,-,robot2,MIN_DISTANCE,OK,12.510,10.064,,0,nearest_robot=robot1
336.000,ours,-,robot3,MIN_DISTANCE,OK,6.490,10.064,,0,nearest_robot=robot4
336.000,ours,-,robot4,MIN_DISTANCE,OK,6.490,10.064,,0,nearest_robot=robot3
336.000,ours,-,robot6,MIN_DISTANCE,OK,12.416,10.064,,0,nearest_robot=robot1
336.000,ours,-,fleet,MIN_DISTANCE_AVG,OK,10.064,,,0,robots_sampled=5
337.000,ours,-,robot1,MIN_DISTANCE,OK,12.416,10.064,,0,nearest_robot=robot6
337.000,ours,-,robot2,MIN_DISTANCE,OK,12.510,10.064,,0,nearest_robot=robot1
337.000,ours,-,robot3,MIN_DISTANCE,OK,6.490,10.064,,0,nearest_robot=robot4
337.000,ours,-,robot4,MIN_DISTANCE,OK,6.490,10.064,,0,nearest_robot=robot3
337.000,ours,-,robot6,MIN_DISTANCE,OK,12.416,10.064,,0,nearest_robot=robot1
337.000,ours,-,fleet,MIN_DISTANCE_AVG,OK,10.064,,,0,robots_sampled=5
338.000,ours,-,robot1,MIN_DISTANCE,OK,12.416,10.064,,0,nearest_robot=robot6
338.000,ours,-,robot2,MIN_DISTANCE,OK,12.510,10.064,,0,nearest_robot=robot1
338.000,ours,-,robot3,MIN_DISTANCE,OK,6.490,10.064,,0,nearest_robot=robot4
338.000,ours,-,robot4,MIN_DISTANCE,OK,6.490,10.064,,0,nearest_robot=robot3
338.000,ours,-,robot6,MIN_DISTANCE,OK,12.416,10.064,,0,nearest_robot=robot1
338.000,ours,-,fleet,MIN_DISTANCE_AVG,OK,10.064,,,0,robots_sampled=5
339.000,ours,-,robot1,MIN_DISTANCE,OK,12.416,10.064,,0,nearest_robot=robot6
339.000,ours,-,robot2,MIN_DISTANCE,OK,12.510,10.064,,0,nearest_robot=robot1
339.000,ours,-,robot3,MIN_DISTANCE,OK,6.490,10.064,,0,nearest_robot=robot4
339.000,ours,-,robot4,MIN_DISTANCE,OK,6.490,10.064,,0,nearest_robot=robot3
339.000,ours,-,robot6,MIN_DISTANCE,OK,12.416,10.064,,0,nearest_robot=robot1
339.000,ours,-,fleet,MIN_DISTANCE_AVG,OK,10.064,,,0,robots_sampled=5
340.000,ours,-,robot1,MIN_DISTANCE,OK,12.416,10.064,,0,nearest_robot=robot6
340.000,ours,-,robot2,MIN_DISTANCE,OK,12.510,10.064,,0,nearest_robot=robot1
340.000,ours,-,robot3,MIN_DISTANCE,OK,6.490,10.064,,0,nearest_robot=robot4
340.000,ours,-,robot4,MIN_DISTANCE,OK,6.490,10.064,,0,nearest_robot=robot3
340.000,ours,-,robot6,MIN_DISTANCE,OK,12.416,10.064,,0,nearest_robot=robot1
340.000,ours,-,fleet,MIN_DISTANCE_AVG,OK,10.064,,,0,robots_sampled=5
341.000,ours,-,robot1,MIN_DISTANCE,OK,12.416,10.064,,0,nearest_robot=robot6
341.000,ours,-,robot2,MIN_DISTANCE,OK,12.510,10.064,,0,nearest_robot=robot1
341.000,ours,-,robot3,MIN_DISTANCE,OK,6.490,10.064,,0,nearest_robot=robot4
341.000,ours,-,robot4,MIN_DISTANCE,OK,6.490,10.064,,0,nearest_robot=robot3
341.000,ours,-,robot6,MIN_DISTANCE,OK,12.416,10.064,,0,nearest_robot=robot1
341.000,ours,-,fleet,MIN_DISTANCE_AVG,OK,10.064,,,0,robots_sampled=5
342.000,ours,-,robot1,MIN_DISTANCE,OK,12.416,10.064,,0,nearest_robot=robot6
342.000,ours,-,robot2,MIN_DISTANCE,OK,12.510,10.064,,0,nearest_robot=robot1
342.000,ours,-,robot3,MIN_DISTANCE,OK,6.490,10.064,,0,nearest_robot=robot4
342.000,ours,-,robot4,MIN_DISTANCE,OK,6.490,10.064,,0,nearest_robot=robot3
342.000,ours,-,robot6,MIN_DISTANCE,OK,12.416,10.064,,0,nearest_robot=robot1
342.000,ours,-,fleet,MIN_DISTANCE_AVG,OK,10.064,,,0,robots_sampled=5
343.000,ours,-,robot1,MIN_DISTANCE,OK,12.416,10.064,,0,nearest_robot=robot6
343.000,ours,-,robot2,MIN_DISTANCE,OK,12.510,10.064,,0,nearest_robot=robot1
343.000,ours,-,robot3,MIN_DISTANCE,OK,6.490,10.064,,0,nearest_robot=robot4
343.000,ours,-,robot4,MIN_DISTANCE,OK,6.490,10.064,,0,nearest_robot=robot3
343.000,ours,-,robot6,MIN_DISTANCE,OK,12.416,10.064,,0,nearest_robot=robot1
343.000,ours,-,fleet,MIN_DISTANCE_AVG,OK,10.064,,,0,robots_sampled=5
344.000,ours,-,robot1,MIN_DISTANCE,OK,12.416,10.064,,0,nearest_robot=robot6
344.000,ours,-,robot2,MIN_DISTANCE,OK,12.510,10.064,,0,nearest_robot=robot1
344.000,ours,-,robot3,MIN_DISTANCE,OK,6.490,10.064,,0,nearest_robot=robot4
344.000,ours,-,robot4,MIN_DISTANCE,OK,6.490,10.064,,0,nearest_robot=robot3
344.000,ours,-,robot6,MIN_DISTANCE,OK,12.416,10.064,,0,nearest_robot=robot1
344.000,ours,-,fleet,MIN_DISTANCE_AVG,OK,10.064,,,0,robots_sampled=5
345.000,ours,-,robot1,MIN_DISTANCE,OK,12.416,10.064,,0,nearest_robot=robot6
345.000,ours,-,robot2,MIN_DISTANCE,OK,12.510,10.064,,0,nearest_robot=robot1
345.000,ours,-,robot3,MIN_DISTANCE,OK,6.490,10.064,,0,nearest_robot=robot4
345.000,ours,-,robot4,MIN_DISTANCE,OK,6.490,10.064,,0,nearest_robot=robot3
345.000,ours,-,robot6,MIN_DISTANCE,OK,12.416,10.064,,0,nearest_robot=robot1
345.000,ours,-,fleet,MIN_DISTANCE_AVG,OK,10.064,,,0,robots_sampled=5
346.000,ours,-,robot1,MIN_DISTANCE,OK,12.416,10.064,,0,nearest_robot=robot6
346.000,ours,-,robot2,MIN_DISTANCE,OK,12.510,10.064,,0,nearest_robot=robot1
346.000,ours,-,robot3,MIN_DISTANCE,OK,6.490,10.064,,0,nearest_robot=robot4
346.000,ours,-,robot4,MIN_DISTANCE,OK,6.490,10.064,,0,nearest_robot=robot3
346.000,ours,-,robot6,MIN_DISTANCE,OK,12.416,10.064,,0,nearest_robot=robot1
346.000,ours,-,fleet,MIN_DISTANCE_AVG,OK,10.064,,,0,robots_sampled=5
347.000,ours,-,robot1,MIN_DISTANCE,OK,12.416,10.064,,0,nearest_robot=robot6
347.000,ours,-,robot2,MIN_DISTANCE,OK,12.510,10.064,,0,nearest_robot=robot1
347.000,ours,-,robot3,MIN_DISTANCE,OK,6.490,10.064,,0,nearest_robot=robot4
347.000,ours,-,robot4,MIN_DISTANCE,OK,6.490,10.064,,0,nearest_robot=robot3
347.000,ours,-,robot6,MIN_DISTANCE,OK,12.416,10.064,,0,nearest_robot=robot1
347.000,ours,-,fleet,MIN_DISTANCE_AVG,OK,10.064,,,0,robots_sampled=5
348.000,ours,-,robot1,MIN_DISTANCE,OK,12.416,10.064,,0,nearest_robot=robot6
348.000,ours,-,robot2,MIN_DISTANCE,OK,12.510,10.064,,0,nearest_robot=robot1
348.000,ours,-,robot3,MIN_DISTANCE,OK,6.490,10.064,,0,nearest_robot=robot4
348.000,ours,-,robot4,MIN_DISTANCE,OK,6.490,10.064,,0,nearest_robot=robot3
348.000,ours,-,robot6,MIN_DISTANCE,OK,12.416,10.064,,0,nearest_robot=robot1
348.000,ours,-,fleet,MIN_DISTANCE_AVG,OK,10.064,,,0,robots_sampled=5
349.000,ours,-,robot1,MIN_DISTANCE,OK,12.416,10.064,,0,nearest_robot=robot6
349.000,ours,-,robot2,MIN_DISTANCE,OK,12.510,10.064,,0,nearest_robot=robot1
349.000,ours,-,robot3,MIN_DISTANCE,OK,6.490,10.064,,0,nearest_robot=robot4
349.000,ours,-,robot4,MIN_DISTANCE,OK,6.490,10.064,,0,nearest_robot=robot3
349.000,ours,-,robot6,MIN_DISTANCE,OK,12.416,10.064,,0,nearest_robot=robot1
349.000,ours,-,fleet,MIN_DISTANCE_AVG,OK,10.064,,,0,robots_sampled=5
350.000,ours,-,robot1,MIN_DISTANCE,OK,12.416,10.064,,0,nearest_robot=robot6
350.000,ours,-,robot2,MIN_DISTANCE,OK,12.510,10.064,,0,nearest_robot=robot1
350.000,ours,-,robot3,MIN_DISTANCE,OK,6.490,10.064,,0,nearest_robot=robot4
350.000,ours,-,robot4,MIN_DISTANCE,OK,6.490,10.064,,0,nearest_robot=robot3
350.000,ours,-,robot6,MIN_DISTANCE,OK,12.416,10.064,,0,nearest_robot=robot1
350.000,ours,-,fleet,MIN_DISTANCE_AVG,OK,10.064,,,0,robots_sampled=5
351.000,ours,-,robot1,MIN_DISTANCE,OK,12.416,10.064,,0,nearest_robot=robot6
351.000,ours,-,robot2,MIN_DISTANCE,OK,12.510,10.064,,0,nearest_robot=robot1
351.000,ours,-,robot3,MIN_DISTANCE,OK,6.490,10.064,,0,nearest_robot=robot4
351.000,ours,-,robot4,MIN_DISTANCE,OK,6.490,10.064,,0,nearest_robot=robot3
351.000,ours,-,robot6,MIN_DISTANCE,OK,12.416,10.064,,0,nearest_robot=robot1
351.000,ours,-,fleet,MIN_DISTANCE_AVG,OK,10.064,,,0,robots_sampled=5
352.000,ours,-,robot1,MIN_DISTANCE,OK,12.416,10.064,,0,nearest_robot=robot6
352.000,ours,-,robot2,MIN_DISTANCE,OK,12.510,10.064,,0,nearest_robot=robot1
352.000,ours,-,robot3,MIN_DISTANCE,OK,6.490,10.064,,0,nearest_robot=robot4
352.000,ours,-,robot4,MIN_DISTANCE,OK,6.490,10.064,,0,nearest_robot=robot3
352.000,ours,-,robot6,MIN_DISTANCE,OK,12.416,10.064,,0,nearest_robot=robot1
352.000,ours,-,fleet,MIN_DISTANCE_AVG,OK,10.064,,,0,robots_sampled=5
353.000,ours,-,robot1,MIN_DISTANCE,OK,12.416,10.064,,0,nearest_robot=robot6
353.000,ours,-,robot2,MIN_DISTANCE,OK,12.510,10.064,,0,nearest_robot=robot1
353.000,ours,-,robot3,MIN_DISTANCE,OK,6.490,10.064,,0,nearest_robot=robot4
353.000,ours,-,robot4,MIN_DISTANCE,OK,6.490,10.064,,0,nearest_robot=robot3
353.000,ours,-,robot6,MIN_DISTANCE,OK,12.416,10.064,,0,nearest_robot=robot1
353.000,ours,-,fleet,MIN_DISTANCE_AVG,OK,10.064,,,0,robots_sampled=5
354.000,ours,-,robot1,MIN_DISTANCE,OK,12.416,10.064,,0,nearest_robot=robot6
354.000,ours,-,robot2,MIN_DISTANCE,OK,12.510,10.064,,0,nearest_robot=robot1
354.000,ours,-,robot3,MIN_DISTANCE,OK,6.490,10.064,,0,nearest_robot=robot4
354.000,ours,-,robot4,MIN_DISTANCE,OK,6.490,10.064,,0,nearest_robot=robot3
354.000,ours,-,robot6,MIN_DISTANCE,OK,12.416,10.064,,0,nearest_robot=robot1
354.000,ours,-,fleet,MIN_DISTANCE_AVG,OK,10.064,,,0,robots_sampled=5
355.000,ours,-,robot1,MIN_DISTANCE,OK,12.416,10.064,,0,nearest_robot=robot6
355.000,ours,-,robot2,MIN_DISTANCE,OK,12.510,10.064,,0,nearest_robot=robot1
355.000,ours,-,robot3,MIN_DISTANCE,OK,6.490,10.064,,0,nearest_robot=robot4
355.000,ours,-,robot4,MIN_DISTANCE,OK,6.490,10.064,,0,nearest_robot=robot3
355.000,ours,-,robot6,MIN_DISTANCE,OK,12.416,10.064,,0,nearest_robot=robot1
355.000,ours,-,fleet,MIN_DISTANCE_AVG,OK,10.064,,,0,robots_sampled=5
356.000,ours,-,robot1,MIN_DISTANCE,OK,12.416,10.064,,0,nearest_robot=robot6
356.000,ours,-,robot2,MIN_DISTANCE,OK,12.510,10.064,,0,nearest_robot=robot1
356.000,ours,-,robot3,MIN_DISTANCE,OK,6.490,10.064,,0,nearest_robot=robot4
356.000,ours,-,robot4,MIN_DISTANCE,OK,6.490,10.064,,0,nearest_robot=robot3
356.000,ours,-,robot6,MIN_DISTANCE,OK,12.416,10.064,,0,nearest_robot=robot1
356.000,ours,-,fleet,MIN_DISTANCE_AVG,OK,10.064,,,0,robots_sampled=5
357.000,ours,-,robot1,MIN_DISTANCE,OK,12.416,10.064,,0,nearest_robot=robot6
357.000,ours,-,robot2,MIN_DISTANCE,OK,12.510,10.064,,0,nearest_robot=robot1
357.000,ours,-,robot3,MIN_DISTANCE,OK,6.490,10.064,,0,nearest_robot=robot4
357.000,ours,-,robot4,MIN_DISTANCE,OK,6.490,10.064,,0,nearest_robot=robot3
357.000,ours,-,robot6,MIN_DISTANCE,OK,12.416,10.064,,0,nearest_robot=robot1
357.000,ours,-,fleet,MIN_DISTANCE_AVG,OK,10.064,,,0,robots_sampled=5
358.000,ours,-,robot1,MIN_DISTANCE,OK,12.416,10.064,,0,nearest_robot=robot6
358.000,ours,-,robot2,MIN_DISTANCE,OK,12.510,10.064,,0,nearest_robot=robot1
358.000,ours,-,robot3,MIN_DISTANCE,OK,6.490,10.064,,0,nearest_robot=robot4
358.000,ours,-,robot4,MIN_DISTANCE,OK,6.490,10.064,,0,nearest_robot=robot3
358.000,ours,-,robot6,MIN_DISTANCE,OK,12.416,10.064,,0,nearest_robot=robot1
358.000,ours,-,fleet,MIN_DISTANCE_AVG,OK,10.064,,,0,robots_sampled=5
359.000,ours,-,robot1,MIN_DISTANCE,OK,12.416,10.064,,0,nearest_robot=robot6
359.000,ours,-,robot2,MIN_DISTANCE,OK,12.510,10.064,,0,nearest_robot=robot1
359.000,ours,-,robot3,MIN_DISTANCE,OK,6.490,10.064,,0,nearest_robot=robot4
359.000,ours,-,robot4,MIN_DISTANCE,OK,6.490,10.064,,0,nearest_robot=robot3
359.000,ours,-,robot6,MIN_DISTANCE,OK,12.416,10.064,,0,nearest_robot=robot1
359.000,ours,-,fleet,MIN_DISTANCE_AVG,OK,10.064,,,0,robots_sampled=5
360.000,ours,-,robot1,MIN_DISTANCE,OK,12.416,10.064,,0,nearest_robot=robot6
360.000,ours,-,robot2,MIN_DISTANCE,OK,12.510,10.064,,0,nearest_robot=robot1
360.000,ours,-,robot3,MIN_DISTANCE,OK,6.490,10.064,,0,nearest_robot=robot4
360.000,ours,-,robot4,MIN_DISTANCE,OK,6.490,10.064,,0,nearest_robot=robot3
360.000,ours,-,robot6,MIN_DISTANCE,OK,12.416,10.064,,0,nearest_robot=robot1
360.000,ours,-,fleet,MIN_DISTANCE_AVG,OK,10.064,,,0,robots_sampled=5
361.000,ours,-,robot1,MIN_DISTANCE,OK,12.416,10.064,,0,nearest_robot=robot6
361.000,ours,-,robot2,MIN_DISTANCE,OK,12.510,10.064,,0,nearest_robot=robot1
361.000,ours,-,robot3,MIN_DISTANCE,OK,6.490,10.064,,0,nearest_robot=robot4
361.000,ours,-,robot4,MIN_DISTANCE,OK,6.490,10.064,,0,nearest_robot=robot3
361.000,ours,-,robot6,MIN_DISTANCE,OK,12.416,10.064,,0,nearest_robot=robot1
361.000,ours,-,fleet,MIN_DISTANCE_AVG,OK,10.064,,,0,robots_sampled=5
362.000,ours,-,robot1,MIN_DISTANCE,OK,12.416,10.064,,0,nearest_robot=robot6
362.000,ours,-,robot2,MIN_DISTANCE,OK,12.510,10.064,,0,nearest_robot=robot1
362.000,ours,-,robot3,MIN_DISTANCE,OK,6.490,10.064,,0,nearest_robot=robot4
362.000,ours,-,robot4,MIN_DISTANCE,OK,6.490,10.064,,0,nearest_robot=robot3
362.000,ours,-,robot6,MIN_DISTANCE,OK,12.416,10.064,,0,nearest_robot=robot1
362.000,ours,-,fleet,MIN_DISTANCE_AVG,OK,10.064,,,0,robots_sampled=5
363.000,ours,-,robot1,MIN_DISTANCE,OK,12.416,10.064,,0,nearest_robot=robot6
363.000,ours,-,robot2,MIN_DISTANCE,OK,12.510,10.064,,0,nearest_robot=robot1
363.000,ours,-,robot3,MIN_DISTANCE,OK,6.490,10.064,,0,nearest_robot=robot4
363.000,ours,-,robot4,MIN_DISTANCE,OK,6.490,10.064,,0,nearest_robot=robot3
363.000,ours,-,robot6,MIN_DISTANCE,OK,12.416,10.064,,0,nearest_robot=robot1
363.000,ours,-,fleet,MIN_DISTANCE_AVG,OK,10.064,,,0,robots_sampled=5
364.000,ours,-,robot1,MIN_DISTANCE,OK,12.416,10.064,,0,nearest_robot=robot6
364.000,ours,-,robot2,MIN_DISTANCE,OK,12.510,10.064,,0,nearest_robot=robot1
364.000,ours,-,robot3,MIN_DISTANCE,OK,6.490,10.064,,0,nearest_robot=robot4
364.000,ours,-,robot4,MIN_DISTANCE,OK,6.490,10.064,,0,nearest_robot=robot3
364.000,ours,-,robot6,MIN_DISTANCE,OK,12.416,10.064,,0,nearest_robot=robot1
364.000,ours,-,fleet,MIN_DISTANCE_AVG,OK,10.064,,,0,robots_sampled=5
365.000,ours,-,robot1,MIN_DISTANCE,OK,12.416,10.064,,0,nearest_robot=robot6
365.000,ours,-,robot2,MIN_DISTANCE,OK,12.510,10.064,,0,nearest_robot=robot1
365.000,ours,-,robot3,MIN_DISTANCE,OK,6.490,10.064,,0,nearest_robot=robot4
365.000,ours,-,robot4,MIN_DISTANCE,OK,6.490,10.064,,0,nearest_robot=robot3
365.000,ours,-,robot6,MIN_DISTANCE,OK,12.416,10.064,,0,nearest_robot=robot1
365.000,ours,-,fleet,MIN_DISTANCE_AVG,OK,10.064,,,0,robots_sampled=5
366.000,ours,-,robot1,MIN_DISTANCE,OK,12.416,10.064,,0,nearest_robot=robot6
366.000,ours,-,robot2,MIN_DISTANCE,OK,12.510,10.064,,0,nearest_robot=robot1
366.000,ours,-,robot3,MIN_DISTANCE,OK,6.490,10.064,,0,nearest_robot=robot4
366.000,ours,-,robot4,MIN_DISTANCE,OK,6.490,10.064,,0,nearest_robot=robot3
366.000,ours,-,robot6,MIN_DISTANCE,OK,12.416,10.064,,0,nearest_robot=robot1
366.000,ours,-,fleet,MIN_DISTANCE_AVG,OK,10.064,,,0,robots_sampled=5
367.000,ours,-,robot1,MIN_DISTANCE,OK,12.416,10.064,,0,nearest_robot=robot6
367.000,ours,-,robot2,MIN_DISTANCE,OK,12.510,10.064,,0,nearest_robot=robot1
367.000,ours,-,robot3,MIN_DISTANCE,OK,6.490,10.064,,0,nearest_robot=robot4
367.000,ours,-,robot4,MIN_DISTANCE,OK,6.490,10.064,,0,nearest_robot=robot3
367.000,ours,-,robot6,MIN_DISTANCE,OK,12.416,10.064,,0,nearest_robot=robot1
367.000,ours,-,fleet,MIN_DISTANCE_AVG,OK,10.064,,,0,robots_sampled=5
368.000,ours,-,robot1,MIN_DISTANCE,OK,12.416,10.064,,0,nearest_robot=robot6
368.000,ours,-,robot2,MIN_DISTANCE,OK,12.510,10.064,,0,nearest_robot=robot1
368.000,ours,-,robot3,MIN_DISTANCE,OK,6.490,10.064,,0,nearest_robot=robot4
368.000,ours,-,robot4,MIN_DISTANCE,OK,6.490,10.064,,0,nearest_robot=robot3
368.000,ours,-,robot6,MIN_DISTANCE,OK,12.416,10.064,,0,nearest_robot=robot1
368.000,ours,-,fleet,MIN_DISTANCE_AVG,OK,10.064,,,0,robots_sampled=5
369.000,ours,-,robot1,MIN_DISTANCE,OK,12.416,10.064,,0,nearest_robot=robot6
369.000,ours,-,robot2,MIN_DISTANCE,OK,12.510,10.064,,0,nearest_robot=robot1
369.000,ours,-,robot3,MIN_DISTANCE,OK,6.490,10.064,,0,nearest_robot=robot4
369.000,ours,-,robot4,MIN_DISTANCE,OK,6.490,10.064,,0,nearest_robot=robot3
369.000,ours,-,robot6,MIN_DISTANCE,OK,12.416,10.064,,0,nearest_robot=robot1
369.000,ours,-,fleet,MIN_DISTANCE_AVG,OK,10.064,,,0,robots_sampled=5
370.000,ours,-,robot1,MIN_DISTANCE,OK,12.416,10.064,,0,nearest_robot=robot6
370.000,ours,-,robot2,MIN_DISTANCE,OK,12.510,10.064,,0,nearest_robot=robot1
370.000,ours,-,robot3,MIN_DISTANCE,OK,6.490,10.064,,0,nearest_robot=robot4
370.000,ours,-,robot4,MIN_DISTANCE,OK,6.490,10.064,,0,nearest_robot=robot3
370.000,ours,-,robot6,MIN_DISTANCE,OK,12.416,10.064,,0,nearest_robot=robot1
370.000,ours,-,fleet,MIN_DISTANCE_AVG,OK,10.064,,,0,robots_sampled=5
371.000,ours,-,robot1,MIN_DISTANCE,OK,12.416,10.064,,0,nearest_robot=robot6
371.000,ours,-,robot2,MIN_DISTANCE,OK,12.510,10.064,,0,nearest_robot=robot1
371.000,ours,-,robot3,MIN_DISTANCE,OK,6.490,10.064,,0,nearest_robot=robot4
371.000,ours,-,robot4,MIN_DISTANCE,OK,6.490,10.064,,0,nearest_robot=robot3
371.000,ours,-,robot6,MIN_DISTANCE,OK,12.416,10.064,,0,nearest_robot=robot1
371.000,ours,-,fleet,MIN_DISTANCE_AVG,OK,10.064,,,0,robots_sampled=5
372.000,ours,-,robot1,MIN_DISTANCE,OK,12.416,10.064,,0,nearest_robot=robot6
372.000,ours,-,robot2,MIN_DISTANCE,OK,12.510,10.064,,0,nearest_robot=robot1
372.000,ours,-,robot3,MIN_DISTANCE,OK,6.490,10.064,,0,nearest_robot=robot4
372.000,ours,-,robot4,MIN_DISTANCE,OK,6.490,10.064,,0,nearest_robot=robot3
372.000,ours,-,robot6,MIN_DISTANCE,OK,12.416,10.064,,0,nearest_robot=robot1
372.000,ours,-,fleet,MIN_DISTANCE_AVG,OK,10.064,,,0,robots_sampled=5
373.000,ours,-,robot1,MIN_DISTANCE,OK,12.416,10.064,,0,nearest_robot=robot6
373.000,ours,-,robot2,MIN_DISTANCE,OK,12.510,10.064,,0,nearest_robot=robot1
373.000,ours,-,robot3,MIN_DISTANCE,OK,6.490,10.064,,0,nearest_robot=robot4
373.000,ours,-,robot4,MIN_DISTANCE,OK,6.490,10.064,,0,nearest_robot=robot3
373.000,ours,-,robot6,MIN_DISTANCE,OK,12.416,10.064,,0,nearest_robot=robot1
373.000,ours,-,fleet,MIN_DISTANCE_AVG,OK,10.064,,,0,robots_sampled=5
374.000,ours,-,robot1,MIN_DISTANCE,OK,12.416,10.064,,0,nearest_robot=robot6
374.000,ours,-,robot2,MIN_DISTANCE,OK,12.510,10.064,,0,nearest_robot=robot1
374.000,ours,-,robot3,MIN_DISTANCE,OK,6.490,10.064,,0,nearest_robot=robot4
374.000,ours,-,robot4,MIN_DISTANCE,OK,6.490,10.064,,0,nearest_robot=robot3
374.000,ours,-,robot6,MIN_DISTANCE,OK,12.416,10.064,,0,nearest_robot=robot1
374.000,ours,-,fleet,MIN_DISTANCE_AVG,OK,10.064,,,0,robots_sampled=5
375.000,ours,-,robot1,MIN_DISTANCE,OK,12.416,10.064,,0,nearest_robot=robot6
375.000,ours,-,robot2,MIN_DISTANCE,OK,12.510,10.064,,0,nearest_robot=robot1
375.000,ours,-,robot3,MIN_DISTANCE,OK,6.490,10.064,,0,nearest_robot=robot4
375.000,ours,-,robot4,MIN_DISTANCE,OK,6.490,10.064,,0,nearest_robot=robot3
375.000,ours,-,robot6,MIN_DISTANCE,OK,12.416,10.064,,0,nearest_robot=robot1
375.000,ours,-,fleet,MIN_DISTANCE_AVG,OK,10.064,,,0,robots_sampled=5
376.000,ours,-,robot1,MIN_DISTANCE,OK,12.416,10.064,,0,nearest_robot=robot6
376.000,ours,-,robot2,MIN_DISTANCE,OK,12.510,10.064,,0,nearest_robot=robot1
376.000,ours,-,robot3,MIN_DISTANCE,OK,6.490,10.064,,0,nearest_robot=robot4
376.000,ours,-,robot4,MIN_DISTANCE,OK,6.490,10.064,,0,nearest_robot=robot3
376.000,ours,-,robot6,MIN_DISTANCE,OK,12.416,10.064,,0,nearest_robot=robot1
376.000,ours,-,fleet,MIN_DISTANCE_AVG,OK,10.064,,,0,robots_sampled=5
377.000,ours,-,robot1,MIN_DISTANCE,OK,12.416,10.064,,0,nearest_robot=robot6
377.000,ours,-,robot2,MIN_DISTANCE,OK,12.510,10.064,,0,nearest_robot=robot1
377.000,ours,-,robot3,MIN_DISTANCE,OK,6.490,10.064,,0,nearest_robot=robot4
377.000,ours,-,robot4,MIN_DISTANCE,OK,6.490,10.064,,0,nearest_robot=robot3
377.000,ours,-,robot6,MIN_DISTANCE,OK,12.416,10.064,,0,nearest_robot=robot1
377.000,ours,-,fleet,MIN_DISTANCE_AVG,OK,10.064,,,0,robots_sampled=5
378.000,ours,-,robot1,MIN_DISTANCE,OK,12.416,10.064,,0,nearest_robot=robot6
378.000,ours,-,robot2,MIN_DISTANCE,OK,12.510,10.064,,0,nearest_robot=robot1
378.000,ours,-,robot3,MIN_DISTANCE,OK,6.490,10.064,,0,nearest_robot=robot4
378.000,ours,-,robot4,MIN_DISTANCE,OK,6.490,10.064,,0,nearest_robot=robot3
378.000,ours,-,robot6,MIN_DISTANCE,OK,12.416,10.064,,0,nearest_robot=robot1
378.000,ours,-,fleet,MIN_DISTANCE_AVG,OK,10.064,,,0,robots_sampled=5
379.000,ours,-,robot1,MIN_DISTANCE,OK,12.416,10.064,,0,nearest_robot=robot6
379.000,ours,-,robot2,MIN_DISTANCE,OK,12.510,10.064,,0,nearest_robot=robot1
379.000,ours,-,robot3,MIN_DISTANCE,OK,6.490,10.064,,0,nearest_robot=robot4
379.000,ours,-,robot4,MIN_DISTANCE,OK,6.490,10.064,,0,nearest_robot=robot3
379.000,ours,-,robot6,MIN_DISTANCE,OK,12.416,10.064,,0,nearest_robot=robot1
379.000,ours,-,fleet,MIN_DISTANCE_AVG,OK,10.064,,,0,robots_sampled=5
380.000,ours,-,robot1,MIN_DISTANCE,OK,12.416,10.064,,0,nearest_robot=robot6
380.000,ours,-,robot2,MIN_DISTANCE,OK,12.510,10.064,,0,nearest_robot=robot1
380.000,ours,-,robot3,MIN_DISTANCE,OK,6.490,10.064,,0,nearest_robot=robot4
380.000,ours,-,robot4,MIN_DISTANCE,OK,6.490,10.064,,0,nearest_robot=robot3
380.000,ours,-,robot6,MIN_DISTANCE,OK,12.416,10.064,,0,nearest_robot=robot1
380.000,ours,-,fleet,MIN_DISTANCE_AVG,OK,10.064,,,0,robots_sampled=5
381.000,ours,-,robot1,MIN_DISTANCE,OK,12.416,10.064,,0,nearest_robot=robot6
381.000,ours,-,robot2,MIN_DISTANCE,OK,12.510,10.064,,0,nearest_robot=robot1
381.000,ours,-,robot3,MIN_DISTANCE,OK,6.490,10.064,,0,nearest_robot=robot4
381.000,ours,-,robot4,MIN_DISTANCE,OK,6.490,10.064,,0,nearest_robot=robot3
381.000,ours,-,robot6,MIN_DISTANCE,OK,12.416,10.064,,0,nearest_robot=robot1
381.000,ours,-,fleet,MIN_DISTANCE_AVG,OK,10.064,,,0,robots_sampled=5
382.000,ours,-,robot1,MIN_DISTANCE,OK,12.416,10.064,,0,nearest_robot=robot6
382.000,ours,-,robot2,MIN_DISTANCE,OK,12.510,10.064,,0,nearest_robot=robot1
382.000,ours,-,robot3,MIN_DISTANCE,OK,6.490,10.064,,0,nearest_robot=robot4
382.000,ours,-,robot4,MIN_DISTANCE,OK,6.490,10.064,,0,nearest_robot=robot3
382.000,ours,-,robot6,MIN_DISTANCE,OK,12.416,10.064,,0,nearest_robot=robot1
382.000,ours,-,fleet,MIN_DISTANCE_AVG,OK,10.064,,,0,robots_sampled=5
383.000,ours,-,robot1,MIN_DISTANCE,OK,12.416,10.064,,0,nearest_robot=robot6
383.000,ours,-,robot2,MIN_DISTANCE,OK,12.510,10.064,,0,nearest_robot=robot1
383.000,ours,-,robot3,MIN_DISTANCE,OK,6.490,10.064,,0,nearest_robot=robot4
383.000,ours,-,robot4,MIN_DISTANCE,OK,6.490,10.064,,0,nearest_robot=robot3
383.000,ours,-,robot6,MIN_DISTANCE,OK,12.416,10.064,,0,nearest_robot=robot1
383.000,ours,-,fleet,MIN_DISTANCE_AVG,OK,10.064,,,0,robots_sampled=5
384.000,ours,-,robot1,MIN_DISTANCE,OK,12.416,10.064,,0,nearest_robot=robot6
384.000,ours,-,robot2,MIN_DISTANCE,OK,12.510,10.064,,0,nearest_robot=robot1
384.000,ours,-,robot3,MIN_DISTANCE,OK,6.490,10.064,,0,nearest_robot=robot4
384.000,ours,-,robot4,MIN_DISTANCE,OK,6.490,10.064,,0,nearest_robot=robot3
384.000,ours,-,robot6,MIN_DISTANCE,OK,12.416,10.064,,0,nearest_robot=robot1
384.000,ours,-,fleet,MIN_DISTANCE_AVG,OK,10.064,,,0,robots_sampled=5
385.000,ours,-,robot1,MIN_DISTANCE,OK,12.416,10.064,,0,nearest_robot=robot6
385.000,ours,-,robot2,MIN_DISTANCE,OK,12.510,10.064,,0,nearest_robot=robot1
385.000,ours,-,robot3,MIN_DISTANCE,OK,6.490,10.064,,0,nearest_robot=robot4
385.000,ours,-,robot4,MIN_DISTANCE,OK,6.490,10.064,,0,nearest_robot=robot3
385.000,ours,-,robot6,MIN_DISTANCE,OK,12.416,10.064,,0,nearest_robot=robot1
385.000,ours,-,fleet,MIN_DISTANCE_AVG,OK,10.064,,,0,robots_sampled=5
386.000,ours,-,robot1,MIN_DISTANCE,OK,12.416,10.064,,0,nearest_robot=robot6
386.000,ours,-,robot2,MIN_DISTANCE,OK,12.510,10.064,,0,nearest_robot=robot1
386.000,ours,-,robot3,MIN_DISTANCE,OK,6.490,10.064,,0,nearest_robot=robot4
386.000,ours,-,robot4,MIN_DISTANCE,OK,6.490,10.064,,0,nearest_robot=robot3
386.000,ours,-,robot6,MIN_DISTANCE,OK,12.416,10.064,,0,nearest_robot=robot1
386.000,ours,-,fleet,MIN_DISTANCE_AVG,OK,10.064,,,0,robots_sampled=5
387.000,ours,-,robot1,MIN_DISTANCE,OK,12.416,10.064,,0,nearest_robot=robot6
387.000,ours,-,robot2,MIN_DISTANCE,OK,12.510,10.064,,0,nearest_robot=robot1
387.000,ours,-,robot3,MIN_DISTANCE,OK,6.490,10.064,,0,nearest_robot=robot4
387.000,ours,-,robot4,MIN_DISTANCE,OK,6.490,10.064,,0,nearest_robot=robot3
387.000,ours,-,robot6,MIN_DISTANCE,OK,12.416,10.064,,0,nearest_robot=robot1
387.000,ours,-,fleet,MIN_DISTANCE_AVG,OK,10.064,,,0,robots_sampled=5
388.000,ours,-,robot1,MIN_DISTANCE,OK,12.416,10.064,,0,nearest_robot=robot6
388.000,ours,-,robot2,MIN_DISTANCE,OK,12.510,10.064,,0,nearest_robot=robot1
388.000,ours,-,robot3,MIN_DISTANCE,OK,6.490,10.064,,0,nearest_robot=robot4
388.000,ours,-,robot4,MIN_DISTANCE,OK,6.490,10.064,,0,nearest_robot=robot3
388.000,ours,-,robot6,MIN_DISTANCE,OK,12.416,10.064,,0,nearest_robot=robot1
388.000,ours,-,fleet,MIN_DISTANCE_AVG,OK,10.064,,,0,robots_sampled=5
389.000,ours,-,robot1,MIN_DISTANCE,OK,12.416,10.064,,0,nearest_robot=robot6
389.000,ours,-,robot2,MIN_DISTANCE,OK,12.510,10.064,,0,nearest_robot=robot1
389.000,ours,-,robot3,MIN_DISTANCE,OK,6.490,10.064,,0,nearest_robot=robot4
389.000,ours,-,robot4,MIN_DISTANCE,OK,6.490,10.064,,0,nearest_robot=robot3
389.000,ours,-,robot6,MIN_DISTANCE,OK,12.416,10.064,,0,nearest_robot=robot1
389.000,ours,-,fleet,MIN_DISTANCE_AVG,OK,10.064,,,0,robots_sampled=5
390.000,ours,-,robot1,MIN_DISTANCE,OK,12.416,10.064,,0,nearest_robot=robot6
390.000,ours,-,robot2,MIN_DISTANCE,OK,12.510,10.064,,0,nearest_robot=robot1
390.000,ours,-,robot3,MIN_DISTANCE,OK,6.490,10.064,,0,nearest_robot=robot4
390.000,ours,-,robot4,MIN_DISTANCE,OK,6.490,10.064,,0,nearest_robot=robot3
390.000,ours,-,robot6,MIN_DISTANCE,OK,12.416,10.064,,0,nearest_robot=robot1
390.000,ours,-,fleet,MIN_DISTANCE_AVG,OK,10.064,,,0,robots_sampled=5
391.000,ours,-,robot1,MIN_DISTANCE,OK,12.416,10.064,,0,nearest_robot=robot6
391.000,ours,-,robot2,MIN_DISTANCE,OK,12.510,10.064,,0,nearest_robot=robot1
391.000,ours,-,robot3,MIN_DISTANCE,OK,6.490,10.064,,0,nearest_robot=robot4
391.000,ours,-,robot4,MIN_DISTANCE,OK,6.490,10.064,,0,nearest_robot=robot3
391.000,ours,-,robot6,MIN_DISTANCE,OK,12.416,10.064,,0,nearest_robot=robot1
391.000,ours,-,fleet,MIN_DISTANCE_AVG,OK,10.064,,,0,robots_sampled=5
392.000,ours,-,robot1,MIN_DISTANCE,OK,12.416,10.064,,0,nearest_robot=robot6
392.000,ours,-,robot2,MIN_DISTANCE,OK,12.510,10.064,,0,nearest_robot=robot1
392.000,ours,-,robot3,MIN_DISTANCE,OK,6.490,10.064,,0,nearest_robot=robot4
392.000,ours,-,robot4,MIN_DISTANCE,OK,6.490,10.064,,0,nearest_robot=robot3
392.000,ours,-,robot6,MIN_DISTANCE,OK,12.416,10.064,,0,nearest_robot=robot1
392.000,ours,-,fleet,MIN_DISTANCE_AVG,OK,10.064,,,0,robots_sampled=5
393.000,ours,-,robot1,MIN_DISTANCE,OK,12.416,10.064,,0,nearest_robot=robot6
393.000,ours,-,robot2,MIN_DISTANCE,OK,12.510,10.064,,0,nearest_robot=robot1
393.000,ours,-,robot3,MIN_DISTANCE,OK,6.490,10.064,,0,nearest_robot=robot4
393.000,ours,-,robot4,MIN_DISTANCE,OK,6.490,10.064,,0,nearest_robot=robot3
393.000,ours,-,robot6,MIN_DISTANCE,OK,12.416,10.064,,0,nearest_robot=robot1
393.000,ours,-,fleet,MIN_DISTANCE_AVG,OK,10.064,,,0,robots_sampled=5
394.000,ours,-,robot1,MIN_DISTANCE,OK,12.416,10.064,,0,nearest_robot=robot6
394.000,ours,-,robot2,MIN_DISTANCE,OK,12.510,10.064,,0,nearest_robot=robot1
394.000,ours,-,robot3,MIN_DISTANCE,OK,6.490,10.064,,0,nearest_robot=robot4
394.000,ours,-,robot4,MIN_DISTANCE,OK,6.490,10.064,,0,nearest_robot=robot3
394.000,ours,-,robot6,MIN_DISTANCE,OK,12.416,10.064,,0,nearest_robot=robot1
394.000,ours,-,fleet,MIN_DISTANCE_AVG,OK,10.064,,,0,robots_sampled=5
395.000,ours,-,robot1,MIN_DISTANCE,OK,12.416,10.064,,0,nearest_robot=robot6
395.000,ours,-,robot2,MIN_DISTANCE,OK,12.510,10.064,,0,nearest_robot=robot1
395.000,ours,-,robot3,MIN_DISTANCE,OK,6.490,10.064,,0,nearest_robot=robot4
395.000,ours,-,robot4,MIN_DISTANCE,OK,6.490,10.064,,0,nearest_robot=robot3
395.000,ours,-,robot6,MIN_DISTANCE,OK,12.416,10.064,,0,nearest_robot=robot1
395.000,ours,-,fleet,MIN_DISTANCE_AVG,OK,10.064,,,0,robots_sampled=5
396.000,ours,-,robot1,MIN_DISTANCE,OK,12.416,10.064,,0,nearest_robot=robot6
396.000,ours,-,robot2,MIN_DISTANCE,OK,12.510,10.064,,0,nearest_robot=robot1
396.000,ours,-,robot3,MIN_DISTANCE,OK,6.490,10.064,,0,nearest_robot=robot4
396.000,ours,-,robot4,MIN_DISTANCE,OK,6.490,10.064,,0,nearest_robot=robot3
396.000,ours,-,robot6,MIN_DISTANCE,OK,12.416,10.064,,0,nearest_robot=robot1
396.000,ours,-,fleet,MIN_DISTANCE_AVG,OK,10.064,,,0,robots_sampled=5
397.000,ours,-,robot1,MIN_DISTANCE,OK,12.416,10.064,,0,nearest_robot=robot6
397.000,ours,-,robot2,MIN_DISTANCE,OK,12.510,10.064,,0,nearest_robot=robot1
397.000,ours,-,robot3,MIN_DISTANCE,OK,6.490,10.064,,0,nearest_robot=robot4
397.000,ours,-,robot4,MIN_DISTANCE,OK,6.490,10.064,,0,nearest_robot=robot3
397.000,ours,-,robot6,MIN_DISTANCE,OK,12.416,10.064,,0,nearest_robot=robot1
397.000,ours,-,fleet,MIN_DISTANCE_AVG,OK,10.064,,,0,robots_sampled=5
398.000,ours,-,robot1,MIN_DISTANCE,OK,12.416,10.064,,0,nearest_robot=robot6
398.000,ours,-,robot2,MIN_DISTANCE,OK,12.510,10.064,,0,nearest_robot=robot1
398.000,ours,-,robot3,MIN_DISTANCE,OK,6.490,10.064,,0,nearest_robot=robot4
398.000,ours,-,robot4,MIN_DISTANCE,OK,6.490,10.064,,0,nearest_robot=robot3
398.000,ours,-,robot6,MIN_DISTANCE,OK,12.416,10.064,,0,nearest_robot=robot1
398.000,ours,-,fleet,MIN_DISTANCE_AVG,OK,10.064,,,0,robots_sampled=5
399.000,ours,-,robot1,MIN_DISTANCE,OK,12.416,10.064,,0,nearest_robot=robot6
399.000,ours,-,robot2,MIN_DISTANCE,OK,12.510,10.064,,0,nearest_robot=robot1
399.000,ours,-,robot3,MIN_DISTANCE,OK,6.490,10.064,,0,nearest_robot=robot4
399.000,ours,-,robot4,MIN_DISTANCE,OK,6.490,10.064,,0,nearest_robot=robot3
399.000,ours,-,robot6,MIN_DISTANCE,OK,12.416,10.064,,0,nearest_robot=robot1
399.000,ours,-,fleet,MIN_DISTANCE_AVG,OK,10.064,,,0,robots_sampled=5
400.000,ours,-,robot1,MIN_DISTANCE,OK,12.416,10.064,,0,nearest_robot=robot6
400.000,ours,-,robot2,MIN_DISTANCE,OK,12.510,10.064,,0,nearest_robot=robot1
400.000,ours,-,robot3,MIN_DISTANCE,OK,6.490,10.064,,0,nearest_robot=robot4
400.000,ours,-,robot4,MIN_DISTANCE,OK,6.490,10.064,,0,nearest_robot=robot3
400.000,ours,-,robot6,MIN_DISTANCE,OK,12.416,10.064,,0,nearest_robot=robot1
400.000,ours,-,fleet,MIN_DISTANCE_AVG,OK,10.064,,,0,robots_sampled=5
401.000,ours,-,robot1,MIN_DISTANCE,OK,12.416,10.064,,0,nearest_robot=robot6
401.000,ours,-,robot2,MIN_DISTANCE,OK,12.510,10.064,,0,nearest_robot=robot1
401.000,ours,-,robot3,MIN_DISTANCE,OK,6.490,10.064,,0,nearest_robot=robot4
401.000,ours,-,robot4,MIN_DISTANCE,OK,6.490,10.064,,0,nearest_robot=robot3
401.000,ours,-,robot6,MIN_DISTANCE,OK,12.416,10.064,,0,nearest_robot=robot1
401.000,ours,-,fleet,MIN_DISTANCE_AVG,OK,10.064,,,0,robots_sampled=5
402.000,ours,-,robot1,MIN_DISTANCE,OK,12.416,10.064,,0,nearest_robot=robot6
402.000,ours,-,robot2,MIN_DISTANCE,OK,12.510,10.064,,0,nearest_robot=robot1
402.000,ours,-,robot3,MIN_DISTANCE,OK,6.490,10.064,,0,nearest_robot=robot4
402.000,ours,-,robot4,MIN_DISTANCE,OK,6.490,10.064,,0,nearest_robot=robot3
402.000,ours,-,robot6,MIN_DISTANCE,OK,12.416,10.064,,0,nearest_robot=robot1
402.000,ours,-,fleet,MIN_DISTANCE_AVG,OK,10.064,,,0,robots_sampled=5
403.000,ours,-,robot1,MIN_DISTANCE,OK,12.416,10.064,,0,nearest_robot=robot6
403.000,ours,-,robot2,MIN_DISTANCE,OK,12.510,10.064,,0,nearest_robot=robot1
403.000,ours,-,robot3,MIN_DISTANCE,OK,6.490,10.064,,0,nearest_robot=robot4
403.000,ours,-,robot4,MIN_DISTANCE,OK,6.490,10.064,,0,nearest_robot=robot3
403.000,ours,-,robot6,MIN_DISTANCE,OK,12.416,10.064,,0,nearest_robot=robot1
403.000,ours,-,fleet,MIN_DISTANCE_AVG,OK,10.064,,,0,robots_sampled=5
404.000,ours,-,robot1,MIN_DISTANCE,OK,12.416,10.064,,0,nearest_robot=robot6
404.000,ours,-,robot2,MIN_DISTANCE,OK,12.510,10.064,,0,nearest_robot=robot1
404.000,ours,-,robot3,MIN_DISTANCE,OK,6.490,10.064,,0,nearest_robot=robot4
404.000,ours,-,robot4,MIN_DISTANCE,OK,6.490,10.064,,0,nearest_robot=robot3
404.000,ours,-,robot6,MIN_DISTANCE,OK,12.416,10.064,,0,nearest_robot=robot1
404.000,ours,-,fleet,MIN_DISTANCE_AVG,OK,10.064,,,0,robots_sampled=5
405.000,ours,-,robot1,MIN_DISTANCE,OK,12.416,10.064,,0,nearest_robot=robot6
405.000,ours,-,robot2,MIN_DISTANCE,OK,12.510,10.064,,0,nearest_robot=robot1
405.000,ours,-,robot3,MIN_DISTANCE,OK,6.490,10.064,,0,nearest_robot=robot4
405.000,ours,-,robot4,MIN_DISTANCE,OK,6.490,10.064,,0,nearest_robot=robot3
405.000,ours,-,robot6,MIN_DISTANCE,OK,12.416,10.064,,0,nearest_robot=robot1
405.000,ours,-,fleet,MIN_DISTANCE_AVG,OK,10.064,,,0,robots_sampled=5
406.000,ours,-,robot1,MIN_DISTANCE,OK,12.416,10.064,,0,nearest_robot=robot6
406.000,ours,-,robot2,MIN_DISTANCE,OK,12.510,10.064,,0,nearest_robot=robot1
406.000,ours,-,robot3,MIN_DISTANCE,OK,6.490,10.064,,0,nearest_robot=robot4
406.000,ours,-,robot4,MIN_DISTANCE,OK,6.490,10.064,,0,nearest_robot=robot3
406.000,ours,-,robot6,MIN_DISTANCE,OK,12.416,10.064,,0,nearest_robot=robot1
406.000,ours,-,fleet,MIN_DISTANCE_AVG,OK,10.064,,,0,robots_sampled=5
407.000,ours,-,robot1,MIN_DISTANCE,OK,12.416,10.064,,0,nearest_robot=robot6
407.000,ours,-,robot2,MIN_DISTANCE,OK,12.510,10.064,,0,nearest_robot=robot1
407.000,ours,-,robot3,MIN_DISTANCE,OK,6.490,10.064,,0,nearest_robot=robot4
407.000,ours,-,robot4,MIN_DISTANCE,OK,6.490,10.064,,0,nearest_robot=robot3
407.000,ours,-,robot6,MIN_DISTANCE,OK,12.416,10.064,,0,nearest_robot=robot1
407.000,ours,-,fleet,MIN_DISTANCE_AVG,OK,10.064,,,0,robots_sampled=5
408.000,ours,-,robot1,MIN_DISTANCE,OK,12.416,10.064,,0,nearest_robot=robot6
408.000,ours,-,robot2,MIN_DISTANCE,OK,12.510,10.064,,0,nearest_robot=robot1
408.000,ours,-,robot3,MIN_DISTANCE,OK,6.490,10.064,,0,nearest_robot=robot4
408.000,ours,-,robot4,MIN_DISTANCE,OK,6.490,10.064,,0,nearest_robot=robot3
408.000,ours,-,robot6,MIN_DISTANCE,OK,12.416,10.064,,0,nearest_robot=robot1
408.000,ours,-,fleet,MIN_DISTANCE_AVG,OK,10.064,,,0,robots_sampled=5
409.000,ours,-,robot1,MIN_DISTANCE,OK,12.416,10.064,,0,nearest_robot=robot6
409.000,ours,-,robot2,MIN_DISTANCE,OK,12.510,10.064,,0,nearest_robot=robot1
409.000,ours,-,robot3,MIN_DISTANCE,OK,6.490,10.064,,0,nearest_robot=robot4
409.000,ours,-,robot4,MIN_DISTANCE,OK,6.490,10.064,,0,nearest_robot=robot3
409.000,ours,-,robot6,MIN_DISTANCE,OK,12.416,10.064,,0,nearest_robot=robot1
409.000,ours,-,fleet,MIN_DISTANCE_AVG,OK,10.064,,,0,robots_sampled=5
410.000,ours,-,robot1,MIN_DISTANCE,OK,12.416,10.064,,0,nearest_robot=robot6
410.000,ours,-,robot2,MIN_DISTANCE,OK,12.510,10.064,,0,nearest_robot=robot1
410.000,ours,-,robot3,MIN_DISTANCE,OK,6.490,10.064,,0,nearest_robot=robot4
410.000,ours,-,robot4,MIN_DISTANCE,OK,6.490,10.064,,0,nearest_robot=robot3
410.000,ours,-,robot6,MIN_DISTANCE,OK,12.416,10.064,,0,nearest_robot=robot1
410.000,ours,-,fleet,MIN_DISTANCE_AVG,OK,10.064,,,0,robots_sampled=5
411.000,ours,-,robot1,MIN_DISTANCE,OK,12.416,10.064,,0,nearest_robot=robot6
411.000,ours,-,robot2,MIN_DISTANCE,OK,12.510,10.064,,0,nearest_robot=robot1
411.000,ours,-,robot3,MIN_DISTANCE,OK,6.490,10.064,,0,nearest_robot=robot4
411.000,ours,-,robot4,MIN_DISTANCE,OK,6.490,10.064,,0,nearest_robot=robot3
411.000,ours,-,robot6,MIN_DISTANCE,OK,12.416,10.064,,0,nearest_robot=robot1
411.000,ours,-,fleet,MIN_DISTANCE_AVG,OK,10.064,,,0,robots_sampled=5
412.000,ours,-,robot1,MIN_DISTANCE,OK,12.416,10.064,,0,nearest_robot=robot6
412.000,ours,-,robot2,MIN_DISTANCE,OK,12.510,10.064,,0,nearest_robot=robot1
412.000,ours,-,robot3,MIN_DISTANCE,OK,6.490,10.064,,0,nearest_robot=robot4
412.000,ours,-,robot4,MIN_DISTANCE,OK,6.490,10.064,,0,nearest_robot=robot3
412.000,ours,-,robot6,MIN_DISTANCE,OK,12.416,10.064,,0,nearest_robot=robot1
412.000,ours,-,fleet,MIN_DISTANCE_AVG,OK,10.064,,,0,robots_sampled=5
413.000,ours,-,robot1,MIN_DISTANCE,OK,12.416,10.064,,0,nearest_robot=robot6
413.000,ours,-,robot2,MIN_DISTANCE,OK,12.510,10.064,,0,nearest_robot=robot1
413.000,ours,-,robot3,MIN_DISTANCE,OK,6.490,10.064,,0,nearest_robot=robot4
413.000,ours,-,robot4,MIN_DISTANCE,OK,6.490,10.064,,0,nearest_robot=robot3
413.000,ours,-,robot6,MIN_DISTANCE,OK,12.416,10.064,,0,nearest_robot=robot1
413.000,ours,-,fleet,MIN_DISTANCE_AVG,OK,10.064,,,0,robots_sampled=5
414.000,ours,-,robot1,MIN_DISTANCE,OK,12.416,10.064,,0,nearest_robot=robot6
414.000,ours,-,robot2,MIN_DISTANCE,OK,12.510,10.064,,0,nearest_robot=robot1
414.000,ours,-,robot3,MIN_DISTANCE,OK,6.490,10.064,,0,nearest_robot=robot4
414.000,ours,-,robot4,MIN_DISTANCE,OK,6.490,10.064,,0,nearest_robot=robot3
414.000,ours,-,robot6,MIN_DISTANCE,OK,12.416,10.064,,0,nearest_robot=robot1
414.000,ours,-,fleet,MIN_DISTANCE_AVG,OK,10.064,,,0,robots_sampled=5
415.000,ours,-,robot1,MIN_DISTANCE,OK,12.416,10.064,,0,nearest_robot=robot6
415.000,ours,-,robot2,MIN_DISTANCE,OK,12.510,10.064,,0,nearest_robot=robot1
415.000,ours,-,robot3,MIN_DISTANCE,OK,6.490,10.064,,0,nearest_robot=robot4
415.000,ours,-,robot4,MIN_DISTANCE,OK,6.490,10.064,,0,nearest_robot=robot3
415.000,ours,-,robot6,MIN_DISTANCE,OK,12.416,10.064,,0,nearest_robot=robot1
415.000,ours,-,fleet,MIN_DISTANCE_AVG,OK,10.064,,,0,robots_sampled=5
416.000,ours,-,robot1,MIN_DISTANCE,OK,12.416,10.064,,0,nearest_robot=robot6
416.000,ours,-,robot2,MIN_DISTANCE,OK,12.510,10.064,,0,nearest_robot=robot1
416.000,ours,-,robot3,MIN_DISTANCE,OK,6.490,10.064,,0,nearest_robot=robot4
416.000,ours,-,robot4,MIN_DISTANCE,OK,6.490,10.064,,0,nearest_robot=robot3
416.000,ours,-,robot6,MIN_DISTANCE,OK,12.416,10.064,,0,nearest_robot=robot1
416.000,ours,-,fleet,MIN_DISTANCE_AVG,OK,10.064,,,0,robots_sampled=5
417.000,ours,-,robot1,MIN_DISTANCE,OK,12.416,10.064,,0,nearest_robot=robot6
417.000,ours,-,robot2,MIN_DISTANCE,OK,12.510,10.064,,0,nearest_robot=robot1
417.000,ours,-,robot3,MIN_DISTANCE,OK,6.490,10.064,,0,nearest_robot=robot4
417.000,ours,-,robot4,MIN_DISTANCE,OK,6.490,10.064,,0,nearest_robot=robot3
417.000,ours,-,robot6,MIN_DISTANCE,OK,12.416,10.064,,0,nearest_robot=robot1
417.000,ours,-,fleet,MIN_DISTANCE_AVG,OK,10.064,,,0,robots_sampled=5
418.000,ours,-,robot1,MIN_DISTANCE,OK,12.416,10.064,,0,nearest_robot=robot6
418.000,ours,-,robot2,MIN_DISTANCE,OK,12.510,10.064,,0,nearest_robot=robot1
418.000,ours,-,robot3,MIN_DISTANCE,OK,6.490,10.064,,0,nearest_robot=robot4
418.000,ours,-,robot4,MIN_DISTANCE,OK,6.490,10.064,,0,nearest_robot=robot3
418.000,ours,-,robot6,MIN_DISTANCE,OK,12.416,10.064,,0,nearest_robot=robot1
418.000,ours,-,fleet,MIN_DISTANCE_AVG,OK,10.064,,,0,robots_sampled=5
419.000,ours,-,robot1,MIN_DISTANCE,OK,12.416,10.064,,0,nearest_robot=robot6
419.000,ours,-,robot2,MIN_DISTANCE,OK,12.510,10.064,,0,nearest_robot=robot1
419.000,ours,-,robot3,MIN_DISTANCE,OK,6.490,10.064,,0,nearest_robot=robot4
419.000,ours,-,robot4,MIN_DISTANCE,OK,6.490,10.064,,0,nearest_robot=robot3
419.000,ours,-,robot6,MIN_DISTANCE,OK,12.416,10.064,,0,nearest_robot=robot1
419.000,ours,-,fleet,MIN_DISTANCE_AVG,OK,10.064,,,0,robots_sampled=5
420.000,ours,-,robot1,MIN_DISTANCE,OK,12.416,10.064,,0,nearest_robot=robot6
420.000,ours,-,robot2,MIN_DISTANCE,OK,12.510,10.064,,0,nearest_robot=robot1
420.000,ours,-,robot3,MIN_DISTANCE,OK,6.490,10.064,,0,nearest_robot=robot4
420.000,ours,-,robot4,MIN_DISTANCE,OK,6.490,10.064,,0,nearest_robot=robot3
420.000,ours,-,robot6,MIN_DISTANCE,OK,12.416,10.064,,0,nearest_robot=robot1
420.000,ours,-,fleet,MIN_DISTANCE_AVG,OK,10.064,,,0,robots_sampled=5
421.000,ours,-,robot1,MIN_DISTANCE,OK,12.416,10.064,,0,nearest_robot=robot6
421.000,ours,-,robot2,MIN_DISTANCE,OK,12.510,10.064,,0,nearest_robot=robot1
421.000,ours,-,robot3,MIN_DISTANCE,OK,6.490,10.064,,0,nearest_robot=robot4
421.000,ours,-,robot4,MIN_DISTANCE,OK,6.490,10.064,,0,nearest_robot=robot3
421.000,ours,-,robot6,MIN_DISTANCE,OK,12.416,10.064,,0,nearest_robot=robot1
421.000,ours,-,fleet,MIN_DISTANCE_AVG,OK,10.064,,,0,robots_sampled=5
422.000,ours,-,robot1,MIN_DISTANCE,OK,12.416,10.064,,0,nearest_robot=robot6
422.000,ours,-,robot2,MIN_DISTANCE,OK,12.510,10.064,,0,nearest_robot=robot1
422.000,ours,-,robot3,MIN_DISTANCE,OK,6.490,10.064,,0,nearest_robot=robot4
422.000,ours,-,robot4,MIN_DISTANCE,OK,6.490,10.064,,0,nearest_robot=robot3
422.000,ours,-,robot6,MIN_DISTANCE,OK,12.416,10.064,,0,nearest_robot=robot1
422.000,ours,-,fleet,MIN_DISTANCE_AVG,OK,10.064,,,0,robots_sampled=5
423.000,ours,-,robot1,MIN_DISTANCE,OK,12.416,10.064,,0,nearest_robot=robot6
423.000,ours,-,robot2,MIN_DISTANCE,OK,12.510,10.064,,0,nearest_robot=robot1
423.000,ours,-,robot3,MIN_DISTANCE,OK,6.490,10.064,,0,nearest_robot=robot4
423.000,ours,-,robot4,MIN_DISTANCE,OK,6.490,10.064,,0,nearest_robot=robot3
423.000,ours,-,robot6,MIN_DISTANCE,OK,12.416,10.064,,0,nearest_robot=robot1
423.000,ours,-,fleet,MIN_DISTANCE_AVG,OK,10.064,,,0,robots_sampled=5
424.000,ours,-,robot1,MIN_DISTANCE,OK,12.416,10.064,,0,nearest_robot=robot6
424.000,ours,-,robot2,MIN_DISTANCE,OK,12.510,10.064,,0,nearest_robot=robot1
424.000,ours,-,robot3,MIN_DISTANCE,OK,6.490,10.064,,0,nearest_robot=robot4
424.000,ours,-,robot4,MIN_DISTANCE,OK,6.490,10.064,,0,nearest_robot=robot3
424.000,ours,-,robot6,MIN_DISTANCE,OK,12.416,10.064,,0,nearest_robot=robot1
424.000,ours,-,fleet,MIN_DISTANCE_AVG,OK,10.064,,,0,robots_sampled=5
425.000,ours,-,robot1,MIN_DISTANCE,OK,12.416,10.064,,0,nearest_robot=robot6
425.000,ours,-,robot2,MIN_DISTANCE,OK,12.510,10.064,,0,nearest_robot=robot1
425.000,ours,-,robot3,MIN_DISTANCE,OK,6.490,10.064,,0,nearest_robot=robot4
425.000,ours,-,robot4,MIN_DISTANCE,OK,6.490,10.064,,0,nearest_robot=robot3
425.000,ours,-,robot6,MIN_DISTANCE,OK,12.416,10.064,,0,nearest_robot=robot1
425.000,ours,-,fleet,MIN_DISTANCE_AVG,OK,10.064,,,0,robots_sampled=5
426.000,ours,-,robot1,MIN_DISTANCE,OK,12.416,10.064,,0,nearest_robot=robot6
426.000,ours,-,robot2,MIN_DISTANCE,OK,12.510,10.064,,0,nearest_robot=robot1
426.000,ours,-,robot3,MIN_DISTANCE,OK,6.490,10.064,,0,nearest_robot=robot4
426.000,ours,-,robot4,MIN_DISTANCE,OK,6.490,10.064,,0,nearest_robot=robot3
426.000,ours,-,robot6,MIN_DISTANCE,OK,12.416,10.064,,0,nearest_robot=robot1
426.000,ours,-,fleet,MIN_DISTANCE_AVG,OK,10.064,,,0,robots_sampled=5
427.000,ours,-,robot1,MIN_DISTANCE,OK,12.416,10.064,,0,nearest_robot=robot6
427.000,ours,-,robot2,MIN_DISTANCE,OK,12.510,10.064,,0,nearest_robot=robot1
427.000,ours,-,robot3,MIN_DISTANCE,OK,6.490,10.064,,0,nearest_robot=robot4
427.000,ours,-,robot4,MIN_DISTANCE,OK,6.490,10.064,,0,nearest_robot=robot3
427.000,ours,-,robot6,MIN_DISTANCE,OK,12.416,10.064,,0,nearest_robot=robot1
427.000,ours,-,fleet,MIN_DISTANCE_AVG,OK,10.064,,,0,robots_sampled=5
428.000,ours,-,robot1,MIN_DISTANCE,OK,12.416,10.064,,0,nearest_robot=robot6
428.000,ours,-,robot2,MIN_DISTANCE,OK,12.510,10.064,,0,nearest_robot=robot1
428.000,ours,-,robot3,MIN_DISTANCE,OK,6.490,10.064,,0,nearest_robot=robot4
428.000,ours,-,robot4,MIN_DISTANCE,OK,6.490,10.064,,0,nearest_robot=robot3
428.000,ours,-,robot6,MIN_DISTANCE,OK,12.416,10.064,,0,nearest_robot=robot1
428.000,ours,-,fleet,MIN_DISTANCE_AVG,OK,10.064,,,0,robots_sampled=5
429.000,ours,-,robot1,MIN_DISTANCE,OK,12.416,10.064,,0,nearest_robot=robot6
429.000,ours,-,robot2,MIN_DISTANCE,OK,12.510,10.064,,0,nearest_robot=robot1
429.000,ours,-,robot3,MIN_DISTANCE,OK,6.490,10.064,,0,nearest_robot=robot4
429.000,ours,-,robot4,MIN_DISTANCE,OK,6.490,10.064,,0,nearest_robot=robot3
429.000,ours,-,robot6,MIN_DISTANCE,OK,12.416,10.064,,0,nearest_robot=robot1
429.000,ours,-,fleet,MIN_DISTANCE_AVG,OK,10.064,,,0,robots_sampled=5
430.000,ours,-,robot1,MIN_DISTANCE,OK,12.416,10.064,,0,nearest_robot=robot6
430.000,ours,-,robot2,MIN_DISTANCE,OK,12.510,10.064,,0,nearest_robot=robot1
430.000,ours,-,robot3,MIN_DISTANCE,OK,6.490,10.064,,0,nearest_robot=robot4
430.000,ours,-,robot4,MIN_DISTANCE,OK,6.490,10.064,,0,nearest_robot=robot3
430.000,ours,-,robot6,MIN_DISTANCE,OK,12.416,10.064,,0,nearest_robot=robot1
430.000,ours,-,fleet,MIN_DISTANCE_AVG,OK,10.064,,,0,robots_sampled=5
431.000,ours,-,robot1,MIN_DISTANCE,OK,12.416,10.064,,0,nearest_robot=robot6
431.000,ours,-,robot2,MIN_DISTANCE,OK,12.510,10.064,,0,nearest_robot=robot1
431.000,ours,-,robot3,MIN_DISTANCE,OK,6.490,10.064,,0,nearest_robot=robot4
431.000,ours,-,robot4,MIN_DISTANCE,OK,6.490,10.064,,0,nearest_robot=robot3
431.000,ours,-,robot6,MIN_DISTANCE,OK,12.416,10.064,,0,nearest_robot=robot1
431.000,ours,-,fleet,MIN_DISTANCE_AVG,OK,10.064,,,0,robots_sampled=5
432.000,ours,-,robot1,MIN_DISTANCE,OK,12.416,10.064,,0,nearest_robot=robot6
432.000,ours,-,robot2,MIN_DISTANCE,OK,12.510,10.064,,0,nearest_robot=robot1
432.000,ours,-,robot3,MIN_DISTANCE,OK,6.490,10.064,,0,nearest_robot=robot4
432.000,ours,-,robot4,MIN_DISTANCE,OK,6.490,10.064,,0,nearest_robot=robot3
432.000,ours,-,robot6,MIN_DISTANCE,OK,12.416,10.064,,0,nearest_robot=robot1
432.000,ours,-,fleet,MIN_DISTANCE_AVG,OK,10.064,,,0,robots_sampled=5
433.000,ours,-,robot1,MIN_DISTANCE,OK,12.416,10.064,,0,nearest_robot=robot6
433.000,ours,-,robot2,MIN_DISTANCE,OK,12.510,10.064,,0,nearest_robot=robot1
433.000,ours,-,robot3,MIN_DISTANCE,OK,6.490,10.064,,0,nearest_robot=robot4
433.000,ours,-,robot4,MIN_DISTANCE,OK,6.490,10.064,,0,nearest_robot=robot3
433.000,ours,-,robot6,MIN_DISTANCE,OK,12.416,10.064,,0,nearest_robot=robot1
433.000,ours,-,fleet,MIN_DISTANCE_AVG,OK,10.064,,,0,robots_sampled=5
434.000,ours,-,robot1,MIN_DISTANCE,OK,12.416,10.064,,0,nearest_robot=robot6
434.000,ours,-,robot2,MIN_DISTANCE,OK,12.510,10.064,,0,nearest_robot=robot1
434.000,ours,-,robot3,MIN_DISTANCE,OK,6.490,10.064,,0,nearest_robot=robot4
434.000,ours,-,robot4,MIN_DISTANCE,OK,6.490,10.064,,0,nearest_robot=robot3
434.000,ours,-,robot6,MIN_DISTANCE,OK,12.416,10.064,,0,nearest_robot=robot1
434.000,ours,-,fleet,MIN_DISTANCE_AVG,OK,10.064,,,0,robots_sampled=5
435.000,ours,-,robot1,MIN_DISTANCE,OK,12.416,10.064,,0,nearest_robot=robot6
435.000,ours,-,robot2,MIN_DISTANCE,OK,12.510,10.064,,0,nearest_robot=robot1
435.000,ours,-,robot3,MIN_DISTANCE,OK,6.490,10.064,,0,nearest_robot=robot4
435.000,ours,-,robot4,MIN_DISTANCE,OK,6.490,10.064,,0,nearest_robot=robot3
435.000,ours,-,robot6,MIN_DISTANCE,OK,12.416,10.064,,0,nearest_robot=robot1
435.000,ours,-,fleet,MIN_DISTANCE_AVG,OK,10.064,,,0,robots_sampled=5
436.000,ours,-,robot1,MIN_DISTANCE,OK,12.416,10.064,,0,nearest_robot=robot6
436.000,ours,-,robot2,MIN_DISTANCE,OK,12.510,10.064,,0,nearest_robot=robot1
436.000,ours,-,robot3,MIN_DISTANCE,OK,6.490,10.064,,0,nearest_robot=robot4
436.000,ours,-,robot4,MIN_DISTANCE,OK,6.490,10.064,,0,nearest_robot=robot3
436.000,ours,-,robot6,MIN_DISTANCE,OK,12.416,10.064,,0,nearest_robot=robot1
436.000,ours,-,fleet,MIN_DISTANCE_AVG,OK,10.064,,,0,robots_sampled=5
437.000,ours,-,robot1,MIN_DISTANCE,OK,12.416,10.064,,0,nearest_robot=robot6
437.000,ours,-,robot2,MIN_DISTANCE,OK,12.510,10.064,,0,nearest_robot=robot1
437.000,ours,-,robot3,MIN_DISTANCE,OK,6.490,10.064,,0,nearest_robot=robot4
437.000,ours,-,robot4,MIN_DISTANCE,OK,6.490,10.064,,0,nearest_robot=robot3
437.000,ours,-,robot6,MIN_DISTANCE,OK,12.416,10.064,,0,nearest_robot=robot1
437.000,ours,-,fleet,MIN_DISTANCE_AVG,OK,10.064,,,0,robots_sampled=5
438.000,ours,-,robot1,MIN_DISTANCE,OK,12.416,10.064,,0,nearest_robot=robot6
438.000,ours,-,robot2,MIN_DISTANCE,OK,12.510,10.064,,0,nearest_robot=robot1
438.000,ours,-,robot3,MIN_DISTANCE,OK,6.490,10.064,,0,nearest_robot=robot4
438.000,ours,-,robot4,MIN_DISTANCE,OK,6.490,10.064,,0,nearest_robot=robot3
438.000,ours,-,robot6,MIN_DISTANCE,OK,12.416,10.064,,0,nearest_robot=robot1
438.000,ours,-,fleet,MIN_DISTANCE_AVG,OK,10.064,,,0,robots_sampled=5
439.000,ours,-,robot1,MIN_DISTANCE,OK,12.416,10.064,,0,nearest_robot=robot6
439.000,ours,-,robot2,MIN_DISTANCE,OK,12.510,10.064,,0,nearest_robot=robot1
439.000,ours,-,robot3,MIN_DISTANCE,OK,6.490,10.064,,0,nearest_robot=robot4
439.000,ours,-,robot4,MIN_DISTANCE,OK,6.490,10.064,,0,nearest_robot=robot3
439.000,ours,-,robot6,MIN_DISTANCE,OK,12.416,10.064,,0,nearest_robot=robot1
439.000,ours,-,fleet,MIN_DISTANCE_AVG,OK,10.064,,,0,robots_sampled=5
