timestamp,run_id,task_id,robot_id,event,status,allocation_cost,duration,path,collision_flag,message
245.000,ours,-,robot1,MIN_DISTANCE,OK,12.416,10.587,,0,nearest_robot=robot6
245.000,ours,-,robot2,MIN_DISTANCE,OK,12.510,10.587,,0,nearest_robot=robot1
245.000,ours,-,robot3,MIN_DISTANCE,OK,6.490,10.587,,0,nearest_robot=robot4
245.000,ours,-,robot4,MIN_DISTANCE,OK,6.490,10.587,,0,nearest_robot=robot3
245.000,ours,-,robot5,MIN_DISTANCE,OK,13.200,10.587,,0,nearest_robot=robot4
245.000,ours,-,robot6,MIN_DISTANCE,OK,12.416,10.587,,0,nearest_robot=robot1
245.000,ours,-,fleet,MIN_DISTANCE_AVG,OK,10.587,,,0,robots_sampled=6
246.000,ours,-,robot1,MIN_DISTANCE,OK,12.416,10.587,,0,nearest_robot=robot6
246.000,ours,-,robot2,MIN_DISTANCE,OK,12.510,10.587,,0,nearest_robot=robot1
246.000,ours,-,robot3,MIN_DISTANCE,OK,6.490,10.587,,0,nearest_robot=robot4
246.000,ours,-,robot4,MIN_DISTANCE,OK,6.490,10.587,,0,nearest_robot=robot3
246.000,ours,-,robot5,MIN_DISTANCE,OK,13.200,10.587,,0,nearest_robot=robot4
246.000,ours,-,robot6,MIN_DISTANCE,OK,12.416,10.587,,0,nearest_robot=robot1
246.000,ours,-,fleet,MIN_DISTANCE_AVG,OK,10.587,,,0,robots_sampled=6
247.000,ours,-,robot1,MIN_DISTANCE,OK,12.416,10.587,,0,nearest_robot=robot6
247.000,ours,-,robot2,MIN_DISTANCE,OK,12.510,10.587,,0,nearest_robot=robot1
247.000,ours,-,robot3,MIN_DISTANCE,OK,6.490,10.587,,0,nearest_robot=robot4
247.000,ours,-,robot4,MIN_DISTANCE,OK,6.490,10.587,,0,nearest_robot=robot3
247.000,ours,-,robot5,MIN_DISTANCE,OK,13.200,10.587,,0,nearest_robot=robot4
247.000,ours,-,robot6,MIN_DISTANCE,OK,12.416,10.587,,0,nearest_robot=robot1
247.000,ours,-,fleet,MIN_DISTANCE_AVG,OK,10.587,,,0,robots_sampled=6
248.000,ours,-,robot1,MIN_DISTANCE,OK,12.416,10.587,,0,nearest_robot=robot6
248.000,ours,-,robot2,MIN_DISTANCE,OK,12.510,10.587,,0,nearest_robot=robot1
248.000,ours,-,robot3,MIN_DISTANCE,OK,6.490,10.587,,0,nearest_robot=robot4
248.000,ours,-,robot4,MIN_DISTANCE,OK,6.490,10.587,,0,nearest_robot=robot3
248.000,ours,-,robot5,MIN_DISTANCE,OK,13.200,10.587,,0,nearest_robot=robot4
248.000,ours,-,robot6,MIN_DISTANCE,OK,12.416,10.587,,0,nearest_robot=robot1
248.000,ours,-,fleet,MIN_DISTANCE_AVG,OK,10.587,,,0,robots_sampled=6
249.000,ours,-,robot1,MIN_DISTANCE,OK,12.416,10.587,,0,nearest_robot=robot6
249.000,ours,-,robot2,MIN_DISTANCE,OK,12.510,10.587,,0,nearest_robot=robot1
249.000,ours,-,robot3,MIN_DISTANCE,OK,6.490,10.587,,0,nearest_robot=robot4
249.000,ours,-,robot4,MIN_DISTANCE,OK,6.490,10.587,,0,nearest_robot=robot3
249.000,ours,-,robot5,MIN_DISTANCE,OK,13.200,10.587,,0,nearest_robot=robot4
249.000,ours,-,robot6,MIN_DISTANCE,OK,12.416,10.587,,0,nearest_robot=robot1
249.000,ours,-,fleet,MIN_DISTANCE_AVG,OK,10.587,,,0,robots_sampled=6
250.000,ours,-,robot1,MIN_DISTANCE,OK,12.416,10.587,,0,nearest_robot=robot6
250.000,ours,-,robot2,MIN_DISTANCE,OK,12.510,10.587,,0,nearest_robot=robot1
250.000,ours,-,robot3,MIN_DISTANCE,OK,6.490,10.587,,0,nearest_robot=robot4
250.000,ours,-,robot4,MIN_DISTANCE,OK,6.490,10.587,,0,nearest_robot=robot3
250.000,ours,-,robot5,MIN_DISTANCE,OK,13.200,10.587,,0,nearest_robot=robot4
250.000,ours,-,robot6,MIN_DISTANCE,OK,12.416,10.587,,0,nearest_robot=robot1
250.000,ours,-,fleet,MIN_DISTANCE_AVG,OK,10.587,,,0,robots_sampled=6
251.000,ours,-,robot1,MIN_DISTANCE,OK,12.416,10.587,,0,nearest_robot=robot6
251.000,ours,-,robot2,MIN_DISTANCE,OK,12.510,10.587,,0,nearest_robot=robot1
251.000,ours,-,robot3,MIN_DISTANCE,OK,6.490,10.587,,0,nearest_robot=robot4
251.000,ours,-,robot4,MIN_DISTANCE,OK,6.490,10.587,,0,nearest_robot=robot3
251.000,ours,-,robot5,MIN_DISTANCE,OK,13.200,10.587,,0,nearest_robot=robot4
251.000,ours,-,robot6,MIN_DISTANCE,OK,12.416,10.587,,0,nearest_robot=robot1
251.000,ours,-,fleet,MIN_DISTANCE_AVG,OK,10.587,,,0,robots_sampled=6
252.000,ours,-,robot1,MIN_DISTANCE,OK,12.416,10.587,,0,nearest_robot=robot6
252.000,ours,-,robot2,MIN_DISTANCE,OK,12.510,10.587,,0,nearest_robot=robot1
252.000,ours,-,robot3,MIN_DISTANCE,OK,6.490,10.587,,0,nearest_robot=robot4
252.000,ours,-,robot4,MIN_DISTANCE,OK,6.490,10.587,,0,nearest_robot=robot3
252.000,ours,-,robot5,MIN_DISTANCE,OK,13.200,10.587,,0,nearest_robot=robot4
252.000,ours,-,robot6,MIN_DISTANCE,OK,12.416,10.587,,0,nearest_robot=robot1
252.000,ours,-,fleet,MIN_DISTANCE_AVG,OK,10.587,,,0,robots_sampled=6
253.000,ours,-,robot1,MIN_DISTANCE,OK,12.416,10.587,,0,nearest_robot=robot6
253.000,ours,-,robot2,MIN_DISTANCE,OK,12.510,10.587,,0,nearest_robot=robot1
253.000,ours,-,robot3,MIN_DISTANCE,OK,6.490,10.587,,0,nearest_robot=robot4
253.000,ours,-,robot4,MIN_DISTANCE,OK,6.490,10.587,,0,nearest_robot=robot3
253.000,ours,-,robot5,MIN_DISTANCE,OK,13.200,10.587,,0,nearest_robot=robot4
253.000,ours,-,robot6,MIN_DISTANCE,OK,12.416,10.587,,0,nearest_robot=robot1
253.000,ours,-,fleet,MIN_DISTANCE_AVG,OK,10.587,,,0,robots_sampled=6
254.000,ours,-,robot1,MIN_DISTANCE,OK,12.416,10.587,,0,nearest_robot=robot6
254.000,ours,-,robot2,MIN_DISTANCE,OK,12.510,10.587,,0,nearest_robot=robot1
254.000,ours,-,robot3,MIN_DISTANCE,OK,6.490,10.587,,0,nearest_robot=robot4
254.000,ours,-,robot4,MIN_DISTANCE,OK,6.490,10.587,,0,nearest_robot=robot3
254.000,ours,-,robot5,MIN_DISTANCE,OK,13.200,10.587,,0,nearest_robot=robot4
254.000,ours,-,robot6,MIN_DISTANCE,OK,12.416,10.587,,0,nearest_robot=robot1
254.000,ours,-,fleet,MIN_DISTANCE_AVG,OK,10.587,,,0,robots_sampled=6
255.000,ours,-,robot1,MIN_DISTANCE,OK,12.416,10.587,,0,nearest_robot=robot6
255.000,ours,-,robot2,MIN_DISTANCE,OK,12.510,10.587,,0,nearest_robot=robot1
255.000,ours,-,robot3,MIN_DISTANCE,OK,6.490,10.587,,0,nearest_robot=robot4
255.000,ours,-,robot4,MIN_DISTANCE,OK,6.490,10.587,,0,nearest_robot=robot3
255.000,ours,-,robot5,MIN_DISTANCE,OK,13.200,10.587,,0,nearest_robot=robot4
255.000,ours,-,robot6,MIN_DISTANCE,OK,12.416,10.587,,0,nearest_robot=robot1
255.000,ours,-,fleet,MIN_DISTANCE_AVG,OK,10.587,,,0,robots_sampled=6
256.000,ours,-,robot1,MIN_DISTANCE,OK,12.416,10.587,,0,nearest_robot=robot6
256.000,ours,-,robot2,MIN_DISTANCE,OK,12.510,10.587,,0,nearest_robot=robot1
256.000,ours,-,robot3,MIN_DISTANCE,OK,6.490,10.587,,0,nearest_robot=robot4
256.000,ours,-,robot4,MIN_DISTANCE,OK,6.490,10.587,,0,nearest_robot=robot3
256.000,ours,-,robot5,MIN_DISTANCE,OK,13.200,10.587,,0,nearest_robot=robot4
256.000,ours,-,robot6,MIN_DISTANCE,OK,12.416,10.587,,0,nearest_robot=robot1
256.000,ours,-,fleet,MIN_DISTANCE_AVG,OK,10.587,,,0,robots_sampled=6
257.000,ours,-,robot1,MIN_DISTANCE,OK,12.416,10.587,,0,nearest_robot=robot6
257.000,ours,-,robot2,MIN_DISTANCE,OK,12.510,10.587,,0,nearest_robot=robot1
257.000,ours,-,robot3,MIN_DISTANCE,OK,6.490,10.587,,0,nearest_robot=robot4
257.000,ours,-,robot4,MIN_DISTANCE,OK,6.490,10.587,,0,nearest_robot=robot3
257.000,ours,-,robot5,MIN_DISTANCE,OK,13.200,10.587,,0,nearest_robot=robot4
257.000,ours,-,robot6,MIN_DISTANCE,OK,12.416,10.587,,0,nearest_robot=robot1
257.000,ours,-,fleet,MIN_DISTANCE_AVG,OK,10.587,,,0,robots_sampled=6
258.000,ours,-,robot1,MIN_DISTANCE,OK,12.416,10.587,,0,nearest_robot=robot6
258.000,ours,-,robot2,MIN_DISTANCE,OK,12.510,10.587,,0,nearest_robot=robot1
258.000,ours,-,robot3,MIN_DISTANCE,OK,6.490,10.587,,0,nearest_robot=robot4
258.000,ours,-,robot4,MIN_DISTANCE,OK,6.490,10.587,,0,nearest_robot=robot3
258.000,ours,-,robot5,MIN_DISTANCE,OK,13.200,10.587,,0,nearest_robot=robot4
258.000,ours,-,robot6,MIN_DISTANCE,OK,12.416,10.587,,0,nearest_robot=robot1
258.000,ours,-,fleet,MIN_DISTANCE_AVG,OK,10.587,,,0,robots_sampled=6
259.000,ours,-,robot1,MIN_DISTANCE,OK,12.416,10.587,,0,nearest_robot=robot6
259.000,ours,-,robot2,MIN_DISTANCE,OK,12.510,10.587,,0,nearest_robot=robot1
259.000,ours,-,robot3,MIN_DISTANCE,OK,6.490,10.587,,0,nearest_robot=robot4
259.000,ours,-,robot4,MIN_DISTANCE,OK,6.490,10.587,,0,nearest_robot=robot3
259.000,ours,-,robot5,MIN_DISTANCE,OK,13.200,10.587,,0,nearest_robot=robot4
259.000,ours,-,robot6,MIN_DISTANCE,OK,12.416,10.587,,0,nearest_robot=robot1
259.000,ours,-,fleet,MIN_DISTANCE_AVG,OK,10.587,,,0,robots_sampled=6
260.000,ours,-,robot1,MIN_DISTANCE,OK,12.416,10.587,,0,nearest_robot=robot6
260.000,ours,-,robot2,MIN_DISTANCE,OK,12.510,10.587,,0,nearest_robot=robot1
260.000,ours,-,robot3,MIN_DISTANCE,OK,6.490,10.587,,0,nearest_robot=robot4
260.000,ours,-,robot4,MIN_DISTANCE,OK,6.490,10.587,,0,nearest_robot=robot3
260.000,ours,-,robot5,MIN_DISTANCE,OK,13.200,10.587,,0,nearest_robot=robot4
260.000,ours,-,robot6,MIN_DISTANCE,OK,12.416,10.587,,0,nearest_robot=robot1
260.000,ours,-,fleet,MIN_DISTANCE_AVG,OK,10.587,,,0,robots_sampled=6
261.000,ours,-,robot1,MIN_DISTANCE,OK,12.416,10.587,,0,nearest_robot=robot6
261.000,ours,-,robot2,MIN_DISTANCE,OK,12.510,10.587,,0,nearest_robot=robot1
261.000,ours,-,robot3,MIN_DISTANCE,OK,6.490,10.587,,0,nearest_robot=robot4
261.000,ours,-,robot4,MIN_DISTANCE,OK,6.490,10.587,,0,nearest_robot=robot3
261.000,ours,-,robot5,MIN_DISTANCE,OK,13.200,10.587,,0,nearest_robot=robot4
261.000,ours,-,robot6,MIN_DISTANCE,OK,12.416,10.587,,0,nearest_robot=robot1
261.000,ours,-,fleet,MIN_DISTANCE_AVG,OK,10.587,,,0,robots_sampled=6
262.000,ours,-,robot1,MIN_DISTANCE,OK,12.416,10.587,,0,nearest_robot=robot6
262.000,ours,-,robot2,MIN_DISTANCE,OK,12.510,10.587,,0,nearest_robot=robot1
262.000,ours,-,robot3,MIN_DISTANCE,OK,6.490,10.587,,0,nearest_robot=robot4
262.000,ours,-,robot4,MIN_DISTANCE,OK,6.490,10.587,,0,nearest_robot=robot3
262.000,ours,-,robot5,MIN_DISTANCE,OK,13.200,10.587,,0,nearest_robot=robot4
262.000,ours,-,robot6,MIN_DISTANCE,OK,12.416,10.587,,0,nearest_robot=robot1
262.000,ours,-,fleet,MIN_DISTANCE_AVG,OK,10.587,,,0,robots_sampled=6
263.000,ours,-,robot1,MIN_DISTANCE,OK,12.416,10.587,,0,nearest_robot=robot6
263.000,ours,-,robot2,MIN_DISTANCE,OK,12.510,10.587,,0,nearest_robot=robot1
263.000,ours,-,robot3,MIN_DISTANCE,OK,6.490,10.587,,0,nearest_robot=robot4
263.000,ours,-,robot4,MIN_DISTANCE,OK,6.490,10.587,,0,nearest_robot=robot3
263.000,ours,-,robot5,MIN_DISTANCE,OK,13.200,10.587,,0,nearest_robot=robot4
263.000,ours,-,robot6,MIN_DISTANCE,OK,12.416,10.587,,0,nearest_robot=robot1
263.000,ours,-,fleet,MIN_DISTANCE_AVG,OK,10.587,,,0,robots_sampled=6
264.000,ours,-,robot1,MIN_DISTANCE,OK,12.416,10.587,,0,nearest_robot=robot6
264.000,ours,-,robot2,MIN_DISTANCE,OK,12.510,10.587,,0,nearest_robot=robot1
264.000,ours,-,robot3,MIN_DISTANCE,OK,6.490,10.587,,0,nearest_robot=robot4
264.000,ours,-,robot4,MIN_DISTANCE,OK,6.490,10.587,,0,nearest_robot=robot3
264.000,ours,-,robot5,MIN_DISTANCE,OK,13.200,10.587,,0,nearest_robot=robot4
264.000,ours,-,robot6,MIN_DISTANCE,OK,12.416,10.587,,0,nearest_robot=robot1
264.000,ours,-,fleet,MIN_DISTANCE_AVG,OK,10.587,,,0,robots_sampled=6
265.000,ours,-,robot1,MIN_DISTANCE,OK,12.416,10.587,,0,nearest_robot=robot6
265.000,ours,-,robot2,MIN_DISTANCE,OK,12.510,10.587,,0,nearest_robot=robot1
265.000,ours,-,robot3,MIN_DISTANCE,OK,6.490,10.587,,0,nearest_robot=robot4
265.000,ours,-,robot4,MIN_DISTANCE,OK,6.490,10.587,,0,nearest_robot=robot3
265.000,ours,-,robot5,MIN_DISTANCE,OK,13.200,10.587,,0,nearest_robot=robot4
265.000,ours,-,robot6,MIN_DISTANCE,OK,12.416,10.587,,0,nearest_robot=robot1
265.000,ours,-,fleet,MIN_DISTANCE_AVG,OK,10.587,,,0,robots_sampled=6
266.000,ours,-,robot1,MIN_DISTANCE,OK,12.416,10.587,,0,nearest_robot=robot6
266.000,ours,-,robot2,MIN_DISTANCE,OK,12.510,10.587,,0,nearest_robot=robot1
266.000,ours,-,robot3,MIN_DISTANCE,OK,6.490,10.587,,0,nearest_robot=robot4
266.000,ours,-,robot4,MIN_DISTANCE,OK,6.490,10.587,,0,nearest_robot=robot3
266.000,ours,-,robot5,MIN_DISTANCE,OK,13.200,10.587,,0,nearest_robot=robot4
266.000,ours,-,robot6,MIN_DISTANCE,OK,12.416,10.587,,0,nearest_robot=robot1
266.000,ours,-,fleet,MIN_DISTANCE_AVG,OK,10.587,,,0,robots_sampled=6
267.000,ours,-,robot1,MIN_DISTANCE,OK,12.416,10.587,,0,nearest_robot=robot6
267.000,ours,-,robot2,MIN_DISTANCE,OK,12.510,10.587,,0,nearest_robot=robot1
267.000,ours,-,robot3,MIN_DISTANCE,OK,6.490,10.587,,0,nearest_robot=robot4
267.000,ours,-,robot4,MIN_DISTANCE,OK,6.490,10.587,,0,nearest_robot=robot3
267.000,ours,-,robot5,MIN_DISTANCE,OK,13.200,10.587,,0,nearest_robot=robot4
267.000,ours,-,robot6,MIN_DISTANCE,OK,12.416,10.587,,0,nearest_robot=robot1
267.000,ours,-,fleet,MIN_DISTANCE_AVG,OK,10.587,,,0,robots_sampled=6
268.000,ours,-,robot1,MIN_DISTANCE,OK,12.416,10.587,,0,nearest_robot=robot6
268.000,ours,-,robot2,MIN_DISTANCE,OK,12.510,10.587,,0,nearest_robot=robot1
268.000,ours,-,robot3,MIN_DISTANCE,OK,6.490,10.587,,0,nearest_robot=robot4
268.000,ours,-,robot4,MIN_DISTANCE,OK,6.490,10.587,,0,nearest_robot=robot3
268.000,ours,-,robot5,MIN_DISTANCE,OK,13.200,10.587,,0,nearest_robot=robot4
268.000,ours,-,robot6,MIN_DISTANCE,OK,12.416,10.587,,0,nearest_robot=robot1
268.000,ours,-,fleet,MIN_DISTANCE_AVG,OK,10.587,,,0,robots_sampled=6
269.000,ours,-,robot1,MIN_DISTANCE,OK,12.416,10.587,,0,nearest_robot=robot6
269.000,ours,-,robot2,MIN_DISTANCE,OK,12.510,10.587,,0,nearest_robot=robot1
269.000,ours,-,robot3,MIN_DISTANCE,OK,6.490,10.587,,0,nearest_robot=robot4
269.000,ours,-,robot4,MIN_DISTANCE,OK,6.490,10.587,,0,nearest_robot=robot3
269.000,ours,-,robot5,MIN_DISTANCE,OK,13.200,10.587,,0,nearest_robot=robot4
269.000,ours,-,robot6,MIN_DISTANCE,OK,12.416,10.587,,0,nearest_robot=robot1
269.000,ours,-,fleet,MIN_DISTANCE_AVG,OK,10.587,,,0,robots_sampled=6
269.430,ours,-,fleet,CHOMP_TIME_FULL,OK,,4.079,,0,iterations=100;iterations_executed=100;source=algorithm;round_trip=4.112611
270.000,ours,-,robot1,MIN_DISTANCE,OK,12.392,10.555,,0,nearest_robot=robot2
270.000,ours,-,robot2,MIN_DISTANCE,OK,12.392,10.555,,0,nearest_robot=robot1
270.000,ours,-,robot3,MIN_DISTANCE,OK,6.461,10.555,,0,nearest_robot=robot4
270.000,ours,-,robot4,MIN_DISTANCE,OK,6.461,10.555,,0,nearest_robot=robot3
270.000,ours,-,robot5,MIN_DISTANCE,OK,13.160,10.555,,0,nearest_robot=robot4
270.000,ours,-,robot6,MIN_DISTANCE,OK,12.465,10.555,,0,nearest_robot=robot1
270.000,ours,-,fleet,MIN_DISTANCE_AVG,OK,10.555,,,0,robots_sampled=6
271.000,ours,-,robot1,MIN_DISTANCE,OK,11.948,10.381,,0,nearest_robot=robot2
271.000,ours,-,robot2,MIN_DISTANCE,OK,11.948,10.381,,0,nearest_robot=robot1
271.000,ours,-,robot3,MIN_DISTANCE,OK,6.380,10.381,,0,nearest_robot=robot4
271.000,ours,-,robot4,MIN_DISTANCE,OK,6.380,10.381,,0,nearest_robot=robot3
271.000,ours,-,robot5,MIN_DISTANCE,OK,13.040,10.381,,0,nearest_robot=robot4
271.000,ours,-,robot6,MIN_DISTANCE,OK,12.588,10.381,,0,nearest_robot=robot1
271.000,ours,-,fleet,MIN_DISTANCE_AVG,OK,10.381,,,0,robots_sampled=6
272.000,ours,-,robot1,MIN_DISTANCE,OK,11.890,10.336,,0,nearest_robot=robot2
272.000,ours,-,robot2,MIN_DISTANCE,OK,11.890,10.336,,0,nearest_robot=robot1
272.000,ours,-,robot3,MIN_DISTANCE,OK,6.367,10.336,,0,nearest_robot=robot4
272.000,ours,-,robot4,MIN_DISTANCE,OK,6.367,10.336,,0,nearest_robot=robot3
272.000,ours,-,robot5,MIN_DISTANCE,OK,12.815,10.336,,0,nearest_robot=robot4
272.000,ours,-,robot6,MIN_DISTANCE,OK,12.687,10.336,,0,nearest_robot=robot1
272.000,ours,-,fleet,MIN_DISTANCE_AVG,OK,10.336,,,0,robots_sampled=6
273.000,ours,-,robot1,MIN_DISTANCE,OK,11.891,10.308,,0,nearest_robot=robot2
273.000,ours,-,robot2,MIN_DISTANCE,OK,11.891,10.308,,0,nearest_robot=robot1
273.000,ours,-,robot3,MIN_DISTANCE,OK,6.216,10.308,,0,nearest_robot=robot4
273.000,ours,-,robot4,MIN_DISTANCE,OK,6.216,10.308,,0,nearest_robot=robot3
273.000,ours,-,robot5,MIN_DISTANCE,OK,12.627,10.308,,0,nearest_robot=robot4
273.000,ours,-,robot6,MIN_DISTANCE,OK,13.007,10.308,,0,nearest_robot=robot1
273.000,ours,-,fleet,MIN_DISTANCE_AVG,OK,10.308,,,0,robots_sampled=6
274.000,ours,-,robot1,MIN_DISTANCE,OK,11.872,10.300,,0,nearest_robot=robot2
274.000,ours,-,robot2,MIN_DISTANCE,OK,11.872,10.300,,0,nearest_robot=robot1
274.000,ours,-,robot3,MIN_DISTANCE,OK,6.026,10.300,,0,nearest_robot=robot4
274.000,ours,-,robot4,MIN_DISTANCE,OK,6.026,10.300,,0,nearest_robot=robot3
274.000,ours,-,robot5,MIN_DISTANCE,OK,12.495,10.300,,0,nearest_robot=robot4
274.000,ours,-,robot6,MIN_DISTANCE,OK,13.509,10.300,,0,nearest_robot=robot1
274.000,ours,-,fleet,MIN_DISTANCE_AVG,OK,10.300,,,0,robots_sampled=6
274.150,ours,-,fleet,CHOMP_TIME_FULL,OK,,4.411,,0,iterations=100;iterations_executed=100;source=algorithm;round_trip=4.441585
275.000,ours,-,robot1,MIN_DISTANCE,OK,11.909,10.219,,0,nearest_robot=robot2
275.000,ours,-,robot2,MIN_DISTANCE,OK,11.909,10.219,,0,nearest_robot=robot1
275.000,ours,-,robot3,MIN_DISTANCE,OK,5.772,10.219,,0,nearest_robot=robot4
275.000,ours,-,robot4,MIN_DISTANCE,OK,5.772,10.219,,0,nearest_robot=robot3
275.000,ours,-,robot5,MIN_DISTANCE,OK,12.521,10.219,,0,nearest_robot=robot4
275.000,ours,-,robot6,MIN_DISTANCE,OK,13.430,10.219,,0,nearest_robot=robot5
275.000,ours,-,fleet,MIN_DISTANCE_AVG,OK,10.219,,,0,robots_sampled=6
276.000,ours,-,robot1,MIN_DISTANCE,OK,11.956,10.094,,0,nearest_robot=robot2
276.000,ours,-,robot2,MIN_DISTANCE,OK,11.956,10.094,,0,nearest_robot=robot1
276.000,ours,-,robot3,MIN_DISTANCE,OK,5.284,10.094,,0,nearest_robot=robot4
276.000,ours,-,robot4,MIN_DISTANCE,OK,5.284,10.094,,0,nearest_robot=robot3
276.000,ours,-,robot5,MIN_DISTANCE,OK,12.717,10.094,,0,nearest_robot=robot4
276.000,ours,-,robot6,MIN_DISTANCE,OK,13.367,10.094,,0,nearest_robot=robot5
276.000,ours,-,fleet,MIN_DISTANCE_AVG,OK,10.094,,,0,robots_sampled=6
277.000,ours,-,robot1,MIN_DISTANCE,OK,11.931,9.808,,0,nearest_robot=robot2
277.000,ours,-,robot2,MIN_DISTANCE,OK,11.931,9.808,,0,nearest_robot=robot1
277.000,ours,-,robot3,MIN_DISTANCE,OK,4.478,9.808,,0,nearest_robot=robot4
277.000,ours,-,robot4,MIN_DISTANCE,OK,4.478,9.808,,0,nearest_robot=robot3
277.000,ours,-,robot5,MIN_DISTANCE,OK,12.879,9.808,,0,nearest_robot=robot4
277.000,ours,-,robot6,MIN_DISTANCE,OK,13.150,9.808,,0,nearest_robot=robot2
277.000,ours,-,fleet,MIN_DISTANCE_AVG,OK,9.808,,,0,robots_sampled=6
278.000,ours,-,robot1,MIN_DISTANCE,OK,11.836,9.478,,0,nearest_robot=robot2
278.000,ours,-,robot2,MIN_DISTANCE,OK,11.836,9.478,,0,nearest_robot=robot1
278.000,ours,-,robot3,MIN_DISTANCE,OK,3.829,9.478,,0,nearest_robot=robot4
278.000,ours,-,robot4,MIN_DISTANCE,OK,3.829,9.478,,0,nearest_robot=robot3
278.000,ours,-,robot5,MIN_DISTANCE,OK,12.929,9.478,,0,nearest_robot=robot4
278.000,ours,-,robot6,MIN_DISTANCE,OK,12.605,9.478,,0,nearest_robot=robot2
278.000,ours,-,fleet,MIN_DISTANCE_AVG,OK,9.478,,,0,robots_sampled=6
279.000,ours,-,robot1,MIN_DISTANCE,OK,11.744,9.206,,0,nearest_robot=robot2
279.000,ours,-,robot2,MIN_DISTANCE,OK,11.744,9.206,,0,nearest_robot=robot1
279.000,ours,-,robot3,MIN_DISTANCE,OK,3.368,9.206,,0,nearest_robot=robot4
279.000,ours,-,robot4,MIN_DISTANCE,OK,3.368,9.206,,0,nearest_robot=robot3
279.000,ours,-,robot5,MIN_DISTANCE,OK,12.919,9.206,,0,nearest_robot=robot4
279.000,ours,-,robot6,MIN_DISTANCE,OK,12.089,9.206,,0,nearest_robot=robot2
279.000,ours,-,fleet,MIN_DISTANCE_AVG,OK,9.206,,,0,robots_sampled=6
279.190,ours,-,fleet,CHOMP_TIME_FULL,OK,,4.506,,0,iterations=100;iterations_executed=100;source=algorithm;round_trip=4.532524
279.930,ours,-,fleet,CHOMP_TIME_PARTIAL,OK,,0.443,,0,iterations=10;iterations_executed=10;source=algorithm;round_trip=0.460231
280.000,ours,-,robot1,MIN_DISTANCE,OK,11.751,8.956,,0,nearest_robot=robot2
280.000,ours,-,robot2,MIN_DISTANCE,OK,11.602,8.956,,0,nearest_robot=robot6
280.000,ours,-,robot3,MIN_DISTANCE,OK,2.995,8.956,,0,nearest_robot=robot4
280.000,ours,-,robot4,MIN_DISTANCE,OK,2.995,8.956,,0,nearest_robot=robot3
280.000,ours,-,robot5,MIN_DISTANCE,OK,12.791,8.956,,0,nearest_robot=robot4
280.000,ours,-,robot6,MIN_DISTANCE,OK,11.602,8.956,,0,nearest_robot=robot2
280.000,ours,-,fleet,MIN_DISTANCE_AVG,OK,8.956,,,0,robots_sampled=6
280.410,ours,-,fleet,CHOMP_TIME_PARTIAL,OK,,0.428,,0,iterations=10;iterations_executed=10;source=algorithm;round_trip=0.446350
280.920,ours,-,fleet,CHOMP_TIME_PARTIAL,OK,,0.435,,0,iterations=10;iterations_executed=10;source=algorithm;round_trip=0.452103
281.000,ours,-,robot1,MIN_DISTANCE,OK,11.797,8.657,,0,nearest_robot=robot2
281.000,ours,-,robot2,MIN_DISTANCE,OK,11.153,8.657,,0,nearest_robot=robot6
281.000,ours,-,robot3,MIN_DISTANCE,OK,2.683,8.657,,0,nearest_robot=robot4
281.000,ours,-,robot4,MIN_DISTANCE,OK,2.683,8.657,,0,nearest_robot=robot3
281.000,ours,-,robot5,MIN_DISTANCE,OK,12.475,8.657,,0,nearest_robot=robot4
281.000,ours,-,robot6,MIN_DISTANCE,OK,11.153,8.657,,0,nearest_robot=robot2
281.000,ours,-,fleet,MIN_DISTANCE_AVG,OK,8.657,,,0,robots_sampled=6
281.450,ours,-,fleet,CHOMP_TIME_PARTIAL,OK,,0.466,,0,iterations=10;iterations_executed=10;source=algorithm;round_trip=0.494161
281.900,ours,-,fleet,CHOMP_TIME_PARTIAL,OK,,0.411,,0,iterations=10;iterations_executed=10;source=algorithm;round_trip=0.429797
282.000,ours,-,robot1,MIN_DISTANCE,OK,12.009,8.487,,0,nearest_robot=robot2
282.000,ours,-,robot2,MIN_DISTANCE,OK,10.893,8.487,,0,nearest_robot=robot6
282.000,ours,-,robot3,MIN_DISTANCE,OK,2.546,8.487,,0,nearest_robot=robot4
282.000,ours,-,robot4,MIN_DISTANCE,OK,2.546,8.487,,0,nearest_robot=robot3
282.000,ours,-,robot5,MIN_DISTANCE,OK,12.033,8.487,,0,nearest_robot=robot4
282.000,ours,-,robot6,MIN_DISTANCE,OK,10.893,8.487,,0,nearest_robot=robot2
282.000,ours,-,fleet,MIN_DISTANCE_AVG,OK,8.487,,,0,robots_sampled=6
282.450,ours,-,fleet,CHOMP_TIME_PARTIAL,OK,,0.477,,0,iterations=10;iterations_executed=10;source=algorithm;round_trip=0.495744
282.950,ours,-,fleet,CHOMP_TIME_PARTIAL,OK,,0.470,,0,iterations=10;iterations_executed=10;source=algorithm;round_trip=0.486009
283.000,ours,-,robot1,MIN_DISTANCE,OK,12.413,8.488,,0,nearest_robot=robot2
283.000,ours,-,robot2,MIN_DISTANCE,OK,10.990,8.488,,0,nearest_robot=robot6
283.000,ours,-,robot3,MIN_DISTANCE,OK,2.459,8.488,,0,nearest_robot=robot4
283.000,ours,-,robot4,MIN_DISTANCE,OK,2.459,8.488,,0,nearest_robot=robot3
283.000,ours,-,robot5,MIN_DISTANCE,OK,11.620,8.488,,0,nearest_robot=robot4
283.000,ours,-,robot6,MIN_DISTANCE,OK,10.990,8.488,,0,nearest_robot=robot2
283.000,ours,-,fleet,MIN_DISTANCE_AVG,OK,8.488,,,0,robots_sampled=6
283.450,ours,-,fleet,CHOMP_TIME_PARTIAL,OK,,0.458,,0,iterations=10;iterations_executed=10;source=algorithm;round_trip=0.477954
283.960,ours,-,fleet,CHOMP_TIME_PARTIAL,OK,,0.483,,0,iterations=10;iterations_executed=10;source=algorithm;round_trip=0.503007
284.000,ours,-,robot1,MIN_DISTANCE,OK,12.853,8.540,,0,nearest_robot=robot2
284.000,ours,-,robot2,MIN_DISTANCE,OK,11.085,8.540,,0,nearest_robot=robot6
284.000,ours,-,robot3,MIN_DISTANCE,OK,2.509,8.540,,0,nearest_robot=robot4
284.000,ours,-,robot4,MIN_DISTANCE,OK,2.509,8.540,,0,nearest_robot=robot3
284.000,ours,-,robot5,MIN_DISTANCE,OK,11.200,8.540,,0,nearest_robot=robot4
284.000,ours,-,robot6,MIN_DISTANCE,OK,11.085,8.540,,0,nearest_robot=robot2
284.000,ours,-,fleet,MIN_DISTANCE_AVG,OK,8.540,,,0,robots_sampled=6
284.420,ours,-,fleet,CHOMP_TIME_PARTIAL,OK,,0.437,,0,iterations=10;iterations_executed=10;source=algorithm;round_trip=0.455224
285.000,ours,-,robot1,MIN_DISTANCE,OK,13.275,8.668,,0,nearest_robot=robot2
285.000,ours,-,robot2,MIN_DISTANCE,OK,11.240,8.668,,0,nearest_robot=robot6
285.000,ours,-,robot3,MIN_DISTANCE,OK,2.749,8.668,,0,nearest_robot=robot4
285.000,ours,-,robot4,MIN_DISTANCE,OK,2.749,8.668,,0,nearest_robot=robot3
285.000,ours,-,robot5,MIN_DISTANCE,OK,10.757,8.668,,0,nearest_robot=robot4
285.000,ours,-,robot6,MIN_DISTANCE,OK,11.240,8.668,,0,nearest_robot=robot2
285.000,ours,-,fleet,MIN_DISTANCE_AVG,OK,8.668,,,0,robots_sampled=6
286.000,ours,-,robot1,MIN_DISTANCE,OK,13.628,8.833,,0,nearest_robot=robot2
286.000,ours,-,robot2,MIN_DISTANCE,OK,11.420,8.833,,0,nearest_robot=robot6
286.000,ours,-,robot3,MIN_DISTANCE,OK,3.110,8.833,,0,nearest_robot=robot4
286.000,ours,-,robot4,MIN_DISTANCE,OK,3.110,8.833,,0,nearest_robot=robot3
286.000,ours,-,robot5,MIN_DISTANCE,OK,10.308,8.833,,0,nearest_robot=robot4
286.000,ours,-,robot6,MIN_DISTANCE,OK,11.420,8.833,,0,nearest_robot=robot2
286.000,ours,-,fleet,MIN_DISTANCE_AVG,OK,8.833,,,0,robots_sampled=6
287.000,ours,-,robot1,MIN_DISTANCE,OK,14.074,9.019,,0,nearest_robot=robot2
287.000,ours,-,robot2,MIN_DISTANCE,OK,11.575,9.019,,0,nearest_robot=robot6
287.000,ours,-,robot3,MIN_DISTANCE,OK,3.512,9.019,,0,nearest_robot=robot4
287.000,ours,-,robot4,MIN_DISTANCE,OK,3.512,9.019,,0,nearest_robot=robot3
287.000,ours,-,robot5,MIN_DISTANCE,OK,9.863,9.019,,0,nearest_robot=robot4
287.000,ours,-,robot6,MIN_DISTANCE,OK,11.575,9.019,,0,nearest_robot=robot2
287.000,ours,-,fleet,MIN_DISTANCE_AVG,OK,9.019,,,0,robots_sampled=6
288.000,ours,-,robot1,MIN_DISTANCE,OK,13.938,9.127,,0,nearest_robot=robot6
288.000,ours,-,robot2,MIN_DISTANCE,OK,11.734,9.127,,0,nearest_robot=robot6
288.000,ours,-,robot3,MIN_DISTANCE,OK,3.946,9.127,,0,nearest_robot=robot4
288.000,ours,-,robot4,MIN_DISTANCE,OK,3.946,9.127,,0,nearest_robot=robot3
288.000,ours,-,robot5,MIN_DISTANCE,OK,9.464,9.127,,0,nearest_robot=robot4
288.000,ours,-,robot6,MIN_DISTANCE,OK,11.734,9.127,,0,nearest_robot=robot2
288.000,ours,-,fleet,MIN_DISTANCE_AVG,OK,9.127,,,0,robots_sampled=6
289.000,ours,-,robot1,MIN_DISTANCE,OK,13.786,9.173,,0,nearest_robot=robot6
289.000,ours,-,robot2,MIN_DISTANCE,OK,11.618,9.173,,0,nearest_robot=robot3
289.000,ours,-,robot3,MIN_DISTANCE,OK,4.244,9.173,,0,nearest_robot=robot4
289.000,ours,-,robot4,MIN_DISTANCE,OK,4.244,9.173,,0,nearest_robot=robot3
289.000,ours,-,robot5,MIN_DISTANCE,OK,9.205,9.173,,0,nearest_robot=robot4
289.000,ours,-,robot6,MIN_DISTANCE,OK,11.940,9.173,,0,nearest_robot=robot2
289.000,ours,-,fleet,MIN_DISTANCE_AVG,OK,9.173,,,0,robots_sampled=6
289.810,ours,-,fleet,CHOMP_TIME_FULL,OK,,4.623,,0,iterations=100;iterations_executed=100;source=algorithm;round_trip=4.645053
290.000,ours,-,robot1,MIN_DISTANCE,OK,13.662,9.201,,0,nearest_robot=robot6
290.000,ours,-,robot2,MIN_DISTANCE,OK,11.227,9.201,,0,nearest_robot=robot3
290.000,ours,-,robot3,MIN_DISTANCE,OK,4.676,9.201,,0,nearest_robot=robot4
290.000,ours,-,robot4,MIN_DISTANCE,OK,4.676,9.201,,0,nearest_robot=robot3
290.000,ours,-,robot5,MIN_DISTANCE,OK,8.870,9.201,,0,nearest_robot=robot4
290.000,ours,-,robot6,MIN_DISTANCE,OK,12.092,9.201,,0,nearest_robot=robot2
290.000,ours,-,fleet,MIN_DISTANCE_AVG,OK,9.201,,,0,robots_sampled=6
291.000,ours,-,robot1,MIN_DISTANCE,OK,13.513,9.235,,0,nearest_robot=robot6
291.000,ours,-,robot2,MIN_DISTANCE,OK,10.764,9.235,,0,nearest_robot=robot3
291.000,ours,-,robot3,MIN_DISTANCE,OK,5.261,9.235,,0,nearest_robot=robot4
291.000,ours,-,robot4,MIN_DISTANCE,OK,5.261,9.235,,0,nearest_robot=robot3
291.000,ours,-,robot5,MIN_DISTANCE,OK,8.445,9.235,,0,nearest_robot=robot4
291.000,ours,-,robot6,MIN_DISTANCE,OK,12.165,9.235,,0,nearest_robot=robot2
291.000,ours,-,fleet,MIN_DISTANCE_AVG,OK,9.235,,,0,robots_sampled=6
292.000,ours,-,robot1,MIN_DISTANCE,OK,13.396,9.316,,0,nearest_robot=robot6
292.000,ours,-,robot2,MIN_DISTANCE,OK,10.450,9.316,,0,nearest_robot=robot3
292.000,ours,-,robot3,MIN_DISTANCE,OK,5.840,9.316,,0,nearest_robot=robot4
292.000,ours,-,robot4,MIN_DISTANCE,OK,5.840,9.316,,0,nearest_robot=robot3
292.000,ours,-,robot5,MIN_DISTANCE,OK,8.061,9.316,,0,nearest_robot=robot4
292.000,ours,-,robot6,MIN_DISTANCE,OK,12.310,9.316,,0,nearest_robot=robot2
292.000,ours,-,fleet,MIN_DISTANCE_AVG,OK,9.316,,,0,robots_sampled=6
293.000,ours,-,robot1,MIN_DISTANCE,OK,13.271,9.419,,0,nearest_robot=robot6
293.000,ours,-,robot2,MIN_DISTANCE,OK,10.463,9.419,,0,nearest_robot=robot3
293.000,ours,-,robot3,MIN_DISTANCE,OK,6.437,9.419,,0,nearest_robot=robot4
293.000,ours,-,robot4,MIN_DISTANCE,OK,6.437,9.419,,0,nearest_robot=robot3
293.000,ours,-,robot5,MIN_DISTANCE,OK,7.692,9.419,,0,nearest_robot=robot4
293.000,ours,-,robot6,MIN_DISTANCE,OK,12.216,9.419,,0,nearest_robot=robot2
293.000,ours,-,fleet,MIN_DISTANCE_AVG,OK,9.419,,,0,robots_sampled=6
294.000,ours,-,robot1,MIN_DISTANCE,OK,13.096,9.489,,0,nearest_robot=robot6
294.000,ours,-,robot2,MIN_DISTANCE,OK,10.493,9.489,,0,nearest_robot=robot3
294.000,ours,-,robot3,MIN_DISTANCE,OK,7.021,9.489,,0,nearest_robot=robot4
294.000,ours,-,robot4,MIN_DISTANCE,OK,7.021,9.489,,0,nearest_robot=robot3
294.000,ours,-,robot5,MIN_DISTANCE,OK,7.310,9.489,,0,nearest_robot=robot4
294.000,ours,-,robot6,MIN_DISTANCE,OK,11.997,9.489,,0,nearest_robot=robot2
294.000,ours,-,fleet,MIN_DISTANCE_AVG,OK,9.489,,,0,robots_sampled=6
295.000,ours,-,robot1,MIN_DISTANCE,OK,12.904,9.436,,0,nearest_robot=robot6
295.000,ours,-,robot2,MIN_DISTANCE,OK,10.535,9.436,,0,nearest_robot=robot3
295.000,ours,-,robot3,MIN_DISTANCE,OK,7.623,9.436,,0,nearest_robot=robot4
295.000,ours,-,robot4,MIN_DISTANCE,OK,6.913,9.436,,0,nearest_robot=robot5
295.000,ours,-,robot5,MIN_DISTANCE,OK,6.913,9.436,,0,nearest_robot=robot4
295.000,ours,-,robot6,MIN_DISTANCE,OK,11.728,9.436,,0,nearest_robot=robot2
295.000,ours,-,fleet,MIN_DISTANCE_AVG,OK,9.436,,,0,robots_sampled=6
295.290,ours,-,fleet,CHOMP_TIME_FULL,OK,,4.561,,0,iterations=100;iterations_executed=100;source=algorithm;round_trip=4.585416
296.000,ours,-,robot1,MIN_DISTANCE,OK,12.696,9.336,,0,nearest_robot=robot6
296.000,ours,-,robot2,MIN_DISTANCE,OK,10.362,9.336,,0,nearest_robot=robot3
296.000,ours,-,robot3,MIN_DISTANCE,OK,8.218,9.336,,0,nearest_robot=robot4
296.000,ours,-,robot4,MIN_DISTANCE,OK,6.536,9.336,,0,nearest_robot=robot5
296.000,ours,-,robot5,MIN_DISTANCE,OK,6.536,9.336,,0,nearest_robot=robot4
296.000,ours,-,robot6,MIN_DISTANCE,OK,11.664,9.336,,0,nearest_robot=robot2
296.000,ours,-,fleet,MIN_DISTANCE_AVG,OK,9.336,,,0,robots_sampled=6
297.000,ours,-,robot1,MIN_DISTANCE,OK,12.418,9.213,,0,nearest_robot=robot6
297.000,ours,-,robot2,MIN_DISTANCE,OK,9.956,9.213,,0,nearest_robot=robot3
297.000,ours,-,robot3,MIN_DISTANCE,OK,8.794,9.213,,0,nearest_robot=robot4
297.000,ours,-,robot4,MIN_DISTANCE,OK,6.163,9.213,,0,nearest_robot=robot5
297.000,ours,-,robot5,MIN_DISTANCE,OK,6.163,9.213,,0,nearest_robot=robot4
297.000,ours,-,robot6,MIN_DISTANCE,OK,11.784,9.213,,0,nearest_robot=robot2
297.000,ours,-,fleet,MIN_DISTANCE_AVG,OK,9.213,,,0,robots_sampled=6
298.000,ours,-,robot1,MIN_DISTANCE,OK,12.017,9.066,,0,nearest_robot=robot6
298.000,ours,-,robot2,MIN_DISTANCE,OK,9.546,9.066,,0,nearest_robot=robot3
298.000,ours,-,robot3,MIN_DISTANCE,OK,9.370,9.066,,0,nearest_robot=robot4
298.000,ours,-,robot4,MIN_DISTANCE,OK,5.782,9.066,,0,nearest_robot=robot5
298.000,ours,-,robot5,MIN_DISTANCE,OK,5.782,9.066,,0,nearest_robot=robot4
298.000,ours,-,robot6,MIN_DISTANCE,OK,11.901,9.066,,0,nearest_robot=robot2
298.000,ours,-,fleet,MIN_DISTANCE_AVG,OK,9.066,,,0,robots_sampled=6
299.000,ours,-,robot1,MIN_DISTANCE,OK,11.547,8.707,,0,nearest_robot=robot6
299.000,ours,-,robot2,MIN_DISTANCE,OK,9.155,8.707,,0,nearest_robot=robot3
299.000,ours,-,robot3,MIN_DISTANCE,OK,9.155,8.707,,0,nearest_robot=robot2
299.000,ours,-,robot4,MIN_DISTANCE,OK,5.418,8.707,,0,nearest_robot=robot5
299.000,ours,-,robot5,MIN_DISTANCE,OK,5.418,8.707,,0,nearest_robot=robot4
299.000,ours,-,robot6,MIN_DISTANCE,OK,11.547,8.707,,0,nearest_robot=robot1
299.000,ours,-,fleet,MIN_DISTANCE_AVG,OK,8.707,,,0,robots_sampled=6
300.000,ours,-,robot1,MIN_DISTANCE,OK,11.078,8.299,,0,nearest_robot=robot6
300.000,ours,-,robot2,MIN_DISTANCE,OK,8.754,8.299,,0,nearest_robot=robot3
300.000,ours,-,robot3,MIN_DISTANCE,OK,8.754,8.299,,0,nearest_robot=robot2
300.000,ours,-,robot4,MIN_DISTANCE,OK,5.065,8.299,,0,nearest_robot=robot5
300.000,ours,-,robot5,MIN_DISTANCE,OK,5.065,8.299,,0,nearest_robot=robot4
300.000,ours,-,robot6,MIN_DISTANCE,OK,11.078,8.299,,0,nearest_robot=robot1
300.000,ours,-,fleet,MIN_DISTANCE_AVG,OK,8.299,,,0,robots_sampled=6
300.640,ours,-,fleet,CHOMP_TIME_FULL,OK,,4.441,,0,iterations=100;iterations_executed=100;source=algorithm;round_trip=4.467238
301.000,ours,-,robot1,MIN_DISTANCE,OK,10.567,7.887,,0,nearest_robot=robot6
301.000,ours,-,robot2,MIN_DISTANCE,OK,8.343,7.887,,0,nearest_robot=robot3
301.000,ours,-,robot3,MIN_DISTANCE,OK,8.343,7.887,,0,nearest_robot=robot2
301.000,ours,-,robot4,MIN_DISTANCE,OK,4.752,7.887,,0,nearest_robot=robot5
301.000,ours,-,robot5,MIN_DISTANCE,OK,4.752,7.887,,0,nearest_robot=robot4
301.000,ours,-,robot6,MIN_DISTANCE,OK,10.567,7.887,,0,nearest_robot=robot1
301.000,ours,-,fleet,MIN_DISTANCE_AVG,OK,7.887,,,0,robots_sampled=6
302.000,ours,-,robot1,MIN_DISTANCE,OK,10.099,7.532,,0,nearest_robot=robot6
302.000,ours,-,robot2,MIN_DISTANCE,OK,8.000,7.532,,0,nearest_robot=robot3
302.000,ours,-,robot3,MIN_DISTANCE,OK,8.000,7.532,,0,nearest_robot=robot2
302.000,ours,-,robot4,MIN_DISTANCE,OK,4.496,7.532,,0,nearest_robot=robot5
302.000,ours,-,robot5,MIN_DISTANCE,OK,4.496,7.532,,0,nearest_robot=robot4
302.000,ours,-,robot6,MIN_DISTANCE,OK,10.099,7.532,,0,nearest_robot=robot1
302.000,ours,-,fleet,MIN_DISTANCE_AVG,OK,7.532,,,0,robots_sampled=6
303.000,ours,-,robot1,MIN_DISTANCE,OK,9.644,7.241,,0,nearest_robot=robot6
303.000,ours,-,robot2,MIN_DISTANCE,OK,7.810,7.241,,0,nearest_robot=robot3
303.000,ours,-,robot3,MIN_DISTANCE,OK,7.810,7.241,,0,nearest_robot=robot2
303.000,ours,-,robot4,MIN_DISTANCE,OK,4.268,7.241,,0,nearest_robot=robot5
303.000,ours,-,robot5,MIN_DISTANCE,OK,4.268,7.241,,0,nearest_robot=robot4
303.000,ours,-,robot6,MIN_DISTANCE,OK,9.644,7.241,,0,nearest_robot=robot1
303.000,ours,-,fleet,MIN_DISTANCE_AVG,OK,7.241,,,0,robots_sampled=6
304.000,ours,-,robot1,MIN_DISTANCE,OK,9.221,6.925,,0,nearest_robot=robot6
304.000,ours,-,robot2,MIN_DISTANCE,OK,7.487,6.925,,0,nearest_robot=robot3
304.000,ours,-,robot3,MIN_DISTANCE,OK,7.487,6.925,,0,nearest_robot=robot2
304.000,ours,-,robot4,MIN_DISTANCE,OK,4.068,6.925,,0,nearest_robot=robot5
304.000,ours,-,robot5,MIN_DISTANCE,OK,4.068,6.925,,0,nearest_robot=robot4
304.000,ours,-,robot6,MIN_DISTANCE,OK,9.221,6.925,,0,nearest_robot=robot1
304.000,ours,-,fleet,MIN_DISTANCE_AVG,OK,6.925,,,0,robots_sampled=6
305.000,ours,-,robot1,MIN_DISTANCE,OK,8.834,6.572,,0,nearest_robot=robot6
305.000,ours,-,robot2,MIN_DISTANCE,OK,7.106,6.572,,0,nearest_robot=robot3
305.000,ours,-,robot3,MIN_DISTANCE,OK,7.106,6.572,,0,nearest_robot=robot2
305.000,ours,-,robot4,MIN_DISTANCE,OK,3.776,6.572,,0,nearest_robot=robot5
305.000,ours,-,robot5,MIN_DISTANCE,OK,3.776,6.572,,0,nearest_robot=robot4
305.000,ours,-,robot6,MIN_DISTANCE,OK,8.834,6.572,,0,nearest_robot=robot1
305.000,ours,-,fleet,MIN_DISTANCE_AVG,OK,6.572,,,0,robots_sampled=6
306.000,ours,-,robot1,MIN_DISTANCE,OK,8.424,6.168,,0,nearest_robot=robot6
306.000,ours,-,robot2,MIN_DISTANCE,OK,6.722,6.168,,0,nearest_robot=robot3
306.000,ours,-,robot3,MIN_DISTANCE,OK,6.722,6.168,,0,nearest_robot=robot2
306.000,ours,-,robot4,MIN_DISTANCE,OK,3.359,6.168,,0,nearest_robot=robot5
306.000,ours,-,robot5,MIN_DISTANCE,OK,3.359,6.168,,0,nearest_robot=robot4
306.000,ours,-,robot6,MIN_DISTANCE,OK,8.424,6.168,,0,nearest_robot=robot1
306.000,ours,-,fleet,MIN_DISTANCE_AVG,OK,6.168,,,0,robots_sampled=6
306.120,ours,-,fleet,CHOMP_TIME_FULL,OK,,4.387,,0,iterations=100;iterations_executed=100;source=algorithm;round_trip=4.413455
307.000,ours,-,robot1,MIN_DISTANCE,OK,8.085,5.831,,0,nearest_robot=robot6
307.000,ours,-,robot2,MIN_DISTANCE,OK,6.327,5.831,,0,nearest_robot=robot3
307.000,ours,-,robot3,MIN_DISTANCE,OK,6.327,5.831,,0,nearest_robot=robot2
307.000,ours,-,robot4,MIN_DISTANCE,OK,3.082,5.831,,0,nearest_robot=robot5
307.000,ours,-,robot5,MIN_DISTANCE,OK,3.082,5.831,,0,nearest_robot=robot4
307.000,ours,-,robot6,MIN_DISTANCE,OK,8.085,5.831,,0,nearest_robot=robot1
307.000,ours,-,fleet,MIN_DISTANCE_AVG,OK,5.831,,,0,robots_sampled=6
308.000,ours,-,robot1,MIN_DISTANCE,OK,7.703,5.485,,0,nearest_robot=robot6
308.000,ours,-,robot2,MIN_DISTANCE,OK,5.838,5.485,,0,nearest_robot=robot3
308.000,ours,-,robot3,MIN_DISTANCE,OK,5.838,5.485,,0,nearest_robot=robot2
308.000,ours,-,robot4,MIN_DISTANCE,OK,2.913,5.485,,0,nearest_robot=robot5
308.000,ours,-,robot5,MIN_DISTANCE,OK,2.913,5.485,,0,nearest_robot=robot4
308.000,ours,-,robot6,MIN_DISTANCE,OK,7.703,5.485,,0,nearest_robot=robot1
308.000,ours,-,fleet,MIN_DISTANCE_AVG,OK,5.485,,,0,robots_sampled=6
309.000,ours,-,robot1,MIN_DISTANCE,OK,7.345,5.185,,0,nearest_robot=robot6
309.000,ours,-,robot2,MIN_DISTANCE,OK,5.406,5.185,,0,nearest_robot=robot3
309.000,ours,-,robot3,MIN_DISTANCE,OK,5.406,5.185,,0,nearest_robot=robot2
309.000,ours,-,robot4,MIN_DISTANCE,OK,2.802,5.185,,0,nearest_robot=robot5
309.000,ours,-,robot5,MIN_DISTANCE,OK,2.802,5.185,,0,nearest_robot=robot4
309.000,ours,-,robot6,MIN_DISTANCE,OK,7.345,5.185,,0,nearest_robot=robot1
309.000,ours,-,fleet,MIN_DISTANCE_AVG,OK,5.185,,,0,robots_sampled=6
310.000,ours,-,robot1,MIN_DISTANCE,OK,7.000,4.944,,0,nearest_robot=robot6
310.000,ours,-,robot2,MIN_DISTANCE,OK,5.085,4.944,,0,nearest_robot=robot3
310.000,ours,-,robot3,MIN_DISTANCE,OK,5.085,4.944,,0,nearest_robot=robot2
310.000,ours,-,robot4,MIN_DISTANCE,OK,2.747,4.944,,0,nearest_robot=robot5
310.000,ours,-,robot5,MIN_DISTANCE,OK,2.747,4.944,,0,nearest_robot=robot4
310.000,ours,-,robot6,MIN_DISTANCE,OK,7.000,4.944,,0,nearest_robot=robot1
310.000,ours,-,fleet,MIN_DISTANCE_AVG,OK,4.944,,,0,robots_sampled=6
310.170,ours,-,fleet,CHOMP_TIME_FULL,OK,,2.854,,0,iterations=100;iterations_executed=65;source=algorithm;round_trip=2.882657
310.930,ours,-,fleet,CHOMP_TIME_PARTIAL,OK,,0.448,,0,iterations=10;iterations_executed=10;source=algorithm;round_trip=0.466989
311.000,ours,-,robot1,MIN_DISTANCE,OK,6.632,4.735,,0,nearest_robot=robot6
311.000,ours,-,robot2,MIN_DISTANCE,OK,4.837,4.735,,0,nearest_robot=robot3
311.000,ours,-,robot3,MIN_DISTANCE,OK,4.837,4.735,,0,nearest_robot=robot2
311.000,ours,-,robot4,MIN_DISTANCE,OK,2.737,4.735,,0,nearest_robot=robot5
311.000,ours,-,robot5,MIN_DISTANCE,OK,2.737,4.735,,0,nearest_robot=robot4
311.000,ours,-,robot6,MIN_DISTANCE,OK,6.632,4.735,,0,nearest_robot=robot1
311.000,ours,-,fleet,MIN_DISTANCE_AVG,OK,4.735,,,0,robots_sampled=6
312.000,ours,-,robot1,MIN_DISTANCE,OK,6.323,4.593,,0,nearest_robot=robot6
312.000,ours,-,robot2,MIN_DISTANCE,OK,4.656,4.593,,0,nearest_robot=robot3
312.000,ours,-,robot3,MIN_DISTANCE,OK,4.656,4.593,,0,nearest_robot=robot2
312.000,ours,-,robot4,MIN_DISTANCE,OK,2.799,4.593,,0,nearest_robot=robot5
312.000,ours,-,robot5,MIN_DISTANCE,OK,2.799,4.593,,0,nearest_robot=robot4
312.000,ours,-,robot6,MIN_DISTANCE,OK,6.323,4.593,,0,nearest_robot=robot1
312.000,ours,-,fleet,MIN_DISTANCE_AVG,OK,4.593,,,0,robots_sampled=6
313.000,ours,-,robot1,MIN_DISTANCE,OK,6.166,4.504,,0,nearest_robot=robot6
313.000,ours,-,robot2,MIN_DISTANCE,OK,4.432,4.504,,0,nearest_robot=robot3
313.000,ours,-,robot3,MIN_DISTANCE,OK,4.432,4.504,,0,nearest_robot=robot2
313.000,ours,-,robot4,MIN_DISTANCE,OK,2.916,4.504,,0,nearest_robot=robot5
313.000,ours,-,robot5,MIN_DISTANCE,OK,2.916,4.504,,0,nearest_robot=robot4
313.000,ours,-,robot6,MIN_DISTANCE,OK,6.166,4.504,,0,nearest_robot=robot1
313.000,ours,-,fleet,MIN_DISTANCE_AVG,OK,4.504,,,0,robots_sampled=6
314.000,ours,-,robot1,MIN_DISTANCE,OK,6.265,4.559,,0,nearest_robot=robot6
314.000,ours,-,robot2,MIN_DISTANCE,OK,4.334,4.559,,0,nearest_robot=robot3
314.000,ours,-,robot3,MIN_DISTANCE,OK,4.334,4.559,,0,nearest_robot=robot2
314.000,ours,-,robot4,MIN_DISTANCE,OK,3.079,4.559,,0,nearest_robot=robot5
314.000,ours,-,robot5,MIN_DISTANCE,OK,3.079,4.559,,0,nearest_robot=robot4
314.000,ours,-,robot6,MIN_DISTANCE,OK,6.265,4.559,,0,nearest_robot=robot1
314.000,ours,-,fleet,MIN_DISTANCE_AVG,OK,4.559,,,0,robots_sampled=6
315.000,ours,-,robot1,MIN_DISTANCE,OK,6.418,4.714,,0,nearest_robot=robot6
315.000,ours,-,robot2,MIN_DISTANCE,OK,4.424,4.714,,0,nearest_robot=robot3
315.000,ours,-,robot3,MIN_DISTANCE,OK,4.424,4.714,,0,nearest_robot=robot2
315.000,ours,-,robot4,MIN_DISTANCE,OK,3.300,4.714,,0,nearest_robot=robot5
315.000,ours,-,robot5,MIN_DISTANCE,OK,3.300,4.714,,0,nearest_robot=robot4
315.000,ours,-,robot6,MIN_DISTANCE,OK,6.418,4.714,,0,nearest_robot=robot1
315.000,ours,-,fleet,MIN_DISTANCE_AVG,OK,4.714,,,0,robots_sampled=6
315.520,ours,-,fleet,CHOMP_TIME_FULL,OK,,4.332,,0,iterations=100;iterations_executed=100;source=algorithm;round_trip=4.350369
316.000,ours,-,robot1,MIN_DISTANCE,OK,6.481,4.841,,0,nearest_robot=robot6
316.000,ours,-,robot2,MIN_DISTANCE,OK,4.474,4.841,,0,nearest_robot=robot3
316.000,ours,-,robot3,MIN_DISTANCE,OK,4.474,4.841,,0,nearest_robot=robot2
316.000,ours,-,robot4,MIN_DISTANCE,OK,3.567,4.841,,0,nearest_robot=robot5
316.000,ours,-,robot5,MIN_DISTANCE,OK,3.567,4.841,,0,nearest_robot=robot4
316.000,ours,-,robot6,MIN_DISTANCE,OK,6.481,4.841,,0,nearest_robot=robot1
316.000,ours,-,fleet,MIN_DISTANCE_AVG,OK,4.841,,,0,robots_sampled=6
317.000,ours,-,robot1,MIN_DISTANCE,OK,6.344,4.903,,0,nearest_robot=robot6
317.000,ours,-,robot2,MIN_DISTANCE,OK,4.522,4.903,,0,nearest_robot=robot3
317.000,ours,-,robot3,MIN_DISTANCE,OK,4.522,4.903,,0,nearest_robot=robot2
317.000,ours,-,robot4,MIN_DISTANCE,OK,3.842,4.903,,0,nearest_robot=robot5
317.000,ours,-,robot5,MIN_DISTANCE,OK,3.842,4.903,,0,nearest_robot=robot4
317.000,ours,-,robot6,MIN_DISTANCE,OK,6.344,4.903,,0,nearest_robot=robot1
317.000,ours,-,fleet,MIN_DISTANCE_AVG,OK,4.903,,,0,robots_sampled=6
318.000,ours,-,robot1,MIN_DISTANCE,OK,6.127,4.969,,0,nearest_robot=robot6
318.000,ours,-,robot2,MIN_DISTANCE,OK,4.617,4.969,,0,nearest_robot=robot3
318.000,ours,-,robot3,MIN_DISTANCE,OK,4.617,4.969,,0,nearest_robot=robot2
318.000,ours,-,robot4,MIN_DISTANCE,OK,4.164,4.969,,0,nearest_robot=robot5
318.000,ours,-,robot5,MIN_DISTANCE,OK,4.164,4.969,,0,nearest_robot=robot4
318.000,ours,-,robot6,MIN_DISTANCE,OK,6.127,4.969,,0,nearest_robot=robot1
318.000,ours,-,fleet,MIN_DISTANCE_AVG,OK,4.969,,,0,robots_sampled=6
319.000,ours,-,robot1,MIN_DISTANCE,OK,5.968,5.137,,0,nearest_robot=robot6
319.000,ours,-,robot2,MIN_DISTANCE,OK,4.911,5.137,,0,nearest_robot=robot3
319.000,ours,-,robot3,MIN_DISTANCE,OK,4.911,5.137,,0,nearest_robot=robot2
319.000,ours,-,robot4,MIN_DISTANCE,OK,4.533,5.137,,0,nearest_robot=robot5
319.000,ours,-,robot5,MIN_DISTANCE,OK,4.533,5.137,,0,nearest_robot=robot4
319.000,ours,-,robot6,MIN_DISTANCE,OK,5.968,5.137,,0,nearest_robot=robot1
319.000,ours,-,fleet,MIN_DISTANCE_AVG,OK,5.137,,,0,robots_sampled=6
320.000,ours,-,robot1,MIN_DISTANCE,OK,5.936,5.416,,0,nearest_robot=robot6
320.000,ours,-,robot2,MIN_DISTANCE,OK,5.377,5.416,,0,nearest_robot=robot3
320.000,ours,-,robot3,MIN_DISTANCE,OK,5.377,5.416,,0,nearest_robot=robot2
320.000,ours,-,robot4,MIN_DISTANCE,OK,4.937,5.416,,0,nearest_robot=robot5
320.000,ours,-,robot5,MIN_DISTANCE,OK,4.937,5.416,,0,nearest_robot=robot4
320.000,ours,-,robot6,MIN_DISTANCE,OK,5.936,5.416,,0,nearest_robot=robot1
320.000,ours,-,fleet,MIN_DISTANCE_AVG,OK,5.416,,,0,robots_sampled=6
320.710,ours,-,fleet,CHOMP_TIME_FULL,OK,,4.502,,0,iterations=100;iterations_executed=100;source=algorithm;round_trip=4.525220
321.000,ours,-,robot1,MIN_DISTANCE,OK,6.030,5.746,,0,nearest_robot=robot6
321.000,ours,-,robot2,MIN_DISTANCE,OK,5.885,5.746,,0,nearest_robot=robot3
321.000,ours,-,robot3,MIN_DISTANCE,OK,5.885,5.746,,0,nearest_robot=robot2
321.000,ours,-,robot4,MIN_DISTANCE,OK,5.324,5.746,,0,nearest_robot=robot5
321.000,ours,-,robot5,MIN_DISTANCE,OK,5.324,5.746,,0,nearest_robot=robot4
321.000,ours,-,robot6,MIN_DISTANCE,OK,6.030,5.746,,0,nearest_robot=robot1
321.000,ours,-,fleet,MIN_DISTANCE_AVG,OK,5.746,,,0,robots_sampled=6
321.460,ours,-,fleet,CHOMP_TIME_PARTIAL,OK,,0.474,,0,iterations=10;iterations_executed=10;source=algorithm;round_trip=0.492433
322.000,ours,-,robot1,MIN_DISTANCE,OK,6.182,6.119,,0,nearest_robot=robot6
322.000,ours,-,robot2,MIN_DISTANCE,OK,6.452,6.119,,0,nearest_robot=robot3
322.000,ours,-,robot3,MIN_DISTANCE,OK,6.452,6.119,,0,nearest_robot=robot2
322.000,ours,-,robot4,MIN_DISTANCE,OK,5.722,6.119,,0,nearest_robot=robot5
322.000,ours,-,robot5,MIN_DISTANCE,OK,5.722,6.119,,0,nearest_robot=robot4
322.000,ours,-,robot6,MIN_DISTANCE,OK,6.182,6.119,,0,nearest_robot=robot1
322.000,ours,-,fleet,MIN_DISTANCE_AVG,OK,6.119,,,0,robots_sampled=6
323.000,ours,-,robot1,MIN_DISTANCE,OK,6.509,6.514,,0,nearest_robot=robot6
323.000,ours,-,robot2,MIN_DISTANCE,OK,7.010,6.514,,0,nearest_robot=robot3
323.000,ours,-,robot3,MIN_DISTANCE,OK,7.010,6.514,,0,nearest_robot=robot2
323.000,ours,-,robot4,MIN_DISTANCE,OK,6.025,6.514,,0,nearest_robot=robot5
323.000,ours,-,robot5,MIN_DISTANCE,OK,6.025,6.514,,0,nearest_robot=robot4
323.000,ours,-,robot6,MIN_DISTANCE,OK,6.509,6.514,,0,nearest_robot=robot1
323.000,ours,-,fleet,MIN_DISTANCE_AVG,OK,6.514,,,0,robots_sampled=6
324.000,ours,-,robot1,MIN_DISTANCE,OK,6.895,6.887,,0,nearest_robot=robot6
324.000,ours,-,robot2,MIN_DISTANCE,OK,7.283,6.887,,0,nearest_robot=robot4
324.000,ours,-,robot3,MIN_DISTANCE,OK,7.571,6.887,,0,nearest_robot=robot2
324.000,ours,-,robot4,MIN_DISTANCE,OK,6.337,6.887,,0,nearest_robot=robot5
324.000,ours,-,robot5,MIN_DISTANCE,OK,6.337,6.887,,0,nearest_robot=robot4
324.000,ours,-,robot6,MIN_DISTANCE,OK,6.895,6.887,,0,nearest_robot=robot1
324.000,ours,-,fleet,MIN_DISTANCE_AVG,OK,6.887,,,0,robots_sampled=6
325.000,ours,-,robot1,MIN_DISTANCE,OK,7.376,7.156,,0,nearest_robot=robot6
325.000,ours,-,robot2,MIN_DISTANCE,OK,6.829,7.156,,0,nearest_robot=robot4
325.000,ours,-,robot3,MIN_DISTANCE,OK,8.068,7.156,,0,nearest_robot=robot2
325.000,ours,-,robot4,MIN_DISTANCE,OK,6.643,7.156,,0,nearest_robot=robot5
325.000,ours,-,robot5,MIN_DISTANCE,OK,6.643,7.156,,0,nearest_robot=robot4
325.000,ours,-,robot6,MIN_DISTANCE,OK,7.376,7.156,,0,nearest_robot=robot1
325.000,ours,-,fleet,MIN_DISTANCE_AVG,OK,7.156,,,0,robots_sampled=6
326.000,ours,-,robot1,MIN_DISTANCE,OK,7.753,7.303,,0,nearest_robot=robot6
326.000,ours,-,robot2,MIN_DISTANCE,OK,6.372,7.303,,0,nearest_robot=robot4
326.000,ours,-,robot3,MIN_DISTANCE,OK,8.625,7.303,,0,nearest_robot=robot2
326.000,ours,-,robot4,MIN_DISTANCE,OK,6.372,7.303,,0,nearest_robot=robot2
326.000,ours,-,robot5,MIN_DISTANCE,OK,6.944,7.303,,0,nearest_robot=robot4
326.000,ours,-,robot6,MIN_DISTANCE,OK,7.753,7.303,,0,nearest_robot=robot1
326.000,ours,-,fleet,MIN_DISTANCE_AVG,OK,7.303,,,0,robots_sampled=6
326.110,ours,-,fleet,CHOMP_TIME_FULL,OK,,4.395,,0,iterations=100;iterations_executed=100;source=algorithm;round_trip=4.420624
326.910,ours,-,fleet,CHOMP_TIME_PARTIAL,OK,,0.419,,0,iterations=10;iterations_executed=10;source=algorithm;round_trip=0.441228
327.000,ours,-,robot1,MIN_DISTANCE,OK,8.142,7.353,,0,nearest_robot=robot6
327.000,ours,-,robot2,MIN_DISTANCE,OK,5.959,7.353,,0,nearest_robot=robot4
327.000,ours,-,robot3,MIN_DISTANCE,OK,8.702,7.353,,0,nearest_robot=robot1
327.000,ours,-,robot4,MIN_DISTANCE,OK,5.959,7.353,,0,nearest_robot=robot2
327.000,ours,-,robot5,MIN_DISTANCE,OK,7.213,7.353,,0,nearest_robot=robot4
327.000,ours,-,robot6,MIN_DISTANCE,OK,8.142,7.353,,0,nearest_robot=robot1
327.000,ours,-,fleet,MIN_DISTANCE_AVG,OK,7.353,,,0,robots_sampled=6
327.400,ours,-,fleet,CHOMP_TIME_PARTIAL,OK,,0.423,,0,iterations=10;iterations_executed=10;source=algorithm;round_trip=0.440587
328.000,ours,-,robot1,MIN_DISTANCE,OK,7.980,7.128,,0,nearest_robot=robot3
328.000,ours,-,robot2,MIN_DISTANCE,OK,5.522,7.128,,0,nearest_robot=robot4
328.000,ours,-,robot3,MIN_DISTANCE,OK,7.980,7.128,,0,nearest_robot=robot1
328.000,ours,-,robot4,MIN_DISTANCE,OK,5.522,7.128,,0,nearest_robot=robot2
328.000,ours,-,robot5,MIN_DISTANCE,OK,7.315,7.128,,0,nearest_robot=robot4
328.000,ours,-,robot6,MIN_DISTANCE,OK,8.447,7.128,,0,nearest_robot=robot1
328.000,ours,-,fleet,MIN_DISTANCE_AVG,OK,7.128,,,0,robots_sampled=6
329.000,ours,-,robot1,MIN_DISTANCE,OK,7.210,6.780,,0,nearest_robot=robot3
329.000,ours,-,robot2,MIN_DISTANCE,OK,5.098,6.780,,0,nearest_robot=robot4
329.000,ours,-,robot3,MIN_DISTANCE,OK,7.210,6.780,,0,nearest_robot=robot1
329.000,ours,-,robot4,MIN_DISTANCE,OK,5.098,6.780,,0,nearest_robot=robot2
329.000,ours,-,robot5,MIN_DISTANCE,OK,7.315,6.780,,0,nearest_robot=robot4
329.000,ours,-,robot6,MIN_DISTANCE,OK,8.750,6.780,,0,nearest_robot=robot1
329.000,ours,-,fleet,MIN_DISTANCE_AVG,OK,6.780,,,0,robots_sampled=6
330.000,ours,-,robot1,MIN_DISTANCE,OK,6.439,6.415,,0,nearest_robot=robot3
330.000,ours,-,robot2,MIN_DISTANCE,OK,4.622,6.415,,0,nearest_robot=robot4
330.000,ours,-,robot3,MIN_DISTANCE,OK,6.439,6.415,,0,nearest_robot=robot1
330.000,ours,-,robot4,MIN_DISTANCE,OK,4.622,6.415,,0,nearest_robot=robot2
330.000,ours,-,robot5,MIN_DISTANCE,OK,7.315,6.415,,0,nearest_robot=robot4
330.000,ours,-,robot6,MIN_DISTANCE,OK,9.057,6.415,,0,nearest_robot=robot1
330.000,ours,-,fleet,MIN_DISTANCE_AVG,OK,6.415,,,0,robots_sampled=6
331.000,ours,-,robot1,MIN_DISTANCE,OK,5.674,6.060,,0,nearest_robot=robot3
331.000,ours,-,robot2,MIN_DISTANCE,OK,4.171,6.060,,0,nearest_robot=robot4
331.000,ours,-,robot3,MIN_DISTANCE,OK,5.674,6.060,,0,nearest_robot=robot1
331.000,ours,-,robot4,MIN_DISTANCE,OK,4.171,6.060,,0,nearest_robot=robot2
331.000,ours,-,robot5,MIN_DISTANCE,OK,7.315,6.060,,0,nearest_robot=robot4
331.000,ours,-,robot6,MIN_DISTANCE,OK,9.356,6.060,,0,nearest_robot=robot1
331.000,ours,-,fleet,MIN_DISTANCE_AVG,OK,6.060,,,0,robots_sampled=6
331.910,ours,-,fleet,CHOMP_TIME_FULL,OK,,4.105,,0,iterations=100;iterations_executed=100;source=algorithm;round_trip=4.128134
332.000,ours,-,robot1,MIN_DISTANCE,OK,4.847,5.690,,0,nearest_robot=robot3
332.000,ours,-,robot2,MIN_DISTANCE,OK,3.731,5.690,,0,nearest_robot=robot4
332.000,ours,-,robot3,MIN_DISTANCE,OK,4.847,5.690,,0,nearest_robot=robot1
332.000,ours,-,robot4,MIN_DISTANCE,OK,3.731,5.690,,0,nearest_robot=robot2
332.000,ours,-,robot5,MIN_DISTANCE,OK,7.315,5.690,,0,nearest_robot=robot4
332.000,ours,-,robot6,MIN_DISTANCE,OK,9.667,5.690,,0,nearest_robot=robot1
332.000,ours,-,fleet,MIN_DISTANCE_AVG,OK,5.690,,,0,robots_sampled=6
333.000,ours,-,robot1,MIN_DISTANCE,OK,4.020,5.368,,0,nearest_robot=robot3
333.000,ours,-,robot2,MIN_DISTANCE,OK,3.442,5.368,,0,nearest_robot=robot4
333.000,ours,-,robot3,MIN_DISTANCE,OK,4.020,5.368,,0,nearest_robot=robot1
333.000,ours,-,robot4,MIN_DISTANCE,OK,3.442,5.368,,0,nearest_robot=robot2
333.000,ours,-,robot5,MIN_DISTANCE,OK,7.319,5.368,,0,nearest_robot=robot4
333.000,ours,-,robot6,MIN_DISTANCE,OK,9.966,5.368,,0,nearest_robot=robot1
333.000,ours,-,fleet,MIN_DISTANCE_AVG,OK,5.368,,,0,robots_sampled=6
334.000,ours,-,robot1,MIN_DISTANCE,OK,3.202,5.152,,0,nearest_robot=robot3
334.000,ours,-,robot2,MIN_DISTANCE,OK,3.449,5.152,,0,nearest_robot=robot4
334.000,ours,-,robot3,MIN_DISTANCE,OK,3.202,5.152,,0,nearest_robot=robot1
334.000,ours,-,robot4,MIN_DISTANCE,OK,3.449,5.152,,0,nearest_robot=robot2
334.000,ours,-,robot5,MIN_DISTANCE,OK,7.309,5.152,,0,nearest_robot=robot4
334.000,ours,-,robot6,MIN_DISTANCE,OK,10.300,5.152,,0,nearest_robot=robot1
334.000,ours,-,fleet,MIN_DISTANCE_AVG,OK,5.152,,,0,robots_sampled=6
335.000,ours,-,robot1,MIN_DISTANCE,OK,2.397,4.945,,0,nearest_robot=robot3
335.000,ours,-,robot2,MIN_DISTANCE,OK,3.438,4.945,,0,nearest_robot=robot4
335.000,ours,-,robot3,MIN_DISTANCE,OK,2.397,4.945,,0,nearest_robot=robot1
335.000,ours,-,robot4,MIN_DISTANCE,OK,3.438,4.945,,0,nearest_robot=robot2
335.000,ours,-,robot5,MIN_DISTANCE,OK,7.328,4.945,,0,nearest_robot=robot4
335.000,ours,-,robot6,MIN_DISTANCE,OK,10.672,4.945,,0,nearest_robot=robot1
335.000,ours,-,fleet,MIN_DISTANCE_AVG,OK,4.945,,,0,robots_sampled=6
336.000,ours,-,robot1,MIN_DISTANCE,OK,1.643,4.732,,0,nearest_robot=robot3
336.000,ours,-,robot2,MIN_DISTANCE,OK,3.319,4.732,,0,nearest_robot=robot4
336.000,ours,-,robot3,MIN_DISTANCE,OK,1.643,4.732,,0,nearest_robot=robot1
336.000,ours,-,robot4,MIN_DISTANCE,OK,3.319,4.732,,0,nearest_robot=robot2
336.000,ours,-,robot5,MIN_DISTANCE,OK,7.429,4.732,,0,nearest_robot=robot4
336.000,ours,-,robot6,MIN_DISTANCE,OK,11.037,4.732,,0,nearest_robot=robot1
336.000,ours,-,fleet,MIN_DISTANCE_AVG,OK,4.732,,,0,robots_sampled=6
336.550,ours,-,fleet,CHOMP_TIME_FULL,OK,,4.286,,0,iterations=100;iterations_executed=100;source=algorithm;round_trip=4.307332
337.000,ours,-,robot1,MIN_DISTANCE,OK,1.064,4.626,,0,nearest_robot=robot3
337.000,ours,-,robot2,MIN_DISTANCE,OK,3.424,4.626,,0,nearest_robot=robot4
337.000,ours,-,robot3,MIN_DISTANCE,OK,1.064,4.626,,0,nearest_robot=robot1
337.000,ours,-,robot4,MIN_DISTANCE,OK,3.424,4.626,,0,nearest_robot=robot2
337.000,ours,-,robot5,MIN_DISTANCE,OK,7.342,4.626,,0,nearest_robot=robot4
337.000,ours,-,robot6,MIN_DISTANCE,OK,11.436,4.626,,0,nearest_robot=robot1
337.000,ours,-,fleet,MIN_DISTANCE_AVG,OK,4.626,,,0,robots_sampled=6
338.000,ours,-,robot1,MIN_DISTANCE,OK,0.994,4.673,,0,nearest_robot=robot3
338.000,ours,-,robot2,MIN_DISTANCE,OK,3.339,4.673,,0,nearest_robot=robot4
338.000,ours,-,robot3,MIN_DISTANCE,OK,0.994,4.673,,0,nearest_robot=robot1
338.000,ours,-,robot4,MIN_DISTANCE,OK,3.339,4.673,,0,nearest_robot=robot2
338.000,ours,-,robot5,MIN_DISTANCE,OK,7.476,4.673,,0,nearest_robot=robot4
338.000,ours,-,robot6,MIN_DISTANCE,OK,11.894,4.673,,0,nearest_robot=robot1
338.000,ours,-,fleet,MIN_DISTANCE_AVG,OK,4.673,,,0,robots_sampled=6
339.000,ours,-,robot1,MIN_DISTANCE,OK,1.481,4.824,,0,nearest_robot=robot3
339.000,ours,-,robot2,MIN_DISTANCE,OK,3.052,4.824,,0,nearest_robot=robot4
339.000,ours,-,robot3,MIN_DISTANCE,OK,1.481,4.824,,0,nearest_robot=robot1
339.000,ours,-,robot4,MIN_DISTANCE,OK,3.052,4.824,,0,nearest_robot=robot2
339.000,ours,-,robot5,MIN_DISTANCE,OK,7.839,4.824,,0,nearest_robot=robot4
339.000,ours,-,robot6,MIN_DISTANCE,OK,12.041,4.824,,0,nearest_robot=robot3
339.000,ours,-,fleet,MIN_DISTANCE_AVG,OK,4.824,,,0,robots_sampled=6
340.000,ours,-,robot1,MIN_DISTANCE,OK,2.175,4.960,,0,nearest_robot=robot3
340.000,ours,-,robot2,MIN_DISTANCE,OK,2.607,4.960,,0,nearest_robot=robot4
340.000,ours,-,robot3,MIN_DISTANCE,OK,2.175,4.960,,0,nearest_robot=robot1
340.000,ours,-,robot4,MIN_DISTANCE,OK,2.607,4.960,,0,nearest_robot=robot2
340.000,ours,-,robot5,MIN_DISTANCE,OK,8.314,4.960,,0,nearest_robot=robot4
340.000,ours,-,robot6,MIN_DISTANCE,OK,11.880,4.960,,0,nearest_robot=robot3
340.000,ours,-,fleet,MIN_DISTANCE_AVG,OK,4.960,,,0,robots_sampled=6
341.000,ours,-,robot1,MIN_DISTANCE,OK,2.871,5.086,,0,nearest_robot=robot3
341.000,ours,-,robot2,MIN_DISTANCE,OK,2.156,5.086,,0,nearest_robot=robot4
341.000,ours,-,robot3,MIN_DISTANCE,OK,2.871,5.086,,0,nearest_robot=robot1
341.000,ours,-,robot4,MIN_DISTANCE,OK,2.156,5.086,,0,nearest_robot=robot2
341.000,ours,-,robot5,MIN_DISTANCE,OK,8.794,5.086,,0,nearest_robot=robot4
341.000,ours,-,robot6,MIN_DISTANCE,OK,11.667,5.086,,0,nearest_robot=robot3
341.000,ours,-,fleet,MIN_DISTANCE_AVG,OK,5.086,,,0,robots_sampled=6
341.770,ours,-,fleet,CHOMP_TIME_FULL,OK,,4.575,,0,iterations=100;iterations_executed=100;source=algorithm;round_trip=4.599704
342.000,ours,-,robot1,MIN_DISTANCE,OK,3.647,5.214,,0,nearest_robot=robot3
342.000,ours,-,robot2,MIN_DISTANCE,OK,1.758,5.214,,0,nearest_robot=robot4
342.000,ours,-,robot3,MIN_DISTANCE,OK,3.647,5.214,,0,nearest_robot=robot1
342.000,ours,-,robot4,MIN_DISTANCE,OK,1.758,5.214,,0,nearest_robot=robot2
342.000,ours,-,robot5,MIN_DISTANCE,OK,9.227,5.214,,0,nearest_robot=robot4
342.000,ours,-,robot6,MIN_DISTANCE,OK,11.244,5.214,,0,nearest_robot=robot3
342.000,ours,-,fleet,MIN_DISTANCE_AVG,OK,5.214,,,0,robots_sampled=6
343.000,ours,-,robot1,MIN_DISTANCE,OK,4.394,5.325,,0,nearest_robot=robot3
343.000,ours,-,robot2,MIN_DISTANCE,OK,1.475,5.325,,0,nearest_robot=robot4
343.000,ours,-,robot3,MIN_DISTANCE,OK,4.394,5.325,,0,nearest_robot=robot1
343.000,ours,-,robot4,MIN_DISTANCE,OK,1.475,5.325,,0,nearest_robot=robot2
343.000,ours,-,robot5,MIN_DISTANCE,OK,9.628,5.325,,0,nearest_robot=robot4
343.000,ours,-,robot6,MIN_DISTANCE,OK,10.582,5.325,,0,nearest_robot=robot3
343.000,ours,-,fleet,MIN_DISTANCE_AVG,OK,5.325,,,0,robots_sampled=6
344.000,ours,-,robot1,MIN_DISTANCE,OK,5.126,5.443,,0,nearest_robot=robot3
344.000,ours,-,robot2,MIN_DISTANCE,OK,1.181,5.443,,0,nearest_robot=robot4
344.000,ours,-,robot3,MIN_DISTANCE,OK,5.126,5.443,,0,nearest_robot=robot1
344.000,ours,-,robot4,MIN_DISTANCE,OK,1.181,5.443,,0,nearest_robot=robot2
344.000,ours,-,robot5,MIN_DISTANCE,OK,9.975,5.443,,0,nearest_robot=robot4
344.000,ours,-,robot6,MIN_DISTANCE,OK,10.066,5.443,,0,nearest_robot=robot3
344.000,ours,-,fleet,MIN_DISTANCE_AVG,OK,5.443,,,0,robots_sampled=6
345.000,ours,-,robot1,MIN_DISTANCE,OK,5.854,5.599,,0,nearest_robot=robot3
345.000,ours,-,robot2,MIN_DISTANCE,OK,1.086,5.599,,0,nearest_robot=robot4
345.000,ours,-,robot3,MIN_DISTANCE,OK,5.854,5.599,,0,nearest_robot=robot1
345.000,ours,-,robot4,MIN_DISTANCE,OK,1.086,5.599,,0,nearest_robot=robot2
345.000,ours,-,robot5,MIN_DISTANCE,OK,10.204,5.599,,0,nearest_robot=robot4
345.000,ours,-,robot6,MIN_DISTANCE,OK,9.512,5.599,,0,nearest_robot=robot3
345.000,ours,-,fleet,MIN_DISTANCE_AVG,OK,5.599,,,0,robots_sampled=6
346.000,ours,-,robot1,MIN_DISTANCE,OK,6.659,5.775,,0,nearest_robot=robot3
346.000,ours,-,robot2,MIN_DISTANCE,OK,1.086,5.775,,0,nearest_robot=robot4
346.000,ours,-,robot3,MIN_DISTANCE,OK,6.659,5.775,,0,nearest_robot=robot1
346.000,ours,-,robot4,MIN_DISTANCE,OK,1.086,5.775,,0,nearest_robot=robot2
346.000,ours,-,robot5,MIN_DISTANCE,OK,10.291,5.775,,0,nearest_robot=robot4
346.000,ours,-,robot6,MIN_DISTANCE,OK,8.870,5.775,,0,nearest_robot=robot3
346.000,ours,-,fleet,MIN_DISTANCE_AVG,OK,5.775,,,0,robots_sampled=6
347.000,ours,-,robot1,MIN_DISTANCE,OK,7.460,5.959,,0,nearest_robot=robot3
347.000,ours,-,robot2,MIN_DISTANCE,OK,1.127,5.959,,0,nearest_robot=robot4
347.000,ours,-,robot3,MIN_DISTANCE,OK,7.460,5.959,,0,nearest_robot=robot1
347.000,ours,-,robot4,MIN_DISTANCE,OK,1.127,5.959,,0,nearest_robot=robot2
347.000,ours,-,robot5,MIN_DISTANCE,OK,10.320,5.959,,0,nearest_robot=robot4
347.000,ours,-,robot6,MIN_DISTANCE,OK,8.261,5.959,,0,nearest_robot=robot3
347.000,ours,-,fleet,MIN_DISTANCE_AVG,OK,5.959,,,0,robots_sampled=6
347.060,ours,-,fleet,CHOMP_TIME_FULL,OK,,4.311,,0,iterations=100;iterations_executed=100;source=algorithm;round_trip=4.336786
347.950,ours,-,fleet,CHOMP_TIME_PARTIAL,OK,,0.459,,0,iterations=10;iterations_executed=10;source=algorithm;round_trip=0.482898
348.000,ours,-,robot1,MIN_DISTANCE,OK,8.250,6.086,,0,nearest_robot=robot3
348.000,ours,-,robot2,MIN_DISTANCE,OK,1.193,6.086,,0,nearest_robot=robot4
348.000,ours,-,robot3,MIN_DISTANCE,OK,7.787,6.086,,0,nearest_robot=robot6
348.000,ours,-,robot4,MIN_DISTANCE,OK,1.193,6.086,,0,nearest_robot=robot2
348.000,ours,-,robot5,MIN_DISTANCE,OK,10.307,6.086,,0,nearest_robot=robot4
348.000,ours,-,robot6,MIN_DISTANCE,OK,7.787,6.086,,0,nearest_robot=robot3
348.000,ours,-,fleet,MIN_DISTANCE_AVG,OK,6.086,,,0,robots_sampled=6
349.000,ours,-,robot1,MIN_DISTANCE,OK,9.114,6.266,,0,nearest_robot=robot3
349.000,ours,-,robot2,MIN_DISTANCE,OK,1.506,6.266,,0,nearest_robot=robot4
349.000,ours,-,robot3,MIN_DISTANCE,OK,7.583,6.266,,0,nearest_robot=robot6
349.000,ours,-,robot4,MIN_DISTANCE,OK,1.506,6.266,,0,nearest_robot=robot2
349.000,ours,-,robot5,MIN_DISTANCE,OK,10.305,6.266,,0,nearest_robot=robot4
349.000,ours,-,robot6,MIN_DISTANCE,OK,7.583,6.266,,0,nearest_robot=robot3
349.000,ours,-,fleet,MIN_DISTANCE_AVG,OK,6.266,,,0,robots_sampled=6
350.000,ours,-,robot1,MIN_DISTANCE,OK,9.621,6.485,,0,nearest_robot=robot2
350.000,ours,-,robot2,MIN_DISTANCE,OK,1.904,6.485,,0,nearest_robot=robot4
350.000,ours,-,robot3,MIN_DISTANCE,OK,7.585,6.485,,0,nearest_robot=robot6
350.000,ours,-,robot4,MIN_DISTANCE,OK,1.904,6.485,,0,nearest_robot=robot2
350.000,ours,-,robot5,MIN_DISTANCE,OK,10.307,6.485,,0,nearest_robot=robot4
350.000,ours,-,robot6,MIN_DISTANCE,OK,7.585,6.485,,0,nearest_robot=robot3
350.000,ours,-,fleet,MIN_DISTANCE_AVG,OK,6.485,,,0,robots_sampled=6
351.000,ours,-,robot1,MIN_DISTANCE,OK,9.355,6.535,,0,nearest_robot=robot2
351.000,ours,-,robot2,MIN_DISTANCE,OK,2.187,6.535,,0,nearest_robot=robot4
351.000,ours,-,robot3,MIN_DISTANCE,OK,7.588,6.535,,0,nearest_robot=robot6
351.000,ours,-,robot4,MIN_DISTANCE,OK,2.187,6.535,,0,nearest_robot=robot2
351.000,ours,-,robot5,MIN_DISTANCE,OK,10.308,6.535,,0,nearest_robot=robot4
351.000,ours,-,robot6,MIN_DISTANCE,OK,7.588,6.535,,0,nearest_robot=robot3
351.000,ours,-,fleet,MIN_DISTANCE_AVG,OK,6.535,,,0,robots_sampled=6
352.000,ours,-,robot1,MIN_DISTANCE,OK,9.129,6.574,,0,nearest_robot=robot2
352.000,ours,-,robot2,MIN_DISTANCE,OK,2.382,6.574,,0,nearest_robot=robot4
352.000,ours,-,robot3,MIN_DISTANCE,OK,7.609,6.574,,0,nearest_robot=robot6
352.000,ours,-,robot4,MIN_DISTANCE,OK,2.382,6.574,,0,nearest_robot=robot2
352.000,ours,-,robot5,MIN_DISTANCE,OK,10.335,6.574,,0,nearest_robot=robot4
352.000,ours,-,robot6,MIN_DISTANCE,OK,7.609,6.574,,0,nearest_robot=robot3
352.000,ours,-,fleet,MIN_DISTANCE_AVG,OK,6.574,,,0,robots_sampled=6
352.610,ours,-,fleet,CHOMP_TIME_FULL,OK,,4.367,,0,iterations=100;iterations_executed=100;source=algorithm;round_trip=4.397082
353.000,ours,-,robot1,MIN_DISTANCE,OK,8.795,6.629,,0,nearest_robot=robot2
353.000,ours,-,robot2,MIN_DISTANCE,OK,2.683,6.629,,0,nearest_robot=robot4
353.000,ours,-,robot3,MIN_DISTANCE,OK,7.638,6.629,,0,nearest_robot=robot6
353.000,ours,-,robot4,MIN_DISTANCE,OK,2.683,6.629,,0,nearest_robot=robot2
353.000,ours,-,robot5,MIN_DISTANCE,OK,10.337,6.629,,0,nearest_robot=robot4
353.000,ours,-,robot6,MIN_DISTANCE,OK,7.638,6.629,,0,nearest_robot=robot3
353.000,ours,-,fleet,MIN_DISTANCE_AVG,OK,6.629,,,0,robots_sampled=6
354.000,ours,-,robot1,MIN_DISTANCE,OK,8.436,6.698,,0,nearest_robot=robot2
354.000,ours,-,robot2,MIN_DISTANCE,OK,2.958,6.698,,0,nearest_robot=robot4
354.000,ours,-,robot3,MIN_DISTANCE,OK,7.749,6.698,,0,nearest_robot=robot6
354.000,ours,-,robot4,MIN_DISTANCE,OK,2.958,6.698,,0,nearest_robot=robot2
354.000,ours,-,robot5,MIN_DISTANCE,OK,10.338,6.698,,0,nearest_robot=robot4
354.000,ours,-,robot6,MIN_DISTANCE,OK,7.749,6.698,,0,nearest_robot=robot3
354.000,ours,-,fleet,MIN_DISTANCE_AVG,OK,6.698,,,0,robots_sampled=6
355.000,ours,-,robot1,MIN_DISTANCE,OK,8.088,6.782,,0,nearest_robot=robot2
355.000,ours,-,robot2,MIN_DISTANCE,OK,3.209,6.782,,0,nearest_robot=robot4
355.000,ours,-,robot3,MIN_DISTANCE,OK,7.923,6.782,,0,nearest_robot=robot6
355.000,ours,-,robot4,MIN_DISTANCE,OK,3.209,6.782,,0,nearest_robot=robot2
355.000,ours,-,robot5,MIN_DISTANCE,OK,10.339,6.782,,0,nearest_robot=robot4
355.000,ours,-,robot6,MIN_DISTANCE,OK,7.923,6.782,,0,nearest_robot=robot3
355.000,ours,-,fleet,MIN_DISTANCE_AVG,OK,6.782,,,0,robots_sampled=6
356.000,ours,-,robot1,MIN_DISTANCE,OK,7.676,6.847,,0,nearest_robot=robot2
356.000,ours,-,robot2,MIN_DISTANCE,OK,3.475,6.847,,0,nearest_robot=robot4
356.000,ours,-,robot3,MIN_DISTANCE,OK,8.058,6.847,,0,nearest_robot=robot6
356.000,ours,-,robot4,MIN_DISTANCE,OK,3.475,6.847,,0,nearest_robot=robot2
356.000,ours,-,robot5,MIN_DISTANCE,OK,10.339,6.847,,0,nearest_robot=robot4
356.000,ours,-,robot6,MIN_DISTANCE,OK,8.058,6.847,,0,nearest_robot=robot3
356.000,ours,-,fleet,MIN_DISTANCE_AVG,OK,6.847,,,0,robots_sampled=6
357.000,ours,-,robot1,MIN_DISTANCE,OK,7.287,6.886,,0,nearest_robot=robot2
357.000,ours,-,robot2,MIN_DISTANCE,OK,3.706,6.886,,0,nearest_robot=robot4
357.000,ours,-,robot3,MIN_DISTANCE,OK,8.140,6.886,,0,nearest_robot=robot6
357.000,ours,-,robot4,MIN_DISTANCE,OK,3.706,6.886,,0,nearest_robot=robot2
357.000,ours,-,robot5,MIN_DISTANCE,OK,10.339,6.886,,0,nearest_robot=robot4
357.000,ours,-,robot6,MIN_DISTANCE,OK,8.140,6.886,,0,nearest_robot=robot3
357.000,ours,-,fleet,MIN_DISTANCE_AVG,OK,6.886,,,0,robots_sampled=6
358.000,ours,-,robot1,MIN_DISTANCE,OK,6.884,6.935,,0,nearest_robot=robot2
358.000,ours,-,robot2,MIN_DISTANCE,OK,3.951,6.935,,0,nearest_robot=robot4
358.000,ours,-,robot3,MIN_DISTANCE,OK,8.241,6.935,,0,nearest_robot=robot6
358.000,ours,-,robot4,MIN_DISTANCE,OK,3.951,6.935,,0,nearest_robot=robot2
358.000,ours,-,robot5,MIN_DISTANCE,OK,10.339,6.935,,0,nearest_robot=robot4
358.000,ours,-,robot6,MIN_DISTANCE,OK,8.241,6.935,,0,nearest_robot=robot3
358.000,ours,-,fleet,MIN_DISTANCE_AVG,OK,6.935,,,0,robots_sampled=6
358.060,ours,-,fleet,CHOMP_TIME_FULL,OK,,4.319,,0,iterations=100;iterations_executed=100;source=algorithm;round_trip=4.348351
359.000,ours,-,robot1,MIN_DISTANCE,OK,6.466,7.000,,0,nearest_robot=robot2
359.000,ours,-,robot2,MIN_DISTANCE,OK,4.214,7.000,,0,nearest_robot=robot4
359.000,ours,-,robot3,MIN_DISTANCE,OK,8.368,7.000,,0,nearest_robot=robot6
359.000,ours,-,robot4,MIN_DISTANCE,OK,4.214,7.000,,0,nearest_robot=robot2
359.000,ours,-,robot5,MIN_DISTANCE,OK,10.371,7.000,,0,nearest_robot=robot4
359.000,ours,-,robot6,MIN_DISTANCE,OK,8.368,7.000,,0,nearest_robot=robot3
359.000,ours,-,fleet,MIN_DISTANCE_AVG,OK,7.000,,,0,robots_sampled=6
360.000,ours,-,robot1,MIN_DISTANCE,OK,6.052,7.030,,0,nearest_robot=robot2
360.000,ours,-,robot2,MIN_DISTANCE,OK,4.513,7.030,,0,nearest_robot=robot4
360.000,ours,-,robot3,MIN_DISTANCE,OK,8.363,7.030,,0,nearest_robot=robot6
360.000,ours,-,robot4,MIN_DISTANCE,OK,4.513,7.030,,0,nearest_robot=robot2
360.000,ours,-,robot5,MIN_DISTANCE,OK,10.374,7.030,,0,nearest_robot=robot4
360.000,ours,-,robot6,MIN_DISTANCE,OK,8.363,7.030,,0,nearest_robot=robot3
360.000,ours,-,fleet,MIN_DISTANCE_AVG,OK,7.030,,,0,robots_sampled=6
361.000,ours,-,robot1,MIN_DISTANCE,OK,5.646,7.079,,0,nearest_robot=robot2
361.000,ours,-,robot2,MIN_DISTANCE,OK,4.820,7.079,,0,nearest_robot=robot4
361.000,ours,-,robot3,MIN_DISTANCE,OK,8.398,7.079,,0,nearest_robot=robot6
361.000,ours,-,robot4,MIN_DISTANCE,OK,4.820,7.079,,0,nearest_robot=robot2
361.000,ours,-,robot5,MIN_DISTANCE,OK,10.390,7.079,,0,nearest_robot=robot4
361.000,ours,-,robot6,MIN_DISTANCE,OK,8.398,7.079,,0,nearest_robot=robot3
361.000,ours,-,fleet,MIN_DISTANCE_AVG,OK,7.079,,,0,robots_sampled=6
362.000,ours,-,robot1,MIN_DISTANCE,OK,5.254,7.111,,0,nearest_robot=robot2
362.000,ours,-,robot2,MIN_DISTANCE,OK,5.052,7.111,,0,nearest_robot=robot4
362.000,ours,-,robot3,MIN_DISTANCE,OK,8.412,7.111,,0,nearest_robot=robot6
362.000,ours,-,robot4,MIN_DISTANCE,OK,5.052,7.111,,0,nearest_robot=robot2
362.000,ours,-,robot5,MIN_DISTANCE,OK,10.485,7.111,,0,nearest_robot=robot4
362.000,ours,-,robot6,MIN_DISTANCE,OK,8.412,7.111,,0,nearest_robot=robot3
362.000,ours,-,fleet,MIN_DISTANCE_AVG,OK,7.111,,,0,robots_sampled=6
363.000,ours,-,robot1,MIN_DISTANCE,OK,4.891,7.071,,0,nearest_robot=robot2
363.000,ours,-,robot2,MIN_DISTANCE,OK,4.891,7.071,,0,nearest_robot=robot1
363.000,ours,-,robot3,MIN_DISTANCE,OK,8.386,7.071,,0,nearest_robot=robot6
363.000,ours,-,robot4,MIN_DISTANCE,OK,5.171,7.071,,0,nearest_robot=robot2
363.000,ours,-,robot5,MIN_DISTANCE,OK,10.704,7.071,,0,nearest_robot=robot4
363.000,ours,-,robot6,MIN_DISTANCE,OK,8.386,7.071,,0,nearest_robot=robot3
363.000,ours,-,fleet,MIN_DISTANCE_AVG,OK,7.071,,,0,robots_sampled=6
363.550,ours,-,fleet,CHOMP_TIME_FULL,OK,,4.281,,0,iterations=100;iterations_executed=100;source=algorithm;round_trip=4.306580
364.000,ours,-,robot1,MIN_DISTANCE,OK,4.643,6.974,,0,nearest_robot=robot2
364.000,ours,-,robot2,MIN_DISTANCE,OK,4.643,6.974,,0,nearest_robot=robot1
364.000,ours,-,robot3,MIN_DISTANCE,OK,8.241,6.974,,0,nearest_robot=robot6
364.000,ours,-,robot4,MIN_DISTANCE,OK,5.218,6.974,,0,nearest_robot=robot2
364.000,ours,-,robot5,MIN_DISTANCE,OK,10.857,6.974,,0,nearest_robot=robot4
364.000,ours,-,robot6,MIN_DISTANCE,OK,8.241,6.974,,0,nearest_robot=robot3
364.000,ours,-,fleet,MIN_DISTANCE_AVG,OK,6.974,,,0,robots_sampled=6
365.000,ours,-,robot1,MIN_DISTANCE,OK,4.402,6.888,,0,nearest_robot=robot2
365.000,ours,-,robot2,MIN_DISTANCE,OK,4.402,6.888,,0,nearest_robot=robot1
365.000,ours,-,robot3,MIN_DISTANCE,OK,8.174,6.888,,0,nearest_robot=robot6
365.000,ours,-,robot4,MIN_DISTANCE,OK,5.264,6.888,,0,nearest_robot=robot2
365.000,ours,-,robot5,MIN_DISTANCE,OK,10.916,6.888,,0,nearest_robot=robot4
365.000,ours,-,robot6,MIN_DISTANCE,OK,8.174,6.888,,0,nearest_robot=robot3
365.000,ours,-,fleet,MIN_DISTANCE_AVG,OK,6.888,,,0,robots_sampled=6
366.000,ours,-,robot1,MIN_DISTANCE,OK,4.045,6.787,,0,nearest_robot=robot2
366.000,ours,-,robot2,MIN_DISTANCE,OK,4.045,6.787,,0,nearest_robot=robot1
366.000,ours,-,robot3,MIN_DISTANCE,OK,8.148,6.787,,0,nearest_robot=robot6
366.000,ours,-,robot4,MIN_DISTANCE,OK,5.399,6.787,,0,nearest_robot=robot2
366.000,ours,-,robot5,MIN_DISTANCE,OK,10.936,6.787,,0,nearest_robot=robot4
366.000,ours,-,robot6,MIN_DISTANCE,OK,8.148,6.787,,0,nearest_robot=robot3
366.000,ours,-,fleet,MIN_DISTANCE_AVG,OK,6.787,,,0,robots_sampled=6
367.000,ours,-,robot1,MIN_DISTANCE,OK,3.617,6.696,,0,nearest_robot=robot2
367.000,ours,-,robot2,MIN_DISTANCE,OK,3.617,6.696,,0,nearest_robot=robot1
367.000,ours,-,robot3,MIN_DISTANCE,OK,8.189,6.696,,0,nearest_robot=robot6
367.000,ours,-,robot4,MIN_DISTANCE,OK,5.495,6.696,,0,nearest_robot=robot2
367.000,ours,-,robot5,MIN_DISTANCE,OK,11.069,6.696,,0,nearest_robot=robot4
367.000,ours,-,robot6,MIN_DISTANCE,OK,8.189,6.696,,0,nearest_robot=robot3
367.000,ours,-,fleet,MIN_DISTANCE_AVG,OK,6.696,,,0,robots_sampled=6
368.000,ours,-,robot1,MIN_DISTANCE,OK,3.136,6.569,,0,nearest_robot=robot2
368.000,ours,-,robot2,MIN_DISTANCE,OK,3.136,6.569,,0,nearest_robot=robot1
368.000,ours,-,robot3,MIN_DISTANCE,OK,8.108,6.569,,0,nearest_robot=robot6
368.000,ours,-,robot4,MIN_DISTANCE,OK,5.631,6.569,,0,nearest_robot=robot2
368.000,ours,-,robot5,MIN_DISTANCE,OK,11.299,6.569,,0,nearest_robot=robot4
368.000,ours,-,robot6,MIN_DISTANCE,OK,8.108,6.569,,0,nearest_robot=robot3
368.000,ours,-,fleet,MIN_DISTANCE_AVG,OK,6.569,,,0,robots_sampled=6
369.000,ours,-,robot1,MIN_DISTANCE,OK,2.765,6.544,,0,nearest_robot=robot2
369.000,ours,-,robot2,MIN_DISTANCE,OK,2.765,6.544,,0,nearest_robot=robot1
369.000,ours,-,robot3,MIN_DISTANCE,OK,8.107,6.544,,0,nearest_robot=robot6
369.000,ours,-,robot4,MIN_DISTANCE,OK,5.905,6.544,,0,nearest_robot=robot2
369.000,ours,-,robot5,MIN_DISTANCE,OK,11.613,6.544,,0,nearest_robot=robot4
369.000,ours,-,robot6,MIN_DISTANCE,OK,8.107,6.544,,0,nearest_robot=robot3
369.000,ours,-,fleet,MIN_DISTANCE_AVG,OK,6.544,,,0,robots_sampled=6
369.120,ours,-,fleet,CHOMP_TIME_FULL,OK,,4.375,,0,iterations=100;iterations_executed=100;source=algorithm;round_trip=4.397422
370.000,ours,-,robot1,MIN_DISTANCE,OK,2.643,6.651,,0,nearest_robot=robot2
370.000,ours,-,robot2,MIN_DISTANCE,OK,2.643,6.651,,0,nearest_robot=robot1
370.000,ours,-,robot3,MIN_DISTANCE,OK,8.108,6.651,,0,nearest_robot=robot6
370.000,ours,-,robot4,MIN_DISTANCE,OK,6.355,6.651,,0,nearest_robot=robot2
370.000,ours,-,robot5,MIN_DISTANCE,OK,12.051,6.651,,0,nearest_robot=robot4
370.000,ours,-,robot6,MIN_DISTANCE,OK,8.108,6.651,,0,nearest_robot=robot3
370.000,ours,-,fleet,MIN_DISTANCE_AVG,OK,6.651,,,0,robots_sampled=6
371.000,ours,-,robot1,MIN_DISTANCE,OK,2.601,6.786,,0,nearest_robot=robot2
371.000,ours,-,robot2,MIN_DISTANCE,OK,2.601,6.786,,0,nearest_robot=robot1
371.000,ours,-,robot3,MIN_DISTANCE,OK,8.141,6.786,,0,nearest_robot=robot6
371.000,ours,-,robot4,MIN_DISTANCE,OK,6.822,6.786,,0,nearest_robot=robot2
371.000,ours,-,robot5,MIN_DISTANCE,OK,12.412,6.786,,0,nearest_robot=robot4
371.000,ours,-,robot6,MIN_DISTANCE,OK,8.141,6.786,,0,nearest_robot=robot3
371.000,ours,-,fleet,MIN_DISTANCE_AVG,OK,6.786,,,0,robots_sampled=6
372.000,ours,-,robot1,MIN_DISTANCE,OK,2.575,6.909,,0,nearest_robot=robot2
372.000,ours,-,robot2,MIN_DISTANCE,OK,2.575,6.909,,0,nearest_robot=robot1
372.000,ours,-,robot3,MIN_DISTANCE,OK,8.133,6.909,,0,nearest_robot=robot6
372.000,ours,-,robot4,MIN_DISTANCE,OK,7.301,6.909,,0,nearest_robot=robot2
372.000,ours,-,robot5,MIN_DISTANCE,OK,12.738,6.909,,0,nearest_robot=robot4
372.000,ours,-,robot6,MIN_DISTANCE,OK,8.133,6.909,,0,nearest_robot=robot3
372.000,ours,-,fleet,MIN_DISTANCE_AVG,OK,6.909,,,0,robots_sampled=6
373.000,ours,-,robot1,MIN_DISTANCE,OK,2.591,7.001,,0,nearest_robot=robot2
373.000,ours,-,robot2,MIN_DISTANCE,OK,2.591,7.001,,0,nearest_robot=robot1
373.000,ours,-,robot3,MIN_DISTANCE,OK,8.004,7.001,,0,nearest_robot=robot6
373.000,ours,-,robot4,MIN_DISTANCE,OK,7.773,7.001,,0,nearest_robot=robot2
373.000,ours,-,robot5,MIN_DISTANCE,OK,13.040,7.001,,0,nearest_robot=robot4
373.000,ours,-,robot6,MIN_DISTANCE,OK,8.004,7.001,,0,nearest_robot=robot3
373.000,ours,-,fleet,MIN_DISTANCE_AVG,OK,7.001,,,0,robots_sampled=6
374.000,ours,-,robot1,MIN_DISTANCE,OK,2.791,7.208,,0,nearest_robot=robot2
374.000,ours,-,robot2,MIN_DISTANCE,OK,2.791,7.208,,0,nearest_robot=robot1
374.000,ours,-,robot3,MIN_DISTANCE,OK,8.019,7.208,,0,nearest_robot=robot6
374.000,ours,-,robot4,MIN_DISTANCE,OK,8.217,7.208,,0,nearest_robot=robot2
374.000,ours,-,robot5,MIN_DISTANCE,OK,13.412,7.208,,0,nearest_robot=robot4
374.000,ours,-,robot6,MIN_DISTANCE,OK,8.019,7.208,,0,nearest_robot=robot3
374.000,ours,-,fleet,MIN_DISTANCE_AVG,OK,7.208,,,0,robots_sampled=6
374.680,ours,-,fleet,CHOMP_TIME_FULL,OK,,4.517,,0,iterations=100;iterations_executed=100;source=algorithm;round_trip=4.539897
375.000,ours,-,robot1,MIN_DISTANCE,OK,3.092,7.466,,0,nearest_robot=robot2
375.000,ours,-,robot2,MIN_DISTANCE,OK,3.092,7.466,,0,nearest_robot=robot1
375.000,ours,-,robot3,MIN_DISTANCE,OK,8.038,7.466,,0,nearest_robot=robot6
375.000,ours,-,robot4,MIN_DISTANCE,OK,8.710,7.466,,0,nearest_robot=robot2
375.000,ours,-,robot5,MIN_DISTANCE,OK,13.824,7.466,,0,nearest_robot=robot4
375.000,ours,-,robot6,MIN_DISTANCE,OK,8.038,7.466,,0,nearest_robot=robot3
375.000,ours,-,fleet,MIN_DISTANCE_AVG,OK,7.466,,,0,robots_sampled=6
376.000,ours,-,robot1,MIN_DISTANCE,OK,3.488,7.754,,0,nearest_robot=robot2
376.000,ours,-,robot2,MIN_DISTANCE,OK,3.488,7.754,,0,nearest_robot=robot1
376.000,ours,-,robot3,MIN_DISTANCE,OK,8.038,7.754,,0,nearest_robot=robot6
376.000,ours,-,robot4,MIN_DISTANCE,OK,9.246,7.754,,0,nearest_robot=robot2
376.000,ours,-,robot5,MIN_DISTANCE,OK,14.229,7.754,,0,nearest_robot=robot4
376.000,ours,-,robot6,MIN_DISTANCE,OK,8.038,7.754,,0,nearest_robot=robot3
376.000,ours,-,fleet,MIN_DISTANCE_AVG,OK,7.754,,,0,robots_sampled=6
377.000,ours,-,robot1,MIN_DISTANCE,OK,3.866,7.970,,0,nearest_robot=robot2
377.000,ours,-,robot2,MIN_DISTANCE,OK,3.866,7.970,,0,nearest_robot=robot1
377.000,ours,-,robot3,MIN_DISTANCE,OK,8.038,7.970,,0,nearest_robot=robot6
377.000,ours,-,robot4,MIN_DISTANCE,OK,9.372,7.970,,0,nearest_robot=robot1
377.000,ours,-,robot5,MIN_DISTANCE,OK,14.641,7.970,,0,nearest_robot=robot4
377.000,ours,-,robot6,MIN_DISTANCE,OK,8.038,7.970,,0,nearest_robot=robot3
377.000,ours,-,fleet,MIN_DISTANCE_AVG,OK,7.970,,,0,robots_sampled=6
378.000,ours,-,robot1,MIN_DISTANCE,OK,4.257,8.167,,0,nearest_robot=robot2
378.000,ours,-,robot2,MIN_DISTANCE,OK,4.257,8.167,,0,nearest_robot=robot1
378.000,ours,-,robot3,MIN_DISTANCE,OK,8.038,8.167,,0,nearest_robot=robot6
378.000,ours,-,robot4,MIN_DISTANCE,OK,9.385,8.167,,0,nearest_robot=robot1
378.000,ours,-,robot5,MIN_DISTANCE,OK,15.030,8.167,,0,nearest_robot=robot4
378.000,ours,-,robot6,MIN_DISTANCE,OK,8.038,8.167,,0,nearest_robot=robot3
378.000,ours,-,fleet,MIN_DISTANCE_AVG,OK,8.167,,,0,robots_sampled=6
379.000,ours,-,robot1,MIN_DISTANCE,OK,4.691,8.349,,0,nearest_robot=robot2
379.000,ours,-,robot2,MIN_DISTANCE,OK,4.691,8.349,,0,nearest_robot=robot1
379.000,ours,-,robot3,MIN_DISTANCE,OK,8.038,8.349,,0,nearest_robot=robot6
379.000,ours,-,robot4,MIN_DISTANCE,OK,9.191,8.349,,0,nearest_robot=robot6
379.000,ours,-,robot5,MIN_DISTANCE,OK,15.442,8.349,,0,nearest_robot=robot4
379.000,ours,-,robot6,MIN_DISTANCE,OK,8.038,8.349,,0,nearest_robot=robot3
379.000,ours,-,fleet,MIN_DISTANCE_AVG,OK,8.349,,,0,robots_sampled=6
380.000,ours,-,robot1,MIN_DISTANCE,OK,5.110,8.488,,0,nearest_robot=robot2
380.000,ours,-,robot2,MIN_DISTANCE,OK,5.110,8.488,,0,nearest_robot=robot1
380.000,ours,-,robot3,MIN_DISTANCE,OK,8.039,8.488,,0,nearest_robot=robot6
380.000,ours,-,robot4,MIN_DISTANCE,OK,8.818,8.488,,0,nearest_robot=robot6
380.000,ours,-,robot5,MIN_DISTANCE,OK,15.811,8.488,,0,nearest_robot=robot4
380.000,ours,-,robot6,MIN_DISTANCE,OK,8.039,8.488,,0,nearest_robot=robot3
380.020,ours,-,fleet,CHOMP_TIME_FULL,OK,,4.259,,0,iterations=100;iterations_executed=100;source=algorithm;round_trip=4.292313
380.000,ours,-,fleet,MIN_DISTANCE_AVG,OK,8.488,,,0,robots_sampled=6
381.000,ours,-,robot1,MIN_DISTANCE,OK,5.533,8.628,,0,nearest_robot=robot2
381.000,ours,-,robot2,MIN_DISTANCE,OK,5.533,8.628,,0,nearest_robot=robot1
381.000,ours,-,robot3,MIN_DISTANCE,OK,8.039,8.628,,0,nearest_robot=robot6
381.000,ours,-,robot4,MIN_DISTANCE,OK,8.426,8.628,,0,nearest_robot=robot6
381.000,ours,-,robot5,MIN_DISTANCE,OK,16.198,8.628,,0,nearest_robot=robot4
381.000,ours,-,robot6,MIN_DISTANCE,OK,8.039,8.628,,0,nearest_robot=robot3
381.000,ours,-,fleet,MIN_DISTANCE_AVG,OK,8.628,,,0,robots_sampled=6
382.000,ours,-,robot1,MIN_DISTANCE,OK,5.953,8.763,,0,nearest_robot=robot2
382.000,ours,-,robot2,MIN_DISTANCE,OK,5.953,8.763,,0,nearest_robot=robot1
382.000,ours,-,robot3,MIN_DISTANCE,OK,8.039,8.763,,0,nearest_robot=robot6
382.000,ours,-,robot4,MIN_DISTANCE,OK,8.014,8.763,,0,nearest_robot=robot6
382.000,ours,-,robot5,MIN_DISTANCE,OK,16.603,8.763,,0,nearest_robot=robot4
382.000,ours,-,robot6,MIN_DISTANCE,OK,8.014,8.763,,0,nearest_robot=robot4
382.000,ours,-,fleet,MIN_DISTANCE_AVG,OK,8.763,,,0,robots_sampled=6
383.000,ours,-,robot1,MIN_DISTANCE,OK,6.381,8.838,,0,nearest_robot=robot2
383.000,ours,-,robot2,MIN_DISTANCE,OK,6.381,8.838,,0,nearest_robot=robot1
383.000,ours,-,robot3,MIN_DISTANCE,OK,8.043,8.838,,0,nearest_robot=robot6
383.000,ours,-,robot4,MIN_DISTANCE,OK,7.620,8.838,,0,nearest_robot=robot6
383.000,ours,-,robot5,MIN_DISTANCE,OK,16.982,8.838,,0,nearest_robot=robot4
383.000,ours,-,robot6,MIN_DISTANCE,OK,7.620,8.838,,0,nearest_robot=robot4
383.000,ours,-,fleet,MIN_DISTANCE_AVG,OK,8.838,,,0,robots_sampled=6
384.000,ours,-,robot1,MIN_DISTANCE,OK,6.813,8.911,,0,nearest_robot=robot2
384.000,ours,-,robot2,MIN_DISTANCE,OK,6.813,8.911,,0,nearest_robot=robot1
384.000,ours,-,robot3,MIN_DISTANCE,OK,8.044,8.911,,0,nearest_robot=robot6
384.000,ours,-,robot4,MIN_DISTANCE,OK,7.206,8.911,,0,nearest_robot=robot6
384.000,ours,-,robot5,MIN_DISTANCE,OK,17.385,8.911,,0,nearest_robot=robot4
384.000,ours,-,robot6,MIN_DISTANCE,OK,7.206,8.911,,0,nearest_robot=robot4
384.000,ours,-,fleet,MIN_DISTANCE_AVG,OK,8.911,,,0,robots_sampled=6
385.000,ours,-,robot1,MIN_DISTANCE,OK,7.229,8.967,,0,nearest_robot=robot2
385.000,ours,-,robot2,MIN_DISTANCE,OK,7.229,8.967,,0,nearest_robot=robot1
385.000,ours,-,robot3,MIN_DISTANCE,OK,8.044,8.967,,0,nearest_robot=robot6
385.000,ours,-,robot4,MIN_DISTANCE,OK,6.818,8.967,,0,nearest_robot=robot6
385.000,ours,-,robot5,MIN_DISTANCE,OK,17.665,8.967,,0,nearest_robot=robot2
385.000,ours,-,robot6,MIN_DISTANCE,OK,6.818,8.967,,0,nearest_robot=robot4
385.000,ours,-,fleet,MIN_DISTANCE_AVG,OK,8.967,,,0,robots_sampled=6
385.760,ours,-,fleet,CHOMP_TIME_FULL,OK,,4.586,,0,iterations=100;iterations_executed=100;source=algorithm;round_trip=4.614807
386.000,ours,-,robot1,MIN_DISTANCE,OK,7.669,8.978,,0,nearest_robot=robot2
386.000,ours,-,robot2,MIN_DISTANCE,OK,7.669,8.978,,0,nearest_robot=robot1
386.000,ours,-,robot3,MIN_DISTANCE,OK,8.035,8.978,,0,nearest_robot=robot6
386.000,ours,-,robot4,MIN_DISTANCE,OK,6.420,8.978,,0,nearest_robot=robot6
386.000,ours,-,robot5,MIN_DISTANCE,OK,17.656,8.978,,0,nearest_robot=robot2
386.000,ours,-,robot6,MIN_DISTANCE,OK,6.420,8.978,,0,nearest_robot=robot4
386.000,ours,-,fleet,MIN_DISTANCE_AVG,OK,8.978,,,0,robots_sampled=6
387.000,ours,-,robot1,MIN_DISTANCE,OK,8.106,8.928,,0,nearest_robot=robot2
387.000,ours,-,robot2,MIN_DISTANCE,OK,8.106,8.928,,0,nearest_robot=robot1
387.000,ours,-,robot3,MIN_DISTANCE,OK,7.878,8.928,,0,nearest_robot=robot6
387.000,ours,-,robot4,MIN_DISTANCE,OK,6.003,8.928,,0,nearest_robot=robot6
387.000,ours,-,robot5,MIN_DISTANCE,OK,17.472,8.928,,0,nearest_robot=robot2
387.000,ours,-,robot6,MIN_DISTANCE,OK,6.003,8.928,,0,nearest_robot=robot4
387.000,ours,-,fleet,MIN_DISTANCE_AVG,OK,8.928,,,0,robots_sampled=6
388.000,ours,-,robot1,MIN_DISTANCE,OK,8.435,8.833,,0,nearest_robot=robot2
388.000,ours,-,robot2,MIN_DISTANCE,OK,8.435,8.833,,0,nearest_robot=robot1
388.000,ours,-,robot3,MIN_DISTANCE,OK,7.876,8.833,,0,nearest_robot=robot6
388.000,ours,-,robot4,MIN_DISTANCE,OK,5.446,8.833,,0,nearest_robot=robot6
388.000,ours,-,robot5,MIN_DISTANCE,OK,17.360,8.833,,0,nearest_robot=robot2
388.000,ours,-,robot6,MIN_DISTANCE,OK,5.446,8.833,,0,nearest_robot=robot4
388.000,ours,-,fleet,MIN_DISTANCE_AVG,OK,8.833,,,0,robots_sampled=6
389.000,ours,-,robot1,MIN_DISTANCE,OK,8.647,8.701,,0,nearest_robot=robot2
389.000,ours,-,robot2,MIN_DISTANCE,OK,8.647,8.701,,0,nearest_robot=robot1
389.000,ours,-,robot3,MIN_DISTANCE,OK,7.997,8.701,,0,nearest_robot=robot6
389.000,ours,-,robot4,MIN_DISTANCE,OK,4.759,8.701,,0,nearest_robot=robot6
389.000,ours,-,robot5,MIN_DISTANCE,OK,17.398,8.701,,0,nearest_robot=robot2
389.000,ours,-,robot6,MIN_DISTANCE,OK,4.759,8.701,,0,nearest_robot=robot4
389.000,ours,-,fleet,MIN_DISTANCE_AVG,OK,8.701,,,0,robots_sampled=6
390.000,ours,-,robot1,MIN_DISTANCE,OK,8.445,8.552,,0,nearest_robot=robot6
390.000,ours,-,robot2,MIN_DISTANCE,OK,9.030,8.552,,0,nearest_robot=robot1
390.000,ours,-,robot3,MIN_DISTANCE,OK,8.293,8.552,,0,nearest_robot=robot6
390.000,ours,-,robot4,MIN_DISTANCE,OK,4.068,8.552,,0,nearest_robot=robot6
390.000,ours,-,robot5,MIN_DISTANCE,OK,17.406,8.552,,0,nearest_robot=robot2
390.000,ours,-,robot6,MIN_DISTANCE,OK,4.068,8.552,,0,nearest_robot=robot4
390.000,ours,-,fleet,MIN_DISTANCE_AVG,OK,8.552,,,0,robots_sampled=6
391.000,ours,-,robot1,MIN_DISTANCE,OK,8.264,8.386,,0,nearest_robot=robot6
391.000,ours,-,robot2,MIN_DISTANCE,OK,9.668,8.386,,0,nearest_robot=robot1
391.000,ours,-,robot3,MIN_DISTANCE,OK,8.467,8.386,,0,nearest_robot=robot6
391.000,ours,-,robot4,MIN_DISTANCE,OK,3.390,8.386,,0,nearest_robot=robot6
391.000,ours,-,robot5,MIN_DISTANCE,OK,17.137,8.386,,0,nearest_robot=robot2
391.000,ours,-,robot6,MIN_DISTANCE,OK,3.390,8.386,,0,nearest_robot=robot4
391.000,ours,-,fleet,MIN_DISTANCE_AVG,OK,8.386,,,0,robots_sampled=6
391.440,ours,-,fleet,CHOMP_TIME_FULL,OK,,4.856,,0,iterations=100;iterations_executed=100;source=algorithm;round_trip=4.888140
391.950,ours,-,fleet,CHOMP_TIME_PARTIAL,OK,,0.471,,0,iterations=10;iterations_executed=10;source=algorithm;round_trip=0.490521
392.000,ours,-,robot1,MIN_DISTANCE,OK,8.258,8.233,,0,nearest_robot=robot6
392.000,ours,-,robot2,MIN_DISTANCE,OK,10.341,8.233,,0,nearest_robot=robot1
392.000,ours,-,robot3,MIN_DISTANCE,OK,8.523,8.233,,0,nearest_robot=robot6
392.000,ours,-,robot4,MIN_DISTANCE,OK,2.768,8.233,,0,nearest_robot=robot6
392.000,ours,-,robot5,MIN_DISTANCE,OK,16.742,8.233,,0,nearest_robot=robot2
392.000,ours,-,robot6,MIN_DISTANCE,OK,2.768,8.233,,0,nearest_robot=robot4
392.000,ours,-,fleet,MIN_DISTANCE_AVG,OK,8.233,,,0,robots_sampled=6
393.000,ours,-,robot1,MIN_DISTANCE,OK,8.333,8.098,,0,nearest_robot=robot6
393.000,ours,-,robot2,MIN_DISTANCE,OK,10.927,8.098,,0,nearest_robot=robot1
393.000,ours,-,robot3,MIN_DISTANCE,OK,8.396,8.098,,0,nearest_robot=robot1
393.000,ours,-,robot4,MIN_DISTANCE,OK,2.281,8.098,,0,nearest_robot=robot6
393.000,ours,-,robot5,MIN_DISTANCE,OK,16.371,8.098,,0,nearest_robot=robot2
393.000,ours,-,robot6,MIN_DISTANCE,OK,2.281,8.098,,0,nearest_robot=robot4
393.000,ours,-,fleet,MIN_DISTANCE_AVG,OK,8.098,,,0,robots_sampled=6
394.000,ours,-,robot1,MIN_DISTANCE,OK,7.974,7.894,,0,nearest_robot=robot3
394.000,ours,-,robot2,MIN_DISTANCE,OK,11.410,7.894,,0,nearest_robot=robot1
394.000,ours,-,robot3,MIN_DISTANCE,OK,7.974,7.894,,0,nearest_robot=robot1
394.000,ours,-,robot4,MIN_DISTANCE,OK,1.956,7.894,,0,nearest_robot=robot6
394.000,ours,-,robot5,MIN_DISTANCE,OK,16.092,7.894,,0,nearest_robot=robot2
394.000,ours,-,robot6,MIN_DISTANCE,OK,1.956,7.894,,0,nearest_robot=robot4
394.000,ours,-,fleet,MIN_DISTANCE_AVG,OK,7.894,,,0,robots_sampled=6
395.000,ours,-,robot1,MIN_DISTANCE,OK,7.668,7.608,,0,nearest_robot=robot3
395.000,ours,-,robot2,MIN_DISTANCE,OK,11.333,7.608,,0,nearest_robot=robot6
395.000,ours,-,robot3,MIN_DISTANCE,OK,7.668,7.608,,0,nearest_robot=robot1
395.000,ours,-,robot4,MIN_DISTANCE,OK,1.565,7.608,,0,nearest_robot=robot6
395.000,ours,-,robot5,MIN_DISTANCE,OK,15.849,7.608,,0,nearest_robot=robot2
395.000,ours,-,robot6,MIN_DISTANCE,OK,1.565,7.608,,0,nearest_robot=robot4
395.000,ours,-,fleet,MIN_DISTANCE_AVG,OK,7.608,,,0,robots_sampled=6
396.000,ours,-,robot1,MIN_DISTANCE,OK,7.332,7.306,,0,nearest_robot=robot3
396.000,ours,-,robot2,MIN_DISTANCE,OK,10.793,7.306,,0,nearest_robot=robot6
396.000,ours,-,robot3,MIN_DISTANCE,OK,7.332,7.306,,0,nearest_robot=robot1
396.000,ours,-,robot4,MIN_DISTANCE,OK,1.372,7.306,,0,nearest_robot=robot6
396.000,ours,-,robot5,MIN_DISTANCE,OK,15.637,7.306,,0,nearest_robot=robot2
396.000,ours,-,robot6,MIN_DISTANCE,OK,1.372,7.306,,0,nearest_robot=robot4
396.000,ours,-,fleet,MIN_DISTANCE_AVG,OK,7.306,,,0,robots_sampled=6
396.640,ours,-,fleet,CHOMP_TIME_FULL,OK,,4.427,,0,iterations=100;iterations_executed=100;source=algorithm;round_trip=4.448682
397.000,ours,-,robot1,MIN_DISTANCE,OK,7.026,7.114,,0,nearest_robot=robot3
397.000,ours,-,robot2,MIN_DISTANCE,OK,10.266,7.114,,0,nearest_robot=robot6
397.000,ours,-,robot3,MIN_DISTANCE,OK,7.026,7.114,,0,nearest_robot=robot1
397.000,ours,-,robot4,MIN_DISTANCE,OK,1.472,7.114,,0,nearest_robot=robot6
397.000,ours,-,robot5,MIN_DISTANCE,OK,15.424,7.114,,0,nearest_robot=robot2
397.000,ours,-,robot6,MIN_DISTANCE,OK,1.472,7.114,,0,nearest_robot=robot4
397.000,ours,-,fleet,MIN_DISTANCE_AVG,OK,7.114,,,0,robots_sampled=6
397.480,ours,-,fleet,CHOMP_TIME_PARTIAL,OK,,0.518,,0,iterations=10;iterations_executed=10;source=algorithm;round_trip=0.537420
398.000,ours,-,robot1,MIN_DISTANCE,OK,6.857,7.027,,0,nearest_robot=robot3
398.000,ours,-,robot2,MIN_DISTANCE,OK,9.913,7.027,,0,nearest_robot=robot6
398.000,ours,-,robot3,MIN_DISTANCE,OK,6.857,7.027,,0,nearest_robot=robot1
398.000,ours,-,robot4,MIN_DISTANCE,OK,1.664,7.027,,0,nearest_robot=robot6
398.000,ours,-,robot5,MIN_DISTANCE,OK,15.206,7.027,,0,nearest_robot=robot2
398.000,ours,-,robot6,MIN_DISTANCE,OK,1.664,7.027,,0,nearest_robot=robot4
398.000,ours,-,fleet,MIN_DISTANCE_AVG,OK,7.027,,,0,robots_sampled=6
399.000,ours,-,robot1,MIN_DISTANCE,OK,6.753,6.923,,0,nearest_robot=robot3
399.000,ours,-,robot2,MIN_DISTANCE,OK,9.561,6.923,,0,nearest_robot=robot6
399.000,ours,-,robot3,MIN_DISTANCE,OK,5.990,6.923,,0,nearest_robot=robot4
399.000,ours,-,robot4,MIN_DISTANCE,OK,2.125,6.923,,0,nearest_robot=robot6
399.000,ours,-,robot5,MIN_DISTANCE,OK,14.984,6.923,,0,nearest_robot=robot2
399.000,ours,-,robot6,MIN_DISTANCE,OK,2.125,6.923,,0,nearest_robot=robot4
399.000,ours,-,fleet,MIN_DISTANCE_AVG,OK,6.923,,,0,robots_sampled=6
400.000,ours,-,robot1,MIN_DISTANCE,OK,6.660,6.875,,0,nearest_robot=robot3
400.000,ours,-,robot2,MIN_DISTANCE,OK,9.111,6.875,,0,nearest_robot=robot6
400.000,ours,-,robot3,MIN_DISTANCE,OK,5.074,6.875,,0,nearest_robot=robot4
400.000,ours,-,robot4,MIN_DISTANCE,OK,2.809,6.875,,0,nearest_robot=robot6
400.000,ours,-,robot5,MIN_DISTANCE,OK,14.788,6.875,,0,nearest_robot=robot2
400.000,ours,-,robot6,MIN_DISTANCE,OK,2.809,6.875,,0,nearest_robot=robot4
400.000,ours,-,fleet,MIN_DISTANCE_AVG,OK,6.875,,,0,robots_sampled=6
401.000,ours,-,robot1,MIN_DISTANCE,OK,6.614,6.857,,0,nearest_robot=robot3
401.000,ours,-,robot2,MIN_DISTANCE,OK,8.557,6.857,,0,nearest_robot=robot6
401.000,ours,-,robot3,MIN_DISTANCE,OK,4.286,6.857,,0,nearest_robot=robot4
401.000,ours,-,robot4,MIN_DISTANCE,OK,3.514,6.857,,0,nearest_robot=robot6
401.000,ours,-,robot5,MIN_DISTANCE,OK,14.655,6.857,,0,nearest_robot=robot2
401.000,ours,-,robot6,MIN_DISTANCE,OK,3.514,6.857,,0,nearest_robot=robot4
401.000,ours,-,fleet,MIN_DISTANCE_AVG,OK,6.857,,,0,robots_sampled=6
402.000,ours,-,robot1,MIN_DISTANCE,OK,6.578,6.744,,0,nearest_robot=robot3
402.000,ours,-,robot2,MIN_DISTANCE,OK,8.099,6.744,,0,nearest_robot=robot6
402.000,ours,-,robot3,MIN_DISTANCE,OK,3.504,6.744,,0,nearest_robot=robot4
402.000,ours,-,robot4,MIN_DISTANCE,OK,3.504,6.744,,0,nearest_robot=robot3
402.000,ours,-,robot5,MIN_DISTANCE,OK,14.675,6.744,,0,nearest_robot=robot2
402.000,ours,-,robot6,MIN_DISTANCE,OK,4.101,6.744,,0,nearest_robot=robot4
402.000,ours,-,fleet,MIN_DISTANCE_AVG,OK,6.744,,,0,robots_sampled=6
402.280,ours,-,fleet,CHOMP_TIME_FULL,OK,,4.711,,0,iterations=100;iterations_executed=100;source=algorithm;round_trip=4.737907
403.000,ours,-,robot1,MIN_DISTANCE,OK,6.537,6.526,,0,nearest_robot=robot3
403.000,ours,-,robot2,MIN_DISTANCE,OK,7.603,6.526,,0,nearest_robot=robot6
403.000,ours,-,robot3,MIN_DISTANCE,OK,2.752,6.526,,0,nearest_robot=robot4
403.000,ours,-,robot4,MIN_DISTANCE,OK,2.752,6.526,,0,nearest_robot=robot3
403.000,ours,-,robot5,MIN_DISTANCE,OK,14.708,6.526,,0,nearest_robot=robot2
403.000,ours,-,robot6,MIN_DISTANCE,OK,4.802,6.526,,0,nearest_robot=robot4
403.000,ours,-,fleet,MIN_DISTANCE_AVG,OK,6.526,,,0,robots_sampled=6
404.000,ours,-,robot1,MIN_DISTANCE,OK,6.602,6.290,,0,nearest_robot=robot3
404.000,ours,-,robot2,MIN_DISTANCE,OK,7.157,6.290,,0,nearest_robot=robot6
404.000,ours,-,robot3,MIN_DISTANCE,OK,1.923,6.290,,0,nearest_robot=robot4
404.000,ours,-,robot4,MIN_DISTANCE,OK,1.923,6.290,,0,nearest_robot=robot3
404.000,ours,-,robot5,MIN_DISTANCE,OK,14.623,6.290,,0,nearest_robot=robot2
404.000,ours,-,robot6,MIN_DISTANCE,OK,5.511,6.290,,0,nearest_robot=robot4
404.000,ours,-,fleet,MIN_DISTANCE_AVG,OK,6.290,,,0,robots_sampled=6
405.000,ours,-,robot1,MIN_DISTANCE,OK,6.751,6.075,,0,nearest_robot=robot3
405.000,ours,-,robot2,MIN_DISTANCE,OK,6.558,6.075,,0,nearest_robot=robot6
405.000,ours,-,robot3,MIN_DISTANCE,OK,1.221,6.075,,0,nearest_robot=robot4
405.000,ours,-,robot4,MIN_DISTANCE,OK,1.221,6.075,,0,nearest_robot=robot3
405.000,ours,-,robot5,MIN_DISTANCE,OK,14.433,6.075,,0,nearest_robot=robot2
405.000,ours,-,robot6,MIN_DISTANCE,OK,6.267,6.075,,0,nearest_robot=robot4
405.000,ours,-,fleet,MIN_DISTANCE_AVG,OK,6.075,,,0,robots_sampled=6
406.000,ours,-,robot1,MIN_DISTANCE,OK,6.930,5.756,,0,nearest_robot=robot3
406.000,ours,-,robot2,MIN_DISTANCE,OK,5.993,5.756,,0,nearest_robot=robot6
406.000,ours,-,robot3,MIN_DISTANCE,OK,0.694,5.756,,0,nearest_robot=robot4
406.000,ours,-,robot4,MIN_DISTANCE,OK,0.694,5.756,,0,nearest_robot=robot3
406.000,ours,-,robot5,MIN_DISTANCE,OK,14.232,5.756,,0,nearest_robot=robot2
406.000,ours,-,robot6,MIN_DISTANCE,OK,5.993,5.756,,0,nearest_robot=robot2
406.000,ours,-,fleet,MIN_DISTANCE_AVG,OK,5.756,,,0,robots_sampled=6
407.000,ours,-,robot1,MIN_DISTANCE,OK,6.965,5.525,,0,nearest_robot=robot3
407.000,ours,-,robot2,MIN_DISTANCE,OK,5.429,5.525,,0,nearest_robot=robot6
407.000,ours,-,robot3,MIN_DISTANCE,OK,0.661,5.525,,0,nearest_robot=robot4
407.000,ours,-,robot4,MIN_DISTANCE,OK,0.661,5.525,,0,nearest_robot=robot3
407.000,ours,-,robot5,MIN_DISTANCE,OK,14.003,5.525,,0,nearest_robot=robot2
407.000,ours,-,robot6,MIN_DISTANCE,OK,5.429,5.525,,0,nearest_robot=robot2
407.000,ours,-,fleet,MIN_DISTANCE_AVG,OK,5.525,,,0,robots_sampled=6
407.490,ours,-,fleet,CHOMP_TIME_FULL,OK,,4.257,,0,iterations=100;iterations_executed=100;source=algorithm;round_trip=4.280408
408.000,ours,-,robot1,MIN_DISTANCE,OK,7.075,5.417,,0,nearest_robot=robot3
408.000,ours,-,robot2,MIN_DISTANCE,OK,4.881,5.417,,0,nearest_robot=robot6
408.000,ours,-,robot3,MIN_DISTANCE,OK,0.920,5.417,,0,nearest_robot=robot4
408.000,ours,-,robot4,MIN_DISTANCE,OK,0.920,5.417,,0,nearest_robot=robot3
408.000,ours,-,robot5,MIN_DISTANCE,OK,13.826,5.417,,0,nearest_robot=robot2
408.000,ours,-,robot6,MIN_DISTANCE,OK,4.881,5.417,,0,nearest_robot=robot2
408.000,ours,-,fleet,MIN_DISTANCE_AVG,OK,5.417,,,0,robots_sampled=6
409.000,ours,-,robot1,MIN_DISTANCE,OK,6.835,5.346,,0,nearest_robot=robot4
409.000,ours,-,robot2,MIN_DISTANCE,OK,4.350,5.346,,0,nearest_robot=robot6
409.000,ours,-,robot3,MIN_DISTANCE,OK,1.442,5.346,,0,nearest_robot=robot4
409.000,ours,-,robot4,MIN_DISTANCE,OK,1.442,5.346,,0,nearest_robot=robot3
409.000,ours,-,robot5,MIN_DISTANCE,OK,13.654,5.346,,0,nearest_robot=robot2
409.000,ours,-,robot6,MIN_DISTANCE,OK,4.350,5.346,,0,nearest_robot=robot2
409.000,ours,-,fleet,MIN_DISTANCE_AVG,OK,5.346,,,0,robots_sampled=6
410.000,ours,-,robot1,MIN_DISTANCE,OK,6.329,5.293,,0,nearest_robot=robot4
410.000,ours,-,robot2,MIN_DISTANCE,OK,3.840,5.293,,0,nearest_robot=robot6
410.000,ours,-,robot3,MIN_DISTANCE,OK,2.127,5.293,,0,nearest_robot=robot4
410.000,ours,-,robot4,MIN_DISTANCE,OK,2.127,5.293,,0,nearest_robot=robot3
410.000,ours,-,robot5,MIN_DISTANCE,OK,13.491,5.293,,0,nearest_robot=robot2
410.000,ours,-,robot6,MIN_DISTANCE,OK,3.840,5.293,,0,nearest_robot=robot2
410.000,ours,-,fleet,MIN_DISTANCE_AVG,OK,5.293,,,0,robots_sampled=6
411.000,ours,-,robot1,MIN_DISTANCE,OK,5.689,5.259,,0,nearest_robot=robot4
411.000,ours,-,robot2,MIN_DISTANCE,OK,3.446,5.259,,0,nearest_robot=robot6
411.000,ours,-,robot3,MIN_DISTANCE,OK,2.848,5.259,,0,nearest_robot=robot4
411.000,ours,-,robot4,MIN_DISTANCE,OK,2.848,5.259,,0,nearest_robot=robot3
411.000,ours,-,robot5,MIN_DISTANCE,OK,13.277,5.259,,0,nearest_robot=robot2
411.000,ours,-,robot6,MIN_DISTANCE,OK,3.446,5.259,,0,nearest_robot=robot2
411.000,ours,-,fleet,MIN_DISTANCE_AVG,OK,5.259,,,0,robots_sampled=6
412.000,ours,-,robot1,MIN_DISTANCE,OK,5.073,5.278,,0,nearest_robot=robot4
412.000,ours,-,robot2,MIN_DISTANCE,OK,3.210,5.278,,0,nearest_robot=robot6
412.000,ours,-,robot3,MIN_DISTANCE,OK,3.589,5.278,,0,nearest_robot=robot4
412.000,ours,-,robot4,MIN_DISTANCE,OK,3.589,5.278,,0,nearest_robot=robot3
412.000,ours,-,robot5,MIN_DISTANCE,OK,12.999,5.278,,0,nearest_robot=robot2
412.000,ours,-,robot6,MIN_DISTANCE,OK,3.210,5.278,,0,nearest_robot=robot2
412.000,ours,-,fleet,MIN_DISTANCE_AVG,OK,5.278,,,0,robots_sampled=6
412.130,ours,-,fleet,CHOMP_TIME_FULL,OK,,4.394,,0,iterations=100;iterations_executed=100;source=algorithm;round_trip=4.422593
413.000,ours,-,robot1,MIN_DISTANCE,OK,4.504,5.343,,0,nearest_robot=robot4
413.000,ours,-,robot2,MIN_DISTANCE,OK,3.103,5.343,,0,nearest_robot=robot6
413.000,ours,-,robot3,MIN_DISTANCE,OK,4.337,5.343,,0,nearest_robot=robot4
413.000,ours,-,robot4,MIN_DISTANCE,OK,4.337,5.343,,0,nearest_robot=robot3
413.000,ours,-,robot5,MIN_DISTANCE,OK,12.675,5.343,,0,nearest_robot=robot2
413.000,ours,-,robot6,MIN_DISTANCE,OK,3.103,5.343,,0,nearest_robot=robot2
413.000,ours,-,fleet,MIN_DISTANCE_AVG,OK,5.343,,,0,robots_sampled=6
414.000,ours,-,robot1,MIN_DISTANCE,OK,4.062,5.279,,0,nearest_robot=robot4
414.000,ours,-,robot2,MIN_DISTANCE,OK,3.077,5.279,,0,nearest_robot=robot6
414.000,ours,-,robot3,MIN_DISTANCE,OK,5.090,5.279,,0,nearest_robot=robot4
414.000,ours,-,robot4,MIN_DISTANCE,OK,4.062,5.279,,0,nearest_robot=robot1
414.000,ours,-,robot5,MIN_DISTANCE,OK,12.305,5.279,,0,nearest_robot=robot2
414.000,ours,-,robot6,MIN_DISTANCE,OK,3.077,5.279,,0,nearest_robot=robot2
414.000,ours,-,fleet,MIN_DISTANCE_AVG,OK,5.279,,,0,robots_sampled=6
415.000,ours,-,robot1,MIN_DISTANCE,OK,3.581,5.182,,0,nearest_robot=robot4
415.000,ours,-,robot2,MIN_DISTANCE,OK,3.069,5.182,,0,nearest_robot=robot6
415.000,ours,-,robot3,MIN_DISTANCE,OK,5.875,5.182,,0,nearest_robot=robot4
415.000,ours,-,robot4,MIN_DISTANCE,OK,3.581,5.182,,0,nearest_robot=robot1
415.000,ours,-,robot5,MIN_DISTANCE,OK,11.919,5.182,,0,nearest_robot=robot2
415.000,ours,-,robot6,MIN_DISTANCE,OK,3.069,5.182,,0,nearest_robot=robot2
415.000,ours,-,fleet,MIN_DISTANCE_AVG,OK,5.182,,,0,robots_sampled=6
416.000,ours,-,robot1,MIN_DISTANCE,OK,3.094,5.088,,0,nearest_robot=robot4
416.000,ours,-,robot2,MIN_DISTANCE,OK,2.989,5.088,,0,nearest_robot=robot6
416.000,ours,-,robot3,MIN_DISTANCE,OK,6.758,5.088,,0,nearest_robot=robot4
416.000,ours,-,robot4,MIN_DISTANCE,OK,3.094,5.088,,0,nearest_robot=robot1
416.000,ours,-,robot5,MIN_DISTANCE,OK,11.604,5.088,,0,nearest_robot=robot2
416.000,ours,-,robot6,MIN_DISTANCE,OK,2.989,5.088,,0,nearest_robot=robot2
416.000,ours,-,fleet,MIN_DISTANCE_AVG,OK,5.088,,,0,robots_sampled=6
417.000,ours,-,robot1,MIN_DISTANCE,OK,2.649,5.014,,0,nearest_robot=robot4
417.000,ours,-,robot2,MIN_DISTANCE,OK,2.976,5.014,,0,nearest_robot=robot6
417.000,ours,-,robot3,MIN_DISTANCE,OK,7.621,5.014,,0,nearest_robot=robot4
417.000,ours,-,robot4,MIN_DISTANCE,OK,2.649,5.014,,0,nearest_robot=robot1
417.000,ours,-,robot5,MIN_DISTANCE,OK,11.212,5.014,,0,nearest_robot=robot2
417.000,ours,-,robot6,MIN_DISTANCE,OK,2.976,5.014,,0,nearest_robot=robot2
417.000,ours,-,fleet,MIN_DISTANCE_AVG,OK,5.014,,,0,robots_sampled=6
417.070,ours,-,fleet,CHOMP_TIME_FULL,OK,,4.312,,0,iterations=100;iterations_executed=100;source=algorithm;round_trip=4.335739
418.000,ours,-,robot1,MIN_DISTANCE,OK,2.203,4.813,,0,nearest_robot=robot4
418.000,ours,-,robot2,MIN_DISTANCE,OK,2.932,4.813,,0,nearest_robot=robot6
418.000,ours,-,robot3,MIN_DISTANCE,OK,7.802,4.813,,0,nearest_robot=robot6
418.000,ours,-,robot4,MIN_DISTANCE,OK,2.203,4.813,,0,nearest_robot=robot1
418.000,ours,-,robot5,MIN_DISTANCE,OK,10.803,4.813,,0,nearest_robot=robot2
418.000,ours,-,robot6,MIN_DISTANCE,OK,2.932,4.813,,0,nearest_robot=robot2
418.000,ours,-,fleet,MIN_DISTANCE_AVG,OK,4.813,,,0,robots_sampled=6
419.000,ours,-,robot1,MIN_DISTANCE,OK,1.725,4.577,,0,nearest_robot=robot4
419.000,ours,-,robot2,MIN_DISTANCE,OK,2.913,4.577,,0,nearest_robot=robot6
419.000,ours,-,robot3,MIN_DISTANCE,OK,7.803,4.577,,0,nearest_robot=robot6
419.000,ours,-,robot4,MIN_DISTANCE,OK,1.725,4.577,,0,nearest_robot=robot1
419.000,ours,-,robot5,MIN_DISTANCE,OK,10.381,4.577,,0,nearest_robot=robot2
419.000,ours,-,robot6,MIN_DISTANCE,OK,2.913,4.577,,0,nearest_robot=robot2
419.000,ours,-,fleet,MIN_DISTANCE_AVG,OK,4.577,,,0,robots_sampled=6
420.000,ours,-,robot1,MIN_DISTANCE,OK,1.162,4.304,,0,nearest_robot=robot4
420.000,ours,-,robot2,MIN_DISTANCE,OK,2.841,4.304,,0,nearest_robot=robot6
420.000,ours,-,robot3,MIN_DISTANCE,OK,7.816,4.304,,0,nearest_robot=robot6
420.000,ours,-,robot4,MIN_DISTANCE,OK,1.162,4.304,,0,nearest_robot=robot1
420.000,ours,-,robot5,MIN_DISTANCE,OK,9.999,4.304,,0,nearest_robot=robot2
420.000,ours,-,robot6,MIN_DISTANCE,OK,2.841,4.304,,0,nearest_robot=robot2
420.000,ours,-,fleet,MIN_DISTANCE_AVG,OK,4.304,,,0,robots_sampled=6
421.000,ours,-,robot1,MIN_DISTANCE,OK,0.655,4.048,,0,nearest_robot=robot4
421.000,ours,-,robot2,MIN_DISTANCE,OK,2.743,4.048,,0,nearest_robot=robot6
421.000,ours,-,robot3,MIN_DISTANCE,OK,7.828,4.048,,0,nearest_robot=robot6
421.000,ours,-,robot4,MIN_DISTANCE,OK,0.655,4.048,,0,nearest_robot=robot1
421.000,ours,-,robot5,MIN_DISTANCE,OK,9.665,4.048,,0,nearest_robot=robot2
421.000,ours,-,robot6,MIN_DISTANCE,OK,2.743,4.048,,0,nearest_robot=robot2
421.000,ours,-,fleet,MIN_DISTANCE_AVG,OK,4.048,,,0,robots_sampled=6
422.000,ours,-,robot1,MIN_DISTANCE,OK,0.569,3.927,,0,nearest_robot=robot4
422.000,ours,-,robot2,MIN_DISTANCE,OK,2.591,3.927,,0,nearest_robot=robot6
422.000,ours,-,robot3,MIN_DISTANCE,OK,7.876,3.927,,0,nearest_robot=robot6
422.000,ours,-,robot4,MIN_DISTANCE,OK,0.569,3.927,,0,nearest_robot=robot1
422.000,ours,-,robot5,MIN_DISTANCE,OK,9.363,3.927,,0,nearest_robot=robot2
422.000,ours,-,robot6,MIN_DISTANCE,OK,2.591,3.927,,0,nearest_robot=robot2
422.000,ours,-,fleet,MIN_DISTANCE_AVG,OK,3.927,,,0,robots_sampled=6
422.850,ours,-,fleet,CHOMP_TIME_FULL,OK,,4.746,,0,iterations=100;iterations_executed=100;source=algorithm;round_trip=4.767616
423.000,ours,-,robot1,MIN_DISTANCE,OK,0.805,3.911,,0,nearest_robot=robot4
423.000,ours,-,robot2,MIN_DISTANCE,OK,2.434,3.911,,0,nearest_robot=robot6
423.000,ours,-,robot3,MIN_DISTANCE,OK,7.920,3.911,,0,nearest_robot=robot6
423.000,ours,-,robot4,MIN_DISTANCE,OK,0.805,3.911,,0,nearest_robot=robot1
423.000,ours,-,robot5,MIN_DISTANCE,OK,9.066,3.911,,0,nearest_robot=robot2
423.000,ours,-,robot6,MIN_DISTANCE,OK,2.434,3.911,,0,nearest_robot=robot2
423.000,ours,-,fleet,MIN_DISTANCE_AVG,OK,3.911,,,0,robots_sampled=6
423.450,ours,-,fleet,CHOMP_TIME_PARTIAL,OK,,0.469,,0,iterations=10;iterations_executed=10;source=algorithm;round_trip=0.492175
424.000,ours,-,robot1,MIN_DISTANCE,OK,1.427,4.009,,0,nearest_robot=robot4
424.000,ours,-,robot2,MIN_DISTANCE,OK,2.221,4.009,,0,nearest_robot=robot6
424.000,ours,-,robot3,MIN_DISTANCE,OK,7.939,4.009,,0,nearest_robot=robot6
424.000,ours,-,robot4,MIN_DISTANCE,OK,1.427,4.009,,0,nearest_robot=robot1
424.000,ours,-,robot5,MIN_DISTANCE,OK,8.817,4.009,,0,nearest_robot=robot2
424.000,ours,-,robot6,MIN_DISTANCE,OK,2.221,4.009,,0,nearest_robot=robot2
424.000,ours,-,fleet,MIN_DISTANCE_AVG,OK,4.009,,,0,robots_sampled=6
425.000,ours,-,robot1,MIN_DISTANCE,OK,2.020,4.084,,0,nearest_robot=robot4
425.000,ours,-,robot2,MIN_DISTANCE,OK,1.940,4.084,,0,nearest_robot=robot6
425.000,ours,-,robot3,MIN_DISTANCE,OK,7.974,4.084,,0,nearest_robot=robot6
425.000,ours,-,robot4,MIN_DISTANCE,OK,2.020,4.084,,0,nearest_robot=robot1
425.000,ours,-,robot5,MIN_DISTANCE,OK,8.608,4.084,,0,nearest_robot=robot2
425.000,ours,-,robot6,MIN_DISTANCE,OK,1.940,4.084,,0,nearest_robot=robot2
425.000,ours,-,fleet,MIN_DISTANCE_AVG,OK,4.084,,,0,robots_sampled=6
426.000,ours,-,robot1,MIN_DISTANCE,OK,2.136,3.972,,0,nearest_robot=robot4
426.000,ours,-,robot2,MIN_DISTANCE,OK,1.538,3.972,,0,nearest_robot=robot6
426.000,ours,-,robot3,MIN_DISTANCE,OK,7.892,3.972,,0,nearest_robot=robot6
426.000,ours,-,robot4,MIN_DISTANCE,OK,2.136,3.972,,0,nearest_robot=robot1
426.000,ours,-,robot5,MIN_DISTANCE,OK,8.593,3.972,,0,nearest_robot=robot2
426.000,ours,-,robot6,MIN_DISTANCE,OK,1.538,3.972,,0,nearest_robot=robot2
426.000,ours,-,fleet,MIN_DISTANCE_AVG,OK,3.972,,,0,robots_sampled=6
427.000,ours,-,robot1,MIN_DISTANCE,OK,2.092,3.834,,0,nearest_robot=robot4
427.000,ours,-,robot2,MIN_DISTANCE,OK,1.200,3.834,,0,nearest_robot=robot6
427.000,ours,-,robot3,MIN_DISTANCE,OK,7.819,3.834,,0,nearest_robot=robot6
427.000,ours,-,robot4,MIN_DISTANCE,OK,2.092,3.834,,0,nearest_robot=robot1
427.000,ours,-,robot5,MIN_DISTANCE,OK,8.603,3.834,,0,nearest_robot=robot2
427.000,ours,-,robot6,MIN_DISTANCE,OK,1.200,3.834,,0,nearest_robot=robot2
427.000,ours,-,fleet,MIN_DISTANCE_AVG,OK,3.834,,,0,robots_sampled=6
428.000,ours,-,robot1,MIN_DISTANCE,OK,2.072,3.750,,0,nearest_robot=robot4
428.000,ours,-,robot2,MIN_DISTANCE,OK,1.131,3.750,,0,nearest_robot=robot6
428.000,ours,-,robot3,MIN_DISTANCE,OK,7.489,3.750,,0,nearest_robot=robot6
428.000,ours,-,robot4,MIN_DISTANCE,OK,2.072,3.750,,0,nearest_robot=robot1
428.000,ours,-,robot5,MIN_DISTANCE,OK,8.605,3.750,,0,nearest_robot=robot2
428.000,ours,-,robot6,MIN_DISTANCE,OK,1.131,3.750,,0,nearest_robot=robot2
428.000,ours,-,fleet,MIN_DISTANCE_AVG,OK,3.750,,,0,robots_sampled=6
428.090,ours,-,fleet,CHOMP_TIME_FULL,OK,,4.365,,0,iterations=100;iterations_executed=100;source=algorithm;round_trip=4.389205
429.000,ours,-,robot1,MIN_DISTANCE,OK,2.096,3.680,,0,nearest_robot=robot4
429.000,ours,-,robot2,MIN_DISTANCE,OK,1.131,3.680,,0,nearest_robot=robot6
429.000,ours,-,robot3,MIN_DISTANCE,OK,7.011,3.680,,0,nearest_robot=robot6
429.000,ours,-,robot4,MIN_DISTANCE,OK,2.096,3.680,,0,nearest_robot=robot1
429.000,ours,-,robot5,MIN_DISTANCE,OK,8.615,3.680,,0,nearest_robot=robot2
429.000,ours,-,robot6,MIN_DISTANCE,OK,1.131,3.680,,0,nearest_robot=robot2
429.000,ours,-,fleet,MIN_DISTANCE_AVG,OK,3.680,,,0,robots_sampled=6
430.000,ours,-,robot1,MIN_DISTANCE,OK,2.078,3.602,,0,nearest_robot=robot4
430.000,ours,-,robot2,MIN_DISTANCE,OK,1.131,3.602,,0,nearest_robot=robot6
430.000,ours,-,robot3,MIN_DISTANCE,OK,6.581,3.602,,0,nearest_robot=robot6
430.000,ours,-,robot4,MIN_DISTANCE,OK,2.078,3.602,,0,nearest_robot=robot1
430.000,ours,-,robot5,MIN_DISTANCE,OK,8.616,3.602,,0,nearest_robot=robot2
430.000,ours,-,robot6,MIN_DISTANCE,OK,1.131,3.602,,0,nearest_robot=robot2
430.000,ours,-,fleet,MIN_DISTANCE_AVG,OK,3.602,,,0,robots_sampled=6
431.000,ours,-,robot1,MIN_DISTANCE,OK,2.094,3.536,,0,nearest_robot=robot4
431.000,ours,-,robot2,MIN_DISTANCE,OK,1.130,3.536,,0,nearest_robot=robot6
431.000,ours,-,robot3,MIN_DISTANCE,OK,6.149,3.536,,0,nearest_robot=robot6
431.000,ours,-,robot4,MIN_DISTANCE,OK,2.094,3.536,,0,nearest_robot=robot1
431.000,ours,-,robot5,MIN_DISTANCE,OK,8.618,3.536,,0,nearest_robot=robot2
431.000,ours,-,robot6,MIN_DISTANCE,OK,1.130,3.536,,0,nearest_robot=robot2
431.000,ours,-,fleet,MIN_DISTANCE_AVG,OK,3.536,,,0,robots_sampled=6
432.000,ours,-,robot1,MIN_DISTANCE,OK,2.117,3.488,,0,nearest_robot=robot4
432.000,ours,-,robot2,MIN_DISTANCE,OK,1.130,3.488,,0,nearest_robot=robot6
432.000,ours,-,robot3,MIN_DISTANCE,OK,5.734,3.488,,0,nearest_robot=robot6
432.000,ours,-,robot4,MIN_DISTANCE,OK,2.117,3.488,,0,nearest_robot=robot1
432.000,ours,-,robot5,MIN_DISTANCE,OK,8.697,3.488,,0,nearest_robot=robot2
432.000,ours,-,robot6,MIN_DISTANCE,OK,1.130,3.488,,0,nearest_robot=robot2
432.000,ours,-,fleet,MIN_DISTANCE_AVG,OK,3.488,,,0,robots_sampled=6
433.000,ours,-,robot1,MIN_DISTANCE,OK,2.150,3.453,,0,nearest_robot=robot4
433.000,ours,-,robot2,MIN_DISTANCE,OK,1.130,3.453,,0,nearest_robot=robot6
433.000,ours,-,robot3,MIN_DISTANCE,OK,5.333,3.453,,0,nearest_robot=robot6
433.000,ours,-,robot4,MIN_DISTANCE,OK,2.150,3.453,,0,nearest_robot=robot1
433.000,ours,-,robot5,MIN_DISTANCE,OK,8.822,3.453,,0,nearest_robot=robot2
433.000,ours,-,robot6,MIN_DISTANCE,OK,1.130,3.453,,0,nearest_robot=robot2
433.000,ours,-,fleet,MIN_DISTANCE_AVG,OK,3.453,,,0,robots_sampled=6
433.440,ours,-,fleet,CHOMP_TIME_FULL,OK,,4.081,,0,iterations=100;iterations_executed=100;source=algorithm;round_trip=4.107265
434.000,ours,-,robot1,MIN_DISTANCE,OK,2.202,3.395,,0,nearest_robot=robot4
434.000,ours,-,robot2,MIN_DISTANCE,OK,1.096,3.395,,0,nearest_robot=robot6
434.000,ours,-,robot3,MIN_DISTANCE,OK,4.938,3.395,,0,nearest_robot=robot6
434.000,ours,-,robot4,MIN_DISTANCE,OK,2.202,3.395,,0,nearest_robot=robot1
434.000,ours,-,robot5,MIN_DISTANCE,OK,8.838,3.395,,0,nearest_robot=robot2
434.000,ours,-,robot6,MIN_DISTANCE,OK,1.096,3.395,,0,nearest_robot=robot2
434.000,ours,-,fleet,MIN_DISTANCE_AVG,OK,3.395,,,0,robots_sampled=6
435.000,ours,-,robot1,MIN_DISTANCE,OK,2.437,3.396,,0,nearest_robot=robot4
435.000,ours,-,robot2,MIN_DISTANCE,OK,0.975,3.396,,0,nearest_robot=robot6
435.000,ours,-,robot3,MIN_DISTANCE,OK,4.520,3.396,,0,nearest_robot=robot6
435.000,ours,-,robot4,MIN_DISTANCE,OK,2.437,3.396,,0,nearest_robot=robot1
435.000,ours,-,robot5,MIN_DISTANCE,OK,9.031,3.396,,0,nearest_robot=robot2
435.000,ours,-,robot6,MIN_DISTANCE,OK,0.975,3.396,,0,nearest_robot=robot2
435.000,ours,-,fleet,MIN_DISTANCE_AVG,OK,3.396,,,0,robots_sampled=6
436.000,ours,-,robot1,MIN_DISTANCE,OK,2.931,3.489,,0,nearest_robot=robot4
436.000,ours,-,robot2,MIN_DISTANCE,OK,0.805,3.489,,0,nearest_robot=robot6
436.000,ours,-,robot3,MIN_DISTANCE,OK,4.156,3.489,,0,nearest_robot=robot6
436.000,ours,-,robot4,MIN_DISTANCE,OK,2.931,3.489,,0,nearest_robot=robot1
436.000,ours,-,robot5,MIN_DISTANCE,OK,9.308,3.489,,0,nearest_robot=robot2
436.000,ours,-,robot6,MIN_DISTANCE,OK,0.805,3.489,,0,nearest_robot=robot2
436.000,ours,-,fleet,MIN_DISTANCE_AVG,OK,3.489,,,0,robots_sampled=6
437.000,ours,-,robot1,MIN_DISTANCE,OK,3.541,3.656,,0,nearest_robot=robot4
437.000,ours,-,robot2,MIN_DISTANCE,OK,0.820,3.656,,0,nearest_robot=robot6
437.000,ours,-,robot3,MIN_DISTANCE,OK,3.766,3.656,,0,nearest_robot=robot6
437.000,ours,-,robot4,MIN_DISTANCE,OK,3.541,3.656,,0,nearest_robot=robot1
437.000,ours,-,robot5,MIN_DISTANCE,OK,9.451,3.656,,0,nearest_robot=robot2
437.000,ours,-,robot6,MIN_DISTANCE,OK,0.820,3.656,,0,nearest_robot=robot2
437.000,ours,-,fleet,MIN_DISTANCE_AVG,OK,3.656,,,0,robots_sampled=6
438.000,ours,-,robot1,MIN_DISTANCE,OK,4.198,3.925,,0,nearest_robot=robot4
438.000,ours,-,robot2,MIN_DISTANCE,OK,1.174,3.925,,0,nearest_robot=robot6
438.000,ours,-,robot3,MIN_DISTANCE,OK,3.468,3.925,,0,nearest_robot=robot6
438.000,ours,-,robot4,MIN_DISTANCE,OK,4.198,3.925,,0,nearest_robot=robot1
438.000,ours,-,robot5,MIN_DISTANCE,OK,9.338,3.925,,0,nearest_robot=robot2
438.000,ours,-,robot6,MIN_DISTANCE,OK,1.174,3.925,,0,nearest_robot=robot2
438.000,ours,-,fleet,MIN_DISTANCE_AVG,OK,3.925,,,0,robots_sampled=6
438.100,ours,-,fleet,CHOMP_TIME_FULL,OK,,4.265,,0,iterations=100;iterations_executed=100;source=algorithm;round_trip=4.293396
439.000,ours,-,robot1,MIN_DISTANCE,OK,4.712,4.183,,0,nearest_robot=robot4
439.000,ours,-,robot2,MIN_DISTANCE,OK,1.609,4.183,,0,nearest_robot=robot6
439.000,ours,-,robot3,MIN_DISTANCE,OK,3.126,4.183,,0,nearest_robot=robot6
439.000,ours,-,robot4,MIN_DISTANCE,OK,4.712,4.183,,0,nearest_robot=robot1
439.000,ours,-,robot5,MIN_DISTANCE,OK,9.333,4.183,,0,nearest_robot=robot2
439.000,ours,-,robot6,MIN_DISTANCE,OK,1.609,4.183,,0,nearest_robot=robot2
439.000,ours,-,fleet,MIN_DISTANCE_AVG,OK,4.183,,,0,robots_sampled=6
440.000,ours,-,robot1,MIN_DISTANCE,OK,5.081,4.346,,0,nearest_robot=robot4
440.000,ours,-,robot2,MIN_DISTANCE,OK,1.981,4.346,,0,nearest_robot=robot6
440.000,ours,-,robot3,MIN_DISTANCE,OK,2.658,4.346,,0,nearest_robot=robot6
440.000,ours,-,robot4,MIN_DISTANCE,OK,5.081,4.346,,0,nearest_robot=robot1
440.000,ours,-,robot5,MIN_DISTANCE,OK,9.293,4.346,,0,nearest_robot=robot2
440.000,ours,-,robot6,MIN_DISTANCE,OK,1.981,4.346,,0,nearest_robot=robot2
440.000,ours,-,fleet,MIN_DISTANCE_AVG,OK,4.346,,,0,robots_sampled=6
441.000,ours,-,robot1,MIN_DISTANCE,OK,5.437,4.393,,0,nearest_robot=robot4
441.000,ours,-,robot2,MIN_DISTANCE,OK,2.322,4.393,,0,nearest_robot=robot6
441.000,ours,-,robot3,MIN_DISTANCE,OK,1.922,4.393,,0,nearest_robot=robot6
441.000,ours,-,robot4,MIN_DISTANCE,OK,5.437,4.393,,0,nearest_robot=robot1
441.000,ours,-,robot5,MIN_DISTANCE,OK,9.319,4.393,,0,nearest_robot=robot2
441.000,ours,-,robot6,MIN_DISTANCE,OK,1.922,4.393,,0,nearest_robot=robot3
441.000,ours,-,fleet,MIN_DISTANCE_AVG,OK,4.393,,,0,robots_sampled=6
442.000,ours,-,robot1,MIN_DISTANCE,OK,5.783,4.335,,0,nearest_robot=robot4
442.000,ours,-,robot2,MIN_DISTANCE,OK,2.678,4.335,,0,nearest_robot=robot6
442.000,ours,-,robot3,MIN_DISTANCE,OK,1.243,4.335,,0,nearest_robot=robot6
442.000,ours,-,robot4,MIN_DISTANCE,OK,5.783,4.335,,0,nearest_robot=robot1
442.000,ours,-,robot5,MIN_DISTANCE,OK,9.280,4.335,,0,nearest_robot=robot2
442.000,ours,-,robot6,MIN_DISTANCE,OK,1.243,4.335,,0,nearest_robot=robot3
442.000,ours,-,fleet,MIN_DISTANCE_AVG,OK,4.335,,,0,robots_sampled=6
442.900,ours,-,fleet,CHOMP_TIME_FULL,OK,,4.072,,0,iterations=100;iterations_executed=100;source=algorithm;round_trip=4.093488
443.000,ours,-,robot1,MIN_DISTANCE,OK,6.103,4.276,,0,nearest_robot=robot4
443.000,ours,-,robot2,MIN_DISTANCE,OK,3.187,4.276,,0,nearest_robot=robot6
443.000,ours,-,robot3,MIN_DISTANCE,OK,0.511,4.276,,0,nearest_robot=robot6
443.000,ours,-,robot4,MIN_DISTANCE,OK,6.103,4.276,,0,nearest_robot=robot1
443.000,ours,-,robot5,MIN_DISTANCE,OK,9.240,4.276,,0,nearest_robot=robot2
443.000,ours,-,robot6,MIN_DISTANCE,OK,0.511,4.276,,0,nearest_robot=robot3
443.000,ours,-,fleet,MIN_DISTANCE_AVG,OK,4.276,,,0,robots_sampled=6
444.000,ours,-,robot1,MIN_DISTANCE,OK,6.543,4.415,,0,nearest_robot=robot4
444.000,ours,-,robot2,MIN_DISTANCE,OK,3.503,4.415,,0,nearest_robot=robot6
444.000,ours,-,robot3,MIN_DISTANCE,OK,0.372,4.415,,0,nearest_robot=robot6
444.000,ours,-,robot4,MIN_DISTANCE,OK,6.543,4.415,,0,nearest_robot=robot1
444.000,ours,-,robot5,MIN_DISTANCE,OK,9.156,4.415,,0,nearest_robot=robot2
444.000,ours,-,robot6,MIN_DISTANCE,OK,0.372,4.415,,0,nearest_robot=robot3
444.000,ours,-,fleet,MIN_DISTANCE_AVG,OK,4.415,,,0,robots_sampled=6
445.000,ours,-,robot1,MIN_DISTANCE,OK,6.990,4.615,,0,nearest_robot=robot4
445.000,ours,-,robot2,MIN_DISTANCE,OK,3.743,4.615,,0,nearest_robot=robot6
445.000,ours,-,robot3,MIN_DISTANCE,OK,0.483,4.615,,0,nearest_robot=robot6
445.000,ours,-,robot4,MIN_DISTANCE,OK,6.990,4.615,,0,nearest_robot=robot1
445.000,ours,-,robot5,MIN_DISTANCE,OK,9.000,4.615,,0,nearest_robot=robot2
445.000,ours,-,robot6,MIN_DISTANCE,OK,0.483,4.615,,0,nearest_robot=robot3
445.000,ours,-,fleet,MIN_DISTANCE_AVG,OK,4.615,,,0,robots_sampled=6
446.000,ours,-,robot1,MIN_DISTANCE,OK,7.396,4.755,,0,nearest_robot=robot4
446.000,ours,-,robot2,MIN_DISTANCE,OK,4.127,4.755,,0,nearest_robot=robot6
446.000,ours,-,robot3,MIN_DISTANCE,OK,0.369,4.755,,0,nearest_robot=robot6
446.000,ours,-,robot4,MIN_DISTANCE,OK,7.396,4.755,,0,nearest_robot=robot1
446.000,ours,-,robot5,MIN_DISTANCE,OK,8.871,4.755,,0,nearest_robot=robot2
446.000,ours,-,robot6,MIN_DISTANCE,OK,0.369,4.755,,0,nearest_robot=robot3
446.000,ours,-,fleet,MIN_DISTANCE_AVG,OK,4.755,,,0,robots_sampled=6
447.000,ours,-,robot1,MIN_DISTANCE,OK,7.773,5.005,,0,nearest_robot=robot4
447.000,ours,-,robot2,MIN_DISTANCE,OK,4.409,5.005,,0,nearest_robot=robot6
447.000,ours,-,robot3,MIN_DISTANCE,OK,0.625,5.005,,0,nearest_robot=robot6
447.000,ours,-,robot4,MIN_DISTANCE,OK,7.773,5.005,,0,nearest_robot=robot1
447.000,ours,-,robot5,MIN_DISTANCE,OK,8.821,5.005,,0,nearest_robot=robot2
447.000,ours,-,robot6,MIN_DISTANCE,OK,0.625,5.005,,0,nearest_robot=robot3
447.000,ours,-,fleet,MIN_DISTANCE_AVG,OK,5.005,,,0,robots_sampled=6
447.520,ours,-,fleet,CHOMP_TIME_FULL,OK,,4.256,,0,iterations=100;iterations_executed=100;source=algorithm;round_trip=4.283070
448.000,ours,-,robot1,MIN_DISTANCE,OK,8.101,5.246,,0,nearest_robot=robot4
448.000,ours,-,robot2,MIN_DISTANCE,OK,4.701,5.246,,0,nearest_robot=robot6
448.000,ours,-,robot3,MIN_DISTANCE,OK,0.905,5.246,,0,nearest_robot=robot6
448.000,ours,-,robot4,MIN_DISTANCE,OK,8.101,5.246,,0,nearest_robot=robot1
448.000,ours,-,robot5,MIN_DISTANCE,OK,8.762,5.246,,0,nearest_robot=robot2
448.000,ours,-,robot6,MIN_DISTANCE,OK,0.905,5.246,,0,nearest_robot=robot3
448.000,ours,-,fleet,MIN_DISTANCE_AVG,OK,5.246,,,0,robots_sampled=6
449.000,ours,-,robot1,MIN_DISTANCE,OK,8.367,5.442,,0,nearest_robot=robot4
449.000,ours,-,robot2,MIN_DISTANCE,OK,5.065,5.442,,0,nearest_robot=robot6
449.000,ours,-,robot3,MIN_DISTANCE,OK,1.049,5.442,,0,nearest_robot=robot6
449.000,ours,-,robot4,MIN_DISTANCE,OK,8.367,5.442,,0,nearest_robot=robot1
449.000,ours,-,robot5,MIN_DISTANCE,OK,8.754,5.442,,0,nearest_robot=robot2
449.000,ours,-,robot6,MIN_DISTANCE,OK,1.049,5.442,,0,nearest_robot=robot3
449.000,ours,-,fleet,MIN_DISTANCE_AVG,OK,5.442,,,0,robots_sampled=6
450.000,ours,-,robot1,MIN_DISTANCE,OK,8.559,5.627,,0,nearest_robot=robot4
450.000,ours,-,robot2,MIN_DISTANCE,OK,5.580,5.627,,0,nearest_robot=robot6
450.000,ours,-,robot3,MIN_DISTANCE,OK,1.276,5.627,,0,nearest_robot=robot6
450.000,ours,-,robot4,MIN_DISTANCE,OK,8.559,5.627,,0,nearest_robot=robot1
450.000,ours,-,robot5,MIN_DISTANCE,OK,8.515,5.627,,0,nearest_robot=robot3
450.000,ours,-,robot6,MIN_DISTANCE,OK,1.276,5.627,,0,nearest_robot=robot3
450.000,ours,-,fleet,MIN_DISTANCE_AVG,OK,5.627,,,0,robots_sampled=6
451.000,ours,-,robot1,MIN_DISTANCE,OK,8.709,5.826,,0,nearest_robot=robot4
451.000,ours,-,robot2,MIN_DISTANCE,OK,6.284,5.826,,0,nearest_robot=robot3
451.000,ours,-,robot3,MIN_DISTANCE,OK,1.581,5.826,,0,nearest_robot=robot6
451.000,ours,-,robot4,MIN_DISTANCE,OK,8.709,5.826,,0,nearest_robot=robot1
451.000,ours,-,robot5,MIN_DISTANCE,OK,8.088,5.826,,0,nearest_robot=robot3
451.000,ours,-,robot6,MIN_DISTANCE,OK,1.581,5.826,,0,nearest_robot=robot3
451.000,ours,-,fleet,MIN_DISTANCE_AVG,OK,5.826,,,0,robots_sampled=6
452.000,ours,-,robot1,MIN_DISTANCE,OK,8.828,5.967,,0,nearest_robot=robot4
452.000,ours,-,robot2,MIN_DISTANCE,OK,6.665,5.967,,0,nearest_robot=robot3
452.000,ours,-,robot3,MIN_DISTANCE,OK,1.875,5.967,,0,nearest_robot=robot6
452.000,ours,-,robot4,MIN_DISTANCE,OK,8.828,5.967,,0,nearest_robot=robot1
452.000,ours,-,robot5,MIN_DISTANCE,OK,7.730,5.967,,0,nearest_robot=robot3
452.000,ours,-,robot6,MIN_DISTANCE,OK,1.875,5.967,,0,nearest_robot=robot3
452.000,ours,-,fleet,MIN_DISTANCE_AVG,OK,5.967,,,0,robots_sampled=6
452.640,ours,-,fleet,CHOMP_TIME_FULL,OK,,4.423,,0,iterations=100;iterations_executed=100;source=algorithm;round_trip=4.448094
453.000,ours,-,robot1,MIN_DISTANCE,OK,8.854,6.084,,0,nearest_robot=robot4
453.000,ours,-,robot2,MIN_DISTANCE,OK,7.084,6.084,,0,nearest_robot=robot3
453.000,ours,-,robot3,MIN_DISTANCE,OK,2.178,6.084,,0,nearest_robot=robot6
453.000,ours,-,robot4,MIN_DISTANCE,OK,8.854,6.084,,0,nearest_robot=robot1
453.000,ours,-,robot5,MIN_DISTANCE,OK,7.357,6.084,,0,nearest_robot=robot3
453.000,ours,-,robot6,MIN_DISTANCE,OK,2.178,6.084,,0,nearest_robot=robot3
453.000,ours,-,fleet,MIN_DISTANCE_AVG,OK,6.084,,,0,robots_sampled=6
453.430,ours,-,fleet,CHOMP_TIME_PARTIAL,OK,,0.448,,0,iterations=10;iterations_executed=10;source=algorithm;round_trip=0.466226
453.940,ours,-,fleet,CHOMP_TIME_PARTIAL,OK,,0.459,,0,iterations=10;iterations_executed=10;source=algorithm;round_trip=0.478392
454.000,ours,-,robot1,MIN_DISTANCE,OK,8.876,6.232,,0,nearest_robot=robot4
454.000,ours,-,robot2,MIN_DISTANCE,OK,7.605,6.232,,0,nearest_robot=robot3
454.000,ours,-,robot3,MIN_DISTANCE,OK,2.522,6.232,,0,nearest_robot=robot6
454.000,ours,-,robot4,MIN_DISTANCE,OK,8.876,6.232,,0,nearest_robot=robot1
454.000,ours,-,robot5,MIN_DISTANCE,OK,6.992,6.232,,0,nearest_robot=robot3
454.000,ours,-,robot6,MIN_DISTANCE,OK,2.522,6.232,,0,nearest_robot=robot3
454.000,ours,-,fleet,MIN_DISTANCE_AVG,OK,6.232,,,0,robots_sampled=6
454.440,ours,-,fleet,CHOMP_TIME_PARTIAL,OK,,0.443,,0,iterations=10;iterations_executed=10;source=algorithm;round_trip=0.469979
454.950,ours,-,fleet,CHOMP_TIME_PARTIAL,OK,,0.459,,0,iterations=10;iterations_executed=10;source=algorithm;round_trip=0.479817
455.000,ours,-,robot1,MIN_DISTANCE,OK,8.910,6.351,,0,nearest_robot=robot4
455.000,ours,-,robot2,MIN_DISTANCE,OK,7.910,6.351,,0,nearest_robot=robot3
455.000,ours,-,robot3,MIN_DISTANCE,OK,2.882,6.351,,0,nearest_robot=robot6
455.000,ours,-,robot4,MIN_DISTANCE,OK,8.910,6.351,,0,nearest_robot=robot1
455.000,ours,-,robot5,MIN_DISTANCE,OK,6.612,6.351,,0,nearest_robot=robot3
455.000,ours,-,robot6,MIN_DISTANCE,OK,2.882,6.351,,0,nearest_robot=robot3
455.000,ours,-,fleet,MIN_DISTANCE_AVG,OK,6.351,,,0,robots_sampled=6
455.410,ours,-,fleet,CHOMP_TIME_PARTIAL,OK,,0.428,,0,iterations=10;iterations_executed=10;source=algorithm;round_trip=0.449904
455.980,ours,-,fleet,CHOMP_TIME_PARTIAL,OK,,0.502,,0,iterations=10;iterations_executed=10;source=algorithm;round_trip=0.521398
456.000,ours,-,robot1,MIN_DISTANCE,OK,8.350,6.331,,0,nearest_robot=robot6
456.000,ours,-,robot2,MIN_DISTANCE,OK,8.171,6.331,,0,nearest_robot=robot3
456.000,ours,-,robot3,MIN_DISTANCE,OK,3.019,6.331,,0,nearest_robot=robot6
456.000,ours,-,robot4,MIN_DISTANCE,OK,8.923,6.331,,0,nearest_robot=robot1
456.000,ours,-,robot5,MIN_DISTANCE,OK,6.506,6.331,,0,nearest_robot=robot3
456.000,ours,-,robot6,MIN_DISTANCE,OK,3.019,6.331,,0,nearest_robot=robot3
456.000,ours,-,fleet,MIN_DISTANCE_AVG,OK,6.331,,,0,robots_sampled=6
456.440,ours,-,fleet,CHOMP_TIME_PARTIAL,OK,,0.455,,0,iterations=10;iterations_executed=10;source=algorithm;round_trip=0.477954
456.930,ours,-,fleet,CHOMP_TIME_PARTIAL,OK,,0.441,,0,iterations=10;iterations_executed=10;source=algorithm;round_trip=0.465893
457.000,ours,-,robot1,MIN_DISTANCE,OK,7.507,6.268,,0,nearest_robot=robot6
457.000,ours,-,robot2,MIN_DISTANCE,OK,8.495,6.268,,0,nearest_robot=robot3
457.000,ours,-,robot3,MIN_DISTANCE,OK,3.106,6.268,,0,nearest_robot=robot6
457.000,ours,-,robot4,MIN_DISTANCE,OK,8.928,6.268,,0,nearest_robot=robot1
457.000,ours,-,robot5,MIN_DISTANCE,OK,6.467,6.268,,0,nearest_robot=robot3
457.000,ours,-,robot6,MIN_DISTANCE,OK,3.106,6.268,,0,nearest_robot=robot3
457.000,ours,-,fleet,MIN_DISTANCE_AVG,OK,6.268,,,0,robots_sampled=6
457.530,ours,-,fleet,CHOMP_TIME_PARTIAL,OK,,0.590,,0,iterations=10;iterations_executed=10;source=algorithm;round_trip=0.607835
458.000,ours,-,robot1,MIN_DISTANCE,OK,6.725,6.198,,0,nearest_robot=robot6
458.000,ours,-,robot2,MIN_DISTANCE,OK,8.808,6.198,,0,nearest_robot=robot3
458.000,ours,-,robot3,MIN_DISTANCE,OK,3.118,6.198,,0,nearest_robot=robot6
458.000,ours,-,robot4,MIN_DISTANCE,OK,8.927,6.198,,0,nearest_robot=robot1
458.000,ours,-,robot5,MIN_DISTANCE,OK,6.493,6.198,,0,nearest_robot=robot3
458.000,ours,-,robot6,MIN_DISTANCE,OK,3.118,6.198,,0,nearest_robot=robot3
458.000,ours,-,fleet,MIN_DISTANCE_AVG,OK,6.198,,,0,robots_sampled=6
458.430,ours,-,fleet,CHOMP_TIME_PARTIAL,OK,,0.445,,0,iterations=10;iterations_executed=10;source=algorithm;round_trip=0.467440
458.950,ours,-,fleet,CHOMP_TIME_PARTIAL,OK,,0.463,,0,iterations=10;iterations_executed=10;source=algorithm;round_trip=0.479855
459.000,ours,-,robot1,MIN_DISTANCE,OK,5.987,6.162,,0,nearest_robot=robot6
459.000,ours,-,robot2,MIN_DISTANCE,OK,9.234,6.162,,0,nearest_robot=robot3
459.000,ours,-,robot3,MIN_DISTANCE,OK,3.139,6.162,,0,nearest_robot=robot6
459.000,ours,-,robot4,MIN_DISTANCE,OK,8.922,6.162,,0,nearest_robot=robot1
459.000,ours,-,robot5,MIN_DISTANCE,OK,6.549,6.162,,0,nearest_robot=robot3
459.000,ours,-,robot6,MIN_DISTANCE,OK,3.139,6.162,,0,nearest_robot=robot3
459.000,ours,-,fleet,MIN_DISTANCE_AVG,OK,6.162,,,0,robots_sampled=6
459.440,ours,-,fleet,CHOMP_TIME_PARTIAL,OK,,0.458,,0,iterations=10;iterations_executed=10;source=algorithm;round_trip=0.478049
459.920,ours,-,fleet,CHOMP_TIME_PARTIAL,OK,,0.440,,0,iterations=10;iterations_executed=10;source=algorithm;round_trip=0.456833
460.000,ours,-,robot1,MIN_DISTANCE,OK,5.109,6.082,,0,nearest_robot=robot6
460.000,ours,-,robot2,MIN_DISTANCE,OK,9.638,6.082,,0,nearest_robot=robot3
460.000,ours,-,robot3,MIN_DISTANCE,OK,3.119,6.082,,0,nearest_robot=robot6
460.000,ours,-,robot4,MIN_DISTANCE,OK,8.911,6.082,,0,nearest_robot=robot1
460.000,ours,-,robot5,MIN_DISTANCE,OK,6.595,6.082,,0,nearest_robot=robot3
460.000,ours,-,robot6,MIN_DISTANCE,OK,3.119,6.082,,0,nearest_robot=robot3
460.000,ours,-,fleet,MIN_DISTANCE_AVG,OK,6.082,,,0,robots_sampled=6
460.440,ours,-,fleet,CHOMP_TIME_PARTIAL,OK,,0.463,,0,iterations=10;iterations_executed=10;source=algorithm;round_trip=0.482260
461.010,ours,-,robot1,MIN_DISTANCE,OK,4.334,6.006,,0,nearest_robot=robot6
461.010,ours,-,robot2,MIN_DISTANCE,OK,10.001,6.006,,0,nearest_robot=robot3
461.010,ours,-,robot3,MIN_DISTANCE,OK,3.122,6.006,,0,nearest_robot=robot6
461.010,ours,-,robot4,MIN_DISTANCE,OK,8.859,6.006,,0,nearest_robot=robot1
461.010,ours,-,robot5,MIN_DISTANCE,OK,6.597,6.006,,0,nearest_robot=robot3
461.010,ours,-,robot6,MIN_DISTANCE,OK,3.122,6.006,,0,nearest_robot=robot3
461.010,ours,-,fleet,MIN_DISTANCE_AVG,OK,6.006,,,0,robots_sampled=6
461.010,ours,-,fleet,CHOMP_TIME_PARTIAL,OK,,0.543,,0,iterations=10;iterations_executed=10;source=algorithm;round_trip=0.571857
461.960,ours,-,fleet,CHOMP_TIME_PARTIAL,OK,,0.509,,0,iterations=10;iterations_executed=10;source=algorithm;round_trip=0.535235
462.000,ours,-,robot1,MIN_DISTANCE,OK,3.645,5.905,,0,nearest_robot=robot6
462.000,ours,-,robot2,MIN_DISTANCE,OK,10.213,5.905,,0,nearest_robot=robot3
462.000,ours,-,robot3,MIN_DISTANCE,OK,3.061,5.905,,0,nearest_robot=robot6
462.000,ours,-,robot4,MIN_DISTANCE,OK,8.765,5.905,,0,nearest_robot=robot1
462.000,ours,-,robot5,MIN_DISTANCE,OK,6.688,5.905,,0,nearest_robot=robot3
462.000,ours,-,robot6,MIN_DISTANCE,OK,3.061,5.905,,0,nearest_robot=robot3
462.000,ours,-,fleet,MIN_DISTANCE_AVG,OK,5.905,,,0,robots_sampled=6
462.440,ours,-,fleet,CHOMP_TIME_PARTIAL,OK,,0.459,,0,iterations=10;iterations_executed=10;source=algorithm;round_trip=0.482815
463.000,ours,-,robot1,MIN_DISTANCE,OK,2.780,5.756,,0,nearest_robot=robot6
463.000,ours,-,robot2,MIN_DISTANCE,OK,10.398,5.756,,0,nearest_robot=robot3
463.000,ours,-,robot3,MIN_DISTANCE,OK,3.053,5.756,,0,nearest_robot=robot6
463.000,ours,-,robot4,MIN_DISTANCE,OK,8.748,5.756,,0,nearest_robot=robot1
463.000,ours,-,robot5,MIN_DISTANCE,OK,6.776,5.756,,0,nearest_robot=robot3
463.000,ours,-,robot6,MIN_DISTANCE,OK,2.780,5.756,,0,nearest_robot=robot1
463.000,ours,-,fleet,MIN_DISTANCE_AVG,OK,5.756,,,0,robots_sampled=6
463.040,ours,-,fleet,CHOMP_TIME_PARTIAL,OK,,0.594,,0,iterations=10;iterations_executed=10;source=algorithm;round_trip=0.617090
463.940,ours,-,fleet,CHOMP_TIME_PARTIAL,OK,,0.453,,0,iterations=10;iterations_executed=10;source=algorithm;round_trip=0.469707
464.000,ours,-,robot1,MIN_DISTANCE,OK,1.985,5.511,,0,nearest_robot=robot6
464.000,ours,-,robot2,MIN_DISTANCE,OK,10.499,5.511,,0,nearest_robot=robot3
464.000,ours,-,robot3,MIN_DISTANCE,OK,3.101,5.511,,0,nearest_robot=robot6
464.000,ours,-,robot4,MIN_DISTANCE,OK,8.722,5.511,,0,nearest_robot=robot1
464.000,ours,-,robot5,MIN_DISTANCE,OK,6.776,5.511,,0,nearest_robot=robot3
464.000,ours,-,robot6,MIN_DISTANCE,OK,1.985,5.511,,0,nearest_robot=robot1
464.000,ours,-,fleet,MIN_DISTANCE_AVG,OK,5.511,,,0,robots_sampled=6
464.420,ours,-,fleet,CHOMP_TIME_PARTIAL,OK,,0.433,,0,iterations=10;iterations_executed=10;source=algorithm;round_trip=0.451019
464.960,ours,-,fleet,CHOMP_TIME_PARTIAL,OK,,0.480,,0,iterations=10;iterations_executed=10;source=algorithm;round_trip=0.498544
465.000,ours,-,robot1,MIN_DISTANCE,OK,1.324,5.246,,0,nearest_robot=robot6
465.000,ours,-,robot2,MIN_DISTANCE,OK,10.252,5.246,,0,nearest_robot=robot4
465.000,ours,-,robot3,MIN_DISTANCE,OK,3.069,5.246,,0,nearest_robot=robot6
465.000,ours,-,robot4,MIN_DISTANCE,OK,8.718,5.246,,0,nearest_robot=robot1
465.000,ours,-,robot5,MIN_DISTANCE,OK,6.790,5.246,,0,nearest_robot=robot3
465.000,ours,-,robot6,MIN_DISTANCE,OK,1.324,5.246,,0,nearest_robot=robot1
465.000,ours,-,fleet,MIN_DISTANCE_AVG,OK,5.246,,,0,robots_sampled=6
465.450,ours,-,fleet,CHOMP_TIME_PARTIAL,OK,,0.468,,0,iterations=10;iterations_executed=10;source=algorithm;round_trip=0.491131
465.940,ours,-,fleet,CHOMP_TIME_PARTIAL,OK,,0.458,,0,iterations=10;iterations_executed=10;source=algorithm;round_trip=0.478158
466.000,ours,-,robot1,MIN_DISTANCE,OK,0.910,4.975,,0,nearest_robot=robot6
466.000,ours,-,robot2,MIN_DISTANCE,OK,9.434,4.975,,0,nearest_robot=robot4
466.000,ours,-,robot3,MIN_DISTANCE,OK,3.065,4.975,,0,nearest_robot=robot6
466.000,ours,-,robot4,MIN_DISTANCE,OK,8.721,4.975,,0,nearest_robot=robot1
466.000,ours,-,robot5,MIN_DISTANCE,OK,6.812,4.975,,0,nearest_robot=robot3
466.000,ours,-,robot6,MIN_DISTANCE,OK,0.910,4.975,,0,nearest_robot=robot1
466.000,ours,-,fleet,MIN_DISTANCE_AVG,OK,4.975,,,0,robots_sampled=6
466.430,ours,-,fleet,CHOMP_TIME_PARTIAL,OK,,0.438,,0,iterations=10;iterations_executed=10;source=algorithm;round_trip=0.465481
466.960,ours,-,fleet,CHOMP_TIME_PARTIAL,OK,,0.527,,0,iterations=10;iterations_executed=10;source=algorithm;round_trip=0.546300
467.000,ours,-,robot1,MIN_DISTANCE,OK,1.092,4.817,,0,nearest_robot=robot6
467.000,ours,-,robot2,MIN_DISTANCE,OK,8.625,4.817,,0,nearest_robot=robot4
467.000,ours,-,robot3,MIN_DISTANCE,OK,2.683,4.817,,0,nearest_robot=robot1
467.000,ours,-,robot4,MIN_DISTANCE,OK,8.625,4.817,,0,nearest_robot=robot2
467.000,ours,-,robot5,MIN_DISTANCE,OK,6.783,4.817,,0,nearest_robot=robot3
467.000,ours,-,robot6,MIN_DISTANCE,OK,1.092,4.817,,0,nearest_robot=robot1
467.000,ours,-,fleet,MIN_DISTANCE_AVG,OK,4.817,,,0,robots_sampled=6
467.410,ours,-,fleet,CHOMP_TIME_PARTIAL,OK,,0.423,,0,iterations=10;iterations_executed=10;source=algorithm;round_trip=0.447732
467.960,ours,-,fleet,CHOMP_TIME_PARTIAL,OK,,0.469,,0,iterations=10;iterations_executed=10;source=algorithm;round_trip=0.489663
468.000,ours,-,robot1,MIN_DISTANCE,OK,1.684,4.643,,0,nearest_robot=robot6
468.000,ours,-,robot2,MIN_DISTANCE,OK,7.854,4.643,,0,nearest_robot=robot4
468.000,ours,-,robot3,MIN_DISTANCE,OK,1.955,4.643,,0,nearest_robot=robot1
468.000,ours,-,robot4,MIN_DISTANCE,OK,7.854,4.643,,0,nearest_robot=robot2
468.000,ours,-,robot5,MIN_DISTANCE,OK,6.828,4.643,,0,nearest_robot=robot3
468.000,ours,-,robot6,MIN_DISTANCE,OK,1.684,4.643,,0,nearest_robot=robot1
468.000,ours,-,fleet,MIN_DISTANCE_AVG,OK,4.643,,,0,robots_sampled=6
468.480,ours,-,fleet,CHOMP_TIME_PARTIAL,OK,,0.515,,0,iterations=10;iterations_executed=10;source=algorithm;round_trip=0.533282
468.920,ours,-,fleet,CHOMP_TIME_PARTIAL,OK,,0.432,,0,iterations=10;iterations_executed=10;source=algorithm;round_trip=0.449966
469.000,ours,-,robot1,MIN_DISTANCE,OK,1.347,4.355,,0,nearest_robot=robot3
469.000,ours,-,robot2,MIN_DISTANCE,OK,7.073,4.355,,0,nearest_robot=robot4
469.000,ours,-,robot3,MIN_DISTANCE,OK,1.347,4.355,,0,nearest_robot=robot1
469.000,ours,-,robot4,MIN_DISTANCE,OK,7.073,4.355,,0,nearest_robot=robot2
469.000,ours,-,robot5,MIN_DISTANCE,OK,6.883,4.355,,0,nearest_robot=robot3
469.000,ours,-,robot6,MIN_DISTANCE,OK,2.408,4.355,,0,nearest_robot=robot1
469.000,ours,-,fleet,MIN_DISTANCE_AVG,OK,4.355,,,0,robots_sampled=6
469.430,ours,-,fleet,CHOMP_TIME_PARTIAL,OK,,0.449,,0,iterations=10;iterations_executed=10;source=algorithm;round_trip=0.473597
469.910,ours,-,fleet,CHOMP_TIME_PARTIAL,OK,,0.418,,0,iterations=10;iterations_executed=10;source=algorithm;round_trip=0.438962
470.000,ours,-,robot1,MIN_DISTANCE,OK,1.056,4.200,,0,nearest_robot=robot3
470.000,ours,-,robot2,MIN_DISTANCE,OK,6.566,4.200,,0,nearest_robot=robot4
470.000,ours,-,robot3,MIN_DISTANCE,OK,1.056,4.200,,0,nearest_robot=robot1
470.000,ours,-,robot4,MIN_DISTANCE,OK,6.566,4.200,,0,nearest_robot=robot2
470.000,ours,-,robot5,MIN_DISTANCE,OK,6.903,4.200,,0,nearest_robot=robot3
470.000,ours,-,robot6,MIN_DISTANCE,OK,3.053,4.200,,0,nearest_robot=robot3
470.000,ours,-,fleet,MIN_DISTANCE_AVG,OK,4.200,,,0,robots_sampled=6
470.380,ours,-,fleet,CHOMP_TIME_PARTIAL,OK,,0.403,,0,iterations=10;iterations_executed=10;source=algorithm;round_trip=0.420417
470.930,ours,-,fleet,CHOMP_TIME_PARTIAL,OK,,0.450,,0,iterations=10;iterations_executed=10;source=algorithm;round_trip=0.468555
471.000,ours,-,robot1,MIN_DISTANCE,OK,1.348,4.057,,0,nearest_robot=robot3
471.000,ours,-,robot2,MIN_DISTANCE,OK,6.194,4.057,,0,nearest_robot=robot4
471.000,ours,-,robot3,MIN_DISTANCE,OK,1.348,4.057,,0,nearest_robot=robot1
471.000,ours,-,robot4,MIN_DISTANCE,OK,6.194,4.057,,0,nearest_robot=robot2
471.000,ours,-,robot5,MIN_DISTANCE,OK,6.193,4.057,,0,nearest_robot=robot1
471.000,ours,-,robot6,MIN_DISTANCE,OK,3.064,4.057,,0,nearest_robot=robot3
471.000,ours,-,fleet,MIN_DISTANCE_AVG,OK,4.057,,,0,robots_sampled=6
471.400,ours,-,fleet,CHOMP_TIME_PARTIAL,OK,,0.421,,0,iterations=10;iterations_executed=10;source=algorithm;round_trip=0.442176
471.930,ours,-,fleet,CHOMP_TIME_PARTIAL,OK,,0.443,,0,iterations=10;iterations_executed=10;source=algorithm;round_trip=0.464777
472.000,ours,-,robot1,MIN_DISTANCE,OK,1.980,4.005,,0,nearest_robot=robot3
472.000,ours,-,robot2,MIN_DISTANCE,OK,5.814,4.005,,0,nearest_robot=robot4
472.000,ours,-,robot3,MIN_DISTANCE,OK,1.980,4.005,,0,nearest_robot=robot1
472.000,ours,-,robot4,MIN_DISTANCE,OK,5.814,4.005,,0,nearest_robot=robot2
472.000,ours,-,robot5,MIN_DISTANCE,OK,5.401,4.005,,0,nearest_robot=robot1
472.000,ours,-,robot6,MIN_DISTANCE,OK,3.041,4.005,,0,nearest_robot=robot3
472.000,ours,-,fleet,MIN_DISTANCE_AVG,OK,4.005,,,0,robots_sampled=6
472.420,ours,-,fleet,CHOMP_TIME_PARTIAL,OK,,0.438,,0,iterations=10;iterations_executed=10;source=algorithm;round_trip=0.457932
473.000,ours,-,robot1,MIN_DISTANCE,OK,2.723,4.001,,0,nearest_robot=robot3
473.000,ours,-,robot2,MIN_DISTANCE,OK,5.442,4.001,,0,nearest_robot=robot4
473.000,ours,-,robot3,MIN_DISTANCE,OK,2.723,4.001,,0,nearest_robot=robot1
473.000,ours,-,robot4,MIN_DISTANCE,OK,5.442,4.001,,0,nearest_robot=robot2
473.000,ours,-,robot5,MIN_DISTANCE,OK,4.636,4.001,,0,nearest_robot=robot1
473.000,ours,-,robot6,MIN_DISTANCE,OK,3.036,4.001,,0,nearest_robot=robot3
473.000,ours,-,fleet,MIN_DISTANCE_AVG,OK,4.001,,,0,robots_sampled=6
474.000,ours,-,robot1,MIN_DISTANCE,OK,3.448,3.934,,0,nearest_robot=robot3
474.000,ours,-,robot2,MIN_DISTANCE,OK,5.088,3.934,,0,nearest_robot=robot4
474.000,ours,-,robot3,MIN_DISTANCE,OK,3.047,3.934,,0,nearest_robot=robot6
474.000,ours,-,robot4,MIN_DISTANCE,OK,5.088,3.934,,0,nearest_robot=robot2
474.000,ours,-,robot5,MIN_DISTANCE,OK,3.885,3.934,,0,nearest_robot=robot1
474.000,ours,-,robot6,MIN_DISTANCE,OK,3.047,3.934,,0,nearest_robot=robot3
474.000,ours,-,fleet,MIN_DISTANCE_AVG,OK,3.934,,,0,robots_sampled=6
475.000,ours,-,robot1,MIN_DISTANCE,OK,3.206,3.629,,0,nearest_robot=robot5
475.000,ours,-,robot2,MIN_DISTANCE,OK,4.703,3.629,,0,nearest_robot=robot4
475.000,ours,-,robot3,MIN_DISTANCE,OK,2.978,3.629,,0,nearest_robot=robot6
475.000,ours,-,robot4,MIN_DISTANCE,OK,4.703,3.629,,0,nearest_robot=robot2
475.000,ours,-,robot5,MIN_DISTANCE,OK,3.206,3.629,,0,nearest_robot=robot1
475.000,ours,-,robot6,MIN_DISTANCE,OK,2.978,3.629,,0,nearest_robot=robot3
475.000,ours,-,fleet,MIN_DISTANCE_AVG,OK,3.629,,,0,robots_sampled=6
476.000,ours,-,robot1,MIN_DISTANCE,OK,2.498,3.232,,0,nearest_robot=robot5
476.000,ours,-,robot2,MIN_DISTANCE,OK,4.219,3.232,,0,nearest_robot=robot4
476.000,ours,-,robot3,MIN_DISTANCE,OK,2.978,3.232,,0,nearest_robot=robot6
476.000,ours,-,robot4,MIN_DISTANCE,OK,4.219,3.232,,0,nearest_robot=robot2
476.000,ours,-,robot5,MIN_DISTANCE,OK,2.498,3.232,,0,nearest_robot=robot1
476.000,ours,-,robot6,MIN_DISTANCE,OK,2.978,3.232,,0,nearest_robot=robot3
476.000,ours,-,fleet,MIN_DISTANCE_AVG,OK,3.232,,,0,robots_sampled=6
476.980,ours,-,fleet,CHOMP_TIME_FULL,OK,,4.250,,0,iterations=100;iterations_executed=100;source=algorithm;round_trip=4.274092
477.010,ours,-,robot1,MIN_DISTANCE,OK,1.837,2.876,,0,nearest_robot=robot5
477.010,ours,-,robot2,MIN_DISTANCE,OK,3.791,2.876,,0,nearest_robot=robot4
477.010,ours,-,robot3,MIN_DISTANCE,OK,2.999,2.876,,0,nearest_robot=robot6
477.010,ours,-,robot4,MIN_DISTANCE,OK,3.791,2.876,,0,nearest_robot=robot2
477.010,ours,-,robot5,MIN_DISTANCE,OK,1.837,2.876,,0,nearest_robot=robot1
477.010,ours,-,robot6,MIN_DISTANCE,OK,2.999,2.876,,0,nearest_robot=robot3
477.010,ours,-,fleet,MIN_DISTANCE_AVG,OK,2.876,,,0,robots_sampled=6
477.450,ours,-,fleet,CHOMP_TIME_PARTIAL,OK,,0.440,,0,iterations=10;iterations_executed=10;source=algorithm;round_trip=0.462585
477.930,ours,-,fleet,CHOMP_TIME_PARTIAL,OK,,0.444,,0,iterations=10;iterations_executed=10;source=algorithm;round_trip=0.464491
478.000,ours,-,robot1,MIN_DISTANCE,OK,1.303,2.550,,0,nearest_robot=robot5
478.000,ours,-,robot2,MIN_DISTANCE,OK,3.427,2.550,,0,nearest_robot=robot4
478.000,ours,-,robot3,MIN_DISTANCE,OK,2.920,2.550,,0,nearest_robot=robot6
478.000,ours,-,robot4,MIN_DISTANCE,OK,3.427,2.550,,0,nearest_robot=robot2
478.000,ours,-,robot5,MIN_DISTANCE,OK,1.303,2.550,,0,nearest_robot=robot1
478.000,ours,-,robot6,MIN_DISTANCE,OK,2.920,2.550,,0,nearest_robot=robot3
478.000,ours,-,fleet,MIN_DISTANCE_AVG,OK,2.550,,,0,robots_sampled=6
478.430,ours,-,fleet,CHOMP_TIME_PARTIAL,OK,,0.452,,0,iterations=10;iterations_executed=10;source=algorithm;round_trip=0.470218
478.910,ours,-,fleet,CHOMP_TIME_PARTIAL,OK,,0.423,,0,iterations=10;iterations_executed=10;source=algorithm;round_trip=0.439399
479.000,ours,-,robot1,MIN_DISTANCE,OK,1.190,2.388,,0,nearest_robot=robot5
479.000,ours,-,robot2,MIN_DISTANCE,OK,3.092,2.388,,0,nearest_robot=robot4
479.000,ours,-,robot3,MIN_DISTANCE,OK,2.882,2.388,,0,nearest_robot=robot6
479.000,ours,-,robot4,MIN_DISTANCE,OK,3.092,2.388,,0,nearest_robot=robot2
479.000,ours,-,robot5,MIN_DISTANCE,OK,1.190,2.388,,0,nearest_robot=robot1
479.000,ours,-,robot6,MIN_DISTANCE,OK,2.882,2.388,,0,nearest_robot=robot3
479.000,ours,-,fleet,MIN_DISTANCE_AVG,OK,2.388,,,0,robots_sampled=6
479.410,ours,-,fleet,CHOMP_TIME_PARTIAL,OK,,0.427,,0,iterations=10;iterations_executed=10;source=algorithm;round_trip=0.446014
479.910,ours,-,fleet,CHOMP_TIME_PARTIAL,OK,,0.437,,0,iterations=10;iterations_executed=10;source=algorithm;round_trip=0.455058
480.000,ours,-,robot1,MIN_DISTANCE,OK,1.549,2.276,,0,nearest_robot=robot5
480.000,ours,-,robot2,MIN_DISTANCE,OK,2.550,2.276,,0,nearest_robot=robot4
480.000,ours,-,robot3,MIN_DISTANCE,OK,2.730,2.276,,0,nearest_robot=robot6
480.000,ours,-,robot4,MIN_DISTANCE,OK,2.550,2.276,,0,nearest_robot=robot2
480.000,ours,-,robot5,MIN_DISTANCE,OK,1.549,2.276,,0,nearest_robot=robot1
480.000,ours,-,robot6,MIN_DISTANCE,OK,2.730,2.276,,0,nearest_robot=robot3
480.000,ours,-,fleet,MIN_DISTANCE_AVG,OK,2.276,,,0,robots_sampled=6
480.450,ours,-,fleet,CHOMP_TIME_PARTIAL,OK,,0.466,,0,iterations=10;iterations_executed=10;source=algorithm;round_trip=0.489026
480.900,ours,-,fleet,CHOMP_TIME_PARTIAL,OK,,0.420,,0,iterations=10;iterations_executed=10;source=algorithm;round_trip=0.439527
481.000,ours,-,robot1,MIN_DISTANCE,OK,2.171,2.231,,0,nearest_robot=robot5
481.000,ours,-,robot2,MIN_DISTANCE,OK,1.882,2.231,,0,nearest_robot=robot4
481.000,ours,-,robot3,MIN_DISTANCE,OK,2.639,2.231,,0,nearest_robot=robot6
481.000,ours,-,robot4,MIN_DISTANCE,OK,1.882,2.231,,0,nearest_robot=robot2
481.000,ours,-,robot5,MIN_DISTANCE,OK,2.171,2.231,,0,nearest_robot=robot1
481.000,ours,-,robot6,MIN_DISTANCE,OK,2.639,2.231,,0,nearest_robot=robot3
481.000,ours,-,fleet,MIN_DISTANCE_AVG,OK,2.231,,,0,robots_sampled=6
481.500,ours,-,fleet,CHOMP_TIME_PARTIAL,OK,,0.530,,0,iterations=10;iterations_executed=10;source=algorithm;round_trip=0.550393
482.000,ours,-,robot1,MIN_DISTANCE,OK,2.878,2.222,,0,nearest_robot=robot5
482.000,ours,-,robot2,MIN_DISTANCE,OK,1.222,2.222,,0,nearest_robot=robot4
482.000,ours,-,robot3,MIN_DISTANCE,OK,2.567,2.222,,0,nearest_robot=robot6
482.000,ours,-,robot4,MIN_DISTANCE,OK,1.222,2.222,,0,nearest_robot=robot2
482.000,ours,-,robot5,MIN_DISTANCE,OK,2.878,2.222,,0,nearest_robot=robot1
482.000,ours,-,robot6,MIN_DISTANCE,OK,2.567,2.222,,0,nearest_robot=robot3
482.000,ours,-,fleet,MIN_DISTANCE_AVG,OK,2.222,,,0,robots_sampled=6
482.420,ours,-,fleet,CHOMP_TIME_PARTIAL,OK,,0.428,,0,iterations=10;iterations_executed=10;source=algorithm;round_trip=0.454647
482.940,ours,-,fleet,CHOMP_TIME_PARTIAL,OK,,0.458,,0,iterations=10;iterations_executed=10;source=algorithm;round_trip=0.478316
483.000,ours,-,robot1,MIN_DISTANCE,OK,3.679,2.302,,0,nearest_robot=robot5
483.000,ours,-,robot2,MIN_DISTANCE,OK,0.730,2.302,,0,nearest_robot=robot4
483.000,ours,-,robot3,MIN_DISTANCE,OK,2.497,2.302,,0,nearest_robot=robot6
483.000,ours,-,robot4,MIN_DISTANCE,OK,0.730,2.302,,0,nearest_robot=robot2
483.000,ours,-,robot5,MIN_DISTANCE,OK,3.679,2.302,,0,nearest_robot=robot1
483.000,ours,-,robot6,MIN_DISTANCE,OK,2.497,2.302,,0,nearest_robot=robot3
483.000,ours,-,fleet,MIN_DISTANCE_AVG,OK,2.302,,,0,robots_sampled=6
483.570,ours,-,fleet,CHOMP_TIME_PARTIAL,OK,,0.647,,0,iterations=10;iterations_executed=10;source=algorithm;round_trip=0.666225
484.000,ours,-,robot1,MIN_DISTANCE,OK,4.422,2.462,,0,nearest_robot=robot5
484.000,ours,-,robot2,MIN_DISTANCE,OK,0.689,2.462,,0,nearest_robot=robot4
484.000,ours,-,robot3,MIN_DISTANCE,OK,2.275,2.462,,0,nearest_robot=robot6
484.000,ours,-,robot4,MIN_DISTANCE,OK,0.689,2.462,,0,nearest_robot=robot2
484.000,ours,-,robot5,MIN_DISTANCE,OK,4.422,2.462,,0,nearest_robot=robot1
484.000,ours,-,robot6,MIN_DISTANCE,OK,2.275,2.462,,0,nearest_robot=robot3
484.000,ours,-,fleet,MIN_DISTANCE_AVG,OK,2.462,,,0,robots_sampled=6
484.540,ours,-,fleet,CHOMP_TIME_PARTIAL,OK,,0.597,,0,iterations=10;iterations_executed=10;source=algorithm;round_trip=0.615768
485.000,ours,-,robot1,MIN_DISTANCE,OK,5.146,2.768,,0,nearest_robot=robot5
485.000,ours,-,robot2,MIN_DISTANCE,OK,0.962,2.768,,0,nearest_robot=robot4
485.000,ours,-,robot3,MIN_DISTANCE,OK,2.195,2.768,,0,nearest_robot=robot6
485.000,ours,-,robot4,MIN_DISTANCE,OK,0.962,2.768,,0,nearest_robot=robot2
485.000,ours,-,robot5,MIN_DISTANCE,OK,5.146,2.768,,0,nearest_robot=robot1
485.000,ours,-,robot6,MIN_DISTANCE,OK,2.195,2.768,,0,nearest_robot=robot3
485.000,ours,-,fleet,MIN_DISTANCE_AVG,OK,2.768,,,0,robots_sampled=6
485.430,ours,-,fleet,CHOMP_TIME_PARTIAL,OK,,0.479,,0,iterations=10;iterations_executed=10;source=algorithm;round_trip=0.496562
486.000,ours,-,robot1,MIN_DISTANCE,OK,5.762,3.058,,0,nearest_robot=robot5
486.000,ours,-,robot2,MIN_DISTANCE,OK,1.276,3.058,,0,nearest_robot=robot4
486.000,ours,-,robot3,MIN_DISTANCE,OK,2.134,3.058,,0,nearest_robot=robot6
486.000,ours,-,robot4,MIN_DISTANCE,OK,1.276,3.058,,0,nearest_robot=robot2
486.000,ours,-,robot5,MIN_DISTANCE,OK,5.762,3.058,,0,nearest_robot=robot1
486.000,ours,-,robot6,MIN_DISTANCE,OK,2.134,3.058,,0,nearest_robot=robot3
486.000,ours,-,fleet,MIN_DISTANCE_AVG,OK,3.058,,,0,robots_sampled=6
487.000,ours,-,robot1,MIN_DISTANCE,OK,6.159,3.323,,0,nearest_robot=robot5
487.000,ours,-,robot2,MIN_DISTANCE,OK,1.706,3.323,,0,nearest_robot=robot4
487.000,ours,-,robot3,MIN_DISTANCE,OK,2.106,3.323,,0,nearest_robot=robot6
487.000,ours,-,robot4,MIN_DISTANCE,OK,1.706,3.323,,0,nearest_robot=robot2
487.000,ours,-,robot5,MIN_DISTANCE,OK,6.159,3.323,,0,nearest_robot=robot1
487.000,ours,-,robot6,MIN_DISTANCE,OK,2.106,3.323,,0,nearest_robot=robot3
487.000,ours,-,fleet,MIN_DISTANCE_AVG,OK,3.323,,,0,robots_sampled=6
488.000,ours,-,robot1,MIN_DISTANCE,OK,6.543,3.507,,0,nearest_robot=robot5
488.000,ours,-,robot2,MIN_DISTANCE,OK,1.928,3.507,,0,nearest_robot=robot4
488.000,ours,-,robot3,MIN_DISTANCE,OK,2.049,3.507,,0,nearest_robot=robot6
488.000,ours,-,robot4,MIN_DISTANCE,OK,1.928,3.507,,0,nearest_robot=robot2
488.000,ours,-,robot5,MIN_DISTANCE,OK,6.543,3.507,,0,nearest_robot=robot1
488.000,ours,-,robot6,MIN_DISTANCE,OK,2.049,3.507,,0,nearest_robot=robot3
488.000,ours,-,fleet,MIN_DISTANCE_AVG,OK,3.507,,,0,robots_sampled=6
489.000,ours,-,robot1,MIN_DISTANCE,OK,6.928,3.636,,0,nearest_robot=robot5
489.000,ours,-,robot2,MIN_DISTANCE,OK,2.071,3.636,,0,nearest_robot=robot4
489.000,ours,-,robot3,MIN_DISTANCE,OK,1.908,3.636,,0,nearest_robot=robot6
489.000,ours,-,robot4,MIN_DISTANCE,OK,2.071,3.636,,0,nearest_robot=robot2
489.000,ours,-,robot5,MIN_DISTANCE,OK,6.928,3.636,,0,nearest_robot=robot1
489.000,ours,-,robot6,MIN_DISTANCE,OK,1.908,3.636,,0,nearest_robot=robot3
489.000,ours,-,fleet,MIN_DISTANCE_AVG,OK,3.636,,,0,robots_sampled=6
490.010,ours,-,fleet,CHOMP_TIME_FULL,OK,,4.302,,0,iterations=100;iterations_executed=100;source=algorithm;round_trip=4.324976
490.010,ours,-,robot1,MIN_DISTANCE,OK,7.308,3.748,,0,nearest_robot=robot5
490.010,ours,-,robot2,MIN_DISTANCE,OK,2.141,3.748,,0,nearest_robot=robot4
490.010,ours,-,robot3,MIN_DISTANCE,OK,1.794,3.748,,0,nearest_robot=robot6
490.010,ours,-,robot4,MIN_DISTANCE,OK,2.141,3.748,,0,nearest_robot=robot2
490.010,ours,-,robot5,MIN_DISTANCE,OK,7.308,3.748,,0,nearest_robot=robot1
490.010,ours,-,robot6,MIN_DISTANCE,OK,1.794,3.748,,0,nearest_robot=robot3
490.010,ours,-,fleet,MIN_DISTANCE_AVG,OK,3.748,,,0,robots_sampled=6
491.000,ours,-,robot1,MIN_DISTANCE,OK,7.685,3.923,,0,nearest_robot=robot5
491.000,ours,-,robot2,MIN_DISTANCE,OK,2.484,3.923,,0,nearest_robot=robot4
491.000,ours,-,robot3,MIN_DISTANCE,OK,1.612,3.923,,0,nearest_robot=robot6
491.000,ours,-,robot4,MIN_DISTANCE,OK,2.484,3.923,,0,nearest_robot=robot2
491.000,ours,-,robot5,MIN_DISTANCE,OK,7.659,3.923,,0,nearest_robot=robot3
491.000,ours,-,robot6,MIN_DISTANCE,OK,1.612,3.923,,0,nearest_robot=robot3
491.000,ours,-,fleet,MIN_DISTANCE_AVG,OK,3.923,,,0,robots_sampled=6
492.000,ours,-,robot1,MIN_DISTANCE,OK,8.072,4.090,,0,nearest_robot=robot5
492.000,ours,-,robot2,MIN_DISTANCE,OK,2.955,4.090,,0,nearest_robot=robot4
492.000,ours,-,robot3,MIN_DISTANCE,OK,1.427,4.090,,0,nearest_robot=robot6
492.000,ours,-,robot4,MIN_DISTANCE,OK,2.955,4.090,,0,nearest_robot=robot2
492.000,ours,-,robot5,MIN_DISTANCE,OK,7.702,4.090,,0,nearest_robot=robot3
492.000,ours,-,robot6,MIN_DISTANCE,OK,1.427,4.090,,0,nearest_robot=robot3
492.000,ours,-,fleet,MIN_DISTANCE_AVG,OK,4.090,,,0,robots_sampled=6
493.000,ours,-,robot1,MIN_DISTANCE,OK,8.461,4.362,,0,nearest_robot=robot5
493.000,ours,-,robot2,MIN_DISTANCE,OK,3.592,4.362,,0,nearest_robot=robot4
493.000,ours,-,robot3,MIN_DISTANCE,OK,1.417,4.362,,0,nearest_robot=robot6
493.000,ours,-,robot4,MIN_DISTANCE,OK,3.592,4.362,,0,nearest_robot=robot2
493.000,ours,-,robot5,MIN_DISTANCE,OK,7.696,4.362,,0,nearest_robot=robot3
493.000,ours,-,robot6,MIN_DISTANCE,OK,1.417,4.362,,0,nearest_robot=robot3
493.000,ours,-,fleet,MIN_DISTANCE_AVG,OK,4.362,,,0,robots_sampled=6
494.000,ours,-,robot1,MIN_DISTANCE,OK,8.847,4.711,,0,nearest_robot=robot5
494.000,ours,-,robot2,MIN_DISTANCE,OK,4.417,4.711,,0,nearest_robot=robot4
494.000,ours,-,robot3,MIN_DISTANCE,OK,1.492,4.711,,0,nearest_robot=robot6
494.000,ours,-,robot4,MIN_DISTANCE,OK,4.417,4.711,,0,nearest_robot=robot2
494.000,ours,-,robot5,MIN_DISTANCE,OK,7.602,4.711,,0,nearest_robot=robot3
494.000,ours,-,robot6,MIN_DISTANCE,OK,1.492,4.711,,0,nearest_robot=robot3
494.000,ours,-,fleet,MIN_DISTANCE_AVG,OK,4.711,,,0,robots_sampled=6
495.000,ours,-,robot1,MIN_DISTANCE,OK,9.245,5.069,,0,nearest_robot=robot5
495.000,ours,-,robot2,MIN_DISTANCE,OK,5.168,5.069,,0,nearest_robot=robot4
495.000,ours,-,robot3,MIN_DISTANCE,OK,1.749,5.069,,0,nearest_robot=robot6
495.000,ours,-,robot4,MIN_DISTANCE,OK,5.168,5.069,,0,nearest_robot=robot2
495.000,ours,-,robot5,MIN_DISTANCE,OK,7.336,5.069,,0,nearest_robot=robot3
495.000,ours,-,robot6,MIN_DISTANCE,OK,1.749,5.069,,0,nearest_robot=robot3
495.000,ours,-,fleet,MIN_DISTANCE_AVG,OK,5.069,,,0,robots_sampled=6
495.150,ours,-,fleet,CHOMP_TIME_FULL,OK,,4.402,,0,iterations=100;iterations_executed=100;source=algorithm;round_trip=4.426612
496.000,ours,-,robot1,MIN_DISTANCE,OK,9.331,5.414,,0,nearest_robot=robot4
496.000,ours,-,robot2,MIN_DISTANCE,OK,5.967,5.414,,0,nearest_robot=robot4
496.000,ours,-,robot3,MIN_DISTANCE,OK,2.119,5.414,,0,nearest_robot=robot6
496.000,ours,-,robot4,MIN_DISTANCE,OK,5.967,5.414,,0,nearest_robot=robot2
496.000,ours,-,robot5,MIN_DISTANCE,OK,6.980,5.414,,0,nearest_robot=robot3
496.000,ours,-,robot6,MIN_DISTANCE,OK,2.119,5.414,,0,nearest_robot=robot3
496.000,ours,-,fleet,MIN_DISTANCE_AVG,OK,5.414,,,0,robots_sampled=6
497.000,ours,-,robot1,MIN_DISTANCE,OK,9.293,5.751,,0,nearest_robot=robot4
497.000,ours,-,robot2,MIN_DISTANCE,OK,6.737,5.751,,0,nearest_robot=robot4
497.000,ours,-,robot3,MIN_DISTANCE,OK,2.582,5.751,,0,nearest_robot=robot6
497.000,ours,-,robot4,MIN_DISTANCE,OK,6.737,5.751,,0,nearest_robot=robot2
497.000,ours,-,robot5,MIN_DISTANCE,OK,6.573,5.751,,0,nearest_robot=robot3
497.000,ours,-,robot6,MIN_DISTANCE,OK,2.582,5.751,,0,nearest_robot=robot3
497.000,ours,-,fleet,MIN_DISTANCE_AVG,OK,5.751,,,0,robots_sampled=6
498.000,ours,-,robot1,MIN_DISTANCE,OK,9.186,6.090,,0,nearest_robot=robot4
498.000,ours,-,robot2,MIN_DISTANCE,OK,7.548,6.090,,0,nearest_robot=robot4
498.000,ours,-,robot3,MIN_DISTANCE,OK,3.049,6.090,,0,nearest_robot=robot6
498.000,ours,-,robot4,MIN_DISTANCE,OK,7.548,6.090,,0,nearest_robot=robot2
498.000,ours,-,robot5,MIN_DISTANCE,OK,6.159,6.090,,0,nearest_robot=robot3
498.000,ours,-,robot6,MIN_DISTANCE,OK,3.049,6.090,,0,nearest_robot=robot3
498.000,ours,-,fleet,MIN_DISTANCE_AVG,OK,6.090,,,0,robots_sampled=6
499.000,ours,-,robot1,MIN_DISTANCE,OK,9.040,6.386,,0,nearest_robot=robot4
499.000,ours,-,robot2,MIN_DISTANCE,OK,8.319,6.386,,0,nearest_robot=robot4
499.000,ours,-,robot3,MIN_DISTANCE,OK,3.373,6.386,,0,nearest_robot=robot6
499.000,ours,-,robot4,MIN_DISTANCE,OK,8.319,6.386,,0,nearest_robot=robot2
499.000,ours,-,robot5,MIN_DISTANCE,OK,5.892,6.386,,0,nearest_robot=robot3
499.000,ours,-,robot6,MIN_DISTANCE,OK,3.373,6.386,,0,nearest_robot=robot3
499.000,ours,-,fleet,MIN_DISTANCE_AVG,OK,6.386,,,0,robots_sampled=6
500.000,ours,-,robot1,MIN_DISTANCE,OK,8.973,6.639,,0,nearest_robot=robot4
500.000,ours,-,robot2,MIN_DISTANCE,OK,9.125,6.639,,0,nearest_robot=robot4
500.000,ours,-,robot3,MIN_DISTANCE,OK,3.447,6.639,,0,nearest_robot=robot6
500.000,ours,-,robot4,MIN_DISTANCE,OK,8.973,6.639,,0,nearest_robot=robot1
500.000,ours,-,robot5,MIN_DISTANCE,OK,5.868,6.639,,0,nearest_robot=robot3
500.000,ours,-,robot6,MIN_DISTANCE,OK,3.447,6.639,,0,nearest_robot=robot3
500.000,ours,-,fleet,MIN_DISTANCE_AVG,OK,6.639,,,0,robots_sampled=6
500.030,ours,-,fleet,CHOMP_TIME_FULL,OK,,4.287,,0,iterations=100;iterations_executed=100;source=algorithm;round_trip=4.315328
500.990,ours,-,fleet,CHOMP_TIME_PARTIAL,OK,,0.507,,0,iterations=10;iterations_executed=10;source=algorithm;round_trip=0.526789
501.010,ours,-,robot1,MIN_DISTANCE,OK,9.049,6.815,,0,nearest_robot=robot4
501.010,ours,-,robot2,MIN_DISTANCE,OK,9.932,6.815,,0,nearest_robot=robot4
501.010,ours,-,robot3,MIN_DISTANCE,OK,3.610,6.815,,0,nearest_robot=robot6
501.010,ours,-,robot4,MIN_DISTANCE,OK,9.049,6.815,,0,nearest_robot=robot1
501.010,ours,-,robot5,MIN_DISTANCE,OK,5.638,6.815,,0,nearest_robot=robot3
501.010,ours,-,robot6,MIN_DISTANCE,OK,3.610,6.815,,0,nearest_robot=robot3
501.010,ours,-,fleet,MIN_DISTANCE_AVG,OK,6.815,,,0,robots_sampled=6
501.440,ours,-,fleet,CHOMP_TIME_PARTIAL,OK,,0.431,,0,iterations=10;iterations_executed=10;source=algorithm;round_trip=0.458179
501.950,ours,-,fleet,CHOMP_TIME_PARTIAL,OK,,0.471,,0,iterations=10;iterations_executed=10;source=algorithm;round_trip=0.487242
502.000,ours,-,robot1,MIN_DISTANCE,OK,9.214,6.846,,0,nearest_robot=robot4
502.000,ours,-,robot2,MIN_DISTANCE,OK,9.662,6.846,,0,nearest_robot=robot5
502.000,ours,-,robot3,MIN_DISTANCE,OK,3.809,6.846,,0,nearest_robot=robot6
502.000,ours,-,robot4,MIN_DISTANCE,OK,9.214,6.846,,0,nearest_robot=robot1
502.000,ours,-,robot5,MIN_DISTANCE,OK,5.369,6.846,,0,nearest_robot=robot3
502.000,ours,-,robot6,MIN_DISTANCE,OK,3.809,6.846,,0,nearest_robot=robot3
502.000,ours,-,fleet,MIN_DISTANCE_AVG,OK,6.846,,,0,robots_sampled=6
502.460,ours,-,fleet,CHOMP_TIME_PARTIAL,OK,,0.476,,0,iterations=10;iterations_executed=10;source=algorithm;round_trip=0.496865
502.880,ours,-,fleet,CHOMP_TIME_PARTIAL,OK,,0.408,,0,iterations=10;iterations_executed=10;source=algorithm;round_trip=0.425809
503.000,ours,-,robot1,MIN_DISTANCE,OK,9.364,6.920,,0,nearest_robot=robot4
503.000,ours,-,robot2,MIN_DISTANCE,OK,9.363,6.920,,0,nearest_robot=robot5
503.000,ours,-,robot3,MIN_DISTANCE,OK,4.256,6.920,,0,nearest_robot=robot6
503.000,ours,-,robot4,MIN_DISTANCE,OK,9.364,6.920,,0,nearest_robot=robot1
503.000,ours,-,robot5,MIN_DISTANCE,OK,4.918,6.920,,0,nearest_robot=robot3
503.000,ours,-,robot6,MIN_DISTANCE,OK,4.256,6.920,,0,nearest_robot=robot3
503.000,ours,-,fleet,MIN_DISTANCE_AVG,OK,6.920,,,0,robots_sampled=6
503.470,ours,-,fleet,CHOMP_TIME_PARTIAL,OK,,0.487,,0,iterations=10;iterations_executed=10;source=algorithm;round_trip=0.505064
503.920,ours,-,fleet,CHOMP_TIME_PARTIAL,OK,,0.434,,0,iterations=10;iterations_executed=10;source=algorithm;round_trip=0.454265
504.000,ours,-,robot1,MIN_DISTANCE,OK,9.471,6.945,,0,nearest_robot=robot4
504.000,ours,-,robot2,MIN_DISTANCE,OK,9.095,6.945,,0,nearest_robot=robot5
504.000,ours,-,robot3,MIN_DISTANCE,OK,4.507,6.945,,0,nearest_robot=robot5
504.000,ours,-,robot4,MIN_DISTANCE,OK,9.471,6.945,,0,nearest_robot=robot1
504.000,ours,-,robot5,MIN_DISTANCE,OK,4.507,6.945,,0,nearest_robot=robot3
504.000,ours,-,robot6,MIN_DISTANCE,OK,4.620,6.945,,0,nearest_robot=robot3
504.000,ours,-,fleet,MIN_DISTANCE_AVG,OK,6.945,,,0,robots_sampled=6
504.430,ours,-,fleet,CHOMP_TIME_PARTIAL,OK,,0.444,,0,iterations=10;iterations_executed=10;source=algorithm;round_trip=0.462873
504.940,ours,-,fleet,CHOMP_TIME_PARTIAL,OK,,0.456,,0,iterations=10;iterations_executed=10;source=algorithm;round_trip=0.475330
505.000,ours,-,robot1,MIN_DISTANCE,OK,9.454,6.836,,0,nearest_robot=robot4
505.000,ours,-,robot2,MIN_DISTANCE,OK,8.822,6.836,,0,nearest_robot=robot5
505.000,ours,-,robot3,MIN_DISTANCE,OK,4.144,6.836,,0,nearest_robot=robot5
505.000,ours,-,robot4,MIN_DISTANCE,OK,9.454,6.836,,0,nearest_robot=robot1
505.000,ours,-,robot5,MIN_DISTANCE,OK,4.144,6.836,,0,nearest_robot=robot3
505.000,ours,-,robot6,MIN_DISTANCE,OK,4.999,6.836,,0,nearest_robot=robot3
505.000,ours,-,fleet,MIN_DISTANCE_AVG,OK,6.836,,,0,robots_sampled=6
505.440,ours,-,fleet,CHOMP_TIME_PARTIAL,OK,,0.448,,0,iterations=10;iterations_executed=10;source=algorithm;round_trip=0.467916
505.920,ours,-,fleet,CHOMP_TIME_PARTIAL,OK,,0.443,,0,iterations=10;iterations_executed=10;source=algorithm;round_trip=0.461072
506.000,ours,-,robot1,MIN_DISTANCE,OK,9.399,6.728,,0,nearest_robot=robot4
506.000,ours,-,robot2,MIN_DISTANCE,OK,8.645,6.728,,0,nearest_robot=robot5
506.000,ours,-,robot3,MIN_DISTANCE,OK,3.810,6.728,,0,nearest_robot=robot5
506.000,ours,-,robot4,MIN_DISTANCE,OK,9.399,6.728,,0,nearest_robot=robot1
506.000,ours,-,robot5,MIN_DISTANCE,OK,3.810,6.728,,0,nearest_robot=robot3
506.000,ours,-,robot6,MIN_DISTANCE,OK,5.303,6.728,,0,nearest_robot=robot3
506.000,ours,-,fleet,MIN_DISTANCE_AVG,OK,6.728,,,0,robots_sampled=6
506.430,ours,-,fleet,CHOMP_TIME_PARTIAL,OK,,0.456,,0,iterations=10;iterations_executed=10;source=algorithm;round_trip=0.475041
506.950,ours,-,fleet,CHOMP_TIME_PARTIAL,OK,,0.450,,0,iterations=10;iterations_executed=10;source=algorithm;round_trip=0.477781
507.000,ours,-,robot1,MIN_DISTANCE,OK,9.410,6.645,,0,nearest_robot=robot4
507.000,ours,-,robot2,MIN_DISTANCE,OK,8.514,6.645,,0,nearest_robot=robot5
507.000,ours,-,robot3,MIN_DISTANCE,OK,3.461,6.645,,0,nearest_robot=robot5
507.000,ours,-,robot4,MIN_DISTANCE,OK,9.410,6.645,,0,nearest_robot=robot1
507.000,ours,-,robot5,MIN_DISTANCE,OK,3.461,6.645,,0,nearest_robot=robot3
507.000,ours,-,robot6,MIN_DISTANCE,OK,5.618,6.645,,0,nearest_robot=robot3
507.000,ours,-,fleet,MIN_DISTANCE_AVG,OK,6.645,,,0,robots_sampled=6
507.420,ours,-,fleet,CHOMP_TIME_PARTIAL,OK,,0.427,,0,iterations=10;iterations_executed=10;source=algorithm;round_trip=0.444516
507.950,ours,-,fleet,CHOMP_TIME_PARTIAL,OK,,0.471,,0,iterations=10;iterations_executed=10;source=algorithm;round_trip=0.491679
508.000,ours,-,robot1,MIN_DISTANCE,OK,9.408,6.562,,0,nearest_robot=robot4
508.000,ours,-,robot2,MIN_DISTANCE,OK,8.433,6.562,,0,nearest_robot=robot5
508.000,ours,-,robot3,MIN_DISTANCE,OK,3.090,6.562,,0,nearest_robot=robot5
508.000,ours,-,robot4,MIN_DISTANCE,OK,9.408,6.562,,0,nearest_robot=robot1
508.000,ours,-,robot5,MIN_DISTANCE,OK,3.090,6.562,,0,nearest_robot=robot3
508.000,ours,-,robot6,MIN_DISTANCE,OK,5.944,6.562,,0,nearest_robot=robot3
508.000,ours,-,fleet,MIN_DISTANCE_AVG,OK,6.562,,,0,robots_sampled=6
508.440,ours,-,fleet,CHOMP_TIME_PARTIAL,OK,,0.449,,0,iterations=10;iterations_executed=10;source=algorithm;round_trip=0.471502
508.990,ours,-,fleet,CHOMP_TIME_PARTIAL,OK,,0.511,,0,iterations=10;iterations_executed=10;source=algorithm;round_trip=0.530930
509.010,ours,-,robot1,MIN_DISTANCE,OK,9.403,6.497,,0,nearest_robot=robot4
509.010,ours,-,robot2,MIN_DISTANCE,OK,8.482,6.497,,0,nearest_robot=robot5
509.010,ours,-,robot3,MIN_DISTANCE,OK,2.692,6.497,,0,nearest_robot=robot5
509.010,ours,-,robot4,MIN_DISTANCE,OK,9.403,6.497,,0,nearest_robot=robot1
509.010,ours,-,robot5,MIN_DISTANCE,OK,2.692,6.497,,0,nearest_robot=robot3
509.010,ours,-,robot6,MIN_DISTANCE,OK,6.307,6.497,,0,nearest_robot=robot3
509.010,ours,-,fleet,MIN_DISTANCE_AVG,OK,6.497,,,0,robots_sampled=6
509.440,ours,-,fleet,CHOMP_TIME_PARTIAL,OK,,0.438,,0,iterations=10;iterations_executed=10;source=algorithm;round_trip=0.458685
509.940,ours,-,fleet,CHOMP_TIME_PARTIAL,OK,,0.459,,0,iterations=10;iterations_executed=10;source=algorithm;round_trip=0.476302
510.000,ours,-,robot1,MIN_DISTANCE,OK,9.439,6.440,,0,nearest_robot=robot4
510.000,ours,-,robot2,MIN_DISTANCE,OK,8.436,6.440,,0,nearest_robot=robot6
510.000,ours,-,robot3,MIN_DISTANCE,OK,2.314,6.440,,0,nearest_robot=robot5
510.000,ours,-,robot4,MIN_DISTANCE,OK,9.439,6.440,,0,nearest_robot=robot1
510.000,ours,-,robot5,MIN_DISTANCE,OK,2.314,6.440,,0,nearest_robot=robot3
510.000,ours,-,robot6,MIN_DISTANCE,OK,6.701,6.440,,0,nearest_robot=robot3
510.000,ours,-,fleet,MIN_DISTANCE_AVG,OK,6.440,,,0,robots_sampled=6
511.000,ours,-,robot1,MIN_DISTANCE,OK,9.515,6.339,,0,nearest_robot=robot4
511.000,ours,-,robot2,MIN_DISTANCE,OK,8.020,6.339,,0,nearest_robot=robot6
511.000,ours,-,robot3,MIN_DISTANCE,OK,1.940,6.339,,0,nearest_robot=robot5
511.000,ours,-,robot4,MIN_DISTANCE,OK,9.515,6.339,,0,nearest_robot=robot1
511.000,ours,-,robot5,MIN_DISTANCE,OK,1.940,6.339,,0,nearest_robot=robot3
511.000,ours,-,robot6,MIN_DISTANCE,OK,7.104,6.339,,0,nearest_robot=robot3
511.000,ours,-,fleet,MIN_DISTANCE_AVG,OK,6.339,,,0,robots_sampled=6
512.000,ours,-,robot1,MIN_DISTANCE,OK,9.622,6.302,,0,nearest_robot=robot4
512.000,ours,-,robot2,MIN_DISTANCE,OK,7.833,6.302,,0,nearest_robot=robot6
512.000,ours,-,robot3,MIN_DISTANCE,OK,1.573,6.302,,0,nearest_robot=robot5
512.000,ours,-,robot4,MIN_DISTANCE,OK,9.622,6.302,,0,nearest_robot=robot1
512.000,ours,-,robot5,MIN_DISTANCE,OK,1.573,6.302,,0,nearest_robot=robot3
512.000,ours,-,robot6,MIN_DISTANCE,OK,7.589,6.302,,0,nearest_robot=robot3
512.000,ours,-,fleet,MIN_DISTANCE_AVG,OK,6.302,,,0,robots_sampled=6
513.000,ours,-,robot1,MIN_DISTANCE,OK,9.732,6.240,,0,nearest_robot=robot4
513.000,ours,-,robot2,MIN_DISTANCE,OK,7.767,6.240,,0,nearest_robot=robot6
513.000,ours,-,robot3,MIN_DISTANCE,OK,1.221,6.240,,0,nearest_robot=robot5
513.000,ours,-,robot4,MIN_DISTANCE,OK,9.732,6.240,,0,nearest_robot=robot1
513.000,ours,-,robot5,MIN_DISTANCE,OK,1.221,6.240,,0,nearest_robot=robot3
513.000,ours,-,robot6,MIN_DISTANCE,OK,7.767,6.240,,0,nearest_robot=robot2
513.000,ours,-,fleet,MIN_DISTANCE_AVG,OK,6.240,,,0,robots_sampled=6
514.000,ours,-,robot1,MIN_DISTANCE,OK,9.871,6.162,,0,nearest_robot=robot4
514.000,ours,-,robot2,MIN_DISTANCE,OK,7.662,6.162,,0,nearest_robot=robot6
514.000,ours,-,robot3,MIN_DISTANCE,OK,0.952,6.162,,0,nearest_robot=robot5
514.000,ours,-,robot4,MIN_DISTANCE,OK,9.871,6.162,,0,nearest_robot=robot1
514.000,ours,-,robot5,MIN_DISTANCE,OK,0.952,6.162,,0,nearest_robot=robot3
514.000,ours,-,robot6,MIN_DISTANCE,OK,7.662,6.162,,0,nearest_robot=robot2
514.000,ours,-,fleet,MIN_DISTANCE_AVG,OK,6.162,,,0,robots_sampled=6
514.640,ours,-,fleet,CHOMP_TIME_FULL,OK,,4.394,,0,iterations=100;iterations_executed=100;source=algorithm;round_trip=4.414492
515.000,ours,-,robot1,MIN_DISTANCE,OK,9.721,6.100,,0,nearest_robot=robot5
515.000,ours,-,robot2,MIN_DISTANCE,OK,7.580,6.100,,0,nearest_robot=robot6
515.000,ours,-,robot3,MIN_DISTANCE,OK,0.840,6.100,,0,nearest_robot=robot5
515.000,ours,-,robot4,MIN_DISTANCE,OK,10.041,6.100,,0,nearest_robot=robot1
515.000,ours,-,robot5,MIN_DISTANCE,OK,0.840,6.100,,0,nearest_robot=robot3
515.000,ours,-,robot6,MIN_DISTANCE,OK,7.580,6.100,,0,nearest_robot=robot2
515.000,ours,-,fleet,MIN_DISTANCE_AVG,OK,6.100,,,0,robots_sampled=6
515.420,ours,-,fleet,CHOMP_TIME_PARTIAL,OK,,0.442,,0,iterations=10;iterations_executed=10;source=algorithm;round_trip=0.460988
516.000,ours,-,robot1,MIN_DISTANCE,OK,9.381,6.036,,0,nearest_robot=robot5
516.000,ours,-,robot2,MIN_DISTANCE,OK,7.504,6.036,,0,nearest_robot=robot6
516.000,ours,-,robot3,MIN_DISTANCE,OK,0.809,6.036,,0,nearest_robot=robot5
516.000,ours,-,robot4,MIN_DISTANCE,OK,10.207,6.036,,0,nearest_robot=robot1
516.000,ours,-,robot5,MIN_DISTANCE,OK,0.809,6.036,,0,nearest_robot=robot3
516.000,ours,-,robot6,MIN_DISTANCE,OK,7.504,6.036,,0,nearest_robot=robot2
516.000,ours,-,fleet,MIN_DISTANCE_AVG,OK,6.036,,,0,robots_sampled=6
517.000,ours,-,robot1,MIN_DISTANCE,OK,9.023,5.955,,0,nearest_robot=robot5
517.000,ours,-,robot2,MIN_DISTANCE,OK,7.427,5.955,,0,nearest_robot=robot6
517.000,ours,-,robot3,MIN_DISTANCE,OK,0.724,5.955,,0,nearest_robot=robot5
517.000,ours,-,robot4,MIN_DISTANCE,OK,10.406,5.955,,0,nearest_robot=robot1
517.000,ours,-,robot5,MIN_DISTANCE,OK,0.724,5.955,,0,nearest_robot=robot3
517.000,ours,-,robot6,MIN_DISTANCE,OK,7.427,5.955,,0,nearest_robot=robot2
517.000,ours,-,fleet,MIN_DISTANCE_AVG,OK,5.955,,,0,robots_sampled=6
518.000,ours,-,robot1,MIN_DISTANCE,OK,8.704,5.911,,0,nearest_robot=robot5
518.000,ours,-,robot2,MIN_DISTANCE,OK,7.304,5.911,,0,nearest_robot=robot6
518.000,ours,-,robot3,MIN_DISTANCE,OK,0.823,5.911,,0,nearest_robot=robot5
518.000,ours,-,robot4,MIN_DISTANCE,OK,10.511,5.911,,0,nearest_robot=robot1
518.000,ours,-,robot5,MIN_DISTANCE,OK,0.823,5.911,,0,nearest_robot=robot3
518.000,ours,-,robot6,MIN_DISTANCE,OK,7.304,5.911,,0,nearest_robot=robot2
518.000,ours,-,fleet,MIN_DISTANCE_AVG,OK,5.911,,,0,robots_sampled=6
519.000,ours,-,robot1,MIN_DISTANCE,OK,8.285,5.972,,0,nearest_robot=robot5
519.000,ours,-,robot2,MIN_DISTANCE,OK,7.152,5.972,,0,nearest_robot=robot6
519.000,ours,-,robot3,MIN_DISTANCE,OK,1.243,5.972,,0,nearest_robot=robot5
519.000,ours,-,robot4,MIN_DISTANCE,OK,10.756,5.972,,0,nearest_robot=robot1
519.000,ours,-,robot5,MIN_DISTANCE,OK,1.243,5.972,,0,nearest_robot=robot3
519.000,ours,-,robot6,MIN_DISTANCE,OK,7.152,5.972,,0,nearest_robot=robot2
519.000,ours,-,fleet,MIN_DISTANCE_AVG,OK,5.972,,,0,robots_sampled=6
519.940,ours,-,fleet,CHOMP_TIME_FULL,OK,,4.183,,0,iterations=100;iterations_executed=100;source=algorithm;round_trip=4.206342
520.000,ours,-,robot1,MIN_DISTANCE,OK,7.847,6.041,,0,nearest_robot=robot5
520.000,ours,-,robot2,MIN_DISTANCE,OK,6.976,6.041,,0,nearest_robot=robot6
520.000,ours,-,robot3,MIN_DISTANCE,OK,1.716,6.041,,0,nearest_robot=robot5
520.000,ours,-,robot4,MIN_DISTANCE,OK,11.017,6.041,,0,nearest_robot=robot1
520.000,ours,-,robot5,MIN_DISTANCE,OK,1.716,6.041,,0,nearest_robot=robot3
520.000,ours,-,robot6,MIN_DISTANCE,OK,6.976,6.041,,0,nearest_robot=robot2
520.000,ours,-,fleet,MIN_DISTANCE_AVG,OK,6.041,,,0,robots_sampled=6
520.420,ours,-,fleet,CHOMP_TIME_PARTIAL,OK,,0.478,,0,iterations=10;iterations_executed=10;source=algorithm;round_trip=0.498990
