timestamp,run_id,task_id,robot_id,event,status,allocation_cost,duration,path,collision_flag,message
366.000,ours,-,robot1,MIN_DISTANCE,OK,12.508,9.498,,0,nearest_robot=robot2
366.000,ours,-,robot2,MIN_DISTANCE,OK,12.508,9.498,,0,nearest_robot=robot1
366.000,ours,-,robot3,MIN_DISTANCE,OK,6.488,9.498,,0,nearest_robot=robot4
366.000,ours,-,robot4,MIN_DISTANCE,OK,6.488,9.498,,0,nearest_robot=robot3
366.000,ours,-,fleet,MIN_DISTANCE_AVG,OK,9.498,,,0,robots_sampled=4
367.000,ours,-,robot1,MIN_DISTANCE,OK,12.508,9.498,,0,nearest_robot=robot2
367.000,ours,-,robot2,MIN_DISTANCE,OK,12.508,9.498,,0,nearest_robot=robot1
367.000,ours,-,robot3,MIN_DISTANCE,OK,6.488,9.498,,0,nearest_robot=robot4
367.000,ours,-,robot4,MIN_DISTANCE,OK,6.488,9.498,,0,nearest_robot=robot3
367.000,ours,-,fleet,MIN_DISTANCE_AVG,OK,9.498,,,0,robots_sampled=4
368.000,ours,-,robot1,MIN_DISTANCE,OK,12.508,9.498,,0,nearest_robot=robot2
368.000,ours,-,robot2,MIN_DISTANCE,OK,12.508,9.498,,0,nearest_robot=robot1
368.000,ours,-,robot3,MIN_DISTANCE,OK,6.488,9.498,,0,nearest_robot=robot4
368.000,ours,-,robot4,MIN_DISTANCE,OK,6.488,9.498,,0,nearest_robot=robot3
368.000,ours,-,fleet,MIN_DISTANCE_AVG,OK,9.498,,,0,robots_sampled=4
369.000,ours,-,robot1,MIN_DISTANCE,OK,12.508,9.498,,0,nearest_robot=robot2
369.000,ours,-,robot2,MIN_DISTANCE,OK,12.508,9.498,,0,nearest_robot=robot1
369.000,ours,-,robot3,MIN_DISTANCE,OK,6.488,9.498,,0,nearest_robot=robot4
369.000,ours,-,robot4,MIN_DISTANCE,OK,6.488,9.498,,0,nearest_robot=robot3
369.000,ours,-,fleet,MIN_DISTANCE_AVG,OK,9.498,,,0,robots_sampled=4
370.000,ours,-,robot1,MIN_DISTANCE,OK,12.508,9.498,,0,nearest_robot=robot2
370.000,ours,-,robot2,MIN_DISTANCE,OK,12.508,9.498,,0,nearest_robot=robot1
370.000,ours,-,robot3,MIN_DISTANCE,OK,6.488,9.498,,0,nearest_robot=robot4
370.000,ours,-,robot4,MIN_DISTANCE,OK,6.488,9.498,,0,nearest_robot=robot3
370.000,ours,-,fleet,MIN_DISTANCE_AVG,OK,9.498,,,0,robots_sampled=4
371.000,ours,-,robot1,MIN_DISTANCE,OK,12.508,9.498,,0,nearest_robot=robot2
371.000,ours,-,robot2,MIN_DISTANCE,OK,12.508,9.498,,0,nearest_robot=robot1
371.000,ours,-,robot3,MIN_DISTANCE,OK,6.488,9.498,,0,nearest_robot=robot4
371.000,ours,-,robot4,MIN_DISTANCE,OK,6.488,9.498,,0,nearest_robot=robot3
371.000,ours,-,fleet,MIN_DISTANCE_AVG,OK,9.498,,,0,robots_sampled=4
372.000,ours,-,robot1,MIN_DISTANCE,OK,12.484,9.480,,0,nearest_robot=robot2
372.000,ours,-,robot2,MIN_DISTANCE,OK,12.484,9.480,,0,nearest_robot=robot1
372.000,ours,-,robot3,MIN_DISTANCE,OK,6.476,9.480,,0,nearest_robot=robot4
372.000,ours,-,robot4,MIN_DISTANCE,OK,6.476,9.480,,0,nearest_robot=robot3
372.000,ours,-,fleet,MIN_DISTANCE_AVG,OK,9.480,,,0,robots_sampled=4
373.000,ours,-,robot1,MIN_DISTANCE,OK,12.283,9.338,,0,nearest_robot=robot2
373.000,ours,-,robot2,MIN_DISTANCE,OK,12.283,9.338,,0,nearest_robot=robot1
373.000,ours,-,robot3,MIN_DISTANCE,OK,6.393,9.338,,0,nearest_robot=robot4
373.000,ours,-,robot4,MIN_DISTANCE,OK,6.393,9.338,,0,nearest_robot=robot3
373.000,ours,-,fleet,MIN_DISTANCE_AVG,OK,9.338,,,0,robots_sampled=4
374.000,ours,-,robot1,MIN_DISTANCE,OK,12.372,9.371,,0,nearest_robot=robot2
374.000,ours,-,robot2,MIN_DISTANCE,OK,12.372,9.371,,0,nearest_robot=robot1
374.000,ours,-,robot3,MIN_DISTANCE,OK,6.369,9.371,,0,nearest_robot=robot4
374.000,ours,-,robot4,MIN_DISTANCE,OK,6.369,9.371,,0,nearest_robot=robot3
374.000,ours,-,fleet,MIN_DISTANCE_AVG,OK,9.371,,,0,robots_sampled=4
375.000,ours,-,robot1,MIN_DISTANCE,OK,12.659,9.473,,0,nearest_robot=robot2
375.000,ours,-,robot2,MIN_DISTANCE,OK,12.659,9.473,,0,nearest_robot=robot1
375.000,ours,-,robot3,MIN_DISTANCE,OK,6.287,9.473,,0,nearest_robot=robot4
375.000,ours,-,robot4,MIN_DISTANCE,OK,6.287,9.473,,0,nearest_robot=robot3
375.000,ours,-,fleet,MIN_DISTANCE_AVG,OK,9.473,,,0,robots_sampled=4
376.000,ours,-,robot1,MIN_DISTANCE,OK,12.824,9.499,,0,nearest_robot=robot2
376.000,ours,-,robot2,MIN_DISTANCE,OK,12.824,9.499,,0,nearest_robot=robot1
376.000,ours,-,robot3,MIN_DISTANCE,OK,6.175,9.499,,0,nearest_robot=robot4
376.000,ours,-,robot4,MIN_DISTANCE,OK,6.175,9.499,,0,nearest_robot=robot3
376.000,ours,-,fleet,MIN_DISTANCE_AVG,OK,9.499,,,0,robots_sampled=4
377.000,ours,-,robot1,MIN_DISTANCE,OK,13.050,9.566,,0,nearest_robot=robot2
377.000,ours,-,robot2,MIN_DISTANCE,OK,13.050,9.566,,0,nearest_robot=robot1
377.000,ours,-,robot3,MIN_DISTANCE,OK,6.082,9.566,,0,nearest_robot=robot4
377.000,ours,-,robot4,MIN_DISTANCE,OK,6.082,9.566,,0,nearest_robot=robot3
377.000,ours,-,fleet,MIN_DISTANCE_AVG,OK,9.566,,,0,robots_sampled=4
378.000,ours,-,robot1,MIN_DISTANCE,OK,13.301,9.656,,0,nearest_robot=robot2
378.000,ours,-,robot2,MIN_DISTANCE,OK,13.301,9.656,,0,nearest_robot=robot1
378.000,ours,-,robot3,MIN_DISTANCE,OK,6.011,9.656,,0,nearest_robot=robot4
378.000,ours,-,robot4,MIN_DISTANCE,OK,6.011,9.656,,0,nearest_robot=robot3
378.000,ours,-,fleet,MIN_DISTANCE_AVG,OK,9.656,,,0,robots_sampled=4
379.000,ours,-,robot1,MIN_DISTANCE,OK,13.441,9.624,,0,nearest_robot=robot2
379.000,ours,-,robot2,MIN_DISTANCE,OK,13.441,9.624,,0,nearest_robot=robot1
379.000,ours,-,robot3,MIN_DISTANCE,OK,5.807,9.624,,0,nearest_robot=robot4
379.000,ours,-,robot4,MIN_DISTANCE,OK,5.807,9.624,,0,nearest_robot=robot3
379.000,ours,-,fleet,MIN_DISTANCE_AVG,OK,9.624,,,0,robots_sampled=4
380.000,ours,-,robot1,MIN_DISTANCE,OK,13.229,9.315,,0,nearest_robot=robot2
380.000,ours,-,robot2,MIN_DISTANCE,OK,13.229,9.315,,0,nearest_robot=robot1
380.000,ours,-,robot3,MIN_DISTANCE,OK,5.401,9.315,,0,nearest_robot=robot4
380.000,ours,-,robot4,MIN_DISTANCE,OK,5.401,9.315,,0,nearest_robot=robot3
380.000,ours,-,fleet,MIN_DISTANCE_AVG,OK,9.315,,,0,robots_sampled=4
381.000,ours,-,robot1,MIN_DISTANCE,OK,12.883,8.958,,0,nearest_robot=robot2
381.000,ours,-,robot2,MIN_DISTANCE,OK,12.883,8.958,,0,nearest_robot=robot1
381.000,ours,-,robot3,MIN_DISTANCE,OK,5.034,8.958,,0,nearest_robot=robot4
381.000,ours,-,robot4,MIN_DISTANCE,OK,5.034,8.958,,0,nearest_robot=robot3
381.000,ours,-,fleet,MIN_DISTANCE_AVG,OK,8.958,,,0,robots_sampled=4
382.000,ours,-,robot1,MIN_DISTANCE,OK,12.585,8.712,,0,nearest_robot=robot2
382.000,ours,-,robot2,MIN_DISTANCE,OK,12.585,8.712,,0,nearest_robot=robot1
382.000,ours,-,robot3,MIN_DISTANCE,OK,4.840,8.712,,0,nearest_robot=robot4
382.000,ours,-,robot4,MIN_DISTANCE,OK,4.840,8.712,,0,nearest_robot=robot3
382.000,ours,-,fleet,MIN_DISTANCE_AVG,OK,8.712,,,0,robots_sampled=4
383.000,ours,-,robot1,MIN_DISTANCE,OK,12.303,8.514,,0,nearest_robot=robot2
383.000,ours,-,robot2,MIN_DISTANCE,OK,12.303,8.514,,0,nearest_robot=robot1
383.000,ours,-,robot3,MIN_DISTANCE,OK,4.725,8.514,,0,nearest_robot=robot4
383.000,ours,-,robot4,MIN_DISTANCE,OK,4.725,8.514,,0,nearest_robot=robot3
383.000,ours,-,fleet,MIN_DISTANCE_AVG,OK,8.514,,,0,robots_sampled=4
384.000,ours,-,robot1,MIN_DISTANCE,OK,12.015,8.344,,0,nearest_robot=robot2
384.000,ours,-,robot2,MIN_DISTANCE,OK,12.015,8.344,,0,nearest_robot=robot1
384.000,ours,-,robot3,MIN_DISTANCE,OK,4.673,8.344,,0,nearest_robot=robot4
384.000,ours,-,robot4,MIN_DISTANCE,OK,4.673,8.344,,0,nearest_robot=robot3
384.000,ours,-,fleet,MIN_DISTANCE_AVG,OK,8.344,,,0,robots_sampled=4
385.000,ours,-,robot1,MIN_DISTANCE,OK,11.841,8.247,,0,nearest_robot=robot2
385.000,ours,-,robot2,MIN_DISTANCE,OK,11.841,8.247,,0,nearest_robot=robot1
385.000,ours,-,robot3,MIN_DISTANCE,OK,4.654,8.247,,0,nearest_robot=robot4
385.000,ours,-,robot4,MIN_DISTANCE,OK,4.654,8.247,,0,nearest_robot=robot3
385.000,ours,-,fleet,MIN_DISTANCE_AVG,OK,8.247,,,0,robots_sampled=4
386.000,ours,-,robot1,MIN_DISTANCE,OK,11.743,8.191,,0,nearest_robot=robot2
386.000,ours,-,robot2,MIN_DISTANCE,OK,11.743,8.191,,0,nearest_robot=robot1
386.000,ours,-,robot3,MIN_DISTANCE,OK,4.639,8.191,,0,nearest_robot=robot4
386.000,ours,-,robot4,MIN_DISTANCE,OK,4.639,8.191,,0,nearest_robot=robot3
386.000,ours,-,fleet,MIN_DISTANCE_AVG,OK,8.191,,,0,robots_sampled=4
387.000,ours,-,robot1,MIN_DISTANCE,OK,11.635,8.145,,0,nearest_robot=robot2
387.000,ours,-,robot2,MIN_DISTANCE,OK,11.635,8.145,,0,nearest_robot=robot1
387.000,ours,-,robot3,MIN_DISTANCE,OK,4.654,8.145,,0,nearest_robot=robot4
387.000,ours,-,robot4,MIN_DISTANCE,OK,4.654,8.145,,0,nearest_robot=robot3
387.000,ours,-,fleet,MIN_DISTANCE_AVG,OK,8.145,,,0,robots_sampled=4
388.000,ours,-,robot1,MIN_DISTANCE,OK,11.460,8.105,,0,nearest_robot=robot2
388.000,ours,-,robot2,MIN_DISTANCE,OK,11.460,8.105,,0,nearest_robot=robot1
388.000,ours,-,robot3,MIN_DISTANCE,OK,4.750,8.105,,0,nearest_robot=robot4
388.000,ours,-,robot4,MIN_DISTANCE,OK,4.750,8.105,,0,nearest_robot=robot3
388.000,ours,-,fleet,MIN_DISTANCE_AVG,OK,8.105,,,0,robots_sampled=4
389.000,ours,-,robot1,MIN_DISTANCE,OK,11.449,8.166,,0,nearest_robot=robot2
389.000,ours,-,robot2,MIN_DISTANCE,OK,11.449,8.166,,0,nearest_robot=robot1
389.000,ours,-,robot3,MIN_DISTANCE,OK,4.883,8.166,,0,nearest_robot=robot4
389.000,ours,-,robot4,MIN_DISTANCE,OK,4.883,8.166,,0,nearest_robot=robot3
389.000,ours,-,fleet,MIN_DISTANCE_AVG,OK,8.166,,,0,robots_sampled=4
390.000,ours,-,robot1,MIN_DISTANCE,OK,11.678,8.285,,0,nearest_robot=robot2
390.000,ours,-,robot2,MIN_DISTANCE,OK,11.678,8.285,,0,nearest_robot=robot1
390.000,ours,-,robot3,MIN_DISTANCE,OK,4.893,8.285,,0,nearest_robot=robot4
390.000,ours,-,robot4,MIN_DISTANCE,OK,4.893,8.285,,0,nearest_robot=robot3
390.000,ours,-,fleet,MIN_DISTANCE_AVG,OK,8.285,,,0,robots_sampled=4
391.000,ours,-,robot1,MIN_DISTANCE,OK,11.969,8.411,,0,nearest_robot=robot2
391.000,ours,-,robot2,MIN_DISTANCE,OK,11.969,8.411,,0,nearest_robot=robot1
391.000,ours,-,robot3,MIN_DISTANCE,OK,4.852,8.411,,0,nearest_robot=robot4
391.000,ours,-,robot4,MIN_DISTANCE,OK,4.852,8.411,,0,nearest_robot=robot3
391.000,ours,-,fleet,MIN_DISTANCE_AVG,OK,8.411,,,0,robots_sampled=4
392.000,ours,-,robot1,MIN_DISTANCE,OK,12.249,8.398,,0,nearest_robot=robot2
392.000,ours,-,robot2,MIN_DISTANCE,OK,11.724,8.398,,0,nearest_robot=robot3
392.000,ours,-,robot3,MIN_DISTANCE,OK,4.809,8.398,,0,nearest_robot=robot4
392.000,ours,-,robot4,MIN_DISTANCE,OK,4.809,8.398,,0,nearest_robot=robot3
392.000,ours,-,fleet,MIN_DISTANCE_AVG,OK,8.398,,,0,robots_sampled=4
393.000,ours,-,robot1,MIN_DISTANCE,OK,12.336,8.343,,0,nearest_robot=robot2
393.000,ours,-,robot2,MIN_DISTANCE,OK,11.458,8.343,,0,nearest_robot=robot3
393.000,ours,-,robot3,MIN_DISTANCE,OK,4.788,8.343,,0,nearest_robot=robot4
393.000,ours,-,robot4,MIN_DISTANCE,OK,4.788,8.343,,0,nearest_robot=robot3
393.000,ours,-,fleet,MIN_DISTANCE_AVG,OK,8.343,,,0,robots_sampled=4
394.000,ours,-,robot1,MIN_DISTANCE,OK,12.195,8.255,,0,nearest_robot=robot2
394.000,ours,-,robot2,MIN_DISTANCE,OK,11.283,8.255,,0,nearest_robot=robot3
394.000,ours,-,robot3,MIN_DISTANCE,OK,4.771,8.255,,0,nearest_robot=robot4
394.000,ours,-,robot4,MIN_DISTANCE,OK,4.771,8.255,,0,nearest_robot=robot3
394.000,ours,-,fleet,MIN_DISTANCE_AVG,OK,8.255,,,0,robots_sampled=4
395.000,ours,-,robot1,MIN_DISTANCE,OK,12.148,8.170,,0,nearest_robot=robot2
395.000,ours,-,robot2,MIN_DISTANCE,OK,10.975,8.170,,0,nearest_robot=robot3
395.000,ours,-,robot3,MIN_DISTANCE,OK,4.779,8.170,,0,nearest_robot=robot4
395.000,ours,-,robot4,MIN_DISTANCE,OK,4.779,8.170,,0,nearest_robot=robot3
395.000,ours,-,fleet,MIN_DISTANCE_AVG,OK,8.170,,,0,robots_sampled=4
396.000,ours,-,robot1,MIN_DISTANCE,OK,12.122,8.084,,0,nearest_robot=robot2
396.000,ours,-,robot2,MIN_DISTANCE,OK,10.660,8.084,,0,nearest_robot=robot3
396.000,ours,-,robot3,MIN_DISTANCE,OK,4.778,8.084,,0,nearest_robot=robot4
396.000,ours,-,robot4,MIN_DISTANCE,OK,4.778,8.084,,0,nearest_robot=robot3
396.000,ours,-,fleet,MIN_DISTANCE_AVG,OK,8.084,,,0,robots_sampled=4
397.000,ours,-,robot1,MIN_DISTANCE,OK,12.042,7.970,,0,nearest_robot=robot2
397.000,ours,-,robot2,MIN_DISTANCE,OK,10.338,7.970,,0,nearest_robot=robot3
397.000,ours,-,robot3,MIN_DISTANCE,OK,4.749,7.970,,0,nearest_robot=robot4
397.000,ours,-,robot4,MIN_DISTANCE,OK,4.749,7.970,,0,nearest_robot=robot3
397.000,ours,-,fleet,MIN_DISTANCE_AVG,OK,7.970,,,0,robots_sampled=4
398.000,ours,-,robot1,MIN_DISTANCE,OK,11.869,7.838,,0,nearest_robot=robot2
398.000,ours,-,robot2,MIN_DISTANCE,OK,10.055,7.838,,0,nearest_robot=robot3
398.000,ours,-,robot3,MIN_DISTANCE,OK,4.714,7.838,,0,nearest_robot=robot4
398.000,ours,-,robot4,MIN_DISTANCE,OK,4.714,7.838,,0,nearest_robot=robot3
398.000,ours,-,fleet,MIN_DISTANCE_AVG,OK,7.838,,,0,robots_sampled=4
399.000,ours,-,robot1,MIN_DISTANCE,OK,11.679,7.718,,0,nearest_robot=robot2
399.000,ours,-,robot2,MIN_DISTANCE,OK,9.756,7.718,,0,nearest_robot=robot3
399.000,ours,-,robot3,MIN_DISTANCE,OK,4.717,7.718,,0,nearest_robot=robot4
399.000,ours,-,robot4,MIN_DISTANCE,OK,4.717,7.718,,0,nearest_robot=robot3
399.000,ours,-,fleet,MIN_DISTANCE_AVG,OK,7.718,,,0,robots_sampled=4
400.000,ours,-,robot1,MIN_DISTANCE,OK,11.417,7.562,,0,nearest_robot=robot2
400.000,ours,-,robot2,MIN_DISTANCE,OK,9.455,7.562,,0,nearest_robot=robot3
400.000,ours,-,robot3,MIN_DISTANCE,OK,4.687,7.562,,0,nearest_robot=robot4
400.000,ours,-,robot4,MIN_DISTANCE,OK,4.687,7.562,,0,nearest_robot=robot3
400.000,ours,-,fleet,MIN_DISTANCE_AVG,OK,7.562,,,0,robots_sampled=4
401.000,ours,-,robot1,MIN_DISTANCE,OK,11.063,7.409,,0,nearest_robot=robot2
401.000,ours,-,robot2,MIN_DISTANCE,OK,9.195,7.409,,0,nearest_robot=robot3
401.000,ours,-,robot3,MIN_DISTANCE,OK,4.690,7.409,,0,nearest_robot=robot4
401.000,ours,-,robot4,MIN_DISTANCE,OK,4.690,7.409,,0,nearest_robot=robot3
401.000,ours,-,fleet,MIN_DISTANCE_AVG,OK,7.409,,,0,robots_sampled=4
402.000,ours,-,robot1,MIN_DISTANCE,OK,10.620,7.263,,0,nearest_robot=robot2
402.000,ours,-,robot2,MIN_DISTANCE,OK,8.959,7.263,,0,nearest_robot=robot3
402.000,ours,-,robot3,MIN_DISTANCE,OK,4.737,7.263,,0,nearest_robot=robot4
402.000,ours,-,robot4,MIN_DISTANCE,OK,4.737,7.263,,0,nearest_robot=robot3
402.000,ours,-,fleet,MIN_DISTANCE_AVG,OK,7.263,,,0,robots_sampled=4
403.000,ours,-,robot1,MIN_DISTANCE,OK,10.109,7.106,,0,nearest_robot=robot2
403.000,ours,-,robot2,MIN_DISTANCE,OK,8.809,7.106,,0,nearest_robot=robot3
403.000,ours,-,robot3,MIN_DISTANCE,OK,4.754,7.106,,0,nearest_robot=robot4
403.000,ours,-,robot4,MIN_DISTANCE,OK,4.754,7.106,,0,nearest_robot=robot3
403.000,ours,-,fleet,MIN_DISTANCE_AVG,OK,7.106,,,0,robots_sampled=4
404.000,ours,-,robot1,MIN_DISTANCE,OK,9.560,6.954,,0,nearest_robot=robot2
404.000,ours,-,robot2,MIN_DISTANCE,OK,8.700,6.954,,0,nearest_robot=robot3
404.000,ours,-,robot3,MIN_DISTANCE,OK,4.778,6.954,,0,nearest_robot=robot4
404.000,ours,-,robot4,MIN_DISTANCE,OK,4.778,6.954,,0,nearest_robot=robot3
404.000,ours,-,fleet,MIN_DISTANCE_AVG,OK,6.954,,,0,robots_sampled=4
405.000,ours,-,robot1,MIN_DISTANCE,OK,8.991,6.819,,0,nearest_robot=robot2
405.000,ours,-,robot2,MIN_DISTANCE,OK,8.666,6.819,,0,nearest_robot=robot3
405.000,ours,-,robot3,MIN_DISTANCE,OK,4.809,6.819,,0,nearest_robot=robot4
405.000,ours,-,robot4,MIN_DISTANCE,OK,4.809,6.819,,0,nearest_robot=robot3
405.000,ours,-,fleet,MIN_DISTANCE_AVG,OK,6.819,,,0,robots_sampled=4
406.000,ours,-,robot1,MIN_DISTANCE,OK,8.411,6.602,,0,nearest_robot=robot2
406.000,ours,-,robot2,MIN_DISTANCE,OK,8.411,6.602,,0,nearest_robot=robot1
406.000,ours,-,robot3,MIN_DISTANCE,OK,4.794,6.602,,0,nearest_robot=robot4
406.000,ours,-,robot4,MIN_DISTANCE,OK,4.794,6.602,,0,nearest_robot=robot3
406.000,ours,-,fleet,MIN_DISTANCE_AVG,OK,6.602,,,0,robots_sampled=4
407.000,ours,-,robot1,MIN_DISTANCE,OK,7.800,6.314,,0,nearest_robot=robot2
407.000,ours,-,robot2,MIN_DISTANCE,OK,7.800,6.314,,0,nearest_robot=robot1
407.000,ours,-,robot3,MIN_DISTANCE,OK,4.828,6.314,,0,nearest_robot=robot4
407.000,ours,-,robot4,MIN_DISTANCE,OK,4.828,6.314,,0,nearest_robot=robot3
407.000,ours,-,fleet,MIN_DISTANCE_AVG,OK,6.314,,,0,robots_sampled=4
408.000,ours,-,robot1,MIN_DISTANCE,OK,7.166,5.982,,0,nearest_robot=robot2
408.000,ours,-,robot2,MIN_DISTANCE,OK,7.166,5.982,,0,nearest_robot=robot1
408.000,ours,-,robot3,MIN_DISTANCE,OK,4.797,5.982,,0,nearest_robot=robot4
408.000,ours,-,robot4,MIN_DISTANCE,OK,4.797,5.982,,0,nearest_robot=robot3
408.000,ours,-,fleet,MIN_DISTANCE_AVG,OK,5.982,,,0,robots_sampled=4
409.000,ours,-,robot1,MIN_DISTANCE,OK,6.522,5.645,,0,nearest_robot=robot2
409.000,ours,-,robot2,MIN_DISTANCE,OK,6.522,5.645,,0,nearest_robot=robot1
409.000,ours,-,robot3,MIN_DISTANCE,OK,4.769,5.645,,0,nearest_robot=robot4
409.000,ours,-,robot4,MIN_DISTANCE,OK,4.769,5.645,,0,nearest_robot=robot3
409.000,ours,-,fleet,MIN_DISTANCE_AVG,OK,5.645,,,0,robots_sampled=4
410.000,ours,-,robot1,MIN_DISTANCE,OK,5.921,5.347,,0,nearest_robot=robot2
410.000,ours,-,robot2,MIN_DISTANCE,OK,5.921,5.347,,0,nearest_robot=robot1
410.000,ours,-,robot3,MIN_DISTANCE,OK,4.772,5.347,,0,nearest_robot=robot4
410.000,ours,-,robot4,MIN_DISTANCE,OK,4.772,5.347,,0,nearest_robot=robot3
410.000,ours,-,fleet,MIN_DISTANCE_AVG,OK,5.347,,,0,robots_sampled=4
411.000,ours,-,robot1,MIN_DISTANCE,OK,5.346,5.052,,0,nearest_robot=robot2
411.000,ours,-,robot2,MIN_DISTANCE,OK,5.346,5.052,,0,nearest_robot=robot1
411.000,ours,-,robot3,MIN_DISTANCE,OK,4.759,5.052,,0,nearest_robot=robot4
411.000,ours,-,robot4,MIN_DISTANCE,OK,4.759,5.052,,0,nearest_robot=robot3
411.000,ours,-,fleet,MIN_DISTANCE_AVG,OK,5.052,,,0,robots_sampled=4
412.000,ours,-,robot1,MIN_DISTANCE,OK,4.792,4.801,,0,nearest_robot=robot2
412.000,ours,-,robot2,MIN_DISTANCE,OK,4.792,4.801,,0,nearest_robot=robot1
412.000,ours,-,robot3,MIN_DISTANCE,OK,4.810,4.801,,0,nearest_robot=robot4
412.000,ours,-,robot4,MIN_DISTANCE,OK,4.810,4.801,,0,nearest_robot=robot3
412.000,ours,-,fleet,MIN_DISTANCE_AVG,OK,4.801,,,0,robots_sampled=4
413.000,ours,-,robot1,MIN_DISTANCE,OK,4.351,4.587,,0,nearest_robot=robot2
413.000,ours,-,robot2,MIN_DISTANCE,OK,4.351,4.587,,0,nearest_robot=robot1
413.000,ours,-,robot3,MIN_DISTANCE,OK,4.823,4.587,,0,nearest_robot=robot4
413.000,ours,-,robot4,MIN_DISTANCE,OK,4.823,4.587,,0,nearest_robot=robot3
413.000,ours,-,fleet,MIN_DISTANCE_AVG,OK,4.587,,,0,robots_sampled=4
414.000,ours,-,robot1,MIN_DISTANCE,OK,4.076,4.460,,0,nearest_robot=robot2
414.000,ours,-,robot2,MIN_DISTANCE,OK,4.076,4.460,,0,nearest_robot=robot1
414.000,ours,-,robot3,MIN_DISTANCE,OK,4.843,4.460,,0,nearest_robot=robot4
414.000,ours,-,robot4,MIN_DISTANCE,OK,4.843,4.460,,0,nearest_robot=robot3
414.000,ours,-,fleet,MIN_DISTANCE_AVG,OK,4.460,,,0,robots_sampled=4
415.000,ours,-,robot1,MIN_DISTANCE,OK,3.819,4.343,,0,nearest_robot=robot2
415.000,ours,-,robot2,MIN_DISTANCE,OK,3.819,4.343,,0,nearest_robot=robot1
415.000,ours,-,robot3,MIN_DISTANCE,OK,4.867,4.343,,0,nearest_robot=robot4
415.000,ours,-,robot4,MIN_DISTANCE,OK,4.867,4.343,,0,nearest_robot=robot3
415.000,ours,-,fleet,MIN_DISTANCE_AVG,OK,4.343,,,0,robots_sampled=4
416.000,ours,-,robot1,MIN_DISTANCE,OK,3.715,4.357,,0,nearest_robot=robot2
416.000,ours,-,robot2,MIN_DISTANCE,OK,3.715,4.357,,0,nearest_robot=robot1
416.000,ours,-,robot3,MIN_DISTANCE,OK,5.000,4.357,,0,nearest_robot=robot4
416.000,ours,-,robot4,MIN_DISTANCE,OK,5.000,4.357,,0,nearest_robot=robot3
416.000,ours,-,fleet,MIN_DISTANCE_AVG,OK,4.357,,,0,robots_sampled=4
417.000,ours,-,robot1,MIN_DISTANCE,OK,3.772,4.399,,0,nearest_robot=robot2
417.000,ours,-,robot2,MIN_DISTANCE,OK,3.772,4.399,,0,nearest_robot=robot1
417.000,ours,-,robot3,MIN_DISTANCE,OK,5.025,4.399,,0,nearest_robot=robot4
417.000,ours,-,robot4,MIN_DISTANCE,OK,5.025,4.399,,0,nearest_robot=robot3
417.000,ours,-,fleet,MIN_DISTANCE_AVG,OK,4.399,,,0,robots_sampled=4
418.000,ours,-,robot1,MIN_DISTANCE,OK,3.793,4.388,,0,nearest_robot=robot2
418.000,ours,-,robot2,MIN_DISTANCE,OK,3.793,4.388,,0,nearest_robot=robot1
418.000,ours,-,robot3,MIN_DISTANCE,OK,4.982,4.388,,0,nearest_robot=robot4
418.000,ours,-,robot4,MIN_DISTANCE,OK,4.982,4.388,,0,nearest_robot=robot3
418.000,ours,-,fleet,MIN_DISTANCE_AVG,OK,4.388,,,0,robots_sampled=4
419.000,ours,-,robot1,MIN_DISTANCE,OK,3.747,4.331,,0,nearest_robot=robot2
419.000,ours,-,robot2,MIN_DISTANCE,OK,3.747,4.331,,0,nearest_robot=robot1
419.000,ours,-,robot3,MIN_DISTANCE,OK,4.914,4.331,,0,nearest_robot=robot4
419.000,ours,-,robot4,MIN_DISTANCE,OK,4.914,4.331,,0,nearest_robot=robot3
419.000,ours,-,fleet,MIN_DISTANCE_AVG,OK,4.331,,,0,robots_sampled=4
420.000,ours,-,robot1,MIN_DISTANCE,OK,3.744,4.183,,0,nearest_robot=robot2
420.000,ours,-,robot2,MIN_DISTANCE,OK,3.744,4.183,,0,nearest_robot=robot1
420.000,ours,-,robot3,MIN_DISTANCE,OK,4.622,4.183,,0,nearest_robot=robot4
420.000,ours,-,robot4,MIN_DISTANCE,OK,4.622,4.183,,0,nearest_robot=robot3
420.000,ours,-,fleet,MIN_DISTANCE_AVG,OK,4.183,,,0,robots_sampled=4
421.000,ours,-,robot1,MIN_DISTANCE,OK,3.588,3.894,,0,nearest_robot=robot2
421.000,ours,-,robot2,MIN_DISTANCE,OK,3.588,3.894,,0,nearest_robot=robot1
421.000,ours,-,robot3,MIN_DISTANCE,OK,4.199,3.894,,0,nearest_robot=robot4
421.000,ours,-,robot4,MIN_DISTANCE,OK,4.199,3.894,,0,nearest_robot=robot3
421.000,ours,-,fleet,MIN_DISTANCE_AVG,OK,3.894,,,0,robots_sampled=4
422.000,ours,-,robot1,MIN_DISTANCE,OK,3.239,3.535,,0,nearest_robot=robot2
422.000,ours,-,robot2,MIN_DISTANCE,OK,3.239,3.535,,0,nearest_robot=robot1
422.000,ours,-,robot3,MIN_DISTANCE,OK,3.831,3.535,,0,nearest_robot=robot4
422.000,ours,-,robot4,MIN_DISTANCE,OK,3.831,3.535,,0,nearest_robot=robot3
422.000,ours,-,fleet,MIN_DISTANCE_AVG,OK,3.535,,,0,robots_sampled=4
423.000,ours,-,robot1,MIN_DISTANCE,OK,2.748,3.107,,0,nearest_robot=robot2
423.000,ours,-,robot2,MIN_DISTANCE,OK,2.748,3.107,,0,nearest_robot=robot1
423.000,ours,-,robot3,MIN_DISTANCE,OK,3.466,3.107,,0,nearest_robot=robot4
423.000,ours,-,robot4,MIN_DISTANCE,OK,3.466,3.107,,0,nearest_robot=robot3
423.000,ours,-,fleet,MIN_DISTANCE_AVG,OK,3.107,,,0,robots_sampled=4
424.000,ours,-,robot1,MIN_DISTANCE,OK,2.265,2.704,,0,nearest_robot=robot2
424.000,ours,-,robot2,MIN_DISTANCE,OK,2.265,2.704,,0,nearest_robot=robot1
424.000,ours,-,robot3,MIN_DISTANCE,OK,3.142,2.704,,0,nearest_robot=robot4
424.000,ours,-,robot4,MIN_DISTANCE,OK,3.142,2.704,,0,nearest_robot=robot3
424.000,ours,-,fleet,MIN_DISTANCE_AVG,OK,2.704,,,0,robots_sampled=4
425.000,ours,-,robot1,MIN_DISTANCE,OK,1.876,2.338,,0,nearest_robot=robot2
425.000,ours,-,robot2,MIN_DISTANCE,OK,1.876,2.338,,0,nearest_robot=robot1
425.000,ours,-,robot3,MIN_DISTANCE,OK,2.801,2.338,,0,nearest_robot=robot4
425.000,ours,-,robot4,MIN_DISTANCE,OK,2.801,2.338,,0,nearest_robot=robot3
425.000,ours,-,fleet,MIN_DISTANCE_AVG,OK,2.338,,,0,robots_sampled=4
426.000,ours,-,robot1,MIN_DISTANCE,OK,1.470,1.888,,0,nearest_robot=robot2
426.000,ours,-,robot2,MIN_DISTANCE,OK,1.470,1.888,,0,nearest_robot=robot1
426.000,ours,-,robot3,MIN_DISTANCE,OK,2.306,1.888,,0,nearest_robot=robot4
426.000,ours,-,robot4,MIN_DISTANCE,OK,2.306,1.888,,0,nearest_robot=robot3
426.000,ours,-,fleet,MIN_DISTANCE_AVG,OK,1.888,,,0,robots_sampled=4
427.000,ours,-,robot1,MIN_DISTANCE,OK,1.066,1.408,,0,nearest_robot=robot2
427.000,ours,-,robot2,MIN_DISTANCE,OK,1.066,1.408,,0,nearest_robot=robot1
427.000,ours,-,robot3,MIN_DISTANCE,OK,1.749,1.408,,0,nearest_robot=robot4
427.000,ours,-,robot4,MIN_DISTANCE,OK,1.749,1.408,,0,nearest_robot=robot3
427.000,ours,-,fleet,MIN_DISTANCE_AVG,OK,1.408,,,0,robots_sampled=4
428.000,ours,-,robot1,MIN_DISTANCE,OK,0.831,1.093,,0,nearest_robot=robot2
428.000,ours,-,robot2,MIN_DISTANCE,OK,0.831,1.093,,0,nearest_robot=robot1
428.000,ours,-,robot3,MIN_DISTANCE,OK,1.355,1.093,,0,nearest_robot=robot4
428.000,ours,-,robot4,MIN_DISTANCE,OK,1.355,1.093,,0,nearest_robot=robot3
428.000,ours,-,fleet,MIN_DISTANCE_AVG,OK,1.093,,,0,robots_sampled=4
429.000,ours,-,robot1,MIN_DISTANCE,OK,0.790,1.072,,0,nearest_robot=robot2
429.000,ours,-,robot2,MIN_DISTANCE,OK,0.790,1.072,,0,nearest_robot=robot1
429.000,ours,-,robot3,MIN_DISTANCE,OK,1.353,1.072,,0,nearest_robot=robot4
429.000,ours,-,robot4,MIN_DISTANCE,OK,1.353,1.072,,0,nearest_robot=robot3
429.000,ours,-,fleet,MIN_DISTANCE_AVG,OK,1.072,,,0,robots_sampled=4
430.000,ours,-,robot1,MIN_DISTANCE,OK,0.816,1.182,,0,nearest_robot=robot2
430.000,ours,-,robot2,MIN_DISTANCE,OK,0.816,1.182,,0,nearest_robot=robot1
430.000,ours,-,robot3,MIN_DISTANCE,OK,1.547,1.182,,0,nearest_robot=robot4
430.000,ours,-,robot4,MIN_DISTANCE,OK,1.547,1.182,,0,nearest_robot=robot3
430.000,ours,-,fleet,MIN_DISTANCE_AVG,OK,1.182,,,0,robots_sampled=4
431.000,ours,-,robot1,MIN_DISTANCE,OK,1.141,1.491,,0,nearest_robot=robot2
431.000,ours,-,robot2,MIN_DISTANCE,OK,1.141,1.491,,0,nearest_robot=robot1
431.000,ours,-,robot3,MIN_DISTANCE,OK,1.840,1.491,,0,nearest_robot=robot4
431.000,ours,-,robot4,MIN_DISTANCE,OK,1.840,1.491,,0,nearest_robot=robot3
431.000,ours,-,fleet,MIN_DISTANCE_AVG,OK,1.491,,,0,robots_sampled=4
432.000,ours,-,robot1,MIN_DISTANCE,OK,1.497,1.940,,0,nearest_robot=robot2
432.000,ours,-,robot2,MIN_DISTANCE,OK,1.497,1.940,,0,nearest_robot=robot1
432.000,ours,-,robot3,MIN_DISTANCE,OK,2.382,1.940,,0,nearest_robot=robot4
432.000,ours,-,robot4,MIN_DISTANCE,OK,2.382,1.940,,0,nearest_robot=robot3
432.000,ours,-,fleet,MIN_DISTANCE_AVG,OK,1.940,,,0,robots_sampled=4
433.000,ours,-,robot1,MIN_DISTANCE,OK,1.900,2.350,,0,nearest_robot=robot2
433.000,ours,-,robot2,MIN_DISTANCE,OK,1.900,2.350,,0,nearest_robot=robot1
433.000,ours,-,robot3,MIN_DISTANCE,OK,2.800,2.350,,0,nearest_robot=robot4
433.000,ours,-,robot4,MIN_DISTANCE,OK,2.800,2.350,,0,nearest_robot=robot3
433.000,ours,-,fleet,MIN_DISTANCE_AVG,OK,2.350,,,0,robots_sampled=4
434.000,ours,-,robot1,MIN_DISTANCE,OK,2.161,2.688,,0,nearest_robot=robot2
434.000,ours,-,robot2,MIN_DISTANCE,OK,2.161,2.688,,0,nearest_robot=robot1
434.000,ours,-,robot3,MIN_DISTANCE,OK,3.214,2.688,,0,nearest_robot=robot4
434.000,ours,-,robot4,MIN_DISTANCE,OK,3.214,2.688,,0,nearest_robot=robot3
434.000,ours,-,fleet,MIN_DISTANCE_AVG,OK,2.688,,,0,robots_sampled=4
435.000,ours,-,robot1,MIN_DISTANCE,OK,2.514,3.031,,0,nearest_robot=robot2
435.000,ours,-,robot2,MIN_DISTANCE,OK,2.514,3.031,,0,nearest_robot=robot1
435.000,ours,-,robot3,MIN_DISTANCE,OK,3.549,3.031,,0,nearest_robot=robot4
435.000,ours,-,robot4,MIN_DISTANCE,OK,3.549,3.031,,0,nearest_robot=robot3
435.000,ours,-,fleet,MIN_DISTANCE_AVG,OK,3.031,,,0,robots_sampled=4
436.000,ours,-,robot1,MIN_DISTANCE,OK,2.850,3.386,,0,nearest_robot=robot2
436.000,ours,-,robot2,MIN_DISTANCE,OK,2.850,3.386,,0,nearest_robot=robot1
436.000,ours,-,robot3,MIN_DISTANCE,OK,3.922,3.386,,0,nearest_robot=robot4
436.000,ours,-,robot4,MIN_DISTANCE,OK,3.922,3.386,,0,nearest_robot=robot3
436.000,ours,-,fleet,MIN_DISTANCE_AVG,OK,3.386,,,0,robots_sampled=4
437.000,ours,-,robot1,MIN_DISTANCE,OK,3.259,3.786,,0,nearest_robot=robot2
437.000,ours,-,robot2,MIN_DISTANCE,OK,3.259,3.786,,0,nearest_robot=robot1
437.000,ours,-,robot3,MIN_DISTANCE,OK,4.313,3.786,,0,nearest_robot=robot4
437.000,ours,-,robot4,MIN_DISTANCE,OK,4.313,3.786,,0,nearest_robot=robot3
437.000,ours,-,fleet,MIN_DISTANCE_AVG,OK,3.786,,,0,robots_sampled=4
438.000,ours,-,robot1,MIN_DISTANCE,OK,3.658,4.203,,0,nearest_robot=robot2
438.000,ours,-,robot2,MIN_DISTANCE,OK,3.658,4.203,,0,nearest_robot=robot1
438.000,ours,-,robot3,MIN_DISTANCE,OK,4.748,4.203,,0,nearest_robot=robot4
438.000,ours,-,robot4,MIN_DISTANCE,OK,4.748,4.203,,0,nearest_robot=robot3
438.000,ours,-,fleet,MIN_DISTANCE_AVG,OK,4.203,,,0,robots_sampled=4
439.000,ours,-,robot1,MIN_DISTANCE,OK,4.098,4.606,,0,nearest_robot=robot2
439.000,ours,-,robot2,MIN_DISTANCE,OK,4.098,4.606,,0,nearest_robot=robot1
439.000,ours,-,robot3,MIN_DISTANCE,OK,5.053,4.606,,0,nearest_robot=robot2
439.000,ours,-,robot4,MIN_DISTANCE,OK,5.173,4.606,,0,nearest_robot=robot3
439.000,ours,-,fleet,MIN_DISTANCE_AVG,OK,4.606,,,0,robots_sampled=4
440.000,ours,-,robot1,MIN_DISTANCE,OK,4.492,4.889,,0,nearest_robot=robot2
440.000,ours,-,robot2,MIN_DISTANCE,OK,4.492,4.889,,0,nearest_robot=robot1
440.000,ours,-,robot3,MIN_DISTANCE,OK,4.953,4.889,,0,nearest_robot=robot2
440.000,ours,-,robot4,MIN_DISTANCE,OK,5.620,4.889,,0,nearest_robot=robot3
440.000,ours,-,fleet,MIN_DISTANCE_AVG,OK,4.889,,,0,robots_sampled=4
441.000,ours,-,robot1,MIN_DISTANCE,OK,4.643,5.055,,0,nearest_robot=robot2
441.000,ours,-,robot2,MIN_DISTANCE,OK,4.643,5.055,,0,nearest_robot=robot1
441.000,ours,-,robot3,MIN_DISTANCE,OK,4.799,5.055,,0,nearest_robot=robot2
441.000,ours,-,robot4,MIN_DISTANCE,OK,6.137,5.055,,0,nearest_robot=robot3
441.000,ours,-,fleet,MIN_DISTANCE_AVG,OK,5.055,,,0,robots_sampled=4
442.000,ours,-,robot1,MIN_DISTANCE,OK,4.559,5.105,,0,nearest_robot=robot3
442.000,ours,-,robot2,MIN_DISTANCE,OK,4.666,5.105,,0,nearest_robot=robot1
442.000,ours,-,robot3,MIN_DISTANCE,OK,4.559,5.105,,0,nearest_robot=robot1
442.000,ours,-,robot4,MIN_DISTANCE,OK,6.636,5.105,,0,nearest_robot=robot3
442.000,ours,-,fleet,MIN_DISTANCE_AVG,OK,5.105,,,0,robots_sampled=4
443.000,ours,-,robot1,MIN_DISTANCE,OK,4.017,4.944,,0,nearest_robot=robot3
443.000,ours,-,robot2,MIN_DISTANCE,OK,4.614,4.944,,0,nearest_robot=robot3
443.000,ours,-,robot3,MIN_DISTANCE,OK,4.017,4.944,,0,nearest_robot=robot1
443.000,ours,-,robot4,MIN_DISTANCE,OK,7.128,4.944,,0,nearest_robot=robot3
443.000,ours,-,fleet,MIN_DISTANCE_AVG,OK,4.944,,,0,robots_sampled=4
444.000,ours,-,robot1,MIN_DISTANCE,OK,3.551,4.829,,0,nearest_robot=robot3
444.000,ours,-,robot2,MIN_DISTANCE,OK,4.596,4.829,,0,nearest_robot=robot3
444.000,ours,-,robot3,MIN_DISTANCE,OK,3.551,4.829,,0,nearest_robot=robot1
444.000,ours,-,robot4,MIN_DISTANCE,OK,7.615,4.829,,0,nearest_robot=robot3
444.000,ours,-,fleet,MIN_DISTANCE_AVG,OK,4.829,,,0,robots_sampled=4
445.000,ours,-,robot1,MIN_DISTANCE,OK,2.953,4.691,,0,nearest_robot=robot3
445.000,ours,-,robot2,MIN_DISTANCE,OK,4.664,4.691,,0,nearest_robot=robot3
445.000,ours,-,robot3,MIN_DISTANCE,OK,2.953,4.691,,0,nearest_robot=robot1
445.000,ours,-,robot4,MIN_DISTANCE,OK,8.193,4.691,,0,nearest_robot=robot3
445.000,ours,-,fleet,MIN_DISTANCE_AVG,OK,4.691,,,0,robots_sampled=4
446.000,ours,-,robot1,MIN_DISTANCE,OK,2.376,4.586,,0,nearest_robot=robot3
446.000,ours,-,robot2,MIN_DISTANCE,OK,4.849,4.586,,0,nearest_robot=robot3
446.000,ours,-,robot3,MIN_DISTANCE,OK,2.376,4.586,,0,nearest_robot=robot1
446.000,ours,-,robot4,MIN_DISTANCE,OK,8.741,4.586,,0,nearest_robot=robot3
446.000,ours,-,fleet,MIN_DISTANCE_AVG,OK,4.586,,,0,robots_sampled=4
447.000,ours,-,robot1,MIN_DISTANCE,OK,1.910,4.493,,0,nearest_robot=robot3
447.000,ours,-,robot2,MIN_DISTANCE,OK,4.847,4.493,,0,nearest_robot=robot1
447.000,ours,-,robot3,MIN_DISTANCE,OK,1.910,4.493,,0,nearest_robot=robot1
447.000,ours,-,robot4,MIN_DISTANCE,OK,9.305,4.493,,0,nearest_robot=robot3
447.000,ours,-,fleet,MIN_DISTANCE_AVG,OK,4.493,,,0,robots_sampled=4
448.000,ours,-,robot1,MIN_DISTANCE,OK,1.418,4.391,,0,nearest_robot=robot3
448.000,ours,-,robot2,MIN_DISTANCE,OK,4.830,4.391,,0,nearest_robot=robot1
448.000,ours,-,robot3,MIN_DISTANCE,OK,1.418,4.391,,0,nearest_robot=robot1
448.000,ours,-,robot4,MIN_DISTANCE,OK,9.896,4.391,,0,nearest_robot=robot2
448.000,ours,-,fleet,MIN_DISTANCE_AVG,OK,4.391,,,0,robots_sampled=4
449.000,ours,-,robot1,MIN_DISTANCE,OK,1.179,4.304,,0,nearest_robot=robot3
449.000,ours,-,robot2,MIN_DISTANCE,OK,4.866,4.304,,0,nearest_robot=robot1
449.000,ours,-,robot3,MIN_DISTANCE,OK,1.179,4.304,,0,nearest_robot=robot1
449.000,ours,-,robot4,MIN_DISTANCE,OK,9.993,4.304,,0,nearest_robot=robot2
449.000,ours,-,fleet,MIN_DISTANCE_AVG,OK,4.304,,,0,robots_sampled=4
450.000,ours,-,robot1,MIN_DISTANCE,OK,1.361,4.426,,0,nearest_robot=robot3
450.000,ours,-,robot2,MIN_DISTANCE,OK,4.892,4.426,,0,nearest_robot=robot1
450.000,ours,-,robot3,MIN_DISTANCE,OK,1.361,4.426,,0,nearest_robot=robot1
450.000,ours,-,robot4,MIN_DISTANCE,OK,10.090,4.426,,0,nearest_robot=robot2
450.000,ours,-,fleet,MIN_DISTANCE_AVG,OK,4.426,,,0,robots_sampled=4
451.000,ours,-,robot1,MIN_DISTANCE,OK,1.921,4.731,,0,nearest_robot=robot3
451.000,ours,-,robot2,MIN_DISTANCE,OK,4.890,4.731,,0,nearest_robot=robot1
451.000,ours,-,robot3,MIN_DISTANCE,OK,1.921,4.731,,0,nearest_robot=robot1
451.000,ours,-,robot4,MIN_DISTANCE,OK,10.194,4.731,,0,nearest_robot=robot2
451.000,ours,-,fleet,MIN_DISTANCE_AVG,OK,4.731,,,0,robots_sampled=4
452.000,ours,-,robot1,MIN_DISTANCE,OK,2.667,5.134,,0,nearest_robot=robot3
452.000,ours,-,robot2,MIN_DISTANCE,OK,4.925,5.134,,0,nearest_robot=robot1
452.000,ours,-,robot3,MIN_DISTANCE,OK,2.667,5.134,,0,nearest_robot=robot1
452.000,ours,-,robot4,MIN_DISTANCE,OK,10.276,5.134,,0,nearest_robot=robot2
452.000,ours,-,fleet,MIN_DISTANCE_AVG,OK,5.134,,,0,robots_sampled=4
453.000,ours,-,robot1,MIN_DISTANCE,OK,3.515,5.577,,0,nearest_robot=robot3
453.000,ours,-,robot2,MIN_DISTANCE,OK,4.944,5.577,,0,nearest_robot=robot1
453.000,ours,-,robot3,MIN_DISTANCE,OK,3.515,5.577,,0,nearest_robot=robot1
453.000,ours,-,robot4,MIN_DISTANCE,OK,10.334,5.577,,0,nearest_robot=robot2
453.000,ours,-,fleet,MIN_DISTANCE_AVG,OK,5.577,,,0,robots_sampled=4
454.000,ours,-,robot1,MIN_DISTANCE,OK,4.338,6.005,,0,nearest_robot=robot3
454.000,ours,-,robot2,MIN_DISTANCE,OK,4.974,6.005,,0,nearest_robot=robot1
454.000,ours,-,robot3,MIN_DISTANCE,OK,4.338,6.005,,0,nearest_robot=robot1
454.000,ours,-,robot4,MIN_DISTANCE,OK,10.371,6.005,,0,nearest_robot=robot2
454.000,ours,-,fleet,MIN_DISTANCE_AVG,OK,6.005,,,0,robots_sampled=4
455.000,ours,-,robot1,MIN_DISTANCE,OK,4.987,6.377,,0,nearest_robot=robot2
455.000,ours,-,robot2,MIN_DISTANCE,OK,4.987,6.377,,0,nearest_robot=robot1
455.000,ours,-,robot3,MIN_DISTANCE,OK,5.136,6.377,,0,nearest_robot=robot1
455.000,ours,-,robot4,MIN_DISTANCE,OK,10.397,6.377,,0,nearest_robot=robot2
455.000,ours,-,fleet,MIN_DISTANCE_AVG,OK,6.377,,,0,robots_sampled=4
456.000,ours,-,robot1,MIN_DISTANCE,OK,4.976,6.571,,0,nearest_robot=robot2
456.000,ours,-,robot2,MIN_DISTANCE,OK,4.976,6.571,,0,nearest_robot=robot1
456.000,ours,-,robot3,MIN_DISTANCE,OK,5.926,6.571,,0,nearest_robot=robot1
456.000,ours,-,robot4,MIN_DISTANCE,OK,10.407,6.571,,0,nearest_robot=robot2
456.000,ours,-,fleet,MIN_DISTANCE_AVG,OK,6.571,,,0,robots_sampled=4
457.000,ours,-,robot1,MIN_DISTANCE,OK,5.030,6.735,,0,nearest_robot=robot2
457.000,ours,-,robot2,MIN_DISTANCE,OK,5.030,6.735,,0,nearest_robot=robot1
457.000,ours,-,robot3,MIN_DISTANCE,OK,6.509,6.735,,0,nearest_robot=robot1
457.000,ours,-,robot4,MIN_DISTANCE,OK,10.372,6.735,,0,nearest_robot=robot2
457.000,ours,-,fleet,MIN_DISTANCE_AVG,OK,6.735,,,0,robots_sampled=4
458.000,ours,-,robot1,MIN_DISTANCE,OK,4.989,6.838,,0,nearest_robot=robot2
458.000,ours,-,robot2,MIN_DISTANCE,OK,4.989,6.838,,0,nearest_robot=robot1
458.000,ours,-,robot3,MIN_DISTANCE,OK,7.072,6.838,,0,nearest_robot=robot1
458.000,ours,-,robot4,MIN_DISTANCE,OK,10.303,6.838,,0,nearest_robot=robot2
458.000,ours,-,fleet,MIN_DISTANCE_AVG,OK,6.838,,,0,robots_sampled=4
459.000,ours,-,robot1,MIN_DISTANCE,OK,4.903,6.866,,0,nearest_robot=robot2
459.000,ours,-,robot2,MIN_DISTANCE,OK,4.903,6.866,,0,nearest_robot=robot1
459.000,ours,-,robot3,MIN_DISTANCE,OK,7.487,6.866,,0,nearest_robot=robot1
459.000,ours,-,robot4,MIN_DISTANCE,OK,10.171,6.866,,0,nearest_robot=robot2
459.000,ours,-,fleet,MIN_DISTANCE_AVG,OK,6.866,,,0,robots_sampled=4
460.000,ours,-,robot1,MIN_DISTANCE,OK,4.758,6.827,,0,nearest_robot=robot2
460.000,ours,-,robot2,MIN_DISTANCE,OK,4.758,6.827,,0,nearest_robot=robot1
460.000,ours,-,robot3,MIN_DISTANCE,OK,7.883,6.827,,0,nearest_robot=robot1
460.000,ours,-,robot4,MIN_DISTANCE,OK,9.910,6.827,,0,nearest_robot=robot2
460.000,ours,-,fleet,MIN_DISTANCE_AVG,OK,6.827,,,0,robots_sampled=4
461.000,ours,-,robot1,MIN_DISTANCE,OK,4.744,6.839,,0,nearest_robot=robot2
461.000,ours,-,robot2,MIN_DISTANCE,OK,4.744,6.839,,0,nearest_robot=robot1
461.000,ours,-,robot3,MIN_DISTANCE,OK,8.292,6.839,,0,nearest_robot=robot1
461.000,ours,-,robot4,MIN_DISTANCE,OK,9.578,6.839,,0,nearest_robot=robot2
461.000,ours,-,fleet,MIN_DISTANCE_AVG,OK,6.839,,,0,robots_sampled=4
462.000,ours,-,robot1,MIN_DISTANCE,OK,4.729,6.869,,0,nearest_robot=robot2
462.000,ours,-,robot2,MIN_DISTANCE,OK,4.729,6.869,,0,nearest_robot=robot1
462.000,ours,-,robot3,MIN_DISTANCE,OK,8.725,6.869,,0,nearest_robot=robot1
462.000,ours,-,robot4,MIN_DISTANCE,OK,9.292,6.869,,0,nearest_robot=robot2
462.000,ours,-,fleet,MIN_DISTANCE_AVG,OK,6.869,,,0,robots_sampled=4
463.000,ours,-,robot1,MIN_DISTANCE,OK,4.725,6.909,,0,nearest_robot=robot2
463.000,ours,-,robot2,MIN_DISTANCE,OK,4.725,6.909,,0,nearest_robot=robot1
463.000,ours,-,robot3,MIN_DISTANCE,OK,9.104,6.909,,0,nearest_robot=robot1
463.000,ours,-,robot4,MIN_DISTANCE,OK,9.082,6.909,,0,nearest_robot=robot2
463.000,ours,-,fleet,MIN_DISTANCE_AVG,OK,6.909,,,0,robots_sampled=4
464.000,ours,-,robot1,MIN_DISTANCE,OK,4.724,6.964,,0,nearest_robot=robot2
464.000,ours,-,robot2,MIN_DISTANCE,OK,4.724,6.964,,0,nearest_robot=robot1
464.000,ours,-,robot3,MIN_DISTANCE,OK,9.487,6.964,,0,nearest_robot=robot1
464.000,ours,-,robot4,MIN_DISTANCE,OK,8.921,6.964,,0,nearest_robot=robot2
464.000,ours,-,fleet,MIN_DISTANCE_AVG,OK,6.964,,,0,robots_sampled=4
465.000,ours,-,robot1,MIN_DISTANCE,OK,4.753,7.035,,0,nearest_robot=robot2
465.000,ours,-,robot2,MIN_DISTANCE,OK,4.753,7.035,,0,nearest_robot=robot1
465.000,ours,-,robot3,MIN_DISTANCE,OK,9.806,7.035,,0,nearest_robot=robot1
465.000,ours,-,robot4,MIN_DISTANCE,OK,8.827,7.035,,0,nearest_robot=robot2
465.000,ours,-,fleet,MIN_DISTANCE_AVG,OK,7.035,,,0,robots_sampled=4
466.000,ours,-,robot1,MIN_DISTANCE,OK,4.807,7.075,,0,nearest_robot=robot2
466.000,ours,-,robot2,MIN_DISTANCE,OK,4.807,7.075,,0,nearest_robot=robot1
466.000,ours,-,robot3,MIN_DISTANCE,OK,9.962,7.075,,0,nearest_robot=robot1
466.000,ours,-,robot4,MIN_DISTANCE,OK,8.724,7.075,,0,nearest_robot=robot2
466.000,ours,-,fleet,MIN_DISTANCE_AVG,OK,7.075,,,0,robots_sampled=4
467.000,ours,-,robot1,MIN_DISTANCE,OK,4.784,7.046,,0,nearest_robot=robot2
467.000,ours,-,robot2,MIN_DISTANCE,OK,4.784,7.046,,0,nearest_robot=robot1
467.000,ours,-,robot3,MIN_DISTANCE,OK,10.024,7.046,,0,nearest_robot=robot1
467.000,ours,-,robot4,MIN_DISTANCE,OK,8.592,7.046,,0,nearest_robot=robot2
467.000,ours,-,fleet,MIN_DISTANCE_AVG,OK,7.046,,,0,robots_sampled=4
468.000,ours,-,robot1,MIN_DISTANCE,OK,4.771,7.014,,0,nearest_robot=robot2
468.000,ours,-,robot2,MIN_DISTANCE,OK,4.771,7.014,,0,nearest_robot=robot1
468.000,ours,-,robot3,MIN_DISTANCE,OK,10.110,7.014,,0,nearest_robot=robot1
468.000,ours,-,robot4,MIN_DISTANCE,OK,8.406,7.014,,0,nearest_robot=robot2
468.000,ours,-,fleet,MIN_DISTANCE_AVG,OK,7.014,,,0,robots_sampled=4
469.000,ours,-,robot1,MIN_DISTANCE,OK,4.790,6.971,,0,nearest_robot=robot2
469.000,ours,-,robot2,MIN_DISTANCE,OK,4.790,6.971,,0,nearest_robot=robot1
469.000,ours,-,robot3,MIN_DISTANCE,OK,10.127,6.971,,0,nearest_robot=robot1
469.000,ours,-,robot4,MIN_DISTANCE,OK,8.178,6.971,,0,nearest_robot=robot2
469.000,ours,-,fleet,MIN_DISTANCE_AVG,OK,6.971,,,0,robots_sampled=4
470.000,ours,-,robot1,MIN_DISTANCE,OK,4.813,6.922,,0,nearest_robot=robot2
470.000,ours,-,robot2,MIN_DISTANCE,OK,4.813,6.922,,0,nearest_robot=robot1
470.000,ours,-,robot3,MIN_DISTANCE,OK,10.147,6.922,,0,nearest_robot=robot1
470.000,ours,-,robot4,MIN_DISTANCE,OK,7.915,6.922,,0,nearest_robot=robot2
470.000,ours,-,fleet,MIN_DISTANCE_AVG,OK,6.922,,,0,robots_sampled=4
471.000,ours,-,robot1,MIN_DISTANCE,OK,4.860,6.831,,0,nearest_robot=robot2
471.000,ours,-,robot2,MIN_DISTANCE,OK,4.860,6.831,,0,nearest_robot=robot1
471.000,ours,-,robot3,MIN_DISTANCE,OK,10.149,6.831,,0,nearest_robot=robot1
471.000,ours,-,robot4,MIN_DISTANCE,OK,7.454,6.831,,0,nearest_robot=robot2
471.000,ours,-,fleet,MIN_DISTANCE_AVG,OK,6.831,,,0,robots_sampled=4
472.000,ours,-,robot1,MIN_DISTANCE,OK,4.866,6.705,,0,nearest_robot=robot2
472.000,ours,-,robot2,MIN_DISTANCE,OK,4.866,6.705,,0,nearest_robot=robot1
472.000,ours,-,robot3,MIN_DISTANCE,OK,10.181,6.705,,0,nearest_robot=robot1
472.000,ours,-,robot4,MIN_DISTANCE,OK,6.909,6.705,,0,nearest_robot=robot2
472.000,ours,-,fleet,MIN_DISTANCE_AVG,OK,6.705,,,0,robots_sampled=4
473.000,ours,-,robot1,MIN_DISTANCE,OK,4.909,6.576,,0,nearest_robot=robot2
473.000,ours,-,robot2,MIN_DISTANCE,OK,4.909,6.576,,0,nearest_robot=robot1
473.000,ours,-,robot3,MIN_DISTANCE,OK,10.153,6.576,,0,nearest_robot=robot1
473.000,ours,-,robot4,MIN_DISTANCE,OK,6.331,6.576,,0,nearest_robot=robot2
473.000,ours,-,fleet,MIN_DISTANCE_AVG,OK,6.576,,,0,robots_sampled=4
474.000,ours,-,robot1,MIN_DISTANCE,OK,4.941,6.440,,0,nearest_robot=robot2
474.000,ours,-,robot2,MIN_DISTANCE,OK,4.941,6.440,,0,nearest_robot=robot1
474.000,ours,-,robot3,MIN_DISTANCE,OK,10.098,6.440,,0,nearest_robot=robot1
474.000,ours,-,robot4,MIN_DISTANCE,OK,5.780,6.440,,0,nearest_robot=robot2
474.000,ours,-,fleet,MIN_DISTANCE_AVG,OK,6.440,,,0,robots_sampled=4
475.000,ours,-,robot1,MIN_DISTANCE,OK,5.052,6.343,,0,nearest_robot=robot2
475.000,ours,-,robot2,MIN_DISTANCE,OK,5.052,6.343,,0,nearest_robot=robot1
475.000,ours,-,robot3,MIN_DISTANCE,OK,10.039,6.343,,0,nearest_robot=robot1
475.000,ours,-,robot4,MIN_DISTANCE,OK,5.229,6.343,,0,nearest_robot=robot2
475.000,ours,-,fleet,MIN_DISTANCE_AVG,OK,6.343,,,0,robots_sampled=4
476.000,ours,-,robot1,MIN_DISTANCE,OK,5.169,6.134,,0,nearest_robot=robot2
476.000,ours,-,robot2,MIN_DISTANCE,OK,4.687,6.134,,0,nearest_robot=robot4
476.000,ours,-,robot3,MIN_DISTANCE,OK,9.994,6.134,,0,nearest_robot=robot1
476.000,ours,-,robot4,MIN_DISTANCE,OK,4.687,6.134,,0,nearest_robot=robot2
476.000,ours,-,fleet,MIN_DISTANCE_AVG,OK,6.134,,,0,robots_sampled=4
477.000,ours,-,robot1,MIN_DISTANCE,OK,5.274,5.920,,0,nearest_robot=robot2
477.000,ours,-,robot2,MIN_DISTANCE,OK,4.200,5.920,,0,nearest_robot=robot4
477.000,ours,-,robot3,MIN_DISTANCE,OK,10.006,5.920,,0,nearest_robot=robot1
477.000,ours,-,robot4,MIN_DISTANCE,OK,4.200,5.920,,0,nearest_robot=robot2
477.000,ours,-,fleet,MIN_DISTANCE_AVG,OK,5.920,,,0,robots_sampled=4
478.000,ours,-,robot1,MIN_DISTANCE,OK,5.368,5.697,,0,nearest_robot=robot2
478.000,ours,-,robot2,MIN_DISTANCE,OK,3.740,5.697,,0,nearest_robot=robot4
478.000,ours,-,robot3,MIN_DISTANCE,OK,9.939,5.697,,0,nearest_robot=robot1
478.000,ours,-,robot4,MIN_DISTANCE,OK,3.740,5.697,,0,nearest_robot=robot2
478.000,ours,-,fleet,MIN_DISTANCE_AVG,OK,5.697,,,0,robots_sampled=4
479.000,ours,-,robot1,MIN_DISTANCE,OK,5.460,5.464,,0,nearest_robot=robot2
479.000,ours,-,robot2,MIN_DISTANCE,OK,3.231,5.464,,0,nearest_robot=robot4
479.000,ours,-,robot3,MIN_DISTANCE,OK,9.933,5.464,,0,nearest_robot=robot1
479.000,ours,-,robot4,MIN_DISTANCE,OK,3.231,5.464,,0,nearest_robot=robot2
479.000,ours,-,fleet,MIN_DISTANCE_AVG,OK,5.464,,,0,robots_sampled=4
480.000,ours,-,robot1,MIN_DISTANCE,OK,5.430,5.221,,0,nearest_robot=robot2
480.000,ours,-,robot2,MIN_DISTANCE,OK,2.764,5.221,,0,nearest_robot=robot4
480.000,ours,-,robot3,MIN_DISTANCE,OK,9.927,5.221,,0,nearest_robot=robot1
480.000,ours,-,robot4,MIN_DISTANCE,OK,2.764,5.221,,0,nearest_robot=robot2
480.000,ours,-,fleet,MIN_DISTANCE_AVG,OK,5.221,,,0,robots_sampled=4
481.000,ours,-,robot1,MIN_DISTANCE,OK,5.095,4.928,,0,nearest_robot=robot2
481.000,ours,-,robot2,MIN_DISTANCE,OK,2.405,4.928,,0,nearest_robot=robot4
481.000,ours,-,robot3,MIN_DISTANCE,OK,9.807,4.928,,0,nearest_robot=robot1
481.000,ours,-,robot4,MIN_DISTANCE,OK,2.405,4.928,,0,nearest_robot=robot2
481.000,ours,-,fleet,MIN_DISTANCE_AVG,OK,4.928,,,0,robots_sampled=4
482.000,ours,-,robot1,MIN_DISTANCE,OK,4.649,4.710,,0,nearest_robot=robot2
482.000,ours,-,robot2,MIN_DISTANCE,OK,2.170,4.710,,0,nearest_robot=robot4
482.000,ours,-,robot3,MIN_DISTANCE,OK,9.851,4.710,,0,nearest_robot=robot1
482.000,ours,-,robot4,MIN_DISTANCE,OK,2.170,4.710,,0,nearest_robot=robot2
482.000,ours,-,fleet,MIN_DISTANCE_AVG,OK,4.710,,,0,robots_sampled=4
483.000,ours,-,robot1,MIN_DISTANCE,OK,4.193,4.539,,0,nearest_robot=robot2
483.000,ours,-,robot2,MIN_DISTANCE,OK,2.055,4.539,,0,nearest_robot=robot4
483.000,ours,-,robot3,MIN_DISTANCE,OK,9.853,4.539,,0,nearest_robot=robot1
483.000,ours,-,robot4,MIN_DISTANCE,OK,2.055,4.539,,0,nearest_robot=robot2
483.000,ours,-,fleet,MIN_DISTANCE_AVG,OK,4.539,,,0,robots_sampled=4
484.000,ours,-,robot1,MIN_DISTANCE,OK,3.761,4.426,,0,nearest_robot=robot2
484.000,ours,-,robot2,MIN_DISTANCE,OK,2.054,4.426,,0,nearest_robot=robot4
484.000,ours,-,robot3,MIN_DISTANCE,OK,9.836,4.426,,0,nearest_robot=robot1
484.000,ours,-,robot4,MIN_DISTANCE,OK,2.054,4.426,,0,nearest_robot=robot2
484.000,ours,-,fleet,MIN_DISTANCE_AVG,OK,4.426,,,0,robots_sampled=4
485.000,ours,-,robot1,MIN_DISTANCE,OK,3.281,4.312,,0,nearest_robot=robot2
485.000,ours,-,robot2,MIN_DISTANCE,OK,2.064,4.312,,0,nearest_robot=robot4
485.000,ours,-,robot3,MIN_DISTANCE,OK,9.838,4.312,,0,nearest_robot=robot1
485.000,ours,-,robot4,MIN_DISTANCE,OK,2.064,4.312,,0,nearest_robot=robot2
485.000,ours,-,fleet,MIN_DISTANCE_AVG,OK,4.312,,,0,robots_sampled=4
486.000,ours,-,robot1,MIN_DISTANCE,OK,2.796,4.207,,0,nearest_robot=robot2
486.000,ours,-,robot2,MIN_DISTANCE,OK,2.085,4.207,,0,nearest_robot=robot4
486.000,ours,-,robot3,MIN_DISTANCE,OK,9.863,4.207,,0,nearest_robot=robot1
486.000,ours,-,robot4,MIN_DISTANCE,OK,2.085,4.207,,0,nearest_robot=robot2
486.000,ours,-,fleet,MIN_DISTANCE_AVG,OK,4.207,,,0,robots_sampled=4
487.000,ours,-,robot1,MIN_DISTANCE,OK,2.354,4.057,,0,nearest_robot=robot2
487.000,ours,-,robot2,MIN_DISTANCE,OK,1.994,4.057,,0,nearest_robot=robot4
487.000,ours,-,robot3,MIN_DISTANCE,OK,9.886,4.057,,0,nearest_robot=robot1
487.000,ours,-,robot4,MIN_DISTANCE,OK,1.994,4.057,,0,nearest_robot=robot2
487.000,ours,-,fleet,MIN_DISTANCE_AVG,OK,4.057,,,0,robots_sampled=4
488.000,ours,-,robot1,MIN_DISTANCE,OK,1.890,3.938,,0,nearest_robot=robot2
488.000,ours,-,robot2,MIN_DISTANCE,OK,1.890,3.938,,0,nearest_robot=robot1
488.000,ours,-,robot3,MIN_DISTANCE,OK,10.024,3.938,,0,nearest_robot=robot1
488.000,ours,-,robot4,MIN_DISTANCE,OK,1.947,3.938,,0,nearest_robot=robot2
488.000,ours,-,fleet,MIN_DISTANCE_AVG,OK,3.938,,,0,robots_sampled=4
489.000,ours,-,robot1,MIN_DISTANCE,OK,1.395,3.714,,0,nearest_robot=robot2
489.000,ours,-,robot2,MIN_DISTANCE,OK,1.395,3.714,,0,nearest_robot=robot1
489.000,ours,-,robot3,MIN_DISTANCE,OK,10.088,3.714,,0,nearest_robot=robot1
489.000,ours,-,robot4,MIN_DISTANCE,OK,1.979,3.714,,0,nearest_robot=robot2
489.000,ours,-,fleet,MIN_DISTANCE_AVG,OK,3.714,,,0,robots_sampled=4
490.000,ours,-,robot1,MIN_DISTANCE,OK,0.937,3.573,,0,nearest_robot=robot2
490.000,ours,-,robot2,MIN_DISTANCE,OK,0.937,3.573,,0,nearest_robot=robot1
490.000,ours,-,robot3,MIN_DISTANCE,OK,10.064,3.573,,0,nearest_robot=robot1
490.000,ours,-,robot4,MIN_DISTANCE,OK,2.355,3.573,,0,nearest_robot=robot2
490.000,ours,-,fleet,MIN_DISTANCE_AVG,OK,3.573,,,0,robots_sampled=4
491.000,ours,-,robot1,MIN_DISTANCE,OK,0.807,3.554,,0,nearest_robot=robot2
491.000,ours,-,robot2,MIN_DISTANCE,OK,0.807,3.554,,0,nearest_robot=robot1
491.000,ours,-,robot3,MIN_DISTANCE,OK,10.043,3.554,,0,nearest_robot=robot1
491.000,ours,-,robot4,MIN_DISTANCE,OK,2.559,3.554,,0,nearest_robot=robot1
491.000,ours,-,fleet,MIN_DISTANCE_AVG,OK,3.554,,,0,robots_sampled=4
492.000,ours,-,robot1,MIN_DISTANCE,OK,1.196,3.653,,0,nearest_robot=robot2
492.000,ours,-,robot2,MIN_DISTANCE,OK,1.196,3.653,,0,nearest_robot=robot1
492.000,ours,-,robot3,MIN_DISTANCE,OK,9.968,3.653,,0,nearest_robot=robot1
492.000,ours,-,robot4,MIN_DISTANCE,OK,2.252,3.653,,0,nearest_robot=robot1
492.000,ours,-,fleet,MIN_DISTANCE_AVG,OK,3.653,,,0,robots_sampled=4
493.000,ours,-,robot1,MIN_DISTANCE,OK,1.625,3.781,,0,nearest_robot=robot2
493.000,ours,-,robot2,MIN_DISTANCE,OK,1.625,3.781,,0,nearest_robot=robot1
493.000,ours,-,robot3,MIN_DISTANCE,OK,9.697,3.781,,0,nearest_robot=robot2
493.000,ours,-,robot4,MIN_DISTANCE,OK,2.177,3.781,,0,nearest_robot=robot1
493.000,ours,-,fleet,MIN_DISTANCE_AVG,OK,3.781,,,0,robots_sampled=4
494.000,ours,-,robot1,MIN_DISTANCE,OK,1.782,3.734,,0,nearest_robot=robot2
494.000,ours,-,robot2,MIN_DISTANCE,OK,1.782,3.734,,0,nearest_robot=robot1
494.000,ours,-,robot3,MIN_DISTANCE,OK,9.150,3.734,,0,nearest_robot=robot2
494.000,ours,-,robot4,MIN_DISTANCE,OK,2.223,3.734,,0,nearest_robot=robot1
494.000,ours,-,fleet,MIN_DISTANCE_AVG,OK,3.734,,,0,robots_sampled=4
495.000,ours,-,robot1,MIN_DISTANCE,OK,1.930,3.687,,0,nearest_robot=robot2
495.000,ours,-,robot2,MIN_DISTANCE,OK,1.930,3.687,,0,nearest_robot=robot1
495.000,ours,-,robot3,MIN_DISTANCE,OK,8.329,3.687,,0,nearest_robot=robot2
495.000,ours,-,robot4,MIN_DISTANCE,OK,2.557,3.687,,0,nearest_robot=robot1
495.000,ours,-,fleet,MIN_DISTANCE_AVG,OK,3.687,,,0,robots_sampled=4
496.000,ours,-,robot1,MIN_DISTANCE,OK,2.104,3.663,,0,nearest_robot=robot2
496.000,ours,-,robot2,MIN_DISTANCE,OK,2.104,3.663,,0,nearest_robot=robot1
496.000,ours,-,robot3,MIN_DISTANCE,OK,7.521,3.663,,0,nearest_robot=robot2
496.000,ours,-,robot4,MIN_DISTANCE,OK,2.923,3.663,,0,nearest_robot=robot1
496.000,ours,-,fleet,MIN_DISTANCE_AVG,OK,3.663,,,0,robots_sampled=4
497.000,ours,-,robot1,MIN_DISTANCE,OK,2.322,3.673,,0,nearest_robot=robot2
497.000,ours,-,robot2,MIN_DISTANCE,OK,2.322,3.673,,0,nearest_robot=robot1
497.000,ours,-,robot3,MIN_DISTANCE,OK,6.812,3.673,,0,nearest_robot=robot2
497.000,ours,-,robot4,MIN_DISTANCE,OK,3.234,3.673,,0,nearest_robot=robot1
497.000,ours,-,fleet,MIN_DISTANCE_AVG,OK,3.673,,,0,robots_sampled=4
498.000,ours,-,robot1,MIN_DISTANCE,OK,2.466,3.683,,0,nearest_robot=robot2
498.000,ours,-,robot2,MIN_DISTANCE,OK,2.466,3.683,,0,nearest_robot=robot1
498.000,ours,-,robot3,MIN_DISTANCE,OK,6.167,3.683,,0,nearest_robot=robot2
498.000,ours,-,robot4,MIN_DISTANCE,OK,3.635,3.683,,0,nearest_robot=robot1
498.000,ours,-,fleet,MIN_DISTANCE_AVG,OK,3.683,,,0,robots_sampled=4
499.000,ours,-,robot1,MIN_DISTANCE,OK,2.761,3.761,,0,nearest_robot=robot2
499.000,ours,-,robot2,MIN_DISTANCE,OK,2.761,3.761,,0,nearest_robot=robot1
499.000,ours,-,robot3,MIN_DISTANCE,OK,5.455,3.761,,0,nearest_robot=robot2
499.000,ours,-,robot4,MIN_DISTANCE,OK,4.066,3.761,,0,nearest_robot=robot1
499.000,ours,-,fleet,MIN_DISTANCE_AVG,OK,3.761,,,0,robots_sampled=4
500.000,ours,-,robot1,MIN_DISTANCE,OK,3.382,3.969,,0,nearest_robot=robot2
500.000,ours,-,robot2,MIN_DISTANCE,OK,3.382,3.969,,0,nearest_robot=robot1
500.000,ours,-,robot3,MIN_DISTANCE,OK,4.655,3.969,,0,nearest_robot=robot2
500.000,ours,-,robot4,MIN_DISTANCE,OK,4.458,3.969,,0,nearest_robot=robot1
500.000,ours,-,fleet,MIN_DISTANCE_AVG,OK,3.969,,,0,robots_sampled=4
501.000,ours,-,robot1,MIN_DISTANCE,OK,4.023,4.171,,0,nearest_robot=robot2
501.000,ours,-,robot2,MIN_DISTANCE,OK,3.917,4.171,,0,nearest_robot=robot3
501.000,ours,-,robot3,MIN_DISTANCE,OK,3.917,4.171,,0,nearest_robot=robot2
501.000,ours,-,robot4,MIN_DISTANCE,OK,4.827,4.171,,0,nearest_robot=robot1
501.000,ours,-,fleet,MIN_DISTANCE_AVG,OK,4.171,,,0,robots_sampled=4
502.000,ours,-,robot1,MIN_DISTANCE,OK,4.658,4.049,,0,nearest_robot=robot2
502.000,ours,-,robot2,MIN_DISTANCE,OK,3.164,4.049,,0,nearest_robot=robot3
502.000,ours,-,robot3,MIN_DISTANCE,OK,3.164,4.049,,0,nearest_robot=robot2
502.000,ours,-,robot4,MIN_DISTANCE,OK,5.210,4.049,,0,nearest_robot=robot1
502.000,ours,-,fleet,MIN_DISTANCE_AVG,OK,4.049,,,0,robots_sampled=4
503.000,ours,-,robot1,MIN_DISTANCE,OK,5.297,3.904,,0,nearest_robot=robot2
503.000,ours,-,robot2,MIN_DISTANCE,OK,2.396,3.904,,0,nearest_robot=robot3
503.000,ours,-,robot3,MIN_DISTANCE,OK,2.396,3.904,,0,nearest_robot=robot2
503.000,ours,-,robot4,MIN_DISTANCE,OK,5.528,3.904,,0,nearest_robot=robot1
503.000,ours,-,fleet,MIN_DISTANCE_AVG,OK,3.904,,,0,robots_sampled=4
504.000,ours,-,robot1,MIN_DISTANCE,OK,5.639,3.660,,0,nearest_robot=robot4
504.000,ours,-,robot2,MIN_DISTANCE,OK,1.680,3.660,,0,nearest_robot=robot3
504.000,ours,-,robot3,MIN_DISTANCE,OK,1.680,3.660,,0,nearest_robot=robot2
504.000,ours,-,robot4,MIN_DISTANCE,OK,5.639,3.660,,0,nearest_robot=robot1
504.000,ours,-,fleet,MIN_DISTANCE_AVG,OK,3.660,,,0,robots_sampled=4
505.000,ours,-,robot1,MIN_DISTANCE,OK,5.600,3.377,,0,nearest_robot=robot4
505.000,ours,-,robot2,MIN_DISTANCE,OK,1.154,3.377,,0,nearest_robot=robot3
505.000,ours,-,robot3,MIN_DISTANCE,OK,1.154,3.377,,0,nearest_robot=robot2
505.000,ours,-,robot4,MIN_DISTANCE,OK,5.600,3.377,,0,nearest_robot=robot1
505.000,ours,-,fleet,MIN_DISTANCE_AVG,OK,3.377,,,0,robots_sampled=4
506.000,ours,-,robot1,MIN_DISTANCE,OK,5.584,3.306,,0,nearest_robot=robot4
506.000,ours,-,robot2,MIN_DISTANCE,OK,1.028,3.306,,0,nearest_robot=robot3
506.000,ours,-,robot3,MIN_DISTANCE,OK,1.028,3.306,,0,nearest_robot=robot2
506.000,ours,-,robot4,MIN_DISTANCE,OK,5.584,3.306,,0,nearest_robot=robot1
506.000,ours,-,fleet,MIN_DISTANCE_AVG,OK,3.306,,,0,robots_sampled=4
507.000,ours,-,robot1,MIN_DISTANCE,OK,5.526,3.456,,0,nearest_robot=robot4
507.000,ours,-,robot2,MIN_DISTANCE,OK,1.385,3.456,,0,nearest_robot=robot3
507.000,ours,-,robot3,MIN_DISTANCE,OK,1.385,3.456,,0,nearest_robot=robot2
507.000,ours,-,robot4,MIN_DISTANCE,OK,5.526,3.456,,0,nearest_robot=robot1
507.000,ours,-,fleet,MIN_DISTANCE_AVG,OK,3.456,,,0,robots_sampled=4
508.000,ours,-,robot1,MIN_DISTANCE,OK,5.371,3.732,,0,nearest_robot=robot4
508.000,ours,-,robot2,MIN_DISTANCE,OK,2.093,3.732,,0,nearest_robot=robot3
508.000,ours,-,robot3,MIN_DISTANCE,OK,2.093,3.732,,0,nearest_robot=robot2
508.000,ours,-,robot4,MIN_DISTANCE,OK,5.371,3.732,,0,nearest_robot=robot1
508.000,ours,-,fleet,MIN_DISTANCE_AVG,OK,3.732,,,0,robots_sampled=4
509.000,ours,-,robot1,MIN_DISTANCE,OK,5.262,4.107,,0,nearest_robot=robot4
509.000,ours,-,robot2,MIN_DISTANCE,OK,2.951,4.107,,0,nearest_robot=robot3
509.000,ours,-,robot3,MIN_DISTANCE,OK,2.951,4.107,,0,nearest_robot=robot2
509.000,ours,-,robot4,MIN_DISTANCE,OK,5.262,4.107,,0,nearest_robot=robot1
509.000,ours,-,fleet,MIN_DISTANCE_AVG,OK,4.107,,,0,robots_sampled=4
510.000,ours,-,robot1,MIN_DISTANCE,OK,5.133,4.430,,0,nearest_robot=robot4
510.000,ours,-,robot2,MIN_DISTANCE,OK,3.726,4.430,,0,nearest_robot=robot3
510.000,ours,-,robot3,MIN_DISTANCE,OK,3.726,4.430,,0,nearest_robot=robot2
510.000,ours,-,robot4,MIN_DISTANCE,OK,5.133,4.430,,0,nearest_robot=robot1
510.000,ours,-,fleet,MIN_DISTANCE_AVG,OK,4.430,,,0,robots_sampled=4
511.000,ours,-,robot1,MIN_DISTANCE,OK,4.993,4.723,,0,nearest_robot=robot4
511.000,ours,-,robot2,MIN_DISTANCE,OK,4.453,4.723,,0,nearest_robot=robot3
511.000,ours,-,robot3,MIN_DISTANCE,OK,4.453,4.723,,0,nearest_robot=robot2
511.000,ours,-,robot4,MIN_DISTANCE,OK,4.993,4.723,,0,nearest_robot=robot1
511.000,ours,-,fleet,MIN_DISTANCE_AVG,OK,4.723,,,0,robots_sampled=4
512.000,ours,-,robot1,MIN_DISTANCE,OK,4.885,4.994,,0,nearest_robot=robot4
512.000,ours,-,robot2,MIN_DISTANCE,OK,5.103,4.994,,0,nearest_robot=robot3
512.000,ours,-,robot3,MIN_DISTANCE,OK,5.103,4.994,,0,nearest_robot=robot2
512.000,ours,-,robot4,MIN_DISTANCE,OK,4.885,4.994,,0,nearest_robot=robot1
512.000,ours,-,fleet,MIN_DISTANCE_AVG,OK,4.994,,,0,robots_sampled=4
513.000,ours,-,robot1,MIN_DISTANCE,OK,4.814,5.168,,0,nearest_robot=robot4
513.000,ours,-,robot2,MIN_DISTANCE,OK,5.522,5.168,,0,nearest_robot=robot3
513.000,ours,-,robot3,MIN_DISTANCE,OK,5.522,5.168,,0,nearest_robot=robot2
513.000,ours,-,robot4,MIN_DISTANCE,OK,4.814,5.168,,0,nearest_robot=robot1
513.000,ours,-,fleet,MIN_DISTANCE_AVG,OK,5.168,,,0,robots_sampled=4
514.000,ours,-,robot1,MIN_DISTANCE,OK,4.775,5.395,,0,nearest_robot=robot4
514.000,ours,-,robot2,MIN_DISTANCE,OK,6.015,5.395,,0,nearest_robot=robot3
514.000,ours,-,robot3,MIN_DISTANCE,OK,6.015,5.395,,0,nearest_robot=robot2
514.000,ours,-,robot4,MIN_DISTANCE,OK,4.775,5.395,,0,nearest_robot=robot1
514.000,ours,-,fleet,MIN_DISTANCE_AVG,OK,5.395,,,0,robots_sampled=4
515.000,ours,-,robot1,MIN_DISTANCE,OK,4.766,5.768,,0,nearest_robot=robot4
515.000,ours,-,robot2,MIN_DISTANCE,OK,6.769,5.768,,0,nearest_robot=robot3
515.000,ours,-,robot3,MIN_DISTANCE,OK,6.769,5.768,,0,nearest_robot=robot2
515.000,ours,-,robot4,MIN_DISTANCE,OK,4.766,5.768,,0,nearest_robot=robot1
515.000,ours,-,fleet,MIN_DISTANCE_AVG,OK,5.768,,,0,robots_sampled=4
516.000,ours,-,robot1,MIN_DISTANCE,OK,4.799,6.158,,0,nearest_robot=robot4
516.000,ours,-,robot2,MIN_DISTANCE,OK,7.516,6.158,,0,nearest_robot=robot3
516.000,ours,-,robot3,MIN_DISTANCE,OK,7.516,6.158,,0,nearest_robot=robot2
516.000,ours,-,robot4,MIN_DISTANCE,OK,4.799,6.158,,0,nearest_robot=robot1
516.000,ours,-,fleet,MIN_DISTANCE_AVG,OK,6.158,,,0,robots_sampled=4
517.000,ours,-,robot1,MIN_DISTANCE,OK,4.812,6.494,,0,nearest_robot=robot4
517.000,ours,-,robot2,MIN_DISTANCE,OK,8.176,6.494,,0,nearest_robot=robot3
517.000,ours,-,robot3,MIN_DISTANCE,OK,8.176,6.494,,0,nearest_robot=robot2
517.000,ours,-,robot4,MIN_DISTANCE,OK,4.812,6.494,,0,nearest_robot=robot1
517.000,ours,-,fleet,MIN_DISTANCE_AVG,OK,6.494,,,0,robots_sampled=4
518.000,ours,-,robot1,MIN_DISTANCE,OK,4.805,6.651,,0,nearest_robot=robot4
518.000,ours,-,robot2,MIN_DISTANCE,OK,8.497,6.651,,0,nearest_robot=robot3
518.000,ours,-,robot3,MIN_DISTANCE,OK,8.497,6.651,,0,nearest_robot=robot2
518.000,ours,-,robot4,MIN_DISTANCE,OK,4.805,6.651,,0,nearest_robot=robot1
518.000,ours,-,fleet,MIN_DISTANCE_AVG,OK,6.651,,,0,robots_sampled=4
519.000,ours,-,robot1,MIN_DISTANCE,OK,4.851,6.806,,0,nearest_robot=robot4
519.000,ours,-,robot2,MIN_DISTANCE,OK,8.715,6.806,,0,nearest_robot=robot4
519.000,ours,-,robot3,MIN_DISTANCE,OK,8.808,6.806,,0,nearest_robot=robot2
519.000,ours,-,robot4,MIN_DISTANCE,OK,4.851,6.806,,0,nearest_robot=robot1
519.000,ours,-,fleet,MIN_DISTANCE_AVG,OK,6.806,,,0,robots_sampled=4
520.000,ours,-,robot1,MIN_DISTANCE,OK,4.870,6.907,,0,nearest_robot=robot4
520.000,ours,-,robot2,MIN_DISTANCE,OK,8.654,6.907,,0,nearest_robot=robot4
520.000,ours,-,robot3,MIN_DISTANCE,OK,9.235,6.907,,0,nearest_robot=robot2
520.000,ours,-,robot4,MIN_DISTANCE,OK,4.870,6.907,,0,nearest_robot=robot1
520.000,ours,-,fleet,MIN_DISTANCE_AVG,OK,6.907,,,0,robots_sampled=4
521.000,ours,-,robot1,MIN_DISTANCE,OK,4.910,7.007,,0,nearest_robot=robot4
521.000,ours,-,robot2,MIN_DISTANCE,OK,8.621,7.007,,0,nearest_robot=robot4
521.000,ours,-,robot3,MIN_DISTANCE,OK,9.589,7.007,,0,nearest_robot=robot1
521.000,ours,-,robot4,MIN_DISTANCE,OK,4.910,7.007,,0,nearest_robot=robot1
521.000,ours,-,fleet,MIN_DISTANCE_AVG,OK,7.007,,,0,robots_sampled=4
522.000,ours,-,robot1,MIN_DISTANCE,OK,4.964,7.114,,0,nearest_robot=robot4
522.000,ours,-,robot2,MIN_DISTANCE,OK,8.651,7.114,,0,nearest_robot=robot4
522.000,ours,-,robot3,MIN_DISTANCE,OK,9.875,7.114,,0,nearest_robot=robot1
522.000,ours,-,robot4,MIN_DISTANCE,OK,4.964,7.114,,0,nearest_robot=robot1
522.000,ours,-,fleet,MIN_DISTANCE_AVG,OK,7.114,,,0,robots_sampled=4
523.000,ours,-,robot1,MIN_DISTANCE,OK,4.952,7.223,,0,nearest_robot=robot4
523.000,ours,-,robot2,MIN_DISTANCE,OK,8.744,7.223,,0,nearest_robot=robot4
523.000,ours,-,robot3,MIN_DISTANCE,OK,10.243,7.223,,0,nearest_robot=robot1
523.000,ours,-,robot4,MIN_DISTANCE,OK,4.952,7.223,,0,nearest_robot=robot1
523.000,ours,-,fleet,MIN_DISTANCE_AVG,OK,7.223,,,0,robots_sampled=4
524.000,ours,-,robot1,MIN_DISTANCE,OK,4.960,7.349,,0,nearest_robot=robot4
524.000,ours,-,robot2,MIN_DISTANCE,OK,8.778,7.349,,0,nearest_robot=robot4
524.000,ours,-,robot3,MIN_DISTANCE,OK,10.697,7.349,,0,nearest_robot=robot1
524.000,ours,-,robot4,MIN_DISTANCE,OK,4.960,7.349,,0,nearest_robot=robot1
524.000,ours,-,fleet,MIN_DISTANCE_AVG,OK,7.349,,,0,robots_sampled=4
525.000,ours,-,robot1,MIN_DISTANCE,OK,4.946,7.466,,0,nearest_robot=robot4
525.000,ours,-,robot2,MIN_DISTANCE,OK,8.786,7.466,,0,nearest_robot=robot4
525.000,ours,-,robot3,MIN_DISTANCE,OK,11.186,7.466,,0,nearest_robot=robot1
525.000,ours,-,robot4,MIN_DISTANCE,OK,4.946,7.466,,0,nearest_robot=robot1
525.000,ours,-,fleet,MIN_DISTANCE_AVG,OK,7.466,,,0,robots_sampled=4
526.000,ours,-,robot1,MIN_DISTANCE,OK,4.918,7.564,,0,nearest_robot=robot4
526.000,ours,-,robot2,MIN_DISTANCE,OK,8.780,7.564,,0,nearest_robot=robot4
526.000,ours,-,robot3,MIN_DISTANCE,OK,11.641,7.564,,0,nearest_robot=robot1
526.000,ours,-,robot4,MIN_DISTANCE,OK,4.918,7.564,,0,nearest_robot=robot1
526.000,ours,-,fleet,MIN_DISTANCE_AVG,OK,7.564,,,0,robots_sampled=4
527.000,ours,-,robot1,MIN_DISTANCE,OK,4.938,7.623,,0,nearest_robot=robot4
527.000,ours,-,robot2,MIN_DISTANCE,OK,8.815,7.623,,0,nearest_robot=robot4
527.000,ours,-,robot3,MIN_DISTANCE,OK,11.803,7.623,,0,nearest_robot=robot1
527.000,ours,-,robot4,MIN_DISTANCE,OK,4.938,7.623,,0,nearest_robot=robot1
527.000,ours,-,fleet,MIN_DISTANCE_AVG,OK,7.623,,,0,robots_sampled=4
528.000,ours,-,robot1,MIN_DISTANCE,OK,4.906,7.639,,0,nearest_robot=robot4
528.000,ours,-,robot2,MIN_DISTANCE,OK,8.820,7.639,,0,nearest_robot=robot4
528.000,ours,-,robot3,MIN_DISTANCE,OK,11.926,7.639,,0,nearest_robot=robot1
528.000,ours,-,robot4,MIN_DISTANCE,OK,4.906,7.639,,0,nearest_robot=robot1
528.000,ours,-,fleet,MIN_DISTANCE_AVG,OK,7.639,,,0,robots_sampled=4
529.000,ours,-,robot1,MIN_DISTANCE,OK,4.929,7.619,,0,nearest_robot=robot4
529.000,ours,-,robot2,MIN_DISTANCE,OK,8.753,7.619,,0,nearest_robot=robot4
529.000,ours,-,robot3,MIN_DISTANCE,OK,11.867,7.619,,0,nearest_robot=robot1
529.000,ours,-,robot4,MIN_DISTANCE,OK,4.929,7.619,,0,nearest_robot=robot1
529.000,ours,-,fleet,MIN_DISTANCE_AVG,OK,7.619,,,0,robots_sampled=4
530.000,ours,-,robot1,MIN_DISTANCE,OK,5.154,7.688,,0,nearest_robot=robot4
530.000,ours,-,robot2,MIN_DISTANCE,OK,8.707,7.688,,0,nearest_robot=robot4
530.000,ours,-,robot3,MIN_DISTANCE,OK,11.740,7.688,,0,nearest_robot=robot1
530.000,ours,-,robot4,MIN_DISTANCE,OK,5.154,7.688,,0,nearest_robot=robot1
530.000,ours,-,fleet,MIN_DISTANCE_AVG,OK,7.688,,,0,robots_sampled=4
531.000,ours,-,robot1,MIN_DISTANCE,OK,5.150,7.692,,0,nearest_robot=robot4
531.000,ours,-,robot2,MIN_DISTANCE,OK,8.713,7.692,,0,nearest_robot=robot4
531.000,ours,-,robot3,MIN_DISTANCE,OK,11.756,7.692,,0,nearest_robot=robot1
531.000,ours,-,robot4,MIN_DISTANCE,OK,5.150,7.692,,0,nearest_robot=robot1
531.000,ours,-,fleet,MIN_DISTANCE_AVG,OK,7.692,,,0,robots_sampled=4
532.000,ours,-,robot1,MIN_DISTANCE,OK,4.934,7.656,,0,nearest_robot=robot4
532.000,ours,-,robot2,MIN_DISTANCE,OK,8.777,7.656,,0,nearest_robot=robot4
532.000,ours,-,robot3,MIN_DISTANCE,OK,11.979,7.656,,0,nearest_robot=robot1
532.000,ours,-,robot4,MIN_DISTANCE,OK,4.934,7.656,,0,nearest_robot=robot1
532.000,ours,-,fleet,MIN_DISTANCE_AVG,OK,7.656,,,0,robots_sampled=4
533.000,ours,-,robot1,MIN_DISTANCE,OK,4.948,7.695,,0,nearest_robot=robot4
533.000,ours,-,robot2,MIN_DISTANCE,OK,8.882,7.695,,0,nearest_robot=robot4
533.000,ours,-,robot3,MIN_DISTANCE,OK,12.002,7.695,,0,nearest_robot=robot1
533.000,ours,-,robot4,MIN_DISTANCE,OK,4.948,7.695,,0,nearest_robot=robot1
533.000,ours,-,fleet,MIN_DISTANCE_AVG,OK,7.695,,,0,robots_sampled=4
534.000,ours,-,robot1,MIN_DISTANCE,OK,4.954,7.772,,0,nearest_robot=robot4
534.000,ours,-,robot2,MIN_DISTANCE,OK,9.010,7.772,,0,nearest_robot=robot4
534.000,ours,-,robot3,MIN_DISTANCE,OK,12.168,7.772,,0,nearest_robot=robot1
534.000,ours,-,robot4,MIN_DISTANCE,OK,4.954,7.772,,0,nearest_robot=robot1
534.000,ours,-,fleet,MIN_DISTANCE_AVG,OK,7.772,,,0,robots_sampled=4
535.000,ours,-,robot1,MIN_DISTANCE,OK,4.898,7.828,,0,nearest_robot=robot4
535.000,ours,-,robot2,MIN_DISTANCE,OK,9.131,7.828,,0,nearest_robot=robot4
535.000,ours,-,robot3,MIN_DISTANCE,OK,12.384,7.828,,0,nearest_robot=robot1
535.000,ours,-,robot4,MIN_DISTANCE,OK,4.898,7.828,,0,nearest_robot=robot1
535.000,ours,-,fleet,MIN_DISTANCE_AVG,OK,7.828,,,0,robots_sampled=4
536.000,ours,-,robot1,MIN_DISTANCE,OK,4.770,7.816,,0,nearest_robot=robot4
536.000,ours,-,robot2,MIN_DISTANCE,OK,9.162,7.816,,0,nearest_robot=robot4
536.000,ours,-,robot3,MIN_DISTANCE,OK,12.564,7.816,,0,nearest_robot=robot2
536.000,ours,-,robot4,MIN_DISTANCE,OK,4.770,7.816,,0,nearest_robot=robot1
536.000,ours,-,fleet,MIN_DISTANCE_AVG,OK,7.816,,,0,robots_sampled=4
537.000,ours,-,robot1,MIN_DISTANCE,OK,4.412,7.637,,0,nearest_robot=robot4
537.000,ours,-,robot2,MIN_DISTANCE,OK,9.086,7.637,,0,nearest_robot=robot4
537.000,ours,-,robot3,MIN_DISTANCE,OK,12.638,7.637,,0,nearest_robot=robot2
537.000,ours,-,robot4,MIN_DISTANCE,OK,4.412,7.637,,0,nearest_robot=robot1
537.000,ours,-,fleet,MIN_DISTANCE_AVG,OK,7.637,,,0,robots_sampled=4
538.000,ours,-,robot1,MIN_DISTANCE,OK,4.005,7.439,,0,nearest_robot=robot4
538.000,ours,-,robot2,MIN_DISTANCE,OK,9.052,7.439,,0,nearest_robot=robot4
538.000,ours,-,robot3,MIN_DISTANCE,OK,12.695,7.439,,0,nearest_robot=robot2
538.000,ours,-,robot4,MIN_DISTANCE,OK,4.005,7.439,,0,nearest_robot=robot1
538.000,ours,-,fleet,MIN_DISTANCE_AVG,OK,7.439,,,0,robots_sampled=4
539.000,ours,-,robot1,MIN_DISTANCE,OK,3.762,7.335,,0,nearest_robot=robot4
539.000,ours,-,robot2,MIN_DISTANCE,OK,9.018,7.335,,0,nearest_robot=robot4
539.000,ours,-,robot3,MIN_DISTANCE,OK,12.799,7.335,,0,nearest_robot=robot2
539.000,ours,-,robot4,MIN_DISTANCE,OK,3.762,7.335,,0,nearest_robot=robot1
539.000,ours,-,fleet,MIN_DISTANCE_AVG,OK,7.335,,,0,robots_sampled=4
540.000,ours,-,robot1,MIN_DISTANCE,OK,3.406,7.170,,0,nearest_robot=robot4
540.000,ours,-,robot2,MIN_DISTANCE,OK,9.007,7.170,,0,nearest_robot=robot4
540.000,ours,-,robot3,MIN_DISTANCE,OK,12.860,7.170,,0,nearest_robot=robot2
540.000,ours,-,robot4,MIN_DISTANCE,OK,3.406,7.170,,0,nearest_robot=robot1
540.000,ours,-,fleet,MIN_DISTANCE_AVG,OK,7.170,,,0,robots_sampled=4
541.000,ours,-,robot1,MIN_DISTANCE,OK,2.992,6.937,,0,nearest_robot=robot4
541.000,ours,-,robot2,MIN_DISTANCE,OK,8.874,6.937,,0,nearest_robot=robot4
541.000,ours,-,robot3,MIN_DISTANCE,OK,12.889,6.937,,0,nearest_robot=robot2
541.000,ours,-,robot4,MIN_DISTANCE,OK,2.992,6.937,,0,nearest_robot=robot1
541.000,ours,-,fleet,MIN_DISTANCE_AVG,OK,6.937,,,0,robots_sampled=4
542.000,ours,-,robot1,MIN_DISTANCE,OK,2.564,6.635,,0,nearest_robot=robot4
542.000,ours,-,robot2,MIN_DISTANCE,OK,8.556,6.635,,0,nearest_robot=robot4
542.000,ours,-,robot3,MIN_DISTANCE,OK,12.856,6.635,,0,nearest_robot=robot2
542.000,ours,-,robot4,MIN_DISTANCE,OK,2.564,6.635,,0,nearest_robot=robot1
542.000,ours,-,fleet,MIN_DISTANCE_AVG,OK,6.635,,,0,robots_sampled=4
543.000,ours,-,robot1,MIN_DISTANCE,OK,2.027,6.330,,0,nearest_robot=robot4
543.000,ours,-,robot2,MIN_DISTANCE,OK,8.430,6.330,,0,nearest_robot=robot4
543.000,ours,-,robot3,MIN_DISTANCE,OK,12.836,6.330,,0,nearest_robot=robot2
543.000,ours,-,robot4,MIN_DISTANCE,OK,2.027,6.330,,0,nearest_robot=robot1
543.000,ours,-,fleet,MIN_DISTANCE_AVG,OK,6.330,,,0,robots_sampled=4
544.000,ours,-,robot1,MIN_DISTANCE,OK,1.616,6.169,,0,nearest_robot=robot4
544.000,ours,-,robot2,MIN_DISTANCE,OK,8.672,6.169,,0,nearest_robot=robot4
544.000,ours,-,robot3,MIN_DISTANCE,OK,12.772,6.169,,0,nearest_robot=robot2
544.000,ours,-,robot4,MIN_DISTANCE,OK,1.616,6.169,,0,nearest_robot=robot1
544.000,ours,-,fleet,MIN_DISTANCE_AVG,OK,6.169,,,0,robots_sampled=4
545.000,ours,-,robot1,MIN_DISTANCE,OK,1.368,6.113,,0,nearest_robot=robot4
545.000,ours,-,robot2,MIN_DISTANCE,OK,8.973,6.113,,0,nearest_robot=robot4
545.000,ours,-,robot3,MIN_DISTANCE,OK,12.742,6.113,,0,nearest_robot=robot2
545.000,ours,-,robot4,MIN_DISTANCE,OK,1.368,6.113,,0,nearest_robot=robot1
545.000,ours,-,fleet,MIN_DISTANCE_AVG,OK,6.113,,,0,robots_sampled=4
546.000,ours,-,robot1,MIN_DISTANCE,OK,1.192,6.085,,0,nearest_robot=robot4
546.000,ours,-,robot2,MIN_DISTANCE,OK,9.201,6.085,,0,nearest_robot=robot4
546.000,ours,-,robot3,MIN_DISTANCE,OK,12.755,6.085,,0,nearest_robot=robot2
546.000,ours,-,robot4,MIN_DISTANCE,OK,1.192,6.085,,0,nearest_robot=robot1
546.000,ours,-,fleet,MIN_DISTANCE_AVG,OK,6.085,,,0,robots_sampled=4
547.000,ours,-,robot1,MIN_DISTANCE,OK,1.284,6.128,,0,nearest_robot=robot4
547.000,ours,-,robot2,MIN_DISTANCE,OK,9.162,6.128,,0,nearest_robot=robot4
547.000,ours,-,robot3,MIN_DISTANCE,OK,12.783,6.128,,0,nearest_robot=robot2
547.000,ours,-,robot4,MIN_DISTANCE,OK,1.284,6.128,,0,nearest_robot=robot1
547.000,ours,-,fleet,MIN_DISTANCE_AVG,OK,6.128,,,0,robots_sampled=4
548.000,ours,-,robot1,MIN_DISTANCE,OK,1.561,6.148,,0,nearest_robot=robot4
548.000,ours,-,robot2,MIN_DISTANCE,OK,8.863,6.148,,0,nearest_robot=robot4
548.000,ours,-,robot3,MIN_DISTANCE,OK,12.609,6.148,,0,nearest_robot=robot4
548.000,ours,-,robot4,MIN_DISTANCE,OK,1.561,6.148,,0,nearest_robot=robot1
548.000,ours,-,fleet,MIN_DISTANCE_AVG,OK,6.148,,,0,robots_sampled=4
549.000,ours,-,robot1,MIN_DISTANCE,OK,1.984,6.129,,0,nearest_robot=robot4
549.000,ours,-,robot2,MIN_DISTANCE,OK,8.409,6.129,,0,nearest_robot=robot4
549.000,ours,-,robot3,MIN_DISTANCE,OK,12.140,6.129,,0,nearest_robot=robot4
549.000,ours,-,robot4,MIN_DISTANCE,OK,1.984,6.129,,0,nearest_robot=robot1
549.000,ours,-,fleet,MIN_DISTANCE_AVG,OK,6.129,,,0,robots_sampled=4
550.000,ours,-,robot1,MIN_DISTANCE,OK,2.357,6.107,,0,nearest_robot=robot4
550.000,ours,-,robot2,MIN_DISTANCE,OK,8.024,6.107,,0,nearest_robot=robot4
550.000,ours,-,robot3,MIN_DISTANCE,OK,11.691,6.107,,0,nearest_robot=robot4
550.000,ours,-,robot4,MIN_DISTANCE,OK,2.357,6.107,,0,nearest_robot=robot1
550.000,ours,-,fleet,MIN_DISTANCE_AVG,OK,6.107,,,0,robots_sampled=4
551.000,ours,-,robot1,MIN_DISTANCE,OK,2.793,6.086,,0,nearest_robot=robot4
551.000,ours,-,robot2,MIN_DISTANCE,OK,7.592,6.086,,0,nearest_robot=robot4
551.000,ours,-,robot3,MIN_DISTANCE,OK,11.166,6.086,,0,nearest_robot=robot4
551.000,ours,-,robot4,MIN_DISTANCE,OK,2.793,6.086,,0,nearest_robot=robot1
551.000,ours,-,fleet,MIN_DISTANCE_AVG,OK,6.086,,,0,robots_sampled=4
552.000,ours,-,robot1,MIN_DISTANCE,OK,3.184,6.055,,0,nearest_robot=robot4
552.000,ours,-,robot2,MIN_DISTANCE,OK,7.213,6.055,,0,nearest_robot=robot4
552.000,ours,-,robot3,MIN_DISTANCE,OK,10.637,6.055,,0,nearest_robot=robot4
552.000,ours,-,robot4,MIN_DISTANCE,OK,3.184,6.055,,0,nearest_robot=robot1
552.000,ours,-,fleet,MIN_DISTANCE_AVG,OK,6.055,,,0,robots_sampled=4
553.000,ours,-,robot1,MIN_DISTANCE,OK,3.605,6.034,,0,nearest_robot=robot4
553.000,ours,-,robot2,MIN_DISTANCE,OK,6.800,6.034,,0,nearest_robot=robot4
553.000,ours,-,robot3,MIN_DISTANCE,OK,10.126,6.034,,0,nearest_robot=robot4
553.000,ours,-,robot4,MIN_DISTANCE,OK,3.605,6.034,,0,nearest_robot=robot1
553.000,ours,-,fleet,MIN_DISTANCE_AVG,OK,6.034,,,0,robots_sampled=4
554.000,ours,-,robot1,MIN_DISTANCE,OK,4.040,6.002,,0,nearest_robot=robot4
554.000,ours,-,robot2,MIN_DISTANCE,OK,6.397,6.002,,0,nearest_robot=robot4
554.000,ours,-,robot3,MIN_DISTANCE,OK,9.531,6.002,,0,nearest_robot=robot4
554.000,ours,-,robot4,MIN_DISTANCE,OK,4.040,6.002,,0,nearest_robot=robot1
554.000,ours,-,fleet,MIN_DISTANCE_AVG,OK,6.002,,,0,robots_sampled=4
555.000,ours,-,robot1,MIN_DISTANCE,OK,4.439,5.965,,0,nearest_robot=robot4
555.000,ours,-,robot2,MIN_DISTANCE,OK,6.032,5.965,,0,nearest_robot=robot4
555.000,ours,-,robot3,MIN_DISTANCE,OK,8.951,5.965,,0,nearest_robot=robot4
555.000,ours,-,robot4,MIN_DISTANCE,OK,4.439,5.965,,0,nearest_robot=robot1
555.000,ours,-,fleet,MIN_DISTANCE_AVG,OK,5.965,,,0,robots_sampled=4
556.000,ours,-,robot1,MIN_DISTANCE,OK,4.861,5.855,,0,nearest_robot=robot4
556.000,ours,-,robot2,MIN_DISTANCE,OK,5.349,5.855,,0,nearest_robot=robot4
556.000,ours,-,robot3,MIN_DISTANCE,OK,8.349,5.855,,0,nearest_robot=robot4
556.000,ours,-,robot4,MIN_DISTANCE,OK,4.861,5.855,,0,nearest_robot=robot1
556.000,ours,-,fleet,MIN_DISTANCE_AVG,OK,5.855,,,0,robots_sampled=4
557.000,ours,-,robot1,MIN_DISTANCE,OK,5.253,5.570,,0,nearest_robot=robot4
557.000,ours,-,robot2,MIN_DISTANCE,OK,4.636,5.570,,0,nearest_robot=robot4
557.000,ours,-,robot3,MIN_DISTANCE,OK,7.752,5.570,,0,nearest_robot=robot4
557.000,ours,-,robot4,MIN_DISTANCE,OK,4.636,5.570,,0,nearest_robot=robot2
557.000,ours,-,fleet,MIN_DISTANCE_AVG,OK,5.570,,,0,robots_sampled=4
558.000,ours,-,robot1,MIN_DISTANCE,OK,5.673,5.184,,0,nearest_robot=robot4
558.000,ours,-,robot2,MIN_DISTANCE,OK,3.948,5.184,,0,nearest_robot=robot4
558.000,ours,-,robot3,MIN_DISTANCE,OK,7.168,5.184,,0,nearest_robot=robot4
558.000,ours,-,robot4,MIN_DISTANCE,OK,3.948,5.184,,0,nearest_robot=robot2
558.000,ours,-,fleet,MIN_DISTANCE_AVG,OK,5.184,,,0,robots_sampled=4
559.000,ours,-,robot1,MIN_DISTANCE,OK,5.921,4.822,,0,nearest_robot=robot4
559.000,ours,-,robot2,MIN_DISTANCE,OK,3.358,4.822,,0,nearest_robot=robot4
559.000,ours,-,robot3,MIN_DISTANCE,OK,6.651,4.822,,0,nearest_robot=robot4
559.000,ours,-,robot4,MIN_DISTANCE,OK,3.358,4.822,,0,nearest_robot=robot2
559.000,ours,-,fleet,MIN_DISTANCE_AVG,OK,4.822,,,0,robots_sampled=4
560.000,ours,-,robot1,MIN_DISTANCE,OK,6.300,4.456,,0,nearest_robot=robot4
560.000,ours,-,robot2,MIN_DISTANCE,OK,2.737,4.456,,0,nearest_robot=robot4
560.000,ours,-,robot3,MIN_DISTANCE,OK,6.052,4.456,,0,nearest_robot=robot2
560.000,ours,-,robot4,MIN_DISTANCE,OK,2.737,4.456,,0,nearest_robot=robot2
560.000,ours,-,fleet,MIN_DISTANCE_AVG,OK,4.456,,,0,robots_sampled=4
561.000,ours,-,robot1,MIN_DISTANCE,OK,6.783,4.128,,0,nearest_robot=robot4
561.000,ours,-,robot2,MIN_DISTANCE,OK,2.251,4.128,,0,nearest_robot=robot4
561.000,ours,-,robot3,MIN_DISTANCE,OK,5.228,4.128,,0,nearest_robot=robot2
561.000,ours,-,robot4,MIN_DISTANCE,OK,2.251,4.128,,0,nearest_robot=robot2
561.000,ours,-,fleet,MIN_DISTANCE_AVG,OK,4.128,,,0,robots_sampled=4
562.000,ours,-,robot1,MIN_DISTANCE,OK,7.230,3.769,,0,nearest_robot=robot4
562.000,ours,-,robot2,MIN_DISTANCE,OK,1.673,3.769,,0,nearest_robot=robot4
562.000,ours,-,robot3,MIN_DISTANCE,OK,4.498,3.769,,0,nearest_robot=robot2
562.000,ours,-,robot4,MIN_DISTANCE,OK,1.673,3.769,,0,nearest_robot=robot2
562.000,ours,-,fleet,MIN_DISTANCE_AVG,OK,3.769,,,0,robots_sampled=4
563.000,ours,-,robot1,MIN_DISTANCE,OK,7.614,3.426,,0,nearest_robot=robot4
563.000,ours,-,robot2,MIN_DISTANCE,OK,1.117,3.426,,0,nearest_robot=robot4
563.000,ours,-,robot3,MIN_DISTANCE,OK,3.858,3.426,,0,nearest_robot=robot2
563.000,ours,-,robot4,MIN_DISTANCE,OK,1.117,3.426,,0,nearest_robot=robot2
563.000,ours,-,fleet,MIN_DISTANCE_AVG,OK,3.426,,,0,robots_sampled=4
564.000,ours,-,robot1,MIN_DISTANCE,OK,7.881,3.221,,0,nearest_robot=robot4
564.000,ours,-,robot2,MIN_DISTANCE,OK,0.836,3.221,,0,nearest_robot=robot4
564.000,ours,-,robot3,MIN_DISTANCE,OK,3.332,3.221,,0,nearest_robot=robot2
564.000,ours,-,robot4,MIN_DISTANCE,OK,0.836,3.221,,0,nearest_robot=robot2
564.000,ours,-,fleet,MIN_DISTANCE_AVG,OK,3.221,,,0,robots_sampled=4
565.000,ours,-,robot1,MIN_DISTANCE,OK,7.543,3.161,,0,nearest_robot=robot2
565.000,ours,-,robot2,MIN_DISTANCE,OK,1.041,3.161,,0,nearest_robot=robot4
565.000,ours,-,robot3,MIN_DISTANCE,OK,3.018,3.161,,0,nearest_robot=robot2
565.000,ours,-,robot4,MIN_DISTANCE,OK,1.041,3.161,,0,nearest_robot=robot2
565.000,ours,-,fleet,MIN_DISTANCE_AVG,OK,3.161,,,0,robots_sampled=4
566.000,ours,-,robot1,MIN_DISTANCE,OK,7.130,3.214,,0,nearest_robot=robot2
566.000,ours,-,robot2,MIN_DISTANCE,OK,1.371,3.214,,0,nearest_robot=robot4
566.000,ours,-,robot3,MIN_DISTANCE,OK,2.982,3.214,,0,nearest_robot=robot2
566.000,ours,-,robot4,MIN_DISTANCE,OK,1.371,3.214,,0,nearest_robot=robot2
566.000,ours,-,fleet,MIN_DISTANCE_AVG,OK,3.214,,,0,robots_sampled=4
567.000,ours,-,robot1,MIN_DISTANCE,OK,6.805,3.407,,0,nearest_robot=robot2
567.000,ours,-,robot2,MIN_DISTANCE,OK,1.927,3.407,,0,nearest_robot=robot4
567.000,ours,-,robot3,MIN_DISTANCE,OK,2.968,3.407,,0,nearest_robot=robot4
567.000,ours,-,robot4,MIN_DISTANCE,OK,1.927,3.407,,0,nearest_robot=robot2
567.000,ours,-,fleet,MIN_DISTANCE_AVG,OK,3.407,,,0,robots_sampled=4
568.000,ours,-,robot1,MIN_DISTANCE,OK,6.558,3.717,,0,nearest_robot=robot2
568.000,ours,-,robot2,MIN_DISTANCE,OK,2.742,3.717,,0,nearest_robot=robot4
568.000,ours,-,robot3,MIN_DISTANCE,OK,2.825,3.717,,0,nearest_robot=robot4
568.000,ours,-,robot4,MIN_DISTANCE,OK,2.742,3.717,,0,nearest_robot=robot2
568.000,ours,-,fleet,MIN_DISTANCE_AVG,OK,3.717,,,0,robots_sampled=4
569.000,ours,-,robot1,MIN_DISTANCE,OK,6.388,3.854,,0,nearest_robot=robot2
569.000,ours,-,robot2,MIN_DISTANCE,OK,3.500,3.854,,0,nearest_robot=robot4
569.000,ours,-,robot3,MIN_DISTANCE,OK,2.765,3.854,,0,nearest_robot=robot4
569.000,ours,-,robot4,MIN_DISTANCE,OK,2.765,3.854,,0,nearest_robot=robot3
569.000,ours,-,fleet,MIN_DISTANCE_AVG,OK,3.854,,,0,robots_sampled=4
570.000,ours,-,robot1,MIN_DISTANCE,OK,6.257,3.898,,0,nearest_robot=robot2
570.000,ours,-,robot2,MIN_DISTANCE,OK,3.816,3.898,,0,nearest_robot=robot3
570.000,ours,-,robot3,MIN_DISTANCE,OK,2.760,3.898,,0,nearest_robot=robot4
570.000,ours,-,robot4,MIN_DISTANCE,OK,2.760,3.898,,0,nearest_robot=robot3
570.000,ours,-,fleet,MIN_DISTANCE_AVG,OK,3.898,,,0,robots_sampled=4
571.000,ours,-,robot1,MIN_DISTANCE,OK,6.239,4.056,,0,nearest_robot=robot2
571.000,ours,-,robot2,MIN_DISTANCE,OK,4.159,4.056,,0,nearest_robot=robot3
571.000,ours,-,robot3,MIN_DISTANCE,OK,2.914,4.056,,0,nearest_robot=robot4
571.000,ours,-,robot4,MIN_DISTANCE,OK,2.914,4.056,,0,nearest_robot=robot3
571.000,ours,-,fleet,MIN_DISTANCE_AVG,OK,4.056,,,0,robots_sampled=4
572.000,ours,-,robot1,MIN_DISTANCE,OK,6.415,4.185,,0,nearest_robot=robot2
572.000,ours,-,robot2,MIN_DISTANCE,OK,4.448,4.185,,0,nearest_robot=robot3
572.000,ours,-,robot3,MIN_DISTANCE,OK,2.938,4.185,,0,nearest_robot=robot4
572.000,ours,-,robot4,MIN_DISTANCE,OK,2.938,4.185,,0,nearest_robot=robot3
572.000,ours,-,fleet,MIN_DISTANCE_AVG,OK,4.185,,,0,robots_sampled=4
573.000,ours,-,robot1,MIN_DISTANCE,OK,6.644,4.168,,0,nearest_robot=robot2
573.000,ours,-,robot2,MIN_DISTANCE,OK,4.759,4.168,,0,nearest_robot=robot3
573.000,ours,-,robot3,MIN_DISTANCE,OK,2.636,4.168,,0,nearest_robot=robot4
573.000,ours,-,robot4,MIN_DISTANCE,OK,2.636,4.168,,0,nearest_robot=robot3
573.000,ours,-,fleet,MIN_DISTANCE_AVG,OK,4.168,,,0,robots_sampled=4
574.000,ours,-,robot1,MIN_DISTANCE,OK,6.939,4.107,,0,nearest_robot=robot2
574.000,ours,-,robot2,MIN_DISTANCE,OK,5.025,4.107,,0,nearest_robot=robot3
574.000,ours,-,robot3,MIN_DISTANCE,OK,2.232,4.107,,0,nearest_robot=robot4
574.000,ours,-,robot4,MIN_DISTANCE,OK,2.232,4.107,,0,nearest_robot=robot3
574.000,ours,-,fleet,MIN_DISTANCE_AVG,OK,4.107,,,0,robots_sampled=4
575.000,ours,-,robot1,MIN_DISTANCE,OK,7.248,4.063,,0,nearest_robot=robot2
575.000,ours,-,robot2,MIN_DISTANCE,OK,5.315,4.063,,0,nearest_robot=robot3
575.000,ours,-,robot3,MIN_DISTANCE,OK,1.844,4.063,,0,nearest_robot=robot4
575.000,ours,-,robot4,MIN_DISTANCE,OK,1.844,4.063,,0,nearest_robot=robot3
575.000,ours,-,fleet,MIN_DISTANCE_AVG,OK,4.063,,,0,robots_sampled=4
576.000,ours,-,robot1,MIN_DISTANCE,OK,7.495,4.046,,0,nearest_robot=robot2
576.000,ours,-,robot2,MIN_DISTANCE,OK,5.674,4.046,,0,nearest_robot=robot3
576.000,ours,-,robot3,MIN_DISTANCE,OK,1.508,4.046,,0,nearest_robot=robot4
576.000,ours,-,robot4,MIN_DISTANCE,OK,1.508,4.046,,0,nearest_robot=robot3
576.000,ours,-,fleet,MIN_DISTANCE_AVG,OK,4.046,,,0,robots_sampled=4
577.000,ours,-,robot1,MIN_DISTANCE,OK,7.668,4.079,,0,nearest_robot=robot2
577.000,ours,-,robot2,MIN_DISTANCE,OK,6.123,4.079,,0,nearest_robot=robot3
577.000,ours,-,robot3,MIN_DISTANCE,OK,1.262,4.079,,0,nearest_robot=robot4
577.000,ours,-,robot4,MIN_DISTANCE,OK,1.262,4.079,,0,nearest_robot=robot3
577.000,ours,-,fleet,MIN_DISTANCE_AVG,OK,4.079,,,0,robots_sampled=4
578.000,ours,-,robot1,MIN_DISTANCE,OK,7.888,4.136,,0,nearest_robot=robot2
578.000,ours,-,robot2,MIN_DISTANCE,OK,6.625,4.136,,0,nearest_robot=robot3
578.000,ours,-,robot3,MIN_DISTANCE,OK,1.016,4.136,,0,nearest_robot=robot4
578.000,ours,-,robot4,MIN_DISTANCE,OK,1.016,4.136,,0,nearest_robot=robot3
578.000,ours,-,fleet,MIN_DISTANCE_AVG,OK,4.136,,,0,robots_sampled=4
579.000,ours,-,robot1,MIN_DISTANCE,OK,8.167,4.205,,0,nearest_robot=robot2
579.000,ours,-,robot2,MIN_DISTANCE,OK,7.134,4.205,,0,nearest_robot=robot3
579.000,ours,-,robot3,MIN_DISTANCE,OK,0.760,4.205,,0,nearest_robot=robot4
579.000,ours,-,robot4,MIN_DISTANCE,OK,0.760,4.205,,0,nearest_robot=robot3
579.000,ours,-,fleet,MIN_DISTANCE_AVG,OK,4.205,,,0,robots_sampled=4
580.000,ours,-,robot1,MIN_DISTANCE,OK,8.499,4.287,,0,nearest_robot=robot2
580.000,ours,-,robot2,MIN_DISTANCE,OK,7.560,4.287,,0,nearest_robot=robot3
580.000,ours,-,robot3,MIN_DISTANCE,OK,0.545,4.287,,0,nearest_robot=robot4
580.000,ours,-,robot4,MIN_DISTANCE,OK,0.545,4.287,,0,nearest_robot=robot3
580.000,ours,-,fleet,MIN_DISTANCE_AVG,OK,4.287,,,0,robots_sampled=4
581.000,ours,-,robot1,MIN_DISTANCE,OK,8.784,4.485,,0,nearest_robot=robot2
581.000,ours,-,robot2,MIN_DISTANCE,OK,8.016,4.485,,0,nearest_robot=robot3
581.000,ours,-,robot3,MIN_DISTANCE,OK,0.569,4.485,,0,nearest_robot=robot4
581.000,ours,-,robot4,MIN_DISTANCE,OK,0.569,4.485,,0,nearest_robot=robot3
581.000,ours,-,fleet,MIN_DISTANCE_AVG,OK,4.485,,,0,robots_sampled=4
582.000,ours,-,robot1,MIN_DISTANCE,OK,9.118,4.839,,0,nearest_robot=robot2
582.000,ours,-,robot2,MIN_DISTANCE,OK,8.235,4.839,,0,nearest_robot=robot4
582.000,ours,-,robot3,MIN_DISTANCE,OK,1.001,4.839,,0,nearest_robot=robot4
582.000,ours,-,robot4,MIN_DISTANCE,OK,1.001,4.839,,0,nearest_robot=robot3
582.000,ours,-,fleet,MIN_DISTANCE_AVG,OK,4.839,,,0,robots_sampled=4
583.000,ours,-,robot1,MIN_DISTANCE,OK,9.540,5.250,,0,nearest_robot=robot2
583.000,ours,-,robot2,MIN_DISTANCE,OK,8.351,5.250,,0,nearest_robot=robot4
583.000,ours,-,robot3,MIN_DISTANCE,OK,1.555,5.250,,0,nearest_robot=robot4
583.000,ours,-,robot4,MIN_DISTANCE,OK,1.555,5.250,,0,nearest_robot=robot3
583.000,ours,-,fleet,MIN_DISTANCE_AVG,OK,5.250,,,0,robots_sampled=4
584.000,ours,-,robot1,MIN_DISTANCE,OK,9.905,5.587,,0,nearest_robot=robot2
584.000,ours,-,robot2,MIN_DISTANCE,OK,8.562,5.587,,0,nearest_robot=robot4
584.000,ours,-,robot3,MIN_DISTANCE,OK,1.939,5.587,,0,nearest_robot=robot4
584.000,ours,-,robot4,MIN_DISTANCE,OK,1.939,5.587,,0,nearest_robot=robot3
584.000,ours,-,fleet,MIN_DISTANCE_AVG,OK,5.587,,,0,robots_sampled=4
585.000,ours,-,robot1,MIN_DISTANCE,OK,10.391,5.890,,0,nearest_robot=robot2
585.000,ours,-,robot2,MIN_DISTANCE,OK,8.860,5.890,,0,nearest_robot=robot4
585.000,ours,-,robot3,MIN_DISTANCE,OK,2.156,5.890,,0,nearest_robot=robot4
585.000,ours,-,robot4,MIN_DISTANCE,OK,2.156,5.890,,0,nearest_robot=robot3
585.000,ours,-,fleet,MIN_DISTANCE_AVG,OK,5.890,,,0,robots_sampled=4
586.000,ours,-,robot1,MIN_DISTANCE,OK,10.929,6.020,,0,nearest_robot=robot2
586.000,ours,-,robot2,MIN_DISTANCE,OK,9.131,6.020,,0,nearest_robot=robot4
586.000,ours,-,robot3,MIN_DISTANCE,OK,2.009,6.020,,0,nearest_robot=robot4
586.000,ours,-,robot4,MIN_DISTANCE,OK,2.009,6.020,,0,nearest_robot=robot3
586.000,ours,-,fleet,MIN_DISTANCE_AVG,OK,6.020,,,0,robots_sampled=4
587.000,ours,-,robot1,MIN_DISTANCE,OK,11.471,6.182,,0,nearest_robot=robot2
587.000,ours,-,robot2,MIN_DISTANCE,OK,9.281,6.182,,0,nearest_robot=robot4
587.000,ours,-,robot3,MIN_DISTANCE,OK,1.988,6.182,,0,nearest_robot=robot4
587.000,ours,-,robot4,MIN_DISTANCE,OK,1.988,6.182,,0,nearest_robot=robot3
587.000,ours,-,fleet,MIN_DISTANCE_AVG,OK,6.182,,,0,robots_sampled=4
588.000,ours,-,robot1,MIN_DISTANCE,OK,12.020,6.376,,0,nearest_robot=robot2
588.000,ours,-,robot2,MIN_DISTANCE,OK,9.367,6.376,,0,nearest_robot=robot4
588.000,ours,-,robot3,MIN_DISTANCE,OK,2.058,6.376,,0,nearest_robot=robot4
588.000,ours,-,robot4,MIN_DISTANCE,OK,2.058,6.376,,0,nearest_robot=robot3
588.000,ours,-,fleet,MIN_DISTANCE_AVG,OK,6.376,,,0,robots_sampled=4
589.000,ours,-,robot1,MIN_DISTANCE,OK,12.540,6.524,,0,nearest_robot=robot2
589.000,ours,-,robot2,MIN_DISTANCE,OK,9.429,6.524,,0,nearest_robot=robot4
589.000,ours,-,robot3,MIN_DISTANCE,OK,2.063,6.524,,0,nearest_robot=robot4
589.000,ours,-,robot4,MIN_DISTANCE,OK,2.063,6.524,,0,nearest_robot=robot3
589.000,ours,-,fleet,MIN_DISTANCE_AVG,OK,6.524,,,0,robots_sampled=4
590.000,ours,-,robot1,MIN_DISTANCE,OK,12.992,6.643,,0,nearest_robot=robot2
590.000,ours,-,robot2,MIN_DISTANCE,OK,9.451,6.643,,0,nearest_robot=robot4
590.000,ours,-,robot3,MIN_DISTANCE,OK,2.065,6.643,,0,nearest_robot=robot4
590.000,ours,-,robot4,MIN_DISTANCE,OK,2.065,6.643,,0,nearest_robot=robot3
590.000,ours,-,fleet,MIN_DISTANCE_AVG,OK,6.643,,,0,robots_sampled=4
591.000,ours,-,robot1,MIN_DISTANCE,OK,13.388,6.748,,0,nearest_robot=robot2
591.000,ours,-,robot2,MIN_DISTANCE,OK,9.455,6.748,,0,nearest_robot=robot4
591.000,ours,-,robot3,MIN_DISTANCE,OK,2.075,6.748,,0,nearest_robot=robot4
591.000,ours,-,robot4,MIN_DISTANCE,OK,2.075,6.748,,0,nearest_robot=robot3
591.000,ours,-,fleet,MIN_DISTANCE_AVG,OK,6.748,,,0,robots_sampled=4
592.000,ours,-,robot1,MIN_DISTANCE,OK,13.759,6.793,,0,nearest_robot=robot2
592.000,ours,-,robot2,MIN_DISTANCE,OK,9.380,6.793,,0,nearest_robot=robot4
592.000,ours,-,robot3,MIN_DISTANCE,OK,2.017,6.793,,0,nearest_robot=robot4
592.000,ours,-,robot4,MIN_DISTANCE,OK,2.017,6.793,,0,nearest_robot=robot3
592.000,ours,-,fleet,MIN_DISTANCE_AVG,OK,6.793,,,0,robots_sampled=4
593.000,ours,-,robot1,MIN_DISTANCE,OK,14.138,6.724,,0,nearest_robot=robot2
593.000,ours,-,robot2,MIN_DISTANCE,OK,9.218,6.724,,0,nearest_robot=robot4
593.000,ours,-,robot3,MIN_DISTANCE,OK,1.769,6.724,,0,nearest_robot=robot4
593.000,ours,-,robot4,MIN_DISTANCE,OK,1.769,6.724,,0,nearest_robot=robot3
593.000,ours,-,fleet,MIN_DISTANCE_AVG,OK,6.724,,,0,robots_sampled=4
594.000,ours,-,robot1,MIN_DISTANCE,OK,14.533,6.553,,0,nearest_robot=robot2
594.000,ours,-,robot2,MIN_DISTANCE,OK,8.916,6.553,,0,nearest_robot=robot4
594.000,ours,-,robot3,MIN_DISTANCE,OK,1.381,6.553,,0,nearest_robot=robot4
594.000,ours,-,robot4,MIN_DISTANCE,OK,1.381,6.553,,0,nearest_robot=robot3
594.000,ours,-,fleet,MIN_DISTANCE_AVG,OK,6.553,,,0,robots_sampled=4
595.000,ours,-,robot1,MIN_DISTANCE,OK,14.992,6.460,,0,nearest_robot=robot2
595.000,ours,-,robot2,MIN_DISTANCE,OK,8.588,6.460,,0,nearest_robot=robot4
595.000,ours,-,robot3,MIN_DISTANCE,OK,1.131,6.460,,0,nearest_robot=robot4
595.000,ours,-,robot4,MIN_DISTANCE,OK,1.131,6.460,,0,nearest_robot=robot3
595.000,ours,-,fleet,MIN_DISTANCE_AVG,OK,6.460,,,0,robots_sampled=4
596.000,ours,-,robot1,MIN_DISTANCE,OK,15.513,6.496,,0,nearest_robot=robot2
596.000,ours,-,robot2,MIN_DISTANCE,OK,8.376,6.496,,0,nearest_robot=robot4
596.000,ours,-,robot3,MIN_DISTANCE,OK,1.048,6.496,,0,nearest_robot=robot4
596.000,ours,-,robot4,MIN_DISTANCE,OK,1.048,6.496,,0,nearest_robot=robot3
596.000,ours,-,fleet,MIN_DISTANCE_AVG,OK,6.496,,,0,robots_sampled=4
597.000,ours,-,robot1,MIN_DISTANCE,OK,15.732,6.548,,0,nearest_robot=robot2
597.000,ours,-,robot2,MIN_DISTANCE,OK,8.352,6.548,,0,nearest_robot=robot4
597.000,ours,-,robot3,MIN_DISTANCE,OK,1.055,6.548,,0,nearest_robot=robot4
597.000,ours,-,robot4,MIN_DISTANCE,OK,1.055,6.548,,0,nearest_robot=robot3
597.000,ours,-,fleet,MIN_DISTANCE_AVG,OK,6.548,,,0,robots_sampled=4
598.000,ours,-,robot1,MIN_DISTANCE,OK,15.815,6.510,,0,nearest_robot=robot2
598.000,ours,-,robot2,MIN_DISTANCE,OK,8.075,6.510,,0,nearest_robot=robot4
598.000,ours,-,robot3,MIN_DISTANCE,OK,1.076,6.510,,0,nearest_robot=robot4
598.000,ours,-,robot4,MIN_DISTANCE,OK,1.076,6.510,,0,nearest_robot=robot3
598.000,ours,-,fleet,MIN_DISTANCE_AVG,OK,6.510,,,0,robots_sampled=4
599.000,ours,-,robot1,MIN_DISTANCE,OK,15.998,6.433,,0,nearest_robot=robot2
599.000,ours,-,robot2,MIN_DISTANCE,OK,7.689,6.433,,0,nearest_robot=robot4
599.000,ours,-,robot3,MIN_DISTANCE,OK,1.022,6.433,,0,nearest_robot=robot4
599.000,ours,-,robot4,MIN_DISTANCE,OK,1.022,6.433,,0,nearest_robot=robot3
599.000,ours,-,fleet,MIN_DISTANCE_AVG,OK,6.433,,,0,robots_sampled=4
600.000,ours,-,robot1,MIN_DISTANCE,OK,16.300,6.272,,0,nearest_robot=robot2
600.000,ours,-,robot2,MIN_DISTANCE,OK,7.301,6.272,,0,nearest_robot=robot4
600.000,ours,-,robot3,MIN_DISTANCE,OK,0.744,6.272,,0,nearest_robot=robot4
600.000,ours,-,robot4,MIN_DISTANCE,OK,0.744,6.272,,0,nearest_robot=robot3
600.000,ours,-,fleet,MIN_DISTANCE_AVG,OK,6.272,,,0,robots_sampled=4
601.000,ours,-,robot1,MIN_DISTANCE,OK,16.520,6.118,,0,nearest_robot=robot2
601.000,ours,-,robot2,MIN_DISTANCE,OK,7.105,6.118,,0,nearest_robot=robot4
601.000,ours,-,robot3,MIN_DISTANCE,OK,0.424,6.118,,0,nearest_robot=robot4
601.000,ours,-,robot4,MIN_DISTANCE,OK,0.424,6.118,,0,nearest_robot=robot3
601.000,ours,-,fleet,MIN_DISTANCE_AVG,OK,6.118,,,0,robots_sampled=4
602.000,ours,-,robot1,MIN_DISTANCE,OK,16.835,6.092,,0,nearest_robot=robot2
602.000,ours,-,robot2,MIN_DISTANCE,OK,6.837,6.092,,0,nearest_robot=robot4
602.000,ours,-,robot3,MIN_DISTANCE,OK,0.348,6.092,,0,nearest_robot=robot4
602.000,ours,-,robot4,MIN_DISTANCE,OK,0.348,6.092,,0,nearest_robot=robot3
602.000,ours,-,fleet,MIN_DISTANCE_AVG,OK,6.092,,,0,robots_sampled=4
603.000,ours,-,robot1,MIN_DISTANCE,OK,17.208,6.105,,0,nearest_robot=robot2
603.000,ours,-,robot2,MIN_DISTANCE,OK,6.541,6.105,,0,nearest_robot=robot4
603.000,ours,-,robot3,MIN_DISTANCE,OK,0.335,6.105,,0,nearest_robot=robot4
603.000,ours,-,robot4,MIN_DISTANCE,OK,0.335,6.105,,0,nearest_robot=robot3
603.000,ours,-,fleet,MIN_DISTANCE_AVG,OK,6.105,,,0,robots_sampled=4
604.000,ours,-,robot1,MIN_DISTANCE,OK,17.591,6.175,,0,nearest_robot=robot2
604.000,ours,-,robot2,MIN_DISTANCE,OK,6.348,6.175,,0,nearest_robot=robot4
604.000,ours,-,robot3,MIN_DISTANCE,OK,0.380,6.175,,0,nearest_robot=robot4
604.000,ours,-,robot4,MIN_DISTANCE,OK,0.380,6.175,,0,nearest_robot=robot3
604.000,ours,-,fleet,MIN_DISTANCE_AVG,OK,6.175,,,0,robots_sampled=4
605.000,ours,-,robot1,MIN_DISTANCE,OK,17.789,6.237,,0,nearest_robot=robot2
605.000,ours,-,robot2,MIN_DISTANCE,OK,6.254,6.237,,0,nearest_robot=robot4
605.000,ours,-,robot3,MIN_DISTANCE,OK,0.451,6.237,,0,nearest_robot=robot4
605.000,ours,-,robot4,MIN_DISTANCE,OK,0.451,6.237,,0,nearest_robot=robot3
605.000,ours,-,fleet,MIN_DISTANCE_AVG,OK,6.237,,,0,robots_sampled=4
606.000,ours,-,robot1,MIN_DISTANCE,OK,17.800,6.263,,0,nearest_robot=robot2
606.000,ours,-,robot2,MIN_DISTANCE,OK,6.223,6.263,,0,nearest_robot=robot4
606.000,ours,-,robot3,MIN_DISTANCE,OK,0.515,6.263,,0,nearest_robot=robot4
606.000,ours,-,robot4,MIN_DISTANCE,OK,0.515,6.263,,0,nearest_robot=robot3
606.000,ours,-,fleet,MIN_DISTANCE_AVG,OK,6.263,,,0,robots_sampled=4
607.000,ours,-,robot1,MIN_DISTANCE,OK,17.957,6.277,,0,nearest_robot=robot2
607.000,ours,-,robot2,MIN_DISTANCE,OK,5.919,6.277,,0,nearest_robot=robot4
607.000,ours,-,robot3,MIN_DISTANCE,OK,0.617,6.277,,0,nearest_robot=robot4
607.000,ours,-,robot4,MIN_DISTANCE,OK,0.617,6.277,,0,nearest_robot=robot3
607.000,ours,-,fleet,MIN_DISTANCE_AVG,OK,6.277,,,0,robots_sampled=4
608.000,ours,-,robot1,MIN_DISTANCE,OK,18.109,6.035,,0,nearest_robot=robot2
608.000,ours,-,robot2,MIN_DISTANCE,OK,5.449,6.035,,0,nearest_robot=robot4
608.000,ours,-,robot3,MIN_DISTANCE,OK,0.290,6.035,,0,nearest_robot=robot4
608.000,ours,-,robot4,MIN_DISTANCE,OK,0.290,6.035,,0,nearest_robot=robot3
608.000,ours,-,fleet,MIN_DISTANCE_AVG,OK,6.035,,,0,robots_sampled=4
609.000,ours,-,robot1,MIN_DISTANCE,OK,18.140,6.091,,0,nearest_robot=robot2
609.000,ours,-,robot2,MIN_DISTANCE,OK,5.095,6.091,,0,nearest_robot=robot4
609.000,ours,-,robot3,MIN_DISTANCE,OK,0.564,6.091,,0,nearest_robot=robot4
609.000,ours,-,robot4,MIN_DISTANCE,OK,0.564,6.091,,0,nearest_robot=robot3
609.000,ours,-,fleet,MIN_DISTANCE_AVG,OK,6.091,,,0,robots_sampled=4
610.000,ours,-,robot1,MIN_DISTANCE,OK,18.116,6.108,,0,nearest_robot=robot2
610.000,ours,-,robot2,MIN_DISTANCE,OK,4.748,6.108,,0,nearest_robot=robot4
610.000,ours,-,robot3,MIN_DISTANCE,OK,0.785,6.108,,0,nearest_robot=robot4
610.000,ours,-,robot4,MIN_DISTANCE,OK,0.785,6.108,,0,nearest_robot=robot3
610.000,ours,-,fleet,MIN_DISTANCE_AVG,OK,6.108,,,0,robots_sampled=4
611.000,ours,-,robot1,MIN_DISTANCE,OK,17.911,6.086,,0,nearest_robot=robot2
611.000,ours,-,robot2,MIN_DISTANCE,OK,4.493,6.086,,0,nearest_robot=robot4
611.000,ours,-,robot3,MIN_DISTANCE,OK,0.969,6.086,,0,nearest_robot=robot4
611.000,ours,-,robot4,MIN_DISTANCE,OK,0.969,6.086,,0,nearest_robot=robot3
611.000,ours,-,fleet,MIN_DISTANCE_AVG,OK,6.086,,,0,robots_sampled=4
612.000,ours,-,robot1,MIN_DISTANCE,OK,17.890,6.089,,0,nearest_robot=robot2
612.000,ours,-,robot2,MIN_DISTANCE,OK,4.153,6.089,,0,nearest_robot=robot4
612.000,ours,-,robot3,MIN_DISTANCE,OK,1.156,6.089,,0,nearest_robot=robot4
612.000,ours,-,robot4,MIN_DISTANCE,OK,1.156,6.089,,0,nearest_robot=robot3
612.000,ours,-,fleet,MIN_DISTANCE_AVG,OK,6.089,,,0,robots_sampled=4
613.000,ours,-,robot1,MIN_DISTANCE,OK,18.093,5.982,,0,nearest_robot=robot2
613.000,ours,-,robot2,MIN_DISTANCE,OK,3.556,5.982,,0,nearest_robot=robot4
613.000,ours,-,robot3,MIN_DISTANCE,OK,1.139,5.982,,0,nearest_robot=robot4
613.000,ours,-,robot4,MIN_DISTANCE,OK,1.139,5.982,,0,nearest_robot=robot3
613.000,ours,-,fleet,MIN_DISTANCE_AVG,OK,5.982,,,0,robots_sampled=4
614.000,ours,-,robot1,MIN_DISTANCE,OK,18.113,5.786,,0,nearest_robot=robot2
614.000,ours,-,robot2,MIN_DISTANCE,OK,3.163,5.786,,0,nearest_robot=robot4
614.000,ours,-,robot3,MIN_DISTANCE,OK,0.935,5.786,,0,nearest_robot=robot4
614.000,ours,-,robot4,MIN_DISTANCE,OK,0.935,5.786,,0,nearest_robot=robot3
614.000,ours,-,fleet,MIN_DISTANCE_AVG,OK,5.786,,,0,robots_sampled=4
615.000,ours,-,robot1,MIN_DISTANCE,OK,18.144,5.579,,0,nearest_robot=robot2
615.000,ours,-,robot2,MIN_DISTANCE,OK,2.740,5.579,,0,nearest_robot=robot4
615.000,ours,-,robot3,MIN_DISTANCE,OK,0.716,5.579,,0,nearest_robot=robot4
615.000,ours,-,robot4,MIN_DISTANCE,OK,0.716,5.579,,0,nearest_robot=robot3
615.000,ours,-,fleet,MIN_DISTANCE_AVG,OK,5.579,,,0,robots_sampled=4
616.000,ours,-,robot1,MIN_DISTANCE,OK,18.179,5.276,,0,nearest_robot=robot2
616.000,ours,-,robot2,MIN_DISTANCE,OK,2.308,5.276,,0,nearest_robot=robot4
616.000,ours,-,robot3,MIN_DISTANCE,OK,0.308,5.276,,0,nearest_robot=robot4
616.000,ours,-,robot4,MIN_DISTANCE,OK,0.308,5.276,,0,nearest_robot=robot3
616.000,ours,-,fleet,MIN_DISTANCE_AVG,OK,5.276,,,0,robots_sampled=4
617.000,ours,-,robot1,MIN_DISTANCE,OK,18.258,5.197,,0,nearest_robot=robot2
617.000,ours,-,robot2,MIN_DISTANCE,OK,2.020,5.197,,0,nearest_robot=robot4
617.000,ours,-,robot3,MIN_DISTANCE,OK,0.254,5.197,,0,nearest_robot=robot4
617.000,ours,-,robot4,MIN_DISTANCE,OK,0.254,5.197,,0,nearest_robot=robot3
617.000,ours,-,fleet,MIN_DISTANCE_AVG,OK,5.197,,,0,robots_sampled=4
618.000,ours,-,robot1,MIN_DISTANCE,OK,18.224,5.244,,0,nearest_robot=robot2
618.000,ours,-,robot2,MIN_DISTANCE,OK,1.897,5.244,,0,nearest_robot=robot4
618.000,ours,-,robot3,MIN_DISTANCE,OK,0.428,5.244,,0,nearest_robot=robot4
618.000,ours,-,robot4,MIN_DISTANCE,OK,0.428,5.244,,0,nearest_robot=robot3
618.000,ours,-,fleet,MIN_DISTANCE_AVG,OK,5.244,,,0,robots_sampled=4
619.000,ours,-,robot1,MIN_DISTANCE,OK,18.258,5.340,,0,nearest_robot=robot2
619.000,ours,-,robot2,MIN_DISTANCE,OK,1.592,5.340,,0,nearest_robot=robot3
619.000,ours,-,robot3,MIN_DISTANCE,OK,0.755,5.340,,0,nearest_robot=robot4
619.000,ours,-,robot4,MIN_DISTANCE,OK,0.755,5.340,,0,nearest_robot=robot3
619.000,ours,-,fleet,MIN_DISTANCE_AVG,OK,5.340,,,0,robots_sampled=4
620.000,ours,-,robot1,MIN_DISTANCE,OK,18.168,5.408,,0,nearest_robot=robot4
620.000,ours,-,robot2,MIN_DISTANCE,OK,1.243,5.408,,0,nearest_robot=robot3
620.000,ours,-,robot3,MIN_DISTANCE,OK,1.110,5.408,,0,nearest_robot=robot4
620.000,ours,-,robot4,MIN_DISTANCE,OK,1.110,5.408,,0,nearest_robot=robot3
620.000,ours,-,fleet,MIN_DISTANCE_AVG,OK,5.408,,,0,robots_sampled=4
621.000,ours,-,robot1,MIN_DISTANCE,OK,17.806,5.401,,0,nearest_robot=robot4
621.000,ours,-,robot2,MIN_DISTANCE,OK,1.169,5.401,,0,nearest_robot=robot3
621.000,ours,-,robot3,MIN_DISTANCE,OK,1.169,5.401,,0,nearest_robot=robot2
621.000,ours,-,robot4,MIN_DISTANCE,OK,1.458,5.401,,0,nearest_robot=robot2
621.000,ours,-,fleet,MIN_DISTANCE_AVG,OK,5.401,,,0,robots_sampled=4
622.000,ours,-,robot1,MIN_DISTANCE,OK,17.532,5.134,,0,nearest_robot=robot4
622.000,ours,-,robot2,MIN_DISTANCE,OK,0.676,5.134,,0,nearest_robot=robot3
622.000,ours,-,robot3,MIN_DISTANCE,OK,0.676,5.134,,0,nearest_robot=robot2
622.000,ours,-,robot4,MIN_DISTANCE,OK,1.654,5.134,,0,nearest_robot=robot2
622.000,ours,-,fleet,MIN_DISTANCE_AVG,OK,5.134,,,0,robots_sampled=4
623.000,ours,-,robot1,MIN_DISTANCE,OK,17.182,5.032,,0,nearest_robot=robot4
623.000,ours,-,robot2,MIN_DISTANCE,OK,0.483,5.032,,0,nearest_robot=robot3
623.000,ours,-,robot3,MIN_DISTANCE,OK,0.483,5.032,,0,nearest_robot=robot2
623.000,ours,-,robot4,MIN_DISTANCE,OK,1.982,5.032,,0,nearest_robot=robot2
623.000,ours,-,fleet,MIN_DISTANCE_AVG,OK,5.032,,,0,robots_sampled=4
624.000,ours,-,robot1,MIN_DISTANCE,OK,16.863,5.136,,0,nearest_robot=robot4
624.000,ours,-,robot2,MIN_DISTANCE,OK,0.674,5.136,,0,nearest_robot=robot3
624.000,ours,-,robot3,MIN_DISTANCE,OK,0.674,5.136,,0,nearest_robot=robot2
624.000,ours,-,robot4,MIN_DISTANCE,OK,2.332,5.136,,0,nearest_robot=robot2
624.000,ours,-,fleet,MIN_DISTANCE_AVG,OK,5.136,,,0,robots_sampled=4
625.000,ours,-,robot1,MIN_DISTANCE,OK,16.622,5.410,,0,nearest_robot=robot4
625.000,ours,-,robot2,MIN_DISTANCE,OK,1.160,5.410,,0,nearest_robot=robot3
625.000,ours,-,robot3,MIN_DISTANCE,OK,1.160,5.410,,0,nearest_robot=robot2
625.000,ours,-,robot4,MIN_DISTANCE,OK,2.699,5.410,,0,nearest_robot=robot2
625.000,ours,-,fleet,MIN_DISTANCE_AVG,OK,5.410,,,0,robots_sampled=4
626.000,ours,-,robot1,MIN_DISTANCE,OK,16.387,5.825,,0,nearest_robot=robot4
626.000,ours,-,robot2,MIN_DISTANCE,OK,1.863,5.825,,0,nearest_robot=robot3
626.000,ours,-,robot3,MIN_DISTANCE,OK,1.863,5.825,,0,nearest_robot=robot2
626.000,ours,-,robot4,MIN_DISTANCE,OK,3.188,5.825,,0,nearest_robot=robot2
626.000,ours,-,fleet,MIN_DISTANCE_AVG,OK,5.825,,,0,robots_sampled=4
627.000,ours,-,robot1,MIN_DISTANCE,OK,16.312,6.420,,0,nearest_robot=robot4
627.000,ours,-,robot2,MIN_DISTANCE,OK,2.697,6.420,,0,nearest_robot=robot3
627.000,ours,-,robot3,MIN_DISTANCE,OK,2.697,6.420,,0,nearest_robot=robot2
627.000,ours,-,robot4,MIN_DISTANCE,OK,3.976,6.420,,0,nearest_robot=robot2
627.000,ours,-,fleet,MIN_DISTANCE_AVG,OK,6.420,,,0,robots_sampled=4
628.000,ours,-,robot1,MIN_DISTANCE,OK,15.900,6.800,,0,nearest_robot=robot4
628.000,ours,-,robot2,MIN_DISTANCE,OK,3.194,6.800,,0,nearest_robot=robot3
628.000,ours,-,robot3,MIN_DISTANCE,OK,3.194,6.800,,0,nearest_robot=robot2
628.000,ours,-,robot4,MIN_DISTANCE,OK,4.912,6.800,,0,nearest_robot=robot2
628.000,ours,-,fleet,MIN_DISTANCE_AVG,OK,6.800,,,0,robots_sampled=4
629.000,ours,-,robot1,MIN_DISTANCE,OK,15.450,7.135,,0,nearest_robot=robot4
629.000,ours,-,robot2,MIN_DISTANCE,OK,3.631,7.135,,0,nearest_robot=robot3
629.000,ours,-,robot3,MIN_DISTANCE,OK,3.631,7.135,,0,nearest_robot=robot2
629.000,ours,-,robot4,MIN_DISTANCE,OK,5.831,7.135,,0,nearest_robot=robot2
629.000,ours,-,fleet,MIN_DISTANCE_AVG,OK,7.135,,,0,robots_sampled=4
630.000,ours,-,robot1,MIN_DISTANCE,OK,15.005,7.430,,0,nearest_robot=robot4
630.000,ours,-,robot2,MIN_DISTANCE,OK,4.096,7.430,,0,nearest_robot=robot3
630.000,ours,-,robot3,MIN_DISTANCE,OK,4.096,7.430,,0,nearest_robot=robot2
630.000,ours,-,robot4,MIN_DISTANCE,OK,6.522,7.430,,0,nearest_robot=robot3
630.000,ours,-,fleet,MIN_DISTANCE_AVG,OK,7.430,,,0,robots_sampled=4
631.000,ours,-,robot1,MIN_DISTANCE,OK,14.590,7.693,,0,nearest_robot=robot4
631.000,ours,-,robot2,MIN_DISTANCE,OK,4.526,7.693,,0,nearest_robot=robot3
631.000,ours,-,robot3,MIN_DISTANCE,OK,4.526,7.693,,0,nearest_robot=robot2
631.000,ours,-,robot4,MIN_DISTANCE,OK,7.130,7.693,,0,nearest_robot=robot3
631.000,ours,-,fleet,MIN_DISTANCE_AVG,OK,7.693,,,0,robots_sampled=4
632.000,ours,-,robot1,MIN_DISTANCE,OK,14.225,7.996,,0,nearest_robot=robot4
632.000,ours,-,robot2,MIN_DISTANCE,OK,5.029,7.996,,0,nearest_robot=robot3
632.000,ours,-,robot3,MIN_DISTANCE,OK,5.029,7.996,,0,nearest_robot=robot2
632.000,ours,-,robot4,MIN_DISTANCE,OK,7.702,7.996,,0,nearest_robot=robot3
632.000,ours,-,fleet,MIN_DISTANCE_AVG,OK,7.996,,,0,robots_sampled=4
633.000,ours,-,robot1,MIN_DISTANCE,OK,13.822,8.291,,0,nearest_robot=robot4
633.000,ours,-,robot2,MIN_DISTANCE,OK,5.521,8.291,,0,nearest_robot=robot3
633.000,ours,-,robot3,MIN_DISTANCE,OK,5.521,8.291,,0,nearest_robot=robot2
633.000,ours,-,robot4,MIN_DISTANCE,OK,8.298,8.291,,0,nearest_robot=robot3
633.000,ours,-,fleet,MIN_DISTANCE_AVG,OK,8.291,,,0,robots_sampled=4
634.000,ours,-,robot1,MIN_DISTANCE,OK,13.448,8.619,,0,nearest_robot=robot4
634.000,ours,-,robot2,MIN_DISTANCE,OK,6.044,8.619,,0,nearest_robot=robot3
634.000,ours,-,robot3,MIN_DISTANCE,OK,6.044,8.619,,0,nearest_robot=robot2
634.000,ours,-,robot4,MIN_DISTANCE,OK,8.939,8.619,,0,nearest_robot=robot3
634.000,ours,-,fleet,MIN_DISTANCE_AVG,OK,8.619,,,0,robots_sampled=4
635.000,ours,-,robot1,MIN_DISTANCE,OK,13.169,8.906,,0,nearest_robot=robot4
635.000,ours,-,robot2,MIN_DISTANCE,OK,6.469,8.906,,0,nearest_robot=robot3
635.000,ours,-,robot3,MIN_DISTANCE,OK,6.469,8.906,,0,nearest_robot=robot2
635.000,ours,-,robot4,MIN_DISTANCE,OK,9.519,8.906,,0,nearest_robot=robot3
635.000,ours,-,fleet,MIN_DISTANCE_AVG,OK,8.906,,,0,robots_sampled=4
636.000,ours,-,robot1,MIN_DISTANCE,OK,12.968,9.214,,0,nearest_robot=robot4
636.000,ours,-,robot2,MIN_DISTANCE,OK,6.875,9.214,,0,nearest_robot=robot3
636.000,ours,-,robot3,MIN_DISTANCE,OK,6.875,9.214,,0,nearest_robot=robot2
636.000,ours,-,robot4,MIN_DISTANCE,OK,10.136,9.214,,0,nearest_robot=robot3
636.000,ours,-,fleet,MIN_DISTANCE_AVG,OK,9.214,,,0,robots_sampled=4
637.000,ours,-,robot1,MIN_DISTANCE,OK,12.996,9.592,,0,nearest_robot=robot4
637.000,ours,-,robot2,MIN_DISTANCE,OK,7.328,9.592,,0,nearest_robot=robot3
637.000,ours,-,robot3,MIN_DISTANCE,OK,7.328,9.592,,0,nearest_robot=robot2
637.000,ours,-,robot4,MIN_DISTANCE,OK,10.714,9.592,,0,nearest_robot=robot3
637.000,ours,-,fleet,MIN_DISTANCE_AVG,OK,9.592,,,0,robots_sampled=4
638.000,ours,-,robot1,MIN_DISTANCE,OK,13.072,9.918,,0,nearest_robot=robot4
638.000,ours,-,robot2,MIN_DISTANCE,OK,7.690,9.918,,0,nearest_robot=robot3
638.000,ours,-,robot3,MIN_DISTANCE,OK,7.690,9.918,,0,nearest_robot=robot2
638.000,ours,-,robot4,MIN_DISTANCE,OK,11.221,9.918,,0,nearest_robot=robot3
638.000,ours,-,fleet,MIN_DISTANCE_AVG,OK,9.918,,,0,robots_sampled=4
639.000,ours,-,robot1,MIN_DISTANCE,OK,13.010,10.241,,0,nearest_robot=robot4
639.000,ours,-,robot2,MIN_DISTANCE,OK,8.101,10.241,,0,nearest_robot=robot3
639.000,ours,-,robot3,MIN_DISTANCE,OK,8.101,10.241,,0,nearest_robot=robot2
639.000,ours,-,robot4,MIN_DISTANCE,OK,11.753,10.241,,0,nearest_robot=robot3
639.000,ours,-,fleet,MIN_DISTANCE_AVG,OK,10.241,,,0,robots_sampled=4
640.000,ours,-,robot1,MIN_DISTANCE,OK,12.882,10.500,,0,nearest_robot=robot4
640.000,ours,-,robot2,MIN_DISTANCE,OK,8.436,10.500,,0,nearest_robot=robot3
640.000,ours,-,robot3,MIN_DISTANCE,OK,8.436,10.500,,0,nearest_robot=robot2
640.000,ours,-,robot4,MIN_DISTANCE,OK,12.244,10.500,,0,nearest_robot=robot3
640.000,ours,-,fleet,MIN_DISTANCE_AVG,OK,10.500,,,0,robots_sampled=4
641.000,ours,-,robot1,MIN_DISTANCE,OK,12.719,10.752,,0,nearest_robot=robot4
641.000,ours,-,robot2,MIN_DISTANCE,OK,8.788,10.752,,0,nearest_robot=robot3
641.000,ours,-,robot3,MIN_DISTANCE,OK,8.788,10.752,,0,nearest_robot=robot2
641.000,ours,-,robot4,MIN_DISTANCE,OK,12.712,10.752,,0,nearest_robot=robot3
641.000,ours,-,fleet,MIN_DISTANCE_AVG,OK,10.752,,,0,robots_sampled=4
642.000,ours,-,robot1,MIN_DISTANCE,OK,12.465,10.753,,0,nearest_robot=robot4
642.000,ours,-,robot2,MIN_DISTANCE,OK,9.040,10.753,,0,nearest_robot=robot3
642.000,ours,-,robot3,MIN_DISTANCE,OK,9.040,10.753,,0,nearest_robot=robot2
642.000,ours,-,robot4,MIN_DISTANCE,OK,12.465,10.753,,0,nearest_robot=robot1
642.000,ours,-,fleet,MIN_DISTANCE_AVG,OK,10.753,,,0,robots_sampled=4
643.000,ours,-,robot1,MIN_DISTANCE,OK,12.039,10.560,,0,nearest_robot=robot4
643.000,ours,-,robot2,MIN_DISTANCE,OK,9.082,10.560,,0,nearest_robot=robot3
643.000,ours,-,robot3,MIN_DISTANCE,OK,9.082,10.560,,0,nearest_robot=robot2
643.000,ours,-,robot4,MIN_DISTANCE,OK,12.039,10.560,,0,nearest_robot=robot1
643.000,ours,-,fleet,MIN_DISTANCE_AVG,OK,10.560,,,0,robots_sampled=4
644.000,ours,-,robot1,MIN_DISTANCE,OK,11.647,10.448,,0,nearest_robot=robot4
644.000,ours,-,robot2,MIN_DISTANCE,OK,9.250,10.448,,0,nearest_robot=robot3
644.000,ours,-,robot3,MIN_DISTANCE,OK,9.250,10.448,,0,nearest_robot=robot2
644.000,ours,-,robot4,MIN_DISTANCE,OK,11.647,10.448,,0,nearest_robot=robot1
644.000,ours,-,fleet,MIN_DISTANCE_AVG,OK,10.448,,,0,robots_sampled=4
645.000,ours,-,robot1,MIN_DISTANCE,OK,11.250,10.345,,0,nearest_robot=robot4
645.000,ours,-,robot2,MIN_DISTANCE,OK,9.440,10.345,,0,nearest_robot=robot3
645.000,ours,-,robot3,MIN_DISTANCE,OK,9.440,10.345,,0,nearest_robot=robot2
645.000,ours,-,robot4,MIN_DISTANCE,OK,11.250,10.345,,0,nearest_robot=robot1
645.000,ours,-,fleet,MIN_DISTANCE_AVG,OK,10.345,,,0,robots_sampled=4
646.000,ours,-,robot1,MIN_DISTANCE,OK,10.850,10.220,,0,nearest_robot=robot4
646.000,ours,-,robot2,MIN_DISTANCE,OK,9.590,10.220,,0,nearest_robot=robot3
646.000,ours,-,robot3,MIN_DISTANCE,OK,9.590,10.220,,0,nearest_robot=robot2
646.000,ours,-,robot4,MIN_DISTANCE,OK,10.850,10.220,,0,nearest_robot=robot1
646.000,ours,-,fleet,MIN_DISTANCE_AVG,OK,10.220,,,0,robots_sampled=4
647.000,ours,-,robot1,MIN_DISTANCE,OK,10.491,10.110,,0,nearest_robot=robot4
647.000,ours,-,robot2,MIN_DISTANCE,OK,9.729,10.110,,0,nearest_robot=robot3
647.000,ours,-,robot3,MIN_DISTANCE,OK,9.729,10.110,,0,nearest_robot=robot2
647.000,ours,-,robot4,MIN_DISTANCE,OK,10.491,10.110,,0,nearest_robot=robot1
647.000,ours,-,fleet,MIN_DISTANCE_AVG,OK,10.110,,,0,robots_sampled=4
648.000,ours,-,robot1,MIN_DISTANCE,OK,10.136,10.000,,0,nearest_robot=robot4
648.000,ours,-,robot2,MIN_DISTANCE,OK,9.865,10.000,,0,nearest_robot=robot3
648.000,ours,-,robot3,MIN_DISTANCE,OK,9.865,10.000,,0,nearest_robot=robot2
648.000,ours,-,robot4,MIN_DISTANCE,OK,10.136,10.000,,0,nearest_robot=robot1
648.000,ours,-,fleet,MIN_DISTANCE_AVG,OK,10.000,,,0,robots_sampled=4
649.000,ours,-,robot1,MIN_DISTANCE,OK,9.847,9.892,,0,nearest_robot=robot4
649.000,ours,-,robot2,MIN_DISTANCE,OK,9.938,9.892,,0,nearest_robot=robot3
649.000,ours,-,robot3,MIN_DISTANCE,OK,9.938,9.892,,0,nearest_robot=robot2
649.000,ours,-,robot4,MIN_DISTANCE,OK,9.847,9.892,,0,nearest_robot=robot1
649.000,ours,-,fleet,MIN_DISTANCE_AVG,OK,9.892,,,0,robots_sampled=4
650.000,ours,-,robot1,MIN_DISTANCE,OK,9.580,9.813,,0,nearest_robot=robot4
650.000,ours,-,robot2,MIN_DISTANCE,OK,10.047,9.813,,0,nearest_robot=robot3
650.000,ours,-,robot3,MIN_DISTANCE,OK,10.047,9.813,,0,nearest_robot=robot2
650.000,ours,-,robot4,MIN_DISTANCE,OK,9.580,9.813,,0,nearest_robot=robot1
650.000,ours,-,fleet,MIN_DISTANCE_AVG,OK,9.813,,,0,robots_sampled=4
651.000,ours,-,robot1,MIN_DISTANCE,OK,9.324,9.704,,0,nearest_robot=robot4
651.000,ours,-,robot2,MIN_DISTANCE,OK,10.084,9.704,,0,nearest_robot=robot3
651.000,ours,-,robot3,MIN_DISTANCE,OK,10.084,9.704,,0,nearest_robot=robot2
651.000,ours,-,robot4,MIN_DISTANCE,OK,9.324,9.704,,0,nearest_robot=robot1
651.000,ours,-,fleet,MIN_DISTANCE_AVG,OK,9.704,,,0,robots_sampled=4
652.000,ours,-,robot1,MIN_DISTANCE,OK,9.145,9.644,,0,nearest_robot=robot4
652.000,ours,-,robot2,MIN_DISTANCE,OK,10.142,9.644,,0,nearest_robot=robot3
652.000,ours,-,robot3,MIN_DISTANCE,OK,10.142,9.644,,0,nearest_robot=robot2
652.000,ours,-,robot4,MIN_DISTANCE,OK,9.145,9.644,,0,nearest_robot=robot1
652.000,ours,-,fleet,MIN_DISTANCE_AVG,OK,9.644,,,0,robots_sampled=4
653.000,ours,-,robot1,MIN_DISTANCE,OK,9.039,9.605,,0,nearest_robot=robot4
653.000,ours,-,robot2,MIN_DISTANCE,OK,10.171,9.605,,0,nearest_robot=robot3
653.000,ours,-,robot3,MIN_DISTANCE,OK,10.171,9.605,,0,nearest_robot=robot2
653.000,ours,-,robot4,MIN_DISTANCE,OK,9.039,9.605,,0,nearest_robot=robot1
653.000,ours,-,fleet,MIN_DISTANCE_AVG,OK,9.605,,,0,robots_sampled=4
654.000,ours,-,robot1,MIN_DISTANCE,OK,8.941,9.626,,0,nearest_robot=robot4
654.000,ours,-,robot2,MIN_DISTANCE,OK,10.310,9.626,,0,nearest_robot=robot3
654.000,ours,-,robot3,MIN_DISTANCE,OK,10.310,9.626,,0,nearest_robot=robot2
654.000,ours,-,robot4,MIN_DISTANCE,OK,8.941,9.626,,0,nearest_robot=robot1
654.000,ours,-,fleet,MIN_DISTANCE_AVG,OK,9.626,,,0,robots_sampled=4
655.000,ours,-,robot1,MIN_DISTANCE,OK,8.839,9.650,,0,nearest_robot=robot4
655.000,ours,-,robot2,MIN_DISTANCE,OK,10.462,9.650,,0,nearest_robot=robot3
655.000,ours,-,robot3,MIN_DISTANCE,OK,10.462,9.650,,0,nearest_robot=robot2
655.000,ours,-,robot4,MIN_DISTANCE,OK,8.839,9.650,,0,nearest_robot=robot1
655.000,ours,-,fleet,MIN_DISTANCE_AVG,OK,9.650,,,0,robots_sampled=4
656.000,ours,-,robot1,MIN_DISTANCE,OK,8.760,9.626,,0,nearest_robot=robot4
656.000,ours,-,robot2,MIN_DISTANCE,OK,10.492,9.626,,0,nearest_robot=robot3
656.000,ours,-,robot3,MIN_DISTANCE,OK,10.492,9.626,,0,nearest_robot=robot2
656.000,ours,-,robot4,MIN_DISTANCE,OK,8.760,9.626,,0,nearest_robot=robot1
656.000,ours,-,fleet,MIN_DISTANCE_AVG,OK,9.626,,,0,robots_sampled=4
657.000,ours,-,robot1,MIN_DISTANCE,OK,8.663,9.566,,0,nearest_robot=robot4
657.000,ours,-,robot2,MIN_DISTANCE,OK,10.470,9.566,,0,nearest_robot=robot3
657.000,ours,-,robot3,MIN_DISTANCE,OK,10.470,9.566,,0,nearest_robot=robot2
657.000,ours,-,robot4,MIN_DISTANCE,OK,8.663,9.566,,0,nearest_robot=robot1
657.000,ours,-,fleet,MIN_DISTANCE_AVG,OK,9.566,,,0,robots_sampled=4
658.000,ours,-,robot1,MIN_DISTANCE,OK,8.595,9.561,,0,nearest_robot=robot4
658.000,ours,-,robot2,MIN_DISTANCE,OK,10.527,9.561,,0,nearest_robot=robot3
658.000,ours,-,robot3,MIN_DISTANCE,OK,10.527,9.561,,0,nearest_robot=robot2
658.000,ours,-,robot4,MIN_DISTANCE,OK,8.595,9.561,,0,nearest_robot=robot1
658.000,ours,-,fleet,MIN_DISTANCE_AVG,OK,9.561,,,0,robots_sampled=4
659.000,ours,-,robot1,MIN_DISTANCE,OK,8.648,9.635,,0,nearest_robot=robot4
659.000,ours,-,robot2,MIN_DISTANCE,OK,10.623,9.635,,0,nearest_robot=robot3
659.000,ours,-,robot3,MIN_DISTANCE,OK,10.623,9.635,,0,nearest_robot=robot2
659.000,ours,-,robot4,MIN_DISTANCE,OK,8.648,9.635,,0,nearest_robot=robot1
659.000,ours,-,fleet,MIN_DISTANCE_AVG,OK,9.635,,,0,robots_sampled=4
660.000,ours,-,robot1,MIN_DISTANCE,OK,8.795,9.689,,0,nearest_robot=robot4
660.000,ours,-,robot2,MIN_DISTANCE,OK,10.583,9.689,,0,nearest_robot=robot3
660.000,ours,-,robot3,MIN_DISTANCE,OK,10.583,9.689,,0,nearest_robot=robot2
660.000,ours,-,robot4,MIN_DISTANCE,OK,8.795,9.689,,0,nearest_robot=robot1
660.000,ours,-,fleet,MIN_DISTANCE_AVG,OK,9.689,,,0,robots_sampled=4
661.000,ours,-,robot1,MIN_DISTANCE,OK,8.969,9.702,,0,nearest_robot=robot4
661.000,ours,-,robot2,MIN_DISTANCE,OK,10.434,9.702,,0,nearest_robot=robot3
661.000,ours,-,robot3,MIN_DISTANCE,OK,10.434,9.702,,0,nearest_robot=robot2
661.000,ours,-,robot4,MIN_DISTANCE,OK,8.969,9.702,,0,nearest_robot=robot1
661.000,ours,-,fleet,MIN_DISTANCE_AVG,OK,9.702,,,0,robots_sampled=4
662.000,ours,-,robot1,MIN_DISTANCE,OK,9.240,9.728,,0,nearest_robot=robot4
662.000,ours,-,robot2,MIN_DISTANCE,OK,10.216,9.728,,0,nearest_robot=robot3
662.000,ours,-,robot3,MIN_DISTANCE,OK,10.216,9.728,,0,nearest_robot=robot2
662.000,ours,-,robot4,MIN_DISTANCE,OK,9.240,9.728,,0,nearest_robot=robot1
662.000,ours,-,fleet,MIN_DISTANCE_AVG,OK,9.728,,,0,robots_sampled=4
663.000,ours,-,robot1,MIN_DISTANCE,OK,9.509,9.807,,0,nearest_robot=robot4
663.000,ours,-,robot2,MIN_DISTANCE,OK,10.105,9.807,,0,nearest_robot=robot3
663.000,ours,-,robot3,MIN_DISTANCE,OK,10.105,9.807,,0,nearest_robot=robot2
663.000,ours,-,robot4,MIN_DISTANCE,OK,9.509,9.807,,0,nearest_robot=robot1
663.000,ours,-,fleet,MIN_DISTANCE_AVG,OK,9.807,,,0,robots_sampled=4
664.000,ours,-,robot1,MIN_DISTANCE,OK,9.797,9.908,,0,nearest_robot=robot4
664.000,ours,-,robot2,MIN_DISTANCE,OK,10.019,9.908,,0,nearest_robot=robot3
664.000,ours,-,robot3,MIN_DISTANCE,OK,10.019,9.908,,0,nearest_robot=robot2
664.000,ours,-,robot4,MIN_DISTANCE,OK,9.797,9.908,,0,nearest_robot=robot1
664.000,ours,-,fleet,MIN_DISTANCE_AVG,OK,9.908,,,0,robots_sampled=4
665.000,ours,-,robot1,MIN_DISTANCE,OK,10.147,10.048,,0,nearest_robot=robot4
665.000,ours,-,robot2,MIN_DISTANCE,OK,9.948,10.048,,0,nearest_robot=robot3
665.000,ours,-,robot3,MIN_DISTANCE,OK,9.948,10.048,,0,nearest_robot=robot2
665.000,ours,-,robot4,MIN_DISTANCE,OK,10.147,10.048,,0,nearest_robot=robot1
665.000,ours,-,fleet,MIN_DISTANCE_AVG,OK,10.048,,,0,robots_sampled=4
666.000,ours,-,robot1,MIN_DISTANCE,OK,10.449,10.185,,0,nearest_robot=robot4
666.000,ours,-,robot2,MIN_DISTANCE,OK,9.922,10.185,,0,nearest_robot=robot3
666.000,ours,-,robot3,MIN_DISTANCE,OK,9.922,10.185,,0,nearest_robot=robot2
666.000,ours,-,robot4,MIN_DISTANCE,OK,10.449,10.185,,0,nearest_robot=robot1
666.000,ours,-,fleet,MIN_DISTANCE_AVG,OK,10.185,,,0,robots_sampled=4
667.000,ours,-,robot1,MIN_DISTANCE,OK,10.795,10.349,,0,nearest_robot=robot4
667.000,ours,-,robot2,MIN_DISTANCE,OK,9.902,10.349,,0,nearest_robot=robot3
667.000,ours,-,robot3,MIN_DISTANCE,OK,9.902,10.349,,0,nearest_robot=robot2
667.000,ours,-,robot4,MIN_DISTANCE,OK,10.795,10.349,,0,nearest_robot=robot1
667.000,ours,-,fleet,MIN_DISTANCE_AVG,OK,10.349,,,0,robots_sampled=4
668.000,ours,-,robot1,MIN_DISTANCE,OK,11.182,10.548,,0,nearest_robot=robot4
668.000,ours,-,robot2,MIN_DISTANCE,OK,9.914,10.548,,0,nearest_robot=robot3
668.000,ours,-,robot3,MIN_DISTANCE,OK,9.914,10.548,,0,nearest_robot=robot2
668.000,ours,-,robot4,MIN_DISTANCE,OK,11.182,10.548,,0,nearest_robot=robot1
668.000,ours,-,fleet,MIN_DISTANCE_AVG,OK,10.548,,,0,robots_sampled=4
669.000,ours,-,robot1,MIN_DISTANCE,OK,11.570,10.744,,0,nearest_robot=robot4
669.000,ours,-,robot2,MIN_DISTANCE,OK,9.917,10.744,,0,nearest_robot=robot3
669.000,ours,-,robot3,MIN_DISTANCE,OK,9.917,10.744,,0,nearest_robot=robot2
669.000,ours,-,robot4,MIN_DISTANCE,OK,11.570,10.744,,0,nearest_robot=robot1
669.000,ours,-,fleet,MIN_DISTANCE_AVG,OK,10.744,,,0,robots_sampled=4
670.000,ours,-,robot1,MIN_DISTANCE,OK,11.971,10.935,,0,nearest_robot=robot4
670.000,ours,-,robot2,MIN_DISTANCE,OK,9.900,10.935,,0,nearest_robot=robot3
670.000,ours,-,robot3,MIN_DISTANCE,OK,9.900,10.935,,0,nearest_robot=robot2
670.000,ours,-,robot4,MIN_DISTANCE,OK,11.971,10.935,,0,nearest_robot=robot1
670.000,ours,-,fleet,MIN_DISTANCE_AVG,OK,10.935,,,0,robots_sampled=4
671.000,ours,-,robot1,MIN_DISTANCE,OK,12.436,11.136,,0,nearest_robot=robot4
671.000,ours,-,robot2,MIN_DISTANCE,OK,9.835,11.136,,0,nearest_robot=robot3
671.000,ours,-,robot3,MIN_DISTANCE,OK,9.835,11.136,,0,nearest_robot=robot2
671.000,ours,-,robot4,MIN_DISTANCE,OK,12.436,11.136,,0,nearest_robot=robot1
671.000,ours,-,fleet,MIN_DISTANCE_AVG,OK,11.136,,,0,robots_sampled=4
672.000,ours,-,robot1,MIN_DISTANCE,OK,12.836,11.257,,0,nearest_robot=robot2
672.000,ours,-,robot2,MIN_DISTANCE,OK,9.767,11.257,,0,nearest_robot=robot3
672.000,ours,-,robot3,MIN_DISTANCE,OK,9.767,11.257,,0,nearest_robot=robot2
672.000,ours,-,robot4,MIN_DISTANCE,OK,12.659,11.257,,0,nearest_robot=robot2
672.000,ours,-,fleet,MIN_DISTANCE_AVG,OK,11.257,,,0,robots_sampled=4
673.000,ours,-,robot1,MIN_DISTANCE,OK,12.488,11.148,,0,nearest_robot=robot2
673.000,ours,-,robot2,MIN_DISTANCE,OK,9.719,11.148,,0,nearest_robot=robot3
673.000,ours,-,robot3,MIN_DISTANCE,OK,9.719,11.148,,0,nearest_robot=robot2
673.000,ours,-,robot4,MIN_DISTANCE,OK,12.667,11.148,,0,nearest_robot=robot2
673.000,ours,-,fleet,MIN_DISTANCE_AVG,OK,11.148,,,0,robots_sampled=4
674.000,ours,-,robot1,MIN_DISTANCE,OK,12.111,11.079,,0,nearest_robot=robot2
674.000,ours,-,robot2,MIN_DISTANCE,OK,9.676,11.079,,0,nearest_robot=robot3
674.000,ours,-,robot3,MIN_DISTANCE,OK,9.676,11.079,,0,nearest_robot=robot2
674.000,ours,-,robot4,MIN_DISTANCE,OK,12.851,11.079,,0,nearest_robot=robot2
674.000,ours,-,fleet,MIN_DISTANCE_AVG,OK,11.079,,,0,robots_sampled=4
675.000,ours,-,robot1,MIN_DISTANCE,OK,11.717,10.964,,0,nearest_robot=robot2
675.000,ours,-,robot2,MIN_DISTANCE,OK,9.668,10.964,,0,nearest_robot=robot3
675.000,ours,-,robot3,MIN_DISTANCE,OK,9.668,10.964,,0,nearest_robot=robot2
675.000,ours,-,robot4,MIN_DISTANCE,OK,12.804,10.964,,0,nearest_robot=robot2
675.000,ours,-,fleet,MIN_DISTANCE_AVG,OK,10.964,,,0,robots_sampled=4
676.000,ours,-,robot1,MIN_DISTANCE,OK,11.332,10.881,,0,nearest_robot=robot2
676.000,ours,-,robot2,MIN_DISTANCE,OK,9.714,10.881,,0,nearest_robot=robot3
676.000,ours,-,robot3,MIN_DISTANCE,OK,9.714,10.881,,0,nearest_robot=robot2
676.000,ours,-,robot4,MIN_DISTANCE,OK,12.764,10.881,,0,nearest_robot=robot2
676.000,ours,-,fleet,MIN_DISTANCE_AVG,OK,10.881,,,0,robots_sampled=4
