timestamp,run_id,task_id,robot_id,event,status,allocation_cost,duration,path,collision_flag,message
21.000,original,-,robot1,MIN_DISTANCE,OK,12.416,10.587,,0,nearest_robot=robot6
21.000,original,-,robot2,MIN_DISTANCE,OK,12.510,10.587,,0,nearest_robot=robot1
21.000,original,-,robot3,MIN_DISTANCE,OK,6.490,10.587,,0,nearest_robot=robot4
21.000,original,-,robot4,MIN_DISTANCE,OK,6.490,10.587,,0,nearest_robot=robot3
21.000,original,-,robot5,MIN_DISTANCE,OK,13.200,10.587,,0,nearest_robot=robot4
21.000,original,-,robot6,MIN_DISTANCE,OK,12.416,10.587,,0,nearest_robot=robot1
21.000,original,-,fleet,MIN_DISTANCE_AVG,OK,10.587,,,0,robots_sampled=6
22.000,original,-,robot1,MIN_DISTANCE,OK,12.416,10.587,,0,nearest_robot=robot6
22.000,original,-,robot2,MIN_DISTANCE,OK,12.510,10.587,,0,nearest_robot=robot1
22.000,original,-,robot3,MIN_DISTANCE,OK,6.490,10.587,,0,nearest_robot=robot4
22.000,original,-,robot4,MIN_DISTANCE,OK,6.490,10.587,,0,nearest_robot=robot3
22.000,original,-,robot5,MIN_DISTANCE,OK,13.200,10.587,,0,nearest_robot=robot4
22.000,original,-,robot6,MIN_DISTANCE,OK,12.416,10.587,,0,nearest_robot=robot1
22.000,original,-,fleet,MIN_DISTANCE_AVG,OK,10.587,,,0,robots_sampled=6
23.000,original,-,robot1,MIN_DISTANCE,OK,12.416,10.587,,0,nearest_robot=robot6
23.000,original,-,robot2,MIN_DISTANCE,OK,12.510,10.587,,0,nearest_robot=robot1
23.000,original,-,robot3,MIN_DISTANCE,OK,6.490,10.587,,0,nearest_robot=robot4
23.000,original,-,robot4,MIN_DISTANCE,OK,6.490,10.587,,0,nearest_robot=robot3
23.000,original,-,robot5,MIN_DISTANCE,OK,13.200,10.587,,0,nearest_robot=robot4
23.000,original,-,robot6,MIN_DISTANCE,OK,12.416,10.587,,0,nearest_robot=robot1
23.000,original,-,fleet,MIN_DISTANCE_AVG,OK,10.587,,,0,robots_sampled=6
24.000,original,-,fleet,REPLAN_FULL,OK,,,robot1|robot2|robot3|robot4|robot5|robot6,0,original_full_optimization
24.000,original,-,robot1,MIN_DISTANCE,OK,12.416,10.587,,0,nearest_robot=robot6
24.000,original,-,robot2,MIN_DISTANCE,OK,12.510,10.587,,0,nearest_robot=robot1
24.000,original,-,robot3,MIN_DISTANCE,OK,6.490,10.587,,0,nearest_robot=robot4
24.000,original,-,robot4,MIN_DISTANCE,OK,6.490,10.587,,0,nearest_robot=robot3
24.000,original,-,robot5,MIN_DISTANCE,OK,13.200,10.587,,0,nearest_robot=robot4
24.000,original,-,robot6,MIN_DISTANCE,OK,12.416,10.587,,0,nearest_robot=robot1
24.000,original,-,fleet,MIN_DISTANCE_AVG,OK,10.587,,,0,robots_sampled=6
25.000,original,-,robot1,MIN_DISTANCE,OK,12.416,10.587,,0,nearest_robot=robot6
25.000,original,-,robot2,MIN_DISTANCE,OK,12.510,10.587,,0,nearest_robot=robot1
25.000,original,-,robot3,MIN_DISTANCE,OK,6.490,10.587,,0,nearest_robot=robot4
25.000,original,-,robot4,MIN_DISTANCE,OK,6.490,10.587,,0,nearest_robot=robot3
25.000,original,-,robot5,MIN_DISTANCE,OK,13.200,10.587,,0,nearest_robot=robot4
25.000,original,-,robot6,MIN_DISTANCE,OK,12.416,10.587,,0,nearest_robot=robot1
25.000,original,-,fleet,MIN_DISTANCE_AVG,OK,10.587,,,0,robots_sampled=6
26.000,original,-,robot1,MIN_DISTANCE,OK,12.416,10.587,,0,nearest_robot=robot6
26.000,original,-,robot2,MIN_DISTANCE,OK,12.510,10.587,,0,nearest_robot=robot1
26.000,original,-,robot3,MIN_DISTANCE,OK,6.490,10.587,,0,nearest_robot=robot4
26.000,original,-,robot4,MIN_DISTANCE,OK,6.490,10.587,,0,nearest_robot=robot3
26.000,original,-,robot5,MIN_DISTANCE,OK,13.200,10.587,,0,nearest_robot=robot4
26.000,original,-,robot6,MIN_DISTANCE,OK,12.416,10.587,,0,nearest_robot=robot1
26.000,original,-,fleet,MIN_DISTANCE_AVG,OK,10.587,,,0,robots_sampled=6
27.000,original,-,robot1,MIN_DISTANCE,OK,12.416,10.587,,0,nearest_robot=robot6
27.000,original,-,robot2,MIN_DISTANCE,OK,12.510,10.587,,0,nearest_robot=robot1
27.000,original,-,robot3,MIN_DISTANCE,OK,6.490,10.587,,0,nearest_robot=robot4
27.000,original,-,robot4,MIN_DISTANCE,OK,6.490,10.587,,0,nearest_robot=robot3
27.000,original,-,robot5,MIN_DISTANCE,OK,13.200,10.587,,0,nearest_robot=robot4
27.000,original,-,robot6,MIN_DISTANCE,OK,12.416,10.587,,0,nearest_robot=robot1
27.000,original,-,fleet,MIN_DISTANCE_AVG,OK,10.587,,,0,robots_sampled=6
28.000,original,-,robot1,MIN_DISTANCE,OK,12.416,10.587,,0,nearest_robot=robot6
28.000,original,-,robot2,MIN_DISTANCE,OK,12.510,10.587,,0,nearest_robot=robot1
28.000,original,-,robot3,MIN_DISTANCE,OK,6.490,10.587,,0,nearest_robot=robot4
28.000,original,-,robot4,MIN_DISTANCE,OK,6.490,10.587,,0,nearest_robot=robot3
28.000,original,-,robot5,MIN_DISTANCE,OK,13.200,10.587,,0,nearest_robot=robot4
28.000,original,-,robot6,MIN_DISTANCE,OK,12.416,10.587,,0,nearest_robot=robot1
28.000,original,-,fleet,MIN_DISTANCE_AVG,OK,10.587,,,0,robots_sampled=6
29.000,original,-,robot1,MIN_DISTANCE,OK,12.416,10.587,,0,nearest_robot=robot6
29.000,original,-,robot2,MIN_DISTANCE,OK,12.510,10.587,,0,nearest_robot=robot1
29.000,original,-,robot3,MIN_DISTANCE,OK,6.490,10.587,,0,nearest_robot=robot4
29.000,original,-,robot4,MIN_DISTANCE,OK,6.490,10.587,,0,nearest_robot=robot3
29.000,original,-,robot5,MIN_DISTANCE,OK,13.200,10.587,,0,nearest_robot=robot4
29.000,original,-,robot6,MIN_DISTANCE,OK,12.416,10.587,,0,nearest_robot=robot1
29.000,original,-,fleet,MIN_DISTANCE_AVG,OK,10.587,,,0,robots_sampled=6
30.000,original,-,robot1,MIN_DISTANCE,OK,12.416,10.587,,0,nearest_robot=robot6
30.000,original,-,robot2,MIN_DISTANCE,OK,12.510,10.587,,0,nearest_robot=robot1
30.000,original,-,robot3,MIN_DISTANCE,OK,6.490,10.587,,0,nearest_robot=robot4
30.000,original,-,robot4,MIN_DISTANCE,OK,6.490,10.587,,0,nearest_robot=robot3
30.000,original,-,robot5,MIN_DISTANCE,OK,13.200,10.587,,0,nearest_robot=robot4
30.000,original,-,robot6,MIN_DISTANCE,OK,12.416,10.587,,0,nearest_robot=robot1
30.000,original,-,fleet,MIN_DISTANCE_AVG,OK,10.587,,,0,robots_sampled=6
31.000,original,-,robot1,MIN_DISTANCE,OK,12.416,10.587,,0,nearest_robot=robot6
31.000,original,-,robot2,MIN_DISTANCE,OK,12.510,10.587,,0,nearest_robot=robot1
31.000,original,-,robot3,MIN_DISTANCE,OK,6.490,10.587,,0,nearest_robot=robot4
31.000,original,-,robot4,MIN_DISTANCE,OK,6.490,10.587,,0,nearest_robot=robot3
31.000,original,-,robot5,MIN_DISTANCE,OK,13.200,10.587,,0,nearest_robot=robot4
31.000,original,-,robot6,MIN_DISTANCE,OK,12.416,10.587,,0,nearest_robot=robot1
31.000,original,-,fleet,MIN_DISTANCE_AVG,OK,10.587,,,0,robots_sampled=6
32.000,original,-,robot1,MIN_DISTANCE,OK,12.416,10.587,,0,nearest_robot=robot6
32.000,original,-,robot2,MIN_DISTANCE,OK,12.510,10.587,,0,nearest_robot=robot1
32.000,original,-,robot3,MIN_DISTANCE,OK,6.490,10.587,,0,nearest_robot=robot4
32.000,original,-,robot4,MIN_DISTANCE,OK,6.490,10.587,,0,nearest_robot=robot3
32.000,original,-,robot5,MIN_DISTANCE,OK,13.200,10.587,,0,nearest_robot=robot4
32.000,original,-,robot6,MIN_DISTANCE,OK,12.416,10.587,,0,nearest_robot=robot1
32.000,original,-,fleet,MIN_DISTANCE_AVG,OK,10.587,,,0,robots_sampled=6
33.000,original,-,robot1,MIN_DISTANCE,OK,12.416,10.587,,0,nearest_robot=robot6
33.000,original,-,robot2,MIN_DISTANCE,OK,12.510,10.587,,0,nearest_robot=robot1
33.000,original,-,robot3,MIN_DISTANCE,OK,6.490,10.587,,0,nearest_robot=robot4
33.000,original,-,robot4,MIN_DISTANCE,OK,6.490,10.587,,0,nearest_robot=robot3
33.000,original,-,robot5,MIN_DISTANCE,OK,13.200,10.587,,0,nearest_robot=robot4
33.000,original,-,robot6,MIN_DISTANCE,OK,12.416,10.587,,0,nearest_robot=robot1
33.000,original,-,fleet,MIN_DISTANCE_AVG,OK,10.587,,,0,robots_sampled=6
34.000,original,-,robot1,MIN_DISTANCE,OK,12.416,10.587,,0,nearest_robot=robot6
34.000,original,-,robot2,MIN_DISTANCE,OK,12.510,10.587,,0,nearest_robot=robot1
34.000,original,-,robot3,MIN_DISTANCE,OK,6.490,10.587,,0,nearest_robot=robot4
34.000,original,-,robot4,MIN_DISTANCE,OK,6.490,10.587,,0,nearest_robot=robot3
34.000,original,-,robot5,MIN_DISTANCE,OK,13.200,10.587,,0,nearest_robot=robot4
34.000,original,-,robot6,MIN_DISTANCE,OK,12.416,10.587,,0,nearest_robot=robot1
34.000,original,-,fleet,MIN_DISTANCE_AVG,OK,10.587,,,0,robots_sampled=6
35.000,original,-,robot1,MIN_DISTANCE,OK,12.416,10.587,,0,nearest_robot=robot6
35.000,original,-,robot2,MIN_DISTANCE,OK,12.510,10.587,,0,nearest_robot=robot1
35.000,original,-,robot3,MIN_DISTANCE,OK,6.490,10.587,,0,nearest_robot=robot4
35.000,original,-,robot4,MIN_DISTANCE,OK,6.490,10.587,,0,nearest_robot=robot3
35.000,original,-,robot5,MIN_DISTANCE,OK,13.200,10.587,,0,nearest_robot=robot4
35.000,original,-,robot6,MIN_DISTANCE,OK,12.416,10.587,,0,nearest_robot=robot1
35.000,original,-,fleet,MIN_DISTANCE_AVG,OK,10.587,,,0,robots_sampled=6
36.000,original,-,robot1,MIN_DISTANCE,OK,12.416,10.587,,0,nearest_robot=robot6
36.000,original,-,robot2,MIN_DISTANCE,OK,12.510,10.587,,0,nearest_robot=robot1
36.000,original,-,robot3,MIN_DISTANCE,OK,6.490,10.587,,0,nearest_robot=robot4
36.000,original,-,robot4,MIN_DISTANCE,OK,6.490,10.587,,0,nearest_robot=robot3
36.000,original,-,robot5,MIN_DISTANCE,OK,13.200,10.587,,0,nearest_robot=robot4
36.000,original,-,robot6,MIN_DISTANCE,OK,12.416,10.587,,0,nearest_robot=robot1
36.000,original,-,fleet,MIN_DISTANCE_AVG,OK,10.587,,,0,robots_sampled=6
37.000,original,-,robot1,MIN_DISTANCE,OK,12.416,10.587,,0,nearest_robot=robot6
37.000,original,-,robot2,MIN_DISTANCE,OK,12.510,10.587,,0,nearest_robot=robot1
37.000,original,-,robot3,MIN_DISTANCE,OK,6.490,10.587,,0,nearest_robot=robot4
37.000,original,-,robot4,MIN_DISTANCE,OK,6.490,10.587,,0,nearest_robot=robot3
37.000,original,-,robot5,MIN_DISTANCE,OK,13.200,10.587,,0,nearest_robot=robot4
37.000,original,-,robot6,MIN_DISTANCE,OK,12.416,10.587,,0,nearest_robot=robot1
37.000,original,-,fleet,MIN_DISTANCE_AVG,OK,10.587,,,0,robots_sampled=6
38.000,original,-,robot1,MIN_DISTANCE,OK,12.416,10.587,,0,nearest_robot=robot6
38.000,original,-,robot2,MIN_DISTANCE,OK,12.510,10.587,,0,nearest_robot=robot1
38.000,original,-,robot3,MIN_DISTANCE,OK,6.490,10.587,,0,nearest_robot=robot4
38.000,original,-,robot4,MIN_DISTANCE,OK,6.490,10.587,,0,nearest_robot=robot3
38.000,original,-,robot5,MIN_DISTANCE,OK,13.200,10.587,,0,nearest_robot=robot4
38.000,original,-,robot6,MIN_DISTANCE,OK,12.416,10.587,,0,nearest_robot=robot1
38.000,original,-,fleet,MIN_DISTANCE_AVG,OK,10.587,,,0,robots_sampled=6
39.000,original,-,robot1,MIN_DISTANCE,OK,12.416,10.587,,0,nearest_robot=robot6
39.000,original,-,robot2,MIN_DISTANCE,OK,12.510,10.587,,0,nearest_robot=robot1
39.000,original,-,robot3,MIN_DISTANCE,OK,6.490,10.587,,0,nearest_robot=robot4
39.000,original,-,robot4,MIN_DISTANCE,OK,6.490,10.587,,0,nearest_robot=robot3
39.000,original,-,robot5,MIN_DISTANCE,OK,13.200,10.587,,0,nearest_robot=robot4
39.000,original,-,robot6,MIN_DISTANCE,OK,12.416,10.587,,0,nearest_robot=robot1
39.000,original,-,fleet,MIN_DISTANCE_AVG,OK,10.587,,,0,robots_sampled=6
40.000,original,-,robot1,MIN_DISTANCE,OK,12.416,10.587,,0,nearest_robot=robot6
40.000,original,-,robot2,MIN_DISTANCE,OK,12.510,10.587,,0,nearest_robot=robot1
40.000,original,-,robot3,MIN_DISTANCE,OK,6.490,10.587,,0,nearest_robot=robot4
40.000,original,-,robot4,MIN_DISTANCE,OK,6.490,10.587,,0,nearest_robot=robot3
40.000,original,-,robot5,MIN_DISTANCE,OK,13.200,10.587,,0,nearest_robot=robot4
40.000,original,-,robot6,MIN_DISTANCE,OK,12.416,10.587,,0,nearest_robot=robot1
40.000,original,-,fleet,MIN_DISTANCE_AVG,OK,10.587,,,0,robots_sampled=6
41.000,original,-,robot1,MIN_DISTANCE,OK,12.416,10.587,,0,nearest_robot=robot6
41.000,original,-,robot2,MIN_DISTANCE,OK,12.510,10.587,,0,nearest_robot=robot1
41.000,original,-,robot3,MIN_DISTANCE,OK,6.490,10.587,,0,nearest_robot=robot4
41.000,original,-,robot4,MIN_DISTANCE,OK,6.490,10.587,,0,nearest_robot=robot3
41.000,original,-,robot5,MIN_DISTANCE,OK,13.200,10.587,,0,nearest_robot=robot4
41.000,original,-,robot6,MIN_DISTANCE,OK,12.416,10.587,,0,nearest_robot=robot1
41.000,original,-,fleet,MIN_DISTANCE_AVG,OK,10.587,,,0,robots_sampled=6
42.000,original,-,robot1,MIN_DISTANCE,OK,12.416,10.587,,0,nearest_robot=robot6
42.000,original,-,robot2,MIN_DISTANCE,OK,12.510,10.587,,0,nearest_robot=robot1
42.000,original,-,robot3,MIN_DISTANCE,OK,6.490,10.587,,0,nearest_robot=robot4
42.000,original,-,robot4,MIN_DISTANCE,OK,6.490,10.587,,0,nearest_robot=robot3
42.000,original,-,robot5,MIN_DISTANCE,OK,13.200,10.587,,0,nearest_robot=robot4
42.000,original,-,robot6,MIN_DISTANCE,OK,12.416,10.587,,0,nearest_robot=robot1
42.000,original,-,fleet,MIN_DISTANCE_AVG,OK,10.587,,,0,robots_sampled=6
43.000,original,-,robot1,MIN_DISTANCE,OK,12.416,10.587,,0,nearest_robot=robot6
43.000,original,-,robot2,MIN_DISTANCE,OK,12.510,10.587,,0,nearest_robot=robot1
43.000,original,-,robot3,MIN_DISTANCE,OK,6.490,10.587,,0,nearest_robot=robot4
43.000,original,-,robot4,MIN_DISTANCE,OK,6.490,10.587,,0,nearest_robot=robot3
43.000,original,-,robot5,MIN_DISTANCE,OK,13.200,10.587,,0,nearest_robot=robot4
43.000,original,-,robot6,MIN_DISTANCE,OK,12.416,10.587,,0,nearest_robot=robot1
43.000,original,-,fleet,MIN_DISTANCE_AVG,OK,10.587,,,0,robots_sampled=6
44.000,original,-,robot1,MIN_DISTANCE,OK,12.416,10.587,,0,nearest_robot=robot6
44.000,original,-,robot2,MIN_DISTANCE,OK,12.510,10.587,,0,nearest_robot=robot1
44.000,original,-,robot3,MIN_DISTANCE,OK,6.490,10.587,,0,nearest_robot=robot4
44.000,original,-,robot4,MIN_DISTANCE,OK,6.490,10.587,,0,nearest_robot=robot3
44.000,original,-,robot5,MIN_DISTANCE,OK,13.200,10.587,,0,nearest_robot=robot4
44.000,original,-,robot6,MIN_DISTANCE,OK,12.416,10.587,,0,nearest_robot=robot1
44.000,original,-,fleet,MIN_DISTANCE_AVG,OK,10.587,,,0,robots_sampled=6
45.000,original,-,robot1,MIN_DISTANCE,OK,12.416,10.587,,0,nearest_robot=robot6
45.000,original,-,robot2,MIN_DISTANCE,OK,12.510,10.587,,0,nearest_robot=robot1
45.000,original,-,robot3,MIN_DISTANCE,OK,6.490,10.587,,0,nearest_robot=robot4
45.000,original,-,robot4,MIN_DISTANCE,OK,6.490,10.587,,0,nearest_robot=robot3
45.000,original,-,robot5,MIN_DISTANCE,OK,13.200,10.587,,0,nearest_robot=robot4
45.000,original,-,robot6,MIN_DISTANCE,OK,12.416,10.587,,0,nearest_robot=robot1
45.000,original,-,fleet,MIN_DISTANCE_AVG,OK,10.587,,,0,robots_sampled=6
46.000,original,-,robot1,MIN_DISTANCE,OK,12.416,10.587,,0,nearest_robot=robot6
46.000,original,-,robot2,MIN_DISTANCE,OK,12.510,10.587,,0,nearest_robot=robot1
46.000,original,-,robot3,MIN_DISTANCE,OK,6.490,10.587,,0,nearest_robot=robot4
46.000,original,-,robot4,MIN_DISTANCE,OK,6.490,10.587,,0,nearest_robot=robot3
46.000,original,-,robot5,MIN_DISTANCE,OK,13.200,10.587,,0,nearest_robot=robot4
46.000,original,-,robot6,MIN_DISTANCE,OK,12.416,10.587,,0,nearest_robot=robot1
46.000,original,-,fleet,MIN_DISTANCE_AVG,OK,10.587,,,0,robots_sampled=6
47.000,original,-,robot1,MIN_DISTANCE,OK,12.416,10.587,,0,nearest_robot=robot6
47.000,original,-,robot2,MIN_DISTANCE,OK,12.510,10.587,,0,nearest_robot=robot1
47.000,original,-,robot3,MIN_DISTANCE,OK,6.490,10.587,,0,nearest_robot=robot4
47.000,original,-,robot4,MIN_DISTANCE,OK,6.490,10.587,,0,nearest_robot=robot3
47.000,original,-,robot5,MIN_DISTANCE,OK,13.200,10.587,,0,nearest_robot=robot4
47.000,original,-,robot6,MIN_DISTANCE,OK,12.416,10.587,,0,nearest_robot=robot1
47.000,original,-,fleet,MIN_DISTANCE_AVG,OK,10.587,,,0,robots_sampled=6
48.000,original,-,robot1,MIN_DISTANCE,OK,12.416,10.587,,0,nearest_robot=robot6
48.000,original,-,robot2,MIN_DISTANCE,OK,12.510,10.587,,0,nearest_robot=robot1
48.000,original,-,robot3,MIN_DISTANCE,OK,6.490,10.587,,0,nearest_robot=robot4
48.000,original,-,robot4,MIN_DISTANCE,OK,6.490,10.587,,0,nearest_robot=robot3
48.000,original,-,robot5,MIN_DISTANCE,OK,13.200,10.587,,0,nearest_robot=robot4
48.000,original,-,robot6,MIN_DISTANCE,OK,12.416,10.587,,0,nearest_robot=robot1
48.000,original,-,fleet,MIN_DISTANCE_AVG,OK,10.587,,,0,robots_sampled=6
49.000,original,-,robot1,MIN_DISTANCE,OK,12.416,10.583,,0,nearest_robot=robot6
49.000,original,-,robot2,MIN_DISTANCE,OK,12.484,10.583,,0,nearest_robot=robot1
49.000,original,-,robot3,MIN_DISTANCE,OK,6.490,10.583,,0,nearest_robot=robot4
49.000,original,-,robot4,MIN_DISTANCE,OK,6.490,10.583,,0,nearest_robot=robot3
49.000,original,-,robot5,MIN_DISTANCE,OK,13.200,10.583,,0,nearest_robot=robot4
49.000,original,-,robot6,MIN_DISTANCE,OK,12.416,10.583,,0,nearest_robot=robot1
49.000,original,-,fleet,MIN_DISTANCE_AVG,OK,10.583,,,0,robots_sampled=6
49.500,original,-,fleet,REPLAN_FULL,OK,,,robot1|robot2|robot3|robot4|robot5|robot6,0,original_full_optimization
50.000,original,-,robot1,MIN_DISTANCE,OK,12.389,10.562,,0,nearest_robot=robot2
50.000,original,-,robot2,MIN_DISTANCE,OK,12.389,10.562,,0,nearest_robot=robot1
50.000,original,-,robot3,MIN_DISTANCE,OK,6.490,10.562,,0,nearest_robot=robot4
50.000,original,-,robot4,MIN_DISTANCE,OK,6.490,10.562,,0,nearest_robot=robot3
50.000,original,-,robot5,MIN_DISTANCE,OK,13.200,10.562,,0,nearest_robot=robot4
50.000,original,-,robot6,MIN_DISTANCE,OK,12.416,10.562,,0,nearest_robot=robot1
50.000,original,-,fleet,MIN_DISTANCE_AVG,OK,10.562,,,0,robots_sampled=6
51.000,original,-,robot1,MIN_DISTANCE,OK,12.416,10.605,,0,nearest_robot=robot6
51.000,original,-,robot2,MIN_DISTANCE,OK,12.616,10.605,,0,nearest_robot=robot1
51.000,original,-,robot3,MIN_DISTANCE,OK,6.490,10.605,,0,nearest_robot=robot4
51.000,original,-,robot4,MIN_DISTANCE,OK,6.490,10.605,,0,nearest_robot=robot3
51.000,original,-,robot5,MIN_DISTANCE,OK,13.200,10.605,,0,nearest_robot=robot4
51.000,original,-,robot6,MIN_DISTANCE,OK,12.416,10.605,,0,nearest_robot=robot1
51.000,original,-,fleet,MIN_DISTANCE_AVG,OK,10.605,,,0,robots_sampled=6
52.000,original,-,robot1,MIN_DISTANCE,OK,12.416,10.638,,0,nearest_robot=robot6
52.000,original,-,robot2,MIN_DISTANCE,OK,12.817,10.638,,0,nearest_robot=robot1
52.000,original,-,robot3,MIN_DISTANCE,OK,6.490,10.638,,0,nearest_robot=robot4
52.000,original,-,robot4,MIN_DISTANCE,OK,6.490,10.638,,0,nearest_robot=robot3
52.000,original,-,robot5,MIN_DISTANCE,OK,13.200,10.638,,0,nearest_robot=robot4
52.000,original,-,robot6,MIN_DISTANCE,OK,12.416,10.638,,0,nearest_robot=robot1
52.000,original,-,fleet,MIN_DISTANCE_AVG,OK,10.638,,,0,robots_sampled=6
53.000,original,-,robot1,MIN_DISTANCE,OK,12.416,10.665,,0,nearest_robot=robot6
53.000,original,-,robot2,MIN_DISTANCE,OK,12.976,10.665,,0,nearest_robot=robot1
53.000,original,-,robot3,MIN_DISTANCE,OK,6.490,10.665,,0,nearest_robot=robot4
53.000,original,-,robot4,MIN_DISTANCE,OK,6.490,10.665,,0,nearest_robot=robot3
53.000,original,-,robot5,MIN_DISTANCE,OK,13.200,10.665,,0,nearest_robot=robot4
53.000,original,-,robot6,MIN_DISTANCE,OK,12.416,10.665,,0,nearest_robot=robot1
53.000,original,-,fleet,MIN_DISTANCE_AVG,OK,10.665,,,0,robots_sampled=6
54.000,original,-,robot1,MIN_DISTANCE,OK,12.416,10.684,,0,nearest_robot=robot6
54.000,original,-,robot2,MIN_DISTANCE,OK,13.093,10.684,,0,nearest_robot=robot1
54.000,original,-,robot3,MIN_DISTANCE,OK,6.490,10.684,,0,nearest_robot=robot4
54.000,original,-,robot4,MIN_DISTANCE,OK,6.490,10.684,,0,nearest_robot=robot3
54.000,original,-,robot5,MIN_DISTANCE,OK,13.200,10.684,,0,nearest_robot=robot4
54.000,original,-,robot6,MIN_DISTANCE,OK,12.416,10.684,,0,nearest_robot=robot1
54.000,original,-,fleet,MIN_DISTANCE_AVG,OK,10.684,,,0,robots_sampled=6
55.000,original,-,robot1,MIN_DISTANCE,OK,12.416,10.661,,0,nearest_robot=robot6
55.000,original,-,robot2,MIN_DISTANCE,OK,12.953,10.661,,0,nearest_robot=robot3
55.000,original,-,robot3,MIN_DISTANCE,OK,6.490,10.661,,0,nearest_robot=robot4
55.000,original,-,robot4,MIN_DISTANCE,OK,6.490,10.661,,0,nearest_robot=robot3
55.000,original,-,robot5,MIN_DISTANCE,OK,13.200,10.661,,0,nearest_robot=robot4
55.000,original,-,robot6,MIN_DISTANCE,OK,12.416,10.661,,0,nearest_robot=robot1
55.000,original,-,fleet,MIN_DISTANCE_AVG,OK,10.661,,,0,robots_sampled=6
56.000,original,-,robot1,MIN_DISTANCE,OK,12.416,10.633,,0,nearest_robot=robot6
56.000,original,-,robot2,MIN_DISTANCE,OK,12.786,10.633,,0,nearest_robot=robot3
56.000,original,-,robot3,MIN_DISTANCE,OK,6.490,10.633,,0,nearest_robot=robot4
56.000,original,-,robot4,MIN_DISTANCE,OK,6.490,10.633,,0,nearest_robot=robot3
56.000,original,-,robot5,MIN_DISTANCE,OK,13.200,10.633,,0,nearest_robot=robot4
56.000,original,-,robot6,MIN_DISTANCE,OK,12.416,10.633,,0,nearest_robot=robot1
56.000,original,-,fleet,MIN_DISTANCE_AVG,OK,10.633,,,0,robots_sampled=6
57.000,original,-,robot1,MIN_DISTANCE,OK,12.416,10.623,,0,nearest_robot=robot6
57.000,original,-,robot2,MIN_DISTANCE,OK,12.726,10.623,,0,nearest_robot=robot3
57.000,original,-,robot3,MIN_DISTANCE,OK,6.490,10.623,,0,nearest_robot=robot4
57.000,original,-,robot4,MIN_DISTANCE,OK,6.490,10.623,,0,nearest_robot=robot3
57.000,original,-,robot5,MIN_DISTANCE,OK,13.200,10.623,,0,nearest_robot=robot4
57.000,original,-,robot6,MIN_DISTANCE,OK,12.416,10.623,,0,nearest_robot=robot1
57.000,original,-,fleet,MIN_DISTANCE_AVG,OK,10.623,,,0,robots_sampled=6
58.000,original,-,robot1,MIN_DISTANCE,OK,12.416,10.628,,0,nearest_robot=robot6
58.000,original,-,robot2,MIN_DISTANCE,OK,12.753,10.628,,0,nearest_robot=robot3
58.000,original,-,robot3,MIN_DISTANCE,OK,6.490,10.628,,0,nearest_robot=robot4
58.000,original,-,robot4,MIN_DISTANCE,OK,6.490,10.628,,0,nearest_robot=robot3
58.000,original,-,robot5,MIN_DISTANCE,OK,13.200,10.628,,0,nearest_robot=robot4
58.000,original,-,robot6,MIN_DISTANCE,OK,12.416,10.628,,0,nearest_robot=robot1
58.000,original,-,fleet,MIN_DISTANCE_AVG,OK,10.628,,,0,robots_sampled=6
59.000,original,-,robot1,MIN_DISTANCE,OK,12.416,10.629,,0,nearest_robot=robot6
59.000,original,-,robot2,MIN_DISTANCE,OK,12.762,10.629,,0,nearest_robot=robot1
59.000,original,-,robot3,MIN_DISTANCE,OK,6.490,10.629,,0,nearest_robot=robot4
59.000,original,-,robot4,MIN_DISTANCE,OK,6.490,10.629,,0,nearest_robot=robot3
59.000,original,-,robot5,MIN_DISTANCE,OK,13.200,10.629,,0,nearest_robot=robot4
59.000,original,-,robot6,MIN_DISTANCE,OK,12.416,10.629,,0,nearest_robot=robot1
59.000,original,-,fleet,MIN_DISTANCE_AVG,OK,10.629,,,0,robots_sampled=6
60.000,original,-,robot1,MIN_DISTANCE,OK,12.416,10.603,,0,nearest_robot=robot6
60.000,original,-,robot2,MIN_DISTANCE,OK,12.607,10.603,,0,nearest_robot=robot1
60.000,original,-,robot3,MIN_DISTANCE,OK,6.490,10.603,,0,nearest_robot=robot4
60.000,original,-,robot4,MIN_DISTANCE,OK,6.490,10.603,,0,nearest_robot=robot3
60.000,original,-,robot5,MIN_DISTANCE,OK,13.200,10.603,,0,nearest_robot=robot4
60.000,original,-,robot6,MIN_DISTANCE,OK,12.416,10.603,,0,nearest_robot=robot1
60.000,original,-,fleet,MIN_DISTANCE_AVG,OK,10.603,,,0,robots_sampled=6
61.000,original,-,robot1,MIN_DISTANCE,OK,12.416,10.579,,0,nearest_robot=robot6
61.000,original,-,robot2,MIN_DISTANCE,OK,12.464,10.579,,0,nearest_robot=robot1
61.000,original,-,robot3,MIN_DISTANCE,OK,6.490,10.579,,0,nearest_robot=robot4
61.000,original,-,robot4,MIN_DISTANCE,OK,6.490,10.579,,0,nearest_robot=robot3
61.000,original,-,robot5,MIN_DISTANCE,OK,13.200,10.579,,0,nearest_robot=robot4
61.000,original,-,robot6,MIN_DISTANCE,OK,12.416,10.579,,0,nearest_robot=robot1
61.000,original,-,fleet,MIN_DISTANCE_AVG,OK,10.579,,,0,robots_sampled=6
62.000,original,-,robot1,MIN_DISTANCE,OK,12.302,10.533,,0,nearest_robot=robot2
62.000,original,-,robot2,MIN_DISTANCE,OK,12.302,10.533,,0,nearest_robot=robot1
62.000,original,-,robot3,MIN_DISTANCE,OK,6.490,10.533,,0,nearest_robot=robot4
62.000,original,-,robot4,MIN_DISTANCE,OK,6.490,10.533,,0,nearest_robot=robot3
62.000,original,-,robot5,MIN_DISTANCE,OK,13.200,10.533,,0,nearest_robot=robot4
62.000,original,-,robot6,MIN_DISTANCE,OK,12.416,10.533,,0,nearest_robot=robot1
62.000,original,-,fleet,MIN_DISTANCE_AVG,OK,10.533,,,0,robots_sampled=6
63.000,original,-,robot1,MIN_DISTANCE,OK,12.284,10.528,,0,nearest_robot=robot2
63.000,original,-,robot2,MIN_DISTANCE,OK,12.284,10.528,,0,nearest_robot=robot1
63.000,original,-,robot3,MIN_DISTANCE,OK,6.490,10.528,,0,nearest_robot=robot4
63.000,original,-,robot4,MIN_DISTANCE,OK,6.490,10.528,,0,nearest_robot=robot3
63.000,original,-,robot5,MIN_DISTANCE,OK,13.200,10.528,,0,nearest_robot=robot4
63.000,original,-,robot6,MIN_DISTANCE,OK,12.416,10.528,,0,nearest_robot=robot1
63.000,original,-,fleet,MIN_DISTANCE_AVG,OK,10.528,,,0,robots_sampled=6
64.000,original,-,robot1,MIN_DISTANCE,OK,12.324,10.541,,0,nearest_robot=robot2
64.000,original,-,robot2,MIN_DISTANCE,OK,12.324,10.541,,0,nearest_robot=robot1
64.000,original,-,robot3,MIN_DISTANCE,OK,6.490,10.541,,0,nearest_robot=robot4
64.000,original,-,robot4,MIN_DISTANCE,OK,6.490,10.541,,0,nearest_robot=robot3
64.000,original,-,robot5,MIN_DISTANCE,OK,13.200,10.541,,0,nearest_robot=robot4
64.000,original,-,robot6,MIN_DISTANCE,OK,12.416,10.541,,0,nearest_robot=robot1
64.000,original,-,fleet,MIN_DISTANCE_AVG,OK,10.541,,,0,robots_sampled=6
65.000,original,-,robot1,MIN_DISTANCE,OK,12.368,10.555,,0,nearest_robot=robot2
65.000,original,-,robot2,MIN_DISTANCE,OK,12.368,10.555,,0,nearest_robot=robot1
65.000,original,-,robot3,MIN_DISTANCE,OK,6.490,10.555,,0,nearest_robot=robot4
65.000,original,-,robot4,MIN_DISTANCE,OK,6.490,10.555,,0,nearest_robot=robot3
65.000,original,-,robot5,MIN_DISTANCE,OK,13.200,10.555,,0,nearest_robot=robot4
65.000,original,-,robot6,MIN_DISTANCE,OK,12.416,10.555,,0,nearest_robot=robot1
65.000,original,-,fleet,MIN_DISTANCE_AVG,OK,10.555,,,0,robots_sampled=6
66.000,original,-,robot1,MIN_DISTANCE,OK,12.376,10.558,,0,nearest_robot=robot2
66.000,original,-,robot2,MIN_DISTANCE,OK,12.376,10.558,,0,nearest_robot=robot1
66.000,original,-,robot3,MIN_DISTANCE,OK,6.490,10.558,,0,nearest_robot=robot4
66.000,original,-,robot4,MIN_DISTANCE,OK,6.490,10.558,,0,nearest_robot=robot3
66.000,original,-,robot5,MIN_DISTANCE,OK,13.200,10.558,,0,nearest_robot=robot4
66.000,original,-,robot6,MIN_DISTANCE,OK,12.416,10.558,,0,nearest_robot=robot1
66.000,original,-,fleet,MIN_DISTANCE_AVG,OK,10.558,,,0,robots_sampled=6
67.000,original,-,robot1,MIN_DISTANCE,OK,12.376,10.558,,0,nearest_robot=robot2
67.000,original,-,robot2,MIN_DISTANCE,OK,12.376,10.558,,0,nearest_robot=robot1
67.000,original,-,robot3,MIN_DISTANCE,OK,6.490,10.558,,0,nearest_robot=robot4
67.000,original,-,robot4,MIN_DISTANCE,OK,6.490,10.558,,0,nearest_robot=robot3
67.000,original,-,robot5,MIN_DISTANCE,OK,13.200,10.558,,0,nearest_robot=robot4
67.000,original,-,robot6,MIN_DISTANCE,OK,12.416,10.558,,0,nearest_robot=robot1
67.000,original,-,fleet,MIN_DISTANCE_AVG,OK,10.558,,,0,robots_sampled=6
68.000,original,-,robot1,MIN_DISTANCE,OK,12.376,10.558,,0,nearest_robot=robot2
68.000,original,-,robot2,MIN_DISTANCE,OK,12.376,10.558,,0,nearest_robot=robot1
68.000,original,-,robot3,MIN_DISTANCE,OK,6.490,10.558,,0,nearest_robot=robot4
68.000,original,-,robot4,MIN_DISTANCE,OK,6.490,10.558,,0,nearest_robot=robot3
68.000,original,-,robot5,MIN_DISTANCE,OK,13.200,10.558,,0,nearest_robot=robot4
68.000,original,-,robot6,MIN_DISTANCE,OK,12.416,10.558,,0,nearest_robot=robot1
68.000,original,-,fleet,MIN_DISTANCE_AVG,OK,10.558,,,0,robots_sampled=6
69.000,original,-,robot1,MIN_DISTANCE,OK,12.376,10.558,,0,nearest_robot=robot2
69.000,original,-,robot2,MIN_DISTANCE,OK,12.376,10.558,,0,nearest_robot=robot1
69.000,original,-,robot3,MIN_DISTANCE,OK,6.490,10.558,,0,nearest_robot=robot4
69.000,original,-,robot4,MIN_DISTANCE,OK,6.490,10.558,,0,nearest_robot=robot3
69.000,original,-,robot5,MIN_DISTANCE,OK,13.200,10.558,,0,nearest_robot=robot4
69.000,original,-,robot6,MIN_DISTANCE,OK,12.416,10.558,,0,nearest_robot=robot1
69.000,original,-,fleet,MIN_DISTANCE_AVG,OK,10.558,,,0,robots_sampled=6
70.000,original,-,robot1,MIN_DISTANCE,OK,12.376,10.558,,0,nearest_robot=robot2
70.000,original,-,robot2,MIN_DISTANCE,OK,12.376,10.558,,0,nearest_robot=robot1
70.000,original,-,robot3,MIN_DISTANCE,OK,6.490,10.558,,0,nearest_robot=robot4
70.000,original,-,robot4,MIN_DISTANCE,OK,6.490,10.558,,0,nearest_robot=robot3
70.000,original,-,robot5,MIN_DISTANCE,OK,13.200,10.558,,0,nearest_robot=robot4
70.000,original,-,robot6,MIN_DISTANCE,OK,12.416,10.558,,0,nearest_robot=robot1
70.000,original,-,fleet,MIN_DISTANCE_AVG,OK,10.558,,,0,robots_sampled=6
71.000,original,-,robot1,MIN_DISTANCE,OK,12.376,10.558,,0,nearest_robot=robot2
71.000,original,-,robot2,MIN_DISTANCE,OK,12.376,10.558,,0,nearest_robot=robot1
71.000,original,-,robot3,MIN_DISTANCE,OK,6.490,10.558,,0,nearest_robot=robot4
71.000,original,-,robot4,MIN_DISTANCE,OK,6.490,10.558,,0,nearest_robot=robot3
71.000,original,-,robot5,MIN_DISTANCE,OK,13.200,10.558,,0,nearest_robot=robot4
71.000,original,-,robot6,MIN_DISTANCE,OK,12.416,10.558,,0,nearest_robot=robot1
71.000,original,-,fleet,MIN_DISTANCE_AVG,OK,10.558,,,0,robots_sampled=6
72.000,original,-,robot1,MIN_DISTANCE,OK,12.376,10.558,,0,nearest_robot=robot2
72.000,original,-,robot2,MIN_DISTANCE,OK,12.376,10.558,,0,nearest_robot=robot1
72.000,original,-,robot3,MIN_DISTANCE,OK,6.490,10.558,,0,nearest_robot=robot4
72.000,original,-,robot4,MIN_DISTANCE,OK,6.490,10.558,,0,nearest_robot=robot3
72.000,original,-,robot5,MIN_DISTANCE,OK,13.200,10.558,,0,nearest_robot=robot4
72.000,original,-,robot6,MIN_DISTANCE,OK,12.416,10.558,,0,nearest_robot=robot1
72.000,original,-,fleet,MIN_DISTANCE_AVG,OK,10.558,,,0,robots_sampled=6
73.000,original,-,robot1,MIN_DISTANCE,OK,12.376,10.558,,0,nearest_robot=robot2
73.000,original,-,robot2,MIN_DISTANCE,OK,12.376,10.558,,0,nearest_robot=robot1
73.000,original,-,robot3,MIN_DISTANCE,OK,6.490,10.558,,0,nearest_robot=robot4
73.000,original,-,robot4,MIN_DISTANCE,OK,6.490,10.558,,0,nearest_robot=robot3
73.000,original,-,robot5,MIN_DISTANCE,OK,13.200,10.558,,0,nearest_robot=robot4
73.000,original,-,robot6,MIN_DISTANCE,OK,12.416,10.558,,0,nearest_robot=robot1
73.000,original,-,fleet,MIN_DISTANCE_AVG,OK,10.558,,,0,robots_sampled=6
74.000,original,-,robot1,MIN_DISTANCE,OK,12.376,10.558,,0,nearest_robot=robot2
74.000,original,-,robot2,MIN_DISTANCE,OK,12.376,10.558,,0,nearest_robot=robot1
74.000,original,-,robot3,MIN_DISTANCE,OK,6.490,10.558,,0,nearest_robot=robot4
74.000,original,-,robot4,MIN_DISTANCE,OK,6.490,10.558,,0,nearest_robot=robot3
74.000,original,-,robot5,MIN_DISTANCE,OK,13.200,10.558,,0,nearest_robot=robot4
74.000,original,-,robot6,MIN_DISTANCE,OK,12.416,10.558,,0,nearest_robot=robot1
74.000,original,-,fleet,MIN_DISTANCE_AVG,OK,10.558,,,0,robots_sampled=6
75.000,original,-,fleet,REPLAN_FULL,OK,,,robot1|robot2|robot3|robot4|robot5|robot6,0,original_full_optimization
75.000,original,-,robot1,MIN_DISTANCE,OK,12.373,10.539,,0,nearest_robot=robot6
75.000,original,-,robot2,MIN_DISTANCE,OK,12.390,10.539,,0,nearest_robot=robot1
75.000,original,-,robot3,MIN_DISTANCE,OK,6.450,10.539,,0,nearest_robot=robot4
75.000,original,-,robot4,MIN_DISTANCE,OK,6.450,10.539,,0,nearest_robot=robot3
75.000,original,-,robot5,MIN_DISTANCE,OK,13.198,10.539,,0,nearest_robot=robot4
75.000,original,-,robot6,MIN_DISTANCE,OK,12.373,10.539,,0,nearest_robot=robot1
75.000,original,-,fleet,MIN_DISTANCE_AVG,OK,10.539,,,0,robots_sampled=6
76.000,original,-,robot1,MIN_DISTANCE,OK,12.280,10.484,,0,nearest_robot=robot6
76.000,original,-,robot2,MIN_DISTANCE,OK,12.484,10.484,,0,nearest_robot=robot1
76.000,original,-,robot3,MIN_DISTANCE,OK,6.326,10.484,,0,nearest_robot=robot4
76.000,original,-,robot4,MIN_DISTANCE,OK,6.326,10.484,,0,nearest_robot=robot3
76.000,original,-,robot5,MIN_DISTANCE,OK,13.206,10.484,,0,nearest_robot=robot4
76.000,original,-,robot6,MIN_DISTANCE,OK,12.280,10.484,,0,nearest_robot=robot1
76.000,original,-,fleet,MIN_DISTANCE_AVG,OK,10.484,,,0,robots_sampled=6
77.000,original,-,robot1,MIN_DISTANCE,OK,12.269,10.402,,0,nearest_robot=robot6
77.000,original,-,robot2,MIN_DISTANCE,OK,12.595,10.402,,0,nearest_robot=robot1
77.000,original,-,robot3,MIN_DISTANCE,OK,6.031,10.402,,0,nearest_robot=robot4
77.000,original,-,robot4,MIN_DISTANCE,OK,6.031,10.402,,0,nearest_robot=robot3
77.000,original,-,robot5,MIN_DISTANCE,OK,13.216,10.402,,0,nearest_robot=robot4
77.000,original,-,robot6,MIN_DISTANCE,OK,12.269,10.402,,0,nearest_robot=robot1
77.000,original,-,fleet,MIN_DISTANCE_AVG,OK,10.402,,,0,robots_sampled=6
78.000,original,-,robot1,MIN_DISTANCE,OK,12.368,10.175,,0,nearest_robot=robot6
78.000,original,-,robot2,MIN_DISTANCE,OK,12.385,10.175,,0,nearest_robot=robot6
78.000,original,-,robot3,MIN_DISTANCE,OK,5.460,10.175,,0,nearest_robot=robot4
78.000,original,-,robot4,MIN_DISTANCE,OK,5.460,10.175,,0,nearest_robot=robot3
78.000,original,-,robot5,MIN_DISTANCE,OK,13.010,10.175,,0,nearest_robot=robot4
78.000,original,-,robot6,MIN_DISTANCE,OK,12.368,10.175,,0,nearest_robot=robot1
78.000,original,-,fleet,MIN_DISTANCE_AVG,OK,10.175,,,0,robots_sampled=6
79.000,original,-,robot1,MIN_DISTANCE,OK,12.334,9.868,,0,nearest_robot=robot6
79.000,original,-,robot2,MIN_DISTANCE,OK,12.164,9.868,,0,nearest_robot=robot6
79.000,original,-,robot3,MIN_DISTANCE,OK,4.943,9.868,,0,nearest_robot=robot4
79.000,original,-,robot4,MIN_DISTANCE,OK,4.943,9.868,,0,nearest_robot=robot3
79.000,original,-,robot5,MIN_DISTANCE,OK,12.661,9.868,,0,nearest_robot=robot4
79.000,original,-,robot6,MIN_DISTANCE,OK,12.164,9.868,,0,nearest_robot=robot2
79.000,original,-,fleet,MIN_DISTANCE_AVG,OK,9.868,,,0,robots_sampled=6
80.000,original,-,robot1,MIN_DISTANCE,OK,12.176,9.509,,0,nearest_robot=robot6
80.000,original,-,robot2,MIN_DISTANCE,OK,11.824,9.509,,0,nearest_robot=robot6
80.000,original,-,robot3,MIN_DISTANCE,OK,4.543,9.509,,0,nearest_robot=robot4
80.000,original,-,robot4,MIN_DISTANCE,OK,4.543,9.509,,0,nearest_robot=robot3
80.000,original,-,robot5,MIN_DISTANCE,OK,12.142,9.509,,0,nearest_robot=robot4
80.000,original,-,robot6,MIN_DISTANCE,OK,11.824,9.509,,0,nearest_robot=robot2
80.000,original,-,fleet,MIN_DISTANCE_AVG,OK,9.509,,,0,robots_sampled=6
81.000,original,-,robot1,MIN_DISTANCE,OK,12.020,9.138,,0,nearest_robot=robot6
81.000,original,-,robot2,MIN_DISTANCE,OK,11.450,9.138,,0,nearest_robot=robot6
81.000,original,-,robot3,MIN_DISTANCE,OK,4.151,9.138,,0,nearest_robot=robot4
81.000,original,-,robot4,MIN_DISTANCE,OK,4.151,9.138,,0,nearest_robot=robot3
81.000,original,-,robot5,MIN_DISTANCE,OK,11.605,9.138,,0,nearest_robot=robot4
81.000,original,-,robot6,MIN_DISTANCE,OK,11.450,9.138,,0,nearest_robot=robot2
81.000,original,-,fleet,MIN_DISTANCE_AVG,OK,9.138,,,0,robots_sampled=6
82.000,original,-,robot1,MIN_DISTANCE,OK,11.881,8.758,,0,nearest_robot=robot6
82.000,original,-,robot2,MIN_DISTANCE,OK,11.108,8.758,,0,nearest_robot=robot6
82.000,original,-,robot3,MIN_DISTANCE,OK,3.647,8.758,,0,nearest_robot=robot4
82.000,original,-,robot4,MIN_DISTANCE,OK,3.647,8.758,,0,nearest_robot=robot3
82.000,original,-,robot5,MIN_DISTANCE,OK,11.159,8.758,,0,nearest_robot=robot4
82.000,original,-,robot6,MIN_DISTANCE,OK,11.108,8.758,,0,nearest_robot=robot2
82.000,original,-,fleet,MIN_DISTANCE_AVG,OK,8.758,,,0,robots_sampled=6
83.000,original,-,robot1,MIN_DISTANCE,OK,11.858,8.435,,0,nearest_robot=robot6
83.000,original,-,robot2,MIN_DISTANCE,OK,10.769,8.435,,0,nearest_robot=robot6
83.000,original,-,robot3,MIN_DISTANCE,OK,3.246,8.435,,0,nearest_robot=robot4
83.000,original,-,robot4,MIN_DISTANCE,OK,3.246,8.435,,0,nearest_robot=robot3
83.000,original,-,robot5,MIN_DISTANCE,OK,10.726,8.435,,0,nearest_robot=robot4
83.000,original,-,robot6,MIN_DISTANCE,OK,10.769,8.435,,0,nearest_robot=robot2
83.000,original,-,fleet,MIN_DISTANCE_AVG,OK,8.435,,,0,robots_sampled=6
84.000,original,-,robot1,MIN_DISTANCE,OK,12.018,8.251,,0,nearest_robot=robot6
84.000,original,-,robot2,MIN_DISTANCE,OK,10.593,8.251,,0,nearest_robot=robot6
84.000,original,-,robot3,MIN_DISTANCE,OK,2.947,8.251,,0,nearest_robot=robot4
84.000,original,-,robot4,MIN_DISTANCE,OK,2.947,8.251,,0,nearest_robot=robot3
84.000,original,-,robot5,MIN_DISTANCE,OK,10.409,8.251,,0,nearest_robot=robot4
84.000,original,-,robot6,MIN_DISTANCE,OK,10.593,8.251,,0,nearest_robot=robot2
84.000,original,-,fleet,MIN_DISTANCE_AVG,OK,8.251,,,0,robots_sampled=6
85.000,original,-,robot1,MIN_DISTANCE,OK,12.292,8.163,,0,nearest_robot=robot6
85.000,original,-,robot2,MIN_DISTANCE,OK,10.498,8.163,,0,nearest_robot=robot6
85.000,original,-,robot3,MIN_DISTANCE,OK,2.743,8.163,,0,nearest_robot=robot4
85.000,original,-,robot4,MIN_DISTANCE,OK,2.743,8.163,,0,nearest_robot=robot3
85.000,original,-,robot5,MIN_DISTANCE,OK,10.202,8.163,,0,nearest_robot=robot4
85.000,original,-,robot6,MIN_DISTANCE,OK,10.498,8.163,,0,nearest_robot=robot2
85.000,original,-,fleet,MIN_DISTANCE_AVG,OK,8.163,,,0,robots_sampled=6
86.000,original,-,robot1,MIN_DISTANCE,OK,12.616,8.119,,0,nearest_robot=robot6
86.000,original,-,robot2,MIN_DISTANCE,OK,10.486,8.119,,0,nearest_robot=robot6
86.000,original,-,robot3,MIN_DISTANCE,OK,2.609,8.119,,0,nearest_robot=robot4
86.000,original,-,robot4,MIN_DISTANCE,OK,2.609,8.119,,0,nearest_robot=robot3
86.000,original,-,robot5,MIN_DISTANCE,OK,10.031,8.119,,0,nearest_robot=robot4
86.000,original,-,robot6,MIN_DISTANCE,OK,10.361,8.119,,0,nearest_robot=robot5
86.000,original,-,fleet,MIN_DISTANCE_AVG,OK,8.119,,,0,robots_sampled=6
87.000,original,-,robot1,MIN_DISTANCE,OK,13.009,7.934,,0,nearest_robot=robot6
87.000,original,-,robot2,MIN_DISTANCE,OK,10.501,7.934,,0,nearest_robot=robot6
87.000,original,-,robot3,MIN_DISTANCE,OK,2.554,7.934,,0,nearest_robot=robot4
87.000,original,-,robot4,MIN_DISTANCE,OK,2.554,7.934,,0,nearest_robot=robot3
87.000,original,-,robot5,MIN_DISTANCE,OK,9.493,7.934,,0,nearest_robot=robot6
87.000,original,-,robot6,MIN_DISTANCE,OK,9.493,7.934,,0,nearest_robot=robot5
87.000,original,-,fleet,MIN_DISTANCE_AVG,OK,7.934,,,0,robots_sampled=6
88.000,original,-,robot1,MIN_DISTANCE,OK,13.464,7.717,,0,nearest_robot=robot6
88.000,original,-,robot2,MIN_DISTANCE,OK,10.534,7.717,,0,nearest_robot=robot6
88.000,original,-,robot3,MIN_DISTANCE,OK,2.567,7.717,,0,nearest_robot=robot4
88.000,original,-,robot4,MIN_DISTANCE,OK,2.567,7.717,,0,nearest_robot=robot3
88.000,original,-,robot5,MIN_DISTANCE,OK,8.584,7.717,,0,nearest_robot=robot6
88.000,original,-,robot6,MIN_DISTANCE,OK,8.584,7.717,,0,nearest_robot=robot5
88.000,original,-,fleet,MIN_DISTANCE_AVG,OK,7.717,,,0,robots_sampled=6
89.000,original,-,robot1,MIN_DISTANCE,OK,14.135,7.545,,0,nearest_robot=robot6
89.000,original,-,robot2,MIN_DISTANCE,OK,10.576,7.545,,0,nearest_robot=robot6
89.000,original,-,robot3,MIN_DISTANCE,OK,2.615,7.545,,0,nearest_robot=robot4
89.000,original,-,robot4,MIN_DISTANCE,OK,2.615,7.545,,0,nearest_robot=robot3
89.000,original,-,robot5,MIN_DISTANCE,OK,7.664,7.545,,0,nearest_robot=robot6
89.000,original,-,robot6,MIN_DISTANCE,OK,7.664,7.545,,0,nearest_robot=robot5
89.000,original,-,fleet,MIN_DISTANCE_AVG,OK,7.545,,,0,robots_sampled=6
90.000,original,-,robot1,MIN_DISTANCE,OK,14.847,7.403,,0,nearest_robot=robot2
90.000,original,-,robot2,MIN_DISTANCE,OK,10.624,7.403,,0,nearest_robot=robot6
90.000,original,-,robot3,MIN_DISTANCE,OK,2.716,7.403,,0,nearest_robot=robot4
90.000,original,-,robot4,MIN_DISTANCE,OK,2.716,7.403,,0,nearest_robot=robot3
90.000,original,-,robot5,MIN_DISTANCE,OK,6.756,7.403,,0,nearest_robot=robot6
90.000,original,-,robot6,MIN_DISTANCE,OK,6.756,7.403,,0,nearest_robot=robot5
90.000,original,-,fleet,MIN_DISTANCE_AVG,OK,7.403,,,0,robots_sampled=6
91.000,original,-,robot1,MIN_DISTANCE,OK,15.255,7.279,,0,nearest_robot=robot2
91.000,original,-,robot2,MIN_DISTANCE,OK,10.664,7.279,,0,nearest_robot=robot6
91.000,original,-,robot3,MIN_DISTANCE,OK,2.870,7.279,,0,nearest_robot=robot4
91.000,original,-,robot4,MIN_DISTANCE,OK,2.870,7.279,,0,nearest_robot=robot3
91.000,original,-,robot5,MIN_DISTANCE,OK,6.008,7.279,,0,nearest_robot=robot6
91.000,original,-,robot6,MIN_DISTANCE,OK,6.008,7.279,,0,nearest_robot=robot5
91.000,original,-,fleet,MIN_DISTANCE_AVG,OK,7.279,,,0,robots_sampled=6
92.000,original,-,robot1,MIN_DISTANCE,OK,15.597,7.231,,0,nearest_robot=robot2
92.000,original,-,robot2,MIN_DISTANCE,OK,10.628,7.231,,0,nearest_robot=robot6
92.000,original,-,robot3,MIN_DISTANCE,OK,3.077,7.231,,0,nearest_robot=robot4
92.000,original,-,robot4,MIN_DISTANCE,OK,3.077,7.231,,0,nearest_robot=robot3
92.000,original,-,robot5,MIN_DISTANCE,OK,5.503,7.231,,0,nearest_robot=robot6
92.000,original,-,robot6,MIN_DISTANCE,OK,5.503,7.231,,0,nearest_robot=robot5
92.000,original,-,fleet,MIN_DISTANCE_AVG,OK,7.231,,,0,robots_sampled=6
93.000,original,-,robot1,MIN_DISTANCE,OK,15.938,7.233,,0,nearest_robot=robot2
93.000,original,-,robot2,MIN_DISTANCE,OK,10.653,7.233,,0,nearest_robot=robot6
93.000,original,-,robot3,MIN_DISTANCE,OK,3.321,7.233,,0,nearest_robot=robot4
93.000,original,-,robot4,MIN_DISTANCE,OK,3.321,7.233,,0,nearest_robot=robot3
93.000,original,-,robot5,MIN_DISTANCE,OK,5.082,7.233,,0,nearest_robot=robot6
93.000,original,-,robot6,MIN_DISTANCE,OK,5.082,7.233,,0,nearest_robot=robot5
93.000,original,-,fleet,MIN_DISTANCE_AVG,OK,7.233,,,0,robots_sampled=6
94.000,original,-,robot1,MIN_DISTANCE,OK,16.233,7.234,,0,nearest_robot=robot2
94.000,original,-,robot2,MIN_DISTANCE,OK,10.675,7.234,,0,nearest_robot=robot6
94.000,original,-,robot3,MIN_DISTANCE,OK,3.560,7.234,,0,nearest_robot=robot4
94.000,original,-,robot4,MIN_DISTANCE,OK,3.560,7.234,,0,nearest_robot=robot3
94.000,original,-,robot5,MIN_DISTANCE,OK,4.687,7.234,,0,nearest_robot=robot6
94.000,original,-,robot6,MIN_DISTANCE,OK,4.687,7.234,,0,nearest_robot=robot5
94.000,original,-,fleet,MIN_DISTANCE_AVG,OK,7.234,,,0,robots_sampled=6
95.000,original,-,robot1,MIN_DISTANCE,OK,16.528,7.253,,0,nearest_robot=robot2
95.000,original,-,robot2,MIN_DISTANCE,OK,10.715,7.253,,0,nearest_robot=robot6
95.000,original,-,robot3,MIN_DISTANCE,OK,3.874,7.253,,0,nearest_robot=robot4
95.000,original,-,robot4,MIN_DISTANCE,OK,3.874,7.253,,0,nearest_robot=robot3
95.000,original,-,robot5,MIN_DISTANCE,OK,4.262,7.253,,0,nearest_robot=robot6
95.000,original,-,robot6,MIN_DISTANCE,OK,4.262,7.253,,0,nearest_robot=robot5
95.000,original,-,fleet,MIN_DISTANCE_AVG,OK,7.253,,,0,robots_sampled=6
96.000,original,-,robot1,MIN_DISTANCE,OK,16.768,7.197,,0,nearest_robot=robot2
96.000,original,-,robot2,MIN_DISTANCE,OK,10.431,7.197,,0,nearest_robot=robot4
96.000,original,-,robot3,MIN_DISTANCE,OK,4.172,7.197,,0,nearest_robot=robot4
96.000,original,-,robot4,MIN_DISTANCE,OK,4.172,7.197,,0,nearest_robot=robot3
96.000,original,-,robot5,MIN_DISTANCE,OK,3.818,7.197,,0,nearest_robot=robot6
96.000,original,-,robot6,MIN_DISTANCE,OK,3.818,7.197,,0,nearest_robot=robot5
96.000,original,-,fleet,MIN_DISTANCE_AVG,OK,7.197,,,0,robots_sampled=6
97.000,original,-,robot1,MIN_DISTANCE,OK,17.037,7.129,,0,nearest_robot=robot2
97.000,original,-,robot2,MIN_DISTANCE,OK,9.997,7.129,,0,nearest_robot=robot4
97.000,original,-,robot3,MIN_DISTANCE,OK,4.458,7.129,,0,nearest_robot=robot4
97.000,original,-,robot4,MIN_DISTANCE,OK,4.458,7.129,,0,nearest_robot=robot3
97.000,original,-,robot5,MIN_DISTANCE,OK,3.412,7.129,,0,nearest_robot=robot6
97.000,original,-,robot6,MIN_DISTANCE,OK,3.412,7.129,,0,nearest_robot=robot5
97.000,original,-,fleet,MIN_DISTANCE_AVG,OK,7.129,,,0,robots_sampled=6
98.000,original,-,robot1,MIN_DISTANCE,OK,17.256,7.066,,0,nearest_robot=robot2
98.000,original,-,robot2,MIN_DISTANCE,OK,9.553,7.066,,0,nearest_robot=robot4
98.000,original,-,robot3,MIN_DISTANCE,OK,4.782,7.066,,0,nearest_robot=robot4
98.000,original,-,robot4,MIN_DISTANCE,OK,4.782,7.066,,0,nearest_robot=robot3
98.000,original,-,robot5,MIN_DISTANCE,OK,3.012,7.066,,0,nearest_robot=robot6
98.000,original,-,robot6,MIN_DISTANCE,OK,3.012,7.066,,0,nearest_robot=robot5
98.000,original,-,fleet,MIN_DISTANCE_AVG,OK,7.066,,,0,robots_sampled=6
99.000,original,-,robot1,MIN_DISTANCE,OK,17.439,7.012,,0,nearest_robot=robot2
99.000,original,-,robot2,MIN_DISTANCE,OK,9.128,7.012,,0,nearest_robot=robot4
99.000,original,-,robot3,MIN_DISTANCE,OK,5.110,7.012,,0,nearest_robot=robot4
99.000,original,-,robot4,MIN_DISTANCE,OK,5.110,7.012,,0,nearest_robot=robot3
99.000,original,-,robot5,MIN_DISTANCE,OK,2.643,7.012,,0,nearest_robot=robot6
99.000,original,-,robot6,MIN_DISTANCE,OK,2.643,7.012,,0,nearest_robot=robot5
99.000,original,-,fleet,MIN_DISTANCE_AVG,OK,7.012,,,0,robots_sampled=6
100.000,original,-,robot1,MIN_DISTANCE,OK,17.663,6.973,,0,nearest_robot=robot2
100.000,original,-,robot2,MIN_DISTANCE,OK,8.720,6.973,,0,nearest_robot=robot4
100.000,original,-,robot3,MIN_DISTANCE,OK,5.438,6.973,,0,nearest_robot=robot4
100.000,original,-,robot4,MIN_DISTANCE,OK,5.438,6.973,,0,nearest_robot=robot3
100.000,original,-,robot5,MIN_DISTANCE,OK,2.288,6.973,,0,nearest_robot=robot6
100.000,original,-,robot6,MIN_DISTANCE,OK,2.288,6.973,,0,nearest_robot=robot5
100.000,original,-,fleet,MIN_DISTANCE_AVG,OK,6.973,,,0,robots_sampled=6
100.500,original,-,fleet,REPLAN_FULL,OK,,,robot1|robot2|robot3|robot4|robot5|robot6,0,original_full_optimization
101.000,original,-,robot1,MIN_DISTANCE,OK,17.906,6.980,,0,nearest_robot=robot2
101.000,original,-,robot2,MIN_DISTANCE,OK,8.331,6.980,,0,nearest_robot=robot4
101.000,original,-,robot3,MIN_DISTANCE,OK,5.814,6.980,,0,nearest_robot=robot4
101.000,original,-,robot4,MIN_DISTANCE,OK,5.814,6.980,,0,nearest_robot=robot3
101.000,original,-,robot5,MIN_DISTANCE,OK,2.008,6.980,,0,nearest_robot=robot6
101.000,original,-,robot6,MIN_DISTANCE,OK,2.008,6.980,,0,nearest_robot=robot5
101.000,original,-,fleet,MIN_DISTANCE_AVG,OK,6.980,,,0,robots_sampled=6
102.000,original,-,robot1,MIN_DISTANCE,OK,18.005,7.006,,0,nearest_robot=robot2
102.000,original,-,robot2,MIN_DISTANCE,OK,8.130,7.006,,0,nearest_robot=robot4
102.000,original,-,robot3,MIN_DISTANCE,OK,6.194,7.006,,0,nearest_robot=robot4
102.000,original,-,robot4,MIN_DISTANCE,OK,6.194,7.006,,0,nearest_robot=robot3
102.000,original,-,robot5,MIN_DISTANCE,OK,1.755,7.006,,0,nearest_robot=robot6
102.000,original,-,robot6,MIN_DISTANCE,OK,1.755,7.006,,0,nearest_robot=robot5
102.000,original,-,fleet,MIN_DISTANCE_AVG,OK,7.006,,,0,robots_sampled=6
103.000,original,-,robot1,MIN_DISTANCE,OK,17.866,7.042,,0,nearest_robot=robot2
103.000,original,-,robot2,MIN_DISTANCE,OK,8.168,7.042,,0,nearest_robot=robot4
103.000,original,-,robot3,MIN_DISTANCE,OK,6.565,7.042,,0,nearest_robot=robot4
103.000,original,-,robot4,MIN_DISTANCE,OK,6.565,7.042,,0,nearest_robot=robot3
103.000,original,-,robot5,MIN_DISTANCE,OK,1.545,7.042,,0,nearest_robot=robot6
103.000,original,-,robot6,MIN_DISTANCE,OK,1.545,7.042,,0,nearest_robot=robot5
103.000,original,-,fleet,MIN_DISTANCE_AVG,OK,7.042,,,0,robots_sampled=6
104.000,original,-,robot1,MIN_DISTANCE,OK,17.681,7.092,,0,nearest_robot=robot2
104.000,original,-,robot2,MIN_DISTANCE,OK,8.222,7.092,,0,nearest_robot=robot4
104.000,original,-,robot3,MIN_DISTANCE,OK,6.924,7.092,,0,nearest_robot=robot4
104.000,original,-,robot4,MIN_DISTANCE,OK,6.924,7.092,,0,nearest_robot=robot3
104.000,original,-,robot5,MIN_DISTANCE,OK,1.400,7.092,,0,nearest_robot=robot6
104.000,original,-,robot6,MIN_DISTANCE,OK,1.400,7.092,,0,nearest_robot=robot5
104.000,original,-,fleet,MIN_DISTANCE_AVG,OK,7.092,,,0,robots_sampled=6
105.000,original,-,robot1,MIN_DISTANCE,OK,17.494,7.161,,0,nearest_robot=robot2
105.000,original,-,robot2,MIN_DISTANCE,OK,8.217,7.161,,0,nearest_robot=robot4
105.000,original,-,robot3,MIN_DISTANCE,OK,7.331,7.161,,0,nearest_robot=robot4
105.000,original,-,robot4,MIN_DISTANCE,OK,7.331,7.161,,0,nearest_robot=robot3
105.000,original,-,robot5,MIN_DISTANCE,OK,1.297,7.161,,0,nearest_robot=robot6
105.000,original,-,robot6,MIN_DISTANCE,OK,1.297,7.161,,0,nearest_robot=robot5
105.000,original,-,fleet,MIN_DISTANCE_AVG,OK,7.161,,,0,robots_sampled=6
106.000,original,-,robot1,MIN_DISTANCE,OK,17.268,7.261,,0,nearest_robot=robot2
106.000,original,-,robot2,MIN_DISTANCE,OK,8.249,7.261,,0,nearest_robot=robot4
106.000,original,-,robot3,MIN_DISTANCE,OK,7.719,7.261,,0,nearest_robot=robot4
106.000,original,-,robot4,MIN_DISTANCE,OK,7.719,7.261,,0,nearest_robot=robot3
106.000,original,-,robot5,MIN_DISTANCE,OK,1.304,7.261,,0,nearest_robot=robot6
106.000,original,-,robot6,MIN_DISTANCE,OK,1.304,7.261,,0,nearest_robot=robot5
106.000,original,-,fleet,MIN_DISTANCE_AVG,OK,7.261,,,0,robots_sampled=6
107.000,original,-,robot1,MIN_DISTANCE,OK,16.947,7.342,,0,nearest_robot=robot2
107.000,original,-,robot2,MIN_DISTANCE,OK,8.237,7.342,,0,nearest_robot=robot4
107.000,original,-,robot3,MIN_DISTANCE,OK,8.129,7.342,,0,nearest_robot=robot4
107.000,original,-,robot4,MIN_DISTANCE,OK,8.129,7.342,,0,nearest_robot=robot3
107.000,original,-,robot5,MIN_DISTANCE,OK,1.304,7.342,,0,nearest_robot=robot6
107.000,original,-,robot6,MIN_DISTANCE,OK,1.304,7.342,,0,nearest_robot=robot5
107.000,original,-,fleet,MIN_DISTANCE_AVG,OK,7.342,,,0,robots_sampled=6
108.000,original,-,robot1,MIN_DISTANCE,OK,16.532,7.361,,0,nearest_robot=robot2
108.000,original,-,robot2,MIN_DISTANCE,OK,8.239,7.361,,0,nearest_robot=robot4
108.000,original,-,robot3,MIN_DISTANCE,OK,8.545,7.361,,0,nearest_robot=robot4
108.000,original,-,robot4,MIN_DISTANCE,OK,8.239,7.361,,0,nearest_robot=robot2
108.000,original,-,robot5,MIN_DISTANCE,OK,1.304,7.361,,0,nearest_robot=robot6
108.000,original,-,robot6,MIN_DISTANCE,OK,1.304,7.361,,0,nearest_robot=robot5
108.000,original,-,fleet,MIN_DISTANCE_AVG,OK,7.361,,,0,robots_sampled=6
109.000,original,-,robot1,MIN_DISTANCE,OK,16.146,7.363,,0,nearest_robot=robot2
109.000,original,-,robot2,MIN_DISTANCE,OK,8.240,7.363,,0,nearest_robot=robot4
109.000,original,-,robot3,MIN_DISTANCE,OK,8.942,7.363,,0,nearest_robot=robot4
109.000,original,-,robot4,MIN_DISTANCE,OK,8.240,7.363,,0,nearest_robot=robot2
109.000,original,-,robot5,MIN_DISTANCE,OK,1.304,7.363,,0,nearest_robot=robot6
109.000,original,-,robot6,MIN_DISTANCE,OK,1.304,7.363,,0,nearest_robot=robot5
109.000,original,-,fleet,MIN_DISTANCE_AVG,OK,7.363,,,0,robots_sampled=6
110.000,original,-,robot1,MIN_DISTANCE,OK,15.767,7.357,,0,nearest_robot=robot2
110.000,original,-,robot2,MIN_DISTANCE,OK,8.193,7.357,,0,nearest_robot=robot4
110.000,original,-,robot3,MIN_DISTANCE,OK,9.381,7.357,,0,nearest_robot=robot4
110.000,original,-,robot4,MIN_DISTANCE,OK,8.193,7.357,,0,nearest_robot=robot2
110.000,original,-,robot5,MIN_DISTANCE,OK,1.304,7.357,,0,nearest_robot=robot6
110.000,original,-,robot6,MIN_DISTANCE,OK,1.304,7.357,,0,nearest_robot=robot5
110.000,original,-,fleet,MIN_DISTANCE_AVG,OK,7.357,,,0,robots_sampled=6
111.000,original,-,robot1,MIN_DISTANCE,OK,15.401,7.350,,0,nearest_robot=robot2
111.000,original,-,robot2,MIN_DISTANCE,OK,8.126,7.350,,0,nearest_robot=robot4
111.000,original,-,robot3,MIN_DISTANCE,OK,9.840,7.350,,0,nearest_robot=robot4
111.000,original,-,robot4,MIN_DISTANCE,OK,8.126,7.350,,0,nearest_robot=robot2
111.000,original,-,robot5,MIN_DISTANCE,OK,1.304,7.350,,0,nearest_robot=robot6
111.000,original,-,robot6,MIN_DISTANCE,OK,1.304,7.350,,0,nearest_robot=robot5
111.000,original,-,fleet,MIN_DISTANCE_AVG,OK,7.350,,,0,robots_sampled=6
112.000,original,-,robot1,MIN_DISTANCE,OK,15.064,7.347,,0,nearest_robot=robot2
112.000,original,-,robot2,MIN_DISTANCE,OK,8.092,7.347,,0,nearest_robot=robot4
112.000,original,-,robot3,MIN_DISTANCE,OK,10.229,7.347,,0,nearest_robot=robot4
112.000,original,-,robot4,MIN_DISTANCE,OK,8.092,7.347,,0,nearest_robot=robot2
112.000,original,-,robot5,MIN_DISTANCE,OK,1.304,7.347,,0,nearest_robot=robot6
112.000,original,-,robot6,MIN_DISTANCE,OK,1.304,7.347,,0,nearest_robot=robot5
112.000,original,-,fleet,MIN_DISTANCE_AVG,OK,7.347,,,0,robots_sampled=6
113.000,original,-,robot1,MIN_DISTANCE,OK,14.706,7.351,,0,nearest_robot=robot2
113.000,original,-,robot2,MIN_DISTANCE,OK,8.088,7.351,,0,nearest_robot=robot4
113.000,original,-,robot3,MIN_DISTANCE,OK,10.617,7.351,,0,nearest_robot=robot4
113.000,original,-,robot4,MIN_DISTANCE,OK,8.088,7.351,,0,nearest_robot=robot2
113.000,original,-,robot5,MIN_DISTANCE,OK,1.304,7.351,,0,nearest_robot=robot6
113.000,original,-,robot6,MIN_DISTANCE,OK,1.304,7.351,,0,nearest_robot=robot5
113.000,original,-,fleet,MIN_DISTANCE_AVG,OK,7.351,,,0,robots_sampled=6
114.000,original,-,robot1,MIN_DISTANCE,OK,14.354,7.359,,0,nearest_robot=robot2
114.000,original,-,robot2,MIN_DISTANCE,OK,8.083,7.359,,0,nearest_robot=robot4
114.000,original,-,robot3,MIN_DISTANCE,OK,11.025,7.359,,0,nearest_robot=robot4
114.000,original,-,robot4,MIN_DISTANCE,OK,8.083,7.359,,0,nearest_robot=robot2
114.000,original,-,robot5,MIN_DISTANCE,OK,1.304,7.359,,0,nearest_robot=robot6
114.000,original,-,robot6,MIN_DISTANCE,OK,1.304,7.359,,0,nearest_robot=robot5
114.000,original,-,fleet,MIN_DISTANCE_AVG,OK,7.359,,,0,robots_sampled=6
115.000,original,-,robot1,MIN_DISTANCE,OK,14.013,7.372,,0,nearest_robot=robot2
115.000,original,-,robot2,MIN_DISTANCE,OK,8.092,7.372,,0,nearest_robot=robot4
115.000,original,-,robot3,MIN_DISTANCE,OK,11.426,7.372,,0,nearest_robot=robot4
115.000,original,-,robot4,MIN_DISTANCE,OK,8.092,7.372,,0,nearest_robot=robot2
115.000,original,-,robot5,MIN_DISTANCE,OK,1.304,7.372,,0,nearest_robot=robot6
115.000,original,-,robot6,MIN_DISTANCE,OK,1.304,7.372,,0,nearest_robot=robot5
115.000,original,-,fleet,MIN_DISTANCE_AVG,OK,7.372,,,0,robots_sampled=6
116.000,original,-,robot1,MIN_DISTANCE,OK,13.687,7.389,,0,nearest_robot=robot2
116.000,original,-,robot2,MIN_DISTANCE,OK,8.114,7.389,,0,nearest_robot=robot4
116.000,original,-,robot3,MIN_DISTANCE,OK,11.810,7.389,,0,nearest_robot=robot4
116.000,original,-,robot4,MIN_DISTANCE,OK,8.114,7.389,,0,nearest_robot=robot2
116.000,original,-,robot5,MIN_DISTANCE,OK,1.304,7.389,,0,nearest_robot=robot6
116.000,original,-,robot6,MIN_DISTANCE,OK,1.304,7.389,,0,nearest_robot=robot5
116.000,original,-,fleet,MIN_DISTANCE_AVG,OK,7.389,,,0,robots_sampled=6
117.000,original,-,robot1,MIN_DISTANCE,OK,13.350,7.396,,0,nearest_robot=robot2
117.000,original,-,robot2,MIN_DISTANCE,OK,8.088,7.396,,0,nearest_robot=robot4
117.000,original,-,robot3,MIN_DISTANCE,OK,12.242,7.396,,0,nearest_robot=robot4
117.000,original,-,robot4,MIN_DISTANCE,OK,8.088,7.396,,0,nearest_robot=robot2
117.000,original,-,robot5,MIN_DISTANCE,OK,1.304,7.396,,0,nearest_robot=robot6
117.000,original,-,robot6,MIN_DISTANCE,OK,1.304,7.396,,0,nearest_robot=robot5
117.000,original,-,fleet,MIN_DISTANCE_AVG,OK,7.396,,,0,robots_sampled=6
118.000,original,-,robot1,MIN_DISTANCE,OK,12.987,7.408,,0,nearest_robot=robot2
118.000,original,-,robot2,MIN_DISTANCE,OK,8.103,7.408,,0,nearest_robot=robot4
118.000,original,-,robot3,MIN_DISTANCE,OK,12.649,7.408,,0,nearest_robot=robot4
118.000,original,-,robot4,MIN_DISTANCE,OK,8.103,7.408,,0,nearest_robot=robot2
118.000,original,-,robot5,MIN_DISTANCE,OK,1.304,7.408,,0,nearest_robot=robot6
118.000,original,-,robot6,MIN_DISTANCE,OK,1.304,7.408,,0,nearest_robot=robot5
118.000,original,-,fleet,MIN_DISTANCE_AVG,OK,7.408,,,0,robots_sampled=6
119.000,original,-,robot1,MIN_DISTANCE,OK,12.611,7.421,,0,nearest_robot=robot2
119.000,original,-,robot2,MIN_DISTANCE,OK,8.102,7.421,,0,nearest_robot=robot4
119.000,original,-,robot3,MIN_DISTANCE,OK,13.105,7.421,,0,nearest_robot=robot4
119.000,original,-,robot4,MIN_DISTANCE,OK,8.102,7.421,,0,nearest_robot=robot2
119.000,original,-,robot5,MIN_DISTANCE,OK,1.304,7.421,,0,nearest_robot=robot6
119.000,original,-,robot6,MIN_DISTANCE,OK,1.304,7.421,,0,nearest_robot=robot5
119.000,original,-,fleet,MIN_DISTANCE_AVG,OK,7.421,,,0,robots_sampled=6
120.000,original,-,robot1,MIN_DISTANCE,OK,12.235,7.439,,0,nearest_robot=robot2
120.000,original,-,robot2,MIN_DISTANCE,OK,8.132,7.439,,0,nearest_robot=robot4
120.000,original,-,robot3,MIN_DISTANCE,OK,13.526,7.439,,0,nearest_robot=robot4
120.000,original,-,robot4,MIN_DISTANCE,OK,8.132,7.439,,0,nearest_robot=robot2
120.000,original,-,robot5,MIN_DISTANCE,OK,1.304,7.439,,0,nearest_robot=robot6
120.000,original,-,robot6,MIN_DISTANCE,OK,1.304,7.439,,0,nearest_robot=robot5
120.000,original,-,fleet,MIN_DISTANCE_AVG,OK,7.439,,,0,robots_sampled=6
121.000,original,-,robot1,MIN_DISTANCE,OK,11.885,7.459,,0,nearest_robot=robot2
121.000,original,-,robot2,MIN_DISTANCE,OK,8.165,7.459,,0,nearest_robot=robot4
121.000,original,-,robot3,MIN_DISTANCE,OK,13.929,7.459,,0,nearest_robot=robot4
121.000,original,-,robot4,MIN_DISTANCE,OK,8.165,7.459,,0,nearest_robot=robot2
121.000,original,-,robot5,MIN_DISTANCE,OK,1.304,7.459,,0,nearest_robot=robot6
121.000,original,-,robot6,MIN_DISTANCE,OK,1.304,7.459,,0,nearest_robot=robot5
121.000,original,-,fleet,MIN_DISTANCE_AVG,OK,7.459,,,0,robots_sampled=6
122.000,original,-,robot1,MIN_DISTANCE,OK,11.541,7.472,,0,nearest_robot=robot2
122.000,original,-,robot2,MIN_DISTANCE,OK,8.156,7.472,,0,nearest_robot=robot4
122.000,original,-,robot3,MIN_DISTANCE,OK,14.370,7.472,,0,nearest_robot=robot4
122.000,original,-,robot4,MIN_DISTANCE,OK,8.156,7.472,,0,nearest_robot=robot2
122.000,original,-,robot5,MIN_DISTANCE,OK,1.304,7.472,,0,nearest_robot=robot6
122.000,original,-,robot6,MIN_DISTANCE,OK,1.304,7.472,,0,nearest_robot=robot5
122.000,original,-,fleet,MIN_DISTANCE_AVG,OK,7.472,,,0,robots_sampled=6
123.000,original,-,robot1,MIN_DISTANCE,OK,11.186,7.478,,0,nearest_robot=robot2
123.000,original,-,robot2,MIN_DISTANCE,OK,8.112,7.478,,0,nearest_robot=robot4
123.000,original,-,robot3,MIN_DISTANCE,OK,14.851,7.478,,0,nearest_robot=robot4
123.000,original,-,robot4,MIN_DISTANCE,OK,8.112,7.478,,0,nearest_robot=robot2
123.000,original,-,robot5,MIN_DISTANCE,OK,1.304,7.478,,0,nearest_robot=robot6
123.000,original,-,robot6,MIN_DISTANCE,OK,1.304,7.478,,0,nearest_robot=robot5
123.000,original,-,fleet,MIN_DISTANCE_AVG,OK,7.478,,,0,robots_sampled=6
124.000,original,-,robot1,MIN_DISTANCE,OK,10.854,7.423,,0,nearest_robot=robot2
124.000,original,-,robot2,MIN_DISTANCE,OK,8.094,7.423,,0,nearest_robot=robot4
124.000,original,-,robot3,MIN_DISTANCE,OK,14.886,7.423,,0,nearest_robot=robot5
124.000,original,-,robot4,MIN_DISTANCE,OK,8.094,7.423,,0,nearest_robot=robot2
124.000,original,-,robot5,MIN_DISTANCE,OK,1.304,7.423,,0,nearest_robot=robot6
124.000,original,-,robot6,MIN_DISTANCE,OK,1.304,7.423,,0,nearest_robot=robot5
124.000,original,-,fleet,MIN_DISTANCE_AVG,OK,7.423,,,0,robots_sampled=6
125.000,original,-,robot1,MIN_DISTANCE,OK,10.511,7.363,,0,nearest_robot=robot2
125.000,original,-,robot2,MIN_DISTANCE,OK,8.088,7.363,,0,nearest_robot=robot4
125.000,original,-,robot3,MIN_DISTANCE,OK,14.885,7.363,,0,nearest_robot=robot5
125.000,original,-,robot4,MIN_DISTANCE,OK,8.088,7.363,,0,nearest_robot=robot2
125.000,original,-,robot5,MIN_DISTANCE,OK,1.304,7.363,,0,nearest_robot=robot6
125.000,original,-,robot6,MIN_DISTANCE,OK,1.304,7.363,,0,nearest_robot=robot5
125.000,original,-,fleet,MIN_DISTANCE_AVG,OK,7.363,,,0,robots_sampled=6
126.000,original,-,fleet,REPLAN_FULL,OK,,,robot1|robot2|robot3|robot4|robot5|robot6,0,original_full_optimization
126.000,original,-,robot1,MIN_DISTANCE,OK,10.171,7.304,,0,nearest_robot=robot2
126.000,original,-,robot2,MIN_DISTANCE,OK,8.087,7.304,,0,nearest_robot=robot4
126.000,original,-,robot3,MIN_DISTANCE,OK,14.871,7.304,,0,nearest_robot=robot5
126.000,original,-,robot4,MIN_DISTANCE,OK,8.087,7.304,,0,nearest_robot=robot2
126.000,original,-,robot5,MIN_DISTANCE,OK,1.304,7.304,,0,nearest_robot=robot6
126.000,original,-,robot6,MIN_DISTANCE,OK,1.304,7.304,,0,nearest_robot=robot5
126.000,original,-,fleet,MIN_DISTANCE_AVG,OK,7.304,,,0,robots_sampled=6
127.000,original,-,robot1,MIN_DISTANCE,OK,9.837,7.232,,0,nearest_robot=robot2
127.000,original,-,robot2,MIN_DISTANCE,OK,8.077,7.232,,0,nearest_robot=robot4
127.000,original,-,robot3,MIN_DISTANCE,OK,14.857,7.232,,0,nearest_robot=robot5
127.000,original,-,robot4,MIN_DISTANCE,OK,8.077,7.232,,0,nearest_robot=robot2
127.000,original,-,robot5,MIN_DISTANCE,OK,1.272,7.232,,0,nearest_robot=robot6
127.000,original,-,robot6,MIN_DISTANCE,OK,1.272,7.232,,0,nearest_robot=robot5
127.000,original,-,fleet,MIN_DISTANCE_AVG,OK,7.232,,,0,robots_sampled=6
128.000,original,-,robot1,MIN_DISTANCE,OK,9.514,7.139,,0,nearest_robot=robot2
128.000,original,-,robot2,MIN_DISTANCE,OK,8.114,7.139,,0,nearest_robot=robot4
128.000,original,-,robot3,MIN_DISTANCE,OK,14.838,7.139,,0,nearest_robot=robot5
128.000,original,-,robot4,MIN_DISTANCE,OK,8.114,7.139,,0,nearest_robot=robot2
128.000,original,-,robot5,MIN_DISTANCE,OK,1.127,7.139,,0,nearest_robot=robot6
128.000,original,-,robot6,MIN_DISTANCE,OK,1.127,7.139,,0,nearest_robot=robot5
128.000,original,-,fleet,MIN_DISTANCE_AVG,OK,7.139,,,0,robots_sampled=6
129.000,original,-,robot1,MIN_DISTANCE,OK,9.198,6.939,,0,nearest_robot=robot2
129.000,original,-,robot2,MIN_DISTANCE,OK,8.104,6.939,,0,nearest_robot=robot4
129.000,original,-,robot3,MIN_DISTANCE,OK,14.622,6.939,,0,nearest_robot=robot5
129.000,original,-,robot4,MIN_DISTANCE,OK,8.104,6.939,,0,nearest_robot=robot2
129.000,original,-,robot5,MIN_DISTANCE,OK,0.804,6.939,,0,nearest_robot=robot6
129.000,original,-,robot6,MIN_DISTANCE,OK,0.804,6.939,,0,nearest_robot=robot5
129.000,original,-,fleet,MIN_DISTANCE_AVG,OK,6.939,,,0,robots_sampled=6
130.000,original,-,robot1,MIN_DISTANCE,OK,8.865,6.728,,0,nearest_robot=robot2
130.000,original,-,robot2,MIN_DISTANCE,OK,8.169,6.728,,0,nearest_robot=robot4
130.000,original,-,robot3,MIN_DISTANCE,OK,13.930,6.728,,0,nearest_robot=robot6
130.000,original,-,robot4,MIN_DISTANCE,OK,8.169,6.728,,0,nearest_robot=robot2
130.000,original,-,robot5,MIN_DISTANCE,OK,0.618,6.728,,0,nearest_robot=robot6
130.000,original,-,robot6,MIN_DISTANCE,OK,0.618,6.728,,0,nearest_robot=robot5
130.000,original,-,fleet,MIN_DISTANCE_AVG,OK,6.728,,,0,robots_sampled=6
131.000,original,-,robot1,MIN_DISTANCE,OK,8.563,6.568,,0,nearest_robot=robot2
131.000,original,-,robot2,MIN_DISTANCE,OK,8.189,6.568,,0,nearest_robot=robot4
131.000,original,-,robot3,MIN_DISTANCE,OK,13.225,6.568,,0,nearest_robot=robot6
131.000,original,-,robot4,MIN_DISTANCE,OK,8.189,6.568,,0,nearest_robot=robot2
131.000,original,-,robot5,MIN_DISTANCE,OK,0.622,6.568,,0,nearest_robot=robot6
131.000,original,-,robot6,MIN_DISTANCE,OK,0.622,6.568,,0,nearest_robot=robot5
131.000,original,-,fleet,MIN_DISTANCE_AVG,OK,6.568,,,0,robots_sampled=6
132.000,original,-,robot1,MIN_DISTANCE,OK,8.230,6.468,,0,nearest_robot=robot2
132.000,original,-,robot2,MIN_DISTANCE,OK,8.230,6.468,,0,nearest_robot=robot1
132.000,original,-,robot3,MIN_DISTANCE,OK,12.671,6.468,,0,nearest_robot=robot6
132.000,original,-,robot4,MIN_DISTANCE,OK,8.234,6.468,,0,nearest_robot=robot2
132.000,original,-,robot5,MIN_DISTANCE,OK,0.722,6.468,,0,nearest_robot=robot6
132.000,original,-,robot6,MIN_DISTANCE,OK,0.722,6.468,,0,nearest_robot=robot5
132.000,original,-,fleet,MIN_DISTANCE_AVG,OK,6.468,,,0,robots_sampled=6
133.000,original,-,robot1,MIN_DISTANCE,OK,7.907,6.313,,0,nearest_robot=robot2
133.000,original,-,robot2,MIN_DISTANCE,OK,7.907,6.313,,0,nearest_robot=robot1
133.000,original,-,robot3,MIN_DISTANCE,OK,12.240,6.313,,0,nearest_robot=robot6
133.000,original,-,robot4,MIN_DISTANCE,OK,8.238,6.313,,0,nearest_robot=robot2
133.000,original,-,robot5,MIN_DISTANCE,OK,0.793,6.313,,0,nearest_robot=robot6
133.000,original,-,robot6,MIN_DISTANCE,OK,0.793,6.313,,0,nearest_robot=robot5
133.000,original,-,fleet,MIN_DISTANCE_AVG,OK,6.313,,,0,robots_sampled=6
134.000,original,-,robot1,MIN_DISTANCE,OK,7.566,6.179,,0,nearest_robot=robot2
134.000,original,-,robot2,MIN_DISTANCE,OK,7.566,6.179,,0,nearest_robot=robot1
134.000,original,-,robot3,MIN_DISTANCE,OK,11.889,6.179,,0,nearest_robot=robot6
134.000,original,-,robot4,MIN_DISTANCE,OK,8.242,6.179,,0,nearest_robot=robot2
134.000,original,-,robot5,MIN_DISTANCE,OK,0.905,6.179,,0,nearest_robot=robot6
134.000,original,-,robot6,MIN_DISTANCE,OK,0.905,6.179,,0,nearest_robot=robot5
134.000,original,-,fleet,MIN_DISTANCE_AVG,OK,6.179,,,0,robots_sampled=6
135.000,original,-,robot1,MIN_DISTANCE,OK,7.154,6.049,,0,nearest_robot=robot2
135.000,original,-,robot2,MIN_DISTANCE,OK,7.154,6.049,,0,nearest_robot=robot1
135.000,original,-,robot3,MIN_DISTANCE,OK,11.616,6.049,,0,nearest_robot=robot6
135.000,original,-,robot4,MIN_DISTANCE,OK,8.285,6.049,,0,nearest_robot=robot2
135.000,original,-,robot5,MIN_DISTANCE,OK,1.042,6.049,,0,nearest_robot=robot6
135.000,original,-,robot6,MIN_DISTANCE,OK,1.042,6.049,,0,nearest_robot=robot5
135.000,original,-,fleet,MIN_DISTANCE_AVG,OK,6.049,,,0,robots_sampled=6
136.000,original,-,robot1,MIN_DISTANCE,OK,6.704,5.866,,0,nearest_robot=robot2
136.000,original,-,robot2,MIN_DISTANCE,OK,6.704,5.866,,0,nearest_robot=robot1
136.000,original,-,robot3,MIN_DISTANCE,OK,11.357,5.866,,0,nearest_robot=robot6
136.000,original,-,robot4,MIN_DISTANCE,OK,8.279,5.866,,0,nearest_robot=robot2
136.000,original,-,robot5,MIN_DISTANCE,OK,1.076,5.866,,0,nearest_robot=robot6
136.000,original,-,robot6,MIN_DISTANCE,OK,1.076,5.866,,0,nearest_robot=robot5
136.000,original,-,fleet,MIN_DISTANCE_AVG,OK,5.866,,,0,robots_sampled=6
137.000,original,-,robot1,MIN_DISTANCE,OK,6.246,5.659,,0,nearest_robot=robot2
137.000,original,-,robot2,MIN_DISTANCE,OK,6.246,5.659,,0,nearest_robot=robot1
137.000,original,-,robot3,MIN_DISTANCE,OK,11.264,5.659,,0,nearest_robot=robot6
137.000,original,-,robot4,MIN_DISTANCE,OK,8.231,5.659,,0,nearest_robot=robot2
137.000,original,-,robot5,MIN_DISTANCE,OK,0.983,5.659,,0,nearest_robot=robot6
137.000,original,-,robot6,MIN_DISTANCE,OK,0.983,5.659,,0,nearest_robot=robot5
137.000,original,-,fleet,MIN_DISTANCE_AVG,OK,5.659,,,0,robots_sampled=6
138.000,original,-,robot1,MIN_DISTANCE,OK,5.811,5.473,,0,nearest_robot=robot2
138.000,original,-,robot2,MIN_DISTANCE,OK,5.811,5.473,,0,nearest_robot=robot1
138.000,original,-,robot3,MIN_DISTANCE,OK,11.149,5.473,,0,nearest_robot=robot6
138.000,original,-,robot4,MIN_DISTANCE,OK,8.179,5.473,,0,nearest_robot=robot2
138.000,original,-,robot5,MIN_DISTANCE,OK,0.946,5.473,,0,nearest_robot=robot6
138.000,original,-,robot6,MIN_DISTANCE,OK,0.946,5.473,,0,nearest_robot=robot5
138.000,original,-,fleet,MIN_DISTANCE_AVG,OK,5.473,,,0,robots_sampled=6
139.000,original,-,robot1,MIN_DISTANCE,OK,5.350,5.279,,0,nearest_robot=robot2
139.000,original,-,robot2,MIN_DISTANCE,OK,5.350,5.279,,0,nearest_robot=robot1
139.000,original,-,robot3,MIN_DISTANCE,OK,10.972,5.279,,0,nearest_robot=robot6
139.000,original,-,robot4,MIN_DISTANCE,OK,8.085,5.279,,0,nearest_robot=robot2
139.000,original,-,robot5,MIN_DISTANCE,OK,0.957,5.279,,0,nearest_robot=robot6
139.000,original,-,robot6,MIN_DISTANCE,OK,0.957,5.279,,0,nearest_robot=robot5
139.000,original,-,fleet,MIN_DISTANCE_AVG,OK,5.279,,,0,robots_sampled=6
140.000,original,-,robot1,MIN_DISTANCE,OK,4.882,5.090,,0,nearest_robot=robot2
140.000,original,-,robot2,MIN_DISTANCE,OK,4.882,5.090,,0,nearest_robot=robot1
140.000,original,-,robot3,MIN_DISTANCE,OK,10.803,5.090,,0,nearest_robot=robot6
140.000,original,-,robot4,MIN_DISTANCE,OK,8.056,5.090,,0,nearest_robot=robot2
140.000,original,-,robot5,MIN_DISTANCE,OK,0.957,5.090,,0,nearest_robot=robot6
140.000,original,-,robot6,MIN_DISTANCE,OK,0.957,5.090,,0,nearest_robot=robot5
140.000,original,-,fleet,MIN_DISTANCE_AVG,OK,5.090,,,0,robots_sampled=6
141.000,original,-,robot1,MIN_DISTANCE,OK,4.438,4.920,,0,nearest_robot=robot2
141.000,original,-,robot2,MIN_DISTANCE,OK,4.438,4.920,,0,nearest_robot=robot1
141.000,original,-,robot3,MIN_DISTANCE,OK,10.664,4.920,,0,nearest_robot=robot6
141.000,original,-,robot4,MIN_DISTANCE,OK,8.065,4.920,,0,nearest_robot=robot2
141.000,original,-,robot5,MIN_DISTANCE,OK,0.957,4.920,,0,nearest_robot=robot6
141.000,original,-,robot6,MIN_DISTANCE,OK,0.957,4.920,,0,nearest_robot=robot5
141.000,original,-,fleet,MIN_DISTANCE_AVG,OK,4.920,,,0,robots_sampled=6
142.000,original,-,robot1,MIN_DISTANCE,OK,4.008,4.769,,0,nearest_robot=robot2
142.000,original,-,robot2,MIN_DISTANCE,OK,4.008,4.769,,0,nearest_robot=robot1
142.000,original,-,robot3,MIN_DISTANCE,OK,10.534,4.769,,0,nearest_robot=robot6
142.000,original,-,robot4,MIN_DISTANCE,OK,8.147,4.769,,0,nearest_robot=robot2
142.000,original,-,robot5,MIN_DISTANCE,OK,0.957,4.769,,0,nearest_robot=robot6
142.000,original,-,robot6,MIN_DISTANCE,OK,0.957,4.769,,0,nearest_robot=robot5
142.000,original,-,fleet,MIN_DISTANCE_AVG,OK,4.769,,,0,robots_sampled=6
143.000,original,-,robot1,MIN_DISTANCE,OK,3.570,4.623,,0,nearest_robot=robot2
143.000,original,-,robot2,MIN_DISTANCE,OK,3.570,4.623,,0,nearest_robot=robot1
143.000,original,-,robot3,MIN_DISTANCE,OK,10.452,4.623,,0,nearest_robot=robot6
143.000,original,-,robot4,MIN_DISTANCE,OK,8.233,4.623,,0,nearest_robot=robot2
143.000,original,-,robot5,MIN_DISTANCE,OK,0.957,4.623,,0,nearest_robot=robot6
143.000,original,-,robot6,MIN_DISTANCE,OK,0.957,4.623,,0,nearest_robot=robot5
143.000,original,-,fleet,MIN_DISTANCE_AVG,OK,4.623,,,0,robots_sampled=6
144.000,original,-,robot1,MIN_DISTANCE,OK,3.117,4.468,,0,nearest_robot=robot2
144.000,original,-,robot2,MIN_DISTANCE,OK,3.117,4.468,,0,nearest_robot=robot1
144.000,original,-,robot3,MIN_DISTANCE,OK,10.403,4.468,,0,nearest_robot=robot6
144.000,original,-,robot4,MIN_DISTANCE,OK,8.253,4.468,,0,nearest_robot=robot2
144.000,original,-,robot5,MIN_DISTANCE,OK,0.957,4.468,,0,nearest_robot=robot6
144.000,original,-,robot6,MIN_DISTANCE,OK,0.957,4.468,,0,nearest_robot=robot5
144.000,original,-,fleet,MIN_DISTANCE_AVG,OK,4.468,,,0,robots_sampled=6
145.000,original,-,robot1,MIN_DISTANCE,OK,2.648,4.308,,0,nearest_robot=robot2
145.000,original,-,robot2,MIN_DISTANCE,OK,2.648,4.308,,0,nearest_robot=robot1
145.000,original,-,robot3,MIN_DISTANCE,OK,10.384,4.308,,0,nearest_robot=robot6
145.000,original,-,robot4,MIN_DISTANCE,OK,8.253,4.308,,0,nearest_robot=robot2
145.000,original,-,robot5,MIN_DISTANCE,OK,0.958,4.308,,0,nearest_robot=robot6
145.000,original,-,robot6,MIN_DISTANCE,OK,0.958,4.308,,0,nearest_robot=robot5
145.000,original,-,fleet,MIN_DISTANCE_AVG,OK,4.308,,,0,robots_sampled=6
146.000,original,-,robot1,MIN_DISTANCE,OK,2.224,4.162,,0,nearest_robot=robot2
146.000,original,-,robot2,MIN_DISTANCE,OK,2.224,4.162,,0,nearest_robot=robot1
146.000,original,-,robot3,MIN_DISTANCE,OK,10.381,4.162,,0,nearest_robot=robot6
146.000,original,-,robot4,MIN_DISTANCE,OK,8.230,4.162,,0,nearest_robot=robot2
146.000,original,-,robot5,MIN_DISTANCE,OK,0.958,4.162,,0,nearest_robot=robot6
146.000,original,-,robot6,MIN_DISTANCE,OK,0.958,4.162,,0,nearest_robot=robot5
146.000,original,-,fleet,MIN_DISTANCE_AVG,OK,4.162,,,0,robots_sampled=6
147.000,original,-,robot1,MIN_DISTANCE,OK,1.799,4.019,,0,nearest_robot=robot2
147.000,original,-,robot2,MIN_DISTANCE,OK,1.799,4.019,,0,nearest_robot=robot1
147.000,original,-,robot3,MIN_DISTANCE,OK,10.396,4.019,,0,nearest_robot=robot6
147.000,original,-,robot4,MIN_DISTANCE,OK,8.206,4.019,,0,nearest_robot=robot2
147.000,original,-,robot5,MIN_DISTANCE,OK,0.958,4.019,,0,nearest_robot=robot6
147.000,original,-,robot6,MIN_DISTANCE,OK,0.958,4.019,,0,nearest_robot=robot5
147.000,original,-,fleet,MIN_DISTANCE_AVG,OK,4.019,,,0,robots_sampled=6
148.000,original,-,robot1,MIN_DISTANCE,OK,1.400,3.868,,0,nearest_robot=robot2
148.000,original,-,robot2,MIN_DISTANCE,OK,1.400,3.868,,0,nearest_robot=robot1
148.000,original,-,robot3,MIN_DISTANCE,OK,10.373,3.868,,0,nearest_robot=robot6
148.000,original,-,robot4,MIN_DISTANCE,OK,8.123,3.868,,0,nearest_robot=robot2
148.000,original,-,robot5,MIN_DISTANCE,OK,0.958,3.868,,0,nearest_robot=robot6
148.000,original,-,robot6,MIN_DISTANCE,OK,0.958,3.868,,0,nearest_robot=robot5
148.000,original,-,fleet,MIN_DISTANCE_AVG,OK,3.868,,,0,robots_sampled=6
149.000,original,-,robot1,MIN_DISTANCE,OK,1.209,3.782,,0,nearest_robot=robot2
149.000,original,-,robot2,MIN_DISTANCE,OK,1.209,3.782,,0,nearest_robot=robot1
149.000,original,-,robot3,MIN_DISTANCE,OK,10.361,3.782,,0,nearest_robot=robot6
149.000,original,-,robot4,MIN_DISTANCE,OK,7.995,3.782,,0,nearest_robot=robot2
149.000,original,-,robot5,MIN_DISTANCE,OK,0.958,3.782,,0,nearest_robot=robot6
149.000,original,-,robot6,MIN_DISTANCE,OK,0.958,3.782,,0,nearest_robot=robot5
149.000,original,-,fleet,MIN_DISTANCE_AVG,OK,3.782,,,0,robots_sampled=6
150.000,original,-,robot1,MIN_DISTANCE,OK,1.187,3.717,,0,nearest_robot=robot2
150.000,original,-,robot2,MIN_DISTANCE,OK,1.187,3.717,,0,nearest_robot=robot1
150.000,original,-,robot3,MIN_DISTANCE,OK,10.346,3.717,,0,nearest_robot=robot6
150.000,original,-,robot4,MIN_DISTANCE,OK,7.669,3.717,,0,nearest_robot=robot2
150.000,original,-,robot5,MIN_DISTANCE,OK,0.958,3.717,,0,nearest_robot=robot6
150.000,original,-,robot6,MIN_DISTANCE,OK,0.958,3.717,,0,nearest_robot=robot5
150.000,original,-,fleet,MIN_DISTANCE_AVG,OK,3.717,,,0,robots_sampled=6
151.000,original,-,robot1,MIN_DISTANCE,OK,1.152,3.647,,0,nearest_robot=robot2
151.000,original,-,robot2,MIN_DISTANCE,OK,1.152,3.647,,0,nearest_robot=robot1
151.000,original,-,robot3,MIN_DISTANCE,OK,10.372,3.647,,0,nearest_robot=robot6
151.000,original,-,robot4,MIN_DISTANCE,OK,7.288,3.647,,0,nearest_robot=robot2
151.000,original,-,robot5,MIN_DISTANCE,OK,0.958,3.647,,0,nearest_robot=robot6
151.000,original,-,robot6,MIN_DISTANCE,OK,0.958,3.647,,0,nearest_robot=robot5
151.000,original,-,fleet,MIN_DISTANCE_AVG,OK,3.647,,,0,robots_sampled=6
151.500,original,-,fleet,REPLAN_FULL,OK,,,robot1|robot2|robot3|robot4|robot5|robot6,0,original_full_optimization
152.000,original,-,robot1,MIN_DISTANCE,OK,1.217,3.616,,0,nearest_robot=robot2
152.000,original,-,robot2,MIN_DISTANCE,OK,1.217,3.616,,0,nearest_robot=robot1
152.000,original,-,robot3,MIN_DISTANCE,OK,10.389,3.616,,0,nearest_robot=robot6
152.000,original,-,robot4,MIN_DISTANCE,OK,6.944,3.616,,0,nearest_robot=robot2
152.000,original,-,robot5,MIN_DISTANCE,OK,0.963,3.616,,0,nearest_robot=robot6
152.000,original,-,robot6,MIN_DISTANCE,OK,0.963,3.616,,0,nearest_robot=robot5
152.000,original,-,fleet,MIN_DISTANCE_AVG,OK,3.616,,,0,robots_sampled=6
153.000,original,-,robot1,MIN_DISTANCE,OK,1.215,3.575,,0,nearest_robot=robot2
153.000,original,-,robot2,MIN_DISTANCE,OK,1.215,3.575,,0,nearest_robot=robot1
153.000,original,-,robot3,MIN_DISTANCE,OK,10.166,3.575,,0,nearest_robot=robot5
153.000,original,-,robot4,MIN_DISTANCE,OK,6.608,3.575,,0,nearest_robot=robot2
153.000,original,-,robot5,MIN_DISTANCE,OK,1.123,3.575,,0,nearest_robot=robot6
153.000,original,-,robot6,MIN_DISTANCE,OK,1.123,3.575,,0,nearest_robot=robot5
153.000,original,-,fleet,MIN_DISTANCE_AVG,OK,3.575,,,0,robots_sampled=6
154.000,original,-,robot1,MIN_DISTANCE,OK,1.472,3.671,,0,nearest_robot=robot2
154.000,original,-,robot2,MIN_DISTANCE,OK,1.472,3.671,,0,nearest_robot=robot1
154.000,original,-,robot3,MIN_DISTANCE,OK,9.821,3.671,,0,nearest_robot=robot5
154.000,original,-,robot4,MIN_DISTANCE,OK,6.222,3.671,,0,nearest_robot=robot2
154.000,original,-,robot5,MIN_DISTANCE,OK,1.520,3.671,,0,nearest_robot=robot6
154.000,original,-,robot6,MIN_DISTANCE,OK,1.520,3.671,,0,nearest_robot=robot5
154.000,original,-,fleet,MIN_DISTANCE_AVG,OK,3.671,,,0,robots_sampled=6
155.000,original,-,robot1,MIN_DISTANCE,OK,1.901,3.840,,0,nearest_robot=robot2
155.000,original,-,robot2,MIN_DISTANCE,OK,1.901,3.840,,0,nearest_robot=robot1
155.000,original,-,robot3,MIN_DISTANCE,OK,9.575,3.840,,0,nearest_robot=robot5
155.000,original,-,robot4,MIN_DISTANCE,OK,5.809,3.840,,0,nearest_robot=robot2
155.000,original,-,robot5,MIN_DISTANCE,OK,1.926,3.840,,0,nearest_robot=robot6
155.000,original,-,robot6,MIN_DISTANCE,OK,1.926,3.840,,0,nearest_robot=robot5
155.000,original,-,fleet,MIN_DISTANCE_AVG,OK,3.840,,,0,robots_sampled=6
156.000,original,-,robot1,MIN_DISTANCE,OK,2.372,4.038,,0,nearest_robot=robot2
156.000,original,-,robot2,MIN_DISTANCE,OK,2.372,4.038,,0,nearest_robot=robot1
156.000,original,-,robot3,MIN_DISTANCE,OK,9.479,4.038,,0,nearest_robot=robot5
156.000,original,-,robot4,MIN_DISTANCE,OK,5.364,4.038,,0,nearest_robot=robot2
156.000,original,-,robot5,MIN_DISTANCE,OK,2.321,4.038,,0,nearest_robot=robot6
156.000,original,-,robot6,MIN_DISTANCE,OK,2.321,4.038,,0,nearest_robot=robot5
156.000,original,-,fleet,MIN_DISTANCE_AVG,OK,4.038,,,0,robots_sampled=6
157.000,original,-,robot1,MIN_DISTANCE,OK,2.859,4.262,,0,nearest_robot=robot2
157.000,original,-,robot2,MIN_DISTANCE,OK,2.859,4.262,,0,nearest_robot=robot1
157.000,original,-,robot3,MIN_DISTANCE,OK,9.499,4.262,,0,nearest_robot=robot5
157.000,original,-,robot4,MIN_DISTANCE,OK,4.900,4.262,,0,nearest_robot=robot2
157.000,original,-,robot5,MIN_DISTANCE,OK,2.728,4.262,,0,nearest_robot=robot6
157.000,original,-,robot6,MIN_DISTANCE,OK,2.728,4.262,,0,nearest_robot=robot5
157.000,original,-,fleet,MIN_DISTANCE_AVG,OK,4.262,,,0,robots_sampled=6
158.000,original,-,robot1,MIN_DISTANCE,OK,3.350,4.512,,0,nearest_robot=robot2
158.000,original,-,robot2,MIN_DISTANCE,OK,3.350,4.512,,0,nearest_robot=robot1
158.000,original,-,robot3,MIN_DISTANCE,OK,9.655,4.512,,0,nearest_robot=robot5
158.000,original,-,robot4,MIN_DISTANCE,OK,4.441,4.512,,0,nearest_robot=robot2
158.000,original,-,robot5,MIN_DISTANCE,OK,3.139,4.512,,0,nearest_robot=robot6
158.000,original,-,robot6,MIN_DISTANCE,OK,3.139,4.512,,0,nearest_robot=robot5
158.000,original,-,fleet,MIN_DISTANCE_AVG,OK,4.512,,,0,robots_sampled=6
159.000,original,-,robot1,MIN_DISTANCE,OK,3.855,4.768,,0,nearest_robot=robot2
159.000,original,-,robot2,MIN_DISTANCE,OK,3.855,4.768,,0,nearest_robot=robot1
159.000,original,-,robot3,MIN_DISTANCE,OK,9.858,4.768,,0,nearest_robot=robot5
159.000,original,-,robot4,MIN_DISTANCE,OK,3.943,4.768,,0,nearest_robot=robot2
159.000,original,-,robot5,MIN_DISTANCE,OK,3.548,4.768,,0,nearest_robot=robot6
159.000,original,-,robot6,MIN_DISTANCE,OK,3.548,4.768,,0,nearest_robot=robot5
159.000,original,-,fleet,MIN_DISTANCE_AVG,OK,4.768,,,0,robots_sampled=6
160.000,original,-,robot1,MIN_DISTANCE,OK,4.330,4.888,,0,nearest_robot=robot2
160.000,original,-,robot2,MIN_DISTANCE,OK,3.486,4.888,,0,nearest_robot=robot4
160.000,original,-,robot3,MIN_DISTANCE,OK,10.064,4.888,,0,nearest_robot=robot5
160.000,original,-,robot4,MIN_DISTANCE,OK,3.486,4.888,,0,nearest_robot=robot2
160.000,original,-,robot5,MIN_DISTANCE,OK,3.982,4.888,,0,nearest_robot=robot6
160.000,original,-,robot6,MIN_DISTANCE,OK,3.982,4.888,,0,nearest_robot=robot5
160.000,original,-,fleet,MIN_DISTANCE_AVG,OK,4.888,,,0,robots_sampled=6
161.000,original,-,robot1,MIN_DISTANCE,OK,4.795,4.971,,0,nearest_robot=robot2
161.000,original,-,robot2,MIN_DISTANCE,OK,3.019,4.971,,0,nearest_robot=robot4
161.000,original,-,robot3,MIN_DISTANCE,OK,10.209,4.971,,0,nearest_robot=robot5
161.000,original,-,robot4,MIN_DISTANCE,OK,3.019,4.971,,0,nearest_robot=robot2
161.000,original,-,robot5,MIN_DISTANCE,OK,4.393,4.971,,0,nearest_robot=robot6
161.000,original,-,robot6,MIN_DISTANCE,OK,4.393,4.971,,0,nearest_robot=robot5
161.000,original,-,fleet,MIN_DISTANCE_AVG,OK,4.971,,,0,robots_sampled=6
162.000,original,-,robot1,MIN_DISTANCE,OK,5.198,5.056,,0,nearest_robot=robot2
162.000,original,-,robot2,MIN_DISTANCE,OK,2.560,5.056,,0,nearest_robot=robot4
162.000,original,-,robot3,MIN_DISTANCE,OK,10.378,5.056,,0,nearest_robot=robot5
162.000,original,-,robot4,MIN_DISTANCE,OK,2.560,5.056,,0,nearest_robot=robot2
162.000,original,-,robot5,MIN_DISTANCE,OK,4.820,5.056,,0,nearest_robot=robot6
162.000,original,-,robot6,MIN_DISTANCE,OK,4.820,5.056,,0,nearest_robot=robot5
162.000,original,-,fleet,MIN_DISTANCE_AVG,OK,5.056,,,0,robots_sampled=6
163.000,original,-,robot1,MIN_DISTANCE,OK,5.540,5.110,,0,nearest_robot=robot2
163.000,original,-,robot2,MIN_DISTANCE,OK,2.067,5.110,,0,nearest_robot=robot4
163.000,original,-,robot3,MIN_DISTANCE,OK,10.428,5.110,,0,nearest_robot=robot5
163.000,original,-,robot4,MIN_DISTANCE,OK,2.067,5.110,,0,nearest_robot=robot2
163.000,original,-,robot5,MIN_DISTANCE,OK,5.280,5.110,,0,nearest_robot=robot6
163.000,original,-,robot6,MIN_DISTANCE,OK,5.280,5.110,,0,nearest_robot=robot5
163.000,original,-,fleet,MIN_DISTANCE_AVG,OK,5.110,,,0,robots_sampled=6
164.000,original,-,robot1,MIN_DISTANCE,OK,5.807,5.150,,0,nearest_robot=robot2
164.000,original,-,robot2,MIN_DISTANCE,OK,1.620,5.150,,0,nearest_robot=robot4
164.000,original,-,robot3,MIN_DISTANCE,OK,10.489,5.150,,0,nearest_robot=robot5
164.000,original,-,robot4,MIN_DISTANCE,OK,1.620,5.150,,0,nearest_robot=robot2
164.000,original,-,robot5,MIN_DISTANCE,OK,5.684,5.150,,0,nearest_robot=robot6
164.000,original,-,robot6,MIN_DISTANCE,OK,5.684,5.150,,0,nearest_robot=robot5
164.000,original,-,fleet,MIN_DISTANCE_AVG,OK,5.150,,,0,robots_sampled=6
165.000,original,-,robot1,MIN_DISTANCE,OK,6.060,5.204,,0,nearest_robot=robot2
165.000,original,-,robot2,MIN_DISTANCE,OK,1.226,5.204,,0,nearest_robot=robot4
165.000,original,-,robot3,MIN_DISTANCE,OK,10.468,5.204,,0,nearest_robot=robot5
165.000,original,-,robot4,MIN_DISTANCE,OK,1.226,5.204,,0,nearest_robot=robot2
165.000,original,-,robot5,MIN_DISTANCE,OK,6.122,5.204,,0,nearest_robot=robot6
165.000,original,-,robot6,MIN_DISTANCE,OK,6.122,5.204,,0,nearest_robot=robot5
165.000,original,-,fleet,MIN_DISTANCE_AVG,OK,5.204,,,0,robots_sampled=6
166.000,original,-,robot1,MIN_DISTANCE,OK,6.346,5.304,,0,nearest_robot=robot2
166.000,original,-,robot2,MIN_DISTANCE,OK,1.004,5.304,,0,nearest_robot=robot4
166.000,original,-,robot3,MIN_DISTANCE,OK,10.367,5.304,,0,nearest_robot=robot5
166.000,original,-,robot4,MIN_DISTANCE,OK,1.004,5.304,,0,nearest_robot=robot2
166.000,original,-,robot5,MIN_DISTANCE,OK,6.551,5.304,,0,nearest_robot=robot6
166.000,original,-,robot6,MIN_DISTANCE,OK,6.551,5.304,,0,nearest_robot=robot5
166.000,original,-,fleet,MIN_DISTANCE_AVG,OK,5.304,,,0,robots_sampled=6
167.000,original,-,robot1,MIN_DISTANCE,OK,6.577,5.457,,0,nearest_robot=robot2
167.000,original,-,robot2,MIN_DISTANCE,OK,0.961,5.457,,0,nearest_robot=robot4
167.000,original,-,robot3,MIN_DISTANCE,OK,10.233,5.457,,0,nearest_robot=robot5
167.000,original,-,robot4,MIN_DISTANCE,OK,0.961,5.457,,0,nearest_robot=robot2
167.000,original,-,robot5,MIN_DISTANCE,OK,7.004,5.457,,0,nearest_robot=robot6
167.000,original,-,robot6,MIN_DISTANCE,OK,7.004,5.457,,0,nearest_robot=robot5
167.000,original,-,fleet,MIN_DISTANCE_AVG,OK,5.457,,,0,robots_sampled=6
168.000,original,-,robot1,MIN_DISTANCE,OK,6.981,5.650,,0,nearest_robot=robot2
168.000,original,-,robot2,MIN_DISTANCE,OK,0.978,5.650,,0,nearest_robot=robot4
168.000,original,-,robot3,MIN_DISTANCE,OK,10.086,5.650,,0,nearest_robot=robot5
168.000,original,-,robot4,MIN_DISTANCE,OK,0.978,5.650,,0,nearest_robot=robot2
168.000,original,-,robot5,MIN_DISTANCE,OK,7.440,5.650,,0,nearest_robot=robot6
168.000,original,-,robot6,MIN_DISTANCE,OK,7.440,5.650,,0,nearest_robot=robot5
168.000,original,-,fleet,MIN_DISTANCE_AVG,OK,5.650,,,0,robots_sampled=6
169.000,original,-,robot1,MIN_DISTANCE,OK,7.409,5.869,,0,nearest_robot=robot2
169.000,original,-,robot2,MIN_DISTANCE,OK,1.021,5.869,,0,nearest_robot=robot4
169.000,original,-,robot3,MIN_DISTANCE,OK,10.023,5.869,,0,nearest_robot=robot5
169.000,original,-,robot4,MIN_DISTANCE,OK,1.021,5.869,,0,nearest_robot=robot2
169.000,original,-,robot5,MIN_DISTANCE,OK,7.869,5.869,,0,nearest_robot=robot6
169.000,original,-,robot6,MIN_DISTANCE,OK,7.869,5.869,,0,nearest_robot=robot5
169.000,original,-,fleet,MIN_DISTANCE_AVG,OK,5.869,,,0,robots_sampled=6
170.000,original,-,robot1,MIN_DISTANCE,OK,7.851,6.080,,0,nearest_robot=robot2
170.000,original,-,robot2,MIN_DISTANCE,OK,1.024,6.080,,0,nearest_robot=robot4
170.000,original,-,robot3,MIN_DISTANCE,OK,10.003,6.080,,0,nearest_robot=robot5
170.000,original,-,robot4,MIN_DISTANCE,OK,1.024,6.080,,0,nearest_robot=robot2
170.000,original,-,robot5,MIN_DISTANCE,OK,8.290,6.080,,0,nearest_robot=robot6
170.000,original,-,robot6,MIN_DISTANCE,OK,8.290,6.080,,0,nearest_robot=robot5
170.000,original,-,fleet,MIN_DISTANCE_AVG,OK,6.080,,,0,robots_sampled=6
171.000,original,-,robot1,MIN_DISTANCE,OK,8.275,6.308,,0,nearest_robot=robot2
171.000,original,-,robot2,MIN_DISTANCE,OK,1.058,6.308,,0,nearest_robot=robot4
171.000,original,-,robot3,MIN_DISTANCE,OK,10.023,6.308,,0,nearest_robot=robot5
171.000,original,-,robot4,MIN_DISTANCE,OK,1.058,6.308,,0,nearest_robot=robot2
171.000,original,-,robot5,MIN_DISTANCE,OK,8.718,6.308,,0,nearest_robot=robot6
171.000,original,-,robot6,MIN_DISTANCE,OK,8.718,6.308,,0,nearest_robot=robot5
171.000,original,-,fleet,MIN_DISTANCE_AVG,OK,6.308,,,0,robots_sampled=6
172.000,original,-,robot1,MIN_DISTANCE,OK,8.555,6.495,,0,nearest_robot=robot2
172.000,original,-,robot2,MIN_DISTANCE,OK,1.058,6.495,,0,nearest_robot=robot4
172.000,original,-,robot3,MIN_DISTANCE,OK,9.953,6.495,,0,nearest_robot=robot5
172.000,original,-,robot4,MIN_DISTANCE,OK,1.058,6.495,,0,nearest_robot=robot2
172.000,original,-,robot5,MIN_DISTANCE,OK,9.173,6.495,,0,nearest_robot=robot6
172.000,original,-,robot6,MIN_DISTANCE,OK,9.173,6.495,,0,nearest_robot=robot5
172.000,original,-,fleet,MIN_DISTANCE_AVG,OK,6.495,,,0,robots_sampled=6
173.000,original,-,robot1,MIN_DISTANCE,OK,8.633,6.678,,0,nearest_robot=robot2
173.000,original,-,robot2,MIN_DISTANCE,OK,1.058,6.678,,0,nearest_robot=robot4
173.000,original,-,robot3,MIN_DISTANCE,OK,10.075,6.678,,0,nearest_robot=robot5
173.000,original,-,robot4,MIN_DISTANCE,OK,1.058,6.678,,0,nearest_robot=robot2
173.000,original,-,robot5,MIN_DISTANCE,OK,9.623,6.678,,0,nearest_robot=robot6
173.000,original,-,robot6,MIN_DISTANCE,OK,9.623,6.678,,0,nearest_robot=robot5
173.000,original,-,fleet,MIN_DISTANCE_AVG,OK,6.678,,,0,robots_sampled=6
174.000,original,-,robot1,MIN_DISTANCE,OK,8.591,6.820,,0,nearest_robot=robot2
174.000,original,-,robot2,MIN_DISTANCE,OK,1.058,6.820,,0,nearest_robot=robot4
174.000,original,-,robot3,MIN_DISTANCE,OK,10.153,6.820,,0,nearest_robot=robot5
174.000,original,-,robot4,MIN_DISTANCE,OK,1.058,6.820,,0,nearest_robot=robot2
174.000,original,-,robot5,MIN_DISTANCE,OK,10.030,6.820,,0,nearest_robot=robot6
174.000,original,-,robot6,MIN_DISTANCE,OK,10.030,6.820,,0,nearest_robot=robot5
174.000,original,-,fleet,MIN_DISTANCE_AVG,OK,6.820,,,0,robots_sampled=6
175.000,original,-,robot1,MIN_DISTANCE,OK,8.621,6.954,,0,nearest_robot=robot2
175.000,original,-,robot2,MIN_DISTANCE,OK,1.058,6.954,,0,nearest_robot=robot4
175.000,original,-,robot3,MIN_DISTANCE,OK,10.254,6.954,,0,nearest_robot=robot5
175.000,original,-,robot4,MIN_DISTANCE,OK,1.058,6.954,,0,nearest_robot=robot2
175.000,original,-,robot5,MIN_DISTANCE,OK,10.254,6.954,,0,nearest_robot=robot3
175.000,original,-,robot6,MIN_DISTANCE,OK,10.479,6.954,,0,nearest_robot=robot5
175.000,original,-,fleet,MIN_DISTANCE_AVG,OK,6.954,,,0,robots_sampled=6
176.000,original,-,robot1,MIN_DISTANCE,OK,8.636,7.056,,0,nearest_robot=robot2
176.000,original,-,robot2,MIN_DISTANCE,OK,1.058,7.056,,0,nearest_robot=robot4
176.000,original,-,robot3,MIN_DISTANCE,OK,10.345,7.056,,0,nearest_robot=robot5
176.000,original,-,robot4,MIN_DISTANCE,OK,1.058,7.056,,0,nearest_robot=robot2
176.000,original,-,robot5,MIN_DISTANCE,OK,10.345,7.056,,0,nearest_robot=robot3
176.000,original,-,robot6,MIN_DISTANCE,OK,10.891,7.056,,0,nearest_robot=robot5
176.000,original,-,fleet,MIN_DISTANCE_AVG,OK,7.056,,,0,robots_sampled=6
177.000,original,-,fleet,REPLAN_FULL,OK,,,robot1|robot2|robot3|robot4|robot5|robot6,0,original_full_optimization
177.000,original,-,robot1,MIN_DISTANCE,OK,8.626,7.168,,0,nearest_robot=robot2
177.000,original,-,robot2,MIN_DISTANCE,OK,1.058,7.168,,0,nearest_robot=robot4
177.000,original,-,robot3,MIN_DISTANCE,OK,10.469,7.168,,0,nearest_robot=robot5
177.000,original,-,robot4,MIN_DISTANCE,OK,1.058,7.168,,0,nearest_robot=robot2
177.000,original,-,robot5,MIN_DISTANCE,OK,10.469,7.168,,0,nearest_robot=robot3
177.000,original,-,robot6,MIN_DISTANCE,OK,11.325,7.168,,0,nearest_robot=robot5
177.000,original,-,fleet,MIN_DISTANCE_AVG,OK,7.168,,,0,robots_sampled=6
178.000,original,-,robot1,MIN_DISTANCE,OK,8.626,7.261,,0,nearest_robot=robot2
178.000,original,-,robot2,MIN_DISTANCE,OK,1.058,7.261,,0,nearest_robot=robot4
178.000,original,-,robot3,MIN_DISTANCE,OK,10.569,7.261,,0,nearest_robot=robot5
178.000,original,-,robot4,MIN_DISTANCE,OK,1.058,7.261,,0,nearest_robot=robot2
178.000,original,-,robot5,MIN_DISTANCE,OK,10.569,7.261,,0,nearest_robot=robot3
178.000,original,-,robot6,MIN_DISTANCE,OK,11.687,7.261,,0,nearest_robot=robot5
178.000,original,-,fleet,MIN_DISTANCE_AVG,OK,7.261,,,0,robots_sampled=6
179.000,original,-,robot1,MIN_DISTANCE,OK,8.626,7.346,,0,nearest_robot=robot2
179.000,original,-,robot2,MIN_DISTANCE,OK,1.058,7.346,,0,nearest_robot=robot4
179.000,original,-,robot3,MIN_DISTANCE,OK,10.703,7.346,,0,nearest_robot=robot5
179.000,original,-,robot4,MIN_DISTANCE,OK,1.058,7.346,,0,nearest_robot=robot2
179.000,original,-,robot5,MIN_DISTANCE,OK,10.703,7.346,,0,nearest_robot=robot3
179.000,original,-,robot6,MIN_DISTANCE,OK,11.928,7.346,,0,nearest_robot=robot5
179.000,original,-,fleet,MIN_DISTANCE_AVG,OK,7.346,,,0,robots_sampled=6
180.000,original,-,robot1,MIN_DISTANCE,OK,8.626,7.414,,0,nearest_robot=robot2
180.000,original,-,robot2,MIN_DISTANCE,OK,1.058,7.414,,0,nearest_robot=robot4
180.000,original,-,robot3,MIN_DISTANCE,OK,10.848,7.414,,0,nearest_robot=robot5
180.000,original,-,robot4,MIN_DISTANCE,OK,1.058,7.414,,0,nearest_robot=robot2
180.000,original,-,robot5,MIN_DISTANCE,OK,10.848,7.414,,0,nearest_robot=robot3
180.000,original,-,robot6,MIN_DISTANCE,OK,12.047,7.414,,0,nearest_robot=robot5
180.000,original,-,fleet,MIN_DISTANCE_AVG,OK,7.414,,,0,robots_sampled=6
181.000,original,-,robot1,MIN_DISTANCE,OK,8.626,7.474,,0,nearest_robot=robot2
181.000,original,-,robot2,MIN_DISTANCE,OK,1.058,7.474,,0,nearest_robot=robot4
181.000,original,-,robot3,MIN_DISTANCE,OK,11.001,7.474,,0,nearest_robot=robot5
181.000,original,-,robot4,MIN_DISTANCE,OK,1.058,7.474,,0,nearest_robot=robot2
181.000,original,-,robot5,MIN_DISTANCE,OK,11.001,7.474,,0,nearest_robot=robot3
181.000,original,-,robot6,MIN_DISTANCE,OK,12.100,7.474,,0,nearest_robot=robot5
181.000,original,-,fleet,MIN_DISTANCE_AVG,OK,7.474,,,0,robots_sampled=6
182.000,original,-,robot1,MIN_DISTANCE,OK,8.626,7.513,,0,nearest_robot=robot2
182.000,original,-,robot2,MIN_DISTANCE,OK,1.058,7.513,,0,nearest_robot=robot4
182.000,original,-,robot3,MIN_DISTANCE,OK,11.187,7.513,,0,nearest_robot=robot5
182.000,original,-,robot4,MIN_DISTANCE,OK,1.058,7.513,,0,nearest_robot=robot2
182.000,original,-,robot5,MIN_DISTANCE,OK,11.168,7.513,,0,nearest_robot=robot2
182.000,original,-,robot6,MIN_DISTANCE,OK,11.980,7.513,,0,nearest_robot=robot3
182.000,original,-,fleet,MIN_DISTANCE_AVG,OK,7.513,,,0,robots_sampled=6
183.000,original,-,robot1,MIN_DISTANCE,OK,8.626,7.435,,0,nearest_robot=robot2
183.000,original,-,robot2,MIN_DISTANCE,OK,1.058,7.435,,0,nearest_robot=robot4
183.000,original,-,robot3,MIN_DISTANCE,OK,11.357,7.435,,0,nearest_robot=robot5
183.000,original,-,robot4,MIN_DISTANCE,OK,1.058,7.435,,0,nearest_robot=robot2
183.000,original,-,robot5,MIN_DISTANCE,OK,10.748,7.435,,0,nearest_robot=robot2
183.000,original,-,robot6,MIN_DISTANCE,OK,11.763,7.435,,0,nearest_robot=robot3
183.000,original,-,fleet,MIN_DISTANCE_AVG,OK,7.435,,,0,robots_sampled=6
184.000,original,-,robot1,MIN_DISTANCE,OK,8.626,7.355,,0,nearest_robot=robot2
184.000,original,-,robot2,MIN_DISTANCE,OK,1.058,7.355,,0,nearest_robot=robot4
184.000,original,-,robot3,MIN_DISTANCE,OK,11.534,7.355,,0,nearest_robot=robot5
184.000,original,-,robot4,MIN_DISTANCE,OK,1.058,7.355,,0,nearest_robot=robot2
184.000,original,-,robot5,MIN_DISTANCE,OK,10.297,7.355,,0,nearest_robot=robot2
184.000,original,-,robot6,MIN_DISTANCE,OK,11.557,7.355,,0,nearest_robot=robot3
184.000,original,-,fleet,MIN_DISTANCE_AVG,OK,7.355,,,0,robots_sampled=6
185.000,original,-,robot1,MIN_DISTANCE,OK,8.626,7.236,,0,nearest_robot=robot2
185.000,original,-,robot2,MIN_DISTANCE,OK,1.058,7.236,,0,nearest_robot=robot4
185.000,original,-,robot3,MIN_DISTANCE,OK,11.395,7.236,,0,nearest_robot=robot6
185.000,original,-,robot4,MIN_DISTANCE,OK,1.058,7.236,,0,nearest_robot=robot2
185.000,original,-,robot5,MIN_DISTANCE,OK,9.884,7.236,,0,nearest_robot=robot2
185.000,original,-,robot6,MIN_DISTANCE,OK,11.395,7.236,,0,nearest_robot=robot3
185.000,original,-,fleet,MIN_DISTANCE_AVG,OK,7.236,,,0,robots_sampled=6
186.000,original,-,robot1,MIN_DISTANCE,OK,8.626,7.148,,0,nearest_robot=robot2
186.000,original,-,robot2,MIN_DISTANCE,OK,1.058,7.148,,0,nearest_robot=robot4
186.000,original,-,robot3,MIN_DISTANCE,OK,11.256,7.148,,0,nearest_robot=robot6
186.000,original,-,robot4,MIN_DISTANCE,OK,1.058,7.148,,0,nearest_robot=robot2
186.000,original,-,robot5,MIN_DISTANCE,OK,9.635,7.148,,0,nearest_robot=robot2
186.000,original,-,robot6,MIN_DISTANCE,OK,11.256,7.148,,0,nearest_robot=robot3
186.000,original,-,fleet,MIN_DISTANCE_AVG,OK,7.148,,,0,robots_sampled=6
187.000,original,-,robot1,MIN_DISTANCE,OK,8.626,7.086,,0,nearest_robot=robot2
187.000,original,-,robot2,MIN_DISTANCE,OK,1.058,7.086,,0,nearest_robot=robot4
187.000,original,-,robot3,MIN_DISTANCE,OK,11.134,7.086,,0,nearest_robot=robot6
187.000,original,-,robot4,MIN_DISTANCE,OK,1.058,7.086,,0,nearest_robot=robot2
187.000,original,-,robot5,MIN_DISTANCE,OK,9.505,7.086,,0,nearest_robot=robot2
187.000,original,-,robot6,MIN_DISTANCE,OK,11.134,7.086,,0,nearest_robot=robot3
187.000,original,-,fleet,MIN_DISTANCE_AVG,OK,7.086,,,0,robots_sampled=6
188.000,original,-,robot1,MIN_DISTANCE,OK,8.626,7.042,,0,nearest_robot=robot2
188.000,original,-,robot2,MIN_DISTANCE,OK,1.058,7.042,,0,nearest_robot=robot4
188.000,original,-,robot3,MIN_DISTANCE,OK,11.020,7.042,,0,nearest_robot=robot6
188.000,original,-,robot4,MIN_DISTANCE,OK,1.058,7.042,,0,nearest_robot=robot2
188.000,original,-,robot5,MIN_DISTANCE,OK,9.471,7.042,,0,nearest_robot=robot2
188.000,original,-,robot6,MIN_DISTANCE,OK,11.020,7.042,,0,nearest_robot=robot3
188.000,original,-,fleet,MIN_DISTANCE_AVG,OK,7.042,,,0,robots_sampled=6
189.000,original,-,robot1,MIN_DISTANCE,OK,8.626,7.002,,0,nearest_robot=robot2
189.000,original,-,robot2,MIN_DISTANCE,OK,1.058,7.002,,0,nearest_robot=robot4
189.000,original,-,robot3,MIN_DISTANCE,OK,10.898,7.002,,0,nearest_robot=robot6
189.000,original,-,robot4,MIN_DISTANCE,OK,1.058,7.002,,0,nearest_robot=robot2
189.000,original,-,robot5,MIN_DISTANCE,OK,9.470,7.002,,0,nearest_robot=robot2
189.000,original,-,robot6,MIN_DISTANCE,OK,10.898,7.002,,0,nearest_robot=robot3
189.000,original,-,fleet,MIN_DISTANCE_AVG,OK,7.002,,,0,robots_sampled=6
190.000,original,-,robot1,MIN_DISTANCE,OK,8.626,6.939,,0,nearest_robot=robot2
190.000,original,-,robot2,MIN_DISTANCE,OK,1.058,6.939,,0,nearest_robot=robot4
190.000,original,-,robot3,MIN_DISTANCE,OK,10.769,6.939,,0,nearest_robot=robot6
190.000,original,-,robot4,MIN_DISTANCE,OK,1.058,6.939,,0,nearest_robot=robot2
190.000,original,-,robot5,MIN_DISTANCE,OK,9.471,6.939,,0,nearest_robot=robot2
190.000,original,-,robot6,MIN_DISTANCE,OK,10.649,6.939,,0,nearest_robot=robot5
190.000,original,-,fleet,MIN_DISTANCE_AVG,OK,6.939,,,0,robots_sampled=6
191.000,original,-,robot1,MIN_DISTANCE,OK,8.626,6.853,,0,nearest_robot=robot2
191.000,original,-,robot2,MIN_DISTANCE,OK,1.058,6.853,,0,nearest_robot=robot4
191.000,original,-,robot3,MIN_DISTANCE,OK,10.674,6.853,,0,nearest_robot=robot6
191.000,original,-,robot4,MIN_DISTANCE,OK,1.058,6.853,,0,nearest_robot=robot2
191.000,original,-,robot5,MIN_DISTANCE,OK,9.471,6.853,,0,nearest_robot=robot2
191.000,original,-,robot6,MIN_DISTANCE,OK,10.227,6.853,,0,nearest_robot=robot5
191.000,original,-,fleet,MIN_DISTANCE_AVG,OK,6.853,,,0,robots_sampled=6
192.000,original,-,robot1,MIN_DISTANCE,OK,8.626,6.759,,0,nearest_robot=robot2
192.000,original,-,robot2,MIN_DISTANCE,OK,1.058,6.759,,0,nearest_robot=robot4
192.000,original,-,robot3,MIN_DISTANCE,OK,10.552,6.759,,0,nearest_robot=robot6
192.000,original,-,robot4,MIN_DISTANCE,OK,1.058,6.759,,0,nearest_robot=robot2
192.000,original,-,robot5,MIN_DISTANCE,OK,9.472,6.759,,0,nearest_robot=robot2
192.000,original,-,robot6,MIN_DISTANCE,OK,9.789,6.759,,0,nearest_robot=robot5
192.000,original,-,fleet,MIN_DISTANCE_AVG,OK,6.759,,,0,robots_sampled=6
193.000,original,-,robot1,MIN_DISTANCE,OK,8.626,6.659,,0,nearest_robot=robot2
193.000,original,-,robot2,MIN_DISTANCE,OK,1.058,6.659,,0,nearest_robot=robot4
193.000,original,-,robot3,MIN_DISTANCE,OK,10.457,6.659,,0,nearest_robot=robot6
193.000,original,-,robot4,MIN_DISTANCE,OK,1.058,6.659,,0,nearest_robot=robot2
193.000,original,-,robot5,MIN_DISTANCE,OK,9.377,6.659,,0,nearest_robot=robot6
193.000,original,-,robot6,MIN_DISTANCE,OK,9.377,6.659,,0,nearest_robot=robot5
193.000,original,-,fleet,MIN_DISTANCE_AVG,OK,6.659,,,0,robots_sampled=6
194.000,original,-,robot1,MIN_DISTANCE,OK,8.626,6.507,,0,nearest_robot=robot2
194.000,original,-,robot2,MIN_DISTANCE,OK,1.058,6.507,,0,nearest_robot=robot4
194.000,original,-,robot3,MIN_DISTANCE,OK,10.394,6.507,,0,nearest_robot=robot6
194.000,original,-,robot4,MIN_DISTANCE,OK,1.058,6.507,,0,nearest_robot=robot2
194.000,original,-,robot5,MIN_DISTANCE,OK,8.953,6.507,,0,nearest_robot=robot6
194.000,original,-,robot6,MIN_DISTANCE,OK,8.953,6.507,,0,nearest_robot=robot5
194.000,original,-,fleet,MIN_DISTANCE_AVG,OK,6.507,,,0,robots_sampled=6
195.000,original,-,robot1,MIN_DISTANCE,OK,8.626,6.348,,0,nearest_robot=robot2
195.000,original,-,robot2,MIN_DISTANCE,OK,1.058,6.348,,0,nearest_robot=robot4
195.000,original,-,robot3,MIN_DISTANCE,OK,10.317,6.348,,0,nearest_robot=robot6
195.000,original,-,robot4,MIN_DISTANCE,OK,1.058,6.348,,0,nearest_robot=robot2
195.000,original,-,robot5,MIN_DISTANCE,OK,8.514,6.348,,0,nearest_robot=robot6
195.000,original,-,robot6,MIN_DISTANCE,OK,8.514,6.348,,0,nearest_robot=robot5
195.000,original,-,fleet,MIN_DISTANCE_AVG,OK,6.348,,,0,robots_sampled=6
196.000,original,-,robot1,MIN_DISTANCE,OK,8.626,6.182,,0,nearest_robot=robot2
196.000,original,-,robot2,MIN_DISTANCE,OK,1.058,6.182,,0,nearest_robot=robot4
196.000,original,-,robot3,MIN_DISTANCE,OK,10.233,6.182,,0,nearest_robot=robot6
196.000,original,-,robot4,MIN_DISTANCE,OK,1.058,6.182,,0,nearest_robot=robot2
196.000,original,-,robot5,MIN_DISTANCE,OK,8.058,6.182,,0,nearest_robot=robot6
196.000,original,-,robot6,MIN_DISTANCE,OK,8.058,6.182,,0,nearest_robot=robot5
196.000,original,-,fleet,MIN_DISTANCE_AVG,OK,6.182,,,0,robots_sampled=6
197.000,original,-,robot1,MIN_DISTANCE,OK,8.626,6.023,,0,nearest_robot=robot2
197.000,original,-,robot2,MIN_DISTANCE,OK,1.058,6.023,,0,nearest_robot=robot4
197.000,original,-,robot3,MIN_DISTANCE,OK,10.186,6.023,,0,nearest_robot=robot6
197.000,original,-,robot4,MIN_DISTANCE,OK,1.058,6.023,,0,nearest_robot=robot2
197.000,original,-,robot5,MIN_DISTANCE,OK,7.604,6.023,,0,nearest_robot=robot6
197.000,original,-,robot6,MIN_DISTANCE,OK,7.604,6.023,,0,nearest_robot=robot5
197.000,original,-,fleet,MIN_DISTANCE_AVG,OK,6.023,,,0,robots_sampled=6
198.000,original,-,robot1,MIN_DISTANCE,OK,8.626,5.867,,0,nearest_robot=robot2
198.000,original,-,robot2,MIN_DISTANCE,OK,1.058,5.867,,0,nearest_robot=robot4
198.000,original,-,robot3,MIN_DISTANCE,OK,10.143,5.867,,0,nearest_robot=robot6
198.000,original,-,robot4,MIN_DISTANCE,OK,1.058,5.867,,0,nearest_robot=robot2
198.000,original,-,robot5,MIN_DISTANCE,OK,7.159,5.867,,0,nearest_robot=robot6
198.000,original,-,robot6,MIN_DISTANCE,OK,7.159,5.867,,0,nearest_robot=robot5
198.000,original,-,fleet,MIN_DISTANCE_AVG,OK,5.867,,,0,robots_sampled=6
199.000,original,-,robot1,MIN_DISTANCE,OK,8.626,5.717,,0,nearest_robot=robot2
199.000,original,-,robot2,MIN_DISTANCE,OK,1.058,5.717,,0,nearest_robot=robot4
199.000,original,-,robot3,MIN_DISTANCE,OK,10.108,5.717,,0,nearest_robot=robot6
199.000,original,-,robot4,MIN_DISTANCE,OK,1.058,5.717,,0,nearest_robot=robot2
199.000,original,-,robot5,MIN_DISTANCE,OK,6.724,5.717,,0,nearest_robot=robot6
199.000,original,-,robot6,MIN_DISTANCE,OK,6.724,5.717,,0,nearest_robot=robot5
199.000,original,-,fleet,MIN_DISTANCE_AVG,OK,5.717,,,0,robots_sampled=6
200.000,original,-,robot1,MIN_DISTANCE,OK,8.626,5.578,,0,nearest_robot=robot2
200.000,original,-,robot2,MIN_DISTANCE,OK,1.058,5.578,,0,nearest_robot=robot4
200.000,original,-,robot3,MIN_DISTANCE,OK,10.102,5.578,,0,nearest_robot=robot6
200.000,original,-,robot4,MIN_DISTANCE,OK,1.058,5.578,,0,nearest_robot=robot2
200.000,original,-,robot5,MIN_DISTANCE,OK,6.311,5.578,,0,nearest_robot=robot6
200.000,original,-,robot6,MIN_DISTANCE,OK,6.311,5.578,,0,nearest_robot=robot5
200.000,original,-,fleet,MIN_DISTANCE_AVG,OK,5.578,,,0,robots_sampled=6
201.000,original,-,robot1,MIN_DISTANCE,OK,8.626,5.442,,0,nearest_robot=robot2
201.000,original,-,robot2,MIN_DISTANCE,OK,1.058,5.442,,0,nearest_robot=robot4
201.000,original,-,robot3,MIN_DISTANCE,OK,10.130,5.442,,0,nearest_robot=robot6
201.000,original,-,robot4,MIN_DISTANCE,OK,1.058,5.442,,0,nearest_robot=robot2
201.000,original,-,robot5,MIN_DISTANCE,OK,5.888,5.442,,0,nearest_robot=robot6
201.000,original,-,robot6,MIN_DISTANCE,OK,5.888,5.442,,0,nearest_robot=robot5
201.000,original,-,fleet,MIN_DISTANCE_AVG,OK,5.442,,,0,robots_sampled=6
202.000,original,-,robot1,MIN_DISTANCE,OK,8.637,5.303,,0,nearest_robot=robot2
202.000,original,-,robot2,MIN_DISTANCE,OK,1.063,5.303,,0,nearest_robot=robot4
202.000,original,-,robot3,MIN_DISTANCE,OK,10.180,5.303,,0,nearest_robot=robot6
202.000,original,-,robot4,MIN_DISTANCE,OK,1.063,5.303,,0,nearest_robot=robot2
202.000,original,-,robot5,MIN_DISTANCE,OK,5.439,5.303,,0,nearest_robot=robot6
202.000,original,-,robot6,MIN_DISTANCE,OK,5.439,5.303,,0,nearest_robot=robot5
202.000,original,-,fleet,MIN_DISTANCE_AVG,OK,5.303,,,0,robots_sampled=6
202.500,original,-,fleet,REPLAN_FULL,OK,,,robot1|robot2|robot3|robot4|robot5|robot6,0,original_full_optimization
203.000,original,-,robot1,MIN_DISTANCE,OK,8.742,5.230,,0,nearest_robot=robot2
203.000,original,-,robot2,MIN_DISTANCE,OK,1.170,5.230,,0,nearest_robot=robot4
203.000,original,-,robot3,MIN_DISTANCE,OK,10.273,5.230,,0,nearest_robot=robot6
203.000,original,-,robot4,MIN_DISTANCE,OK,1.170,5.230,,0,nearest_robot=robot2
203.000,original,-,robot5,MIN_DISTANCE,OK,5.011,5.230,,0,nearest_robot=robot6
203.000,original,-,robot6,MIN_DISTANCE,OK,5.011,5.230,,0,nearest_robot=robot5
203.000,original,-,fleet,MIN_DISTANCE_AVG,OK,5.230,,,0,robots_sampled=6
204.000,original,-,robot1,MIN_DISTANCE,OK,8.772,5.217,,0,nearest_robot=robot2
204.000,original,-,robot2,MIN_DISTANCE,OK,1.473,5.217,,0,nearest_robot=robot4
204.000,original,-,robot3,MIN_DISTANCE,OK,10.428,5.217,,0,nearest_robot=robot6
204.000,original,-,robot4,MIN_DISTANCE,OK,1.473,5.217,,0,nearest_robot=robot2
204.000,original,-,robot5,MIN_DISTANCE,OK,4.579,5.217,,0,nearest_robot=robot6
204.000,original,-,robot6,MIN_DISTANCE,OK,4.579,5.217,,0,nearest_robot=robot5
204.000,original,-,fleet,MIN_DISTANCE_AVG,OK,5.217,,,0,robots_sampled=6
205.000,original,-,robot1,MIN_DISTANCE,OK,8.839,5.178,,0,nearest_robot=robot2
205.000,original,-,robot2,MIN_DISTANCE,OK,1.812,5.178,,0,nearest_robot=robot4
205.000,original,-,robot3,MIN_DISTANCE,OK,10.329,5.178,,0,nearest_robot=robot6
205.000,original,-,robot4,MIN_DISTANCE,OK,1.812,5.178,,0,nearest_robot=robot2
205.000,original,-,robot5,MIN_DISTANCE,OK,4.139,5.178,,0,nearest_robot=robot6
205.000,original,-,robot6,MIN_DISTANCE,OK,4.139,5.178,,0,nearest_robot=robot5
205.000,original,-,fleet,MIN_DISTANCE_AVG,OK,5.178,,,0,robots_sampled=6
206.000,original,-,robot1,MIN_DISTANCE,OK,8.865,5.134,,0,nearest_robot=robot2
206.000,original,-,robot2,MIN_DISTANCE,OK,2.211,5.134,,0,nearest_robot=robot4
206.000,original,-,robot3,MIN_DISTANCE,OK,10.157,5.134,,0,nearest_robot=robot6
206.000,original,-,robot4,MIN_DISTANCE,OK,2.211,5.134,,0,nearest_robot=robot2
206.000,original,-,robot5,MIN_DISTANCE,OK,3.680,5.134,,0,nearest_robot=robot6
206.000,original,-,robot6,MIN_DISTANCE,OK,3.680,5.134,,0,nearest_robot=robot5
206.000,original,-,fleet,MIN_DISTANCE_AVG,OK,5.134,,,0,robots_sampled=6
207.000,original,-,robot1,MIN_DISTANCE,OK,9.007,5.126,,0,nearest_robot=robot2
207.000,original,-,robot2,MIN_DISTANCE,OK,2.610,5.126,,0,nearest_robot=robot4
207.000,original,-,robot3,MIN_DISTANCE,OK,10.034,5.126,,0,nearest_robot=robot6
207.000,original,-,robot4,MIN_DISTANCE,OK,2.610,5.126,,0,nearest_robot=robot2
207.000,original,-,robot5,MIN_DISTANCE,OK,3.247,5.126,,0,nearest_robot=robot6
207.000,original,-,robot6,MIN_DISTANCE,OK,3.247,5.126,,0,nearest_robot=robot5
207.000,original,-,fleet,MIN_DISTANCE_AVG,OK,5.126,,,0,robots_sampled=6
208.000,original,-,robot1,MIN_DISTANCE,OK,9.505,5.186,,0,nearest_robot=robot2
208.000,original,-,robot2,MIN_DISTANCE,OK,2.971,5.186,,0,nearest_robot=robot4
208.000,original,-,robot3,MIN_DISTANCE,OK,9.953,5.186,,0,nearest_robot=robot6
208.000,original,-,robot4,MIN_DISTANCE,OK,2.971,5.186,,0,nearest_robot=robot2
208.000,original,-,robot5,MIN_DISTANCE,OK,2.858,5.186,,0,nearest_robot=robot6
208.000,original,-,robot6,MIN_DISTANCE,OK,2.858,5.186,,0,nearest_robot=robot5
208.000,original,-,fleet,MIN_DISTANCE_AVG,OK,5.186,,,0,robots_sampled=6
209.000,original,-,robot1,MIN_DISTANCE,OK,9.985,5.252,,0,nearest_robot=robot2
209.000,original,-,robot2,MIN_DISTANCE,OK,3.372,5.252,,0,nearest_robot=robot4
209.000,original,-,robot3,MIN_DISTANCE,OK,9.902,5.252,,0,nearest_robot=robot6
209.000,original,-,robot4,MIN_DISTANCE,OK,3.372,5.252,,0,nearest_robot=robot2
209.000,original,-,robot5,MIN_DISTANCE,OK,2.440,5.252,,0,nearest_robot=robot6
209.000,original,-,robot6,MIN_DISTANCE,OK,2.440,5.252,,0,nearest_robot=robot5
209.000,original,-,fleet,MIN_DISTANCE_AVG,OK,5.252,,,0,robots_sampled=6
210.000,original,-,robot1,MIN_DISTANCE,OK,10.458,5.288,,0,nearest_robot=robot2
210.000,original,-,robot2,MIN_DISTANCE,OK,3.708,5.288,,0,nearest_robot=robot4
210.000,original,-,robot3,MIN_DISTANCE,OK,9.835,5.288,,0,nearest_robot=robot6
210.000,original,-,robot4,MIN_DISTANCE,OK,3.708,5.288,,0,nearest_robot=robot2
210.000,original,-,robot5,MIN_DISTANCE,OK,2.010,5.288,,0,nearest_robot=robot6
210.000,original,-,robot6,MIN_DISTANCE,OK,2.010,5.288,,0,nearest_robot=robot5
210.000,original,-,fleet,MIN_DISTANCE_AVG,OK,5.288,,,0,robots_sampled=6
211.000,original,-,robot1,MIN_DISTANCE,OK,10.913,5.317,,0,nearest_robot=robot2
211.000,original,-,robot2,MIN_DISTANCE,OK,4.063,5.317,,0,nearest_robot=robot4
211.000,original,-,robot3,MIN_DISTANCE,OK,9.729,5.317,,0,nearest_robot=robot6
211.000,original,-,robot4,MIN_DISTANCE,OK,4.063,5.317,,0,nearest_robot=robot2
211.000,original,-,robot5,MIN_DISTANCE,OK,1.568,5.317,,0,nearest_robot=robot6
211.000,original,-,robot6,MIN_DISTANCE,OK,1.568,5.317,,0,nearest_robot=robot5
211.000,original,-,fleet,MIN_DISTANCE_AVG,OK,5.317,,,0,robots_sampled=6
212.000,original,-,robot1,MIN_DISTANCE,OK,11.347,5.422,,0,nearest_robot=robot2
212.000,original,-,robot2,MIN_DISTANCE,OK,4.613,5.422,,0,nearest_robot=robot4
212.000,original,-,robot3,MIN_DISTANCE,OK,9.679,5.422,,0,nearest_robot=robot6
212.000,original,-,robot4,MIN_DISTANCE,OK,4.613,5.422,,0,nearest_robot=robot2
212.000,original,-,robot5,MIN_DISTANCE,OK,1.140,5.422,,0,nearest_robot=robot6
212.000,original,-,robot6,MIN_DISTANCE,OK,1.140,5.422,,0,nearest_robot=robot5
212.000,original,-,fleet,MIN_DISTANCE_AVG,OK,5.422,,,0,robots_sampled=6
213.000,original,-,robot1,MIN_DISTANCE,OK,11.805,5.556,,0,nearest_robot=robot2
213.000,original,-,robot2,MIN_DISTANCE,OK,5.191,5.556,,0,nearest_robot=robot4
213.000,original,-,robot3,MIN_DISTANCE,OK,9.496,5.556,,0,nearest_robot=robot2
213.000,original,-,robot4,MIN_DISTANCE,OK,5.191,5.556,,0,nearest_robot=robot2
213.000,original,-,robot5,MIN_DISTANCE,OK,0.828,5.556,,0,nearest_robot=robot6
213.000,original,-,robot6,MIN_DISTANCE,OK,0.828,5.556,,0,nearest_robot=robot5
213.000,original,-,fleet,MIN_DISTANCE_AVG,OK,5.556,,,0,robots_sampled=6
214.000,original,-,robot1,MIN_DISTANCE,OK,12.264,5.695,,0,nearest_robot=robot2
214.000,original,-,robot2,MIN_DISTANCE,OK,5.907,5.695,,0,nearest_robot=robot4
214.000,original,-,robot3,MIN_DISTANCE,OK,8.721,5.695,,0,nearest_robot=robot2
214.000,original,-,robot4,MIN_DISTANCE,OK,5.907,5.695,,0,nearest_robot=robot2
214.000,original,-,robot5,MIN_DISTANCE,OK,0.685,5.695,,0,nearest_robot=robot6
214.000,original,-,robot6,MIN_DISTANCE,OK,0.685,5.695,,0,nearest_robot=robot5
214.000,original,-,fleet,MIN_DISTANCE_AVG,OK,5.695,,,0,robots_sampled=6
215.000,original,-,robot1,MIN_DISTANCE,OK,12.746,5.723,,0,nearest_robot=robot2
215.000,original,-,robot2,MIN_DISTANCE,OK,6.222,5.723,,0,nearest_robot=robot4
215.000,original,-,robot3,MIN_DISTANCE,OK,7.927,5.723,,0,nearest_robot=robot2
215.000,original,-,robot4,MIN_DISTANCE,OK,6.222,5.723,,0,nearest_robot=robot2
215.000,original,-,robot5,MIN_DISTANCE,OK,0.612,5.723,,0,nearest_robot=robot6
215.000,original,-,robot6,MIN_DISTANCE,OK,0.612,5.723,,0,nearest_robot=robot5
215.000,original,-,fleet,MIN_DISTANCE_AVG,OK,5.723,,,0,robots_sampled=6
216.000,original,-,robot1,MIN_DISTANCE,OK,13.102,5.737,,0,nearest_robot=robot5
216.000,original,-,robot2,MIN_DISTANCE,OK,6.464,5.737,,0,nearest_robot=robot4
216.000,original,-,robot3,MIN_DISTANCE,OK,7.105,5.737,,0,nearest_robot=robot2
216.000,original,-,robot4,MIN_DISTANCE,OK,6.464,5.737,,0,nearest_robot=robot2
216.000,original,-,robot5,MIN_DISTANCE,OK,0.644,5.737,,0,nearest_robot=robot6
216.000,original,-,robot6,MIN_DISTANCE,OK,0.644,5.737,,0,nearest_robot=robot5
216.000,original,-,fleet,MIN_DISTANCE_AVG,OK,5.737,,,0,robots_sampled=6
217.000,original,-,robot1,MIN_DISTANCE,OK,13.078,5.633,,0,nearest_robot=robot6
217.000,original,-,robot2,MIN_DISTANCE,OK,6.261,5.633,,0,nearest_robot=robot3
217.000,original,-,robot3,MIN_DISTANCE,OK,6.261,5.633,,0,nearest_robot=robot2
217.000,original,-,robot4,MIN_DISTANCE,OK,6.747,5.633,,0,nearest_robot=robot2
217.000,original,-,robot5,MIN_DISTANCE,OK,0.725,5.633,,0,nearest_robot=robot6
217.000,original,-,robot6,MIN_DISTANCE,OK,0.725,5.633,,0,nearest_robot=robot5
217.000,original,-,fleet,MIN_DISTANCE_AVG,OK,5.633,,,0,robots_sampled=6
218.000,original,-,robot1,MIN_DISTANCE,OK,12.760,5.402,,0,nearest_robot=robot6
218.000,original,-,robot2,MIN_DISTANCE,OK,5.383,5.402,,0,nearest_robot=robot3
218.000,original,-,robot3,MIN_DISTANCE,OK,5.383,5.402,,0,nearest_robot=robot2
218.000,original,-,robot4,MIN_DISTANCE,OK,7.062,5.402,,0,nearest_robot=robot2
218.000,original,-,robot5,MIN_DISTANCE,OK,0.910,5.402,,0,nearest_robot=robot6
218.000,original,-,robot6,MIN_DISTANCE,OK,0.910,5.402,,0,nearest_robot=robot5
218.000,original,-,fleet,MIN_DISTANCE_AVG,OK,5.402,,,0,robots_sampled=6
219.000,original,-,robot1,MIN_DISTANCE,OK,12.384,5.205,,0,nearest_robot=robot6
219.000,original,-,robot2,MIN_DISTANCE,OK,4.560,5.205,,0,nearest_robot=robot3
219.000,original,-,robot3,MIN_DISTANCE,OK,4.560,5.205,,0,nearest_robot=robot2
219.000,original,-,robot4,MIN_DISTANCE,OK,7.370,5.205,,0,nearest_robot=robot2
219.000,original,-,robot5,MIN_DISTANCE,OK,1.179,5.205,,0,nearest_robot=robot6
219.000,original,-,robot6,MIN_DISTANCE,OK,1.179,5.205,,0,nearest_robot=robot5
219.000,original,-,fleet,MIN_DISTANCE_AVG,OK,5.205,,,0,robots_sampled=6
220.000,original,-,robot1,MIN_DISTANCE,OK,11.982,5.011,,0,nearest_robot=robot6
220.000,original,-,robot2,MIN_DISTANCE,OK,3.677,5.011,,0,nearest_robot=robot3
220.000,original,-,robot3,MIN_DISTANCE,OK,3.677,5.011,,0,nearest_robot=robot2
220.000,original,-,robot4,MIN_DISTANCE,OK,7.728,5.011,,0,nearest_robot=robot2
220.000,original,-,robot5,MIN_DISTANCE,OK,1.502,5.011,,0,nearest_robot=robot6
220.000,original,-,robot6,MIN_DISTANCE,OK,1.502,5.011,,0,nearest_robot=robot5
220.000,original,-,fleet,MIN_DISTANCE_AVG,OK,5.011,,,0,robots_sampled=6
221.000,original,-,robot1,MIN_DISTANCE,OK,11.553,4.850,,0,nearest_robot=robot6
221.000,original,-,robot2,MIN_DISTANCE,OK,2.869,4.850,,0,nearest_robot=robot3
221.000,original,-,robot3,MIN_DISTANCE,OK,2.869,4.850,,0,nearest_robot=robot2
221.000,original,-,robot4,MIN_DISTANCE,OK,8.081,4.850,,0,nearest_robot=robot2
221.000,original,-,robot5,MIN_DISTANCE,OK,1.863,4.850,,0,nearest_robot=robot6
221.000,original,-,robot6,MIN_DISTANCE,OK,1.863,4.850,,0,nearest_robot=robot5
221.000,original,-,fleet,MIN_DISTANCE_AVG,OK,4.850,,,0,robots_sampled=6
222.000,original,-,robot1,MIN_DISTANCE,OK,11.147,4.689,,0,nearest_robot=robot6
222.000,original,-,robot2,MIN_DISTANCE,OK,2.020,4.689,,0,nearest_robot=robot3
222.000,original,-,robot3,MIN_DISTANCE,OK,2.020,4.689,,0,nearest_robot=robot2
222.000,original,-,robot4,MIN_DISTANCE,OK,8.454,4.689,,0,nearest_robot=robot2
222.000,original,-,robot5,MIN_DISTANCE,OK,2.245,4.689,,0,nearest_robot=robot6
222.000,original,-,robot6,MIN_DISTANCE,OK,2.245,4.689,,0,nearest_robot=robot5
222.000,original,-,fleet,MIN_DISTANCE_AVG,OK,4.689,,,0,robots_sampled=6
223.000,original,-,robot1,MIN_DISTANCE,OK,10.755,4.578,,0,nearest_robot=robot6
223.000,original,-,robot2,MIN_DISTANCE,OK,1.310,4.578,,0,nearest_robot=robot3
223.000,original,-,robot3,MIN_DISTANCE,OK,1.310,4.578,,0,nearest_robot=robot2
223.000,original,-,robot4,MIN_DISTANCE,OK,8.839,4.578,,0,nearest_robot=robot2
223.000,original,-,robot5,MIN_DISTANCE,OK,2.629,4.578,,0,nearest_robot=robot6
223.000,original,-,robot6,MIN_DISTANCE,OK,2.629,4.578,,0,nearest_robot=robot5
223.000,original,-,fleet,MIN_DISTANCE_AVG,OK,4.578,,,0,robots_sampled=6
224.000,original,-,robot1,MIN_DISTANCE,OK,10.398,4.620,,0,nearest_robot=robot6
224.000,original,-,robot2,MIN_DISTANCE,OK,1.054,4.620,,0,nearest_robot=robot3
224.000,original,-,robot3,MIN_DISTANCE,OK,1.054,4.620,,0,nearest_robot=robot2
224.000,original,-,robot4,MIN_DISTANCE,OK,9.215,4.620,,0,nearest_robot=robot2
224.000,original,-,robot5,MIN_DISTANCE,OK,3.000,4.620,,0,nearest_robot=robot6
224.000,original,-,robot6,MIN_DISTANCE,OK,3.000,4.620,,0,nearest_robot=robot5
224.000,original,-,fleet,MIN_DISTANCE_AVG,OK,4.620,,,0,robots_sampled=6
225.000,original,-,robot1,MIN_DISTANCE,OK,10.083,4.720,,0,nearest_robot=robot6
225.000,original,-,robot2,MIN_DISTANCE,OK,1.344,4.720,,0,nearest_robot=robot3
225.000,original,-,robot3,MIN_DISTANCE,OK,1.344,4.720,,0,nearest_robot=robot2
225.000,original,-,robot4,MIN_DISTANCE,OK,8.851,4.720,,0,nearest_robot=robot3
225.000,original,-,robot5,MIN_DISTANCE,OK,3.350,4.720,,0,nearest_robot=robot6
225.000,original,-,robot6,MIN_DISTANCE,OK,3.350,4.720,,0,nearest_robot=robot5
225.000,original,-,fleet,MIN_DISTANCE_AVG,OK,4.720,,,0,robots_sampled=6
226.000,original,-,robot1,MIN_DISTANCE,OK,9.767,4.911,,0,nearest_robot=robot6
226.000,original,-,robot2,MIN_DISTANCE,OK,1.858,4.911,,0,nearest_robot=robot3
226.000,original,-,robot3,MIN_DISTANCE,OK,1.858,4.911,,0,nearest_robot=robot2
226.000,original,-,robot4,MIN_DISTANCE,OK,8.514,4.911,,0,nearest_robot=robot3
226.000,original,-,robot5,MIN_DISTANCE,OK,3.734,4.911,,0,nearest_robot=robot6
226.000,original,-,robot6,MIN_DISTANCE,OK,3.734,4.911,,0,nearest_robot=robot5
226.000,original,-,fleet,MIN_DISTANCE_AVG,OK,4.911,,,0,robots_sampled=6
227.000,original,-,robot1,MIN_DISTANCE,OK,9.530,5.169,,0,nearest_robot=robot6
227.000,original,-,robot2,MIN_DISTANCE,OK,2.553,5.169,,0,nearest_robot=robot3
227.000,original,-,robot3,MIN_DISTANCE,OK,2.553,5.169,,0,nearest_robot=robot2
227.000,original,-,robot4,MIN_DISTANCE,OK,8.072,5.169,,0,nearest_robot=robot3
227.000,original,-,robot5,MIN_DISTANCE,OK,4.155,5.169,,0,nearest_robot=robot6
227.000,original,-,robot6,MIN_DISTANCE,OK,4.155,5.169,,0,nearest_robot=robot5
227.000,original,-,fleet,MIN_DISTANCE_AVG,OK,5.169,,,0,robots_sampled=6
228.000,original,-,robot1,MIN_DISTANCE,OK,9.322,5.460,,0,nearest_robot=robot6
228.000,original,-,robot2,MIN_DISTANCE,OK,3.257,5.460,,0,nearest_robot=robot3
228.000,original,-,robot3,MIN_DISTANCE,OK,3.257,5.460,,0,nearest_robot=robot2
228.000,original,-,robot4,MIN_DISTANCE,OK,7.685,5.460,,0,nearest_robot=robot3
228.000,original,-,robot5,MIN_DISTANCE,OK,4.620,5.460,,0,nearest_robot=robot6
228.000,original,-,robot6,MIN_DISTANCE,OK,4.620,5.460,,0,nearest_robot=robot5
228.000,original,-,fleet,MIN_DISTANCE_AVG,OK,5.460,,,0,robots_sampled=6
228.500,original,-,fleet,REPLAN_FULL,OK,,,robot1|robot2|robot3|robot4|robot5|robot6,0,original_full_optimization
229.000,original,-,robot1,MIN_DISTANCE,OK,9.186,5.770,,0,nearest_robot=robot6
229.000,original,-,robot2,MIN_DISTANCE,OK,4.015,5.770,,0,nearest_robot=robot3
229.000,original,-,robot3,MIN_DISTANCE,OK,4.015,5.770,,0,nearest_robot=robot2
229.000,original,-,robot4,MIN_DISTANCE,OK,7.281,5.770,,0,nearest_robot=robot3
229.000,original,-,robot5,MIN_DISTANCE,OK,5.061,5.770,,0,nearest_robot=robot6
229.000,original,-,robot6,MIN_DISTANCE,OK,5.061,5.770,,0,nearest_robot=robot5
229.000,original,-,fleet,MIN_DISTANCE_AVG,OK,5.770,,,0,robots_sampled=6
230.000,original,-,robot1,MIN_DISTANCE,OK,9.149,6.034,,0,nearest_robot=robot6
230.000,original,-,robot2,MIN_DISTANCE,OK,4.722,6.034,,0,nearest_robot=robot3
230.000,original,-,robot3,MIN_DISTANCE,OK,4.722,6.034,,0,nearest_robot=robot2
230.000,original,-,robot4,MIN_DISTANCE,OK,6.965,6.034,,0,nearest_robot=robot3
230.000,original,-,robot5,MIN_DISTANCE,OK,5.323,6.034,,0,nearest_robot=robot6
230.000,original,-,robot6,MIN_DISTANCE,OK,5.323,6.034,,0,nearest_robot=robot5
230.000,original,-,fleet,MIN_DISTANCE_AVG,OK,6.034,,,0,robots_sampled=6
231.000,original,-,robot1,MIN_DISTANCE,OK,9.100,6.246,,0,nearest_robot=robot6
231.000,original,-,robot2,MIN_DISTANCE,OK,5.341,6.246,,0,nearest_robot=robot3
231.000,original,-,robot3,MIN_DISTANCE,OK,5.341,6.246,,0,nearest_robot=robot2
231.000,original,-,robot4,MIN_DISTANCE,OK,6.757,6.246,,0,nearest_robot=robot3
231.000,original,-,robot5,MIN_DISTANCE,OK,5.468,6.246,,0,nearest_robot=robot6
231.000,original,-,robot6,MIN_DISTANCE,OK,5.468,6.246,,0,nearest_robot=robot5
231.000,original,-,fleet,MIN_DISTANCE_AVG,OK,6.246,,,0,robots_sampled=6
232.000,original,-,robot1,MIN_DISTANCE,OK,9.028,6.442,,0,nearest_robot=robot6
232.000,original,-,robot2,MIN_DISTANCE,OK,6.042,6.442,,0,nearest_robot=robot3
232.000,original,-,robot3,MIN_DISTANCE,OK,6.042,6.442,,0,nearest_robot=robot2
232.000,original,-,robot4,MIN_DISTANCE,OK,6.515,6.442,,0,nearest_robot=robot3
232.000,original,-,robot5,MIN_DISTANCE,OK,5.511,6.442,,0,nearest_robot=robot6
232.000,original,-,robot6,MIN_DISTANCE,OK,5.511,6.442,,0,nearest_robot=robot5
232.000,original,-,fleet,MIN_DISTANCE_AVG,OK,6.442,,,0,robots_sampled=6
233.000,original,-,robot1,MIN_DISTANCE,OK,8.935,6.534,,0,nearest_robot=robot6
233.000,original,-,robot2,MIN_DISTANCE,OK,6.844,6.534,,0,nearest_robot=robot3
233.000,original,-,robot3,MIN_DISTANCE,OK,6.195,6.534,,0,nearest_robot=robot4
233.000,original,-,robot4,MIN_DISTANCE,OK,6.195,6.534,,0,nearest_robot=robot3
233.000,original,-,robot5,MIN_DISTANCE,OK,5.519,6.534,,0,nearest_robot=robot6
233.000,original,-,robot6,MIN_DISTANCE,OK,5.519,6.534,,0,nearest_robot=robot5
233.000,original,-,fleet,MIN_DISTANCE_AVG,OK,6.534,,,0,robots_sampled=6
234.000,original,-,robot1,MIN_DISTANCE,OK,8.901,6.542,,0,nearest_robot=robot6
234.000,original,-,robot2,MIN_DISTANCE,OK,7.712,6.542,,0,nearest_robot=robot3
234.000,original,-,robot3,MIN_DISTANCE,OK,5.845,6.542,,0,nearest_robot=robot4
234.000,original,-,robot4,MIN_DISTANCE,OK,5.845,6.542,,0,nearest_robot=robot3
234.000,original,-,robot5,MIN_DISTANCE,OK,5.475,6.542,,0,nearest_robot=robot6
234.000,original,-,robot6,MIN_DISTANCE,OK,5.475,6.542,,0,nearest_robot=robot5
234.000,original,-,fleet,MIN_DISTANCE_AVG,OK,6.542,,,0,robots_sampled=6
235.000,original,-,robot1,MIN_DISTANCE,OK,8.902,6.542,,0,nearest_robot=robot6
235.000,original,-,robot2,MIN_DISTANCE,OK,8.601,6.542,,0,nearest_robot=robot3
235.000,original,-,robot3,MIN_DISTANCE,OK,5.540,6.542,,0,nearest_robot=robot4
235.000,original,-,robot4,MIN_DISTANCE,OK,5.540,6.542,,0,nearest_robot=robot3
235.000,original,-,robot5,MIN_DISTANCE,OK,5.334,6.542,,0,nearest_robot=robot6
235.000,original,-,robot6,MIN_DISTANCE,OK,5.334,6.542,,0,nearest_robot=robot5
235.000,original,-,fleet,MIN_DISTANCE_AVG,OK,6.542,,,0,robots_sampled=6
236.000,original,-,robot1,MIN_DISTANCE,OK,8.831,6.508,,0,nearest_robot=robot6
236.000,original,-,robot2,MIN_DISTANCE,OK,9.371,6.508,,0,nearest_robot=robot3
236.000,original,-,robot3,MIN_DISTANCE,OK,5.142,6.508,,0,nearest_robot=robot6
236.000,original,-,robot4,MIN_DISTANCE,OK,5.309,6.508,,0,nearest_robot=robot3
236.000,original,-,robot5,MIN_DISTANCE,OK,5.250,6.508,,0,nearest_robot=robot6
236.000,original,-,robot6,MIN_DISTANCE,OK,5.142,6.508,,0,nearest_robot=robot3
236.000,original,-,fleet,MIN_DISTANCE_AVG,OK,6.508,,,0,robots_sampled=6
237.000,original,-,robot1,MIN_DISTANCE,OK,8.754,6.435,,0,nearest_robot=robot6
237.000,original,-,robot2,MIN_DISTANCE,OK,10.226,6.435,,0,nearest_robot=robot3
237.000,original,-,robot3,MIN_DISTANCE,OK,4.672,6.435,,0,nearest_robot=robot6
237.000,original,-,robot4,MIN_DISTANCE,OK,5.068,6.435,,0,nearest_robot=robot3
237.000,original,-,robot5,MIN_DISTANCE,OK,5.219,6.435,,0,nearest_robot=robot6
237.000,original,-,robot6,MIN_DISTANCE,OK,4.672,6.435,,0,nearest_robot=robot3
237.000,original,-,fleet,MIN_DISTANCE_AVG,OK,6.435,,,0,robots_sampled=6
238.000,original,-,robot1,MIN_DISTANCE,OK,8.815,6.353,,0,nearest_robot=robot6
238.000,original,-,robot2,MIN_DISTANCE,OK,11.027,6.353,,0,nearest_robot=robot3
238.000,original,-,robot3,MIN_DISTANCE,OK,4.093,6.353,,0,nearest_robot=robot6
238.000,original,-,robot4,MIN_DISTANCE,OK,4.870,6.353,,0,nearest_robot=robot3
238.000,original,-,robot5,MIN_DISTANCE,OK,5.221,6.353,,0,nearest_robot=robot6
238.000,original,-,robot6,MIN_DISTANCE,OK,4.093,6.353,,0,nearest_robot=robot3
238.000,original,-,fleet,MIN_DISTANCE_AVG,OK,6.353,,,0,robots_sampled=6
239.000,original,-,robot1,MIN_DISTANCE,OK,9.019,6.274,,0,nearest_robot=robot6
239.000,original,-,robot2,MIN_DISTANCE,OK,11.871,6.274,,0,nearest_robot=robot3
239.000,original,-,robot3,MIN_DISTANCE,OK,3.421,6.274,,0,nearest_robot=robot6
239.000,original,-,robot4,MIN_DISTANCE,OK,4.722,6.274,,0,nearest_robot=robot3
239.000,original,-,robot5,MIN_DISTANCE,OK,5.188,6.274,,0,nearest_robot=robot6
239.000,original,-,robot6,MIN_DISTANCE,OK,3.421,6.274,,0,nearest_robot=robot3
239.000,original,-,fleet,MIN_DISTANCE_AVG,OK,6.274,,,0,robots_sampled=6
240.000,original,-,robot1,MIN_DISTANCE,OK,9.245,6.168,,0,nearest_robot=robot6
240.000,original,-,robot2,MIN_DISTANCE,OK,12.543,6.168,,0,nearest_robot=robot5
240.000,original,-,robot3,MIN_DISTANCE,OK,2.706,6.168,,0,nearest_robot=robot6
240.000,original,-,robot4,MIN_DISTANCE,OK,4.663,6.168,,0,nearest_robot=robot3
240.000,original,-,robot5,MIN_DISTANCE,OK,5.145,6.168,,0,nearest_robot=robot6
240.000,original,-,robot6,MIN_DISTANCE,OK,2.706,6.168,,0,nearest_robot=robot3
240.000,original,-,fleet,MIN_DISTANCE_AVG,OK,6.168,,,0,robots_sampled=6
241.000,original,-,robot1,MIN_DISTANCE,OK,9.103,5.977,,0,nearest_robot=robot5
241.000,original,-,robot2,MIN_DISTANCE,OK,12.992,5.977,,0,nearest_robot=robot5
241.000,original,-,robot3,MIN_DISTANCE,OK,2.017,5.977,,0,nearest_robot=robot6
241.000,original,-,robot4,MIN_DISTANCE,OK,4.632,5.977,,0,nearest_robot=robot3
241.000,original,-,robot5,MIN_DISTANCE,OK,5.103,5.977,,0,nearest_robot=robot6
241.000,original,-,robot6,MIN_DISTANCE,OK,2.017,5.977,,0,nearest_robot=robot3
241.000,original,-,fleet,MIN_DISTANCE_AVG,OK,5.977,,,0,robots_sampled=6
242.000,original,-,robot1,MIN_DISTANCE,OK,8.867,5.785,,0,nearest_robot=robot5
242.000,original,-,robot2,MIN_DISTANCE,OK,13.439,5.785,,0,nearest_robot=robot5
242.000,original,-,robot3,MIN_DISTANCE,OK,1.321,5.785,,0,nearest_robot=robot6
242.000,original,-,robot4,MIN_DISTANCE,OK,4.684,5.785,,0,nearest_robot=robot3
242.000,original,-,robot5,MIN_DISTANCE,OK,5.079,5.785,,0,nearest_robot=robot6
242.000,original,-,robot6,MIN_DISTANCE,OK,1.321,5.785,,0,nearest_robot=robot3
242.000,original,-,fleet,MIN_DISTANCE_AVG,OK,5.785,,,0,robots_sampled=6
243.000,original,-,robot1,MIN_DISTANCE,OK,8.704,5.620,,0,nearest_robot=robot5
243.000,original,-,robot2,MIN_DISTANCE,OK,13.850,5.620,,0,nearest_robot=robot5
243.000,original,-,robot3,MIN_DISTANCE,OK,0.605,5.620,,0,nearest_robot=robot6
243.000,original,-,robot4,MIN_DISTANCE,OK,4.846,5.620,,0,nearest_robot=robot3
243.000,original,-,robot5,MIN_DISTANCE,OK,5.111,5.620,,0,nearest_robot=robot6
243.000,original,-,robot6,MIN_DISTANCE,OK,0.605,5.620,,0,nearest_robot=robot3
243.000,original,-,fleet,MIN_DISTANCE_AVG,OK,5.620,,,0,robots_sampled=6
244.000,original,-,robot1,MIN_DISTANCE,OK,8.580,5.619,,0,nearest_robot=robot5
244.000,original,-,robot2,MIN_DISTANCE,OK,14.331,5.619,,0,nearest_robot=robot5
244.000,original,-,robot3,MIN_DISTANCE,OK,0.470,5.619,,0,nearest_robot=robot6
244.000,original,-,robot4,MIN_DISTANCE,OK,5.055,5.619,,0,nearest_robot=robot3
244.000,original,-,robot5,MIN_DISTANCE,OK,4.810,5.619,,0,nearest_robot=robot6
244.000,original,-,robot6,MIN_DISTANCE,OK,0.470,5.619,,0,nearest_robot=robot3
244.000,original,-,fleet,MIN_DISTANCE_AVG,OK,5.619,,,0,robots_sampled=6
245.000,original,-,robot1,MIN_DISTANCE,OK,8.479,5.777,,0,nearest_robot=robot5
245.000,original,-,robot2,MIN_DISTANCE,OK,14.829,5.777,,0,nearest_robot=robot5
245.000,original,-,robot3,MIN_DISTANCE,OK,0.863,5.777,,0,nearest_robot=robot6
245.000,original,-,robot4,MIN_DISTANCE,OK,5.300,5.777,,0,nearest_robot=robot3
245.000,original,-,robot5,MIN_DISTANCE,OK,4.326,5.777,,0,nearest_robot=robot6
245.000,original,-,robot6,MIN_DISTANCE,OK,0.863,5.777,,0,nearest_robot=robot3
245.000,original,-,fleet,MIN_DISTANCE_AVG,OK,5.777,,,0,robots_sampled=6
246.000,original,-,robot1,MIN_DISTANCE,OK,8.399,5.924,,0,nearest_robot=robot5
246.000,original,-,robot2,MIN_DISTANCE,OK,15.339,5.924,,0,nearest_robot=robot5
246.000,original,-,robot3,MIN_DISTANCE,OK,1.311,5.924,,0,nearest_robot=robot6
246.000,original,-,robot4,MIN_DISTANCE,OK,5.308,5.924,,0,nearest_robot=robot6
246.000,original,-,robot5,MIN_DISTANCE,OK,3.878,5.924,,0,nearest_robot=robot6
246.000,original,-,robot6,MIN_DISTANCE,OK,1.311,5.924,,0,nearest_robot=robot3
246.000,original,-,fleet,MIN_DISTANCE_AVG,OK,5.924,,,0,robots_sampled=6
247.000,original,-,robot1,MIN_DISTANCE,OK,8.359,6.098,,0,nearest_robot=robot5
247.000,original,-,robot2,MIN_DISTANCE,OK,15.915,6.098,,0,nearest_robot=robot5
247.000,original,-,robot3,MIN_DISTANCE,OK,1.788,6.098,,0,nearest_robot=robot6
247.000,original,-,robot4,MIN_DISTANCE,OK,5.308,6.098,,0,nearest_robot=robot6
247.000,original,-,robot5,MIN_DISTANCE,OK,3.432,6.098,,0,nearest_robot=robot6
247.000,original,-,robot6,MIN_DISTANCE,OK,1.788,6.098,,0,nearest_robot=robot3
247.000,original,-,fleet,MIN_DISTANCE_AVG,OK,6.098,,,0,robots_sampled=6
248.000,original,-,robot1,MIN_DISTANCE,OK,8.019,6.213,,0,nearest_robot=robot3
248.000,original,-,robot2,MIN_DISTANCE,OK,16.476,6.213,,0,nearest_robot=robot5
248.000,original,-,robot3,MIN_DISTANCE,OK,2.253,6.213,,0,nearest_robot=robot6
248.000,original,-,robot4,MIN_DISTANCE,OK,5.308,6.213,,0,nearest_robot=robot6
248.000,original,-,robot5,MIN_DISTANCE,OK,2.968,6.213,,0,nearest_robot=robot6
248.000,original,-,robot6,MIN_DISTANCE,OK,2.253,6.213,,0,nearest_robot=robot3
248.000,original,-,fleet,MIN_DISTANCE_AVG,OK,6.213,,,0,robots_sampled=6
249.000,original,-,robot1,MIN_DISTANCE,OK,7.578,6.287,,0,nearest_robot=robot3
249.000,original,-,robot2,MIN_DISTANCE,OK,17.111,6.287,,0,nearest_robot=robot5
249.000,original,-,robot3,MIN_DISTANCE,OK,2.680,6.287,,0,nearest_robot=robot6
249.000,original,-,robot4,MIN_DISTANCE,OK,5.308,6.287,,0,nearest_robot=robot6
249.000,original,-,robot5,MIN_DISTANCE,OK,2.522,6.287,,0,nearest_robot=robot6
249.000,original,-,robot6,MIN_DISTANCE,OK,2.522,6.287,,0,nearest_robot=robot5
249.000,original,-,fleet,MIN_DISTANCE_AVG,OK,6.287,,,0,robots_sampled=6
250.000,original,-,robot1,MIN_DISTANCE,OK,7.114,6.189,,0,nearest_robot=robot3
250.000,original,-,robot2,MIN_DISTANCE,OK,17.748,6.189,,0,nearest_robot=robot5
250.000,original,-,robot3,MIN_DISTANCE,OK,2.824,6.189,,0,nearest_robot=robot5
250.000,original,-,robot4,MIN_DISTANCE,OK,5.308,6.189,,0,nearest_robot=robot6
250.000,original,-,robot5,MIN_DISTANCE,OK,2.071,6.189,,0,nearest_robot=robot6
250.000,original,-,robot6,MIN_DISTANCE,OK,2.071,6.189,,0,nearest_robot=robot5
250.000,original,-,fleet,MIN_DISTANCE_AVG,OK,6.189,,,0,robots_sampled=6
251.000,original,-,robot1,MIN_DISTANCE,OK,6.680,6.068,,0,nearest_robot=robot3
251.000,original,-,robot2,MIN_DISTANCE,OK,18.301,6.068,,0,nearest_robot=robot6
251.000,original,-,robot3,MIN_DISTANCE,OK,2.777,6.068,,0,nearest_robot=robot5
251.000,original,-,robot4,MIN_DISTANCE,OK,5.308,6.068,,0,nearest_robot=robot6
251.000,original,-,robot5,MIN_DISTANCE,OK,1.670,6.068,,0,nearest_robot=robot6
251.000,original,-,robot6,MIN_DISTANCE,OK,1.670,6.068,,0,nearest_robot=robot5
251.000,original,-,fleet,MIN_DISTANCE_AVG,OK,6.068,,,0,robots_sampled=6
252.000,original,-,robot1,MIN_DISTANCE,OK,6.340,5.962,,0,nearest_robot=robot3
252.000,original,-,robot2,MIN_DISTANCE,OK,18.610,5.962,,0,nearest_robot=robot6
252.000,original,-,robot3,MIN_DISTANCE,OK,2.896,5.962,,0,nearest_robot=robot5
252.000,original,-,robot4,MIN_DISTANCE,OK,5.308,5.962,,0,nearest_robot=robot6
252.000,original,-,robot5,MIN_DISTANCE,OK,1.308,5.962,,0,nearest_robot=robot6
252.000,original,-,robot6,MIN_DISTANCE,OK,1.308,5.962,,0,nearest_robot=robot5
252.000,original,-,fleet,MIN_DISTANCE_AVG,OK,5.962,,,0,robots_sampled=6
253.000,original,-,robot1,MIN_DISTANCE,OK,6.075,5.892,,0,nearest_robot=robot3
253.000,original,-,robot2,MIN_DISTANCE,OK,18.742,5.892,,0,nearest_robot=robot6
253.000,original,-,robot3,MIN_DISTANCE,OK,3.097,5.892,,0,nearest_robot=robot5
253.000,original,-,robot4,MIN_DISTANCE,OK,5.308,5.892,,0,nearest_robot=robot6
253.000,original,-,robot5,MIN_DISTANCE,OK,1.065,5.892,,0,nearest_robot=robot6
253.000,original,-,robot6,MIN_DISTANCE,OK,1.065,5.892,,0,nearest_robot=robot5
253.000,original,-,fleet,MIN_DISTANCE_AVG,OK,5.892,,,0,robots_sampled=6
254.000,original,-,fleet,REPLAN_FULL,OK,,,robot1|robot2|robot3|robot4|robot5|robot6,0,original_full_optimization
254.000,original,-,robot1,MIN_DISTANCE,OK,5.742,5.878,,0,nearest_robot=robot3
254.000,original,-,robot2,MIN_DISTANCE,OK,18.773,5.878,,0,nearest_robot=robot6
254.000,original,-,robot3,MIN_DISTANCE,OK,3.515,5.878,,0,nearest_robot=robot5
254.000,original,-,robot4,MIN_DISTANCE,OK,5.308,5.878,,0,nearest_robot=robot6
254.000,original,-,robot5,MIN_DISTANCE,OK,0.964,5.878,,0,nearest_robot=robot6
254.000,original,-,robot6,MIN_DISTANCE,OK,0.964,5.878,,0,nearest_robot=robot5
254.000,original,-,fleet,MIN_DISTANCE_AVG,OK,5.878,,,0,robots_sampled=6
255.000,original,-,robot1,MIN_DISTANCE,OK,5.120,5.921,,0,nearest_robot=robot3
255.000,original,-,robot2,MIN_DISTANCE,OK,18.776,5.921,,0,nearest_robot=robot6
255.000,original,-,robot3,MIN_DISTANCE,OK,4.357,5.921,,0,nearest_robot=robot5
255.000,original,-,robot4,MIN_DISTANCE,OK,5.119,5.921,,0,nearest_robot=robot5
255.000,original,-,robot5,MIN_DISTANCE,OK,1.078,5.921,,0,nearest_robot=robot6
255.000,original,-,robot6,MIN_DISTANCE,OK,1.078,5.921,,0,nearest_robot=robot5
255.000,original,-,fleet,MIN_DISTANCE_AVG,OK,5.921,,,0,robots_sampled=6
256.000,original,-,robot1,MIN_DISTANCE,OK,4.700,5.917,,0,nearest_robot=robot3
256.000,original,-,robot2,MIN_DISTANCE,OK,18.776,5.917,,0,nearest_robot=robot6
256.000,original,-,robot3,MIN_DISTANCE,OK,4.700,5.917,,0,nearest_robot=robot1
256.000,original,-,robot4,MIN_DISTANCE,OK,4.681,5.917,,0,nearest_robot=robot5
256.000,original,-,robot5,MIN_DISTANCE,OK,1.323,5.917,,0,nearest_robot=robot6
256.000,original,-,robot6,MIN_DISTANCE,OK,1.323,5.917,,0,nearest_robot=robot5
256.000,original,-,fleet,MIN_DISTANCE_AVG,OK,5.917,,,0,robots_sampled=6
257.000,original,-,robot1,MIN_DISTANCE,OK,4.355,5.839,,0,nearest_robot=robot3
257.000,original,-,robot2,MIN_DISTANCE,OK,18.777,5.839,,0,nearest_robot=robot6
257.000,original,-,robot3,MIN_DISTANCE,OK,4.355,5.839,,0,nearest_robot=robot1
257.000,original,-,robot4,MIN_DISTANCE,OK,4.213,5.839,,0,nearest_robot=robot5
257.000,original,-,robot5,MIN_DISTANCE,OK,1.666,5.839,,0,nearest_robot=robot6
257.000,original,-,robot6,MIN_DISTANCE,OK,1.666,5.839,,0,nearest_robot=robot5
257.000,original,-,fleet,MIN_DISTANCE_AVG,OK,5.839,,,0,robots_sampled=6
258.000,original,-,robot1,MIN_DISTANCE,OK,4.074,5.785,,0,nearest_robot=robot3
258.000,original,-,robot2,MIN_DISTANCE,OK,18.777,5.785,,0,nearest_robot=robot6
258.000,original,-,robot3,MIN_DISTANCE,OK,4.074,5.785,,0,nearest_robot=robot1
258.000,original,-,robot4,MIN_DISTANCE,OK,3.746,5.785,,0,nearest_robot=robot5
258.000,original,-,robot5,MIN_DISTANCE,OK,2.019,5.785,,0,nearest_robot=robot6
258.000,original,-,robot6,MIN_DISTANCE,OK,2.019,5.785,,0,nearest_robot=robot5
258.000,original,-,fleet,MIN_DISTANCE_AVG,OK,5.785,,,0,robots_sampled=6
259.000,original,-,robot1,MIN_DISTANCE,OK,3.757,5.722,,0,nearest_robot=robot3
259.000,original,-,robot2,MIN_DISTANCE,OK,18.777,5.722,,0,nearest_robot=robot6
259.000,original,-,robot3,MIN_DISTANCE,OK,3.757,5.722,,0,nearest_robot=robot1
259.000,original,-,robot4,MIN_DISTANCE,OK,3.344,5.722,,0,nearest_robot=robot5
259.000,original,-,robot5,MIN_DISTANCE,OK,2.348,5.722,,0,nearest_robot=robot6
259.000,original,-,robot6,MIN_DISTANCE,OK,2.348,5.722,,0,nearest_robot=robot5
259.000,original,-,fleet,MIN_DISTANCE_AVG,OK,5.722,,,0,robots_sampled=6
260.000,original,-,robot1,MIN_DISTANCE,OK,3.481,5.671,,0,nearest_robot=robot3
260.000,original,-,robot2,MIN_DISTANCE,OK,18.777,5.671,,0,nearest_robot=robot6
260.000,original,-,robot3,MIN_DISTANCE,OK,3.481,5.671,,0,nearest_robot=robot1
260.000,original,-,robot4,MIN_DISTANCE,OK,2.937,5.671,,0,nearest_robot=robot5
260.000,original,-,robot5,MIN_DISTANCE,OK,2.676,5.671,,0,nearest_robot=robot6
260.000,original,-,robot6,MIN_DISTANCE,OK,2.676,5.671,,0,nearest_robot=robot5
260.000,original,-,fleet,MIN_DISTANCE_AVG,OK,5.671,,,0,robots_sampled=6
261.000,original,-,robot1,MIN_DISTANCE,OK,3.258,5.552,,0,nearest_robot=robot3
261.000,original,-,robot2,MIN_DISTANCE,OK,18.777,5.552,,0,nearest_robot=robot6
261.000,original,-,robot3,MIN_DISTANCE,OK,3.258,5.552,,0,nearest_robot=robot1
261.000,original,-,robot4,MIN_DISTANCE,OK,2.522,5.552,,0,nearest_robot=robot5
261.000,original,-,robot5,MIN_DISTANCE,OK,2.522,5.552,,0,nearest_robot=robot4
261.000,original,-,robot6,MIN_DISTANCE,OK,2.974,5.552,,0,nearest_robot=robot5
261.000,original,-,fleet,MIN_DISTANCE_AVG,OK,5.552,,,0,robots_sampled=6
262.000,original,-,robot1,MIN_DISTANCE,OK,3.150,5.443,,0,nearest_robot=robot3
262.000,original,-,robot2,MIN_DISTANCE,OK,18.777,5.443,,0,nearest_robot=robot6
262.000,original,-,robot3,MIN_DISTANCE,OK,3.150,5.443,,0,nearest_robot=robot1
262.000,original,-,robot4,MIN_DISTANCE,OK,2.136,5.443,,0,nearest_robot=robot5
262.000,original,-,robot5,MIN_DISTANCE,OK,2.136,5.443,,0,nearest_robot=robot4
262.000,original,-,robot6,MIN_DISTANCE,OK,3.305,5.443,,0,nearest_robot=robot5
262.000,original,-,fleet,MIN_DISTANCE_AVG,OK,5.443,,,0,robots_sampled=6
263.000,original,-,robot1,MIN_DISTANCE,OK,3.135,5.354,,0,nearest_robot=robot3
263.000,original,-,robot2,MIN_DISTANCE,OK,18.777,5.354,,0,nearest_robot=robot6
263.000,original,-,robot3,MIN_DISTANCE,OK,3.135,5.354,,0,nearest_robot=robot1
263.000,original,-,robot4,MIN_DISTANCE,OK,1.709,5.354,,0,nearest_robot=robot5
263.000,original,-,robot5,MIN_DISTANCE,OK,1.709,5.354,,0,nearest_robot=robot4
263.000,original,-,robot6,MIN_DISTANCE,OK,3.662,5.354,,0,nearest_robot=robot5
263.000,original,-,fleet,MIN_DISTANCE_AVG,OK,5.354,,,0,robots_sampled=6
264.000,original,-,robot1,MIN_DISTANCE,OK,3.034,5.237,,0,nearest_robot=robot3
264.000,original,-,robot2,MIN_DISTANCE,OK,18.778,5.237,,0,nearest_robot=robot6
264.000,original,-,robot3,MIN_DISTANCE,OK,3.034,5.237,,0,nearest_robot=robot1
264.000,original,-,robot4,MIN_DISTANCE,OK,1.277,5.237,,0,nearest_robot=robot5
264.000,original,-,robot5,MIN_DISTANCE,OK,1.277,5.237,,0,nearest_robot=robot4
264.000,original,-,robot6,MIN_DISTANCE,OK,4.025,5.237,,0,nearest_robot=robot5
264.000,original,-,fleet,MIN_DISTANCE_AVG,OK,5.237,,,0,robots_sampled=6
265.000,original,-,robot1,MIN_DISTANCE,OK,2.967,5.197,,0,nearest_robot=robot3
265.000,original,-,robot2,MIN_DISTANCE,OK,18.778,5.197,,0,nearest_robot=robot6
265.000,original,-,robot3,MIN_DISTANCE,OK,2.967,5.197,,0,nearest_robot=robot1
265.000,original,-,robot4,MIN_DISTANCE,OK,0.900,5.197,,0,nearest_robot=robot5
265.000,original,-,robot5,MIN_DISTANCE,OK,0.900,5.197,,0,nearest_robot=robot4
265.000,original,-,robot6,MIN_DISTANCE,OK,4.672,5.197,,0,nearest_robot=robot5
265.000,original,-,fleet,MIN_DISTANCE_AVG,OK,5.197,,,0,robots_sampled=6
266.000,original,-,robot1,MIN_DISTANCE,OK,2.842,5.091,,0,nearest_robot=robot3
266.000,original,-,robot2,MIN_DISTANCE,OK,18.778,5.091,,0,nearest_robot=robot6
266.000,original,-,robot3,MIN_DISTANCE,OK,2.842,5.091,,0,nearest_robot=robot1
266.000,original,-,robot4,MIN_DISTANCE,OK,0.673,5.091,,0,nearest_robot=robot5
266.000,original,-,robot5,MIN_DISTANCE,OK,0.673,5.091,,0,nearest_robot=robot4
266.000,original,-,robot6,MIN_DISTANCE,OK,4.740,5.091,,0,nearest_robot=robot5
266.000,original,-,fleet,MIN_DISTANCE_AVG,OK,5.091,,,0,robots_sampled=6
267.000,original,-,robot1,MIN_DISTANCE,OK,2.687,5.002,,0,nearest_robot=robot3
267.000,original,-,robot2,MIN_DISTANCE,OK,18.778,5.002,,0,nearest_robot=robot6
267.000,original,-,robot3,MIN_DISTANCE,OK,2.687,5.002,,0,nearest_robot=robot1
267.000,original,-,robot4,MIN_DISTANCE,OK,0.475,5.002,,0,nearest_robot=robot5
267.000,original,-,robot5,MIN_DISTANCE,OK,0.475,5.002,,0,nearest_robot=robot4
267.000,original,-,robot6,MIN_DISTANCE,OK,4.909,5.002,,0,nearest_robot=robot5
267.000,original,-,fleet,MIN_DISTANCE_AVG,OK,5.002,,,0,robots_sampled=6
268.000,original,-,robot1,MIN_DISTANCE,OK,2.316,4.823,,0,nearest_robot=robot3
268.000,original,-,robot2,MIN_DISTANCE,OK,18.778,4.823,,0,nearest_robot=robot6
268.000,original,-,robot3,MIN_DISTANCE,OK,2.316,4.823,,0,nearest_robot=robot1
268.000,original,-,robot4,MIN_DISTANCE,OK,0.217,4.823,,0,nearest_robot=robot5
268.000,original,-,robot5,MIN_DISTANCE,OK,0.217,4.823,,0,nearest_robot=robot4
268.000,original,-,robot6,MIN_DISTANCE,OK,5.096,4.823,,0,nearest_robot=robot5
268.000,original,-,fleet,MIN_DISTANCE_AVG,OK,4.823,,,0,robots_sampled=6
269.000,original,-,robot1,MIN_DISTANCE,OK,1.947,4.701,,0,nearest_robot=robot3
269.000,original,-,robot2,MIN_DISTANCE,OK,18.778,4.701,,0,nearest_robot=robot6
269.000,original,-,robot3,MIN_DISTANCE,OK,1.947,4.701,,0,nearest_robot=robot1
269.000,original,-,robot4,MIN_DISTANCE,OK,0.224,4.701,,0,nearest_robot=robot5
269.000,original,-,robot5,MIN_DISTANCE,OK,0.224,4.701,,0,nearest_robot=robot4
269.000,original,-,robot6,MIN_DISTANCE,OK,5.083,4.701,,0,nearest_robot=robot5
269.000,original,-,fleet,MIN_DISTANCE_AVG,OK,4.701,,,0,robots_sampled=6
270.000,original,-,robot1,MIN_DISTANCE,OK,1.813,4.656,,0,nearest_robot=robot3
270.000,original,-,robot2,MIN_DISTANCE,OK,18.778,4.656,,0,nearest_robot=robot6
270.000,original,-,robot3,MIN_DISTANCE,OK,1.813,4.656,,0,nearest_robot=robot1
270.000,original,-,robot4,MIN_DISTANCE,OK,0.224,4.656,,0,nearest_robot=robot5
270.000,original,-,robot5,MIN_DISTANCE,OK,0.224,4.656,,0,nearest_robot=robot4
270.000,original,-,robot6,MIN_DISTANCE,OK,5.083,4.656,,0,nearest_robot=robot5
270.000,original,-,fleet,MIN_DISTANCE_AVG,OK,4.656,,,0,robots_sampled=6
271.000,original,-,robot1,MIN_DISTANCE,OK,1.756,4.637,,0,nearest_robot=robot3
271.000,original,-,robot2,MIN_DISTANCE,OK,18.779,4.637,,0,nearest_robot=robot6
271.000,original,-,robot3,MIN_DISTANCE,OK,1.756,4.637,,0,nearest_robot=robot1
271.000,original,-,robot4,MIN_DISTANCE,OK,0.224,4.637,,0,nearest_robot=robot5
271.000,original,-,robot5,MIN_DISTANCE,OK,0.224,4.637,,0,nearest_robot=robot4
271.000,original,-,robot6,MIN_DISTANCE,OK,5.083,4.637,,0,nearest_robot=robot5
271.000,original,-,fleet,MIN_DISTANCE_AVG,OK,4.637,,,0,robots_sampled=6
272.000,original,-,robot1,MIN_DISTANCE,OK,1.793,4.649,,0,nearest_robot=robot3
272.000,original,-,robot2,MIN_DISTANCE,OK,18.779,4.649,,0,nearest_robot=robot6
272.000,original,-,robot3,MIN_DISTANCE,OK,1.793,4.649,,0,nearest_robot=robot1
272.000,original,-,robot4,MIN_DISTANCE,OK,0.225,4.649,,0,nearest_robot=robot5
272.000,original,-,robot5,MIN_DISTANCE,OK,0.225,4.649,,0,nearest_robot=robot4
272.000,original,-,robot6,MIN_DISTANCE,OK,5.083,4.649,,0,nearest_robot=robot5
272.000,original,-,fleet,MIN_DISTANCE_AVG,OK,4.649,,,0,robots_sampled=6
273.000,original,-,robot1,MIN_DISTANCE,OK,1.949,4.702,,0,nearest_robot=robot3
273.000,original,-,robot2,MIN_DISTANCE,OK,18.779,4.702,,0,nearest_robot=robot6
273.000,original,-,robot3,MIN_DISTANCE,OK,1.949,4.702,,0,nearest_robot=robot1
273.000,original,-,robot4,MIN_DISTANCE,OK,0.225,4.702,,0,nearest_robot=robot5
273.000,original,-,robot5,MIN_DISTANCE,OK,0.225,4.702,,0,nearest_robot=robot4
273.000,original,-,robot6,MIN_DISTANCE,OK,5.083,4.702,,0,nearest_robot=robot5
273.000,original,-,fleet,MIN_DISTANCE_AVG,OK,4.702,,,0,robots_sampled=6
274.000,original,-,robot1,MIN_DISTANCE,OK,2.147,4.767,,0,nearest_robot=robot3
274.000,original,-,robot2,MIN_DISTANCE,OK,18.779,4.767,,0,nearest_robot=robot6
274.000,original,-,robot3,MIN_DISTANCE,OK,2.147,4.767,,0,nearest_robot=robot1
274.000,original,-,robot4,MIN_DISTANCE,OK,0.225,4.767,,0,nearest_robot=robot5
274.000,original,-,robot5,MIN_DISTANCE,OK,0.225,4.767,,0,nearest_robot=robot4
274.000,original,-,robot6,MIN_DISTANCE,OK,5.083,4.767,,0,nearest_robot=robot5
274.000,original,-,fleet,MIN_DISTANCE_AVG,OK,4.767,,,0,robots_sampled=6
275.000,original,-,robot1,MIN_DISTANCE,OK,2.431,4.862,,0,nearest_robot=robot3
275.000,original,-,robot2,MIN_DISTANCE,OK,18.779,4.862,,0,nearest_robot=robot6
275.000,original,-,robot3,MIN_DISTANCE,OK,2.431,4.862,,0,nearest_robot=robot1
275.000,original,-,robot4,MIN_DISTANCE,OK,0.225,4.862,,0,nearest_robot=robot5
275.000,original,-,robot5,MIN_DISTANCE,OK,0.225,4.862,,0,nearest_robot=robot4
275.000,original,-,robot6,MIN_DISTANCE,OK,5.083,4.862,,0,nearest_robot=robot5
275.000,original,-,fleet,MIN_DISTANCE_AVG,OK,4.862,,,0,robots_sampled=6
276.000,original,-,robot1,MIN_DISTANCE,OK,2.689,4.948,,0,nearest_robot=robot3
276.000,original,-,robot2,MIN_DISTANCE,OK,18.779,4.948,,0,nearest_robot=robot6
276.000,original,-,robot3,MIN_DISTANCE,OK,2.689,4.948,,0,nearest_robot=robot1
276.000,original,-,robot4,MIN_DISTANCE,OK,0.225,4.948,,0,nearest_robot=robot5
276.000,original,-,robot5,MIN_DISTANCE,OK,0.225,4.948,,0,nearest_robot=robot4
276.000,original,-,robot6,MIN_DISTANCE,OK,5.083,4.948,,0,nearest_robot=robot5
276.000,original,-,fleet,MIN_DISTANCE_AVG,OK,4.948,,,0,robots_sampled=6
277.000,original,-,robot1,MIN_DISTANCE,OK,2.816,4.991,,0,nearest_robot=robot3
277.000,original,-,robot2,MIN_DISTANCE,OK,18.779,4.991,,0,nearest_robot=robot6
277.000,original,-,robot3,MIN_DISTANCE,OK,2.816,4.991,,0,nearest_robot=robot1
277.000,original,-,robot4,MIN_DISTANCE,OK,0.225,4.991,,0,nearest_robot=robot5
277.000,original,-,robot5,MIN_DISTANCE,OK,0.225,4.991,,0,nearest_robot=robot4
277.000,original,-,robot6,MIN_DISTANCE,OK,5.083,4.991,,0,nearest_robot=robot5
277.000,original,-,fleet,MIN_DISTANCE_AVG,OK,4.991,,,0,robots_sampled=6
278.000,original,-,robot1,MIN_DISTANCE,OK,2.833,4.996,,0,nearest_robot=robot3
278.000,original,-,robot2,MIN_DISTANCE,OK,18.780,4.996,,0,nearest_robot=robot6
278.000,original,-,robot3,MIN_DISTANCE,OK,2.833,4.996,,0,nearest_robot=robot1
278.000,original,-,robot4,MIN_DISTANCE,OK,0.225,4.996,,0,nearest_robot=robot5
278.000,original,-,robot5,MIN_DISTANCE,OK,0.225,4.996,,0,nearest_robot=robot4
278.000,original,-,robot6,MIN_DISTANCE,OK,5.083,4.996,,0,nearest_robot=robot5
278.000,original,-,fleet,MIN_DISTANCE_AVG,OK,4.996,,,0,robots_sampled=6
279.000,original,-,robot1,MIN_DISTANCE,OK,2.871,5.010,,0,nearest_robot=robot3
279.000,original,-,robot2,MIN_DISTANCE,OK,18.770,5.010,,0,nearest_robot=robot6
279.000,original,-,robot3,MIN_DISTANCE,OK,2.871,5.010,,0,nearest_robot=robot1
279.000,original,-,robot4,MIN_DISTANCE,OK,0.225,5.010,,0,nearest_robot=robot5
279.000,original,-,robot5,MIN_DISTANCE,OK,0.225,5.010,,0,nearest_robot=robot4
279.000,original,-,robot6,MIN_DISTANCE,OK,5.094,5.010,,0,nearest_robot=robot5
279.000,original,-,fleet,MIN_DISTANCE_AVG,OK,5.010,,,0,robots_sampled=6
279.500,original,-,fleet,REPLAN_FULL,OK,,,robot1|robot2|robot3|robot4|robot5|robot6,0,original_full_optimization
280.000,original,-,robot1,MIN_DISTANCE,OK,2.940,5.036,,0,nearest_robot=robot3
280.000,original,-,robot2,MIN_DISTANCE,OK,18.735,5.036,,0,nearest_robot=robot6
280.000,original,-,robot3,MIN_DISTANCE,OK,2.940,5.036,,0,nearest_robot=robot1
280.000,original,-,robot4,MIN_DISTANCE,OK,0.226,5.036,,0,nearest_robot=robot5
280.000,original,-,robot5,MIN_DISTANCE,OK,0.226,5.036,,0,nearest_robot=robot4
280.000,original,-,robot6,MIN_DISTANCE,OK,5.151,5.036,,0,nearest_robot=robot5
280.000,original,-,fleet,MIN_DISTANCE_AVG,OK,5.036,,,0,robots_sampled=6
281.000,original,-,robot1,MIN_DISTANCE,OK,2.894,5.018,,0,nearest_robot=robot3
281.000,original,-,robot2,MIN_DISTANCE,OK,18.621,5.018,,0,nearest_robot=robot6
281.000,original,-,robot3,MIN_DISTANCE,OK,2.894,5.018,,0,nearest_robot=robot1
281.000,original,-,robot4,MIN_DISTANCE,OK,0.226,5.018,,0,nearest_robot=robot5
281.000,original,-,robot5,MIN_DISTANCE,OK,0.226,5.018,,0,nearest_robot=robot4
281.000,original,-,robot6,MIN_DISTANCE,OK,5.251,5.018,,0,nearest_robot=robot5
281.000,original,-,fleet,MIN_DISTANCE_AVG,OK,5.018,,,0,robots_sampled=6
282.000,original,-,robot1,MIN_DISTANCE,OK,2.887,4.973,,0,nearest_robot=robot3
282.000,original,-,robot2,MIN_DISTANCE,OK,18.300,4.973,,0,nearest_robot=robot6
282.000,original,-,robot3,MIN_DISTANCE,OK,2.887,4.973,,0,nearest_robot=robot1
282.000,original,-,robot4,MIN_DISTANCE,OK,0.226,4.973,,0,nearest_robot=robot5
282.000,original,-,robot5,MIN_DISTANCE,OK,0.226,4.973,,0,nearest_robot=robot4
282.000,original,-,robot6,MIN_DISTANCE,OK,5.310,4.973,,0,nearest_robot=robot5
282.000,original,-,fleet,MIN_DISTANCE_AVG,OK,4.973,,,0,robots_sampled=6
283.000,original,-,robot1,MIN_DISTANCE,OK,2.887,4.900,,0,nearest_robot=robot3
283.000,original,-,robot2,MIN_DISTANCE,OK,17.863,4.900,,0,nearest_robot=robot6
283.000,original,-,robot3,MIN_DISTANCE,OK,2.887,4.900,,0,nearest_robot=robot1
283.000,original,-,robot4,MIN_DISTANCE,OK,0.226,4.900,,0,nearest_robot=robot5
283.000,original,-,robot5,MIN_DISTANCE,OK,0.226,4.900,,0,nearest_robot=robot4
283.000,original,-,robot6,MIN_DISTANCE,OK,5.309,4.900,,0,nearest_robot=robot5
283.000,original,-,fleet,MIN_DISTANCE_AVG,OK,4.900,,,0,robots_sampled=6
284.000,original,-,robot1,MIN_DISTANCE,OK,2.887,4.819,,0,nearest_robot=robot3
284.000,original,-,robot2,MIN_DISTANCE,OK,17.402,4.819,,0,nearest_robot=robot6
284.000,original,-,robot3,MIN_DISTANCE,OK,2.887,4.819,,0,nearest_robot=robot1
284.000,original,-,robot4,MIN_DISTANCE,OK,0.226,4.819,,0,nearest_robot=robot5
284.000,original,-,robot5,MIN_DISTANCE,OK,0.226,4.819,,0,nearest_robot=robot4
284.000,original,-,robot6,MIN_DISTANCE,OK,5.288,4.819,,0,nearest_robot=robot5
284.000,original,-,fleet,MIN_DISTANCE_AVG,OK,4.819,,,0,robots_sampled=6
285.000,original,-,robot1,MIN_DISTANCE,OK,2.887,4.739,,0,nearest_robot=robot3
285.000,original,-,robot2,MIN_DISTANCE,OK,16.926,4.739,,0,nearest_robot=robot6
285.000,original,-,robot3,MIN_DISTANCE,OK,2.887,4.739,,0,nearest_robot=robot1
285.000,original,-,robot4,MIN_DISTANCE,OK,0.226,4.739,,0,nearest_robot=robot5
285.000,original,-,robot5,MIN_DISTANCE,OK,0.226,4.739,,0,nearest_robot=robot4
285.000,original,-,robot6,MIN_DISTANCE,OK,5.280,4.739,,0,nearest_robot=robot5
285.000,original,-,fleet,MIN_DISTANCE_AVG,OK,4.739,,,0,robots_sampled=6
286.000,original,-,robot1,MIN_DISTANCE,OK,2.887,4.661,,0,nearest_robot=robot3
286.000,original,-,robot2,MIN_DISTANCE,OK,16.475,4.661,,0,nearest_robot=robot6
286.000,original,-,robot3,MIN_DISTANCE,OK,2.887,4.661,,0,nearest_robot=robot1
286.000,original,-,robot4,MIN_DISTANCE,OK,0.226,4.661,,0,nearest_robot=robot5
286.000,original,-,robot5,MIN_DISTANCE,OK,0.226,4.661,,0,nearest_robot=robot4
286.000,original,-,robot6,MIN_DISTANCE,OK,5.266,4.661,,0,nearest_robot=robot5
286.000,original,-,fleet,MIN_DISTANCE_AVG,OK,4.661,,,0,robots_sampled=6
287.000,original,-,robot1,MIN_DISTANCE,OK,2.887,4.596,,0,nearest_robot=robot3
287.000,original,-,robot2,MIN_DISTANCE,OK,16.071,4.596,,0,nearest_robot=robot6
287.000,original,-,robot3,MIN_DISTANCE,OK,2.887,4.596,,0,nearest_robot=robot1
287.000,original,-,robot4,MIN_DISTANCE,OK,0.226,4.596,,0,nearest_robot=robot5
287.000,original,-,robot5,MIN_DISTANCE,OK,0.226,4.596,,0,nearest_robot=robot4
287.000,original,-,robot6,MIN_DISTANCE,OK,5.276,4.596,,0,nearest_robot=robot5
287.000,original,-,fleet,MIN_DISTANCE_AVG,OK,4.596,,,0,robots_sampled=6
288.000,original,-,robot1,MIN_DISTANCE,OK,2.887,4.523,,0,nearest_robot=robot3
288.000,original,-,robot2,MIN_DISTANCE,OK,15.641,4.523,,0,nearest_robot=robot6
288.000,original,-,robot3,MIN_DISTANCE,OK,2.887,4.523,,0,nearest_robot=robot1
288.000,original,-,robot4,MIN_DISTANCE,OK,0.226,4.523,,0,nearest_robot=robot5
288.000,original,-,robot5,MIN_DISTANCE,OK,0.226,4.523,,0,nearest_robot=robot4
288.000,original,-,robot6,MIN_DISTANCE,OK,5.272,4.523,,0,nearest_robot=robot5
288.000,original,-,fleet,MIN_DISTANCE_AVG,OK,4.523,,,0,robots_sampled=6
289.000,original,-,robot1,MIN_DISTANCE,OK,2.887,4.453,,0,nearest_robot=robot3
289.000,original,-,robot2,MIN_DISTANCE,OK,15.221,4.453,,0,nearest_robot=robot6
289.000,original,-,robot3,MIN_DISTANCE,OK,2.887,4.453,,0,nearest_robot=robot1
289.000,original,-,robot4,MIN_DISTANCE,OK,0.227,4.453,,0,nearest_robot=robot5
289.000,original,-,robot5,MIN_DISTANCE,OK,0.227,4.453,,0,nearest_robot=robot4
289.000,original,-,robot6,MIN_DISTANCE,OK,5.269,4.453,,0,nearest_robot=robot5
289.000,original,-,fleet,MIN_DISTANCE_AVG,OK,4.453,,,0,robots_sampled=6
290.000,original,-,robot1,MIN_DISTANCE,OK,2.887,4.384,,0,nearest_robot=robot3
290.000,original,-,robot2,MIN_DISTANCE,OK,14.806,4.384,,0,nearest_robot=robot6
290.000,original,-,robot3,MIN_DISTANCE,OK,2.887,4.384,,0,nearest_robot=robot1
290.000,original,-,robot4,MIN_DISTANCE,OK,0.227,4.384,,0,nearest_robot=robot5
290.000,original,-,robot5,MIN_DISTANCE,OK,0.227,4.384,,0,nearest_robot=robot4
290.000,original,-,robot6,MIN_DISTANCE,OK,5.269,4.384,,0,nearest_robot=robot5
290.000,original,-,fleet,MIN_DISTANCE_AVG,OK,4.384,,,0,robots_sampled=6
291.000,original,-,robot1,MIN_DISTANCE,OK,2.887,4.321,,0,nearest_robot=robot3
291.000,original,-,robot2,MIN_DISTANCE,OK,14.429,4.321,,0,nearest_robot=robot6
291.000,original,-,robot3,MIN_DISTANCE,OK,2.887,4.321,,0,nearest_robot=robot1
291.000,original,-,robot4,MIN_DISTANCE,OK,0.227,4.321,,0,nearest_robot=robot5
291.000,original,-,robot5,MIN_DISTANCE,OK,0.227,4.321,,0,nearest_robot=robot4
291.000,original,-,robot6,MIN_DISTANCE,OK,5.269,4.321,,0,nearest_robot=robot5
291.000,original,-,fleet,MIN_DISTANCE_AVG,OK,4.321,,,0,robots_sampled=6
292.000,original,-,robot1,MIN_DISTANCE,OK,2.887,4.259,,0,nearest_robot=robot3
292.000,original,-,robot2,MIN_DISTANCE,OK,14.058,4.259,,0,nearest_robot=robot6
292.000,original,-,robot3,MIN_DISTANCE,OK,2.887,4.259,,0,nearest_robot=robot1
292.000,original,-,robot4,MIN_DISTANCE,OK,0.227,4.259,,0,nearest_robot=robot5
292.000,original,-,robot5,MIN_DISTANCE,OK,0.227,4.259,,0,nearest_robot=robot4
292.000,original,-,robot6,MIN_DISTANCE,OK,5.269,4.259,,0,nearest_robot=robot5
292.000,original,-,fleet,MIN_DISTANCE_AVG,OK,4.259,,,0,robots_sampled=6
293.000,original,-,robot1,MIN_DISTANCE,OK,2.887,4.188,,0,nearest_robot=robot3
293.000,original,-,robot2,MIN_DISTANCE,OK,13.632,4.188,,0,nearest_robot=robot6
293.000,original,-,robot3,MIN_DISTANCE,OK,2.887,4.188,,0,nearest_robot=robot1
293.000,original,-,robot4,MIN_DISTANCE,OK,0.227,4.188,,0,nearest_robot=robot5
293.000,original,-,robot5,MIN_DISTANCE,OK,0.227,4.188,,0,nearest_robot=robot4
293.000,original,-,robot6,MIN_DISTANCE,OK,5.269,4.188,,0,nearest_robot=robot5
293.000,original,-,fleet,MIN_DISTANCE_AVG,OK,4.188,,,0,robots_sampled=6
294.000,original,-,robot1,MIN_DISTANCE,OK,2.887,4.121,,0,nearest_robot=robot3
294.000,original,-,robot2,MIN_DISTANCE,OK,13.228,4.121,,0,nearest_robot=robot6
294.000,original,-,robot3,MIN_DISTANCE,OK,2.887,4.121,,0,nearest_robot=robot1
294.000,original,-,robot4,MIN_DISTANCE,OK,0.227,4.121,,0,nearest_robot=robot5
294.000,original,-,robot5,MIN_DISTANCE,OK,0.227,4.121,,0,nearest_robot=robot4
294.000,original,-,robot6,MIN_DISTANCE,OK,5.269,4.121,,0,nearest_robot=robot5
294.000,original,-,fleet,MIN_DISTANCE_AVG,OK,4.121,,,0,robots_sampled=6
295.000,original,-,robot1,MIN_DISTANCE,OK,2.887,4.056,,0,nearest_robot=robot3
295.000,original,-,robot2,MIN_DISTANCE,OK,12.835,4.056,,0,nearest_robot=robot6
295.000,original,-,robot3,MIN_DISTANCE,OK,2.887,4.056,,0,nearest_robot=robot1
295.000,original,-,robot4,MIN_DISTANCE,OK,0.227,4.056,,0,nearest_robot=robot5
295.000,original,-,robot5,MIN_DISTANCE,OK,0.227,4.056,,0,nearest_robot=robot4
295.000,original,-,robot6,MIN_DISTANCE,OK,5.269,4.056,,0,nearest_robot=robot5
295.000,original,-,fleet,MIN_DISTANCE_AVG,OK,4.056,,,0,robots_sampled=6
296.000,original,-,robot1,MIN_DISTANCE,OK,2.887,3.984,,0,nearest_robot=robot3
296.000,original,-,robot2,MIN_DISTANCE,OK,12.402,3.984,,0,nearest_robot=robot6
296.000,original,-,robot3,MIN_DISTANCE,OK,2.887,3.984,,0,nearest_robot=robot1
296.000,original,-,robot4,MIN_DISTANCE,OK,0.227,3.984,,0,nearest_robot=robot5
296.000,original,-,robot5,MIN_DISTANCE,OK,0.227,3.984,,0,nearest_robot=robot4
296.000,original,-,robot6,MIN_DISTANCE,OK,5.269,3.984,,0,nearest_robot=robot5
296.000,original,-,fleet,MIN_DISTANCE_AVG,OK,3.984,,,0,robots_sampled=6
297.000,original,-,robot1,MIN_DISTANCE,OK,2.887,3.917,,0,nearest_robot=robot3
297.000,original,-,robot2,MIN_DISTANCE,OK,12.004,3.917,,0,nearest_robot=robot6
297.000,original,-,robot3,MIN_DISTANCE,OK,2.887,3.917,,0,nearest_robot=robot1
297.000,original,-,robot4,MIN_DISTANCE,OK,0.228,3.917,,0,nearest_robot=robot5
297.000,original,-,robot5,MIN_DISTANCE,OK,0.228,3.917,,0,nearest_robot=robot4
297.000,original,-,robot6,MIN_DISTANCE,OK,5.269,3.917,,0,nearest_robot=robot5
297.000,original,-,fleet,MIN_DISTANCE_AVG,OK,3.917,,,0,robots_sampled=6
298.000,original,-,robot1,MIN_DISTANCE,OK,2.887,3.844,,0,nearest_robot=robot3
298.000,original,-,robot2,MIN_DISTANCE,OK,11.566,3.844,,0,nearest_robot=robot6
298.000,original,-,robot3,MIN_DISTANCE,OK,2.887,3.844,,0,nearest_robot=robot1
298.000,original,-,robot4,MIN_DISTANCE,OK,0.228,3.844,,0,nearest_robot=robot5
298.000,original,-,robot5,MIN_DISTANCE,OK,0.228,3.844,,0,nearest_robot=robot4
298.000,original,-,robot6,MIN_DISTANCE,OK,5.269,3.844,,0,nearest_robot=robot5
298.000,original,-,fleet,MIN_DISTANCE_AVG,OK,3.844,,,0,robots_sampled=6
299.000,original,-,robot1,MIN_DISTANCE,OK,2.887,3.776,,0,nearest_robot=robot3
299.000,original,-,robot2,MIN_DISTANCE,OK,11.153,3.776,,0,nearest_robot=robot6
299.000,original,-,robot3,MIN_DISTANCE,OK,2.887,3.776,,0,nearest_robot=robot1
299.000,original,-,robot4,MIN_DISTANCE,OK,0.228,3.776,,0,nearest_robot=robot5
299.000,original,-,robot5,MIN_DISTANCE,OK,0.228,3.776,,0,nearest_robot=robot4
299.000,original,-,robot6,MIN_DISTANCE,OK,5.269,3.776,,0,nearest_robot=robot5
299.000,original,-,fleet,MIN_DISTANCE_AVG,OK,3.776,,,0,robots_sampled=6
300.000,original,-,robot1,MIN_DISTANCE,OK,2.887,3.706,,0,nearest_robot=robot3
300.000,original,-,robot2,MIN_DISTANCE,OK,10.739,3.706,,0,nearest_robot=robot6
300.000,original,-,robot3,MIN_DISTANCE,OK,2.887,3.706,,0,nearest_robot=robot1
300.000,original,-,robot4,MIN_DISTANCE,OK,0.228,3.706,,0,nearest_robot=robot5
300.000,original,-,robot5,MIN_DISTANCE,OK,0.228,3.706,,0,nearest_robot=robot4
300.000,original,-,robot6,MIN_DISTANCE,OK,5.269,3.706,,0,nearest_robot=robot5
300.000,original,-,fleet,MIN_DISTANCE_AVG,OK,3.706,,,0,robots_sampled=6
301.000,original,-,robot1,MIN_DISTANCE,OK,2.887,3.638,,0,nearest_robot=robot3
301.000,original,-,robot2,MIN_DISTANCE,OK,10.325,3.638,,0,nearest_robot=robot6
301.000,original,-,robot3,MIN_DISTANCE,OK,2.887,3.638,,0,nearest_robot=robot1
301.000,original,-,robot4,MIN_DISTANCE,OK,0.228,3.638,,0,nearest_robot=robot5
301.000,original,-,robot5,MIN_DISTANCE,OK,0.228,3.638,,0,nearest_robot=robot4
301.000,original,-,robot6,MIN_DISTANCE,OK,5.269,3.638,,0,nearest_robot=robot5
301.000,original,-,fleet,MIN_DISTANCE_AVG,OK,3.638,,,0,robots_sampled=6
302.000,original,-,robot1,MIN_DISTANCE,OK,2.887,3.568,,0,nearest_robot=robot3
302.000,original,-,robot2,MIN_DISTANCE,OK,9.908,3.568,,0,nearest_robot=robot6
302.000,original,-,robot3,MIN_DISTANCE,OK,2.887,3.568,,0,nearest_robot=robot1
302.000,original,-,robot4,MIN_DISTANCE,OK,0.228,3.568,,0,nearest_robot=robot5
302.000,original,-,robot5,MIN_DISTANCE,OK,0.228,3.568,,0,nearest_robot=robot4
302.000,original,-,robot6,MIN_DISTANCE,OK,5.269,3.568,,0,nearest_robot=robot5
302.000,original,-,fleet,MIN_DISTANCE_AVG,OK,3.568,,,0,robots_sampled=6
303.000,original,-,robot1,MIN_DISTANCE,OK,2.887,3.506,,0,nearest_robot=robot3
303.000,original,-,robot2,MIN_DISTANCE,OK,9.532,3.506,,0,nearest_robot=robot6
303.000,original,-,robot3,MIN_DISTANCE,OK,2.887,3.506,,0,nearest_robot=robot1
303.000,original,-,robot4,MIN_DISTANCE,OK,0.228,3.506,,0,nearest_robot=robot5
303.000,original,-,robot5,MIN_DISTANCE,OK,0.228,3.506,,0,nearest_robot=robot4
303.000,original,-,robot6,MIN_DISTANCE,OK,5.269,3.506,,0,nearest_robot=robot5
303.000,original,-,fleet,MIN_DISTANCE_AVG,OK,3.506,,,0,robots_sampled=6
304.000,original,-,robot1,MIN_DISTANCE,OK,2.887,3.434,,0,nearest_robot=robot3
304.000,original,-,robot2,MIN_DISTANCE,OK,9.105,3.434,,0,nearest_robot=robot6
304.000,original,-,robot3,MIN_DISTANCE,OK,2.887,3.434,,0,nearest_robot=robot1
304.000,original,-,robot4,MIN_DISTANCE,OK,0.228,3.434,,0,nearest_robot=robot5
304.000,original,-,robot5,MIN_DISTANCE,OK,0.228,3.434,,0,nearest_robot=robot4
304.000,original,-,robot6,MIN_DISTANCE,OK,5.269,3.434,,0,nearest_robot=robot5
304.000,original,-,fleet,MIN_DISTANCE_AVG,OK,3.434,,,0,robots_sampled=6
304.500,original,-,fleet,REPLAN_FULL,OK,,,robot1|robot2|robot3|robot4|robot5|robot6,0,original_full_optimization
305.000,original,-,robot1,MIN_DISTANCE,OK,2.887,3.443,,0,nearest_robot=robot3
305.000,original,-,robot2,MIN_DISTANCE,OK,8.682,3.443,,0,nearest_robot=robot6
305.000,original,-,robot3,MIN_DISTANCE,OK,2.887,3.443,,0,nearest_robot=robot1
305.000,original,-,robot4,MIN_DISTANCE,OK,0.446,3.443,,0,nearest_robot=robot5
305.000,original,-,robot5,MIN_DISTANCE,OK,0.446,3.443,,0,nearest_robot=robot4
305.000,original,-,robot6,MIN_DISTANCE,OK,5.307,3.443,,0,nearest_robot=robot5
305.000,original,-,fleet,MIN_DISTANCE_AVG,OK,3.443,,,0,robots_sampled=6
306.000,original,-,robot1,MIN_DISTANCE,OK,2.887,3.524,,0,nearest_robot=robot3
306.000,original,-,robot2,MIN_DISTANCE,OK,8.260,3.524,,0,nearest_robot=robot6
306.000,original,-,robot3,MIN_DISTANCE,OK,2.887,3.524,,0,nearest_robot=robot1
306.000,original,-,robot4,MIN_DISTANCE,OK,0.890,3.524,,0,nearest_robot=robot5
306.000,original,-,robot5,MIN_DISTANCE,OK,0.890,3.524,,0,nearest_robot=robot4
306.000,original,-,robot6,MIN_DISTANCE,OK,5.328,3.524,,0,nearest_robot=robot5
306.000,original,-,fleet,MIN_DISTANCE_AVG,OK,3.524,,,0,robots_sampled=6
