timestamp,run_id,task_id,robot_id,event,status,allocation_cost,duration,path,collision_flag,message
15.000,original,-,robot1,MIN_DISTANCE,OK,12.510,12.510,,0,nearest_robot=robot2
15.000,original,-,robot2,MIN_DISTANCE,OK,12.510,12.510,,0,nearest_robot=robot1
15.000,original,-,fleet,MIN_DISTANCE_AVG,OK,12.510,,,0,robots_sampled=2
16.000,original,-,robot1,MIN_DISTANCE,OK,12.416,10.587,,0,nearest_robot=robot6
16.000,original,-,robot2,MIN_DISTANCE,OK,12.510,10.587,,0,nearest_robot=robot1
16.000,original,-,robot3,MIN_DISTANCE,OK,6.490,10.587,,0,nearest_robot=robot4
16.000,original,-,robot4,MIN_DISTANCE,OK,6.490,10.587,,0,nearest_robot=robot3
16.000,original,-,robot5,MIN_DISTANCE,OK,13.200,10.587,,0,nearest_robot=robot4
16.000,original,-,robot6,MIN_DISTANCE,OK,12.416,10.587,,0,nearest_robot=robot1
16.000,original,-,fleet,MIN_DISTANCE_AVG,OK,10.587,,,0,robots_sampled=6
17.000,original,-,robot1,MIN_DISTANCE,OK,12.416,10.587,,0,nearest_robot=robot6
17.000,original,-,robot2,MIN_DISTANCE,OK,12.510,10.587,,0,nearest_robot=robot1
17.000,original,-,robot3,MIN_DISTANCE,OK,6.490,10.587,,0,nearest_robot=robot4
17.000,original,-,robot4,MIN_DISTANCE,OK,6.490,10.587,,0,nearest_robot=robot3
17.000,original,-,robot5,MIN_DISTANCE,OK,13.200,10.587,,0,nearest_robot=robot4
17.000,original,-,robot6,MIN_DISTANCE,OK,12.416,10.587,,0,nearest_robot=robot1
17.000,original,-,fleet,MIN_DISTANCE_AVG,OK,10.587,,,0,robots_sampled=6
17.500,original,-,fleet,REPLAN_FULL,OK,,,robot1|robot2|robot3|robot4|robot5|robot6,0,original_full_optimization
18.000,original,-,robot1,MIN_DISTANCE,OK,12.416,10.587,,0,nearest_robot=robot6
18.000,original,-,robot2,MIN_DISTANCE,OK,12.510,10.587,,0,nearest_robot=robot1
18.000,original,-,robot3,MIN_DISTANCE,OK,6.490,10.587,,0,nearest_robot=robot4
18.000,original,-,robot4,MIN_DISTANCE,OK,6.490,10.587,,0,nearest_robot=robot3
18.000,original,-,robot5,MIN_DISTANCE,OK,13.200,10.587,,0,nearest_robot=robot4
18.000,original,-,robot6,MIN_DISTANCE,OK,12.416,10.587,,0,nearest_robot=robot1
18.000,original,-,fleet,MIN_DISTANCE_AVG,OK,10.587,,,0,robots_sampled=6
19.000,original,-,robot1,MIN_DISTANCE,OK,12.416,10.587,,0,nearest_robot=robot6
19.000,original,-,robot2,MIN_DISTANCE,OK,12.510,10.587,,0,nearest_robot=robot1
19.000,original,-,robot3,MIN_DISTANCE,OK,6.490,10.587,,0,nearest_robot=robot4
19.000,original,-,robot4,MIN_DISTANCE,OK,6.490,10.587,,0,nearest_robot=robot3
19.000,original,-,robot5,MIN_DISTANCE,OK,13.200,10.587,,0,nearest_robot=robot4
19.000,original,-,robot6,MIN_DISTANCE,OK,12.416,10.587,,0,nearest_robot=robot1
19.000,original,-,fleet,MIN_DISTANCE_AVG,OK,10.587,,,0,robots_sampled=6
20.000,original,-,robot1,MIN_DISTANCE,OK,12.416,10.587,,0,nearest_robot=robot6
20.000,original,-,robot2,MIN_DISTANCE,OK,12.510,10.587,,0,nearest_robot=robot1
20.000,original,-,robot3,MIN_DISTANCE,OK,6.490,10.587,,0,nearest_robot=robot4
20.000,original,-,robot4,MIN_DISTANCE,OK,6.490,10.587,,0,nearest_robot=robot3
20.000,original,-,robot5,MIN_DISTANCE,OK,13.200,10.587,,0,nearest_robot=robot4
20.000,original,-,robot6,MIN_DISTANCE,OK,12.416,10.587,,0,nearest_robot=robot1
20.000,original,-,fleet,MIN_DISTANCE_AVG,OK,10.587,,,0,robots_sampled=6
21.000,original,-,robot1,MIN_DISTANCE,OK,12.416,10.587,,0,nearest_robot=robot6
21.000,original,-,robot2,MIN_DISTANCE,OK,12.510,10.587,,0,nearest_robot=robot1
21.000,original,-,robot3,MIN_DISTANCE,OK,6.490,10.587,,0,nearest_robot=robot4
21.000,original,-,robot4,MIN_DISTANCE,OK,6.490,10.587,,0,nearest_robot=robot3
21.000,original,-,robot5,MIN_DISTANCE,OK,13.200,10.587,,0,nearest_robot=robot4
21.000,original,-,robot6,MIN_DISTANCE,OK,12.416,10.587,,0,nearest_robot=robot1
21.000,original,-,fleet,MIN_DISTANCE_AVG,OK,10.587,,,0,robots_sampled=6
22.000,original,-,robot1,MIN_DISTANCE,OK,12.416,10.587,,0,nearest_robot=robot6
22.000,original,-,robot2,MIN_DISTANCE,OK,12.510,10.587,,0,nearest_robot=robot1
22.000,original,-,robot3,MIN_DISTANCE,OK,6.490,10.587,,0,nearest_robot=robot4
22.000,original,-,robot4,MIN_DISTANCE,OK,6.490,10.587,,0,nearest_robot=robot3
22.000,original,-,robot5,MIN_DISTANCE,OK,13.200,10.587,,0,nearest_robot=robot4
22.000,original,-,robot6,MIN_DISTANCE,OK,12.416,10.587,,0,nearest_robot=robot1
22.000,original,-,fleet,MIN_DISTANCE_AVG,OK,10.587,,,0,robots_sampled=6
23.000,original,-,robot1,MIN_DISTANCE,OK,12.416,10.587,,0,nearest_robot=robot6
23.000,original,-,robot2,MIN_DISTANCE,OK,12.510,10.587,,0,nearest_robot=robot1
23.000,original,-,robot3,MIN_DISTANCE,OK,6.490,10.587,,0,nearest_robot=robot4
23.000,original,-,robot4,MIN_DISTANCE,OK,6.490,10.587,,0,nearest_robot=robot3
23.000,original,-,robot5,MIN_DISTANCE,OK,13.200,10.587,,0,nearest_robot=robot4
23.000,original,-,robot6,MIN_DISTANCE,OK,12.416,10.587,,0,nearest_robot=robot1
23.000,original,-,fleet,MIN_DISTANCE_AVG,OK,10.587,,,0,robots_sampled=6
24.000,original,-,robot1,MIN_DISTANCE,OK,12.416,10.587,,0,nearest_robot=robot6
24.000,original,-,robot2,MIN_DISTANCE,OK,12.510,10.587,,0,nearest_robot=robot1
24.000,original,-,robot3,MIN_DISTANCE,OK,6.490,10.587,,0,nearest_robot=robot4
24.000,original,-,robot4,MIN_DISTANCE,OK,6.490,10.587,,0,nearest_robot=robot3
24.000,original,-,robot5,MIN_DISTANCE,OK,13.200,10.587,,0,nearest_robot=robot4
24.000,original,-,robot6,MIN_DISTANCE,OK,12.416,10.587,,0,nearest_robot=robot1
24.000,original,-,fleet,MIN_DISTANCE_AVG,OK,10.587,,,0,robots_sampled=6
25.000,original,-,robot1,MIN_DISTANCE,OK,12.416,10.587,,0,nearest_robot=robot6
25.000,original,-,robot2,MIN_DISTANCE,OK,12.510,10.587,,0,nearest_robot=robot1
25.000,original,-,robot3,MIN_DISTANCE,OK,6.490,10.587,,0,nearest_robot=robot4
25.000,original,-,robot4,MIN_DISTANCE,OK,6.490,10.587,,0,nearest_robot=robot3
25.000,original,-,robot5,MIN_DISTANCE,OK,13.200,10.587,,0,nearest_robot=robot4
25.000,original,-,robot6,MIN_DISTANCE,OK,12.416,10.587,,0,nearest_robot=robot1
25.000,original,-,fleet,MIN_DISTANCE_AVG,OK,10.587,,,0,robots_sampled=6
26.000,original,-,robot1,MIN_DISTANCE,OK,12.416,10.587,,0,nearest_robot=robot6
26.000,original,-,robot2,MIN_DISTANCE,OK,12.510,10.587,,0,nearest_robot=robot1
26.000,original,-,robot3,MIN_DISTANCE,OK,6.490,10.587,,0,nearest_robot=robot4
26.000,original,-,robot4,MIN_DISTANCE,OK,6.490,10.587,,0,nearest_robot=robot3
26.000,original,-,robot5,MIN_DISTANCE,OK,13.200,10.587,,0,nearest_robot=robot4
26.000,original,-,robot6,MIN_DISTANCE,OK,12.416,10.587,,0,nearest_robot=robot1
26.000,original,-,fleet,MIN_DISTANCE_AVG,OK,10.587,,,0,robots_sampled=6
27.000,original,-,robot1,MIN_DISTANCE,OK,12.416,10.587,,0,nearest_robot=robot6
27.000,original,-,robot2,MIN_DISTANCE,OK,12.510,10.587,,0,nearest_robot=robot1
27.000,original,-,robot3,MIN_DISTANCE,OK,6.490,10.587,,0,nearest_robot=robot4
27.000,original,-,robot4,MIN_DISTANCE,OK,6.490,10.587,,0,nearest_robot=robot3
27.000,original,-,robot5,MIN_DISTANCE,OK,13.200,10.587,,0,nearest_robot=robot4
27.000,original,-,robot6,MIN_DISTANCE,OK,12.416,10.587,,0,nearest_robot=robot1
27.000,original,-,fleet,MIN_DISTANCE_AVG,OK,10.587,,,0,robots_sampled=6
28.000,original,-,robot1,MIN_DISTANCE,OK,12.416,10.587,,0,nearest_robot=robot6
28.000,original,-,robot2,MIN_DISTANCE,OK,12.510,10.587,,0,nearest_robot=robot1
28.000,original,-,robot3,MIN_DISTANCE,OK,6.490,10.587,,0,nearest_robot=robot4
28.000,original,-,robot4,MIN_DISTANCE,OK,6.490,10.587,,0,nearest_robot=robot3
28.000,original,-,robot5,MIN_DISTANCE,OK,13.200,10.587,,0,nearest_robot=robot4
28.000,original,-,robot6,MIN_DISTANCE,OK,12.416,10.587,,0,nearest_robot=robot1
28.000,original,-,fleet,MIN_DISTANCE_AVG,OK,10.587,,,0,robots_sampled=6
29.000,original,-,robot1,MIN_DISTANCE,OK,12.416,10.587,,0,nearest_robot=robot6
29.000,original,-,robot2,MIN_DISTANCE,OK,12.510,10.587,,0,nearest_robot=robot1
29.000,original,-,robot3,MIN_DISTANCE,OK,6.490,10.587,,0,nearest_robot=robot4
29.000,original,-,robot4,MIN_DISTANCE,OK,6.490,10.587,,0,nearest_robot=robot3
29.000,original,-,robot5,MIN_DISTANCE,OK,13.200,10.587,,0,nearest_robot=robot4
29.000,original,-,robot6,MIN_DISTANCE,OK,12.416,10.587,,0,nearest_robot=robot1
29.000,original,-,fleet,MIN_DISTANCE_AVG,OK,10.587,,,0,robots_sampled=6
30.000,original,-,robot1,MIN_DISTANCE,OK,12.416,10.587,,0,nearest_robot=robot6
30.000,original,-,robot2,MIN_DISTANCE,OK,12.510,10.587,,0,nearest_robot=robot1
30.000,original,-,robot3,MIN_DISTANCE,OK,6.490,10.587,,0,nearest_robot=robot4
30.000,original,-,robot4,MIN_DISTANCE,OK,6.490,10.587,,0,nearest_robot=robot3
30.000,original,-,robot5,MIN_DISTANCE,OK,13.200,10.587,,0,nearest_robot=robot4
30.000,original,-,robot6,MIN_DISTANCE,OK,12.416,10.587,,0,nearest_robot=robot1
30.000,original,-,fleet,MIN_DISTANCE_AVG,OK,10.587,,,0,robots_sampled=6
31.000,original,-,robot1,MIN_DISTANCE,OK,12.416,10.587,,0,nearest_robot=robot6
31.000,original,-,robot2,MIN_DISTANCE,OK,12.510,10.587,,0,nearest_robot=robot1
31.000,original,-,robot3,MIN_DISTANCE,OK,6.490,10.587,,0,nearest_robot=robot4
31.000,original,-,robot4,MIN_DISTANCE,OK,6.490,10.587,,0,nearest_robot=robot3
31.000,original,-,robot5,MIN_DISTANCE,OK,13.200,10.587,,0,nearest_robot=robot4
31.000,original,-,robot6,MIN_DISTANCE,OK,12.416,10.587,,0,nearest_robot=robot1
31.000,original,-,fleet,MIN_DISTANCE_AVG,OK,10.587,,,0,robots_sampled=6
32.000,original,-,robot1,MIN_DISTANCE,OK,12.416,10.587,,0,nearest_robot=robot6
32.000,original,-,robot2,MIN_DISTANCE,OK,12.510,10.587,,0,nearest_robot=robot1
32.000,original,-,robot3,MIN_DISTANCE,OK,6.490,10.587,,0,nearest_robot=robot4
32.000,original,-,robot4,MIN_DISTANCE,OK,6.490,10.587,,0,nearest_robot=robot3
32.000,original,-,robot5,MIN_DISTANCE,OK,13.200,10.587,,0,nearest_robot=robot4
32.000,original,-,robot6,MIN_DISTANCE,OK,12.416,10.587,,0,nearest_robot=robot1
32.000,original,-,fleet,MIN_DISTANCE_AVG,OK,10.587,,,0,robots_sampled=6
33.000,original,-,robot1,MIN_DISTANCE,OK,12.416,10.587,,0,nearest_robot=robot6
33.000,original,-,robot2,MIN_DISTANCE,OK,12.510,10.587,,0,nearest_robot=robot1
33.000,original,-,robot3,MIN_DISTANCE,OK,6.490,10.587,,0,nearest_robot=robot4
33.000,original,-,robot4,MIN_DISTANCE,OK,6.490,10.587,,0,nearest_robot=robot3
33.000,original,-,robot5,MIN_DISTANCE,OK,13.200,10.587,,0,nearest_robot=robot4
33.000,original,-,robot6,MIN_DISTANCE,OK,12.416,10.587,,0,nearest_robot=robot1
33.000,original,-,fleet,MIN_DISTANCE_AVG,OK,10.587,,,0,robots_sampled=6
34.000,original,-,robot1,MIN_DISTANCE,OK,12.416,10.587,,0,nearest_robot=robot6
34.000,original,-,robot2,MIN_DISTANCE,OK,12.510,10.587,,0,nearest_robot=robot1
34.000,original,-,robot3,MIN_DISTANCE,OK,6.490,10.587,,0,nearest_robot=robot4
34.000,original,-,robot4,MIN_DISTANCE,OK,6.490,10.587,,0,nearest_robot=robot3
34.000,original,-,robot5,MIN_DISTANCE,OK,13.200,10.587,,0,nearest_robot=robot4
34.000,original,-,robot6,MIN_DISTANCE,OK,12.416,10.587,,0,nearest_robot=robot1
34.000,original,-,fleet,MIN_DISTANCE_AVG,OK,10.587,,,0,robots_sampled=6
35.000,original,-,robot1,MIN_DISTANCE,OK,12.416,10.587,,0,nearest_robot=robot6
35.000,original,-,robot2,MIN_DISTANCE,OK,12.510,10.587,,0,nearest_robot=robot1
35.000,original,-,robot3,MIN_DISTANCE,OK,6.490,10.587,,0,nearest_robot=robot4
35.000,original,-,robot4,MIN_DISTANCE,OK,6.490,10.587,,0,nearest_robot=robot3
35.000,original,-,robot5,MIN_DISTANCE,OK,13.200,10.587,,0,nearest_robot=robot4
35.000,original,-,robot6,MIN_DISTANCE,OK,12.416,10.587,,0,nearest_robot=robot1
35.000,original,-,fleet,MIN_DISTANCE_AVG,OK,10.587,,,0,robots_sampled=6
36.000,original,-,robot1,MIN_DISTANCE,OK,12.416,10.587,,0,nearest_robot=robot6
36.000,original,-,robot2,MIN_DISTANCE,OK,12.510,10.587,,0,nearest_robot=robot1
36.000,original,-,robot3,MIN_DISTANCE,OK,6.490,10.587,,0,nearest_robot=robot4
36.000,original,-,robot4,MIN_DISTANCE,OK,6.490,10.587,,0,nearest_robot=robot3
36.000,original,-,robot5,MIN_DISTANCE,OK,13.200,10.587,,0,nearest_robot=robot4
36.000,original,-,robot6,MIN_DISTANCE,OK,12.416,10.587,,0,nearest_robot=robot1
36.000,original,-,fleet,MIN_DISTANCE_AVG,OK,10.587,,,0,robots_sampled=6
37.000,original,-,robot1,MIN_DISTANCE,OK,12.416,10.587,,0,nearest_robot=robot6
37.000,original,-,robot2,MIN_DISTANCE,OK,12.510,10.587,,0,nearest_robot=robot1
37.000,original,-,robot3,MIN_DISTANCE,OK,6.490,10.587,,0,nearest_robot=robot4
37.000,original,-,robot4,MIN_DISTANCE,OK,6.490,10.587,,0,nearest_robot=robot3
37.000,original,-,robot5,MIN_DISTANCE,OK,13.200,10.587,,0,nearest_robot=robot4
37.000,original,-,robot6,MIN_DISTANCE,OK,12.416,10.587,,0,nearest_robot=robot1
37.000,original,-,fleet,MIN_DISTANCE_AVG,OK,10.587,,,0,robots_sampled=6
38.000,original,-,robot1,MIN_DISTANCE,OK,12.416,10.587,,0,nearest_robot=robot6
38.000,original,-,robot2,MIN_DISTANCE,OK,12.510,10.587,,0,nearest_robot=robot1
38.000,original,-,robot3,MIN_DISTANCE,OK,6.490,10.587,,0,nearest_robot=robot4
38.000,original,-,robot4,MIN_DISTANCE,OK,6.490,10.587,,0,nearest_robot=robot3
38.000,original,-,robot5,MIN_DISTANCE,OK,13.200,10.587,,0,nearest_robot=robot4
38.000,original,-,robot6,MIN_DISTANCE,OK,12.416,10.587,,0,nearest_robot=robot1
38.000,original,-,fleet,MIN_DISTANCE_AVG,OK,10.587,,,0,robots_sampled=6
39.000,original,-,robot1,MIN_DISTANCE,OK,12.416,10.587,,0,nearest_robot=robot6
39.000,original,-,robot2,MIN_DISTANCE,OK,12.510,10.587,,0,nearest_robot=robot1
39.000,original,-,robot3,MIN_DISTANCE,OK,6.490,10.587,,0,nearest_robot=robot4
39.000,original,-,robot4,MIN_DISTANCE,OK,6.490,10.587,,0,nearest_robot=robot3
39.000,original,-,robot5,MIN_DISTANCE,OK,13.200,10.587,,0,nearest_robot=robot4
39.000,original,-,robot6,MIN_DISTANCE,OK,12.416,10.587,,0,nearest_robot=robot1
39.000,original,-,fleet,MIN_DISTANCE_AVG,OK,10.587,,,0,robots_sampled=6
40.000,original,-,robot1,MIN_DISTANCE,OK,12.416,10.587,,0,nearest_robot=robot6
40.000,original,-,robot2,MIN_DISTANCE,OK,12.510,10.587,,0,nearest_robot=robot1
40.000,original,-,robot3,MIN_DISTANCE,OK,6.490,10.587,,0,nearest_robot=robot4
40.000,original,-,robot4,MIN_DISTANCE,OK,6.490,10.587,,0,nearest_robot=robot3
40.000,original,-,robot5,MIN_DISTANCE,OK,13.200,10.587,,0,nearest_robot=robot4
40.000,original,-,robot6,MIN_DISTANCE,OK,12.416,10.587,,0,nearest_robot=robot1
40.000,original,-,fleet,MIN_DISTANCE_AVG,OK,10.587,,,0,robots_sampled=6
41.000,original,-,robot1,MIN_DISTANCE,OK,12.416,10.587,,0,nearest_robot=robot6
41.000,original,-,robot2,MIN_DISTANCE,OK,12.510,10.587,,0,nearest_robot=robot1
41.000,original,-,robot3,MIN_DISTANCE,OK,6.490,10.587,,0,nearest_robot=robot4
41.000,original,-,robot4,MIN_DISTANCE,OK,6.490,10.587,,0,nearest_robot=robot3
41.000,original,-,robot5,MIN_DISTANCE,OK,13.200,10.587,,0,nearest_robot=robot4
41.000,original,-,robot6,MIN_DISTANCE,OK,12.416,10.587,,0,nearest_robot=robot1
41.000,original,-,fleet,MIN_DISTANCE_AVG,OK,10.587,,,0,robots_sampled=6
42.000,original,-,robot1,MIN_DISTANCE,OK,12.416,10.587,,0,nearest_robot=robot6
42.000,original,-,robot2,MIN_DISTANCE,OK,12.510,10.587,,0,nearest_robot=robot1
42.000,original,-,robot3,MIN_DISTANCE,OK,6.490,10.587,,0,nearest_robot=robot4
42.000,original,-,robot4,MIN_DISTANCE,OK,6.490,10.587,,0,nearest_robot=robot3
42.000,original,-,robot5,MIN_DISTANCE,OK,13.200,10.587,,0,nearest_robot=robot4
42.000,original,-,robot6,MIN_DISTANCE,OK,12.416,10.587,,0,nearest_robot=robot1
42.000,original,-,fleet,MIN_DISTANCE_AVG,OK,10.587,,,0,robots_sampled=6
43.000,original,-,fleet,REPLAN_FULL,OK,,,robot1|robot2|robot3|robot4|robot5|robot6,0,original_full_optimization
43.000,original,-,robot1,MIN_DISTANCE,OK,12.385,10.551,,0,nearest_robot=robot6
43.000,original,-,robot2,MIN_DISTANCE,OK,12.536,10.551,,0,nearest_robot=robot1
43.000,original,-,robot3,MIN_DISTANCE,OK,6.390,10.551,,0,nearest_robot=robot4
43.000,original,-,robot4,MIN_DISTANCE,OK,6.390,10.551,,0,nearest_robot=robot3
43.000,original,-,robot5,MIN_DISTANCE,OK,13.219,10.551,,0,nearest_robot=robot4
43.000,original,-,robot6,MIN_DISTANCE,OK,12.385,10.551,,0,nearest_robot=robot1
43.000,original,-,fleet,MIN_DISTANCE_AVG,OK,10.551,,,0,robots_sampled=6
44.000,original,-,robot1,MIN_DISTANCE,OK,12.332,10.458,,0,nearest_robot=robot6
44.000,original,-,robot2,MIN_DISTANCE,OK,12.634,10.458,,0,nearest_robot=robot1
44.000,original,-,robot3,MIN_DISTANCE,OK,6.088,10.458,,0,nearest_robot=robot4
44.000,original,-,robot4,MIN_DISTANCE,OK,6.088,10.458,,0,nearest_robot=robot3
44.000,original,-,robot5,MIN_DISTANCE,OK,13.273,10.458,,0,nearest_robot=robot4
44.000,original,-,robot6,MIN_DISTANCE,OK,12.332,10.458,,0,nearest_robot=robot1
44.000,original,-,fleet,MIN_DISTANCE_AVG,OK,10.458,,,0,robots_sampled=6
45.000,original,-,robot1,MIN_DISTANCE,OK,12.518,10.324,,0,nearest_robot=robot6
45.000,original,-,robot2,MIN_DISTANCE,OK,12.714,10.324,,0,nearest_robot=robot1
45.000,original,-,robot3,MIN_DISTANCE,OK,5.511,10.324,,0,nearest_robot=robot4
45.000,original,-,robot4,MIN_DISTANCE,OK,5.511,10.324,,0,nearest_robot=robot3
45.000,original,-,robot5,MIN_DISTANCE,OK,13.172,10.324,,0,nearest_robot=robot4
45.000,original,-,robot6,MIN_DISTANCE,OK,12.518,10.324,,0,nearest_robot=robot1
45.000,original,-,fleet,MIN_DISTANCE_AVG,OK,10.324,,,0,robots_sampled=6
46.000,original,-,robot1,MIN_DISTANCE,OK,12.591,10.178,,0,nearest_robot=robot6
46.000,original,-,robot2,MIN_DISTANCE,OK,12.627,10.178,,0,nearest_robot=robot1
46.000,original,-,robot3,MIN_DISTANCE,OK,5.096,10.178,,0,nearest_robot=robot4
46.000,original,-,robot4,MIN_DISTANCE,OK,5.096,10.178,,0,nearest_robot=robot3
46.000,original,-,robot5,MIN_DISTANCE,OK,13.065,10.178,,0,nearest_robot=robot4
46.000,original,-,robot6,MIN_DISTANCE,OK,12.591,10.178,,0,nearest_robot=robot1
46.000,original,-,fleet,MIN_DISTANCE_AVG,OK,10.178,,,0,robots_sampled=6
47.000,original,-,robot1,MIN_DISTANCE,OK,12.626,10.059,,0,nearest_robot=robot6
47.000,original,-,robot2,MIN_DISTANCE,OK,12.790,10.059,,0,nearest_robot=robot1
47.000,original,-,robot3,MIN_DISTANCE,OK,4.657,10.059,,0,nearest_robot=robot4
47.000,original,-,robot4,MIN_DISTANCE,OK,4.657,10.059,,0,nearest_robot=robot3
47.000,original,-,robot5,MIN_DISTANCE,OK,12.996,10.059,,0,nearest_robot=robot4
47.000,original,-,robot6,MIN_DISTANCE,OK,12.626,10.059,,0,nearest_robot=robot1
47.000,original,-,fleet,MIN_DISTANCE_AVG,OK,10.059,,,0,robots_sampled=6
48.000,original,-,robot1,MIN_DISTANCE,OK,12.469,9.829,,0,nearest_robot=robot6
48.000,original,-,robot2,MIN_DISTANCE,OK,12.851,9.829,,0,nearest_robot=robot1
48.000,original,-,robot3,MIN_DISTANCE,OK,4.176,9.829,,0,nearest_robot=robot4
48.000,original,-,robot4,MIN_DISTANCE,OK,4.176,9.829,,0,nearest_robot=robot3
48.000,original,-,robot5,MIN_DISTANCE,OK,12.835,9.829,,0,nearest_robot=robot4
48.000,original,-,robot6,MIN_DISTANCE,OK,12.469,9.829,,0,nearest_robot=robot1
48.000,original,-,fleet,MIN_DISTANCE_AVG,OK,9.829,,,0,robots_sampled=6
49.000,original,-,robot1,MIN_DISTANCE,OK,12.231,9.526,,0,nearest_robot=robot6
49.000,original,-,robot2,MIN_DISTANCE,OK,12.921,9.526,,0,nearest_robot=robot1
49.000,original,-,robot3,MIN_DISTANCE,OK,3.655,9.526,,0,nearest_robot=robot4
49.000,original,-,robot4,MIN_DISTANCE,OK,3.655,9.526,,0,nearest_robot=robot3
49.000,original,-,robot5,MIN_DISTANCE,OK,12.461,9.526,,0,nearest_robot=robot4
49.000,original,-,robot6,MIN_DISTANCE,OK,12.231,9.526,,0,nearest_robot=robot1
49.000,original,-,fleet,MIN_DISTANCE_AVG,OK,9.526,,,0,robots_sampled=6
50.000,original,-,robot1,MIN_DISTANCE,OK,12.079,9.307,,0,nearest_robot=robot6
50.000,original,-,robot2,MIN_DISTANCE,OK,12.974,9.307,,0,nearest_robot=robot1
50.000,original,-,robot3,MIN_DISTANCE,OK,3.347,9.307,,0,nearest_robot=robot4
50.000,original,-,robot4,MIN_DISTANCE,OK,3.347,9.307,,0,nearest_robot=robot3
50.000,original,-,robot5,MIN_DISTANCE,OK,12.017,9.307,,0,nearest_robot=robot4
50.000,original,-,robot6,MIN_DISTANCE,OK,12.079,9.307,,0,nearest_robot=robot1
50.000,original,-,fleet,MIN_DISTANCE_AVG,OK,9.307,,,0,robots_sampled=6
51.000,original,-,robot1,MIN_DISTANCE,OK,12.091,9.082,,0,nearest_robot=robot6
51.000,original,-,robot2,MIN_DISTANCE,OK,12.555,9.082,,0,nearest_robot=robot6
51.000,original,-,robot3,MIN_DISTANCE,OK,3.150,9.082,,0,nearest_robot=robot4
51.000,original,-,robot4,MIN_DISTANCE,OK,3.150,9.082,,0,nearest_robot=robot3
51.000,original,-,robot5,MIN_DISTANCE,OK,11.539,9.082,,0,nearest_robot=robot4
51.000,original,-,robot6,MIN_DISTANCE,OK,12.010,9.082,,0,nearest_robot=robot5
51.000,original,-,fleet,MIN_DISTANCE_AVG,OK,9.082,,,0,robots_sampled=6
52.000,original,-,robot1,MIN_DISTANCE,OK,12.167,8.797,,0,nearest_robot=robot6
52.000,original,-,robot2,MIN_DISTANCE,OK,11.964,8.797,,0,nearest_robot=robot6
52.000,original,-,robot3,MIN_DISTANCE,OK,2.957,8.797,,0,nearest_robot=robot4
52.000,original,-,robot4,MIN_DISTANCE,OK,2.957,8.797,,0,nearest_robot=robot3
52.000,original,-,robot5,MIN_DISTANCE,OK,11.103,8.797,,0,nearest_robot=robot4
52.000,original,-,robot6,MIN_DISTANCE,OK,11.635,8.797,,0,nearest_robot=robot5
52.000,original,-,fleet,MIN_DISTANCE_AVG,OK,8.797,,,0,robots_sampled=6
53.000,original,-,robot1,MIN_DISTANCE,OK,12.297,8.538,,0,nearest_robot=robot6
53.000,original,-,robot2,MIN_DISTANCE,OK,11.402,8.538,,0,nearest_robot=robot6
53.000,original,-,robot3,MIN_DISTANCE,OK,2.800,8.538,,0,nearest_robot=robot4
53.000,original,-,robot4,MIN_DISTANCE,OK,2.800,8.538,,0,nearest_robot=robot3
53.000,original,-,robot5,MIN_DISTANCE,OK,10.650,8.538,,0,nearest_robot=robot4
53.000,original,-,robot6,MIN_DISTANCE,OK,11.278,8.538,,0,nearest_robot=robot5
53.000,original,-,fleet,MIN_DISTANCE_AVG,OK,8.538,,,0,robots_sampled=6
54.000,original,-,robot1,MIN_DISTANCE,OK,12.514,8.316,,0,nearest_robot=robot6
54.000,original,-,robot2,MIN_DISTANCE,OK,10.926,8.316,,0,nearest_robot=robot6
54.000,original,-,robot3,MIN_DISTANCE,OK,2.694,8.316,,0,nearest_robot=robot4
54.000,original,-,robot4,MIN_DISTANCE,OK,2.694,8.316,,0,nearest_robot=robot3
54.000,original,-,robot5,MIN_DISTANCE,OK,10.172,8.316,,0,nearest_robot=robot4
54.000,original,-,robot6,MIN_DISTANCE,OK,10.898,8.316,,0,nearest_robot=robot5
54.000,original,-,fleet,MIN_DISTANCE_AVG,OK,8.316,,,0,robots_sampled=6
55.000,original,-,robot1,MIN_DISTANCE,OK,12.772,8.135,,0,nearest_robot=robot6
55.000,original,-,robot2,MIN_DISTANCE,OK,10.475,8.135,,0,nearest_robot=robot6
55.000,original,-,robot3,MIN_DISTANCE,OK,2.693,8.135,,0,nearest_robot=robot4
55.000,original,-,robot4,MIN_DISTANCE,OK,2.693,8.135,,0,nearest_robot=robot3
55.000,original,-,robot5,MIN_DISTANCE,OK,9.705,8.135,,0,nearest_robot=robot4
55.000,original,-,robot6,MIN_DISTANCE,OK,10.475,8.135,,0,nearest_robot=robot2
55.000,original,-,fleet,MIN_DISTANCE_AVG,OK,8.135,,,0,robots_sampled=6
56.000,original,-,robot1,MIN_DISTANCE,OK,13.102,8.012,,0,nearest_robot=robot6
56.000,original,-,robot2,MIN_DISTANCE,OK,10.090,8.012,,0,nearest_robot=robot6
56.000,original,-,robot3,MIN_DISTANCE,OK,2.776,8.012,,0,nearest_robot=robot4
56.000,original,-,robot4,MIN_DISTANCE,OK,2.776,8.012,,0,nearest_robot=robot3
56.000,original,-,robot5,MIN_DISTANCE,OK,9.240,8.012,,0,nearest_robot=robot4
56.000,original,-,robot6,MIN_DISTANCE,OK,10.090,8.012,,0,nearest_robot=robot2
56.000,original,-,fleet,MIN_DISTANCE_AVG,OK,8.012,,,0,robots_sampled=6
57.000,original,-,robot1,MIN_DISTANCE,OK,13.433,7.904,,0,nearest_robot=robot6
57.000,original,-,robot2,MIN_DISTANCE,OK,9.745,7.904,,0,nearest_robot=robot6
57.000,original,-,robot3,MIN_DISTANCE,OK,2.842,7.904,,0,nearest_robot=robot4
57.000,original,-,robot4,MIN_DISTANCE,OK,2.842,7.904,,0,nearest_robot=robot3
57.000,original,-,robot5,MIN_DISTANCE,OK,8.815,7.904,,0,nearest_robot=robot4
57.000,original,-,robot6,MIN_DISTANCE,OK,9.744,7.904,,0,nearest_robot=robot5
57.000,original,-,fleet,MIN_DISTANCE_AVG,OK,7.904,,,0,robots_sampled=6
58.000,original,-,robot1,MIN_DISTANCE,OK,13.686,7.786,,0,nearest_robot=robot6
58.000,original,-,robot2,MIN_DISTANCE,OK,9.498,7.786,,0,nearest_robot=robot6
58.000,original,-,robot3,MIN_DISTANCE,OK,2.822,7.786,,0,nearest_robot=robot4
58.000,original,-,robot4,MIN_DISTANCE,OK,2.822,7.786,,0,nearest_robot=robot3
58.000,original,-,robot5,MIN_DISTANCE,OK,8.500,7.786,,0,nearest_robot=robot4
58.000,original,-,robot6,MIN_DISTANCE,OK,9.389,7.786,,0,nearest_robot=robot5
58.000,original,-,fleet,MIN_DISTANCE_AVG,OK,7.786,,,0,robots_sampled=6
59.000,original,-,robot1,MIN_DISTANCE,OK,13.820,7.661,,0,nearest_robot=robot6
59.000,original,-,robot2,MIN_DISTANCE,OK,9.292,7.661,,0,nearest_robot=robot6
59.000,original,-,robot3,MIN_DISTANCE,OK,2.822,7.661,,0,nearest_robot=robot4
59.000,original,-,robot4,MIN_DISTANCE,OK,2.822,7.661,,0,nearest_robot=robot3
59.000,original,-,robot5,MIN_DISTANCE,OK,8.154,7.661,,0,nearest_robot=robot4
59.000,original,-,robot6,MIN_DISTANCE,OK,9.059,7.661,,0,nearest_robot=robot5
59.000,original,-,fleet,MIN_DISTANCE_AVG,OK,7.661,,,0,robots_sampled=6
60.000,original,-,robot1,MIN_DISTANCE,OK,13.779,7.529,,0,nearest_robot=robot6
60.000,original,-,robot2,MIN_DISTANCE,OK,9.069,7.529,,0,nearest_robot=robot6
60.000,original,-,robot3,MIN_DISTANCE,OK,2.898,7.529,,0,nearest_robot=robot4
60.000,original,-,robot4,MIN_DISTANCE,OK,2.898,7.529,,0,nearest_robot=robot3
60.000,original,-,robot5,MIN_DISTANCE,OK,7.730,7.529,,0,nearest_robot=robot4
60.000,original,-,robot6,MIN_DISTANCE,OK,8.800,7.529,,0,nearest_robot=robot5
60.000,original,-,fleet,MIN_DISTANCE_AVG,OK,7.529,,,0,robots_sampled=6
61.000,original,-,robot1,MIN_DISTANCE,OK,13.526,7.381,,0,nearest_robot=robot6
61.000,original,-,robot2,MIN_DISTANCE,OK,8.863,7.381,,0,nearest_robot=robot6
61.000,original,-,robot3,MIN_DISTANCE,OK,2.938,7.381,,0,nearest_robot=robot4
61.000,original,-,robot4,MIN_DISTANCE,OK,2.938,7.381,,0,nearest_robot=robot3
61.000,original,-,robot5,MIN_DISTANCE,OK,7.312,7.381,,0,nearest_robot=robot4
61.000,original,-,robot6,MIN_DISTANCE,OK,8.710,7.381,,0,nearest_robot=robot5
61.000,original,-,fleet,MIN_DISTANCE_AVG,OK,7.381,,,0,robots_sampled=6
62.000,original,-,robot1,MIN_DISTANCE,OK,13.110,7.234,,0,nearest_robot=robot6
62.000,original,-,robot2,MIN_DISTANCE,OK,8.759,7.234,,0,nearest_robot=robot6
62.000,original,-,robot3,MIN_DISTANCE,OK,2.945,7.234,,0,nearest_robot=robot4
62.000,original,-,robot4,MIN_DISTANCE,OK,2.945,7.234,,0,nearest_robot=robot3
62.000,original,-,robot5,MIN_DISTANCE,OK,6.941,7.234,,0,nearest_robot=robot4
62.000,original,-,robot6,MIN_DISTANCE,OK,8.703,7.234,,0,nearest_robot=robot5
62.000,original,-,fleet,MIN_DISTANCE_AVG,OK,7.234,,,0,robots_sampled=6
63.000,original,-,robot1,MIN_DISTANCE,OK,12.711,7.099,,0,nearest_robot=robot6
63.000,original,-,robot2,MIN_DISTANCE,OK,8.684,7.099,,0,nearest_robot=robot6
63.000,original,-,robot3,MIN_DISTANCE,OK,2.988,7.099,,0,nearest_robot=robot4
63.000,original,-,robot4,MIN_DISTANCE,OK,2.988,7.099,,0,nearest_robot=robot3
63.000,original,-,robot5,MIN_DISTANCE,OK,6.540,7.099,,0,nearest_robot=robot4
63.000,original,-,robot6,MIN_DISTANCE,OK,8.681,7.099,,0,nearest_robot=robot5
63.000,original,-,fleet,MIN_DISTANCE_AVG,OK,7.099,,,0,robots_sampled=6
64.000,original,-,robot1,MIN_DISTANCE,OK,12.311,6.921,,0,nearest_robot=robot6
64.000,original,-,robot2,MIN_DISTANCE,OK,8.544,6.921,,0,nearest_robot=robot6
64.000,original,-,robot3,MIN_DISTANCE,OK,2.976,6.921,,0,nearest_robot=robot4
64.000,original,-,robot4,MIN_DISTANCE,OK,2.976,6.921,,0,nearest_robot=robot3
64.000,original,-,robot5,MIN_DISTANCE,OK,6.174,6.921,,0,nearest_robot=robot4
64.000,original,-,robot6,MIN_DISTANCE,OK,8.544,6.921,,0,nearest_robot=robot2
64.000,original,-,fleet,MIN_DISTANCE_AVG,OK,6.921,,,0,robots_sampled=6
65.000,original,-,robot1,MIN_DISTANCE,OK,11.922,6.727,,0,nearest_robot=robot6
65.000,original,-,robot2,MIN_DISTANCE,OK,8.324,6.727,,0,nearest_robot=robot6
65.000,original,-,robot3,MIN_DISTANCE,OK,2.983,6.727,,0,nearest_robot=robot4
65.000,original,-,robot4,MIN_DISTANCE,OK,2.983,6.727,,0,nearest_robot=robot3
65.000,original,-,robot5,MIN_DISTANCE,OK,5.825,6.727,,0,nearest_robot=robot4
65.000,original,-,robot6,MIN_DISTANCE,OK,8.324,6.727,,0,nearest_robot=robot2
65.000,original,-,fleet,MIN_DISTANCE_AVG,OK,6.727,,,0,robots_sampled=6
66.000,original,-,robot1,MIN_DISTANCE,OK,11.527,6.514,,0,nearest_robot=robot6
66.000,original,-,robot2,MIN_DISTANCE,OK,8.051,6.514,,0,nearest_robot=robot6
66.000,original,-,robot3,MIN_DISTANCE,OK,3.005,6.514,,0,nearest_robot=robot4
66.000,original,-,robot4,MIN_DISTANCE,OK,3.005,6.514,,0,nearest_robot=robot3
66.000,original,-,robot5,MIN_DISTANCE,OK,5.443,6.514,,0,nearest_robot=robot4
66.000,original,-,robot6,MIN_DISTANCE,OK,8.051,6.514,,0,nearest_robot=robot2
66.000,original,-,fleet,MIN_DISTANCE_AVG,OK,6.514,,,0,robots_sampled=6
67.000,original,-,robot1,MIN_DISTANCE,OK,11.100,6.280,,0,nearest_robot=robot6
67.000,original,-,robot2,MIN_DISTANCE,OK,7.720,6.280,,0,nearest_robot=robot6
67.000,original,-,robot3,MIN_DISTANCE,OK,3.027,6.280,,0,nearest_robot=robot4
67.000,original,-,robot4,MIN_DISTANCE,OK,3.027,6.280,,0,nearest_robot=robot3
67.000,original,-,robot5,MIN_DISTANCE,OK,5.084,6.280,,0,nearest_robot=robot4
67.000,original,-,robot6,MIN_DISTANCE,OK,7.720,6.280,,0,nearest_robot=robot2
67.000,original,-,fleet,MIN_DISTANCE_AVG,OK,6.280,,,0,robots_sampled=6
68.000,original,-,robot1,MIN_DISTANCE,OK,10.675,6.052,,0,nearest_robot=robot6
68.000,original,-,robot2,MIN_DISTANCE,OK,7.408,6.052,,0,nearest_robot=robot6
68.000,original,-,robot3,MIN_DISTANCE,OK,3.046,6.052,,0,nearest_robot=robot4
68.000,original,-,robot4,MIN_DISTANCE,OK,3.046,6.052,,0,nearest_robot=robot3
68.000,original,-,robot5,MIN_DISTANCE,OK,4.726,6.052,,0,nearest_robot=robot4
68.000,original,-,robot6,MIN_DISTANCE,OK,7.408,6.052,,0,nearest_robot=robot2
68.000,original,-,fleet,MIN_DISTANCE_AVG,OK,6.052,,,0,robots_sampled=6
68.500,original,-,fleet,REPLAN_FULL,OK,,,robot1|robot2|robot3|robot4|robot5|robot6,0,original_full_optimization
69.000,original,-,robot1,MIN_DISTANCE,OK,10.664,6.038,,0,nearest_robot=robot6
69.000,original,-,robot2,MIN_DISTANCE,OK,7.373,6.038,,0,nearest_robot=robot6
69.000,original,-,robot3,MIN_DISTANCE,OK,2.990,6.038,,0,nearest_robot=robot4
69.000,original,-,robot4,MIN_DISTANCE,OK,2.990,6.038,,0,nearest_robot=robot3
69.000,original,-,robot5,MIN_DISTANCE,OK,4.838,6.038,,0,nearest_robot=robot4
69.000,original,-,robot6,MIN_DISTANCE,OK,7.373,6.038,,0,nearest_robot=robot2
69.000,original,-,fleet,MIN_DISTANCE_AVG,OK,6.038,,,0,robots_sampled=6
70.000,original,-,robot1,MIN_DISTANCE,OK,10.664,6.045,,0,nearest_robot=robot6
70.000,original,-,robot2,MIN_DISTANCE,OK,7.373,6.045,,0,nearest_robot=robot6
70.000,original,-,robot3,MIN_DISTANCE,OK,2.990,6.045,,0,nearest_robot=robot4
70.000,original,-,robot4,MIN_DISTANCE,OK,2.990,6.045,,0,nearest_robot=robot3
70.000,original,-,robot5,MIN_DISTANCE,OK,4.879,6.045,,0,nearest_robot=robot4
70.000,original,-,robot6,MIN_DISTANCE,OK,7.373,6.045,,0,nearest_robot=robot2
70.000,original,-,fleet,MIN_DISTANCE_AVG,OK,6.045,,,0,robots_sampled=6
71.000,original,-,robot1,MIN_DISTANCE,OK,10.663,6.049,,0,nearest_robot=robot6
71.000,original,-,robot2,MIN_DISTANCE,OK,7.373,6.049,,0,nearest_robot=robot6
71.000,original,-,robot3,MIN_DISTANCE,OK,2.990,6.049,,0,nearest_robot=robot4
71.000,original,-,robot4,MIN_DISTANCE,OK,2.990,6.049,,0,nearest_robot=robot3
71.000,original,-,robot5,MIN_DISTANCE,OK,4.907,6.049,,0,nearest_robot=robot4
71.000,original,-,robot6,MIN_DISTANCE,OK,7.373,6.049,,0,nearest_robot=robot2
71.000,original,-,fleet,MIN_DISTANCE_AVG,OK,6.049,,,0,robots_sampled=6
72.000,original,-,robot1,MIN_DISTANCE,OK,10.663,6.071,,0,nearest_robot=robot6
72.000,original,-,robot2,MIN_DISTANCE,OK,7.373,6.071,,0,nearest_robot=robot6
72.000,original,-,robot3,MIN_DISTANCE,OK,2.990,6.071,,0,nearest_robot=robot4
72.000,original,-,robot4,MIN_DISTANCE,OK,2.990,6.071,,0,nearest_robot=robot3
72.000,original,-,robot5,MIN_DISTANCE,OK,5.036,6.071,,0,nearest_robot=robot4
72.000,original,-,robot6,MIN_DISTANCE,OK,7.373,6.071,,0,nearest_robot=robot2
72.000,original,-,fleet,MIN_DISTANCE_AVG,OK,6.071,,,0,robots_sampled=6
73.000,original,-,robot1,MIN_DISTANCE,OK,10.663,6.121,,0,nearest_robot=robot6
73.000,original,-,robot2,MIN_DISTANCE,OK,7.372,6.121,,0,nearest_robot=robot6
73.000,original,-,robot3,MIN_DISTANCE,OK,2.990,6.121,,0,nearest_robot=robot4
73.000,original,-,robot4,MIN_DISTANCE,OK,2.990,6.121,,0,nearest_robot=robot3
73.000,original,-,robot5,MIN_DISTANCE,OK,5.339,6.121,,0,nearest_robot=robot4
73.000,original,-,robot6,MIN_DISTANCE,OK,7.372,6.121,,0,nearest_robot=robot2
73.000,original,-,fleet,MIN_DISTANCE_AVG,OK,6.121,,,0,robots_sampled=6
74.000,original,-,robot1,MIN_DISTANCE,OK,10.663,6.185,,0,nearest_robot=robot6
74.000,original,-,robot2,MIN_DISTANCE,OK,7.372,6.185,,0,nearest_robot=robot6
74.000,original,-,robot3,MIN_DISTANCE,OK,2.990,6.185,,0,nearest_robot=robot4
74.000,original,-,robot4,MIN_DISTANCE,OK,2.990,6.185,,0,nearest_robot=robot3
74.000,original,-,robot5,MIN_DISTANCE,OK,5.720,6.185,,0,nearest_robot=robot4
74.000,original,-,robot6,MIN_DISTANCE,OK,7.372,6.185,,0,nearest_robot=robot2
74.000,original,-,fleet,MIN_DISTANCE_AVG,OK,6.185,,,0,robots_sampled=6
75.000,original,-,robot1,MIN_DISTANCE,OK,10.663,6.245,,0,nearest_robot=robot6
75.000,original,-,robot2,MIN_DISTANCE,OK,7.372,6.245,,0,nearest_robot=robot6
75.000,original,-,robot3,MIN_DISTANCE,OK,2.990,6.245,,0,nearest_robot=robot4
75.000,original,-,robot4,MIN_DISTANCE,OK,2.990,6.245,,0,nearest_robot=robot3
75.000,original,-,robot5,MIN_DISTANCE,OK,6.082,6.245,,0,nearest_robot=robot4
75.000,original,-,robot6,MIN_DISTANCE,OK,7.372,6.245,,0,nearest_robot=robot2
75.000,original,-,fleet,MIN_DISTANCE_AVG,OK,6.245,,,0,robots_sampled=6
76.000,original,-,robot1,MIN_DISTANCE,OK,10.663,6.306,,0,nearest_robot=robot6
76.000,original,-,robot2,MIN_DISTANCE,OK,7.372,6.306,,0,nearest_robot=robot6
76.000,original,-,robot3,MIN_DISTANCE,OK,2.990,6.306,,0,nearest_robot=robot4
76.000,original,-,robot4,MIN_DISTANCE,OK,2.990,6.306,,0,nearest_robot=robot3
76.000,original,-,robot5,MIN_DISTANCE,OK,6.452,6.306,,0,nearest_robot=robot4
76.000,original,-,robot6,MIN_DISTANCE,OK,7.372,6.306,,0,nearest_robot=robot2
76.000,original,-,fleet,MIN_DISTANCE_AVG,OK,6.306,,,0,robots_sampled=6
77.000,original,-,robot1,MIN_DISTANCE,OK,10.663,6.362,,0,nearest_robot=robot6
77.000,original,-,robot2,MIN_DISTANCE,OK,7.372,6.362,,0,nearest_robot=robot6
77.000,original,-,robot3,MIN_DISTANCE,OK,2.990,6.362,,0,nearest_robot=robot4
77.000,original,-,robot4,MIN_DISTANCE,OK,2.990,6.362,,0,nearest_robot=robot3
77.000,original,-,robot5,MIN_DISTANCE,OK,6.789,6.362,,0,nearest_robot=robot4
77.000,original,-,robot6,MIN_DISTANCE,OK,7.372,6.362,,0,nearest_robot=robot2
77.000,original,-,fleet,MIN_DISTANCE_AVG,OK,6.362,,,0,robots_sampled=6
78.000,original,-,robot1,MIN_DISTANCE,OK,10.663,6.388,,0,nearest_robot=robot6
78.000,original,-,robot2,MIN_DISTANCE,OK,7.371,6.388,,0,nearest_robot=robot6
78.000,original,-,robot3,MIN_DISTANCE,OK,2.990,6.388,,0,nearest_robot=robot4
78.000,original,-,robot4,MIN_DISTANCE,OK,2.990,6.388,,0,nearest_robot=robot3
78.000,original,-,robot5,MIN_DISTANCE,OK,7.149,6.388,,0,nearest_robot=robot4
78.000,original,-,robot6,MIN_DISTANCE,OK,7.167,6.388,,0,nearest_robot=robot5
78.000,original,-,fleet,MIN_DISTANCE_AVG,OK,6.388,,,0,robots_sampled=6
79.000,original,-,robot1,MIN_DISTANCE,OK,10.663,6.293,,0,nearest_robot=robot6
79.000,original,-,robot2,MIN_DISTANCE,OK,7.371,6.293,,0,nearest_robot=robot6
79.000,original,-,robot3,MIN_DISTANCE,OK,2.990,6.293,,0,nearest_robot=robot4
79.000,original,-,robot4,MIN_DISTANCE,OK,2.990,6.293,,0,nearest_robot=robot3
79.000,original,-,robot5,MIN_DISTANCE,OK,6.871,6.293,,0,nearest_robot=robot6
79.000,original,-,robot6,MIN_DISTANCE,OK,6.871,6.293,,0,nearest_robot=robot5
79.000,original,-,fleet,MIN_DISTANCE_AVG,OK,6.293,,,0,robots_sampled=6
80.000,original,-,robot1,MIN_DISTANCE,OK,10.663,6.186,,0,nearest_robot=robot6
80.000,original,-,robot2,MIN_DISTANCE,OK,7.371,6.186,,0,nearest_robot=robot6
80.000,original,-,robot3,MIN_DISTANCE,OK,2.990,6.186,,0,nearest_robot=robot4
80.000,original,-,robot4,MIN_DISTANCE,OK,2.990,6.186,,0,nearest_robot=robot3
80.000,original,-,robot5,MIN_DISTANCE,OK,6.553,6.186,,0,nearest_robot=robot6
80.000,original,-,robot6,MIN_DISTANCE,OK,6.553,6.186,,0,nearest_robot=robot5
80.000,original,-,fleet,MIN_DISTANCE_AVG,OK,6.186,,,0,robots_sampled=6
81.000,original,-,robot1,MIN_DISTANCE,OK,10.663,6.071,,0,nearest_robot=robot6
81.000,original,-,robot2,MIN_DISTANCE,OK,7.371,6.071,,0,nearest_robot=robot6
81.000,original,-,robot3,MIN_DISTANCE,OK,2.990,6.071,,0,nearest_robot=robot4
81.000,original,-,robot4,MIN_DISTANCE,OK,2.990,6.071,,0,nearest_robot=robot3
81.000,original,-,robot5,MIN_DISTANCE,OK,6.205,6.071,,0,nearest_robot=robot6
81.000,original,-,robot6,MIN_DISTANCE,OK,6.205,6.071,,0,nearest_robot=robot5
81.000,original,-,fleet,MIN_DISTANCE_AVG,OK,6.071,,,0,robots_sampled=6
82.000,original,-,robot1,MIN_DISTANCE,OK,10.662,5.949,,0,nearest_robot=robot6
82.000,original,-,robot2,MIN_DISTANCE,OK,7.370,5.949,,0,nearest_robot=robot6
82.000,original,-,robot3,MIN_DISTANCE,OK,2.990,5.949,,0,nearest_robot=robot4
82.000,original,-,robot4,MIN_DISTANCE,OK,2.990,5.949,,0,nearest_robot=robot3
82.000,original,-,robot5,MIN_DISTANCE,OK,5.841,5.949,,0,nearest_robot=robot6
82.000,original,-,robot6,MIN_DISTANCE,OK,5.841,5.949,,0,nearest_robot=robot5
82.000,original,-,fleet,MIN_DISTANCE_AVG,OK,5.949,,,0,robots_sampled=6
83.000,original,-,robot1,MIN_DISTANCE,OK,10.662,5.865,,0,nearest_robot=robot6
83.000,original,-,robot2,MIN_DISTANCE,OK,7.370,5.865,,0,nearest_robot=robot6
83.000,original,-,robot3,MIN_DISTANCE,OK,2.990,5.865,,0,nearest_robot=robot4
83.000,original,-,robot4,MIN_DISTANCE,OK,2.990,5.865,,0,nearest_robot=robot3
83.000,original,-,robot5,MIN_DISTANCE,OK,5.588,5.865,,0,nearest_robot=robot6
83.000,original,-,robot6,MIN_DISTANCE,OK,5.588,5.865,,0,nearest_robot=robot5
83.000,original,-,fleet,MIN_DISTANCE_AVG,OK,5.865,,,0,robots_sampled=6
84.000,original,-,robot1,MIN_DISTANCE,OK,10.662,5.833,,0,nearest_robot=robot6
84.000,original,-,robot2,MIN_DISTANCE,OK,7.370,5.833,,0,nearest_robot=robot6
84.000,original,-,robot3,MIN_DISTANCE,OK,2.990,5.833,,0,nearest_robot=robot4
84.000,original,-,robot4,MIN_DISTANCE,OK,2.990,5.833,,0,nearest_robot=robot3
84.000,original,-,robot5,MIN_DISTANCE,OK,5.494,5.833,,0,nearest_robot=robot6
84.000,original,-,robot6,MIN_DISTANCE,OK,5.494,5.833,,0,nearest_robot=robot5
84.000,original,-,fleet,MIN_DISTANCE_AVG,OK,5.833,,,0,robots_sampled=6
85.000,original,-,robot1,MIN_DISTANCE,OK,10.662,5.830,,0,nearest_robot=robot6
85.000,original,-,robot2,MIN_DISTANCE,OK,7.370,5.830,,0,nearest_robot=robot6
85.000,original,-,robot3,MIN_DISTANCE,OK,2.990,5.830,,0,nearest_robot=robot4
85.000,original,-,robot4,MIN_DISTANCE,OK,2.990,5.830,,0,nearest_robot=robot3
85.000,original,-,robot5,MIN_DISTANCE,OK,5.483,5.830,,0,nearest_robot=robot6
85.000,original,-,robot6,MIN_DISTANCE,OK,5.483,5.830,,0,nearest_robot=robot5
85.000,original,-,fleet,MIN_DISTANCE_AVG,OK,5.830,,,0,robots_sampled=6
86.000,original,-,robot1,MIN_DISTANCE,OK,10.662,5.831,,0,nearest_robot=robot6
86.000,original,-,robot2,MIN_DISTANCE,OK,7.370,5.831,,0,nearest_robot=robot6
86.000,original,-,robot3,MIN_DISTANCE,OK,2.990,5.831,,0,nearest_robot=robot4
86.000,original,-,robot4,MIN_DISTANCE,OK,2.990,5.831,,0,nearest_robot=robot3
86.000,original,-,robot5,MIN_DISTANCE,OK,5.488,5.831,,0,nearest_robot=robot6
86.000,original,-,robot6,MIN_DISTANCE,OK,5.488,5.831,,0,nearest_robot=robot5
86.000,original,-,fleet,MIN_DISTANCE_AVG,OK,5.831,,,0,robots_sampled=6
87.000,original,-,robot1,MIN_DISTANCE,OK,10.662,5.831,,0,nearest_robot=robot6
87.000,original,-,robot2,MIN_DISTANCE,OK,7.369,5.831,,0,nearest_robot=robot6
87.000,original,-,robot3,MIN_DISTANCE,OK,2.990,5.831,,0,nearest_robot=robot4
87.000,original,-,robot4,MIN_DISTANCE,OK,2.990,5.831,,0,nearest_robot=robot3
87.000,original,-,robot5,MIN_DISTANCE,OK,5.488,5.831,,0,nearest_robot=robot6
87.000,original,-,robot6,MIN_DISTANCE,OK,5.488,5.831,,0,nearest_robot=robot5
87.000,original,-,fleet,MIN_DISTANCE_AVG,OK,5.831,,,0,robots_sampled=6
88.000,original,-,robot1,MIN_DISTANCE,OK,10.662,5.831,,0,nearest_robot=robot6
88.000,original,-,robot2,MIN_DISTANCE,OK,7.369,5.831,,0,nearest_robot=robot6
88.000,original,-,robot3,MIN_DISTANCE,OK,2.990,5.831,,0,nearest_robot=robot4
88.000,original,-,robot4,MIN_DISTANCE,OK,2.990,5.831,,0,nearest_robot=robot3
88.000,original,-,robot5,MIN_DISTANCE,OK,5.488,5.831,,0,nearest_robot=robot6
88.000,original,-,robot6,MIN_DISTANCE,OK,5.488,5.831,,0,nearest_robot=robot5
88.000,original,-,fleet,MIN_DISTANCE_AVG,OK,5.831,,,0,robots_sampled=6
89.000,original,-,robot1,MIN_DISTANCE,OK,10.662,5.831,,0,nearest_robot=robot6
89.000,original,-,robot2,MIN_DISTANCE,OK,7.369,5.831,,0,nearest_robot=robot6
89.000,original,-,robot3,MIN_DISTANCE,OK,2.990,5.831,,0,nearest_robot=robot4
89.000,original,-,robot4,MIN_DISTANCE,OK,2.990,5.831,,0,nearest_robot=robot3
89.000,original,-,robot5,MIN_DISTANCE,OK,5.488,5.831,,0,nearest_robot=robot6
89.000,original,-,robot6,MIN_DISTANCE,OK,5.488,5.831,,0,nearest_robot=robot5
89.000,original,-,fleet,MIN_DISTANCE_AVG,OK,5.831,,,0,robots_sampled=6
90.000,original,-,robot1,MIN_DISTANCE,OK,10.662,5.831,,0,nearest_robot=robot6
90.000,original,-,robot2,MIN_DISTANCE,OK,7.369,5.831,,0,nearest_robot=robot6
90.000,original,-,robot3,MIN_DISTANCE,OK,2.990,5.831,,0,nearest_robot=robot4
90.000,original,-,robot4,MIN_DISTANCE,OK,2.990,5.831,,0,nearest_robot=robot3
90.000,original,-,robot5,MIN_DISTANCE,OK,5.488,5.831,,0,nearest_robot=robot6
90.000,original,-,robot6,MIN_DISTANCE,OK,5.488,5.831,,0,nearest_robot=robot5
90.000,original,-,fleet,MIN_DISTANCE_AVG,OK,5.831,,,0,robots_sampled=6
91.000,original,-,robot1,MIN_DISTANCE,OK,10.662,5.831,,0,nearest_robot=robot6
91.000,original,-,robot2,MIN_DISTANCE,OK,7.369,5.831,,0,nearest_robot=robot6
91.000,original,-,robot3,MIN_DISTANCE,OK,2.990,5.831,,0,nearest_robot=robot4
91.000,original,-,robot4,MIN_DISTANCE,OK,2.990,5.831,,0,nearest_robot=robot3
91.000,original,-,robot5,MIN_DISTANCE,OK,5.488,5.831,,0,nearest_robot=robot6
91.000,original,-,robot6,MIN_DISTANCE,OK,5.488,5.831,,0,nearest_robot=robot5
91.000,original,-,fleet,MIN_DISTANCE_AVG,OK,5.831,,,0,robots_sampled=6
92.000,original,-,robot1,MIN_DISTANCE,OK,10.662,5.831,,0,nearest_robot=robot6
92.000,original,-,robot2,MIN_DISTANCE,OK,7.368,5.831,,0,nearest_robot=robot6
92.000,original,-,robot3,MIN_DISTANCE,OK,2.990,5.831,,0,nearest_robot=robot4
92.000,original,-,robot4,MIN_DISTANCE,OK,2.990,5.831,,0,nearest_robot=robot3
92.000,original,-,robot5,MIN_DISTANCE,OK,5.488,5.831,,0,nearest_robot=robot6
92.000,original,-,robot6,MIN_DISTANCE,OK,5.488,5.831,,0,nearest_robot=robot5
92.000,original,-,fleet,MIN_DISTANCE_AVG,OK,5.831,,,0,robots_sampled=6
93.000,original,-,robot1,MIN_DISTANCE,OK,10.662,5.833,,0,nearest_robot=robot6
93.000,original,-,robot2,MIN_DISTANCE,OK,7.372,5.833,,0,nearest_robot=robot6
93.000,original,-,robot3,MIN_DISTANCE,OK,2.995,5.833,,0,nearest_robot=robot4
93.000,original,-,robot4,MIN_DISTANCE,OK,2.995,5.833,,0,nearest_robot=robot3
93.000,original,-,robot5,MIN_DISTANCE,OK,5.486,5.833,,0,nearest_robot=robot6
93.000,original,-,robot6,MIN_DISTANCE,OK,5.486,5.833,,0,nearest_robot=robot5
93.000,original,-,fleet,MIN_DISTANCE_AVG,OK,5.833,,,0,robots_sampled=6
93.500,original,-,fleet,REPLAN_FULL,OK,,,robot1|robot2|robot3|robot4|robot5|robot6,0,original_full_optimization
94.000,original,-,robot1,MIN_DISTANCE,OK,10.741,5.962,,0,nearest_robot=robot6
94.000,original,-,robot2,MIN_DISTANCE,OK,7.547,5.962,,0,nearest_robot=robot6
94.000,original,-,robot3,MIN_DISTANCE,OK,3.319,5.962,,0,nearest_robot=robot4
94.000,original,-,robot4,MIN_DISTANCE,OK,3.319,5.962,,0,nearest_robot=robot3
94.000,original,-,robot5,MIN_DISTANCE,OK,5.421,5.962,,0,nearest_robot=robot6
94.000,original,-,robot6,MIN_DISTANCE,OK,5.421,5.962,,0,nearest_robot=robot5
94.000,original,-,fleet,MIN_DISTANCE_AVG,OK,5.962,,,0,robots_sampled=6
95.000,original,-,robot1,MIN_DISTANCE,OK,10.864,6.137,,0,nearest_robot=robot6
95.000,original,-,robot2,MIN_DISTANCE,OK,7.661,6.137,,0,nearest_robot=robot6
95.000,original,-,robot3,MIN_DISTANCE,OK,3.790,6.137,,0,nearest_robot=robot4
95.000,original,-,robot4,MIN_DISTANCE,OK,3.790,6.137,,0,nearest_robot=robot3
95.000,original,-,robot5,MIN_DISTANCE,OK,5.359,6.137,,0,nearest_robot=robot6
95.000,original,-,robot6,MIN_DISTANCE,OK,5.359,6.137,,0,nearest_robot=robot5
95.000,original,-,fleet,MIN_DISTANCE_AVG,OK,6.137,,,0,robots_sampled=6
96.000,original,-,robot1,MIN_DISTANCE,OK,10.628,6.305,,0,nearest_robot=robot6
96.000,original,-,robot2,MIN_DISTANCE,OK,7.642,6.305,,0,nearest_robot=robot6
96.000,original,-,robot3,MIN_DISTANCE,OK,4.207,6.305,,0,nearest_robot=robot4
96.000,original,-,robot4,MIN_DISTANCE,OK,4.207,6.305,,0,nearest_robot=robot3
96.000,original,-,robot5,MIN_DISTANCE,OK,5.572,6.305,,0,nearest_robot=robot6
96.000,original,-,robot6,MIN_DISTANCE,OK,5.572,6.305,,0,nearest_robot=robot5
96.000,original,-,fleet,MIN_DISTANCE_AVG,OK,6.305,,,0,robots_sampled=6
97.000,original,-,robot1,MIN_DISTANCE,OK,10.363,6.439,,0,nearest_robot=robot6
97.000,original,-,robot2,MIN_DISTANCE,OK,7.688,6.439,,0,nearest_robot=robot6
97.000,original,-,robot3,MIN_DISTANCE,OK,4.510,6.439,,0,nearest_robot=robot4
97.000,original,-,robot4,MIN_DISTANCE,OK,4.510,6.439,,0,nearest_robot=robot3
97.000,original,-,robot5,MIN_DISTANCE,OK,5.783,6.439,,0,nearest_robot=robot6
97.000,original,-,robot6,MIN_DISTANCE,OK,5.783,6.439,,0,nearest_robot=robot5
97.000,original,-,fleet,MIN_DISTANCE_AVG,OK,6.439,,,0,robots_sampled=6
98.000,original,-,robot1,MIN_DISTANCE,OK,10.318,6.721,,0,nearest_robot=robot6
98.000,original,-,robot2,MIN_DISTANCE,OK,7.772,6.721,,0,nearest_robot=robot6
98.000,original,-,robot3,MIN_DISTANCE,OK,5.043,6.721,,0,nearest_robot=robot4
98.000,original,-,robot4,MIN_DISTANCE,OK,5.043,6.721,,0,nearest_robot=robot3
98.000,original,-,robot5,MIN_DISTANCE,OK,6.076,6.721,,0,nearest_robot=robot6
98.000,original,-,robot6,MIN_DISTANCE,OK,6.076,6.721,,0,nearest_robot=robot5
98.000,original,-,fleet,MIN_DISTANCE_AVG,OK,6.721,,,0,robots_sampled=6
99.000,original,-,robot1,MIN_DISTANCE,OK,10.289,7.150,,0,nearest_robot=robot6
99.000,original,-,robot2,MIN_DISTANCE,OK,8.007,7.150,,0,nearest_robot=robot6
99.000,original,-,robot3,MIN_DISTANCE,OK,5.850,7.150,,0,nearest_robot=robot4
99.000,original,-,robot4,MIN_DISTANCE,OK,5.850,7.150,,0,nearest_robot=robot3
99.000,original,-,robot5,MIN_DISTANCE,OK,6.453,7.150,,0,nearest_robot=robot6
99.000,original,-,robot6,MIN_DISTANCE,OK,6.453,7.150,,0,nearest_robot=robot5
99.000,original,-,fleet,MIN_DISTANCE_AVG,OK,7.150,,,0,robots_sampled=6
100.000,original,-,robot1,MIN_DISTANCE,OK,10.241,7.594,,0,nearest_robot=robot6
100.000,original,-,robot2,MIN_DISTANCE,OK,8.443,7.594,,0,nearest_robot=robot6
100.000,original,-,robot3,MIN_DISTANCE,OK,6.599,7.594,,0,nearest_robot=robot4
100.000,original,-,robot4,MIN_DISTANCE,OK,6.599,7.594,,0,nearest_robot=robot3
100.000,original,-,robot5,MIN_DISTANCE,OK,6.841,7.594,,0,nearest_robot=robot6
100.000,original,-,robot6,MIN_DISTANCE,OK,6.841,7.594,,0,nearest_robot=robot5
100.000,original,-,fleet,MIN_DISTANCE_AVG,OK,7.594,,,0,robots_sampled=6
101.000,original,-,robot1,MIN_DISTANCE,OK,10.163,8.027,,0,nearest_robot=robot6
101.000,original,-,robot2,MIN_DISTANCE,OK,8.902,8.027,,0,nearest_robot=robot6
101.000,original,-,robot3,MIN_DISTANCE,OK,7.269,8.027,,0,nearest_robot=robot4
101.000,original,-,robot4,MIN_DISTANCE,OK,7.269,8.027,,0,nearest_robot=robot3
101.000,original,-,robot5,MIN_DISTANCE,OK,7.280,8.027,,0,nearest_robot=robot6
101.000,original,-,robot6,MIN_DISTANCE,OK,7.280,8.027,,0,nearest_robot=robot5
101.000,original,-,fleet,MIN_DISTANCE_AVG,OK,8.027,,,0,robots_sampled=6
102.000,original,-,robot1,MIN_DISTANCE,OK,10.160,8.449,,0,nearest_robot=robot6
102.000,original,-,robot2,MIN_DISTANCE,OK,9.353,8.449,,0,nearest_robot=robot6
102.000,original,-,robot3,MIN_DISTANCE,OK,7.912,8.449,,0,nearest_robot=robot4
102.000,original,-,robot4,MIN_DISTANCE,OK,7.912,8.449,,0,nearest_robot=robot3
102.000,original,-,robot5,MIN_DISTANCE,OK,7.678,8.449,,0,nearest_robot=robot6
102.000,original,-,robot6,MIN_DISTANCE,OK,7.678,8.449,,0,nearest_robot=robot5
102.000,original,-,fleet,MIN_DISTANCE_AVG,OK,8.449,,,0,robots_sampled=6
103.000,original,-,robot1,MIN_DISTANCE,OK,10.168,8.847,,0,nearest_robot=robot6
103.000,original,-,robot2,MIN_DISTANCE,OK,9.702,8.847,,0,nearest_robot=robot6
103.000,original,-,robot3,MIN_DISTANCE,OK,8.556,8.847,,0,nearest_robot=robot4
103.000,original,-,robot4,MIN_DISTANCE,OK,8.556,8.847,,0,nearest_robot=robot3
103.000,original,-,robot5,MIN_DISTANCE,OK,8.049,8.847,,0,nearest_robot=robot6
103.000,original,-,robot6,MIN_DISTANCE,OK,8.049,8.847,,0,nearest_robot=robot5
103.000,original,-,fleet,MIN_DISTANCE_AVG,OK,8.847,,,0,robots_sampled=6
104.000,original,-,robot1,MIN_DISTANCE,OK,10.284,9.180,,0,nearest_robot=robot6
104.000,original,-,robot2,MIN_DISTANCE,OK,9.803,9.180,,0,nearest_robot=robot6
104.000,original,-,robot3,MIN_DISTANCE,OK,9.177,9.180,,0,nearest_robot=robot4
104.000,original,-,robot4,MIN_DISTANCE,OK,9.177,9.180,,0,nearest_robot=robot3
104.000,original,-,robot5,MIN_DISTANCE,OK,8.321,9.180,,0,nearest_robot=robot6
104.000,original,-,robot6,MIN_DISTANCE,OK,8.321,9.180,,0,nearest_robot=robot5
104.000,original,-,fleet,MIN_DISTANCE_AVG,OK,9.180,,,0,robots_sampled=6
105.000,original,-,robot1,MIN_DISTANCE,OK,10.276,9.496,,0,nearest_robot=robot6
105.000,original,-,robot2,MIN_DISTANCE,OK,9.825,9.496,,0,nearest_robot=robot6
105.000,original,-,robot3,MIN_DISTANCE,OK,9.883,9.496,,0,nearest_robot=robot4
105.000,original,-,robot4,MIN_DISTANCE,OK,9.883,9.496,,0,nearest_robot=robot3
105.000,original,-,robot5,MIN_DISTANCE,OK,8.554,9.496,,0,nearest_robot=robot6
105.000,original,-,robot6,MIN_DISTANCE,OK,8.554,9.496,,0,nearest_robot=robot5
105.000,original,-,fleet,MIN_DISTANCE_AVG,OK,9.496,,,0,robots_sampled=6
106.000,original,-,robot1,MIN_DISTANCE,OK,10.173,9.751,,0,nearest_robot=robot6
106.000,original,-,robot2,MIN_DISTANCE,OK,9.846,9.751,,0,nearest_robot=robot6
106.000,original,-,robot3,MIN_DISTANCE,OK,10.431,9.751,,0,nearest_robot=robot4
106.000,original,-,robot4,MIN_DISTANCE,OK,10.431,9.751,,0,nearest_robot=robot3
106.000,original,-,robot5,MIN_DISTANCE,OK,8.812,9.751,,0,nearest_robot=robot6
106.000,original,-,robot6,MIN_DISTANCE,OK,8.812,9.751,,0,nearest_robot=robot5
106.000,original,-,fleet,MIN_DISTANCE_AVG,OK,9.751,,,0,robots_sampled=6
107.000,original,-,robot1,MIN_DISTANCE,OK,10.193,10.000,,0,nearest_robot=robot6
107.000,original,-,robot2,MIN_DISTANCE,OK,9.672,10.000,,0,nearest_robot=robot6
107.000,original,-,robot3,MIN_DISTANCE,OK,10.858,10.000,,0,nearest_robot=robot4
107.000,original,-,robot4,MIN_DISTANCE,OK,10.858,10.000,,0,nearest_robot=robot3
107.000,original,-,robot5,MIN_DISTANCE,OK,9.208,10.000,,0,nearest_robot=robot6
107.000,original,-,robot6,MIN_DISTANCE,OK,9.208,10.000,,0,nearest_robot=robot5
107.000,original,-,fleet,MIN_DISTANCE_AVG,OK,10.000,,,0,robots_sampled=6
108.000,original,-,robot1,MIN_DISTANCE,OK,10.387,10.075,,0,nearest_robot=robot6
108.000,original,-,robot2,MIN_DISTANCE,OK,9.205,10.075,,0,nearest_robot=robot6
108.000,original,-,robot3,MIN_DISTANCE,OK,10.995,10.075,,0,nearest_robot=robot4
108.000,original,-,robot4,MIN_DISTANCE,OK,10.995,10.075,,0,nearest_robot=robot3
108.000,original,-,robot5,MIN_DISTANCE,OK,9.660,10.075,,0,nearest_robot=robot6
108.000,original,-,robot6,MIN_DISTANCE,OK,9.205,10.075,,0,nearest_robot=robot2
108.000,original,-,fleet,MIN_DISTANCE_AVG,OK,10.075,,,0,robots_sampled=6
109.000,original,-,robot1,MIN_DISTANCE,OK,10.624,10.072,,0,nearest_robot=robot6
109.000,original,-,robot2,MIN_DISTANCE,OK,8.759,10.072,,0,nearest_robot=robot6
109.000,original,-,robot3,MIN_DISTANCE,OK,11.131,10.072,,0,nearest_robot=robot4
109.000,original,-,robot4,MIN_DISTANCE,OK,11.131,10.072,,0,nearest_robot=robot3
109.000,original,-,robot5,MIN_DISTANCE,OK,10.027,10.072,,0,nearest_robot=robot6
109.000,original,-,robot6,MIN_DISTANCE,OK,8.759,10.072,,0,nearest_robot=robot2
109.000,original,-,fleet,MIN_DISTANCE_AVG,OK,10.072,,,0,robots_sampled=6
110.000,original,-,robot1,MIN_DISTANCE,OK,10.856,10.073,,0,nearest_robot=robot6
110.000,original,-,robot2,MIN_DISTANCE,OK,8.339,10.073,,0,nearest_robot=robot6
110.000,original,-,robot3,MIN_DISTANCE,OK,11.243,10.073,,0,nearest_robot=robot4
110.000,original,-,robot4,MIN_DISTANCE,OK,11.243,10.073,,0,nearest_robot=robot3
110.000,original,-,robot5,MIN_DISTANCE,OK,10.419,10.073,,0,nearest_robot=robot6
110.000,original,-,robot6,MIN_DISTANCE,OK,8.339,10.073,,0,nearest_robot=robot2
110.000,original,-,fleet,MIN_DISTANCE_AVG,OK,10.073,,,0,robots_sampled=6
111.000,original,-,robot1,MIN_DISTANCE,OK,11.207,10.117,,0,nearest_robot=robot6
111.000,original,-,robot2,MIN_DISTANCE,OK,7.983,10.117,,0,nearest_robot=robot6
111.000,original,-,robot3,MIN_DISTANCE,OK,11.404,10.117,,0,nearest_robot=robot4
111.000,original,-,robot4,MIN_DISTANCE,OK,11.404,10.117,,0,nearest_robot=robot3
111.000,original,-,robot5,MIN_DISTANCE,OK,10.725,10.117,,0,nearest_robot=robot6
111.000,original,-,robot6,MIN_DISTANCE,OK,7.983,10.117,,0,nearest_robot=robot2
111.000,original,-,fleet,MIN_DISTANCE_AVG,OK,10.117,,,0,robots_sampled=6
112.000,original,-,robot1,MIN_DISTANCE,OK,11.622,10.216,,0,nearest_robot=robot6
112.000,original,-,robot2,MIN_DISTANCE,OK,7.845,10.216,,0,nearest_robot=robot6
112.000,original,-,robot3,MIN_DISTANCE,OK,11.593,10.216,,0,nearest_robot=robot4
112.000,original,-,robot4,MIN_DISTANCE,OK,11.593,10.216,,0,nearest_robot=robot3
112.000,original,-,robot5,MIN_DISTANCE,OK,10.797,10.216,,0,nearest_robot=robot6
112.000,original,-,robot6,MIN_DISTANCE,OK,7.845,10.216,,0,nearest_robot=robot2
112.000,original,-,fleet,MIN_DISTANCE_AVG,OK,10.216,,,0,robots_sampled=6
113.000,original,-,robot1,MIN_DISTANCE,OK,12.038,10.346,,0,nearest_robot=robot6
113.000,original,-,robot2,MIN_DISTANCE,OK,7.825,10.346,,0,nearest_robot=robot6
113.000,original,-,robot3,MIN_DISTANCE,OK,11.794,10.346,,0,nearest_robot=robot4
113.000,original,-,robot4,MIN_DISTANCE,OK,11.794,10.346,,0,nearest_robot=robot3
113.000,original,-,robot5,MIN_DISTANCE,OK,10.798,10.346,,0,nearest_robot=robot6
113.000,original,-,robot6,MIN_DISTANCE,OK,7.825,10.346,,0,nearest_robot=robot2
113.000,original,-,fleet,MIN_DISTANCE_AVG,OK,10.346,,,0,robots_sampled=6
114.000,original,-,robot1,MIN_DISTANCE,OK,12.437,10.483,,0,nearest_robot=robot6
114.000,original,-,robot2,MIN_DISTANCE,OK,7.838,10.483,,0,nearest_robot=robot6
114.000,original,-,robot3,MIN_DISTANCE,OK,11.995,10.483,,0,nearest_robot=robot4
114.000,original,-,robot4,MIN_DISTANCE,OK,11.995,10.483,,0,nearest_robot=robot3
114.000,original,-,robot5,MIN_DISTANCE,OK,10.798,10.483,,0,nearest_robot=robot6
114.000,original,-,robot6,MIN_DISTANCE,OK,7.838,10.483,,0,nearest_robot=robot2
114.000,original,-,fleet,MIN_DISTANCE_AVG,OK,10.483,,,0,robots_sampled=6
115.000,original,-,robot1,MIN_DISTANCE,OK,12.827,10.603,,0,nearest_robot=robot6
115.000,original,-,robot2,MIN_DISTANCE,OK,7.868,10.603,,0,nearest_robot=robot6
115.000,original,-,robot3,MIN_DISTANCE,OK,12.128,10.603,,0,nearest_robot=robot4
115.000,original,-,robot4,MIN_DISTANCE,OK,12.128,10.603,,0,nearest_robot=robot3
115.000,original,-,robot5,MIN_DISTANCE,OK,10.798,10.603,,0,nearest_robot=robot6
115.000,original,-,robot6,MIN_DISTANCE,OK,7.868,10.603,,0,nearest_robot=robot2
115.000,original,-,fleet,MIN_DISTANCE_AVG,OK,10.603,,,0,robots_sampled=6
116.000,original,-,robot1,MIN_DISTANCE,OK,13.165,10.680,,0,nearest_robot=robot6
116.000,original,-,robot2,MIN_DISTANCE,OK,7.923,10.680,,0,nearest_robot=robot6
116.000,original,-,robot3,MIN_DISTANCE,OK,12.136,10.680,,0,nearest_robot=robot4
116.000,original,-,robot4,MIN_DISTANCE,OK,12.136,10.680,,0,nearest_robot=robot3
116.000,original,-,robot5,MIN_DISTANCE,OK,10.798,10.680,,0,nearest_robot=robot6
116.000,original,-,robot6,MIN_DISTANCE,OK,7.923,10.680,,0,nearest_robot=robot2
116.000,original,-,fleet,MIN_DISTANCE_AVG,OK,10.680,,,0,robots_sampled=6
117.000,original,-,robot1,MIN_DISTANCE,OK,13.474,10.755,,0,nearest_robot=robot6
117.000,original,-,robot2,MIN_DISTANCE,OK,8.018,10.755,,0,nearest_robot=robot6
117.000,original,-,robot3,MIN_DISTANCE,OK,12.113,10.755,,0,nearest_robot=robot4
117.000,original,-,robot4,MIN_DISTANCE,OK,12.113,10.755,,0,nearest_robot=robot3
117.000,original,-,robot5,MIN_DISTANCE,OK,10.798,10.755,,0,nearest_robot=robot6
117.000,original,-,robot6,MIN_DISTANCE,OK,8.018,10.755,,0,nearest_robot=robot2
117.000,original,-,fleet,MIN_DISTANCE_AVG,OK,10.755,,,0,robots_sampled=6
118.000,original,-,robot1,MIN_DISTANCE,OK,13.822,10.820,,0,nearest_robot=robot6
118.000,original,-,robot2,MIN_DISTANCE,OK,8.112,10.820,,0,nearest_robot=robot6
118.000,original,-,robot3,MIN_DISTANCE,OK,12.036,10.820,,0,nearest_robot=robot4
118.000,original,-,robot4,MIN_DISTANCE,OK,12.036,10.820,,0,nearest_robot=robot3
118.000,original,-,robot5,MIN_DISTANCE,OK,10.798,10.820,,0,nearest_robot=robot6
118.000,original,-,robot6,MIN_DISTANCE,OK,8.112,10.820,,0,nearest_robot=robot2
118.000,original,-,fleet,MIN_DISTANCE_AVG,OK,10.820,,,0,robots_sampled=6
118.500,original,-,fleet,REPLAN_FULL,OK,,,robot1|robot2|robot3|robot4|robot5|robot6,0,original_full_optimization
119.000,original,-,robot1,MIN_DISTANCE,OK,14.181,10.864,,0,nearest_robot=robot6
119.000,original,-,robot2,MIN_DISTANCE,OK,8.241,10.864,,0,nearest_robot=robot6
119.000,original,-,robot3,MIN_DISTANCE,OK,11.862,10.864,,0,nearest_robot=robot4
119.000,original,-,robot4,MIN_DISTANCE,OK,11.862,10.864,,0,nearest_robot=robot3
119.000,original,-,robot5,MIN_DISTANCE,OK,10.798,10.864,,0,nearest_robot=robot6
119.000,original,-,robot6,MIN_DISTANCE,OK,8.241,10.864,,0,nearest_robot=robot2
119.000,original,-,fleet,MIN_DISTANCE_AVG,OK,10.864,,,0,robots_sampled=6
120.000,original,-,robot1,MIN_DISTANCE,OK,14.110,10.820,,0,nearest_robot=robot2
120.000,original,-,robot2,MIN_DISTANCE,OK,8.424,10.820,,0,nearest_robot=robot6
120.000,original,-,robot3,MIN_DISTANCE,OK,11.582,10.820,,0,nearest_robot=robot4
120.000,original,-,robot4,MIN_DISTANCE,OK,11.582,10.820,,0,nearest_robot=robot3
120.000,original,-,robot5,MIN_DISTANCE,OK,10.798,10.820,,0,nearest_robot=robot6
120.000,original,-,robot6,MIN_DISTANCE,OK,8.424,10.820,,0,nearest_robot=robot2
120.000,original,-,fleet,MIN_DISTANCE_AVG,OK,10.820,,,0,robots_sampled=6
121.000,original,-,robot1,MIN_DISTANCE,OK,13.857,10.706,,0,nearest_robot=robot2
121.000,original,-,robot2,MIN_DISTANCE,OK,8.627,10.706,,0,nearest_robot=robot6
121.000,original,-,robot3,MIN_DISTANCE,OK,11.163,10.706,,0,nearest_robot=robot4
121.000,original,-,robot4,MIN_DISTANCE,OK,11.163,10.706,,0,nearest_robot=robot3
121.000,original,-,robot5,MIN_DISTANCE,OK,10.798,10.706,,0,nearest_robot=robot6
121.000,original,-,robot6,MIN_DISTANCE,OK,8.627,10.706,,0,nearest_robot=robot2
121.000,original,-,fleet,MIN_DISTANCE_AVG,OK,10.706,,,0,robots_sampled=6
122.000,original,-,robot1,MIN_DISTANCE,OK,13.575,10.589,,0,nearest_robot=robot2
122.000,original,-,robot2,MIN_DISTANCE,OK,8.854,10.589,,0,nearest_robot=robot6
122.000,original,-,robot3,MIN_DISTANCE,OK,10.726,10.589,,0,nearest_robot=robot4
122.000,original,-,robot4,MIN_DISTANCE,OK,10.726,10.589,,0,nearest_robot=robot3
122.000,original,-,robot5,MIN_DISTANCE,OK,10.798,10.589,,0,nearest_robot=robot6
122.000,original,-,robot6,MIN_DISTANCE,OK,8.854,10.589,,0,nearest_robot=robot2
122.000,original,-,fleet,MIN_DISTANCE_AVG,OK,10.589,,,0,robots_sampled=6
123.000,original,-,robot1,MIN_DISTANCE,OK,13.387,10.519,,0,nearest_robot=robot2
123.000,original,-,robot2,MIN_DISTANCE,OK,9.088,10.519,,0,nearest_robot=robot6
123.000,original,-,robot3,MIN_DISTANCE,OK,10.375,10.519,,0,nearest_robot=robot4
123.000,original,-,robot4,MIN_DISTANCE,OK,10.375,10.519,,0,nearest_robot=robot3
123.000,original,-,robot5,MIN_DISTANCE,OK,10.798,10.519,,0,nearest_robot=robot6
123.000,original,-,robot6,MIN_DISTANCE,OK,9.088,10.519,,0,nearest_robot=robot2
123.000,original,-,fleet,MIN_DISTANCE_AVG,OK,10.519,,,0,robots_sampled=6
124.000,original,-,robot1,MIN_DISTANCE,OK,13.221,10.446,,0,nearest_robot=robot2
124.000,original,-,robot2,MIN_DISTANCE,OK,9.322,10.446,,0,nearest_robot=robot6
124.000,original,-,robot3,MIN_DISTANCE,OK,10.007,10.446,,0,nearest_robot=robot4
124.000,original,-,robot4,MIN_DISTANCE,OK,10.007,10.446,,0,nearest_robot=robot3
124.000,original,-,robot5,MIN_DISTANCE,OK,10.798,10.446,,0,nearest_robot=robot6
124.000,original,-,robot6,MIN_DISTANCE,OK,9.322,10.446,,0,nearest_robot=robot2
124.000,original,-,fleet,MIN_DISTANCE_AVG,OK,10.446,,,0,robots_sampled=6
125.000,original,-,robot1,MIN_DISTANCE,OK,13.019,10.380,,0,nearest_robot=robot2
125.000,original,-,robot2,MIN_DISTANCE,OK,9.587,10.380,,0,nearest_robot=robot6
125.000,original,-,robot3,MIN_DISTANCE,OK,9.645,10.380,,0,nearest_robot=robot4
125.000,original,-,robot4,MIN_DISTANCE,OK,9.645,10.380,,0,nearest_robot=robot3
125.000,original,-,robot5,MIN_DISTANCE,OK,10.798,10.380,,0,nearest_robot=robot6
125.000,original,-,robot6,MIN_DISTANCE,OK,9.587,10.380,,0,nearest_robot=robot2
125.000,original,-,fleet,MIN_DISTANCE_AVG,OK,10.380,,,0,robots_sampled=6
126.000,original,-,robot1,MIN_DISTANCE,OK,12.622,10.274,,0,nearest_robot=robot2
126.000,original,-,robot2,MIN_DISTANCE,OK,9.841,10.274,,0,nearest_robot=robot6
126.000,original,-,robot3,MIN_DISTANCE,OK,9.271,10.274,,0,nearest_robot=robot4
126.000,original,-,robot4,MIN_DISTANCE,OK,9.271,10.274,,0,nearest_robot=robot3
126.000,original,-,robot5,MIN_DISTANCE,OK,10.798,10.274,,0,nearest_robot=robot6
126.000,original,-,robot6,MIN_DISTANCE,OK,9.841,10.274,,0,nearest_robot=robot2
126.000,original,-,fleet,MIN_DISTANCE_AVG,OK,10.274,,,0,robots_sampled=6
127.000,original,-,robot1,MIN_DISTANCE,OK,12.180,10.157,,0,nearest_robot=robot2
127.000,original,-,robot2,MIN_DISTANCE,OK,10.099,10.157,,0,nearest_robot=robot6
127.000,original,-,robot3,MIN_DISTANCE,OK,8.883,10.157,,0,nearest_robot=robot4
127.000,original,-,robot4,MIN_DISTANCE,OK,8.883,10.157,,0,nearest_robot=robot3
127.000,original,-,robot5,MIN_DISTANCE,OK,10.798,10.157,,0,nearest_robot=robot6
127.000,original,-,robot6,MIN_DISTANCE,OK,10.099,10.157,,0,nearest_robot=robot2
127.000,original,-,fleet,MIN_DISTANCE_AVG,OK,10.157,,,0,robots_sampled=6
128.000,original,-,robot1,MIN_DISTANCE,OK,11.655,10.033,,0,nearest_robot=robot2
128.000,original,-,robot2,MIN_DISTANCE,OK,10.376,10.033,,0,nearest_robot=robot6
128.000,original,-,robot3,MIN_DISTANCE,OK,8.496,10.033,,0,nearest_robot=robot4
128.000,original,-,robot4,MIN_DISTANCE,OK,8.496,10.033,,0,nearest_robot=robot3
128.000,original,-,robot5,MIN_DISTANCE,OK,10.798,10.033,,0,nearest_robot=robot6
128.000,original,-,robot6,MIN_DISTANCE,OK,10.376,10.033,,0,nearest_robot=robot2
128.000,original,-,fleet,MIN_DISTANCE_AVG,OK,10.033,,,0,robots_sampled=6
129.000,original,-,robot1,MIN_DISTANCE,OK,11.085,9.910,,0,nearest_robot=robot2
129.000,original,-,robot2,MIN_DISTANCE,OK,10.690,9.910,,0,nearest_robot=robot6
129.000,original,-,robot3,MIN_DISTANCE,OK,8.099,9.910,,0,nearest_robot=robot4
129.000,original,-,robot4,MIN_DISTANCE,OK,8.099,9.910,,0,nearest_robot=robot3
129.000,original,-,robot5,MIN_DISTANCE,OK,10.798,9.910,,0,nearest_robot=robot6
129.000,original,-,robot6,MIN_DISTANCE,OK,10.690,9.910,,0,nearest_robot=robot2
129.000,original,-,fleet,MIN_DISTANCE_AVG,OK,9.910,,,0,robots_sampled=6
130.000,original,-,robot1,MIN_DISTANCE,OK,10.455,9.669,,0,nearest_robot=robot2
130.000,original,-,robot2,MIN_DISTANCE,OK,10.455,9.669,,0,nearest_robot=robot1
130.000,original,-,robot3,MIN_DISTANCE,OK,7.753,9.669,,0,nearest_robot=robot4
130.000,original,-,robot4,MIN_DISTANCE,OK,7.753,9.669,,0,nearest_robot=robot3
130.000,original,-,robot5,MIN_DISTANCE,OK,10.798,9.669,,0,nearest_robot=robot6
130.000,original,-,robot6,MIN_DISTANCE,OK,10.798,9.669,,0,nearest_robot=robot5
130.000,original,-,fleet,MIN_DISTANCE_AVG,OK,9.669,,,0,robots_sampled=6
131.000,original,-,robot1,MIN_DISTANCE,OK,9.880,9.354,,0,nearest_robot=robot2
131.000,original,-,robot2,MIN_DISTANCE,OK,9.880,9.354,,0,nearest_robot=robot1
131.000,original,-,robot3,MIN_DISTANCE,OK,7.383,9.354,,0,nearest_robot=robot4
131.000,original,-,robot4,MIN_DISTANCE,OK,7.383,9.354,,0,nearest_robot=robot3
131.000,original,-,robot5,MIN_DISTANCE,OK,10.798,9.354,,0,nearest_robot=robot6
131.000,original,-,robot6,MIN_DISTANCE,OK,10.798,9.354,,0,nearest_robot=robot5
131.000,original,-,fleet,MIN_DISTANCE_AVG,OK,9.354,,,0,robots_sampled=6
132.000,original,-,robot1,MIN_DISTANCE,OK,9.336,9.078,,0,nearest_robot=robot2
132.000,original,-,robot2,MIN_DISTANCE,OK,9.336,9.078,,0,nearest_robot=robot1
132.000,original,-,robot3,MIN_DISTANCE,OK,7.098,9.078,,0,nearest_robot=robot4
132.000,original,-,robot4,MIN_DISTANCE,OK,7.098,9.078,,0,nearest_robot=robot3
132.000,original,-,robot5,MIN_DISTANCE,OK,10.798,9.078,,0,nearest_robot=robot6
132.000,original,-,robot6,MIN_DISTANCE,OK,10.798,9.078,,0,nearest_robot=robot5
132.000,original,-,fleet,MIN_DISTANCE_AVG,OK,9.078,,,0,robots_sampled=6
133.000,original,-,robot1,MIN_DISTANCE,OK,8.822,8.829,,0,nearest_robot=robot2
133.000,original,-,robot2,MIN_DISTANCE,OK,8.822,8.829,,0,nearest_robot=robot1
133.000,original,-,robot3,MIN_DISTANCE,OK,6.867,8.829,,0,nearest_robot=robot4
133.000,original,-,robot4,MIN_DISTANCE,OK,6.867,8.829,,0,nearest_robot=robot3
133.000,original,-,robot5,MIN_DISTANCE,OK,10.798,8.829,,0,nearest_robot=robot6
133.000,original,-,robot6,MIN_DISTANCE,OK,10.798,8.829,,0,nearest_robot=robot5
133.000,original,-,fleet,MIN_DISTANCE_AVG,OK,8.829,,,0,robots_sampled=6
134.000,original,-,robot1,MIN_DISTANCE,OK,8.317,8.649,,0,nearest_robot=robot2
134.000,original,-,robot2,MIN_DISTANCE,OK,8.317,8.649,,0,nearest_robot=robot1
134.000,original,-,robot3,MIN_DISTANCE,OK,6.831,8.649,,0,nearest_robot=robot4
134.000,original,-,robot4,MIN_DISTANCE,OK,6.831,8.649,,0,nearest_robot=robot3
134.000,original,-,robot5,MIN_DISTANCE,OK,10.798,8.649,,0,nearest_robot=robot6
134.000,original,-,robot6,MIN_DISTANCE,OK,10.798,8.649,,0,nearest_robot=robot5
134.000,original,-,fleet,MIN_DISTANCE_AVG,OK,8.649,,,0,robots_sampled=6
135.000,original,-,robot1,MIN_DISTANCE,OK,7.751,8.460,,0,nearest_robot=robot2
135.000,original,-,robot2,MIN_DISTANCE,OK,7.751,8.460,,0,nearest_robot=robot1
135.000,original,-,robot3,MIN_DISTANCE,OK,6.831,8.460,,0,nearest_robot=robot4
135.000,original,-,robot4,MIN_DISTANCE,OK,6.831,8.460,,0,nearest_robot=robot3
135.000,original,-,robot5,MIN_DISTANCE,OK,10.798,8.460,,0,nearest_robot=robot6
135.000,original,-,robot6,MIN_DISTANCE,OK,10.798,8.460,,0,nearest_robot=robot5
135.000,original,-,fleet,MIN_DISTANCE_AVG,OK,8.460,,,0,robots_sampled=6
136.000,original,-,robot1,MIN_DISTANCE,OK,7.185,8.272,,0,nearest_robot=robot2
136.000,original,-,robot2,MIN_DISTANCE,OK,7.185,8.272,,0,nearest_robot=robot1
136.000,original,-,robot3,MIN_DISTANCE,OK,6.831,8.272,,0,nearest_robot=robot4
136.000,original,-,robot4,MIN_DISTANCE,OK,6.831,8.272,,0,nearest_robot=robot3
136.000,original,-,robot5,MIN_DISTANCE,OK,10.798,8.272,,0,nearest_robot=robot6
136.000,original,-,robot6,MIN_DISTANCE,OK,10.798,8.272,,0,nearest_robot=robot5
136.000,original,-,fleet,MIN_DISTANCE_AVG,OK,8.272,,,0,robots_sampled=6
137.000,original,-,robot1,MIN_DISTANCE,OK,6.605,8.078,,0,nearest_robot=robot2
137.000,original,-,robot2,MIN_DISTANCE,OK,6.605,8.078,,0,nearest_robot=robot1
137.000,original,-,robot3,MIN_DISTANCE,OK,6.831,8.078,,0,nearest_robot=robot4
137.000,original,-,robot4,MIN_DISTANCE,OK,6.831,8.078,,0,nearest_robot=robot3
137.000,original,-,robot5,MIN_DISTANCE,OK,10.798,8.078,,0,nearest_robot=robot6
137.000,original,-,robot6,MIN_DISTANCE,OK,10.798,8.078,,0,nearest_robot=robot5
137.000,original,-,fleet,MIN_DISTANCE_AVG,OK,8.078,,,0,robots_sampled=6
138.000,original,-,robot1,MIN_DISTANCE,OK,6.033,7.887,,0,nearest_robot=robot2
138.000,original,-,robot2,MIN_DISTANCE,OK,6.033,7.887,,0,nearest_robot=robot1
138.000,original,-,robot3,MIN_DISTANCE,OK,6.831,7.887,,0,nearest_robot=robot4
138.000,original,-,robot4,MIN_DISTANCE,OK,6.831,7.887,,0,nearest_robot=robot3
138.000,original,-,robot5,MIN_DISTANCE,OK,10.798,7.887,,0,nearest_robot=robot6
138.000,original,-,robot6,MIN_DISTANCE,OK,10.798,7.887,,0,nearest_robot=robot5
138.000,original,-,fleet,MIN_DISTANCE_AVG,OK,7.887,,,0,robots_sampled=6
139.000,original,-,robot1,MIN_DISTANCE,OK,5.505,7.712,,0,nearest_robot=robot2
139.000,original,-,robot2,MIN_DISTANCE,OK,5.505,7.712,,0,nearest_robot=robot1
139.000,original,-,robot3,MIN_DISTANCE,OK,6.831,7.712,,0,nearest_robot=robot4
139.000,original,-,robot4,MIN_DISTANCE,OK,6.831,7.712,,0,nearest_robot=robot3
139.000,original,-,robot5,MIN_DISTANCE,OK,10.798,7.712,,0,nearest_robot=robot6
139.000,original,-,robot6,MIN_DISTANCE,OK,10.798,7.712,,0,nearest_robot=robot5
139.000,original,-,fleet,MIN_DISTANCE_AVG,OK,7.712,,,0,robots_sampled=6
140.000,original,-,robot1,MIN_DISTANCE,OK,5.105,7.578,,0,nearest_robot=robot2
140.000,original,-,robot2,MIN_DISTANCE,OK,5.105,7.578,,0,nearest_robot=robot1
140.000,original,-,robot3,MIN_DISTANCE,OK,6.831,7.578,,0,nearest_robot=robot4
140.000,original,-,robot4,MIN_DISTANCE,OK,6.831,7.578,,0,nearest_robot=robot3
140.000,original,-,robot5,MIN_DISTANCE,OK,10.798,7.578,,0,nearest_robot=robot6
140.000,original,-,robot6,MIN_DISTANCE,OK,10.798,7.578,,0,nearest_robot=robot5
140.000,original,-,fleet,MIN_DISTANCE_AVG,OK,7.578,,,0,robots_sampled=6
141.000,original,-,robot1,MIN_DISTANCE,OK,4.694,7.441,,0,nearest_robot=robot2
141.000,original,-,robot2,MIN_DISTANCE,OK,4.694,7.441,,0,nearest_robot=robot1
141.000,original,-,robot3,MIN_DISTANCE,OK,6.831,7.441,,0,nearest_robot=robot4
141.000,original,-,robot4,MIN_DISTANCE,OK,6.831,7.441,,0,nearest_robot=robot3
141.000,original,-,robot5,MIN_DISTANCE,OK,10.798,7.441,,0,nearest_robot=robot6
141.000,original,-,robot6,MIN_DISTANCE,OK,10.798,7.441,,0,nearest_robot=robot5
141.000,original,-,fleet,MIN_DISTANCE_AVG,OK,7.441,,,0,robots_sampled=6
142.000,original,-,robot1,MIN_DISTANCE,OK,4.244,7.291,,0,nearest_robot=robot2
142.000,original,-,robot2,MIN_DISTANCE,OK,4.244,7.291,,0,nearest_robot=robot1
142.000,original,-,robot3,MIN_DISTANCE,OK,6.831,7.291,,0,nearest_robot=robot4
142.000,original,-,robot4,MIN_DISTANCE,OK,6.831,7.291,,0,nearest_robot=robot3
142.000,original,-,robot5,MIN_DISTANCE,OK,10.798,7.291,,0,nearest_robot=robot6
142.000,original,-,robot6,MIN_DISTANCE,OK,10.798,7.291,,0,nearest_robot=robot5
142.000,original,-,fleet,MIN_DISTANCE_AVG,OK,7.291,,,0,robots_sampled=6
143.000,original,-,robot1,MIN_DISTANCE,OK,3.792,7.141,,0,nearest_robot=robot2
143.000,original,-,robot2,MIN_DISTANCE,OK,3.792,7.141,,0,nearest_robot=robot1
143.000,original,-,robot3,MIN_DISTANCE,OK,6.831,7.141,,0,nearest_robot=robot4
143.000,original,-,robot4,MIN_DISTANCE,OK,6.831,7.141,,0,nearest_robot=robot3
143.000,original,-,robot5,MIN_DISTANCE,OK,10.798,7.141,,0,nearest_robot=robot6
143.000,original,-,robot6,MIN_DISTANCE,OK,10.798,7.141,,0,nearest_robot=robot5
143.000,original,-,fleet,MIN_DISTANCE_AVG,OK,7.141,,,0,robots_sampled=6
144.000,original,-,fleet,REPLAN_FULL,OK,,,robot1|robot2|robot3|robot4|robot5|robot6,0,original_full_optimization
144.000,original,-,robot1,MIN_DISTANCE,OK,3.333,6.973,,0,nearest_robot=robot2
144.000,original,-,robot2,MIN_DISTANCE,OK,3.333,6.973,,0,nearest_robot=robot1
144.000,original,-,robot3,MIN_DISTANCE,OK,6.833,6.973,,0,nearest_robot=robot4
144.000,original,-,robot4,MIN_DISTANCE,OK,6.833,6.973,,0,nearest_robot=robot3
144.000,original,-,robot5,MIN_DISTANCE,OK,10.753,6.973,,0,nearest_robot=robot6
144.000,original,-,robot6,MIN_DISTANCE,OK,10.753,6.973,,0,nearest_robot=robot5
144.000,original,-,fleet,MIN_DISTANCE_AVG,OK,6.973,,,0,robots_sampled=6
145.000,original,-,robot1,MIN_DISTANCE,OK,2.889,6.826,,0,nearest_robot=robot2
145.000,original,-,robot2,MIN_DISTANCE,OK,2.889,6.826,,0,nearest_robot=robot1
145.000,original,-,robot3,MIN_DISTANCE,OK,6.890,6.826,,0,nearest_robot=robot4
145.000,original,-,robot4,MIN_DISTANCE,OK,6.890,6.826,,0,nearest_robot=robot3
145.000,original,-,robot5,MIN_DISTANCE,OK,10.698,6.826,,0,nearest_robot=robot6
145.000,original,-,robot6,MIN_DISTANCE,OK,10.698,6.826,,0,nearest_robot=robot5
145.000,original,-,fleet,MIN_DISTANCE_AVG,OK,6.826,,,0,robots_sampled=6
146.000,original,-,robot1,MIN_DISTANCE,OK,2.441,6.716,,0,nearest_robot=robot2
146.000,original,-,robot2,MIN_DISTANCE,OK,2.441,6.716,,0,nearest_robot=robot1
146.000,original,-,robot3,MIN_DISTANCE,OK,7.046,6.716,,0,nearest_robot=robot4
146.000,original,-,robot4,MIN_DISTANCE,OK,7.046,6.716,,0,nearest_robot=robot3
146.000,original,-,robot5,MIN_DISTANCE,OK,10.662,6.716,,0,nearest_robot=robot6
146.000,original,-,robot6,MIN_DISTANCE,OK,10.662,6.716,,0,nearest_robot=robot5
146.000,original,-,fleet,MIN_DISTANCE_AVG,OK,6.716,,,0,robots_sampled=6
147.000,original,-,robot1,MIN_DISTANCE,OK,2.014,6.558,,0,nearest_robot=robot2
147.000,original,-,robot2,MIN_DISTANCE,OK,2.014,6.558,,0,nearest_robot=robot1
147.000,original,-,robot3,MIN_DISTANCE,OK,7.128,6.558,,0,nearest_robot=robot4
147.000,original,-,robot4,MIN_DISTANCE,OK,7.128,6.558,,0,nearest_robot=robot3
147.000,original,-,robot5,MIN_DISTANCE,OK,10.531,6.558,,0,nearest_robot=robot6
147.000,original,-,robot6,MIN_DISTANCE,OK,10.531,6.558,,0,nearest_robot=robot5
147.000,original,-,fleet,MIN_DISTANCE_AVG,OK,6.558,,,0,robots_sampled=6
148.000,original,-,robot1,MIN_DISTANCE,OK,1.645,6.318,,0,nearest_robot=robot2
148.000,original,-,robot2,MIN_DISTANCE,OK,1.645,6.318,,0,nearest_robot=robot1
148.000,original,-,robot3,MIN_DISTANCE,OK,7.064,6.318,,0,nearest_robot=robot4
148.000,original,-,robot4,MIN_DISTANCE,OK,7.064,6.318,,0,nearest_robot=robot3
148.000,original,-,robot5,MIN_DISTANCE,OK,10.245,6.318,,0,nearest_robot=robot6
148.000,original,-,robot6,MIN_DISTANCE,OK,10.245,6.318,,0,nearest_robot=robot5
148.000,original,-,fleet,MIN_DISTANCE_AVG,OK,6.318,,,0,robots_sampled=6
149.000,original,-,robot1,MIN_DISTANCE,OK,1.243,6.009,,0,nearest_robot=robot2
149.000,original,-,robot2,MIN_DISTANCE,OK,1.243,6.009,,0,nearest_robot=robot1
149.000,original,-,robot3,MIN_DISTANCE,OK,6.958,6.009,,0,nearest_robot=robot4
149.000,original,-,robot4,MIN_DISTANCE,OK,6.958,6.009,,0,nearest_robot=robot3
149.000,original,-,robot5,MIN_DISTANCE,OK,9.826,6.009,,0,nearest_robot=robot6
149.000,original,-,robot6,MIN_DISTANCE,OK,9.826,6.009,,0,nearest_robot=robot5
149.000,original,-,fleet,MIN_DISTANCE_AVG,OK,6.009,,,0,robots_sampled=6
150.000,original,-,robot1,MIN_DISTANCE,OK,0.910,5.746,,0,nearest_robot=robot2
150.000,original,-,robot2,MIN_DISTANCE,OK,0.910,5.746,,0,nearest_robot=robot1
150.000,original,-,robot3,MIN_DISTANCE,OK,6.885,5.746,,0,nearest_robot=robot4
150.000,original,-,robot4,MIN_DISTANCE,OK,6.885,5.746,,0,nearest_robot=robot3
150.000,original,-,robot5,MIN_DISTANCE,OK,9.442,5.746,,0,nearest_robot=robot6
150.000,original,-,robot6,MIN_DISTANCE,OK,9.442,5.746,,0,nearest_robot=robot5
150.000,original,-,fleet,MIN_DISTANCE_AVG,OK,5.746,,,0,robots_sampled=6
151.000,original,-,robot1,MIN_DISTANCE,OK,0.677,5.492,,0,nearest_robot=robot2
151.000,original,-,robot2,MIN_DISTANCE,OK,0.677,5.492,,0,nearest_robot=robot1
151.000,original,-,robot3,MIN_DISTANCE,OK,6.801,5.492,,0,nearest_robot=robot4
151.000,original,-,robot4,MIN_DISTANCE,OK,6.801,5.492,,0,nearest_robot=robot3
151.000,original,-,robot5,MIN_DISTANCE,OK,8.999,5.492,,0,nearest_robot=robot6
151.000,original,-,robot6,MIN_DISTANCE,OK,8.999,5.492,,0,nearest_robot=robot5
151.000,original,-,fleet,MIN_DISTANCE_AVG,OK,5.492,,,0,robots_sampled=6
152.000,original,-,robot1,MIN_DISTANCE,OK,0.637,5.230,,0,nearest_robot=robot2
152.000,original,-,robot2,MIN_DISTANCE,OK,0.637,5.230,,0,nearest_robot=robot1
152.000,original,-,robot3,MIN_DISTANCE,OK,6.509,5.230,,0,nearest_robot=robot4
152.000,original,-,robot4,MIN_DISTANCE,OK,6.509,5.230,,0,nearest_robot=robot3
152.000,original,-,robot5,MIN_DISTANCE,OK,8.543,5.230,,0,nearest_robot=robot6
152.000,original,-,robot6,MIN_DISTANCE,OK,8.543,5.230,,0,nearest_robot=robot5
152.000,original,-,fleet,MIN_DISTANCE_AVG,OK,5.230,,,0,robots_sampled=6
153.000,original,-,robot1,MIN_DISTANCE,OK,0.755,4.989,,0,nearest_robot=robot2
153.000,original,-,robot2,MIN_DISTANCE,OK,0.755,4.989,,0,nearest_robot=robot1
153.000,original,-,robot3,MIN_DISTANCE,OK,6.065,4.989,,0,nearest_robot=robot4
153.000,original,-,robot4,MIN_DISTANCE,OK,6.065,4.989,,0,nearest_robot=robot3
153.000,original,-,robot5,MIN_DISTANCE,OK,8.148,4.989,,0,nearest_robot=robot6
153.000,original,-,robot6,MIN_DISTANCE,OK,8.148,4.989,,0,nearest_robot=robot5
153.000,original,-,fleet,MIN_DISTANCE_AVG,OK,4.989,,,0,robots_sampled=6
154.000,original,-,robot1,MIN_DISTANCE,OK,0.998,4.755,,0,nearest_robot=robot2
154.000,original,-,robot2,MIN_DISTANCE,OK,0.998,4.755,,0,nearest_robot=robot1
154.000,original,-,robot3,MIN_DISTANCE,OK,5.580,4.755,,0,nearest_robot=robot4
154.000,original,-,robot4,MIN_DISTANCE,OK,5.580,4.755,,0,nearest_robot=robot3
154.000,original,-,robot5,MIN_DISTANCE,OK,7.687,4.755,,0,nearest_robot=robot6
154.000,original,-,robot6,MIN_DISTANCE,OK,7.687,4.755,,0,nearest_robot=robot5
154.000,original,-,fleet,MIN_DISTANCE_AVG,OK,4.755,,,0,robots_sampled=6
155.000,original,-,robot1,MIN_DISTANCE,OK,1.314,4.619,,0,nearest_robot=robot2
155.000,original,-,robot2,MIN_DISTANCE,OK,1.314,4.619,,0,nearest_robot=robot1
155.000,original,-,robot3,MIN_DISTANCE,OK,5.161,4.619,,0,nearest_robot=robot4
155.000,original,-,robot4,MIN_DISTANCE,OK,5.161,4.619,,0,nearest_robot=robot3
155.000,original,-,robot5,MIN_DISTANCE,OK,7.382,4.619,,0,nearest_robot=robot6
155.000,original,-,robot6,MIN_DISTANCE,OK,7.382,4.619,,0,nearest_robot=robot5
155.000,original,-,fleet,MIN_DISTANCE_AVG,OK,4.619,,,0,robots_sampled=6
156.000,original,-,robot1,MIN_DISTANCE,OK,1.681,4.482,,0,nearest_robot=robot2
156.000,original,-,robot2,MIN_DISTANCE,OK,1.681,4.482,,0,nearest_robot=robot1
156.000,original,-,robot3,MIN_DISTANCE,OK,4.729,4.482,,0,nearest_robot=robot4
156.000,original,-,robot4,MIN_DISTANCE,OK,4.729,4.482,,0,nearest_robot=robot3
156.000,original,-,robot5,MIN_DISTANCE,OK,7.037,4.482,,0,nearest_robot=robot6
156.000,original,-,robot6,MIN_DISTANCE,OK,7.037,4.482,,0,nearest_robot=robot5
156.000,original,-,fleet,MIN_DISTANCE_AVG,OK,4.482,,,0,robots_sampled=6
157.000,original,-,robot1,MIN_DISTANCE,OK,2.073,4.350,,0,nearest_robot=robot2
157.000,original,-,robot2,MIN_DISTANCE,OK,2.073,4.350,,0,nearest_robot=robot1
157.000,original,-,robot3,MIN_DISTANCE,OK,4.294,4.350,,0,nearest_robot=robot4
157.000,original,-,robot4,MIN_DISTANCE,OK,4.294,4.350,,0,nearest_robot=robot3
157.000,original,-,robot5,MIN_DISTANCE,OK,6.684,4.350,,0,nearest_robot=robot6
157.000,original,-,robot6,MIN_DISTANCE,OK,6.684,4.350,,0,nearest_robot=robot5
157.000,original,-,fleet,MIN_DISTANCE_AVG,OK,4.350,,,0,robots_sampled=6
158.000,original,-,robot1,MIN_DISTANCE,OK,2.556,4.259,,0,nearest_robot=robot2
158.000,original,-,robot2,MIN_DISTANCE,OK,2.556,4.259,,0,nearest_robot=robot1
158.000,original,-,robot3,MIN_DISTANCE,OK,3.845,4.259,,0,nearest_robot=robot4
158.000,original,-,robot4,MIN_DISTANCE,OK,3.845,4.259,,0,nearest_robot=robot3
158.000,original,-,robot5,MIN_DISTANCE,OK,6.374,4.259,,0,nearest_robot=robot6
158.000,original,-,robot6,MIN_DISTANCE,OK,6.374,4.259,,0,nearest_robot=robot5
158.000,original,-,fleet,MIN_DISTANCE_AVG,OK,4.259,,,0,robots_sampled=6
159.000,original,-,robot1,MIN_DISTANCE,OK,3.037,4.191,,0,nearest_robot=robot2
159.000,original,-,robot2,MIN_DISTANCE,OK,3.037,4.191,,0,nearest_robot=robot1
159.000,original,-,robot3,MIN_DISTANCE,OK,3.431,4.191,,0,nearest_robot=robot4
159.000,original,-,robot4,MIN_DISTANCE,OK,3.431,4.191,,0,nearest_robot=robot3
159.000,original,-,robot5,MIN_DISTANCE,OK,6.104,4.191,,0,nearest_robot=robot6
159.000,original,-,robot6,MIN_DISTANCE,OK,6.104,4.191,,0,nearest_robot=robot5
159.000,original,-,fleet,MIN_DISTANCE_AVG,OK,4.191,,,0,robots_sampled=6
160.000,original,-,robot1,MIN_DISTANCE,OK,3.497,4.125,,0,nearest_robot=robot2
160.000,original,-,robot2,MIN_DISTANCE,OK,3.497,4.125,,0,nearest_robot=robot1
160.000,original,-,robot3,MIN_DISTANCE,OK,3.000,4.125,,0,nearest_robot=robot4
160.000,original,-,robot4,MIN_DISTANCE,OK,3.000,4.125,,0,nearest_robot=robot3
160.000,original,-,robot5,MIN_DISTANCE,OK,5.877,4.125,,0,nearest_robot=robot6
160.000,original,-,robot6,MIN_DISTANCE,OK,5.877,4.125,,0,nearest_robot=robot5
160.000,original,-,fleet,MIN_DISTANCE_AVG,OK,4.125,,,0,robots_sampled=6
161.000,original,-,robot1,MIN_DISTANCE,OK,3.907,4.033,,0,nearest_robot=robot2
161.000,original,-,robot2,MIN_DISTANCE,OK,3.907,4.033,,0,nearest_robot=robot1
161.000,original,-,robot3,MIN_DISTANCE,OK,2.549,4.033,,0,nearest_robot=robot4
161.000,original,-,robot4,MIN_DISTANCE,OK,2.549,4.033,,0,nearest_robot=robot3
161.000,original,-,robot5,MIN_DISTANCE,OK,5.643,4.033,,0,nearest_robot=robot6
161.000,original,-,robot6,MIN_DISTANCE,OK,5.643,4.033,,0,nearest_robot=robot5
161.000,original,-,fleet,MIN_DISTANCE_AVG,OK,4.033,,,0,robots_sampled=6
162.000,original,-,robot1,MIN_DISTANCE,OK,4.207,3.923,,0,nearest_robot=robot2
162.000,original,-,robot2,MIN_DISTANCE,OK,4.207,3.923,,0,nearest_robot=robot1
162.000,original,-,robot3,MIN_DISTANCE,OK,2.101,3.923,,0,nearest_robot=robot4
162.000,original,-,robot4,MIN_DISTANCE,OK,2.101,3.923,,0,nearest_robot=robot3
162.000,original,-,robot5,MIN_DISTANCE,OK,5.462,3.923,,0,nearest_robot=robot6
162.000,original,-,robot6,MIN_DISTANCE,OK,5.462,3.923,,0,nearest_robot=robot5
162.000,original,-,fleet,MIN_DISTANCE_AVG,OK,3.923,,,0,robots_sampled=6
163.000,original,-,robot1,MIN_DISTANCE,OK,4.309,3.807,,0,nearest_robot=robot2
163.000,original,-,robot2,MIN_DISTANCE,OK,4.309,3.807,,0,nearest_robot=robot1
163.000,original,-,robot3,MIN_DISTANCE,OK,1.653,3.807,,0,nearest_robot=robot4
163.000,original,-,robot4,MIN_DISTANCE,OK,1.653,3.807,,0,nearest_robot=robot3
163.000,original,-,robot5,MIN_DISTANCE,OK,5.460,3.807,,0,nearest_robot=robot6
163.000,original,-,robot6,MIN_DISTANCE,OK,5.460,3.807,,0,nearest_robot=robot5
163.000,original,-,fleet,MIN_DISTANCE_AVG,OK,3.807,,,0,robots_sampled=6
164.000,original,-,robot1,MIN_DISTANCE,OK,4.240,3.643,,0,nearest_robot=robot2
164.000,original,-,robot2,MIN_DISTANCE,OK,4.240,3.643,,0,nearest_robot=robot1
164.000,original,-,robot3,MIN_DISTANCE,OK,1.231,3.643,,0,nearest_robot=robot4
164.000,original,-,robot4,MIN_DISTANCE,OK,1.231,3.643,,0,nearest_robot=robot3
164.000,original,-,robot5,MIN_DISTANCE,OK,5.459,3.643,,0,nearest_robot=robot6
164.000,original,-,robot6,MIN_DISTANCE,OK,5.459,3.643,,0,nearest_robot=robot5
164.000,original,-,fleet,MIN_DISTANCE_AVG,OK,3.643,,,0,robots_sampled=6
165.000,original,-,robot1,MIN_DISTANCE,OK,4.271,3.553,,0,nearest_robot=robot2
165.000,original,-,robot2,MIN_DISTANCE,OK,4.271,3.553,,0,nearest_robot=robot1
165.000,original,-,robot3,MIN_DISTANCE,OK,0.921,3.553,,0,nearest_robot=robot4
165.000,original,-,robot4,MIN_DISTANCE,OK,0.921,3.553,,0,nearest_robot=robot3
165.000,original,-,robot5,MIN_DISTANCE,OK,5.466,3.553,,0,nearest_robot=robot6
165.000,original,-,robot6,MIN_DISTANCE,OK,5.466,3.553,,0,nearest_robot=robot5
165.000,original,-,fleet,MIN_DISTANCE_AVG,OK,3.553,,,0,robots_sampled=6
166.000,original,-,robot1,MIN_DISTANCE,OK,4.402,3.597,,0,nearest_robot=robot2
166.000,original,-,robot2,MIN_DISTANCE,OK,4.402,3.597,,0,nearest_robot=robot1
166.000,original,-,robot3,MIN_DISTANCE,OK,0.925,3.597,,0,nearest_robot=robot4
166.000,original,-,robot4,MIN_DISTANCE,OK,0.925,3.597,,0,nearest_robot=robot3
166.000,original,-,robot5,MIN_DISTANCE,OK,5.466,3.597,,0,nearest_robot=robot6
166.000,original,-,robot6,MIN_DISTANCE,OK,5.466,3.597,,0,nearest_robot=robot5
166.000,original,-,fleet,MIN_DISTANCE_AVG,OK,3.597,,,0,robots_sampled=6
167.000,original,-,robot1,MIN_DISTANCE,OK,4.453,3.690,,0,nearest_robot=robot2
167.000,original,-,robot2,MIN_DISTANCE,OK,4.453,3.690,,0,nearest_robot=robot1
167.000,original,-,robot3,MIN_DISTANCE,OK,1.152,3.690,,0,nearest_robot=robot4
167.000,original,-,robot4,MIN_DISTANCE,OK,1.152,3.690,,0,nearest_robot=robot3
167.000,original,-,robot5,MIN_DISTANCE,OK,5.466,3.690,,0,nearest_robot=robot6
167.000,original,-,robot6,MIN_DISTANCE,OK,5.466,3.690,,0,nearest_robot=robot5
167.000,original,-,fleet,MIN_DISTANCE_AVG,OK,3.690,,,0,robots_sampled=6
168.000,original,-,robot1,MIN_DISTANCE,OK,4.328,3.780,,0,nearest_robot=robot2
168.000,original,-,robot2,MIN_DISTANCE,OK,4.328,3.780,,0,nearest_robot=robot1
168.000,original,-,robot3,MIN_DISTANCE,OK,1.547,3.780,,0,nearest_robot=robot4
168.000,original,-,robot4,MIN_DISTANCE,OK,1.547,3.780,,0,nearest_robot=robot3
168.000,original,-,robot5,MIN_DISTANCE,OK,5.466,3.780,,0,nearest_robot=robot6
168.000,original,-,robot6,MIN_DISTANCE,OK,5.466,3.780,,0,nearest_robot=robot5
168.000,original,-,fleet,MIN_DISTANCE_AVG,OK,3.780,,,0,robots_sampled=6
169.000,original,-,robot1,MIN_DISTANCE,OK,4.335,3.939,,0,nearest_robot=robot2
169.000,original,-,robot2,MIN_DISTANCE,OK,4.335,3.939,,0,nearest_robot=robot1
169.000,original,-,robot3,MIN_DISTANCE,OK,2.017,3.939,,0,nearest_robot=robot4
169.000,original,-,robot4,MIN_DISTANCE,OK,2.017,3.939,,0,nearest_robot=robot3
169.000,original,-,robot5,MIN_DISTANCE,OK,5.466,3.939,,0,nearest_robot=robot6
169.000,original,-,robot6,MIN_DISTANCE,OK,5.466,3.939,,0,nearest_robot=robot5
169.000,original,-,fleet,MIN_DISTANCE_AVG,OK,3.939,,,0,robots_sampled=6
169.500,original,-,fleet,REPLAN_FULL,OK,,,robot1|robot2|robot3|robot4|robot5|robot6,0,original_full_optimization
170.000,original,-,robot1,MIN_DISTANCE,OK,4.381,4.112,,0,nearest_robot=robot2
170.000,original,-,robot2,MIN_DISTANCE,OK,4.381,4.112,,0,nearest_robot=robot1
170.000,original,-,robot3,MIN_DISTANCE,OK,2.488,4.112,,0,nearest_robot=robot4
170.000,original,-,robot4,MIN_DISTANCE,OK,2.488,4.112,,0,nearest_robot=robot3
170.000,original,-,robot5,MIN_DISTANCE,OK,5.466,4.112,,0,nearest_robot=robot6
170.000,original,-,robot6,MIN_DISTANCE,OK,5.466,4.112,,0,nearest_robot=robot5
170.000,original,-,fleet,MIN_DISTANCE_AVG,OK,4.112,,,0,robots_sampled=6
171.000,original,-,robot1,MIN_DISTANCE,OK,4.615,4.358,,0,nearest_robot=robot2
171.000,original,-,robot2,MIN_DISTANCE,OK,4.615,4.358,,0,nearest_robot=robot1
171.000,original,-,robot3,MIN_DISTANCE,OK,2.994,4.358,,0,nearest_robot=robot4
171.000,original,-,robot4,MIN_DISTANCE,OK,2.994,4.358,,0,nearest_robot=robot3
171.000,original,-,robot5,MIN_DISTANCE,OK,5.466,4.358,,0,nearest_robot=robot6
171.000,original,-,robot6,MIN_DISTANCE,OK,5.466,4.358,,0,nearest_robot=robot5
171.000,original,-,fleet,MIN_DISTANCE_AVG,OK,4.358,,,0,robots_sampled=6
172.000,original,-,robot1,MIN_DISTANCE,OK,5.099,4.640,,0,nearest_robot=robot2
172.000,original,-,robot2,MIN_DISTANCE,OK,5.099,4.640,,0,nearest_robot=robot1
172.000,original,-,robot3,MIN_DISTANCE,OK,3.354,4.640,,0,nearest_robot=robot4
172.000,original,-,robot4,MIN_DISTANCE,OK,3.354,4.640,,0,nearest_robot=robot3
172.000,original,-,robot5,MIN_DISTANCE,OK,5.466,4.640,,0,nearest_robot=robot6
172.000,original,-,robot6,MIN_DISTANCE,OK,5.466,4.640,,0,nearest_robot=robot5
172.000,original,-,fleet,MIN_DISTANCE_AVG,OK,4.640,,,0,robots_sampled=6
173.000,original,-,robot1,MIN_DISTANCE,OK,5.477,4.809,,0,nearest_robot=robot2
173.000,original,-,robot2,MIN_DISTANCE,OK,5.477,4.809,,0,nearest_robot=robot1
173.000,original,-,robot3,MIN_DISTANCE,OK,3.485,4.809,,0,nearest_robot=robot4
173.000,original,-,robot4,MIN_DISTANCE,OK,3.485,4.809,,0,nearest_robot=robot3
173.000,original,-,robot5,MIN_DISTANCE,OK,5.466,4.809,,0,nearest_robot=robot6
173.000,original,-,robot6,MIN_DISTANCE,OK,5.466,4.809,,0,nearest_robot=robot5
173.000,original,-,fleet,MIN_DISTANCE_AVG,OK,4.809,,,0,robots_sampled=6
174.000,original,-,robot1,MIN_DISTANCE,OK,5.847,4.890,,0,nearest_robot=robot2
174.000,original,-,robot2,MIN_DISTANCE,OK,5.847,4.890,,0,nearest_robot=robot1
174.000,original,-,robot3,MIN_DISTANCE,OK,3.356,4.890,,0,nearest_robot=robot4
174.000,original,-,robot4,MIN_DISTANCE,OK,3.356,4.890,,0,nearest_robot=robot3
174.000,original,-,robot5,MIN_DISTANCE,OK,5.466,4.890,,0,nearest_robot=robot6
174.000,original,-,robot6,MIN_DISTANCE,OK,5.466,4.890,,0,nearest_robot=robot5
174.000,original,-,fleet,MIN_DISTANCE_AVG,OK,4.890,,,0,robots_sampled=6
175.000,original,-,robot1,MIN_DISTANCE,OK,6.219,4.914,,0,nearest_robot=robot2
175.000,original,-,robot2,MIN_DISTANCE,OK,6.219,4.914,,0,nearest_robot=robot1
175.000,original,-,robot3,MIN_DISTANCE,OK,3.058,4.914,,0,nearest_robot=robot4
175.000,original,-,robot4,MIN_DISTANCE,OK,3.058,4.914,,0,nearest_robot=robot3
175.000,original,-,robot5,MIN_DISTANCE,OK,5.466,4.914,,0,nearest_robot=robot6
175.000,original,-,robot6,MIN_DISTANCE,OK,5.466,4.914,,0,nearest_robot=robot5
175.000,original,-,fleet,MIN_DISTANCE_AVG,OK,4.914,,,0,robots_sampled=6
176.000,original,-,robot1,MIN_DISTANCE,OK,6.629,4.924,,0,nearest_robot=robot2
176.000,original,-,robot2,MIN_DISTANCE,OK,6.629,4.924,,0,nearest_robot=robot1
176.000,original,-,robot3,MIN_DISTANCE,OK,2.676,4.924,,0,nearest_robot=robot4
176.000,original,-,robot4,MIN_DISTANCE,OK,2.676,4.924,,0,nearest_robot=robot3
176.000,original,-,robot5,MIN_DISTANCE,OK,5.466,4.924,,0,nearest_robot=robot6
176.000,original,-,robot6,MIN_DISTANCE,OK,5.466,4.924,,0,nearest_robot=robot5
176.000,original,-,fleet,MIN_DISTANCE_AVG,OK,4.924,,,0,robots_sampled=6
177.000,original,-,robot1,MIN_DISTANCE,OK,6.965,4.895,,0,nearest_robot=robot2
177.000,original,-,robot2,MIN_DISTANCE,OK,6.965,4.895,,0,nearest_robot=robot1
177.000,original,-,robot3,MIN_DISTANCE,OK,2.256,4.895,,0,nearest_robot=robot4
177.000,original,-,robot4,MIN_DISTANCE,OK,2.256,4.895,,0,nearest_robot=robot3
177.000,original,-,robot5,MIN_DISTANCE,OK,5.466,4.895,,0,nearest_robot=robot6
177.000,original,-,robot6,MIN_DISTANCE,OK,5.466,4.895,,0,nearest_robot=robot5
177.000,original,-,fleet,MIN_DISTANCE_AVG,OK,4.895,,,0,robots_sampled=6
178.000,original,-,robot1,MIN_DISTANCE,OK,7.311,4.944,,0,nearest_robot=robot2
178.000,original,-,robot2,MIN_DISTANCE,OK,7.311,4.944,,0,nearest_robot=robot1
178.000,original,-,robot3,MIN_DISTANCE,OK,2.055,4.944,,0,nearest_robot=robot4
178.000,original,-,robot4,MIN_DISTANCE,OK,2.055,4.944,,0,nearest_robot=robot3
178.000,original,-,robot5,MIN_DISTANCE,OK,5.466,4.944,,0,nearest_robot=robot6
178.000,original,-,robot6,MIN_DISTANCE,OK,5.466,4.944,,0,nearest_robot=robot5
178.000,original,-,fleet,MIN_DISTANCE_AVG,OK,4.944,,,0,robots_sampled=6
179.000,original,-,robot1,MIN_DISTANCE,OK,7.710,5.085,,0,nearest_robot=robot2
179.000,original,-,robot2,MIN_DISTANCE,OK,7.710,5.085,,0,nearest_robot=robot1
179.000,original,-,robot3,MIN_DISTANCE,OK,2.079,5.085,,0,nearest_robot=robot4
179.000,original,-,robot4,MIN_DISTANCE,OK,2.079,5.085,,0,nearest_robot=robot3
179.000,original,-,robot5,MIN_DISTANCE,OK,5.466,5.085,,0,nearest_robot=robot6
179.000,original,-,robot6,MIN_DISTANCE,OK,5.466,5.085,,0,nearest_robot=robot5
179.000,original,-,fleet,MIN_DISTANCE_AVG,OK,5.085,,,0,robots_sampled=6
180.000,original,-,robot1,MIN_DISTANCE,OK,8.064,5.192,,0,nearest_robot=robot2
180.000,original,-,robot2,MIN_DISTANCE,OK,8.064,5.192,,0,nearest_robot=robot1
180.000,original,-,robot3,MIN_DISTANCE,OK,2.047,5.192,,0,nearest_robot=robot4
180.000,original,-,robot4,MIN_DISTANCE,OK,2.047,5.192,,0,nearest_robot=robot3
180.000,original,-,robot5,MIN_DISTANCE,OK,5.466,5.192,,0,nearest_robot=robot6
180.000,original,-,robot6,MIN_DISTANCE,OK,5.466,5.192,,0,nearest_robot=robot5
180.000,original,-,fleet,MIN_DISTANCE_AVG,OK,5.192,,,0,robots_sampled=6
181.000,original,-,robot1,MIN_DISTANCE,OK,8.440,5.339,,0,nearest_robot=robot2
181.000,original,-,robot2,MIN_DISTANCE,OK,8.440,5.339,,0,nearest_robot=robot1
181.000,original,-,robot3,MIN_DISTANCE,OK,2.111,5.339,,0,nearest_robot=robot4
181.000,original,-,robot4,MIN_DISTANCE,OK,2.111,5.339,,0,nearest_robot=robot3
181.000,original,-,robot5,MIN_DISTANCE,OK,5.466,5.339,,0,nearest_robot=robot6
181.000,original,-,robot6,MIN_DISTANCE,OK,5.466,5.339,,0,nearest_robot=robot5
181.000,original,-,fleet,MIN_DISTANCE_AVG,OK,5.339,,,0,robots_sampled=6
182.000,original,-,robot1,MIN_DISTANCE,OK,8.853,5.503,,0,nearest_robot=robot2
182.000,original,-,robot2,MIN_DISTANCE,OK,8.853,5.503,,0,nearest_robot=robot1
182.000,original,-,robot3,MIN_DISTANCE,OK,2.192,5.503,,0,nearest_robot=robot4
182.000,original,-,robot4,MIN_DISTANCE,OK,2.192,5.503,,0,nearest_robot=robot3
182.000,original,-,robot5,MIN_DISTANCE,OK,5.466,5.503,,0,nearest_robot=robot6
182.000,original,-,robot6,MIN_DISTANCE,OK,5.466,5.503,,0,nearest_robot=robot5
182.000,original,-,fleet,MIN_DISTANCE_AVG,OK,5.503,,,0,robots_sampled=6
183.000,original,-,robot1,MIN_DISTANCE,OK,9.247,5.618,,0,nearest_robot=robot2
183.000,original,-,robot2,MIN_DISTANCE,OK,9.247,5.618,,0,nearest_robot=robot1
183.000,original,-,robot3,MIN_DISTANCE,OK,2.141,5.618,,0,nearest_robot=robot4
183.000,original,-,robot4,MIN_DISTANCE,OK,2.141,5.618,,0,nearest_robot=robot3
183.000,original,-,robot5,MIN_DISTANCE,OK,5.466,5.618,,0,nearest_robot=robot6
183.000,original,-,robot6,MIN_DISTANCE,OK,5.466,5.618,,0,nearest_robot=robot5
183.000,original,-,fleet,MIN_DISTANCE_AVG,OK,5.618,,,0,robots_sampled=6
184.000,original,-,robot1,MIN_DISTANCE,OK,9.673,5.647,,0,nearest_robot=robot2
184.000,original,-,robot2,MIN_DISTANCE,OK,9.673,5.647,,0,nearest_robot=robot1
184.000,original,-,robot3,MIN_DISTANCE,OK,1.802,5.647,,0,nearest_robot=robot4
184.000,original,-,robot4,MIN_DISTANCE,OK,1.802,5.647,,0,nearest_robot=robot3
184.000,original,-,robot5,MIN_DISTANCE,OK,5.465,5.647,,0,nearest_robot=robot6
184.000,original,-,robot6,MIN_DISTANCE,OK,5.465,5.647,,0,nearest_robot=robot5
184.000,original,-,fleet,MIN_DISTANCE_AVG,OK,5.647,,,0,robots_sampled=6
185.000,original,-,robot1,MIN_DISTANCE,OK,10.102,5.649,,0,nearest_robot=robot2
185.000,original,-,robot2,MIN_DISTANCE,OK,10.102,5.649,,0,nearest_robot=robot1
185.000,original,-,robot3,MIN_DISTANCE,OK,1.381,5.649,,0,nearest_robot=robot4
185.000,original,-,robot4,MIN_DISTANCE,OK,1.381,5.649,,0,nearest_robot=robot3
185.000,original,-,robot5,MIN_DISTANCE,OK,5.465,5.649,,0,nearest_robot=robot6
185.000,original,-,robot6,MIN_DISTANCE,OK,5.465,5.649,,0,nearest_robot=robot5
185.000,original,-,fleet,MIN_DISTANCE_AVG,OK,5.649,,,0,robots_sampled=6
186.000,original,-,robot1,MIN_DISTANCE,OK,10.521,5.719,,0,nearest_robot=robot2
186.000,original,-,robot2,MIN_DISTANCE,OK,10.521,5.719,,0,nearest_robot=robot1
186.000,original,-,robot3,MIN_DISTANCE,OK,1.170,5.719,,0,nearest_robot=robot4
186.000,original,-,robot4,MIN_DISTANCE,OK,1.170,5.719,,0,nearest_robot=robot3
186.000,original,-,robot5,MIN_DISTANCE,OK,5.465,5.719,,0,nearest_robot=robot6
186.000,original,-,robot6,MIN_DISTANCE,OK,5.465,5.719,,0,nearest_robot=robot5
186.000,original,-,fleet,MIN_DISTANCE_AVG,OK,5.719,,,0,robots_sampled=6
187.000,original,-,robot1,MIN_DISTANCE,OK,10.884,5.776,,0,nearest_robot=robot2
187.000,original,-,robot2,MIN_DISTANCE,OK,10.884,5.776,,0,nearest_robot=robot1
187.000,original,-,robot3,MIN_DISTANCE,OK,0.977,5.776,,0,nearest_robot=robot4
187.000,original,-,robot4,MIN_DISTANCE,OK,0.977,5.776,,0,nearest_robot=robot3
187.000,original,-,robot5,MIN_DISTANCE,OK,5.465,5.776,,0,nearest_robot=robot6
187.000,original,-,robot6,MIN_DISTANCE,OK,5.465,5.776,,0,nearest_robot=robot5
187.000,original,-,fleet,MIN_DISTANCE_AVG,OK,5.776,,,0,robots_sampled=6
188.000,original,-,robot1,MIN_DISTANCE,OK,11.320,5.893,,0,nearest_robot=robot2
188.000,original,-,robot2,MIN_DISTANCE,OK,11.320,5.893,,0,nearest_robot=robot1
188.000,original,-,robot3,MIN_DISTANCE,OK,0.894,5.893,,0,nearest_robot=robot4
188.000,original,-,robot4,MIN_DISTANCE,OK,0.894,5.893,,0,nearest_robot=robot3
188.000,original,-,robot5,MIN_DISTANCE,OK,5.465,5.893,,0,nearest_robot=robot6
188.000,original,-,robot6,MIN_DISTANCE,OK,5.465,5.893,,0,nearest_robot=robot5
188.000,original,-,fleet,MIN_DISTANCE_AVG,OK,5.893,,,0,robots_sampled=6
189.000,original,-,robot1,MIN_DISTANCE,OK,11.764,6.001,,0,nearest_robot=robot2
189.000,original,-,robot2,MIN_DISTANCE,OK,11.764,6.001,,0,nearest_robot=robot1
189.000,original,-,robot3,MIN_DISTANCE,OK,0.774,6.001,,0,nearest_robot=robot4
189.000,original,-,robot4,MIN_DISTANCE,OK,0.774,6.001,,0,nearest_robot=robot3
189.000,original,-,robot5,MIN_DISTANCE,OK,5.465,6.001,,0,nearest_robot=robot6
189.000,original,-,robot6,MIN_DISTANCE,OK,5.465,6.001,,0,nearest_robot=robot5
189.000,original,-,fleet,MIN_DISTANCE_AVG,OK,6.001,,,0,robots_sampled=6
190.000,original,-,robot1,MIN_DISTANCE,OK,12.190,6.137,,0,nearest_robot=robot2
190.000,original,-,robot2,MIN_DISTANCE,OK,12.190,6.137,,0,nearest_robot=robot1
190.000,original,-,robot3,MIN_DISTANCE,OK,0.756,6.137,,0,nearest_robot=robot4
190.000,original,-,robot4,MIN_DISTANCE,OK,0.756,6.137,,0,nearest_robot=robot3
190.000,original,-,robot5,MIN_DISTANCE,OK,5.465,6.137,,0,nearest_robot=robot6
190.000,original,-,robot6,MIN_DISTANCE,OK,5.465,6.137,,0,nearest_robot=robot5
190.000,original,-,fleet,MIN_DISTANCE_AVG,OK,6.137,,,0,robots_sampled=6
191.000,original,-,robot1,MIN_DISTANCE,OK,12.605,6.397,,0,nearest_robot=robot2
191.000,original,-,robot2,MIN_DISTANCE,OK,12.605,6.397,,0,nearest_robot=robot1
191.000,original,-,robot3,MIN_DISTANCE,OK,1.122,6.397,,0,nearest_robot=robot4
191.000,original,-,robot4,MIN_DISTANCE,OK,1.122,6.397,,0,nearest_robot=robot3
191.000,original,-,robot5,MIN_DISTANCE,OK,5.465,6.397,,0,nearest_robot=robot6
191.000,original,-,robot6,MIN_DISTANCE,OK,5.465,6.397,,0,nearest_robot=robot5
191.000,original,-,fleet,MIN_DISTANCE_AVG,OK,6.397,,,0,robots_sampled=6
192.000,original,-,robot1,MIN_DISTANCE,OK,13.022,6.682,,0,nearest_robot=robot2
192.000,original,-,robot2,MIN_DISTANCE,OK,13.022,6.682,,0,nearest_robot=robot1
192.000,original,-,robot3,MIN_DISTANCE,OK,1.560,6.682,,0,nearest_robot=robot4
192.000,original,-,robot4,MIN_DISTANCE,OK,1.560,6.682,,0,nearest_robot=robot3
192.000,original,-,robot5,MIN_DISTANCE,OK,5.465,6.682,,0,nearest_robot=robot6
192.000,original,-,robot6,MIN_DISTANCE,OK,5.465,6.682,,0,nearest_robot=robot5
192.000,original,-,fleet,MIN_DISTANCE_AVG,OK,6.682,,,0,robots_sampled=6
193.000,original,-,robot1,MIN_DISTANCE,OK,13.481,6.980,,0,nearest_robot=robot2
193.000,original,-,robot2,MIN_DISTANCE,OK,13.481,6.980,,0,nearest_robot=robot1
193.000,original,-,robot3,MIN_DISTANCE,OK,1.994,6.980,,0,nearest_robot=robot4
193.000,original,-,robot4,MIN_DISTANCE,OK,1.994,6.980,,0,nearest_robot=robot3
193.000,original,-,robot5,MIN_DISTANCE,OK,5.465,6.980,,0,nearest_robot=robot6
193.000,original,-,robot6,MIN_DISTANCE,OK,5.465,6.980,,0,nearest_robot=robot5
193.000,original,-,fleet,MIN_DISTANCE_AVG,OK,6.980,,,0,robots_sampled=6
194.000,original,-,robot1,MIN_DISTANCE,OK,13.903,7.268,,0,nearest_robot=robot2
194.000,original,-,robot2,MIN_DISTANCE,OK,13.903,7.268,,0,nearest_robot=robot1
194.000,original,-,robot3,MIN_DISTANCE,OK,2.440,7.268,,0,nearest_robot=robot4
194.000,original,-,robot4,MIN_DISTANCE,OK,2.440,7.268,,0,nearest_robot=robot3
194.000,original,-,robot5,MIN_DISTANCE,OK,5.462,7.268,,0,nearest_robot=robot6
194.000,original,-,robot6,MIN_DISTANCE,OK,5.462,7.268,,0,nearest_robot=robot5
194.000,original,-,fleet,MIN_DISTANCE_AVG,OK,7.268,,,0,robots_sampled=6
195.000,original,-,fleet,REPLAN_FULL,OK,,,robot1|robot2|robot3|robot4|robot5|robot6,0,original_full_optimization
195.000,original,-,robot1,MIN_DISTANCE,OK,14.043,7.452,,0,nearest_robot=robot2
195.000,original,-,robot2,MIN_DISTANCE,OK,14.043,7.452,,0,nearest_robot=robot1
195.000,original,-,robot3,MIN_DISTANCE,OK,2.875,7.452,,0,nearest_robot=robot4
195.000,original,-,robot4,MIN_DISTANCE,OK,2.875,7.452,,0,nearest_robot=robot3
195.000,original,-,robot5,MIN_DISTANCE,OK,5.437,7.452,,0,nearest_robot=robot6
195.000,original,-,robot6,MIN_DISTANCE,OK,5.437,7.452,,0,nearest_robot=robot5
195.000,original,-,fleet,MIN_DISTANCE_AVG,OK,7.452,,,0,robots_sampled=6
196.000,original,-,robot1,MIN_DISTANCE,OK,13.877,7.543,,0,nearest_robot=robot2
196.000,original,-,robot2,MIN_DISTANCE,OK,13.877,7.543,,0,nearest_robot=robot1
196.000,original,-,robot3,MIN_DISTANCE,OK,3.315,7.543,,0,nearest_robot=robot4
196.000,original,-,robot4,MIN_DISTANCE,OK,3.315,7.543,,0,nearest_robot=robot3
196.000,original,-,robot5,MIN_DISTANCE,OK,5.437,7.543,,0,nearest_robot=robot6
196.000,original,-,robot6,MIN_DISTANCE,OK,5.437,7.543,,0,nearest_robot=robot5
196.000,original,-,fleet,MIN_DISTANCE_AVG,OK,7.543,,,0,robots_sampled=6
197.000,original,-,robot1,MIN_DISTANCE,OK,13.748,7.655,,0,nearest_robot=robot2
197.000,original,-,robot2,MIN_DISTANCE,OK,13.748,7.655,,0,nearest_robot=robot1
197.000,original,-,robot3,MIN_DISTANCE,OK,3.781,7.655,,0,nearest_robot=robot4
197.000,original,-,robot4,MIN_DISTANCE,OK,3.781,7.655,,0,nearest_robot=robot3
197.000,original,-,robot5,MIN_DISTANCE,OK,5.437,7.655,,0,nearest_robot=robot6
197.000,original,-,robot6,MIN_DISTANCE,OK,5.437,7.655,,0,nearest_robot=robot5
197.000,original,-,fleet,MIN_DISTANCE_AVG,OK,7.655,,,0,robots_sampled=6
198.000,original,-,robot1,MIN_DISTANCE,OK,13.629,7.780,,0,nearest_robot=robot2
198.000,original,-,robot2,MIN_DISTANCE,OK,13.629,7.780,,0,nearest_robot=robot1
198.000,original,-,robot3,MIN_DISTANCE,OK,4.273,7.780,,0,nearest_robot=robot4
198.000,original,-,robot4,MIN_DISTANCE,OK,4.273,7.780,,0,nearest_robot=robot3
198.000,original,-,robot5,MIN_DISTANCE,OK,5.437,7.780,,0,nearest_robot=robot6
198.000,original,-,robot6,MIN_DISTANCE,OK,5.437,7.780,,0,nearest_robot=robot5
198.000,original,-,fleet,MIN_DISTANCE_AVG,OK,7.780,,,0,robots_sampled=6
199.000,original,-,robot1,MIN_DISTANCE,OK,13.491,7.902,,0,nearest_robot=robot2
199.000,original,-,robot2,MIN_DISTANCE,OK,13.491,7.902,,0,nearest_robot=robot1
199.000,original,-,robot3,MIN_DISTANCE,OK,4.778,7.902,,0,nearest_robot=robot4
199.000,original,-,robot4,MIN_DISTANCE,OK,4.778,7.902,,0,nearest_robot=robot3
199.000,original,-,robot5,MIN_DISTANCE,OK,5.437,7.902,,0,nearest_robot=robot6
199.000,original,-,robot6,MIN_DISTANCE,OK,5.437,7.902,,0,nearest_robot=robot5
199.000,original,-,fleet,MIN_DISTANCE_AVG,OK,7.902,,,0,robots_sampled=6
200.000,original,-,robot1,MIN_DISTANCE,OK,13.691,8.116,,0,nearest_robot=robot2
200.000,original,-,robot2,MIN_DISTANCE,OK,13.691,8.116,,0,nearest_robot=robot1
200.000,original,-,robot3,MIN_DISTANCE,OK,5.222,8.116,,0,nearest_robot=robot4
200.000,original,-,robot4,MIN_DISTANCE,OK,5.222,8.116,,0,nearest_robot=robot3
200.000,original,-,robot5,MIN_DISTANCE,OK,5.437,8.116,,0,nearest_robot=robot6
200.000,original,-,robot6,MIN_DISTANCE,OK,5.437,8.116,,0,nearest_robot=robot5
200.000,original,-,fleet,MIN_DISTANCE_AVG,OK,8.116,,,0,robots_sampled=6
201.000,original,-,robot1,MIN_DISTANCE,OK,13.917,8.349,,0,nearest_robot=robot2
201.000,original,-,robot2,MIN_DISTANCE,OK,13.917,8.349,,0,nearest_robot=robot1
201.000,original,-,robot3,MIN_DISTANCE,OK,5.693,8.349,,0,nearest_robot=robot4
201.000,original,-,robot4,MIN_DISTANCE,OK,5.693,8.349,,0,nearest_robot=robot3
201.000,original,-,robot5,MIN_DISTANCE,OK,5.437,8.349,,0,nearest_robot=robot6
201.000,original,-,robot6,MIN_DISTANCE,OK,5.437,8.349,,0,nearest_robot=robot5
201.000,original,-,fleet,MIN_DISTANCE_AVG,OK,8.349,,,0,robots_sampled=6
202.000,original,-,robot1,MIN_DISTANCE,OK,13.684,8.430,,0,nearest_robot=robot2
202.000,original,-,robot2,MIN_DISTANCE,OK,13.684,8.430,,0,nearest_robot=robot1
202.000,original,-,robot3,MIN_DISTANCE,OK,6.168,8.430,,0,nearest_robot=robot4
202.000,original,-,robot4,MIN_DISTANCE,OK,6.168,8.430,,0,nearest_robot=robot3
202.000,original,-,robot5,MIN_DISTANCE,OK,5.436,8.430,,0,nearest_robot=robot6
202.000,original,-,robot6,MIN_DISTANCE,OK,5.436,8.430,,0,nearest_robot=robot5
202.000,original,-,fleet,MIN_DISTANCE_AVG,OK,8.430,,,0,robots_sampled=6
203.000,original,-,robot1,MIN_DISTANCE,OK,13.604,8.555,,0,nearest_robot=robot2
203.000,original,-,robot2,MIN_DISTANCE,OK,13.604,8.555,,0,nearest_robot=robot1
203.000,original,-,robot3,MIN_DISTANCE,OK,6.625,8.555,,0,nearest_robot=robot4
203.000,original,-,robot4,MIN_DISTANCE,OK,6.625,8.555,,0,nearest_robot=robot3
203.000,original,-,robot5,MIN_DISTANCE,OK,5.436,8.555,,0,nearest_robot=robot6
203.000,original,-,robot6,MIN_DISTANCE,OK,5.436,8.555,,0,nearest_robot=robot5
203.000,original,-,fleet,MIN_DISTANCE_AVG,OK,8.555,,,0,robots_sampled=6
204.000,original,-,robot1,MIN_DISTANCE,OK,13.386,8.624,,0,nearest_robot=robot2
204.000,original,-,robot2,MIN_DISTANCE,OK,13.386,8.624,,0,nearest_robot=robot1
204.000,original,-,robot3,MIN_DISTANCE,OK,7.049,8.624,,0,nearest_robot=robot4
204.000,original,-,robot4,MIN_DISTANCE,OK,7.049,8.624,,0,nearest_robot=robot3
204.000,original,-,robot5,MIN_DISTANCE,OK,5.436,8.624,,0,nearest_robot=robot6
204.000,original,-,robot6,MIN_DISTANCE,OK,5.436,8.624,,0,nearest_robot=robot5
204.000,original,-,fleet,MIN_DISTANCE_AVG,OK,8.624,,,0,robots_sampled=6
205.000,original,-,robot1,MIN_DISTANCE,OK,13.386,8.750,,0,nearest_robot=robot2
205.000,original,-,robot2,MIN_DISTANCE,OK,13.386,8.750,,0,nearest_robot=robot1
205.000,original,-,robot3,MIN_DISTANCE,OK,7.426,8.750,,0,nearest_robot=robot4
205.000,original,-,robot4,MIN_DISTANCE,OK,7.426,8.750,,0,nearest_robot=robot3
205.000,original,-,robot5,MIN_DISTANCE,OK,5.436,8.750,,0,nearest_robot=robot6
205.000,original,-,robot6,MIN_DISTANCE,OK,5.436,8.750,,0,nearest_robot=robot5
205.000,original,-,fleet,MIN_DISTANCE_AVG,OK,8.750,,,0,robots_sampled=6
206.000,original,-,robot1,MIN_DISTANCE,OK,13.386,8.880,,0,nearest_robot=robot2
206.000,original,-,robot2,MIN_DISTANCE,OK,13.386,8.880,,0,nearest_robot=robot1
206.000,original,-,robot3,MIN_DISTANCE,OK,7.818,8.880,,0,nearest_robot=robot4
206.000,original,-,robot4,MIN_DISTANCE,OK,7.818,8.880,,0,nearest_robot=robot3
206.000,original,-,robot5,MIN_DISTANCE,OK,5.436,8.880,,0,nearest_robot=robot6
206.000,original,-,robot6,MIN_DISTANCE,OK,5.436,8.880,,0,nearest_robot=robot5
206.000,original,-,fleet,MIN_DISTANCE_AVG,OK,8.880,,,0,robots_sampled=6
207.000,original,-,robot1,MIN_DISTANCE,OK,13.387,8.917,,0,nearest_robot=robot2
207.000,original,-,robot2,MIN_DISTANCE,OK,13.387,8.917,,0,nearest_robot=robot1
207.000,original,-,robot3,MIN_DISTANCE,OK,8.204,8.917,,0,nearest_robot=robot4
207.000,original,-,robot4,MIN_DISTANCE,OK,7.652,8.917,,0,nearest_robot=robot5
207.000,original,-,robot5,MIN_DISTANCE,OK,5.436,8.917,,0,nearest_robot=robot6
207.000,original,-,robot6,MIN_DISTANCE,OK,5.436,8.917,,0,nearest_robot=robot5
207.000,original,-,fleet,MIN_DISTANCE_AVG,OK,8.917,,,0,robots_sampled=6
208.000,original,-,robot1,MIN_DISTANCE,OK,13.387,8.919,,0,nearest_robot=robot2
208.000,original,-,robot2,MIN_DISTANCE,OK,13.387,8.919,,0,nearest_robot=robot1
208.000,original,-,robot3,MIN_DISTANCE,OK,8.537,8.919,,0,nearest_robot=robot4
208.000,original,-,robot4,MIN_DISTANCE,OK,7.331,8.919,,0,nearest_robot=robot5
208.000,original,-,robot5,MIN_DISTANCE,OK,5.436,8.919,,0,nearest_robot=robot6
208.000,original,-,robot6,MIN_DISTANCE,OK,5.436,8.919,,0,nearest_robot=robot5
208.000,original,-,fleet,MIN_DISTANCE_AVG,OK,8.919,,,0,robots_sampled=6
209.000,original,-,robot1,MIN_DISTANCE,OK,13.387,8.922,,0,nearest_robot=robot2
209.000,original,-,robot2,MIN_DISTANCE,OK,13.387,8.922,,0,nearest_robot=robot1
209.000,original,-,robot3,MIN_DISTANCE,OK,8.838,8.922,,0,nearest_robot=robot4
209.000,original,-,robot4,MIN_DISTANCE,OK,7.047,8.922,,0,nearest_robot=robot5
209.000,original,-,robot5,MIN_DISTANCE,OK,5.436,8.922,,0,nearest_robot=robot6
209.000,original,-,robot6,MIN_DISTANCE,OK,5.436,8.922,,0,nearest_robot=robot5
209.000,original,-,fleet,MIN_DISTANCE_AVG,OK,8.922,,,0,robots_sampled=6
210.000,original,-,robot1,MIN_DISTANCE,OK,13.387,8.927,,0,nearest_robot=robot2
210.000,original,-,robot2,MIN_DISTANCE,OK,13.387,8.927,,0,nearest_robot=robot1
210.000,original,-,robot3,MIN_DISTANCE,OK,9.249,8.927,,0,nearest_robot=robot4
210.000,original,-,robot4,MIN_DISTANCE,OK,6.667,8.927,,0,nearest_robot=robot5
210.000,original,-,robot5,MIN_DISTANCE,OK,5.436,8.927,,0,nearest_robot=robot6
210.000,original,-,robot6,MIN_DISTANCE,OK,5.436,8.927,,0,nearest_robot=robot5
210.000,original,-,fleet,MIN_DISTANCE_AVG,OK,8.927,,,0,robots_sampled=6
211.000,original,-,robot1,MIN_DISTANCE,OK,13.387,8.929,,0,nearest_robot=robot2
211.000,original,-,robot2,MIN_DISTANCE,OK,13.387,8.929,,0,nearest_robot=robot1
211.000,original,-,robot3,MIN_DISTANCE,OK,9.685,8.929,,0,nearest_robot=robot4
211.000,original,-,robot4,MIN_DISTANCE,OK,6.246,8.929,,0,nearest_robot=robot5
211.000,original,-,robot5,MIN_DISTANCE,OK,5.436,8.929,,0,nearest_robot=robot6
211.000,original,-,robot6,MIN_DISTANCE,OK,5.436,8.929,,0,nearest_robot=robot5
211.000,original,-,fleet,MIN_DISTANCE_AVG,OK,8.929,,,0,robots_sampled=6
212.000,original,-,robot1,MIN_DISTANCE,OK,13.387,8.921,,0,nearest_robot=robot2
212.000,original,-,robot2,MIN_DISTANCE,OK,13.387,8.921,,0,nearest_robot=robot1
212.000,original,-,robot3,MIN_DISTANCE,OK,10.065,8.921,,0,nearest_robot=robot4
212.000,original,-,robot4,MIN_DISTANCE,OK,5.813,8.921,,0,nearest_robot=robot5
212.000,original,-,robot5,MIN_DISTANCE,OK,5.436,8.921,,0,nearest_robot=robot6
212.000,original,-,robot6,MIN_DISTANCE,OK,5.436,8.921,,0,nearest_robot=robot5
212.000,original,-,fleet,MIN_DISTANCE_AVG,OK,8.921,,,0,robots_sampled=6
213.000,original,-,robot1,MIN_DISTANCE,OK,13.387,8.913,,0,nearest_robot=robot2
213.000,original,-,robot2,MIN_DISTANCE,OK,13.387,8.913,,0,nearest_robot=robot1
213.000,original,-,robot3,MIN_DISTANCE,OK,10.387,8.913,,0,nearest_robot=robot4
213.000,original,-,robot4,MIN_DISTANCE,OK,5.443,8.913,,0,nearest_robot=robot5
213.000,original,-,robot5,MIN_DISTANCE,OK,5.436,8.913,,0,nearest_robot=robot6
213.000,original,-,robot6,MIN_DISTANCE,OK,5.436,8.913,,0,nearest_robot=robot5
213.000,original,-,fleet,MIN_DISTANCE_AVG,OK,8.913,,,0,robots_sampled=6
214.000,original,-,robot1,MIN_DISTANCE,OK,13.387,8.847,,0,nearest_robot=robot2
214.000,original,-,robot2,MIN_DISTANCE,OK,13.387,8.847,,0,nearest_robot=robot1
214.000,original,-,robot3,MIN_DISTANCE,OK,10.749,8.847,,0,nearest_robot=robot4
214.000,original,-,robot4,MIN_DISTANCE,OK,5.061,8.847,,0,nearest_robot=robot5
214.000,original,-,robot5,MIN_DISTANCE,OK,5.061,8.847,,0,nearest_robot=robot4
214.000,original,-,robot6,MIN_DISTANCE,OK,5.436,8.847,,0,nearest_robot=robot5
214.000,original,-,fleet,MIN_DISTANCE_AVG,OK,8.847,,,0,robots_sampled=6
215.000,original,-,robot1,MIN_DISTANCE,OK,13.387,8.781,,0,nearest_robot=robot2
215.000,original,-,robot2,MIN_DISTANCE,OK,13.387,8.781,,0,nearest_robot=robot1
215.000,original,-,robot3,MIN_DISTANCE,OK,11.137,8.781,,0,nearest_robot=robot4
215.000,original,-,robot4,MIN_DISTANCE,OK,4.670,8.781,,0,nearest_robot=robot5
215.000,original,-,robot5,MIN_DISTANCE,OK,4.670,8.781,,0,nearest_robot=robot4
215.000,original,-,robot6,MIN_DISTANCE,OK,5.436,8.781,,0,nearest_robot=robot5
215.000,original,-,fleet,MIN_DISTANCE_AVG,OK,8.781,,,0,robots_sampled=6
216.000,original,-,robot1,MIN_DISTANCE,OK,13.387,8.705,,0,nearest_robot=robot2
216.000,original,-,robot2,MIN_DISTANCE,OK,13.387,8.705,,0,nearest_robot=robot1
216.000,original,-,robot3,MIN_DISTANCE,OK,11.597,8.705,,0,nearest_robot=robot4
216.000,original,-,robot4,MIN_DISTANCE,OK,4.212,8.705,,0,nearest_robot=robot5
216.000,original,-,robot5,MIN_DISTANCE,OK,4.212,8.705,,0,nearest_robot=robot4
216.000,original,-,robot6,MIN_DISTANCE,OK,5.436,8.705,,0,nearest_robot=robot5
216.000,original,-,fleet,MIN_DISTANCE_AVG,OK,8.705,,,0,robots_sampled=6
217.000,original,-,robot1,MIN_DISTANCE,OK,13.387,8.632,,0,nearest_robot=robot2
217.000,original,-,robot2,MIN_DISTANCE,OK,13.387,8.632,,0,nearest_robot=robot1
217.000,original,-,robot3,MIN_DISTANCE,OK,12.042,8.632,,0,nearest_robot=robot4
217.000,original,-,robot4,MIN_DISTANCE,OK,3.771,8.632,,0,nearest_robot=robot5
217.000,original,-,robot5,MIN_DISTANCE,OK,3.771,8.632,,0,nearest_robot=robot4
217.000,original,-,robot6,MIN_DISTANCE,OK,5.436,8.632,,0,nearest_robot=robot5
217.000,original,-,fleet,MIN_DISTANCE_AVG,OK,8.632,,,0,robots_sampled=6
218.000,original,-,robot1,MIN_DISTANCE,OK,13.387,8.563,,0,nearest_robot=robot2
218.000,original,-,robot2,MIN_DISTANCE,OK,13.387,8.563,,0,nearest_robot=robot1
218.000,original,-,robot3,MIN_DISTANCE,OK,12.472,8.563,,0,nearest_robot=robot4
218.000,original,-,robot4,MIN_DISTANCE,OK,3.347,8.563,,0,nearest_robot=robot5
218.000,original,-,robot5,MIN_DISTANCE,OK,3.347,8.563,,0,nearest_robot=robot4
218.000,original,-,robot6,MIN_DISTANCE,OK,5.436,8.563,,0,nearest_robot=robot5
218.000,original,-,fleet,MIN_DISTANCE_AVG,OK,8.563,,,0,robots_sampled=6
219.000,original,-,robot1,MIN_DISTANCE,OK,13.387,8.489,,0,nearest_robot=robot2
219.000,original,-,robot2,MIN_DISTANCE,OK,13.387,8.489,,0,nearest_robot=robot1
219.000,original,-,robot3,MIN_DISTANCE,OK,12.930,8.489,,0,nearest_robot=robot4
219.000,original,-,robot4,MIN_DISTANCE,OK,2.897,8.489,,0,nearest_robot=robot5
219.000,original,-,robot5,MIN_DISTANCE,OK,2.897,8.489,,0,nearest_robot=robot4
219.000,original,-,robot6,MIN_DISTANCE,OK,5.436,8.489,,0,nearest_robot=robot5
219.000,original,-,fleet,MIN_DISTANCE_AVG,OK,8.489,,,0,robots_sampled=6
220.000,original,-,robot1,MIN_DISTANCE,OK,13.461,8.439,,0,nearest_robot=robot2
220.000,original,-,robot2,MIN_DISTANCE,OK,13.461,8.439,,0,nearest_robot=robot1
220.000,original,-,robot3,MIN_DISTANCE,OK,13.374,8.439,,0,nearest_robot=robot4
220.000,original,-,robot4,MIN_DISTANCE,OK,2.451,8.439,,0,nearest_robot=robot5
220.000,original,-,robot5,MIN_DISTANCE,OK,2.451,8.439,,0,nearest_robot=robot4
220.000,original,-,robot6,MIN_DISTANCE,OK,5.436,8.439,,0,nearest_robot=robot5
220.000,original,-,fleet,MIN_DISTANCE_AVG,OK,8.439,,,0,robots_sampled=6
220.500,original,-,fleet,REPLAN_FULL,OK,,,robot1|robot2|robot3|robot4|robot5|robot6,0,original_full_optimization
221.000,original,-,robot1,MIN_DISTANCE,OK,13.816,8.482,,0,nearest_robot=robot2
221.000,original,-,robot2,MIN_DISTANCE,OK,13.816,8.482,,0,nearest_robot=robot1
221.000,original,-,robot3,MIN_DISTANCE,OK,13.798,8.482,,0,nearest_robot=robot4
221.000,original,-,robot4,MIN_DISTANCE,OK,2.012,8.482,,0,nearest_robot=robot5
221.000,original,-,robot5,MIN_DISTANCE,OK,2.012,8.482,,0,nearest_robot=robot4
221.000,original,-,robot6,MIN_DISTANCE,OK,5.436,8.482,,0,nearest_robot=robot5
221.000,original,-,fleet,MIN_DISTANCE_AVG,OK,8.482,,,0,robots_sampled=6
222.000,original,-,robot1,MIN_DISTANCE,OK,14.208,8.554,,0,nearest_robot=robot2
222.000,original,-,robot2,MIN_DISTANCE,OK,14.208,8.554,,0,nearest_robot=robot1
222.000,original,-,robot3,MIN_DISTANCE,OK,14.238,8.554,,0,nearest_robot=robot4
222.000,original,-,robot4,MIN_DISTANCE,OK,1.618,8.554,,0,nearest_robot=robot5
222.000,original,-,robot5,MIN_DISTANCE,OK,1.618,8.554,,0,nearest_robot=robot4
222.000,original,-,robot6,MIN_DISTANCE,OK,5.436,8.554,,0,nearest_robot=robot5
222.000,original,-,fleet,MIN_DISTANCE_AVG,OK,8.554,,,0,robots_sampled=6
223.000,original,-,robot1,MIN_DISTANCE,OK,14.502,8.616,,0,nearest_robot=robot6
223.000,original,-,robot2,MIN_DISTANCE,OK,14.652,8.616,,0,nearest_robot=robot1
223.000,original,-,robot3,MIN_DISTANCE,OK,14.686,8.616,,0,nearest_robot=robot4
223.000,original,-,robot4,MIN_DISTANCE,OK,1.210,8.616,,0,nearest_robot=robot5
223.000,original,-,robot5,MIN_DISTANCE,OK,1.210,8.616,,0,nearest_robot=robot4
223.000,original,-,robot6,MIN_DISTANCE,OK,5.436,8.616,,0,nearest_robot=robot5
223.000,original,-,fleet,MIN_DISTANCE_AVG,OK,8.616,,,0,robots_sampled=6
224.000,original,-,robot1,MIN_DISTANCE,OK,14.212,8.567,,0,nearest_robot=robot6
224.000,original,-,robot2,MIN_DISTANCE,OK,15.051,8.567,,0,nearest_robot=robot1
224.000,original,-,robot3,MIN_DISTANCE,OK,14.780,8.567,,0,nearest_robot=robot4
224.000,original,-,robot4,MIN_DISTANCE,OK,0.962,8.567,,0,nearest_robot=robot5
224.000,original,-,robot5,MIN_DISTANCE,OK,0.962,8.567,,0,nearest_robot=robot4
224.000,original,-,robot6,MIN_DISTANCE,OK,5.436,8.567,,0,nearest_robot=robot5
224.000,original,-,fleet,MIN_DISTANCE_AVG,OK,8.567,,,0,robots_sampled=6
225.000,original,-,robot1,MIN_DISTANCE,OK,13.904,8.519,,0,nearest_robot=robot6
225.000,original,-,robot2,MIN_DISTANCE,OK,15.456,8.519,,0,nearest_robot=robot1
225.000,original,-,robot3,MIN_DISTANCE,OK,14.578,8.519,,0,nearest_robot=robot4
225.000,original,-,robot4,MIN_DISTANCE,OK,0.869,8.519,,0,nearest_robot=robot5
225.000,original,-,robot5,MIN_DISTANCE,OK,0.869,8.519,,0,nearest_robot=robot4
225.000,original,-,robot6,MIN_DISTANCE,OK,5.436,8.519,,0,nearest_robot=robot5
225.000,original,-,fleet,MIN_DISTANCE_AVG,OK,8.519,,,0,robots_sampled=6
226.000,original,-,robot1,MIN_DISTANCE,OK,13.622,8.502,,0,nearest_robot=robot6
226.000,original,-,robot2,MIN_DISTANCE,OK,15.850,8.502,,0,nearest_robot=robot1
226.000,original,-,robot3,MIN_DISTANCE,OK,14.408,8.502,,0,nearest_robot=robot4
226.000,original,-,robot4,MIN_DISTANCE,OK,0.848,8.502,,0,nearest_robot=robot5
226.000,original,-,robot5,MIN_DISTANCE,OK,0.848,8.502,,0,nearest_robot=robot4
226.000,original,-,robot6,MIN_DISTANCE,OK,5.436,8.502,,0,nearest_robot=robot5
226.000,original,-,fleet,MIN_DISTANCE_AVG,OK,8.502,,,0,robots_sampled=6
227.000,original,-,robot1,MIN_DISTANCE,OK,13.320,8.487,,0,nearest_robot=robot6
227.000,original,-,robot2,MIN_DISTANCE,OK,16.256,8.487,,0,nearest_robot=robot1
227.000,original,-,robot3,MIN_DISTANCE,OK,14.250,8.487,,0,nearest_robot=robot4
227.000,original,-,robot4,MIN_DISTANCE,OK,0.829,8.487,,0,nearest_robot=robot5
227.000,original,-,robot5,MIN_DISTANCE,OK,0.829,8.487,,0,nearest_robot=robot4
227.000,original,-,robot6,MIN_DISTANCE,OK,5.435,8.487,,0,nearest_robot=robot5
227.000,original,-,fleet,MIN_DISTANCE_AVG,OK,8.487,,,0,robots_sampled=6
228.000,original,-,robot1,MIN_DISTANCE,OK,13.049,8.465,,0,nearest_robot=robot6
228.000,original,-,robot2,MIN_DISTANCE,OK,16.650,8.465,,0,nearest_robot=robot1
228.000,original,-,robot3,MIN_DISTANCE,OK,14.103,8.465,,0,nearest_robot=robot4
228.000,original,-,robot4,MIN_DISTANCE,OK,0.776,8.465,,0,nearest_robot=robot5
228.000,original,-,robot5,MIN_DISTANCE,OK,0.776,8.465,,0,nearest_robot=robot4
228.000,original,-,robot6,MIN_DISTANCE,OK,5.435,8.465,,0,nearest_robot=robot5
228.000,original,-,fleet,MIN_DISTANCE_AVG,OK,8.465,,,0,robots_sampled=6
229.000,original,-,robot1,MIN_DISTANCE,OK,12.779,8.455,,0,nearest_robot=robot6
229.000,original,-,robot2,MIN_DISTANCE,OK,17.075,8.455,,0,nearest_robot=robot1
229.000,original,-,robot3,MIN_DISTANCE,OK,13.897,8.455,,0,nearest_robot=robot4
229.000,original,-,robot4,MIN_DISTANCE,OK,0.773,8.455,,0,nearest_robot=robot5
229.000,original,-,robot5,MIN_DISTANCE,OK,0.773,8.455,,0,nearest_robot=robot4
229.000,original,-,robot6,MIN_DISTANCE,OK,5.435,8.455,,0,nearest_robot=robot5
229.000,original,-,fleet,MIN_DISTANCE_AVG,OK,8.455,,,0,robots_sampled=6
230.000,original,-,robot1,MIN_DISTANCE,OK,12.494,8.418,,0,nearest_robot=robot6
230.000,original,-,robot2,MIN_DISTANCE,OK,17.527,8.418,,0,nearest_robot=robot1
230.000,original,-,robot3,MIN_DISTANCE,OK,13.490,8.418,,0,nearest_robot=robot4
230.000,original,-,robot4,MIN_DISTANCE,OK,0.780,8.418,,0,nearest_robot=robot5
230.000,original,-,robot5,MIN_DISTANCE,OK,0.780,8.418,,0,nearest_robot=robot4
230.000,original,-,robot6,MIN_DISTANCE,OK,5.435,8.418,,0,nearest_robot=robot5
230.000,original,-,fleet,MIN_DISTANCE_AVG,OK,8.418,,,0,robots_sampled=6
231.000,original,-,robot1,MIN_DISTANCE,OK,12.231,8.367,,0,nearest_robot=robot6
231.000,original,-,robot2,MIN_DISTANCE,OK,17.935,8.367,,0,nearest_robot=robot1
231.000,original,-,robot3,MIN_DISTANCE,OK,13.038,8.367,,0,nearest_robot=robot4
231.000,original,-,robot4,MIN_DISTANCE,OK,0.780,8.367,,0,nearest_robot=robot5
231.000,original,-,robot5,MIN_DISTANCE,OK,0.780,8.367,,0,nearest_robot=robot4
231.000,original,-,robot6,MIN_DISTANCE,OK,5.435,8.367,,0,nearest_robot=robot5
231.000,original,-,fleet,MIN_DISTANCE_AVG,OK,8.367,,,0,robots_sampled=6
232.000,original,-,robot1,MIN_DISTANCE,OK,11.924,8.313,,0,nearest_robot=robot6
232.000,original,-,robot2,MIN_DISTANCE,OK,18.352,8.313,,0,nearest_robot=robot1
232.000,original,-,robot3,MIN_DISTANCE,OK,12.606,8.313,,0,nearest_robot=robot4
232.000,original,-,robot4,MIN_DISTANCE,OK,0.780,8.313,,0,nearest_robot=robot5
232.000,original,-,robot5,MIN_DISTANCE,OK,0.780,8.313,,0,nearest_robot=robot4
232.000,original,-,robot6,MIN_DISTANCE,OK,5.435,8.313,,0,nearest_robot=robot5
232.000,original,-,fleet,MIN_DISTANCE_AVG,OK,8.313,,,0,robots_sampled=6
233.000,original,-,robot1,MIN_DISTANCE,OK,11.633,8.258,,0,nearest_robot=robot6
233.000,original,-,robot2,MIN_DISTANCE,OK,18.746,8.258,,0,nearest_robot=robot1
233.000,original,-,robot3,MIN_DISTANCE,OK,12.175,8.258,,0,nearest_robot=robot4
233.000,original,-,robot4,MIN_DISTANCE,OK,0.780,8.258,,0,nearest_robot=robot5
233.000,original,-,robot5,MIN_DISTANCE,OK,0.780,8.258,,0,nearest_robot=robot4
233.000,original,-,robot6,MIN_DISTANCE,OK,5.435,8.258,,0,nearest_robot=robot5
233.000,original,-,fleet,MIN_DISTANCE_AVG,OK,8.258,,,0,robots_sampled=6
234.000,original,-,robot1,MIN_DISTANCE,OK,11.384,8.213,,0,nearest_robot=robot6
234.000,original,-,robot2,MIN_DISTANCE,OK,19.138,8.213,,0,nearest_robot=robot1
234.000,original,-,robot3,MIN_DISTANCE,OK,11.762,8.213,,0,nearest_robot=robot4
234.000,original,-,robot4,MIN_DISTANCE,OK,0.780,8.213,,0,nearest_robot=robot5
234.000,original,-,robot5,MIN_DISTANCE,OK,0.780,8.213,,0,nearest_robot=robot4
234.000,original,-,robot6,MIN_DISTANCE,OK,5.435,8.213,,0,nearest_robot=robot5
234.000,original,-,fleet,MIN_DISTANCE_AVG,OK,8.213,,,0,robots_sampled=6
235.000,original,-,robot1,MIN_DISTANCE,OK,11.129,8.170,,0,nearest_robot=robot6
235.000,original,-,robot2,MIN_DISTANCE,OK,19.566,8.170,,0,nearest_robot=robot1
235.000,original,-,robot3,MIN_DISTANCE,OK,11.331,8.170,,0,nearest_robot=robot4
235.000,original,-,robot4,MIN_DISTANCE,OK,0.780,8.170,,0,nearest_robot=robot5
235.000,original,-,robot5,MIN_DISTANCE,OK,0.780,8.170,,0,nearest_robot=robot4
235.000,original,-,robot6,MIN_DISTANCE,OK,5.435,8.170,,0,nearest_robot=robot5
235.000,original,-,fleet,MIN_DISTANCE_AVG,OK,8.170,,,0,robots_sampled=6
236.000,original,-,robot1,MIN_DISTANCE,OK,10.905,8.125,,0,nearest_robot=robot6
236.000,original,-,robot2,MIN_DISTANCE,OK,19.968,8.125,,0,nearest_robot=robot1
236.000,original,-,robot3,MIN_DISTANCE,OK,10.883,8.125,,0,nearest_robot=robot4
236.000,original,-,robot4,MIN_DISTANCE,OK,0.780,8.125,,0,nearest_robot=robot5
236.000,original,-,robot5,MIN_DISTANCE,OK,0.780,8.125,,0,nearest_robot=robot4
236.000,original,-,robot6,MIN_DISTANCE,OK,5.435,8.125,,0,nearest_robot=robot5
236.000,original,-,fleet,MIN_DISTANCE_AVG,OK,8.125,,,0,robots_sampled=6
237.000,original,-,robot1,MIN_DISTANCE,OK,10.674,8.088,,0,nearest_robot=robot6
237.000,original,-,robot2,MIN_DISTANCE,OK,20.410,8.088,,0,nearest_robot=robot1
237.000,original,-,robot3,MIN_DISTANCE,OK,10.451,8.088,,0,nearest_robot=robot4
237.000,original,-,robot4,MIN_DISTANCE,OK,0.780,8.088,,0,nearest_robot=robot5
237.000,original,-,robot5,MIN_DISTANCE,OK,0.780,8.088,,0,nearest_robot=robot4
237.000,original,-,robot6,MIN_DISTANCE,OK,5.435,8.088,,0,nearest_robot=robot5
237.000,original,-,fleet,MIN_DISTANCE_AVG,OK,8.088,,,0,robots_sampled=6
238.000,original,-,robot1,MIN_DISTANCE,OK,10.435,8.055,,0,nearest_robot=robot6
238.000,original,-,robot2,MIN_DISTANCE,OK,20.874,8.055,,0,nearest_robot=robot1
238.000,original,-,robot3,MIN_DISTANCE,OK,10.025,8.055,,0,nearest_robot=robot4
238.000,original,-,robot4,MIN_DISTANCE,OK,0.780,8.055,,0,nearest_robot=robot5
238.000,original,-,robot5,MIN_DISTANCE,OK,0.780,8.055,,0,nearest_robot=robot4
238.000,original,-,robot6,MIN_DISTANCE,OK,5.435,8.055,,0,nearest_robot=robot5
238.000,original,-,fleet,MIN_DISTANCE_AVG,OK,8.055,,,0,robots_sampled=6
239.000,original,-,robot1,MIN_DISTANCE,OK,10.235,8.017,,0,nearest_robot=robot6
239.000,original,-,robot2,MIN_DISTANCE,OK,21.299,8.017,,0,nearest_robot=robot1
239.000,original,-,robot3,MIN_DISTANCE,OK,9.572,8.017,,0,nearest_robot=robot4
239.000,original,-,robot4,MIN_DISTANCE,OK,0.780,8.017,,0,nearest_robot=robot5
239.000,original,-,robot5,MIN_DISTANCE,OK,0.780,8.017,,0,nearest_robot=robot4
239.000,original,-,robot6,MIN_DISTANCE,OK,5.435,8.017,,0,nearest_robot=robot5
239.000,original,-,fleet,MIN_DISTANCE_AVG,OK,8.017,,,0,robots_sampled=6
240.000,original,-,robot1,MIN_DISTANCE,OK,10.050,7.988,,0,nearest_robot=robot6
240.000,original,-,robot2,MIN_DISTANCE,OK,21.754,7.988,,0,nearest_robot=robot1
240.000,original,-,robot3,MIN_DISTANCE,OK,9.130,7.988,,0,nearest_robot=robot4
240.000,original,-,robot4,MIN_DISTANCE,OK,0.780,7.988,,0,nearest_robot=robot5
240.000,original,-,robot5,MIN_DISTANCE,OK,0.780,7.988,,0,nearest_robot=robot4
240.000,original,-,robot6,MIN_DISTANCE,OK,5.435,7.988,,0,nearest_robot=robot5
240.000,original,-,fleet,MIN_DISTANCE_AVG,OK,7.988,,,0,robots_sampled=6
241.000,original,-,robot1,MIN_DISTANCE,OK,9.895,7.965,,0,nearest_robot=robot6
241.000,original,-,robot2,MIN_DISTANCE,OK,22.183,7.965,,0,nearest_robot=robot1
241.000,original,-,robot3,MIN_DISTANCE,OK,8.717,7.965,,0,nearest_robot=robot4
241.000,original,-,robot4,MIN_DISTANCE,OK,0.780,7.965,,0,nearest_robot=robot5
241.000,original,-,robot5,MIN_DISTANCE,OK,0.780,7.965,,0,nearest_robot=robot4
241.000,original,-,robot6,MIN_DISTANCE,OK,5.435,7.965,,0,nearest_robot=robot5
241.000,original,-,fleet,MIN_DISTANCE_AVG,OK,7.965,,,0,robots_sampled=6
242.000,original,-,robot1,MIN_DISTANCE,OK,9.776,7.971,,0,nearest_robot=robot6
242.000,original,-,robot2,MIN_DISTANCE,OK,22.637,7.971,,0,nearest_robot=robot1
242.000,original,-,robot3,MIN_DISTANCE,OK,8.416,7.971,,0,nearest_robot=robot4
242.000,original,-,robot4,MIN_DISTANCE,OK,0.780,7.971,,0,nearest_robot=robot5
242.000,original,-,robot5,MIN_DISTANCE,OK,0.780,7.971,,0,nearest_robot=robot4
242.000,original,-,robot6,MIN_DISTANCE,OK,5.435,7.971,,0,nearest_robot=robot5
242.000,original,-,fleet,MIN_DISTANCE_AVG,OK,7.971,,,0,robots_sampled=6
243.000,original,-,robot1,MIN_DISTANCE,OK,9.670,8.003,,0,nearest_robot=robot6
243.000,original,-,robot2,MIN_DISTANCE,OK,23.082,8.003,,0,nearest_robot=robot1
243.000,original,-,robot3,MIN_DISTANCE,OK,8.268,8.003,,0,nearest_robot=robot4
243.000,original,-,robot4,MIN_DISTANCE,OK,0.780,8.003,,0,nearest_robot=robot5
243.000,original,-,robot5,MIN_DISTANCE,OK,0.780,8.003,,0,nearest_robot=robot4
243.000,original,-,robot6,MIN_DISTANCE,OK,5.435,8.003,,0,nearest_robot=robot5
243.000,original,-,fleet,MIN_DISTANCE_AVG,OK,8.003,,,0,robots_sampled=6
244.000,original,-,robot1,MIN_DISTANCE,OK,9.562,8.055,,0,nearest_robot=robot6
244.000,original,-,robot2,MIN_DISTANCE,OK,23.515,8.055,,0,nearest_robot=robot1
244.000,original,-,robot3,MIN_DISTANCE,OK,8.255,8.055,,0,nearest_robot=robot4
244.000,original,-,robot4,MIN_DISTANCE,OK,0.780,8.055,,0,nearest_robot=robot5
244.000,original,-,robot5,MIN_DISTANCE,OK,0.780,8.055,,0,nearest_robot=robot4
244.000,original,-,robot6,MIN_DISTANCE,OK,5.435,8.055,,0,nearest_robot=robot5
244.000,original,-,fleet,MIN_DISTANCE_AVG,OK,8.055,,,0,robots_sampled=6
245.000,original,-,robot1,MIN_DISTANCE,OK,9.494,8.113,,0,nearest_robot=robot6
245.000,original,-,robot2,MIN_DISTANCE,OK,23.923,8.113,,0,nearest_robot=robot1
245.000,original,-,robot3,MIN_DISTANCE,OK,8.267,8.113,,0,nearest_robot=robot4
245.000,original,-,robot4,MIN_DISTANCE,OK,0.780,8.113,,0,nearest_robot=robot5
245.000,original,-,robot5,MIN_DISTANCE,OK,0.780,8.113,,0,nearest_robot=robot4
245.000,original,-,robot6,MIN_DISTANCE,OK,5.435,8.113,,0,nearest_robot=robot5
245.000,original,-,fleet,MIN_DISTANCE_AVG,OK,8.113,,,0,robots_sampled=6
246.000,original,-,robot1,MIN_DISTANCE,OK,9.441,8.149,,0,nearest_robot=robot6
246.000,original,-,robot2,MIN_DISTANCE,OK,24.167,8.149,,0,nearest_robot=robot1
246.000,original,-,robot3,MIN_DISTANCE,OK,8.292,8.149,,0,nearest_robot=robot4
246.000,original,-,robot4,MIN_DISTANCE,OK,0.780,8.149,,0,nearest_robot=robot5
246.000,original,-,robot5,MIN_DISTANCE,OK,0.780,8.149,,0,nearest_robot=robot4
246.000,original,-,robot6,MIN_DISTANCE,OK,5.435,8.149,,0,nearest_robot=robot5
246.000,original,-,fleet,MIN_DISTANCE_AVG,OK,8.149,,,0,robots_sampled=6
247.000,original,-,robot1,MIN_DISTANCE,OK,9.375,7.613,,0,nearest_robot=robot6
247.000,original,-,robot2,MIN_DISTANCE,OK,21.025,7.613,,0,nearest_robot=robot1
247.000,original,-,robot3,MIN_DISTANCE,OK,8.285,7.613,,0,nearest_robot=robot4
247.000,original,-,robot4,MIN_DISTANCE,OK,0.780,7.613,,0,nearest_robot=robot5
247.000,original,-,robot5,MIN_DISTANCE,OK,0.780,7.613,,0,nearest_robot=robot4
247.000,original,-,robot6,MIN_DISTANCE,OK,5.435,7.613,,0,nearest_robot=robot5
247.000,original,-,fleet,MIN_DISTANCE_AVG,OK,7.613,,,0,robots_sampled=6
248.000,original,-,robot1,MIN_DISTANCE,OK,9.305,7.624,,0,nearest_robot=robot6
248.000,original,-,robot2,MIN_DISTANCE,OK,21.162,7.624,,0,nearest_robot=robot1
248.000,original,-,robot3,MIN_DISTANCE,OK,8.285,7.624,,0,nearest_robot=robot4
248.000,original,-,robot4,MIN_DISTANCE,OK,0.780,7.624,,0,nearest_robot=robot5
248.000,original,-,robot5,MIN_DISTANCE,OK,0.780,7.624,,0,nearest_robot=robot4
248.000,original,-,robot6,MIN_DISTANCE,OK,5.435,7.624,,0,nearest_robot=robot5
248.000,original,-,fleet,MIN_DISTANCE_AVG,OK,7.624,,,0,robots_sampled=6
249.000,original,-,robot1,MIN_DISTANCE,OK,9.265,7.624,,0,nearest_robot=robot6
249.000,original,-,robot2,MIN_DISTANCE,OK,21.198,7.624,,0,nearest_robot=robot1
249.000,original,-,robot3,MIN_DISTANCE,OK,8.285,7.624,,0,nearest_robot=robot4
249.000,original,-,robot4,MIN_DISTANCE,OK,0.780,7.624,,0,nearest_robot=robot5
249.000,original,-,robot5,MIN_DISTANCE,OK,0.780,7.624,,0,nearest_robot=robot4
249.000,original,-,robot6,MIN_DISTANCE,OK,5.435,7.624,,0,nearest_robot=robot5
249.000,original,-,fleet,MIN_DISTANCE_AVG,OK,7.624,,,0,robots_sampled=6
250.000,original,-,robot1,MIN_DISTANCE,OK,9.276,7.634,,0,nearest_robot=robot6
250.000,original,-,robot2,MIN_DISTANCE,OK,21.247,7.634,,0,nearest_robot=robot1
250.000,original,-,robot3,MIN_DISTANCE,OK,8.285,7.634,,0,nearest_robot=robot4
250.000,original,-,robot4,MIN_DISTANCE,OK,0.780,7.634,,0,nearest_robot=robot5
250.000,original,-,robot5,MIN_DISTANCE,OK,0.780,7.634,,0,nearest_robot=robot4
250.000,original,-,robot6,MIN_DISTANCE,OK,5.435,7.634,,0,nearest_robot=robot5
250.000,original,-,fleet,MIN_DISTANCE_AVG,OK,7.634,,,0,robots_sampled=6
251.000,original,-,robot1,MIN_DISTANCE,OK,9.275,7.638,,0,nearest_robot=robot6
251.000,original,-,robot2,MIN_DISTANCE,OK,21.274,7.638,,0,nearest_robot=robot1
251.000,original,-,robot3,MIN_DISTANCE,OK,8.285,7.638,,0,nearest_robot=robot4
251.000,original,-,robot4,MIN_DISTANCE,OK,0.780,7.638,,0,nearest_robot=robot5
251.000,original,-,robot5,MIN_DISTANCE,OK,0.780,7.638,,0,nearest_robot=robot4
251.000,original,-,robot6,MIN_DISTANCE,OK,5.435,7.638,,0,nearest_robot=robot5
251.000,original,-,fleet,MIN_DISTANCE_AVG,OK,7.638,,,0,robots_sampled=6
252.000,original,-,robot1,MIN_DISTANCE,OK,9.309,7.658,,0,nearest_robot=robot6
252.000,original,-,robot2,MIN_DISTANCE,OK,21.362,7.658,,0,nearest_robot=robot1
252.000,original,-,robot3,MIN_DISTANCE,OK,8.285,7.658,,0,nearest_robot=robot4
252.000,original,-,robot4,MIN_DISTANCE,OK,0.780,7.658,,0,nearest_robot=robot5
252.000,original,-,robot5,MIN_DISTANCE,OK,0.780,7.658,,0,nearest_robot=robot4
252.000,original,-,robot6,MIN_DISTANCE,OK,5.435,7.658,,0,nearest_robot=robot5
252.000,original,-,fleet,MIN_DISTANCE_AVG,OK,7.658,,,0,robots_sampled=6
253.000,original,-,robot1,MIN_DISTANCE,OK,9.372,7.745,,0,nearest_robot=robot6
253.000,original,-,robot2,MIN_DISTANCE,OK,21.821,7.745,,0,nearest_robot=robot6
253.000,original,-,robot3,MIN_DISTANCE,OK,8.285,7.745,,0,nearest_robot=robot4
253.000,original,-,robot4,MIN_DISTANCE,OK,0.780,7.745,,0,nearest_robot=robot5
253.000,original,-,robot5,MIN_DISTANCE,OK,0.780,7.745,,0,nearest_robot=robot4
253.000,original,-,robot6,MIN_DISTANCE,OK,5.434,7.745,,0,nearest_robot=robot5
253.000,original,-,fleet,MIN_DISTANCE_AVG,OK,7.745,,,0,robots_sampled=6
254.000,original,-,robot1,MIN_DISTANCE,OK,9.455,7.707,,0,nearest_robot=robot6
254.000,original,-,robot2,MIN_DISTANCE,OK,21.505,7.707,,0,nearest_robot=robot6
254.000,original,-,robot3,MIN_DISTANCE,OK,8.285,7.707,,0,nearest_robot=robot4
254.000,original,-,robot4,MIN_DISTANCE,OK,0.780,7.707,,0,nearest_robot=robot5
254.000,original,-,robot5,MIN_DISTANCE,OK,0.780,7.707,,0,nearest_robot=robot4
254.000,original,-,robot6,MIN_DISTANCE,OK,5.434,7.707,,0,nearest_robot=robot5
254.000,original,-,fleet,MIN_DISTANCE_AVG,OK,7.707,,,0,robots_sampled=6
255.000,original,-,robot1,MIN_DISTANCE,OK,9.566,7.678,,0,nearest_robot=robot6
255.000,original,-,robot2,MIN_DISTANCE,OK,21.222,7.678,,0,nearest_robot=robot6
255.000,original,-,robot3,MIN_DISTANCE,OK,8.285,7.678,,0,nearest_robot=robot4
255.000,original,-,robot4,MIN_DISTANCE,OK,0.780,7.678,,0,nearest_robot=robot5
255.000,original,-,robot5,MIN_DISTANCE,OK,0.780,7.678,,0,nearest_robot=robot4
255.000,original,-,robot6,MIN_DISTANCE,OK,5.434,7.678,,0,nearest_robot=robot5
255.000,original,-,fleet,MIN_DISTANCE_AVG,OK,7.678,,,0,robots_sampled=6
256.000,original,-,robot1,MIN_DISTANCE,OK,9.704,7.656,,0,nearest_robot=robot6
256.000,original,-,robot2,MIN_DISTANCE,OK,20.954,7.656,,0,nearest_robot=robot6
256.000,original,-,robot3,MIN_DISTANCE,OK,8.285,7.656,,0,nearest_robot=robot4
256.000,original,-,robot4,MIN_DISTANCE,OK,0.780,7.656,,0,nearest_robot=robot5
256.000,original,-,robot5,MIN_DISTANCE,OK,0.780,7.656,,0,nearest_robot=robot4
256.000,original,-,robot6,MIN_DISTANCE,OK,5.434,7.656,,0,nearest_robot=robot5
256.000,original,-,fleet,MIN_DISTANCE_AVG,OK,7.656,,,0,robots_sampled=6
257.000,original,-,robot1,MIN_DISTANCE,OK,9.871,7.638,,0,nearest_robot=robot6
257.000,original,-,robot2,MIN_DISTANCE,OK,20.676,7.638,,0,nearest_robot=robot6
257.000,original,-,robot3,MIN_DISTANCE,OK,8.285,7.638,,0,nearest_robot=robot4
257.000,original,-,robot4,MIN_DISTANCE,OK,0.780,7.638,,0,nearest_robot=robot5
257.000,original,-,robot5,MIN_DISTANCE,OK,0.780,7.638,,0,nearest_robot=robot4
257.000,original,-,robot6,MIN_DISTANCE,OK,5.434,7.638,,0,nearest_robot=robot5
257.000,original,-,fleet,MIN_DISTANCE_AVG,OK,7.638,,,0,robots_sampled=6
258.000,original,-,robot1,MIN_DISTANCE,OK,10.050,7.623,,0,nearest_robot=robot6
258.000,original,-,robot2,MIN_DISTANCE,OK,20.408,7.623,,0,nearest_robot=robot6
258.000,original,-,robot3,MIN_DISTANCE,OK,8.285,7.623,,0,nearest_robot=robot4
258.000,original,-,robot4,MIN_DISTANCE,OK,0.780,7.623,,0,nearest_robot=robot5
258.000,original,-,robot5,MIN_DISTANCE,OK,0.780,7.623,,0,nearest_robot=robot4
258.000,original,-,robot6,MIN_DISTANCE,OK,5.434,7.623,,0,nearest_robot=robot5
258.000,original,-,fleet,MIN_DISTANCE_AVG,OK,7.623,,,0,robots_sampled=6
259.000,original,-,robot1,MIN_DISTANCE,OK,10.254,7.612,,0,nearest_robot=robot6
259.000,original,-,robot2,MIN_DISTANCE,OK,20.136,7.612,,0,nearest_robot=robot6
259.000,original,-,robot3,MIN_DISTANCE,OK,8.285,7.612,,0,nearest_robot=robot4
259.000,original,-,robot4,MIN_DISTANCE,OK,0.780,7.612,,0,nearest_robot=robot5
259.000,original,-,robot5,MIN_DISTANCE,OK,0.780,7.612,,0,nearest_robot=robot4
259.000,original,-,robot6,MIN_DISTANCE,OK,5.434,7.612,,0,nearest_robot=robot5
259.000,original,-,fleet,MIN_DISTANCE_AVG,OK,7.612,,,0,robots_sampled=6
260.000,original,-,robot1,MIN_DISTANCE,OK,10.442,7.604,,0,nearest_robot=robot6
260.000,original,-,robot2,MIN_DISTANCE,OK,19.904,7.604,,0,nearest_robot=robot6
260.000,original,-,robot3,MIN_DISTANCE,OK,8.285,7.604,,0,nearest_robot=robot4
260.000,original,-,robot4,MIN_DISTANCE,OK,0.780,7.604,,0,nearest_robot=robot5
260.000,original,-,robot5,MIN_DISTANCE,OK,0.780,7.604,,0,nearest_robot=robot4
260.000,original,-,robot6,MIN_DISTANCE,OK,5.434,7.604,,0,nearest_robot=robot5
260.000,original,-,fleet,MIN_DISTANCE_AVG,OK,7.604,,,0,robots_sampled=6
261.000,original,-,robot1,MIN_DISTANCE,OK,10.651,7.589,,0,nearest_robot=robot6
261.000,original,-,robot2,MIN_DISTANCE,OK,19.602,7.589,,0,nearest_robot=robot6
261.000,original,-,robot3,MIN_DISTANCE,OK,8.285,7.589,,0,nearest_robot=robot4
261.000,original,-,robot4,MIN_DISTANCE,OK,0.780,7.589,,0,nearest_robot=robot5
261.000,original,-,robot5,MIN_DISTANCE,OK,0.780,7.589,,0,nearest_robot=robot4
261.000,original,-,robot6,MIN_DISTANCE,OK,5.434,7.589,,0,nearest_robot=robot5
261.000,original,-,fleet,MIN_DISTANCE_AVG,OK,7.589,,,0,robots_sampled=6
262.000,original,-,robot1,MIN_DISTANCE,OK,10.828,7.562,,0,nearest_robot=robot6
262.000,original,-,robot2,MIN_DISTANCE,OK,19.265,7.562,,0,nearest_robot=robot6
262.000,original,-,robot3,MIN_DISTANCE,OK,8.285,7.562,,0,nearest_robot=robot4
262.000,original,-,robot4,MIN_DISTANCE,OK,0.780,7.562,,0,nearest_robot=robot5
262.000,original,-,robot5,MIN_DISTANCE,OK,0.780,7.562,,0,nearest_robot=robot4
262.000,original,-,robot6,MIN_DISTANCE,OK,5.434,7.562,,0,nearest_robot=robot5
262.000,original,-,fleet,MIN_DISTANCE_AVG,OK,7.562,,,0,robots_sampled=6
263.000,original,-,robot1,MIN_DISTANCE,OK,11.043,7.545,,0,nearest_robot=robot6
263.000,original,-,robot2,MIN_DISTANCE,OK,18.948,7.545,,0,nearest_robot=robot6
263.000,original,-,robot3,MIN_DISTANCE,OK,8.285,7.545,,0,nearest_robot=robot4
263.000,original,-,robot4,MIN_DISTANCE,OK,0.780,7.545,,0,nearest_robot=robot5
263.000,original,-,robot5,MIN_DISTANCE,OK,0.780,7.545,,0,nearest_robot=robot4
263.000,original,-,robot6,MIN_DISTANCE,OK,5.434,7.545,,0,nearest_robot=robot5
263.000,original,-,fleet,MIN_DISTANCE_AVG,OK,7.545,,,0,robots_sampled=6
264.000,original,-,robot1,MIN_DISTANCE,OK,11.262,7.529,,0,nearest_robot=robot6
264.000,original,-,robot2,MIN_DISTANCE,OK,18.636,7.529,,0,nearest_robot=robot6
264.000,original,-,robot3,MIN_DISTANCE,OK,8.285,7.529,,0,nearest_robot=robot4
264.000,original,-,robot4,MIN_DISTANCE,OK,0.780,7.529,,0,nearest_robot=robot5
264.000,original,-,robot5,MIN_DISTANCE,OK,0.780,7.529,,0,nearest_robot=robot4
264.000,original,-,robot6,MIN_DISTANCE,OK,5.434,7.529,,0,nearest_robot=robot5
264.000,original,-,fleet,MIN_DISTANCE_AVG,OK,7.529,,,0,robots_sampled=6
265.000,original,-,robot1,MIN_DISTANCE,OK,11.481,7.516,,0,nearest_robot=robot6
265.000,original,-,robot2,MIN_DISTANCE,OK,18.335,7.516,,0,nearest_robot=robot6
265.000,original,-,robot3,MIN_DISTANCE,OK,8.285,7.516,,0,nearest_robot=robot4
265.000,original,-,robot4,MIN_DISTANCE,OK,0.780,7.516,,0,nearest_robot=robot5
265.000,original,-,robot5,MIN_DISTANCE,OK,0.780,7.516,,0,nearest_robot=robot4
265.000,original,-,robot6,MIN_DISTANCE,OK,5.434,7.516,,0,nearest_robot=robot5
265.000,original,-,fleet,MIN_DISTANCE_AVG,OK,7.516,,,0,robots_sampled=6
266.000,original,-,robot1,MIN_DISTANCE,OK,11.708,7.497,,0,nearest_robot=robot6
266.000,original,-,robot2,MIN_DISTANCE,OK,17.995,7.497,,0,nearest_robot=robot6
266.000,original,-,robot3,MIN_DISTANCE,OK,8.285,7.497,,0,nearest_robot=robot4
266.000,original,-,robot4,MIN_DISTANCE,OK,0.780,7.497,,0,nearest_robot=robot5
266.000,original,-,robot5,MIN_DISTANCE,OK,0.780,7.497,,0,nearest_robot=robot4
266.000,original,-,robot6,MIN_DISTANCE,OK,5.434,7.497,,0,nearest_robot=robot5
266.000,original,-,fleet,MIN_DISTANCE_AVG,OK,7.497,,,0,robots_sampled=6
267.000,original,-,robot1,MIN_DISTANCE,OK,11.930,7.482,,0,nearest_robot=robot6
267.000,original,-,robot2,MIN_DISTANCE,OK,17.680,7.482,,0,nearest_robot=robot6
267.000,original,-,robot3,MIN_DISTANCE,OK,8.285,7.482,,0,nearest_robot=robot4
267.000,original,-,robot4,MIN_DISTANCE,OK,0.780,7.482,,0,nearest_robot=robot5
267.000,original,-,robot5,MIN_DISTANCE,OK,0.780,7.482,,0,nearest_robot=robot4
267.000,original,-,robot6,MIN_DISTANCE,OK,5.434,7.482,,0,nearest_robot=robot5
267.000,original,-,fleet,MIN_DISTANCE_AVG,OK,7.482,,,0,robots_sampled=6
268.000,original,-,robot1,MIN_DISTANCE,OK,12.158,7.453,,0,nearest_robot=robot6
268.000,original,-,robot2,MIN_DISTANCE,OK,17.282,7.453,,0,nearest_robot=robot6
268.000,original,-,robot3,MIN_DISTANCE,OK,8.285,7.453,,0,nearest_robot=robot4
268.000,original,-,robot4,MIN_DISTANCE,OK,0.780,7.453,,0,nearest_robot=robot5
268.000,original,-,robot5,MIN_DISTANCE,OK,0.780,7.453,,0,nearest_robot=robot4
268.000,original,-,robot6,MIN_DISTANCE,OK,5.434,7.453,,0,nearest_robot=robot5
268.000,original,-,fleet,MIN_DISTANCE_AVG,OK,7.453,,,0,robots_sampled=6
269.000,original,-,robot1,MIN_DISTANCE,OK,12.406,7.425,,0,nearest_robot=robot6
269.000,original,-,robot2,MIN_DISTANCE,OK,16.863,7.425,,0,nearest_robot=robot6
269.000,original,-,robot3,MIN_DISTANCE,OK,8.285,7.425,,0,nearest_robot=robot4
269.000,original,-,robot4,MIN_DISTANCE,OK,0.780,7.425,,0,nearest_robot=robot5
269.000,original,-,robot5,MIN_DISTANCE,OK,0.780,7.425,,0,nearest_robot=robot4
269.000,original,-,robot6,MIN_DISTANCE,OK,5.434,7.425,,0,nearest_robot=robot5
269.000,original,-,fleet,MIN_DISTANCE_AVG,OK,7.425,,,0,robots_sampled=6
270.000,original,-,robot1,MIN_DISTANCE,OK,12.658,7.406,,0,nearest_robot=robot6
270.000,original,-,robot2,MIN_DISTANCE,OK,16.497,7.406,,0,nearest_robot=robot6
270.000,original,-,robot3,MIN_DISTANCE,OK,8.285,7.406,,0,nearest_robot=robot4
270.000,original,-,robot4,MIN_DISTANCE,OK,0.780,7.406,,0,nearest_robot=robot5
270.000,original,-,robot5,MIN_DISTANCE,OK,0.780,7.406,,0,nearest_robot=robot4
270.000,original,-,robot6,MIN_DISTANCE,OK,5.434,7.406,,0,nearest_robot=robot5
270.000,original,-,fleet,MIN_DISTANCE_AVG,OK,7.406,,,0,robots_sampled=6
271.000,original,-,robot1,MIN_DISTANCE,OK,12.939,7.389,,0,nearest_robot=robot6
271.000,original,-,robot2,MIN_DISTANCE,OK,16.116,7.389,,0,nearest_robot=robot6
271.000,original,-,robot3,MIN_DISTANCE,OK,8.285,7.389,,0,nearest_robot=robot4
271.000,original,-,robot4,MIN_DISTANCE,OK,0.780,7.389,,0,nearest_robot=robot5
271.000,original,-,robot5,MIN_DISTANCE,OK,0.780,7.389,,0,nearest_robot=robot4
271.000,original,-,robot6,MIN_DISTANCE,OK,5.434,7.389,,0,nearest_robot=robot5
271.000,original,-,fleet,MIN_DISTANCE_AVG,OK,7.389,,,0,robots_sampled=6
272.000,original,-,robot1,MIN_DISTANCE,OK,13.235,7.378,,0,nearest_robot=robot6
272.000,original,-,robot2,MIN_DISTANCE,OK,15.756,7.378,,0,nearest_robot=robot6
272.000,original,-,robot3,MIN_DISTANCE,OK,8.285,7.378,,0,nearest_robot=robot4
272.000,original,-,robot4,MIN_DISTANCE,OK,0.780,7.378,,0,nearest_robot=robot5
272.000,original,-,robot5,MIN_DISTANCE,OK,0.780,7.378,,0,nearest_robot=robot4
272.000,original,-,robot6,MIN_DISTANCE,OK,5.434,7.378,,0,nearest_robot=robot5
272.000,original,-,fleet,MIN_DISTANCE_AVG,OK,7.378,,,0,robots_sampled=6
273.000,original,-,robot1,MIN_DISTANCE,OK,13.594,7.376,,0,nearest_robot=robot6
273.000,original,-,robot2,MIN_DISTANCE,OK,15.385,7.376,,0,nearest_robot=robot6
273.000,original,-,robot3,MIN_DISTANCE,OK,8.285,7.376,,0,nearest_robot=robot4
273.000,original,-,robot4,MIN_DISTANCE,OK,0.780,7.376,,0,nearest_robot=robot5
273.000,original,-,robot5,MIN_DISTANCE,OK,0.780,7.376,,0,nearest_robot=robot4
273.000,original,-,robot6,MIN_DISTANCE,OK,5.434,7.376,,0,nearest_robot=robot5
273.000,original,-,fleet,MIN_DISTANCE_AVG,OK,7.376,,,0,robots_sampled=6
274.000,original,-,robot1,MIN_DISTANCE,OK,13.822,7.360,,0,nearest_robot=robot3
274.000,original,-,robot2,MIN_DISTANCE,OK,15.058,7.360,,0,nearest_robot=robot6
274.000,original,-,robot3,MIN_DISTANCE,OK,8.285,7.360,,0,nearest_robot=robot4
274.000,original,-,robot4,MIN_DISTANCE,OK,0.780,7.360,,0,nearest_robot=robot5
274.000,original,-,robot5,MIN_DISTANCE,OK,0.780,7.360,,0,nearest_robot=robot4
274.000,original,-,robot6,MIN_DISTANCE,OK,5.434,7.360,,0,nearest_robot=robot5
274.000,original,-,fleet,MIN_DISTANCE_AVG,OK,7.360,,,0,robots_sampled=6
275.000,original,-,robot1,MIN_DISTANCE,OK,13.761,7.296,,0,nearest_robot=robot3
275.000,original,-,robot2,MIN_DISTANCE,OK,14.736,7.296,,0,nearest_robot=robot6
275.000,original,-,robot3,MIN_DISTANCE,OK,8.285,7.296,,0,nearest_robot=robot4
275.000,original,-,robot4,MIN_DISTANCE,OK,0.780,7.296,,0,nearest_robot=robot5
275.000,original,-,robot5,MIN_DISTANCE,OK,0.780,7.296,,0,nearest_robot=robot4
275.000,original,-,robot6,MIN_DISTANCE,OK,5.434,7.296,,0,nearest_robot=robot5
275.000,original,-,fleet,MIN_DISTANCE_AVG,OK,7.296,,,0,robots_sampled=6
276.000,original,-,robot1,MIN_DISTANCE,OK,13.739,7.239,,0,nearest_robot=robot3
276.000,original,-,robot2,MIN_DISTANCE,OK,14.419,7.239,,0,nearest_robot=robot6
276.000,original,-,robot3,MIN_DISTANCE,OK,8.285,7.239,,0,nearest_robot=robot4
276.000,original,-,robot4,MIN_DISTANCE,OK,0.780,7.239,,0,nearest_robot=robot5
276.000,original,-,robot5,MIN_DISTANCE,OK,0.780,7.239,,0,nearest_robot=robot4
276.000,original,-,robot6,MIN_DISTANCE,OK,5.434,7.239,,0,nearest_robot=robot5
276.000,original,-,fleet,MIN_DISTANCE_AVG,OK,7.239,,,0,robots_sampled=6
277.000,original,-,robot1,MIN_DISTANCE,OK,13.801,7.202,,0,nearest_robot=robot3
277.000,original,-,robot2,MIN_DISTANCE,OK,14.131,7.202,,0,nearest_robot=robot6
277.000,original,-,robot3,MIN_DISTANCE,OK,8.285,7.202,,0,nearest_robot=robot4
277.000,original,-,robot4,MIN_DISTANCE,OK,0.780,7.202,,0,nearest_robot=robot5
277.000,original,-,robot5,MIN_DISTANCE,OK,0.780,7.202,,0,nearest_robot=robot4
277.000,original,-,robot6,MIN_DISTANCE,OK,5.434,7.202,,0,nearest_robot=robot5
277.000,original,-,fleet,MIN_DISTANCE_AVG,OK,7.202,,,0,robots_sampled=6
278.000,original,-,robot1,MIN_DISTANCE,OK,13.876,7.167,,0,nearest_robot=robot3
278.000,original,-,robot2,MIN_DISTANCE,OK,13.846,7.167,,0,nearest_robot=robot6
278.000,original,-,robot3,MIN_DISTANCE,OK,8.285,7.167,,0,nearest_robot=robot4
278.000,original,-,robot4,MIN_DISTANCE,OK,0.780,7.167,,0,nearest_robot=robot5
278.000,original,-,robot5,MIN_DISTANCE,OK,0.780,7.167,,0,nearest_robot=robot4
278.000,original,-,robot6,MIN_DISTANCE,OK,5.434,7.167,,0,nearest_robot=robot5
278.000,original,-,fleet,MIN_DISTANCE_AVG,OK,7.167,,,0,robots_sampled=6
279.000,original,-,robot1,MIN_DISTANCE,OK,13.889,7.122,,0,nearest_robot=robot3
279.000,original,-,robot2,MIN_DISTANCE,OK,13.566,7.122,,0,nearest_robot=robot6
279.000,original,-,robot3,MIN_DISTANCE,OK,8.285,7.122,,0,nearest_robot=robot4
279.000,original,-,robot4,MIN_DISTANCE,OK,0.780,7.122,,0,nearest_robot=robot5
279.000,original,-,robot5,MIN_DISTANCE,OK,0.780,7.122,,0,nearest_robot=robot4
279.000,original,-,robot6,MIN_DISTANCE,OK,5.433,7.122,,0,nearest_robot=robot5
279.000,original,-,fleet,MIN_DISTANCE_AVG,OK,7.122,,,0,robots_sampled=6
280.000,original,-,robot1,MIN_DISTANCE,OK,13.879,7.074,,0,nearest_robot=robot3
280.000,original,-,robot2,MIN_DISTANCE,OK,13.284,7.074,,0,nearest_robot=robot6
280.000,original,-,robot3,MIN_DISTANCE,OK,8.285,7.074,,0,nearest_robot=robot4
280.000,original,-,robot4,MIN_DISTANCE,OK,0.780,7.074,,0,nearest_robot=robot5
280.000,original,-,robot5,MIN_DISTANCE,OK,0.780,7.074,,0,nearest_robot=robot4
280.000,original,-,robot6,MIN_DISTANCE,OK,5.433,7.074,,0,nearest_robot=robot5
280.000,original,-,fleet,MIN_DISTANCE_AVG,OK,7.074,,,0,robots_sampled=6
281.000,original,-,robot1,MIN_DISTANCE,OK,13.871,7.029,,0,nearest_robot=robot3
281.000,original,-,robot2,MIN_DISTANCE,OK,13.022,7.029,,0,nearest_robot=robot6
281.000,original,-,robot3,MIN_DISTANCE,OK,8.285,7.029,,0,nearest_robot=robot4
281.000,original,-,robot4,MIN_DISTANCE,OK,0.780,7.029,,0,nearest_robot=robot5
281.000,original,-,robot5,MIN_DISTANCE,OK,0.780,7.029,,0,nearest_robot=robot4
281.000,original,-,robot6,MIN_DISTANCE,OK,5.433,7.029,,0,nearest_robot=robot5
281.000,original,-,fleet,MIN_DISTANCE_AVG,OK,7.029,,,0,robots_sampled=6
282.000,original,-,robot1,MIN_DISTANCE,OK,13.822,6.972,,0,nearest_robot=robot3
282.000,original,-,robot2,MIN_DISTANCE,OK,12.731,6.972,,0,nearest_robot=robot6
282.000,original,-,robot3,MIN_DISTANCE,OK,8.285,6.972,,0,nearest_robot=robot4
282.000,original,-,robot4,MIN_DISTANCE,OK,0.780,6.972,,0,nearest_robot=robot5
282.000,original,-,robot5,MIN_DISTANCE,OK,0.780,6.972,,0,nearest_robot=robot4
282.000,original,-,robot6,MIN_DISTANCE,OK,5.433,6.972,,0,nearest_robot=robot5
282.000,original,-,fleet,MIN_DISTANCE_AVG,OK,6.972,,,0,robots_sampled=6
283.000,original,-,robot1,MIN_DISTANCE,OK,13.553,6.875,,0,nearest_robot=robot3
283.000,original,-,robot2,MIN_DISTANCE,OK,12.417,6.875,,0,nearest_robot=robot6
283.000,original,-,robot3,MIN_DISTANCE,OK,8.285,6.875,,0,nearest_robot=robot4
283.000,original,-,robot4,MIN_DISTANCE,OK,0.780,6.875,,0,nearest_robot=robot5
283.000,original,-,robot5,MIN_DISTANCE,OK,0.780,6.875,,0,nearest_robot=robot4
283.000,original,-,robot6,MIN_DISTANCE,OK,5.433,6.875,,0,nearest_robot=robot5
283.000,original,-,fleet,MIN_DISTANCE_AVG,OK,6.875,,,0,robots_sampled=6
284.000,original,-,robot1,MIN_DISTANCE,OK,13.202,6.767,,0,nearest_robot=robot3
284.000,original,-,robot2,MIN_DISTANCE,OK,12.124,6.767,,0,nearest_robot=robot6
284.000,original,-,robot3,MIN_DISTANCE,OK,8.285,6.767,,0,nearest_robot=robot4
284.000,original,-,robot4,MIN_DISTANCE,OK,0.780,6.767,,0,nearest_robot=robot5
284.000,original,-,robot5,MIN_DISTANCE,OK,0.780,6.767,,0,nearest_robot=robot4
284.000,original,-,robot6,MIN_DISTANCE,OK,5.433,6.767,,0,nearest_robot=robot5
284.000,original,-,fleet,MIN_DISTANCE_AVG,OK,6.767,,,0,robots_sampled=6
285.000,original,-,robot1,MIN_DISTANCE,OK,12.823,6.656,,0,nearest_robot=robot3
285.000,original,-,robot2,MIN_DISTANCE,OK,11.834,6.656,,0,nearest_robot=robot6
285.000,original,-,robot3,MIN_DISTANCE,OK,8.285,6.656,,0,nearest_robot=robot4
285.000,original,-,robot4,MIN_DISTANCE,OK,0.780,6.656,,0,nearest_robot=robot5
285.000,original,-,robot5,MIN_DISTANCE,OK,0.780,6.656,,0,nearest_robot=robot4
285.000,original,-,robot6,MIN_DISTANCE,OK,5.433,6.656,,0,nearest_robot=robot5
285.000,original,-,fleet,MIN_DISTANCE_AVG,OK,6.656,,,0,robots_sampled=6
286.000,original,-,robot1,MIN_DISTANCE,OK,12.440,6.546,,0,nearest_robot=robot3
286.000,original,-,robot2,MIN_DISTANCE,OK,11.557,6.546,,0,nearest_robot=robot6
286.000,original,-,robot3,MIN_DISTANCE,OK,8.285,6.546,,0,nearest_robot=robot4
286.000,original,-,robot4,MIN_DISTANCE,OK,0.780,6.546,,0,nearest_robot=robot5
286.000,original,-,robot5,MIN_DISTANCE,OK,0.780,6.546,,0,nearest_robot=robot4
286.000,original,-,robot6,MIN_DISTANCE,OK,5.433,6.546,,0,nearest_robot=robot5
286.000,original,-,fleet,MIN_DISTANCE_AVG,OK,6.546,,,0,robots_sampled=6
287.000,original,-,robot1,MIN_DISTANCE,OK,12.089,6.441,,0,nearest_robot=robot3
287.000,original,-,robot2,MIN_DISTANCE,OK,11.282,6.441,,0,nearest_robot=robot6
287.000,original,-,robot3,MIN_DISTANCE,OK,8.285,6.441,,0,nearest_robot=robot4
287.000,original,-,robot4,MIN_DISTANCE,OK,0.780,6.441,,0,nearest_robot=robot5
287.000,original,-,robot5,MIN_DISTANCE,OK,0.780,6.441,,0,nearest_robot=robot4
287.000,original,-,robot6,MIN_DISTANCE,OK,5.433,6.441,,0,nearest_robot=robot5
287.000,original,-,fleet,MIN_DISTANCE_AVG,OK,6.441,,,0,robots_sampled=6
288.000,original,-,robot1,MIN_DISTANCE,OK,11.730,6.340,,0,nearest_robot=robot3
288.000,original,-,robot2,MIN_DISTANCE,OK,11.030,6.340,,0,nearest_robot=robot6
288.000,original,-,robot3,MIN_DISTANCE,OK,8.285,6.340,,0,nearest_robot=robot4
288.000,original,-,robot4,MIN_DISTANCE,OK,0.780,6.340,,0,nearest_robot=robot5
288.000,original,-,robot5,MIN_DISTANCE,OK,0.780,6.340,,0,nearest_robot=robot4
288.000,original,-,robot6,MIN_DISTANCE,OK,5.433,6.340,,0,nearest_robot=robot5
288.000,original,-,fleet,MIN_DISTANCE_AVG,OK,6.340,,,0,robots_sampled=6
289.000,original,-,robot1,MIN_DISTANCE,OK,11.364,6.239,,0,nearest_robot=robot3
289.000,original,-,robot2,MIN_DISTANCE,OK,10.790,6.239,,0,nearest_robot=robot6
289.000,original,-,robot3,MIN_DISTANCE,OK,8.285,6.239,,0,nearest_robot=robot4
289.000,original,-,robot4,MIN_DISTANCE,OK,0.780,6.239,,0,nearest_robot=robot5
289.000,original,-,robot5,MIN_DISTANCE,OK,0.780,6.239,,0,nearest_robot=robot4
289.000,original,-,robot6,MIN_DISTANCE,OK,5.433,6.239,,0,nearest_robot=robot5
289.000,original,-,fleet,MIN_DISTANCE_AVG,OK,6.239,,,0,robots_sampled=6
290.000,original,-,robot1,MIN_DISTANCE,OK,10.987,6.134,,0,nearest_robot=robot3
290.000,original,-,robot2,MIN_DISTANCE,OK,10.540,6.134,,0,nearest_robot=robot6
290.000,original,-,robot3,MIN_DISTANCE,OK,8.285,6.134,,0,nearest_robot=robot4
290.000,original,-,robot4,MIN_DISTANCE,OK,0.780,6.134,,0,nearest_robot=robot5
290.000,original,-,robot5,MIN_DISTANCE,OK,0.780,6.134,,0,nearest_robot=robot4
290.000,original,-,robot6,MIN_DISTANCE,OK,5.433,6.134,,0,nearest_robot=robot5
290.000,original,-,fleet,MIN_DISTANCE_AVG,OK,6.134,,,0,robots_sampled=6
291.000,original,-,robot1,MIN_DISTANCE,OK,10.581,6.027,,0,nearest_robot=robot3
291.000,original,-,robot2,MIN_DISTANCE,OK,10.303,6.027,,0,nearest_robot=robot6
291.000,original,-,robot3,MIN_DISTANCE,OK,8.285,6.027,,0,nearest_robot=robot4
291.000,original,-,robot4,MIN_DISTANCE,OK,0.780,6.027,,0,nearest_robot=robot5
291.000,original,-,robot5,MIN_DISTANCE,OK,0.780,6.027,,0,nearest_robot=robot4
291.000,original,-,robot6,MIN_DISTANCE,OK,5.433,6.027,,0,nearest_robot=robot5
291.000,original,-,fleet,MIN_DISTANCE_AVG,OK,6.027,,,0,robots_sampled=6
292.000,original,-,robot1,MIN_DISTANCE,OK,10.188,5.921,,0,nearest_robot=robot3
292.000,original,-,robot2,MIN_DISTANCE,OK,10.063,5.921,,0,nearest_robot=robot6
292.000,original,-,robot3,MIN_DISTANCE,OK,8.285,5.921,,0,nearest_robot=robot4
292.000,original,-,robot4,MIN_DISTANCE,OK,0.780,5.921,,0,nearest_robot=robot5
292.000,original,-,robot5,MIN_DISTANCE,OK,0.780,5.921,,0,nearest_robot=robot4
292.000,original,-,robot6,MIN_DISTANCE,OK,5.433,5.921,,0,nearest_robot=robot5
292.000,original,-,fleet,MIN_DISTANCE_AVG,OK,5.921,,,0,robots_sampled=6
293.000,original,-,robot1,MIN_DISTANCE,OK,9.790,5.818,,0,nearest_robot=robot3
293.000,original,-,robot2,MIN_DISTANCE,OK,9.842,5.818,,0,nearest_robot=robot6
293.000,original,-,robot3,MIN_DISTANCE,OK,8.285,5.818,,0,nearest_robot=robot4
293.000,original,-,robot4,MIN_DISTANCE,OK,0.780,5.818,,0,nearest_robot=robot5
293.000,original,-,robot5,MIN_DISTANCE,OK,0.780,5.818,,0,nearest_robot=robot4
293.000,original,-,robot6,MIN_DISTANCE,OK,5.433,5.818,,0,nearest_robot=robot5
293.000,original,-,fleet,MIN_DISTANCE_AVG,OK,5.818,,,0,robots_sampled=6
294.000,original,-,robot1,MIN_DISTANCE,OK,9.385,5.722,,0,nearest_robot=robot3
294.000,original,-,robot2,MIN_DISTANCE,OK,9.672,5.722,,0,nearest_robot=robot6
294.000,original,-,robot3,MIN_DISTANCE,OK,8.285,5.722,,0,nearest_robot=robot4
294.000,original,-,robot4,MIN_DISTANCE,OK,0.780,5.722,,0,nearest_robot=robot5
294.000,original,-,robot5,MIN_DISTANCE,OK,0.780,5.722,,0,nearest_robot=robot4
294.000,original,-,robot6,MIN_DISTANCE,OK,5.433,5.722,,0,nearest_robot=robot5
294.000,original,-,fleet,MIN_DISTANCE_AVG,OK,5.722,,,0,robots_sampled=6
295.000,original,-,robot1,MIN_DISTANCE,OK,8.949,5.623,,0,nearest_robot=robot3
295.000,original,-,robot2,MIN_DISTANCE,OK,9.514,5.623,,0,nearest_robot=robot6
295.000,original,-,robot3,MIN_DISTANCE,OK,8.285,5.623,,0,nearest_robot=robot4
295.000,original,-,robot4,MIN_DISTANCE,OK,0.780,5.623,,0,nearest_robot=robot5
295.000,original,-,robot5,MIN_DISTANCE,OK,0.780,5.623,,0,nearest_robot=robot4
295.000,original,-,robot6,MIN_DISTANCE,OK,5.433,5.623,,0,nearest_robot=robot5
295.000,original,-,fleet,MIN_DISTANCE_AVG,OK,5.623,,,0,robots_sampled=6
296.000,original,-,robot1,MIN_DISTANCE,OK,8.584,5.535,,0,nearest_robot=robot3
296.000,original,-,robot2,MIN_DISTANCE,OK,9.349,5.535,,0,nearest_robot=robot6
296.000,original,-,robot3,MIN_DISTANCE,OK,8.285,5.535,,0,nearest_robot=robot4
296.000,original,-,robot4,MIN_DISTANCE,OK,0.780,5.535,,0,nearest_robot=robot5
296.000,original,-,robot5,MIN_DISTANCE,OK,0.780,5.535,,0,nearest_robot=robot4
296.000,original,-,robot6,MIN_DISTANCE,OK,5.433,5.535,,0,nearest_robot=robot5
296.000,original,-,fleet,MIN_DISTANCE_AVG,OK,5.535,,,0,robots_sampled=6
297.000,original,-,robot1,MIN_DISTANCE,OK,8.296,5.466,,0,nearest_robot=robot3
297.000,original,-,robot2,MIN_DISTANCE,OK,9.223,5.466,,0,nearest_robot=robot6
297.000,original,-,robot3,MIN_DISTANCE,OK,8.285,5.466,,0,nearest_robot=robot4
297.000,original,-,robot4,MIN_DISTANCE,OK,0.780,5.466,,0,nearest_robot=robot5
297.000,original,-,robot5,MIN_DISTANCE,OK,0.780,5.466,,0,nearest_robot=robot4
297.000,original,-,robot6,MIN_DISTANCE,OK,5.433,5.466,,0,nearest_robot=robot5
297.000,original,-,fleet,MIN_DISTANCE_AVG,OK,5.466,,,0,robots_sampled=6
298.000,original,-,robot1,MIN_DISTANCE,OK,8.096,5.383,,0,nearest_robot=robot3
298.000,original,-,robot2,MIN_DISTANCE,OK,9.115,5.383,,0,nearest_robot=robot6
298.000,original,-,robot3,MIN_DISTANCE,OK,8.096,5.383,,0,nearest_robot=robot1
298.000,original,-,robot4,MIN_DISTANCE,OK,0.780,5.383,,0,nearest_robot=robot5
298.000,original,-,robot5,MIN_DISTANCE,OK,0.780,5.383,,0,nearest_robot=robot4
298.000,original,-,robot6,MIN_DISTANCE,OK,5.433,5.383,,0,nearest_robot=robot5
298.000,original,-,fleet,MIN_DISTANCE_AVG,OK,5.383,,,0,robots_sampled=6
299.000,original,-,robot1,MIN_DISTANCE,OK,7.970,5.327,,0,nearest_robot=robot3
299.000,original,-,robot2,MIN_DISTANCE,OK,9.031,5.327,,0,nearest_robot=robot6
299.000,original,-,robot3,MIN_DISTANCE,OK,7.970,5.327,,0,nearest_robot=robot1
299.000,original,-,robot4,MIN_DISTANCE,OK,0.780,5.327,,0,nearest_robot=robot5
299.000,original,-,robot5,MIN_DISTANCE,OK,0.780,5.327,,0,nearest_robot=robot4
299.000,original,-,robot6,MIN_DISTANCE,OK,5.433,5.327,,0,nearest_robot=robot5
299.000,original,-,fleet,MIN_DISTANCE_AVG,OK,5.327,,,0,robots_sampled=6
300.000,original,-,robot1,MIN_DISTANCE,OK,7.948,5.313,,0,nearest_robot=robot3
300.000,original,-,robot2,MIN_DISTANCE,OK,8.993,5.313,,0,nearest_robot=robot6
300.000,original,-,robot3,MIN_DISTANCE,OK,7.948,5.313,,0,nearest_robot=robot1
300.000,original,-,robot4,MIN_DISTANCE,OK,0.780,5.313,,0,nearest_robot=robot5
300.000,original,-,robot5,MIN_DISTANCE,OK,0.780,5.313,,0,nearest_robot=robot4
300.000,original,-,robot6,MIN_DISTANCE,OK,5.433,5.313,,0,nearest_robot=robot5
300.000,original,-,fleet,MIN_DISTANCE_AVG,OK,5.313,,,0,robots_sampled=6
301.000,original,-,robot1,MIN_DISTANCE,OK,7.965,5.337,,0,nearest_robot=robot3
301.000,original,-,robot2,MIN_DISTANCE,OK,9.101,5.337,,0,nearest_robot=robot6
301.000,original,-,robot3,MIN_DISTANCE,OK,7.965,5.337,,0,nearest_robot=robot1
301.000,original,-,robot4,MIN_DISTANCE,OK,0.780,5.337,,0,nearest_robot=robot5
301.000,original,-,robot5,MIN_DISTANCE,OK,0.780,5.337,,0,nearest_robot=robot4
301.000,original,-,robot6,MIN_DISTANCE,OK,5.433,5.337,,0,nearest_robot=robot5
301.000,original,-,fleet,MIN_DISTANCE_AVG,OK,5.337,,,0,robots_sampled=6
302.000,original,-,robot1,MIN_DISTANCE,OK,7.965,5.378,,0,nearest_robot=robot3
302.000,original,-,robot2,MIN_DISTANCE,OK,9.344,5.378,,0,nearest_robot=robot6
302.000,original,-,robot3,MIN_DISTANCE,OK,7.965,5.378,,0,nearest_robot=robot1
302.000,original,-,robot4,MIN_DISTANCE,OK,0.780,5.378,,0,nearest_robot=robot5
302.000,original,-,robot5,MIN_DISTANCE,OK,0.780,5.378,,0,nearest_robot=robot4
302.000,original,-,robot6,MIN_DISTANCE,OK,5.433,5.378,,0,nearest_robot=robot5
302.000,original,-,fleet,MIN_DISTANCE_AVG,OK,5.378,,,0,robots_sampled=6
303.000,original,-,robot1,MIN_DISTANCE,OK,7.912,5.408,,0,nearest_robot=robot3
303.000,original,-,robot2,MIN_DISTANCE,OK,9.632,5.408,,0,nearest_robot=robot6
303.000,original,-,robot3,MIN_DISTANCE,OK,7.912,5.408,,0,nearest_robot=robot1
303.000,original,-,robot4,MIN_DISTANCE,OK,0.780,5.408,,0,nearest_robot=robot5
303.000,original,-,robot5,MIN_DISTANCE,OK,0.780,5.408,,0,nearest_robot=robot4
303.000,original,-,robot6,MIN_DISTANCE,OK,5.433,5.408,,0,nearest_robot=robot5
303.000,original,-,fleet,MIN_DISTANCE_AVG,OK,5.408,,,0,robots_sampled=6
304.000,original,-,robot1,MIN_DISTANCE,OK,7.898,5.444,,0,nearest_robot=robot3
304.000,original,-,robot2,MIN_DISTANCE,OK,9.874,5.444,,0,nearest_robot=robot6
304.000,original,-,robot3,MIN_DISTANCE,OK,7.898,5.444,,0,nearest_robot=robot1
304.000,original,-,robot4,MIN_DISTANCE,OK,0.780,5.444,,0,nearest_robot=robot5
304.000,original,-,robot5,MIN_DISTANCE,OK,0.780,5.444,,0,nearest_robot=robot4
304.000,original,-,robot6,MIN_DISTANCE,OK,5.433,5.444,,0,nearest_robot=robot5
304.000,original,-,fleet,MIN_DISTANCE_AVG,OK,5.444,,,0,robots_sampled=6
