timestamp,run_id,task_id,robot_id,event,status,allocation_cost,duration,path,collision_flag,message
19.000,ours,-,robot1,MIN_DISTANCE,OK,13.424,10.022,,0,nearest_robot=robot2
19.000,ours,-,robot2,MIN_DISTANCE,OK,13.424,10.022,,0,nearest_robot=robot1
19.000,ours,-,robot3,MIN_DISTANCE,OK,6.621,10.022,,0,nearest_robot=robot4
19.000,ours,-,robot4,MIN_DISTANCE,OK,6.621,10.022,,0,nearest_robot=robot3
19.000,ours,-,fleet,MIN_DISTANCE_AVG,OK,10.022,,,0,robots_sampled=4
20.000,ours,-,robot1,MIN_DISTANCE,OK,13.424,10.022,,0,nearest_robot=robot2
20.000,ours,-,robot2,MIN_DISTANCE,OK,13.424,10.022,,0,nearest_robot=robot1
20.000,ours,-,robot3,MIN_DISTANCE,OK,6.621,10.022,,0,nearest_robot=robot4
20.000,ours,-,robot4,MIN_DISTANCE,OK,6.621,10.022,,0,nearest_robot=robot3
20.000,ours,-,fleet,MIN_DISTANCE_AVG,OK,10.022,,,0,robots_sampled=4
21.000,ours,-,robot1,MIN_DISTANCE,OK,13.424,10.022,,0,nearest_robot=robot2
21.000,ours,-,robot2,MIN_DISTANCE,OK,13.424,10.022,,0,nearest_robot=robot1
21.000,ours,-,robot3,MIN_DISTANCE,OK,6.621,10.022,,0,nearest_robot=robot4
21.000,ours,-,robot4,MIN_DISTANCE,OK,6.621,10.022,,0,nearest_robot=robot3
21.000,ours,-,fleet,MIN_DISTANCE_AVG,OK,10.022,,,0,robots_sampled=4
22.000,ours,-,robot1,MIN_DISTANCE,OK,13.424,10.022,,0,nearest_robot=robot2
22.000,ours,-,robot2,MIN_DISTANCE,OK,13.424,10.022,,0,nearest_robot=robot1
22.000,ours,-,robot3,MIN_DISTANCE,OK,6.621,10.022,,0,nearest_robot=robot4
22.000,ours,-,robot4,MIN_DISTANCE,OK,6.621,10.022,,0,nearest_robot=robot3
22.000,ours,-,fleet,MIN_DISTANCE_AVG,OK,10.022,,,0,robots_sampled=4
22.090,ours,-,fleet,CHOMP_TIME_FULL,OK,,0.075,,0,iterations=100;iterations_executed=100;source=algorithm;round_trip=0.100005
23.000,ours,-,robot1,MIN_DISTANCE,OK,13.426,9.929,,0,nearest_robot=robot2
23.000,ours,-,robot2,MIN_DISTANCE,OK,13.426,9.929,,0,nearest_robot=robot1
23.000,ours,-,robot3,MIN_DISTANCE,OK,6.433,9.929,,0,nearest_robot=robot4
23.000,ours,-,robot4,MIN_DISTANCE,OK,6.433,9.929,,0,nearest_robot=robot3
23.000,ours,-,fleet,MIN_DISTANCE_AVG,OK,9.929,,,0,robots_sampled=4
23.080,ours,-,fleet,CHOMP_TIME_FULL,OK,,0.075,,0,iterations=100;iterations_executed=100;source=algorithm;round_trip=0.092405
23.520,ours,-,fleet,CHOMP_TIME_PARTIAL,OK,,0.008,,0,iterations=10;iterations_executed=10;source=algorithm;round_trip=0.023312
24.000,ours,-,robot1,MIN_DISTANCE,OK,13.270,9.665,,0,nearest_robot=robot2
24.000,ours,-,robot2,MIN_DISTANCE,OK,13.270,9.665,,0,nearest_robot=robot1
24.000,ours,-,robot3,MIN_DISTANCE,OK,6.060,9.665,,0,nearest_robot=robot4
24.000,ours,-,robot4,MIN_DISTANCE,OK,6.060,9.665,,0,nearest_robot=robot3
24.000,ours,-,fleet,MIN_DISTANCE_AVG,OK,9.665,,,0,robots_sampled=4
24.020,ours,-,fleet,CHOMP_TIME_PARTIAL,OK,,0.010,,0,iterations=10;iterations_executed=10;source=algorithm;round_trip=0.023696
25.000,ours,-,robot1,MIN_DISTANCE,OK,13.080,9.366,,0,nearest_robot=robot2
25.000,ours,-,robot2,MIN_DISTANCE,OK,13.080,9.366,,0,nearest_robot=robot1
25.000,ours,-,robot3,MIN_DISTANCE,OK,5.652,9.366,,0,nearest_robot=robot4
25.000,ours,-,robot4,MIN_DISTANCE,OK,5.652,9.366,,0,nearest_robot=robot3
25.000,ours,-,fleet,MIN_DISTANCE_AVG,OK,9.366,,,0,robots_sampled=4
25.080,ours,-,fleet,CHOMP_TIME_FULL,OK,,0.075,,0,iterations=100;iterations_executed=100;source=algorithm;round_trip=0.093379
25.520,ours,-,fleet,CHOMP_TIME_PARTIAL,OK,,0.007,,0,iterations=10;iterations_executed=10;source=algorithm;round_trip=0.021919
26.000,ours,-,robot1,MIN_DISTANCE,OK,12.882,9.039,,0,nearest_robot=robot2
26.000,ours,-,robot2,MIN_DISTANCE,OK,12.882,9.039,,0,nearest_robot=robot1
26.000,ours,-,robot3,MIN_DISTANCE,OK,5.196,9.039,,0,nearest_robot=robot4
26.000,ours,-,robot4,MIN_DISTANCE,OK,5.196,9.039,,0,nearest_robot=robot3
26.000,ours,-,fleet,MIN_DISTANCE_AVG,OK,9.039,,,0,robots_sampled=4
26.010,ours,-,fleet,CHOMP_TIME_PARTIAL,OK,,0.009,,0,iterations=10;iterations_executed=10;source=algorithm;round_trip=0.022468
26.510,ours,-,fleet,CHOMP_TIME_PARTIAL,OK,,0.008,,0,iterations=10;iterations_executed=10;source=algorithm;round_trip=0.021743
27.000,ours,-,robot1,MIN_DISTANCE,OK,12.797,8.698,,0,nearest_robot=robot2
27.000,ours,-,robot2,MIN_DISTANCE,OK,12.797,8.698,,0,nearest_robot=robot1
27.000,ours,-,robot3,MIN_DISTANCE,OK,4.600,8.698,,0,nearest_robot=robot4
27.000,ours,-,robot4,MIN_DISTANCE,OK,4.600,8.698,,0,nearest_robot=robot3
27.000,ours,-,fleet,MIN_DISTANCE_AVG,OK,8.698,,,0,robots_sampled=4
27.020,ours,-,fleet,CHOMP_TIME_PARTIAL,OK,,0.009,,0,iterations=10;iterations_executed=10;source=algorithm;round_trip=0.023687
27.520,ours,-,fleet,CHOMP_TIME_PARTIAL,OK,,0.008,,0,iterations=10;iterations_executed=10;source=algorithm;round_trip=0.021124
28.000,ours,-,robot1,MIN_DISTANCE,OK,12.630,8.221,,0,nearest_robot=robot2
28.000,ours,-,robot2,MIN_DISTANCE,OK,12.630,8.221,,0,nearest_robot=robot1
28.000,ours,-,robot3,MIN_DISTANCE,OK,3.812,8.221,,0,nearest_robot=robot4
28.000,ours,-,robot4,MIN_DISTANCE,OK,3.812,8.221,,0,nearest_robot=robot3
28.000,ours,-,fleet,MIN_DISTANCE_AVG,OK,8.221,,,0,robots_sampled=4
28.010,ours,-,fleet,CHOMP_TIME_PARTIAL,OK,,0.009,,0,iterations=10;iterations_executed=10;source=algorithm;round_trip=0.023169
28.510,ours,-,fleet,CHOMP_TIME_PARTIAL,OK,,0.008,,0,iterations=10;iterations_executed=10;source=algorithm;round_trip=0.022590
29.000,ours,-,robot1,MIN_DISTANCE,OK,12.536,7.821,,0,nearest_robot=robot2
29.000,ours,-,robot2,MIN_DISTANCE,OK,12.536,7.821,,0,nearest_robot=robot1
29.000,ours,-,robot3,MIN_DISTANCE,OK,3.106,7.821,,0,nearest_robot=robot4
29.000,ours,-,robot4,MIN_DISTANCE,OK,3.106,7.821,,0,nearest_robot=robot3
29.000,ours,-,fleet,MIN_DISTANCE_AVG,OK,7.821,,,0,robots_sampled=4
29.020,ours,-,fleet,CHOMP_TIME_PARTIAL,OK,,0.008,,0,iterations=10;iterations_executed=10;source=algorithm;round_trip=0.022169
29.520,ours,-,fleet,CHOMP_TIME_PARTIAL,OK,,0.008,,0,iterations=10;iterations_executed=10;source=algorithm;round_trip=0.022361
30.000,ours,-,robot1,MIN_DISTANCE,OK,12.407,7.431,,0,nearest_robot=robot2
30.000,ours,-,robot2,MIN_DISTANCE,OK,12.407,7.431,,0,nearest_robot=robot1
30.000,ours,-,robot3,MIN_DISTANCE,OK,2.455,7.431,,0,nearest_robot=robot4
30.000,ours,-,robot4,MIN_DISTANCE,OK,2.455,7.431,,0,nearest_robot=robot3
30.000,ours,-,fleet,MIN_DISTANCE_AVG,OK,7.431,,,0,robots_sampled=4
30.010,ours,-,fleet,CHOMP_TIME_PARTIAL,OK,,0.008,,0,iterations=10;iterations_executed=10;source=algorithm;round_trip=0.023233
30.510,ours,-,fleet,CHOMP_TIME_PARTIAL,OK,,0.008,,0,iterations=10;iterations_executed=10;source=algorithm;round_trip=0.023328
31.000,ours,-,robot1,MIN_DISTANCE,OK,12.182,7.074,,0,nearest_robot=robot2
31.000,ours,-,robot2,MIN_DISTANCE,OK,12.182,7.074,,0,nearest_robot=robot1
31.000,ours,-,robot3,MIN_DISTANCE,OK,1.965,7.074,,0,nearest_robot=robot4
31.000,ours,-,robot4,MIN_DISTANCE,OK,1.965,7.074,,0,nearest_robot=robot3
31.000,ours,-,fleet,MIN_DISTANCE_AVG,OK,7.074,,,0,robots_sampled=4
31.020,ours,-,fleet,CHOMP_TIME_PARTIAL,OK,,0.009,,0,iterations=10;iterations_executed=10;source=algorithm;round_trip=0.023055
31.520,ours,-,fleet,CHOMP_TIME_PARTIAL,OK,,0.008,,0,iterations=10;iterations_executed=10;source=algorithm;round_trip=0.022561
32.000,ours,-,robot1,MIN_DISTANCE,OK,11.902,6.729,,0,nearest_robot=robot2
32.000,ours,-,robot2,MIN_DISTANCE,OK,11.902,6.729,,0,nearest_robot=robot1
32.000,ours,-,robot3,MIN_DISTANCE,OK,1.556,6.729,,0,nearest_robot=robot4
32.000,ours,-,robot4,MIN_DISTANCE,OK,1.556,6.729,,0,nearest_robot=robot3
32.000,ours,-,fleet,MIN_DISTANCE_AVG,OK,6.729,,,0,robots_sampled=4
32.020,ours,-,fleet,CHOMP_TIME_PARTIAL,OK,,0.008,,0,iterations=10;iterations_executed=10;source=algorithm;round_trip=0.022349
33.000,ours,-,robot1,MIN_DISTANCE,OK,11.703,6.493,,0,nearest_robot=robot2
33.000,ours,-,robot2,MIN_DISTANCE,OK,11.703,6.493,,0,nearest_robot=robot1
33.000,ours,-,robot3,MIN_DISTANCE,OK,1.283,6.493,,0,nearest_robot=robot4
33.000,ours,-,robot4,MIN_DISTANCE,OK,1.283,6.493,,0,nearest_robot=robot3
33.000,ours,-,fleet,MIN_DISTANCE_AVG,OK,6.493,,,0,robots_sampled=4
33.090,ours,-,fleet,CHOMP_TIME_FULL,OK,,0.071,,0,iterations=100;iterations_executed=100;source=algorithm;round_trip=0.091509
33.510,ours,-,fleet,CHOMP_TIME_PARTIAL,OK,,0.008,,0,iterations=10;iterations_executed=10;source=algorithm;round_trip=0.021363
34.000,ours,-,robot1,MIN_DISTANCE,OK,11.734,6.475,,0,nearest_robot=robot2
34.000,ours,-,robot2,MIN_DISTANCE,OK,11.734,6.475,,0,nearest_robot=robot1
34.000,ours,-,robot3,MIN_DISTANCE,OK,1.216,6.475,,0,nearest_robot=robot4
34.000,ours,-,robot4,MIN_DISTANCE,OK,1.216,6.475,,0,nearest_robot=robot3
34.000,ours,-,fleet,MIN_DISTANCE_AVG,OK,6.475,,,0,robots_sampled=4
34.020,ours,-,fleet,CHOMP_TIME_PARTIAL,OK,,0.008,,0,iterations=10;iterations_executed=10;source=algorithm;round_trip=0.022265
34.520,ours,-,fleet,CHOMP_TIME_PARTIAL,OK,,0.007,,0,iterations=10;iterations_executed=10;source=algorithm;round_trip=0.021443
35.000,ours,-,robot1,MIN_DISTANCE,OK,11.633,6.352,,0,nearest_robot=robot2
35.000,ours,-,robot2,MIN_DISTANCE,OK,11.633,6.352,,0,nearest_robot=robot1
35.000,ours,-,robot3,MIN_DISTANCE,OK,1.071,6.352,,0,nearest_robot=robot4
35.000,ours,-,robot4,MIN_DISTANCE,OK,1.071,6.352,,0,nearest_robot=robot3
35.000,ours,-,fleet,MIN_DISTANCE_AVG,OK,6.352,,,0,robots_sampled=4
35.020,ours,-,fleet,CHOMP_TIME_PARTIAL,OK,,0.008,,0,iterations=10;iterations_executed=10;source=algorithm;round_trip=0.022221
35.520,ours,-,fleet,CHOMP_TIME_PARTIAL,OK,,0.007,,0,iterations=10;iterations_executed=10;source=algorithm;round_trip=0.027660
36.000,ours,-,robot1,MIN_DISTANCE,OK,11.427,6.221,,0,nearest_robot=robot2
36.000,ours,-,robot2,MIN_DISTANCE,OK,11.427,6.221,,0,nearest_robot=robot1
36.000,ours,-,robot3,MIN_DISTANCE,OK,1.015,6.221,,0,nearest_robot=robot4
36.000,ours,-,robot4,MIN_DISTANCE,OK,1.015,6.221,,0,nearest_robot=robot3
36.000,ours,-,fleet,MIN_DISTANCE_AVG,OK,6.221,,,0,robots_sampled=4
36.010,ours,-,fleet,CHOMP_TIME_PARTIAL,OK,,0.008,,0,iterations=10;iterations_executed=10;source=algorithm;round_trip=0.022941
37.000,ours,-,robot1,MIN_DISTANCE,OK,11.723,6.390,,0,nearest_robot=robot2
37.000,ours,-,robot2,MIN_DISTANCE,OK,11.723,6.390,,0,nearest_robot=robot1
37.000,ours,-,robot3,MIN_DISTANCE,OK,1.057,6.390,,0,nearest_robot=robot4
37.000,ours,-,robot4,MIN_DISTANCE,OK,1.057,6.390,,0,nearest_robot=robot3
37.000,ours,-,fleet,MIN_DISTANCE_AVG,OK,6.390,,,0,robots_sampled=4
37.080,ours,-,fleet,CHOMP_TIME_FULL,OK,,0.076,,0,iterations=100;iterations_executed=100;source=algorithm;round_trip=0.093259
37.510,ours,-,fleet,CHOMP_TIME_PARTIAL,OK,,0.008,,0,iterations=10;iterations_executed=10;source=algorithm;round_trip=0.023397
38.000,ours,-,robot1,MIN_DISTANCE,OK,12.223,6.695,,0,nearest_robot=robot2
38.000,ours,-,robot2,MIN_DISTANCE,OK,12.223,6.695,,0,nearest_robot=robot1
38.000,ours,-,robot3,MIN_DISTANCE,OK,1.166,6.695,,0,nearest_robot=robot4
38.000,ours,-,robot4,MIN_DISTANCE,OK,1.166,6.695,,0,nearest_robot=robot3
38.000,ours,-,fleet,MIN_DISTANCE_AVG,OK,6.695,,,0,robots_sampled=4
38.010,ours,-,fleet,CHOMP_TIME_PARTIAL,OK,,0.008,,0,iterations=10;iterations_executed=10;source=algorithm;round_trip=0.023979
39.000,ours,-,robot1,MIN_DISTANCE,OK,12.656,6.871,,0,nearest_robot=robot2
39.000,ours,-,robot2,MIN_DISTANCE,OK,12.166,6.871,,0,nearest_robot=robot4
39.000,ours,-,robot3,MIN_DISTANCE,OK,1.331,6.871,,0,nearest_robot=robot4
39.000,ours,-,robot4,MIN_DISTANCE,OK,1.331,6.871,,0,nearest_robot=robot3
39.000,ours,-,fleet,MIN_DISTANCE_AVG,OK,6.871,,,0,robots_sampled=4
39.080,ours,-,fleet,CHOMP_TIME_FULL,OK,,0.075,,0,iterations=100;iterations_executed=100;source=algorithm;round_trip=0.092275
40.000,ours,-,robot1,MIN_DISTANCE,OK,13.105,6.902,,0,nearest_robot=robot2
40.000,ours,-,robot2,MIN_DISTANCE,OK,11.724,6.902,,0,nearest_robot=robot4
40.000,ours,-,robot3,MIN_DISTANCE,OK,1.390,6.902,,0,nearest_robot=robot4
40.000,ours,-,robot4,MIN_DISTANCE,OK,1.390,6.902,,0,nearest_robot=robot3
40.000,ours,-,fleet,MIN_DISTANCE_AVG,OK,6.902,,,0,robots_sampled=4
40.090,ours,-,fleet,CHOMP_TIME_FULL,OK,,0.076,,0,iterations=100;iterations_executed=100;source=algorithm;round_trip=0.093185
40.520,ours,-,fleet,CHOMP_TIME_PARTIAL,OK,,0.008,,0,iterations=10;iterations_executed=10;source=algorithm;round_trip=0.025310
41.000,ours,-,robot1,MIN_DISTANCE,OK,13.490,6.945,,0,nearest_robot=robot2
41.000,ours,-,robot2,MIN_DISTANCE,OK,11.331,6.945,,0,nearest_robot=robot4
41.000,ours,-,robot3,MIN_DISTANCE,OK,1.480,6.945,,0,nearest_robot=robot4
41.000,ours,-,robot4,MIN_DISTANCE,OK,1.480,6.945,,0,nearest_robot=robot3
41.000,ours,-,fleet,MIN_DISTANCE_AVG,OK,6.945,,,0,robots_sampled=4
41.020,ours,-,fleet,CHOMP_TIME_PARTIAL,OK,,0.009,,0,iterations=10;iterations_executed=10;source=algorithm;round_trip=0.023720
41.520,ours,-,fleet,CHOMP_TIME_PARTIAL,OK,,0.008,,0,iterations=10;iterations_executed=10;source=algorithm;round_trip=0.023439
42.000,ours,-,robot1,MIN_DISTANCE,OK,13.615,7.004,,0,nearest_robot=robot2
42.000,ours,-,robot2,MIN_DISTANCE,OK,11.278,7.004,,0,nearest_robot=robot4
42.000,ours,-,robot3,MIN_DISTANCE,OK,1.561,7.004,,0,nearest_robot=robot4
42.000,ours,-,robot4,MIN_DISTANCE,OK,1.561,7.004,,0,nearest_robot=robot3
42.000,ours,-,fleet,MIN_DISTANCE_AVG,OK,7.004,,,0,robots_sampled=4
42.020,ours,-,fleet,CHOMP_TIME_PARTIAL,OK,,0.010,,0,iterations=10;iterations_executed=10;source=algorithm;round_trip=0.026521
42.520,ours,-,fleet,CHOMP_TIME_PARTIAL,OK,,0.008,,0,iterations=10;iterations_executed=10;source=algorithm;round_trip=0.023194
43.000,ours,-,robot1,MIN_DISTANCE,OK,13.604,7.016,,0,nearest_robot=robot2
43.000,ours,-,robot2,MIN_DISTANCE,OK,11.354,7.016,,0,nearest_robot=robot4
43.000,ours,-,robot3,MIN_DISTANCE,OK,1.552,7.016,,0,nearest_robot=robot4
43.000,ours,-,robot4,MIN_DISTANCE,OK,1.552,7.016,,0,nearest_robot=robot3
43.000,ours,-,fleet,MIN_DISTANCE_AVG,OK,7.016,,,0,robots_sampled=4
43.020,ours,-,fleet,CHOMP_TIME_PARTIAL,OK,,0.009,,0,iterations=10;iterations_executed=10;source=algorithm;round_trip=0.023988
43.520,ours,-,fleet,CHOMP_TIME_PARTIAL,OK,,0.008,,0,iterations=10;iterations_executed=10;source=algorithm;round_trip=0.022645
44.000,ours,-,robot1,MIN_DISTANCE,OK,13.577,7.040,,0,nearest_robot=robot2
44.000,ours,-,robot2,MIN_DISTANCE,OK,11.357,7.040,,0,nearest_robot=robot4
44.000,ours,-,robot3,MIN_DISTANCE,OK,1.612,7.040,,0,nearest_robot=robot4
44.000,ours,-,robot4,MIN_DISTANCE,OK,1.612,7.040,,0,nearest_robot=robot3
44.000,ours,-,fleet,MIN_DISTANCE_AVG,OK,7.040,,,0,robots_sampled=4
44.020,ours,-,fleet,CHOMP_TIME_PARTIAL,OK,,0.009,,0,iterations=10;iterations_executed=10;source=algorithm;round_trip=0.025550
44.520,ours,-,fleet,CHOMP_TIME_PARTIAL,OK,,0.009,,0,iterations=10;iterations_executed=10;source=algorithm;round_trip=0.024817
45.000,ours,-,robot1,MIN_DISTANCE,OK,13.584,7.037,,0,nearest_robot=robot2
45.000,ours,-,robot2,MIN_DISTANCE,OK,11.360,7.037,,0,nearest_robot=robot4
45.000,ours,-,robot3,MIN_DISTANCE,OK,1.603,7.037,,0,nearest_robot=robot4
45.000,ours,-,robot4,MIN_DISTANCE,OK,1.603,7.037,,0,nearest_robot=robot3
45.000,ours,-,fleet,MIN_DISTANCE_AVG,OK,7.037,,,0,robots_sampled=4
45.020,ours,-,fleet,CHOMP_TIME_PARTIAL,OK,,0.009,,0,iterations=10;iterations_executed=10;source=algorithm;round_trip=0.023957
45.520,ours,-,fleet,CHOMP_TIME_PARTIAL,OK,,0.008,,0,iterations=10;iterations_executed=10;source=algorithm;round_trip=0.021797
46.000,ours,-,robot1,MIN_DISTANCE,OK,13.605,7.046,,0,nearest_robot=robot2
46.000,ours,-,robot2,MIN_DISTANCE,OK,11.334,7.046,,0,nearest_robot=robot4
46.000,ours,-,robot3,MIN_DISTANCE,OK,1.622,7.046,,0,nearest_robot=robot4
46.000,ours,-,robot4,MIN_DISTANCE,OK,1.622,7.046,,0,nearest_robot=robot3
46.000,ours,-,fleet,MIN_DISTANCE_AVG,OK,7.046,,,0,robots_sampled=4
46.020,ours,-,fleet,CHOMP_TIME_PARTIAL,OK,,0.008,,0,iterations=10;iterations_executed=10;source=algorithm;round_trip=0.022739
46.510,ours,-,fleet,CHOMP_TIME_PARTIAL,OK,,0.008,,0,iterations=10;iterations_executed=10;source=algorithm;round_trip=0.022790
47.000,ours,-,robot1,MIN_DISTANCE,OK,13.651,7.049,,0,nearest_robot=robot2
47.000,ours,-,robot2,MIN_DISTANCE,OK,11.385,7.049,,0,nearest_robot=robot4
47.000,ours,-,robot3,MIN_DISTANCE,OK,1.581,7.049,,0,nearest_robot=robot4
47.000,ours,-,robot4,MIN_DISTANCE,OK,1.581,7.049,,0,nearest_robot=robot3
47.000,ours,-,fleet,MIN_DISTANCE_AVG,OK,7.049,,,0,robots_sampled=4
47.020,ours,-,fleet,CHOMP_TIME_PARTIAL,OK,,0.008,,0,iterations=10;iterations_executed=10;source=algorithm;round_trip=0.025146
47.520,ours,-,fleet,CHOMP_TIME_PARTIAL,OK,,0.009,,0,iterations=10;iterations_executed=10;source=algorithm;round_trip=0.024373
48.000,ours,-,robot1,MIN_DISTANCE,OK,13.670,7.064,,0,nearest_robot=robot2
48.000,ours,-,robot2,MIN_DISTANCE,OK,11.473,7.064,,0,nearest_robot=robot4
48.000,ours,-,robot3,MIN_DISTANCE,OK,1.556,7.064,,0,nearest_robot=robot4
48.000,ours,-,robot4,MIN_DISTANCE,OK,1.556,7.064,,0,nearest_robot=robot3
48.000,ours,-,fleet,MIN_DISTANCE_AVG,OK,7.064,,,0,robots_sampled=4
48.010,ours,-,fleet,CHOMP_TIME_PARTIAL,OK,,0.008,,0,iterations=10;iterations_executed=10;source=algorithm;round_trip=0.023831
48.520,ours,-,fleet,CHOMP_TIME_PARTIAL,OK,,0.007,,0,iterations=10;iterations_executed=10;source=algorithm;round_trip=0.023714
49.000,ours,-,robot1,MIN_DISTANCE,OK,13.703,7.079,,0,nearest_robot=robot2
49.000,ours,-,robot2,MIN_DISTANCE,OK,11.486,7.079,,0,nearest_robot=robot4
49.000,ours,-,robot3,MIN_DISTANCE,OK,1.562,7.079,,0,nearest_robot=robot4
49.000,ours,-,robot4,MIN_DISTANCE,OK,1.562,7.079,,0,nearest_robot=robot3
49.000,ours,-,fleet,MIN_DISTANCE_AVG,OK,7.079,,,0,robots_sampled=4
49.020,ours,-,fleet,CHOMP_TIME_PARTIAL,OK,,0.007,,0,iterations=10;iterations_executed=10;source=algorithm;round_trip=0.030453
49.520,ours,-,fleet,CHOMP_TIME_PARTIAL,OK,,0.007,,0,iterations=10;iterations_executed=10;source=algorithm;round_trip=0.022825
50.000,ours,-,robot1,MIN_DISTANCE,OK,13.766,7.090,,0,nearest_robot=robot2
50.000,ours,-,robot2,MIN_DISTANCE,OK,11.541,7.090,,0,nearest_robot=robot4
50.000,ours,-,robot3,MIN_DISTANCE,OK,1.527,7.090,,0,nearest_robot=robot4
50.000,ours,-,robot4,MIN_DISTANCE,OK,1.527,7.090,,0,nearest_robot=robot3
50.000,ours,-,fleet,MIN_DISTANCE_AVG,OK,7.090,,,0,robots_sampled=4
50.010,ours,-,fleet,CHOMP_TIME_PARTIAL,OK,,0.008,,0,iterations=10;iterations_executed=10;source=algorithm;round_trip=0.023749
50.520,ours,-,fleet,CHOMP_TIME_PARTIAL,OK,,0.008,,0,iterations=10;iterations_executed=10;source=algorithm;round_trip=0.024572
51.000,ours,-,robot1,MIN_DISTANCE,OK,13.761,7.086,,0,nearest_robot=robot2
51.000,ours,-,robot2,MIN_DISTANCE,OK,11.604,7.086,,0,nearest_robot=robot4
51.000,ours,-,robot3,MIN_DISTANCE,OK,1.490,7.086,,0,nearest_robot=robot4
51.000,ours,-,robot4,MIN_DISTANCE,OK,1.490,7.086,,0,nearest_robot=robot3
51.000,ours,-,fleet,MIN_DISTANCE_AVG,OK,7.086,,,0,robots_sampled=4
51.020,ours,-,fleet,CHOMP_TIME_PARTIAL,OK,,0.009,,0,iterations=10;iterations_executed=10;source=algorithm;round_trip=0.026280
51.520,ours,-,fleet,CHOMP_TIME_PARTIAL,OK,,0.008,,0,iterations=10;iterations_executed=10;source=algorithm;round_trip=0.024524
52.000,ours,-,robot1,MIN_DISTANCE,OK,13.667,7.054,,0,nearest_robot=robot2
52.000,ours,-,robot2,MIN_DISTANCE,OK,11.645,7.054,,0,nearest_robot=robot4
52.000,ours,-,robot3,MIN_DISTANCE,OK,1.452,7.054,,0,nearest_robot=robot4
52.000,ours,-,robot4,MIN_DISTANCE,OK,1.452,7.054,,0,nearest_robot=robot3
52.000,ours,-,fleet,MIN_DISTANCE_AVG,OK,7.054,,,0,robots_sampled=4
52.020,ours,-,fleet,CHOMP_TIME_PARTIAL,OK,,0.008,,0,iterations=10;iterations_executed=10;source=algorithm;round_trip=0.024647
52.520,ours,-,fleet,CHOMP_TIME_PARTIAL,OK,,0.007,,0,iterations=10;iterations_executed=10;source=algorithm;round_trip=0.024306
53.000,ours,-,robot1,MIN_DISTANCE,OK,13.431,6.983,,0,nearest_robot=robot2
53.000,ours,-,robot2,MIN_DISTANCE,OK,11.685,6.983,,0,nearest_robot=robot4
53.000,ours,-,robot3,MIN_DISTANCE,OK,1.409,6.983,,0,nearest_robot=robot4
53.000,ours,-,robot4,MIN_DISTANCE,OK,1.409,6.983,,0,nearest_robot=robot3
53.000,ours,-,fleet,MIN_DISTANCE_AVG,OK,6.983,,,0,robots_sampled=4
53.020,ours,-,fleet,CHOMP_TIME_PARTIAL,OK,,0.009,,0,iterations=10;iterations_executed=10;source=algorithm;round_trip=0.025458
53.510,ours,-,fleet,CHOMP_TIME_PARTIAL,OK,,0.008,,0,iterations=10;iterations_executed=10;source=algorithm;round_trip=0.026210
54.000,ours,-,robot1,MIN_DISTANCE,OK,13.144,6.847,,0,nearest_robot=robot2
54.000,ours,-,robot2,MIN_DISTANCE,OK,11.651,6.847,,0,nearest_robot=robot4
54.000,ours,-,robot3,MIN_DISTANCE,OK,1.297,6.847,,0,nearest_robot=robot4
54.000,ours,-,robot4,MIN_DISTANCE,OK,1.297,6.847,,0,nearest_robot=robot3
54.000,ours,-,fleet,MIN_DISTANCE_AVG,OK,6.847,,,0,robots_sampled=4
54.020,ours,-,fleet,CHOMP_TIME_PARTIAL,OK,,0.008,,0,iterations=10;iterations_executed=10;source=algorithm;round_trip=0.023670
55.000,ours,-,robot1,MIN_DISTANCE,OK,12.803,6.730,,0,nearest_robot=robot2
55.000,ours,-,robot2,MIN_DISTANCE,OK,11.604,6.730,,0,nearest_robot=robot4
55.000,ours,-,robot3,MIN_DISTANCE,OK,1.256,6.730,,0,nearest_robot=robot4
55.000,ours,-,robot4,MIN_DISTANCE,OK,1.256,6.730,,0,nearest_robot=robot3
55.000,ours,-,fleet,MIN_DISTANCE_AVG,OK,6.730,,,0,robots_sampled=4
55.090,ours,-,fleet,CHOMP_TIME_FULL,OK,,0.074,,0,iterations=100;iterations_executed=100;source=algorithm;round_trip=0.091736
55.510,ours,-,fleet,CHOMP_TIME_PARTIAL,OK,,0.012,,0,iterations=10;iterations_executed=10;source=algorithm;round_trip=0.027537
56.000,ours,-,robot1,MIN_DISTANCE,OK,12.306,6.601,,0,nearest_robot=robot2
56.000,ours,-,robot2,MIN_DISTANCE,OK,11.588,6.601,,0,nearest_robot=robot4
56.000,ours,-,robot3,MIN_DISTANCE,OK,1.255,6.601,,0,nearest_robot=robot4
56.000,ours,-,robot4,MIN_DISTANCE,OK,1.255,6.601,,0,nearest_robot=robot3
56.000,ours,-,fleet,MIN_DISTANCE_AVG,OK,6.601,,,0,robots_sampled=4
56.020,ours,-,fleet,CHOMP_TIME_PARTIAL,OK,,0.008,,0,iterations=10;iterations_executed=10;source=algorithm;round_trip=0.025605
56.520,ours,-,fleet,CHOMP_TIME_PARTIAL,OK,,0.009,,0,iterations=10;iterations_executed=10;source=algorithm;round_trip=0.025422
57.000,ours,-,robot1,MIN_DISTANCE,OK,11.820,6.491,,0,nearest_robot=robot2
57.000,ours,-,robot2,MIN_DISTANCE,OK,11.595,6.491,,0,nearest_robot=robot4
57.000,ours,-,robot3,MIN_DISTANCE,OK,1.274,6.491,,0,nearest_robot=robot4
57.000,ours,-,robot4,MIN_DISTANCE,OK,1.274,6.491,,0,nearest_robot=robot3
57.000,ours,-,fleet,MIN_DISTANCE_AVG,OK,6.491,,,0,robots_sampled=4
57.020,ours,-,fleet,CHOMP_TIME_PARTIAL,OK,,0.010,,0,iterations=10;iterations_executed=10;source=algorithm;round_trip=0.027647
57.520,ours,-,fleet,CHOMP_TIME_PARTIAL,OK,,0.008,,0,iterations=10;iterations_executed=10;source=algorithm;round_trip=0.025023
58.000,ours,-,robot1,MIN_DISTANCE,OK,11.475,6.388,,0,nearest_robot=robot2
58.000,ours,-,robot2,MIN_DISTANCE,OK,11.475,6.388,,0,nearest_robot=robot1
58.000,ours,-,robot3,MIN_DISTANCE,OK,1.300,6.388,,0,nearest_robot=robot4
58.000,ours,-,robot4,MIN_DISTANCE,OK,1.300,6.388,,0,nearest_robot=robot3
58.000,ours,-,fleet,MIN_DISTANCE_AVG,OK,6.388,,,0,robots_sampled=4
58.020,ours,-,fleet,CHOMP_TIME_PARTIAL,OK,,0.009,,0,iterations=10;iterations_executed=10;source=algorithm;round_trip=0.029244
58.520,ours,-,fleet,CHOMP_TIME_PARTIAL,OK,,0.009,,0,iterations=10;iterations_executed=10;source=algorithm;round_trip=0.026493
59.000,ours,-,robot1,MIN_DISTANCE,OK,11.097,6.207,,0,nearest_robot=robot2
59.000,ours,-,robot2,MIN_DISTANCE,OK,11.097,6.207,,0,nearest_robot=robot1
59.000,ours,-,robot3,MIN_DISTANCE,OK,1.318,6.207,,0,nearest_robot=robot4
59.000,ours,-,robot4,MIN_DISTANCE,OK,1.318,6.207,,0,nearest_robot=robot3
59.000,ours,-,fleet,MIN_DISTANCE_AVG,OK,6.207,,,0,robots_sampled=4
59.020,ours,-,fleet,CHOMP_TIME_PARTIAL,OK,,0.012,,0,iterations=10;iterations_executed=10;source=algorithm;round_trip=0.027197
59.510,ours,-,fleet,CHOMP_TIME_PARTIAL,OK,,0.009,,0,iterations=10;iterations_executed=10;source=algorithm;round_trip=0.023773
60.000,ours,-,robot1,MIN_DISTANCE,OK,10.649,6.014,,0,nearest_robot=robot2
60.000,ours,-,robot2,MIN_DISTANCE,OK,10.649,6.014,,0,nearest_robot=robot1
60.000,ours,-,robot3,MIN_DISTANCE,OK,1.379,6.014,,0,nearest_robot=robot4
60.000,ours,-,robot4,MIN_DISTANCE,OK,1.379,6.014,,0,nearest_robot=robot3
60.000,ours,-,fleet,MIN_DISTANCE_AVG,OK,6.014,,,0,robots_sampled=4
60.020,ours,-,fleet,CHOMP_TIME_PARTIAL,OK,,0.009,,0,iterations=10;iterations_executed=10;source=algorithm;round_trip=0.024961
60.510,ours,-,fleet,CHOMP_TIME_PARTIAL,OK,,0.008,,0,iterations=10;iterations_executed=10;source=algorithm;round_trip=0.023498
61.000,ours,-,robot1,MIN_DISTANCE,OK,10.185,5.810,,0,nearest_robot=robot2
61.000,ours,-,robot2,MIN_DISTANCE,OK,10.185,5.810,,0,nearest_robot=robot1
61.000,ours,-,robot3,MIN_DISTANCE,OK,1.435,5.810,,0,nearest_robot=robot4
61.000,ours,-,robot4,MIN_DISTANCE,OK,1.435,5.810,,0,nearest_robot=robot3
61.000,ours,-,fleet,MIN_DISTANCE_AVG,OK,5.810,,,0,robots_sampled=4
61.020,ours,-,fleet,CHOMP_TIME_PARTIAL,OK,,0.009,,0,iterations=10;iterations_executed=10;source=algorithm;round_trip=0.023854
61.520,ours,-,fleet,CHOMP_TIME_PARTIAL,OK,,0.010,,0,iterations=10;iterations_executed=10;source=algorithm;round_trip=0.025009
62.000,ours,-,robot1,MIN_DISTANCE,OK,9.557,5.496,,0,nearest_robot=robot2
62.000,ours,-,robot2,MIN_DISTANCE,OK,9.557,5.496,,0,nearest_robot=robot1
62.000,ours,-,robot3,MIN_DISTANCE,OK,1.435,5.496,,0,nearest_robot=robot4
62.000,ours,-,robot4,MIN_DISTANCE,OK,1.435,5.496,,0,nearest_robot=robot3
62.000,ours,-,fleet,MIN_DISTANCE_AVG,OK,5.496,,,0,robots_sampled=4
62.020,ours,-,fleet,CHOMP_TIME_PARTIAL,OK,,0.009,,0,iterations=10;iterations_executed=10;source=algorithm;round_trip=0.025143
62.530,ours,-,fleet,CHOMP_TIME_PARTIAL,OK,,0.009,,0,iterations=10;iterations_executed=10;source=algorithm;round_trip=0.030133
63.000,ours,-,robot1,MIN_DISTANCE,OK,8.695,5.059,,0,nearest_robot=robot2
63.000,ours,-,robot2,MIN_DISTANCE,OK,8.695,5.059,,0,nearest_robot=robot1
63.000,ours,-,robot3,MIN_DISTANCE,OK,1.424,5.059,,0,nearest_robot=robot4
63.000,ours,-,robot4,MIN_DISTANCE,OK,1.424,5.059,,0,nearest_robot=robot3
63.000,ours,-,fleet,MIN_DISTANCE_AVG,OK,5.059,,,0,robots_sampled=4
63.020,ours,-,fleet,CHOMP_TIME_PARTIAL,OK,,0.008,,0,iterations=10;iterations_executed=10;source=algorithm;round_trip=0.025381
63.520,ours,-,fleet,CHOMP_TIME_PARTIAL,OK,,0.008,,0,iterations=10;iterations_executed=10;source=algorithm;round_trip=0.023343
64.000,ours,-,robot1,MIN_DISTANCE,OK,7.885,4.686,,0,nearest_robot=robot2
64.000,ours,-,robot2,MIN_DISTANCE,OK,7.885,4.686,,0,nearest_robot=robot1
64.000,ours,-,robot3,MIN_DISTANCE,OK,1.487,4.686,,0,nearest_robot=robot4
64.000,ours,-,robot4,MIN_DISTANCE,OK,1.487,4.686,,0,nearest_robot=robot3
64.000,ours,-,fleet,MIN_DISTANCE_AVG,OK,4.686,,,0,robots_sampled=4
64.010,ours,-,fleet,CHOMP_TIME_PARTIAL,OK,,0.008,,0,iterations=10;iterations_executed=10;source=algorithm;round_trip=0.023507
64.520,ours,-,fleet,CHOMP_TIME_PARTIAL,OK,,0.008,,0,iterations=10;iterations_executed=10;source=algorithm;round_trip=0.023845
65.000,ours,-,robot1,MIN_DISTANCE,OK,7.087,4.327,,0,nearest_robot=robot2
65.000,ours,-,robot2,MIN_DISTANCE,OK,7.087,4.327,,0,nearest_robot=robot1
65.000,ours,-,robot3,MIN_DISTANCE,OK,1.567,4.327,,0,nearest_robot=robot4
65.000,ours,-,robot4,MIN_DISTANCE,OK,1.567,4.327,,0,nearest_robot=robot3
65.000,ours,-,fleet,MIN_DISTANCE_AVG,OK,4.327,,,0,robots_sampled=4
65.010,ours,-,fleet,CHOMP_TIME_PARTIAL,OK,,0.008,,0,iterations=10;iterations_executed=10;source=algorithm;round_trip=0.023431
65.510,ours,-,fleet,CHOMP_TIME_PARTIAL,OK,,0.008,,0,iterations=10;iterations_executed=10;source=algorithm;round_trip=0.023062
66.000,ours,-,robot1,MIN_DISTANCE,OK,6.264,3.923,,0,nearest_robot=robot2
66.000,ours,-,robot2,MIN_DISTANCE,OK,6.264,3.923,,0,nearest_robot=robot1
66.000,ours,-,robot3,MIN_DISTANCE,OK,1.582,3.923,,0,nearest_robot=robot4
66.000,ours,-,robot4,MIN_DISTANCE,OK,1.582,3.923,,0,nearest_robot=robot3
66.000,ours,-,fleet,MIN_DISTANCE_AVG,OK,3.923,,,0,robots_sampled=4
66.020,ours,-,fleet,CHOMP_TIME_PARTIAL,OK,,0.008,,0,iterations=10;iterations_executed=10;source=algorithm;round_trip=0.025204
66.520,ours,-,fleet,CHOMP_TIME_PARTIAL,OK,,0.008,,0,iterations=10;iterations_executed=10;source=algorithm;round_trip=0.022860
67.000,ours,-,robot1,MIN_DISTANCE,OK,5.499,3.537,,0,nearest_robot=robot2
67.000,ours,-,robot2,MIN_DISTANCE,OK,5.499,3.537,,0,nearest_robot=robot1
67.000,ours,-,robot3,MIN_DISTANCE,OK,1.575,3.537,,0,nearest_robot=robot4
67.000,ours,-,robot4,MIN_DISTANCE,OK,1.575,3.537,,0,nearest_robot=robot3
67.000,ours,-,fleet,MIN_DISTANCE_AVG,OK,3.537,,,0,robots_sampled=4
67.010,ours,-,fleet,CHOMP_TIME_PARTIAL,OK,,0.008,,0,iterations=10;iterations_executed=10;source=algorithm;round_trip=0.023113
67.520,ours,-,fleet,CHOMP_TIME_PARTIAL,OK,,0.007,,0,iterations=10;iterations_executed=10;source=algorithm;round_trip=0.022126
68.000,ours,-,robot1,MIN_DISTANCE,OK,4.688,3.125,,0,nearest_robot=robot2
68.000,ours,-,robot2,MIN_DISTANCE,OK,4.688,3.125,,0,nearest_robot=robot1
68.000,ours,-,robot3,MIN_DISTANCE,OK,1.562,3.125,,0,nearest_robot=robot4
68.000,ours,-,robot4,MIN_DISTANCE,OK,1.562,3.125,,0,nearest_robot=robot3
68.000,ours,-,fleet,MIN_DISTANCE_AVG,OK,3.125,,,0,robots_sampled=4
68.010,ours,-,fleet,CHOMP_TIME_PARTIAL,OK,,0.008,,0,iterations=10;iterations_executed=10;source=algorithm;round_trip=0.022534
68.520,ours,-,fleet,CHOMP_TIME_PARTIAL,OK,,0.008,,0,iterations=10;iterations_executed=10;source=algorithm;round_trip=0.022565
69.000,ours,-,robot1,MIN_DISTANCE,OK,3.854,2.698,,0,nearest_robot=robot2
69.000,ours,-,robot2,MIN_DISTANCE,OK,3.854,2.698,,0,nearest_robot=robot1
69.000,ours,-,robot3,MIN_DISTANCE,OK,1.543,2.698,,0,nearest_robot=robot4
69.000,ours,-,robot4,MIN_DISTANCE,OK,1.543,2.698,,0,nearest_robot=robot3
69.000,ours,-,fleet,MIN_DISTANCE_AVG,OK,2.698,,,0,robots_sampled=4
69.020,ours,-,fleet,CHOMP_TIME_PARTIAL,OK,,0.008,,0,iterations=10;iterations_executed=10;source=algorithm;round_trip=0.026459
69.520,ours,-,fleet,CHOMP_TIME_PARTIAL,OK,,0.008,,0,iterations=10;iterations_executed=10;source=algorithm;round_trip=0.024819
70.000,ours,-,robot1,MIN_DISTANCE,OK,2.995,2.320,,0,nearest_robot=robot2
70.000,ours,-,robot2,MIN_DISTANCE,OK,2.995,2.320,,0,nearest_robot=robot1
70.000,ours,-,robot3,MIN_DISTANCE,OK,1.645,2.320,,0,nearest_robot=robot4
70.000,ours,-,robot4,MIN_DISTANCE,OK,1.645,2.320,,0,nearest_robot=robot3
70.000,ours,-,fleet,MIN_DISTANCE_AVG,OK,2.320,,,0,robots_sampled=4
70.020,ours,-,fleet,CHOMP_TIME_PARTIAL,OK,,0.008,,0,iterations=10;iterations_executed=10;source=algorithm;round_trip=0.021989
70.520,ours,-,fleet,CHOMP_TIME_PARTIAL,OK,,0.008,,0,iterations=10;iterations_executed=10;source=algorithm;round_trip=0.023566
71.000,ours,-,robot1,MIN_DISTANCE,OK,2.158,2.046,,0,nearest_robot=robot2
71.000,ours,-,robot2,MIN_DISTANCE,OK,2.158,2.046,,0,nearest_robot=robot1
71.000,ours,-,robot3,MIN_DISTANCE,OK,1.934,2.046,,0,nearest_robot=robot4
71.000,ours,-,robot4,MIN_DISTANCE,OK,1.934,2.046,,0,nearest_robot=robot3
71.000,ours,-,fleet,MIN_DISTANCE_AVG,OK,2.046,,,0,robots_sampled=4
71.020,ours,-,fleet,CHOMP_TIME_PARTIAL,OK,,0.008,,0,iterations=10;iterations_executed=10;source=algorithm;round_trip=0.024990
71.520,ours,-,fleet,CHOMP_TIME_PARTIAL,OK,,0.007,,0,iterations=10;iterations_executed=10;source=algorithm;round_trip=0.022893
72.000,ours,-,robot1,MIN_DISTANCE,OK,1.395,1.875,,0,nearest_robot=robot2
72.000,ours,-,robot2,MIN_DISTANCE,OK,1.395,1.875,,0,nearest_robot=robot1
72.000,ours,-,robot3,MIN_DISTANCE,OK,2.356,1.875,,0,nearest_robot=robot4
72.000,ours,-,robot4,MIN_DISTANCE,OK,2.356,1.875,,0,nearest_robot=robot3
72.000,ours,-,fleet,MIN_DISTANCE_AVG,OK,1.875,,,0,robots_sampled=4
72.010,ours,-,fleet,CHOMP_TIME_PARTIAL,OK,,0.008,,0,iterations=10;iterations_executed=10;source=algorithm;round_trip=0.023552
72.520,ours,-,fleet,CHOMP_TIME_PARTIAL,OK,,0.007,,0,iterations=10;iterations_executed=10;source=algorithm;round_trip=0.022328
73.000,ours,-,robot1,MIN_DISTANCE,OK,0.855,1.790,,0,nearest_robot=robot2
73.000,ours,-,robot2,MIN_DISTANCE,OK,0.855,1.790,,0,nearest_robot=robot1
73.000,ours,-,robot3,MIN_DISTANCE,OK,2.725,1.790,,0,nearest_robot=robot4
73.000,ours,-,robot4,MIN_DISTANCE,OK,2.725,1.790,,0,nearest_robot=robot3
73.000,ours,-,fleet,MIN_DISTANCE_AVG,OK,1.790,,,0,robots_sampled=4
73.020,ours,-,fleet,CHOMP_TIME_PARTIAL,OK,,0.007,,0,iterations=10;iterations_executed=10;source=algorithm;round_trip=0.023039
73.520,ours,-,fleet,CHOMP_TIME_PARTIAL,OK,,0.007,,0,iterations=10;iterations_executed=10;source=algorithm;round_trip=0.023046
74.000,ours,-,robot1,MIN_DISTANCE,OK,0.946,2.035,,0,nearest_robot=robot2
74.000,ours,-,robot2,MIN_DISTANCE,OK,0.946,2.035,,0,nearest_robot=robot1
74.000,ours,-,robot3,MIN_DISTANCE,OK,3.125,2.035,,0,nearest_robot=robot4
74.000,ours,-,robot4,MIN_DISTANCE,OK,3.125,2.035,,0,nearest_robot=robot3
74.000,ours,-,fleet,MIN_DISTANCE_AVG,OK,2.035,,,0,robots_sampled=4
74.010,ours,-,fleet,CHOMP_TIME_PARTIAL,OK,,0.008,,0,iterations=10;iterations_executed=10;source=algorithm;round_trip=0.024051
74.520,ours,-,fleet,CHOMP_TIME_PARTIAL,OK,,0.007,,0,iterations=10;iterations_executed=10;source=algorithm;round_trip=0.024998
75.000,ours,-,robot1,MIN_DISTANCE,OK,1.514,2.336,,0,nearest_robot=robot2
75.000,ours,-,robot2,MIN_DISTANCE,OK,1.514,2.336,,0,nearest_robot=robot1
75.000,ours,-,robot3,MIN_DISTANCE,OK,3.159,2.336,,0,nearest_robot=robot4
75.000,ours,-,robot4,MIN_DISTANCE,OK,3.159,2.336,,0,nearest_robot=robot3
75.000,ours,-,fleet,MIN_DISTANCE_AVG,OK,2.336,,,0,robots_sampled=4
75.010,ours,-,fleet,CHOMP_TIME_PARTIAL,OK,,0.007,,0,iterations=10;iterations_executed=10;source=algorithm;round_trip=0.023141
75.520,ours,-,fleet,CHOMP_TIME_PARTIAL,OK,,0.007,,0,iterations=10;iterations_executed=10;source=algorithm;round_trip=0.029754
76.000,ours,-,robot1,MIN_DISTANCE,OK,2.243,2.682,,0,nearest_robot=robot2
76.000,ours,-,robot2,MIN_DISTANCE,OK,2.243,2.682,,0,nearest_robot=robot1
76.000,ours,-,robot3,MIN_DISTANCE,OK,3.120,2.682,,0,nearest_robot=robot4
76.000,ours,-,robot4,MIN_DISTANCE,OK,3.120,2.682,,0,nearest_robot=robot3
76.000,ours,-,fleet,MIN_DISTANCE_AVG,OK,2.682,,,0,robots_sampled=4
76.010,ours,-,fleet,CHOMP_TIME_PARTIAL,OK,,0.007,,0,iterations=10;iterations_executed=10;source=algorithm;round_trip=0.023320
76.510,ours,-,fleet,CHOMP_TIME_PARTIAL,OK,,0.008,,0,iterations=10;iterations_executed=10;source=algorithm;round_trip=0.023528
77.000,ours,-,robot1,MIN_DISTANCE,OK,3.005,3.039,,0,nearest_robot=robot2
77.000,ours,-,robot2,MIN_DISTANCE,OK,3.005,3.039,,0,nearest_robot=robot1
77.000,ours,-,robot3,MIN_DISTANCE,OK,3.073,3.039,,0,nearest_robot=robot4
77.000,ours,-,robot4,MIN_DISTANCE,OK,3.073,3.039,,0,nearest_robot=robot3
77.000,ours,-,fleet,MIN_DISTANCE_AVG,OK,3.039,,,0,robots_sampled=4
77.010,ours,-,fleet,CHOMP_TIME_PARTIAL,OK,,0.009,,0,iterations=10;iterations_executed=10;source=algorithm;round_trip=0.023985
77.520,ours,-,fleet,CHOMP_TIME_PARTIAL,OK,,0.007,,0,iterations=10;iterations_executed=10;source=algorithm;round_trip=0.023683
78.000,ours,-,robot1,MIN_DISTANCE,OK,3.747,3.380,,0,nearest_robot=robot2
78.000,ours,-,robot2,MIN_DISTANCE,OK,3.747,3.380,,0,nearest_robot=robot1
78.000,ours,-,robot3,MIN_DISTANCE,OK,3.014,3.380,,0,nearest_robot=robot4
78.000,ours,-,robot4,MIN_DISTANCE,OK,3.014,3.380,,0,nearest_robot=robot3
78.000,ours,-,fleet,MIN_DISTANCE_AVG,OK,3.380,,,0,robots_sampled=4
78.020,ours,-,fleet,CHOMP_TIME_PARTIAL,OK,,0.008,,0,iterations=10;iterations_executed=10;source=algorithm;round_trip=0.026198
78.520,ours,-,fleet,CHOMP_TIME_PARTIAL,OK,,0.007,,0,iterations=10;iterations_executed=10;source=algorithm;round_trip=0.024796
79.000,ours,-,robot1,MIN_DISTANCE,OK,4.530,3.738,,0,nearest_robot=robot2
79.000,ours,-,robot2,MIN_DISTANCE,OK,4.530,3.738,,0,nearest_robot=robot1
79.000,ours,-,robot3,MIN_DISTANCE,OK,2.946,3.738,,0,nearest_robot=robot4
79.000,ours,-,robot4,MIN_DISTANCE,OK,2.946,3.738,,0,nearest_robot=robot3
79.000,ours,-,fleet,MIN_DISTANCE_AVG,OK,3.738,,,0,robots_sampled=4
79.020,ours,-,fleet,CHOMP_TIME_PARTIAL,OK,,0.008,,0,iterations=10;iterations_executed=10;source=algorithm;round_trip=0.025550
79.510,ours,-,fleet,CHOMP_TIME_PARTIAL,OK,,0.007,,0,iterations=10;iterations_executed=10;source=algorithm;round_trip=0.024173
80.000,ours,-,robot1,MIN_DISTANCE,OK,5.325,4.128,,0,nearest_robot=robot2
80.000,ours,-,robot2,MIN_DISTANCE,OK,5.325,4.128,,0,nearest_robot=robot1
80.000,ours,-,robot3,MIN_DISTANCE,OK,2.930,4.128,,0,nearest_robot=robot4
80.000,ours,-,robot4,MIN_DISTANCE,OK,2.930,4.128,,0,nearest_robot=robot3
80.000,ours,-,fleet,MIN_DISTANCE_AVG,OK,4.128,,,0,robots_sampled=4
80.010,ours,-,fleet,CHOMP_TIME_PARTIAL,OK,,0.008,,0,iterations=10;iterations_executed=10;source=algorithm;round_trip=0.022295
80.520,ours,-,fleet,CHOMP_TIME_PARTIAL,OK,,0.008,,0,iterations=10;iterations_executed=10;source=algorithm;round_trip=0.024189
81.000,ours,-,robot1,MIN_DISTANCE,OK,5.795,4.413,,0,nearest_robot=robot4
81.000,ours,-,robot2,MIN_DISTANCE,OK,6.086,4.413,,0,nearest_robot=robot1
81.000,ours,-,robot3,MIN_DISTANCE,OK,2.885,4.413,,0,nearest_robot=robot4
81.000,ours,-,robot4,MIN_DISTANCE,OK,2.885,4.413,,0,nearest_robot=robot3
81.000,ours,-,fleet,MIN_DISTANCE_AVG,OK,4.413,,,0,robots_sampled=4
81.010,ours,-,fleet,CHOMP_TIME_PARTIAL,OK,,0.008,,0,iterations=10;iterations_executed=10;source=algorithm;round_trip=0.024025
81.520,ours,-,fleet,CHOMP_TIME_PARTIAL,OK,,0.007,,0,iterations=10;iterations_executed=10;source=algorithm;round_trip=0.025731
82.000,ours,-,robot1,MIN_DISTANCE,OK,5.102,4.415,,0,nearest_robot=robot4
82.000,ours,-,robot2,MIN_DISTANCE,OK,6.873,4.415,,0,nearest_robot=robot1
82.000,ours,-,robot3,MIN_DISTANCE,OK,2.842,4.415,,0,nearest_robot=robot4
82.000,ours,-,robot4,MIN_DISTANCE,OK,2.842,4.415,,0,nearest_robot=robot3
82.000,ours,-,fleet,MIN_DISTANCE_AVG,OK,4.415,,,0,robots_sampled=4
82.020,ours,-,fleet,CHOMP_TIME_PARTIAL,OK,,0.009,,0,iterations=10;iterations_executed=10;source=algorithm;round_trip=0.025000
82.520,ours,-,fleet,CHOMP_TIME_PARTIAL,OK,,0.007,,0,iterations=10;iterations_executed=10;source=algorithm;round_trip=0.022986
83.000,ours,-,robot1,MIN_DISTANCE,OK,4.395,4.410,,0,nearest_robot=robot4
83.000,ours,-,robot2,MIN_DISTANCE,OK,7.617,4.410,,0,nearest_robot=robot1
83.000,ours,-,robot3,MIN_DISTANCE,OK,2.815,4.410,,0,nearest_robot=robot4
83.000,ours,-,robot4,MIN_DISTANCE,OK,2.815,4.410,,0,nearest_robot=robot3
83.000,ours,-,fleet,MIN_DISTANCE_AVG,OK,4.410,,,0,robots_sampled=4
83.020,ours,-,fleet,CHOMP_TIME_PARTIAL,OK,,0.008,,0,iterations=10;iterations_executed=10;source=algorithm;round_trip=0.025100
83.520,ours,-,fleet,CHOMP_TIME_PARTIAL,OK,,0.007,,0,iterations=10;iterations_executed=10;source=algorithm;round_trip=0.024947
84.000,ours,-,robot1,MIN_DISTANCE,OK,3.612,4.427,,0,nearest_robot=robot4
84.000,ours,-,robot2,MIN_DISTANCE,OK,8.356,4.427,,0,nearest_robot=robot1
84.000,ours,-,robot3,MIN_DISTANCE,OK,2.871,4.427,,0,nearest_robot=robot4
84.000,ours,-,robot4,MIN_DISTANCE,OK,2.871,4.427,,0,nearest_robot=robot3
84.000,ours,-,fleet,MIN_DISTANCE_AVG,OK,4.427,,,0,robots_sampled=4
84.580,ours,-,fleet,CHOMP_TIME_FULL,OK,,0.070,,0,iterations=100;iterations_executed=100;source=algorithm;round_trip=0.087158
85.000,ours,-,robot1,MIN_DISTANCE,OK,2.812,4.403,,0,nearest_robot=robot4
85.000,ours,-,robot2,MIN_DISTANCE,OK,9.054,4.403,,0,nearest_robot=robot1
85.000,ours,-,robot3,MIN_DISTANCE,OK,2.934,4.403,,0,nearest_robot=robot4
85.000,ours,-,robot4,MIN_DISTANCE,OK,2.812,4.403,,0,nearest_robot=robot1
85.000,ours,-,fleet,MIN_DISTANCE_AVG,OK,4.403,,,0,robots_sampled=4
85.590,ours,-,fleet,CHOMP_TIME_FULL,OK,,0.077,,0,iterations=100;iterations_executed=100;source=algorithm;round_trip=0.094200
86.000,ours,-,robot1,MIN_DISTANCE,OK,2.065,4.182,,0,nearest_robot=robot4
86.000,ours,-,robot2,MIN_DISTANCE,OK,9.680,4.182,,0,nearest_robot=robot1
86.000,ours,-,robot3,MIN_DISTANCE,OK,2.921,4.182,,0,nearest_robot=robot4
86.000,ours,-,robot4,MIN_DISTANCE,OK,2.065,4.182,,0,nearest_robot=robot1
86.000,ours,-,fleet,MIN_DISTANCE_AVG,OK,4.182,,,0,robots_sampled=4
86.020,ours,-,fleet,CHOMP_TIME_PARTIAL,OK,,0.008,,0,iterations=10;iterations_executed=10;source=algorithm;round_trip=0.025838
86.520,ours,-,fleet,CHOMP_TIME_PARTIAL,OK,,0.009,,0,iterations=10;iterations_executed=10;source=algorithm;round_trip=0.025040
87.000,ours,-,robot1,MIN_DISTANCE,OK,1.368,3.996,,0,nearest_robot=robot4
87.000,ours,-,robot2,MIN_DISTANCE,OK,10.298,3.996,,0,nearest_robot=robot1
87.000,ours,-,robot3,MIN_DISTANCE,OK,2.948,3.996,,0,nearest_robot=robot4
87.000,ours,-,robot4,MIN_DISTANCE,OK,1.368,3.996,,0,nearest_robot=robot1
87.000,ours,-,fleet,MIN_DISTANCE_AVG,OK,3.996,,,0,robots_sampled=4
87.020,ours,-,fleet,CHOMP_TIME_PARTIAL,OK,,0.008,,0,iterations=10;iterations_executed=10;source=algorithm;round_trip=0.024820
87.520,ours,-,fleet,CHOMP_TIME_PARTIAL,OK,,0.008,,0,iterations=10;iterations_executed=10;source=algorithm;round_trip=0.021876
88.000,ours,-,robot1,MIN_DISTANCE,OK,0.707,3.796,,0,nearest_robot=robot4
88.000,ours,-,robot2,MIN_DISTANCE,OK,10.836,3.796,,0,nearest_robot=robot1
88.000,ours,-,robot3,MIN_DISTANCE,OK,2.934,3.796,,0,nearest_robot=robot4
88.000,ours,-,robot4,MIN_DISTANCE,OK,0.707,3.796,,0,nearest_robot=robot1
88.000,ours,-,fleet,MIN_DISTANCE_AVG,OK,3.796,,,0,robots_sampled=4
88.030,ours,-,fleet,CHOMP_TIME_PARTIAL,OK,,0.008,,0,iterations=10;iterations_executed=10;source=algorithm;round_trip=0.030821
88.520,ours,-,fleet,CHOMP_TIME_PARTIAL,OK,,0.009,,0,iterations=10;iterations_executed=10;source=algorithm;round_trip=0.024901
89.000,ours,-,robot1,MIN_DISTANCE,OK,0.602,3.794,,0,nearest_robot=robot4
89.000,ours,-,robot2,MIN_DISTANCE,OK,11.362,3.794,,0,nearest_robot=robot1
89.000,ours,-,robot3,MIN_DISTANCE,OK,2.611,3.794,,0,nearest_robot=robot1
89.000,ours,-,robot4,MIN_DISTANCE,OK,0.602,3.794,,0,nearest_robot=robot1
89.000,ours,-,fleet,MIN_DISTANCE_AVG,OK,3.794,,,0,robots_sampled=4
89.010,ours,-,fleet,CHOMP_TIME_PARTIAL,OK,,0.008,,0,iterations=10;iterations_executed=10;source=algorithm;round_trip=0.023680
89.520,ours,-,fleet,CHOMP_TIME_PARTIAL,OK,,0.008,,0,iterations=10;iterations_executed=10;source=algorithm;round_trip=0.023450
90.000,ours,-,robot1,MIN_DISTANCE,OK,1.087,3.826,,0,nearest_robot=robot4
90.000,ours,-,robot2,MIN_DISTANCE,OK,11.271,3.826,,0,nearest_robot=robot4
90.000,ours,-,robot3,MIN_DISTANCE,OK,1.859,3.826,,0,nearest_robot=robot1
90.000,ours,-,robot4,MIN_DISTANCE,OK,1.087,3.826,,0,nearest_robot=robot1
90.000,ours,-,fleet,MIN_DISTANCE_AVG,OK,3.826,,,0,robots_sampled=4
90.020,ours,-,fleet,CHOMP_TIME_PARTIAL,OK,,0.008,,0,iterations=10;iterations_executed=10;source=algorithm;round_trip=0.025057
90.500,ours,-,fleet,CHOMP_TIME_PARTIAL,OK,,0.007,,0,iterations=10;iterations_executed=10;source=algorithm;round_trip=0.022042
91.000,ours,-,robot1,MIN_DISTANCE,OK,1.198,3.769,,0,nearest_robot=robot3
91.000,ours,-,robot2,MIN_DISTANCE,OK,10.856,3.769,,0,nearest_robot=robot4
91.000,ours,-,robot3,MIN_DISTANCE,OK,1.198,3.769,,0,nearest_robot=robot1
91.000,ours,-,robot4,MIN_DISTANCE,OK,1.827,3.769,,0,nearest_robot=robot1
91.000,ours,-,fleet,MIN_DISTANCE_AVG,OK,3.769,,,0,robots_sampled=4
91.020,ours,-,fleet,CHOMP_TIME_PARTIAL,OK,,0.009,,0,iterations=10;iterations_executed=10;source=algorithm;round_trip=0.025940
91.510,ours,-,fleet,CHOMP_TIME_PARTIAL,OK,,0.009,,0,iterations=10;iterations_executed=10;source=algorithm;round_trip=0.024131
92.000,ours,-,robot1,MIN_DISTANCE,OK,0.638,3.559,,0,nearest_robot=robot3
92.000,ours,-,robot2,MIN_DISTANCE,OK,10.451,3.559,,0,nearest_robot=robot4
92.000,ours,-,robot3,MIN_DISTANCE,OK,0.638,3.559,,0,nearest_robot=robot1
92.000,ours,-,robot4,MIN_DISTANCE,OK,2.508,3.559,,0,nearest_robot=robot1
92.000,ours,-,fleet,MIN_DISTANCE_AVG,OK,3.559,,,0,robots_sampled=4
92.580,ours,-,fleet,CHOMP_TIME_FULL,OK,,0.071,,0,iterations=100;iterations_executed=100;source=algorithm;round_trip=0.087812
93.000,ours,-,robot1,MIN_DISTANCE,OK,0.445,3.517,,0,nearest_robot=robot3
93.000,ours,-,robot2,MIN_DISTANCE,OK,10.114,3.517,,0,nearest_robot=robot4
93.000,ours,-,robot3,MIN_DISTANCE,OK,0.445,3.517,,0,nearest_robot=robot1
93.000,ours,-,robot4,MIN_DISTANCE,OK,3.065,3.517,,0,nearest_robot=robot1
93.000,ours,-,fleet,MIN_DISTANCE_AVG,OK,3.517,,,0,robots_sampled=4
93.020,ours,-,fleet,CHOMP_TIME_PARTIAL,OK,,0.007,,0,iterations=10;iterations_executed=10;source=algorithm;round_trip=0.025181
93.520,ours,-,fleet,CHOMP_TIME_PARTIAL,OK,,0.007,,0,iterations=10;iterations_executed=10;source=algorithm;round_trip=0.021376
94.000,ours,-,robot1,MIN_DISTANCE,OK,0.878,3.682,,0,nearest_robot=robot3
94.000,ours,-,robot2,MIN_DISTANCE,OK,9.814,3.682,,0,nearest_robot=robot4
94.000,ours,-,robot3,MIN_DISTANCE,OK,0.878,3.682,,0,nearest_robot=robot1
94.000,ours,-,robot4,MIN_DISTANCE,OK,3.157,3.682,,0,nearest_robot=robot3
94.000,ours,-,fleet,MIN_DISTANCE_AVG,OK,3.682,,,0,robots_sampled=4
94.020,ours,-,fleet,CHOMP_TIME_PARTIAL,OK,,0.008,,0,iterations=10;iterations_executed=10;source=algorithm;round_trip=0.024531
94.510,ours,-,fleet,CHOMP_TIME_PARTIAL,OK,,0.007,,0,iterations=10;iterations_executed=10;source=algorithm;round_trip=0.022632
95.000,ours,-,robot1,MIN_DISTANCE,OK,1.597,3.970,,0,nearest_robot=robot3
95.000,ours,-,robot2,MIN_DISTANCE,OK,9.540,3.970,,0,nearest_robot=robot4
95.000,ours,-,robot3,MIN_DISTANCE,OK,1.597,3.970,,0,nearest_robot=robot1
95.000,ours,-,robot4,MIN_DISTANCE,OK,3.146,3.970,,0,nearest_robot=robot3
95.000,ours,-,fleet,MIN_DISTANCE_AVG,OK,3.970,,,0,robots_sampled=4
95.020,ours,-,fleet,CHOMP_TIME_PARTIAL,OK,,0.007,,0,iterations=10;iterations_executed=10;source=algorithm;round_trip=0.023985
95.520,ours,-,fleet,CHOMP_TIME_PARTIAL,OK,,0.007,,0,iterations=10;iterations_executed=10;source=algorithm;round_trip=0.022948
96.000,ours,-,robot1,MIN_DISTANCE,OK,2.280,4.253,,0,nearest_robot=robot3
96.000,ours,-,robot2,MIN_DISTANCE,OK,9.213,4.253,,0,nearest_robot=robot4
96.000,ours,-,robot3,MIN_DISTANCE,OK,2.280,4.253,,0,nearest_robot=robot1
96.000,ours,-,robot4,MIN_DISTANCE,OK,3.239,4.253,,0,nearest_robot=robot3
96.000,ours,-,fleet,MIN_DISTANCE_AVG,OK,4.253,,,0,robots_sampled=4
96.010,ours,-,fleet,CHOMP_TIME_PARTIAL,OK,,0.008,,0,iterations=10;iterations_executed=10;source=algorithm;round_trip=0.022074
96.510,ours,-,fleet,CHOMP_TIME_PARTIAL,OK,,0.007,,0,iterations=10;iterations_executed=10;source=algorithm;round_trip=0.022658
97.000,ours,-,robot1,MIN_DISTANCE,OK,2.943,4.511,,0,nearest_robot=robot3
97.000,ours,-,robot2,MIN_DISTANCE,OK,8.911,4.511,,0,nearest_robot=robot4
97.000,ours,-,robot3,MIN_DISTANCE,OK,2.943,4.511,,0,nearest_robot=robot1
97.000,ours,-,robot4,MIN_DISTANCE,OK,3.245,4.511,,0,nearest_robot=robot3
97.000,ours,-,fleet,MIN_DISTANCE_AVG,OK,4.511,,,0,robots_sampled=4
97.010,ours,-,fleet,CHOMP_TIME_PARTIAL,OK,,0.007,,0,iterations=10;iterations_executed=10;source=algorithm;round_trip=0.021774
97.510,ours,-,fleet,CHOMP_TIME_PARTIAL,OK,,0.007,,0,iterations=10;iterations_executed=10;source=algorithm;round_trip=0.021351
98.000,ours,-,robot1,MIN_DISTANCE,OK,3.674,4.656,,0,nearest_robot=robot3
98.000,ours,-,robot2,MIN_DISTANCE,OK,8.622,4.656,,0,nearest_robot=robot4
98.000,ours,-,robot3,MIN_DISTANCE,OK,3.163,4.656,,0,nearest_robot=robot4
98.000,ours,-,robot4,MIN_DISTANCE,OK,3.163,4.656,,0,nearest_robot=robot3
98.000,ours,-,fleet,MIN_DISTANCE_AVG,OK,4.656,,,0,robots_sampled=4
98.030,ours,-,fleet,CHOMP_TIME_PARTIAL,OK,,0.009,,0,iterations=10;iterations_executed=10;source=algorithm;round_trip=0.032919
98.520,ours,-,fleet,CHOMP_TIME_PARTIAL,OK,,0.009,,0,iterations=10;iterations_executed=10;source=algorithm;round_trip=0.024923
99.000,ours,-,robot1,MIN_DISTANCE,OK,4.429,4.772,,0,nearest_robot=robot3
99.000,ours,-,robot2,MIN_DISTANCE,OK,8.356,4.772,,0,nearest_robot=robot4
99.000,ours,-,robot3,MIN_DISTANCE,OK,3.151,4.772,,0,nearest_robot=robot4
99.000,ours,-,robot4,MIN_DISTANCE,OK,3.151,4.772,,0,nearest_robot=robot3
99.000,ours,-,fleet,MIN_DISTANCE_AVG,OK,4.772,,,0,robots_sampled=4
99.020,ours,-,fleet,CHOMP_TIME_PARTIAL,OK,,0.008,,0,iterations=10;iterations_executed=10;source=algorithm;round_trip=0.024870
99.520,ours,-,fleet,CHOMP_TIME_PARTIAL,OK,,0.007,,0,iterations=10;iterations_executed=10;source=algorithm;round_trip=0.025296
100.000,ours,-,robot1,MIN_DISTANCE,OK,5.194,4.913,,0,nearest_robot=robot3
100.000,ours,-,robot2,MIN_DISTANCE,OK,8.126,4.913,,0,nearest_robot=robot4
100.000,ours,-,robot3,MIN_DISTANCE,OK,3.167,4.913,,0,nearest_robot=robot4
100.000,ours,-,robot4,MIN_DISTANCE,OK,3.167,4.913,,0,nearest_robot=robot3
100.000,ours,-,fleet,MIN_DISTANCE_AVG,OK,4.913,,,0,robots_sampled=4
100.020,ours,-,fleet,CHOMP_TIME_PARTIAL,OK,,0.009,,0,iterations=10;iterations_executed=10;source=algorithm;round_trip=0.025680
100.520,ours,-,fleet,CHOMP_TIME_PARTIAL,OK,,0.008,,0,iterations=10;iterations_executed=10;source=algorithm;round_trip=0.025009
101.000,ours,-,robot1,MIN_DISTANCE,OK,5.873,5.085,,0,nearest_robot=robot3
101.000,ours,-,robot2,MIN_DISTANCE,OK,7.935,5.085,,0,nearest_robot=robot4
101.000,ours,-,robot3,MIN_DISTANCE,OK,3.266,5.085,,0,nearest_robot=robot4
101.000,ours,-,robot4,MIN_DISTANCE,OK,3.266,5.085,,0,nearest_robot=robot3
101.000,ours,-,fleet,MIN_DISTANCE_AVG,OK,5.085,,,0,robots_sampled=4
101.010,ours,-,fleet,CHOMP_TIME_PARTIAL,OK,,0.007,,0,iterations=10;iterations_executed=10;source=algorithm;round_trip=0.024873
101.520,ours,-,fleet,CHOMP_TIME_PARTIAL,OK,,0.007,,0,iterations=10;iterations_executed=10;source=algorithm;round_trip=0.023984
102.000,ours,-,robot1,MIN_DISTANCE,OK,6.677,5.259,,0,nearest_robot=robot3
102.000,ours,-,robot2,MIN_DISTANCE,OK,7.717,5.259,,0,nearest_robot=robot4
102.000,ours,-,robot3,MIN_DISTANCE,OK,3.321,5.259,,0,nearest_robot=robot4
102.000,ours,-,robot4,MIN_DISTANCE,OK,3.321,5.259,,0,nearest_robot=robot3
102.000,ours,-,fleet,MIN_DISTANCE_AVG,OK,5.259,,,0,robots_sampled=4
102.020,ours,-,fleet,CHOMP_TIME_PARTIAL,OK,,0.007,,0,iterations=10;iterations_executed=10;source=algorithm;round_trip=0.023294
102.520,ours,-,fleet,CHOMP_TIME_PARTIAL,OK,,0.008,,0,iterations=10;iterations_executed=10;source=algorithm;round_trip=0.024549
103.000,ours,-,robot1,MIN_DISTANCE,OK,7.453,5.426,,0,nearest_robot=robot3
103.000,ours,-,robot2,MIN_DISTANCE,OK,7.525,5.426,,0,nearest_robot=robot4
103.000,ours,-,robot3,MIN_DISTANCE,OK,3.363,5.426,,0,nearest_robot=robot4
103.000,ours,-,robot4,MIN_DISTANCE,OK,3.363,5.426,,0,nearest_robot=robot3
103.000,ours,-,fleet,MIN_DISTANCE_AVG,OK,5.426,,,0,robots_sampled=4
103.020,ours,-,fleet,CHOMP_TIME_PARTIAL,OK,,0.007,,0,iterations=10;iterations_executed=10;source=algorithm;round_trip=0.023756
103.510,ours,-,fleet,CHOMP_TIME_PARTIAL,OK,,0.006,,0,iterations=10;iterations_executed=10;source=algorithm;round_trip=0.020687
104.000,ours,-,robot1,MIN_DISTANCE,OK,8.213,5.583,,0,nearest_robot=robot3
104.000,ours,-,robot2,MIN_DISTANCE,OK,7.293,5.583,,0,nearest_robot=robot4
104.000,ours,-,robot3,MIN_DISTANCE,OK,3.414,5.583,,0,nearest_robot=robot4
104.000,ours,-,robot4,MIN_DISTANCE,OK,3.414,5.583,,0,nearest_robot=robot3
104.000,ours,-,fleet,MIN_DISTANCE_AVG,OK,5.583,,,0,robots_sampled=4
104.020,ours,-,fleet,CHOMP_TIME_PARTIAL,OK,,0.007,,0,iterations=10;iterations_executed=10;source=algorithm;round_trip=0.024589
104.520,ours,-,fleet,CHOMP_TIME_PARTIAL,OK,,0.007,,0,iterations=10;iterations_executed=10;source=algorithm;round_trip=0.023957
105.000,ours,-,robot1,MIN_DISTANCE,OK,8.976,5.728,,0,nearest_robot=robot3
105.000,ours,-,robot2,MIN_DISTANCE,OK,6.979,5.728,,0,nearest_robot=robot4
105.000,ours,-,robot3,MIN_DISTANCE,OK,3.478,5.728,,0,nearest_robot=robot4
105.000,ours,-,robot4,MIN_DISTANCE,OK,3.478,5.728,,0,nearest_robot=robot3
105.000,ours,-,fleet,MIN_DISTANCE_AVG,OK,5.728,,,0,robots_sampled=4
105.020,ours,-,fleet,CHOMP_TIME_PARTIAL,OK,,0.007,,0,iterations=10;iterations_executed=10;source=algorithm;round_trip=0.024923
105.520,ours,-,fleet,CHOMP_TIME_PARTIAL,OK,,0.007,,0,iterations=10;iterations_executed=10;source=algorithm;round_trip=0.025977
106.000,ours,-,robot1,MIN_DISTANCE,OK,9.749,5.855,,0,nearest_robot=robot3
106.000,ours,-,robot2,MIN_DISTANCE,OK,6.630,5.855,,0,nearest_robot=robot4
106.000,ours,-,robot3,MIN_DISTANCE,OK,3.520,5.855,,0,nearest_robot=robot4
106.000,ours,-,robot4,MIN_DISTANCE,OK,3.520,5.855,,0,nearest_robot=robot3
106.020,ours,-,fleet,CHOMP_TIME_PARTIAL,OK,,0.007,,0,iterations=10;iterations_executed=10;source=algorithm;round_trip=0.026629
106.000,ours,-,fleet,MIN_DISTANCE_AVG,OK,5.855,,,0,robots_sampled=4
106.520,ours,-,fleet,CHOMP_TIME_PARTIAL,OK,,0.007,,0,iterations=10;iterations_executed=10;source=algorithm;round_trip=0.026131
107.000,ours,-,robot1,MIN_DISTANCE,OK,10.501,5.975,,0,nearest_robot=robot3
107.000,ours,-,robot2,MIN_DISTANCE,OK,6.212,5.975,,0,nearest_robot=robot4
107.000,ours,-,robot3,MIN_DISTANCE,OK,3.593,5.975,,0,nearest_robot=robot4
107.000,ours,-,robot4,MIN_DISTANCE,OK,3.593,5.975,,0,nearest_robot=robot3
107.000,ours,-,fleet,MIN_DISTANCE_AVG,OK,5.975,,,0,robots_sampled=4
107.020,ours,-,fleet,CHOMP_TIME_PARTIAL,OK,,0.010,,0,iterations=10;iterations_executed=10;source=algorithm;round_trip=0.028820
108.000,ours,-,robot1,MIN_DISTANCE,OK,11.164,6.092,,0,nearest_robot=robot3
108.000,ours,-,robot2,MIN_DISTANCE,OK,5.813,6.092,,0,nearest_robot=robot4
108.000,ours,-,robot3,MIN_DISTANCE,OK,3.695,6.092,,0,nearest_robot=robot4
108.000,ours,-,robot4,MIN_DISTANCE,OK,3.695,6.092,,0,nearest_robot=robot3
108.000,ours,-,fleet,MIN_DISTANCE_AVG,OK,6.092,,,0,robots_sampled=4
108.090,ours,-,fleet,CHOMP_TIME_FULL,OK,,0.070,,0,iterations=100;iterations_executed=100;source=algorithm;round_trip=0.089204
108.520,ours,-,fleet,CHOMP_TIME_PARTIAL,OK,,0.007,,0,iterations=10;iterations_executed=10;source=algorithm;round_trip=0.024551
109.000,ours,-,robot1,MIN_DISTANCE,OK,11.651,6.152,,0,nearest_robot=robot3
109.000,ours,-,robot2,MIN_DISTANCE,OK,5.260,6.152,,0,nearest_robot=robot4
109.000,ours,-,robot3,MIN_DISTANCE,OK,3.849,6.152,,0,nearest_robot=robot4
109.000,ours,-,robot4,MIN_DISTANCE,OK,3.849,6.152,,0,nearest_robot=robot3
109.000,ours,-,fleet,MIN_DISTANCE_AVG,OK,6.152,,,0,robots_sampled=4
109.020,ours,-,fleet,CHOMP_TIME_PARTIAL,OK,,0.009,,0,iterations=10;iterations_executed=10;source=algorithm;round_trip=0.023718
109.520,ours,-,fleet,CHOMP_TIME_PARTIAL,OK,,0.008,,0,iterations=10;iterations_executed=10;source=algorithm;round_trip=0.026215
110.000,ours,-,robot1,MIN_DISTANCE,OK,12.158,6.151,,0,nearest_robot=robot3
110.000,ours,-,robot2,MIN_DISTANCE,OK,4.628,6.151,,0,nearest_robot=robot4
110.000,ours,-,robot3,MIN_DISTANCE,OK,3.909,6.151,,0,nearest_robot=robot4
110.000,ours,-,robot4,MIN_DISTANCE,OK,3.909,6.151,,0,nearest_robot=robot3
110.000,ours,-,fleet,MIN_DISTANCE_AVG,OK,6.151,,,0,robots_sampled=4
110.020,ours,-,fleet,CHOMP_TIME_PARTIAL,OK,,0.008,,0,iterations=10;iterations_executed=10;source=algorithm;round_trip=0.025370
110.520,ours,-,fleet,CHOMP_TIME_PARTIAL,OK,,0.007,,0,iterations=10;iterations_executed=10;source=algorithm;round_trip=0.024555
111.000,ours,-,robot1,MIN_DISTANCE,OK,12.567,6.242,,0,nearest_robot=robot3
111.000,ours,-,robot2,MIN_DISTANCE,OK,4.324,6.242,,0,nearest_robot=robot4
111.000,ours,-,robot3,MIN_DISTANCE,OK,4.038,6.242,,0,nearest_robot=robot4
111.000,ours,-,robot4,MIN_DISTANCE,OK,4.038,6.242,,0,nearest_robot=robot3
111.000,ours,-,fleet,MIN_DISTANCE_AVG,OK,6.242,,,0,robots_sampled=4
111.020,ours,-,fleet,CHOMP_TIME_PARTIAL,OK,,0.008,,0,iterations=10;iterations_executed=10;source=algorithm;round_trip=0.025173
112.000,ours,-,robot1,MIN_DISTANCE,OK,12.975,6.377,,0,nearest_robot=robot3
112.000,ours,-,robot2,MIN_DISTANCE,OK,4.157,6.377,,0,nearest_robot=robot4
112.000,ours,-,robot3,MIN_DISTANCE,OK,4.220,6.377,,0,nearest_robot=robot4
112.000,ours,-,robot4,MIN_DISTANCE,OK,4.157,6.377,,0,nearest_robot=robot2
112.000,ours,-,fleet,MIN_DISTANCE_AVG,OK,6.377,,,0,robots_sampled=4
112.080,ours,-,fleet,CHOMP_TIME_FULL,OK,,0.072,,0,iterations=100;iterations_executed=100;source=algorithm;round_trip=0.092132
112.530,ours,-,fleet,CHOMP_TIME_PARTIAL,OK,,0.008,,0,iterations=10;iterations_executed=10;source=algorithm;round_trip=0.032440
113.000,ours,-,robot1,MIN_DISTANCE,OK,13.219,6.432,,0,nearest_robot=robot3
113.000,ours,-,robot2,MIN_DISTANCE,OK,4.092,6.432,,0,nearest_robot=robot4
113.000,ours,-,robot3,MIN_DISTANCE,OK,4.326,6.432,,0,nearest_robot=robot4
113.000,ours,-,robot4,MIN_DISTANCE,OK,4.092,6.432,,0,nearest_robot=robot2
113.000,ours,-,fleet,MIN_DISTANCE_AVG,OK,6.432,,,0,robots_sampled=4
113.020,ours,-,fleet,CHOMP_TIME_PARTIAL,OK,,0.008,,0,iterations=10;iterations_executed=10;source=algorithm;round_trip=0.025520
113.510,ours,-,fleet,CHOMP_TIME_PARTIAL,OK,,0.008,,0,iterations=10;iterations_executed=10;source=algorithm;round_trip=0.024652
114.000,ours,-,robot1,MIN_DISTANCE,OK,13.281,6.425,,0,nearest_robot=robot3
114.000,ours,-,robot2,MIN_DISTANCE,OK,3.992,6.425,,0,nearest_robot=robot4
114.000,ours,-,robot3,MIN_DISTANCE,OK,4.435,6.425,,0,nearest_robot=robot4
114.000,ours,-,robot4,MIN_DISTANCE,OK,3.992,6.425,,0,nearest_robot=robot2
114.000,ours,-,fleet,MIN_DISTANCE_AVG,OK,6.425,,,0,robots_sampled=4
114.020,ours,-,fleet,CHOMP_TIME_PARTIAL,OK,,0.009,,0,iterations=10;iterations_executed=10;source=algorithm;round_trip=0.023129
114.520,ours,-,fleet,CHOMP_TIME_PARTIAL,OK,,0.008,,0,iterations=10;iterations_executed=10;source=algorithm;round_trip=0.021750
115.000,ours,-,robot1,MIN_DISTANCE,OK,13.394,6.448,,0,nearest_robot=robot3
115.000,ours,-,robot2,MIN_DISTANCE,OK,3.984,6.448,,0,nearest_robot=robot4
115.000,ours,-,robot3,MIN_DISTANCE,OK,4.430,6.448,,0,nearest_robot=robot4
115.000,ours,-,robot4,MIN_DISTANCE,OK,3.984,6.448,,0,nearest_robot=robot2
115.000,ours,-,fleet,MIN_DISTANCE_AVG,OK,6.448,,,0,robots_sampled=4
115.010,ours,-,fleet,CHOMP_TIME_PARTIAL,OK,,0.007,,0,iterations=10;iterations_executed=10;source=algorithm;round_trip=0.022940
115.520,ours,-,fleet,CHOMP_TIME_PARTIAL,OK,,0.008,,0,iterations=10;iterations_executed=10;source=algorithm;round_trip=0.027928
116.000,ours,-,robot1,MIN_DISTANCE,OK,13.568,6.498,,0,nearest_robot=robot3
116.000,ours,-,robot2,MIN_DISTANCE,OK,4.067,6.498,,0,nearest_robot=robot4
116.000,ours,-,robot3,MIN_DISTANCE,OK,4.289,6.498,,0,nearest_robot=robot4
116.000,ours,-,robot4,MIN_DISTANCE,OK,4.067,6.498,,0,nearest_robot=robot2
116.000,ours,-,fleet,MIN_DISTANCE_AVG,OK,6.498,,,0,robots_sampled=4
116.020,ours,-,fleet,CHOMP_TIME_PARTIAL,OK,,0.008,,0,iterations=10;iterations_executed=10;source=algorithm;round_trip=0.024150
117.000,ours,-,robot1,MIN_DISTANCE,OK,13.919,6.484,,0,nearest_robot=robot3
117.000,ours,-,robot2,MIN_DISTANCE,OK,4.310,6.484,,0,nearest_robot=robot4
117.000,ours,-,robot3,MIN_DISTANCE,OK,3.854,6.484,,0,nearest_robot=robot4
117.000,ours,-,robot4,MIN_DISTANCE,OK,3.854,6.484,,0,nearest_robot=robot3
117.000,ours,-,fleet,MIN_DISTANCE_AVG,OK,6.484,,,0,robots_sampled=4
117.090,ours,-,fleet,CHOMP_TIME_FULL,OK,,0.068,,0,iterations=100;iterations_executed=100;source=algorithm;round_trip=0.089510
117.520,ours,-,fleet,CHOMP_TIME_PARTIAL,OK,,0.008,,0,iterations=10;iterations_executed=10;source=algorithm;round_trip=0.023360
118.000,ours,-,robot1,MIN_DISTANCE,OK,14.286,6.398,,0,nearest_robot=robot3
118.000,ours,-,robot2,MIN_DISTANCE,OK,4.543,6.398,,0,nearest_robot=robot4
118.000,ours,-,robot3,MIN_DISTANCE,OK,3.380,6.398,,0,nearest_robot=robot4
118.000,ours,-,robot4,MIN_DISTANCE,OK,3.380,6.398,,0,nearest_robot=robot3
118.000,ours,-,fleet,MIN_DISTANCE_AVG,OK,6.398,,,0,robots_sampled=4
118.020,ours,-,fleet,CHOMP_TIME_PARTIAL,OK,,0.007,,0,iterations=10;iterations_executed=10;source=algorithm;round_trip=0.024672
118.530,ours,-,fleet,CHOMP_TIME_PARTIAL,OK,,0.007,,0,iterations=10;iterations_executed=10;source=algorithm;round_trip=0.032183
119.000,ours,-,robot1,MIN_DISTANCE,OK,14.623,6.306,,0,nearest_robot=robot3
119.000,ours,-,robot2,MIN_DISTANCE,OK,4.802,6.306,,0,nearest_robot=robot4
119.000,ours,-,robot3,MIN_DISTANCE,OK,2.900,6.306,,0,nearest_robot=robot4
119.000,ours,-,robot4,MIN_DISTANCE,OK,2.900,6.306,,0,nearest_robot=robot3
119.000,ours,-,fleet,MIN_DISTANCE_AVG,OK,6.306,,,0,robots_sampled=4
119.020,ours,-,fleet,CHOMP_TIME_PARTIAL,OK,,0.008,,0,iterations=10;iterations_executed=10;source=algorithm;round_trip=0.023256
120.000,ours,-,robot1,MIN_DISTANCE,OK,14.721,6.166,,0,nearest_robot=robot3
120.000,ours,-,robot2,MIN_DISTANCE,OK,5.096,6.166,,0,nearest_robot=robot4
120.000,ours,-,robot3,MIN_DISTANCE,OK,2.424,6.166,,0,nearest_robot=robot4
120.000,ours,-,robot4,MIN_DISTANCE,OK,2.424,6.166,,0,nearest_robot=robot3
120.000,ours,-,fleet,MIN_DISTANCE_AVG,OK,6.166,,,0,robots_sampled=4
120.080,ours,-,fleet,CHOMP_TIME_FULL,OK,,0.071,,0,iterations=100;iterations_executed=100;source=algorithm;round_trip=0.087930
120.510,ours,-,fleet,CHOMP_TIME_PARTIAL,OK,,0.008,,0,iterations=10;iterations_executed=10;source=algorithm;round_trip=0.023924
121.000,ours,-,robot1,MIN_DISTANCE,OK,14.122,5.859,,0,nearest_robot=robot2
121.000,ours,-,robot2,MIN_DISTANCE,OK,5.441,5.859,,0,nearest_robot=robot4
121.000,ours,-,robot3,MIN_DISTANCE,OK,1.936,5.859,,0,nearest_robot=robot4
121.000,ours,-,robot4,MIN_DISTANCE,OK,1.936,5.859,,0,nearest_robot=robot3
121.000,ours,-,fleet,MIN_DISTANCE_AVG,OK,5.859,,,0,robots_sampled=4
121.010,ours,-,fleet,CHOMP_TIME_PARTIAL,OK,,0.008,,0,iterations=10;iterations_executed=10;source=algorithm;round_trip=0.021280
121.520,ours,-,fleet,CHOMP_TIME_PARTIAL,OK,,0.007,,0,iterations=10;iterations_executed=10;source=algorithm;round_trip=0.022357
122.000,ours,-,robot1,MIN_DISTANCE,OK,13.536,5.546,,0,nearest_robot=robot2
122.000,ours,-,robot2,MIN_DISTANCE,OK,5.885,5.546,,0,nearest_robot=robot4
122.000,ours,-,robot3,MIN_DISTANCE,OK,1.381,5.546,,0,nearest_robot=robot4
122.000,ours,-,robot4,MIN_DISTANCE,OK,1.381,5.546,,0,nearest_robot=robot3
122.000,ours,-,fleet,MIN_DISTANCE_AVG,OK,5.546,,,0,robots_sampled=4
122.010,ours,-,fleet,CHOMP_TIME_PARTIAL,OK,,0.007,,0,iterations=10;iterations_executed=10;source=algorithm;round_trip=0.022237
123.000,ours,-,robot1,MIN_DISTANCE,OK,12.924,5.117,,0,nearest_robot=robot2
123.000,ours,-,robot2,MIN_DISTANCE,OK,6.090,5.117,,0,nearest_robot=robot4
123.000,ours,-,robot3,MIN_DISTANCE,OK,0.727,5.117,,0,nearest_robot=robot4
123.000,ours,-,robot4,MIN_DISTANCE,OK,0.727,5.117,,0,nearest_robot=robot3
123.000,ours,-,fleet,MIN_DISTANCE_AVG,OK,5.117,,,0,robots_sampled=4
123.090,ours,-,fleet,CHOMP_TIME_FULL,OK,,0.070,,0,iterations=100;iterations_executed=100;source=algorithm;round_trip=0.091577
123.520,ours,-,fleet,CHOMP_TIME_PARTIAL,OK,,0.008,,0,iterations=10;iterations_executed=10;source=algorithm;round_trip=0.024757
124.000,ours,-,robot1,MIN_DISTANCE,OK,12.316,4.927,,0,nearest_robot=robot2
124.000,ours,-,robot2,MIN_DISTANCE,OK,6.371,4.927,,0,nearest_robot=robot3
124.000,ours,-,robot3,MIN_DISTANCE,OK,0.511,4.927,,0,nearest_robot=robot4
124.000,ours,-,robot4,MIN_DISTANCE,OK,0.511,4.927,,0,nearest_robot=robot3
124.000,ours,-,fleet,MIN_DISTANCE_AVG,OK,4.927,,,0,robots_sampled=4
124.020,ours,-,fleet,CHOMP_TIME_PARTIAL,OK,,0.007,,0,iterations=10;iterations_executed=10;source=algorithm;round_trip=0.022101
124.510,ours,-,fleet,CHOMP_TIME_PARTIAL,OK,,0.009,,0,iterations=10;iterations_executed=10;source=algorithm;round_trip=0.023363
125.000,ours,-,robot1,MIN_DISTANCE,OK,11.787,4.883,,0,nearest_robot=robot2
125.000,ours,-,robot2,MIN_DISTANCE,OK,6.613,4.883,,0,nearest_robot=robot3
125.000,ours,-,robot3,MIN_DISTANCE,OK,0.566,4.883,,0,nearest_robot=robot4
125.000,ours,-,robot4,MIN_DISTANCE,OK,0.566,4.883,,0,nearest_robot=robot3
125.000,ours,-,fleet,MIN_DISTANCE_AVG,OK,4.883,,,0,robots_sampled=4
125.010,ours,-,fleet,CHOMP_TIME_PARTIAL,OK,,0.009,,0,iterations=10;iterations_executed=10;source=algorithm;round_trip=0.024969
125.520,ours,-,fleet,CHOMP_TIME_PARTIAL,OK,,0.008,,0,iterations=10;iterations_executed=10;source=algorithm;round_trip=0.025772
126.000,ours,-,robot1,MIN_DISTANCE,OK,11.241,4.786,,0,nearest_robot=robot2
126.000,ours,-,robot2,MIN_DISTANCE,OK,6.918,4.786,,0,nearest_robot=robot3
126.000,ours,-,robot3,MIN_DISTANCE,OK,0.491,4.786,,0,nearest_robot=robot4
126.000,ours,-,robot4,MIN_DISTANCE,OK,0.491,4.786,,0,nearest_robot=robot3
126.000,ours,-,fleet,MIN_DISTANCE_AVG,OK,4.786,,,0,robots_sampled=4
126.020,ours,-,fleet,CHOMP_TIME_PARTIAL,OK,,0.008,,0,iterations=10;iterations_executed=10;source=algorithm;round_trip=0.024957
126.520,ours,-,fleet,CHOMP_TIME_PARTIAL,OK,,0.008,,0,iterations=10;iterations_executed=10;source=algorithm;round_trip=0.025547
127.000,ours,-,robot1,MIN_DISTANCE,OK,10.724,4.735,,0,nearest_robot=robot2
127.000,ours,-,robot2,MIN_DISTANCE,OK,7.219,4.735,,0,nearest_robot=robot3
127.000,ours,-,robot3,MIN_DISTANCE,OK,0.499,4.735,,0,nearest_robot=robot4
127.000,ours,-,robot4,MIN_DISTANCE,OK,0.499,4.735,,0,nearest_robot=robot3
127.000,ours,-,fleet,MIN_DISTANCE_AVG,OK,4.735,,,0,robots_sampled=4
127.020,ours,-,fleet,CHOMP_TIME_PARTIAL,OK,,0.007,,0,iterations=10;iterations_executed=10;source=algorithm;round_trip=0.023462
127.520,ours,-,fleet,CHOMP_TIME_PARTIAL,OK,,0.007,,0,iterations=10;iterations_executed=10;source=algorithm;round_trip=0.024788
128.000,ours,-,robot1,MIN_DISTANCE,OK,10.221,4.722,,0,nearest_robot=robot2
128.000,ours,-,robot2,MIN_DISTANCE,OK,7.606,4.722,,0,nearest_robot=robot3
128.000,ours,-,robot3,MIN_DISTANCE,OK,0.532,4.722,,0,nearest_robot=robot4
128.000,ours,-,robot4,MIN_DISTANCE,OK,0.532,4.722,,0,nearest_robot=robot3
128.000,ours,-,fleet,MIN_DISTANCE_AVG,OK,4.722,,,0,robots_sampled=4
128.020,ours,-,fleet,CHOMP_TIME_PARTIAL,OK,,0.008,,0,iterations=10;iterations_executed=10;source=algorithm;round_trip=0.022402
128.510,ours,-,fleet,CHOMP_TIME_PARTIAL,OK,,0.008,,0,iterations=10;iterations_executed=10;source=algorithm;round_trip=0.024468
129.000,ours,-,robot1,MIN_DISTANCE,OK,9.719,4.579,,0,nearest_robot=robot2
129.000,ours,-,robot2,MIN_DISTANCE,OK,7.941,4.579,,0,nearest_robot=robot3
129.000,ours,-,robot3,MIN_DISTANCE,OK,0.329,4.579,,0,nearest_robot=robot4
129.000,ours,-,robot4,MIN_DISTANCE,OK,0.329,4.579,,0,nearest_robot=robot3
129.000,ours,-,fleet,MIN_DISTANCE_AVG,OK,4.579,,,0,robots_sampled=4
129.030,ours,-,fleet,CHOMP_TIME_PARTIAL,OK,,0.008,,0,iterations=10;iterations_executed=10;source=algorithm;round_trip=0.028495
129.520,ours,-,fleet,CHOMP_TIME_PARTIAL,OK,,0.008,,0,iterations=10;iterations_executed=10;source=algorithm;round_trip=0.025193
130.000,ours,-,robot1,MIN_DISTANCE,OK,9.260,4.658,,0,nearest_robot=robot2
130.000,ours,-,robot2,MIN_DISTANCE,OK,8.265,4.658,,0,nearest_robot=robot3
130.000,ours,-,robot3,MIN_DISTANCE,OK,0.553,4.658,,0,nearest_robot=robot4
130.000,ours,-,robot4,MIN_DISTANCE,OK,0.553,4.658,,0,nearest_robot=robot3
130.000,ours,-,fleet,MIN_DISTANCE_AVG,OK,4.658,,,0,robots_sampled=4
130.020,ours,-,fleet,CHOMP_TIME_PARTIAL,OK,,0.010,,0,iterations=10;iterations_executed=10;source=algorithm;round_trip=0.028594
131.000,ours,-,robot1,MIN_DISTANCE,OK,8.927,4.743,,0,nearest_robot=robot2
131.000,ours,-,robot2,MIN_DISTANCE,OK,8.462,4.743,,0,nearest_robot=robot4
131.000,ours,-,robot3,MIN_DISTANCE,OK,0.793,4.743,,0,nearest_robot=robot4
131.000,ours,-,robot4,MIN_DISTANCE,OK,0.793,4.743,,0,nearest_robot=robot3
131.000,ours,-,fleet,MIN_DISTANCE_AVG,OK,4.743,,,0,robots_sampled=4
131.090,ours,-,fleet,CHOMP_TIME_FULL,OK,,0.074,,0,iterations=100;iterations_executed=100;source=algorithm;round_trip=0.095893
131.520,ours,-,fleet,CHOMP_TIME_PARTIAL,OK,,0.008,,0,iterations=10;iterations_executed=10;source=algorithm;round_trip=0.022108
132.000,ours,-,robot1,MIN_DISTANCE,OK,8.839,4.835,,0,nearest_robot=robot2
132.000,ours,-,robot2,MIN_DISTANCE,OK,8.262,4.835,,0,nearest_robot=robot4
132.000,ours,-,robot3,MIN_DISTANCE,OK,1.119,4.835,,0,nearest_robot=robot4
132.000,ours,-,robot4,MIN_DISTANCE,OK,1.119,4.835,,0,nearest_robot=robot3
132.000,ours,-,fleet,MIN_DISTANCE_AVG,OK,4.835,,,0,robots_sampled=4
132.020,ours,-,fleet,CHOMP_TIME_PARTIAL,OK,,0.009,,0,iterations=10;iterations_executed=10;source=algorithm;round_trip=0.023506
132.520,ours,-,fleet,CHOMP_TIME_PARTIAL,OK,,0.007,,0,iterations=10;iterations_executed=10;source=algorithm;round_trip=0.024508
133.000,ours,-,robot1,MIN_DISTANCE,OK,8.720,4.926,,0,nearest_robot=robot2
133.000,ours,-,robot2,MIN_DISTANCE,OK,8.017,4.926,,0,nearest_robot=robot4
133.000,ours,-,robot3,MIN_DISTANCE,OK,1.484,4.926,,0,nearest_robot=robot4
133.000,ours,-,robot4,MIN_DISTANCE,OK,1.484,4.926,,0,nearest_robot=robot3
133.000,ours,-,fleet,MIN_DISTANCE_AVG,OK,4.926,,,0,robots_sampled=4
133.020,ours,-,fleet,CHOMP_TIME_PARTIAL,OK,,0.008,,0,iterations=10;iterations_executed=10;source=algorithm;round_trip=0.027387
133.510,ours,-,fleet,CHOMP_TIME_PARTIAL,OK,,0.008,,0,iterations=10;iterations_executed=10;source=algorithm;round_trip=0.024607
134.000,ours,-,robot1,MIN_DISTANCE,OK,8.605,5.126,,0,nearest_robot=robot2
134.000,ours,-,robot2,MIN_DISTANCE,OK,8.174,5.126,,0,nearest_robot=robot4
134.000,ours,-,robot3,MIN_DISTANCE,OK,1.863,5.126,,0,nearest_robot=robot4
134.000,ours,-,robot4,MIN_DISTANCE,OK,1.863,5.126,,0,nearest_robot=robot3
134.000,ours,-,fleet,MIN_DISTANCE_AVG,OK,5.126,,,0,robots_sampled=4
134.020,ours,-,fleet,CHOMP_TIME_PARTIAL,OK,,0.009,,0,iterations=10;iterations_executed=10;source=algorithm;round_trip=0.023772
134.520,ours,-,fleet,CHOMP_TIME_PARTIAL,OK,,0.008,,0,iterations=10;iterations_executed=10;source=algorithm;round_trip=0.020941
135.000,ours,-,robot1,MIN_DISTANCE,OK,8.612,5.320,,0,nearest_robot=robot2
135.000,ours,-,robot2,MIN_DISTANCE,OK,8.220,5.320,,0,nearest_robot=robot4
135.000,ours,-,robot3,MIN_DISTANCE,OK,2.225,5.320,,0,nearest_robot=robot4
135.000,ours,-,robot4,MIN_DISTANCE,OK,2.225,5.320,,0,nearest_robot=robot3
135.000,ours,-,fleet,MIN_DISTANCE_AVG,OK,5.320,,,0,robots_sampled=4
135.020,ours,-,fleet,CHOMP_TIME_PARTIAL,OK,,0.008,,0,iterations=10;iterations_executed=10;source=algorithm;round_trip=0.025856
135.520,ours,-,fleet,CHOMP_TIME_PARTIAL,OK,,0.007,,0,iterations=10;iterations_executed=10;source=algorithm;round_trip=0.020409
136.000,ours,-,robot1,MIN_DISTANCE,OK,8.795,5.546,,0,nearest_robot=robot2
136.000,ours,-,robot2,MIN_DISTANCE,OK,8.090,5.546,,0,nearest_robot=robot4
136.000,ours,-,robot3,MIN_DISTANCE,OK,2.649,5.546,,0,nearest_robot=robot4
136.000,ours,-,robot4,MIN_DISTANCE,OK,2.649,5.546,,0,nearest_robot=robot3
136.000,ours,-,fleet,MIN_DISTANCE_AVG,OK,5.546,,,0,robots_sampled=4
136.020,ours,-,fleet,CHOMP_TIME_PARTIAL,OK,,0.008,,0,iterations=10;iterations_executed=10;source=algorithm;round_trip=0.021854
136.520,ours,-,fleet,CHOMP_TIME_PARTIAL,OK,,0.008,,0,iterations=10;iterations_executed=10;source=algorithm;round_trip=0.024831
137.000,ours,-,robot1,MIN_DISTANCE,OK,8.983,5.774,,0,nearest_robot=robot2
137.000,ours,-,robot2,MIN_DISTANCE,OK,8.008,5.774,,0,nearest_robot=robot4
137.000,ours,-,robot3,MIN_DISTANCE,OK,3.053,5.774,,0,nearest_robot=robot4
137.000,ours,-,robot4,MIN_DISTANCE,OK,3.053,5.774,,0,nearest_robot=robot3
137.000,ours,-,fleet,MIN_DISTANCE_AVG,OK,5.774,,,0,robots_sampled=4
137.020,ours,-,fleet,CHOMP_TIME_PARTIAL,OK,,0.007,,0,iterations=10;iterations_executed=10;source=algorithm;round_trip=0.025886
137.520,ours,-,fleet,CHOMP_TIME_PARTIAL,OK,,0.007,,0,iterations=10;iterations_executed=10;source=algorithm;round_trip=0.021634
138.000,ours,-,robot1,MIN_DISTANCE,OK,9.140,5.995,,0,nearest_robot=robot2
138.000,ours,-,robot2,MIN_DISTANCE,OK,8.035,5.995,,0,nearest_robot=robot4
138.000,ours,-,robot3,MIN_DISTANCE,OK,3.402,5.995,,0,nearest_robot=robot4
138.000,ours,-,robot4,MIN_DISTANCE,OK,3.402,5.995,,0,nearest_robot=robot3
138.000,ours,-,fleet,MIN_DISTANCE_AVG,OK,5.995,,,0,robots_sampled=4
138.020,ours,-,fleet,CHOMP_TIME_PARTIAL,OK,,0.008,,0,iterations=10;iterations_executed=10;source=algorithm;round_trip=0.026390
138.510,ours,-,fleet,CHOMP_TIME_PARTIAL,OK,,0.007,,0,iterations=10;iterations_executed=10;source=algorithm;round_trip=0.021255
139.000,ours,-,robot1,MIN_DISTANCE,OK,9.266,6.217,,0,nearest_robot=robot2
139.000,ours,-,robot2,MIN_DISTANCE,OK,8.044,6.217,,0,nearest_robot=robot4
139.000,ours,-,robot3,MIN_DISTANCE,OK,3.779,6.217,,0,nearest_robot=robot4
139.000,ours,-,robot4,MIN_DISTANCE,OK,3.779,6.217,,0,nearest_robot=robot3
139.000,ours,-,fleet,MIN_DISTANCE_AVG,OK,6.217,,,0,robots_sampled=4
139.020,ours,-,fleet,CHOMP_TIME_PARTIAL,OK,,0.008,,0,iterations=10;iterations_executed=10;source=algorithm;round_trip=0.028675
139.520,ours,-,fleet,CHOMP_TIME_PARTIAL,OK,,0.008,,0,iterations=10;iterations_executed=10;source=algorithm;round_trip=0.022705
140.000,ours,-,robot1,MIN_DISTANCE,OK,9.427,6.406,,0,nearest_robot=robot2
140.000,ours,-,robot2,MIN_DISTANCE,OK,8.022,6.406,,0,nearest_robot=robot4
140.000,ours,-,robot3,MIN_DISTANCE,OK,4.087,6.406,,0,nearest_robot=robot4
140.000,ours,-,robot4,MIN_DISTANCE,OK,4.087,6.406,,0,nearest_robot=robot3
140.000,ours,-,fleet,MIN_DISTANCE_AVG,OK,6.406,,,0,robots_sampled=4
140.020,ours,-,fleet,CHOMP_TIME_PARTIAL,OK,,0.008,,0,iterations=10;iterations_executed=10;source=algorithm;round_trip=0.025567
140.520,ours,-,fleet,CHOMP_TIME_PARTIAL,OK,,0.009,,0,iterations=10;iterations_executed=10;source=algorithm;round_trip=0.026188
141.000,ours,-,robot1,MIN_DISTANCE,OK,9.187,6.521,,0,nearest_robot=robot3
141.000,ours,-,robot2,MIN_DISTANCE,OK,7.986,6.521,,0,nearest_robot=robot4
141.000,ours,-,robot3,MIN_DISTANCE,OK,4.456,6.521,,0,nearest_robot=robot4
141.000,ours,-,robot4,MIN_DISTANCE,OK,4.456,6.521,,0,nearest_robot=robot3
141.000,ours,-,fleet,MIN_DISTANCE_AVG,OK,6.521,,,0,robots_sampled=4
141.020,ours,-,fleet,CHOMP_TIME_PARTIAL,OK,,0.008,,0,iterations=10;iterations_executed=10;source=algorithm;round_trip=0.021682
141.520,ours,-,fleet,CHOMP_TIME_PARTIAL,OK,,0.007,,0,iterations=10;iterations_executed=10;source=algorithm;round_trip=0.025233
142.000,ours,-,robot1,MIN_DISTANCE,OK,9.035,6.640,,0,nearest_robot=robot3
142.000,ours,-,robot2,MIN_DISTANCE,OK,8.000,6.640,,0,nearest_robot=robot4
142.000,ours,-,robot3,MIN_DISTANCE,OK,4.762,6.640,,0,nearest_robot=robot4
142.000,ours,-,robot4,MIN_DISTANCE,OK,4.762,6.640,,0,nearest_robot=robot3
142.000,ours,-,fleet,MIN_DISTANCE_AVG,OK,6.640,,,0,robots_sampled=4
142.020,ours,-,fleet,CHOMP_TIME_PARTIAL,OK,,0.011,,0,iterations=10;iterations_executed=10;source=algorithm;round_trip=0.024296
142.520,ours,-,fleet,CHOMP_TIME_PARTIAL,OK,,0.007,,0,iterations=10;iterations_executed=10;source=algorithm;round_trip=0.022942
143.000,ours,-,robot1,MIN_DISTANCE,OK,8.801,6.755,,0,nearest_robot=robot3
143.000,ours,-,robot2,MIN_DISTANCE,OK,8.011,6.755,,0,nearest_robot=robot4
143.000,ours,-,robot3,MIN_DISTANCE,OK,5.105,6.755,,0,nearest_robot=robot4
143.000,ours,-,robot4,MIN_DISTANCE,OK,5.105,6.755,,0,nearest_robot=robot3
143.000,ours,-,fleet,MIN_DISTANCE_AVG,OK,6.755,,,0,robots_sampled=4
143.020,ours,-,fleet,CHOMP_TIME_PARTIAL,OK,,0.008,,0,iterations=10;iterations_executed=10;source=algorithm;round_trip=0.021501
143.520,ours,-,fleet,CHOMP_TIME_PARTIAL,OK,,0.008,,0,iterations=10;iterations_executed=10;source=algorithm;round_trip=0.027576
144.000,ours,-,robot1,MIN_DISTANCE,OK,8.522,6.838,,0,nearest_robot=robot3
144.000,ours,-,robot2,MIN_DISTANCE,OK,7.959,6.838,,0,nearest_robot=robot4
144.000,ours,-,robot3,MIN_DISTANCE,OK,5.436,6.838,,0,nearest_robot=robot4
144.000,ours,-,robot4,MIN_DISTANCE,OK,5.436,6.838,,0,nearest_robot=robot3
144.000,ours,-,fleet,MIN_DISTANCE_AVG,OK,6.838,,,0,robots_sampled=4
144.020,ours,-,fleet,CHOMP_TIME_PARTIAL,OK,,0.008,,0,iterations=10;iterations_executed=10;source=algorithm;round_trip=0.022445
144.520,ours,-,fleet,CHOMP_TIME_PARTIAL,OK,,0.008,,0,iterations=10;iterations_executed=10;source=algorithm;round_trip=0.025048
145.000,ours,-,robot1,MIN_DISTANCE,OK,8.213,6.913,,0,nearest_robot=robot3
145.000,ours,-,robot2,MIN_DISTANCE,OK,7.904,6.913,,0,nearest_robot=robot4
145.000,ours,-,robot3,MIN_DISTANCE,OK,5.767,6.913,,0,nearest_robot=robot4
145.000,ours,-,robot4,MIN_DISTANCE,OK,5.767,6.913,,0,nearest_robot=robot3
145.000,ours,-,fleet,MIN_DISTANCE_AVG,OK,6.913,,,0,robots_sampled=4
145.010,ours,-,fleet,CHOMP_TIME_PARTIAL,OK,,0.009,,0,iterations=10;iterations_executed=10;source=algorithm;round_trip=0.023661
145.520,ours,-,fleet,CHOMP_TIME_PARTIAL,OK,,0.008,,0,iterations=10;iterations_executed=10;source=algorithm;round_trip=0.025910
146.000,ours,-,robot1,MIN_DISTANCE,OK,7.893,6.978,,0,nearest_robot=robot3
146.000,ours,-,robot2,MIN_DISTANCE,OK,7.709,6.978,,0,nearest_robot=robot4
146.000,ours,-,robot3,MIN_DISTANCE,OK,6.155,6.978,,0,nearest_robot=robot4
146.000,ours,-,robot4,MIN_DISTANCE,OK,6.155,6.978,,0,nearest_robot=robot3
146.000,ours,-,fleet,MIN_DISTANCE_AVG,OK,6.978,,,0,robots_sampled=4
146.020,ours,-,fleet,CHOMP_TIME_PARTIAL,OK,,0.007,,0,iterations=10;iterations_executed=10;source=algorithm;round_trip=0.026715
146.520,ours,-,fleet,CHOMP_TIME_PARTIAL,OK,,0.007,,0,iterations=10;iterations_executed=10;source=algorithm;round_trip=0.020598
147.000,ours,-,robot1,MIN_DISTANCE,OK,7.575,7.011,,0,nearest_robot=robot3
147.000,ours,-,robot2,MIN_DISTANCE,OK,7.459,7.011,,0,nearest_robot=robot4
147.000,ours,-,robot3,MIN_DISTANCE,OK,6.504,7.011,,0,nearest_robot=robot4
147.000,ours,-,robot4,MIN_DISTANCE,OK,6.504,7.011,,0,nearest_robot=robot3
147.000,ours,-,fleet,MIN_DISTANCE_AVG,OK,7.011,,,0,robots_sampled=4
147.010,ours,-,fleet,CHOMP_TIME_PARTIAL,OK,,0.008,,0,iterations=10;iterations_executed=10;source=algorithm;round_trip=0.025089
147.520,ours,-,fleet,CHOMP_TIME_PARTIAL,OK,,0.007,,0,iterations=10;iterations_executed=10;source=algorithm;round_trip=0.021677
148.000,ours,-,robot1,MIN_DISTANCE,OK,7.274,7.113,,0,nearest_robot=robot3
148.000,ours,-,robot2,MIN_DISTANCE,OK,7.435,7.113,,0,nearest_robot=robot4
148.000,ours,-,robot3,MIN_DISTANCE,OK,6.871,7.113,,0,nearest_robot=robot4
148.000,ours,-,robot4,MIN_DISTANCE,OK,6.871,7.113,,0,nearest_robot=robot3
148.020,ours,-,fleet,CHOMP_TIME_PARTIAL,OK,,0.007,,0,iterations=10;iterations_executed=10;source=algorithm;round_trip=0.028800
148.000,ours,-,fleet,MIN_DISTANCE_AVG,OK,7.113,,,0,robots_sampled=4
148.520,ours,-,fleet,CHOMP_TIME_PARTIAL,OK,,0.008,,0,iterations=10;iterations_executed=10;source=algorithm;round_trip=0.022268
149.000,ours,-,robot1,MIN_DISTANCE,OK,6.967,7.153,,0,nearest_robot=robot3
149.000,ours,-,robot2,MIN_DISTANCE,OK,7.451,7.153,,0,nearest_robot=robot4
149.000,ours,-,robot3,MIN_DISTANCE,OK,6.967,7.153,,0,nearest_robot=robot1
149.000,ours,-,robot4,MIN_DISTANCE,OK,7.226,7.153,,0,nearest_robot=robot3
149.000,ours,-,fleet,MIN_DISTANCE_AVG,OK,7.153,,,0,robots_sampled=4
149.580,ours,-,fleet,CHOMP_TIME_FULL,OK,,0.071,,0,iterations=100;iterations_executed=100;source=algorithm;round_trip=0.088317
150.000,ours,-,robot1,MIN_DISTANCE,OK,6.665,7.053,,0,nearest_robot=robot3
150.000,ours,-,robot2,MIN_DISTANCE,OK,7.442,7.053,,0,nearest_robot=robot4
150.000,ours,-,robot3,MIN_DISTANCE,OK,6.665,7.053,,0,nearest_robot=robot1
150.000,ours,-,robot4,MIN_DISTANCE,OK,7.442,7.053,,0,nearest_robot=robot2
150.000,ours,-,fleet,MIN_DISTANCE_AVG,OK,7.053,,,0,robots_sampled=4
150.010,ours,-,fleet,CHOMP_TIME_PARTIAL,OK,,0.008,,0,iterations=10;iterations_executed=10;source=algorithm;round_trip=0.025796
150.510,ours,-,fleet,CHOMP_TIME_PARTIAL,OK,,0.007,,0,iterations=10;iterations_executed=10;source=algorithm;round_trip=0.022102
151.000,ours,-,robot1,MIN_DISTANCE,OK,6.294,6.876,,0,nearest_robot=robot3
151.000,ours,-,robot2,MIN_DISTANCE,OK,7.458,6.876,,0,nearest_robot=robot4
151.000,ours,-,robot3,MIN_DISTANCE,OK,6.294,6.876,,0,nearest_robot=robot1
151.000,ours,-,robot4,MIN_DISTANCE,OK,7.458,6.876,,0,nearest_robot=robot2
151.000,ours,-,fleet,MIN_DISTANCE_AVG,OK,6.876,,,0,robots_sampled=4
151.020,ours,-,fleet,CHOMP_TIME_PARTIAL,OK,,0.009,,0,iterations=10;iterations_executed=10;source=algorithm;round_trip=0.027019
151.520,ours,-,fleet,CHOMP_TIME_PARTIAL,OK,,0.007,,0,iterations=10;iterations_executed=10;source=algorithm;round_trip=0.020882
152.000,ours,-,robot1,MIN_DISTANCE,OK,5.893,6.696,,0,nearest_robot=robot3
152.000,ours,-,robot2,MIN_DISTANCE,OK,7.498,6.696,,0,nearest_robot=robot4
152.000,ours,-,robot3,MIN_DISTANCE,OK,5.893,6.696,,0,nearest_robot=robot1
152.000,ours,-,robot4,MIN_DISTANCE,OK,7.498,6.696,,0,nearest_robot=robot2
152.000,ours,-,fleet,MIN_DISTANCE_AVG,OK,6.696,,,0,robots_sampled=4
152.020,ours,-,fleet,CHOMP_TIME_PARTIAL,OK,,0.008,,0,iterations=10;iterations_executed=10;source=algorithm;round_trip=0.025927
152.510,ours,-,fleet,CHOMP_TIME_PARTIAL,OK,,0.007,,0,iterations=10;iterations_executed=10;source=algorithm;round_trip=0.021911
153.000,ours,-,robot1,MIN_DISTANCE,OK,5.416,6.485,,0,nearest_robot=robot3
153.000,ours,-,robot2,MIN_DISTANCE,OK,7.555,6.485,,0,nearest_robot=robot4
153.000,ours,-,robot3,MIN_DISTANCE,OK,5.416,6.485,,0,nearest_robot=robot1
153.000,ours,-,robot4,MIN_DISTANCE,OK,7.555,6.485,,0,nearest_robot=robot2
153.030,ours,-,fleet,CHOMP_TIME_PARTIAL,OK,,0.007,,0,iterations=10;iterations_executed=10;source=algorithm;round_trip=0.029380
153.000,ours,-,fleet,MIN_DISTANCE_AVG,OK,6.485,,,0,robots_sampled=4
153.520,ours,-,fleet,CHOMP_TIME_PARTIAL,OK,,0.007,,0,iterations=10;iterations_executed=10;source=algorithm;round_trip=0.022899
154.000,ours,-,robot1,MIN_DISTANCE,OK,4.951,6.272,,0,nearest_robot=robot3
154.000,ours,-,robot2,MIN_DISTANCE,OK,7.592,6.272,,0,nearest_robot=robot4
154.000,ours,-,robot3,MIN_DISTANCE,OK,4.951,6.272,,0,nearest_robot=robot1
154.000,ours,-,robot4,MIN_DISTANCE,OK,7.592,6.272,,0,nearest_robot=robot2
154.000,ours,-,fleet,MIN_DISTANCE_AVG,OK,6.272,,,0,robots_sampled=4
154.020,ours,-,fleet,CHOMP_TIME_PARTIAL,OK,,0.008,,0,iterations=10;iterations_executed=10;source=algorithm;round_trip=0.025996
155.000,ours,-,robot1,MIN_DISTANCE,OK,4.484,6.021,,0,nearest_robot=robot3
155.000,ours,-,robot2,MIN_DISTANCE,OK,7.557,6.021,,0,nearest_robot=robot4
155.000,ours,-,robot3,MIN_DISTANCE,OK,4.484,6.021,,0,nearest_robot=robot1
155.000,ours,-,robot4,MIN_DISTANCE,OK,7.557,6.021,,0,nearest_robot=robot2
155.000,ours,-,fleet,MIN_DISTANCE_AVG,OK,6.021,,,0,robots_sampled=4
155.080,ours,-,fleet,CHOMP_TIME_FULL,OK,,0.070,,0,iterations=100;iterations_executed=100;source=algorithm;round_trip=0.088636
155.510,ours,-,fleet,CHOMP_TIME_PARTIAL,OK,,0.008,,0,iterations=10;iterations_executed=10;source=algorithm;round_trip=0.025382
156.000,ours,-,robot1,MIN_DISTANCE,OK,4.076,5.796,,0,nearest_robot=robot3
156.000,ours,-,robot2,MIN_DISTANCE,OK,7.516,5.796,,0,nearest_robot=robot4
156.000,ours,-,robot3,MIN_DISTANCE,OK,4.076,5.796,,0,nearest_robot=robot1
156.000,ours,-,robot4,MIN_DISTANCE,OK,7.516,5.796,,0,nearest_robot=robot2
156.000,ours,-,fleet,MIN_DISTANCE_AVG,OK,5.796,,,0,robots_sampled=4
156.020,ours,-,fleet,CHOMP_TIME_PARTIAL,OK,,0.007,,0,iterations=10;iterations_executed=10;source=algorithm;round_trip=0.025551
157.000,ours,-,robot1,MIN_DISTANCE,OK,3.636,5.578,,0,nearest_robot=robot3
157.000,ours,-,robot2,MIN_DISTANCE,OK,7.520,5.578,,0,nearest_robot=robot4
157.000,ours,-,robot3,MIN_DISTANCE,OK,3.636,5.578,,0,nearest_robot=robot1
157.000,ours,-,robot4,MIN_DISTANCE,OK,7.520,5.578,,0,nearest_robot=robot2
157.000,ours,-,fleet,MIN_DISTANCE_AVG,OK,5.578,,,0,robots_sampled=4
157.080,ours,-,fleet,CHOMP_TIME_FULL,OK,,0.071,,0,iterations=100;iterations_executed=100;source=algorithm;round_trip=0.087627
157.520,ours,-,fleet,CHOMP_TIME_PARTIAL,OK,,0.008,,0,iterations=10;iterations_executed=10;source=algorithm;round_trip=0.026686
158.000,ours,-,robot1,MIN_DISTANCE,OK,3.220,5.353,,0,nearest_robot=robot3
158.000,ours,-,robot2,MIN_DISTANCE,OK,7.486,5.353,,0,nearest_robot=robot4
158.000,ours,-,robot3,MIN_DISTANCE,OK,3.220,5.353,,0,nearest_robot=robot1
158.000,ours,-,robot4,MIN_DISTANCE,OK,7.486,5.353,,0,nearest_robot=robot2
158.000,ours,-,fleet,MIN_DISTANCE_AVG,OK,5.353,,,0,robots_sampled=4
158.010,ours,-,fleet,CHOMP_TIME_PARTIAL,OK,,0.008,,0,iterations=10;iterations_executed=10;source=algorithm;round_trip=0.025584
158.520,ours,-,fleet,CHOMP_TIME_PARTIAL,OK,,0.009,,0,iterations=10;iterations_executed=10;source=algorithm;round_trip=0.032739
159.000,ours,-,robot1,MIN_DISTANCE,OK,2.792,5.078,,0,nearest_robot=robot3
159.000,ours,-,robot2,MIN_DISTANCE,OK,7.364,5.078,,0,nearest_robot=robot4
159.000,ours,-,robot3,MIN_DISTANCE,OK,2.792,5.078,,0,nearest_robot=robot1
159.000,ours,-,robot4,MIN_DISTANCE,OK,7.364,5.078,,0,nearest_robot=robot2
159.000,ours,-,fleet,MIN_DISTANCE_AVG,OK,5.078,,,0,robots_sampled=4
159.020,ours,-,fleet,CHOMP_TIME_PARTIAL,OK,,0.008,,0,iterations=10;iterations_executed=10;source=algorithm;round_trip=0.026441
159.520,ours,-,fleet,CHOMP_TIME_PARTIAL,OK,,0.007,,0,iterations=10;iterations_executed=10;source=algorithm;round_trip=0.021629
160.000,ours,-,robot1,MIN_DISTANCE,OK,2.338,4.743,,0,nearest_robot=robot3
160.000,ours,-,robot2,MIN_DISTANCE,OK,7.148,4.743,,0,nearest_robot=robot4
160.000,ours,-,robot3,MIN_DISTANCE,OK,2.338,4.743,,0,nearest_robot=robot1
160.000,ours,-,robot4,MIN_DISTANCE,OK,7.148,4.743,,0,nearest_robot=robot2
160.000,ours,-,fleet,MIN_DISTANCE_AVG,OK,4.743,,,0,robots_sampled=4
160.590,ours,-,fleet,CHOMP_TIME_FULL,OK,,0.069,,0,iterations=100;iterations_executed=100;source=algorithm;round_trip=0.089699
161.000,ours,-,robot1,MIN_DISTANCE,OK,1.914,4.533,,0,nearest_robot=robot3
161.000,ours,-,robot2,MIN_DISTANCE,OK,7.151,4.533,,0,nearest_robot=robot4
161.000,ours,-,robot3,MIN_DISTANCE,OK,1.914,4.533,,0,nearest_robot=robot1
161.000,ours,-,robot4,MIN_DISTANCE,OK,7.151,4.533,,0,nearest_robot=robot2
161.000,ours,-,fleet,MIN_DISTANCE_AVG,OK,4.533,,,0,robots_sampled=4
161.010,ours,-,fleet,CHOMP_TIME_PARTIAL,OK,,0.008,,0,iterations=10;iterations_executed=10;source=algorithm;round_trip=0.021928
161.520,ours,-,fleet,CHOMP_TIME_PARTIAL,OK,,0.009,,0,iterations=10;iterations_executed=10;source=algorithm;round_trip=0.022184
162.000,ours,-,robot1,MIN_DISTANCE,OK,1.540,4.329,,0,nearest_robot=robot3
162.000,ours,-,robot2,MIN_DISTANCE,OK,7.117,4.329,,0,nearest_robot=robot4
162.000,ours,-,robot3,MIN_DISTANCE,OK,1.540,4.329,,0,nearest_robot=robot1
162.000,ours,-,robot4,MIN_DISTANCE,OK,7.117,4.329,,0,nearest_robot=robot2
162.000,ours,-,fleet,MIN_DISTANCE_AVG,OK,4.329,,,0,robots_sampled=4
162.020,ours,-,fleet,CHOMP_TIME_PARTIAL,OK,,0.008,,0,iterations=10;iterations_executed=10;source=algorithm;round_trip=0.027100
162.510,ours,-,fleet,CHOMP_TIME_PARTIAL,OK,,0.008,,0,iterations=10;iterations_executed=10;source=algorithm;round_trip=0.021563
163.000,ours,-,robot1,MIN_DISTANCE,OK,1.182,4.129,,0,nearest_robot=robot3
163.000,ours,-,robot2,MIN_DISTANCE,OK,7.076,4.129,,0,nearest_robot=robot4
163.000,ours,-,robot3,MIN_DISTANCE,OK,1.182,4.129,,0,nearest_robot=robot1
163.000,ours,-,robot4,MIN_DISTANCE,OK,7.076,4.129,,0,nearest_robot=robot2
163.000,ours,-,fleet,MIN_DISTANCE_AVG,OK,4.129,,,0,robots_sampled=4
163.020,ours,-,fleet,CHOMP_TIME_PARTIAL,OK,,0.009,,0,iterations=10;iterations_executed=10;source=algorithm;round_trip=0.027886
163.510,ours,-,fleet,CHOMP_TIME_PARTIAL,OK,,0.007,,0,iterations=10;iterations_executed=10;source=algorithm;round_trip=0.021149
164.000,ours,-,robot1,MIN_DISTANCE,OK,0.840,3.955,,0,nearest_robot=robot3
164.000,ours,-,robot2,MIN_DISTANCE,OK,7.071,3.955,,0,nearest_robot=robot4
164.000,ours,-,robot3,MIN_DISTANCE,OK,0.840,3.955,,0,nearest_robot=robot1
164.000,ours,-,robot4,MIN_DISTANCE,OK,7.071,3.955,,0,nearest_robot=robot2
164.000,ours,-,fleet,MIN_DISTANCE_AVG,OK,3.955,,,0,robots_sampled=4
164.020,ours,-,fleet,CHOMP_TIME_PARTIAL,OK,,0.008,,0,iterations=10;iterations_executed=10;source=algorithm;round_trip=0.021780
164.520,ours,-,fleet,CHOMP_TIME_PARTIAL,OK,,0.007,,0,iterations=10;iterations_executed=10;source=algorithm;round_trip=0.021427
165.000,ours,-,robot1,MIN_DISTANCE,OK,0.604,3.849,,0,nearest_robot=robot3
165.000,ours,-,robot2,MIN_DISTANCE,OK,7.094,3.849,,0,nearest_robot=robot4
165.000,ours,-,robot3,MIN_DISTANCE,OK,0.604,3.849,,0,nearest_robot=robot1
165.000,ours,-,robot4,MIN_DISTANCE,OK,7.094,3.849,,0,nearest_robot=robot2
165.000,ours,-,fleet,MIN_DISTANCE_AVG,OK,3.849,,,0,robots_sampled=4
165.010,ours,-,fleet,CHOMP_TIME_PARTIAL,OK,,0.007,,0,iterations=10;iterations_executed=10;source=algorithm;round_trip=0.021115
166.000,ours,-,robot1,MIN_DISTANCE,OK,0.512,3.721,,0,nearest_robot=robot3
166.000,ours,-,robot2,MIN_DISTANCE,OK,6.930,3.721,,0,nearest_robot=robot4
166.000,ours,-,robot3,MIN_DISTANCE,OK,0.512,3.721,,0,nearest_robot=robot1
166.000,ours,-,robot4,MIN_DISTANCE,OK,6.930,3.721,,0,nearest_robot=robot2
166.000,ours,-,fleet,MIN_DISTANCE_AVG,OK,3.721,,,0,robots_sampled=4
166.080,ours,-,fleet,CHOMP_TIME_FULL,OK,,0.070,,0,iterations=100;iterations_executed=100;source=algorithm;round_trip=0.086250
166.510,ours,-,fleet,CHOMP_TIME_PARTIAL,OK,,0.007,,0,iterations=10;iterations_executed=10;source=algorithm;round_trip=0.020768
167.000,ours,-,robot1,MIN_DISTANCE,OK,0.522,3.527,,0,nearest_robot=robot3
167.000,ours,-,robot2,MIN_DISTANCE,OK,6.533,3.527,,0,nearest_robot=robot4
167.000,ours,-,robot3,MIN_DISTANCE,OK,0.522,3.527,,0,nearest_robot=robot1
167.000,ours,-,robot4,MIN_DISTANCE,OK,6.533,3.527,,0,nearest_robot=robot2
167.000,ours,-,fleet,MIN_DISTANCE_AVG,OK,3.527,,,0,robots_sampled=4
167.020,ours,-,fleet,CHOMP_TIME_PARTIAL,OK,,0.007,,0,iterations=10;iterations_executed=10;source=algorithm;round_trip=0.024802
167.520,ours,-,fleet,CHOMP_TIME_PARTIAL,OK,,0.007,,0,iterations=10;iterations_executed=10;source=algorithm;round_trip=0.021664
168.000,ours,-,robot1,MIN_DISTANCE,OK,0.525,3.323,,0,nearest_robot=robot3
168.000,ours,-,robot2,MIN_DISTANCE,OK,6.120,3.323,,0,nearest_robot=robot4
168.000,ours,-,robot3,MIN_DISTANCE,OK,0.525,3.323,,0,nearest_robot=robot1
168.000,ours,-,robot4,MIN_DISTANCE,OK,6.120,3.323,,0,nearest_robot=robot2
168.000,ours,-,fleet,MIN_DISTANCE_AVG,OK,3.323,,,0,robots_sampled=4
168.030,ours,-,fleet,CHOMP_TIME_PARTIAL,OK,,0.007,,0,iterations=10;iterations_executed=10;source=algorithm;round_trip=0.031004
169.000,ours,-,robot1,MIN_DISTANCE,OK,0.883,3.281,,0,nearest_robot=robot3
169.000,ours,-,robot2,MIN_DISTANCE,OK,5.679,3.281,,0,nearest_robot=robot4
169.000,ours,-,robot3,MIN_DISTANCE,OK,0.883,3.281,,0,nearest_robot=robot1
169.000,ours,-,robot4,MIN_DISTANCE,OK,5.679,3.281,,0,nearest_robot=robot2
169.000,ours,-,fleet,MIN_DISTANCE_AVG,OK,3.281,,,0,robots_sampled=4
169.090,ours,-,fleet,CHOMP_TIME_FULL,OK,,0.075,,0,iterations=100;iterations_executed=100;source=algorithm;round_trip=0.093843
169.520,ours,-,fleet,CHOMP_TIME_PARTIAL,OK,,0.007,,0,iterations=10;iterations_executed=10;source=algorithm;round_trip=0.030875
170.000,ours,-,robot1,MIN_DISTANCE,OK,1.372,3.282,,0,nearest_robot=robot3
170.000,ours,-,robot2,MIN_DISTANCE,OK,5.193,3.282,,0,nearest_robot=robot4
170.000,ours,-,robot3,MIN_DISTANCE,OK,1.372,3.282,,0,nearest_robot=robot1
170.000,ours,-,robot4,MIN_DISTANCE,OK,5.193,3.282,,0,nearest_robot=robot2
170.000,ours,-,fleet,MIN_DISTANCE_AVG,OK,3.282,,,0,robots_sampled=4
170.020,ours,-,fleet,CHOMP_TIME_PARTIAL,OK,,0.007,,0,iterations=10;iterations_executed=10;source=algorithm;round_trip=0.021579
170.520,ours,-,fleet,CHOMP_TIME_PARTIAL,OK,,0.008,,0,iterations=10;iterations_executed=10;source=algorithm;round_trip=0.025439
171.000,ours,-,robot1,MIN_DISTANCE,OK,1.823,3.272,,0,nearest_robot=robot3
171.000,ours,-,robot2,MIN_DISTANCE,OK,4.720,3.272,,0,nearest_robot=robot4
171.000,ours,-,robot3,MIN_DISTANCE,OK,1.823,3.272,,0,nearest_robot=robot1
171.000,ours,-,robot4,MIN_DISTANCE,OK,4.720,3.272,,0,nearest_robot=robot2
171.000,ours,-,fleet,MIN_DISTANCE_AVG,OK,3.272,,,0,robots_sampled=4
171.020,ours,-,fleet,CHOMP_TIME_PARTIAL,OK,,0.009,,0,iterations=10;iterations_executed=10;source=algorithm;round_trip=0.023113
171.510,ours,-,fleet,CHOMP_TIME_PARTIAL,OK,,0.007,,0,iterations=10;iterations_executed=10;source=algorithm;round_trip=0.021199
172.000,ours,-,robot1,MIN_DISTANCE,OK,2.232,3.256,,0,nearest_robot=robot3
172.000,ours,-,robot2,MIN_DISTANCE,OK,4.280,3.256,,0,nearest_robot=robot4
172.000,ours,-,robot3,MIN_DISTANCE,OK,2.232,3.256,,0,nearest_robot=robot1
172.000,ours,-,robot4,MIN_DISTANCE,OK,4.280,3.256,,0,nearest_robot=robot2
172.000,ours,-,fleet,MIN_DISTANCE_AVG,OK,3.256,,,0,robots_sampled=4
172.020,ours,-,fleet,CHOMP_TIME_PARTIAL,OK,,0.008,,0,iterations=10;iterations_executed=10;source=algorithm;round_trip=0.022054
172.520,ours,-,fleet,CHOMP_TIME_PARTIAL,OK,,0.008,,0,iterations=10;iterations_executed=10;source=algorithm;round_trip=0.022110
173.000,ours,-,robot1,MIN_DISTANCE,OK,2.597,3.092,,0,nearest_robot=robot3
173.000,ours,-,robot2,MIN_DISTANCE,OK,3.588,3.092,,0,nearest_robot=robot4
173.000,ours,-,robot3,MIN_DISTANCE,OK,2.597,3.092,,0,nearest_robot=robot1
173.000,ours,-,robot4,MIN_DISTANCE,OK,3.588,3.092,,0,nearest_robot=robot2
173.000,ours,-,fleet,MIN_DISTANCE_AVG,OK,3.092,,,0,robots_sampled=4
173.020,ours,-,fleet,CHOMP_TIME_PARTIAL,OK,,0.008,,0,iterations=10;iterations_executed=10;source=algorithm;round_trip=0.027014
173.510,ours,-,fleet,CHOMP_TIME_PARTIAL,OK,,0.008,,0,iterations=10;iterations_executed=10;source=algorithm;round_trip=0.022575
174.000,ours,-,robot1,MIN_DISTANCE,OK,2.985,2.836,,0,nearest_robot=robot3
174.000,ours,-,robot2,MIN_DISTANCE,OK,2.686,2.836,,0,nearest_robot=robot4
174.000,ours,-,robot3,MIN_DISTANCE,OK,2.985,2.836,,0,nearest_robot=robot1
174.000,ours,-,robot4,MIN_DISTANCE,OK,2.686,2.836,,0,nearest_robot=robot2
174.000,ours,-,fleet,MIN_DISTANCE_AVG,OK,2.836,,,0,robots_sampled=4
174.020,ours,-,fleet,CHOMP_TIME_PARTIAL,OK,,0.007,,0,iterations=10;iterations_executed=10;source=algorithm;round_trip=0.028653
175.000,ours,-,robot1,MIN_DISTANCE,OK,3.387,2.650,,0,nearest_robot=robot3
175.000,ours,-,robot2,MIN_DISTANCE,OK,1.913,2.650,,0,nearest_robot=robot4
175.000,ours,-,robot3,MIN_DISTANCE,OK,3.387,2.650,,0,nearest_robot=robot1
175.000,ours,-,robot4,MIN_DISTANCE,OK,1.913,2.650,,0,nearest_robot=robot2
175.000,ours,-,fleet,MIN_DISTANCE_AVG,OK,2.650,,,0,robots_sampled=4
175.080,ours,-,fleet,CHOMP_TIME_FULL,OK,,0.070,,0,iterations=100;iterations_executed=100;source=algorithm;round_trip=0.086436
175.520,ours,-,fleet,CHOMP_TIME_PARTIAL,OK,,0.007,,0,iterations=10;iterations_executed=10;source=algorithm;round_trip=0.025676
176.000,ours,-,robot1,MIN_DISTANCE,OK,3.806,2.538,,0,nearest_robot=robot3
176.000,ours,-,robot2,MIN_DISTANCE,OK,1.270,2.538,,0,nearest_robot=robot4
176.000,ours,-,robot3,MIN_DISTANCE,OK,3.806,2.538,,0,nearest_robot=robot1
176.000,ours,-,robot4,MIN_DISTANCE,OK,1.270,2.538,,0,nearest_robot=robot2
176.000,ours,-,fleet,MIN_DISTANCE_AVG,OK,2.538,,,0,robots_sampled=4
176.020,ours,-,fleet,CHOMP_TIME_PARTIAL,OK,,0.008,,0,iterations=10;iterations_executed=10;source=algorithm;round_trip=0.023748
176.510,ours,-,fleet,CHOMP_TIME_PARTIAL,OK,,0.007,,0,iterations=10;iterations_executed=10;source=algorithm;round_trip=0.021159
177.000,ours,-,robot1,MIN_DISTANCE,OK,4.171,2.560,,0,nearest_robot=robot3
177.000,ours,-,robot2,MIN_DISTANCE,OK,0.948,2.560,,0,nearest_robot=robot4
177.000,ours,-,robot3,MIN_DISTANCE,OK,4.171,2.560,,0,nearest_robot=robot1
177.000,ours,-,robot4,MIN_DISTANCE,OK,0.948,2.560,,0,nearest_robot=robot2
177.000,ours,-,fleet,MIN_DISTANCE_AVG,OK,2.560,,,0,robots_sampled=4
177.010,ours,-,fleet,CHOMP_TIME_PARTIAL,OK,,0.008,,0,iterations=10;iterations_executed=10;source=algorithm;round_trip=0.025940
177.520,ours,-,fleet,CHOMP_TIME_PARTIAL,OK,,0.007,,0,iterations=10;iterations_executed=10;source=algorithm;round_trip=0.021641
178.000,ours,-,robot1,MIN_DISTANCE,OK,4.510,2.802,,0,nearest_robot=robot3
178.000,ours,-,robot2,MIN_DISTANCE,OK,1.095,2.802,,0,nearest_robot=robot4
178.000,ours,-,robot3,MIN_DISTANCE,OK,4.510,2.802,,0,nearest_robot=robot1
178.000,ours,-,robot4,MIN_DISTANCE,OK,1.095,2.802,,0,nearest_robot=robot2
178.000,ours,-,fleet,MIN_DISTANCE_AVG,OK,2.802,,,0,robots_sampled=4
178.020,ours,-,fleet,CHOMP_TIME_PARTIAL,OK,,0.007,,0,iterations=10;iterations_executed=10;source=algorithm;round_trip=0.023238
178.520,ours,-,fleet,CHOMP_TIME_PARTIAL,OK,,0.007,,0,iterations=10;iterations_executed=10;source=algorithm;round_trip=0.027296
179.000,ours,-,robot1,MIN_DISTANCE,OK,4.808,3.192,,0,nearest_robot=robot3
179.000,ours,-,robot2,MIN_DISTANCE,OK,1.576,3.192,,0,nearest_robot=robot4
179.000,ours,-,robot3,MIN_DISTANCE,OK,4.808,3.192,,0,nearest_robot=robot1
179.000,ours,-,robot4,MIN_DISTANCE,OK,1.576,3.192,,0,nearest_robot=robot2
179.000,ours,-,fleet,MIN_DISTANCE_AVG,OK,3.192,,,0,robots_sampled=4
179.020,ours,-,fleet,CHOMP_TIME_PARTIAL,OK,,0.009,,0,iterations=10;iterations_executed=10;source=algorithm;round_trip=0.026538
179.520,ours,-,fleet,CHOMP_TIME_PARTIAL,OK,,0.007,,0,iterations=10;iterations_executed=10;source=algorithm;round_trip=0.021973
180.000,ours,-,robot1,MIN_DISTANCE,OK,5.121,3.725,,0,nearest_robot=robot3
180.000,ours,-,robot2,MIN_DISTANCE,OK,2.330,3.725,,0,nearest_robot=robot4
180.000,ours,-,robot3,MIN_DISTANCE,OK,5.121,3.725,,0,nearest_robot=robot1
180.000,ours,-,robot4,MIN_DISTANCE,OK,2.330,3.725,,0,nearest_robot=robot2
180.000,ours,-,fleet,MIN_DISTANCE_AVG,OK,3.725,,,0,robots_sampled=4
180.580,ours,-,fleet,CHOMP_TIME_FULL,OK,,0.072,,0,iterations=100;iterations_executed=100;source=algorithm;round_trip=0.087156
181.000,ours,-,robot1,MIN_DISTANCE,OK,5.295,4.177,,0,nearest_robot=robot3
181.000,ours,-,robot2,MIN_DISTANCE,OK,3.059,4.177,,0,nearest_robot=robot4
181.000,ours,-,robot3,MIN_DISTANCE,OK,5.295,4.177,,0,nearest_robot=robot1
181.000,ours,-,robot4,MIN_DISTANCE,OK,3.059,4.177,,0,nearest_robot=robot2
181.000,ours,-,fleet,MIN_DISTANCE_AVG,OK,4.177,,,0,robots_sampled=4
181.010,ours,-,fleet,CHOMP_TIME_PARTIAL,OK,,0.008,,0,iterations=10;iterations_executed=10;source=algorithm;round_trip=0.026666
181.520,ours,-,fleet,CHOMP_TIME_PARTIAL,OK,,0.007,,0,iterations=10;iterations_executed=10;source=algorithm;round_trip=0.021897
182.000,ours,-,robot1,MIN_DISTANCE,OK,5.435,4.631,,0,nearest_robot=robot3
182.000,ours,-,robot2,MIN_DISTANCE,OK,3.828,4.631,,0,nearest_robot=robot4
182.000,ours,-,robot3,MIN_DISTANCE,OK,5.435,4.631,,0,nearest_robot=robot1
182.000,ours,-,robot4,MIN_DISTANCE,OK,3.828,4.631,,0,nearest_robot=robot2
182.000,ours,-,fleet,MIN_DISTANCE_AVG,OK,4.631,,,0,robots_sampled=4
182.010,ours,-,fleet,CHOMP_TIME_PARTIAL,OK,,0.008,,0,iterations=10;iterations_executed=10;source=algorithm;round_trip=0.026542
182.520,ours,-,fleet,CHOMP_TIME_PARTIAL,OK,,0.008,,0,iterations=10;iterations_executed=10;source=algorithm;round_trip=0.022648
183.000,ours,-,robot1,MIN_DISTANCE,OK,5.495,5.045,,0,nearest_robot=robot3
183.000,ours,-,robot2,MIN_DISTANCE,OK,4.596,5.045,,0,nearest_robot=robot4
183.000,ours,-,robot3,MIN_DISTANCE,OK,5.495,5.045,,0,nearest_robot=robot1
183.000,ours,-,robot4,MIN_DISTANCE,OK,4.596,5.045,,0,nearest_robot=robot2
183.000,ours,-,fleet,MIN_DISTANCE_AVG,OK,5.045,,,0,robots_sampled=4
183.030,ours,-,fleet,CHOMP_TIME_PARTIAL,OK,,0.009,,0,iterations=10;iterations_executed=10;source=algorithm;round_trip=0.033538
183.520,ours,-,fleet,CHOMP_TIME_PARTIAL,OK,,0.009,,0,iterations=10;iterations_executed=10;source=algorithm;round_trip=0.026961
184.000,ours,-,robot1,MIN_DISTANCE,OK,5.499,5.408,,0,nearest_robot=robot3
184.000,ours,-,robot2,MIN_DISTANCE,OK,5.318,5.408,,0,nearest_robot=robot4
184.000,ours,-,robot3,MIN_DISTANCE,OK,5.499,5.408,,0,nearest_robot=robot1
184.000,ours,-,robot4,MIN_DISTANCE,OK,5.318,5.408,,0,nearest_robot=robot2
184.000,ours,-,fleet,MIN_DISTANCE_AVG,OK,5.408,,,0,robots_sampled=4
184.020,ours,-,fleet,CHOMP_TIME_PARTIAL,OK,,0.008,,0,iterations=10;iterations_executed=10;source=algorithm;round_trip=0.027384
184.510,ours,-,fleet,CHOMP_TIME_PARTIAL,OK,,0.009,,0,iterations=10;iterations_executed=10;source=algorithm;round_trip=0.026404
185.000,ours,-,robot1,MIN_DISTANCE,OK,5.665,5.903,,0,nearest_robot=robot3
185.000,ours,-,robot2,MIN_DISTANCE,OK,6.141,5.903,,0,nearest_robot=robot4
185.000,ours,-,robot3,MIN_DISTANCE,OK,5.665,5.903,,0,nearest_robot=robot1
185.000,ours,-,robot4,MIN_DISTANCE,OK,6.141,5.903,,0,nearest_robot=robot2
185.000,ours,-,fleet,MIN_DISTANCE_AVG,OK,5.903,,,0,robots_sampled=4
185.020,ours,-,fleet,CHOMP_TIME_PARTIAL,OK,,0.008,,0,iterations=10;iterations_executed=10;source=algorithm;round_trip=0.022282
186.000,ours,-,robot1,MIN_DISTANCE,OK,5.835,6.379,,0,nearest_robot=robot3
186.000,ours,-,robot2,MIN_DISTANCE,OK,6.923,6.379,,0,nearest_robot=robot4
186.000,ours,-,robot3,MIN_DISTANCE,OK,5.835,6.379,,0,nearest_robot=robot1
186.000,ours,-,robot4,MIN_DISTANCE,OK,6.923,6.379,,0,nearest_robot=robot2
186.000,ours,-,fleet,MIN_DISTANCE_AVG,OK,6.379,,,0,robots_sampled=4
186.080,ours,-,fleet,CHOMP_TIME_FULL,OK,,0.068,,0,iterations=100;iterations_executed=100;source=algorithm;round_trip=0.084581
186.520,ours,-,fleet,CHOMP_TIME_PARTIAL,OK,,0.007,,0,iterations=10;iterations_executed=10;source=algorithm;round_trip=0.021117
187.000,ours,-,robot1,MIN_DISTANCE,OK,5.916,6.898,,0,nearest_robot=robot3
187.000,ours,-,robot2,MIN_DISTANCE,OK,7.881,6.898,,0,nearest_robot=robot4
187.000,ours,-,robot3,MIN_DISTANCE,OK,5.916,6.898,,0,nearest_robot=robot1
187.000,ours,-,robot4,MIN_DISTANCE,OK,7.881,6.898,,0,nearest_robot=robot2
187.000,ours,-,fleet,MIN_DISTANCE_AVG,OK,6.898,,,0,robots_sampled=4
187.020,ours,-,fleet,CHOMP_TIME_PARTIAL,OK,,0.008,,0,iterations=10;iterations_executed=10;source=algorithm;round_trip=0.023909
187.520,ours,-,fleet,CHOMP_TIME_PARTIAL,OK,,0.008,,0,iterations=10;iterations_executed=10;source=algorithm;round_trip=0.027443
188.000,ours,-,robot1,MIN_DISTANCE,OK,5.976,7.305,,0,nearest_robot=robot3
188.000,ours,-,robot2,MIN_DISTANCE,OK,8.635,7.305,,0,nearest_robot=robot4
188.000,ours,-,robot3,MIN_DISTANCE,OK,5.976,7.305,,0,nearest_robot=robot1
188.000,ours,-,robot4,MIN_DISTANCE,OK,8.635,7.305,,0,nearest_robot=robot2
188.000,ours,-,fleet,MIN_DISTANCE_AVG,OK,7.305,,,0,robots_sampled=4
188.010,ours,-,fleet,CHOMP_TIME_PARTIAL,OK,,0.007,,0,iterations=10;iterations_executed=10;source=algorithm;round_trip=0.021655
188.520,ours,-,fleet,CHOMP_TIME_PARTIAL,OK,,0.007,,0,iterations=10;iterations_executed=10;source=algorithm;round_trip=0.020876
189.000,ours,-,robot1,MIN_DISTANCE,OK,6.127,7.589,,0,nearest_robot=robot3
189.000,ours,-,robot2,MIN_DISTANCE,OK,9.050,7.589,,0,nearest_robot=robot4
189.000,ours,-,robot3,MIN_DISTANCE,OK,6.127,7.589,,0,nearest_robot=robot1
189.000,ours,-,robot4,MIN_DISTANCE,OK,9.050,7.589,,0,nearest_robot=robot2
189.000,ours,-,fleet,MIN_DISTANCE_AVG,OK,7.589,,,0,robots_sampled=4
189.020,ours,-,fleet,CHOMP_TIME_PARTIAL,OK,,0.008,,0,iterations=10;iterations_executed=10;source=algorithm;round_trip=0.022242
189.520,ours,-,fleet,CHOMP_TIME_PARTIAL,OK,,0.007,,0,iterations=10;iterations_executed=10;source=algorithm;round_trip=0.021953
190.000,ours,-,robot1,MIN_DISTANCE,OK,6.431,7.953,,0,nearest_robot=robot3
190.000,ours,-,robot2,MIN_DISTANCE,OK,9.474,7.953,,0,nearest_robot=robot4
190.000,ours,-,robot3,MIN_DISTANCE,OK,6.431,7.953,,0,nearest_robot=robot1
190.000,ours,-,robot4,MIN_DISTANCE,OK,9.474,7.953,,0,nearest_robot=robot2
190.000,ours,-,fleet,MIN_DISTANCE_AVG,OK,7.953,,,0,robots_sampled=4
190.010,ours,-,fleet,CHOMP_TIME_PARTIAL,OK,,0.007,,0,iterations=10;iterations_executed=10;source=algorithm;round_trip=0.025957
190.510,ours,-,fleet,CHOMP_TIME_PARTIAL,OK,,0.009,,0,iterations=10;iterations_executed=10;source=algorithm;round_trip=0.026663
191.000,ours,-,robot1,MIN_DISTANCE,OK,6.747,8.318,,0,nearest_robot=robot3
191.000,ours,-,robot2,MIN_DISTANCE,OK,9.889,8.318,,0,nearest_robot=robot4
191.000,ours,-,robot3,MIN_DISTANCE,OK,6.747,8.318,,0,nearest_robot=robot1
191.000,ours,-,robot4,MIN_DISTANCE,OK,9.889,8.318,,0,nearest_robot=robot2
191.000,ours,-,fleet,MIN_DISTANCE_AVG,OK,8.318,,,0,robots_sampled=4
192.000,ours,-,robot1,MIN_DISTANCE,OK,7.103,8.710,,0,nearest_robot=robot3
192.000,ours,-,robot2,MIN_DISTANCE,OK,10.316,8.710,,0,nearest_robot=robot4
192.000,ours,-,robot3,MIN_DISTANCE,OK,7.103,8.710,,0,nearest_robot=robot1
192.000,ours,-,robot4,MIN_DISTANCE,OK,10.316,8.710,,0,nearest_robot=robot2
192.000,ours,-,fleet,MIN_DISTANCE_AVG,OK,8.710,,,0,robots_sampled=4
192.080,ours,-,fleet,CHOMP_TIME_FULL,OK,,0.069,,0,iterations=100;iterations_executed=100;source=algorithm;round_trip=0.087572
192.510,ours,-,fleet,CHOMP_TIME_PARTIAL,OK,,0.008,,0,iterations=10;iterations_executed=10;source=algorithm;round_trip=0.025585
193.000,ours,-,robot1,MIN_DISTANCE,OK,7.506,9.025,,0,nearest_robot=robot3
193.000,ours,-,robot2,MIN_DISTANCE,OK,10.543,9.025,,0,nearest_robot=robot4
193.000,ours,-,robot3,MIN_DISTANCE,OK,7.506,9.025,,0,nearest_robot=robot1
193.000,ours,-,robot4,MIN_DISTANCE,OK,10.543,9.025,,0,nearest_robot=robot2
193.000,ours,-,fleet,MIN_DISTANCE_AVG,OK,9.025,,,0,robots_sampled=4
193.020,ours,-,fleet,CHOMP_TIME_PARTIAL,OK,,0.009,,0,iterations=10;iterations_executed=10;source=algorithm;round_trip=0.027812
193.520,ours,-,fleet,CHOMP_TIME_PARTIAL,OK,,0.007,,0,iterations=10;iterations_executed=10;source=algorithm;round_trip=0.020993
194.000,ours,-,robot1,MIN_DISTANCE,OK,7.893,9.308,,0,nearest_robot=robot3
194.000,ours,-,robot2,MIN_DISTANCE,OK,10.723,9.308,,0,nearest_robot=robot4
194.000,ours,-,robot3,MIN_DISTANCE,OK,7.893,9.308,,0,nearest_robot=robot1
194.000,ours,-,robot4,MIN_DISTANCE,OK,10.723,9.308,,0,nearest_robot=robot2
194.000,ours,-,fleet,MIN_DISTANCE_AVG,OK,9.308,,,0,robots_sampled=4
194.020,ours,-,fleet,CHOMP_TIME_PARTIAL,OK,,0.009,,0,iterations=10;iterations_executed=10;source=algorithm;round_trip=0.022791
194.520,ours,-,fleet,CHOMP_TIME_PARTIAL,OK,,0.008,,0,iterations=10;iterations_executed=10;source=algorithm;round_trip=0.027386
195.000,ours,-,robot1,MIN_DISTANCE,OK,8.174,9.606,,0,nearest_robot=robot3
195.000,ours,-,robot2,MIN_DISTANCE,OK,11.038,9.606,,0,nearest_robot=robot4
195.000,ours,-,robot3,MIN_DISTANCE,OK,8.174,9.606,,0,nearest_robot=robot1
195.000,ours,-,robot4,MIN_DISTANCE,OK,11.038,9.606,,0,nearest_robot=robot2
195.000,ours,-,fleet,MIN_DISTANCE_AVG,OK,9.606,,,0,robots_sampled=4
195.020,ours,-,fleet,CHOMP_TIME_PARTIAL,OK,,0.008,,0,iterations=10;iterations_executed=10;source=algorithm;round_trip=0.024007
195.520,ours,-,fleet,CHOMP_TIME_PARTIAL,OK,,0.007,,0,iterations=10;iterations_executed=10;source=algorithm;round_trip=0.021005
196.000,ours,-,robot1,MIN_DISTANCE,OK,8.284,9.690,,0,nearest_robot=robot3
196.000,ours,-,robot2,MIN_DISTANCE,OK,10.835,9.690,,0,nearest_robot=robot3
196.000,ours,-,robot3,MIN_DISTANCE,OK,8.284,9.690,,0,nearest_robot=robot1
196.000,ours,-,robot4,MIN_DISTANCE,OK,11.357,9.690,,0,nearest_robot=robot2
196.000,ours,-,fleet,MIN_DISTANCE_AVG,OK,9.690,,,0,robots_sampled=4
196.020,ours,-,fleet,CHOMP_TIME_PARTIAL,OK,,0.008,,0,iterations=10;iterations_executed=10;source=algorithm;round_trip=0.026946
197.000,ours,-,robot1,MIN_DISTANCE,OK,8.311,9.691,,0,nearest_robot=robot3
197.000,ours,-,robot2,MIN_DISTANCE,OK,10.409,9.691,,0,nearest_robot=robot3
197.000,ours,-,robot3,MIN_DISTANCE,OK,8.311,9.691,,0,nearest_robot=robot1
197.000,ours,-,robot4,MIN_DISTANCE,OK,11.731,9.691,,0,nearest_robot=robot2
197.000,ours,-,fleet,MIN_DISTANCE_AVG,OK,9.691,,,0,robots_sampled=4
197.090,ours,-,fleet,CHOMP_TIME_FULL,OK,,0.071,,0,iterations=100;iterations_executed=100;source=algorithm;round_trip=0.091857
197.510,ours,-,fleet,CHOMP_TIME_PARTIAL,OK,,0.008,,0,iterations=10;iterations_executed=10;source=algorithm;round_trip=0.026622
198.000,ours,-,robot1,MIN_DISTANCE,OK,8.313,9.625,,0,nearest_robot=robot3
198.000,ours,-,robot2,MIN_DISTANCE,OK,9.978,9.625,,0,nearest_robot=robot3
198.000,ours,-,robot3,MIN_DISTANCE,OK,8.313,9.625,,0,nearest_robot=robot1
198.000,ours,-,robot4,MIN_DISTANCE,OK,11.896,9.625,,0,nearest_robot=robot2
198.000,ours,-,fleet,MIN_DISTANCE_AVG,OK,9.625,,,0,robots_sampled=4
198.020,ours,-,fleet,CHOMP_TIME_PARTIAL,OK,,0.008,,0,iterations=10;iterations_executed=10;source=algorithm;round_trip=0.022924
198.520,ours,-,fleet,CHOMP_TIME_PARTIAL,OK,,0.007,,0,iterations=10;iterations_executed=10;source=algorithm;round_trip=0.021515
199.000,ours,-,robot1,MIN_DISTANCE,OK,8.314,9.500,,0,nearest_robot=robot3
199.000,ours,-,robot2,MIN_DISTANCE,OK,9.538,9.500,,0,nearest_robot=robot3
199.000,ours,-,robot3,MIN_DISTANCE,OK,8.314,9.500,,0,nearest_robot=robot1
199.000,ours,-,robot4,MIN_DISTANCE,OK,11.834,9.500,,0,nearest_robot=robot2
199.000,ours,-,fleet,MIN_DISTANCE_AVG,OK,9.500,,,0,robots_sampled=4
199.020,ours,-,fleet,CHOMP_TIME_PARTIAL,OK,,0.009,,0,iterations=10;iterations_executed=10;source=algorithm;round_trip=0.027202
199.520,ours,-,fleet,CHOMP_TIME_PARTIAL,OK,,0.008,,0,iterations=10;iterations_executed=10;source=algorithm;round_trip=0.022808
200.000,ours,-,robot1,MIN_DISTANCE,OK,8.314,9.389,,0,nearest_robot=robot3
200.000,ours,-,robot2,MIN_DISTANCE,OK,9.120,9.389,,0,nearest_robot=robot3
200.000,ours,-,robot3,MIN_DISTANCE,OK,8.314,9.389,,0,nearest_robot=robot1
200.000,ours,-,robot4,MIN_DISTANCE,OK,11.807,9.389,,0,nearest_robot=robot2
200.000,ours,-,fleet,MIN_DISTANCE_AVG,OK,9.389,,,0,robots_sampled=4
200.020,ours,-,fleet,CHOMP_TIME_PARTIAL,OK,,0.008,,0,iterations=10;iterations_executed=10;source=algorithm;round_trip=0.026943
200.520,ours,-,fleet,CHOMP_TIME_PARTIAL,OK,,0.008,,0,iterations=10;iterations_executed=10;source=algorithm;round_trip=0.022166
201.000,ours,-,robot1,MIN_DISTANCE,OK,8.314,9.301,,0,nearest_robot=robot3
201.000,ours,-,robot2,MIN_DISTANCE,OK,8.703,9.301,,0,nearest_robot=robot3
201.000,ours,-,robot3,MIN_DISTANCE,OK,8.314,9.301,,0,nearest_robot=robot1
201.000,ours,-,robot4,MIN_DISTANCE,OK,11.871,9.301,,0,nearest_robot=robot2
201.000,ours,-,fleet,MIN_DISTANCE_AVG,OK,9.301,,,0,robots_sampled=4
201.020,ours,-,fleet,CHOMP_TIME_PARTIAL,OK,,0.009,,0,iterations=10;iterations_executed=10;source=algorithm;round_trip=0.023267
201.520,ours,-,fleet,CHOMP_TIME_PARTIAL,OK,,0.008,,0,iterations=10;iterations_executed=10;source=algorithm;round_trip=0.022092
202.000,ours,-,robot1,MIN_DISTANCE,OK,8.316,9.193,,0,nearest_robot=robot3
202.000,ours,-,robot2,MIN_DISTANCE,OK,8.284,9.193,,0,nearest_robot=robot3
202.000,ours,-,robot3,MIN_DISTANCE,OK,8.284,9.193,,0,nearest_robot=robot2
202.000,ours,-,robot4,MIN_DISTANCE,OK,11.888,9.193,,0,nearest_robot=robot2
202.000,ours,-,fleet,MIN_DISTANCE_AVG,OK,9.193,,,0,robots_sampled=4
202.020,ours,-,fleet,CHOMP_TIME_PARTIAL,OK,,0.009,,0,iterations=10;iterations_executed=10;source=algorithm;round_trip=0.023790
202.520,ours,-,fleet,CHOMP_TIME_PARTIAL,OK,,0.008,,0,iterations=10;iterations_executed=10;source=algorithm;round_trip=0.026186
203.000,ours,-,robot1,MIN_DISTANCE,OK,8.313,9.005,,0,nearest_robot=robot3
203.000,ours,-,robot2,MIN_DISTANCE,OK,7.889,9.005,,0,nearest_robot=robot3
203.000,ours,-,robot3,MIN_DISTANCE,OK,7.889,9.005,,0,nearest_robot=robot2
203.000,ours,-,robot4,MIN_DISTANCE,OK,11.930,9.005,,0,nearest_robot=robot2
203.000,ours,-,fleet,MIN_DISTANCE_AVG,OK,9.005,,,0,robots_sampled=4
203.010,ours,-,fleet,CHOMP_TIME_PARTIAL,OK,,0.009,,0,iterations=10;iterations_executed=10;source=algorithm;round_trip=0.029469
203.520,ours,-,fleet,CHOMP_TIME_PARTIAL,OK,,0.007,,0,iterations=10;iterations_executed=10;source=algorithm;round_trip=0.021170
204.000,ours,-,robot1,MIN_DISTANCE,OK,8.312,8.807,,0,nearest_robot=robot3
204.000,ours,-,robot2,MIN_DISTANCE,OK,7.461,8.807,,0,nearest_robot=robot3
204.000,ours,-,robot3,MIN_DISTANCE,OK,7.461,8.807,,0,nearest_robot=robot2
204.000,ours,-,robot4,MIN_DISTANCE,OK,11.992,8.807,,0,nearest_robot=robot2
204.000,ours,-,fleet,MIN_DISTANCE_AVG,OK,8.807,,,0,robots_sampled=4
204.020,ours,-,fleet,CHOMP_TIME_PARTIAL,OK,,0.007,,0,iterations=10;iterations_executed=10;source=algorithm;round_trip=0.025911
205.000,ours,-,robot1,MIN_DISTANCE,OK,8.312,8.612,,0,nearest_robot=robot3
205.000,ours,-,robot2,MIN_DISTANCE,OK,7.050,8.612,,0,nearest_robot=robot3
205.000,ours,-,robot3,MIN_DISTANCE,OK,7.050,8.612,,0,nearest_robot=robot2
205.000,ours,-,robot4,MIN_DISTANCE,OK,12.036,8.612,,0,nearest_robot=robot2
205.000,ours,-,fleet,MIN_DISTANCE_AVG,OK,8.612,,,0,robots_sampled=4
205.070,ours,-,fleet,CHOMP_TIME_FULL,OK,,0.069,,0,iterations=100;iterations_executed=100;source=algorithm;round_trip=0.086136
205.520,ours,-,fleet,CHOMP_TIME_PARTIAL,OK,,0.007,,0,iterations=10;iterations_executed=10;source=algorithm;round_trip=0.021243
206.000,ours,-,robot1,MIN_DISTANCE,OK,8.311,8.424,,0,nearest_robot=robot3
206.000,ours,-,robot2,MIN_DISTANCE,OK,6.632,8.424,,0,nearest_robot=robot3
206.000,ours,-,robot3,MIN_DISTANCE,OK,6.632,8.424,,0,nearest_robot=robot2
206.000,ours,-,robot4,MIN_DISTANCE,OK,12.120,8.424,,0,nearest_robot=robot2
206.000,ours,-,fleet,MIN_DISTANCE_AVG,OK,8.424,,,0,robots_sampled=4
206.030,ours,-,fleet,CHOMP_TIME_PARTIAL,OK,,0.008,,0,iterations=10;iterations_executed=10;source=algorithm;round_trip=0.029171
206.520,ours,-,fleet,CHOMP_TIME_PARTIAL,OK,,0.007,,0,iterations=10;iterations_executed=10;source=algorithm;round_trip=0.021437
207.000,ours,-,robot1,MIN_DISTANCE,OK,8.311,8.243,,0,nearest_robot=robot3
207.000,ours,-,robot2,MIN_DISTANCE,OK,6.235,8.243,,0,nearest_robot=robot3
207.000,ours,-,robot3,MIN_DISTANCE,OK,6.235,8.243,,0,nearest_robot=robot2
207.000,ours,-,robot4,MIN_DISTANCE,OK,12.191,8.243,,0,nearest_robot=robot2
207.000,ours,-,fleet,MIN_DISTANCE_AVG,OK,8.243,,,0,robots_sampled=4
207.020,ours,-,fleet,CHOMP_TIME_PARTIAL,OK,,0.007,,0,iterations=10;iterations_executed=10;source=algorithm;round_trip=0.022649
207.510,ours,-,fleet,CHOMP_TIME_PARTIAL,OK,,0.007,,0,iterations=10;iterations_executed=10;source=algorithm;round_trip=0.021095
208.000,ours,-,robot1,MIN_DISTANCE,OK,8.205,8.033,,0,nearest_robot=robot3
208.000,ours,-,robot2,MIN_DISTANCE,OK,5.855,8.033,,0,nearest_robot=robot3
208.000,ours,-,robot3,MIN_DISTANCE,OK,5.855,8.033,,0,nearest_robot=robot2
208.000,ours,-,robot4,MIN_DISTANCE,OK,12.219,8.033,,0,nearest_robot=robot2
208.000,ours,-,fleet,MIN_DISTANCE_AVG,OK,8.033,,,0,robots_sampled=4
208.020,ours,-,fleet,CHOMP_TIME_PARTIAL,OK,,0.008,,0,iterations=10;iterations_executed=10;source=algorithm;round_trip=0.026950
208.520,ours,-,fleet,CHOMP_TIME_PARTIAL,OK,,0.007,,0,iterations=10;iterations_executed=10;source=algorithm;round_trip=0.021983
209.000,ours,-,robot1,MIN_DISTANCE,OK,8.247,7.836,,0,nearest_robot=robot3
209.000,ours,-,robot2,MIN_DISTANCE,OK,5.448,7.836,,0,nearest_robot=robot3
209.000,ours,-,robot3,MIN_DISTANCE,OK,5.448,7.836,,0,nearest_robot=robot2
209.000,ours,-,robot4,MIN_DISTANCE,OK,12.200,7.836,,0,nearest_robot=robot2
209.000,ours,-,fleet,MIN_DISTANCE_AVG,OK,7.836,,,0,robots_sampled=4
209.010,ours,-,fleet,CHOMP_TIME_PARTIAL,OK,,0.007,,0,iterations=10;iterations_executed=10;source=algorithm;round_trip=0.021580
209.520,ours,-,fleet,CHOMP_TIME_PARTIAL,OK,,0.008,,0,iterations=10;iterations_executed=10;source=algorithm;round_trip=0.025803
210.000,ours,-,robot1,MIN_DISTANCE,OK,8.348,7.654,,0,nearest_robot=robot3
210.000,ours,-,robot2,MIN_DISTANCE,OK,5.033,7.654,,0,nearest_robot=robot3
210.000,ours,-,robot3,MIN_DISTANCE,OK,5.033,7.654,,0,nearest_robot=robot2
210.000,ours,-,robot4,MIN_DISTANCE,OK,12.201,7.654,,0,nearest_robot=robot2
210.000,ours,-,fleet,MIN_DISTANCE_AVG,OK,7.654,,,0,robots_sampled=4
210.020,ours,-,fleet,CHOMP_TIME_PARTIAL,OK,,0.008,,0,iterations=10;iterations_executed=10;source=algorithm;round_trip=0.029054
210.520,ours,-,fleet,CHOMP_TIME_PARTIAL,OK,,0.007,,0,iterations=10;iterations_executed=10;source=algorithm;round_trip=0.020810
211.000,ours,-,robot1,MIN_DISTANCE,OK,8.354,7.433,,0,nearest_robot=robot3
211.000,ours,-,robot2,MIN_DISTANCE,OK,4.583,7.433,,0,nearest_robot=robot3
211.000,ours,-,robot3,MIN_DISTANCE,OK,4.583,7.433,,0,nearest_robot=robot2
211.000,ours,-,robot4,MIN_DISTANCE,OK,12.212,7.433,,0,nearest_robot=robot2
211.000,ours,-,fleet,MIN_DISTANCE_AVG,OK,7.433,,,0,robots_sampled=4
211.020,ours,-,fleet,CHOMP_TIME_PARTIAL,OK,,0.008,,0,iterations=10;iterations_executed=10;source=algorithm;round_trip=0.021343
211.520,ours,-,fleet,CHOMP_TIME_PARTIAL,OK,,0.008,,0,iterations=10;iterations_executed=10;source=algorithm;round_trip=0.022833
212.000,ours,-,robot1,MIN_DISTANCE,OK,8.356,7.211,,0,nearest_robot=robot3
212.000,ours,-,robot2,MIN_DISTANCE,OK,4.143,7.211,,0,nearest_robot=robot3
212.000,ours,-,robot3,MIN_DISTANCE,OK,4.143,7.211,,0,nearest_robot=robot2
212.000,ours,-,robot4,MIN_DISTANCE,OK,12.203,7.211,,0,nearest_robot=robot2
212.000,ours,-,fleet,MIN_DISTANCE_AVG,OK,7.211,,,0,robots_sampled=4
212.030,ours,-,fleet,CHOMP_TIME_PARTIAL,OK,,0.009,,0,iterations=10;iterations_executed=10;source=algorithm;round_trip=0.029195
212.520,ours,-,fleet,CHOMP_TIME_PARTIAL,OK,,0.008,,0,iterations=10;iterations_executed=10;source=algorithm;round_trip=0.020865
213.000,ours,-,robot1,MIN_DISTANCE,OK,8.358,6.961,,0,nearest_robot=robot3
213.000,ours,-,robot2,MIN_DISTANCE,OK,3.663,6.961,,0,nearest_robot=robot3
213.000,ours,-,robot3,MIN_DISTANCE,OK,3.663,6.961,,0,nearest_robot=robot2
213.000,ours,-,robot4,MIN_DISTANCE,OK,12.163,6.961,,0,nearest_robot=robot2
213.000,ours,-,fleet,MIN_DISTANCE_AVG,OK,6.961,,,0,robots_sampled=4
213.020,ours,-,fleet,CHOMP_TIME_PARTIAL,OK,,0.008,,0,iterations=10;iterations_executed=10;source=algorithm;round_trip=0.028965
214.000,ours,-,robot1,MIN_DISTANCE,OK,5.985,6.453,,0,nearest_robot=robot3
214.000,ours,-,robot2,MIN_DISTANCE,OK,3.845,6.453,,0,nearest_robot=robot3
214.000,ours,-,robot3,MIN_DISTANCE,OK,3.845,6.453,,0,nearest_robot=robot2
214.000,ours,-,robot4,MIN_DISTANCE,OK,12.136,6.453,,0,nearest_robot=robot2
214.000,ours,-,fleet,MIN_DISTANCE_AVG,OK,6.453,,,0,robots_sampled=4
214.070,ours,-,fleet,CHOMP_TIME_FULL,OK,,0.070,,0,iterations=100;iterations_executed=100;source=algorithm;round_trip=0.085830
215.000,ours,-,robot1,MIN_DISTANCE,OK,6.685,6.091,,0,nearest_robot=robot3
215.000,ours,-,robot2,MIN_DISTANCE,OK,2.787,6.091,,0,nearest_robot=robot3
215.000,ours,-,robot3,MIN_DISTANCE,OK,2.787,6.091,,0,nearest_robot=robot2
215.000,ours,-,robot4,MIN_DISTANCE,OK,12.105,6.091,,0,nearest_robot=robot2
215.000,ours,-,fleet,MIN_DISTANCE_AVG,OK,6.091,,,0,robots_sampled=4
215.080,ours,-,fleet,CHOMP_TIME_FULL,OK,,0.067,,0,iterations=100;iterations_executed=100;source=algorithm;round_trip=0.084311
215.520,ours,-,fleet,CHOMP_TIME_PARTIAL,OK,,0.007,,0,iterations=10;iterations_executed=10;source=algorithm;round_trip=0.021714
216.000,ours,-,robot1,MIN_DISTANCE,OK,6.101,5.993,,0,nearest_robot=robot3
216.000,ours,-,robot2,MIN_DISTANCE,OK,2.904,5.993,,0,nearest_robot=robot3
216.000,ours,-,robot3,MIN_DISTANCE,OK,2.904,5.993,,0,nearest_robot=robot2
216.000,ours,-,robot4,MIN_DISTANCE,OK,12.063,5.993,,0,nearest_robot=robot2
216.000,ours,-,fleet,MIN_DISTANCE_AVG,OK,5.993,,,0,robots_sampled=4
216.020,ours,-,fleet,CHOMP_TIME_PARTIAL,OK,,0.008,,0,iterations=10;iterations_executed=10;source=algorithm;round_trip=0.026192
216.520,ours,-,fleet,CHOMP_TIME_PARTIAL,OK,,0.007,,0,iterations=10;iterations_executed=10;source=algorithm;round_trip=0.026819
217.000,ours,-,robot1,MIN_DISTANCE,OK,5.471,6.105,,0,nearest_robot=robot3
217.000,ours,-,robot2,MIN_DISTANCE,OK,3.429,6.105,,0,nearest_robot=robot3
217.000,ours,-,robot3,MIN_DISTANCE,OK,3.429,6.105,,0,nearest_robot=robot2
217.000,ours,-,robot4,MIN_DISTANCE,OK,12.091,6.105,,0,nearest_robot=robot2
217.000,ours,-,fleet,MIN_DISTANCE_AVG,OK,6.105,,,0,robots_sampled=4
217.020,ours,-,fleet,CHOMP_TIME_PARTIAL,OK,,0.007,,0,iterations=10;iterations_executed=10;source=algorithm;round_trip=0.027371
217.520,ours,-,fleet,CHOMP_TIME_PARTIAL,OK,,0.008,,0,iterations=10;iterations_executed=10;source=algorithm;round_trip=0.023624
218.000,ours,-,robot1,MIN_DISTANCE,OK,4.983,6.177,,0,nearest_robot=robot3
218.000,ours,-,robot2,MIN_DISTANCE,OK,3.782,6.177,,0,nearest_robot=robot3
218.000,ours,-,robot3,MIN_DISTANCE,OK,3.782,6.177,,0,nearest_robot=robot2
218.000,ours,-,robot4,MIN_DISTANCE,OK,12.160,6.177,,0,nearest_robot=robot2
218.000,ours,-,fleet,MIN_DISTANCE_AVG,OK,6.177,,,0,robots_sampled=4
218.020,ours,-,fleet,CHOMP_TIME_PARTIAL,OK,,0.007,,0,iterations=10;iterations_executed=10;source=algorithm;round_trip=0.022559
218.520,ours,-,fleet,CHOMP_TIME_PARTIAL,OK,,0.007,,0,iterations=10;iterations_executed=10;source=algorithm;round_trip=0.022014
219.000,ours,-,robot1,MIN_DISTANCE,OK,4.351,6.286,,0,nearest_robot=robot3
219.000,ours,-,robot2,MIN_DISTANCE,OK,4.298,6.286,,0,nearest_robot=robot3
219.000,ours,-,robot3,MIN_DISTANCE,OK,4.298,6.286,,0,nearest_robot=robot2
219.000,ours,-,robot4,MIN_DISTANCE,OK,12.198,6.286,,0,nearest_robot=robot2
219.000,ours,-,fleet,MIN_DISTANCE_AVG,OK,6.286,,,0,robots_sampled=4
219.020,ours,-,fleet,CHOMP_TIME_PARTIAL,OK,,0.006,,0,iterations=10;iterations_executed=10;source=algorithm;round_trip=0.027899
219.510,ours,-,fleet,CHOMP_TIME_PARTIAL,OK,,0.007,,0,iterations=10;iterations_executed=10;source=algorithm;round_trip=0.020986
220.000,ours,-,robot1,MIN_DISTANCE,OK,3.872,6.178,,0,nearest_robot=robot3
220.000,ours,-,robot2,MIN_DISTANCE,OK,4.789,6.178,,0,nearest_robot=robot3
220.000,ours,-,robot3,MIN_DISTANCE,OK,3.872,6.178,,0,nearest_robot=robot1
220.000,ours,-,robot4,MIN_DISTANCE,OK,12.178,6.178,,0,nearest_robot=robot2
220.000,ours,-,fleet,MIN_DISTANCE_AVG,OK,6.178,,,0,robots_sampled=4
220.020,ours,-,fleet,CHOMP_TIME_PARTIAL,OK,,0.007,,0,iterations=10;iterations_executed=10;source=algorithm;round_trip=0.027792
220.510,ours,-,fleet,CHOMP_TIME_PARTIAL,OK,,0.007,,0,iterations=10;iterations_executed=10;source=algorithm;round_trip=0.021995
221.000,ours,-,robot1,MIN_DISTANCE,OK,3.468,6.087,,0,nearest_robot=robot3
221.000,ours,-,robot2,MIN_DISTANCE,OK,5.241,6.087,,0,nearest_robot=robot3
221.000,ours,-,robot3,MIN_DISTANCE,OK,3.468,6.087,,0,nearest_robot=robot1
221.030,ours,-,fleet,CHOMP_TIME_PARTIAL,OK,,0.009,,0,iterations=10;iterations_executed=10;source=algorithm;round_trip=0.035009
221.000,ours,-,robot4,MIN_DISTANCE,OK,12.172,6.087,,0,nearest_robot=robot2
221.000,ours,-,fleet,MIN_DISTANCE_AVG,OK,6.087,,,0,robots_sampled=4
221.520,ours,-,fleet,CHOMP_TIME_PARTIAL,OK,,0.007,,0,iterations=10;iterations_executed=10;source=algorithm;round_trip=0.020696
222.000,ours,-,robot1,MIN_DISTANCE,OK,3.069,5.927,,0,nearest_robot=robot3
222.000,ours,-,robot2,MIN_DISTANCE,OK,5.649,5.927,,0,nearest_robot=robot3
222.000,ours,-,robot3,MIN_DISTANCE,OK,3.069,5.927,,0,nearest_robot=robot1
222.000,ours,-,robot4,MIN_DISTANCE,OK,11.921,5.927,,0,nearest_robot=robot2
222.000,ours,-,fleet,MIN_DISTANCE_AVG,OK,5.927,,,0,robots_sampled=4
222.020,ours,-,fleet,CHOMP_TIME_PARTIAL,OK,,0.007,,0,iterations=10;iterations_executed=10;source=algorithm;round_trip=0.027567
222.520,ours,-,fleet,CHOMP_TIME_PARTIAL,OK,,0.007,,0,iterations=10;iterations_executed=10;source=algorithm;round_trip=0.020802
223.000,ours,-,robot1,MIN_DISTANCE,OK,2.766,5.750,,0,nearest_robot=robot3
223.000,ours,-,robot2,MIN_DISTANCE,OK,5.956,5.750,,0,nearest_robot=robot3
223.000,ours,-,robot3,MIN_DISTANCE,OK,2.766,5.750,,0,nearest_robot=robot1
223.000,ours,-,robot4,MIN_DISTANCE,OK,11.513,5.750,,0,nearest_robot=robot2
223.020,ours,-,fleet,CHOMP_TIME_PARTIAL,OK,,0.007,,0,iterations=10;iterations_executed=10;source=algorithm;round_trip=0.026400
223.000,ours,-,fleet,MIN_DISTANCE_AVG,OK,5.750,,,0,robots_sampled=4
224.000,ours,-,robot1,MIN_DISTANCE,OK,2.519,5.589,,0,nearest_robot=robot3
224.000,ours,-,robot2,MIN_DISTANCE,OK,6.181,5.589,,0,nearest_robot=robot3
224.000,ours,-,robot3,MIN_DISTANCE,OK,2.519,5.589,,0,nearest_robot=robot1
224.000,ours,-,robot4,MIN_DISTANCE,OK,11.135,5.589,,0,nearest_robot=robot2
224.000,ours,-,fleet,MIN_DISTANCE_AVG,OK,5.589,,,0,robots_sampled=4
224.080,ours,-,fleet,CHOMP_TIME_FULL,OK,,0.071,,0,iterations=100;iterations_executed=100;source=algorithm;round_trip=0.089334
224.510,ours,-,fleet,CHOMP_TIME_PARTIAL,OK,,0.007,,0,iterations=10;iterations_executed=10;source=algorithm;round_trip=0.021156
225.000,ours,-,robot1,MIN_DISTANCE,OK,2.389,5.434,,0,nearest_robot=robot3
225.000,ours,-,robot2,MIN_DISTANCE,OK,6.294,5.434,,0,nearest_robot=robot3
225.000,ours,-,robot3,MIN_DISTANCE,OK,2.389,5.434,,0,nearest_robot=robot1
225.000,ours,-,robot4,MIN_DISTANCE,OK,10.666,5.434,,0,nearest_robot=robot2
225.000,ours,-,fleet,MIN_DISTANCE_AVG,OK,5.434,,,0,robots_sampled=4
225.020,ours,-,fleet,CHOMP_TIME_PARTIAL,OK,,0.008,,0,iterations=10;iterations_executed=10;source=algorithm;round_trip=0.022832
225.500,ours,-,fleet,CHOMP_TIME_PARTIAL,OK,,0.007,,0,iterations=10;iterations_executed=10;source=algorithm;round_trip=0.026315
226.000,ours,-,robot1,MIN_DISTANCE,OK,2.263,5.245,,0,nearest_robot=robot3
226.000,ours,-,robot2,MIN_DISTANCE,OK,6.459,5.245,,0,nearest_robot=robot3
226.000,ours,-,robot3,MIN_DISTANCE,OK,2.263,5.245,,0,nearest_robot=robot1
226.000,ours,-,robot4,MIN_DISTANCE,OK,9.995,5.245,,0,nearest_robot=robot2
226.000,ours,-,fleet,MIN_DISTANCE_AVG,OK,5.245,,,0,robots_sampled=4
226.020,ours,-,fleet,CHOMP_TIME_PARTIAL,OK,,0.009,,0,iterations=10;iterations_executed=10;source=algorithm;round_trip=0.027775
226.520,ours,-,fleet,CHOMP_TIME_PARTIAL,OK,,0.008,,0,iterations=10;iterations_executed=10;source=algorithm;round_trip=0.026605
227.000,ours,-,robot1,MIN_DISTANCE,OK,2.004,5.044,,0,nearest_robot=robot3
227.000,ours,-,robot2,MIN_DISTANCE,OK,6.784,5.044,,0,nearest_robot=robot3
227.000,ours,-,robot3,MIN_DISTANCE,OK,2.004,5.044,,0,nearest_robot=robot1
227.000,ours,-,robot4,MIN_DISTANCE,OK,9.384,5.044,,0,nearest_robot=robot2
227.000,ours,-,fleet,MIN_DISTANCE_AVG,OK,5.044,,,0,robots_sampled=4
227.020,ours,-,fleet,CHOMP_TIME_PARTIAL,OK,,0.008,,0,iterations=10;iterations_executed=10;source=algorithm;round_trip=0.027705
227.520,ours,-,fleet,CHOMP_TIME_PARTIAL,OK,,0.007,,0,iterations=10;iterations_executed=10;source=algorithm;round_trip=0.022140
228.000,ours,-,robot1,MIN_DISTANCE,OK,1.763,4.838,,0,nearest_robot=robot3
228.000,ours,-,robot2,MIN_DISTANCE,OK,7.175,4.838,,0,nearest_robot=robot3
228.000,ours,-,robot3,MIN_DISTANCE,OK,1.763,4.838,,0,nearest_robot=robot1
228.000,ours,-,robot4,MIN_DISTANCE,OK,8.652,4.838,,0,nearest_robot=robot2
228.000,ours,-,fleet,MIN_DISTANCE_AVG,OK,4.838,,,0,robots_sampled=4
228.020,ours,-,fleet,CHOMP_TIME_PARTIAL,OK,,0.008,,0,iterations=10;iterations_executed=10;source=algorithm;round_trip=0.021049
228.520,ours,-,fleet,CHOMP_TIME_PARTIAL,OK,,0.007,,0,iterations=10;iterations_executed=10;source=algorithm;round_trip=0.026044
229.000,ours,-,robot1,MIN_DISTANCE,OK,1.636,4.684,,0,nearest_robot=robot3
229.000,ours,-,robot2,MIN_DISTANCE,OK,7.609,4.684,,0,nearest_robot=robot3
229.000,ours,-,robot3,MIN_DISTANCE,OK,1.636,4.684,,0,nearest_robot=robot1
229.020,ours,-,fleet,CHOMP_TIME_PARTIAL,OK,,0.007,,0,iterations=10;iterations_executed=10;source=algorithm;round_trip=0.021838
229.000,ours,-,robot4,MIN_DISTANCE,OK,7.856,4.684,,0,nearest_robot=robot2
229.000,ours,-,fleet,MIN_DISTANCE_AVG,OK,4.684,,,0,robots_sampled=4
230.000,ours,-,robot1,MIN_DISTANCE,OK,1.612,4.350,,0,nearest_robot=robot3
230.000,ours,-,robot2,MIN_DISTANCE,OK,7.089,4.350,,0,nearest_robot=robot4
230.000,ours,-,robot3,MIN_DISTANCE,OK,1.612,4.350,,0,nearest_robot=robot1
230.000,ours,-,robot4,MIN_DISTANCE,OK,7.089,4.350,,0,nearest_robot=robot2
230.000,ours,-,fleet,MIN_DISTANCE_AVG,OK,4.350,,,0,robots_sampled=4
230.070,ours,-,fleet,CHOMP_TIME_FULL,OK,,0.068,,0,iterations=100;iterations_executed=100;source=algorithm;round_trip=0.091492
230.520,ours,-,fleet,CHOMP_TIME_PARTIAL,OK,,0.008,,0,iterations=10;iterations_executed=10;source=algorithm;round_trip=0.021927
231.000,ours,-,robot1,MIN_DISTANCE,OK,1.682,4.096,,0,nearest_robot=robot3
231.000,ours,-,robot2,MIN_DISTANCE,OK,6.510,4.096,,0,nearest_robot=robot4
231.000,ours,-,robot3,MIN_DISTANCE,OK,1.682,4.096,,0,nearest_robot=robot1
231.000,ours,-,robot4,MIN_DISTANCE,OK,6.510,4.096,,0,nearest_robot=robot2
231.000,ours,-,fleet,MIN_DISTANCE_AVG,OK,4.096,,,0,robots_sampled=4
231.020,ours,-,fleet,CHOMP_TIME_PARTIAL,OK,,0.007,,0,iterations=10;iterations_executed=10;source=algorithm;round_trip=0.020885
231.510,ours,-,fleet,CHOMP_TIME_PARTIAL,OK,,0.007,,0,iterations=10;iterations_executed=10;source=algorithm;round_trip=0.020426
232.000,ours,-,robot1,MIN_DISTANCE,OK,1.836,3.908,,0,nearest_robot=robot3
232.000,ours,-,robot2,MIN_DISTANCE,OK,5.979,3.908,,0,nearest_robot=robot4
232.000,ours,-,robot3,MIN_DISTANCE,OK,1.836,3.908,,0,nearest_robot=robot1
232.000,ours,-,robot4,MIN_DISTANCE,OK,5.979,3.908,,0,nearest_robot=robot2
232.030,ours,-,fleet,CHOMP_TIME_PARTIAL,OK,,0.007,,0,iterations=10;iterations_executed=10;source=algorithm;round_trip=0.031670
232.000,ours,-,fleet,MIN_DISTANCE_AVG,OK,3.908,,,0,robots_sampled=4
232.520,ours,-,fleet,CHOMP_TIME_PARTIAL,OK,,0.007,,0,iterations=10;iterations_executed=10;source=algorithm;round_trip=0.021799
233.000,ours,-,robot1,MIN_DISTANCE,OK,2.082,3.828,,0,nearest_robot=robot3
233.000,ours,-,robot2,MIN_DISTANCE,OK,5.573,3.828,,0,nearest_robot=robot4
233.000,ours,-,robot3,MIN_DISTANCE,OK,2.082,3.828,,0,nearest_robot=robot1
233.000,ours,-,robot4,MIN_DISTANCE,OK,5.573,3.828,,0,nearest_robot=robot2
233.000,ours,-,fleet,MIN_DISTANCE_AVG,OK,3.828,,,0,robots_sampled=4
233.020,ours,-,fleet,CHOMP_TIME_PARTIAL,OK,,0.008,,0,iterations=10;iterations_executed=10;source=algorithm;round_trip=0.021236
233.520,ours,-,fleet,CHOMP_TIME_PARTIAL,OK,,0.007,,0,iterations=10;iterations_executed=10;source=algorithm;round_trip=0.020808
234.000,ours,-,robot1,MIN_DISTANCE,OK,2.375,3.668,,0,nearest_robot=robot3
234.000,ours,-,robot2,MIN_DISTANCE,OK,4.961,3.668,,0,nearest_robot=robot4
234.000,ours,-,robot3,MIN_DISTANCE,OK,2.375,3.668,,0,nearest_robot=robot1
234.000,ours,-,robot4,MIN_DISTANCE,OK,4.961,3.668,,0,nearest_robot=robot2
234.000,ours,-,fleet,MIN_DISTANCE_AVG,OK,3.668,,,0,robots_sampled=4
234.020,ours,-,fleet,CHOMP_TIME_PARTIAL,OK,,0.007,,0,iterations=10;iterations_executed=10;source=algorithm;round_trip=0.027142
234.520,ours,-,fleet,CHOMP_TIME_PARTIAL,OK,,0.007,,0,iterations=10;iterations_executed=10;source=algorithm;round_trip=0.021907
235.000,ours,-,robot1,MIN_DISTANCE,OK,2.603,3.451,,0,nearest_robot=robot3
235.000,ours,-,robot2,MIN_DISTANCE,OK,4.299,3.451,,0,nearest_robot=robot4
235.000,ours,-,robot3,MIN_DISTANCE,OK,2.603,3.451,,0,nearest_robot=robot1
235.000,ours,-,robot4,MIN_DISTANCE,OK,4.299,3.451,,0,nearest_robot=robot2
235.000,ours,-,fleet,MIN_DISTANCE_AVG,OK,3.451,,,0,robots_sampled=4
235.020,ours,-,fleet,CHOMP_TIME_PARTIAL,OK,,0.007,,0,iterations=10;iterations_executed=10;source=algorithm;round_trip=0.026916
235.520,ours,-,fleet,CHOMP_TIME_PARTIAL,OK,,0.007,,0,iterations=10;iterations_executed=10;source=algorithm;round_trip=0.022308
236.000,ours,-,robot1,MIN_DISTANCE,OK,2.652,3.090,,0,nearest_robot=robot3
236.000,ours,-,robot2,MIN_DISTANCE,OK,3.528,3.090,,0,nearest_robot=robot4
236.000,ours,-,robot3,MIN_DISTANCE,OK,2.652,3.090,,0,nearest_robot=robot1
236.000,ours,-,robot4,MIN_DISTANCE,OK,3.528,3.090,,0,nearest_robot=robot2
236.000,ours,-,fleet,MIN_DISTANCE_AVG,OK,3.090,,,0,robots_sampled=4
236.020,ours,-,fleet,CHOMP_TIME_PARTIAL,OK,,0.007,,0,iterations=10;iterations_executed=10;source=algorithm;round_trip=0.021019
236.520,ours,-,fleet,CHOMP_TIME_PARTIAL,OK,,0.007,,0,iterations=10;iterations_executed=10;source=algorithm;round_trip=0.020895
237.000,ours,-,robot1,MIN_DISTANCE,OK,2.652,2.694,,0,nearest_robot=robot3
237.000,ours,-,robot2,MIN_DISTANCE,OK,2.736,2.694,,0,nearest_robot=robot4
237.000,ours,-,robot3,MIN_DISTANCE,OK,2.652,2.694,,0,nearest_robot=robot1
237.000,ours,-,robot4,MIN_DISTANCE,OK,2.736,2.694,,0,nearest_robot=robot2
237.000,ours,-,fleet,MIN_DISTANCE_AVG,OK,2.694,,,0,robots_sampled=4
237.020,ours,-,fleet,CHOMP_TIME_PARTIAL,OK,,0.007,,0,iterations=10;iterations_executed=10;source=algorithm;round_trip=0.027744
237.510,ours,-,fleet,CHOMP_TIME_PARTIAL,OK,,0.007,,0,iterations=10;iterations_executed=10;source=algorithm;round_trip=0.020895
238.000,ours,-,robot1,MIN_DISTANCE,OK,2.653,2.310,,0,nearest_robot=robot3
238.000,ours,-,robot2,MIN_DISTANCE,OK,1.967,2.310,,0,nearest_robot=robot4
238.000,ours,-,robot3,MIN_DISTANCE,OK,2.653,2.310,,0,nearest_robot=robot1
238.000,ours,-,robot4,MIN_DISTANCE,OK,1.967,2.310,,0,nearest_robot=robot2
238.000,ours,-,fleet,MIN_DISTANCE_AVG,OK,2.310,,,0,robots_sampled=4
238.020,ours,-,fleet,CHOMP_TIME_PARTIAL,OK,,0.007,,0,iterations=10;iterations_executed=10;source=algorithm;round_trip=0.026937
238.510,ours,-,fleet,CHOMP_TIME_PARTIAL,OK,,0.007,,0,iterations=10;iterations_executed=10;source=algorithm;round_trip=0.026686
239.000,ours,-,robot1,MIN_DISTANCE,OK,2.653,2.007,,0,nearest_robot=robot3
239.000,ours,-,robot2,MIN_DISTANCE,OK,1.360,2.007,,0,nearest_robot=robot4
239.000,ours,-,robot3,MIN_DISTANCE,OK,2.653,2.007,,0,nearest_robot=robot1
239.000,ours,-,robot4,MIN_DISTANCE,OK,1.360,2.007,,0,nearest_robot=robot2
239.020,ours,-,fleet,CHOMP_TIME_PARTIAL,OK,,0.007,,0,iterations=10;iterations_executed=10;source=algorithm;round_trip=0.027020
239.000,ours,-,fleet,MIN_DISTANCE_AVG,OK,2.007,,,0,robots_sampled=4
239.520,ours,-,fleet,CHOMP_TIME_PARTIAL,OK,,0.006,,0,iterations=10;iterations_executed=10;source=algorithm;round_trip=0.020141
240.000,ours,-,robot1,MIN_DISTANCE,OK,2.653,1.821,,0,nearest_robot=robot3
240.000,ours,-,robot2,MIN_DISTANCE,OK,0.989,1.821,,0,nearest_robot=robot4
240.000,ours,-,robot3,MIN_DISTANCE,OK,2.653,1.821,,0,nearest_robot=robot1
240.000,ours,-,robot4,MIN_DISTANCE,OK,0.989,1.821,,0,nearest_robot=robot2
240.000,ours,-,fleet,MIN_DISTANCE_AVG,OK,1.821,,,0,robots_sampled=4
240.020,ours,-,fleet,CHOMP_TIME_PARTIAL,OK,,0.008,,0,iterations=10;iterations_executed=10;source=algorithm;round_trip=0.029190
240.520,ours,-,fleet,CHOMP_TIME_PARTIAL,OK,,0.007,,0,iterations=10;iterations_executed=10;source=algorithm;round_trip=0.027332
241.000,ours,-,robot1,MIN_DISTANCE,OK,2.653,1.904,,0,nearest_robot=robot3
241.000,ours,-,robot2,MIN_DISTANCE,OK,1.155,1.904,,0,nearest_robot=robot4
241.000,ours,-,robot3,MIN_DISTANCE,OK,2.653,1.904,,0,nearest_robot=robot1
241.000,ours,-,robot4,MIN_DISTANCE,OK,1.155,1.904,,0,nearest_robot=robot2
241.000,ours,-,fleet,MIN_DISTANCE_AVG,OK,1.904,,,0,robots_sampled=4
241.020,ours,-,fleet,CHOMP_TIME_PARTIAL,OK,,0.007,,0,iterations=10;iterations_executed=10;source=algorithm;round_trip=0.020709
241.510,ours,-,fleet,CHOMP_TIME_PARTIAL,OK,,0.007,,0,iterations=10;iterations_executed=10;source=algorithm;round_trip=0.020907
242.000,ours,-,robot1,MIN_DISTANCE,OK,2.654,2.176,,0,nearest_robot=robot3
242.000,ours,-,robot2,MIN_DISTANCE,OK,1.699,2.176,,0,nearest_robot=robot4
242.000,ours,-,robot3,MIN_DISTANCE,OK,2.654,2.176,,0,nearest_robot=robot1
242.000,ours,-,robot4,MIN_DISTANCE,OK,1.699,2.176,,0,nearest_robot=robot2
242.000,ours,-,fleet,MIN_DISTANCE_AVG,OK,2.176,,,0,robots_sampled=4
242.020,ours,-,fleet,CHOMP_TIME_PARTIAL,OK,,0.007,,0,iterations=10;iterations_executed=10;source=algorithm;round_trip=0.027062
242.520,ours,-,fleet,CHOMP_TIME_PARTIAL,OK,,0.007,,0,iterations=10;iterations_executed=10;source=algorithm;round_trip=0.020783
243.000,ours,-,robot1,MIN_DISTANCE,OK,2.654,2.577,,0,nearest_robot=robot3
243.000,ours,-,robot2,MIN_DISTANCE,OK,2.501,2.577,,0,nearest_robot=robot4
243.000,ours,-,robot3,MIN_DISTANCE,OK,2.654,2.577,,0,nearest_robot=robot1
243.000,ours,-,robot4,MIN_DISTANCE,OK,2.501,2.577,,0,nearest_robot=robot2
243.000,ours,-,fleet,MIN_DISTANCE_AVG,OK,2.577,,,0,robots_sampled=4
243.020,ours,-,fleet,CHOMP_TIME_PARTIAL,OK,,0.007,,0,iterations=10;iterations_executed=10;source=algorithm;round_trip=0.021789
243.520,ours,-,fleet,CHOMP_TIME_PARTIAL,OK,,0.009,,0,iterations=10;iterations_executed=10;source=algorithm;round_trip=0.028350
244.000,ours,-,robot1,MIN_DISTANCE,OK,2.654,2.973,,0,nearest_robot=robot3
244.000,ours,-,robot2,MIN_DISTANCE,OK,3.292,2.973,,0,nearest_robot=robot4
244.000,ours,-,robot3,MIN_DISTANCE,OK,2.654,2.973,,0,nearest_robot=robot1
244.000,ours,-,robot4,MIN_DISTANCE,OK,3.292,2.973,,0,nearest_robot=robot2
244.000,ours,-,fleet,MIN_DISTANCE_AVG,OK,2.973,,,0,robots_sampled=4
244.020,ours,-,fleet,CHOMP_TIME_PARTIAL,OK,,0.007,,0,iterations=10;iterations_executed=10;source=algorithm;round_trip=0.029260
244.520,ours,-,fleet,CHOMP_TIME_PARTIAL,OK,,0.009,,0,iterations=10;iterations_executed=10;source=algorithm;round_trip=0.022252
245.000,ours,-,robot1,MIN_DISTANCE,OK,2.654,3.394,,0,nearest_robot=robot3
245.000,ours,-,robot2,MIN_DISTANCE,OK,4.135,3.394,,0,nearest_robot=robot4
245.000,ours,-,robot3,MIN_DISTANCE,OK,2.654,3.394,,0,nearest_robot=robot1
245.000,ours,-,robot4,MIN_DISTANCE,OK,4.135,3.394,,0,nearest_robot=robot2
245.000,ours,-,fleet,MIN_DISTANCE_AVG,OK,3.394,,,0,robots_sampled=4
245.020,ours,-,fleet,CHOMP_TIME_PARTIAL,OK,,0.008,,0,iterations=10;iterations_executed=10;source=algorithm;round_trip=0.029856
245.520,ours,-,fleet,CHOMP_TIME_PARTIAL,OK,,0.007,,0,iterations=10;iterations_executed=10;source=algorithm;round_trip=0.021509
246.000,ours,-,robot1,MIN_DISTANCE,OK,2.655,3.819,,0,nearest_robot=robot3
246.000,ours,-,robot2,MIN_DISTANCE,OK,4.984,3.819,,0,nearest_robot=robot4
246.000,ours,-,robot3,MIN_DISTANCE,OK,2.655,3.819,,0,nearest_robot=robot1
246.000,ours,-,robot4,MIN_DISTANCE,OK,4.984,3.819,,0,nearest_robot=robot2
246.000,ours,-,fleet,MIN_DISTANCE_AVG,OK,3.819,,,0,robots_sampled=4
246.010,ours,-,fleet,CHOMP_TIME_PARTIAL,OK,,0.008,,0,iterations=10;iterations_executed=10;source=algorithm;round_trip=0.023413
246.520,ours,-,fleet,CHOMP_TIME_PARTIAL,OK,,0.007,,0,iterations=10;iterations_executed=10;source=algorithm;round_trip=0.026503
247.000,ours,-,robot1,MIN_DISTANCE,OK,2.655,4.245,,0,nearest_robot=robot3
247.000,ours,-,robot2,MIN_DISTANCE,OK,5.835,4.245,,0,nearest_robot=robot4
247.000,ours,-,robot3,MIN_DISTANCE,OK,2.655,4.245,,0,nearest_robot=robot1
247.000,ours,-,robot4,MIN_DISTANCE,OK,5.835,4.245,,0,nearest_robot=robot2
247.000,ours,-,fleet,MIN_DISTANCE_AVG,OK,4.245,,,0,robots_sampled=4
247.020,ours,-,fleet,CHOMP_TIME_PARTIAL,OK,,0.007,,0,iterations=10;iterations_executed=10;source=algorithm;round_trip=0.027350
247.520,ours,-,fleet,CHOMP_TIME_PARTIAL,OK,,0.007,,0,iterations=10;iterations_executed=10;source=algorithm;round_trip=0.032318
248.000,ours,-,robot1,MIN_DISTANCE,OK,2.655,4.675,,0,nearest_robot=robot3
248.000,ours,-,robot2,MIN_DISTANCE,OK,6.695,4.675,,0,nearest_robot=robot4
248.000,ours,-,robot3,MIN_DISTANCE,OK,2.655,4.675,,0,nearest_robot=robot1
248.000,ours,-,robot4,MIN_DISTANCE,OK,6.695,4.675,,0,nearest_robot=robot2
248.000,ours,-,fleet,MIN_DISTANCE_AVG,OK,4.675,,,0,robots_sampled=4
248.020,ours,-,fleet,CHOMP_TIME_PARTIAL,OK,,0.007,,0,iterations=10;iterations_executed=10;source=algorithm;round_trip=0.020774
248.510,ours,-,fleet,CHOMP_TIME_PARTIAL,OK,,0.007,,0,iterations=10;iterations_executed=10;source=algorithm;round_trip=0.026200
249.000,ours,-,robot1,MIN_DISTANCE,OK,2.655,5.071,,0,nearest_robot=robot3
249.000,ours,-,robot2,MIN_DISTANCE,OK,7.486,5.071,,0,nearest_robot=robot4
249.000,ours,-,robot3,MIN_DISTANCE,OK,2.655,5.071,,0,nearest_robot=robot1
249.000,ours,-,robot4,MIN_DISTANCE,OK,7.486,5.071,,0,nearest_robot=robot2
249.020,ours,-,fleet,CHOMP_TIME_PARTIAL,OK,,0.007,,0,iterations=10;iterations_executed=10;source=algorithm;round_trip=0.027688
249.000,ours,-,fleet,MIN_DISTANCE_AVG,OK,5.071,,,0,robots_sampled=4
249.520,ours,-,fleet,CHOMP_TIME_PARTIAL,OK,,0.006,,0,iterations=10;iterations_executed=10;source=algorithm;round_trip=0.020440
250.000,ours,-,robot1,MIN_DISTANCE,OK,2.655,5.464,,0,nearest_robot=robot3
250.000,ours,-,robot2,MIN_DISTANCE,OK,8.272,5.464,,0,nearest_robot=robot4
250.000,ours,-,robot3,MIN_DISTANCE,OK,2.655,5.464,,0,nearest_robot=robot1
250.000,ours,-,robot4,MIN_DISTANCE,OK,8.272,5.464,,0,nearest_robot=robot2
250.020,ours,-,fleet,CHOMP_TIME_PARTIAL,OK,,0.007,,0,iterations=10;iterations_executed=10;source=algorithm;round_trip=0.027531
250.000,ours,-,fleet,MIN_DISTANCE_AVG,OK,5.464,,,0,robots_sampled=4
250.520,ours,-,fleet,CHOMP_TIME_PARTIAL,OK,,0.007,,0,iterations=10;iterations_executed=10;source=algorithm;round_trip=0.021187
251.000,ours,-,robot1,MIN_DISTANCE,OK,2.656,5.799,,0,nearest_robot=robot3
251.000,ours,-,robot2,MIN_DISTANCE,OK,9.051,5.799,,0,nearest_robot=robot4
251.000,ours,-,robot3,MIN_DISTANCE,OK,2.656,5.799,,0,nearest_robot=robot1
251.000,ours,-,robot4,MIN_DISTANCE,OK,8.836,5.799,,0,nearest_robot=robot1
251.000,ours,-,fleet,MIN_DISTANCE_AVG,OK,5.799,,,0,robots_sampled=4
251.020,ours,-,fleet,CHOMP_TIME_PARTIAL,OK,,0.007,,0,iterations=10;iterations_executed=10;source=algorithm;round_trip=0.027613
251.520,ours,-,fleet,CHOMP_TIME_PARTIAL,OK,,0.006,,0,iterations=10;iterations_executed=10;source=algorithm;round_trip=0.020528
252.000,ours,-,robot1,MIN_DISTANCE,OK,2.656,6.056,,0,nearest_robot=robot3
252.000,ours,-,robot2,MIN_DISTANCE,OK,9.858,6.056,,0,nearest_robot=robot4
252.000,ours,-,robot3,MIN_DISTANCE,OK,2.656,6.056,,0,nearest_robot=robot1
252.000,ours,-,robot4,MIN_DISTANCE,OK,9.055,6.056,,0,nearest_robot=robot1
252.000,ours,-,fleet,MIN_DISTANCE_AVG,OK,6.056,,,0,robots_sampled=4
252.010,ours,-,fleet,CHOMP_TIME_PARTIAL,OK,,0.007,,0,iterations=10;iterations_executed=10;source=algorithm;round_trip=0.026991
252.510,ours,-,fleet,CHOMP_TIME_PARTIAL,OK,,0.007,,0,iterations=10;iterations_executed=10;source=algorithm;round_trip=0.026907
253.000,ours,-,robot1,MIN_DISTANCE,OK,2.656,6.297,,0,nearest_robot=robot3
253.000,ours,-,robot2,MIN_DISTANCE,OK,10.621,6.297,,0,nearest_robot=robot4
253.000,ours,-,robot3,MIN_DISTANCE,OK,2.656,6.297,,0,nearest_robot=robot1
253.000,ours,-,robot4,MIN_DISTANCE,OK,9.255,6.297,,0,nearest_robot=robot1
253.020,ours,-,fleet,CHOMP_TIME_PARTIAL,OK,,0.007,,0,iterations=10;iterations_executed=10;source=algorithm;round_trip=0.027497
253.000,ours,-,fleet,MIN_DISTANCE_AVG,OK,6.297,,,0,robots_sampled=4
253.510,ours,-,fleet,CHOMP_TIME_PARTIAL,OK,,0.007,,0,iterations=10;iterations_executed=10;source=algorithm;round_trip=0.020959
254.000,ours,-,robot1,MIN_DISTANCE,OK,2.656,6.413,,0,nearest_robot=robot3
254.000,ours,-,robot2,MIN_DISTANCE,OK,11.034,6.413,,0,nearest_robot=robot4
254.000,ours,-,robot3,MIN_DISTANCE,OK,2.656,6.413,,0,nearest_robot=robot1
254.010,ours,-,fleet,CHOMP_TIME_PARTIAL,OK,,0.008,,0,iterations=10;iterations_executed=10;source=algorithm;round_trip=0.027938
254.000,ours,-,robot4,MIN_DISTANCE,OK,9.305,6.413,,0,nearest_robot=robot1
254.000,ours,-,fleet,MIN_DISTANCE_AVG,OK,6.413,,,0,robots_sampled=4
254.510,ours,-,fleet,CHOMP_TIME_PARTIAL,OK,,0.007,,0,iterations=10;iterations_executed=10;source=algorithm;round_trip=0.021614
255.000,ours,-,robot1,MIN_DISTANCE,OK,2.657,6.530,,0,nearest_robot=robot3
255.000,ours,-,robot2,MIN_DISTANCE,OK,11.414,6.530,,0,nearest_robot=robot4
255.000,ours,-,robot3,MIN_DISTANCE,OK,2.657,6.530,,0,nearest_robot=robot1
255.000,ours,-,robot4,MIN_DISTANCE,OK,9.394,6.530,,0,nearest_robot=robot1
255.000,ours,-,fleet,MIN_DISTANCE_AVG,OK,6.530,,,0,robots_sampled=4
255.030,ours,-,fleet,CHOMP_TIME_PARTIAL,OK,,0.007,,0,iterations=10;iterations_executed=10;source=algorithm;round_trip=0.029455
255.510,ours,-,fleet,CHOMP_TIME_PARTIAL,OK,,0.007,,0,iterations=10;iterations_executed=10;source=algorithm;round_trip=0.026673
256.000,ours,-,robot1,MIN_DISTANCE,OK,2.657,6.629,,0,nearest_robot=robot3
256.000,ours,-,robot2,MIN_DISTANCE,OK,11.808,6.629,,0,nearest_robot=robot4
256.000,ours,-,robot3,MIN_DISTANCE,OK,2.657,6.629,,0,nearest_robot=robot1
256.000,ours,-,robot4,MIN_DISTANCE,OK,9.394,6.629,,0,nearest_robot=robot1
256.000,ours,-,fleet,MIN_DISTANCE_AVG,OK,6.629,,,0,robots_sampled=4
256.030,ours,-,fleet,CHOMP_TIME_PARTIAL,OK,,0.008,,0,iterations=10;iterations_executed=10;source=algorithm;round_trip=0.029126
257.000,ours,-,robot1,MIN_DISTANCE,OK,2.657,6.738,,0,nearest_robot=robot3
257.000,ours,-,robot2,MIN_DISTANCE,OK,12.244,6.738,,0,nearest_robot=robot4
257.000,ours,-,robot3,MIN_DISTANCE,OK,2.657,6.738,,0,nearest_robot=robot1
257.000,ours,-,robot4,MIN_DISTANCE,OK,9.394,6.738,,0,nearest_robot=robot1
257.000,ours,-,fleet,MIN_DISTANCE_AVG,OK,6.738,,,0,robots_sampled=4
257.090,ours,-,fleet,CHOMP_TIME_FULL,OK,,0.067,,0,iterations=100;iterations_executed=100;source=algorithm;round_trip=0.089052
257.520,ours,-,fleet,CHOMP_TIME_PARTIAL,OK,,0.007,,0,iterations=10;iterations_executed=10;source=algorithm;round_trip=0.027885
258.000,ours,-,robot1,MIN_DISTANCE,OK,2.657,6.897,,0,nearest_robot=robot3
258.000,ours,-,robot2,MIN_DISTANCE,OK,12.790,6.897,,0,nearest_robot=robot4
258.000,ours,-,robot3,MIN_DISTANCE,OK,2.657,6.897,,0,nearest_robot=robot1
258.000,ours,-,robot4,MIN_DISTANCE,OK,9.481,6.897,,0,nearest_robot=robot3
258.000,ours,-,fleet,MIN_DISTANCE_AVG,OK,6.897,,,0,robots_sampled=4
258.010,ours,-,fleet,CHOMP_TIME_PARTIAL,OK,,0.008,,0,iterations=10;iterations_executed=10;source=algorithm;round_trip=0.029600
258.510,ours,-,fleet,CHOMP_TIME_PARTIAL,OK,,0.008,,0,iterations=10;iterations_executed=10;source=algorithm;round_trip=0.027351
259.000,ours,-,robot1,MIN_DISTANCE,OK,2.657,7.106,,0,nearest_robot=robot3
259.000,ours,-,robot2,MIN_DISTANCE,OK,13.551,7.106,,0,nearest_robot=robot4
259.000,ours,-,robot3,MIN_DISTANCE,OK,2.657,7.106,,0,nearest_robot=robot1
259.000,ours,-,robot4,MIN_DISTANCE,OK,9.557,7.106,,0,nearest_robot=robot3
259.000,ours,-,fleet,MIN_DISTANCE_AVG,OK,7.106,,,0,robots_sampled=4
259.030,ours,-,fleet,CHOMP_TIME_PARTIAL,OK,,0.007,,0,iterations=10;iterations_executed=10;source=algorithm;round_trip=0.028315
259.520,ours,-,fleet,CHOMP_TIME_PARTIAL,OK,,0.007,,0,iterations=10;iterations_executed=10;source=algorithm;round_trip=0.026655
260.000,ours,-,robot1,MIN_DISTANCE,OK,2.658,7.319,,0,nearest_robot=robot3
260.000,ours,-,robot2,MIN_DISTANCE,OK,14.451,7.319,,0,nearest_robot=robot4
260.000,ours,-,robot3,MIN_DISTANCE,OK,2.658,7.319,,0,nearest_robot=robot1
260.000,ours,-,robot4,MIN_DISTANCE,OK,9.508,7.319,,0,nearest_robot=robot3
260.020,ours,-,fleet,CHOMP_TIME_PARTIAL,OK,,0.007,,0,iterations=10;iterations_executed=10;source=algorithm;round_trip=0.028486
260.000,ours,-,fleet,MIN_DISTANCE_AVG,OK,7.319,,,0,robots_sampled=4
261.000,ours,-,robot1,MIN_DISTANCE,OK,2.658,7.550,,0,nearest_robot=robot3
261.000,ours,-,robot2,MIN_DISTANCE,OK,15.172,7.550,,0,nearest_robot=robot4
261.000,ours,-,robot3,MIN_DISTANCE,OK,2.658,7.550,,0,nearest_robot=robot1
261.000,ours,-,robot4,MIN_DISTANCE,OK,9.711,7.550,,0,nearest_robot=robot3
261.000,ours,-,fleet,MIN_DISTANCE_AVG,OK,7.550,,,0,robots_sampled=4
261.070,ours,-,fleet,CHOMP_TIME_FULL,OK,,0.064,,0,iterations=100;iterations_executed=100;source=algorithm;round_trip=0.080586
261.530,ours,-,fleet,CHOMP_TIME_PARTIAL,OK,,0.007,,0,iterations=10;iterations_executed=10;source=algorithm;round_trip=0.033424
262.000,ours,-,robot1,MIN_DISTANCE,OK,2.658,7.778,,0,nearest_robot=robot3
262.000,ours,-,robot2,MIN_DISTANCE,OK,15.913,7.778,,0,nearest_robot=robot4
262.000,ours,-,robot3,MIN_DISTANCE,OK,2.658,7.778,,0,nearest_robot=robot1
262.000,ours,-,robot4,MIN_DISTANCE,OK,9.881,7.778,,0,nearest_robot=robot3
262.000,ours,-,fleet,MIN_DISTANCE_AVG,OK,7.778,,,0,robots_sampled=4
262.020,ours,-,fleet,CHOMP_TIME_PARTIAL,OK,,0.007,,0,iterations=10;iterations_executed=10;source=algorithm;round_trip=0.029903
262.510,ours,-,fleet,CHOMP_TIME_PARTIAL,OK,,0.007,,0,iterations=10;iterations_executed=10;source=algorithm;round_trip=0.027391
263.000,ours,-,robot1,MIN_DISTANCE,OK,2.658,8.008,,0,nearest_robot=robot3
263.000,ours,-,robot2,MIN_DISTANCE,OK,16.704,8.008,,0,nearest_robot=robot4
263.000,ours,-,robot3,MIN_DISTANCE,OK,2.658,8.008,,0,nearest_robot=robot1
263.000,ours,-,robot4,MIN_DISTANCE,OK,10.011,8.008,,0,nearest_robot=robot3
263.000,ours,-,fleet,MIN_DISTANCE_AVG,OK,8.008,,,0,robots_sampled=4
263.020,ours,-,fleet,CHOMP_TIME_PARTIAL,OK,,0.007,,0,iterations=10;iterations_executed=10;source=algorithm;round_trip=0.028065
263.520,ours,-,fleet,CHOMP_TIME_PARTIAL,OK,,0.007,,0,iterations=10;iterations_executed=10;source=algorithm;round_trip=0.027394
264.000,ours,-,robot1,MIN_DISTANCE,OK,2.659,8.246,,0,nearest_robot=robot3
264.000,ours,-,robot2,MIN_DISTANCE,OK,17.448,8.246,,0,nearest_robot=robot4
264.000,ours,-,robot3,MIN_DISTANCE,OK,2.659,8.246,,0,nearest_robot=robot1
264.000,ours,-,robot4,MIN_DISTANCE,OK,10.217,8.246,,0,nearest_robot=robot3
264.000,ours,-,fleet,MIN_DISTANCE_AVG,OK,8.246,,,0,robots_sampled=4
264.020,ours,-,fleet,CHOMP_TIME_PARTIAL,OK,,0.008,,0,iterations=10;iterations_executed=10;source=algorithm;round_trip=0.029102
264.520,ours,-,fleet,CHOMP_TIME_PARTIAL,OK,,0.007,,0,iterations=10;iterations_executed=10;source=algorithm;round_trip=0.027470
265.000,ours,-,robot1,MIN_DISTANCE,OK,2.659,8.497,,0,nearest_robot=robot3
265.000,ours,-,robot2,MIN_DISTANCE,OK,18.117,8.497,,0,nearest_robot=robot4
265.000,ours,-,robot3,MIN_DISTANCE,OK,2.659,8.497,,0,nearest_robot=robot1
265.000,ours,-,robot4,MIN_DISTANCE,OK,10.553,8.497,,0,nearest_robot=robot3
265.030,ours,-,fleet,CHOMP_TIME_PARTIAL,OK,,0.007,,0,iterations=10;iterations_executed=10;source=algorithm;round_trip=0.030104
265.000,ours,-,fleet,MIN_DISTANCE_AVG,OK,8.497,,,0,robots_sampled=4
265.530,ours,-,fleet,CHOMP_TIME_PARTIAL,OK,,0.008,,0,iterations=10;iterations_executed=10;source=algorithm;round_trip=0.036057
266.000,ours,-,robot1,MIN_DISTANCE,OK,2.659,8.742,,0,nearest_robot=robot3
266.000,ours,-,robot2,MIN_DISTANCE,OK,18.703,8.742,,0,nearest_robot=robot4
266.000,ours,-,robot3,MIN_DISTANCE,OK,2.659,8.742,,0,nearest_robot=robot1
266.000,ours,-,robot4,MIN_DISTANCE,OK,10.945,8.742,,0,nearest_robot=robot3
266.000,ours,-,fleet,MIN_DISTANCE_AVG,OK,8.742,,,0,robots_sampled=4
266.020,ours,-,fleet,CHOMP_TIME_PARTIAL,OK,,0.007,,0,iterations=10;iterations_executed=10;source=algorithm;round_trip=0.030882
266.530,ours,-,fleet,CHOMP_TIME_PARTIAL,OK,,0.007,,0,iterations=10;iterations_executed=10;source=algorithm;round_trip=0.029851
267.000,ours,-,robot1,MIN_DISTANCE,OK,2.659,8.985,,0,nearest_robot=robot3
267.000,ours,-,robot2,MIN_DISTANCE,OK,19.366,8.985,,0,nearest_robot=robot4
267.000,ours,-,robot3,MIN_DISTANCE,OK,2.659,8.985,,0,nearest_robot=robot1
267.000,ours,-,robot4,MIN_DISTANCE,OK,11.255,8.985,,0,nearest_robot=robot3
267.000,ours,-,fleet,MIN_DISTANCE_AVG,OK,8.985,,,0,robots_sampled=4
267.020,ours,-,fleet,CHOMP_TIME_PARTIAL,OK,,0.008,,0,iterations=10;iterations_executed=10;source=algorithm;round_trip=0.028251
267.510,ours,-,fleet,CHOMP_TIME_PARTIAL,OK,,0.007,,0,iterations=10;iterations_executed=10;source=algorithm;round_trip=0.021438
268.000,ours,-,robot1,MIN_DISTANCE,OK,2.660,9.233,,0,nearest_robot=robot3
268.000,ours,-,robot2,MIN_DISTANCE,OK,19.975,9.233,,0,nearest_robot=robot4
268.000,ours,-,robot3,MIN_DISTANCE,OK,2.660,9.233,,0,nearest_robot=robot1
268.000,ours,-,robot4,MIN_DISTANCE,OK,11.637,9.233,,0,nearest_robot=robot3
268.000,ours,-,fleet,MIN_DISTANCE_AVG,OK,9.233,,,0,robots_sampled=4
268.030,ours,-,fleet,CHOMP_TIME_PARTIAL,OK,,0.008,,0,iterations=10;iterations_executed=10;source=algorithm;round_trip=0.029740
268.520,ours,-,fleet,CHOMP_TIME_PARTIAL,OK,,0.007,,0,iterations=10;iterations_executed=10;source=algorithm;round_trip=0.020810
269.000,ours,-,robot1,MIN_DISTANCE,OK,2.660,9.475,,0,nearest_robot=robot3
269.000,ours,-,robot2,MIN_DISTANCE,OK,20.637,9.475,,0,nearest_robot=robot4
269.000,ours,-,robot3,MIN_DISTANCE,OK,2.660,9.475,,0,nearest_robot=robot1
269.000,ours,-,robot4,MIN_DISTANCE,OK,11.943,9.475,,0,nearest_robot=robot3
269.000,ours,-,fleet,MIN_DISTANCE_AVG,OK,9.475,,,0,robots_sampled=4
269.020,ours,-,fleet,CHOMP_TIME_PARTIAL,OK,,0.007,,0,iterations=10;iterations_executed=10;source=algorithm;round_trip=0.029255
269.520,ours,-,fleet,CHOMP_TIME_PARTIAL,OK,,0.008,,0,iterations=10;iterations_executed=10;source=algorithm;round_trip=0.032810
270.000,ours,-,robot1,MIN_DISTANCE,OK,2.660,9.711,,0,nearest_robot=robot3
270.000,ours,-,robot2,MIN_DISTANCE,OK,21.301,9.711,,0,nearest_robot=robot4
270.000,ours,-,robot3,MIN_DISTANCE,OK,2.660,9.711,,0,nearest_robot=robot1
270.000,ours,-,robot4,MIN_DISTANCE,OK,12.224,9.711,,0,nearest_robot=robot3
270.000,ours,-,fleet,MIN_DISTANCE_AVG,OK,9.711,,,0,robots_sampled=4
270.020,ours,-,fleet,CHOMP_TIME_PARTIAL,OK,,0.007,,0,iterations=10;iterations_executed=10;source=algorithm;round_trip=0.030683
270.520,ours,-,fleet,CHOMP_TIME_PARTIAL,OK,,0.007,,0,iterations=10;iterations_executed=10;source=algorithm;round_trip=0.028227
271.000,ours,-,robot1,MIN_DISTANCE,OK,2.660,9.945,,0,nearest_robot=robot3
271.000,ours,-,robot2,MIN_DISTANCE,OK,22.020,9.945,,0,nearest_robot=robot4
271.000,ours,-,robot3,MIN_DISTANCE,OK,2.660,9.945,,0,nearest_robot=robot1
271.000,ours,-,robot4,MIN_DISTANCE,OK,12.438,9.945,,0,nearest_robot=robot3
271.020,ours,-,fleet,CHOMP_TIME_PARTIAL,OK,,0.007,,0,iterations=10;iterations_executed=10;source=algorithm;round_trip=0.028890
271.000,ours,-,fleet,MIN_DISTANCE_AVG,OK,9.945,,,0,robots_sampled=4
271.520,ours,-,fleet,CHOMP_TIME_PARTIAL,OK,,0.007,,0,iterations=10;iterations_executed=10;source=algorithm;round_trip=0.026734
272.000,ours,-,robot1,MIN_DISTANCE,OK,2.660,10.153,,0,nearest_robot=robot3
272.000,ours,-,robot2,MIN_DISTANCE,OK,22.598,10.153,,0,nearest_robot=robot4
272.000,ours,-,robot3,MIN_DISTANCE,OK,2.660,10.153,,0,nearest_robot=robot1
272.000,ours,-,robot4,MIN_DISTANCE,OK,12.694,10.153,,0,nearest_robot=robot3
272.000,ours,-,fleet,MIN_DISTANCE_AVG,OK,10.153,,,0,robots_sampled=4
272.570,ours,-,fleet,CHOMP_TIME_FULL,OK,,0.066,,0,iterations=100;iterations_executed=100;source=algorithm;round_trip=0.088333
273.000,ours,-,robot1,MIN_DISTANCE,OK,2.661,10.360,,0,nearest_robot=robot3
273.000,ours,-,robot2,MIN_DISTANCE,OK,23.049,10.360,,0,nearest_robot=robot1
273.000,ours,-,robot3,MIN_DISTANCE,OK,2.661,10.360,,0,nearest_robot=robot1
273.000,ours,-,robot4,MIN_DISTANCE,OK,13.068,10.360,,0,nearest_robot=robot3
273.000,ours,-,fleet,MIN_DISTANCE_AVG,OK,10.360,,,0,robots_sampled=4
273.030,ours,-,fleet,CHOMP_TIME_PARTIAL,OK,,0.008,,0,iterations=10;iterations_executed=10;source=algorithm;round_trip=0.030052
273.520,ours,-,fleet,CHOMP_TIME_PARTIAL,OK,,0.007,,0,iterations=10;iterations_executed=10;source=algorithm;round_trip=0.029144
274.000,ours,-,robot1,MIN_DISTANCE,OK,2.661,10.546,,0,nearest_robot=robot3
274.000,ours,-,robot2,MIN_DISTANCE,OK,23.442,10.546,,0,nearest_robot=robot1
274.000,ours,-,robot3,MIN_DISTANCE,OK,2.661,10.546,,0,nearest_robot=robot1
274.000,ours,-,robot4,MIN_DISTANCE,OK,13.421,10.546,,0,nearest_robot=robot3
274.020,ours,-,fleet,CHOMP_TIME_PARTIAL,OK,,0.008,,0,iterations=10;iterations_executed=10;source=algorithm;round_trip=0.029936
274.000,ours,-,fleet,MIN_DISTANCE_AVG,OK,10.546,,,0,robots_sampled=4
274.520,ours,-,fleet,CHOMP_TIME_PARTIAL,OK,,0.007,,0,iterations=10;iterations_executed=10;source=algorithm;round_trip=0.027186
275.000,ours,-,robot1,MIN_DISTANCE,OK,2.661,10.658,,0,nearest_robot=robot3
275.000,ours,-,robot2,MIN_DISTANCE,OK,23.714,10.658,,0,nearest_robot=robot1
275.000,ours,-,robot3,MIN_DISTANCE,OK,2.661,10.658,,0,nearest_robot=robot1
275.000,ours,-,robot4,MIN_DISTANCE,OK,13.595,10.658,,0,nearest_robot=robot3
275.000,ours,-,fleet,MIN_DISTANCE_AVG,OK,10.658,,,0,robots_sampled=4
275.010,ours,-,fleet,CHOMP_TIME_PARTIAL,OK,,0.007,,0,iterations=10;iterations_executed=10;source=algorithm;round_trip=0.023520
275.520,ours,-,fleet,CHOMP_TIME_PARTIAL,OK,,0.007,,0,iterations=10;iterations_executed=10;source=algorithm;round_trip=0.027386
276.000,ours,-,robot1,MIN_DISTANCE,OK,2.661,10.770,,0,nearest_robot=robot3
276.000,ours,-,robot2,MIN_DISTANCE,OK,24.053,10.770,,0,nearest_robot=robot1
276.000,ours,-,robot3,MIN_DISTANCE,OK,2.661,10.770,,0,nearest_robot=robot1
276.000,ours,-,robot4,MIN_DISTANCE,OK,13.704,10.770,,0,nearest_robot=robot3
276.000,ours,-,fleet,MIN_DISTANCE_AVG,OK,10.770,,,0,robots_sampled=4
276.010,ours,-,fleet,CHOMP_TIME_PARTIAL,OK,,0.008,,0,iterations=10;iterations_executed=10;source=algorithm;round_trip=0.027686
276.520,ours,-,fleet,CHOMP_TIME_PARTIAL,OK,,0.007,,0,iterations=10;iterations_executed=10;source=algorithm;round_trip=0.022125
277.000,ours,-,robot1,MIN_DISTANCE,OK,2.662,10.902,,0,nearest_robot=robot3
277.000,ours,-,robot2,MIN_DISTANCE,OK,24.471,10.902,,0,nearest_robot=robot1
277.000,ours,-,robot3,MIN_DISTANCE,OK,2.662,10.902,,0,nearest_robot=robot1
277.000,ours,-,robot4,MIN_DISTANCE,OK,13.815,10.902,,0,nearest_robot=robot3
277.000,ours,-,fleet,MIN_DISTANCE_AVG,OK,10.902,,,0,robots_sampled=4
277.020,ours,-,fleet,CHOMP_TIME_PARTIAL,OK,,0.007,,0,iterations=10;iterations_executed=10;source=algorithm;round_trip=0.028838
277.510,ours,-,fleet,CHOMP_TIME_PARTIAL,OK,,0.007,,0,iterations=10;iterations_executed=10;source=algorithm;round_trip=0.027143
278.000,ours,-,robot1,MIN_DISTANCE,OK,2.662,11.018,,0,nearest_robot=robot3
278.000,ours,-,robot2,MIN_DISTANCE,OK,24.856,11.018,,0,nearest_robot=robot1
278.000,ours,-,robot3,MIN_DISTANCE,OK,2.662,11.018,,0,nearest_robot=robot1
278.000,ours,-,robot4,MIN_DISTANCE,OK,13.893,11.018,,0,nearest_robot=robot3
278.000,ours,-,fleet,MIN_DISTANCE_AVG,OK,11.018,,,0,robots_sampled=4
278.020,ours,-,fleet,CHOMP_TIME_PARTIAL,OK,,0.007,,0,iterations=10;iterations_executed=10;source=algorithm;round_trip=0.029482
278.520,ours,-,fleet,CHOMP_TIME_PARTIAL,OK,,0.007,,0,iterations=10;iterations_executed=10;source=algorithm;round_trip=0.021063
279.000,ours,-,robot1,MIN_DISTANCE,OK,2.662,11.112,,0,nearest_robot=robot3
279.000,ours,-,robot2,MIN_DISTANCE,OK,25.116,11.112,,0,nearest_robot=robot1
279.000,ours,-,robot3,MIN_DISTANCE,OK,2.662,11.112,,0,nearest_robot=robot1
279.000,ours,-,robot4,MIN_DISTANCE,OK,14.007,11.112,,0,nearest_robot=robot3
279.000,ours,-,fleet,MIN_DISTANCE_AVG,OK,11.112,,,0,robots_sampled=4
279.030,ours,-,fleet,CHOMP_TIME_PARTIAL,OK,,0.007,,0,iterations=10;iterations_executed=10;source=algorithm;round_trip=0.028427
279.510,ours,-,fleet,CHOMP_TIME_PARTIAL,OK,,0.007,,0,iterations=10;iterations_executed=10;source=algorithm;round_trip=0.028055
280.000,ours,-,robot1,MIN_DISTANCE,OK,2.662,11.139,,0,nearest_robot=robot3
280.000,ours,-,robot2,MIN_DISTANCE,OK,25.133,11.139,,0,nearest_robot=robot1
280.000,ours,-,robot3,MIN_DISTANCE,OK,2.662,11.139,,0,nearest_robot=robot1
280.000,ours,-,robot4,MIN_DISTANCE,OK,14.100,11.139,,0,nearest_robot=robot3
280.030,ours,-,fleet,CHOMP_TIME_PARTIAL,OK,,0.007,,0,iterations=10;iterations_executed=10;source=algorithm;round_trip=0.029428
280.000,ours,-,fleet,MIN_DISTANCE_AVG,OK,11.139,,,0,robots_sampled=4
280.520,ours,-,fleet,CHOMP_TIME_PARTIAL,OK,,0.007,,0,iterations=10;iterations_executed=10;source=algorithm;round_trip=0.027905
281.000,ours,-,robot1,MIN_DISTANCE,OK,2.663,11.148,,0,nearest_robot=robot3
281.000,ours,-,robot2,MIN_DISTANCE,OK,25.133,11.148,,0,nearest_robot=robot1
281.000,ours,-,robot3,MIN_DISTANCE,OK,2.663,11.148,,0,nearest_robot=robot1
281.000,ours,-,robot4,MIN_DISTANCE,OK,14.135,11.148,,0,nearest_robot=robot3
281.030,ours,-,fleet,CHOMP_TIME_PARTIAL,OK,,0.007,,0,iterations=10;iterations_executed=10;source=algorithm;round_trip=0.031164
281.000,ours,-,fleet,MIN_DISTANCE_AVG,OK,11.148,,,0,robots_sampled=4
281.530,ours,-,fleet,CHOMP_TIME_PARTIAL,OK,,0.007,,0,iterations=10;iterations_executed=10;source=algorithm;round_trip=0.035191
282.000,ours,-,robot1,MIN_DISTANCE,OK,2.663,11.166,,0,nearest_robot=robot3
282.000,ours,-,robot2,MIN_DISTANCE,OK,25.133,11.166,,0,nearest_robot=robot1
282.000,ours,-,robot3,MIN_DISTANCE,OK,2.663,11.166,,0,nearest_robot=robot1
282.000,ours,-,robot4,MIN_DISTANCE,OK,14.205,11.166,,0,nearest_robot=robot3
282.000,ours,-,fleet,MIN_DISTANCE_AVG,OK,11.166,,,0,robots_sampled=4
282.010,ours,-,fleet,CHOMP_TIME_PARTIAL,OK,,0.009,,0,iterations=10;iterations_executed=10;source=algorithm;round_trip=0.022956
283.000,ours,-,robot1,MIN_DISTANCE,OK,2.663,11.179,,0,nearest_robot=robot3
283.000,ours,-,robot2,MIN_DISTANCE,OK,25.133,11.179,,0,nearest_robot=robot1
283.000,ours,-,robot3,MIN_DISTANCE,OK,2.663,11.179,,0,nearest_robot=robot1
283.000,ours,-,robot4,MIN_DISTANCE,OK,14.256,11.179,,0,nearest_robot=robot3
283.000,ours,-,fleet,MIN_DISTANCE_AVG,OK,11.179,,,0,robots_sampled=4
283.070,ours,-,fleet,CHOMP_TIME_FULL,OK,,0.069,,0,iterations=100;iterations_executed=100;source=algorithm;round_trip=0.083915
283.520,ours,-,fleet,CHOMP_TIME_PARTIAL,OK,,0.007,,0,iterations=10;iterations_executed=10;source=algorithm;round_trip=0.021146
284.000,ours,-,robot1,MIN_DISTANCE,OK,2.663,11.184,,0,nearest_robot=robot3
284.000,ours,-,robot2,MIN_DISTANCE,OK,25.133,11.184,,0,nearest_robot=robot1
284.000,ours,-,robot3,MIN_DISTANCE,OK,2.663,11.184,,0,nearest_robot=robot1
284.000,ours,-,robot4,MIN_DISTANCE,OK,14.277,11.184,,0,nearest_robot=robot3
284.000,ours,-,fleet,MIN_DISTANCE_AVG,OK,11.184,,,0,robots_sampled=4
284.570,ours,-,fleet,CHOMP_TIME_FULL,OK,,0.066,,0,iterations=100;iterations_executed=100;source=algorithm;round_trip=0.081519
285.000,ours,-,robot1,MIN_DISTANCE,OK,2.663,11.194,,0,nearest_robot=robot3
285.000,ours,-,robot2,MIN_DISTANCE,OK,25.133,11.194,,0,nearest_robot=robot1
285.000,ours,-,robot3,MIN_DISTANCE,OK,2.663,11.194,,0,nearest_robot=robot1
285.000,ours,-,robot4,MIN_DISTANCE,OK,14.318,11.194,,0,nearest_robot=robot3
285.020,ours,-,fleet,CHOMP_TIME_PARTIAL,OK,,0.007,,0,iterations=10;iterations_executed=10;source=algorithm;round_trip=0.030572
285.000,ours,-,fleet,MIN_DISTANCE_AVG,OK,11.194,,,0,robots_sampled=4
286.000,ours,-,robot1,MIN_DISTANCE,OK,2.664,11.184,,0,nearest_robot=robot3
286.000,ours,-,robot2,MIN_DISTANCE,OK,25.133,11.184,,0,nearest_robot=robot1
286.000,ours,-,robot3,MIN_DISTANCE,OK,2.664,11.184,,0,nearest_robot=robot1
286.000,ours,-,robot4,MIN_DISTANCE,OK,14.274,11.184,,0,nearest_robot=robot3
286.000,ours,-,fleet,MIN_DISTANCE_AVG,OK,11.184,,,0,robots_sampled=4
286.080,ours,-,fleet,CHOMP_TIME_FULL,OK,,0.072,,0,iterations=100;iterations_executed=100;source=algorithm;round_trip=0.088896
286.520,ours,-,fleet,CHOMP_TIME_PARTIAL,OK,,0.007,,0,iterations=10;iterations_executed=10;source=algorithm;round_trip=0.027949
287.000,ours,-,robot1,MIN_DISTANCE,OK,2.664,11.149,,0,nearest_robot=robot3
287.000,ours,-,robot2,MIN_DISTANCE,OK,24.998,11.149,,0,nearest_robot=robot1
287.000,ours,-,robot3,MIN_DISTANCE,OK,2.664,11.149,,0,nearest_robot=robot1
287.000,ours,-,robot4,MIN_DISTANCE,OK,14.272,11.149,,0,nearest_robot=robot3
287.000,ours,-,fleet,MIN_DISTANCE_AVG,OK,11.149,,,0,robots_sampled=4
287.020,ours,-,fleet,CHOMP_TIME_PARTIAL,OK,,0.007,,0,iterations=10;iterations_executed=10;source=algorithm;round_trip=0.029033
287.530,ours,-,fleet,CHOMP_TIME_PARTIAL,OK,,0.007,,0,iterations=10;iterations_executed=10;source=algorithm;round_trip=0.029245
288.000,ours,-,robot1,MIN_DISTANCE,OK,2.664,11.078,,0,nearest_robot=robot3
288.000,ours,-,robot2,MIN_DISTANCE,OK,24.719,11.078,,0,nearest_robot=robot1
288.000,ours,-,robot3,MIN_DISTANCE,OK,2.664,11.078,,0,nearest_robot=robot1
288.000,ours,-,robot4,MIN_DISTANCE,OK,14.267,11.078,,0,nearest_robot=robot3
288.020,ours,-,fleet,CHOMP_TIME_PARTIAL,OK,,0.009,,0,iterations=10;iterations_executed=10;source=algorithm;round_trip=0.030678
288.000,ours,-,fleet,MIN_DISTANCE_AVG,OK,11.078,,,0,robots_sampled=4
288.520,ours,-,fleet,CHOMP_TIME_PARTIAL,OK,,0.010,,0,iterations=10;iterations_executed=10;source=algorithm;round_trip=0.024660
289.000,ours,-,robot1,MIN_DISTANCE,OK,2.664,10.995,,0,nearest_robot=robot3
289.000,ours,-,robot2,MIN_DISTANCE,OK,24.386,10.995,,0,nearest_robot=robot1
289.000,ours,-,robot3,MIN_DISTANCE,OK,2.664,10.995,,0,nearest_robot=robot1
289.000,ours,-,robot4,MIN_DISTANCE,OK,14.266,10.995,,0,nearest_robot=robot3
289.000,ours,-,fleet,MIN_DISTANCE_AVG,OK,10.995,,,0,robots_sampled=4
289.020,ours,-,fleet,CHOMP_TIME_PARTIAL,OK,,0.008,,0,iterations=10;iterations_executed=10;source=algorithm;round_trip=0.033751
289.520,ours,-,fleet,CHOMP_TIME_PARTIAL,OK,,0.007,,0,iterations=10;iterations_executed=10;source=algorithm;round_trip=0.030273
290.000,ours,-,robot1,MIN_DISTANCE,OK,2.665,10.919,,0,nearest_robot=robot3
290.000,ours,-,robot2,MIN_DISTANCE,OK,24.080,10.919,,0,nearest_robot=robot1
290.000,ours,-,robot3,MIN_DISTANCE,OK,2.665,10.919,,0,nearest_robot=robot1
290.000,ours,-,robot4,MIN_DISTANCE,OK,14.265,10.919,,0,nearest_robot=robot3
290.000,ours,-,fleet,MIN_DISTANCE_AVG,OK,10.919,,,0,robots_sampled=4
290.020,ours,-,fleet,CHOMP_TIME_PARTIAL,OK,,0.007,,0,iterations=10;iterations_executed=10;source=algorithm;round_trip=0.029675
290.510,ours,-,fleet,CHOMP_TIME_PARTIAL,OK,,0.007,,0,iterations=10;iterations_executed=10;source=algorithm;round_trip=0.027588
291.000,ours,-,robot1,MIN_DISTANCE,OK,2.665,10.839,,0,nearest_robot=robot3
291.000,ours,-,robot2,MIN_DISTANCE,OK,23.765,10.839,,0,nearest_robot=robot1
291.000,ours,-,robot3,MIN_DISTANCE,OK,2.665,10.839,,0,nearest_robot=robot1
291.000,ours,-,robot4,MIN_DISTANCE,OK,14.261,10.839,,0,nearest_robot=robot3
291.000,ours,-,fleet,MIN_DISTANCE_AVG,OK,10.839,,,0,robots_sampled=4
292.000,ours,-,robot1,MIN_DISTANCE,OK,2.665,10.794,,0,nearest_robot=robot3
292.000,ours,-,robot2,MIN_DISTANCE,OK,23.606,10.794,,0,nearest_robot=robot1
292.000,ours,-,robot3,MIN_DISTANCE,OK,2.665,10.794,,0,nearest_robot=robot1
292.000,ours,-,robot4,MIN_DISTANCE,OK,14.240,10.794,,0,nearest_robot=robot3
292.000,ours,-,fleet,MIN_DISTANCE_AVG,OK,10.794,,,0,robots_sampled=4
292.080,ours,-,fleet,CHOMP_TIME_FULL,OK,,0.068,,0,iterations=100;iterations_executed=100;source=algorithm;round_trip=0.084221
292.520,ours,-,fleet,CHOMP_TIME_PARTIAL,OK,,0.007,,0,iterations=10;iterations_executed=10;source=algorithm;round_trip=0.028219
293.000,ours,-,robot1,MIN_DISTANCE,OK,2.665,10.757,,0,nearest_robot=robot3
293.000,ours,-,robot2,MIN_DISTANCE,OK,23.607,10.757,,0,nearest_robot=robot1
293.000,ours,-,robot3,MIN_DISTANCE,OK,2.665,10.757,,0,nearest_robot=robot1
293.000,ours,-,robot4,MIN_DISTANCE,OK,14.091,10.757,,0,nearest_robot=robot3
293.020,ours,-,fleet,CHOMP_TIME_PARTIAL,OK,,0.007,,0,iterations=10;iterations_executed=10;source=algorithm;round_trip=0.030047
293.000,ours,-,fleet,MIN_DISTANCE_AVG,OK,10.757,,,0,robots_sampled=4
293.520,ours,-,fleet,CHOMP_TIME_PARTIAL,OK,,0.007,,0,iterations=10;iterations_executed=10;source=algorithm;round_trip=0.021798
294.000,ours,-,robot1,MIN_DISTANCE,OK,2.666,10.693,,0,nearest_robot=robot3
294.000,ours,-,robot2,MIN_DISTANCE,OK,23.438,10.693,,0,nearest_robot=robot1
294.000,ours,-,robot3,MIN_DISTANCE,OK,2.666,10.693,,0,nearest_robot=robot1
294.000,ours,-,robot4,MIN_DISTANCE,OK,14.005,10.693,,0,nearest_robot=robot3
294.020,ours,-,fleet,CHOMP_TIME_PARTIAL,OK,,0.007,,0,iterations=10;iterations_executed=10;source=algorithm;round_trip=0.028347
294.000,ours,-,fleet,MIN_DISTANCE_AVG,OK,10.693,,,0,robots_sampled=4
294.520,ours,-,fleet,CHOMP_TIME_PARTIAL,OK,,0.007,,0,iterations=10;iterations_executed=10;source=algorithm;round_trip=0.027764
295.000,ours,-,robot1,MIN_DISTANCE,OK,2.666,10.621,,0,nearest_robot=robot3
295.000,ours,-,robot2,MIN_DISTANCE,OK,23.218,10.621,,0,nearest_robot=robot1
295.000,ours,-,robot3,MIN_DISTANCE,OK,2.666,10.621,,0,nearest_robot=robot1
295.000,ours,-,robot4,MIN_DISTANCE,OK,13.934,10.621,,0,nearest_robot=robot3
295.000,ours,-,fleet,MIN_DISTANCE_AVG,OK,10.621,,,0,robots_sampled=4
295.010,ours,-,fleet,CHOMP_TIME_PARTIAL,OK,,0.007,,0,iterations=10;iterations_executed=10;source=algorithm;round_trip=0.029675
295.530,ours,-,fleet,CHOMP_TIME_PARTIAL,OK,,0.007,,0,iterations=10;iterations_executed=10;source=algorithm;round_trip=0.034421
296.000,ours,-,robot1,MIN_DISTANCE,OK,2.666,10.589,,0,nearest_robot=robot3
296.000,ours,-,robot2,MIN_DISTANCE,OK,23.068,10.589,,0,nearest_robot=robot1
296.000,ours,-,robot3,MIN_DISTANCE,OK,2.666,10.589,,0,nearest_robot=robot1
296.000,ours,-,robot4,MIN_DISTANCE,OK,13.956,10.589,,0,nearest_robot=robot3
296.000,ours,-,fleet,MIN_DISTANCE_AVG,OK,10.589,,,0,robots_sampled=4
296.030,ours,-,fleet,CHOMP_TIME_PARTIAL,OK,,0.007,,0,iterations=10;iterations_executed=10;source=algorithm;round_trip=0.031189
296.510,ours,-,fleet,CHOMP_TIME_PARTIAL,OK,,0.007,,0,iterations=10;iterations_executed=10;source=algorithm;round_trip=0.028017
297.000,ours,-,robot1,MIN_DISTANCE,OK,2.666,10.615,,0,nearest_robot=robot3
297.000,ours,-,robot2,MIN_DISTANCE,OK,22.958,10.615,,0,nearest_robot=robot1
297.000,ours,-,robot3,MIN_DISTANCE,OK,2.666,10.615,,0,nearest_robot=robot1
297.000,ours,-,robot4,MIN_DISTANCE,OK,14.168,10.615,,0,nearest_robot=robot3
297.000,ours,-,fleet,MIN_DISTANCE_AVG,OK,10.615,,,0,robots_sampled=4
297.010,ours,-,fleet,CHOMP_TIME_PARTIAL,OK,,0.007,,0,iterations=10;iterations_executed=10;source=algorithm;round_trip=0.029607
297.530,ours,-,fleet,CHOMP_TIME_PARTIAL,OK,,0.008,,0,iterations=10;iterations_executed=10;source=algorithm;round_trip=0.029488
298.000,ours,-,robot1,MIN_DISTANCE,OK,2.666,10.722,,0,nearest_robot=robot3
298.000,ours,-,robot2,MIN_DISTANCE,OK,22.957,10.722,,0,nearest_robot=robot1
298.000,ours,-,robot3,MIN_DISTANCE,OK,2.666,10.722,,0,nearest_robot=robot1
298.000,ours,-,robot4,MIN_DISTANCE,OK,14.597,10.722,,0,nearest_robot=robot3
298.000,ours,-,fleet,MIN_DISTANCE_AVG,OK,10.722,,,0,robots_sampled=4
298.020,ours,-,fleet,CHOMP_TIME_PARTIAL,OK,,0.008,,0,iterations=10;iterations_executed=10;source=algorithm;round_trip=0.030001
298.530,ours,-,fleet,CHOMP_TIME_PARTIAL,OK,,0.008,,0,iterations=10;iterations_executed=10;source=algorithm;round_trip=0.029327
299.000,ours,-,robot1,MIN_DISTANCE,OK,2.667,10.837,,0,nearest_robot=robot3
299.000,ours,-,robot2,MIN_DISTANCE,OK,23.021,10.837,,0,nearest_robot=robot1
299.000,ours,-,robot3,MIN_DISTANCE,OK,2.667,10.837,,0,nearest_robot=robot1
299.000,ours,-,robot4,MIN_DISTANCE,OK,14.995,10.837,,0,nearest_robot=robot3
299.000,ours,-,fleet,MIN_DISTANCE_AVG,OK,10.837,,,0,robots_sampled=4
299.030,ours,-,fleet,CHOMP_TIME_PARTIAL,OK,,0.007,,0,iterations=10;iterations_executed=10;source=algorithm;round_trip=0.035712
299.530,ours,-,fleet,CHOMP_TIME_PARTIAL,OK,,0.007,,0,iterations=10;iterations_executed=10;source=algorithm;round_trip=0.029795
300.000,ours,-,robot1,MIN_DISTANCE,OK,2.667,10.942,,0,nearest_robot=robot3
300.000,ours,-,robot2,MIN_DISTANCE,OK,23.082,10.942,,0,nearest_robot=robot1
300.000,ours,-,robot3,MIN_DISTANCE,OK,2.667,10.942,,0,nearest_robot=robot1
300.000,ours,-,robot4,MIN_DISTANCE,OK,15.351,10.942,,0,nearest_robot=robot3
300.000,ours,-,fleet,MIN_DISTANCE_AVG,OK,10.942,,,0,robots_sampled=4
300.030,ours,-,fleet,CHOMP_TIME_PARTIAL,OK,,0.008,,0,iterations=10;iterations_executed=10;source=algorithm;round_trip=0.032433
300.530,ours,-,fleet,CHOMP_TIME_PARTIAL,OK,,0.007,,0,iterations=10;iterations_executed=10;source=algorithm;round_trip=0.029415
301.000,ours,-,robot1,MIN_DISTANCE,OK,2.667,11.043,,0,nearest_robot=robot3
301.000,ours,-,robot2,MIN_DISTANCE,OK,23.173,11.043,,0,nearest_robot=robot1
301.000,ours,-,robot3,MIN_DISTANCE,OK,2.667,11.043,,0,nearest_robot=robot1
301.000,ours,-,robot4,MIN_DISTANCE,OK,15.665,11.043,,0,nearest_robot=robot3
301.000,ours,-,fleet,MIN_DISTANCE_AVG,OK,11.043,,,0,robots_sampled=4
301.020,ours,-,fleet,CHOMP_TIME_PARTIAL,OK,,0.007,,0,iterations=10;iterations_executed=10;source=algorithm;round_trip=0.031729
301.530,ours,-,fleet,CHOMP_TIME_PARTIAL,OK,,0.006,,0,iterations=10;iterations_executed=10;source=algorithm;round_trip=0.029873
302.000,ours,-,robot1,MIN_DISTANCE,OK,2.667,11.108,,0,nearest_robot=robot3
302.000,ours,-,robot2,MIN_DISTANCE,OK,23.261,11.108,,0,nearest_robot=robot1
302.000,ours,-,robot3,MIN_DISTANCE,OK,2.667,11.108,,0,nearest_robot=robot1
302.000,ours,-,robot4,MIN_DISTANCE,OK,15.836,11.108,,0,nearest_robot=robot3
302.000,ours,-,fleet,MIN_DISTANCE_AVG,OK,11.108,,,0,robots_sampled=4
302.010,ours,-,fleet,CHOMP_TIME_PARTIAL,OK,,0.007,,0,iterations=10;iterations_executed=10;source=algorithm;round_trip=0.030716
302.530,ours,-,fleet,CHOMP_TIME_PARTIAL,OK,,0.006,,0,iterations=10;iterations_executed=10;source=algorithm;round_trip=0.032826
303.000,ours,-,robot1,MIN_DISTANCE,OK,2.668,11.142,,0,nearest_robot=robot3
303.000,ours,-,robot2,MIN_DISTANCE,OK,23.386,11.142,,0,nearest_robot=robot1
303.000,ours,-,robot3,MIN_DISTANCE,OK,2.668,11.142,,0,nearest_robot=robot1
303.020,ours,-,fleet,CHOMP_TIME_PARTIAL,OK,,0.007,,0,iterations=10;iterations_executed=10;source=algorithm;round_trip=0.029914
303.000,ours,-,robot4,MIN_DISTANCE,OK,15.845,11.142,,0,nearest_robot=robot3
303.000,ours,-,fleet,MIN_DISTANCE_AVG,OK,11.142,,,0,robots_sampled=4
303.520,ours,-,fleet,CHOMP_TIME_PARTIAL,OK,,0.007,,0,iterations=10;iterations_executed=10;source=algorithm;round_trip=0.030977
304.000,ours,-,robot1,MIN_DISTANCE,OK,2.668,11.173,,0,nearest_robot=robot3
304.000,ours,-,robot2,MIN_DISTANCE,OK,23.511,11.173,,0,nearest_robot=robot1
304.000,ours,-,robot3,MIN_DISTANCE,OK,2.668,11.173,,0,nearest_robot=robot1
304.000,ours,-,robot4,MIN_DISTANCE,OK,15.846,11.173,,0,nearest_robot=robot3
304.000,ours,-,fleet,MIN_DISTANCE_AVG,OK,11.173,,,0,robots_sampled=4
304.030,ours,-,fleet,CHOMP_TIME_PARTIAL,OK,,0.006,,0,iterations=10;iterations_executed=10;source=algorithm;round_trip=0.032492
304.530,ours,-,fleet,CHOMP_TIME_PARTIAL,OK,,0.007,,0,iterations=10;iterations_executed=10;source=algorithm;round_trip=0.029405
305.000,ours,-,robot1,MIN_DISTANCE,OK,2.668,11.216,,0,nearest_robot=robot3
305.000,ours,-,robot2,MIN_DISTANCE,OK,23.684,11.216,,0,nearest_robot=robot1
305.000,ours,-,robot3,MIN_DISTANCE,OK,2.668,11.216,,0,nearest_robot=robot1
305.000,ours,-,robot4,MIN_DISTANCE,OK,15.846,11.216,,0,nearest_robot=robot3
305.030,ours,-,fleet,CHOMP_TIME_PARTIAL,OK,,0.007,,0,iterations=10;iterations_executed=10;source=algorithm;round_trip=0.030669
305.000,ours,-,fleet,MIN_DISTANCE_AVG,OK,11.216,,,0,robots_sampled=4
305.520,ours,-,fleet,CHOMP_TIME_PARTIAL,OK,,0.007,,0,iterations=10;iterations_executed=10;source=algorithm;round_trip=0.028965
306.000,ours,-,robot1,MIN_DISTANCE,OK,2.668,11.283,,0,nearest_robot=robot3
306.000,ours,-,robot2,MIN_DISTANCE,OK,23.948,11.283,,0,nearest_robot=robot1
306.000,ours,-,robot3,MIN_DISTANCE,OK,2.668,11.283,,0,nearest_robot=robot1
306.000,ours,-,robot4,MIN_DISTANCE,OK,15.846,11.283,,0,nearest_robot=robot3
306.000,ours,-,fleet,MIN_DISTANCE_AVG,OK,11.283,,,0,robots_sampled=4
306.020,ours,-,fleet,CHOMP_TIME_PARTIAL,OK,,0.007,,0,iterations=10;iterations_executed=10;source=algorithm;round_trip=0.030145
306.530,ours,-,fleet,CHOMP_TIME_PARTIAL,OK,,0.007,,0,iterations=10;iterations_executed=10;source=algorithm;round_trip=0.029390
307.000,ours,-,robot1,MIN_DISTANCE,OK,2.668,11.291,,0,nearest_robot=robot3
307.000,ours,-,robot2,MIN_DISTANCE,OK,23.982,11.291,,0,nearest_robot=robot4
307.000,ours,-,robot3,MIN_DISTANCE,OK,2.668,11.291,,0,nearest_robot=robot1
307.000,ours,-,robot4,MIN_DISTANCE,OK,15.846,11.291,,0,nearest_robot=robot3
307.000,ours,-,fleet,MIN_DISTANCE_AVG,OK,11.291,,,0,robots_sampled=4
307.030,ours,-,fleet,CHOMP_TIME_PARTIAL,OK,,0.007,,0,iterations=10;iterations_executed=10;source=algorithm;round_trip=0.037137
307.530,ours,-,fleet,CHOMP_TIME_PARTIAL,OK,,0.007,,0,iterations=10;iterations_executed=10;source=algorithm;round_trip=0.029990
308.000,ours,-,robot1,MIN_DISTANCE,OK,2.669,11.278,,0,nearest_robot=robot3
308.000,ours,-,robot2,MIN_DISTANCE,OK,23.930,11.278,,0,nearest_robot=robot4
308.000,ours,-,robot3,MIN_DISTANCE,OK,2.669,11.278,,0,nearest_robot=robot1
308.000,ours,-,robot4,MIN_DISTANCE,OK,15.846,11.278,,0,nearest_robot=robot3
308.000,ours,-,fleet,MIN_DISTANCE_AVG,OK,11.278,,,0,robots_sampled=4
308.020,ours,-,fleet,CHOMP_TIME_PARTIAL,OK,,0.007,,0,iterations=10;iterations_executed=10;source=algorithm;round_trip=0.030150
308.510,ours,-,fleet,CHOMP_TIME_PARTIAL,OK,,0.007,,0,iterations=10;iterations_executed=10;source=algorithm;round_trip=0.028123
309.000,ours,-,robot1,MIN_DISTANCE,OK,2.669,11.250,,0,nearest_robot=robot3
309.000,ours,-,robot2,MIN_DISTANCE,OK,23.817,11.250,,0,nearest_robot=robot4
309.000,ours,-,robot3,MIN_DISTANCE,OK,2.669,11.250,,0,nearest_robot=robot1
309.000,ours,-,robot4,MIN_DISTANCE,OK,15.846,11.250,,0,nearest_robot=robot3
309.010,ours,-,fleet,CHOMP_TIME_PARTIAL,OK,,0.007,,0,iterations=10;iterations_executed=10;source=algorithm;round_trip=0.028972
309.000,ours,-,fleet,MIN_DISTANCE_AVG,OK,11.250,,,0,robots_sampled=4
309.520,ours,-,fleet,CHOMP_TIME_PARTIAL,OK,,0.007,,0,iterations=10;iterations_executed=10;source=algorithm;round_trip=0.029758
310.000,ours,-,robot1,MIN_DISTANCE,OK,2.669,11.210,,0,nearest_robot=robot3
310.000,ours,-,robot2,MIN_DISTANCE,OK,23.655,11.210,,0,nearest_robot=robot4
310.000,ours,-,robot3,MIN_DISTANCE,OK,2.669,11.210,,0,nearest_robot=robot1
310.000,ours,-,robot4,MIN_DISTANCE,OK,15.846,11.210,,0,nearest_robot=robot3
310.000,ours,-,fleet,MIN_DISTANCE_AVG,OK,11.210,,,0,robots_sampled=4
310.030,ours,-,fleet,CHOMP_TIME_PARTIAL,OK,,0.007,,0,iterations=10;iterations_executed=10;source=algorithm;round_trip=0.032370
310.530,ours,-,fleet,CHOMP_TIME_PARTIAL,OK,,0.007,,0,iterations=10;iterations_executed=10;source=algorithm;round_trip=0.029549
311.000,ours,-,robot1,MIN_DISTANCE,OK,2.669,11.161,,0,nearest_robot=robot3
311.000,ours,-,robot2,MIN_DISTANCE,OK,23.459,11.161,,0,nearest_robot=robot4
311.000,ours,-,robot3,MIN_DISTANCE,OK,2.669,11.161,,0,nearest_robot=robot1
311.000,ours,-,robot4,MIN_DISTANCE,OK,15.847,11.161,,0,nearest_robot=robot3
311.000,ours,-,fleet,MIN_DISTANCE_AVG,OK,11.161,,,0,robots_sampled=4
311.040,ours,-,fleet,CHOMP_TIME_PARTIAL,OK,,0.010,,0,iterations=10;iterations_executed=10;source=algorithm;round_trip=0.045603
311.530,ours,-,fleet,CHOMP_TIME_PARTIAL,OK,,0.007,,0,iterations=10;iterations_executed=10;source=algorithm;round_trip=0.030708
312.000,ours,-,robot1,MIN_DISTANCE,OK,2.670,11.121,,0,nearest_robot=robot3
312.000,ours,-,robot2,MIN_DISTANCE,OK,23.297,11.121,,0,nearest_robot=robot4
312.000,ours,-,robot3,MIN_DISTANCE,OK,2.670,11.121,,0,nearest_robot=robot1
312.000,ours,-,robot4,MIN_DISTANCE,OK,15.847,11.121,,0,nearest_robot=robot3
312.000,ours,-,fleet,MIN_DISTANCE_AVG,OK,11.121,,,0,robots_sampled=4
312.030,ours,-,fleet,CHOMP_TIME_PARTIAL,OK,,0.006,,0,iterations=10;iterations_executed=10;source=algorithm;round_trip=0.031762
312.530,ours,-,fleet,CHOMP_TIME_PARTIAL,OK,,0.006,,0,iterations=10;iterations_executed=10;source=algorithm;round_trip=0.032445
313.000,ours,-,robot1,MIN_DISTANCE,OK,2.670,11.087,,0,nearest_robot=robot3
313.000,ours,-,robot2,MIN_DISTANCE,OK,23.163,11.087,,0,nearest_robot=robot4
313.000,ours,-,robot3,MIN_DISTANCE,OK,2.670,11.087,,0,nearest_robot=robot1
313.000,ours,-,robot4,MIN_DISTANCE,OK,15.847,11.087,,0,nearest_robot=robot3
313.000,ours,-,fleet,MIN_DISTANCE_AVG,OK,11.087,,,0,robots_sampled=4
313.030,ours,-,fleet,CHOMP_TIME_PARTIAL,OK,,0.007,,0,iterations=10;iterations_executed=10;source=algorithm;round_trip=0.031284
313.510,ours,-,fleet,CHOMP_TIME_PARTIAL,OK,,0.007,,0,iterations=10;iterations_executed=10;source=algorithm;round_trip=0.030009
314.000,ours,-,robot1,MIN_DISTANCE,OK,2.670,11.055,,0,nearest_robot=robot3
314.000,ours,-,robot2,MIN_DISTANCE,OK,23.032,11.055,,0,nearest_robot=robot4
314.000,ours,-,robot3,MIN_DISTANCE,OK,2.670,11.055,,0,nearest_robot=robot1
314.000,ours,-,robot4,MIN_DISTANCE,OK,15.847,11.055,,0,nearest_robot=robot3
314.000,ours,-,fleet,MIN_DISTANCE_AVG,OK,11.055,,,0,robots_sampled=4
314.010,ours,-,fleet,CHOMP_TIME_PARTIAL,OK,,0.006,,0,iterations=10;iterations_executed=10;source=algorithm;round_trip=0.031127
314.530,ours,-,fleet,CHOMP_TIME_PARTIAL,OK,,0.006,,0,iterations=10;iterations_executed=10;source=algorithm;round_trip=0.029493
315.000,ours,-,robot1,MIN_DISTANCE,OK,2.670,11.027,,0,nearest_robot=robot3
315.000,ours,-,robot2,MIN_DISTANCE,OK,22.922,11.027,,0,nearest_robot=robot4
315.000,ours,-,robot3,MIN_DISTANCE,OK,2.670,11.027,,0,nearest_robot=robot1
315.030,ours,-,fleet,CHOMP_TIME_PARTIAL,OK,,0.006,,0,iterations=10;iterations_executed=10;source=algorithm;round_trip=0.036146
315.000,ours,-,robot4,MIN_DISTANCE,OK,15.847,11.027,,0,nearest_robot=robot3
315.000,ours,-,fleet,MIN_DISTANCE_AVG,OK,11.027,,,0,robots_sampled=4
315.530,ours,-,fleet,CHOMP_TIME_PARTIAL,OK,,0.006,,0,iterations=10;iterations_executed=10;source=algorithm;round_trip=0.030485
