timestamp,run_id,task_id,robot_id,event,status,allocation_cost,duration,path,collision_flag,message
25.000,ours,-,robot1,MIN_DISTANCE,OK,12.416,10.587,,0,nearest_robot=robot6
25.000,ours,-,robot2,MIN_DISTANCE,OK,12.510,10.587,,0,nearest_robot=robot1
25.000,ours,-,robot3,MIN_DISTANCE,OK,6.490,10.587,,0,nearest_robot=robot4
25.000,ours,-,robot4,MIN_DISTANCE,OK,6.490,10.587,,0,nearest_robot=robot3
25.000,ours,-,robot5,MIN_DISTANCE,OK,13.200,10.587,,0,nearest_robot=robot4
25.000,ours,-,robot6,MIN_DISTANCE,OK,12.416,10.587,,0,nearest_robot=robot1
25.000,ours,-,fleet,MIN_DISTANCE_AVG,OK,10.587,,,0,robots_sampled=6
26.000,ours,-,robot1,MIN_DISTANCE,OK,12.416,10.587,,0,nearest_robot=robot6
26.000,ours,-,robot2,MIN_DISTANCE,OK,12.510,10.587,,0,nearest_robot=robot1
26.000,ours,-,robot3,MIN_DISTANCE,OK,6.490,10.587,,0,nearest_robot=robot4
26.000,ours,-,robot4,MIN_DISTANCE,OK,6.490,10.587,,0,nearest_robot=robot3
26.000,ours,-,robot5,MIN_DISTANCE,OK,13.200,10.587,,0,nearest_robot=robot4
26.000,ours,-,robot6,MIN_DISTANCE,OK,12.416,10.587,,0,nearest_robot=robot1
26.000,ours,-,fleet,MIN_DISTANCE_AVG,OK,10.587,,,0,robots_sampled=6
27.000,ours,-,robot1,MIN_DISTANCE,OK,12.416,10.587,,0,nearest_robot=robot6
27.000,ours,-,robot2,MIN_DISTANCE,OK,12.510,10.587,,0,nearest_robot=robot1
27.000,ours,-,robot3,MIN_DISTANCE,OK,6.490,10.587,,0,nearest_robot=robot4
27.000,ours,-,robot4,MIN_DISTANCE,OK,6.490,10.587,,0,nearest_robot=robot3
27.000,ours,-,robot5,MIN_DISTANCE,OK,13.200,10.587,,0,nearest_robot=robot4
27.000,ours,-,robot6,MIN_DISTANCE,OK,12.416,10.587,,0,nearest_robot=robot1
27.000,ours,-,fleet,MIN_DISTANCE_AVG,OK,10.587,,,0,robots_sampled=6
28.000,ours,-,robot1,MIN_DISTANCE,OK,12.416,10.587,,0,nearest_robot=robot6
28.000,ours,-,robot2,MIN_DISTANCE,OK,12.510,10.587,,0,nearest_robot=robot1
28.000,ours,-,robot3,MIN_DISTANCE,OK,6.490,10.587,,0,nearest_robot=robot4
28.000,ours,-,robot4,MIN_DISTANCE,OK,6.490,10.587,,0,nearest_robot=robot3
28.000,ours,-,robot5,MIN_DISTANCE,OK,13.200,10.587,,0,nearest_robot=robot4
28.000,ours,-,robot6,MIN_DISTANCE,OK,12.416,10.587,,0,nearest_robot=robot1
28.000,ours,-,fleet,MIN_DISTANCE_AVG,OK,10.587,,,0,robots_sampled=6
29.000,ours,-,robot1,MIN_DISTANCE,OK,12.416,10.587,,0,nearest_robot=robot6
29.000,ours,-,robot2,MIN_DISTANCE,OK,12.510,10.587,,0,nearest_robot=robot1
29.000,ours,-,robot3,MIN_DISTANCE,OK,6.490,10.587,,0,nearest_robot=robot4
29.000,ours,-,robot4,MIN_DISTANCE,OK,6.490,10.587,,0,nearest_robot=robot3
29.000,ours,-,robot5,MIN_DISTANCE,OK,13.200,10.587,,0,nearest_robot=robot4
29.000,ours,-,robot6,MIN_DISTANCE,OK,12.416,10.587,,0,nearest_robot=robot1
29.000,ours,-,fleet,MIN_DISTANCE_AVG,OK,10.587,,,0,robots_sampled=6
30.000,ours,-,robot1,MIN_DISTANCE,OK,12.416,10.587,,0,nearest_robot=robot6
30.000,ours,-,robot2,MIN_DISTANCE,OK,12.510,10.587,,0,nearest_robot=robot1
30.000,ours,-,robot3,MIN_DISTANCE,OK,6.490,10.587,,0,nearest_robot=robot4
30.000,ours,-,robot4,MIN_DISTANCE,OK,6.490,10.587,,0,nearest_robot=robot3
30.000,ours,-,robot5,MIN_DISTANCE,OK,13.200,10.587,,0,nearest_robot=robot4
30.000,ours,-,robot6,MIN_DISTANCE,OK,12.416,10.587,,0,nearest_robot=robot1
30.000,ours,-,fleet,MIN_DISTANCE_AVG,OK,10.587,,,0,robots_sampled=6
31.000,ours,-,robot1,MIN_DISTANCE,OK,12.416,10.587,,0,nearest_robot=robot6
31.000,ours,-,robot2,MIN_DISTANCE,OK,12.510,10.587,,0,nearest_robot=robot1
31.000,ours,-,robot3,MIN_DISTANCE,OK,6.490,10.587,,0,nearest_robot=robot4
31.000,ours,-,robot4,MIN_DISTANCE,OK,6.490,10.587,,0,nearest_robot=robot3
31.000,ours,-,robot5,MIN_DISTANCE,OK,13.200,10.587,,0,nearest_robot=robot4
31.000,ours,-,robot6,MIN_DISTANCE,OK,12.416,10.587,,0,nearest_robot=robot1
31.000,ours,-,fleet,MIN_DISTANCE_AVG,OK,10.587,,,0,robots_sampled=6
32.000,ours,-,robot1,MIN_DISTANCE,OK,12.416,10.587,,0,nearest_robot=robot6
32.000,ours,-,robot2,MIN_DISTANCE,OK,12.510,10.587,,0,nearest_robot=robot1
32.000,ours,-,robot3,MIN_DISTANCE,OK,6.490,10.587,,0,nearest_robot=robot4
32.000,ours,-,robot4,MIN_DISTANCE,OK,6.490,10.587,,0,nearest_robot=robot3
32.000,ours,-,robot5,MIN_DISTANCE,OK,13.200,10.587,,0,nearest_robot=robot4
32.000,ours,-,robot6,MIN_DISTANCE,OK,12.416,10.587,,0,nearest_robot=robot1
32.000,ours,-,fleet,MIN_DISTANCE_AVG,OK,10.587,,,0,robots_sampled=6
33.000,ours,-,robot1,MIN_DISTANCE,OK,12.416,10.587,,0,nearest_robot=robot6
33.000,ours,-,robot2,MIN_DISTANCE,OK,12.510,10.587,,0,nearest_robot=robot1
33.000,ours,-,robot3,MIN_DISTANCE,OK,6.490,10.587,,0,nearest_robot=robot4
33.000,ours,-,robot4,MIN_DISTANCE,OK,6.490,10.587,,0,nearest_robot=robot3
33.000,ours,-,robot5,MIN_DISTANCE,OK,13.200,10.587,,0,nearest_robot=robot4
33.000,ours,-,robot6,MIN_DISTANCE,OK,12.416,10.587,,0,nearest_robot=robot1
33.000,ours,-,fleet,MIN_DISTANCE_AVG,OK,10.587,,,0,robots_sampled=6
34.000,ours,-,robot1,MIN_DISTANCE,OK,12.416,10.587,,0,nearest_robot=robot6
34.000,ours,-,robot2,MIN_DISTANCE,OK,12.510,10.587,,0,nearest_robot=robot1
34.000,ours,-,robot3,MIN_DISTANCE,OK,6.490,10.587,,0,nearest_robot=robot4
34.000,ours,-,robot4,MIN_DISTANCE,OK,6.490,10.587,,0,nearest_robot=robot3
34.000,ours,-,robot5,MIN_DISTANCE,OK,13.200,10.587,,0,nearest_robot=robot4
34.000,ours,-,robot6,MIN_DISTANCE,OK,12.416,10.587,,0,nearest_robot=robot1
34.000,ours,-,fleet,MIN_DISTANCE_AVG,OK,10.587,,,0,robots_sampled=6
35.000,ours,-,robot1,MIN_DISTANCE,OK,12.416,10.587,,0,nearest_robot=robot6
35.000,ours,-,robot2,MIN_DISTANCE,OK,12.510,10.587,,0,nearest_robot=robot1
35.000,ours,-,robot3,MIN_DISTANCE,OK,6.490,10.587,,0,nearest_robot=robot4
35.000,ours,-,robot4,MIN_DISTANCE,OK,6.490,10.587,,0,nearest_robot=robot3
35.000,ours,-,robot5,MIN_DISTANCE,OK,13.200,10.587,,0,nearest_robot=robot4
35.000,ours,-,robot6,MIN_DISTANCE,OK,12.416,10.587,,0,nearest_robot=robot1
35.000,ours,-,fleet,MIN_DISTANCE_AVG,OK,10.587,,,0,robots_sampled=6
36.000,ours,-,robot1,MIN_DISTANCE,OK,12.416,10.587,,0,nearest_robot=robot6
36.000,ours,-,robot2,MIN_DISTANCE,OK,12.510,10.587,,0,nearest_robot=robot1
36.000,ours,-,robot3,MIN_DISTANCE,OK,6.490,10.587,,0,nearest_robot=robot4
36.000,ours,-,robot4,MIN_DISTANCE,OK,6.490,10.587,,0,nearest_robot=robot3
36.000,ours,-,robot5,MIN_DISTANCE,OK,13.200,10.587,,0,nearest_robot=robot4
36.000,ours,-,robot6,MIN_DISTANCE,OK,12.416,10.587,,0,nearest_robot=robot1
36.000,ours,-,fleet,MIN_DISTANCE_AVG,OK,10.587,,,0,robots_sampled=6
37.000,ours,-,robot1,MIN_DISTANCE,OK,12.416,10.587,,0,nearest_robot=robot6
37.000,ours,-,robot2,MIN_DISTANCE,OK,12.510,10.587,,0,nearest_robot=robot1
37.000,ours,-,robot3,MIN_DISTANCE,OK,6.490,10.587,,0,nearest_robot=robot4
37.000,ours,-,robot4,MIN_DISTANCE,OK,6.490,10.587,,0,nearest_robot=robot3
37.000,ours,-,robot5,MIN_DISTANCE,OK,13.200,10.587,,0,nearest_robot=robot4
37.000,ours,-,robot6,MIN_DISTANCE,OK,12.416,10.587,,0,nearest_robot=robot1
37.000,ours,-,fleet,MIN_DISTANCE_AVG,OK,10.587,,,0,robots_sampled=6
38.000,ours,-,robot1,MIN_DISTANCE,OK,12.416,10.587,,0,nearest_robot=robot6
38.000,ours,-,robot2,MIN_DISTANCE,OK,12.510,10.587,,0,nearest_robot=robot1
38.000,ours,-,robot3,MIN_DISTANCE,OK,6.490,10.587,,0,nearest_robot=robot4
38.000,ours,-,robot4,MIN_DISTANCE,OK,6.490,10.587,,0,nearest_robot=robot3
38.000,ours,-,robot5,MIN_DISTANCE,OK,13.200,10.587,,0,nearest_robot=robot4
38.000,ours,-,robot6,MIN_DISTANCE,OK,12.416,10.587,,0,nearest_robot=robot1
38.000,ours,-,fleet,MIN_DISTANCE_AVG,OK,10.587,,,0,robots_sampled=6
39.000,ours,-,robot1,MIN_DISTANCE,OK,12.416,10.587,,0,nearest_robot=robot6
39.000,ours,-,robot2,MIN_DISTANCE,OK,12.510,10.587,,0,nearest_robot=robot1
39.000,ours,-,robot3,MIN_DISTANCE,OK,6.490,10.587,,0,nearest_robot=robot4
39.000,ours,-,robot4,MIN_DISTANCE,OK,6.490,10.587,,0,nearest_robot=robot3
39.000,ours,-,robot5,MIN_DISTANCE,OK,13.200,10.587,,0,nearest_robot=robot4
39.000,ours,-,robot6,MIN_DISTANCE,OK,12.416,10.587,,0,nearest_robot=robot1
39.000,ours,-,fleet,MIN_DISTANCE_AVG,OK,10.587,,,0,robots_sampled=6
40.000,ours,-,robot1,MIN_DISTANCE,OK,12.416,10.587,,0,nearest_robot=robot6
40.000,ours,-,robot2,MIN_DISTANCE,OK,12.510,10.587,,0,nearest_robot=robot1
40.000,ours,-,robot3,MIN_DISTANCE,OK,6.490,10.587,,0,nearest_robot=robot4
40.000,ours,-,robot4,MIN_DISTANCE,OK,6.490,10.587,,0,nearest_robot=robot3
40.000,ours,-,robot5,MIN_DISTANCE,OK,13.200,10.587,,0,nearest_robot=robot4
40.000,ours,-,robot6,MIN_DISTANCE,OK,12.416,10.587,,0,nearest_robot=robot1
40.000,ours,-,fleet,MIN_DISTANCE_AVG,OK,10.587,,,0,robots_sampled=6
41.000,ours,-,robot1,MIN_DISTANCE,OK,12.416,10.587,,0,nearest_robot=robot6
41.000,ours,-,robot2,MIN_DISTANCE,OK,12.510,10.587,,0,nearest_robot=robot1
41.000,ours,-,robot3,MIN_DISTANCE,OK,6.490,10.587,,0,nearest_robot=robot4
41.000,ours,-,robot4,MIN_DISTANCE,OK,6.490,10.587,,0,nearest_robot=robot3
41.000,ours,-,robot5,MIN_DISTANCE,OK,13.200,10.587,,0,nearest_robot=robot4
41.000,ours,-,robot6,MIN_DISTANCE,OK,12.416,10.587,,0,nearest_robot=robot1
41.000,ours,-,fleet,MIN_DISTANCE_AVG,OK,10.587,,,0,robots_sampled=6
42.000,ours,-,robot1,MIN_DISTANCE,OK,12.416,10.587,,0,nearest_robot=robot6
42.000,ours,-,robot2,MIN_DISTANCE,OK,12.510,10.587,,0,nearest_robot=robot1
42.000,ours,-,robot3,MIN_DISTANCE,OK,6.490,10.587,,0,nearest_robot=robot4
42.000,ours,-,robot4,MIN_DISTANCE,OK,6.490,10.587,,0,nearest_robot=robot3
42.000,ours,-,robot5,MIN_DISTANCE,OK,13.200,10.587,,0,nearest_robot=robot4
42.000,ours,-,robot6,MIN_DISTANCE,OK,12.416,10.587,,0,nearest_robot=robot1
42.000,ours,-,fleet,MIN_DISTANCE_AVG,OK,10.587,,,0,robots_sampled=6
43.000,ours,-,robot1,MIN_DISTANCE,OK,12.416,10.587,,0,nearest_robot=robot6
43.000,ours,-,robot2,MIN_DISTANCE,OK,12.510,10.587,,0,nearest_robot=robot1
43.000,ours,-,robot3,MIN_DISTANCE,OK,6.490,10.587,,0,nearest_robot=robot4
43.000,ours,-,robot4,MIN_DISTANCE,OK,6.490,10.587,,0,nearest_robot=robot3
43.000,ours,-,robot5,MIN_DISTANCE,OK,13.200,10.587,,0,nearest_robot=robot4
43.000,ours,-,robot6,MIN_DISTANCE,OK,12.416,10.587,,0,nearest_robot=robot1
43.000,ours,-,fleet,MIN_DISTANCE_AVG,OK,10.587,,,0,robots_sampled=6
44.000,ours,-,robot1,MIN_DISTANCE,OK,12.416,10.587,,0,nearest_robot=robot6
44.000,ours,-,robot2,MIN_DISTANCE,OK,12.510,10.587,,0,nearest_robot=robot1
44.000,ours,-,robot3,MIN_DISTANCE,OK,6.490,10.587,,0,nearest_robot=robot4
44.000,ours,-,robot4,MIN_DISTANCE,OK,6.490,10.587,,0,nearest_robot=robot3
44.000,ours,-,robot5,MIN_DISTANCE,OK,13.200,10.587,,0,nearest_robot=robot4
44.000,ours,-,robot6,MIN_DISTANCE,OK,12.416,10.587,,0,nearest_robot=robot1
44.000,ours,-,fleet,MIN_DISTANCE_AVG,OK,10.587,,,0,robots_sampled=6
45.000,ours,-,robot1,MIN_DISTANCE,OK,12.416,10.587,,0,nearest_robot=robot6
45.000,ours,-,robot2,MIN_DISTANCE,OK,12.510,10.587,,0,nearest_robot=robot1
45.000,ours,-,robot3,MIN_DISTANCE,OK,6.490,10.587,,0,nearest_robot=robot4
45.000,ours,-,robot4,MIN_DISTANCE,OK,6.490,10.587,,0,nearest_robot=robot3
45.000,ours,-,robot5,MIN_DISTANCE,OK,13.200,10.587,,0,nearest_robot=robot4
45.000,ours,-,robot6,MIN_DISTANCE,OK,12.416,10.587,,0,nearest_robot=robot1
45.000,ours,-,fleet,MIN_DISTANCE_AVG,OK,10.587,,,0,robots_sampled=6
46.000,ours,-,robot1,MIN_DISTANCE,OK,12.416,10.587,,0,nearest_robot=robot6
46.000,ours,-,robot2,MIN_DISTANCE,OK,12.510,10.587,,0,nearest_robot=robot1
46.000,ours,-,robot3,MIN_DISTANCE,OK,6.490,10.587,,0,nearest_robot=robot4
46.000,ours,-,robot4,MIN_DISTANCE,OK,6.490,10.587,,0,nearest_robot=robot3
46.000,ours,-,robot5,MIN_DISTANCE,OK,13.200,10.587,,0,nearest_robot=robot4
46.000,ours,-,robot6,MIN_DISTANCE,OK,12.416,10.587,,0,nearest_robot=robot1
46.000,ours,-,fleet,MIN_DISTANCE_AVG,OK,10.587,,,0,robots_sampled=6
47.000,ours,-,robot1,MIN_DISTANCE,OK,12.416,10.587,,0,nearest_robot=robot6
47.000,ours,-,robot2,MIN_DISTANCE,OK,12.510,10.587,,0,nearest_robot=robot1
47.000,ours,-,robot3,MIN_DISTANCE,OK,6.490,10.587,,0,nearest_robot=robot4
47.000,ours,-,robot4,MIN_DISTANCE,OK,6.490,10.587,,0,nearest_robot=robot3
47.000,ours,-,robot5,MIN_DISTANCE,OK,13.200,10.587,,0,nearest_robot=robot4
47.000,ours,-,robot6,MIN_DISTANCE,OK,12.416,10.587,,0,nearest_robot=robot1
47.000,ours,-,fleet,MIN_DISTANCE_AVG,OK,10.587,,,0,robots_sampled=6
48.000,ours,-,robot1,MIN_DISTANCE,OK,12.416,10.587,,0,nearest_robot=robot6
48.000,ours,-,robot2,MIN_DISTANCE,OK,12.510,10.587,,0,nearest_robot=robot1
48.000,ours,-,robot3,MIN_DISTANCE,OK,6.490,10.587,,0,nearest_robot=robot4
48.000,ours,-,robot4,MIN_DISTANCE,OK,6.490,10.587,,0,nearest_robot=robot3
48.000,ours,-,robot5,MIN_DISTANCE,OK,13.200,10.587,,0,nearest_robot=robot4
48.000,ours,-,robot6,MIN_DISTANCE,OK,12.416,10.587,,0,nearest_robot=robot1
48.000,ours,-,fleet,MIN_DISTANCE_AVG,OK,10.587,,,0,robots_sampled=6
49.000,ours,-,robot1,MIN_DISTANCE,OK,12.416,10.587,,0,nearest_robot=robot6
49.000,ours,-,robot2,MIN_DISTANCE,OK,12.510,10.587,,0,nearest_robot=robot1
49.000,ours,-,robot3,MIN_DISTANCE,OK,6.490,10.587,,0,nearest_robot=robot4
49.000,ours,-,robot4,MIN_DISTANCE,OK,6.490,10.587,,0,nearest_robot=robot3
49.000,ours,-,robot5,MIN_DISTANCE,OK,13.200,10.587,,0,nearest_robot=robot4
49.000,ours,-,robot6,MIN_DISTANCE,OK,12.416,10.587,,0,nearest_robot=robot1
49.000,ours,-,fleet,MIN_DISTANCE_AVG,OK,10.587,,,0,robots_sampled=6
50.000,ours,-,robot1,MIN_DISTANCE,OK,12.416,10.587,,0,nearest_robot=robot6
50.000,ours,-,robot2,MIN_DISTANCE,OK,12.510,10.587,,0,nearest_robot=robot1
50.000,ours,-,robot3,MIN_DISTANCE,OK,6.490,10.587,,0,nearest_robot=robot4
50.000,ours,-,robot4,MIN_DISTANCE,OK,6.490,10.587,,0,nearest_robot=robot3
50.000,ours,-,robot5,MIN_DISTANCE,OK,13.200,10.587,,0,nearest_robot=robot4
50.000,ours,-,robot6,MIN_DISTANCE,OK,12.416,10.587,,0,nearest_robot=robot1
50.000,ours,-,fleet,MIN_DISTANCE_AVG,OK,10.587,,,0,robots_sampled=6
51.000,ours,-,robot1,MIN_DISTANCE,OK,12.416,10.587,,0,nearest_robot=robot6
51.000,ours,-,robot2,MIN_DISTANCE,OK,12.510,10.587,,0,nearest_robot=robot1
51.000,ours,-,robot3,MIN_DISTANCE,OK,6.490,10.587,,0,nearest_robot=robot4
51.000,ours,-,robot4,MIN_DISTANCE,OK,6.490,10.587,,0,nearest_robot=robot3
51.000,ours,-,robot5,MIN_DISTANCE,OK,13.200,10.587,,0,nearest_robot=robot4
51.000,ours,-,robot6,MIN_DISTANCE,OK,12.416,10.587,,0,nearest_robot=robot1
51.000,ours,-,fleet,MIN_DISTANCE_AVG,OK,10.587,,,0,robots_sampled=6
52.000,ours,-,robot1,MIN_DISTANCE,OK,12.416,10.587,,0,nearest_robot=robot6
52.000,ours,-,robot2,MIN_DISTANCE,OK,12.510,10.587,,0,nearest_robot=robot1
52.000,ours,-,robot3,MIN_DISTANCE,OK,6.490,10.587,,0,nearest_robot=robot4
52.000,ours,-,robot4,MIN_DISTANCE,OK,6.490,10.587,,0,nearest_robot=robot3
52.000,ours,-,robot5,MIN_DISTANCE,OK,13.200,10.587,,0,nearest_robot=robot4
52.000,ours,-,robot6,MIN_DISTANCE,OK,12.416,10.587,,0,nearest_robot=robot1
52.000,ours,-,fleet,MIN_DISTANCE_AVG,OK,10.587,,,0,robots_sampled=6
52.310,ours,-,fleet,CHOMP_TIME_FULL,OK,,7.418,,0,iterations=100;iterations_executed=100;source=algorithm;round_trip=7.456216
53.000,ours,-,robot1,MIN_DISTANCE,OK,12.359,10.568,,0,nearest_robot=robot2
53.000,ours,-,robot2,MIN_DISTANCE,OK,12.359,10.568,,0,nearest_robot=robot1
53.000,ours,-,robot3,MIN_DISTANCE,OK,6.515,10.568,,0,nearest_robot=robot4
53.000,ours,-,robot4,MIN_DISTANCE,OK,6.515,10.568,,0,nearest_robot=robot3
53.000,ours,-,robot5,MIN_DISTANCE,OK,13.167,10.568,,0,nearest_robot=robot4
53.000,ours,-,robot6,MIN_DISTANCE,OK,12.493,10.568,,0,nearest_robot=robot1
53.000,ours,-,fleet,MIN_DISTANCE_AVG,OK,10.568,,,0,robots_sampled=6
54.000,ours,-,robot1,MIN_DISTANCE,OK,11.969,10.513,,0,nearest_robot=robot2
54.000,ours,-,robot2,MIN_DISTANCE,OK,11.969,10.513,,0,nearest_robot=robot1
54.000,ours,-,robot3,MIN_DISTANCE,OK,6.778,10.513,,0,nearest_robot=robot4
54.000,ours,-,robot4,MIN_DISTANCE,OK,6.778,10.513,,0,nearest_robot=robot3
54.000,ours,-,robot5,MIN_DISTANCE,OK,12.846,10.513,,0,nearest_robot=robot4
54.000,ours,-,robot6,MIN_DISTANCE,OK,12.740,10.513,,0,nearest_robot=robot1
54.000,ours,-,fleet,MIN_DISTANCE_AVG,OK,10.513,,,0,robots_sampled=6
54.490,ours,-,fleet,CHOMP_TIME_FULL,OK,,2.405,,0,iterations=100;iterations_executed=25;source=algorithm;round_trip=2.452616
55.000,ours,-,robot1,MIN_DISTANCE,OK,11.964,10.672,,0,nearest_robot=robot2
55.000,ours,-,robot2,MIN_DISTANCE,OK,11.964,10.672,,0,nearest_robot=robot1
55.000,ours,-,robot3,MIN_DISTANCE,OK,7.221,10.672,,0,nearest_robot=robot4
55.000,ours,-,robot4,MIN_DISTANCE,OK,7.221,10.672,,0,nearest_robot=robot3
55.000,ours,-,robot5,MIN_DISTANCE,OK,12.611,10.672,,0,nearest_robot=robot4
55.000,ours,-,robot6,MIN_DISTANCE,OK,13.050,10.672,,0,nearest_robot=robot1
55.000,ours,-,fleet,MIN_DISTANCE_AVG,OK,10.672,,,0,robots_sampled=6
55.510,ours,-,fleet,CHOMP_TIME_PARTIAL,OK,,0.845,,0,iterations=10;iterations_executed=10;source=algorithm;round_trip=0.882039
56.000,ours,-,robot1,MIN_DISTANCE,OK,12.015,10.755,,0,nearest_robot=robot2
56.000,ours,-,robot2,MIN_DISTANCE,OK,12.015,10.755,,0,nearest_robot=robot1
56.000,ours,-,robot3,MIN_DISTANCE,OK,7.612,10.755,,0,nearest_robot=robot4
56.000,ours,-,robot4,MIN_DISTANCE,OK,7.612,10.755,,0,nearest_robot=robot3
56.000,ours,-,robot5,MIN_DISTANCE,OK,12.625,10.755,,0,nearest_robot=robot4
56.000,ours,-,robot6,MIN_DISTANCE,OK,12.653,10.755,,0,nearest_robot=robot5
56.000,ours,-,fleet,MIN_DISTANCE_AVG,OK,10.755,,,0,robots_sampled=6
56.540,ours,-,fleet,CHOMP_TIME_PARTIAL,OK,,0.774,,0,iterations=10;iterations_executed=10;source=algorithm;round_trip=0.806871
57.000,ours,-,robot1,MIN_DISTANCE,OK,12.034,10.642,,0,nearest_robot=robot2
57.000,ours,-,robot2,MIN_DISTANCE,OK,12.034,10.642,,0,nearest_robot=robot1
57.000,ours,-,robot3,MIN_DISTANCE,OK,8.003,10.642,,0,nearest_robot=robot4
57.000,ours,-,robot4,MIN_DISTANCE,OK,8.003,10.642,,0,nearest_robot=robot3
57.000,ours,-,robot5,MIN_DISTANCE,OK,11.890,10.642,,0,nearest_robot=robot6
57.000,ours,-,robot6,MIN_DISTANCE,OK,11.890,10.642,,0,nearest_robot=robot5
57.000,ours,-,fleet,MIN_DISTANCE_AVG,OK,10.642,,,0,robots_sampled=6
57.690,ours,-,fleet,CHOMP_TIME_PARTIAL,OK,,1.019,,0,iterations=10;iterations_executed=10;source=algorithm;round_trip=1.047012
58.000,ours,-,robot1,MIN_DISTANCE,OK,12.113,10.578,,0,nearest_robot=robot2
58.000,ours,-,robot2,MIN_DISTANCE,OK,11.563,10.578,,0,nearest_robot=robot3
58.000,ours,-,robot3,MIN_DISTANCE,OK,8.657,10.578,,0,nearest_robot=robot4
58.000,ours,-,robot4,MIN_DISTANCE,OK,8.657,10.578,,0,nearest_robot=robot3
58.000,ours,-,robot5,MIN_DISTANCE,OK,11.238,10.578,,0,nearest_robot=robot6
58.000,ours,-,robot6,MIN_DISTANCE,OK,11.238,10.578,,0,nearest_robot=robot5
58.000,ours,-,fleet,MIN_DISTANCE_AVG,OK,10.578,,,0,robots_sampled=6
58.690,ours,-,fleet,CHOMP_TIME_PARTIAL,OK,,0.996,,0,iterations=10;iterations_executed=10;source=algorithm;round_trip=1.035548
59.000,ours,-,robot1,MIN_DISTANCE,OK,12.102,10.513,,0,nearest_robot=robot2
59.000,ours,-,robot2,MIN_DISTANCE,OK,10.904,10.513,,0,nearest_robot=robot3
59.000,ours,-,robot3,MIN_DISTANCE,OK,9.460,10.513,,0,nearest_robot=robot4
59.000,ours,-,robot4,MIN_DISTANCE,OK,9.460,10.513,,0,nearest_robot=robot3
59.000,ours,-,robot5,MIN_DISTANCE,OK,10.576,10.513,,0,nearest_robot=robot6
59.000,ours,-,robot6,MIN_DISTANCE,OK,10.576,10.513,,0,nearest_robot=robot5
59.000,ours,-,fleet,MIN_DISTANCE_AVG,OK,10.513,,,0,robots_sampled=6
59.440,ours,-,fleet,CHOMP_TIME_PARTIAL,OK,,0.737,,0,iterations=10;iterations_executed=10;source=algorithm;round_trip=0.772248
60.000,ours,-,robot1,MIN_DISTANCE,OK,11.996,10.413,,0,nearest_robot=robot2
60.000,ours,-,robot2,MIN_DISTANCE,OK,10.414,10.413,,0,nearest_robot=robot3
60.000,ours,-,robot3,MIN_DISTANCE,OK,10.134,10.413,,0,nearest_robot=robot4
60.000,ours,-,robot4,MIN_DISTANCE,OK,10.134,10.413,,0,nearest_robot=robot3
60.000,ours,-,robot5,MIN_DISTANCE,OK,9.901,10.413,,0,nearest_robot=robot6
60.000,ours,-,robot6,MIN_DISTANCE,OK,9.901,10.413,,0,nearest_robot=robot5
60.000,ours,-,fleet,MIN_DISTANCE_AVG,OK,10.413,,,0,robots_sampled=6
60.120,ours,-,fleet,CHOMP_TIME_PARTIAL,OK,,0.973,,0,iterations=10;iterations_executed=10;source=algorithm;round_trip=1.003228
61.000,ours,-,robot1,MIN_DISTANCE,OK,11.821,10.164,,0,nearest_robot=robot2
61.000,ours,-,robot2,MIN_DISTANCE,OK,9.958,10.164,,0,nearest_robot=robot3
61.000,ours,-,robot3,MIN_DISTANCE,OK,9.958,10.164,,0,nearest_robot=robot2
61.000,ours,-,robot4,MIN_DISTANCE,OK,10.773,10.164,,0,nearest_robot=robot3
61.000,ours,-,robot5,MIN_DISTANCE,OK,9.238,10.164,,0,nearest_robot=robot6
61.000,ours,-,robot6,MIN_DISTANCE,OK,9.238,10.164,,0,nearest_robot=robot5
61.000,ours,-,fleet,MIN_DISTANCE_AVG,OK,10.164,,,0,robots_sampled=6
61.070,ours,-,fleet,CHOMP_TIME_PARTIAL,OK,,0.879,,0,iterations=10;iterations_executed=10;source=algorithm;round_trip=0.908929
62.000,ours,-,robot1,MIN_DISTANCE,OK,11.758,9.896,,0,nearest_robot=robot2
62.000,ours,-,robot2,MIN_DISTANCE,OK,9.527,9.896,,0,nearest_robot=robot3
62.000,ours,-,robot3,MIN_DISTANCE,OK,9.527,9.896,,0,nearest_robot=robot2
62.000,ours,-,robot4,MIN_DISTANCE,OK,11.424,9.896,,0,nearest_robot=robot3
62.000,ours,-,robot5,MIN_DISTANCE,OK,8.571,9.896,,0,nearest_robot=robot6
62.000,ours,-,robot6,MIN_DISTANCE,OK,8.571,9.896,,0,nearest_robot=robot5
62.000,ours,-,fleet,MIN_DISTANCE_AVG,OK,9.896,,,0,robots_sampled=6
62.160,ours,-,fleet,CHOMP_TIME_PARTIAL,OK,,1.022,,0,iterations=10;iterations_executed=10;source=algorithm;round_trip=1.060959
63.000,ours,-,robot1,MIN_DISTANCE,OK,11.814,9.683,,0,nearest_robot=robot2
63.000,ours,-,robot2,MIN_DISTANCE,OK,9.145,9.683,,0,nearest_robot=robot3
63.000,ours,-,robot3,MIN_DISTANCE,OK,9.145,9.683,,0,nearest_robot=robot2
63.000,ours,-,robot4,MIN_DISTANCE,OK,12.037,9.683,,0,nearest_robot=robot3
63.000,ours,-,robot5,MIN_DISTANCE,OK,7.978,9.683,,0,nearest_robot=robot6
63.000,ours,-,robot6,MIN_DISTANCE,OK,7.978,9.683,,0,nearest_robot=robot5
63.000,ours,-,fleet,MIN_DISTANCE_AVG,OK,9.683,,,0,robots_sampled=6
63.100,ours,-,fleet,CHOMP_TIME_PARTIAL,OK,,0.902,,0,iterations=10;iterations_executed=10;source=algorithm;round_trip=0.932402
64.000,ours,-,robot1,MIN_DISTANCE,OK,12.032,9.568,,0,nearest_robot=robot2
64.000,ours,-,robot2,MIN_DISTANCE,OK,8.799,9.568,,0,nearest_robot=robot3
64.000,ours,-,robot3,MIN_DISTANCE,OK,8.799,9.568,,0,nearest_robot=robot2
64.000,ours,-,robot4,MIN_DISTANCE,OK,12.617,9.568,,0,nearest_robot=robot3
64.000,ours,-,robot5,MIN_DISTANCE,OK,7.581,9.568,,0,nearest_robot=robot6
64.000,ours,-,robot6,MIN_DISTANCE,OK,7.581,9.568,,0,nearest_robot=robot5
64.000,ours,-,fleet,MIN_DISTANCE_AVG,OK,9.568,,,0,robots_sampled=6
64.150,ours,-,fleet,CHOMP_TIME_PARTIAL,OK,,1.016,,0,iterations=10;iterations_executed=10;source=algorithm;round_trip=1.044336
65.000,ours,-,robot1,MIN_DISTANCE,OK,12.365,9.548,,0,nearest_robot=robot2
65.000,ours,-,robot2,MIN_DISTANCE,OK,8.616,9.548,,0,nearest_robot=robot3
65.000,ours,-,robot3,MIN_DISTANCE,OK,8.616,9.548,,0,nearest_robot=robot2
65.000,ours,-,robot4,MIN_DISTANCE,OK,13.062,9.548,,0,nearest_robot=robot3
65.000,ours,-,robot5,MIN_DISTANCE,OK,7.313,9.548,,0,nearest_robot=robot6
65.000,ours,-,robot6,MIN_DISTANCE,OK,7.313,9.548,,0,nearest_robot=robot5
65.000,ours,-,fleet,MIN_DISTANCE_AVG,OK,9.548,,,0,robots_sampled=6
65.120,ours,-,fleet,CHOMP_TIME_PARTIAL,OK,,0.943,,0,iterations=10;iterations_executed=10;source=algorithm;round_trip=0.974152
66.000,ours,-,robot1,MIN_DISTANCE,OK,12.680,9.544,,0,nearest_robot=robot2
66.000,ours,-,robot2,MIN_DISTANCE,OK,8.759,9.544,,0,nearest_robot=robot3
66.000,ours,-,robot3,MIN_DISTANCE,OK,8.759,9.544,,0,nearest_robot=robot2
66.000,ours,-,robot4,MIN_DISTANCE,OK,12.979,9.544,,0,nearest_robot=robot5
66.000,ours,-,robot5,MIN_DISTANCE,OK,7.044,9.544,,0,nearest_robot=robot6
66.000,ours,-,robot6,MIN_DISTANCE,OK,7.044,9.544,,0,nearest_robot=robot5
66.000,ours,-,fleet,MIN_DISTANCE_AVG,OK,9.544,,,0,robots_sampled=6
66.030,ours,-,fleet,CHOMP_TIME_PARTIAL,OK,,0.726,,0,iterations=10;iterations_executed=10;source=algorithm;round_trip=0.775772
67.000,ours,-,robot1,MIN_DISTANCE,OK,12.792,9.516,,0,nearest_robot=robot2
67.000,ours,-,robot2,MIN_DISTANCE,OK,9.095,9.516,,0,nearest_robot=robot3
67.000,ours,-,robot3,MIN_DISTANCE,OK,9.095,9.516,,0,nearest_robot=robot2
67.000,ours,-,robot4,MIN_DISTANCE,OK,12.654,9.516,,0,nearest_robot=robot5
67.000,ours,-,robot5,MIN_DISTANCE,OK,6.730,9.516,,0,nearest_robot=robot6
67.000,ours,-,robot6,MIN_DISTANCE,OK,6.730,9.516,,0,nearest_robot=robot5
67.000,ours,-,fleet,MIN_DISTANCE_AVG,OK,9.516,,,0,robots_sampled=6
67.730,ours,-,fleet,CHOMP_TIME_FULL,OK,,1.225,,0,iterations=100;iterations_executed=15;source=algorithm;round_trip=1.266438
68.000,ours,-,robot1,MIN_DISTANCE,OK,12.817,9.510,,0,nearest_robot=robot2
68.000,ours,-,robot2,MIN_DISTANCE,OK,9.496,9.510,,0,nearest_robot=robot3
68.000,ours,-,robot3,MIN_DISTANCE,OK,9.496,9.510,,0,nearest_robot=robot2
68.000,ours,-,robot4,MIN_DISTANCE,OK,12.414,9.510,,0,nearest_robot=robot5
68.000,ours,-,robot5,MIN_DISTANCE,OK,6.418,9.510,,0,nearest_robot=robot6
68.000,ours,-,robot6,MIN_DISTANCE,OK,6.418,9.510,,0,nearest_robot=robot5
68.000,ours,-,fleet,MIN_DISTANCE_AVG,OK,9.510,,,0,robots_sampled=6
69.000,ours,-,robot1,MIN_DISTANCE,OK,12.876,9.489,,0,nearest_robot=robot2
69.000,ours,-,robot2,MIN_DISTANCE,OK,9.892,9.489,,0,nearest_robot=robot3
69.000,ours,-,robot3,MIN_DISTANCE,OK,9.892,9.489,,0,nearest_robot=robot2
69.000,ours,-,robot4,MIN_DISTANCE,OK,12.215,9.489,,0,nearest_robot=robot5
69.000,ours,-,robot5,MIN_DISTANCE,OK,6.029,9.489,,0,nearest_robot=robot6
69.000,ours,-,robot6,MIN_DISTANCE,OK,6.029,9.489,,0,nearest_robot=robot5
69.000,ours,-,fleet,MIN_DISTANCE_AVG,OK,9.489,,,0,robots_sampled=6
69.480,ours,-,fleet,CHOMP_TIME_FULL,OK,,1.568,,0,iterations=100;iterations_executed=16;source=algorithm;round_trip=1.597752
70.000,ours,-,robot1,MIN_DISTANCE,OK,12.927,9.424,,0,nearest_robot=robot2
70.000,ours,-,robot2,MIN_DISTANCE,OK,10.124,9.424,,0,nearest_robot=robot3
70.000,ours,-,robot3,MIN_DISTANCE,OK,10.124,9.424,,0,nearest_robot=robot2
70.000,ours,-,robot4,MIN_DISTANCE,OK,12.038,9.424,,0,nearest_robot=robot5
70.000,ours,-,robot5,MIN_DISTANCE,OK,5.667,9.424,,0,nearest_robot=robot6
70.000,ours,-,robot6,MIN_DISTANCE,OK,5.667,9.424,,0,nearest_robot=robot5
70.000,ours,-,fleet,MIN_DISTANCE_AVG,OK,9.424,,,0,robots_sampled=6
70.020,ours,-,fleet,CHOMP_TIME_PARTIAL,OK,,0.883,,0,iterations=10;iterations_executed=10;source=algorithm;round_trip=0.910042
71.000,ours,-,robot1,MIN_DISTANCE,OK,12.963,9.386,,0,nearest_robot=robot2
71.000,ours,-,robot2,MIN_DISTANCE,OK,10.426,9.386,,0,nearest_robot=robot3
71.000,ours,-,robot3,MIN_DISTANCE,OK,10.426,9.386,,0,nearest_robot=robot2
71.000,ours,-,robot4,MIN_DISTANCE,OK,11.965,9.386,,0,nearest_robot=robot5
71.000,ours,-,robot5,MIN_DISTANCE,OK,5.269,9.386,,0,nearest_robot=robot6
71.000,ours,-,robot6,MIN_DISTANCE,OK,5.269,9.386,,0,nearest_robot=robot5
71.000,ours,-,fleet,MIN_DISTANCE_AVG,OK,9.386,,,0,robots_sampled=6
71.110,ours,-,fleet,CHOMP_TIME_PARTIAL,OK,,1.064,,0,iterations=10;iterations_executed=10;source=algorithm;round_trip=1.098888
72.000,ours,-,robot1,MIN_DISTANCE,OK,13.008,9.363,,0,nearest_robot=robot2
72.000,ours,-,robot2,MIN_DISTANCE,OK,10.798,9.363,,0,nearest_robot=robot3
72.000,ours,-,robot3,MIN_DISTANCE,OK,10.798,9.363,,0,nearest_robot=robot2
72.000,ours,-,robot4,MIN_DISTANCE,OK,11.888,9.363,,0,nearest_robot=robot5
72.000,ours,-,robot5,MIN_DISTANCE,OK,4.842,9.363,,0,nearest_robot=robot6
72.000,ours,-,robot6,MIN_DISTANCE,OK,4.842,9.363,,0,nearest_robot=robot5
72.000,ours,-,fleet,MIN_DISTANCE_AVG,OK,9.363,,,0,robots_sampled=6
72.030,ours,-,fleet,CHOMP_TIME_PARTIAL,OK,,0.896,,0,iterations=10;iterations_executed=10;source=algorithm;round_trip=0.931802
73.000,ours,-,robot1,MIN_DISTANCE,OK,13.080,9.424,,0,nearest_robot=robot2
73.000,ours,-,robot2,MIN_DISTANCE,OK,11.529,9.424,,0,nearest_robot=robot3
73.000,ours,-,robot3,MIN_DISTANCE,OK,11.529,9.424,,0,nearest_robot=robot2
73.000,ours,-,robot4,MIN_DISTANCE,OK,11.637,9.424,,0,nearest_robot=robot5
73.000,ours,-,robot5,MIN_DISTANCE,OK,4.384,9.424,,0,nearest_robot=robot6
73.000,ours,-,robot6,MIN_DISTANCE,OK,4.384,9.424,,0,nearest_robot=robot5
73.000,ours,-,fleet,MIN_DISTANCE_AVG,OK,9.424,,,0,robots_sampled=6
74.000,ours,-,robot1,MIN_DISTANCE,OK,13.166,9.518,,0,nearest_robot=robot2
74.000,ours,-,robot2,MIN_DISTANCE,OK,12.236,9.518,,0,nearest_robot=robot3
74.000,ours,-,robot3,MIN_DISTANCE,OK,12.236,9.518,,0,nearest_robot=robot2
74.000,ours,-,robot4,MIN_DISTANCE,OK,11.185,9.518,,0,nearest_robot=robot5
74.000,ours,-,robot5,MIN_DISTANCE,OK,4.144,9.518,,0,nearest_robot=robot6
74.000,ours,-,robot6,MIN_DISTANCE,OK,4.144,9.518,,0,nearest_robot=robot5
74.000,ours,-,fleet,MIN_DISTANCE_AVG,OK,9.518,,,0,robots_sampled=6
75.000,ours,-,robot1,MIN_DISTANCE,OK,13.164,9.651,,0,nearest_robot=robot2
75.000,ours,-,robot2,MIN_DISTANCE,OK,12.966,9.651,,0,nearest_robot=robot3
75.000,ours,-,robot3,MIN_DISTANCE,OK,12.935,9.651,,0,nearest_robot=robot4
75.000,ours,-,robot4,MIN_DISTANCE,OK,10.764,9.651,,0,nearest_robot=robot5
75.000,ours,-,robot5,MIN_DISTANCE,OK,4.040,9.651,,0,nearest_robot=robot6
75.000,ours,-,robot6,MIN_DISTANCE,OK,4.040,9.651,,0,nearest_robot=robot5
75.000,ours,-,fleet,MIN_DISTANCE_AVG,OK,9.651,,,0,robots_sampled=6
76.000,ours,-,robot1,MIN_DISTANCE,OK,13.176,9.530,,0,nearest_robot=robot2
76.000,ours,-,robot2,MIN_DISTANCE,OK,13.176,9.530,,0,nearest_robot=robot1
76.000,ours,-,robot3,MIN_DISTANCE,OK,12.462,9.530,,0,nearest_robot=robot4
76.000,ours,-,robot4,MIN_DISTANCE,OK,10.441,9.530,,0,nearest_robot=robot5
76.000,ours,-,robot5,MIN_DISTANCE,OK,3.964,9.530,,0,nearest_robot=robot6
76.000,ours,-,robot6,MIN_DISTANCE,OK,3.964,9.530,,0,nearest_robot=robot5
76.000,ours,-,fleet,MIN_DISTANCE_AVG,OK,9.530,,,0,robots_sampled=6
77.000,ours,-,robot1,MIN_DISTANCE,OK,13.036,9.340,,0,nearest_robot=robot2
77.000,ours,-,robot2,MIN_DISTANCE,OK,13.036,9.340,,0,nearest_robot=robot1
77.000,ours,-,robot3,MIN_DISTANCE,OK,12.043,9.340,,0,nearest_robot=robot4
77.000,ours,-,robot4,MIN_DISTANCE,OK,10.102,9.340,,0,nearest_robot=robot5
77.000,ours,-,robot5,MIN_DISTANCE,OK,3.911,9.340,,0,nearest_robot=robot6
77.000,ours,-,robot6,MIN_DISTANCE,OK,3.911,9.340,,0,nearest_robot=robot5
77.000,ours,-,fleet,MIN_DISTANCE_AVG,OK,9.340,,,0,robots_sampled=6
77.640,ours,-,fleet,CHOMP_TIME_FULL,OK,,7.940,,0,iterations=100;iterations_executed=91;source=algorithm;round_trip=7.999824
78.000,ours,-,robot1,MIN_DISTANCE,OK,12.860,9.152,,0,nearest_robot=robot2
78.000,ours,-,robot2,MIN_DISTANCE,OK,12.860,9.152,,0,nearest_robot=robot1
78.000,ours,-,robot3,MIN_DISTANCE,OK,11.665,9.152,,0,nearest_robot=robot4
78.000,ours,-,robot4,MIN_DISTANCE,OK,9.774,9.152,,0,nearest_robot=robot5
78.000,ours,-,robot5,MIN_DISTANCE,OK,3.876,9.152,,0,nearest_robot=robot6
78.000,ours,-,robot6,MIN_DISTANCE,OK,3.876,9.152,,0,nearest_robot=robot5
78.000,ours,-,fleet,MIN_DISTANCE_AVG,OK,9.152,,,0,robots_sampled=6
79.000,ours,-,robot1,MIN_DISTANCE,OK,12.501,8.899,,0,nearest_robot=robot2
79.000,ours,-,robot2,MIN_DISTANCE,OK,12.501,8.899,,0,nearest_robot=robot1
79.000,ours,-,robot3,MIN_DISTANCE,OK,11.334,8.899,,0,nearest_robot=robot4
79.000,ours,-,robot4,MIN_DISTANCE,OK,9.430,8.899,,0,nearest_robot=robot5
79.000,ours,-,robot5,MIN_DISTANCE,OK,3.813,8.899,,0,nearest_robot=robot6
79.000,ours,-,robot6,MIN_DISTANCE,OK,3.813,8.899,,0,nearest_robot=robot5
79.000,ours,-,fleet,MIN_DISTANCE_AVG,OK,8.899,,,0,robots_sampled=6
80.000,ours,-,robot1,MIN_DISTANCE,OK,12.052,8.624,,0,nearest_robot=robot2
80.000,ours,-,robot2,MIN_DISTANCE,OK,12.052,8.624,,0,nearest_robot=robot1
80.000,ours,-,robot3,MIN_DISTANCE,OK,10.853,8.624,,0,nearest_robot=robot4
80.000,ours,-,robot4,MIN_DISTANCE,OK,9.093,8.624,,0,nearest_robot=robot5
80.000,ours,-,robot5,MIN_DISTANCE,OK,3.848,8.624,,0,nearest_robot=robot6
80.000,ours,-,robot6,MIN_DISTANCE,OK,3.848,8.624,,0,nearest_robot=robot5
80.000,ours,-,fleet,MIN_DISTANCE_AVG,OK,8.624,,,0,robots_sampled=6
81.000,ours,-,robot1,MIN_DISTANCE,OK,11.671,8.386,,0,nearest_robot=robot2
81.000,ours,-,robot2,MIN_DISTANCE,OK,11.671,8.386,,0,nearest_robot=robot1
81.000,ours,-,robot3,MIN_DISTANCE,OK,10.603,8.386,,0,nearest_robot=robot4
81.000,ours,-,robot4,MIN_DISTANCE,OK,8.799,8.386,,0,nearest_robot=robot5
81.000,ours,-,robot5,MIN_DISTANCE,OK,3.788,8.386,,0,nearest_robot=robot6
81.000,ours,-,robot6,MIN_DISTANCE,OK,3.788,8.386,,0,nearest_robot=robot5
81.000,ours,-,fleet,MIN_DISTANCE_AVG,OK,8.386,,,0,robots_sampled=6
82.000,ours,-,robot1,MIN_DISTANCE,OK,11.265,8.154,,0,nearest_robot=robot2
82.000,ours,-,robot2,MIN_DISTANCE,OK,11.265,8.154,,0,nearest_robot=robot1
82.000,ours,-,robot3,MIN_DISTANCE,OK,10.375,8.154,,0,nearest_robot=robot4
82.000,ours,-,robot4,MIN_DISTANCE,OK,8.517,8.154,,0,nearest_robot=robot5
82.000,ours,-,robot5,MIN_DISTANCE,OK,3.750,8.154,,0,nearest_robot=robot6
82.000,ours,-,robot6,MIN_DISTANCE,OK,3.750,8.154,,0,nearest_robot=robot5
82.000,ours,-,fleet,MIN_DISTANCE_AVG,OK,8.154,,,0,robots_sampled=6
83.000,ours,-,robot1,MIN_DISTANCE,OK,10.872,7.941,,0,nearest_robot=robot2
83.000,ours,-,robot2,MIN_DISTANCE,OK,10.872,7.941,,0,nearest_robot=robot1
83.000,ours,-,robot3,MIN_DISTANCE,OK,10.087,7.941,,0,nearest_robot=robot4
83.000,ours,-,robot4,MIN_DISTANCE,OK,8.206,7.941,,0,nearest_robot=robot5
83.000,ours,-,robot5,MIN_DISTANCE,OK,3.804,7.941,,0,nearest_robot=robot6
83.000,ours,-,robot6,MIN_DISTANCE,OK,3.804,7.941,,0,nearest_robot=robot5
83.000,ours,-,fleet,MIN_DISTANCE_AVG,OK,7.941,,,0,robots_sampled=6
84.000,ours,-,robot1,MIN_DISTANCE,OK,10.459,7.726,,0,nearest_robot=robot2
84.000,ours,-,robot2,MIN_DISTANCE,OK,10.459,7.726,,0,nearest_robot=robot1
84.000,ours,-,robot3,MIN_DISTANCE,OK,9.873,7.726,,0,nearest_robot=robot4
84.000,ours,-,robot4,MIN_DISTANCE,OK,7.876,7.726,,0,nearest_robot=robot5
84.000,ours,-,robot5,MIN_DISTANCE,OK,3.843,7.726,,0,nearest_robot=robot6
84.000,ours,-,robot6,MIN_DISTANCE,OK,3.843,7.726,,0,nearest_robot=robot5
84.000,ours,-,fleet,MIN_DISTANCE_AVG,OK,7.726,,,0,robots_sampled=6
84.010,ours,-,fleet,CHOMP_TIME_FULL,OK,,8.723,,0,iterations=100;iterations_executed=100;source=algorithm;round_trip=8.768849
85.000,ours,-,robot1,MIN_DISTANCE,OK,10.049,7.462,,0,nearest_robot=robot2
85.000,ours,-,robot2,MIN_DISTANCE,OK,10.049,7.462,,0,nearest_robot=robot1
85.000,ours,-,robot3,MIN_DISTANCE,OK,9.675,7.462,,0,nearest_robot=robot4
85.000,ours,-,robot4,MIN_DISTANCE,OK,7.452,7.462,,0,nearest_robot=robot5
85.000,ours,-,robot5,MIN_DISTANCE,OK,3.774,7.462,,0,nearest_robot=robot6
85.000,ours,-,robot6,MIN_DISTANCE,OK,3.774,7.462,,0,nearest_robot=robot5
85.000,ours,-,fleet,MIN_DISTANCE_AVG,OK,7.462,,,0,robots_sampled=6
86.000,ours,-,robot1,MIN_DISTANCE,OK,9.642,7.132,,0,nearest_robot=robot2
86.000,ours,-,robot2,MIN_DISTANCE,OK,9.642,7.132,,0,nearest_robot=robot1
86.000,ours,-,robot3,MIN_DISTANCE,OK,9.340,7.132,,0,nearest_robot=robot4
86.000,ours,-,robot4,MIN_DISTANCE,OK,6.943,7.132,,0,nearest_robot=robot5
86.000,ours,-,robot5,MIN_DISTANCE,OK,3.614,7.132,,0,nearest_robot=robot6
86.000,ours,-,robot6,MIN_DISTANCE,OK,3.614,7.132,,0,nearest_robot=robot5
86.000,ours,-,fleet,MIN_DISTANCE_AVG,OK,7.132,,,0,robots_sampled=6
87.000,ours,-,robot1,MIN_DISTANCE,OK,9.283,6.768,,0,nearest_robot=robot2
87.000,ours,-,robot2,MIN_DISTANCE,OK,9.283,6.768,,0,nearest_robot=robot1
87.000,ours,-,robot3,MIN_DISTANCE,OK,8.875,6.768,,0,nearest_robot=robot4
87.000,ours,-,robot4,MIN_DISTANCE,OK,6.451,6.768,,0,nearest_robot=robot5
87.000,ours,-,robot5,MIN_DISTANCE,OK,3.358,6.768,,0,nearest_robot=robot6
87.000,ours,-,robot6,MIN_DISTANCE,OK,3.358,6.768,,0,nearest_robot=robot5
87.000,ours,-,fleet,MIN_DISTANCE_AVG,OK,6.768,,,0,robots_sampled=6
88.000,ours,-,robot1,MIN_DISTANCE,OK,8.880,6.427,,0,nearest_robot=robot2
88.000,ours,-,robot2,MIN_DISTANCE,OK,8.880,6.427,,0,nearest_robot=robot1
88.000,ours,-,robot3,MIN_DISTANCE,OK,8.358,6.427,,0,nearest_robot=robot4
88.000,ours,-,robot4,MIN_DISTANCE,OK,5.970,6.427,,0,nearest_robot=robot5
88.000,ours,-,robot5,MIN_DISTANCE,OK,3.237,6.427,,0,nearest_robot=robot6
88.000,ours,-,robot6,MIN_DISTANCE,OK,3.237,6.427,,0,nearest_robot=robot5
88.000,ours,-,fleet,MIN_DISTANCE_AVG,OK,6.427,,,0,robots_sampled=6
89.000,ours,-,robot1,MIN_DISTANCE,OK,8.445,6.082,,0,nearest_robot=robot2
89.000,ours,-,robot2,MIN_DISTANCE,OK,8.445,6.082,,0,nearest_robot=robot1
89.000,ours,-,robot3,MIN_DISTANCE,OK,7.904,6.082,,0,nearest_robot=robot4
89.000,ours,-,robot4,MIN_DISTANCE,OK,5.495,6.082,,0,nearest_robot=robot5
89.000,ours,-,robot5,MIN_DISTANCE,OK,3.100,6.082,,0,nearest_robot=robot6
89.000,ours,-,robot6,MIN_DISTANCE,OK,3.100,6.082,,0,nearest_robot=robot5
89.000,ours,-,fleet,MIN_DISTANCE_AVG,OK,6.082,,,0,robots_sampled=6
90.000,ours,-,robot1,MIN_DISTANCE,OK,8.007,5.770,,0,nearest_robot=robot2
90.000,ours,-,robot2,MIN_DISTANCE,OK,8.007,5.770,,0,nearest_robot=robot1
90.000,ours,-,robot3,MIN_DISTANCE,OK,7.511,5.770,,0,nearest_robot=robot4
90.000,ours,-,robot4,MIN_DISTANCE,OK,5.100,5.770,,0,nearest_robot=robot5
90.000,ours,-,robot5,MIN_DISTANCE,OK,2.999,5.770,,0,nearest_robot=robot6
90.000,ours,-,robot6,MIN_DISTANCE,OK,2.999,5.770,,0,nearest_robot=robot5
90.000,ours,-,fleet,MIN_DISTANCE_AVG,OK,5.770,,,0,robots_sampled=6
90.040,ours,-,fleet,CHOMP_TIME_FULL,OK,,7.843,,0,iterations=100;iterations_executed=100;source=algorithm;round_trip=7.897513
91.000,ours,-,robot1,MIN_DISTANCE,OK,7.563,5.458,,0,nearest_robot=robot2
91.000,ours,-,robot2,MIN_DISTANCE,OK,7.563,5.458,,0,nearest_robot=robot1
91.000,ours,-,robot3,MIN_DISTANCE,OK,7.346,5.458,,0,nearest_robot=robot4
91.000,ours,-,robot4,MIN_DISTANCE,OK,4.643,5.458,,0,nearest_robot=robot5
91.000,ours,-,robot5,MIN_DISTANCE,OK,2.818,5.458,,0,nearest_robot=robot6
91.000,ours,-,robot6,MIN_DISTANCE,OK,2.818,5.458,,0,nearest_robot=robot5
91.000,ours,-,fleet,MIN_DISTANCE_AVG,OK,5.458,,,0,robots_sampled=6
92.000,ours,-,robot1,MIN_DISTANCE,OK,7.133,5.186,,0,nearest_robot=robot2
92.000,ours,-,robot2,MIN_DISTANCE,OK,7.133,5.186,,0,nearest_robot=robot1
92.000,ours,-,robot3,MIN_DISTANCE,OK,7.277,5.186,,0,nearest_robot=robot4
92.000,ours,-,robot4,MIN_DISTANCE,OK,4.577,5.186,,0,nearest_robot=robot5
92.000,ours,-,robot5,MIN_DISTANCE,OK,2.497,5.186,,0,nearest_robot=robot6
92.000,ours,-,robot6,MIN_DISTANCE,OK,2.497,5.186,,0,nearest_robot=robot5
92.000,ours,-,fleet,MIN_DISTANCE_AVG,OK,5.186,,,0,robots_sampled=6
93.000,ours,-,robot1,MIN_DISTANCE,OK,6.731,4.984,,0,nearest_robot=robot2
93.000,ours,-,robot2,MIN_DISTANCE,OK,6.731,4.984,,0,nearest_robot=robot1
93.000,ours,-,robot3,MIN_DISTANCE,OK,7.320,4.984,,0,nearest_robot=robot4
93.000,ours,-,robot4,MIN_DISTANCE,OK,4.784,4.984,,0,nearest_robot=robot5
93.000,ours,-,robot5,MIN_DISTANCE,OK,2.169,4.984,,0,nearest_robot=robot6
93.000,ours,-,robot6,MIN_DISTANCE,OK,2.169,4.984,,0,nearest_robot=robot5
93.000,ours,-,fleet,MIN_DISTANCE_AVG,OK,4.984,,,0,robots_sampled=6
94.000,ours,-,robot1,MIN_DISTANCE,OK,6.382,4.800,,0,nearest_robot=robot2
94.000,ours,-,robot2,MIN_DISTANCE,OK,6.382,4.800,,0,nearest_robot=robot1
94.000,ours,-,robot3,MIN_DISTANCE,OK,7.429,4.800,,0,nearest_robot=robot4
94.000,ours,-,robot4,MIN_DISTANCE,OK,4.986,4.800,,0,nearest_robot=robot5
94.000,ours,-,robot5,MIN_DISTANCE,OK,1.811,4.800,,0,nearest_robot=robot6
94.000,ours,-,robot6,MIN_DISTANCE,OK,1.811,4.800,,0,nearest_robot=robot5
94.000,ours,-,fleet,MIN_DISTANCE_AVG,OK,4.800,,,0,robots_sampled=6
95.000,ours,-,robot1,MIN_DISTANCE,OK,6.004,4.624,,0,nearest_robot=robot2
95.000,ours,-,robot2,MIN_DISTANCE,OK,6.004,4.624,,0,nearest_robot=robot1
95.000,ours,-,robot3,MIN_DISTANCE,OK,7.629,4.624,,0,nearest_robot=robot4
95.000,ours,-,robot4,MIN_DISTANCE,OK,5.184,4.624,,0,nearest_robot=robot5
95.000,ours,-,robot5,MIN_DISTANCE,OK,1.461,4.624,,0,nearest_robot=robot6
95.000,ours,-,robot6,MIN_DISTANCE,OK,1.461,4.624,,0,nearest_robot=robot5
95.000,ours,-,fleet,MIN_DISTANCE_AVG,OK,4.624,,,0,robots_sampled=6
96.000,ours,-,robot1,MIN_DISTANCE,OK,5.584,4.455,,0,nearest_robot=robot2
96.000,ours,-,robot2,MIN_DISTANCE,OK,5.584,4.455,,0,nearest_robot=robot1
96.000,ours,-,robot3,MIN_DISTANCE,OK,7.984,4.455,,0,nearest_robot=robot4
96.000,ours,-,robot4,MIN_DISTANCE,OK,5.338,4.455,,0,nearest_robot=robot5
96.000,ours,-,robot5,MIN_DISTANCE,OK,1.120,4.455,,0,nearest_robot=robot6
96.000,ours,-,robot6,MIN_DISTANCE,OK,1.120,4.455,,0,nearest_robot=robot5
96.000,ours,-,fleet,MIN_DISTANCE_AVG,OK,4.455,,,0,robots_sampled=6
96.130,ours,-,fleet,CHOMP_TIME_FULL,OK,,7.928,,0,iterations=100;iterations_executed=100;source=algorithm;round_trip=7.964635
97.000,ours,-,robot1,MIN_DISTANCE,OK,5.165,4.336,,0,nearest_robot=robot2
97.000,ours,-,robot2,MIN_DISTANCE,OK,5.165,4.336,,0,nearest_robot=robot1
97.000,ours,-,robot3,MIN_DISTANCE,OK,8.414,4.336,,0,nearest_robot=robot4
97.000,ours,-,robot4,MIN_DISTANCE,OK,5.389,4.336,,0,nearest_robot=robot5
97.000,ours,-,robot5,MIN_DISTANCE,OK,0.942,4.336,,0,nearest_robot=robot6
97.000,ours,-,robot6,MIN_DISTANCE,OK,0.942,4.336,,0,nearest_robot=robot5
97.000,ours,-,fleet,MIN_DISTANCE_AVG,OK,4.336,,,0,robots_sampled=6
98.000,ours,-,robot1,MIN_DISTANCE,OK,4.762,4.200,,0,nearest_robot=robot2
98.000,ours,-,robot2,MIN_DISTANCE,OK,4.762,4.200,,0,nearest_robot=robot1
98.000,ours,-,robot3,MIN_DISTANCE,OK,8.847,4.200,,0,nearest_robot=robot4
98.000,ours,-,robot4,MIN_DISTANCE,OK,5.513,4.200,,0,nearest_robot=robot5
98.000,ours,-,robot5,MIN_DISTANCE,OK,0.657,4.200,,0,nearest_robot=robot6
98.000,ours,-,robot6,MIN_DISTANCE,OK,0.657,4.200,,0,nearest_robot=robot5
98.000,ours,-,fleet,MIN_DISTANCE_AVG,OK,4.200,,,0,robots_sampled=6
99.000,ours,-,robot1,MIN_DISTANCE,OK,4.325,4.154,,0,nearest_robot=robot2
99.000,ours,-,robot2,MIN_DISTANCE,OK,4.325,4.154,,0,nearest_robot=robot1
99.000,ours,-,robot3,MIN_DISTANCE,OK,9.284,4.154,,0,nearest_robot=robot4
99.000,ours,-,robot4,MIN_DISTANCE,OK,5.775,4.154,,0,nearest_robot=robot5
99.000,ours,-,robot5,MIN_DISTANCE,OK,0.608,4.154,,0,nearest_robot=robot6
99.000,ours,-,robot6,MIN_DISTANCE,OK,0.608,4.154,,0,nearest_robot=robot5
99.000,ours,-,fleet,MIN_DISTANCE_AVG,OK,4.154,,,0,robots_sampled=6
100.000,ours,-,robot1,MIN_DISTANCE,OK,3.922,4.215,,0,nearest_robot=robot2
100.000,ours,-,robot2,MIN_DISTANCE,OK,3.922,4.215,,0,nearest_robot=robot1
100.000,ours,-,robot3,MIN_DISTANCE,OK,9.733,4.215,,0,nearest_robot=robot4
100.000,ours,-,robot4,MIN_DISTANCE,OK,6.078,4.215,,0,nearest_robot=robot6
100.000,ours,-,robot5,MIN_DISTANCE,OK,0.819,4.215,,0,nearest_robot=robot6
100.000,ours,-,robot6,MIN_DISTANCE,OK,0.819,4.215,,0,nearest_robot=robot5
100.000,ours,-,fleet,MIN_DISTANCE_AVG,OK,4.215,,,0,robots_sampled=6
101.000,ours,-,robot1,MIN_DISTANCE,OK,3.510,4.215,,0,nearest_robot=robot2
101.000,ours,-,robot2,MIN_DISTANCE,OK,3.510,4.215,,0,nearest_robot=robot1
101.000,ours,-,robot3,MIN_DISTANCE,OK,9.906,4.215,,0,nearest_robot=robot5
101.000,ours,-,robot4,MIN_DISTANCE,OK,6.064,4.215,,0,nearest_robot=robot6
101.000,ours,-,robot5,MIN_DISTANCE,OK,1.149,4.215,,0,nearest_robot=robot6
101.000,ours,-,robot6,MIN_DISTANCE,OK,1.149,4.215,,0,nearest_robot=robot5
101.000,ours,-,fleet,MIN_DISTANCE_AVG,OK,4.215,,,0,robots_sampled=6
102.000,ours,-,robot1,MIN_DISTANCE,OK,3.097,4.189,,0,nearest_robot=robot2
102.000,ours,-,robot2,MIN_DISTANCE,OK,3.097,4.189,,0,nearest_robot=robot1
102.000,ours,-,robot3,MIN_DISTANCE,OK,9.906,4.189,,0,nearest_robot=robot5
102.000,ours,-,robot4,MIN_DISTANCE,OK,6.038,4.189,,0,nearest_robot=robot6
102.000,ours,-,robot5,MIN_DISTANCE,OK,1.498,4.189,,0,nearest_robot=robot6
102.000,ours,-,robot6,MIN_DISTANCE,OK,1.498,4.189,,0,nearest_robot=robot5
102.000,ours,-,fleet,MIN_DISTANCE_AVG,OK,4.189,,,0,robots_sampled=6
102.730,ours,-,fleet,CHOMP_TIME_FULL,OK,,8.749,,0,iterations=100;iterations_executed=100;source=algorithm;round_trip=8.792584
103.000,ours,-,robot1,MIN_DISTANCE,OK,2.701,4.180,,0,nearest_robot=robot2
103.000,ours,-,robot2,MIN_DISTANCE,OK,2.701,4.180,,0,nearest_robot=robot1
103.000,ours,-,robot3,MIN_DISTANCE,OK,9.889,4.180,,0,nearest_robot=robot5
103.000,ours,-,robot4,MIN_DISTANCE,OK,6.049,4.180,,0,nearest_robot=robot6
103.000,ours,-,robot5,MIN_DISTANCE,OK,1.871,4.180,,0,nearest_robot=robot6
103.000,ours,-,robot6,MIN_DISTANCE,OK,1.871,4.180,,0,nearest_robot=robot5
103.000,ours,-,fleet,MIN_DISTANCE_AVG,OK,4.180,,,0,robots_sampled=6
104.000,ours,-,robot1,MIN_DISTANCE,OK,2.253,4.102,,0,nearest_robot=robot2
104.000,ours,-,robot2,MIN_DISTANCE,OK,2.253,4.102,,0,nearest_robot=robot1
104.000,ours,-,robot3,MIN_DISTANCE,OK,9.677,4.102,,0,nearest_robot=robot5
104.000,ours,-,robot4,MIN_DISTANCE,OK,5.959,4.102,,0,nearest_robot=robot6
104.000,ours,-,robot5,MIN_DISTANCE,OK,2.235,4.102,,0,nearest_robot=robot6
104.000,ours,-,robot6,MIN_DISTANCE,OK,2.235,4.102,,0,nearest_robot=robot5
104.000,ours,-,fleet,MIN_DISTANCE_AVG,OK,4.102,,,0,robots_sampled=6
105.000,ours,-,robot1,MIN_DISTANCE,OK,1.870,4.041,,0,nearest_robot=robot2
105.000,ours,-,robot2,MIN_DISTANCE,OK,1.870,4.041,,0,nearest_robot=robot1
105.000,ours,-,robot3,MIN_DISTANCE,OK,9.308,4.041,,0,nearest_robot=robot5
105.000,ours,-,robot4,MIN_DISTANCE,OK,5.831,4.041,,0,nearest_robot=robot6
105.000,ours,-,robot5,MIN_DISTANCE,OK,2.684,4.041,,0,nearest_robot=robot6
105.000,ours,-,robot6,MIN_DISTANCE,OK,2.684,4.041,,0,nearest_robot=robot5
105.000,ours,-,fleet,MIN_DISTANCE_AVG,OK,4.041,,,0,robots_sampled=6
106.000,ours,-,robot1,MIN_DISTANCE,OK,1.497,4.025,,0,nearest_robot=robot2
106.000,ours,-,robot2,MIN_DISTANCE,OK,1.497,4.025,,0,nearest_robot=robot1
106.000,ours,-,robot3,MIN_DISTANCE,OK,8.923,4.025,,0,nearest_robot=robot5
106.000,ours,-,robot4,MIN_DISTANCE,OK,5.609,4.025,,0,nearest_robot=robot6
106.000,ours,-,robot5,MIN_DISTANCE,OK,3.313,4.025,,0,nearest_robot=robot6
106.000,ours,-,robot6,MIN_DISTANCE,OK,3.313,4.025,,0,nearest_robot=robot5
106.000,ours,-,fleet,MIN_DISTANCE_AVG,OK,4.025,,,0,robots_sampled=6
107.000,ours,-,robot1,MIN_DISTANCE,OK,1.160,4.015,,0,nearest_robot=robot2
107.000,ours,-,robot2,MIN_DISTANCE,OK,1.160,4.015,,0,nearest_robot=robot1
107.000,ours,-,robot3,MIN_DISTANCE,OK,8.575,4.015,,0,nearest_robot=robot5
107.000,ours,-,robot4,MIN_DISTANCE,OK,5.335,4.015,,0,nearest_robot=robot6
107.000,ours,-,robot5,MIN_DISTANCE,OK,3.931,4.015,,0,nearest_robot=robot6
107.000,ours,-,robot6,MIN_DISTANCE,OK,3.931,4.015,,0,nearest_robot=robot5
107.000,ours,-,fleet,MIN_DISTANCE_AVG,OK,4.015,,,0,robots_sampled=6
108.000,ours,-,robot1,MIN_DISTANCE,OK,0.953,4.035,,0,nearest_robot=robot2
108.000,ours,-,robot2,MIN_DISTANCE,OK,0.953,4.035,,0,nearest_robot=robot1
108.000,ours,-,robot3,MIN_DISTANCE,OK,8.262,4.035,,0,nearest_robot=robot5
108.000,ours,-,robot4,MIN_DISTANCE,OK,5.004,4.035,,0,nearest_robot=robot6
108.000,ours,-,robot5,MIN_DISTANCE,OK,4.520,4.035,,0,nearest_robot=robot6
108.000,ours,-,robot6,MIN_DISTANCE,OK,4.520,4.035,,0,nearest_robot=robot5
108.000,ours,-,fleet,MIN_DISTANCE_AVG,OK,4.035,,,0,robots_sampled=6
108.870,ours,-,fleet,CHOMP_TIME_FULL,OK,,8.437,,0,iterations=100;iterations_executed=100;source=algorithm;round_trip=8.476940
109.000,ours,-,robot1,MIN_DISTANCE,OK,0.977,4.093,,0,nearest_robot=robot2
109.000,ours,-,robot2,MIN_DISTANCE,OK,0.977,4.093,,0,nearest_robot=robot1
109.000,ours,-,robot3,MIN_DISTANCE,OK,8.050,4.093,,0,nearest_robot=robot5
109.000,ours,-,robot4,MIN_DISTANCE,OK,4.656,4.093,,0,nearest_robot=robot6
109.000,ours,-,robot5,MIN_DISTANCE,OK,5.239,4.093,,0,nearest_robot=robot6
109.000,ours,-,robot6,MIN_DISTANCE,OK,4.656,4.093,,0,nearest_robot=robot4
109.000,ours,-,fleet,MIN_DISTANCE_AVG,OK,4.093,,,0,robots_sampled=6
110.000,ours,-,robot1,MIN_DISTANCE,OK,1.200,4.171,,0,nearest_robot=robot2
110.000,ours,-,robot2,MIN_DISTANCE,OK,1.200,4.171,,0,nearest_robot=robot1
110.000,ours,-,robot3,MIN_DISTANCE,OK,8.037,4.171,,0,nearest_robot=robot5
110.000,ours,-,robot4,MIN_DISTANCE,OK,4.301,4.171,,0,nearest_robot=robot6
110.000,ours,-,robot5,MIN_DISTANCE,OK,5.989,4.171,,0,nearest_robot=robot6
110.000,ours,-,robot6,MIN_DISTANCE,OK,4.301,4.171,,0,nearest_robot=robot4
110.000,ours,-,fleet,MIN_DISTANCE_AVG,OK,4.171,,,0,robots_sampled=6
111.000,ours,-,robot1,MIN_DISTANCE,OK,1.538,4.273,,0,nearest_robot=robot2
111.000,ours,-,robot2,MIN_DISTANCE,OK,1.538,4.273,,0,nearest_robot=robot1
111.000,ours,-,robot3,MIN_DISTANCE,OK,7.992,4.273,,0,nearest_robot=robot5
111.000,ours,-,robot4,MIN_DISTANCE,OK,3.909,4.273,,0,nearest_robot=robot6
111.000,ours,-,robot5,MIN_DISTANCE,OK,6.755,4.273,,0,nearest_robot=robot6
111.000,ours,-,robot6,MIN_DISTANCE,OK,3.909,4.273,,0,nearest_robot=robot4
111.000,ours,-,fleet,MIN_DISTANCE_AVG,OK,4.273,,,0,robots_sampled=6
112.000,ours,-,robot1,MIN_DISTANCE,OK,1.957,4.405,,0,nearest_robot=robot2
112.000,ours,-,robot2,MIN_DISTANCE,OK,1.957,4.405,,0,nearest_robot=robot1
112.000,ours,-,robot3,MIN_DISTANCE,OK,7.917,4.405,,0,nearest_robot=robot5
112.000,ours,-,robot4,MIN_DISTANCE,OK,3.533,4.405,,0,nearest_robot=robot6
112.000,ours,-,robot5,MIN_DISTANCE,OK,7.536,4.405,,0,nearest_robot=robot6
112.000,ours,-,robot6,MIN_DISTANCE,OK,3.533,4.405,,0,nearest_robot=robot4
112.000,ours,-,fleet,MIN_DISTANCE_AVG,OK,4.405,,,0,robots_sampled=6
113.000,ours,-,robot1,MIN_DISTANCE,OK,2.390,4.459,,0,nearest_robot=robot2
113.000,ours,-,robot2,MIN_DISTANCE,OK,2.390,4.459,,0,nearest_robot=robot1
113.000,ours,-,robot3,MIN_DISTANCE,OK,7.879,4.459,,0,nearest_robot=robot5
113.000,ours,-,robot4,MIN_DISTANCE,OK,3.107,4.459,,0,nearest_robot=robot6
113.000,ours,-,robot5,MIN_DISTANCE,OK,7.879,4.459,,0,nearest_robot=robot3
113.000,ours,-,robot6,MIN_DISTANCE,OK,3.107,4.459,,0,nearest_robot=robot4
113.000,ours,-,fleet,MIN_DISTANCE_AVG,OK,4.459,,,0,robots_sampled=6
114.000,ours,-,robot1,MIN_DISTANCE,OK,2.846,4.460,,0,nearest_robot=robot2
114.000,ours,-,robot2,MIN_DISTANCE,OK,2.846,4.460,,0,nearest_robot=robot1
114.000,ours,-,robot3,MIN_DISTANCE,OK,7.813,4.460,,0,nearest_robot=robot5
114.000,ours,-,robot4,MIN_DISTANCE,OK,2.721,4.460,,0,nearest_robot=robot6
114.000,ours,-,robot5,MIN_DISTANCE,OK,7.813,4.460,,0,nearest_robot=robot3
114.000,ours,-,robot6,MIN_DISTANCE,OK,2.721,4.460,,0,nearest_robot=robot4
114.000,ours,-,fleet,MIN_DISTANCE_AVG,OK,4.460,,,0,robots_sampled=6
114.850,ours,-,fleet,CHOMP_TIME_FULL,OK,,8.459,,0,iterations=100;iterations_executed=100;source=algorithm;round_trip=8.497538
115.000,ours,-,robot1,MIN_DISTANCE,OK,3.278,4.440,,0,nearest_robot=robot2
115.000,ours,-,robot2,MIN_DISTANCE,OK,3.278,4.440,,0,nearest_robot=robot1
115.000,ours,-,robot3,MIN_DISTANCE,OK,7.725,4.440,,0,nearest_robot=robot5
115.000,ours,-,robot4,MIN_DISTANCE,OK,2.316,4.440,,0,nearest_robot=robot6
115.000,ours,-,robot5,MIN_DISTANCE,OK,7.725,4.440,,0,nearest_robot=robot3
115.000,ours,-,robot6,MIN_DISTANCE,OK,2.316,4.440,,0,nearest_robot=robot4
115.000,ours,-,fleet,MIN_DISTANCE_AVG,OK,4.440,,,0,robots_sampled=6
116.000,ours,-,robot1,MIN_DISTANCE,OK,3.707,4.435,,0,nearest_robot=robot2
116.000,ours,-,robot2,MIN_DISTANCE,OK,3.707,4.435,,0,nearest_robot=robot1
116.000,ours,-,robot3,MIN_DISTANCE,OK,7.679,4.435,,0,nearest_robot=robot5
116.000,ours,-,robot4,MIN_DISTANCE,OK,1.919,4.435,,0,nearest_robot=robot6
116.000,ours,-,robot5,MIN_DISTANCE,OK,7.679,4.435,,0,nearest_robot=robot3
116.000,ours,-,robot6,MIN_DISTANCE,OK,1.919,4.435,,0,nearest_robot=robot4
116.000,ours,-,fleet,MIN_DISTANCE_AVG,OK,4.435,,,0,robots_sampled=6
117.000,ours,-,robot1,MIN_DISTANCE,OK,4.097,4.423,,0,nearest_robot=robot2
117.000,ours,-,robot2,MIN_DISTANCE,OK,4.097,4.423,,0,nearest_robot=robot1
117.000,ours,-,robot3,MIN_DISTANCE,OK,7.603,4.423,,0,nearest_robot=robot5
117.000,ours,-,robot4,MIN_DISTANCE,OK,1.568,4.423,,0,nearest_robot=robot6
117.000,ours,-,robot5,MIN_DISTANCE,OK,7.603,4.423,,0,nearest_robot=robot3
117.000,ours,-,robot6,MIN_DISTANCE,OK,1.568,4.423,,0,nearest_robot=robot4
117.000,ours,-,fleet,MIN_DISTANCE_AVG,OK,4.423,,,0,robots_sampled=6
118.000,ours,-,robot1,MIN_DISTANCE,OK,4.401,4.393,,0,nearest_robot=robot2
118.000,ours,-,robot2,MIN_DISTANCE,OK,4.401,4.393,,0,nearest_robot=robot1
118.000,ours,-,robot3,MIN_DISTANCE,OK,7.580,4.393,,0,nearest_robot=robot5
118.000,ours,-,robot4,MIN_DISTANCE,OK,1.197,4.393,,0,nearest_robot=robot6
118.000,ours,-,robot5,MIN_DISTANCE,OK,7.580,4.393,,0,nearest_robot=robot3
118.000,ours,-,robot6,MIN_DISTANCE,OK,1.197,4.393,,0,nearest_robot=robot4
118.000,ours,-,fleet,MIN_DISTANCE_AVG,OK,4.393,,,0,robots_sampled=6
119.000,ours,-,robot1,MIN_DISTANCE,OK,4.411,4.271,,0,nearest_robot=robot2
119.000,ours,-,robot2,MIN_DISTANCE,OK,4.411,4.271,,0,nearest_robot=robot1
119.000,ours,-,robot3,MIN_DISTANCE,OK,7.509,4.271,,0,nearest_robot=robot5
119.000,ours,-,robot4,MIN_DISTANCE,OK,0.895,4.271,,0,nearest_robot=robot6
119.000,ours,-,robot5,MIN_DISTANCE,OK,7.509,4.271,,0,nearest_robot=robot3
119.000,ours,-,robot6,MIN_DISTANCE,OK,0.895,4.271,,0,nearest_robot=robot4
119.000,ours,-,fleet,MIN_DISTANCE_AVG,OK,4.271,,,0,robots_sampled=6
120.000,ours,-,robot1,MIN_DISTANCE,OK,4.411,4.168,,0,nearest_robot=robot2
120.000,ours,-,robot2,MIN_DISTANCE,OK,4.411,4.168,,0,nearest_robot=robot1
120.000,ours,-,robot3,MIN_DISTANCE,OK,7.496,4.168,,0,nearest_robot=robot5
120.000,ours,-,robot4,MIN_DISTANCE,OK,0.596,4.168,,0,nearest_robot=robot6
120.000,ours,-,robot5,MIN_DISTANCE,OK,7.496,4.168,,0,nearest_robot=robot3
120.000,ours,-,robot6,MIN_DISTANCE,OK,0.596,4.168,,0,nearest_robot=robot4
120.000,ours,-,fleet,MIN_DISTANCE_AVG,OK,4.168,,,0,robots_sampled=6
120.890,ours,-,fleet,CHOMP_TIME_FULL,OK,,8.399,,0,iterations=100;iterations_executed=100;source=algorithm;round_trip=8.431146
121.000,ours,-,robot1,MIN_DISTANCE,OK,4.411,4.121,,0,nearest_robot=robot2
121.000,ours,-,robot2,MIN_DISTANCE,OK,4.411,4.121,,0,nearest_robot=robot1
121.000,ours,-,robot3,MIN_DISTANCE,OK,7.546,4.121,,0,nearest_robot=robot5
121.000,ours,-,robot4,MIN_DISTANCE,OK,0.406,4.121,,0,nearest_robot=robot6
121.000,ours,-,robot5,MIN_DISTANCE,OK,7.546,4.121,,0,nearest_robot=robot3
121.000,ours,-,robot6,MIN_DISTANCE,OK,0.406,4.121,,0,nearest_robot=robot4
121.000,ours,-,fleet,MIN_DISTANCE_AVG,OK,4.121,,,0,robots_sampled=6
122.000,ours,-,robot1,MIN_DISTANCE,OK,4.412,4.164,,0,nearest_robot=robot2
122.000,ours,-,robot2,MIN_DISTANCE,OK,4.412,4.164,,0,nearest_robot=robot1
122.000,ours,-,robot3,MIN_DISTANCE,OK,7.584,4.164,,0,nearest_robot=robot5
122.000,ours,-,robot4,MIN_DISTANCE,OK,0.495,4.164,,0,nearest_robot=robot6
122.000,ours,-,robot5,MIN_DISTANCE,OK,7.584,4.164,,0,nearest_robot=robot3
122.000,ours,-,robot6,MIN_DISTANCE,OK,0.495,4.164,,0,nearest_robot=robot4
122.000,ours,-,fleet,MIN_DISTANCE_AVG,OK,4.164,,,0,robots_sampled=6
123.000,ours,-,robot1,MIN_DISTANCE,OK,4.412,4.221,,0,nearest_robot=robot2
123.000,ours,-,robot2,MIN_DISTANCE,OK,4.412,4.221,,0,nearest_robot=robot1
123.000,ours,-,robot3,MIN_DISTANCE,OK,7.714,4.221,,0,nearest_robot=robot5
123.000,ours,-,robot4,MIN_DISTANCE,OK,0.539,4.221,,0,nearest_robot=robot6
123.000,ours,-,robot5,MIN_DISTANCE,OK,7.714,4.221,,0,nearest_robot=robot3
123.000,ours,-,robot6,MIN_DISTANCE,OK,0.539,4.221,,0,nearest_robot=robot4
123.000,ours,-,fleet,MIN_DISTANCE_AVG,OK,4.221,,,0,robots_sampled=6
124.000,ours,-,robot1,MIN_DISTANCE,OK,4.412,4.264,,0,nearest_robot=robot2
124.000,ours,-,robot2,MIN_DISTANCE,OK,4.412,4.264,,0,nearest_robot=robot1
124.000,ours,-,robot3,MIN_DISTANCE,OK,7.849,4.264,,0,nearest_robot=robot5
124.000,ours,-,robot4,MIN_DISTANCE,OK,0.532,4.264,,0,nearest_robot=robot6
124.000,ours,-,robot5,MIN_DISTANCE,OK,7.849,4.264,,0,nearest_robot=robot3
124.000,ours,-,robot6,MIN_DISTANCE,OK,0.532,4.264,,0,nearest_robot=robot4
124.000,ours,-,fleet,MIN_DISTANCE_AVG,OK,4.264,,,0,robots_sampled=6
125.000,ours,-,robot1,MIN_DISTANCE,OK,4.412,4.413,,0,nearest_robot=robot2
125.000,ours,-,robot2,MIN_DISTANCE,OK,4.412,4.413,,0,nearest_robot=robot1
125.000,ours,-,robot3,MIN_DISTANCE,OK,8.099,4.413,,0,nearest_robot=robot5
125.000,ours,-,robot4,MIN_DISTANCE,OK,0.728,4.413,,0,nearest_robot=robot6
125.000,ours,-,robot5,MIN_DISTANCE,OK,8.099,4.413,,0,nearest_robot=robot3
125.000,ours,-,robot6,MIN_DISTANCE,OK,0.728,4.413,,0,nearest_robot=robot4
125.000,ours,-,fleet,MIN_DISTANCE_AVG,OK,4.413,,,0,robots_sampled=6
125.450,ours,-,fleet,CHOMP_TIME_FULL,OK,,6.030,,0,iterations=100;iterations_executed=68;source=algorithm;round_trip=6.064132
126.000,ours,-,robot1,MIN_DISTANCE,OK,4.412,4.553,,0,nearest_robot=robot2
126.000,ours,-,robot2,MIN_DISTANCE,OK,4.412,4.553,,0,nearest_robot=robot1
126.000,ours,-,robot3,MIN_DISTANCE,OK,8.191,4.553,,0,nearest_robot=robot4
126.000,ours,-,robot4,MIN_DISTANCE,OK,0.982,4.553,,0,nearest_robot=robot6
126.000,ours,-,robot5,MIN_DISTANCE,OK,8.338,4.553,,0,nearest_robot=robot3
126.000,ours,-,robot6,MIN_DISTANCE,OK,0.982,4.553,,0,nearest_robot=robot4
126.000,ours,-,fleet,MIN_DISTANCE_AVG,OK,4.553,,,0,robots_sampled=6
127.000,ours,-,robot1,MIN_DISTANCE,OK,4.412,4.608,,0,nearest_robot=robot2
127.000,ours,-,robot2,MIN_DISTANCE,OK,4.412,4.608,,0,nearest_robot=robot1
127.000,ours,-,robot3,MIN_DISTANCE,OK,7.712,4.608,,0,nearest_robot=robot4
127.000,ours,-,robot4,MIN_DISTANCE,OK,1.241,4.608,,0,nearest_robot=robot6
127.000,ours,-,robot5,MIN_DISTANCE,OK,8.631,4.608,,0,nearest_robot=robot3
127.000,ours,-,robot6,MIN_DISTANCE,OK,1.241,4.608,,0,nearest_robot=robot4
127.000,ours,-,fleet,MIN_DISTANCE_AVG,OK,4.608,,,0,robots_sampled=6
128.000,ours,-,robot1,MIN_DISTANCE,OK,4.412,4.693,,0,nearest_robot=robot2
128.000,ours,-,robot2,MIN_DISTANCE,OK,4.412,4.693,,0,nearest_robot=robot1
128.000,ours,-,robot3,MIN_DISTANCE,OK,7.237,4.693,,0,nearest_robot=robot4
128.000,ours,-,robot4,MIN_DISTANCE,OK,1.554,4.693,,0,nearest_robot=robot6
128.000,ours,-,robot5,MIN_DISTANCE,OK,8.987,4.693,,0,nearest_robot=robot3
128.000,ours,-,robot6,MIN_DISTANCE,OK,1.554,4.693,,0,nearest_robot=robot4
128.000,ours,-,fleet,MIN_DISTANCE_AVG,OK,4.693,,,0,robots_sampled=6
129.000,ours,-,robot1,MIN_DISTANCE,OK,4.413,4.792,,0,nearest_robot=robot2
129.000,ours,-,robot2,MIN_DISTANCE,OK,4.413,4.792,,0,nearest_robot=robot1
129.000,ours,-,robot3,MIN_DISTANCE,OK,6.737,4.792,,0,nearest_robot=robot4
129.000,ours,-,robot4,MIN_DISTANCE,OK,1.917,4.792,,0,nearest_robot=robot6
129.000,ours,-,robot5,MIN_DISTANCE,OK,9.357,4.792,,0,nearest_robot=robot3
129.000,ours,-,robot6,MIN_DISTANCE,OK,1.917,4.792,,0,nearest_robot=robot4
129.000,ours,-,fleet,MIN_DISTANCE_AVG,OK,4.792,,,0,robots_sampled=6
129.260,ours,-,fleet,CHOMP_TIME_FULL,OK,,4.723,,0,iterations=100;iterations_executed=58;source=algorithm;round_trip=4.776224
130.000,ours,-,robot1,MIN_DISTANCE,OK,4.413,4.901,,0,nearest_robot=robot2
130.000,ours,-,robot2,MIN_DISTANCE,OK,4.413,4.901,,0,nearest_robot=robot1
130.000,ours,-,robot3,MIN_DISTANCE,OK,6.191,4.901,,0,nearest_robot=robot4
130.000,ours,-,robot4,MIN_DISTANCE,OK,2.323,4.901,,0,nearest_robot=robot6
130.000,ours,-,robot5,MIN_DISTANCE,OK,9.741,4.901,,0,nearest_robot=robot3
130.000,ours,-,robot6,MIN_DISTANCE,OK,2.323,4.901,,0,nearest_robot=robot4
130.000,ours,-,fleet,MIN_DISTANCE_AVG,OK,4.901,,,0,robots_sampled=6
131.000,ours,-,robot1,MIN_DISTANCE,OK,4.413,5.021,,0,nearest_robot=robot2
131.000,ours,-,robot2,MIN_DISTANCE,OK,4.413,5.021,,0,nearest_robot=robot1
131.000,ours,-,robot3,MIN_DISTANCE,OK,5.660,5.021,,0,nearest_robot=robot4
131.000,ours,-,robot4,MIN_DISTANCE,OK,2.706,5.021,,0,nearest_robot=robot6
131.000,ours,-,robot5,MIN_DISTANCE,OK,10.227,5.021,,0,nearest_robot=robot3
131.000,ours,-,robot6,MIN_DISTANCE,OK,2.706,5.021,,0,nearest_robot=robot4
131.000,ours,-,fleet,MIN_DISTANCE_AVG,OK,5.021,,,0,robots_sampled=6
132.000,ours,-,robot1,MIN_DISTANCE,OK,4.413,5.152,,0,nearest_robot=robot2
132.000,ours,-,robot2,MIN_DISTANCE,OK,4.413,5.152,,0,nearest_robot=robot1
132.000,ours,-,robot3,MIN_DISTANCE,OK,5.138,5.152,,0,nearest_robot=robot4
132.000,ours,-,robot4,MIN_DISTANCE,OK,3.095,5.152,,0,nearest_robot=robot6
132.000,ours,-,robot5,MIN_DISTANCE,OK,10.757,5.152,,0,nearest_robot=robot3
132.000,ours,-,robot6,MIN_DISTANCE,OK,3.095,5.152,,0,nearest_robot=robot4
132.000,ours,-,fleet,MIN_DISTANCE_AVG,OK,5.152,,,0,robots_sampled=6
132.470,ours,-,fleet,CHOMP_TIME_FULL,OK,,3.544,,0,iterations=100;iterations_executed=43;source=algorithm;round_trip=3.598743
133.000,ours,-,robot1,MIN_DISTANCE,OK,4.413,5.300,,0,nearest_robot=robot2
133.000,ours,-,robot2,MIN_DISTANCE,OK,4.413,5.300,,0,nearest_robot=robot1
133.000,ours,-,robot3,MIN_DISTANCE,OK,4.621,5.300,,0,nearest_robot=robot4
133.000,ours,-,robot4,MIN_DISTANCE,OK,3.487,5.300,,0,nearest_robot=robot6
133.000,ours,-,robot5,MIN_DISTANCE,OK,11.378,5.300,,0,nearest_robot=robot3
133.000,ours,-,robot6,MIN_DISTANCE,OK,3.487,5.300,,0,nearest_robot=robot4
133.000,ours,-,fleet,MIN_DISTANCE_AVG,OK,5.300,,,0,robots_sampled=6
134.000,ours,-,robot1,MIN_DISTANCE,OK,4.413,5.477,,0,nearest_robot=robot2
134.000,ours,-,robot2,MIN_DISTANCE,OK,4.413,5.477,,0,nearest_robot=robot1
134.000,ours,-,robot3,MIN_DISTANCE,OK,4.015,5.477,,0,nearest_robot=robot4
134.000,ours,-,robot4,MIN_DISTANCE,OK,3.947,5.477,,0,nearest_robot=robot6
134.000,ours,-,robot5,MIN_DISTANCE,OK,12.125,5.477,,0,nearest_robot=robot3
134.000,ours,-,robot6,MIN_DISTANCE,OK,3.947,5.477,,0,nearest_robot=robot4
134.000,ours,-,fleet,MIN_DISTANCE_AVG,OK,5.477,,,0,robots_sampled=6
135.000,ours,-,robot1,MIN_DISTANCE,OK,4.414,5.528,,0,nearest_robot=robot2
135.000,ours,-,robot2,MIN_DISTANCE,OK,4.414,5.528,,0,nearest_robot=robot1
135.000,ours,-,robot3,MIN_DISTANCE,OK,3.528,5.528,,0,nearest_robot=robot4
135.000,ours,-,robot4,MIN_DISTANCE,OK,3.528,5.528,,0,nearest_robot=robot3
135.000,ours,-,robot5,MIN_DISTANCE,OK,12.895,5.528,,0,nearest_robot=robot3
135.000,ours,-,robot6,MIN_DISTANCE,OK,4.388,5.528,,0,nearest_robot=robot4
135.000,ours,-,fleet,MIN_DISTANCE_AVG,OK,5.528,,,0,robots_sampled=6
136.000,ours,-,robot1,MIN_DISTANCE,OK,4.414,5.611,,0,nearest_robot=robot2
136.000,ours,-,robot2,MIN_DISTANCE,OK,4.414,5.611,,0,nearest_robot=robot1
136.000,ours,-,robot3,MIN_DISTANCE,OK,3.175,5.611,,0,nearest_robot=robot4
136.000,ours,-,robot4,MIN_DISTANCE,OK,3.175,5.611,,0,nearest_robot=robot3
136.000,ours,-,robot5,MIN_DISTANCE,OK,13.696,5.611,,0,nearest_robot=robot3
136.000,ours,-,robot6,MIN_DISTANCE,OK,4.792,5.611,,0,nearest_robot=robot4
136.000,ours,-,fleet,MIN_DISTANCE_AVG,OK,5.611,,,0,robots_sampled=6
137.000,ours,-,robot1,MIN_DISTANCE,OK,4.414,5.728,,0,nearest_robot=robot2
137.000,ours,-,robot2,MIN_DISTANCE,OK,4.414,5.728,,0,nearest_robot=robot1
137.000,ours,-,robot3,MIN_DISTANCE,OK,2.962,5.728,,0,nearest_robot=robot4
137.000,ours,-,robot4,MIN_DISTANCE,OK,2.962,5.728,,0,nearest_robot=robot3
137.000,ours,-,robot5,MIN_DISTANCE,OK,14.371,5.728,,0,nearest_robot=robot3
137.000,ours,-,robot6,MIN_DISTANCE,OK,5.246,5.728,,0,nearest_robot=robot4
137.000,ours,-,fleet,MIN_DISTANCE_AVG,OK,5.728,,,0,robots_sampled=6
138.000,ours,-,robot1,MIN_DISTANCE,OK,4.414,5.906,,0,nearest_robot=robot2
138.000,ours,-,robot2,MIN_DISTANCE,OK,4.414,5.906,,0,nearest_robot=robot1
138.000,ours,-,robot3,MIN_DISTANCE,OK,2.961,5.906,,0,nearest_robot=robot4
138.000,ours,-,robot4,MIN_DISTANCE,OK,2.961,5.906,,0,nearest_robot=robot3
138.000,ours,-,robot5,MIN_DISTANCE,OK,15.055,5.906,,0,nearest_robot=robot3
138.000,ours,-,robot6,MIN_DISTANCE,OK,5.632,5.906,,0,nearest_robot=robot4
138.000,ours,-,fleet,MIN_DISTANCE_AVG,OK,5.906,,,0,robots_sampled=6
138.660,ours,-,fleet,CHOMP_TIME_FULL,OK,,8.246,,0,iterations=100;iterations_executed=100;source=algorithm;round_trip=8.289088
139.000,ours,-,robot1,MIN_DISTANCE,OK,4.414,6.047,,0,nearest_robot=robot2
139.000,ours,-,robot2,MIN_DISTANCE,OK,4.414,6.047,,0,nearest_robot=robot1
139.000,ours,-,robot3,MIN_DISTANCE,OK,2.908,6.047,,0,nearest_robot=robot4
139.000,ours,-,robot4,MIN_DISTANCE,OK,2.908,6.047,,0,nearest_robot=robot3
139.000,ours,-,robot5,MIN_DISTANCE,OK,15.565,6.047,,0,nearest_robot=robot3
139.000,ours,-,robot6,MIN_DISTANCE,OK,6.075,6.047,,0,nearest_robot=robot4
139.000,ours,-,fleet,MIN_DISTANCE_AVG,OK,6.047,,,0,robots_sampled=6
140.000,ours,-,robot1,MIN_DISTANCE,OK,4.414,6.124,,0,nearest_robot=robot2
140.000,ours,-,robot2,MIN_DISTANCE,OK,4.414,6.124,,0,nearest_robot=robot1
140.000,ours,-,robot3,MIN_DISTANCE,OK,2.851,6.124,,0,nearest_robot=robot4
140.000,ours,-,robot4,MIN_DISTANCE,OK,2.851,6.124,,0,nearest_robot=robot3
140.000,ours,-,robot5,MIN_DISTANCE,OK,15.730,6.124,,0,nearest_robot=robot4
140.000,ours,-,robot6,MIN_DISTANCE,OK,6.481,6.124,,0,nearest_robot=robot4
140.000,ours,-,fleet,MIN_DISTANCE_AVG,OK,6.124,,,0,robots_sampled=6
141.000,ours,-,robot1,MIN_DISTANCE,OK,4.415,6.204,,0,nearest_robot=robot2
141.000,ours,-,robot2,MIN_DISTANCE,OK,4.415,6.204,,0,nearest_robot=robot1
141.000,ours,-,robot3,MIN_DISTANCE,OK,2.897,6.204,,0,nearest_robot=robot4
141.000,ours,-,robot4,MIN_DISTANCE,OK,2.897,6.204,,0,nearest_robot=robot3
141.000,ours,-,robot5,MIN_DISTANCE,OK,15.753,6.204,,0,nearest_robot=robot4
141.000,ours,-,robot6,MIN_DISTANCE,OK,6.847,6.204,,0,nearest_robot=robot4
141.000,ours,-,fleet,MIN_DISTANCE_AVG,OK,6.204,,,0,robots_sampled=6
142.000,ours,-,robot1,MIN_DISTANCE,OK,4.415,6.291,,0,nearest_robot=robot2
142.000,ours,-,robot2,MIN_DISTANCE,OK,4.415,6.291,,0,nearest_robot=robot1
142.000,ours,-,robot3,MIN_DISTANCE,OK,2.964,6.291,,0,nearest_robot=robot4
142.000,ours,-,robot4,MIN_DISTANCE,OK,2.964,6.291,,0,nearest_robot=robot3
142.000,ours,-,robot5,MIN_DISTANCE,OK,15.688,6.291,,0,nearest_robot=robot4
142.000,ours,-,robot6,MIN_DISTANCE,OK,7.301,6.291,,0,nearest_robot=robot4
142.000,ours,-,fleet,MIN_DISTANCE_AVG,OK,6.291,,,0,robots_sampled=6
143.000,ours,-,robot1,MIN_DISTANCE,OK,4.415,6.335,,0,nearest_robot=robot2
143.000,ours,-,robot2,MIN_DISTANCE,OK,4.415,6.335,,0,nearest_robot=robot1
143.000,ours,-,robot3,MIN_DISTANCE,OK,3.077,6.335,,0,nearest_robot=robot4
143.000,ours,-,robot4,MIN_DISTANCE,OK,3.077,6.335,,0,nearest_robot=robot3
143.000,ours,-,robot5,MIN_DISTANCE,OK,15.637,6.335,,0,nearest_robot=robot4
143.000,ours,-,robot6,MIN_DISTANCE,OK,7.387,6.335,,0,nearest_robot=robot3
143.000,ours,-,fleet,MIN_DISTANCE_AVG,OK,6.335,,,0,robots_sampled=6
144.000,ours,-,robot1,MIN_DISTANCE,OK,4.415,6.377,,0,nearest_robot=robot2
144.000,ours,-,robot2,MIN_DISTANCE,OK,4.415,6.377,,0,nearest_robot=robot1
144.000,ours,-,robot3,MIN_DISTANCE,OK,3.275,6.377,,0,nearest_robot=robot4
144.000,ours,-,robot4,MIN_DISTANCE,OK,3.275,6.377,,0,nearest_robot=robot3
144.000,ours,-,robot5,MIN_DISTANCE,OK,15.495,6.377,,0,nearest_robot=robot4
144.000,ours,-,robot6,MIN_DISTANCE,OK,7.387,6.377,,0,nearest_robot=robot3
144.000,ours,-,fleet,MIN_DISTANCE_AVG,OK,6.377,,,0,robots_sampled=6
145.000,ours,-,robot1,MIN_DISTANCE,OK,4.415,6.443,,0,nearest_robot=robot2
145.000,ours,-,robot2,MIN_DISTANCE,OK,4.415,6.443,,0,nearest_robot=robot1
145.000,ours,-,robot3,MIN_DISTANCE,OK,3.556,6.443,,0,nearest_robot=robot4
145.000,ours,-,robot4,MIN_DISTANCE,OK,3.556,6.443,,0,nearest_robot=robot3
145.000,ours,-,robot5,MIN_DISTANCE,OK,15.331,6.443,,0,nearest_robot=robot4
145.000,ours,-,robot6,MIN_DISTANCE,OK,7.387,6.443,,0,nearest_robot=robot3
145.000,ours,-,fleet,MIN_DISTANCE_AVG,OK,6.443,,,0,robots_sampled=6
145.180,ours,-,fleet,CHOMP_TIME_FULL,OK,,7.535,,0,iterations=100;iterations_executed=100;source=algorithm;round_trip=7.585049
146.000,ours,-,robot1,MIN_DISTANCE,OK,4.415,6.500,,0,nearest_robot=robot2
146.000,ours,-,robot2,MIN_DISTANCE,OK,4.415,6.500,,0,nearest_robot=robot1
146.000,ours,-,robot3,MIN_DISTANCE,OK,3.803,6.500,,0,nearest_robot=robot4
146.000,ours,-,robot4,MIN_DISTANCE,OK,3.803,6.500,,0,nearest_robot=robot3
146.000,ours,-,robot5,MIN_DISTANCE,OK,15.263,6.500,,0,nearest_robot=robot4
146.000,ours,-,robot6,MIN_DISTANCE,OK,7.301,6.500,,0,nearest_robot=robot3
146.000,ours,-,fleet,MIN_DISTANCE_AVG,OK,6.500,,,0,robots_sampled=6
147.000,ours,-,robot1,MIN_DISTANCE,OK,4.416,6.524,,0,nearest_robot=robot2
147.000,ours,-,robot2,MIN_DISTANCE,OK,4.416,6.524,,0,nearest_robot=robot1
147.000,ours,-,robot3,MIN_DISTANCE,OK,3.900,6.524,,0,nearest_robot=robot4
147.000,ours,-,robot4,MIN_DISTANCE,OK,3.900,6.524,,0,nearest_robot=robot3
147.000,ours,-,robot5,MIN_DISTANCE,OK,15.245,6.524,,0,nearest_robot=robot4
147.000,ours,-,robot6,MIN_DISTANCE,OK,7.266,6.524,,0,nearest_robot=robot3
147.000,ours,-,fleet,MIN_DISTANCE_AVG,OK,6.524,,,0,robots_sampled=6
148.000,ours,-,robot1,MIN_DISTANCE,OK,4.416,6.583,,0,nearest_robot=robot2
148.000,ours,-,robot2,MIN_DISTANCE,OK,4.416,6.583,,0,nearest_robot=robot1
148.000,ours,-,robot3,MIN_DISTANCE,OK,3.963,6.583,,0,nearest_robot=robot4
148.000,ours,-,robot4,MIN_DISTANCE,OK,3.963,6.583,,0,nearest_robot=robot3
148.000,ours,-,robot5,MIN_DISTANCE,OK,15.318,6.583,,0,nearest_robot=robot4
148.000,ours,-,robot6,MIN_DISTANCE,OK,7.424,6.583,,0,nearest_robot=robot3
148.000,ours,-,fleet,MIN_DISTANCE_AVG,OK,6.583,,,0,robots_sampled=6
149.000,ours,-,robot1,MIN_DISTANCE,OK,4.416,6.666,,0,nearest_robot=robot2
149.000,ours,-,robot2,MIN_DISTANCE,OK,4.416,6.666,,0,nearest_robot=robot1
149.000,ours,-,robot3,MIN_DISTANCE,OK,4.037,6.666,,0,nearest_robot=robot4
149.000,ours,-,robot4,MIN_DISTANCE,OK,4.037,6.666,,0,nearest_robot=robot3
149.000,ours,-,robot5,MIN_DISTANCE,OK,15.414,6.666,,0,nearest_robot=robot4
149.000,ours,-,robot6,MIN_DISTANCE,OK,7.679,6.666,,0,nearest_robot=robot3
149.000,ours,-,fleet,MIN_DISTANCE_AVG,OK,6.666,,,0,robots_sampled=6
150.000,ours,-,robot1,MIN_DISTANCE,OK,4.416,6.763,,0,nearest_robot=robot2
150.000,ours,-,robot2,MIN_DISTANCE,OK,4.416,6.763,,0,nearest_robot=robot1
150.000,ours,-,robot3,MIN_DISTANCE,OK,4.141,6.763,,0,nearest_robot=robot4
150.000,ours,-,robot4,MIN_DISTANCE,OK,4.141,6.763,,0,nearest_robot=robot3
150.000,ours,-,robot5,MIN_DISTANCE,OK,15.560,6.763,,0,nearest_robot=robot4
150.000,ours,-,robot6,MIN_DISTANCE,OK,7.906,6.763,,0,nearest_robot=robot3
150.000,ours,-,fleet,MIN_DISTANCE_AVG,OK,6.763,,,0,robots_sampled=6
151.000,ours,-,robot1,MIN_DISTANCE,OK,4.416,6.876,,0,nearest_robot=robot2
151.000,ours,-,robot2,MIN_DISTANCE,OK,4.416,6.876,,0,nearest_robot=robot1
151.000,ours,-,robot3,MIN_DISTANCE,OK,4.403,6.876,,0,nearest_robot=robot4
151.000,ours,-,robot4,MIN_DISTANCE,OK,4.403,6.876,,0,nearest_robot=robot3
151.000,ours,-,robot5,MIN_DISTANCE,OK,15.566,6.876,,0,nearest_robot=robot4
151.000,ours,-,robot6,MIN_DISTANCE,OK,8.052,6.876,,0,nearest_robot=robot3
151.000,ours,-,fleet,MIN_DISTANCE_AVG,OK,6.876,,,0,robots_sampled=6
151.590,ours,-,fleet,CHOMP_TIME_FULL,OK,,8.268,,0,iterations=100;iterations_executed=100;source=algorithm;round_trip=8.312120
152.000,ours,-,robot1,MIN_DISTANCE,OK,4.416,7.007,,0,nearest_robot=robot2
152.000,ours,-,robot2,MIN_DISTANCE,OK,4.416,7.007,,0,nearest_robot=robot1
152.000,ours,-,robot3,MIN_DISTANCE,OK,4.760,7.007,,0,nearest_robot=robot4
152.000,ours,-,robot4,MIN_DISTANCE,OK,4.760,7.007,,0,nearest_robot=robot3
152.000,ours,-,robot5,MIN_DISTANCE,OK,15.528,7.007,,0,nearest_robot=robot4
152.000,ours,-,robot6,MIN_DISTANCE,OK,8.161,7.007,,0,nearest_robot=robot3
152.000,ours,-,fleet,MIN_DISTANCE_AVG,OK,7.007,,,0,robots_sampled=6
153.000,ours,-,robot1,MIN_DISTANCE,OK,4.417,7.117,,0,nearest_robot=robot2
153.000,ours,-,robot2,MIN_DISTANCE,OK,4.417,7.117,,0,nearest_robot=robot1
153.000,ours,-,robot3,MIN_DISTANCE,OK,5.121,7.117,,0,nearest_robot=robot4
153.000,ours,-,robot4,MIN_DISTANCE,OK,5.121,7.117,,0,nearest_robot=robot3
153.000,ours,-,robot5,MIN_DISTANCE,OK,15.543,7.117,,0,nearest_robot=robot4
153.000,ours,-,robot6,MIN_DISTANCE,OK,8.086,7.117,,0,nearest_robot=robot3
153.000,ours,-,fleet,MIN_DISTANCE_AVG,OK,7.117,,,0,robots_sampled=6
154.000,ours,-,robot1,MIN_DISTANCE,OK,4.417,7.212,,0,nearest_robot=robot2
154.000,ours,-,robot2,MIN_DISTANCE,OK,4.417,7.212,,0,nearest_robot=robot1
154.000,ours,-,robot3,MIN_DISTANCE,OK,5.525,7.212,,0,nearest_robot=robot4
154.000,ours,-,robot4,MIN_DISTANCE,OK,5.525,7.212,,0,nearest_robot=robot3
154.000,ours,-,robot5,MIN_DISTANCE,OK,15.492,7.212,,0,nearest_robot=robot4
154.000,ours,-,robot6,MIN_DISTANCE,OK,7.900,7.212,,0,nearest_robot=robot3
154.000,ours,-,fleet,MIN_DISTANCE_AVG,OK,7.212,,,0,robots_sampled=6
155.000,ours,-,robot1,MIN_DISTANCE,OK,4.417,7.310,,0,nearest_robot=robot2
155.000,ours,-,robot2,MIN_DISTANCE,OK,4.417,7.310,,0,nearest_robot=robot1
155.000,ours,-,robot3,MIN_DISTANCE,OK,5.929,7.310,,0,nearest_robot=robot4
155.000,ours,-,robot4,MIN_DISTANCE,OK,5.929,7.310,,0,nearest_robot=robot3
155.000,ours,-,robot5,MIN_DISTANCE,OK,15.475,7.310,,0,nearest_robot=robot4
155.000,ours,-,robot6,MIN_DISTANCE,OK,7.697,7.310,,0,nearest_robot=robot3
155.000,ours,-,fleet,MIN_DISTANCE_AVG,OK,7.310,,,0,robots_sampled=6
156.000,ours,-,robot1,MIN_DISTANCE,OK,4.417,7.432,,0,nearest_robot=robot2
156.000,ours,-,robot2,MIN_DISTANCE,OK,4.417,7.432,,0,nearest_robot=robot1
156.000,ours,-,robot3,MIN_DISTANCE,OK,6.366,7.432,,0,nearest_robot=robot4
156.000,ours,-,robot4,MIN_DISTANCE,OK,6.366,7.432,,0,nearest_robot=robot3
156.000,ours,-,robot5,MIN_DISTANCE,OK,15.515,7.432,,0,nearest_robot=robot4
156.000,ours,-,robot6,MIN_DISTANCE,OK,7.511,7.432,,0,nearest_robot=robot3
156.000,ours,-,fleet,MIN_DISTANCE_AVG,OK,7.432,,,0,robots_sampled=6
157.000,ours,-,robot1,MIN_DISTANCE,OK,4.417,7.540,,0,nearest_robot=robot2
157.000,ours,-,robot2,MIN_DISTANCE,OK,4.417,7.540,,0,nearest_robot=robot1
157.000,ours,-,robot3,MIN_DISTANCE,OK,6.804,7.540,,0,nearest_robot=robot4
157.000,ours,-,robot4,MIN_DISTANCE,OK,6.804,7.540,,0,nearest_robot=robot3
157.000,ours,-,robot5,MIN_DISTANCE,OK,15.434,7.540,,0,nearest_robot=robot4
157.000,ours,-,robot6,MIN_DISTANCE,OK,7.363,7.540,,0,nearest_robot=robot3
157.000,ours,-,fleet,MIN_DISTANCE_AVG,OK,7.540,,,0,robots_sampled=6
158.000,ours,-,robot1,MIN_DISTANCE,OK,4.417,7.647,,0,nearest_robot=robot2
158.000,ours,-,robot2,MIN_DISTANCE,OK,4.417,7.647,,0,nearest_robot=robot1
158.000,ours,-,robot3,MIN_DISTANCE,OK,7.185,7.647,,0,nearest_robot=robot4
158.000,ours,-,robot4,MIN_DISTANCE,OK,7.185,7.647,,0,nearest_robot=robot3
158.000,ours,-,robot5,MIN_DISTANCE,OK,15.434,7.647,,0,nearest_robot=robot4
158.000,ours,-,robot6,MIN_DISTANCE,OK,7.245,7.647,,0,nearest_robot=robot3
158.000,ours,-,fleet,MIN_DISTANCE_AVG,OK,7.647,,,0,robots_sampled=6
158.490,ours,-,fleet,CHOMP_TIME_FULL,OK,,8.859,,0,iterations=100;iterations_executed=100;source=algorithm;round_trip=8.912338
159.000,ours,-,robot1,MIN_DISTANCE,OK,4.418,7.684,,0,nearest_robot=robot2
159.000,ours,-,robot2,MIN_DISTANCE,OK,4.418,7.684,,0,nearest_robot=robot1
159.000,ours,-,robot3,MIN_DISTANCE,OK,7.171,7.684,,0,nearest_robot=robot6
159.000,ours,-,robot4,MIN_DISTANCE,OK,7.572,7.684,,0,nearest_robot=robot3
159.000,ours,-,robot5,MIN_DISTANCE,OK,15.355,7.684,,0,nearest_robot=robot4
159.000,ours,-,robot6,MIN_DISTANCE,OK,7.171,7.684,,0,nearest_robot=robot3
159.000,ours,-,fleet,MIN_DISTANCE_AVG,OK,7.684,,,0,robots_sampled=6
160.000,ours,-,robot1,MIN_DISTANCE,OK,4.418,7.676,,0,nearest_robot=robot2
160.000,ours,-,robot2,MIN_DISTANCE,OK,4.418,7.676,,0,nearest_robot=robot1
160.000,ours,-,robot3,MIN_DISTANCE,OK,7.140,7.676,,0,nearest_robot=robot6
160.000,ours,-,robot4,MIN_DISTANCE,OK,7.930,7.676,,0,nearest_robot=robot3
160.000,ours,-,robot5,MIN_DISTANCE,OK,15.011,7.676,,0,nearest_robot=robot4
160.000,ours,-,robot6,MIN_DISTANCE,OK,7.140,7.676,,0,nearest_robot=robot3
160.000,ours,-,fleet,MIN_DISTANCE_AVG,OK,7.676,,,0,robots_sampled=6
161.000,ours,-,robot1,MIN_DISTANCE,OK,4.418,7.675,,0,nearest_robot=robot2
161.000,ours,-,robot2,MIN_DISTANCE,OK,4.418,7.675,,0,nearest_robot=robot1
161.000,ours,-,robot3,MIN_DISTANCE,OK,7.137,7.675,,0,nearest_robot=robot6
161.000,ours,-,robot4,MIN_DISTANCE,OK,8.224,7.675,,0,nearest_robot=robot3
161.000,ours,-,robot5,MIN_DISTANCE,OK,14.718,7.675,,0,nearest_robot=robot4
161.000,ours,-,robot6,MIN_DISTANCE,OK,7.137,7.675,,0,nearest_robot=robot3
161.000,ours,-,fleet,MIN_DISTANCE_AVG,OK,7.675,,,0,robots_sampled=6
162.000,ours,-,robot1,MIN_DISTANCE,OK,4.418,7.684,,0,nearest_robot=robot2
162.000,ours,-,robot2,MIN_DISTANCE,OK,4.418,7.684,,0,nearest_robot=robot1
162.000,ours,-,robot3,MIN_DISTANCE,OK,7.164,7.684,,0,nearest_robot=robot6
162.000,ours,-,robot4,MIN_DISTANCE,OK,8.438,7.684,,0,nearest_robot=robot3
162.000,ours,-,robot5,MIN_DISTANCE,OK,14.505,7.684,,0,nearest_robot=robot4
162.000,ours,-,robot6,MIN_DISTANCE,OK,7.164,7.684,,0,nearest_robot=robot3
162.000,ours,-,fleet,MIN_DISTANCE_AVG,OK,7.684,,,0,robots_sampled=6
163.000,ours,-,robot1,MIN_DISTANCE,OK,4.418,7.708,,0,nearest_robot=robot2
163.000,ours,-,robot2,MIN_DISTANCE,OK,4.418,7.708,,0,nearest_robot=robot1
163.000,ours,-,robot3,MIN_DISTANCE,OK,7.234,7.708,,0,nearest_robot=robot6
163.000,ours,-,robot4,MIN_DISTANCE,OK,8.439,7.708,,0,nearest_robot=robot3
163.000,ours,-,robot5,MIN_DISTANCE,OK,14.504,7.708,,0,nearest_robot=robot4
163.000,ours,-,robot6,MIN_DISTANCE,OK,7.234,7.708,,0,nearest_robot=robot3
163.000,ours,-,fleet,MIN_DISTANCE_AVG,OK,7.708,,,0,robots_sampled=6
164.000,ours,-,robot1,MIN_DISTANCE,OK,4.418,7.714,,0,nearest_robot=robot2
164.000,ours,-,robot2,MIN_DISTANCE,OK,4.418,7.714,,0,nearest_robot=robot1
164.000,ours,-,robot3,MIN_DISTANCE,OK,7.251,7.714,,0,nearest_robot=robot6
164.000,ours,-,robot4,MIN_DISTANCE,OK,8.440,7.714,,0,nearest_robot=robot3
164.000,ours,-,robot5,MIN_DISTANCE,OK,14.504,7.714,,0,nearest_robot=robot4
164.000,ours,-,robot6,MIN_DISTANCE,OK,7.251,7.714,,0,nearest_robot=robot3
164.000,ours,-,fleet,MIN_DISTANCE_AVG,OK,7.714,,,0,robots_sampled=6
164.960,ours,-,fleet,CHOMP_TIME_FULL,OK,,7.425,,0,iterations=100;iterations_executed=100;source=algorithm;round_trip=7.465651
165.000,ours,-,robot1,MIN_DISTANCE,OK,4.419,7.715,,0,nearest_robot=robot2
165.000,ours,-,robot2,MIN_DISTANCE,OK,4.419,7.715,,0,nearest_robot=robot1
165.000,ours,-,robot3,MIN_DISTANCE,OK,7.255,7.715,,0,nearest_robot=robot6
165.000,ours,-,robot4,MIN_DISTANCE,OK,8.440,7.715,,0,nearest_robot=robot3
165.000,ours,-,robot5,MIN_DISTANCE,OK,14.504,7.715,,0,nearest_robot=robot4
165.000,ours,-,robot6,MIN_DISTANCE,OK,7.255,7.715,,0,nearest_robot=robot3
165.000,ours,-,fleet,MIN_DISTANCE_AVG,OK,7.715,,,0,robots_sampled=6
166.000,ours,-,robot1,MIN_DISTANCE,OK,4.419,7.715,,0,nearest_robot=robot2
166.000,ours,-,robot2,MIN_DISTANCE,OK,4.419,7.715,,0,nearest_robot=robot1
166.000,ours,-,robot3,MIN_DISTANCE,OK,7.255,7.715,,0,nearest_robot=robot6
166.000,ours,-,robot4,MIN_DISTANCE,OK,8.440,7.715,,0,nearest_robot=robot3
166.000,ours,-,robot5,MIN_DISTANCE,OK,14.504,7.715,,0,nearest_robot=robot4
166.000,ours,-,robot6,MIN_DISTANCE,OK,7.255,7.715,,0,nearest_robot=robot3
166.000,ours,-,fleet,MIN_DISTANCE_AVG,OK,7.715,,,0,robots_sampled=6
167.000,ours,-,robot1,MIN_DISTANCE,OK,4.419,7.716,,0,nearest_robot=robot2
167.000,ours,-,robot2,MIN_DISTANCE,OK,4.419,7.716,,0,nearest_robot=robot1
167.000,ours,-,robot3,MIN_DISTANCE,OK,7.256,7.716,,0,nearest_robot=robot6
167.000,ours,-,robot4,MIN_DISTANCE,OK,8.441,7.716,,0,nearest_robot=robot3
167.000,ours,-,robot5,MIN_DISTANCE,OK,14.504,7.716,,0,nearest_robot=robot4
167.000,ours,-,robot6,MIN_DISTANCE,OK,7.256,7.716,,0,nearest_robot=robot3
167.000,ours,-,fleet,MIN_DISTANCE_AVG,OK,7.716,,,0,robots_sampled=6
168.000,ours,-,robot1,MIN_DISTANCE,OK,4.419,7.716,,0,nearest_robot=robot2
168.000,ours,-,robot2,MIN_DISTANCE,OK,4.419,7.716,,0,nearest_robot=robot1
168.000,ours,-,robot3,MIN_DISTANCE,OK,7.256,7.716,,0,nearest_robot=robot6
168.000,ours,-,robot4,MIN_DISTANCE,OK,8.441,7.716,,0,nearest_robot=robot3
168.000,ours,-,robot5,MIN_DISTANCE,OK,14.504,7.716,,0,nearest_robot=robot4
168.000,ours,-,robot6,MIN_DISTANCE,OK,7.256,7.716,,0,nearest_robot=robot3
168.000,ours,-,fleet,MIN_DISTANCE_AVG,OK,7.716,,,0,robots_sampled=6
169.000,ours,-,robot1,MIN_DISTANCE,OK,4.419,7.716,,0,nearest_robot=robot2
169.000,ours,-,robot2,MIN_DISTANCE,OK,4.419,7.716,,0,nearest_robot=robot1
169.000,ours,-,robot3,MIN_DISTANCE,OK,7.256,7.716,,0,nearest_robot=robot6
169.000,ours,-,robot4,MIN_DISTANCE,OK,8.441,7.716,,0,nearest_robot=robot3
169.000,ours,-,robot5,MIN_DISTANCE,OK,14.504,7.716,,0,nearest_robot=robot4
169.000,ours,-,robot6,MIN_DISTANCE,OK,7.256,7.716,,0,nearest_robot=robot3
169.000,ours,-,fleet,MIN_DISTANCE_AVG,OK,7.716,,,0,robots_sampled=6
170.000,ours,-,robot1,MIN_DISTANCE,OK,4.419,7.716,,0,nearest_robot=robot2
170.000,ours,-,robot2,MIN_DISTANCE,OK,4.419,7.716,,0,nearest_robot=robot1
170.000,ours,-,robot3,MIN_DISTANCE,OK,7.256,7.716,,0,nearest_robot=robot6
170.000,ours,-,robot4,MIN_DISTANCE,OK,8.442,7.716,,0,nearest_robot=robot3
170.000,ours,-,robot5,MIN_DISTANCE,OK,14.504,7.716,,0,nearest_robot=robot4
170.000,ours,-,robot6,MIN_DISTANCE,OK,7.256,7.716,,0,nearest_robot=robot3
170.000,ours,-,fleet,MIN_DISTANCE_AVG,OK,7.716,,,0,robots_sampled=6
171.000,ours,-,robot1,MIN_DISTANCE,OK,4.419,7.716,,0,nearest_robot=robot2
171.000,ours,-,robot2,MIN_DISTANCE,OK,4.419,7.716,,0,nearest_robot=robot1
171.000,ours,-,robot3,MIN_DISTANCE,OK,7.256,7.716,,0,nearest_robot=robot6
171.000,ours,-,robot4,MIN_DISTANCE,OK,8.442,7.716,,0,nearest_robot=robot3
171.000,ours,-,robot5,MIN_DISTANCE,OK,14.504,7.716,,0,nearest_robot=robot4
171.000,ours,-,robot6,MIN_DISTANCE,OK,7.256,7.716,,0,nearest_robot=robot3
171.000,ours,-,fleet,MIN_DISTANCE_AVG,OK,7.716,,,0,robots_sampled=6
171.070,ours,-,fleet,CHOMP_TIME_FULL,OK,,7.735,,0,iterations=100;iterations_executed=100;source=algorithm;round_trip=7.778122
172.000,ours,-,robot1,MIN_DISTANCE,OK,4.420,7.721,,0,nearest_robot=robot2
172.000,ours,-,robot2,MIN_DISTANCE,OK,4.420,7.721,,0,nearest_robot=robot1
172.000,ours,-,robot3,MIN_DISTANCE,OK,7.271,7.721,,0,nearest_robot=robot6
172.000,ours,-,robot4,MIN_DISTANCE,OK,8.442,7.721,,0,nearest_robot=robot3
172.000,ours,-,robot5,MIN_DISTANCE,OK,14.504,7.721,,0,nearest_robot=robot4
172.000,ours,-,robot6,MIN_DISTANCE,OK,7.271,7.721,,0,nearest_robot=robot3
172.000,ours,-,fleet,MIN_DISTANCE_AVG,OK,7.721,,,0,robots_sampled=6
173.000,ours,-,robot1,MIN_DISTANCE,OK,4.420,7.728,,0,nearest_robot=robot2
173.000,ours,-,robot2,MIN_DISTANCE,OK,4.420,7.728,,0,nearest_robot=robot1
173.000,ours,-,robot3,MIN_DISTANCE,OK,7.290,7.728,,0,nearest_robot=robot6
173.000,ours,-,robot4,MIN_DISTANCE,OK,8.443,7.728,,0,nearest_robot=robot3
173.000,ours,-,robot5,MIN_DISTANCE,OK,14.504,7.728,,0,nearest_robot=robot4
173.000,ours,-,robot6,MIN_DISTANCE,OK,7.290,7.728,,0,nearest_robot=robot3
173.000,ours,-,fleet,MIN_DISTANCE_AVG,OK,7.728,,,0,robots_sampled=6
174.000,ours,-,robot1,MIN_DISTANCE,OK,4.420,7.725,,0,nearest_robot=robot2
174.000,ours,-,robot2,MIN_DISTANCE,OK,4.420,7.725,,0,nearest_robot=robot1
174.000,ours,-,robot3,MIN_DISTANCE,OK,7.280,7.725,,0,nearest_robot=robot6
174.000,ours,-,robot4,MIN_DISTANCE,OK,8.443,7.725,,0,nearest_robot=robot3
174.000,ours,-,robot5,MIN_DISTANCE,OK,14.504,7.725,,0,nearest_robot=robot4
174.000,ours,-,robot6,MIN_DISTANCE,OK,7.280,7.725,,0,nearest_robot=robot3
174.000,ours,-,fleet,MIN_DISTANCE_AVG,OK,7.725,,,0,robots_sampled=6
175.000,ours,-,robot1,MIN_DISTANCE,OK,4.420,7.725,,0,nearest_robot=robot2
175.000,ours,-,robot2,MIN_DISTANCE,OK,4.420,7.725,,0,nearest_robot=robot1
175.000,ours,-,robot3,MIN_DISTANCE,OK,7.281,7.725,,0,nearest_robot=robot6
175.000,ours,-,robot4,MIN_DISTANCE,OK,8.443,7.725,,0,nearest_robot=robot3
175.000,ours,-,robot5,MIN_DISTANCE,OK,14.504,7.725,,0,nearest_robot=robot4
175.000,ours,-,robot6,MIN_DISTANCE,OK,7.281,7.725,,0,nearest_robot=robot3
175.000,ours,-,fleet,MIN_DISTANCE_AVG,OK,7.725,,,0,robots_sampled=6
176.000,ours,-,robot1,MIN_DISTANCE,OK,4.420,7.725,,0,nearest_robot=robot2
176.000,ours,-,robot2,MIN_DISTANCE,OK,4.420,7.725,,0,nearest_robot=robot1
176.000,ours,-,robot3,MIN_DISTANCE,OK,7.281,7.725,,0,nearest_robot=robot6
176.000,ours,-,robot4,MIN_DISTANCE,OK,8.444,7.725,,0,nearest_robot=robot3
176.000,ours,-,robot5,MIN_DISTANCE,OK,14.504,7.725,,0,nearest_robot=robot4
176.000,ours,-,robot6,MIN_DISTANCE,OK,7.281,7.725,,0,nearest_robot=robot3
176.000,ours,-,fleet,MIN_DISTANCE_AVG,OK,7.725,,,0,robots_sampled=6
177.000,ours,-,robot1,MIN_DISTANCE,OK,4.420,7.725,,0,nearest_robot=robot2
177.000,ours,-,robot2,MIN_DISTANCE,OK,4.420,7.725,,0,nearest_robot=robot1
177.000,ours,-,robot3,MIN_DISTANCE,OK,7.281,7.725,,0,nearest_robot=robot6
177.000,ours,-,robot4,MIN_DISTANCE,OK,8.444,7.725,,0,nearest_robot=robot3
177.000,ours,-,robot5,MIN_DISTANCE,OK,14.504,7.725,,0,nearest_robot=robot4
177.000,ours,-,robot6,MIN_DISTANCE,OK,7.281,7.725,,0,nearest_robot=robot3
177.000,ours,-,fleet,MIN_DISTANCE_AVG,OK,7.725,,,0,robots_sampled=6
177.930,ours,-,fleet,CHOMP_TIME_FULL,OK,,8.296,,0,iterations=100;iterations_executed=100;source=algorithm;round_trip=8.349512
178.000,ours,-,robot1,MIN_DISTANCE,OK,4.421,7.726,,0,nearest_robot=robot2
178.000,ours,-,robot2,MIN_DISTANCE,OK,4.421,7.726,,0,nearest_robot=robot1
178.000,ours,-,robot3,MIN_DISTANCE,OK,7.282,7.726,,0,nearest_robot=robot6
178.000,ours,-,robot4,MIN_DISTANCE,OK,8.445,7.726,,0,nearest_robot=robot3
178.000,ours,-,robot5,MIN_DISTANCE,OK,14.504,7.726,,0,nearest_robot=robot4
178.000,ours,-,robot6,MIN_DISTANCE,OK,7.282,7.726,,0,nearest_robot=robot3
178.000,ours,-,fleet,MIN_DISTANCE_AVG,OK,7.726,,,0,robots_sampled=6
179.000,ours,-,robot1,MIN_DISTANCE,OK,4.421,7.660,,0,nearest_robot=robot2
179.000,ours,-,robot2,MIN_DISTANCE,OK,4.421,7.660,,0,nearest_robot=robot1
179.000,ours,-,robot3,MIN_DISTANCE,OK,7.084,7.660,,0,nearest_robot=robot6
179.000,ours,-,robot4,MIN_DISTANCE,OK,8.445,7.660,,0,nearest_robot=robot3
179.000,ours,-,robot5,MIN_DISTANCE,OK,14.504,7.660,,0,nearest_robot=robot4
179.000,ours,-,robot6,MIN_DISTANCE,OK,7.084,7.660,,0,nearest_robot=robot3
179.000,ours,-,fleet,MIN_DISTANCE_AVG,OK,7.660,,,0,robots_sampled=6
180.000,ours,-,robot1,MIN_DISTANCE,OK,4.421,7.579,,0,nearest_robot=robot2
180.000,ours,-,robot2,MIN_DISTANCE,OK,4.421,7.579,,0,nearest_robot=robot1
180.000,ours,-,robot3,MIN_DISTANCE,OK,6.841,7.579,,0,nearest_robot=robot6
180.000,ours,-,robot4,MIN_DISTANCE,OK,8.446,7.579,,0,nearest_robot=robot3
180.000,ours,-,robot5,MIN_DISTANCE,OK,14.504,7.579,,0,nearest_robot=robot4
180.000,ours,-,robot6,MIN_DISTANCE,OK,6.841,7.579,,0,nearest_robot=robot3
180.000,ours,-,fleet,MIN_DISTANCE_AVG,OK,7.579,,,0,robots_sampled=6
181.000,ours,-,robot1,MIN_DISTANCE,OK,4.421,7.573,,0,nearest_robot=robot2
181.000,ours,-,robot2,MIN_DISTANCE,OK,4.421,7.573,,0,nearest_robot=robot1
181.000,ours,-,robot3,MIN_DISTANCE,OK,6.822,7.573,,0,nearest_robot=robot6
181.000,ours,-,robot4,MIN_DISTANCE,OK,8.446,7.573,,0,nearest_robot=robot3
181.000,ours,-,robot5,MIN_DISTANCE,OK,14.504,7.573,,0,nearest_robot=robot4
181.000,ours,-,robot6,MIN_DISTANCE,OK,6.822,7.573,,0,nearest_robot=robot3
181.000,ours,-,fleet,MIN_DISTANCE_AVG,OK,7.573,,,0,robots_sampled=6
182.000,ours,-,robot1,MIN_DISTANCE,OK,4.421,7.616,,0,nearest_robot=robot2
182.000,ours,-,robot2,MIN_DISTANCE,OK,4.421,7.616,,0,nearest_robot=robot1
182.000,ours,-,robot3,MIN_DISTANCE,OK,6.953,7.616,,0,nearest_robot=robot6
182.000,ours,-,robot4,MIN_DISTANCE,OK,8.446,7.616,,0,nearest_robot=robot3
182.000,ours,-,robot5,MIN_DISTANCE,OK,14.504,7.616,,0,nearest_robot=robot4
182.000,ours,-,robot6,MIN_DISTANCE,OK,6.953,7.616,,0,nearest_robot=robot3
182.000,ours,-,fleet,MIN_DISTANCE_AVG,OK,7.616,,,0,robots_sampled=6
183.000,ours,-,robot1,MIN_DISTANCE,OK,4.421,7.643,,0,nearest_robot=robot2
183.000,ours,-,robot2,MIN_DISTANCE,OK,4.421,7.643,,0,nearest_robot=robot1
183.000,ours,-,robot3,MIN_DISTANCE,OK,7.031,7.643,,0,nearest_robot=robot6
183.000,ours,-,robot4,MIN_DISTANCE,OK,8.447,7.643,,0,nearest_robot=robot3
183.000,ours,-,robot5,MIN_DISTANCE,OK,14.504,7.643,,0,nearest_robot=robot4
183.000,ours,-,robot6,MIN_DISTANCE,OK,7.031,7.643,,0,nearest_robot=robot3
183.000,ours,-,fleet,MIN_DISTANCE_AVG,OK,7.643,,,0,robots_sampled=6
184.000,ours,-,robot1,MIN_DISTANCE,OK,4.422,7.660,,0,nearest_robot=robot2
184.000,ours,-,robot2,MIN_DISTANCE,OK,4.422,7.660,,0,nearest_robot=robot1
184.000,ours,-,robot3,MIN_DISTANCE,OK,7.083,7.660,,0,nearest_robot=robot6
184.000,ours,-,robot4,MIN_DISTANCE,OK,8.447,7.660,,0,nearest_robot=robot3
184.000,ours,-,robot5,MIN_DISTANCE,OK,14.504,7.660,,0,nearest_robot=robot4
184.000,ours,-,robot6,MIN_DISTANCE,OK,7.083,7.660,,0,nearest_robot=robot3
184.000,ours,-,fleet,MIN_DISTANCE_AVG,OK,7.660,,,0,robots_sampled=6
184.440,ours,-,fleet,CHOMP_TIME_FULL,OK,,8.552,,0,iterations=100;iterations_executed=100;source=algorithm;round_trip=8.618496
185.000,ours,-,robot1,MIN_DISTANCE,OK,4.422,7.657,,0,nearest_robot=robot2
185.000,ours,-,robot2,MIN_DISTANCE,OK,4.422,7.657,,0,nearest_robot=robot1
185.000,ours,-,robot3,MIN_DISTANCE,OK,7.072,7.657,,0,nearest_robot=robot6
185.000,ours,-,robot4,MIN_DISTANCE,OK,8.448,7.657,,0,nearest_robot=robot3
185.000,ours,-,robot5,MIN_DISTANCE,OK,14.504,7.657,,0,nearest_robot=robot4
185.000,ours,-,robot6,MIN_DISTANCE,OK,7.072,7.657,,0,nearest_robot=robot3
185.000,ours,-,fleet,MIN_DISTANCE_AVG,OK,7.657,,,0,robots_sampled=6
186.000,ours,-,robot1,MIN_DISTANCE,OK,4.422,7.669,,0,nearest_robot=robot2
186.000,ours,-,robot2,MIN_DISTANCE,OK,4.422,7.669,,0,nearest_robot=robot1
186.000,ours,-,robot3,MIN_DISTANCE,OK,7.109,7.669,,0,nearest_robot=robot6
186.000,ours,-,robot4,MIN_DISTANCE,OK,8.448,7.669,,0,nearest_robot=robot3
186.000,ours,-,robot5,MIN_DISTANCE,OK,14.504,7.669,,0,nearest_robot=robot4
186.000,ours,-,robot6,MIN_DISTANCE,OK,7.109,7.669,,0,nearest_robot=robot3
186.000,ours,-,fleet,MIN_DISTANCE_AVG,OK,7.669,,,0,robots_sampled=6
187.000,ours,-,robot1,MIN_DISTANCE,OK,4.422,7.702,,0,nearest_robot=robot2
187.000,ours,-,robot2,MIN_DISTANCE,OK,4.422,7.702,,0,nearest_robot=robot1
187.000,ours,-,robot3,MIN_DISTANCE,OK,7.207,7.702,,0,nearest_robot=robot6
187.000,ours,-,robot4,MIN_DISTANCE,OK,8.448,7.702,,0,nearest_robot=robot3
187.000,ours,-,robot5,MIN_DISTANCE,OK,14.504,7.702,,0,nearest_robot=robot4
187.000,ours,-,robot6,MIN_DISTANCE,OK,7.207,7.702,,0,nearest_robot=robot3
187.000,ours,-,fleet,MIN_DISTANCE_AVG,OK,7.702,,,0,robots_sampled=6
188.000,ours,-,robot1,MIN_DISTANCE,OK,4.422,7.733,,0,nearest_robot=robot2
188.000,ours,-,robot2,MIN_DISTANCE,OK,4.422,7.733,,0,nearest_robot=robot1
188.000,ours,-,robot3,MIN_DISTANCE,OK,7.302,7.733,,0,nearest_robot=robot6
188.000,ours,-,robot4,MIN_DISTANCE,OK,8.449,7.733,,0,nearest_robot=robot3
188.000,ours,-,robot5,MIN_DISTANCE,OK,14.504,7.733,,0,nearest_robot=robot4
188.000,ours,-,robot6,MIN_DISTANCE,OK,7.302,7.733,,0,nearest_robot=robot3
188.000,ours,-,fleet,MIN_DISTANCE_AVG,OK,7.733,,,0,robots_sampled=6
189.000,ours,-,robot1,MIN_DISTANCE,OK,4.422,7.784,,0,nearest_robot=robot2
189.000,ours,-,robot2,MIN_DISTANCE,OK,4.422,7.784,,0,nearest_robot=robot1
189.000,ours,-,robot3,MIN_DISTANCE,OK,7.454,7.784,,0,nearest_robot=robot6
189.000,ours,-,robot4,MIN_DISTANCE,OK,8.449,7.784,,0,nearest_robot=robot3
189.000,ours,-,robot5,MIN_DISTANCE,OK,14.504,7.784,,0,nearest_robot=robot4
189.000,ours,-,robot6,MIN_DISTANCE,OK,7.454,7.784,,0,nearest_robot=robot3
189.000,ours,-,fleet,MIN_DISTANCE_AVG,OK,7.784,,,0,robots_sampled=6
190.000,ours,-,robot1,MIN_DISTANCE,OK,4.423,7.859,,0,nearest_robot=robot2
190.000,ours,-,robot2,MIN_DISTANCE,OK,4.423,7.859,,0,nearest_robot=robot1
190.000,ours,-,robot3,MIN_DISTANCE,OK,7.678,7.859,,0,nearest_robot=robot6
190.000,ours,-,robot4,MIN_DISTANCE,OK,8.450,7.859,,0,nearest_robot=robot3
190.000,ours,-,robot5,MIN_DISTANCE,OK,14.504,7.859,,0,nearest_robot=robot4
190.000,ours,-,robot6,MIN_DISTANCE,OK,7.678,7.859,,0,nearest_robot=robot3
190.000,ours,-,fleet,MIN_DISTANCE_AVG,OK,7.859,,,0,robots_sampled=6
190.800,ours,-,fleet,CHOMP_TIME_FULL,OK,,8.193,,0,iterations=100;iterations_executed=100;source=algorithm;round_trip=8.247796
191.000,ours,-,robot1,MIN_DISTANCE,OK,4.423,7.928,,0,nearest_robot=robot2
191.000,ours,-,robot2,MIN_DISTANCE,OK,4.423,7.928,,0,nearest_robot=robot1
191.000,ours,-,robot3,MIN_DISTANCE,OK,7.885,7.928,,0,nearest_robot=robot6
191.000,ours,-,robot4,MIN_DISTANCE,OK,8.450,7.928,,0,nearest_robot=robot3
191.000,ours,-,robot5,MIN_DISTANCE,OK,14.504,7.928,,0,nearest_robot=robot4
191.000,ours,-,robot6,MIN_DISTANCE,OK,7.885,7.928,,0,nearest_robot=robot3
191.000,ours,-,fleet,MIN_DISTANCE_AVG,OK,7.928,,,0,robots_sampled=6
192.000,ours,-,robot1,MIN_DISTANCE,OK,4.423,7.989,,0,nearest_robot=robot2
192.000,ours,-,robot2,MIN_DISTANCE,OK,4.423,7.989,,0,nearest_robot=robot1
192.000,ours,-,robot3,MIN_DISTANCE,OK,8.068,7.989,,0,nearest_robot=robot6
192.000,ours,-,robot4,MIN_DISTANCE,OK,8.450,7.989,,0,nearest_robot=robot3
192.000,ours,-,robot5,MIN_DISTANCE,OK,14.504,7.989,,0,nearest_robot=robot4
192.000,ours,-,robot6,MIN_DISTANCE,OK,8.068,7.989,,0,nearest_robot=robot3
192.000,ours,-,fleet,MIN_DISTANCE_AVG,OK,7.989,,,0,robots_sampled=6
193.000,ours,-,robot1,MIN_DISTANCE,OK,4.423,7.995,,0,nearest_robot=robot2
193.000,ours,-,robot2,MIN_DISTANCE,OK,4.423,7.995,,0,nearest_robot=robot1
193.000,ours,-,robot3,MIN_DISTANCE,OK,8.086,7.995,,0,nearest_robot=robot6
193.000,ours,-,robot4,MIN_DISTANCE,OK,8.451,7.995,,0,nearest_robot=robot3
193.000,ours,-,robot5,MIN_DISTANCE,OK,14.504,7.995,,0,nearest_robot=robot4
193.000,ours,-,robot6,MIN_DISTANCE,OK,8.086,7.995,,0,nearest_robot=robot3
193.000,ours,-,fleet,MIN_DISTANCE_AVG,OK,7.995,,,0,robots_sampled=6
194.000,ours,-,robot1,MIN_DISTANCE,OK,4.423,8.003,,0,nearest_robot=robot2
194.000,ours,-,robot2,MIN_DISTANCE,OK,4.423,8.003,,0,nearest_robot=robot1
194.000,ours,-,robot3,MIN_DISTANCE,OK,8.107,8.003,,0,nearest_robot=robot6
194.000,ours,-,robot4,MIN_DISTANCE,OK,8.451,8.003,,0,nearest_robot=robot3
194.000,ours,-,robot5,MIN_DISTANCE,OK,14.504,8.003,,0,nearest_robot=robot4
194.000,ours,-,robot6,MIN_DISTANCE,OK,8.107,8.003,,0,nearest_robot=robot3
194.000,ours,-,fleet,MIN_DISTANCE_AVG,OK,8.003,,,0,robots_sampled=6
195.000,ours,-,robot1,MIN_DISTANCE,OK,4.423,7.985,,0,nearest_robot=robot2
195.000,ours,-,robot2,MIN_DISTANCE,OK,4.423,7.985,,0,nearest_robot=robot1
195.000,ours,-,robot3,MIN_DISTANCE,OK,8.053,7.985,,0,nearest_robot=robot6
195.000,ours,-,robot4,MIN_DISTANCE,OK,8.451,7.985,,0,nearest_robot=robot3
195.000,ours,-,robot5,MIN_DISTANCE,OK,14.504,7.985,,0,nearest_robot=robot4
195.000,ours,-,robot6,MIN_DISTANCE,OK,8.053,7.985,,0,nearest_robot=robot3
195.000,ours,-,fleet,MIN_DISTANCE_AVG,OK,7.985,,,0,robots_sampled=6
196.000,ours,-,robot1,MIN_DISTANCE,OK,4.424,7.942,,0,nearest_robot=robot2
196.000,ours,-,robot2,MIN_DISTANCE,OK,4.424,7.942,,0,nearest_robot=robot1
196.000,ours,-,robot3,MIN_DISTANCE,OK,7.924,7.942,,0,nearest_robot=robot6
196.000,ours,-,robot4,MIN_DISTANCE,OK,8.452,7.942,,0,nearest_robot=robot3
196.000,ours,-,robot5,MIN_DISTANCE,OK,14.504,7.942,,0,nearest_robot=robot4
196.000,ours,-,robot6,MIN_DISTANCE,OK,7.924,7.942,,0,nearest_robot=robot3
196.000,ours,-,fleet,MIN_DISTANCE_AVG,OK,7.942,,,0,robots_sampled=6
197.000,ours,-,robot1,MIN_DISTANCE,OK,4.424,7.909,,0,nearest_robot=robot2
197.000,ours,-,robot2,MIN_DISTANCE,OK,4.424,7.909,,0,nearest_robot=robot1
197.000,ours,-,robot3,MIN_DISTANCE,OK,7.825,7.909,,0,nearest_robot=robot6
197.000,ours,-,robot4,MIN_DISTANCE,OK,8.452,7.909,,0,nearest_robot=robot3
197.000,ours,-,robot5,MIN_DISTANCE,OK,14.504,7.909,,0,nearest_robot=robot4
197.000,ours,-,robot6,MIN_DISTANCE,OK,7.825,7.909,,0,nearest_robot=robot3
197.000,ours,-,fleet,MIN_DISTANCE_AVG,OK,7.909,,,0,robots_sampled=6
197.120,ours,-,fleet,CHOMP_TIME_FULL,OK,,7.726,,0,iterations=100;iterations_executed=100;source=algorithm;round_trip=7.772239
198.000,ours,-,robot1,MIN_DISTANCE,OK,4.424,7.898,,0,nearest_robot=robot2
198.000,ours,-,robot2,MIN_DISTANCE,OK,4.424,7.898,,0,nearest_robot=robot1
198.000,ours,-,robot3,MIN_DISTANCE,OK,7.792,7.898,,0,nearest_robot=robot6
198.000,ours,-,robot4,MIN_DISTANCE,OK,8.453,7.898,,0,nearest_robot=robot3
198.000,ours,-,robot5,MIN_DISTANCE,OK,14.504,7.898,,0,nearest_robot=robot4
198.000,ours,-,robot6,MIN_DISTANCE,OK,7.792,7.898,,0,nearest_robot=robot3
198.000,ours,-,fleet,MIN_DISTANCE_AVG,OK,7.898,,,0,robots_sampled=6
199.000,ours,-,robot1,MIN_DISTANCE,OK,4.424,7.860,,0,nearest_robot=robot2
199.000,ours,-,robot2,MIN_DISTANCE,OK,4.424,7.860,,0,nearest_robot=robot1
199.000,ours,-,robot3,MIN_DISTANCE,OK,7.677,7.860,,0,nearest_robot=robot6
199.000,ours,-,robot4,MIN_DISTANCE,OK,8.453,7.860,,0,nearest_robot=robot3
199.000,ours,-,robot5,MIN_DISTANCE,OK,14.504,7.860,,0,nearest_robot=robot4
199.000,ours,-,robot6,MIN_DISTANCE,OK,7.677,7.860,,0,nearest_robot=robot3
199.000,ours,-,fleet,MIN_DISTANCE_AVG,OK,7.860,,,0,robots_sampled=6
200.000,ours,-,robot1,MIN_DISTANCE,OK,4.424,7.752,,0,nearest_robot=robot2
200.000,ours,-,robot2,MIN_DISTANCE,OK,4.424,7.752,,0,nearest_robot=robot1
200.000,ours,-,robot3,MIN_DISTANCE,OK,7.353,7.752,,0,nearest_robot=robot6
200.000,ours,-,robot4,MIN_DISTANCE,OK,8.454,7.752,,0,nearest_robot=robot3
200.000,ours,-,robot5,MIN_DISTANCE,OK,14.504,7.752,,0,nearest_robot=robot4
200.000,ours,-,robot6,MIN_DISTANCE,OK,7.353,7.752,,0,nearest_robot=robot3
200.000,ours,-,fleet,MIN_DISTANCE_AVG,OK,7.752,,,0,robots_sampled=6
201.000,ours,-,robot1,MIN_DISTANCE,OK,4.424,7.602,,0,nearest_robot=robot2
201.000,ours,-,robot2,MIN_DISTANCE,OK,4.424,7.602,,0,nearest_robot=robot1
201.000,ours,-,robot3,MIN_DISTANCE,OK,6.904,7.602,,0,nearest_robot=robot6
201.000,ours,-,robot4,MIN_DISTANCE,OK,8.454,7.602,,0,nearest_robot=robot3
201.000,ours,-,robot5,MIN_DISTANCE,OK,14.504,7.602,,0,nearest_robot=robot4
201.000,ours,-,robot6,MIN_DISTANCE,OK,6.904,7.602,,0,nearest_robot=robot3
201.000,ours,-,fleet,MIN_DISTANCE_AVG,OK,7.602,,,0,robots_sampled=6
202.000,ours,-,robot1,MIN_DISTANCE,OK,4.425,7.477,,0,nearest_robot=robot2
202.000,ours,-,robot2,MIN_DISTANCE,OK,4.425,7.477,,0,nearest_robot=robot1
202.000,ours,-,robot3,MIN_DISTANCE,OK,6.527,7.477,,0,nearest_robot=robot6
202.000,ours,-,robot4,MIN_DISTANCE,OK,8.454,7.477,,0,nearest_robot=robot3
202.000,ours,-,robot5,MIN_DISTANCE,OK,14.504,7.477,,0,nearest_robot=robot4
202.000,ours,-,robot6,MIN_DISTANCE,OK,6.527,7.477,,0,nearest_robot=robot3
202.000,ours,-,fleet,MIN_DISTANCE_AVG,OK,7.477,,,0,robots_sampled=6
203.000,ours,-,robot1,MIN_DISTANCE,OK,4.425,7.354,,0,nearest_robot=robot2
203.000,ours,-,robot2,MIN_DISTANCE,OK,4.425,7.354,,0,nearest_robot=robot1
203.000,ours,-,robot3,MIN_DISTANCE,OK,6.157,7.354,,0,nearest_robot=robot6
203.000,ours,-,robot4,MIN_DISTANCE,OK,8.455,7.354,,0,nearest_robot=robot3
203.000,ours,-,robot5,MIN_DISTANCE,OK,14.504,7.354,,0,nearest_robot=robot4
203.000,ours,-,robot6,MIN_DISTANCE,OK,6.157,7.354,,0,nearest_robot=robot3
203.000,ours,-,fleet,MIN_DISTANCE_AVG,OK,7.354,,,0,robots_sampled=6
203.620,ours,-,fleet,CHOMP_TIME_FULL,OK,,7.695,,0,iterations=100;iterations_executed=100;source=algorithm;round_trip=7.749584
204.000,ours,-,robot1,MIN_DISTANCE,OK,4.425,7.242,,0,nearest_robot=robot2
204.000,ours,-,robot2,MIN_DISTANCE,OK,4.425,7.242,,0,nearest_robot=robot1
204.000,ours,-,robot3,MIN_DISTANCE,OK,5.823,7.242,,0,nearest_robot=robot6
204.000,ours,-,robot4,MIN_DISTANCE,OK,8.455,7.242,,0,nearest_robot=robot3
204.000,ours,-,robot5,MIN_DISTANCE,OK,14.504,7.242,,0,nearest_robot=robot4
204.000,ours,-,robot6,MIN_DISTANCE,OK,5.823,7.242,,0,nearest_robot=robot3
204.000,ours,-,fleet,MIN_DISTANCE_AVG,OK,7.242,,,0,robots_sampled=6
205.000,ours,-,robot1,MIN_DISTANCE,OK,4.425,7.136,,0,nearest_robot=robot2
205.000,ours,-,robot2,MIN_DISTANCE,OK,4.425,7.136,,0,nearest_robot=robot1
205.000,ours,-,robot3,MIN_DISTANCE,OK,5.502,7.136,,0,nearest_robot=robot6
205.000,ours,-,robot4,MIN_DISTANCE,OK,8.456,7.136,,0,nearest_robot=robot3
205.000,ours,-,robot5,MIN_DISTANCE,OK,14.504,7.136,,0,nearest_robot=robot4
205.000,ours,-,robot6,MIN_DISTANCE,OK,5.502,7.136,,0,nearest_robot=robot3
205.000,ours,-,fleet,MIN_DISTANCE_AVG,OK,7.136,,,0,robots_sampled=6
206.000,ours,-,robot1,MIN_DISTANCE,OK,4.425,7.027,,0,nearest_robot=robot2
206.000,ours,-,robot2,MIN_DISTANCE,OK,4.425,7.027,,0,nearest_robot=robot1
206.000,ours,-,robot3,MIN_DISTANCE,OK,5.175,7.027,,0,nearest_robot=robot6
206.000,ours,-,robot4,MIN_DISTANCE,OK,8.456,7.027,,0,nearest_robot=robot3
206.000,ours,-,robot5,MIN_DISTANCE,OK,14.504,7.027,,0,nearest_robot=robot4
206.000,ours,-,robot6,MIN_DISTANCE,OK,5.175,7.027,,0,nearest_robot=robot3
206.000,ours,-,fleet,MIN_DISTANCE_AVG,OK,7.027,,,0,robots_sampled=6
207.000,ours,-,robot1,MIN_DISTANCE,OK,4.425,6.929,,0,nearest_robot=robot2
207.000,ours,-,robot2,MIN_DISTANCE,OK,4.425,6.929,,0,nearest_robot=robot1
207.000,ours,-,robot3,MIN_DISTANCE,OK,4.881,6.929,,0,nearest_robot=robot6
207.000,ours,-,robot4,MIN_DISTANCE,OK,8.456,6.929,,0,nearest_robot=robot3
207.000,ours,-,robot5,MIN_DISTANCE,OK,14.504,6.929,,0,nearest_robot=robot4
207.000,ours,-,robot6,MIN_DISTANCE,OK,4.881,6.929,,0,nearest_robot=robot3
207.000,ours,-,fleet,MIN_DISTANCE_AVG,OK,6.929,,,0,robots_sampled=6
208.000,ours,-,robot1,MIN_DISTANCE,OK,4.426,6.829,,0,nearest_robot=robot2
208.000,ours,-,robot2,MIN_DISTANCE,OK,4.426,6.829,,0,nearest_robot=robot1
208.000,ours,-,robot3,MIN_DISTANCE,OK,4.582,6.829,,0,nearest_robot=robot6
208.000,ours,-,robot4,MIN_DISTANCE,OK,8.457,6.829,,0,nearest_robot=robot3
208.000,ours,-,robot5,MIN_DISTANCE,OK,14.504,6.829,,0,nearest_robot=robot4
208.000,ours,-,robot6,MIN_DISTANCE,OK,4.582,6.829,,0,nearest_robot=robot3
208.000,ours,-,fleet,MIN_DISTANCE_AVG,OK,6.829,,,0,robots_sampled=6
209.000,ours,-,robot1,MIN_DISTANCE,OK,4.426,6.737,,0,nearest_robot=robot2
209.000,ours,-,robot2,MIN_DISTANCE,OK,4.426,6.737,,0,nearest_robot=robot1
209.000,ours,-,robot3,MIN_DISTANCE,OK,4.306,6.737,,0,nearest_robot=robot6
209.000,ours,-,robot4,MIN_DISTANCE,OK,8.457,6.737,,0,nearest_robot=robot3
209.000,ours,-,robot5,MIN_DISTANCE,OK,14.504,6.737,,0,nearest_robot=robot4
209.000,ours,-,robot6,MIN_DISTANCE,OK,4.306,6.737,,0,nearest_robot=robot3
209.000,ours,-,fleet,MIN_DISTANCE_AVG,OK,6.737,,,0,robots_sampled=6
210.000,ours,-,robot1,MIN_DISTANCE,OK,4.426,6.645,,0,nearest_robot=robot2
210.000,ours,-,robot2,MIN_DISTANCE,OK,4.426,6.645,,0,nearest_robot=robot1
210.000,ours,-,robot3,MIN_DISTANCE,OK,4.027,6.645,,0,nearest_robot=robot6
210.000,ours,-,robot4,MIN_DISTANCE,OK,8.458,6.645,,0,nearest_robot=robot3
210.000,ours,-,robot5,MIN_DISTANCE,OK,14.504,6.645,,0,nearest_robot=robot4
210.000,ours,-,robot6,MIN_DISTANCE,OK,4.027,6.645,,0,nearest_robot=robot3
210.000,ours,-,fleet,MIN_DISTANCE_AVG,OK,6.645,,,0,robots_sampled=6
210.090,ours,-,fleet,CHOMP_TIME_FULL,OK,,8.342,,0,iterations=100;iterations_executed=100;source=algorithm;round_trip=8.377632
211.000,ours,-,robot1,MIN_DISTANCE,OK,4.426,6.570,,0,nearest_robot=robot2
211.000,ours,-,robot2,MIN_DISTANCE,OK,4.426,6.570,,0,nearest_robot=robot1
211.000,ours,-,robot3,MIN_DISTANCE,OK,3.804,6.570,,0,nearest_robot=robot6
211.000,ours,-,robot4,MIN_DISTANCE,OK,8.458,6.570,,0,nearest_robot=robot3
211.000,ours,-,robot5,MIN_DISTANCE,OK,14.504,6.570,,0,nearest_robot=robot4
211.000,ours,-,robot6,MIN_DISTANCE,OK,3.804,6.570,,0,nearest_robot=robot3
211.000,ours,-,fleet,MIN_DISTANCE_AVG,OK,6.570,,,0,robots_sampled=6
212.000,ours,-,robot1,MIN_DISTANCE,OK,4.426,6.511,,0,nearest_robot=robot2
212.000,ours,-,robot2,MIN_DISTANCE,OK,4.426,6.511,,0,nearest_robot=robot1
212.000,ours,-,robot3,MIN_DISTANCE,OK,3.624,6.511,,0,nearest_robot=robot6
212.000,ours,-,robot4,MIN_DISTANCE,OK,8.458,6.511,,0,nearest_robot=robot3
212.000,ours,-,robot5,MIN_DISTANCE,OK,14.504,6.511,,0,nearest_robot=robot4
212.000,ours,-,robot6,MIN_DISTANCE,OK,3.624,6.511,,0,nearest_robot=robot3
212.000,ours,-,fleet,MIN_DISTANCE_AVG,OK,6.511,,,0,robots_sampled=6
213.000,ours,-,robot1,MIN_DISTANCE,OK,4.426,6.458,,0,nearest_robot=robot2
213.000,ours,-,robot2,MIN_DISTANCE,OK,4.426,6.458,,0,nearest_robot=robot1
213.000,ours,-,robot3,MIN_DISTANCE,OK,3.465,6.458,,0,nearest_robot=robot6
213.000,ours,-,robot4,MIN_DISTANCE,OK,8.459,6.458,,0,nearest_robot=robot3
213.000,ours,-,robot5,MIN_DISTANCE,OK,14.504,6.458,,0,nearest_robot=robot4
213.000,ours,-,robot6,MIN_DISTANCE,OK,3.465,6.458,,0,nearest_robot=robot3
213.000,ours,-,fleet,MIN_DISTANCE_AVG,OK,6.458,,,0,robots_sampled=6
214.000,ours,-,robot1,MIN_DISTANCE,OK,4.427,6.422,,0,nearest_robot=robot2
214.000,ours,-,robot2,MIN_DISTANCE,OK,4.427,6.422,,0,nearest_robot=robot1
214.000,ours,-,robot3,MIN_DISTANCE,OK,3.357,6.422,,0,nearest_robot=robot6
214.000,ours,-,robot4,MIN_DISTANCE,OK,8.459,6.422,,0,nearest_robot=robot3
214.000,ours,-,robot5,MIN_DISTANCE,OK,14.504,6.422,,0,nearest_robot=robot4
214.000,ours,-,robot6,MIN_DISTANCE,OK,3.357,6.422,,0,nearest_robot=robot3
214.000,ours,-,fleet,MIN_DISTANCE_AVG,OK,6.422,,,0,robots_sampled=6
215.000,ours,-,robot1,MIN_DISTANCE,OK,4.427,6.407,,0,nearest_robot=robot2
215.000,ours,-,robot2,MIN_DISTANCE,OK,4.427,6.407,,0,nearest_robot=robot1
215.000,ours,-,robot3,MIN_DISTANCE,OK,3.312,6.407,,0,nearest_robot=robot6
215.000,ours,-,robot4,MIN_DISTANCE,OK,8.460,6.407,,0,nearest_robot=robot3
215.000,ours,-,robot5,MIN_DISTANCE,OK,14.504,6.407,,0,nearest_robot=robot4
215.000,ours,-,robot6,MIN_DISTANCE,OK,3.312,6.407,,0,nearest_robot=robot3
215.000,ours,-,fleet,MIN_DISTANCE_AVG,OK,6.407,,,0,robots_sampled=6
216.000,ours,-,robot1,MIN_DISTANCE,OK,4.427,6.394,,0,nearest_robot=robot2
216.000,ours,-,robot2,MIN_DISTANCE,OK,4.427,6.394,,0,nearest_robot=robot1
216.000,ours,-,robot3,MIN_DISTANCE,OK,3.273,6.394,,0,nearest_robot=robot6
216.000,ours,-,robot4,MIN_DISTANCE,OK,8.460,6.394,,0,nearest_robot=robot3
216.000,ours,-,robot5,MIN_DISTANCE,OK,14.504,6.394,,0,nearest_robot=robot4
216.000,ours,-,robot6,MIN_DISTANCE,OK,3.273,6.394,,0,nearest_robot=robot3
216.000,ours,-,fleet,MIN_DISTANCE_AVG,OK,6.394,,,0,robots_sampled=6
216.410,ours,-,fleet,CHOMP_TIME_FULL,OK,,7.923,,0,iterations=100;iterations_executed=100;source=algorithm;round_trip=7.979612
217.000,ours,-,robot1,MIN_DISTANCE,OK,4.427,6.377,,0,nearest_robot=robot2
217.000,ours,-,robot2,MIN_DISTANCE,OK,4.427,6.377,,0,nearest_robot=robot1
217.000,ours,-,robot3,MIN_DISTANCE,OK,3.296,6.377,,0,nearest_robot=robot6
217.000,ours,-,robot4,MIN_DISTANCE,OK,8.315,6.377,,0,nearest_robot=robot6
217.000,ours,-,robot5,MIN_DISTANCE,OK,14.504,6.377,,0,nearest_robot=robot4
217.000,ours,-,robot6,MIN_DISTANCE,OK,3.296,6.377,,0,nearest_robot=robot3
217.000,ours,-,fleet,MIN_DISTANCE_AVG,OK,6.377,,,0,robots_sampled=6
218.000,ours,-,robot1,MIN_DISTANCE,OK,4.427,6.346,,0,nearest_robot=robot2
218.000,ours,-,robot2,MIN_DISTANCE,OK,4.427,6.346,,0,nearest_robot=robot1
218.000,ours,-,robot3,MIN_DISTANCE,OK,3.368,6.346,,0,nearest_robot=robot6
218.000,ours,-,robot4,MIN_DISTANCE,OK,7.979,6.346,,0,nearest_robot=robot6
218.000,ours,-,robot5,MIN_DISTANCE,OK,14.504,6.346,,0,nearest_robot=robot4
218.000,ours,-,robot6,MIN_DISTANCE,OK,3.368,6.346,,0,nearest_robot=robot3
218.000,ours,-,fleet,MIN_DISTANCE_AVG,OK,6.346,,,0,robots_sampled=6
219.000,ours,-,robot1,MIN_DISTANCE,OK,4.427,6.319,,0,nearest_robot=robot2
219.000,ours,-,robot2,MIN_DISTANCE,OK,4.427,6.319,,0,nearest_robot=robot1
219.000,ours,-,robot3,MIN_DISTANCE,OK,3.457,6.319,,0,nearest_robot=robot6
219.000,ours,-,robot4,MIN_DISTANCE,OK,7.643,6.319,,0,nearest_robot=robot6
219.000,ours,-,robot5,MIN_DISTANCE,OK,14.504,6.319,,0,nearest_robot=robot4
219.000,ours,-,robot6,MIN_DISTANCE,OK,3.457,6.319,,0,nearest_robot=robot3
219.000,ours,-,fleet,MIN_DISTANCE_AVG,OK,6.319,,,0,robots_sampled=6
220.000,ours,-,robot1,MIN_DISTANCE,OK,4.428,6.321,,0,nearest_robot=robot2
220.000,ours,-,robot2,MIN_DISTANCE,OK,4.428,6.321,,0,nearest_robot=robot1
220.000,ours,-,robot3,MIN_DISTANCE,OK,3.657,6.321,,0,nearest_robot=robot6
220.000,ours,-,robot4,MIN_DISTANCE,OK,7.251,6.321,,0,nearest_robot=robot6
220.000,ours,-,robot5,MIN_DISTANCE,OK,14.504,6.321,,0,nearest_robot=robot4
220.000,ours,-,robot6,MIN_DISTANCE,OK,3.657,6.321,,0,nearest_robot=robot3
220.000,ours,-,fleet,MIN_DISTANCE_AVG,OK,6.321,,,0,robots_sampled=6
221.000,ours,-,robot1,MIN_DISTANCE,OK,4.428,6.329,,0,nearest_robot=robot2
221.000,ours,-,robot2,MIN_DISTANCE,OK,4.428,6.329,,0,nearest_robot=robot1
221.000,ours,-,robot3,MIN_DISTANCE,OK,3.854,6.329,,0,nearest_robot=robot6
221.000,ours,-,robot4,MIN_DISTANCE,OK,6.905,6.329,,0,nearest_robot=robot6
221.000,ours,-,robot5,MIN_DISTANCE,OK,14.504,6.329,,0,nearest_robot=robot4
221.000,ours,-,robot6,MIN_DISTANCE,OK,3.854,6.329,,0,nearest_robot=robot3
221.000,ours,-,fleet,MIN_DISTANCE_AVG,OK,6.329,,,0,robots_sampled=6
222.000,ours,-,robot1,MIN_DISTANCE,OK,4.428,6.354,,0,nearest_robot=robot2
222.000,ours,-,robot2,MIN_DISTANCE,OK,4.428,6.354,,0,nearest_robot=robot1
222.000,ours,-,robot3,MIN_DISTANCE,OK,4.098,6.354,,0,nearest_robot=robot6
222.000,ours,-,robot4,MIN_DISTANCE,OK,6.566,6.354,,0,nearest_robot=robot6
222.000,ours,-,robot5,MIN_DISTANCE,OK,14.504,6.354,,0,nearest_robot=robot4
222.000,ours,-,robot6,MIN_DISTANCE,OK,4.098,6.354,,0,nearest_robot=robot3
222.000,ours,-,fleet,MIN_DISTANCE_AVG,OK,6.354,,,0,robots_sampled=6
222.470,ours,-,fleet,CHOMP_TIME_FULL,OK,,7.921,,0,iterations=100;iterations_executed=100;source=algorithm;round_trip=7.967983
223.000,ours,-,robot1,MIN_DISTANCE,OK,4.428,6.397,,0,nearest_robot=robot2
223.000,ours,-,robot2,MIN_DISTANCE,OK,4.428,6.397,,0,nearest_robot=robot1
223.000,ours,-,robot3,MIN_DISTANCE,OK,4.396,6.397,,0,nearest_robot=robot6
223.000,ours,-,robot4,MIN_DISTANCE,OK,6.228,6.397,,0,nearest_robot=robot6
223.000,ours,-,robot5,MIN_DISTANCE,OK,14.504,6.397,,0,nearest_robot=robot4
223.000,ours,-,robot6,MIN_DISTANCE,OK,4.396,6.397,,0,nearest_robot=robot3
223.000,ours,-,fleet,MIN_DISTANCE_AVG,OK,6.397,,,0,robots_sampled=6
224.000,ours,-,robot1,MIN_DISTANCE,OK,4.428,6.461,,0,nearest_robot=robot2
224.000,ours,-,robot2,MIN_DISTANCE,OK,4.428,6.461,,0,nearest_robot=robot1
224.000,ours,-,robot3,MIN_DISTANCE,OK,4.744,6.461,,0,nearest_robot=robot6
224.000,ours,-,robot4,MIN_DISTANCE,OK,5.921,6.461,,0,nearest_robot=robot6
224.000,ours,-,robot5,MIN_DISTANCE,OK,14.504,6.461,,0,nearest_robot=robot4
224.000,ours,-,robot6,MIN_DISTANCE,OK,4.744,6.461,,0,nearest_robot=robot3
224.000,ours,-,fleet,MIN_DISTANCE_AVG,OK,6.461,,,0,robots_sampled=6
