timestamp,run_id,task_id,robot_id,event,status,allocation_cost,duration,path,collision_flag,message
74.000,ours,-,robot1,MIN_DISTANCE,OK,12.510,10.240,,0,nearest_robot=robot2
74.000,ours,-,robot2,MIN_DISTANCE,OK,12.510,10.240,,0,nearest_robot=robot1
74.000,ours,-,robot3,MIN_DISTANCE,OK,6.490,10.240,,0,nearest_robot=robot4
74.000,ours,-,robot4,MIN_DISTANCE,OK,6.490,10.240,,0,nearest_robot=robot3
74.000,ours,-,robot5,MIN_DISTANCE,OK,13.200,10.240,,0,nearest_robot=robot4
74.000,ours,-,fleet,MIN_DISTANCE_AVG,OK,10.240,,,0,robots_sampled=5
75.000,ours,-,robot1,MIN_DISTANCE,OK,12.416,10.587,,0,nearest_robot=robot6
75.000,ours,-,robot2,MIN_DISTANCE,OK,12.510,10.587,,0,nearest_robot=robot1
75.000,ours,-,robot3,MIN_DISTANCE,OK,6.490,10.587,,0,nearest_robot=robot4
75.000,ours,-,robot4,MIN_DISTANCE,OK,6.490,10.587,,0,nearest_robot=robot3
75.000,ours,-,robot5,MIN_DISTANCE,OK,13.200,10.587,,0,nearest_robot=robot4
75.000,ours,-,robot6,MIN_DISTANCE,OK,12.416,10.587,,0,nearest_robot=robot1
75.000,ours,-,fleet,MIN_DISTANCE_AVG,OK,10.587,,,0,robots_sampled=6
76.000,ours,-,robot1,MIN_DISTANCE,OK,12.416,10.587,,0,nearest_robot=robot6
76.000,ours,-,robot2,MIN_DISTANCE,OK,12.510,10.587,,0,nearest_robot=robot1
76.000,ours,-,robot3,MIN_DISTANCE,OK,6.490,10.587,,0,nearest_robot=robot4
76.000,ours,-,robot4,MIN_DISTANCE,OK,6.490,10.587,,0,nearest_robot=robot3
76.000,ours,-,robot5,MIN_DISTANCE,OK,13.200,10.587,,0,nearest_robot=robot4
76.000,ours,-,robot6,MIN_DISTANCE,OK,12.416,10.587,,0,nearest_robot=robot1
76.000,ours,-,fleet,MIN_DISTANCE_AVG,OK,10.587,,,0,robots_sampled=6
77.000,ours,-,robot1,MIN_DISTANCE,OK,12.416,10.587,,0,nearest_robot=robot6
77.000,ours,-,robot2,MIN_DISTANCE,OK,12.510,10.587,,0,nearest_robot=robot1
77.000,ours,-,robot3,MIN_DISTANCE,OK,6.490,10.587,,0,nearest_robot=robot4
77.000,ours,-,robot4,MIN_DISTANCE,OK,6.490,10.587,,0,nearest_robot=robot3
77.000,ours,-,robot5,MIN_DISTANCE,OK,13.200,10.587,,0,nearest_robot=robot4
77.000,ours,-,robot6,MIN_DISTANCE,OK,12.416,10.587,,0,nearest_robot=robot1
77.000,ours,-,fleet,MIN_DISTANCE_AVG,OK,10.587,,,0,robots_sampled=6
78.000,ours,-,robot1,MIN_DISTANCE,OK,12.416,10.587,,0,nearest_robot=robot6
78.000,ours,-,robot2,MIN_DISTANCE,OK,12.510,10.587,,0,nearest_robot=robot1
78.000,ours,-,robot3,MIN_DISTANCE,OK,6.490,10.587,,0,nearest_robot=robot4
78.000,ours,-,robot4,MIN_DISTANCE,OK,6.490,10.587,,0,nearest_robot=robot3
78.000,ours,-,robot5,MIN_DISTANCE,OK,13.200,10.587,,0,nearest_robot=robot4
78.000,ours,-,robot6,MIN_DISTANCE,OK,12.416,10.587,,0,nearest_robot=robot1
78.000,ours,-,fleet,MIN_DISTANCE_AVG,OK,10.587,,,0,robots_sampled=6
79.000,ours,-,robot1,MIN_DISTANCE,OK,12.416,10.587,,0,nearest_robot=robot6
79.000,ours,-,robot2,MIN_DISTANCE,OK,12.510,10.587,,0,nearest_robot=robot1
79.000,ours,-,robot3,MIN_DISTANCE,OK,6.490,10.587,,0,nearest_robot=robot4
79.000,ours,-,robot4,MIN_DISTANCE,OK,6.490,10.587,,0,nearest_robot=robot3
79.000,ours,-,robot5,MIN_DISTANCE,OK,13.200,10.587,,0,nearest_robot=robot4
79.000,ours,-,robot6,MIN_DISTANCE,OK,12.416,10.587,,0,nearest_robot=robot1
79.000,ours,-,fleet,MIN_DISTANCE_AVG,OK,10.587,,,0,robots_sampled=6
80.000,ours,-,robot1,MIN_DISTANCE,OK,12.416,10.587,,0,nearest_robot=robot6
80.000,ours,-,robot2,MIN_DISTANCE,OK,12.510,10.587,,0,nearest_robot=robot1
80.000,ours,-,robot3,MIN_DISTANCE,OK,6.490,10.587,,0,nearest_robot=robot4
80.000,ours,-,robot4,MIN_DISTANCE,OK,6.490,10.587,,0,nearest_robot=robot3
80.000,ours,-,robot5,MIN_DISTANCE,OK,13.200,10.587,,0,nearest_robot=robot4
80.000,ours,-,robot6,MIN_DISTANCE,OK,12.416,10.587,,0,nearest_robot=robot1
80.000,ours,-,fleet,MIN_DISTANCE_AVG,OK,10.587,,,0,robots_sampled=6
81.000,ours,-,robot1,MIN_DISTANCE,OK,12.416,10.587,,0,nearest_robot=robot6
81.000,ours,-,robot2,MIN_DISTANCE,OK,12.510,10.587,,0,nearest_robot=robot1
81.000,ours,-,robot3,MIN_DISTANCE,OK,6.490,10.587,,0,nearest_robot=robot4
81.000,ours,-,robot4,MIN_DISTANCE,OK,6.490,10.587,,0,nearest_robot=robot3
81.000,ours,-,robot5,MIN_DISTANCE,OK,13.200,10.587,,0,nearest_robot=robot4
81.000,ours,-,robot6,MIN_DISTANCE,OK,12.416,10.587,,0,nearest_robot=robot1
81.000,ours,-,fleet,MIN_DISTANCE_AVG,OK,10.587,,,0,robots_sampled=6
82.000,ours,-,robot1,MIN_DISTANCE,OK,12.416,10.587,,0,nearest_robot=robot6
82.000,ours,-,robot2,MIN_DISTANCE,OK,12.510,10.587,,0,nearest_robot=robot1
82.000,ours,-,robot3,MIN_DISTANCE,OK,6.490,10.587,,0,nearest_robot=robot4
82.000,ours,-,robot4,MIN_DISTANCE,OK,6.490,10.587,,0,nearest_robot=robot3
82.000,ours,-,robot5,MIN_DISTANCE,OK,13.200,10.587,,0,nearest_robot=robot4
82.000,ours,-,robot6,MIN_DISTANCE,OK,12.416,10.587,,0,nearest_robot=robot1
82.000,ours,-,fleet,MIN_DISTANCE_AVG,OK,10.587,,,0,robots_sampled=6
83.000,ours,-,robot1,MIN_DISTANCE,OK,12.416,10.587,,0,nearest_robot=robot6
83.000,ours,-,robot2,MIN_DISTANCE,OK,12.510,10.587,,0,nearest_robot=robot1
83.000,ours,-,robot3,MIN_DISTANCE,OK,6.490,10.587,,0,nearest_robot=robot4
83.000,ours,-,robot4,MIN_DISTANCE,OK,6.490,10.587,,0,nearest_robot=robot3
83.000,ours,-,robot5,MIN_DISTANCE,OK,13.200,10.587,,0,nearest_robot=robot4
83.000,ours,-,robot6,MIN_DISTANCE,OK,12.416,10.587,,0,nearest_robot=robot1
83.000,ours,-,fleet,MIN_DISTANCE_AVG,OK,10.587,,,0,robots_sampled=6
84.000,ours,-,robot1,MIN_DISTANCE,OK,12.416,10.587,,0,nearest_robot=robot6
84.000,ours,-,robot2,MIN_DISTANCE,OK,12.510,10.587,,0,nearest_robot=robot1
84.000,ours,-,robot3,MIN_DISTANCE,OK,6.490,10.587,,0,nearest_robot=robot4
84.000,ours,-,robot4,MIN_DISTANCE,OK,6.490,10.587,,0,nearest_robot=robot3
84.000,ours,-,robot5,MIN_DISTANCE,OK,13.200,10.587,,0,nearest_robot=robot4
84.000,ours,-,robot6,MIN_DISTANCE,OK,12.416,10.587,,0,nearest_robot=robot1
84.000,ours,-,fleet,MIN_DISTANCE_AVG,OK,10.587,,,0,robots_sampled=6
85.000,ours,-,robot1,MIN_DISTANCE,OK,12.416,10.587,,0,nearest_robot=robot6
85.000,ours,-,robot2,MIN_DISTANCE,OK,12.510,10.587,,0,nearest_robot=robot1
85.000,ours,-,robot3,MIN_DISTANCE,OK,6.490,10.587,,0,nearest_robot=robot4
85.000,ours,-,robot4,MIN_DISTANCE,OK,6.490,10.587,,0,nearest_robot=robot3
85.000,ours,-,robot5,MIN_DISTANCE,OK,13.200,10.587,,0,nearest_robot=robot4
85.000,ours,-,robot6,MIN_DISTANCE,OK,12.416,10.587,,0,nearest_robot=robot1
85.000,ours,-,fleet,MIN_DISTANCE_AVG,OK,10.587,,,0,robots_sampled=6
86.000,ours,-,robot1,MIN_DISTANCE,OK,12.416,10.587,,0,nearest_robot=robot6
86.000,ours,-,robot2,MIN_DISTANCE,OK,12.510,10.587,,0,nearest_robot=robot1
86.000,ours,-,robot3,MIN_DISTANCE,OK,6.490,10.587,,0,nearest_robot=robot4
86.000,ours,-,robot4,MIN_DISTANCE,OK,6.490,10.587,,0,nearest_robot=robot3
86.000,ours,-,robot5,MIN_DISTANCE,OK,13.200,10.587,,0,nearest_robot=robot4
86.000,ours,-,robot6,MIN_DISTANCE,OK,12.416,10.587,,0,nearest_robot=robot1
86.000,ours,-,fleet,MIN_DISTANCE_AVG,OK,10.587,,,0,robots_sampled=6
87.000,ours,-,robot1,MIN_DISTANCE,OK,12.416,10.587,,0,nearest_robot=robot6
87.000,ours,-,robot2,MIN_DISTANCE,OK,12.510,10.587,,0,nearest_robot=robot1
87.000,ours,-,robot3,MIN_DISTANCE,OK,6.490,10.587,,0,nearest_robot=robot4
87.000,ours,-,robot4,MIN_DISTANCE,OK,6.490,10.587,,0,nearest_robot=robot3
87.000,ours,-,robot5,MIN_DISTANCE,OK,13.200,10.587,,0,nearest_robot=robot4
87.000,ours,-,robot6,MIN_DISTANCE,OK,12.416,10.587,,0,nearest_robot=robot1
87.000,ours,-,fleet,MIN_DISTANCE_AVG,OK,10.587,,,0,robots_sampled=6
88.000,ours,-,robot1,MIN_DISTANCE,OK,12.416,10.587,,0,nearest_robot=robot6
88.000,ours,-,robot2,MIN_DISTANCE,OK,12.510,10.587,,0,nearest_robot=robot1
88.000,ours,-,robot3,MIN_DISTANCE,OK,6.490,10.587,,0,nearest_robot=robot4
88.000,ours,-,robot4,MIN_DISTANCE,OK,6.490,10.587,,0,nearest_robot=robot3
88.000,ours,-,robot5,MIN_DISTANCE,OK,13.200,10.587,,0,nearest_robot=robot4
88.000,ours,-,robot6,MIN_DISTANCE,OK,12.416,10.587,,0,nearest_robot=robot1
88.000,ours,-,fleet,MIN_DISTANCE_AVG,OK,10.587,,,0,robots_sampled=6
89.000,ours,-,robot1,MIN_DISTANCE,OK,12.416,10.587,,0,nearest_robot=robot6
89.000,ours,-,robot2,MIN_DISTANCE,OK,12.510,10.587,,0,nearest_robot=robot1
89.000,ours,-,robot3,MIN_DISTANCE,OK,6.490,10.587,,0,nearest_robot=robot4
89.000,ours,-,robot4,MIN_DISTANCE,OK,6.490,10.587,,0,nearest_robot=robot3
89.000,ours,-,robot5,MIN_DISTANCE,OK,13.200,10.587,,0,nearest_robot=robot4
89.000,ours,-,robot6,MIN_DISTANCE,OK,12.416,10.587,,0,nearest_robot=robot1
89.000,ours,-,fleet,MIN_DISTANCE_AVG,OK,10.587,,,0,robots_sampled=6
90.000,ours,-,robot1,MIN_DISTANCE,OK,12.416,10.587,,0,nearest_robot=robot6
90.000,ours,-,robot2,MIN_DISTANCE,OK,12.510,10.587,,0,nearest_robot=robot1
90.000,ours,-,robot3,MIN_DISTANCE,OK,6.490,10.587,,0,nearest_robot=robot4
90.000,ours,-,robot4,MIN_DISTANCE,OK,6.490,10.587,,0,nearest_robot=robot3
90.000,ours,-,robot5,MIN_DISTANCE,OK,13.200,10.587,,0,nearest_robot=robot4
90.000,ours,-,robot6,MIN_DISTANCE,OK,12.416,10.587,,0,nearest_robot=robot1
90.000,ours,-,fleet,MIN_DISTANCE_AVG,OK,10.587,,,0,robots_sampled=6
91.000,ours,-,robot1,MIN_DISTANCE,OK,12.416,10.587,,0,nearest_robot=robot6
91.000,ours,-,robot2,MIN_DISTANCE,OK,12.510,10.587,,0,nearest_robot=robot1
91.000,ours,-,robot3,MIN_DISTANCE,OK,6.490,10.587,,0,nearest_robot=robot4
91.000,ours,-,robot4,MIN_DISTANCE,OK,6.490,10.587,,0,nearest_robot=robot3
91.000,ours,-,robot5,MIN_DISTANCE,OK,13.200,10.587,,0,nearest_robot=robot4
91.000,ours,-,robot6,MIN_DISTANCE,OK,12.416,10.587,,0,nearest_robot=robot1
91.000,ours,-,fleet,MIN_DISTANCE_AVG,OK,10.587,,,0,robots_sampled=6
92.000,ours,-,robot1,MIN_DISTANCE,OK,12.416,10.587,,0,nearest_robot=robot6
92.000,ours,-,robot2,MIN_DISTANCE,OK,12.510,10.587,,0,nearest_robot=robot1
92.000,ours,-,robot3,MIN_DISTANCE,OK,6.490,10.587,,0,nearest_robot=robot4
92.000,ours,-,robot4,MIN_DISTANCE,OK,6.490,10.587,,0,nearest_robot=robot3
92.000,ours,-,robot5,MIN_DISTANCE,OK,13.200,10.587,,0,nearest_robot=robot4
92.000,ours,-,robot6,MIN_DISTANCE,OK,12.416,10.587,,0,nearest_robot=robot1
92.000,ours,-,fleet,MIN_DISTANCE_AVG,OK,10.587,,,0,robots_sampled=6
93.000,ours,-,robot1,MIN_DISTANCE,OK,12.416,10.587,,0,nearest_robot=robot6
93.000,ours,-,robot2,MIN_DISTANCE,OK,12.510,10.587,,0,nearest_robot=robot1
93.000,ours,-,robot3,MIN_DISTANCE,OK,6.490,10.587,,0,nearest_robot=robot4
93.000,ours,-,robot4,MIN_DISTANCE,OK,6.490,10.587,,0,nearest_robot=robot3
93.000,ours,-,robot5,MIN_DISTANCE,OK,13.200,10.587,,0,nearest_robot=robot4
93.000,ours,-,robot6,MIN_DISTANCE,OK,12.416,10.587,,0,nearest_robot=robot1
93.000,ours,-,fleet,MIN_DISTANCE_AVG,OK,10.587,,,0,robots_sampled=6
94.000,ours,-,robot1,MIN_DISTANCE,OK,12.416,10.587,,0,nearest_robot=robot6
94.000,ours,-,robot2,MIN_DISTANCE,OK,12.510,10.587,,0,nearest_robot=robot1
94.000,ours,-,robot3,MIN_DISTANCE,OK,6.490,10.587,,0,nearest_robot=robot4
94.000,ours,-,robot4,MIN_DISTANCE,OK,6.490,10.587,,0,nearest_robot=robot3
94.000,ours,-,robot5,MIN_DISTANCE,OK,13.200,10.587,,0,nearest_robot=robot4
94.000,ours,-,robot6,MIN_DISTANCE,OK,12.416,10.587,,0,nearest_robot=robot1
94.000,ours,-,fleet,MIN_DISTANCE_AVG,OK,10.587,,,0,robots_sampled=6
95.000,ours,-,robot1,MIN_DISTANCE,OK,12.416,10.587,,0,nearest_robot=robot6
95.000,ours,-,robot2,MIN_DISTANCE,OK,12.510,10.587,,0,nearest_robot=robot1
95.000,ours,-,robot3,MIN_DISTANCE,OK,6.490,10.587,,0,nearest_robot=robot4
95.000,ours,-,robot4,MIN_DISTANCE,OK,6.490,10.587,,0,nearest_robot=robot3
95.000,ours,-,robot5,MIN_DISTANCE,OK,13.200,10.587,,0,nearest_robot=robot4
95.000,ours,-,robot6,MIN_DISTANCE,OK,12.416,10.587,,0,nearest_robot=robot1
95.000,ours,-,fleet,MIN_DISTANCE_AVG,OK,10.587,,,0,robots_sampled=6
95.550,ours,-,fleet,CHOMP_TIME_FULL,OK,,1.065,,0,iterations=100;iterations_executed=26;source=algorithm;round_trip=1.084783
96.000,ours,-,robot1,MIN_DISTANCE,OK,12.458,10.593,,0,nearest_robot=robot6
96.000,ours,-,robot2,MIN_DISTANCE,OK,12.476,10.593,,0,nearest_robot=robot1
96.000,ours,-,robot3,MIN_DISTANCE,OK,6.450,10.593,,0,nearest_robot=robot4
96.000,ours,-,robot4,MIN_DISTANCE,OK,6.450,10.593,,0,nearest_robot=robot3
96.000,ours,-,robot5,MIN_DISTANCE,OK,13.264,10.593,,0,nearest_robot=robot4
96.000,ours,-,robot6,MIN_DISTANCE,OK,12.458,10.593,,0,nearest_robot=robot1
96.000,ours,-,fleet,MIN_DISTANCE_AVG,OK,10.593,,,0,robots_sampled=6
97.000,ours,-,robot1,MIN_DISTANCE,OK,12.245,10.533,,0,nearest_robot=robot2
97.000,ours,-,robot2,MIN_DISTANCE,OK,12.245,10.533,,0,nearest_robot=robot1
97.000,ours,-,robot3,MIN_DISTANCE,OK,6.297,10.533,,0,nearest_robot=robot4
97.000,ours,-,robot4,MIN_DISTANCE,OK,6.297,10.533,,0,nearest_robot=robot3
97.000,ours,-,robot5,MIN_DISTANCE,OK,13.460,10.533,,0,nearest_robot=robot4
97.000,ours,-,robot6,MIN_DISTANCE,OK,12.656,10.533,,0,nearest_robot=robot1
97.000,ours,-,fleet,MIN_DISTANCE_AVG,OK,10.533,,,0,robots_sampled=6
98.000,ours,-,robot1,MIN_DISTANCE,OK,11.954,10.448,,0,nearest_robot=robot2
98.000,ours,-,robot2,MIN_DISTANCE,OK,11.954,10.448,,0,nearest_robot=robot1
98.000,ours,-,robot3,MIN_DISTANCE,OK,6.131,10.448,,0,nearest_robot=robot4
98.000,ours,-,robot4,MIN_DISTANCE,OK,6.131,10.448,,0,nearest_robot=robot3
98.000,ours,-,robot5,MIN_DISTANCE,OK,13.640,10.448,,0,nearest_robot=robot4
98.000,ours,-,robot6,MIN_DISTANCE,OK,12.878,10.448,,0,nearest_robot=robot1
98.000,ours,-,fleet,MIN_DISTANCE_AVG,OK,10.448,,,0,robots_sampled=6
99.000,ours,-,robot1,MIN_DISTANCE,OK,11.675,10.226,,0,nearest_robot=robot2
99.000,ours,-,robot2,MIN_DISTANCE,OK,11.675,10.226,,0,nearest_robot=robot1
99.000,ours,-,robot3,MIN_DISTANCE,OK,6.142,10.226,,0,nearest_robot=robot4
99.000,ours,-,robot4,MIN_DISTANCE,OK,6.142,10.226,,0,nearest_robot=robot3
99.000,ours,-,robot5,MIN_DISTANCE,OK,12.862,10.226,,0,nearest_robot=robot6
99.000,ours,-,robot6,MIN_DISTANCE,OK,12.862,10.226,,0,nearest_robot=robot5
99.000,ours,-,fleet,MIN_DISTANCE_AVG,OK,10.226,,,0,robots_sampled=6
99.170,ours,-,fleet,CHOMP_TIME_FULL,OK,,2.774,,0,iterations=100;iterations_executed=65;source=algorithm;round_trip=2.800498
99.940,ours,-,fleet,CHOMP_TIME_PARTIAL,OK,,0.454,,0,iterations=10;iterations_executed=10;source=algorithm;round_trip=0.470726
100.000,ours,-,robot1,MIN_DISTANCE,OK,11.337,9.839,,0,nearest_robot=robot2
100.000,ours,-,robot2,MIN_DISTANCE,OK,11.337,9.839,,0,nearest_robot=robot1
100.000,ours,-,robot3,MIN_DISTANCE,OK,6.089,9.839,,0,nearest_robot=robot4
100.000,ours,-,robot4,MIN_DISTANCE,OK,6.089,9.839,,0,nearest_robot=robot3
100.000,ours,-,robot5,MIN_DISTANCE,OK,12.092,9.839,,0,nearest_robot=robot6
100.000,ours,-,robot6,MIN_DISTANCE,OK,12.092,9.839,,0,nearest_robot=robot5
100.000,ours,-,fleet,MIN_DISTANCE_AVG,OK,9.839,,,0,robots_sampled=6
100.440,ours,-,fleet,CHOMP_TIME_PARTIAL,OK,,0.443,,0,iterations=10;iterations_executed=10;source=algorithm;round_trip=0.464746
100.910,ours,-,fleet,CHOMP_TIME_PARTIAL,OK,,0.421,,0,iterations=10;iterations_executed=10;source=algorithm;round_trip=0.439548
101.000,ours,-,robot1,MIN_DISTANCE,OK,11.001,9.560,,0,nearest_robot=robot2
101.000,ours,-,robot2,MIN_DISTANCE,OK,11.001,9.560,,0,nearest_robot=robot1
101.000,ours,-,robot3,MIN_DISTANCE,OK,6.169,9.560,,0,nearest_robot=robot4
101.000,ours,-,robot4,MIN_DISTANCE,OK,6.169,9.560,,0,nearest_robot=robot3
101.000,ours,-,robot5,MIN_DISTANCE,OK,11.511,9.560,,0,nearest_robot=robot6
101.000,ours,-,robot6,MIN_DISTANCE,OK,11.511,9.560,,0,nearest_robot=robot5
101.000,ours,-,fleet,MIN_DISTANCE_AVG,OK,9.560,,,0,robots_sampled=6
101.430,ours,-,fleet,CHOMP_TIME_PARTIAL,OK,,0.435,,0,iterations=10;iterations_executed=10;source=algorithm;round_trip=0.454405
101.980,ours,-,fleet,CHOMP_TIME_PARTIAL,OK,,0.492,,0,iterations=10;iterations_executed=10;source=algorithm;round_trip=0.506918
102.000,ours,-,robot1,MIN_DISTANCE,OK,11.003,9.436,,0,nearest_robot=robot2
102.000,ours,-,robot2,MIN_DISTANCE,OK,11.003,9.436,,0,nearest_robot=robot1
102.000,ours,-,robot3,MIN_DISTANCE,OK,6.204,9.436,,0,nearest_robot=robot4
102.000,ours,-,robot4,MIN_DISTANCE,OK,6.204,9.436,,0,nearest_robot=robot3
102.000,ours,-,robot5,MIN_DISTANCE,OK,11.101,9.436,,0,nearest_robot=robot6
102.000,ours,-,robot6,MIN_DISTANCE,OK,11.101,9.436,,0,nearest_robot=robot5
102.000,ours,-,fleet,MIN_DISTANCE_AVG,OK,9.436,,,0,robots_sampled=6
102.420,ours,-,fleet,CHOMP_TIME_PARTIAL,OK,,0.442,,0,iterations=10;iterations_executed=10;source=algorithm;round_trip=0.460003
102.930,ours,-,fleet,CHOMP_TIME_PARTIAL,OK,,0.435,,0,iterations=10;iterations_executed=10;source=algorithm;round_trip=0.449826
103.000,ours,-,robot1,MIN_DISTANCE,OK,11.185,9.424,,0,nearest_robot=robot2
103.000,ours,-,robot2,MIN_DISTANCE,OK,11.185,9.424,,0,nearest_robot=robot1
103.000,ours,-,robot3,MIN_DISTANCE,OK,6.297,9.424,,0,nearest_robot=robot4
103.000,ours,-,robot4,MIN_DISTANCE,OK,6.297,9.424,,0,nearest_robot=robot3
103.000,ours,-,robot5,MIN_DISTANCE,OK,10.789,9.424,,0,nearest_robot=robot6
103.000,ours,-,robot6,MIN_DISTANCE,OK,10.789,9.424,,0,nearest_robot=robot5
103.000,ours,-,fleet,MIN_DISTANCE_AVG,OK,9.424,,,0,robots_sampled=6
103.400,ours,-,fleet,CHOMP_TIME_PARTIAL,OK,,0.412,,0,iterations=10;iterations_executed=10;source=algorithm;round_trip=0.428407
103.900,ours,-,fleet,CHOMP_TIME_PARTIAL,OK,,0.422,,0,iterations=10;iterations_executed=10;source=algorithm;round_trip=0.437477
104.000,ours,-,robot1,MIN_DISTANCE,OK,11.342,9.360,,0,nearest_robot=robot2
104.000,ours,-,robot2,MIN_DISTANCE,OK,10.853,9.360,,0,nearest_robot=robot3
104.000,ours,-,robot3,MIN_DISTANCE,OK,6.430,9.360,,0,nearest_robot=robot4
104.000,ours,-,robot4,MIN_DISTANCE,OK,6.430,9.360,,0,nearest_robot=robot3
104.000,ours,-,robot5,MIN_DISTANCE,OK,10.553,9.360,,0,nearest_robot=robot6
104.000,ours,-,robot6,MIN_DISTANCE,OK,10.553,9.360,,0,nearest_robot=robot5
104.000,ours,-,fleet,MIN_DISTANCE_AVG,OK,9.360,,,0,robots_sampled=6
104.460,ours,-,fleet,CHOMP_TIME_PARTIAL,OK,,0.469,,0,iterations=10;iterations_executed=10;source=algorithm;round_trip=0.487073
104.920,ours,-,fleet,CHOMP_TIME_PARTIAL,OK,,0.445,,0,iterations=10;iterations_executed=10;source=algorithm;round_trip=0.460442
105.000,ours,-,robot1,MIN_DISTANCE,OK,11.535,9.289,,0,nearest_robot=robot2
105.000,ours,-,robot2,MIN_DISTANCE,OK,10.150,9.289,,0,nearest_robot=robot3
105.000,ours,-,robot3,MIN_DISTANCE,OK,6.733,9.289,,0,nearest_robot=robot4
105.000,ours,-,robot4,MIN_DISTANCE,OK,6.733,9.289,,0,nearest_robot=robot3
105.000,ours,-,robot5,MIN_DISTANCE,OK,10.291,9.289,,0,nearest_robot=robot6
105.000,ours,-,robot6,MIN_DISTANCE,OK,10.291,9.289,,0,nearest_robot=robot5
105.000,ours,-,fleet,MIN_DISTANCE_AVG,OK,9.289,,,0,robots_sampled=6
105.440,ours,-,fleet,CHOMP_TIME_PARTIAL,OK,,0.454,,0,iterations=10;iterations_executed=10;source=algorithm;round_trip=0.469683
105.910,ours,-,fleet,CHOMP_TIME_PARTIAL,OK,,0.418,,0,iterations=10;iterations_executed=10;source=algorithm;round_trip=0.433086
106.000,ours,-,robot1,MIN_DISTANCE,OK,11.841,9.302,,0,nearest_robot=robot2
106.000,ours,-,robot2,MIN_DISTANCE,OK,9.410,9.302,,0,nearest_robot=robot3
106.000,ours,-,robot3,MIN_DISTANCE,OK,7.131,9.302,,0,nearest_robot=robot4
106.000,ours,-,robot4,MIN_DISTANCE,OK,7.131,9.302,,0,nearest_robot=robot3
106.000,ours,-,robot5,MIN_DISTANCE,OK,10.151,9.302,,0,nearest_robot=robot6
106.000,ours,-,robot6,MIN_DISTANCE,OK,10.151,9.302,,0,nearest_robot=robot5
106.000,ours,-,fleet,MIN_DISTANCE_AVG,OK,9.302,,,0,robots_sampled=6
106.430,ours,-,fleet,CHOMP_TIME_PARTIAL,OK,,0.439,,0,iterations=10;iterations_executed=10;source=algorithm;round_trip=0.454837
106.940,ours,-,fleet,CHOMP_TIME_PARTIAL,OK,,0.454,,0,iterations=10;iterations_executed=10;source=algorithm;round_trip=0.469873
107.000,ours,-,robot1,MIN_DISTANCE,OK,12.074,9.341,,0,nearest_robot=robot2
107.000,ours,-,robot2,MIN_DISTANCE,OK,8.913,9.341,,0,nearest_robot=robot3
107.000,ours,-,robot3,MIN_DISTANCE,OK,7.469,9.341,,0,nearest_robot=robot4
107.000,ours,-,robot4,MIN_DISTANCE,OK,7.469,9.341,,0,nearest_robot=robot3
107.000,ours,-,robot5,MIN_DISTANCE,OK,10.059,9.341,,0,nearest_robot=robot6
107.000,ours,-,robot6,MIN_DISTANCE,OK,10.059,9.341,,0,nearest_robot=robot5
107.000,ours,-,fleet,MIN_DISTANCE_AVG,OK,9.341,,,0,robots_sampled=6
107.410,ours,-,fleet,CHOMP_TIME_PARTIAL,OK,,0.413,,0,iterations=10;iterations_executed=10;source=algorithm;round_trip=0.430436
108.000,ours,-,robot1,MIN_DISTANCE,OK,12.329,9.488,,0,nearest_robot=robot2
108.000,ours,-,robot2,MIN_DISTANCE,OK,8.569,9.488,,0,nearest_robot=robot3
108.000,ours,-,robot3,MIN_DISTANCE,OK,7.807,9.488,,0,nearest_robot=robot4
108.000,ours,-,robot4,MIN_DISTANCE,OK,7.807,9.488,,0,nearest_robot=robot3
108.000,ours,-,robot5,MIN_DISTANCE,OK,10.209,9.488,,0,nearest_robot=robot6
108.000,ours,-,robot6,MIN_DISTANCE,OK,10.209,9.488,,0,nearest_robot=robot5
108.000,ours,-,fleet,MIN_DISTANCE_AVG,OK,9.488,,,0,robots_sampled=6
108.610,ours,-,fleet,CHOMP_TIME_FULL,OK,,0.623,,0,iterations=100;iterations_executed=15;source=algorithm;round_trip=0.642570
109.000,ours,-,robot1,MIN_DISTANCE,OK,12.610,9.596,,0,nearest_robot=robot2
109.000,ours,-,robot2,MIN_DISTANCE,OK,8.517,9.596,,0,nearest_robot=robot3
109.000,ours,-,robot3,MIN_DISTANCE,OK,8.012,9.596,,0,nearest_robot=robot4
109.000,ours,-,robot4,MIN_DISTANCE,OK,8.012,9.596,,0,nearest_robot=robot3
109.000,ours,-,robot5,MIN_DISTANCE,OK,10.554,9.596,,0,nearest_robot=robot6
109.000,ours,-,robot6,MIN_DISTANCE,OK,9.873,9.596,,0,nearest_robot=robot2
109.000,ours,-,fleet,MIN_DISTANCE_AVG,OK,9.596,,,0,robots_sampled=6
109.430,ours,-,fleet,CHOMP_TIME_PARTIAL,OK,,0.441,,0,iterations=10;iterations_executed=10;source=algorithm;round_trip=0.456195
109.930,ours,-,fleet,CHOMP_TIME_PARTIAL,OK,,0.429,,0,iterations=10;iterations_executed=10;source=algorithm;round_trip=0.446005
110.000,ours,-,robot1,MIN_DISTANCE,OK,12.940,9.681,,0,nearest_robot=robot2
110.000,ours,-,robot2,MIN_DISTANCE,OK,8.635,9.681,,0,nearest_robot=robot3
110.000,ours,-,robot3,MIN_DISTANCE,OK,8.199,9.681,,0,nearest_robot=robot4
110.000,ours,-,robot4,MIN_DISTANCE,OK,8.199,9.681,,0,nearest_robot=robot3
110.000,ours,-,robot5,MIN_DISTANCE,OK,10.851,9.681,,0,nearest_robot=robot6
110.000,ours,-,robot6,MIN_DISTANCE,OK,9.260,9.681,,0,nearest_robot=robot2
110.000,ours,-,fleet,MIN_DISTANCE_AVG,OK,9.681,,,0,robots_sampled=6
110.440,ours,-,fleet,CHOMP_TIME_PARTIAL,OK,,0.449,,0,iterations=10;iterations_executed=10;source=algorithm;round_trip=0.466999
111.000,ours,-,robot1,MIN_DISTANCE,OK,13.203,9.759,,0,nearest_robot=robot2
111.000,ours,-,robot2,MIN_DISTANCE,OK,8.815,9.759,,0,nearest_robot=robot3
111.000,ours,-,robot3,MIN_DISTANCE,OK,8.327,9.759,,0,nearest_robot=robot4
111.000,ours,-,robot4,MIN_DISTANCE,OK,8.327,9.759,,0,nearest_robot=robot3
111.000,ours,-,robot5,MIN_DISTANCE,OK,10.999,9.759,,0,nearest_robot=robot6
111.000,ours,-,robot6,MIN_DISTANCE,OK,8.881,9.759,,0,nearest_robot=robot2
111.000,ours,-,fleet,MIN_DISTANCE_AVG,OK,9.759,,,0,robots_sampled=6
112.000,ours,-,robot1,MIN_DISTANCE,OK,13.287,9.723,,0,nearest_robot=robot2
112.000,ours,-,robot2,MIN_DISTANCE,OK,8.683,9.723,,0,nearest_robot=robot6
112.000,ours,-,robot3,MIN_DISTANCE,OK,8.335,9.723,,0,nearest_robot=robot4
112.000,ours,-,robot4,MIN_DISTANCE,OK,8.335,9.723,,0,nearest_robot=robot3
112.000,ours,-,robot5,MIN_DISTANCE,OK,11.016,9.723,,0,nearest_robot=robot6
112.000,ours,-,robot6,MIN_DISTANCE,OK,8.683,9.723,,0,nearest_robot=robot2
112.000,ours,-,fleet,MIN_DISTANCE_AVG,OK,9.723,,,0,robots_sampled=6
112.100,ours,-,fleet,CHOMP_TIME_FULL,OK,,1.135,,0,iterations=100;iterations_executed=27;source=algorithm;round_trip=1.162695
113.000,ours,-,robot1,MIN_DISTANCE,OK,13.369,9.768,,0,nearest_robot=robot2
113.000,ours,-,robot2,MIN_DISTANCE,OK,8.547,9.768,,0,nearest_robot=robot6
113.000,ours,-,robot3,MIN_DISTANCE,OK,8.572,9.768,,0,nearest_robot=robot4
113.000,ours,-,robot4,MIN_DISTANCE,OK,8.572,9.768,,0,nearest_robot=robot3
113.000,ours,-,robot5,MIN_DISTANCE,OK,11.001,9.768,,0,nearest_robot=robot6
113.000,ours,-,robot6,MIN_DISTANCE,OK,8.547,9.768,,0,nearest_robot=robot2
113.000,ours,-,fleet,MIN_DISTANCE_AVG,OK,9.768,,,0,robots_sampled=6
114.000,ours,-,robot1,MIN_DISTANCE,OK,13.383,9.889,,0,nearest_robot=robot2
114.000,ours,-,robot2,MIN_DISTANCE,OK,8.470,9.889,,0,nearest_robot=robot6
114.000,ours,-,robot3,MIN_DISTANCE,OK,9.033,9.889,,0,nearest_robot=robot4
114.000,ours,-,robot4,MIN_DISTANCE,OK,9.033,9.889,,0,nearest_robot=robot3
114.000,ours,-,robot5,MIN_DISTANCE,OK,10.944,9.889,,0,nearest_robot=robot6
114.000,ours,-,robot6,MIN_DISTANCE,OK,8.470,9.889,,0,nearest_robot=robot2
114.000,ours,-,fleet,MIN_DISTANCE_AVG,OK,9.889,,,0,robots_sampled=6
115.000,ours,-,robot1,MIN_DISTANCE,OK,13.388,9.978,,0,nearest_robot=robot2
115.000,ours,-,robot2,MIN_DISTANCE,OK,8.473,9.978,,0,nearest_robot=robot6
115.000,ours,-,robot3,MIN_DISTANCE,OK,9.340,9.978,,0,nearest_robot=robot4
115.000,ours,-,robot4,MIN_DISTANCE,OK,9.340,9.978,,0,nearest_robot=robot3
115.000,ours,-,robot5,MIN_DISTANCE,OK,10.854,9.978,,0,nearest_robot=robot6
115.000,ours,-,robot6,MIN_DISTANCE,OK,8.473,9.978,,0,nearest_robot=robot2
115.000,ours,-,fleet,MIN_DISTANCE_AVG,OK,9.978,,,0,robots_sampled=6
116.000,ours,-,robot1,MIN_DISTANCE,OK,13.424,10.062,,0,nearest_robot=robot2
116.000,ours,-,robot2,MIN_DISTANCE,OK,8.491,10.062,,0,nearest_robot=robot6
116.000,ours,-,robot3,MIN_DISTANCE,OK,9.589,10.062,,0,nearest_robot=robot4
116.000,ours,-,robot4,MIN_DISTANCE,OK,9.589,10.062,,0,nearest_robot=robot3
116.000,ours,-,robot5,MIN_DISTANCE,OK,10.787,10.062,,0,nearest_robot=robot6
116.000,ours,-,robot6,MIN_DISTANCE,OK,8.491,10.062,,0,nearest_robot=robot2
116.000,ours,-,fleet,MIN_DISTANCE_AVG,OK,10.062,,,0,robots_sampled=6
116.040,ours,-,fleet,CHOMP_TIME_FULL,OK,,3.159,,0,iterations=100;iterations_executed=78;source=algorithm;round_trip=3.180967
117.000,ours,-,robot1,MIN_DISTANCE,OK,13.452,10.120,,0,nearest_robot=robot2
117.000,ours,-,robot2,MIN_DISTANCE,OK,8.534,10.120,,0,nearest_robot=robot6
117.000,ours,-,robot3,MIN_DISTANCE,OK,9.730,10.120,,0,nearest_robot=robot4
117.000,ours,-,robot4,MIN_DISTANCE,OK,9.730,10.120,,0,nearest_robot=robot3
117.000,ours,-,robot5,MIN_DISTANCE,OK,10.738,10.120,,0,nearest_robot=robot6
117.000,ours,-,robot6,MIN_DISTANCE,OK,8.534,10.120,,0,nearest_robot=robot2
117.000,ours,-,fleet,MIN_DISTANCE_AVG,OK,10.120,,,0,robots_sampled=6
118.000,ours,-,robot1,MIN_DISTANCE,OK,13.495,10.189,,0,nearest_robot=robot2
118.000,ours,-,robot2,MIN_DISTANCE,OK,8.571,10.189,,0,nearest_robot=robot6
118.000,ours,-,robot3,MIN_DISTANCE,OK,9.898,10.189,,0,nearest_robot=robot4
118.000,ours,-,robot4,MIN_DISTANCE,OK,9.898,10.189,,0,nearest_robot=robot3
118.000,ours,-,robot5,MIN_DISTANCE,OK,10.702,10.189,,0,nearest_robot=robot6
118.000,ours,-,robot6,MIN_DISTANCE,OK,8.571,10.189,,0,nearest_robot=robot2
118.000,ours,-,fleet,MIN_DISTANCE_AVG,OK,10.189,,,0,robots_sampled=6
118.920,ours,-,fleet,CHOMP_TIME_FULL,OK,,1.991,,0,iterations=100;iterations_executed=47;source=algorithm;round_trip=2.010225
119.000,ours,-,robot1,MIN_DISTANCE,OK,13.495,10.341,,0,nearest_robot=robot2
119.000,ours,-,robot2,MIN_DISTANCE,OK,8.655,10.341,,0,nearest_robot=robot6
119.000,ours,-,robot3,MIN_DISTANCE,OK,10.145,10.341,,0,nearest_robot=robot4
119.000,ours,-,robot4,MIN_DISTANCE,OK,10.145,10.341,,0,nearest_robot=robot3
119.000,ours,-,robot5,MIN_DISTANCE,OK,10.951,10.341,,0,nearest_robot=robot6
119.000,ours,-,robot6,MIN_DISTANCE,OK,8.655,10.341,,0,nearest_robot=robot2
119.000,ours,-,fleet,MIN_DISTANCE_AVG,OK,10.341,,,0,robots_sampled=6
120.000,ours,-,robot1,MIN_DISTANCE,OK,13.460,10.571,,0,nearest_robot=robot2
120.000,ours,-,robot2,MIN_DISTANCE,OK,8.988,10.571,,0,nearest_robot=robot6
120.000,ours,-,robot3,MIN_DISTANCE,OK,10.391,10.571,,0,nearest_robot=robot4
120.000,ours,-,robot4,MIN_DISTANCE,OK,10.391,10.571,,0,nearest_robot=robot3
120.000,ours,-,robot5,MIN_DISTANCE,OK,11.209,10.571,,0,nearest_robot=robot6
120.000,ours,-,robot6,MIN_DISTANCE,OK,8.988,10.571,,0,nearest_robot=robot2
120.000,ours,-,fleet,MIN_DISTANCE_AVG,OK,10.571,,,0,robots_sampled=6
121.000,ours,-,robot1,MIN_DISTANCE,OK,13.249,10.686,,0,nearest_robot=robot2
121.000,ours,-,robot2,MIN_DISTANCE,OK,9.384,10.686,,0,nearest_robot=robot6
121.000,ours,-,robot3,MIN_DISTANCE,OK,10.323,10.686,,0,nearest_robot=robot4
121.000,ours,-,robot4,MIN_DISTANCE,OK,10.323,10.686,,0,nearest_robot=robot3
121.000,ours,-,robot5,MIN_DISTANCE,OK,11.456,10.686,,0,nearest_robot=robot6
121.000,ours,-,robot6,MIN_DISTANCE,OK,9.384,10.686,,0,nearest_robot=robot2
121.000,ours,-,fleet,MIN_DISTANCE_AVG,OK,10.686,,,0,robots_sampled=6
121.070,ours,-,fleet,CHOMP_TIME_FULL,OK,,1.638,,0,iterations=100;iterations_executed=39;source=algorithm;round_trip=1.656507
121.930,ours,-,fleet,CHOMP_TIME_PARTIAL,OK,,0.435,,0,iterations=10;iterations_executed=10;source=algorithm;round_trip=0.460795
122.000,ours,-,robot1,MIN_DISTANCE,OK,12.841,10.720,,0,nearest_robot=robot2
122.000,ours,-,robot2,MIN_DISTANCE,OK,9.692,10.720,,0,nearest_robot=robot6
122.000,ours,-,robot3,MIN_DISTANCE,OK,10.142,10.720,,0,nearest_robot=robot4
122.000,ours,-,robot4,MIN_DISTANCE,OK,10.142,10.720,,0,nearest_robot=robot3
122.000,ours,-,robot5,MIN_DISTANCE,OK,11.812,10.720,,0,nearest_robot=robot6
122.000,ours,-,robot6,MIN_DISTANCE,OK,9.692,10.720,,0,nearest_robot=robot2
122.000,ours,-,fleet,MIN_DISTANCE_AVG,OK,10.720,,,0,robots_sampled=6
122.420,ours,-,fleet,CHOMP_TIME_PARTIAL,OK,,0.420,,0,iterations=10;iterations_executed=10;source=algorithm;round_trip=0.438303
122.950,ours,-,fleet,CHOMP_TIME_PARTIAL,OK,,0.456,,0,iterations=10;iterations_executed=10;source=algorithm;round_trip=0.473695
123.000,ours,-,robot1,MIN_DISTANCE,OK,12.443,10.733,,0,nearest_robot=robot2
123.000,ours,-,robot2,MIN_DISTANCE,OK,9.945,10.733,,0,nearest_robot=robot6
123.000,ours,-,robot3,MIN_DISTANCE,OK,10.044,10.733,,0,nearest_robot=robot4
123.000,ours,-,robot4,MIN_DISTANCE,OK,10.044,10.733,,0,nearest_robot=robot3
123.000,ours,-,robot5,MIN_DISTANCE,OK,11.976,10.733,,0,nearest_robot=robot6
123.000,ours,-,robot6,MIN_DISTANCE,OK,9.945,10.733,,0,nearest_robot=robot2
123.000,ours,-,fleet,MIN_DISTANCE_AVG,OK,10.733,,,0,robots_sampled=6
123.430,ours,-,fleet,CHOMP_TIME_PARTIAL,OK,,0.436,,0,iterations=10;iterations_executed=10;source=algorithm;round_trip=0.454403
124.000,ours,-,robot1,MIN_DISTANCE,OK,12.052,10.706,,0,nearest_robot=robot2
124.000,ours,-,robot2,MIN_DISTANCE,OK,10.261,10.706,,0,nearest_robot=robot6
124.000,ours,-,robot3,MIN_DISTANCE,OK,9.926,10.706,,0,nearest_robot=robot4
124.000,ours,-,robot4,MIN_DISTANCE,OK,9.926,10.706,,0,nearest_robot=robot3
124.000,ours,-,robot5,MIN_DISTANCE,OK,11.810,10.706,,0,nearest_robot=robot4
124.000,ours,-,robot6,MIN_DISTANCE,OK,10.261,10.706,,0,nearest_robot=robot2
124.000,ours,-,fleet,MIN_DISTANCE_AVG,OK,10.706,,,0,robots_sampled=6
125.000,ours,-,robot1,MIN_DISTANCE,OK,11.648,10.722,,0,nearest_robot=robot2
125.000,ours,-,robot2,MIN_DISTANCE,OK,10.889,10.722,,0,nearest_robot=robot6
125.000,ours,-,robot3,MIN_DISTANCE,OK,9.813,10.722,,0,nearest_robot=robot4
125.000,ours,-,robot4,MIN_DISTANCE,OK,9.813,10.722,,0,nearest_robot=robot3
125.000,ours,-,robot5,MIN_DISTANCE,OK,11.280,10.722,,0,nearest_robot=robot4
125.000,ours,-,robot6,MIN_DISTANCE,OK,10.889,10.722,,0,nearest_robot=robot2
125.000,ours,-,fleet,MIN_DISTANCE_AVG,OK,10.722,,,0,robots_sampled=6
126.000,ours,-,robot1,MIN_DISTANCE,OK,11.219,10.696,,0,nearest_robot=robot2
126.000,ours,-,robot2,MIN_DISTANCE,OK,11.219,10.696,,0,nearest_robot=robot1
126.000,ours,-,robot3,MIN_DISTANCE,OK,9.671,10.696,,0,nearest_robot=robot4
126.000,ours,-,robot4,MIN_DISTANCE,OK,9.671,10.696,,0,nearest_robot=robot3
126.000,ours,-,robot5,MIN_DISTANCE,OK,10.727,10.696,,0,nearest_robot=robot4
126.000,ours,-,robot6,MIN_DISTANCE,OK,11.666,10.696,,0,nearest_robot=robot2
126.000,ours,-,fleet,MIN_DISTANCE_AVG,OK,10.696,,,0,robots_sampled=6
127.000,ours,-,robot1,MIN_DISTANCE,OK,10.648,10.399,,0,nearest_robot=robot2
127.000,ours,-,robot2,MIN_DISTANCE,OK,10.648,10.399,,0,nearest_robot=robot1
127.000,ours,-,robot3,MIN_DISTANCE,OK,9.515,10.399,,0,nearest_robot=robot4
127.000,ours,-,robot4,MIN_DISTANCE,OK,9.515,10.399,,0,nearest_robot=robot3
127.000,ours,-,robot5,MIN_DISTANCE,OK,10.169,10.399,,0,nearest_robot=robot4
127.000,ours,-,robot6,MIN_DISTANCE,OK,11.898,10.399,,0,nearest_robot=robot5
127.000,ours,-,fleet,MIN_DISTANCE_AVG,OK,10.399,,,0,robots_sampled=6
127.970,ours,-,fleet,CHOMP_TIME_FULL,OK,,4.159,,0,iterations=100;iterations_executed=100;source=algorithm;round_trip=4.182803
128.000,ours,-,robot1,MIN_DISTANCE,OK,10.301,10.127,,0,nearest_robot=robot2
128.000,ours,-,robot2,MIN_DISTANCE,OK,10.301,10.127,,0,nearest_robot=robot1
128.000,ours,-,robot3,MIN_DISTANCE,OK,9.407,10.127,,0,nearest_robot=robot4
128.000,ours,-,robot4,MIN_DISTANCE,OK,9.407,10.127,,0,nearest_robot=robot3
128.000,ours,-,robot5,MIN_DISTANCE,OK,9.500,10.127,,0,nearest_robot=robot4
128.000,ours,-,robot6,MIN_DISTANCE,OK,11.843,10.127,,0,nearest_robot=robot5
128.000,ours,-,fleet,MIN_DISTANCE_AVG,OK,10.127,,,0,robots_sampled=6
129.000,ours,-,robot1,MIN_DISTANCE,OK,9.907,9.807,,0,nearest_robot=robot2
129.000,ours,-,robot2,MIN_DISTANCE,OK,9.907,9.807,,0,nearest_robot=robot1
129.000,ours,-,robot3,MIN_DISTANCE,OK,9.405,9.807,,0,nearest_robot=robot4
129.000,ours,-,robot4,MIN_DISTANCE,OK,8.911,9.807,,0,nearest_robot=robot5
129.000,ours,-,robot5,MIN_DISTANCE,OK,8.911,9.807,,0,nearest_robot=robot4
129.000,ours,-,robot6,MIN_DISTANCE,OK,11.802,9.807,,0,nearest_robot=robot5
129.000,ours,-,fleet,MIN_DISTANCE_AVG,OK,9.807,,,0,robots_sampled=6
130.000,ours,-,robot1,MIN_DISTANCE,OK,9.513,9.461,,0,nearest_robot=robot2
130.000,ours,-,robot2,MIN_DISTANCE,OK,9.513,9.461,,0,nearest_robot=robot1
130.000,ours,-,robot3,MIN_DISTANCE,OK,9.425,9.461,,0,nearest_robot=robot4
130.000,ours,-,robot4,MIN_DISTANCE,OK,8.304,9.461,,0,nearest_robot=robot5
130.000,ours,-,robot5,MIN_DISTANCE,OK,8.304,9.461,,0,nearest_robot=robot4
130.000,ours,-,robot6,MIN_DISTANCE,OK,11.710,9.461,,0,nearest_robot=robot5
130.000,ours,-,fleet,MIN_DISTANCE_AVG,OK,9.461,,,0,robots_sampled=6
131.000,ours,-,robot1,MIN_DISTANCE,OK,9.118,9.059,,0,nearest_robot=robot2
131.000,ours,-,robot2,MIN_DISTANCE,OK,9.118,9.059,,0,nearest_robot=robot1
131.000,ours,-,robot3,MIN_DISTANCE,OK,9.466,9.059,,0,nearest_robot=robot4
131.000,ours,-,robot4,MIN_DISTANCE,OK,7.525,9.059,,0,nearest_robot=robot5
131.000,ours,-,robot5,MIN_DISTANCE,OK,7.525,9.059,,0,nearest_robot=robot4
131.000,ours,-,robot6,MIN_DISTANCE,OK,11.602,9.059,,0,nearest_robot=robot5
131.000,ours,-,fleet,MIN_DISTANCE_AVG,OK,9.059,,,0,robots_sampled=6
132.000,ours,-,robot1,MIN_DISTANCE,OK,8.731,8.665,,0,nearest_robot=robot2
132.000,ours,-,robot2,MIN_DISTANCE,OK,8.731,8.665,,0,nearest_robot=robot1
132.000,ours,-,robot3,MIN_DISTANCE,OK,9.516,8.665,,0,nearest_robot=robot4
132.000,ours,-,robot4,MIN_DISTANCE,OK,6.845,8.665,,0,nearest_robot=robot5
132.000,ours,-,robot5,MIN_DISTANCE,OK,6.845,8.665,,0,nearest_robot=robot4
132.000,ours,-,robot6,MIN_DISTANCE,OK,11.320,8.665,,0,nearest_robot=robot5
132.000,ours,-,fleet,MIN_DISTANCE_AVG,OK,8.665,,,0,robots_sampled=6
132.460,ours,-,fleet,CHOMP_TIME_FULL,OK,,4.115,,0,iterations=100;iterations_executed=100;source=algorithm;round_trip=4.136403
133.000,ours,-,robot1,MIN_DISTANCE,OK,8.317,8.246,,0,nearest_robot=robot2
133.000,ours,-,robot2,MIN_DISTANCE,OK,8.317,8.246,,0,nearest_robot=robot1
133.000,ours,-,robot3,MIN_DISTANCE,OK,9.438,8.246,,0,nearest_robot=robot4
133.000,ours,-,robot4,MIN_DISTANCE,OK,6.148,8.246,,0,nearest_robot=robot5
133.000,ours,-,robot5,MIN_DISTANCE,OK,6.148,8.246,,0,nearest_robot=robot4
133.000,ours,-,robot6,MIN_DISTANCE,OK,11.106,8.246,,0,nearest_robot=robot5
133.000,ours,-,fleet,MIN_DISTANCE_AVG,OK,8.246,,,0,robots_sampled=6
134.000,ours,-,robot1,MIN_DISTANCE,OK,7.909,7.845,,0,nearest_robot=robot2
134.000,ours,-,robot2,MIN_DISTANCE,OK,7.909,7.845,,0,nearest_robot=robot1
134.000,ours,-,robot3,MIN_DISTANCE,OK,9.074,7.845,,0,nearest_robot=robot4
134.000,ours,-,robot4,MIN_DISTANCE,OK,5.605,7.845,,0,nearest_robot=robot5
134.000,ours,-,robot5,MIN_DISTANCE,OK,5.605,7.845,,0,nearest_robot=robot4
134.000,ours,-,robot6,MIN_DISTANCE,OK,10.970,7.845,,0,nearest_robot=robot5
134.000,ours,-,fleet,MIN_DISTANCE_AVG,OK,7.845,,,0,robots_sampled=6
135.000,ours,-,robot1,MIN_DISTANCE,OK,7.494,7.452,,0,nearest_robot=robot2
135.000,ours,-,robot2,MIN_DISTANCE,OK,7.494,7.452,,0,nearest_robot=robot1
135.000,ours,-,robot3,MIN_DISTANCE,OK,8.572,7.452,,0,nearest_robot=robot4
135.000,ours,-,robot4,MIN_DISTANCE,OK,5.152,7.452,,0,nearest_robot=robot5
135.000,ours,-,robot5,MIN_DISTANCE,OK,5.152,7.452,,0,nearest_robot=robot4
135.000,ours,-,robot6,MIN_DISTANCE,OK,10.851,7.452,,0,nearest_robot=robot5
135.000,ours,-,fleet,MIN_DISTANCE_AVG,OK,7.452,,,0,robots_sampled=6
136.000,ours,-,robot1,MIN_DISTANCE,OK,7.059,7.108,,0,nearest_robot=robot2
136.000,ours,-,robot2,MIN_DISTANCE,OK,7.059,7.108,,0,nearest_robot=robot1
136.000,ours,-,robot3,MIN_DISTANCE,OK,8.095,7.108,,0,nearest_robot=robot4
136.000,ours,-,robot4,MIN_DISTANCE,OK,4.873,7.108,,0,nearest_robot=robot5
136.000,ours,-,robot5,MIN_DISTANCE,OK,4.873,7.108,,0,nearest_robot=robot4
136.000,ours,-,robot6,MIN_DISTANCE,OK,10.689,7.108,,0,nearest_robot=robot5
136.000,ours,-,fleet,MIN_DISTANCE_AVG,OK,7.108,,,0,robots_sampled=6
136.880,ours,-,fleet,CHOMP_TIME_FULL,OK,,4.013,,0,iterations=100;iterations_executed=100;source=algorithm;round_trip=4.043036
137.000,ours,-,robot1,MIN_DISTANCE,OK,6.610,6.864,,0,nearest_robot=robot2
137.000,ours,-,robot2,MIN_DISTANCE,OK,6.610,6.864,,0,nearest_robot=robot1
137.000,ours,-,robot3,MIN_DISTANCE,OK,7.783,6.864,,0,nearest_robot=robot4
137.000,ours,-,robot4,MIN_DISTANCE,OK,4.870,6.864,,0,nearest_robot=robot5
137.000,ours,-,robot5,MIN_DISTANCE,OK,4.870,6.864,,0,nearest_robot=robot4
137.000,ours,-,robot6,MIN_DISTANCE,OK,10.441,6.864,,0,nearest_robot=robot5
137.000,ours,-,fleet,MIN_DISTANCE_AVG,OK,6.864,,,0,robots_sampled=6
138.000,ours,-,robot1,MIN_DISTANCE,OK,6.175,6.647,,0,nearest_robot=robot2
138.000,ours,-,robot2,MIN_DISTANCE,OK,6.175,6.647,,0,nearest_robot=robot1
138.000,ours,-,robot3,MIN_DISTANCE,OK,7.473,6.647,,0,nearest_robot=robot4
138.000,ours,-,robot4,MIN_DISTANCE,OK,4.869,6.647,,0,nearest_robot=robot5
138.000,ours,-,robot5,MIN_DISTANCE,OK,4.869,6.647,,0,nearest_robot=robot4
138.000,ours,-,robot6,MIN_DISTANCE,OK,10.319,6.647,,0,nearest_robot=robot5
138.000,ours,-,fleet,MIN_DISTANCE_AVG,OK,6.647,,,0,robots_sampled=6
139.000,ours,-,robot1,MIN_DISTANCE,OK,5.757,6.415,,0,nearest_robot=robot2
139.000,ours,-,robot2,MIN_DISTANCE,OK,5.757,6.415,,0,nearest_robot=robot1
139.000,ours,-,robot3,MIN_DISTANCE,OK,7.207,6.415,,0,nearest_robot=robot4
139.000,ours,-,robot4,MIN_DISTANCE,OK,4.869,6.415,,0,nearest_robot=robot5
139.000,ours,-,robot5,MIN_DISTANCE,OK,4.869,6.415,,0,nearest_robot=robot4
139.000,ours,-,robot6,MIN_DISTANCE,OK,10.030,6.415,,0,nearest_robot=robot5
139.000,ours,-,fleet,MIN_DISTANCE_AVG,OK,6.415,,,0,robots_sampled=6
140.000,ours,-,robot1,MIN_DISTANCE,OK,5.329,6.203,,0,nearest_robot=robot2
140.000,ours,-,robot2,MIN_DISTANCE,OK,5.329,6.203,,0,nearest_robot=robot1
140.000,ours,-,robot3,MIN_DISTANCE,OK,6.994,6.203,,0,nearest_robot=robot4
140.000,ours,-,robot4,MIN_DISTANCE,OK,4.869,6.203,,0,nearest_robot=robot5
140.000,ours,-,robot5,MIN_DISTANCE,OK,4.869,6.203,,0,nearest_robot=robot4
140.000,ours,-,robot6,MIN_DISTANCE,OK,9.831,6.203,,0,nearest_robot=robot5
140.000,ours,-,fleet,MIN_DISTANCE_AVG,OK,6.203,,,0,robots_sampled=6
141.000,ours,-,robot1,MIN_DISTANCE,OK,4.865,5.998,,0,nearest_robot=robot2
141.000,ours,-,robot2,MIN_DISTANCE,OK,4.865,5.998,,0,nearest_robot=robot1
141.000,ours,-,robot3,MIN_DISTANCE,OK,6.785,5.998,,0,nearest_robot=robot4
141.000,ours,-,robot4,MIN_DISTANCE,OK,4.868,5.998,,0,nearest_robot=robot5
141.000,ours,-,robot5,MIN_DISTANCE,OK,4.868,5.998,,0,nearest_robot=robot4
141.000,ours,-,robot6,MIN_DISTANCE,OK,9.738,5.998,,0,nearest_robot=robot5
141.000,ours,-,fleet,MIN_DISTANCE_AVG,OK,5.998,,,0,robots_sampled=6
141.320,ours,-,fleet,CHOMP_TIME_FULL,OK,,3.957,,0,iterations=100;iterations_executed=100;source=algorithm;round_trip=3.977517
142.000,ours,-,robot1,MIN_DISTANCE,OK,4.425,5.816,,0,nearest_robot=robot2
142.000,ours,-,robot2,MIN_DISTANCE,OK,4.425,5.816,,0,nearest_robot=robot1
142.000,ours,-,robot3,MIN_DISTANCE,OK,6.739,5.816,,0,nearest_robot=robot4
142.000,ours,-,robot4,MIN_DISTANCE,OK,4.823,5.816,,0,nearest_robot=robot5
142.000,ours,-,robot5,MIN_DISTANCE,OK,4.823,5.816,,0,nearest_robot=robot4
142.000,ours,-,robot6,MIN_DISTANCE,OK,9.659,5.816,,0,nearest_robot=robot5
142.000,ours,-,fleet,MIN_DISTANCE_AVG,OK,5.816,,,0,robots_sampled=6
143.000,ours,-,robot1,MIN_DISTANCE,OK,3.980,5.678,,0,nearest_robot=robot2
143.000,ours,-,robot2,MIN_DISTANCE,OK,3.980,5.678,,0,nearest_robot=robot1
143.000,ours,-,robot3,MIN_DISTANCE,OK,7.000,5.678,,0,nearest_robot=robot4
143.000,ours,-,robot4,MIN_DISTANCE,OK,4.738,5.678,,0,nearest_robot=robot5
143.000,ours,-,robot5,MIN_DISTANCE,OK,4.738,5.678,,0,nearest_robot=robot4
143.000,ours,-,robot6,MIN_DISTANCE,OK,9.631,5.678,,0,nearest_robot=robot5
143.000,ours,-,fleet,MIN_DISTANCE_AVG,OK,5.678,,,0,robots_sampled=6
144.000,ours,-,robot1,MIN_DISTANCE,OK,3.531,5.588,,0,nearest_robot=robot2
144.000,ours,-,robot2,MIN_DISTANCE,OK,3.531,5.588,,0,nearest_robot=robot1
144.000,ours,-,robot3,MIN_DISTANCE,OK,7.191,5.588,,0,nearest_robot=robot4
144.000,ours,-,robot4,MIN_DISTANCE,OK,4.789,5.588,,0,nearest_robot=robot5
144.000,ours,-,robot5,MIN_DISTANCE,OK,4.789,5.588,,0,nearest_robot=robot4
144.000,ours,-,robot6,MIN_DISTANCE,OK,9.697,5.588,,0,nearest_robot=robot5
144.000,ours,-,fleet,MIN_DISTANCE_AVG,OK,5.588,,,0,robots_sampled=6
145.000,ours,-,robot1,MIN_DISTANCE,OK,3.078,5.497,,0,nearest_robot=robot2
145.000,ours,-,robot2,MIN_DISTANCE,OK,3.078,5.497,,0,nearest_robot=robot1
145.000,ours,-,robot3,MIN_DISTANCE,OK,7.074,5.497,,0,nearest_robot=robot4
145.000,ours,-,robot4,MIN_DISTANCE,OK,4.964,5.497,,0,nearest_robot=robot5
145.000,ours,-,robot5,MIN_DISTANCE,OK,4.964,5.497,,0,nearest_robot=robot4
145.000,ours,-,robot6,MIN_DISTANCE,OK,9.822,5.497,,0,nearest_robot=robot5
145.000,ours,-,fleet,MIN_DISTANCE_AVG,OK,5.497,,,0,robots_sampled=6
145.960,ours,-,fleet,CHOMP_TIME_FULL,OK,,4.088,,0,iterations=100;iterations_executed=100;source=algorithm;round_trip=4.117331
146.000,ours,-,robot1,MIN_DISTANCE,OK,2.609,5.427,,0,nearest_robot=robot2
146.000,ours,-,robot2,MIN_DISTANCE,OK,2.609,5.427,,0,nearest_robot=robot1
146.000,ours,-,robot3,MIN_DISTANCE,OK,6.971,5.427,,0,nearest_robot=robot4
146.000,ours,-,robot4,MIN_DISTANCE,OK,5.201,5.427,,0,nearest_robot=robot5
146.000,ours,-,robot5,MIN_DISTANCE,OK,5.201,5.427,,0,nearest_robot=robot4
146.000,ours,-,robot6,MIN_DISTANCE,OK,9.973,5.427,,0,nearest_robot=robot5
146.000,ours,-,fleet,MIN_DISTANCE_AVG,OK,5.427,,,0,robots_sampled=6
147.000,ours,-,robot1,MIN_DISTANCE,OK,2.185,5.394,,0,nearest_robot=robot2
147.000,ours,-,robot2,MIN_DISTANCE,OK,2.185,5.394,,0,nearest_robot=robot1
147.000,ours,-,robot3,MIN_DISTANCE,OK,6.737,5.394,,0,nearest_robot=robot4
147.000,ours,-,robot4,MIN_DISTANCE,OK,5.532,5.394,,0,nearest_robot=robot5
147.000,ours,-,robot5,MIN_DISTANCE,OK,5.532,5.394,,0,nearest_robot=robot4
147.000,ours,-,robot6,MIN_DISTANCE,OK,10.193,5.394,,0,nearest_robot=robot5
147.000,ours,-,fleet,MIN_DISTANCE_AVG,OK,5.394,,,0,robots_sampled=6
148.000,ours,-,robot1,MIN_DISTANCE,OK,1.740,5.353,,0,nearest_robot=robot2
148.000,ours,-,robot2,MIN_DISTANCE,OK,1.740,5.353,,0,nearest_robot=robot1
148.000,ours,-,robot3,MIN_DISTANCE,OK,6.437,5.353,,0,nearest_robot=robot4
148.000,ours,-,robot4,MIN_DISTANCE,OK,5.895,5.353,,0,nearest_robot=robot5
148.000,ours,-,robot5,MIN_DISTANCE,OK,5.895,5.353,,0,nearest_robot=robot4
148.000,ours,-,robot6,MIN_DISTANCE,OK,10.410,5.353,,0,nearest_robot=robot5
148.000,ours,-,fleet,MIN_DISTANCE_AVG,OK,5.353,,,0,robots_sampled=6
149.000,ours,-,robot1,MIN_DISTANCE,OK,1.348,5.283,,0,nearest_robot=robot2
149.000,ours,-,robot2,MIN_DISTANCE,OK,1.348,5.283,,0,nearest_robot=robot1
149.000,ours,-,robot3,MIN_DISTANCE,OK,6.117,5.283,,0,nearest_robot=robot4
149.000,ours,-,robot4,MIN_DISTANCE,OK,6.117,5.283,,0,nearest_robot=robot3
149.000,ours,-,robot5,MIN_DISTANCE,OK,6.316,5.283,,0,nearest_robot=robot4
149.000,ours,-,robot6,MIN_DISTANCE,OK,10.454,5.283,,0,nearest_robot=robot5
149.000,ours,-,fleet,MIN_DISTANCE_AVG,OK,5.283,,,0,robots_sampled=6
150.000,ours,-,robot1,MIN_DISTANCE,OK,0.997,5.180,,0,nearest_robot=robot2
150.000,ours,-,robot2,MIN_DISTANCE,OK,0.997,5.180,,0,nearest_robot=robot1
150.000,ours,-,robot3,MIN_DISTANCE,OK,5.875,5.180,,0,nearest_robot=robot4
150.000,ours,-,robot4,MIN_DISTANCE,OK,5.875,5.180,,0,nearest_robot=robot3
150.000,ours,-,robot5,MIN_DISTANCE,OK,6.933,5.180,,0,nearest_robot=robot4
150.000,ours,-,robot6,MIN_DISTANCE,OK,10.405,5.180,,0,nearest_robot=robot5
150.000,ours,-,fleet,MIN_DISTANCE_AVG,OK,5.180,,,0,robots_sampled=6
150.500,ours,-,fleet,CHOMP_TIME_FULL,OK,,4.160,,0,iterations=100;iterations_executed=100;source=algorithm;round_trip=4.182758
151.000,ours,-,robot1,MIN_DISTANCE,OK,0.832,5.179,,0,nearest_robot=robot2
151.000,ours,-,robot2,MIN_DISTANCE,OK,0.832,5.179,,0,nearest_robot=robot1
151.000,ours,-,robot3,MIN_DISTANCE,OK,5.672,5.179,,0,nearest_robot=robot4
151.000,ours,-,robot4,MIN_DISTANCE,OK,5.672,5.179,,0,nearest_robot=robot3
151.000,ours,-,robot5,MIN_DISTANCE,OK,7.734,5.179,,0,nearest_robot=robot4
151.000,ours,-,robot6,MIN_DISTANCE,OK,10.335,5.179,,0,nearest_robot=robot5
151.000,ours,-,fleet,MIN_DISTANCE_AVG,OK,5.179,,,0,robots_sampled=6
152.000,ours,-,robot1,MIN_DISTANCE,OK,0.882,5.260,,0,nearest_robot=robot2
152.000,ours,-,robot2,MIN_DISTANCE,OK,0.882,5.260,,0,nearest_robot=robot1
152.000,ours,-,robot3,MIN_DISTANCE,OK,5.465,5.260,,0,nearest_robot=robot4
152.000,ours,-,robot4,MIN_DISTANCE,OK,5.465,5.260,,0,nearest_robot=robot3
152.000,ours,-,robot5,MIN_DISTANCE,OK,8.540,5.260,,0,nearest_robot=robot4
152.000,ours,-,robot6,MIN_DISTANCE,OK,10.325,5.260,,0,nearest_robot=robot5
152.000,ours,-,fleet,MIN_DISTANCE_AVG,OK,5.260,,,0,robots_sampled=6
153.000,ours,-,robot1,MIN_DISTANCE,OK,1.152,5.369,,0,nearest_robot=robot2
153.000,ours,-,robot2,MIN_DISTANCE,OK,1.152,5.369,,0,nearest_robot=robot1
153.000,ours,-,robot3,MIN_DISTANCE,OK,5.364,5.369,,0,nearest_robot=robot4
153.000,ours,-,robot4,MIN_DISTANCE,OK,5.364,5.369,,0,nearest_robot=robot3
153.000,ours,-,robot5,MIN_DISTANCE,OK,8.811,5.369,,0,nearest_robot=robot3
153.000,ours,-,robot6,MIN_DISTANCE,OK,10.370,5.369,,0,nearest_robot=robot5
153.000,ours,-,fleet,MIN_DISTANCE_AVG,OK,5.369,,,0,robots_sampled=6
154.000,ours,-,robot1,MIN_DISTANCE,OK,1.532,5.561,,0,nearest_robot=robot2
154.000,ours,-,robot2,MIN_DISTANCE,OK,1.532,5.561,,0,nearest_robot=robot1
154.000,ours,-,robot3,MIN_DISTANCE,OK,5.463,5.561,,0,nearest_robot=robot4
154.000,ours,-,robot4,MIN_DISTANCE,OK,5.463,5.561,,0,nearest_robot=robot3
154.000,ours,-,robot5,MIN_DISTANCE,OK,8.938,5.561,,0,nearest_robot=robot3
154.000,ours,-,robot6,MIN_DISTANCE,OK,10.438,5.561,,0,nearest_robot=robot5
154.000,ours,-,fleet,MIN_DISTANCE_AVG,OK,5.561,,,0,robots_sampled=6
155.000,ours,-,robot1,MIN_DISTANCE,OK,1.950,5.774,,0,nearest_robot=robot2
155.000,ours,-,robot2,MIN_DISTANCE,OK,1.950,5.774,,0,nearest_robot=robot1
155.000,ours,-,robot3,MIN_DISTANCE,OK,5.580,5.774,,0,nearest_robot=robot4
155.000,ours,-,robot4,MIN_DISTANCE,OK,5.580,5.774,,0,nearest_robot=robot3
155.000,ours,-,robot5,MIN_DISTANCE,OK,9.030,5.774,,0,nearest_robot=robot3
155.000,ours,-,robot6,MIN_DISTANCE,OK,10.552,5.774,,0,nearest_robot=robot5
155.000,ours,-,fleet,MIN_DISTANCE_AVG,OK,5.774,,,0,robots_sampled=6
155.530,ours,-,fleet,CHOMP_TIME_FULL,OK,,4.183,,0,iterations=100;iterations_executed=100;source=algorithm;round_trip=4.210717
156.000,ours,-,robot1,MIN_DISTANCE,OK,2.391,5.952,,0,nearest_robot=robot2
156.000,ours,-,robot2,MIN_DISTANCE,OK,2.391,5.952,,0,nearest_robot=robot1
156.000,ours,-,robot3,MIN_DISTANCE,OK,5.608,5.952,,0,nearest_robot=robot4
156.000,ours,-,robot4,MIN_DISTANCE,OK,5.608,5.952,,0,nearest_robot=robot3
156.000,ours,-,robot5,MIN_DISTANCE,OK,9.050,5.952,,0,nearest_robot=robot3
156.000,ours,-,robot6,MIN_DISTANCE,OK,10.662,5.952,,0,nearest_robot=robot5
156.000,ours,-,fleet,MIN_DISTANCE_AVG,OK,5.952,,,0,robots_sampled=6
157.000,ours,-,robot1,MIN_DISTANCE,OK,2.838,6.134,,0,nearest_robot=robot2
157.000,ours,-,robot2,MIN_DISTANCE,OK,2.838,6.134,,0,nearest_robot=robot1
157.000,ours,-,robot3,MIN_DISTANCE,OK,5.715,6.134,,0,nearest_robot=robot4
157.000,ours,-,robot4,MIN_DISTANCE,OK,5.715,6.134,,0,nearest_robot=robot3
157.000,ours,-,robot5,MIN_DISTANCE,OK,9.077,6.134,,0,nearest_robot=robot3
157.000,ours,-,robot6,MIN_DISTANCE,OK,10.623,6.134,,0,nearest_robot=robot5
157.000,ours,-,fleet,MIN_DISTANCE_AVG,OK,6.134,,,0,robots_sampled=6
158.000,ours,-,robot1,MIN_DISTANCE,OK,3.283,6.322,,0,nearest_robot=robot2
158.000,ours,-,robot2,MIN_DISTANCE,OK,3.283,6.322,,0,nearest_robot=robot1
158.000,ours,-,robot3,MIN_DISTANCE,OK,5.756,6.322,,0,nearest_robot=robot4
158.000,ours,-,robot4,MIN_DISTANCE,OK,5.756,6.322,,0,nearest_robot=robot3
158.000,ours,-,robot5,MIN_DISTANCE,OK,9.228,6.322,,0,nearest_robot=robot3
158.000,ours,-,robot6,MIN_DISTANCE,OK,10.624,6.322,,0,nearest_robot=robot5
158.000,ours,-,fleet,MIN_DISTANCE_AVG,OK,6.322,,,0,robots_sampled=6
159.000,ours,-,robot1,MIN_DISTANCE,OK,3.690,6.418,,0,nearest_robot=robot2
159.000,ours,-,robot2,MIN_DISTANCE,OK,3.690,6.418,,0,nearest_robot=robot1
159.000,ours,-,robot3,MIN_DISTANCE,OK,5.612,6.418,,0,nearest_robot=robot4
159.000,ours,-,robot4,MIN_DISTANCE,OK,5.612,6.418,,0,nearest_robot=robot3
159.000,ours,-,robot5,MIN_DISTANCE,OK,9.384,6.418,,0,nearest_robot=robot3
159.000,ours,-,robot6,MIN_DISTANCE,OK,10.520,6.418,,0,nearest_robot=robot5
159.000,ours,-,fleet,MIN_DISTANCE_AVG,OK,6.418,,,0,robots_sampled=6
160.000,ours,-,robot1,MIN_DISTANCE,OK,4.127,6.473,,0,nearest_robot=robot2
160.000,ours,-,robot2,MIN_DISTANCE,OK,4.127,6.473,,0,nearest_robot=robot1
160.000,ours,-,robot3,MIN_DISTANCE,OK,5.268,6.473,,0,nearest_robot=robot4
160.000,ours,-,robot4,MIN_DISTANCE,OK,5.268,6.473,,0,nearest_robot=robot3
160.000,ours,-,robot5,MIN_DISTANCE,OK,9.741,6.473,,0,nearest_robot=robot3
160.000,ours,-,robot6,MIN_DISTANCE,OK,10.309,6.473,,0,nearest_robot=robot5
160.000,ours,-,fleet,MIN_DISTANCE_AVG,OK,6.473,,,0,robots_sampled=6
160.480,ours,-,fleet,CHOMP_TIME_FULL,OK,,4.142,,0,iterations=100;iterations_executed=100;source=algorithm;round_trip=4.163597
161.000,ours,-,robot1,MIN_DISTANCE,OK,4.554,6.503,,0,nearest_robot=robot2
161.000,ours,-,robot2,MIN_DISTANCE,OK,4.554,6.503,,0,nearest_robot=robot1
161.000,ours,-,robot3,MIN_DISTANCE,OK,4.837,6.503,,0,nearest_robot=robot4
161.000,ours,-,robot4,MIN_DISTANCE,OK,4.837,6.503,,0,nearest_robot=robot3
161.000,ours,-,robot5,MIN_DISTANCE,OK,10.119,6.503,,0,nearest_robot=robot6
161.000,ours,-,robot6,MIN_DISTANCE,OK,10.119,6.503,,0,nearest_robot=robot5
161.000,ours,-,fleet,MIN_DISTANCE_AVG,OK,6.503,,,0,robots_sampled=6
162.000,ours,-,robot1,MIN_DISTANCE,OK,4.863,6.403,,0,nearest_robot=robot2
162.000,ours,-,robot2,MIN_DISTANCE,OK,4.863,6.403,,0,nearest_robot=robot1
162.000,ours,-,robot3,MIN_DISTANCE,OK,4.352,6.403,,0,nearest_robot=robot4
162.000,ours,-,robot4,MIN_DISTANCE,OK,4.352,6.403,,0,nearest_robot=robot3
162.000,ours,-,robot5,MIN_DISTANCE,OK,9.995,6.403,,0,nearest_robot=robot6
162.000,ours,-,robot6,MIN_DISTANCE,OK,9.995,6.403,,0,nearest_robot=robot5
162.000,ours,-,fleet,MIN_DISTANCE_AVG,OK,6.403,,,0,robots_sampled=6
163.000,ours,-,robot1,MIN_DISTANCE,OK,4.844,6.167,,0,nearest_robot=robot2
163.000,ours,-,robot2,MIN_DISTANCE,OK,4.844,6.167,,0,nearest_robot=robot1
163.000,ours,-,robot3,MIN_DISTANCE,OK,3.715,6.167,,0,nearest_robot=robot4
163.000,ours,-,robot4,MIN_DISTANCE,OK,3.715,6.167,,0,nearest_robot=robot3
163.000,ours,-,robot5,MIN_DISTANCE,OK,9.943,6.167,,0,nearest_robot=robot6
163.000,ours,-,robot6,MIN_DISTANCE,OK,9.943,6.167,,0,nearest_robot=robot5
163.000,ours,-,fleet,MIN_DISTANCE_AVG,OK,6.167,,,0,robots_sampled=6
164.000,ours,-,robot1,MIN_DISTANCE,OK,4.844,5.962,,0,nearest_robot=robot2
164.000,ours,-,robot2,MIN_DISTANCE,OK,4.844,5.962,,0,nearest_robot=robot1
164.000,ours,-,robot3,MIN_DISTANCE,OK,3.067,5.962,,0,nearest_robot=robot4
164.000,ours,-,robot4,MIN_DISTANCE,OK,3.067,5.962,,0,nearest_robot=robot3
164.000,ours,-,robot5,MIN_DISTANCE,OK,9.975,5.962,,0,nearest_robot=robot6
164.000,ours,-,robot6,MIN_DISTANCE,OK,9.975,5.962,,0,nearest_robot=robot5
164.000,ours,-,fleet,MIN_DISTANCE_AVG,OK,5.962,,,0,robots_sampled=6
164.920,ours,-,fleet,CHOMP_TIME_FULL,OK,,4.076,,0,iterations=100;iterations_executed=100;source=algorithm;round_trip=4.098996
165.000,ours,-,robot1,MIN_DISTANCE,OK,4.844,5.771,,0,nearest_robot=robot2
165.000,ours,-,robot2,MIN_DISTANCE,OK,4.844,5.771,,0,nearest_robot=robot1
165.000,ours,-,robot3,MIN_DISTANCE,OK,2.465,5.771,,0,nearest_robot=robot4
165.000,ours,-,robot4,MIN_DISTANCE,OK,2.465,5.771,,0,nearest_robot=robot3
165.000,ours,-,robot5,MIN_DISTANCE,OK,10.004,5.771,,0,nearest_robot=robot6
165.000,ours,-,robot6,MIN_DISTANCE,OK,10.004,5.771,,0,nearest_robot=robot5
165.000,ours,-,fleet,MIN_DISTANCE_AVG,OK,5.771,,,0,robots_sampled=6
166.000,ours,-,robot1,MIN_DISTANCE,OK,4.844,5.721,,0,nearest_robot=robot2
166.000,ours,-,robot2,MIN_DISTANCE,OK,4.844,5.721,,0,nearest_robot=robot1
166.000,ours,-,robot3,MIN_DISTANCE,OK,2.135,5.721,,0,nearest_robot=robot4
166.000,ours,-,robot4,MIN_DISTANCE,OK,2.135,5.721,,0,nearest_robot=robot3
166.000,ours,-,robot5,MIN_DISTANCE,OK,10.184,5.721,,0,nearest_robot=robot6
166.000,ours,-,robot6,MIN_DISTANCE,OK,10.184,5.721,,0,nearest_robot=robot5
166.000,ours,-,fleet,MIN_DISTANCE_AVG,OK,5.721,,,0,robots_sampled=6
167.000,ours,-,robot1,MIN_DISTANCE,OK,4.844,5.773,,0,nearest_robot=robot2
167.000,ours,-,robot2,MIN_DISTANCE,OK,4.844,5.773,,0,nearest_robot=robot1
167.000,ours,-,robot3,MIN_DISTANCE,OK,2.115,5.773,,0,nearest_robot=robot4
167.000,ours,-,robot4,MIN_DISTANCE,OK,2.115,5.773,,0,nearest_robot=robot3
167.000,ours,-,robot5,MIN_DISTANCE,OK,10.358,5.773,,0,nearest_robot=robot6
167.000,ours,-,robot6,MIN_DISTANCE,OK,10.358,5.773,,0,nearest_robot=robot5
167.000,ours,-,fleet,MIN_DISTANCE_AVG,OK,5.773,,,0,robots_sampled=6
168.000,ours,-,robot1,MIN_DISTANCE,OK,4.845,5.922,,0,nearest_robot=robot2
168.000,ours,-,robot2,MIN_DISTANCE,OK,4.845,5.922,,0,nearest_robot=robot1
168.000,ours,-,robot3,MIN_DISTANCE,OK,2.411,5.922,,0,nearest_robot=robot4
168.000,ours,-,robot4,MIN_DISTANCE,OK,2.411,5.922,,0,nearest_robot=robot3
168.000,ours,-,robot5,MIN_DISTANCE,OK,10.509,5.922,,0,nearest_robot=robot6
168.000,ours,-,robot6,MIN_DISTANCE,OK,10.509,5.922,,0,nearest_robot=robot5
168.000,ours,-,fleet,MIN_DISTANCE_AVG,OK,5.922,,,0,robots_sampled=6
169.000,ours,-,robot1,MIN_DISTANCE,OK,4.845,6.144,,0,nearest_robot=robot2
169.000,ours,-,robot2,MIN_DISTANCE,OK,4.845,6.144,,0,nearest_robot=robot1
169.000,ours,-,robot3,MIN_DISTANCE,OK,2.863,6.144,,0,nearest_robot=robot4
169.000,ours,-,robot4,MIN_DISTANCE,OK,2.863,6.144,,0,nearest_robot=robot3
169.000,ours,-,robot5,MIN_DISTANCE,OK,10.723,6.144,,0,nearest_robot=robot6
169.000,ours,-,robot6,MIN_DISTANCE,OK,10.723,6.144,,0,nearest_robot=robot5
169.000,ours,-,fleet,MIN_DISTANCE_AVG,OK,6.144,,,0,robots_sampled=6
169.910,ours,-,fleet,CHOMP_TIME_FULL,OK,,4.032,,0,iterations=100;iterations_executed=100;source=algorithm;round_trip=4.054600
170.000,ours,-,robot1,MIN_DISTANCE,OK,4.845,6.405,,0,nearest_robot=robot2
170.000,ours,-,robot2,MIN_DISTANCE,OK,4.845,6.405,,0,nearest_robot=robot1
170.000,ours,-,robot3,MIN_DISTANCE,OK,3.335,6.405,,0,nearest_robot=robot4
170.000,ours,-,robot4,MIN_DISTANCE,OK,3.335,6.405,,0,nearest_robot=robot3
170.000,ours,-,robot5,MIN_DISTANCE,OK,11.035,6.405,,0,nearest_robot=robot6
170.000,ours,-,robot6,MIN_DISTANCE,OK,11.035,6.405,,0,nearest_robot=robot5
170.000,ours,-,fleet,MIN_DISTANCE_AVG,OK,6.405,,,0,robots_sampled=6
171.000,ours,-,robot1,MIN_DISTANCE,OK,4.845,6.674,,0,nearest_robot=robot2
171.000,ours,-,robot2,MIN_DISTANCE,OK,4.845,6.674,,0,nearest_robot=robot1
171.000,ours,-,robot3,MIN_DISTANCE,OK,3.820,6.674,,0,nearest_robot=robot4
171.000,ours,-,robot4,MIN_DISTANCE,OK,3.820,6.674,,0,nearest_robot=robot3
171.000,ours,-,robot5,MIN_DISTANCE,OK,11.356,6.674,,0,nearest_robot=robot6
171.000,ours,-,robot6,MIN_DISTANCE,OK,11.356,6.674,,0,nearest_robot=robot5
171.000,ours,-,fleet,MIN_DISTANCE_AVG,OK,6.674,,,0,robots_sampled=6
172.000,ours,-,robot1,MIN_DISTANCE,OK,4.845,6.975,,0,nearest_robot=robot2
172.000,ours,-,robot2,MIN_DISTANCE,OK,4.845,6.975,,0,nearest_robot=robot1
172.000,ours,-,robot3,MIN_DISTANCE,OK,4.356,6.975,,0,nearest_robot=robot4
172.000,ours,-,robot4,MIN_DISTANCE,OK,4.356,6.975,,0,nearest_robot=robot3
172.000,ours,-,robot5,MIN_DISTANCE,OK,11.725,6.975,,0,nearest_robot=robot6
172.000,ours,-,robot6,MIN_DISTANCE,OK,11.725,6.975,,0,nearest_robot=robot5
172.000,ours,-,fleet,MIN_DISTANCE_AVG,OK,6.975,,,0,robots_sampled=6
173.000,ours,-,robot1,MIN_DISTANCE,OK,4.845,7.264,,0,nearest_robot=robot2
173.000,ours,-,robot2,MIN_DISTANCE,OK,4.845,7.264,,0,nearest_robot=robot1
173.000,ours,-,robot3,MIN_DISTANCE,OK,4.865,7.264,,0,nearest_robot=robot4
173.000,ours,-,robot4,MIN_DISTANCE,OK,4.865,7.264,,0,nearest_robot=robot3
173.000,ours,-,robot5,MIN_DISTANCE,OK,12.141,7.264,,0,nearest_robot=robot6
173.000,ours,-,robot6,MIN_DISTANCE,OK,12.020,7.264,,0,nearest_robot=robot4
173.000,ours,-,fleet,MIN_DISTANCE_AVG,OK,7.264,,,0,robots_sampled=6
174.000,ours,-,robot1,MIN_DISTANCE,OK,4.846,7.448,,0,nearest_robot=robot2
174.000,ours,-,robot2,MIN_DISTANCE,OK,4.846,7.448,,0,nearest_robot=robot1
174.000,ours,-,robot3,MIN_DISTANCE,OK,5.378,7.448,,0,nearest_robot=robot4
174.000,ours,-,robot4,MIN_DISTANCE,OK,5.378,7.448,,0,nearest_robot=robot3
174.000,ours,-,robot5,MIN_DISTANCE,OK,12.596,7.448,,0,nearest_robot=robot6
174.000,ours,-,robot6,MIN_DISTANCE,OK,11.643,7.448,,0,nearest_robot=robot4
174.000,ours,-,fleet,MIN_DISTANCE_AVG,OK,7.448,,,0,robots_sampled=6
174.410,ours,-,fleet,CHOMP_TIME_FULL,OK,,4.058,,0,iterations=100;iterations_executed=100;source=algorithm;round_trip=4.082332
175.000,ours,-,robot1,MIN_DISTANCE,OK,4.815,7.648,,0,nearest_robot=robot2
175.000,ours,-,robot2,MIN_DISTANCE,OK,4.815,7.648,,0,nearest_robot=robot1
175.000,ours,-,robot3,MIN_DISTANCE,OK,5.866,7.648,,0,nearest_robot=robot4
175.000,ours,-,robot4,MIN_DISTANCE,OK,5.866,7.648,,0,nearest_robot=robot3
175.000,ours,-,robot5,MIN_DISTANCE,OK,13.218,7.648,,0,nearest_robot=robot6
175.000,ours,-,robot6,MIN_DISTANCE,OK,11.306,7.648,,0,nearest_robot=robot4
175.000,ours,-,fleet,MIN_DISTANCE_AVG,OK,7.648,,,0,robots_sampled=6
176.000,ours,-,robot1,MIN_DISTANCE,OK,4.731,7.789,,0,nearest_robot=robot2
176.000,ours,-,robot2,MIN_DISTANCE,OK,4.731,7.789,,0,nearest_robot=robot1
176.000,ours,-,robot3,MIN_DISTANCE,OK,6.272,7.789,,0,nearest_robot=robot4
176.000,ours,-,robot4,MIN_DISTANCE,OK,6.272,7.789,,0,nearest_robot=robot3
176.000,ours,-,robot5,MIN_DISTANCE,OK,13.653,7.789,,0,nearest_robot=robot4
176.000,ours,-,robot6,MIN_DISTANCE,OK,11.072,7.789,,0,nearest_robot=robot4
176.000,ours,-,fleet,MIN_DISTANCE_AVG,OK,7.789,,,0,robots_sampled=6
177.000,ours,-,robot1,MIN_DISTANCE,OK,4.792,7.922,,0,nearest_robot=robot2
177.000,ours,-,robot2,MIN_DISTANCE,OK,4.792,7.922,,0,nearest_robot=robot1
177.000,ours,-,robot3,MIN_DISTANCE,OK,6.684,7.922,,0,nearest_robot=robot4
177.000,ours,-,robot4,MIN_DISTANCE,OK,6.684,7.922,,0,nearest_robot=robot3
177.000,ours,-,robot5,MIN_DISTANCE,OK,13.682,7.922,,0,nearest_robot=robot4
177.000,ours,-,robot6,MIN_DISTANCE,OK,10.897,7.922,,0,nearest_robot=robot4
177.000,ours,-,fleet,MIN_DISTANCE_AVG,OK,7.922,,,0,robots_sampled=6
178.000,ours,-,robot1,MIN_DISTANCE,OK,4.906,8.075,,0,nearest_robot=robot2
178.000,ours,-,robot2,MIN_DISTANCE,OK,4.906,8.075,,0,nearest_robot=robot1
178.000,ours,-,robot3,MIN_DISTANCE,OK,7.101,8.075,,0,nearest_robot=robot4
178.000,ours,-,robot4,MIN_DISTANCE,OK,7.101,8.075,,0,nearest_robot=robot3
178.000,ours,-,robot5,MIN_DISTANCE,OK,13.652,8.075,,0,nearest_robot=robot4
178.000,ours,-,robot6,MIN_DISTANCE,OK,10.782,8.075,,0,nearest_robot=robot4
178.000,ours,-,fleet,MIN_DISTANCE_AVG,OK,8.075,,,0,robots_sampled=6
178.940,ours,-,fleet,CHOMP_TIME_FULL,OK,,4.095,,0,iterations=100;iterations_executed=100;source=algorithm;round_trip=4.120746
179.000,ours,-,robot1,MIN_DISTANCE,OK,4.885,8.210,,0,nearest_robot=robot2
179.000,ours,-,robot2,MIN_DISTANCE,OK,4.885,8.210,,0,nearest_robot=robot1
179.000,ours,-,robot3,MIN_DISTANCE,OK,7.515,8.210,,0,nearest_robot=robot4
179.000,ours,-,robot4,MIN_DISTANCE,OK,7.515,8.210,,0,nearest_robot=robot3
179.000,ours,-,robot5,MIN_DISTANCE,OK,13.665,8.210,,0,nearest_robot=robot4
179.000,ours,-,robot6,MIN_DISTANCE,OK,10.792,8.210,,0,nearest_robot=robot4
179.000,ours,-,fleet,MIN_DISTANCE_AVG,OK,8.210,,,0,robots_sampled=6
180.000,ours,-,robot1,MIN_DISTANCE,OK,4.795,8.334,,0,nearest_robot=robot2
180.000,ours,-,robot2,MIN_DISTANCE,OK,4.795,8.334,,0,nearest_robot=robot1
180.000,ours,-,robot3,MIN_DISTANCE,OK,7.929,8.334,,0,nearest_robot=robot4
180.000,ours,-,robot4,MIN_DISTANCE,OK,7.929,8.334,,0,nearest_robot=robot3
180.000,ours,-,robot5,MIN_DISTANCE,OK,13.701,8.334,,0,nearest_robot=robot4
180.000,ours,-,robot6,MIN_DISTANCE,OK,10.852,8.334,,0,nearest_robot=robot4
180.000,ours,-,fleet,MIN_DISTANCE_AVG,OK,8.334,,,0,robots_sampled=6
181.000,ours,-,robot1,MIN_DISTANCE,OK,4.665,8.445,,0,nearest_robot=robot2
181.000,ours,-,robot2,MIN_DISTANCE,OK,4.665,8.445,,0,nearest_robot=robot1
181.000,ours,-,robot3,MIN_DISTANCE,OK,8.340,8.445,,0,nearest_robot=robot4
181.000,ours,-,robot4,MIN_DISTANCE,OK,8.340,8.445,,0,nearest_robot=robot3
181.000,ours,-,robot5,MIN_DISTANCE,OK,13.737,8.445,,0,nearest_robot=robot4
181.000,ours,-,robot6,MIN_DISTANCE,OK,10.924,8.445,,0,nearest_robot=robot4
181.000,ours,-,fleet,MIN_DISTANCE_AVG,OK,8.445,,,0,robots_sampled=6
182.000,ours,-,robot1,MIN_DISTANCE,OK,4.553,8.548,,0,nearest_robot=robot2
182.000,ours,-,robot2,MIN_DISTANCE,OK,4.553,8.548,,0,nearest_robot=robot1
182.000,ours,-,robot3,MIN_DISTANCE,OK,8.739,8.548,,0,nearest_robot=robot4
182.000,ours,-,robot4,MIN_DISTANCE,OK,8.739,8.548,,0,nearest_robot=robot3
182.000,ours,-,robot5,MIN_DISTANCE,OK,13.767,8.548,,0,nearest_robot=robot4
182.000,ours,-,robot6,MIN_DISTANCE,OK,10.937,8.548,,0,nearest_robot=robot4
182.000,ours,-,fleet,MIN_DISTANCE_AVG,OK,8.548,,,0,robots_sampled=6
183.000,ours,-,robot1,MIN_DISTANCE,OK,4.438,8.652,,0,nearest_robot=robot2
183.000,ours,-,robot2,MIN_DISTANCE,OK,4.438,8.652,,0,nearest_robot=robot1
183.000,ours,-,robot3,MIN_DISTANCE,OK,9.203,8.652,,0,nearest_robot=robot4
183.000,ours,-,robot4,MIN_DISTANCE,OK,9.203,8.652,,0,nearest_robot=robot3
183.000,ours,-,robot5,MIN_DISTANCE,OK,13.720,8.652,,0,nearest_robot=robot4
183.000,ours,-,robot6,MIN_DISTANCE,OK,10.909,8.652,,0,nearest_robot=robot4
183.000,ours,-,fleet,MIN_DISTANCE_AVG,OK,8.652,,,0,robots_sampled=6
184.000,ours,-,robot1,MIN_DISTANCE,OK,4.373,8.792,,0,nearest_robot=robot2
184.000,ours,-,robot2,MIN_DISTANCE,OK,4.373,8.792,,0,nearest_robot=robot1
184.000,ours,-,robot3,MIN_DISTANCE,OK,9.659,8.792,,0,nearest_robot=robot4
184.000,ours,-,robot4,MIN_DISTANCE,OK,9.659,8.792,,0,nearest_robot=robot3
184.000,ours,-,robot5,MIN_DISTANCE,OK,13.645,8.792,,0,nearest_robot=robot4
184.000,ours,-,robot6,MIN_DISTANCE,OK,11.040,8.792,,0,nearest_robot=robot4
184.000,ours,-,fleet,MIN_DISTANCE_AVG,OK,8.792,,,0,robots_sampled=6
184.030,ours,-,fleet,CHOMP_TIME_FULL,OK,,4.165,,0,iterations=100;iterations_executed=100;source=algorithm;round_trip=4.190327
185.000,ours,-,robot1,MIN_DISTANCE,OK,4.473,8.893,,0,nearest_robot=robot2
185.000,ours,-,robot2,MIN_DISTANCE,OK,4.473,8.893,,0,nearest_robot=robot1
185.000,ours,-,robot3,MIN_DISTANCE,OK,9.746,8.893,,0,nearest_robot=robot4
185.000,ours,-,robot4,MIN_DISTANCE,OK,9.746,8.893,,0,nearest_robot=robot3
185.000,ours,-,robot5,MIN_DISTANCE,OK,13.892,8.893,,0,nearest_robot=robot4
185.000,ours,-,robot6,MIN_DISTANCE,OK,11.026,8.893,,0,nearest_robot=robot4
185.000,ours,-,fleet,MIN_DISTANCE_AVG,OK,8.893,,,0,robots_sampled=6
186.000,ours,-,robot1,MIN_DISTANCE,OK,4.638,8.998,,0,nearest_robot=robot2
186.000,ours,-,robot2,MIN_DISTANCE,OK,4.638,8.998,,0,nearest_robot=robot1
186.000,ours,-,robot3,MIN_DISTANCE,OK,9.768,8.998,,0,nearest_robot=robot4
186.000,ours,-,robot4,MIN_DISTANCE,OK,9.768,8.998,,0,nearest_robot=robot3
186.000,ours,-,robot5,MIN_DISTANCE,OK,14.145,8.998,,0,nearest_robot=robot4
186.000,ours,-,robot6,MIN_DISTANCE,OK,11.031,8.998,,0,nearest_robot=robot4
186.000,ours,-,fleet,MIN_DISTANCE_AVG,OK,8.998,,,0,robots_sampled=6
187.000,ours,-,robot1,MIN_DISTANCE,OK,4.813,9.111,,0,nearest_robot=robot2
187.000,ours,-,robot2,MIN_DISTANCE,OK,4.813,9.111,,0,nearest_robot=robot1
187.000,ours,-,robot3,MIN_DISTANCE,OK,9.796,9.111,,0,nearest_robot=robot4
187.000,ours,-,robot4,MIN_DISTANCE,OK,9.796,9.111,,0,nearest_robot=robot3
187.000,ours,-,robot5,MIN_DISTANCE,OK,14.419,9.111,,0,nearest_robot=robot4
187.000,ours,-,robot6,MIN_DISTANCE,OK,11.031,9.111,,0,nearest_robot=robot4
187.000,ours,-,fleet,MIN_DISTANCE_AVG,OK,9.111,,,0,robots_sampled=6
188.000,ours,-,robot1,MIN_DISTANCE,OK,4.992,9.228,,0,nearest_robot=robot2
188.000,ours,-,robot2,MIN_DISTANCE,OK,4.992,9.228,,0,nearest_robot=robot1
188.000,ours,-,robot3,MIN_DISTANCE,OK,9.832,9.228,,0,nearest_robot=robot4
188.000,ours,-,robot4,MIN_DISTANCE,OK,9.832,9.228,,0,nearest_robot=robot3
188.000,ours,-,robot5,MIN_DISTANCE,OK,14.689,9.228,,0,nearest_robot=robot4
188.000,ours,-,robot6,MIN_DISTANCE,OK,11.031,9.228,,0,nearest_robot=robot4
188.000,ours,-,fleet,MIN_DISTANCE_AVG,OK,9.228,,,0,robots_sampled=6
189.000,ours,-,robot1,MIN_DISTANCE,OK,5.207,9.359,,0,nearest_robot=robot2
189.000,ours,-,robot2,MIN_DISTANCE,OK,5.207,9.359,,0,nearest_robot=robot1
189.000,ours,-,robot3,MIN_DISTANCE,OK,9.869,9.359,,0,nearest_robot=robot4
189.000,ours,-,robot4,MIN_DISTANCE,OK,9.869,9.359,,0,nearest_robot=robot3
189.000,ours,-,robot5,MIN_DISTANCE,OK,14.971,9.359,,0,nearest_robot=robot4
189.000,ours,-,robot6,MIN_DISTANCE,OK,11.031,9.359,,0,nearest_robot=robot4
189.000,ours,-,fleet,MIN_DISTANCE_AVG,OK,9.359,,,0,robots_sampled=6
189.560,ours,-,fleet,CHOMP_TIME_FULL,OK,,4.179,,0,iterations=100;iterations_executed=100;source=algorithm;round_trip=4.202541
190.000,ours,-,robot1,MIN_DISTANCE,OK,5.507,9.526,,0,nearest_robot=robot2
190.000,ours,-,robot2,MIN_DISTANCE,OK,5.507,9.526,,0,nearest_robot=robot1
190.000,ours,-,robot3,MIN_DISTANCE,OK,9.853,9.526,,0,nearest_robot=robot4
190.000,ours,-,robot4,MIN_DISTANCE,OK,9.853,9.526,,0,nearest_robot=robot3
190.000,ours,-,robot5,MIN_DISTANCE,OK,15.381,9.526,,0,nearest_robot=robot4
190.000,ours,-,robot6,MIN_DISTANCE,OK,11.055,9.526,,0,nearest_robot=robot4
190.000,ours,-,fleet,MIN_DISTANCE_AVG,OK,9.526,,,0,robots_sampled=6
191.000,ours,-,robot1,MIN_DISTANCE,OK,5.878,9.480,,0,nearest_robot=robot2
191.000,ours,-,robot2,MIN_DISTANCE,OK,5.878,9.480,,0,nearest_robot=robot1
191.000,ours,-,robot3,MIN_DISTANCE,OK,9.576,9.480,,0,nearest_robot=robot4
191.000,ours,-,robot4,MIN_DISTANCE,OK,9.576,9.480,,0,nearest_robot=robot3
191.000,ours,-,robot5,MIN_DISTANCE,OK,14.760,9.480,,0,nearest_robot=robot2
191.000,ours,-,robot6,MIN_DISTANCE,OK,11.214,9.480,,0,nearest_robot=robot4
191.000,ours,-,fleet,MIN_DISTANCE_AVG,OK,9.480,,,0,robots_sampled=6
192.000,ours,-,robot1,MIN_DISTANCE,OK,6.277,9.339,,0,nearest_robot=robot2
192.000,ours,-,robot2,MIN_DISTANCE,OK,6.277,9.339,,0,nearest_robot=robot1
192.000,ours,-,robot3,MIN_DISTANCE,OK,9.123,9.339,,0,nearest_robot=robot4
192.000,ours,-,robot4,MIN_DISTANCE,OK,9.123,9.339,,0,nearest_robot=robot3
192.000,ours,-,robot5,MIN_DISTANCE,OK,13.864,9.339,,0,nearest_robot=robot2
192.000,ours,-,robot6,MIN_DISTANCE,OK,11.371,9.339,,0,nearest_robot=robot4
192.000,ours,-,fleet,MIN_DISTANCE_AVG,OK,9.339,,,0,robots_sampled=6
193.000,ours,-,robot1,MIN_DISTANCE,OK,6.649,9.092,,0,nearest_robot=robot2
193.000,ours,-,robot2,MIN_DISTANCE,OK,6.649,9.092,,0,nearest_robot=robot1
193.000,ours,-,robot3,MIN_DISTANCE,OK,8.440,9.092,,0,nearest_robot=robot4
193.000,ours,-,robot4,MIN_DISTANCE,OK,8.440,9.092,,0,nearest_robot=robot3
193.000,ours,-,robot5,MIN_DISTANCE,OK,13.044,9.092,,0,nearest_robot=robot2
193.000,ours,-,robot6,MIN_DISTANCE,OK,11.329,9.092,,0,nearest_robot=robot4
193.000,ours,-,fleet,MIN_DISTANCE_AVG,OK,9.092,,,0,robots_sampled=6
194.000,ours,-,robot1,MIN_DISTANCE,OK,7.022,8.854,,0,nearest_robot=robot2
194.000,ours,-,robot2,MIN_DISTANCE,OK,7.022,8.854,,0,nearest_robot=robot1
194.000,ours,-,robot3,MIN_DISTANCE,OK,7.744,8.854,,0,nearest_robot=robot4
194.000,ours,-,robot4,MIN_DISTANCE,OK,7.744,8.854,,0,nearest_robot=robot3
194.000,ours,-,robot5,MIN_DISTANCE,OK,12.224,8.854,,0,nearest_robot=robot2
194.000,ours,-,robot6,MIN_DISTANCE,OK,11.369,8.854,,0,nearest_robot=robot4
194.000,ours,-,fleet,MIN_DISTANCE_AVG,OK,8.854,,,0,robots_sampled=6
194.600,ours,-,fleet,CHOMP_TIME_FULL,OK,,4.269,,0,iterations=100;iterations_executed=100;source=algorithm;round_trip=4.294249
195.000,ours,-,robot1,MIN_DISTANCE,OK,7.422,8.616,,0,nearest_robot=robot2
195.000,ours,-,robot2,MIN_DISTANCE,OK,7.422,8.616,,0,nearest_robot=robot1
195.000,ours,-,robot3,MIN_DISTANCE,OK,7.124,8.616,,0,nearest_robot=robot4
195.000,ours,-,robot4,MIN_DISTANCE,OK,7.124,8.616,,0,nearest_robot=robot3
195.000,ours,-,robot5,MIN_DISTANCE,OK,11.412,8.616,,0,nearest_robot=robot2
195.000,ours,-,robot6,MIN_DISTANCE,OK,11.192,8.616,,0,nearest_robot=robot4
195.000,ours,-,fleet,MIN_DISTANCE_AVG,OK,8.616,,,0,robots_sampled=6
196.000,ours,-,robot1,MIN_DISTANCE,OK,7.782,8.395,,0,nearest_robot=robot2
196.000,ours,-,robot2,MIN_DISTANCE,OK,7.782,8.395,,0,nearest_robot=robot1
196.000,ours,-,robot3,MIN_DISTANCE,OK,6.469,8.395,,0,nearest_robot=robot4
196.000,ours,-,robot4,MIN_DISTANCE,OK,6.469,8.395,,0,nearest_robot=robot3
196.000,ours,-,robot5,MIN_DISTANCE,OK,10.635,8.395,,0,nearest_robot=robot2
196.000,ours,-,robot6,MIN_DISTANCE,OK,11.235,8.395,,0,nearest_robot=robot4
196.000,ours,-,fleet,MIN_DISTANCE_AVG,OK,8.395,,,0,robots_sampled=6
197.000,ours,-,robot1,MIN_DISTANCE,OK,8.112,8.214,,0,nearest_robot=robot2
197.000,ours,-,robot2,MIN_DISTANCE,OK,8.112,8.214,,0,nearest_robot=robot1
197.000,ours,-,robot3,MIN_DISTANCE,OK,5.833,8.214,,0,nearest_robot=robot4
197.000,ours,-,robot4,MIN_DISTANCE,OK,5.833,8.214,,0,nearest_robot=robot3
197.000,ours,-,robot5,MIN_DISTANCE,OK,9.860,8.214,,0,nearest_robot=robot2
197.000,ours,-,robot6,MIN_DISTANCE,OK,11.532,8.214,,0,nearest_robot=robot4
197.000,ours,-,fleet,MIN_DISTANCE_AVG,OK,8.214,,,0,robots_sampled=6
198.000,ours,-,robot1,MIN_DISTANCE,OK,8.457,8.094,,0,nearest_robot=robot2
198.000,ours,-,robot2,MIN_DISTANCE,OK,8.457,8.094,,0,nearest_robot=robot1
198.000,ours,-,robot3,MIN_DISTANCE,OK,5.277,8.094,,0,nearest_robot=robot4
198.000,ours,-,robot4,MIN_DISTANCE,OK,5.277,8.094,,0,nearest_robot=robot3
198.000,ours,-,robot5,MIN_DISTANCE,OK,9.051,8.094,,0,nearest_robot=robot2
198.000,ours,-,robot6,MIN_DISTANCE,OK,12.042,8.094,,0,nearest_robot=robot4
198.000,ours,-,fleet,MIN_DISTANCE_AVG,OK,8.094,,,0,robots_sampled=6
199.000,ours,-,robot1,MIN_DISTANCE,OK,8.730,7.904,,0,nearest_robot=robot2
199.000,ours,-,robot2,MIN_DISTANCE,OK,8.239,7.904,,0,nearest_robot=robot5
199.000,ours,-,robot3,MIN_DISTANCE,OK,4.855,7.904,,0,nearest_robot=robot4
199.000,ours,-,robot4,MIN_DISTANCE,OK,4.855,7.904,,0,nearest_robot=robot3
199.000,ours,-,robot5,MIN_DISTANCE,OK,8.239,7.904,,0,nearest_robot=robot2
199.000,ours,-,robot6,MIN_DISTANCE,OK,12.506,7.904,,0,nearest_robot=robot4
199.000,ours,-,fleet,MIN_DISTANCE_AVG,OK,7.904,,,0,robots_sampled=6
199.640,ours,-,fleet,CHOMP_TIME_FULL,OK,,4.311,,0,iterations=100;iterations_executed=100;source=algorithm;round_trip=4.335575
200.000,ours,-,robot1,MIN_DISTANCE,OK,8.980,7.645,,0,nearest_robot=robot2
200.000,ours,-,robot2,MIN_DISTANCE,OK,7.440,7.645,,0,nearest_robot=robot5
200.000,ours,-,robot3,MIN_DISTANCE,OK,4.644,7.645,,0,nearest_robot=robot4
200.000,ours,-,robot4,MIN_DISTANCE,OK,4.644,7.645,,0,nearest_robot=robot3
200.000,ours,-,robot5,MIN_DISTANCE,OK,7.440,7.645,,0,nearest_robot=robot2
200.000,ours,-,robot6,MIN_DISTANCE,OK,12.722,7.645,,0,nearest_robot=robot4
200.000,ours,-,fleet,MIN_DISTANCE_AVG,OK,7.645,,,0,robots_sampled=6
201.000,ours,-,robot1,MIN_DISTANCE,OK,9.223,7.369,,0,nearest_robot=robot2
201.000,ours,-,robot2,MIN_DISTANCE,OK,6.656,7.369,,0,nearest_robot=robot5
201.000,ours,-,robot3,MIN_DISTANCE,OK,4.449,7.369,,0,nearest_robot=robot4
201.000,ours,-,robot4,MIN_DISTANCE,OK,4.449,7.369,,0,nearest_robot=robot3
201.000,ours,-,robot5,MIN_DISTANCE,OK,6.656,7.369,,0,nearest_robot=robot2
201.000,ours,-,robot6,MIN_DISTANCE,OK,12.782,7.369,,0,nearest_robot=robot4
201.000,ours,-,fleet,MIN_DISTANCE_AVG,OK,7.369,,,0,robots_sampled=6
202.000,ours,-,robot1,MIN_DISTANCE,OK,9.443,7.051,,0,nearest_robot=robot2
202.000,ours,-,robot2,MIN_DISTANCE,OK,5.818,7.051,,0,nearest_robot=robot5
202.000,ours,-,robot3,MIN_DISTANCE,OK,4.208,7.051,,0,nearest_robot=robot4
202.000,ours,-,robot4,MIN_DISTANCE,OK,4.208,7.051,,0,nearest_robot=robot3
202.000,ours,-,robot5,MIN_DISTANCE,OK,5.818,7.051,,0,nearest_robot=robot2
202.000,ours,-,robot6,MIN_DISTANCE,OK,12.814,7.051,,0,nearest_robot=robot4
202.000,ours,-,fleet,MIN_DISTANCE_AVG,OK,7.051,,,0,robots_sampled=6
203.000,ours,-,robot1,MIN_DISTANCE,OK,9.662,6.772,,0,nearest_robot=robot2
203.000,ours,-,robot2,MIN_DISTANCE,OK,4.997,6.772,,0,nearest_robot=robot5
203.000,ours,-,robot3,MIN_DISTANCE,OK,3.977,6.772,,0,nearest_robot=robot4
203.000,ours,-,robot4,MIN_DISTANCE,OK,3.977,6.772,,0,nearest_robot=robot3
203.000,ours,-,robot5,MIN_DISTANCE,OK,4.997,6.772,,0,nearest_robot=robot2
203.000,ours,-,robot6,MIN_DISTANCE,OK,13.023,6.772,,0,nearest_robot=robot4
203.000,ours,-,fleet,MIN_DISTANCE_AVG,OK,6.772,,,0,robots_sampled=6
204.000,ours,-,robot1,MIN_DISTANCE,OK,9.877,6.598,,0,nearest_robot=robot2
204.000,ours,-,robot2,MIN_DISTANCE,OK,4.231,6.598,,0,nearest_robot=robot5
204.000,ours,-,robot3,MIN_DISTANCE,OK,3.943,6.598,,0,nearest_robot=robot4
204.000,ours,-,robot4,MIN_DISTANCE,OK,3.943,6.598,,0,nearest_robot=robot3
204.000,ours,-,robot5,MIN_DISTANCE,OK,4.231,6.598,,0,nearest_robot=robot2
204.000,ours,-,robot6,MIN_DISTANCE,OK,13.363,6.598,,0,nearest_robot=robot4
204.000,ours,-,fleet,MIN_DISTANCE_AVG,OK,6.598,,,0,robots_sampled=6
204.450,ours,-,fleet,CHOMP_TIME_FULL,OK,,4.116,,0,iterations=100;iterations_executed=100;source=algorithm;round_trip=4.138805
205.000,ours,-,robot1,MIN_DISTANCE,OK,10.101,6.499,,0,nearest_robot=robot2
205.000,ours,-,robot2,MIN_DISTANCE,OK,3.466,6.499,,0,nearest_robot=robot5
205.000,ours,-,robot3,MIN_DISTANCE,OK,4.096,6.499,,0,nearest_robot=robot4
205.000,ours,-,robot4,MIN_DISTANCE,OK,4.096,6.499,,0,nearest_robot=robot3
205.000,ours,-,robot5,MIN_DISTANCE,OK,3.466,6.499,,0,nearest_robot=robot2
205.000,ours,-,robot6,MIN_DISTANCE,OK,13.767,6.499,,0,nearest_robot=robot4
205.000,ours,-,fleet,MIN_DISTANCE_AVG,OK,6.499,,,0,robots_sampled=6
206.000,ours,-,robot1,MIN_DISTANCE,OK,10.326,6.496,,0,nearest_robot=robot2
206.000,ours,-,robot2,MIN_DISTANCE,OK,2.787,6.496,,0,nearest_robot=robot5
206.000,ours,-,robot3,MIN_DISTANCE,OK,4.429,6.496,,0,nearest_robot=robot4
206.000,ours,-,robot4,MIN_DISTANCE,OK,4.429,6.496,,0,nearest_robot=robot3
206.000,ours,-,robot5,MIN_DISTANCE,OK,2.787,6.496,,0,nearest_robot=robot2
206.000,ours,-,robot6,MIN_DISTANCE,OK,14.216,6.496,,0,nearest_robot=robot4
206.000,ours,-,fleet,MIN_DISTANCE_AVG,OK,6.496,,,0,robots_sampled=6
207.000,ours,-,robot1,MIN_DISTANCE,OK,10.480,6.555,,0,nearest_robot=robot2
207.000,ours,-,robot2,MIN_DISTANCE,OK,2.209,6.555,,0,nearest_robot=robot5
207.000,ours,-,robot3,MIN_DISTANCE,OK,4.856,6.555,,0,nearest_robot=robot4
207.000,ours,-,robot4,MIN_DISTANCE,OK,4.856,6.555,,0,nearest_robot=robot3
207.000,ours,-,robot5,MIN_DISTANCE,OK,2.209,6.555,,0,nearest_robot=robot2
207.000,ours,-,robot6,MIN_DISTANCE,OK,14.721,6.555,,0,nearest_robot=robot4
207.000,ours,-,fleet,MIN_DISTANCE_AVG,OK,6.555,,,0,robots_sampled=6
208.000,ours,-,robot1,MIN_DISTANCE,OK,10.817,6.579,,0,nearest_robot=robot2
208.000,ours,-,robot2,MIN_DISTANCE,OK,1.514,6.579,,0,nearest_robot=robot5
208.000,ours,-,robot3,MIN_DISTANCE,OK,5.155,6.579,,0,nearest_robot=robot4
208.000,ours,-,robot4,MIN_DISTANCE,OK,5.155,6.579,,0,nearest_robot=robot3
208.000,ours,-,robot5,MIN_DISTANCE,OK,1.514,6.579,,0,nearest_robot=robot2
208.000,ours,-,robot6,MIN_DISTANCE,OK,15.316,6.579,,0,nearest_robot=robot4
208.000,ours,-,fleet,MIN_DISTANCE_AVG,OK,6.579,,,0,robots_sampled=6
208.880,ours,-,fleet,CHOMP_TIME_FULL,OK,,4.047,,0,iterations=100;iterations_executed=100;source=algorithm;round_trip=4.075613
209.000,ours,-,robot1,MIN_DISTANCE,OK,11.186,6.642,,0,nearest_robot=robot2
209.000,ours,-,robot2,MIN_DISTANCE,OK,0.997,6.642,,0,nearest_robot=robot5
209.000,ours,-,robot3,MIN_DISTANCE,OK,5.343,6.642,,0,nearest_robot=robot4
209.000,ours,-,robot4,MIN_DISTANCE,OK,5.343,6.642,,0,nearest_robot=robot3
209.000,ours,-,robot5,MIN_DISTANCE,OK,0.997,6.642,,0,nearest_robot=robot2
209.000,ours,-,robot6,MIN_DISTANCE,OK,15.987,6.642,,0,nearest_robot=robot4
209.000,ours,-,fleet,MIN_DISTANCE_AVG,OK,6.642,,,0,robots_sampled=6
210.000,ours,-,robot1,MIN_DISTANCE,OK,11.516,6.906,,0,nearest_robot=robot2
210.000,ours,-,robot2,MIN_DISTANCE,OK,1.067,6.906,,0,nearest_robot=robot5
210.000,ours,-,robot3,MIN_DISTANCE,OK,5.550,6.906,,0,nearest_robot=robot4
210.000,ours,-,robot4,MIN_DISTANCE,OK,5.550,6.906,,0,nearest_robot=robot3
210.000,ours,-,robot5,MIN_DISTANCE,OK,1.067,6.906,,0,nearest_robot=robot2
210.000,ours,-,robot6,MIN_DISTANCE,OK,16.686,6.906,,0,nearest_robot=robot4
210.000,ours,-,fleet,MIN_DISTANCE_AVG,OK,6.906,,,0,robots_sampled=6
211.000,ours,-,robot1,MIN_DISTANCE,OK,11.503,7.266,,0,nearest_robot=robot5
211.000,ours,-,robot2,MIN_DISTANCE,OK,1.576,7.266,,0,nearest_robot=robot5
211.000,ours,-,robot3,MIN_DISTANCE,OK,5.780,7.266,,0,nearest_robot=robot4
211.000,ours,-,robot4,MIN_DISTANCE,OK,5.780,7.266,,0,nearest_robot=robot3
211.000,ours,-,robot5,MIN_DISTANCE,OK,1.576,7.266,,0,nearest_robot=robot2
211.000,ours,-,robot6,MIN_DISTANCE,OK,17.380,7.266,,0,nearest_robot=robot4
211.000,ours,-,fleet,MIN_DISTANCE_AVG,OK,7.266,,,0,robots_sampled=6
212.000,ours,-,robot1,MIN_DISTANCE,OK,11.131,7.605,,0,nearest_robot=robot5
212.000,ours,-,robot2,MIN_DISTANCE,OK,2.219,7.605,,0,nearest_robot=robot5
212.000,ours,-,robot3,MIN_DISTANCE,OK,6.005,7.605,,0,nearest_robot=robot4
212.000,ours,-,robot4,MIN_DISTANCE,OK,6.005,7.605,,0,nearest_robot=robot3
212.000,ours,-,robot5,MIN_DISTANCE,OK,2.219,7.605,,0,nearest_robot=robot2
212.000,ours,-,robot6,MIN_DISTANCE,OK,18.052,7.605,,0,nearest_robot=robot4
212.000,ours,-,fleet,MIN_DISTANCE_AVG,OK,7.605,,,0,robots_sampled=6
213.000,ours,-,robot1,MIN_DISTANCE,OK,10.694,7.890,,0,nearest_robot=robot5
213.000,ours,-,robot2,MIN_DISTANCE,OK,2.836,7.890,,0,nearest_robot=robot5
213.000,ours,-,robot3,MIN_DISTANCE,OK,6.235,7.890,,0,nearest_robot=robot4
213.000,ours,-,robot4,MIN_DISTANCE,OK,6.235,7.890,,0,nearest_robot=robot3
213.000,ours,-,robot5,MIN_DISTANCE,OK,2.836,7.890,,0,nearest_robot=robot2
213.000,ours,-,robot6,MIN_DISTANCE,OK,18.502,7.890,,0,nearest_robot=robot4
213.000,ours,-,fleet,MIN_DISTANCE_AVG,OK,7.890,,,0,robots_sampled=6
213.470,ours,-,fleet,CHOMP_TIME_FULL,OK,,4.111,,0,iterations=100;iterations_executed=100;source=algorithm;round_trip=4.133806
214.000,ours,-,robot1,MIN_DISTANCE,OK,10.305,8.219,,0,nearest_robot=robot5
214.000,ours,-,robot2,MIN_DISTANCE,OK,3.532,8.219,,0,nearest_robot=robot5
214.000,ours,-,robot3,MIN_DISTANCE,OK,6.485,8.219,,0,nearest_robot=robot4
214.000,ours,-,robot4,MIN_DISTANCE,OK,6.485,8.219,,0,nearest_robot=robot3
214.000,ours,-,robot5,MIN_DISTANCE,OK,3.532,8.219,,0,nearest_robot=robot2
214.000,ours,-,robot6,MIN_DISTANCE,OK,18.977,8.219,,0,nearest_robot=robot4
214.000,ours,-,fleet,MIN_DISTANCE_AVG,OK,8.219,,,0,robots_sampled=6
215.000,ours,-,robot1,MIN_DISTANCE,OK,9.962,8.465,,0,nearest_robot=robot5
215.000,ours,-,robot2,MIN_DISTANCE,OK,4.275,8.465,,0,nearest_robot=robot5
215.000,ours,-,robot3,MIN_DISTANCE,OK,6.730,8.465,,0,nearest_robot=robot4
215.000,ours,-,robot4,MIN_DISTANCE,OK,6.730,8.465,,0,nearest_robot=robot3
215.000,ours,-,robot5,MIN_DISTANCE,OK,4.275,8.465,,0,nearest_robot=robot2
215.000,ours,-,robot6,MIN_DISTANCE,OK,18.819,8.465,,0,nearest_robot=robot2
215.000,ours,-,fleet,MIN_DISTANCE_AVG,OK,8.465,,,0,robots_sampled=6
216.000,ours,-,robot1,MIN_DISTANCE,OK,9.620,8.702,,0,nearest_robot=robot5
216.000,ours,-,robot2,MIN_DISTANCE,OK,5.073,8.702,,0,nearest_robot=robot5
216.000,ours,-,robot3,MIN_DISTANCE,OK,6.984,8.702,,0,nearest_robot=robot4
216.000,ours,-,robot4,MIN_DISTANCE,OK,6.984,8.702,,0,nearest_robot=robot3
216.000,ours,-,robot5,MIN_DISTANCE,OK,5.073,8.702,,0,nearest_robot=robot2
216.000,ours,-,robot6,MIN_DISTANCE,OK,18.478,8.702,,0,nearest_robot=robot2
216.000,ours,-,fleet,MIN_DISTANCE_AVG,OK,8.702,,,0,robots_sampled=6
217.000,ours,-,robot1,MIN_DISTANCE,OK,9.319,8.949,,0,nearest_robot=robot5
217.000,ours,-,robot2,MIN_DISTANCE,OK,5.881,8.949,,0,nearest_robot=robot5
217.000,ours,-,robot3,MIN_DISTANCE,OK,7.232,8.949,,0,nearest_robot=robot4
217.000,ours,-,robot4,MIN_DISTANCE,OK,7.232,8.949,,0,nearest_robot=robot3
217.000,ours,-,robot5,MIN_DISTANCE,OK,5.881,8.949,,0,nearest_robot=robot2
217.000,ours,-,robot6,MIN_DISTANCE,OK,18.151,8.949,,0,nearest_robot=robot2
217.000,ours,-,fleet,MIN_DISTANCE_AVG,OK,8.949,,,0,robots_sampled=6
217.870,ours,-,fleet,CHOMP_TIME_FULL,OK,,4.007,,0,iterations=100;iterations_executed=100;source=algorithm;round_trip=4.030995
218.000,ours,-,robot1,MIN_DISTANCE,OK,9.079,9.186,,0,nearest_robot=robot5
218.000,ours,-,robot2,MIN_DISTANCE,OK,6.619,9.186,,0,nearest_robot=robot5
218.000,ours,-,robot3,MIN_DISTANCE,OK,7.456,9.186,,0,nearest_robot=robot4
218.000,ours,-,robot4,MIN_DISTANCE,OK,7.456,9.186,,0,nearest_robot=robot3
218.000,ours,-,robot5,MIN_DISTANCE,OK,6.619,9.186,,0,nearest_robot=robot2
218.000,ours,-,robot6,MIN_DISTANCE,OK,17.888,9.186,,0,nearest_robot=robot2
218.000,ours,-,fleet,MIN_DISTANCE_AVG,OK,9.186,,,0,robots_sampled=6
219.000,ours,-,robot1,MIN_DISTANCE,OK,8.880,9.394,,0,nearest_robot=robot5
219.000,ours,-,robot2,MIN_DISTANCE,OK,7.193,9.394,,0,nearest_robot=robot5
219.000,ours,-,robot3,MIN_DISTANCE,OK,7.655,9.394,,0,nearest_robot=robot4
219.000,ours,-,robot4,MIN_DISTANCE,OK,7.655,9.394,,0,nearest_robot=robot3
219.000,ours,-,robot5,MIN_DISTANCE,OK,7.193,9.394,,0,nearest_robot=robot2
219.000,ours,-,robot6,MIN_DISTANCE,OK,17.785,9.394,,0,nearest_robot=robot2
219.000,ours,-,fleet,MIN_DISTANCE_AVG,OK,9.394,,,0,robots_sampled=6
220.000,ours,-,robot1,MIN_DISTANCE,OK,8.701,9.545,,0,nearest_robot=robot5
220.000,ours,-,robot2,MIN_DISTANCE,OK,7.608,9.545,,0,nearest_robot=robot5
220.000,ours,-,robot3,MIN_DISTANCE,OK,7.803,9.545,,0,nearest_robot=robot4
220.000,ours,-,robot4,MIN_DISTANCE,OK,7.803,9.545,,0,nearest_robot=robot3
220.000,ours,-,robot5,MIN_DISTANCE,OK,7.608,9.545,,0,nearest_robot=robot2
220.000,ours,-,robot6,MIN_DISTANCE,OK,17.748,9.545,,0,nearest_robot=robot2
220.000,ours,-,fleet,MIN_DISTANCE_AVG,OK,9.545,,,0,robots_sampled=6
221.000,ours,-,robot1,MIN_DISTANCE,OK,8.516,9.681,,0,nearest_robot=robot5
221.000,ours,-,robot2,MIN_DISTANCE,OK,7.991,9.681,,0,nearest_robot=robot5
221.000,ours,-,robot3,MIN_DISTANCE,OK,7.921,9.681,,0,nearest_robot=robot4
221.000,ours,-,robot4,MIN_DISTANCE,OK,7.921,9.681,,0,nearest_robot=robot3
221.000,ours,-,robot5,MIN_DISTANCE,OK,7.991,9.681,,0,nearest_robot=robot2
221.000,ours,-,robot6,MIN_DISTANCE,OK,17.748,9.681,,0,nearest_robot=robot2
221.000,ours,-,fleet,MIN_DISTANCE_AVG,OK,9.681,,,0,robots_sampled=6
222.000,ours,-,robot1,MIN_DISTANCE,OK,8.349,9.818,,0,nearest_robot=robot5
222.000,ours,-,robot2,MIN_DISTANCE,OK,8.335,9.818,,0,nearest_robot=robot5
222.000,ours,-,robot3,MIN_DISTANCE,OK,8.073,9.818,,0,nearest_robot=robot4
222.000,ours,-,robot4,MIN_DISTANCE,OK,8.073,9.818,,0,nearest_robot=robot3
222.000,ours,-,robot5,MIN_DISTANCE,OK,8.335,9.818,,0,nearest_robot=robot2
222.000,ours,-,robot6,MIN_DISTANCE,OK,17.743,9.818,,0,nearest_robot=robot2
222.000,ours,-,fleet,MIN_DISTANCE_AVG,OK,9.818,,,0,robots_sampled=6
222.370,ours,-,fleet,CHOMP_TIME_FULL,OK,,4.011,,0,iterations=100;iterations_executed=100;source=algorithm;round_trip=4.035565
223.000,ours,-,robot1,MIN_DISTANCE,OK,8.204,9.844,,0,nearest_robot=robot5
223.000,ours,-,robot2,MIN_DISTANCE,OK,8.659,9.844,,0,nearest_robot=robot5
223.000,ours,-,robot3,MIN_DISTANCE,OK,8.150,9.844,,0,nearest_robot=robot4
223.000,ours,-,robot4,MIN_DISTANCE,OK,8.150,9.844,,0,nearest_robot=robot3
223.000,ours,-,robot5,MIN_DISTANCE,OK,8.204,9.844,,0,nearest_robot=robot1
223.000,ours,-,robot6,MIN_DISTANCE,OK,17.697,9.844,,0,nearest_robot=robot2
223.000,ours,-,fleet,MIN_DISTANCE_AVG,OK,9.844,,,0,robots_sampled=6
224.000,ours,-,robot1,MIN_DISTANCE,OK,8.075,9.804,,0,nearest_robot=robot5
224.000,ours,-,robot2,MIN_DISTANCE,OK,8.957,9.804,,0,nearest_robot=robot5
224.000,ours,-,robot3,MIN_DISTANCE,OK,8.093,9.804,,0,nearest_robot=robot4
224.000,ours,-,robot4,MIN_DISTANCE,OK,8.093,9.804,,0,nearest_robot=robot3
224.000,ours,-,robot5,MIN_DISTANCE,OK,8.075,9.804,,0,nearest_robot=robot1
224.000,ours,-,robot6,MIN_DISTANCE,OK,17.533,9.804,,0,nearest_robot=robot2
224.000,ours,-,fleet,MIN_DISTANCE_AVG,OK,9.804,,,0,robots_sampled=6
225.000,ours,-,robot1,MIN_DISTANCE,OK,7.900,9.709,,0,nearest_robot=robot5
225.000,ours,-,robot2,MIN_DISTANCE,OK,9.291,9.709,,0,nearest_robot=robot5
225.000,ours,-,robot3,MIN_DISTANCE,OK,7.898,9.709,,0,nearest_robot=robot4
225.000,ours,-,robot4,MIN_DISTANCE,OK,7.898,9.709,,0,nearest_robot=robot3
225.000,ours,-,robot5,MIN_DISTANCE,OK,7.900,9.709,,0,nearest_robot=robot1
225.000,ours,-,robot6,MIN_DISTANCE,OK,17.366,9.709,,0,nearest_robot=robot2
225.000,ours,-,fleet,MIN_DISTANCE_AVG,OK,9.709,,,0,robots_sampled=6
226.000,ours,-,robot1,MIN_DISTANCE,OK,7.543,9.591,,0,nearest_robot=robot5
226.000,ours,-,robot2,MIN_DISTANCE,OK,9.710,9.591,,0,nearest_robot=robot5
226.000,ours,-,robot3,MIN_DISTANCE,OK,7.698,9.591,,0,nearest_robot=robot4
226.000,ours,-,robot4,MIN_DISTANCE,OK,7.698,9.591,,0,nearest_robot=robot3
226.000,ours,-,robot5,MIN_DISTANCE,OK,7.543,9.591,,0,nearest_robot=robot1
226.000,ours,-,robot6,MIN_DISTANCE,OK,17.352,9.591,,0,nearest_robot=robot2
226.000,ours,-,fleet,MIN_DISTANCE_AVG,OK,9.591,,,0,robots_sampled=6
226.950,ours,-,fleet,CHOMP_TIME_FULL,OK,,4.120,,0,iterations=100;iterations_executed=100;source=algorithm;round_trip=4.146728
227.000,ours,-,robot1,MIN_DISTANCE,OK,7.111,9.406,,0,nearest_robot=robot5
227.000,ours,-,robot2,MIN_DISTANCE,OK,10.051,9.406,,0,nearest_robot=robot5
227.000,ours,-,robot3,MIN_DISTANCE,OK,7.525,9.406,,0,nearest_robot=robot4
227.000,ours,-,robot4,MIN_DISTANCE,OK,7.525,9.406,,0,nearest_robot=robot3
227.000,ours,-,robot5,MIN_DISTANCE,OK,7.111,9.406,,0,nearest_robot=robot1
227.000,ours,-,robot6,MIN_DISTANCE,OK,17.114,9.406,,0,nearest_robot=robot4
227.000,ours,-,fleet,MIN_DISTANCE_AVG,OK,9.406,,,0,robots_sampled=6
228.000,ours,-,robot1,MIN_DISTANCE,OK,6.634,9.139,,0,nearest_robot=robot5
228.000,ours,-,robot2,MIN_DISTANCE,OK,10.396,9.139,,0,nearest_robot=robot5
228.000,ours,-,robot3,MIN_DISTANCE,OK,7.353,9.139,,0,nearest_robot=robot4
228.000,ours,-,robot4,MIN_DISTANCE,OK,7.353,9.139,,0,nearest_robot=robot3
228.000,ours,-,robot5,MIN_DISTANCE,OK,6.634,9.139,,0,nearest_robot=robot1
228.000,ours,-,robot6,MIN_DISTANCE,OK,16.466,9.139,,0,nearest_robot=robot4
228.000,ours,-,fleet,MIN_DISTANCE_AVG,OK,9.139,,,0,robots_sampled=6
229.000,ours,-,robot1,MIN_DISTANCE,OK,6.194,8.919,,0,nearest_robot=robot5
229.000,ours,-,robot2,MIN_DISTANCE,OK,10.764,8.919,,0,nearest_robot=robot5
229.000,ours,-,robot3,MIN_DISTANCE,OK,7.263,8.919,,0,nearest_robot=robot4
229.000,ours,-,robot4,MIN_DISTANCE,OK,7.263,8.919,,0,nearest_robot=robot3
229.000,ours,-,robot5,MIN_DISTANCE,OK,6.194,8.919,,0,nearest_robot=robot1
229.000,ours,-,robot6,MIN_DISTANCE,OK,15.838,8.919,,0,nearest_robot=robot4
229.000,ours,-,fleet,MIN_DISTANCE_AVG,OK,8.919,,,0,robots_sampled=6
230.000,ours,-,robot1,MIN_DISTANCE,OK,5.803,8.722,,0,nearest_robot=robot5
230.000,ours,-,robot2,MIN_DISTANCE,OK,11.152,8.722,,0,nearest_robot=robot5
230.000,ours,-,robot3,MIN_DISTANCE,OK,7.204,8.722,,0,nearest_robot=robot4
230.000,ours,-,robot4,MIN_DISTANCE,OK,7.204,8.722,,0,nearest_robot=robot3
230.000,ours,-,robot5,MIN_DISTANCE,OK,5.803,8.722,,0,nearest_robot=robot1
230.000,ours,-,robot6,MIN_DISTANCE,OK,15.165,8.722,,0,nearest_robot=robot4
230.000,ours,-,fleet,MIN_DISTANCE_AVG,OK,8.722,,,0,robots_sampled=6
231.000,ours,-,robot1,MIN_DISTANCE,OK,5.454,8.539,,0,nearest_robot=robot5
231.000,ours,-,robot2,MIN_DISTANCE,OK,11.608,8.539,,0,nearest_robot=robot5
231.000,ours,-,robot3,MIN_DISTANCE,OK,7.190,8.539,,0,nearest_robot=robot4
231.000,ours,-,robot4,MIN_DISTANCE,OK,7.190,8.539,,0,nearest_robot=robot3
231.000,ours,-,robot5,MIN_DISTANCE,OK,5.454,8.539,,0,nearest_robot=robot1
231.000,ours,-,robot6,MIN_DISTANCE,OK,14.340,8.539,,0,nearest_robot=robot4
231.000,ours,-,fleet,MIN_DISTANCE_AVG,OK,8.539,,,0,robots_sampled=6
231.320,ours,-,fleet,CHOMP_TIME_FULL,OK,,3.959,,0,iterations=100;iterations_executed=100;source=algorithm;round_trip=3.986850
232.000,ours,-,robot1,MIN_DISTANCE,OK,5.176,8.382,,0,nearest_robot=robot5
232.000,ours,-,robot2,MIN_DISTANCE,OK,12.039,8.382,,0,nearest_robot=robot5
232.000,ours,-,robot3,MIN_DISTANCE,OK,7.208,8.382,,0,nearest_robot=robot4
232.000,ours,-,robot4,MIN_DISTANCE,OK,7.208,8.382,,0,nearest_robot=robot3
232.000,ours,-,robot5,MIN_DISTANCE,OK,5.176,8.382,,0,nearest_robot=robot1
232.000,ours,-,robot6,MIN_DISTANCE,OK,13.487,8.382,,0,nearest_robot=robot4
232.000,ours,-,fleet,MIN_DISTANCE_AVG,OK,8.382,,,0,robots_sampled=6
233.000,ours,-,robot1,MIN_DISTANCE,OK,4.974,8.266,,0,nearest_robot=robot5
233.000,ours,-,robot2,MIN_DISTANCE,OK,12.480,8.266,,0,nearest_robot=robot5
233.000,ours,-,robot3,MIN_DISTANCE,OK,7.269,8.266,,0,nearest_robot=robot4
233.000,ours,-,robot4,MIN_DISTANCE,OK,7.269,8.266,,0,nearest_robot=robot3
233.000,ours,-,robot5,MIN_DISTANCE,OK,4.974,8.266,,0,nearest_robot=robot1
233.000,ours,-,robot6,MIN_DISTANCE,OK,12.628,8.266,,0,nearest_robot=robot4
233.000,ours,-,fleet,MIN_DISTANCE_AVG,OK,8.266,,,0,robots_sampled=6
234.000,ours,-,robot1,MIN_DISTANCE,OK,4.755,8.168,,0,nearest_robot=robot5
234.000,ours,-,robot2,MIN_DISTANCE,OK,12.891,8.168,,0,nearest_robot=robot5
234.000,ours,-,robot3,MIN_DISTANCE,OK,7.366,8.168,,0,nearest_robot=robot4
234.000,ours,-,robot4,MIN_DISTANCE,OK,7.366,8.168,,0,nearest_robot=robot3
234.000,ours,-,robot5,MIN_DISTANCE,OK,4.755,8.168,,0,nearest_robot=robot1
234.000,ours,-,robot6,MIN_DISTANCE,OK,11.872,8.168,,0,nearest_robot=robot4
234.000,ours,-,fleet,MIN_DISTANCE_AVG,OK,8.168,,,0,robots_sampled=6
235.000,ours,-,robot1,MIN_DISTANCE,OK,4.568,8.094,,0,nearest_robot=robot5
235.000,ours,-,robot2,MIN_DISTANCE,OK,13.318,8.094,,0,nearest_robot=robot5
235.000,ours,-,robot3,MIN_DISTANCE,OK,7.397,8.094,,0,nearest_robot=robot4
235.000,ours,-,robot4,MIN_DISTANCE,OK,7.397,8.094,,0,nearest_robot=robot3
235.000,ours,-,robot5,MIN_DISTANCE,OK,4.568,8.094,,0,nearest_robot=robot1
235.000,ours,-,robot6,MIN_DISTANCE,OK,11.319,8.094,,0,nearest_robot=robot4
235.000,ours,-,fleet,MIN_DISTANCE_AVG,OK,8.094,,,0,robots_sampled=6
235.810,ours,-,fleet,CHOMP_TIME_FULL,OK,,3.944,,0,iterations=100;iterations_executed=100;source=algorithm;round_trip=3.968025
236.000,ours,-,robot1,MIN_DISTANCE,OK,4.457,8.085,,0,nearest_robot=robot5
236.000,ours,-,robot2,MIN_DISTANCE,OK,13.781,8.085,,0,nearest_robot=robot5
236.000,ours,-,robot3,MIN_DISTANCE,OK,7.394,8.085,,0,nearest_robot=robot4
236.000,ours,-,robot4,MIN_DISTANCE,OK,7.394,8.085,,0,nearest_robot=robot3
236.000,ours,-,robot5,MIN_DISTANCE,OK,4.457,8.085,,0,nearest_robot=robot1
236.000,ours,-,robot6,MIN_DISTANCE,OK,11.029,8.085,,0,nearest_robot=robot4
236.000,ours,-,fleet,MIN_DISTANCE_AVG,OK,8.085,,,0,robots_sampled=6
237.000,ours,-,robot1,MIN_DISTANCE,OK,4.406,8.099,,0,nearest_robot=robot5
237.000,ours,-,robot2,MIN_DISTANCE,OK,14.224,8.099,,0,nearest_robot=robot5
237.000,ours,-,robot3,MIN_DISTANCE,OK,7.394,8.099,,0,nearest_robot=robot4
237.000,ours,-,robot4,MIN_DISTANCE,OK,7.394,8.099,,0,nearest_robot=robot3
237.000,ours,-,robot5,MIN_DISTANCE,OK,4.406,8.099,,0,nearest_robot=robot1
237.000,ours,-,robot6,MIN_DISTANCE,OK,10.767,8.099,,0,nearest_robot=robot4
237.000,ours,-,fleet,MIN_DISTANCE_AVG,OK,8.099,,,0,robots_sampled=6
238.000,ours,-,robot1,MIN_DISTANCE,OK,4.409,8.063,,0,nearest_robot=robot5
238.000,ours,-,robot2,MIN_DISTANCE,OK,14.246,8.063,,0,nearest_robot=robot1
238.000,ours,-,robot3,MIN_DISTANCE,OK,7.394,8.063,,0,nearest_robot=robot4
238.000,ours,-,robot4,MIN_DISTANCE,OK,7.394,8.063,,0,nearest_robot=robot3
238.000,ours,-,robot5,MIN_DISTANCE,OK,4.409,8.063,,0,nearest_robot=robot1
238.000,ours,-,robot6,MIN_DISTANCE,OK,10.524,8.063,,0,nearest_robot=robot4
238.000,ours,-,fleet,MIN_DISTANCE_AVG,OK,8.063,,,0,robots_sampled=6
239.000,ours,-,robot1,MIN_DISTANCE,OK,4.434,8.037,,0,nearest_robot=robot5
239.000,ours,-,robot2,MIN_DISTANCE,OK,14.246,8.037,,0,nearest_robot=robot1
239.000,ours,-,robot3,MIN_DISTANCE,OK,7.394,8.037,,0,nearest_robot=robot4
239.000,ours,-,robot4,MIN_DISTANCE,OK,7.394,8.037,,0,nearest_robot=robot3
239.000,ours,-,robot5,MIN_DISTANCE,OK,4.434,8.037,,0,nearest_robot=robot1
239.000,ours,-,robot6,MIN_DISTANCE,OK,10.317,8.037,,0,nearest_robot=robot4
239.000,ours,-,fleet,MIN_DISTANCE_AVG,OK,8.037,,,0,robots_sampled=6
240.000,ours,-,robot1,MIN_DISTANCE,OK,4.695,8.095,,0,nearest_robot=robot5
240.000,ours,-,robot2,MIN_DISTANCE,OK,14.246,8.095,,0,nearest_robot=robot1
240.000,ours,-,robot3,MIN_DISTANCE,OK,7.395,8.095,,0,nearest_robot=robot4
240.000,ours,-,robot4,MIN_DISTANCE,OK,7.395,8.095,,0,nearest_robot=robot3
240.000,ours,-,robot5,MIN_DISTANCE,OK,4.695,8.095,,0,nearest_robot=robot1
240.000,ours,-,robot6,MIN_DISTANCE,OK,10.149,8.095,,0,nearest_robot=robot4
240.000,ours,-,fleet,MIN_DISTANCE_AVG,OK,8.095,,,0,robots_sampled=6
241.000,ours,-,robot1,MIN_DISTANCE,OK,4.630,8.067,,0,nearest_robot=robot5
241.000,ours,-,robot2,MIN_DISTANCE,OK,14.253,8.067,,0,nearest_robot=robot1
241.000,ours,-,robot3,MIN_DISTANCE,OK,7.395,8.067,,0,nearest_robot=robot4
241.000,ours,-,robot4,MIN_DISTANCE,OK,7.395,8.067,,0,nearest_robot=robot3
241.000,ours,-,robot5,MIN_DISTANCE,OK,4.630,8.067,,0,nearest_robot=robot1
241.000,ours,-,robot6,MIN_DISTANCE,OK,10.099,8.067,,0,nearest_robot=robot4
241.000,ours,-,fleet,MIN_DISTANCE_AVG,OK,8.067,,,0,robots_sampled=6
241.300,ours,-,fleet,CHOMP_TIME_FULL,OK,,3.924,,0,iterations=100;iterations_executed=100;source=algorithm;round_trip=3.950970
242.000,ours,-,robot1,MIN_DISTANCE,OK,4.828,8.119,,0,nearest_robot=robot5
242.000,ours,-,robot2,MIN_DISTANCE,OK,14.254,8.119,,0,nearest_robot=robot1
242.000,ours,-,robot3,MIN_DISTANCE,OK,7.424,8.119,,0,nearest_robot=robot4
242.000,ours,-,robot4,MIN_DISTANCE,OK,7.424,8.119,,0,nearest_robot=robot3
242.000,ours,-,robot5,MIN_DISTANCE,OK,4.828,8.119,,0,nearest_robot=robot1
242.000,ours,-,robot6,MIN_DISTANCE,OK,9.958,8.119,,0,nearest_robot=robot4
242.000,ours,-,fleet,MIN_DISTANCE_AVG,OK,8.119,,,0,robots_sampled=6
243.000,ours,-,robot1,MIN_DISTANCE,OK,5.158,8.188,,0,nearest_robot=robot5
243.000,ours,-,robot2,MIN_DISTANCE,OK,14.254,8.188,,0,nearest_robot=robot1
243.000,ours,-,robot3,MIN_DISTANCE,OK,7.580,8.188,,0,nearest_robot=robot4
243.000,ours,-,robot4,MIN_DISTANCE,OK,7.580,8.188,,0,nearest_robot=robot3
243.000,ours,-,robot5,MIN_DISTANCE,OK,5.158,8.188,,0,nearest_robot=robot1
243.000,ours,-,robot6,MIN_DISTANCE,OK,9.398,8.188,,0,nearest_robot=robot4
243.000,ours,-,fleet,MIN_DISTANCE_AVG,OK,8.188,,,0,robots_sampled=6
244.000,ours,-,robot1,MIN_DISTANCE,OK,5.162,8.172,,0,nearest_robot=robot5
244.000,ours,-,robot2,MIN_DISTANCE,OK,14.254,8.172,,0,nearest_robot=robot1
244.000,ours,-,robot3,MIN_DISTANCE,OK,7.828,8.172,,0,nearest_robot=robot4
244.000,ours,-,robot4,MIN_DISTANCE,OK,7.828,8.172,,0,nearest_robot=robot3
244.000,ours,-,robot5,MIN_DISTANCE,OK,5.162,8.172,,0,nearest_robot=robot1
244.000,ours,-,robot6,MIN_DISTANCE,OK,8.799,8.172,,0,nearest_robot=robot4
244.000,ours,-,fleet,MIN_DISTANCE_AVG,OK,8.172,,,0,robots_sampled=6
245.000,ours,-,robot1,MIN_DISTANCE,OK,5.163,8.183,,0,nearest_robot=robot5
245.000,ours,-,robot2,MIN_DISTANCE,OK,14.254,8.183,,0,nearest_robot=robot1
245.000,ours,-,robot3,MIN_DISTANCE,OK,8.153,8.183,,0,nearest_robot=robot4
245.000,ours,-,robot4,MIN_DISTANCE,OK,8.153,8.183,,0,nearest_robot=robot3
245.000,ours,-,robot5,MIN_DISTANCE,OK,5.163,8.183,,0,nearest_robot=robot1
245.000,ours,-,robot6,MIN_DISTANCE,OK,8.213,8.183,,0,nearest_robot=robot4
245.000,ours,-,fleet,MIN_DISTANCE_AVG,OK,8.183,,,0,robots_sampled=6
245.950,ours,-,fleet,CHOMP_TIME_FULL,OK,,4.067,,0,iterations=100;iterations_executed=100;source=algorithm;round_trip=4.098542
246.000,ours,-,robot1,MIN_DISTANCE,OK,5.163,8.066,,0,nearest_robot=robot5
246.000,ours,-,robot2,MIN_DISTANCE,OK,14.254,8.066,,0,nearest_robot=robot1
246.000,ours,-,robot3,MIN_DISTANCE,OK,8.508,8.066,,0,nearest_robot=robot4
246.000,ours,-,robot4,MIN_DISTANCE,OK,7.655,8.066,,0,nearest_robot=robot6
246.000,ours,-,robot5,MIN_DISTANCE,OK,5.163,8.066,,0,nearest_robot=robot1
246.000,ours,-,robot6,MIN_DISTANCE,OK,7.655,8.066,,0,nearest_robot=robot4
246.000,ours,-,fleet,MIN_DISTANCE_AVG,OK,8.066,,,0,robots_sampled=6
247.000,ours,-,robot1,MIN_DISTANCE,OK,5.163,7.943,,0,nearest_robot=robot5
247.000,ours,-,robot2,MIN_DISTANCE,OK,14.270,7.943,,0,nearest_robot=robot1
247.000,ours,-,robot3,MIN_DISTANCE,OK,8.875,7.943,,0,nearest_robot=robot4
247.000,ours,-,robot4,MIN_DISTANCE,OK,7.094,7.943,,0,nearest_robot=robot6
247.000,ours,-,robot5,MIN_DISTANCE,OK,5.163,7.943,,0,nearest_robot=robot1
247.000,ours,-,robot6,MIN_DISTANCE,OK,7.094,7.943,,0,nearest_robot=robot4
247.000,ours,-,fleet,MIN_DISTANCE_AVG,OK,7.943,,,0,robots_sampled=6
248.000,ours,-,robot1,MIN_DISTANCE,OK,5.163,7.869,,0,nearest_robot=robot5
248.000,ours,-,robot2,MIN_DISTANCE,OK,14.668,7.869,,0,nearest_robot=robot1
248.000,ours,-,robot3,MIN_DISTANCE,OK,9.249,7.869,,0,nearest_robot=robot4
248.000,ours,-,robot4,MIN_DISTANCE,OK,6.487,7.869,,0,nearest_robot=robot6
248.000,ours,-,robot5,MIN_DISTANCE,OK,5.163,7.869,,0,nearest_robot=robot1
248.000,ours,-,robot6,MIN_DISTANCE,OK,6.487,7.869,,0,nearest_robot=robot4
248.000,ours,-,fleet,MIN_DISTANCE_AVG,OK,7.869,,,0,robots_sampled=6
249.000,ours,-,robot1,MIN_DISTANCE,OK,5.163,7.842,,0,nearest_robot=robot5
249.000,ours,-,robot2,MIN_DISTANCE,OK,15.087,7.842,,0,nearest_robot=robot1
249.000,ours,-,robot3,MIN_DISTANCE,OK,9.604,7.842,,0,nearest_robot=robot4
249.000,ours,-,robot4,MIN_DISTANCE,OK,6.017,7.842,,0,nearest_robot=robot6
249.000,ours,-,robot5,MIN_DISTANCE,OK,5.163,7.842,,0,nearest_robot=robot1
249.000,ours,-,robot6,MIN_DISTANCE,OK,6.017,7.842,,0,nearest_robot=robot4
249.000,ours,-,fleet,MIN_DISTANCE_AVG,OK,7.842,,,0,robots_sampled=6
249.260,ours,-,fleet,CHOMP_TIME_FULL,OK,,2.330,,0,iterations=100;iterations_executed=55;source=algorithm;round_trip=2.354505
250.000,ours,-,robot1,MIN_DISTANCE,OK,5.105,7.867,,0,nearest_robot=robot5
250.000,ours,-,robot2,MIN_DISTANCE,OK,15.473,7.867,,0,nearest_robot=robot1
250.000,ours,-,robot3,MIN_DISTANCE,OK,9.987,7.867,,0,nearest_robot=robot4
250.000,ours,-,robot4,MIN_DISTANCE,OK,5.765,7.867,,0,nearest_robot=robot6
250.000,ours,-,robot5,MIN_DISTANCE,OK,5.105,7.867,,0,nearest_robot=robot1
250.000,ours,-,robot6,MIN_DISTANCE,OK,5.765,7.867,,0,nearest_robot=robot4
250.000,ours,-,fleet,MIN_DISTANCE_AVG,OK,7.867,,,0,robots_sampled=6
251.000,ours,-,robot1,MIN_DISTANCE,OK,4.791,7.842,,0,nearest_robot=robot5
251.000,ours,-,robot2,MIN_DISTANCE,OK,15.846,7.842,,0,nearest_robot=robot1
251.000,ours,-,robot3,MIN_DISTANCE,OK,10.355,7.842,,0,nearest_robot=robot4
251.000,ours,-,robot4,MIN_DISTANCE,OK,5.634,7.842,,0,nearest_robot=robot6
251.000,ours,-,robot5,MIN_DISTANCE,OK,4.791,7.842,,0,nearest_robot=robot1
251.000,ours,-,robot6,MIN_DISTANCE,OK,5.634,7.842,,0,nearest_robot=robot4
251.000,ours,-,fleet,MIN_DISTANCE_AVG,OK,7.842,,,0,robots_sampled=6
252.000,ours,-,robot1,MIN_DISTANCE,OK,4.710,7.938,,0,nearest_robot=robot5
252.000,ours,-,robot2,MIN_DISTANCE,OK,16.202,7.938,,0,nearest_robot=robot1
252.000,ours,-,robot3,MIN_DISTANCE,OK,10.693,7.938,,0,nearest_robot=robot4
252.000,ours,-,robot4,MIN_DISTANCE,OK,5.656,7.938,,0,nearest_robot=robot6
252.000,ours,-,robot5,MIN_DISTANCE,OK,4.710,7.938,,0,nearest_robot=robot1
252.000,ours,-,robot6,MIN_DISTANCE,OK,5.656,7.938,,0,nearest_robot=robot4
252.000,ours,-,fleet,MIN_DISTANCE_AVG,OK,7.938,,,0,robots_sampled=6
252.180,ours,-,fleet,CHOMP_TIME_FULL,OK,,2.246,,0,iterations=100;iterations_executed=55;source=algorithm;round_trip=2.271980
253.000,ours,-,robot1,MIN_DISTANCE,OK,4.596,8.056,,0,nearest_robot=robot5
253.000,ours,-,robot2,MIN_DISTANCE,OK,16.558,8.056,,0,nearest_robot=robot1
253.000,ours,-,robot3,MIN_DISTANCE,OK,11.067,8.056,,0,nearest_robot=robot4
253.000,ours,-,robot4,MIN_DISTANCE,OK,5.759,8.056,,0,nearest_robot=robot6
253.000,ours,-,robot5,MIN_DISTANCE,OK,4.596,8.056,,0,nearest_robot=robot1
253.000,ours,-,robot6,MIN_DISTANCE,OK,5.759,8.056,,0,nearest_robot=robot4
253.000,ours,-,fleet,MIN_DISTANCE_AVG,OK,8.056,,,0,robots_sampled=6
254.000,ours,-,robot1,MIN_DISTANCE,OK,4.568,8.084,,0,nearest_robot=robot5
254.000,ours,-,robot2,MIN_DISTANCE,OK,16.065,8.084,,0,nearest_robot=robot6
254.000,ours,-,robot3,MIN_DISTANCE,OK,11.476,8.084,,0,nearest_robot=robot4
254.000,ours,-,robot4,MIN_DISTANCE,OK,5.911,8.084,,0,nearest_robot=robot6
254.000,ours,-,robot5,MIN_DISTANCE,OK,4.568,8.084,,0,nearest_robot=robot1
254.000,ours,-,robot6,MIN_DISTANCE,OK,5.911,8.084,,0,nearest_robot=robot4
254.000,ours,-,fleet,MIN_DISTANCE_AVG,OK,8.084,,,0,robots_sampled=6
254.760,ours,-,fleet,CHOMP_TIME_FULL,OK,,1.807,,0,iterations=100;iterations_executed=45;source=algorithm;round_trip=1.831496
255.000,ours,-,robot1,MIN_DISTANCE,OK,4.825,8.217,,0,nearest_robot=robot5
255.000,ours,-,robot2,MIN_DISTANCE,OK,15.305,8.217,,0,nearest_robot=robot6
255.000,ours,-,robot3,MIN_DISTANCE,OK,11.843,8.217,,0,nearest_robot=robot4
255.000,ours,-,robot4,MIN_DISTANCE,OK,6.253,8.217,,0,nearest_robot=robot6
255.000,ours,-,robot5,MIN_DISTANCE,OK,4.825,8.217,,0,nearest_robot=robot1
255.000,ours,-,robot6,MIN_DISTANCE,OK,6.253,8.217,,0,nearest_robot=robot4
255.000,ours,-,fleet,MIN_DISTANCE_AVG,OK,8.217,,,0,robots_sampled=6
256.000,ours,-,robot1,MIN_DISTANCE,OK,5.075,8.367,,0,nearest_robot=robot5
256.000,ours,-,robot2,MIN_DISTANCE,OK,14.600,8.367,,0,nearest_robot=robot6
256.000,ours,-,robot3,MIN_DISTANCE,OK,12.235,8.367,,0,nearest_robot=robot4
256.000,ours,-,robot4,MIN_DISTANCE,OK,6.609,8.367,,0,nearest_robot=robot6
256.000,ours,-,robot5,MIN_DISTANCE,OK,5.075,8.367,,0,nearest_robot=robot1
256.000,ours,-,robot6,MIN_DISTANCE,OK,6.609,8.367,,0,nearest_robot=robot4
256.000,ours,-,fleet,MIN_DISTANCE_AVG,OK,8.367,,,0,robots_sampled=6
257.000,ours,-,robot1,MIN_DISTANCE,OK,5.094,8.477,,0,nearest_robot=robot5
257.000,ours,-,robot2,MIN_DISTANCE,OK,13.913,8.477,,0,nearest_robot=robot6
257.000,ours,-,robot3,MIN_DISTANCE,OK,12.660,8.477,,0,nearest_robot=robot4
257.000,ours,-,robot4,MIN_DISTANCE,OK,7.049,8.477,,0,nearest_robot=robot6
257.000,ours,-,robot5,MIN_DISTANCE,OK,5.094,8.477,,0,nearest_robot=robot1
257.000,ours,-,robot6,MIN_DISTANCE,OK,7.049,8.477,,0,nearest_robot=robot4
257.000,ours,-,fleet,MIN_DISTANCE_AVG,OK,8.477,,,0,robots_sampled=6
257.320,ours,-,fleet,CHOMP_TIME_FULL,OK,,1.861,,0,iterations=100;iterations_executed=45;source=algorithm;round_trip=1.891491
258.000,ours,-,robot1,MIN_DISTANCE,OK,5.145,8.611,,0,nearest_robot=robot5
258.000,ours,-,robot2,MIN_DISTANCE,OK,13.117,8.611,,0,nearest_robot=robot6
258.000,ours,-,robot3,MIN_DISTANCE,OK,13.075,8.611,,0,nearest_robot=robot4
258.000,ours,-,robot4,MIN_DISTANCE,OK,7.593,8.611,,0,nearest_robot=robot6
258.000,ours,-,robot5,MIN_DISTANCE,OK,5.145,8.611,,0,nearest_robot=robot1
258.000,ours,-,robot6,MIN_DISTANCE,OK,7.593,8.611,,0,nearest_robot=robot4
258.000,ours,-,fleet,MIN_DISTANCE_AVG,OK,8.611,,,0,robots_sampled=6
259.000,ours,-,robot1,MIN_DISTANCE,OK,5.251,8.715,,0,nearest_robot=robot5
259.000,ours,-,robot2,MIN_DISTANCE,OK,12.482,8.715,,0,nearest_robot=robot6
259.000,ours,-,robot3,MIN_DISTANCE,OK,13.458,8.715,,0,nearest_robot=robot4
259.000,ours,-,robot4,MIN_DISTANCE,OK,7.925,8.715,,0,nearest_robot=robot6
259.000,ours,-,robot5,MIN_DISTANCE,OK,5.251,8.715,,0,nearest_robot=robot1
259.000,ours,-,robot6,MIN_DISTANCE,OK,7.925,8.715,,0,nearest_robot=robot4
259.000,ours,-,fleet,MIN_DISTANCE_AVG,OK,8.715,,,0,robots_sampled=6
260.000,ours,-,robot1,MIN_DISTANCE,OK,5.531,8.863,,0,nearest_robot=robot5
260.000,ours,-,robot2,MIN_DISTANCE,OK,11.870,8.863,,0,nearest_robot=robot6
260.000,ours,-,robot3,MIN_DISTANCE,OK,13.792,8.863,,0,nearest_robot=robot4
260.000,ours,-,robot4,MIN_DISTANCE,OK,8.226,8.863,,0,nearest_robot=robot6
260.000,ours,-,robot5,MIN_DISTANCE,OK,5.531,8.863,,0,nearest_robot=robot1
260.000,ours,-,robot6,MIN_DISTANCE,OK,8.226,8.863,,0,nearest_robot=robot4
260.000,ours,-,fleet,MIN_DISTANCE_AVG,OK,8.863,,,0,robots_sampled=6
261.000,ours,-,robot1,MIN_DISTANCE,OK,5.697,8.946,,0,nearest_robot=robot5
261.000,ours,-,robot2,MIN_DISTANCE,OK,11.304,8.946,,0,nearest_robot=robot6
261.000,ours,-,robot3,MIN_DISTANCE,OK,14.093,8.946,,0,nearest_robot=robot4
261.000,ours,-,robot4,MIN_DISTANCE,OK,8.442,8.946,,0,nearest_robot=robot6
261.000,ours,-,robot5,MIN_DISTANCE,OK,5.697,8.946,,0,nearest_robot=robot1
261.000,ours,-,robot6,MIN_DISTANCE,OK,8.442,8.946,,0,nearest_robot=robot4
261.000,ours,-,fleet,MIN_DISTANCE_AVG,OK,8.946,,,0,robots_sampled=6
261.830,ours,-,fleet,CHOMP_TIME_FULL,OK,,3.966,,0,iterations=100;iterations_executed=100;source=algorithm;round_trip=3.988922
262.000,ours,-,robot1,MIN_DISTANCE,OK,5.957,9.012,,0,nearest_robot=robot5
262.000,ours,-,robot2,MIN_DISTANCE,OK,10.819,9.012,,0,nearest_robot=robot6
262.000,ours,-,robot3,MIN_DISTANCE,OK,14.303,9.012,,0,nearest_robot=robot4
262.000,ours,-,robot4,MIN_DISTANCE,OK,8.518,9.012,,0,nearest_robot=robot6
262.000,ours,-,robot5,MIN_DISTANCE,OK,5.957,9.012,,0,nearest_robot=robot1
262.000,ours,-,robot6,MIN_DISTANCE,OK,8.518,9.012,,0,nearest_robot=robot4
262.000,ours,-,fleet,MIN_DISTANCE_AVG,OK,9.012,,,0,robots_sampled=6
263.000,ours,-,robot1,MIN_DISTANCE,OK,6.328,9.082,,0,nearest_robot=robot5
263.000,ours,-,robot2,MIN_DISTANCE,OK,10.319,9.082,,0,nearest_robot=robot6
263.000,ours,-,robot3,MIN_DISTANCE,OK,14.424,9.082,,0,nearest_robot=robot4
263.000,ours,-,robot4,MIN_DISTANCE,OK,8.546,9.082,,0,nearest_robot=robot6
263.000,ours,-,robot5,MIN_DISTANCE,OK,6.328,9.082,,0,nearest_robot=robot1
263.000,ours,-,robot6,MIN_DISTANCE,OK,8.546,9.082,,0,nearest_robot=robot4
263.000,ours,-,fleet,MIN_DISTANCE_AVG,OK,9.082,,,0,robots_sampled=6
264.000,ours,-,robot1,MIN_DISTANCE,OK,6.446,9.012,,0,nearest_robot=robot5
264.000,ours,-,robot2,MIN_DISTANCE,OK,9.953,9.012,,0,nearest_robot=robot6
264.000,ours,-,robot3,MIN_DISTANCE,OK,14.501,9.012,,0,nearest_robot=robot4
264.000,ours,-,robot4,MIN_DISTANCE,OK,8.363,9.012,,0,nearest_robot=robot6
264.000,ours,-,robot5,MIN_DISTANCE,OK,6.446,9.012,,0,nearest_robot=robot1
264.000,ours,-,robot6,MIN_DISTANCE,OK,8.363,9.012,,0,nearest_robot=robot4
264.000,ours,-,fleet,MIN_DISTANCE_AVG,OK,9.012,,,0,robots_sampled=6
264.150,ours,-,fleet,CHOMP_TIME_FULL,OK,,1.706,,0,iterations=100;iterations_executed=42;source=algorithm;round_trip=1.727620
265.000,ours,-,robot1,MIN_DISTANCE,OK,6.525,8.969,,0,nearest_robot=robot5
265.000,ours,-,robot2,MIN_DISTANCE,OK,9.592,8.969,,0,nearest_robot=robot6
265.000,ours,-,robot3,MIN_DISTANCE,OK,14.529,8.969,,0,nearest_robot=robot4
265.000,ours,-,robot4,MIN_DISTANCE,OK,8.323,8.969,,0,nearest_robot=robot6
265.000,ours,-,robot5,MIN_DISTANCE,OK,6.525,8.969,,0,nearest_robot=robot1
265.000,ours,-,robot6,MIN_DISTANCE,OK,8.323,8.969,,0,nearest_robot=robot4
265.000,ours,-,fleet,MIN_DISTANCE_AVG,OK,8.969,,,0,robots_sampled=6
266.000,ours,-,robot1,MIN_DISTANCE,OK,6.612,8.983,,0,nearest_robot=robot5
266.000,ours,-,robot2,MIN_DISTANCE,OK,9.226,8.983,,0,nearest_robot=robot6
266.000,ours,-,robot3,MIN_DISTANCE,OK,14.541,8.983,,0,nearest_robot=robot4
266.000,ours,-,robot4,MIN_DISTANCE,OK,8.454,8.983,,0,nearest_robot=robot6
266.000,ours,-,robot5,MIN_DISTANCE,OK,6.612,8.983,,0,nearest_robot=robot1
266.000,ours,-,robot6,MIN_DISTANCE,OK,8.454,8.983,,0,nearest_robot=robot4
266.000,ours,-,fleet,MIN_DISTANCE_AVG,OK,8.983,,,0,robots_sampled=6
266.950,ours,-,fleet,CHOMP_TIME_FULL,OK,,2.005,,0,iterations=100;iterations_executed=47;source=algorithm;round_trip=2.028056
267.000,ours,-,robot1,MIN_DISTANCE,OK,6.738,8.898,,0,nearest_robot=robot5
267.000,ours,-,robot2,MIN_DISTANCE,OK,8.987,8.898,,0,nearest_robot=robot6
267.000,ours,-,robot3,MIN_DISTANCE,OK,14.539,8.898,,0,nearest_robot=robot4
267.000,ours,-,robot4,MIN_DISTANCE,OK,8.191,8.898,,0,nearest_robot=robot6
267.000,ours,-,robot5,MIN_DISTANCE,OK,6.738,8.898,,0,nearest_robot=robot1
267.000,ours,-,robot6,MIN_DISTANCE,OK,8.191,8.898,,0,nearest_robot=robot4
267.000,ours,-,fleet,MIN_DISTANCE_AVG,OK,8.898,,,0,robots_sampled=6
268.000,ours,-,robot1,MIN_DISTANCE,OK,6.923,8.827,,0,nearest_robot=robot5
268.000,ours,-,robot2,MIN_DISTANCE,OK,8.626,8.827,,0,nearest_robot=robot6
268.000,ours,-,robot3,MIN_DISTANCE,OK,14.263,8.827,,0,nearest_robot=robot2
268.000,ours,-,robot4,MIN_DISTANCE,OK,8.113,8.827,,0,nearest_robot=robot6
268.000,ours,-,robot5,MIN_DISTANCE,OK,6.923,8.827,,0,nearest_robot=robot1
268.000,ours,-,robot6,MIN_DISTANCE,OK,8.113,8.827,,0,nearest_robot=robot4
268.000,ours,-,fleet,MIN_DISTANCE_AVG,OK,8.827,,,0,robots_sampled=6
269.000,ours,-,robot1,MIN_DISTANCE,OK,7.166,8.750,,0,nearest_robot=robot5
269.000,ours,-,robot2,MIN_DISTANCE,OK,8.169,8.750,,0,nearest_robot=robot6
269.000,ours,-,robot3,MIN_DISTANCE,OK,13.874,8.750,,0,nearest_robot=robot2
269.000,ours,-,robot4,MIN_DISTANCE,OK,8.062,8.750,,0,nearest_robot=robot6
269.000,ours,-,robot5,MIN_DISTANCE,OK,7.166,8.750,,0,nearest_robot=robot1
269.000,ours,-,robot6,MIN_DISTANCE,OK,8.062,8.750,,0,nearest_robot=robot4
269.000,ours,-,fleet,MIN_DISTANCE_AVG,OK,8.750,,,0,robots_sampled=6
269.780,ours,-,fleet,CHOMP_TIME_FULL,OK,,2.359,,0,iterations=100;iterations_executed=58;source=algorithm;round_trip=2.382358
270.000,ours,-,robot1,MIN_DISTANCE,OK,7.441,8.640,,0,nearest_robot=robot5
270.000,ours,-,robot2,MIN_DISTANCE,OK,7.738,8.640,,0,nearest_robot=robot6
270.000,ours,-,robot3,MIN_DISTANCE,OK,13.444,8.640,,0,nearest_robot=robot2
270.000,ours,-,robot4,MIN_DISTANCE,OK,8.036,8.640,,0,nearest_robot=robot6
270.000,ours,-,robot5,MIN_DISTANCE,OK,7.441,8.640,,0,nearest_robot=robot1
270.000,ours,-,robot6,MIN_DISTANCE,OK,7.738,8.640,,0,nearest_robot=robot2
270.000,ours,-,fleet,MIN_DISTANCE_AVG,OK,8.640,,,0,robots_sampled=6
271.000,ours,-,robot1,MIN_DISTANCE,OK,7.698,8.488,,0,nearest_robot=robot5
271.000,ours,-,robot2,MIN_DISTANCE,OK,7.329,8.488,,0,nearest_robot=robot6
271.000,ours,-,robot3,MIN_DISTANCE,OK,13.039,8.488,,0,nearest_robot=robot2
271.000,ours,-,robot4,MIN_DISTANCE,OK,7.839,8.488,,0,nearest_robot=robot6
271.000,ours,-,robot5,MIN_DISTANCE,OK,7.698,8.488,,0,nearest_robot=robot1
271.000,ours,-,robot6,MIN_DISTANCE,OK,7.329,8.488,,0,nearest_robot=robot2
271.000,ours,-,fleet,MIN_DISTANCE_AVG,OK,8.488,,,0,robots_sampled=6
271.430,ours,-,fleet,CHOMP_TIME_FULL,OK,,0.949,,0,iterations=100;iterations_executed=23;source=algorithm;round_trip=0.971536
272.000,ours,-,robot1,MIN_DISTANCE,OK,7.976,8.336,,0,nearest_robot=robot5
272.000,ours,-,robot2,MIN_DISTANCE,OK,6.882,8.336,,0,nearest_robot=robot6
272.000,ours,-,robot3,MIN_DISTANCE,OK,12.661,8.336,,0,nearest_robot=robot2
272.000,ours,-,robot4,MIN_DISTANCE,OK,7.639,8.336,,0,nearest_robot=robot6
272.000,ours,-,robot5,MIN_DISTANCE,OK,7.976,8.336,,0,nearest_robot=robot1
272.000,ours,-,robot6,MIN_DISTANCE,OK,6.882,8.336,,0,nearest_robot=robot2
272.000,ours,-,fleet,MIN_DISTANCE_AVG,OK,8.336,,,0,robots_sampled=6
273.000,ours,-,robot1,MIN_DISTANCE,OK,8.214,8.169,,0,nearest_robot=robot5
273.000,ours,-,robot2,MIN_DISTANCE,OK,6.426,8.169,,0,nearest_robot=robot6
273.000,ours,-,robot3,MIN_DISTANCE,OK,12.261,8.169,,0,nearest_robot=robot2
273.000,ours,-,robot4,MIN_DISTANCE,OK,7.473,8.169,,0,nearest_robot=robot6
273.000,ours,-,robot5,MIN_DISTANCE,OK,8.214,8.169,,0,nearest_robot=robot1
273.000,ours,-,robot6,MIN_DISTANCE,OK,6.426,8.169,,0,nearest_robot=robot2
273.000,ours,-,fleet,MIN_DISTANCE_AVG,OK,8.169,,,0,robots_sampled=6
274.000,ours,-,robot1,MIN_DISTANCE,OK,8.450,8.009,,0,nearest_robot=robot5
274.000,ours,-,robot2,MIN_DISTANCE,OK,5.969,8.009,,0,nearest_robot=robot6
274.000,ours,-,robot3,MIN_DISTANCE,OK,11.893,8.009,,0,nearest_robot=robot2
274.000,ours,-,robot4,MIN_DISTANCE,OK,7.320,8.009,,0,nearest_robot=robot6
274.000,ours,-,robot5,MIN_DISTANCE,OK,8.450,8.009,,0,nearest_robot=robot1
274.000,ours,-,robot6,MIN_DISTANCE,OK,5.969,8.009,,0,nearest_robot=robot2
274.000,ours,-,fleet,MIN_DISTANCE_AVG,OK,8.009,,,0,robots_sampled=6
274.500,ours,-,fleet,CHOMP_TIME_FULL,OK,,2.589,,0,iterations=100;iterations_executed=65;source=algorithm;round_trip=2.615252
275.000,ours,-,robot1,MIN_DISTANCE,OK,8.669,7.864,,0,nearest_robot=robot5
275.000,ours,-,robot2,MIN_DISTANCE,OK,5.562,7.864,,0,nearest_robot=robot6
275.000,ours,-,robot3,MIN_DISTANCE,OK,11.516,7.864,,0,nearest_robot=robot2
275.000,ours,-,robot4,MIN_DISTANCE,OK,7.209,7.864,,0,nearest_robot=robot6
275.000,ours,-,robot5,MIN_DISTANCE,OK,8.669,7.864,,0,nearest_robot=robot1
275.000,ours,-,robot6,MIN_DISTANCE,OK,5.562,7.864,,0,nearest_robot=robot2
275.000,ours,-,fleet,MIN_DISTANCE_AVG,OK,7.864,,,0,robots_sampled=6
276.000,ours,-,robot1,MIN_DISTANCE,OK,8.908,7.773,,0,nearest_robot=robot5
276.000,ours,-,robot2,MIN_DISTANCE,OK,5.264,7.773,,0,nearest_robot=robot6
276.000,ours,-,robot3,MIN_DISTANCE,OK,11.150,7.773,,0,nearest_robot=robot2
276.000,ours,-,robot4,MIN_DISTANCE,OK,7.146,7.773,,0,nearest_robot=robot6
276.000,ours,-,robot5,MIN_DISTANCE,OK,8.908,7.773,,0,nearest_robot=robot1
276.000,ours,-,robot6,MIN_DISTANCE,OK,5.264,7.773,,0,nearest_robot=robot2
276.000,ours,-,fleet,MIN_DISTANCE_AVG,OK,7.773,,,0,robots_sampled=6
277.000,ours,-,robot1,MIN_DISTANCE,OK,9.123,7.692,,0,nearest_robot=robot5
277.000,ours,-,robot2,MIN_DISTANCE,OK,5.004,7.692,,0,nearest_robot=robot6
277.000,ours,-,robot3,MIN_DISTANCE,OK,10.791,7.692,,0,nearest_robot=robot2
277.000,ours,-,robot4,MIN_DISTANCE,OK,7.104,7.692,,0,nearest_robot=robot6
277.000,ours,-,robot5,MIN_DISTANCE,OK,9.123,7.692,,0,nearest_robot=robot1
277.000,ours,-,robot6,MIN_DISTANCE,OK,5.004,7.692,,0,nearest_robot=robot2
277.000,ours,-,fleet,MIN_DISTANCE_AVG,OK,7.692,,,0,robots_sampled=6
278.000,ours,-,robot1,MIN_DISTANCE,OK,9.345,7.642,,0,nearest_robot=robot5
278.000,ours,-,robot2,MIN_DISTANCE,OK,4.812,7.642,,0,nearest_robot=robot6
278.000,ours,-,robot3,MIN_DISTANCE,OK,10.429,7.642,,0,nearest_robot=robot2
278.000,ours,-,robot4,MIN_DISTANCE,OK,7.111,7.642,,0,nearest_robot=robot6
278.000,ours,-,robot5,MIN_DISTANCE,OK,9.345,7.642,,0,nearest_robot=robot1
278.000,ours,-,robot6,MIN_DISTANCE,OK,4.812,7.642,,0,nearest_robot=robot2
278.000,ours,-,fleet,MIN_DISTANCE_AVG,OK,7.642,,,0,robots_sampled=6
278.040,ours,-,fleet,CHOMP_TIME_FULL,OK,,2.620,,0,iterations=100;iterations_executed=65;source=algorithm;round_trip=2.641891
279.000,ours,-,robot1,MIN_DISTANCE,OK,9.580,7.637,,0,nearest_robot=robot5
279.000,ours,-,robot2,MIN_DISTANCE,OK,4.705,7.637,,0,nearest_robot=robot6
279.000,ours,-,robot3,MIN_DISTANCE,OK,10.056,7.637,,0,nearest_robot=robot2
279.000,ours,-,robot4,MIN_DISTANCE,OK,7.194,7.637,,0,nearest_robot=robot6
279.000,ours,-,robot5,MIN_DISTANCE,OK,9.580,7.637,,0,nearest_robot=robot1
279.000,ours,-,robot6,MIN_DISTANCE,OK,4.705,7.637,,0,nearest_robot=robot2
279.000,ours,-,fleet,MIN_DISTANCE_AVG,OK,7.637,,,0,robots_sampled=6
280.000,ours,-,robot1,MIN_DISTANCE,OK,9.827,7.675,,0,nearest_robot=robot5
280.000,ours,-,robot2,MIN_DISTANCE,OK,4.691,7.675,,0,nearest_robot=robot6
280.000,ours,-,robot3,MIN_DISTANCE,OK,9.659,7.675,,0,nearest_robot=robot2
280.000,ours,-,robot4,MIN_DISTANCE,OK,7.354,7.675,,0,nearest_robot=robot6
280.000,ours,-,robot5,MIN_DISTANCE,OK,9.827,7.675,,0,nearest_robot=robot1
280.000,ours,-,robot6,MIN_DISTANCE,OK,4.691,7.675,,0,nearest_robot=robot2
280.000,ours,-,fleet,MIN_DISTANCE_AVG,OK,7.675,,,0,robots_sampled=6
281.000,ours,-,robot1,MIN_DISTANCE,OK,10.028,7.723,,0,nearest_robot=robot5
281.000,ours,-,robot2,MIN_DISTANCE,OK,4.722,7.723,,0,nearest_robot=robot6
281.000,ours,-,robot3,MIN_DISTANCE,OK,9.260,7.723,,0,nearest_robot=robot2
281.000,ours,-,robot4,MIN_DISTANCE,OK,7.576,7.723,,0,nearest_robot=robot6
281.000,ours,-,robot5,MIN_DISTANCE,OK,10.028,7.723,,0,nearest_robot=robot1
281.000,ours,-,robot6,MIN_DISTANCE,OK,4.722,7.723,,0,nearest_robot=robot2
281.000,ours,-,fleet,MIN_DISTANCE_AVG,OK,7.723,,,0,robots_sampled=6
281.480,ours,-,fleet,CHOMP_TIME_FULL,OK,,2.568,,0,iterations=100;iterations_executed=63;source=algorithm;round_trip=2.590303
282.000,ours,-,robot1,MIN_DISTANCE,OK,10.231,7.808,,0,nearest_robot=robot5
282.000,ours,-,robot2,MIN_DISTANCE,OK,4.861,7.808,,0,nearest_robot=robot6
282.000,ours,-,robot3,MIN_DISTANCE,OK,8.873,7.808,,0,nearest_robot=robot2
282.000,ours,-,robot4,MIN_DISTANCE,OK,7.794,7.808,,0,nearest_robot=robot6
282.000,ours,-,robot5,MIN_DISTANCE,OK,10.231,7.808,,0,nearest_robot=robot1
282.000,ours,-,robot6,MIN_DISTANCE,OK,4.861,7.808,,0,nearest_robot=robot2
282.000,ours,-,fleet,MIN_DISTANCE_AVG,OK,7.808,,,0,robots_sampled=6
283.000,ours,-,robot1,MIN_DISTANCE,OK,10.427,7.910,,0,nearest_robot=robot5
283.000,ours,-,robot2,MIN_DISTANCE,OK,5.035,7.910,,0,nearest_robot=robot6
283.000,ours,-,robot3,MIN_DISTANCE,OK,8.511,7.910,,0,nearest_robot=robot2
283.000,ours,-,robot4,MIN_DISTANCE,OK,8.022,7.910,,0,nearest_robot=robot6
283.000,ours,-,robot5,MIN_DISTANCE,OK,10.427,7.910,,0,nearest_robot=robot1
283.000,ours,-,robot6,MIN_DISTANCE,OK,5.035,7.910,,0,nearest_robot=robot2
283.000,ours,-,fleet,MIN_DISTANCE_AVG,OK,7.910,,,0,robots_sampled=6
284.000,ours,-,robot1,MIN_DISTANCE,OK,10.689,8.090,,0,nearest_robot=robot5
284.000,ours,-,robot2,MIN_DISTANCE,OK,5.344,8.090,,0,nearest_robot=robot6
284.000,ours,-,robot3,MIN_DISTANCE,OK,8.150,8.090,,0,nearest_robot=robot2
284.000,ours,-,robot4,MIN_DISTANCE,OK,8.323,8.090,,0,nearest_robot=robot6
284.000,ours,-,robot5,MIN_DISTANCE,OK,10.689,8.090,,0,nearest_robot=robot1
284.000,ours,-,robot6,MIN_DISTANCE,OK,5.344,8.090,,0,nearest_robot=robot2
284.000,ours,-,fleet,MIN_DISTANCE_AVG,OK,8.090,,,0,robots_sampled=6
284.520,ours,-,fleet,CHOMP_TIME_FULL,OK,,2.606,,0,iterations=100;iterations_executed=65;source=algorithm;round_trip=2.632775
285.000,ours,-,robot1,MIN_DISTANCE,OK,11.136,8.385,,0,nearest_robot=robot5
285.000,ours,-,robot2,MIN_DISTANCE,OK,5.805,8.385,,0,nearest_robot=robot6
285.000,ours,-,robot3,MIN_DISTANCE,OK,7.794,8.385,,0,nearest_robot=robot2
285.000,ours,-,robot4,MIN_DISTANCE,OK,8.635,8.385,,0,nearest_robot=robot6
285.000,ours,-,robot5,MIN_DISTANCE,OK,11.136,8.385,,0,nearest_robot=robot1
285.000,ours,-,robot6,MIN_DISTANCE,OK,5.805,8.385,,0,nearest_robot=robot2
285.000,ours,-,fleet,MIN_DISTANCE_AVG,OK,8.385,,,0,robots_sampled=6
286.000,ours,-,robot1,MIN_DISTANCE,OK,11.606,8.698,,0,nearest_robot=robot5
286.000,ours,-,robot2,MIN_DISTANCE,OK,6.285,8.698,,0,nearest_robot=robot6
286.000,ours,-,robot3,MIN_DISTANCE,OK,7.462,8.698,,0,nearest_robot=robot2
286.000,ours,-,robot4,MIN_DISTANCE,OK,8.944,8.698,,0,nearest_robot=robot6
286.000,ours,-,robot5,MIN_DISTANCE,OK,11.606,8.698,,0,nearest_robot=robot1
286.000,ours,-,robot6,MIN_DISTANCE,OK,6.285,8.698,,0,nearest_robot=robot2
286.000,ours,-,fleet,MIN_DISTANCE_AVG,OK,8.698,,,0,robots_sampled=6
287.000,ours,-,robot1,MIN_DISTANCE,OK,12.051,9.013,,0,nearest_robot=robot5
287.000,ours,-,robot2,MIN_DISTANCE,OK,6.782,9.013,,0,nearest_robot=robot6
287.000,ours,-,robot3,MIN_DISTANCE,OK,7.162,9.013,,0,nearest_robot=robot2
287.000,ours,-,robot4,MIN_DISTANCE,OK,9.250,9.013,,0,nearest_robot=robot6
287.000,ours,-,robot5,MIN_DISTANCE,OK,12.051,9.013,,0,nearest_robot=robot1
287.000,ours,-,robot6,MIN_DISTANCE,OK,6.782,9.013,,0,nearest_robot=robot2
287.000,ours,-,fleet,MIN_DISTANCE_AVG,OK,9.013,,,0,robots_sampled=6
287.740,ours,-,fleet,CHOMP_TIME_FULL,OK,,2.296,,0,iterations=100;iterations_executed=59;source=algorithm;round_trip=2.318428
288.000,ours,-,robot1,MIN_DISTANCE,OK,12.456,9.266,,0,nearest_robot=robot5
288.000,ours,-,robot2,MIN_DISTANCE,OK,6.893,9.266,,0,nearest_robot=robot3
288.000,ours,-,robot3,MIN_DISTANCE,OK,6.893,9.266,,0,nearest_robot=robot2
288.000,ours,-,robot4,MIN_DISTANCE,OK,9.603,9.266,,0,nearest_robot=robot6
288.000,ours,-,robot5,MIN_DISTANCE,OK,12.456,9.266,,0,nearest_robot=robot1
288.000,ours,-,robot6,MIN_DISTANCE,OK,7.297,9.266,,0,nearest_robot=robot2
288.000,ours,-,fleet,MIN_DISTANCE_AVG,OK,9.266,,,0,robots_sampled=6
289.000,ours,-,robot1,MIN_DISTANCE,OK,12.830,9.432,,0,nearest_robot=robot5
289.000,ours,-,robot2,MIN_DISTANCE,OK,6.641,9.432,,0,nearest_robot=robot3
289.000,ours,-,robot3,MIN_DISTANCE,OK,6.641,9.432,,0,nearest_robot=robot2
289.000,ours,-,robot4,MIN_DISTANCE,OK,9.888,9.432,,0,nearest_robot=robot6
289.000,ours,-,robot5,MIN_DISTANCE,OK,12.830,9.432,,0,nearest_robot=robot1
289.000,ours,-,robot6,MIN_DISTANCE,OK,7.761,9.432,,0,nearest_robot=robot2
289.000,ours,-,fleet,MIN_DISTANCE_AVG,OK,9.432,,,0,robots_sampled=6
289.910,ours,-,fleet,CHOMP_TIME_FULL,OK,,1.456,,0,iterations=100;iterations_executed=37;source=algorithm;round_trip=1.474750
290.000,ours,-,robot1,MIN_DISTANCE,OK,13.186,9.420,,0,nearest_robot=robot5
290.000,ours,-,robot2,MIN_DISTANCE,OK,6.354,9.420,,0,nearest_robot=robot3
290.000,ours,-,robot3,MIN_DISTANCE,OK,6.354,9.420,,0,nearest_robot=robot2
290.000,ours,-,robot4,MIN_DISTANCE,OK,9.896,9.420,,0,nearest_robot=robot6
290.000,ours,-,robot5,MIN_DISTANCE,OK,12.565,9.420,,0,nearest_robot=robot6
290.000,ours,-,robot6,MIN_DISTANCE,OK,8.165,9.420,,0,nearest_robot=robot2
290.000,ours,-,fleet,MIN_DISTANCE_AVG,OK,9.420,,,0,robots_sampled=6
291.000,ours,-,robot1,MIN_DISTANCE,OK,13.498,9.396,,0,nearest_robot=robot5
291.000,ours,-,robot2,MIN_DISTANCE,OK,6.137,9.396,,0,nearest_robot=robot3
291.000,ours,-,robot3,MIN_DISTANCE,OK,6.137,9.396,,0,nearest_robot=robot2
291.000,ours,-,robot4,MIN_DISTANCE,OK,9.851,9.396,,0,nearest_robot=robot6
291.000,ours,-,robot5,MIN_DISTANCE,OK,12.220,9.396,,0,nearest_robot=robot6
291.000,ours,-,robot6,MIN_DISTANCE,OK,8.532,9.396,,0,nearest_robot=robot2
291.000,ours,-,fleet,MIN_DISTANCE_AVG,OK,9.396,,,0,robots_sampled=6
291.440,ours,-,fleet,CHOMP_TIME_FULL,OK,,0.955,,0,iterations=100;iterations_executed=23;source=algorithm;round_trip=0.978656
292.000,ours,-,robot1,MIN_DISTANCE,OK,13.784,9.377,,0,nearest_robot=robot5
292.000,ours,-,robot2,MIN_DISTANCE,OK,5.933,9.377,,0,nearest_robot=robot3
292.000,ours,-,robot3,MIN_DISTANCE,OK,5.933,9.377,,0,nearest_robot=robot2
292.000,ours,-,robot4,MIN_DISTANCE,OK,9.805,9.377,,0,nearest_robot=robot6
292.000,ours,-,robot5,MIN_DISTANCE,OK,11.919,9.377,,0,nearest_robot=robot6
292.000,ours,-,robot6,MIN_DISTANCE,OK,8.888,9.377,,0,nearest_robot=robot2
292.000,ours,-,fleet,MIN_DISTANCE_AVG,OK,9.377,,,0,robots_sampled=6
293.000,ours,-,robot1,MIN_DISTANCE,OK,14.068,9.361,,0,nearest_robot=robot5
293.000,ours,-,robot2,MIN_DISTANCE,OK,5.783,9.361,,0,nearest_robot=robot3
293.000,ours,-,robot3,MIN_DISTANCE,OK,5.783,9.361,,0,nearest_robot=robot2
293.000,ours,-,robot4,MIN_DISTANCE,OK,9.800,9.361,,0,nearest_robot=robot6
293.000,ours,-,robot5,MIN_DISTANCE,OK,11.581,9.361,,0,nearest_robot=robot6
293.000,ours,-,robot6,MIN_DISTANCE,OK,9.153,9.361,,0,nearest_robot=robot2
293.000,ours,-,fleet,MIN_DISTANCE_AVG,OK,9.361,,,0,robots_sampled=6
293.040,ours,-,fleet,CHOMP_TIME_FULL,OK,,1.065,,0,iterations=100;iterations_executed=27;source=algorithm;round_trip=1.086577
294.000,ours,-,robot1,MIN_DISTANCE,OK,14.343,9.322,,0,nearest_robot=robot5
294.000,ours,-,robot2,MIN_DISTANCE,OK,5.537,9.322,,0,nearest_robot=robot3
294.000,ours,-,robot3,MIN_DISTANCE,OK,5.537,9.322,,0,nearest_robot=robot2
294.000,ours,-,robot4,MIN_DISTANCE,OK,9.795,9.322,,0,nearest_robot=robot6
294.000,ours,-,robot5,MIN_DISTANCE,OK,11.154,9.322,,0,nearest_robot=robot6
294.000,ours,-,robot6,MIN_DISTANCE,OK,9.564,9.322,,0,nearest_robot=robot2
294.000,ours,-,fleet,MIN_DISTANCE_AVG,OK,9.322,,,0,robots_sampled=6
295.000,ours,-,robot1,MIN_DISTANCE,OK,14.611,9.275,,0,nearest_robot=robot5
295.000,ours,-,robot2,MIN_DISTANCE,OK,5.346,9.275,,0,nearest_robot=robot3
295.000,ours,-,robot3,MIN_DISTANCE,OK,5.346,9.275,,0,nearest_robot=robot2
295.000,ours,-,robot4,MIN_DISTANCE,OK,9.805,9.275,,0,nearest_robot=robot6
295.000,ours,-,robot5,MIN_DISTANCE,OK,10.737,9.275,,0,nearest_robot=robot6
295.000,ours,-,robot6,MIN_DISTANCE,OK,9.805,9.275,,0,nearest_robot=robot4
295.000,ours,-,fleet,MIN_DISTANCE_AVG,OK,9.275,,,0,robots_sampled=6
295.410,ours,-,fleet,CHOMP_TIME_FULL,OK,,1.446,,0,iterations=100;iterations_executed=37;source=algorithm;round_trip=1.470703
296.000,ours,-,robot1,MIN_DISTANCE,OK,14.895,9.211,,0,nearest_robot=robot5
296.000,ours,-,robot2,MIN_DISTANCE,OK,5.200,9.211,,0,nearest_robot=robot3
296.000,ours,-,robot3,MIN_DISTANCE,OK,5.200,9.211,,0,nearest_robot=robot2
296.000,ours,-,robot4,MIN_DISTANCE,OK,9.833,9.211,,0,nearest_robot=robot6
296.000,ours,-,robot5,MIN_DISTANCE,OK,10.306,9.211,,0,nearest_robot=robot6
296.000,ours,-,robot6,MIN_DISTANCE,OK,9.833,9.211,,0,nearest_robot=robot4
296.000,ours,-,fleet,MIN_DISTANCE_AVG,OK,9.211,,,0,robots_sampled=6
297.000,ours,-,robot1,MIN_DISTANCE,OK,15.188,9.162,,0,nearest_robot=robot5
297.000,ours,-,robot2,MIN_DISTANCE,OK,5.089,9.162,,0,nearest_robot=robot3
297.000,ours,-,robot3,MIN_DISTANCE,OK,5.089,9.162,,0,nearest_robot=robot2
297.000,ours,-,robot4,MIN_DISTANCE,OK,9.903,9.162,,0,nearest_robot=robot6
297.000,ours,-,robot5,MIN_DISTANCE,OK,9.851,9.162,,0,nearest_robot=robot6
297.000,ours,-,robot6,MIN_DISTANCE,OK,9.851,9.162,,0,nearest_robot=robot5
297.000,ours,-,fleet,MIN_DISTANCE_AVG,OK,9.162,,,0,robots_sampled=6
297.130,ours,-,fleet,CHOMP_TIME_FULL,OK,,1.150,,0,iterations=100;iterations_executed=29;source=algorithm;round_trip=1.174556
298.000,ours,-,robot1,MIN_DISTANCE,OK,15.472,9.056,,0,nearest_robot=robot5
298.000,ours,-,robot2,MIN_DISTANCE,OK,4.983,9.056,,0,nearest_robot=robot3
298.000,ours,-,robot3,MIN_DISTANCE,OK,4.983,9.056,,0,nearest_robot=robot2
298.000,ours,-,robot4,MIN_DISTANCE,OK,10.020,9.056,,0,nearest_robot=robot6
298.000,ours,-,robot5,MIN_DISTANCE,OK,9.439,9.056,,0,nearest_robot=robot6
298.000,ours,-,robot6,MIN_DISTANCE,OK,9.439,9.056,,0,nearest_robot=robot5
298.000,ours,-,fleet,MIN_DISTANCE_AVG,OK,9.056,,,0,robots_sampled=6
299.000,ours,-,robot1,MIN_DISTANCE,OK,15.768,8.985,,0,nearest_robot=robot5
299.000,ours,-,robot2,MIN_DISTANCE,OK,4.953,8.985,,0,nearest_robot=robot3
299.000,ours,-,robot3,MIN_DISTANCE,OK,4.953,8.985,,0,nearest_robot=robot2
299.000,ours,-,robot4,MIN_DISTANCE,OK,10.156,8.985,,0,nearest_robot=robot6
299.000,ours,-,robot5,MIN_DISTANCE,OK,9.039,8.985,,0,nearest_robot=robot6
299.000,ours,-,robot6,MIN_DISTANCE,OK,9.039,8.985,,0,nearest_robot=robot5
299.000,ours,-,fleet,MIN_DISTANCE_AVG,OK,8.985,,,0,robots_sampled=6
299.060,ours,-,fleet,CHOMP_TIME_FULL,OK,,1.072,,0,iterations=100;iterations_executed=26;source=algorithm;round_trip=1.097330
300.000,ours,-,robot1,MIN_DISTANCE,OK,16.054,8.931,,0,nearest_robot=robot5
300.000,ours,-,robot2,MIN_DISTANCE,OK,4.956,8.931,,0,nearest_robot=robot3
300.000,ours,-,robot3,MIN_DISTANCE,OK,4.956,8.931,,0,nearest_robot=robot2
300.000,ours,-,robot4,MIN_DISTANCE,OK,10.294,8.931,,0,nearest_robot=robot6
300.000,ours,-,robot5,MIN_DISTANCE,OK,8.662,8.931,,0,nearest_robot=robot6
300.000,ours,-,robot6,MIN_DISTANCE,OK,8.662,8.931,,0,nearest_robot=robot5
300.000,ours,-,fleet,MIN_DISTANCE_AVG,OK,8.931,,,0,robots_sampled=6
301.000,ours,-,robot1,MIN_DISTANCE,OK,16.370,8.864,,0,nearest_robot=robot5
301.000,ours,-,robot2,MIN_DISTANCE,OK,4.920,8.864,,0,nearest_robot=robot3
301.000,ours,-,robot3,MIN_DISTANCE,OK,4.920,8.864,,0,nearest_robot=robot2
301.000,ours,-,robot4,MIN_DISTANCE,OK,10.449,8.864,,0,nearest_robot=robot6
301.000,ours,-,robot5,MIN_DISTANCE,OK,8.261,8.864,,0,nearest_robot=robot6
301.000,ours,-,robot6,MIN_DISTANCE,OK,8.261,8.864,,0,nearest_robot=robot5
301.000,ours,-,fleet,MIN_DISTANCE_AVG,OK,8.864,,,0,robots_sampled=6
302.000,ours,-,robot1,MIN_DISTANCE,OK,16.658,8.787,,0,nearest_robot=robot5
302.000,ours,-,robot2,MIN_DISTANCE,OK,4.825,8.787,,0,nearest_robot=robot3
302.000,ours,-,robot3,MIN_DISTANCE,OK,4.825,8.787,,0,nearest_robot=robot2
302.000,ours,-,robot4,MIN_DISTANCE,OK,10.590,8.787,,0,nearest_robot=robot6
302.000,ours,-,robot5,MIN_DISTANCE,OK,7.913,8.787,,0,nearest_robot=robot6
302.000,ours,-,robot6,MIN_DISTANCE,OK,7.913,8.787,,0,nearest_robot=robot5
302.000,ours,-,fleet,MIN_DISTANCE_AVG,OK,8.787,,,0,robots_sampled=6
303.000,ours,-,robot1,MIN_DISTANCE,OK,16.985,8.740,,0,nearest_robot=robot5
303.000,ours,-,robot2,MIN_DISTANCE,OK,4.840,8.740,,0,nearest_robot=robot3
303.000,ours,-,robot3,MIN_DISTANCE,OK,4.840,8.740,,0,nearest_robot=robot2
303.000,ours,-,robot4,MIN_DISTANCE,OK,10.736,8.740,,0,nearest_robot=robot6
303.000,ours,-,robot5,MIN_DISTANCE,OK,7.519,8.740,,0,nearest_robot=robot6
303.000,ours,-,robot6,MIN_DISTANCE,OK,7.519,8.740,,0,nearest_robot=robot5
303.000,ours,-,fleet,MIN_DISTANCE_AVG,OK,8.740,,,0,robots_sampled=6
303.750,ours,-,fleet,CHOMP_TIME_FULL,OK,,3.849,,0,iterations=100;iterations_executed=100;source=algorithm;round_trip=3.877409
304.000,ours,-,robot1,MIN_DISTANCE,OK,17.290,8.697,,0,nearest_robot=robot5
304.000,ours,-,robot2,MIN_DISTANCE,OK,4.837,8.697,,0,nearest_robot=robot3
304.000,ours,-,robot3,MIN_DISTANCE,OK,4.837,8.697,,0,nearest_robot=robot2
304.000,ours,-,robot4,MIN_DISTANCE,OK,10.916,8.697,,0,nearest_robot=robot6
304.000,ours,-,robot5,MIN_DISTANCE,OK,7.150,8.697,,0,nearest_robot=robot6
304.000,ours,-,robot6,MIN_DISTANCE,OK,7.150,8.697,,0,nearest_robot=robot5
304.000,ours,-,fleet,MIN_DISTANCE_AVG,OK,8.697,,,0,robots_sampled=6
305.000,ours,-,robot1,MIN_DISTANCE,OK,17.158,8.574,,0,nearest_robot=robot4
305.000,ours,-,robot2,MIN_DISTANCE,OK,4.802,8.574,,0,nearest_robot=robot3
305.000,ours,-,robot3,MIN_DISTANCE,OK,4.802,8.574,,0,nearest_robot=robot2
305.000,ours,-,robot4,MIN_DISTANCE,OK,11.038,8.574,,0,nearest_robot=robot5
305.000,ours,-,robot5,MIN_DISTANCE,OK,6.822,8.574,,0,nearest_robot=robot6
305.000,ours,-,robot6,MIN_DISTANCE,OK,6.822,8.574,,0,nearest_robot=robot5
305.000,ours,-,fleet,MIN_DISTANCE_AVG,OK,8.574,,,0,robots_sampled=6
306.000,ours,-,robot1,MIN_DISTANCE,OK,16.739,8.401,,0,nearest_robot=robot4
306.000,ours,-,robot2,MIN_DISTANCE,OK,4.866,8.401,,0,nearest_robot=robot3
306.000,ours,-,robot3,MIN_DISTANCE,OK,4.866,8.401,,0,nearest_robot=robot2
306.000,ours,-,robot4,MIN_DISTANCE,OK,10.919,8.401,,0,nearest_robot=robot5
306.000,ours,-,robot5,MIN_DISTANCE,OK,6.509,8.401,,0,nearest_robot=robot6
306.000,ours,-,robot6,MIN_DISTANCE,OK,6.509,8.401,,0,nearest_robot=robot5
306.000,ours,-,fleet,MIN_DISTANCE_AVG,OK,8.401,,,0,robots_sampled=6
307.000,ours,-,robot1,MIN_DISTANCE,OK,16.309,8.323,,0,nearest_robot=robot4
307.000,ours,-,robot2,MIN_DISTANCE,OK,5.135,8.323,,0,nearest_robot=robot3
307.000,ours,-,robot3,MIN_DISTANCE,OK,5.135,8.323,,0,nearest_robot=robot2
307.000,ours,-,robot4,MIN_DISTANCE,OK,10.866,8.323,,0,nearest_robot=robot5
307.000,ours,-,robot5,MIN_DISTANCE,OK,6.246,8.323,,0,nearest_robot=robot6
307.000,ours,-,robot6,MIN_DISTANCE,OK,6.246,8.323,,0,nearest_robot=robot5
307.000,ours,-,fleet,MIN_DISTANCE_AVG,OK,8.323,,,0,robots_sampled=6
308.000,ours,-,robot1,MIN_DISTANCE,OK,15.846,8.247,,0,nearest_robot=robot4
308.000,ours,-,robot2,MIN_DISTANCE,OK,5.372,8.247,,0,nearest_robot=robot3
308.000,ours,-,robot3,MIN_DISTANCE,OK,5.372,8.247,,0,nearest_robot=robot2
308.000,ours,-,robot4,MIN_DISTANCE,OK,10.929,8.247,,0,nearest_robot=robot5
308.000,ours,-,robot5,MIN_DISTANCE,OK,5.982,8.247,,0,nearest_robot=robot6
308.000,ours,-,robot6,MIN_DISTANCE,OK,5.982,8.247,,0,nearest_robot=robot5
308.000,ours,-,fleet,MIN_DISTANCE_AVG,OK,8.247,,,0,robots_sampled=6
308.330,ours,-,fleet,CHOMP_TIME_FULL,OK,,3.961,,0,iterations=100;iterations_executed=100;source=algorithm;round_trip=3.979576
309.000,ours,-,robot1,MIN_DISTANCE,OK,15.427,8.228,,0,nearest_robot=robot4
309.000,ours,-,robot2,MIN_DISTANCE,OK,5.613,8.228,,0,nearest_robot=robot3
309.000,ours,-,robot3,MIN_DISTANCE,OK,5.613,8.228,,0,nearest_robot=robot2
309.000,ours,-,robot4,MIN_DISTANCE,OK,11.289,8.228,,0,nearest_robot=robot5
309.000,ours,-,robot5,MIN_DISTANCE,OK,5.714,8.228,,0,nearest_robot=robot6
309.000,ours,-,robot6,MIN_DISTANCE,OK,5.714,8.228,,0,nearest_robot=robot5
309.000,ours,-,fleet,MIN_DISTANCE_AVG,OK,8.228,,,0,robots_sampled=6
310.000,ours,-,robot1,MIN_DISTANCE,OK,15.054,8.279,,0,nearest_robot=robot4
310.000,ours,-,robot2,MIN_DISTANCE,OK,5.820,8.279,,0,nearest_robot=robot3
310.000,ours,-,robot3,MIN_DISTANCE,OK,5.820,8.279,,0,nearest_robot=robot2
310.000,ours,-,robot4,MIN_DISTANCE,OK,11.708,8.279,,0,nearest_robot=robot5
310.000,ours,-,robot5,MIN_DISTANCE,OK,5.637,8.279,,0,nearest_robot=robot6
310.000,ours,-,robot6,MIN_DISTANCE,OK,5.637,8.279,,0,nearest_robot=robot5
310.000,ours,-,fleet,MIN_DISTANCE_AVG,OK,8.279,,,0,robots_sampled=6
311.000,ours,-,robot1,MIN_DISTANCE,OK,14.663,8.365,,0,nearest_robot=robot4
311.000,ours,-,robot2,MIN_DISTANCE,OK,6.016,8.365,,0,nearest_robot=robot3
311.000,ours,-,robot3,MIN_DISTANCE,OK,6.016,8.365,,0,nearest_robot=robot2
311.000,ours,-,robot4,MIN_DISTANCE,OK,12.090,8.365,,0,nearest_robot=robot5
311.000,ours,-,robot5,MIN_DISTANCE,OK,5.704,8.365,,0,nearest_robot=robot6
311.000,ours,-,robot6,MIN_DISTANCE,OK,5.704,8.365,,0,nearest_robot=robot5
311.000,ours,-,fleet,MIN_DISTANCE_AVG,OK,8.365,,,0,robots_sampled=6
312.000,ours,-,robot1,MIN_DISTANCE,OK,14.279,8.439,,0,nearest_robot=robot4
312.000,ours,-,robot2,MIN_DISTANCE,OK,6.206,8.439,,0,nearest_robot=robot3
312.000,ours,-,robot3,MIN_DISTANCE,OK,6.206,8.439,,0,nearest_robot=robot2
312.000,ours,-,robot4,MIN_DISTANCE,OK,12.377,8.439,,0,nearest_robot=robot5
312.000,ours,-,robot5,MIN_DISTANCE,OK,5.782,8.439,,0,nearest_robot=robot6
312.000,ours,-,robot6,MIN_DISTANCE,OK,5.782,8.439,,0,nearest_robot=robot5
312.000,ours,-,fleet,MIN_DISTANCE_AVG,OK,8.439,,,0,robots_sampled=6
312.850,ours,-,fleet,CHOMP_TIME_FULL,OK,,3.966,,0,iterations=100;iterations_executed=100;source=algorithm;round_trip=3.988480
313.000,ours,-,robot1,MIN_DISTANCE,OK,13.881,8.500,,0,nearest_robot=robot4
313.000,ours,-,robot2,MIN_DISTANCE,OK,6.430,8.500,,0,nearest_robot=robot3
313.000,ours,-,robot3,MIN_DISTANCE,OK,6.430,8.500,,0,nearest_robot=robot2
313.000,ours,-,robot4,MIN_DISTANCE,OK,12.555,8.500,,0,nearest_robot=robot5
313.000,ours,-,robot5,MIN_DISTANCE,OK,5.851,8.500,,0,nearest_robot=robot6
313.000,ours,-,robot6,MIN_DISTANCE,OK,5.851,8.500,,0,nearest_robot=robot5
313.000,ours,-,fleet,MIN_DISTANCE_AVG,OK,8.500,,,0,robots_sampled=6
314.000,ours,-,robot1,MIN_DISTANCE,OK,13.468,8.667,,0,nearest_robot=robot4
314.000,ours,-,robot2,MIN_DISTANCE,OK,6.666,8.667,,0,nearest_robot=robot3
314.000,ours,-,robot3,MIN_DISTANCE,OK,6.666,8.667,,0,nearest_robot=robot2
314.000,ours,-,robot4,MIN_DISTANCE,OK,12.918,8.667,,0,nearest_robot=robot5
314.000,ours,-,robot5,MIN_DISTANCE,OK,6.142,8.667,,0,nearest_robot=robot6
314.000,ours,-,robot6,MIN_DISTANCE,OK,6.142,8.667,,0,nearest_robot=robot5
314.000,ours,-,fleet,MIN_DISTANCE_AVG,OK,8.667,,,0,robots_sampled=6
315.000,ours,-,robot1,MIN_DISTANCE,OK,13.070,8.835,,0,nearest_robot=robot4
315.000,ours,-,robot2,MIN_DISTANCE,OK,6.914,8.835,,0,nearest_robot=robot3
315.000,ours,-,robot3,MIN_DISTANCE,OK,6.914,8.835,,0,nearest_robot=robot2
315.000,ours,-,robot4,MIN_DISTANCE,OK,13.070,8.835,,0,nearest_robot=robot1
315.000,ours,-,robot5,MIN_DISTANCE,OK,6.521,8.835,,0,nearest_robot=robot6
315.000,ours,-,robot6,MIN_DISTANCE,OK,6.521,8.835,,0,nearest_robot=robot5
315.000,ours,-,fleet,MIN_DISTANCE_AVG,OK,8.835,,,0,robots_sampled=6
316.000,ours,-,robot1,MIN_DISTANCE,OK,12.639,8.748,,0,nearest_robot=robot4
316.000,ours,-,robot2,MIN_DISTANCE,OK,6.539,8.748,,0,nearest_robot=robot6
316.000,ours,-,robot3,MIN_DISTANCE,OK,7.204,8.748,,0,nearest_robot=robot2
316.000,ours,-,robot4,MIN_DISTANCE,OK,12.639,8.748,,0,nearest_robot=robot1
316.000,ours,-,robot5,MIN_DISTANCE,OK,6.931,8.748,,0,nearest_robot=robot6
316.000,ours,-,robot6,MIN_DISTANCE,OK,6.539,8.748,,0,nearest_robot=robot2
316.000,ours,-,fleet,MIN_DISTANCE_AVG,OK,8.748,,,0,robots_sampled=6
317.000,ours,-,robot1,MIN_DISTANCE,OK,12.232,8.598,,0,nearest_robot=robot4
317.000,ours,-,robot2,MIN_DISTANCE,OK,6.145,8.598,,0,nearest_robot=robot6
317.000,ours,-,robot3,MIN_DISTANCE,OK,7.515,8.598,,0,nearest_robot=robot2
317.000,ours,-,robot4,MIN_DISTANCE,OK,12.232,8.598,,0,nearest_robot=robot1
317.000,ours,-,robot5,MIN_DISTANCE,OK,7.318,8.598,,0,nearest_robot=robot6
317.000,ours,-,robot6,MIN_DISTANCE,OK,6.145,8.598,,0,nearest_robot=robot2
317.000,ours,-,fleet,MIN_DISTANCE_AVG,OK,8.598,,,0,robots_sampled=6
317.270,ours,-,fleet,CHOMP_TIME_FULL,OK,,3.897,,0,iterations=100;iterations_executed=100;source=algorithm;round_trip=3.917372
318.000,ours,-,robot1,MIN_DISTANCE,OK,11.810,8.443,,0,nearest_robot=robot4
318.000,ours,-,robot2,MIN_DISTANCE,OK,5.762,8.443,,0,nearest_robot=robot6
318.000,ours,-,robot3,MIN_DISTANCE,OK,7.826,8.443,,0,nearest_robot=robot2
318.000,ours,-,robot4,MIN_DISTANCE,OK,11.810,8.443,,0,nearest_robot=robot1
318.000,ours,-,robot5,MIN_DISTANCE,OK,7.690,8.443,,0,nearest_robot=robot6
318.000,ours,-,robot6,MIN_DISTANCE,OK,5.762,8.443,,0,nearest_robot=robot2
318.000,ours,-,fleet,MIN_DISTANCE_AVG,OK,8.443,,,0,robots_sampled=6
319.000,ours,-,robot1,MIN_DISTANCE,OK,11.419,8.295,,0,nearest_robot=robot4
319.000,ours,-,robot2,MIN_DISTANCE,OK,5.349,8.295,,0,nearest_robot=robot6
319.000,ours,-,robot3,MIN_DISTANCE,OK,8.181,8.295,,0,nearest_robot=robot2
319.000,ours,-,robot4,MIN_DISTANCE,OK,11.419,8.295,,0,nearest_robot=robot1
319.000,ours,-,robot5,MIN_DISTANCE,OK,8.054,8.295,,0,nearest_robot=robot6
319.000,ours,-,robot6,MIN_DISTANCE,OK,5.349,8.295,,0,nearest_robot=robot2
319.000,ours,-,fleet,MIN_DISTANCE_AVG,OK,8.295,,,0,robots_sampled=6
320.000,ours,-,robot1,MIN_DISTANCE,OK,11.045,8.162,,0,nearest_robot=robot4
320.000,ours,-,robot2,MIN_DISTANCE,OK,4.966,8.162,,0,nearest_robot=robot6
320.000,ours,-,robot3,MIN_DISTANCE,OK,8.520,8.162,,0,nearest_robot=robot2
320.000,ours,-,robot4,MIN_DISTANCE,OK,11.045,8.162,,0,nearest_robot=robot1
320.000,ours,-,robot5,MIN_DISTANCE,OK,8.432,8.162,,0,nearest_robot=robot6
320.000,ours,-,robot6,MIN_DISTANCE,OK,4.966,8.162,,0,nearest_robot=robot2
320.000,ours,-,fleet,MIN_DISTANCE_AVG,OK,8.162,,,0,robots_sampled=6
321.000,ours,-,robot1,MIN_DISTANCE,OK,10.620,8.010,,0,nearest_robot=robot4
321.000,ours,-,robot2,MIN_DISTANCE,OK,4.552,8.010,,0,nearest_robot=robot6
321.000,ours,-,robot3,MIN_DISTANCE,OK,8.887,8.010,,0,nearest_robot=robot2
321.000,ours,-,robot4,MIN_DISTANCE,OK,10.620,8.010,,0,nearest_robot=robot1
321.000,ours,-,robot5,MIN_DISTANCE,OK,8.829,8.010,,0,nearest_robot=robot6
321.000,ours,-,robot6,MIN_DISTANCE,OK,4.552,8.010,,0,nearest_robot=robot2
321.000,ours,-,fleet,MIN_DISTANCE_AVG,OK,8.010,,,0,robots_sampled=6
321.760,ours,-,fleet,CHOMP_TIME_FULL,OK,,3.877,,0,iterations=100;iterations_executed=100;source=algorithm;round_trip=3.899924
322.000,ours,-,robot1,MIN_DISTANCE,OK,10.200,7.868,,0,nearest_robot=robot4
322.000,ours,-,robot2,MIN_DISTANCE,OK,4.179,7.868,,0,nearest_robot=robot6
322.000,ours,-,robot3,MIN_DISTANCE,OK,9.224,7.868,,0,nearest_robot=robot2
322.000,ours,-,robot4,MIN_DISTANCE,OK,10.200,7.868,,0,nearest_robot=robot1
322.000,ours,-,robot5,MIN_DISTANCE,OK,9.223,7.868,,0,nearest_robot=robot6
322.000,ours,-,robot6,MIN_DISTANCE,OK,4.179,7.868,,0,nearest_robot=robot2
322.000,ours,-,fleet,MIN_DISTANCE_AVG,OK,7.868,,,0,robots_sampled=6
323.000,ours,-,robot1,MIN_DISTANCE,OK,9.805,7.737,,0,nearest_robot=robot4
323.000,ours,-,robot2,MIN_DISTANCE,OK,3.790,7.737,,0,nearest_robot=robot6
323.000,ours,-,robot3,MIN_DISTANCE,OK,9.582,7.737,,0,nearest_robot=robot2
323.000,ours,-,robot4,MIN_DISTANCE,OK,9.805,7.737,,0,nearest_robot=robot1
323.000,ours,-,robot5,MIN_DISTANCE,OK,9.649,7.737,,0,nearest_robot=robot6
323.000,ours,-,robot6,MIN_DISTANCE,OK,3.790,7.737,,0,nearest_robot=robot2
323.000,ours,-,fleet,MIN_DISTANCE_AVG,OK,7.737,,,0,robots_sampled=6
324.000,ours,-,robot1,MIN_DISTANCE,OK,9.440,7.613,,0,nearest_robot=robot4
324.000,ours,-,robot2,MIN_DISTANCE,OK,3.398,7.613,,0,nearest_robot=robot6
324.000,ours,-,robot3,MIN_DISTANCE,OK,9.949,7.613,,0,nearest_robot=robot2
324.000,ours,-,robot4,MIN_DISTANCE,OK,9.440,7.613,,0,nearest_robot=robot1
324.000,ours,-,robot5,MIN_DISTANCE,OK,10.052,7.613,,0,nearest_robot=robot6
324.000,ours,-,robot6,MIN_DISTANCE,OK,3.398,7.613,,0,nearest_robot=robot2
324.000,ours,-,fleet,MIN_DISTANCE_AVG,OK,7.613,,,0,robots_sampled=6
325.000,ours,-,robot1,MIN_DISTANCE,OK,9.047,7.484,,0,nearest_robot=robot4
325.000,ours,-,robot2,MIN_DISTANCE,OK,3.015,7.484,,0,nearest_robot=robot6
325.000,ours,-,robot3,MIN_DISTANCE,OK,10.317,7.484,,0,nearest_robot=robot2
325.000,ours,-,robot4,MIN_DISTANCE,OK,9.047,7.484,,0,nearest_robot=robot1
325.000,ours,-,robot5,MIN_DISTANCE,OK,10.461,7.484,,0,nearest_robot=robot6
325.000,ours,-,robot6,MIN_DISTANCE,OK,3.015,7.484,,0,nearest_robot=robot2
325.000,ours,-,fleet,MIN_DISTANCE_AVG,OK,7.484,,,0,robots_sampled=6
326.000,ours,-,robot1,MIN_DISTANCE,OK,8.613,7.348,,0,nearest_robot=robot4
326.000,ours,-,robot2,MIN_DISTANCE,OK,2.615,7.348,,0,nearest_robot=robot6
326.000,ours,-,robot3,MIN_DISTANCE,OK,10.713,7.348,,0,nearest_robot=robot2
326.000,ours,-,robot4,MIN_DISTANCE,OK,8.613,7.348,,0,nearest_robot=robot1
326.000,ours,-,robot5,MIN_DISTANCE,OK,10.917,7.348,,0,nearest_robot=robot6
326.000,ours,-,robot6,MIN_DISTANCE,OK,2.615,7.348,,0,nearest_robot=robot2
326.000,ours,-,fleet,MIN_DISTANCE_AVG,OK,7.348,,,0,robots_sampled=6
326.390,ours,-,fleet,CHOMP_TIME_FULL,OK,,4.022,,0,iterations=100;iterations_executed=100;source=algorithm;round_trip=4.047720
327.000,ours,-,robot1,MIN_DISTANCE,OK,8.253,7.225,,0,nearest_robot=robot4
327.000,ours,-,robot2,MIN_DISTANCE,OK,2.233,7.225,,0,nearest_robot=robot6
327.000,ours,-,robot3,MIN_DISTANCE,OK,11.108,7.225,,0,nearest_robot=robot2
327.000,ours,-,robot4,MIN_DISTANCE,OK,8.253,7.225,,0,nearest_robot=robot1
327.000,ours,-,robot5,MIN_DISTANCE,OK,11.273,7.225,,0,nearest_robot=robot6
327.000,ours,-,robot6,MIN_DISTANCE,OK,2.233,7.225,,0,nearest_robot=robot2
327.000,ours,-,fleet,MIN_DISTANCE_AVG,OK,7.225,,,0,robots_sampled=6
328.000,ours,-,robot1,MIN_DISTANCE,OK,7.890,7.056,,0,nearest_robot=robot4
328.000,ours,-,robot2,MIN_DISTANCE,OK,1.874,7.056,,0,nearest_robot=robot6
328.000,ours,-,robot3,MIN_DISTANCE,OK,11.503,7.056,,0,nearest_robot=robot2
328.000,ours,-,robot4,MIN_DISTANCE,OK,7.890,7.056,,0,nearest_robot=robot1
328.000,ours,-,robot5,MIN_DISTANCE,OK,11.304,7.056,,0,nearest_robot=robot6
328.000,ours,-,robot6,MIN_DISTANCE,OK,1.874,7.056,,0,nearest_robot=robot2
328.000,ours,-,fleet,MIN_DISTANCE_AVG,OK,7.056,,,0,robots_sampled=6
329.000,ours,-,robot1,MIN_DISTANCE,OK,7.525,6.895,,0,nearest_robot=robot4
329.000,ours,-,robot2,MIN_DISTANCE,OK,1.571,6.895,,0,nearest_robot=robot6
329.000,ours,-,robot3,MIN_DISTANCE,OK,11.871,6.895,,0,nearest_robot=robot2
329.000,ours,-,robot4,MIN_DISTANCE,OK,7.525,6.895,,0,nearest_robot=robot1
329.000,ours,-,robot5,MIN_DISTANCE,OK,11.304,6.895,,0,nearest_robot=robot6
329.000,ours,-,robot6,MIN_DISTANCE,OK,1.571,6.895,,0,nearest_robot=robot2
329.000,ours,-,fleet,MIN_DISTANCE_AVG,OK,6.895,,,0,robots_sampled=6
330.000,ours,-,robot1,MIN_DISTANCE,OK,7.135,6.741,,0,nearest_robot=robot4
330.000,ours,-,robot2,MIN_DISTANCE,OK,1.299,6.741,,0,nearest_robot=robot6
330.000,ours,-,robot3,MIN_DISTANCE,OK,12.273,6.741,,0,nearest_robot=robot2
330.000,ours,-,robot4,MIN_DISTANCE,OK,7.135,6.741,,0,nearest_robot=robot1
330.000,ours,-,robot5,MIN_DISTANCE,OK,11.304,6.741,,0,nearest_robot=robot6
330.000,ours,-,robot6,MIN_DISTANCE,OK,1.299,6.741,,0,nearest_robot=robot2
330.000,ours,-,fleet,MIN_DISTANCE_AVG,OK,6.741,,,0,robots_sampled=6
330.770,ours,-,fleet,CHOMP_TIME_FULL,OK,,3.883,,0,iterations=100;iterations_executed=100;source=algorithm;round_trip=3.908585
331.000,ours,-,robot1,MIN_DISTANCE,OK,6.751,6.624,,0,nearest_robot=robot4
331.000,ours,-,robot2,MIN_DISTANCE,OK,1.144,6.624,,0,nearest_robot=robot6
331.000,ours,-,robot3,MIN_DISTANCE,OK,12.649,6.624,,0,nearest_robot=robot2
331.000,ours,-,robot4,MIN_DISTANCE,OK,6.751,6.624,,0,nearest_robot=robot1
331.000,ours,-,robot5,MIN_DISTANCE,OK,11.304,6.624,,0,nearest_robot=robot6
331.000,ours,-,robot6,MIN_DISTANCE,OK,1.144,6.624,,0,nearest_robot=robot2
331.000,ours,-,fleet,MIN_DISTANCE_AVG,OK,6.624,,,0,robots_sampled=6
332.000,ours,-,robot1,MIN_DISTANCE,OK,6.335,6.473,,0,nearest_robot=robot4
332.000,ours,-,robot2,MIN_DISTANCE,OK,1.084,6.473,,0,nearest_robot=robot6
332.000,ours,-,robot3,MIN_DISTANCE,OK,13.016,6.473,,0,nearest_robot=robot2
332.000,ours,-,robot4,MIN_DISTANCE,OK,6.335,6.473,,0,nearest_robot=robot1
332.000,ours,-,robot5,MIN_DISTANCE,OK,10.987,6.473,,0,nearest_robot=robot2
332.000,ours,-,robot6,MIN_DISTANCE,OK,1.084,6.473,,0,nearest_robot=robot2
332.000,ours,-,fleet,MIN_DISTANCE_AVG,OK,6.473,,,0,robots_sampled=6
333.000,ours,-,robot1,MIN_DISTANCE,OK,5.934,6.347,,0,nearest_robot=robot4
333.000,ours,-,robot2,MIN_DISTANCE,OK,1.132,6.347,,0,nearest_robot=robot6
333.000,ours,-,robot3,MIN_DISTANCE,OK,13.327,6.347,,0,nearest_robot=robot6
333.000,ours,-,robot4,MIN_DISTANCE,OK,5.934,6.347,,0,nearest_robot=robot1
333.000,ours,-,robot5,MIN_DISTANCE,OK,10.622,6.347,,0,nearest_robot=robot2
333.000,ours,-,robot6,MIN_DISTANCE,OK,1.132,6.347,,0,nearest_robot=robot2
333.000,ours,-,fleet,MIN_DISTANCE_AVG,OK,6.347,,,0,robots_sampled=6
334.000,ours,-,robot1,MIN_DISTANCE,OK,5.545,6.209,,0,nearest_robot=robot4
334.000,ours,-,robot2,MIN_DISTANCE,OK,1.288,6.209,,0,nearest_robot=robot6
334.000,ours,-,robot3,MIN_DISTANCE,OK,13.327,6.209,,0,nearest_robot=robot6
334.000,ours,-,robot4,MIN_DISTANCE,OK,5.545,6.209,,0,nearest_robot=robot1
334.000,ours,-,robot5,MIN_DISTANCE,OK,10.261,6.209,,0,nearest_robot=robot2
334.000,ours,-,robot6,MIN_DISTANCE,OK,1.288,6.209,,0,nearest_robot=robot2
334.000,ours,-,fleet,MIN_DISTANCE_AVG,OK,6.209,,,0,robots_sampled=6
335.000,ours,-,robot1,MIN_DISTANCE,OK,5.141,6.092,,0,nearest_robot=robot4
335.000,ours,-,robot2,MIN_DISTANCE,OK,1.521,6.092,,0,nearest_robot=robot6
335.000,ours,-,robot3,MIN_DISTANCE,OK,13.327,6.092,,0,nearest_robot=robot6
335.000,ours,-,robot4,MIN_DISTANCE,OK,5.141,6.092,,0,nearest_robot=robot1
335.000,ours,-,robot5,MIN_DISTANCE,OK,9.898,6.092,,0,nearest_robot=robot2
335.000,ours,-,robot6,MIN_DISTANCE,OK,1.521,6.092,,0,nearest_robot=robot2
335.000,ours,-,fleet,MIN_DISTANCE_AVG,OK,6.092,,,0,robots_sampled=6
335.220,ours,-,fleet,CHOMP_TIME_FULL,OK,,3.834,,0,iterations=100;iterations_executed=100;source=algorithm;round_trip=3.859905
336.000,ours,-,robot1,MIN_DISTANCE,OK,4.725,5.998,,0,nearest_robot=robot4
336.000,ours,-,robot2,MIN_DISTANCE,OK,1.870,5.998,,0,nearest_robot=robot6
336.000,ours,-,robot3,MIN_DISTANCE,OK,13.327,5.998,,0,nearest_robot=robot6
336.000,ours,-,robot4,MIN_DISTANCE,OK,4.725,5.998,,0,nearest_robot=robot1
336.000,ours,-,robot5,MIN_DISTANCE,OK,9.472,5.998,,0,nearest_robot=robot2
336.000,ours,-,robot6,MIN_DISTANCE,OK,1.870,5.998,,0,nearest_robot=robot2
336.000,ours,-,fleet,MIN_DISTANCE_AVG,OK,5.998,,,0,robots_sampled=6
337.000,ours,-,robot1,MIN_DISTANCE,OK,4.295,5.914,,0,nearest_robot=robot4
337.000,ours,-,robot2,MIN_DISTANCE,OK,2.258,5.914,,0,nearest_robot=robot6
337.000,ours,-,robot3,MIN_DISTANCE,OK,13.327,5.914,,0,nearest_robot=robot6
337.000,ours,-,robot4,MIN_DISTANCE,OK,4.295,5.914,,0,nearest_robot=robot1
337.000,ours,-,robot5,MIN_DISTANCE,OK,9.052,5.914,,0,nearest_robot=robot2
337.000,ours,-,robot6,MIN_DISTANCE,OK,2.258,5.914,,0,nearest_robot=robot2
337.000,ours,-,fleet,MIN_DISTANCE_AVG,OK,5.914,,,0,robots_sampled=6
338.000,ours,-,robot1,MIN_DISTANCE,OK,3.832,5.825,,0,nearest_robot=robot4
338.000,ours,-,robot2,MIN_DISTANCE,OK,2.655,5.825,,0,nearest_robot=robot6
338.000,ours,-,robot3,MIN_DISTANCE,OK,13.326,5.825,,0,nearest_robot=robot6
338.000,ours,-,robot4,MIN_DISTANCE,OK,3.832,5.825,,0,nearest_robot=robot1
338.000,ours,-,robot5,MIN_DISTANCE,OK,8.650,5.825,,0,nearest_robot=robot2
338.000,ours,-,robot6,MIN_DISTANCE,OK,2.655,5.825,,0,nearest_robot=robot2
338.000,ours,-,fleet,MIN_DISTANCE_AVG,OK,5.825,,,0,robots_sampled=6
339.000,ours,-,robot1,MIN_DISTANCE,OK,3.367,5.736,,0,nearest_robot=robot4
339.000,ours,-,robot2,MIN_DISTANCE,OK,3.042,5.736,,0,nearest_robot=robot6
339.000,ours,-,robot3,MIN_DISTANCE,OK,13.326,5.736,,0,nearest_robot=robot6
339.000,ours,-,robot4,MIN_DISTANCE,OK,3.367,5.736,,0,nearest_robot=robot1
339.000,ours,-,robot5,MIN_DISTANCE,OK,8.269,5.736,,0,nearest_robot=robot2
339.000,ours,-,robot6,MIN_DISTANCE,OK,3.042,5.736,,0,nearest_robot=robot2
339.000,ours,-,fleet,MIN_DISTANCE_AVG,OK,5.736,,,0,robots_sampled=6
339.790,ours,-,fleet,CHOMP_TIME_FULL,OK,,3.904,,0,iterations=100;iterations_executed=100;source=algorithm;round_trip=3.931817
340.000,ours,-,robot1,MIN_DISTANCE,OK,2.882,5.641,,0,nearest_robot=robot4
340.000,ours,-,robot2,MIN_DISTANCE,OK,3.431,5.641,,0,nearest_robot=robot6
340.000,ours,-,robot3,MIN_DISTANCE,OK,13.326,5.641,,0,nearest_robot=robot6
340.000,ours,-,robot4,MIN_DISTANCE,OK,2.882,5.641,,0,nearest_robot=robot1
340.000,ours,-,robot5,MIN_DISTANCE,OK,7.896,5.641,,0,nearest_robot=robot2
340.000,ours,-,robot6,MIN_DISTANCE,OK,3.431,5.641,,0,nearest_robot=robot2
340.000,ours,-,fleet,MIN_DISTANCE_AVG,OK,5.641,,,0,robots_sampled=6
341.000,ours,-,robot1,MIN_DISTANCE,OK,2.432,5.560,,0,nearest_robot=robot4
341.000,ours,-,robot2,MIN_DISTANCE,OK,3.826,5.560,,0,nearest_robot=robot6
341.000,ours,-,robot3,MIN_DISTANCE,OK,13.326,5.560,,0,nearest_robot=robot6
341.000,ours,-,robot4,MIN_DISTANCE,OK,2.432,5.560,,0,nearest_robot=robot1
341.000,ours,-,robot5,MIN_DISTANCE,OK,7.520,5.560,,0,nearest_robot=robot2
341.000,ours,-,robot6,MIN_DISTANCE,OK,3.826,5.560,,0,nearest_robot=robot2
341.000,ours,-,fleet,MIN_DISTANCE_AVG,OK,5.560,,,0,robots_sampled=6
342.000,ours,-,robot1,MIN_DISTANCE,OK,1.968,5.473,,0,nearest_robot=robot4
342.000,ours,-,robot2,MIN_DISTANCE,OK,4.215,5.473,,0,nearest_robot=robot6
342.000,ours,-,robot3,MIN_DISTANCE,OK,13.326,5.473,,0,nearest_robot=robot6
342.000,ours,-,robot4,MIN_DISTANCE,OK,1.968,5.473,,0,nearest_robot=robot1
342.000,ours,-,robot5,MIN_DISTANCE,OK,7.150,5.473,,0,nearest_robot=robot2
342.000,ours,-,robot6,MIN_DISTANCE,OK,4.215,5.473,,0,nearest_robot=robot2
342.000,ours,-,fleet,MIN_DISTANCE_AVG,OK,5.473,,,0,robots_sampled=6
343.000,ours,-,robot1,MIN_DISTANCE,OK,1.517,5.383,,0,nearest_robot=robot4
343.000,ours,-,robot2,MIN_DISTANCE,OK,4.555,5.383,,0,nearest_robot=robot6
343.000,ours,-,robot3,MIN_DISTANCE,OK,13.326,5.383,,0,nearest_robot=robot6
343.000,ours,-,robot4,MIN_DISTANCE,OK,1.517,5.383,,0,nearest_robot=robot1
343.000,ours,-,robot5,MIN_DISTANCE,OK,6.830,5.383,,0,nearest_robot=robot2
343.000,ours,-,robot6,MIN_DISTANCE,OK,4.555,5.383,,0,nearest_robot=robot2
343.000,ours,-,fleet,MIN_DISTANCE_AVG,OK,5.383,,,0,robots_sampled=6
344.000,ours,-,robot1,MIN_DISTANCE,OK,1.139,5.325,,0,nearest_robot=robot4
344.000,ours,-,robot2,MIN_DISTANCE,OK,4.939,5.325,,0,nearest_robot=robot6
344.000,ours,-,robot3,MIN_DISTANCE,OK,13.326,5.325,,0,nearest_robot=robot6
344.000,ours,-,robot4,MIN_DISTANCE,OK,1.139,5.325,,0,nearest_robot=robot1
344.000,ours,-,robot5,MIN_DISTANCE,OK,6.469,5.325,,0,nearest_robot=robot2
344.000,ours,-,robot6,MIN_DISTANCE,OK,4.939,5.325,,0,nearest_robot=robot2
344.000,ours,-,fleet,MIN_DISTANCE_AVG,OK,5.325,,,0,robots_sampled=6
344.240,ours,-,fleet,CHOMP_TIME_FULL,OK,,3.837,,0,iterations=100;iterations_executed=100;source=algorithm;round_trip=3.860896
345.000,ours,-,robot1,MIN_DISTANCE,OK,0.812,5.287,,0,nearest_robot=robot4
345.000,ours,-,robot2,MIN_DISTANCE,OK,5.334,5.287,,0,nearest_robot=robot6
345.000,ours,-,robot3,MIN_DISTANCE,OK,13.326,5.287,,0,nearest_robot=robot6
345.000,ours,-,robot4,MIN_DISTANCE,OK,0.812,5.287,,0,nearest_robot=robot1
345.000,ours,-,robot5,MIN_DISTANCE,OK,6.105,5.287,,0,nearest_robot=robot2
345.000,ours,-,robot6,MIN_DISTANCE,OK,5.334,5.287,,0,nearest_robot=robot2
345.000,ours,-,fleet,MIN_DISTANCE_AVG,OK,5.287,,,0,robots_sampled=6
346.000,ours,-,robot1,MIN_DISTANCE,OK,0.757,5.341,,0,nearest_robot=robot4
346.000,ours,-,robot2,MIN_DISTANCE,OK,5.733,5.341,,0,nearest_robot=robot6
346.000,ours,-,robot3,MIN_DISTANCE,OK,13.326,5.341,,0,nearest_robot=robot6
346.000,ours,-,robot4,MIN_DISTANCE,OK,0.757,5.341,,0,nearest_robot=robot1
346.000,ours,-,robot5,MIN_DISTANCE,OK,5.737,5.341,,0,nearest_robot=robot2
346.000,ours,-,robot6,MIN_DISTANCE,OK,5.733,5.341,,0,nearest_robot=robot2
346.000,ours,-,fleet,MIN_DISTANCE_AVG,OK,5.341,,,0,robots_sampled=6
347.000,ours,-,robot1,MIN_DISTANCE,OK,0.972,5.355,,0,nearest_robot=robot4
347.000,ours,-,robot2,MIN_DISTANCE,OK,5.343,5.355,,0,nearest_robot=robot5
347.000,ours,-,robot3,MIN_DISTANCE,OK,13.326,5.355,,0,nearest_robot=robot6
347.000,ours,-,robot4,MIN_DISTANCE,OK,0.972,5.355,,0,nearest_robot=robot1
347.000,ours,-,robot5,MIN_DISTANCE,OK,5.343,5.355,,0,nearest_robot=robot2
347.000,ours,-,robot6,MIN_DISTANCE,OK,6.175,5.355,,0,nearest_robot=robot2
347.000,ours,-,fleet,MIN_DISTANCE_AVG,OK,5.355,,,0,robots_sampled=6
348.000,ours,-,robot1,MIN_DISTANCE,OK,1.313,5.415,,0,nearest_robot=robot4
348.000,ours,-,robot2,MIN_DISTANCE,OK,4.968,5.415,,0,nearest_robot=robot5
348.000,ours,-,robot3,MIN_DISTANCE,OK,13.326,5.415,,0,nearest_robot=robot6
348.000,ours,-,robot4,MIN_DISTANCE,OK,1.313,5.415,,0,nearest_robot=robot1
348.000,ours,-,robot5,MIN_DISTANCE,OK,4.968,5.415,,0,nearest_robot=robot2
348.000,ours,-,robot6,MIN_DISTANCE,OK,6.603,5.415,,0,nearest_robot=robot2
348.000,ours,-,fleet,MIN_DISTANCE_AVG,OK,5.415,,,0,robots_sampled=6
348.740,ours,-,fleet,CHOMP_TIME_FULL,OK,,3.840,,0,iterations=100;iterations_executed=100;source=algorithm;round_trip=3.870466
349.000,ours,-,robot1,MIN_DISTANCE,OK,1.695,5.498,,0,nearest_robot=robot4
349.000,ours,-,robot2,MIN_DISTANCE,OK,4.635,5.498,,0,nearest_robot=robot5
349.000,ours,-,robot3,MIN_DISTANCE,OK,13.325,5.498,,0,nearest_robot=robot6
349.000,ours,-,robot4,MIN_DISTANCE,OK,1.695,5.498,,0,nearest_robot=robot1
349.000,ours,-,robot5,MIN_DISTANCE,OK,4.635,5.498,,0,nearest_robot=robot2
349.000,ours,-,robot6,MIN_DISTANCE,OK,7.000,5.498,,0,nearest_robot=robot2
349.000,ours,-,fleet,MIN_DISTANCE_AVG,OK,5.498,,,0,robots_sampled=6
350.000,ours,-,robot1,MIN_DISTANCE,OK,2.121,5.596,,0,nearest_robot=robot4
350.000,ours,-,robot2,MIN_DISTANCE,OK,4.289,5.596,,0,nearest_robot=robot5
350.000,ours,-,robot3,MIN_DISTANCE,OK,13.325,5.596,,0,nearest_robot=robot6
350.000,ours,-,robot4,MIN_DISTANCE,OK,2.121,5.596,,0,nearest_robot=robot1
350.000,ours,-,robot5,MIN_DISTANCE,OK,4.289,5.596,,0,nearest_robot=robot2
350.000,ours,-,robot6,MIN_DISTANCE,OK,7.431,5.596,,0,nearest_robot=robot2
350.000,ours,-,fleet,MIN_DISTANCE_AVG,OK,5.596,,,0,robots_sampled=6
351.000,ours,-,robot1,MIN_DISTANCE,OK,2.525,5.709,,0,nearest_robot=robot4
351.000,ours,-,robot2,MIN_DISTANCE,OK,4.019,5.709,,0,nearest_robot=robot5
351.000,ours,-,robot3,MIN_DISTANCE,OK,13.325,5.709,,0,nearest_robot=robot6
351.000,ours,-,robot4,MIN_DISTANCE,OK,2.525,5.709,,0,nearest_robot=robot1
351.000,ours,-,robot5,MIN_DISTANCE,OK,4.019,5.709,,0,nearest_robot=robot2
351.000,ours,-,robot6,MIN_DISTANCE,OK,7.839,5.709,,0,nearest_robot=robot2
351.000,ours,-,fleet,MIN_DISTANCE_AVG,OK,5.709,,,0,robots_sampled=6
352.000,ours,-,robot1,MIN_DISTANCE,OK,2.928,5.830,,0,nearest_robot=robot4
352.000,ours,-,robot2,MIN_DISTANCE,OK,3.782,5.830,,0,nearest_robot=robot5
352.000,ours,-,robot3,MIN_DISTANCE,OK,13.325,5.830,,0,nearest_robot=robot6
352.000,ours,-,robot4,MIN_DISTANCE,OK,2.928,5.830,,0,nearest_robot=robot1
352.000,ours,-,robot5,MIN_DISTANCE,OK,3.782,5.830,,0,nearest_robot=robot2
352.000,ours,-,robot6,MIN_DISTANCE,OK,8.234,5.830,,0,nearest_robot=robot2
352.000,ours,-,fleet,MIN_DISTANCE_AVG,OK,5.830,,,0,robots_sampled=6
353.000,ours,-,robot1,MIN_DISTANCE,OK,3.348,5.964,,0,nearest_robot=robot4
353.000,ours,-,robot2,MIN_DISTANCE,OK,3.551,5.964,,0,nearest_robot=robot5
353.000,ours,-,robot3,MIN_DISTANCE,OK,13.325,5.964,,0,nearest_robot=robot6
353.000,ours,-,robot4,MIN_DISTANCE,OK,3.348,5.964,,0,nearest_robot=robot1
353.000,ours,-,robot5,MIN_DISTANCE,OK,3.551,5.964,,0,nearest_robot=robot2
353.000,ours,-,robot6,MIN_DISTANCE,OK,8.663,5.964,,0,nearest_robot=robot2
353.000,ours,-,fleet,MIN_DISTANCE_AVG,OK,5.964,,,0,robots_sampled=6
353.230,ours,-,fleet,CHOMP_TIME_FULL,OK,,3.827,,0,iterations=100;iterations_executed=100;source=algorithm;round_trip=3.853770
354.000,ours,-,robot1,MIN_DISTANCE,OK,3.764,6.114,,0,nearest_robot=robot4
354.000,ours,-,robot2,MIN_DISTANCE,OK,3.394,6.114,,0,nearest_robot=robot5
354.000,ours,-,robot3,MIN_DISTANCE,OK,13.325,6.114,,0,nearest_robot=robot6
354.000,ours,-,robot4,MIN_DISTANCE,OK,3.764,6.114,,0,nearest_robot=robot1
354.000,ours,-,robot5,MIN_DISTANCE,OK,3.394,6.114,,0,nearest_robot=robot2
354.000,ours,-,robot6,MIN_DISTANCE,OK,9.044,6.114,,0,nearest_robot=robot2
354.000,ours,-,fleet,MIN_DISTANCE_AVG,OK,6.114,,,0,robots_sampled=6
355.000,ours,-,robot1,MIN_DISTANCE,OK,4.171,6.310,,0,nearest_robot=robot4
355.000,ours,-,robot2,MIN_DISTANCE,OK,3.426,6.310,,0,nearest_robot=robot5
355.000,ours,-,robot3,MIN_DISTANCE,OK,13.325,6.310,,0,nearest_robot=robot6
355.000,ours,-,robot4,MIN_DISTANCE,OK,4.171,6.310,,0,nearest_robot=robot1
355.000,ours,-,robot5,MIN_DISTANCE,OK,3.426,6.310,,0,nearest_robot=robot2
355.000,ours,-,robot6,MIN_DISTANCE,OK,9.341,6.310,,0,nearest_robot=robot2
355.000,ours,-,fleet,MIN_DISTANCE_AVG,OK,6.310,,,0,robots_sampled=6
356.000,ours,-,robot1,MIN_DISTANCE,OK,4.566,6.529,,0,nearest_robot=robot4
356.000,ours,-,robot2,MIN_DISTANCE,OK,3.527,6.529,,0,nearest_robot=robot5
356.000,ours,-,robot3,MIN_DISTANCE,OK,13.325,6.529,,0,nearest_robot=robot6
356.000,ours,-,robot4,MIN_DISTANCE,OK,4.566,6.529,,0,nearest_robot=robot1
356.000,ours,-,robot5,MIN_DISTANCE,OK,3.527,6.529,,0,nearest_robot=robot2
356.000,ours,-,robot6,MIN_DISTANCE,OK,9.666,6.529,,0,nearest_robot=robot2
356.000,ours,-,fleet,MIN_DISTANCE_AVG,OK,6.529,,,0,robots_sampled=6
357.000,ours,-,robot1,MIN_DISTANCE,OK,4.886,6.716,,0,nearest_robot=robot4
357.000,ours,-,robot2,MIN_DISTANCE,OK,3.585,6.716,,0,nearest_robot=robot5
357.000,ours,-,robot3,MIN_DISTANCE,OK,13.325,6.716,,0,nearest_robot=robot6
357.000,ours,-,robot4,MIN_DISTANCE,OK,4.886,6.716,,0,nearest_robot=robot1
357.000,ours,-,robot5,MIN_DISTANCE,OK,3.585,6.716,,0,nearest_robot=robot2
357.000,ours,-,robot6,MIN_DISTANCE,OK,10.029,6.716,,0,nearest_robot=robot2
357.000,ours,-,fleet,MIN_DISTANCE_AVG,OK,6.716,,,0,robots_sampled=6
357.760,ours,-,fleet,CHOMP_TIME_FULL,OK,,3.854,,0,iterations=100;iterations_executed=100;source=algorithm;round_trip=3.882251
358.000,ours,-,robot1,MIN_DISTANCE,OK,4.906,6.810,,0,nearest_robot=robot4
358.000,ours,-,robot2,MIN_DISTANCE,OK,3.630,6.810,,0,nearest_robot=robot5
358.000,ours,-,robot3,MIN_DISTANCE,OK,13.325,6.810,,0,nearest_robot=robot6
358.000,ours,-,robot4,MIN_DISTANCE,OK,4.906,6.810,,0,nearest_robot=robot1
358.000,ours,-,robot5,MIN_DISTANCE,OK,3.630,6.810,,0,nearest_robot=robot2
358.000,ours,-,robot6,MIN_DISTANCE,OK,10.464,6.810,,0,nearest_robot=robot2
358.000,ours,-,fleet,MIN_DISTANCE_AVG,OK,6.810,,,0,robots_sampled=6
