timestamp,run_id,task_id,robot_id,event,status,allocation_cost,duration,path,collision_flag,message
48.000,ours,-,robot2,MIN_DISTANCE,OK,15.650,15.650,,0,nearest_robot=robot6
48.000,ours,-,robot6,MIN_DISTANCE,OK,15.650,15.650,,0,nearest_robot=robot2
48.000,ours,-,fleet,MIN_DISTANCE_AVG,OK,15.650,,,0,robots_sampled=2
49.000,ours,-,robot1,MIN_DISTANCE,OK,12.416,10.587,,0,nearest_robot=robot6
49.000,ours,-,robot2,MIN_DISTANCE,OK,12.510,10.587,,0,nearest_robot=robot1
49.000,ours,-,robot3,MIN_DISTANCE,OK,6.490,10.587,,0,nearest_robot=robot4
49.000,ours,-,robot4,MIN_DISTANCE,OK,6.490,10.587,,0,nearest_robot=robot3
49.000,ours,-,robot5,MIN_DISTANCE,OK,13.200,10.587,,0,nearest_robot=robot4
49.000,ours,-,robot6,MIN_DISTANCE,OK,12.416,10.587,,0,nearest_robot=robot1
49.000,ours,-,fleet,MIN_DISTANCE_AVG,OK,10.587,,,0,robots_sampled=6
50.000,ours,-,robot1,MIN_DISTANCE,OK,12.416,10.587,,0,nearest_robot=robot6
50.000,ours,-,robot2,MIN_DISTANCE,OK,12.510,10.587,,0,nearest_robot=robot1
50.000,ours,-,robot3,MIN_DISTANCE,OK,6.490,10.587,,0,nearest_robot=robot4
50.000,ours,-,robot4,MIN_DISTANCE,OK,6.490,10.587,,0,nearest_robot=robot3
50.000,ours,-,robot5,MIN_DISTANCE,OK,13.200,10.587,,0,nearest_robot=robot4
50.000,ours,-,robot6,MIN_DISTANCE,OK,12.416,10.587,,0,nearest_robot=robot1
50.000,ours,-,fleet,MIN_DISTANCE_AVG,OK,10.587,,,0,robots_sampled=6
51.000,ours,-,robot1,MIN_DISTANCE,OK,12.416,10.587,,0,nearest_robot=robot6
51.000,ours,-,robot2,MIN_DISTANCE,OK,12.510,10.587,,0,nearest_robot=robot1
51.000,ours,-,robot3,MIN_DISTANCE,OK,6.490,10.587,,0,nearest_robot=robot4
51.000,ours,-,robot4,MIN_DISTANCE,OK,6.490,10.587,,0,nearest_robot=robot3
51.000,ours,-,robot5,MIN_DISTANCE,OK,13.200,10.587,,0,nearest_robot=robot4
51.000,ours,-,robot6,MIN_DISTANCE,OK,12.416,10.587,,0,nearest_robot=robot1
51.000,ours,-,fleet,MIN_DISTANCE_AVG,OK,10.587,,,0,robots_sampled=6
52.000,ours,-,robot1,MIN_DISTANCE,OK,12.416,10.587,,0,nearest_robot=robot6
52.000,ours,-,robot2,MIN_DISTANCE,OK,12.510,10.587,,0,nearest_robot=robot1
52.000,ours,-,robot3,MIN_DISTANCE,OK,6.490,10.587,,0,nearest_robot=robot4
52.000,ours,-,robot4,MIN_DISTANCE,OK,6.490,10.587,,0,nearest_robot=robot3
52.000,ours,-,robot5,MIN_DISTANCE,OK,13.200,10.587,,0,nearest_robot=robot4
52.000,ours,-,robot6,MIN_DISTANCE,OK,12.416,10.587,,0,nearest_robot=robot1
52.000,ours,-,fleet,MIN_DISTANCE_AVG,OK,10.587,,,0,robots_sampled=6
53.000,ours,-,robot1,MIN_DISTANCE,OK,12.416,10.587,,0,nearest_robot=robot6
53.000,ours,-,robot2,MIN_DISTANCE,OK,12.510,10.587,,0,nearest_robot=robot1
53.000,ours,-,robot3,MIN_DISTANCE,OK,6.490,10.587,,0,nearest_robot=robot4
53.000,ours,-,robot4,MIN_DISTANCE,OK,6.490,10.587,,0,nearest_robot=robot3
53.000,ours,-,robot5,MIN_DISTANCE,OK,13.200,10.587,,0,nearest_robot=robot4
53.000,ours,-,robot6,MIN_DISTANCE,OK,12.416,10.587,,0,nearest_robot=robot1
53.000,ours,-,fleet,MIN_DISTANCE_AVG,OK,10.587,,,0,robots_sampled=6
54.000,ours,-,robot1,MIN_DISTANCE,OK,12.416,10.587,,0,nearest_robot=robot6
54.000,ours,-,robot2,MIN_DISTANCE,OK,12.510,10.587,,0,nearest_robot=robot1
54.000,ours,-,robot3,MIN_DISTANCE,OK,6.490,10.587,,0,nearest_robot=robot4
54.000,ours,-,robot4,MIN_DISTANCE,OK,6.490,10.587,,0,nearest_robot=robot3
54.000,ours,-,robot5,MIN_DISTANCE,OK,13.200,10.587,,0,nearest_robot=robot4
54.000,ours,-,robot6,MIN_DISTANCE,OK,12.416,10.587,,0,nearest_robot=robot1
54.000,ours,-,fleet,MIN_DISTANCE_AVG,OK,10.587,,,0,robots_sampled=6
55.000,ours,-,robot1,MIN_DISTANCE,OK,12.416,10.587,,0,nearest_robot=robot6
55.000,ours,-,robot2,MIN_DISTANCE,OK,12.510,10.587,,0,nearest_robot=robot1
55.000,ours,-,robot3,MIN_DISTANCE,OK,6.490,10.587,,0,nearest_robot=robot4
55.000,ours,-,robot4,MIN_DISTANCE,OK,6.490,10.587,,0,nearest_robot=robot3
55.000,ours,-,robot5,MIN_DISTANCE,OK,13.200,10.587,,0,nearest_robot=robot4
55.000,ours,-,robot6,MIN_DISTANCE,OK,12.416,10.587,,0,nearest_robot=robot1
55.000,ours,-,fleet,MIN_DISTANCE_AVG,OK,10.587,,,0,robots_sampled=6
56.000,ours,-,robot1,MIN_DISTANCE,OK,12.416,10.587,,0,nearest_robot=robot6
56.000,ours,-,robot2,MIN_DISTANCE,OK,12.510,10.587,,0,nearest_robot=robot1
56.000,ours,-,robot3,MIN_DISTANCE,OK,6.490,10.587,,0,nearest_robot=robot4
56.000,ours,-,robot4,MIN_DISTANCE,OK,6.490,10.587,,0,nearest_robot=robot3
56.000,ours,-,robot5,MIN_DISTANCE,OK,13.200,10.587,,0,nearest_robot=robot4
56.000,ours,-,robot6,MIN_DISTANCE,OK,12.416,10.587,,0,nearest_robot=robot1
56.000,ours,-,fleet,MIN_DISTANCE_AVG,OK,10.587,,,0,robots_sampled=6
57.000,ours,-,robot1,MIN_DISTANCE,OK,12.416,10.587,,0,nearest_robot=robot6
57.000,ours,-,robot2,MIN_DISTANCE,OK,12.510,10.587,,0,nearest_robot=robot1
57.000,ours,-,robot3,MIN_DISTANCE,OK,6.490,10.587,,0,nearest_robot=robot4
57.000,ours,-,robot4,MIN_DISTANCE,OK,6.490,10.587,,0,nearest_robot=robot3
57.000,ours,-,robot5,MIN_DISTANCE,OK,13.200,10.587,,0,nearest_robot=robot4
57.000,ours,-,robot6,MIN_DISTANCE,OK,12.416,10.587,,0,nearest_robot=robot1
57.000,ours,-,fleet,MIN_DISTANCE_AVG,OK,10.587,,,0,robots_sampled=6
58.000,ours,-,robot1,MIN_DISTANCE,OK,12.416,10.587,,0,nearest_robot=robot6
58.000,ours,-,robot2,MIN_DISTANCE,OK,12.510,10.587,,0,nearest_robot=robot1
58.000,ours,-,robot3,MIN_DISTANCE,OK,6.490,10.587,,0,nearest_robot=robot4
58.000,ours,-,robot4,MIN_DISTANCE,OK,6.490,10.587,,0,nearest_robot=robot3
58.000,ours,-,robot5,MIN_DISTANCE,OK,13.200,10.587,,0,nearest_robot=robot4
58.000,ours,-,robot6,MIN_DISTANCE,OK,12.416,10.587,,0,nearest_robot=robot1
58.000,ours,-,fleet,MIN_DISTANCE_AVG,OK,10.587,,,0,robots_sampled=6
59.000,ours,-,robot1,MIN_DISTANCE,OK,12.416,10.587,,0,nearest_robot=robot6
59.000,ours,-,robot2,MIN_DISTANCE,OK,12.510,10.587,,0,nearest_robot=robot1
59.000,ours,-,robot3,MIN_DISTANCE,OK,6.490,10.587,,0,nearest_robot=robot4
59.000,ours,-,robot4,MIN_DISTANCE,OK,6.490,10.587,,0,nearest_robot=robot3
59.000,ours,-,robot5,MIN_DISTANCE,OK,13.200,10.587,,0,nearest_robot=robot4
59.000,ours,-,robot6,MIN_DISTANCE,OK,12.416,10.587,,0,nearest_robot=robot1
59.000,ours,-,fleet,MIN_DISTANCE_AVG,OK,10.587,,,0,robots_sampled=6
60.000,ours,-,robot1,MIN_DISTANCE,OK,12.416,10.587,,0,nearest_robot=robot6
60.000,ours,-,robot2,MIN_DISTANCE,OK,12.510,10.587,,0,nearest_robot=robot1
60.000,ours,-,robot3,MIN_DISTANCE,OK,6.490,10.587,,0,nearest_robot=robot4
60.000,ours,-,robot4,MIN_DISTANCE,OK,6.490,10.587,,0,nearest_robot=robot3
60.000,ours,-,robot5,MIN_DISTANCE,OK,13.200,10.587,,0,nearest_robot=robot4
60.000,ours,-,robot6,MIN_DISTANCE,OK,12.416,10.587,,0,nearest_robot=robot1
60.000,ours,-,fleet,MIN_DISTANCE_AVG,OK,10.587,,,0,robots_sampled=6
61.000,ours,-,robot1,MIN_DISTANCE,OK,12.416,10.587,,0,nearest_robot=robot6
61.000,ours,-,robot2,MIN_DISTANCE,OK,12.510,10.587,,0,nearest_robot=robot1
61.000,ours,-,robot3,MIN_DISTANCE,OK,6.490,10.587,,0,nearest_robot=robot4
61.000,ours,-,robot4,MIN_DISTANCE,OK,6.490,10.587,,0,nearest_robot=robot3
61.000,ours,-,robot5,MIN_DISTANCE,OK,13.200,10.587,,0,nearest_robot=robot4
61.000,ours,-,robot6,MIN_DISTANCE,OK,12.416,10.587,,0,nearest_robot=robot1
61.000,ours,-,fleet,MIN_DISTANCE_AVG,OK,10.587,,,0,robots_sampled=6
62.000,ours,-,robot1,MIN_DISTANCE,OK,12.416,10.587,,0,nearest_robot=robot6
62.000,ours,-,robot2,MIN_DISTANCE,OK,12.510,10.587,,0,nearest_robot=robot1
62.000,ours,-,robot3,MIN_DISTANCE,OK,6.490,10.587,,0,nearest_robot=robot4
62.000,ours,-,robot4,MIN_DISTANCE,OK,6.490,10.587,,0,nearest_robot=robot3
62.000,ours,-,robot5,MIN_DISTANCE,OK,13.200,10.587,,0,nearest_robot=robot4
62.000,ours,-,robot6,MIN_DISTANCE,OK,12.416,10.587,,0,nearest_robot=robot1
62.000,ours,-,fleet,MIN_DISTANCE_AVG,OK,10.587,,,0,robots_sampled=6
63.000,ours,-,robot1,MIN_DISTANCE,OK,12.416,10.587,,0,nearest_robot=robot6
63.000,ours,-,robot2,MIN_DISTANCE,OK,12.510,10.587,,0,nearest_robot=robot1
63.000,ours,-,robot3,MIN_DISTANCE,OK,6.490,10.587,,0,nearest_robot=robot4
63.000,ours,-,robot4,MIN_DISTANCE,OK,6.490,10.587,,0,nearest_robot=robot3
63.000,ours,-,robot5,MIN_DISTANCE,OK,13.200,10.587,,0,nearest_robot=robot4
63.000,ours,-,robot6,MIN_DISTANCE,OK,12.416,10.587,,0,nearest_robot=robot1
63.000,ours,-,fleet,MIN_DISTANCE_AVG,OK,10.587,,,0,robots_sampled=6
64.000,ours,-,robot1,MIN_DISTANCE,OK,12.416,10.587,,0,nearest_robot=robot6
64.000,ours,-,robot2,MIN_DISTANCE,OK,12.510,10.587,,0,nearest_robot=robot1
64.000,ours,-,robot3,MIN_DISTANCE,OK,6.490,10.587,,0,nearest_robot=robot4
64.000,ours,-,robot4,MIN_DISTANCE,OK,6.490,10.587,,0,nearest_robot=robot3
64.000,ours,-,robot5,MIN_DISTANCE,OK,13.200,10.587,,0,nearest_robot=robot4
64.000,ours,-,robot6,MIN_DISTANCE,OK,12.416,10.587,,0,nearest_robot=robot1
64.000,ours,-,fleet,MIN_DISTANCE_AVG,OK,10.587,,,0,robots_sampled=6
65.000,ours,-,robot1,MIN_DISTANCE,OK,12.416,10.587,,0,nearest_robot=robot6
65.000,ours,-,robot2,MIN_DISTANCE,OK,12.510,10.587,,0,nearest_robot=robot1
65.000,ours,-,robot3,MIN_DISTANCE,OK,6.490,10.587,,0,nearest_robot=robot4
65.000,ours,-,robot4,MIN_DISTANCE,OK,6.490,10.587,,0,nearest_robot=robot3
65.000,ours,-,robot5,MIN_DISTANCE,OK,13.200,10.587,,0,nearest_robot=robot4
65.000,ours,-,robot6,MIN_DISTANCE,OK,12.416,10.587,,0,nearest_robot=robot1
65.000,ours,-,fleet,MIN_DISTANCE_AVG,OK,10.587,,,0,robots_sampled=6
66.000,ours,-,robot1,MIN_DISTANCE,OK,12.416,10.587,,0,nearest_robot=robot6
66.000,ours,-,robot2,MIN_DISTANCE,OK,12.510,10.587,,0,nearest_robot=robot1
66.000,ours,-,robot3,MIN_DISTANCE,OK,6.490,10.587,,0,nearest_robot=robot4
66.000,ours,-,robot4,MIN_DISTANCE,OK,6.490,10.587,,0,nearest_robot=robot3
66.000,ours,-,robot5,MIN_DISTANCE,OK,13.200,10.587,,0,nearest_robot=robot4
66.000,ours,-,robot6,MIN_DISTANCE,OK,12.416,10.587,,0,nearest_robot=robot1
66.000,ours,-,fleet,MIN_DISTANCE_AVG,OK,10.587,,,0,robots_sampled=6
67.000,ours,-,robot1,MIN_DISTANCE,OK,12.416,10.587,,0,nearest_robot=robot6
67.000,ours,-,robot2,MIN_DISTANCE,OK,12.510,10.587,,0,nearest_robot=robot1
67.000,ours,-,robot3,MIN_DISTANCE,OK,6.490,10.587,,0,nearest_robot=robot4
67.000,ours,-,robot4,MIN_DISTANCE,OK,6.490,10.587,,0,nearest_robot=robot3
67.000,ours,-,robot5,MIN_DISTANCE,OK,13.200,10.587,,0,nearest_robot=robot4
67.000,ours,-,robot6,MIN_DISTANCE,OK,12.416,10.587,,0,nearest_robot=robot1
67.000,ours,-,fleet,MIN_DISTANCE_AVG,OK,10.587,,,0,robots_sampled=6
68.000,ours,-,robot1,MIN_DISTANCE,OK,12.416,10.587,,0,nearest_robot=robot6
68.000,ours,-,robot2,MIN_DISTANCE,OK,12.510,10.587,,0,nearest_robot=robot1
68.000,ours,-,robot3,MIN_DISTANCE,OK,6.490,10.587,,0,nearest_robot=robot4
68.000,ours,-,robot4,MIN_DISTANCE,OK,6.490,10.587,,0,nearest_robot=robot3
68.000,ours,-,robot5,MIN_DISTANCE,OK,13.200,10.587,,0,nearest_robot=robot4
68.000,ours,-,robot6,MIN_DISTANCE,OK,12.416,10.587,,0,nearest_robot=robot1
68.000,ours,-,fleet,MIN_DISTANCE_AVG,OK,10.587,,,0,robots_sampled=6
69.000,ours,-,robot1,MIN_DISTANCE,OK,12.416,10.587,,0,nearest_robot=robot6
69.000,ours,-,robot2,MIN_DISTANCE,OK,12.510,10.587,,0,nearest_robot=robot1
69.000,ours,-,robot3,MIN_DISTANCE,OK,6.490,10.587,,0,nearest_robot=robot4
69.000,ours,-,robot4,MIN_DISTANCE,OK,6.490,10.587,,0,nearest_robot=robot3
69.000,ours,-,robot5,MIN_DISTANCE,OK,13.200,10.587,,0,nearest_robot=robot4
69.000,ours,-,robot6,MIN_DISTANCE,OK,12.416,10.587,,0,nearest_robot=robot1
69.000,ours,-,fleet,MIN_DISTANCE_AVG,OK,10.587,,,0,robots_sampled=6
70.000,ours,-,robot1,MIN_DISTANCE,OK,12.416,10.587,,0,nearest_robot=robot6
70.000,ours,-,robot2,MIN_DISTANCE,OK,12.510,10.587,,0,nearest_robot=robot1
70.000,ours,-,robot3,MIN_DISTANCE,OK,6.490,10.587,,0,nearest_robot=robot4
70.000,ours,-,robot4,MIN_DISTANCE,OK,6.490,10.587,,0,nearest_robot=robot3
70.000,ours,-,robot5,MIN_DISTANCE,OK,13.200,10.587,,0,nearest_robot=robot4
70.000,ours,-,robot6,MIN_DISTANCE,OK,12.416,10.587,,0,nearest_robot=robot1
70.000,ours,-,fleet,MIN_DISTANCE_AVG,OK,10.587,,,0,robots_sampled=6
71.000,ours,-,robot1,MIN_DISTANCE,OK,12.416,10.587,,0,nearest_robot=robot6
71.000,ours,-,robot2,MIN_DISTANCE,OK,12.510,10.587,,0,nearest_robot=robot1
71.000,ours,-,robot3,MIN_DISTANCE,OK,6.490,10.587,,0,nearest_robot=robot4
71.000,ours,-,robot4,MIN_DISTANCE,OK,6.490,10.587,,0,nearest_robot=robot3
71.000,ours,-,robot5,MIN_DISTANCE,OK,13.200,10.587,,0,nearest_robot=robot4
71.000,ours,-,robot6,MIN_DISTANCE,OK,12.416,10.587,,0,nearest_robot=robot1
71.000,ours,-,fleet,MIN_DISTANCE_AVG,OK,10.587,,,0,robots_sampled=6
72.000,ours,-,robot1,MIN_DISTANCE,OK,12.416,10.587,,0,nearest_robot=robot6
72.000,ours,-,robot2,MIN_DISTANCE,OK,12.510,10.587,,0,nearest_robot=robot1
72.000,ours,-,robot3,MIN_DISTANCE,OK,6.490,10.587,,0,nearest_robot=robot4
72.000,ours,-,robot4,MIN_DISTANCE,OK,6.490,10.587,,0,nearest_robot=robot3
72.000,ours,-,robot5,MIN_DISTANCE,OK,13.200,10.587,,0,nearest_robot=robot4
72.000,ours,-,robot6,MIN_DISTANCE,OK,12.416,10.587,,0,nearest_robot=robot1
72.000,ours,-,fleet,MIN_DISTANCE_AVG,OK,10.587,,,0,robots_sampled=6
72.410,ours,-,fleet,CHOMP_TIME_FULL,OK,,3.963,,0,iterations=100;iterations_executed=100;source=algorithm;round_trip=3.993333
73.000,ours,-,robot1,MIN_DISTANCE,OK,12.411,10.569,,0,nearest_robot=robot2
73.000,ours,-,robot2,MIN_DISTANCE,OK,12.411,10.569,,0,nearest_robot=robot1
73.000,ours,-,robot3,MIN_DISTANCE,OK,6.501,10.569,,0,nearest_robot=robot4
73.000,ours,-,robot4,MIN_DISTANCE,OK,6.501,10.569,,0,nearest_robot=robot3
73.000,ours,-,robot5,MIN_DISTANCE,OK,13.113,10.569,,0,nearest_robot=robot4
73.000,ours,-,robot6,MIN_DISTANCE,OK,12.476,10.569,,0,nearest_robot=robot1
73.000,ours,-,fleet,MIN_DISTANCE_AVG,OK,10.569,,,0,robots_sampled=6
74.000,ours,-,robot1,MIN_DISTANCE,OK,12.056,10.491,,0,nearest_robot=robot2
74.000,ours,-,robot2,MIN_DISTANCE,OK,12.056,10.491,,0,nearest_robot=robot1
74.000,ours,-,robot3,MIN_DISTANCE,OK,6.705,10.491,,0,nearest_robot=robot4
74.000,ours,-,robot4,MIN_DISTANCE,OK,6.705,10.491,,0,nearest_robot=robot3
74.000,ours,-,robot5,MIN_DISTANCE,OK,12.741,10.491,,0,nearest_robot=robot4
74.000,ours,-,robot6,MIN_DISTANCE,OK,12.680,10.491,,0,nearest_robot=robot1
74.000,ours,-,fleet,MIN_DISTANCE_AVG,OK,10.491,,,0,robots_sampled=6
75.000,ours,-,robot1,MIN_DISTANCE,OK,11.839,10.613,,0,nearest_robot=robot2
75.000,ours,-,robot2,MIN_DISTANCE,OK,11.839,10.613,,0,nearest_robot=robot1
75.000,ours,-,robot3,MIN_DISTANCE,OK,7.294,10.613,,0,nearest_robot=robot4
75.000,ours,-,robot4,MIN_DISTANCE,OK,7.294,10.613,,0,nearest_robot=robot3
75.000,ours,-,robot5,MIN_DISTANCE,OK,12.381,10.613,,0,nearest_robot=robot4
75.000,ours,-,robot6,MIN_DISTANCE,OK,13.030,10.613,,0,nearest_robot=robot1
75.000,ours,-,fleet,MIN_DISTANCE_AVG,OK,10.613,,,0,robots_sampled=6
76.000,ours,-,robot1,MIN_DISTANCE,OK,11.867,10.860,,0,nearest_robot=robot2
76.000,ours,-,robot2,MIN_DISTANCE,OK,11.867,10.860,,0,nearest_robot=robot1
76.000,ours,-,robot3,MIN_DISTANCE,OK,7.930,10.860,,0,nearest_robot=robot4
76.000,ours,-,robot4,MIN_DISTANCE,OK,7.930,10.860,,0,nearest_robot=robot3
76.000,ours,-,robot5,MIN_DISTANCE,OK,12.041,10.860,,0,nearest_robot=robot4
76.000,ours,-,robot6,MIN_DISTANCE,OK,13.524,10.860,,0,nearest_robot=robot1
76.000,ours,-,fleet,MIN_DISTANCE_AVG,OK,10.860,,,0,robots_sampled=6
77.000,ours,-,robot1,MIN_DISTANCE,OK,11.883,10.988,,0,nearest_robot=robot2
77.000,ours,-,robot2,MIN_DISTANCE,OK,11.883,10.988,,0,nearest_robot=robot1
77.000,ours,-,robot3,MIN_DISTANCE,OK,8.323,10.988,,0,nearest_robot=robot4
77.000,ours,-,robot4,MIN_DISTANCE,OK,8.323,10.988,,0,nearest_robot=robot3
77.000,ours,-,robot5,MIN_DISTANCE,OK,11.632,10.988,,0,nearest_robot=robot4
77.000,ours,-,robot6,MIN_DISTANCE,OK,13.888,10.988,,0,nearest_robot=robot5
77.000,ours,-,fleet,MIN_DISTANCE_AVG,OK,10.988,,,0,robots_sampled=6
77.030,ours,-,fleet,CHOMP_TIME_FULL,OK,,4.180,,0,iterations=100;iterations_executed=100;source=algorithm;round_trip=4.207377
77.920,ours,-,fleet,CHOMP_TIME_PARTIAL,OK,,0.423,,0,iterations=10;iterations_executed=10;source=algorithm;round_trip=0.438972
78.000,ours,-,robot1,MIN_DISTANCE,OK,11.914,10.995,,0,nearest_robot=robot2
78.000,ours,-,robot2,MIN_DISTANCE,OK,11.914,10.995,,0,nearest_robot=robot1
78.000,ours,-,robot3,MIN_DISTANCE,OK,8.786,10.995,,0,nearest_robot=robot4
78.000,ours,-,robot4,MIN_DISTANCE,OK,8.786,10.995,,0,nearest_robot=robot3
78.000,ours,-,robot5,MIN_DISTANCE,OK,10.670,10.995,,0,nearest_robot=robot4
78.000,ours,-,robot6,MIN_DISTANCE,OK,13.900,10.995,,0,nearest_robot=robot5
78.000,ours,-,fleet,MIN_DISTANCE_AVG,OK,10.995,,,0,robots_sampled=6
78.430,ours,-,fleet,CHOMP_TIME_PARTIAL,OK,,0.436,,0,iterations=10;iterations_executed=10;source=algorithm;round_trip=0.451236
78.950,ours,-,fleet,CHOMP_TIME_PARTIAL,OK,,0.451,,0,iterations=10;iterations_executed=10;source=algorithm;round_trip=0.468816
79.000,ours,-,robot1,MIN_DISTANCE,OK,11.900,11.022,,0,nearest_robot=robot2
79.000,ours,-,robot2,MIN_DISTANCE,OK,11.643,11.022,,0,nearest_robot=robot3
79.000,ours,-,robot3,MIN_DISTANCE,OK,9.428,11.022,,0,nearest_robot=robot4
79.000,ours,-,robot4,MIN_DISTANCE,OK,9.428,11.022,,0,nearest_robot=robot3
79.000,ours,-,robot5,MIN_DISTANCE,OK,9.799,11.022,,0,nearest_robot=robot4
79.000,ours,-,robot6,MIN_DISTANCE,OK,13.933,11.022,,0,nearest_robot=robot5
79.000,ours,-,fleet,MIN_DISTANCE_AVG,OK,11.022,,,0,robots_sampled=6
79.430,ours,-,fleet,CHOMP_TIME_PARTIAL,OK,,0.429,,0,iterations=10;iterations_executed=10;source=algorithm;round_trip=0.448784
79.940,ours,-,fleet,CHOMP_TIME_PARTIAL,OK,,0.447,,0,iterations=10;iterations_executed=10;source=algorithm;round_trip=0.461229
80.000,ours,-,robot1,MIN_DISTANCE,OK,11.990,10.791,,0,nearest_robot=robot2
80.000,ours,-,robot2,MIN_DISTANCE,OK,10.949,10.791,,0,nearest_robot=robot3
80.000,ours,-,robot3,MIN_DISTANCE,OK,10.080,10.791,,0,nearest_robot=robot4
80.000,ours,-,robot4,MIN_DISTANCE,OK,9.024,10.791,,0,nearest_robot=robot5
80.000,ours,-,robot5,MIN_DISTANCE,OK,9.024,10.791,,0,nearest_robot=robot4
80.000,ours,-,robot6,MIN_DISTANCE,OK,13.681,10.791,,0,nearest_robot=robot2
80.000,ours,-,fleet,MIN_DISTANCE_AVG,OK,10.791,,,0,robots_sampled=6
80.420,ours,-,fleet,CHOMP_TIME_PARTIAL,OK,,0.424,,0,iterations=10;iterations_executed=10;source=algorithm;round_trip=0.438920
80.950,ours,-,fleet,CHOMP_TIME_PARTIAL,OK,,0.456,,0,iterations=10;iterations_executed=10;source=algorithm;round_trip=0.471774
81.000,ours,-,robot1,MIN_DISTANCE,OK,11.962,10.387,,0,nearest_robot=robot2
81.000,ours,-,robot2,MIN_DISTANCE,OK,10.261,10.387,,0,nearest_robot=robot3
81.000,ours,-,robot3,MIN_DISTANCE,OK,10.261,10.387,,0,nearest_robot=robot2
81.000,ours,-,robot4,MIN_DISTANCE,OK,8.352,10.387,,0,nearest_robot=robot5
81.000,ours,-,robot5,MIN_DISTANCE,OK,8.352,10.387,,0,nearest_robot=robot4
81.000,ours,-,robot6,MIN_DISTANCE,OK,13.135,10.387,,0,nearest_robot=robot2
81.000,ours,-,fleet,MIN_DISTANCE_AVG,OK,10.387,,,0,robots_sampled=6
81.430,ours,-,fleet,CHOMP_TIME_PARTIAL,OK,,0.437,,0,iterations=10;iterations_executed=10;source=algorithm;round_trip=0.455718
81.930,ours,-,fleet,CHOMP_TIME_PARTIAL,OK,,0.433,,0,iterations=10;iterations_executed=10;source=algorithm;round_trip=0.448131
82.000,ours,-,robot1,MIN_DISTANCE,OK,11.835,9.902,,0,nearest_robot=robot2
82.000,ours,-,robot2,MIN_DISTANCE,OK,9.725,9.902,,0,nearest_robot=robot3
82.000,ours,-,robot3,MIN_DISTANCE,OK,9.725,9.902,,0,nearest_robot=robot2
82.000,ours,-,robot4,MIN_DISTANCE,OK,7.780,9.902,,0,nearest_robot=robot5
82.000,ours,-,robot5,MIN_DISTANCE,OK,7.780,9.902,,0,nearest_robot=robot4
82.000,ours,-,robot6,MIN_DISTANCE,OK,12.566,9.902,,0,nearest_robot=robot2
82.000,ours,-,fleet,MIN_DISTANCE_AVG,OK,9.902,,,0,robots_sampled=6
82.440,ours,-,fleet,CHOMP_TIME_PARTIAL,OK,,0.442,,0,iterations=10;iterations_executed=10;source=algorithm;round_trip=0.462195
82.950,ours,-,fleet,CHOMP_TIME_PARTIAL,OK,,0.460,,0,iterations=10;iterations_executed=10;source=algorithm;round_trip=0.478367
83.000,ours,-,robot1,MIN_DISTANCE,OK,11.856,9.492,,0,nearest_robot=robot2
83.000,ours,-,robot2,MIN_DISTANCE,OK,9.302,9.492,,0,nearest_robot=robot3
83.000,ours,-,robot3,MIN_DISTANCE,OK,9.302,9.492,,0,nearest_robot=robot2
83.000,ours,-,robot4,MIN_DISTANCE,OK,7.208,9.492,,0,nearest_robot=robot5
83.000,ours,-,robot5,MIN_DISTANCE,OK,7.208,9.492,,0,nearest_robot=robot4
83.000,ours,-,robot6,MIN_DISTANCE,OK,12.076,9.492,,0,nearest_robot=robot2
83.000,ours,-,fleet,MIN_DISTANCE_AVG,OK,9.492,,,0,robots_sampled=6
83.450,ours,-,fleet,CHOMP_TIME_PARTIAL,OK,,0.461,,0,iterations=10;iterations_executed=10;source=algorithm;round_trip=0.475840
83.940,ours,-,fleet,CHOMP_TIME_PARTIAL,OK,,0.459,,0,iterations=10;iterations_executed=10;source=algorithm;round_trip=0.474702
84.000,ours,-,robot1,MIN_DISTANCE,OK,11.874,9.113,,0,nearest_robot=robot2
84.000,ours,-,robot2,MIN_DISTANCE,OK,8.914,9.113,,0,nearest_robot=robot3
84.000,ours,-,robot3,MIN_DISTANCE,OK,8.914,9.113,,0,nearest_robot=robot2
84.000,ours,-,robot4,MIN_DISTANCE,OK,6.646,9.113,,0,nearest_robot=robot5
84.000,ours,-,robot5,MIN_DISTANCE,OK,6.646,9.113,,0,nearest_robot=robot4
84.000,ours,-,robot6,MIN_DISTANCE,OK,11.684,9.113,,0,nearest_robot=robot2
84.000,ours,-,fleet,MIN_DISTANCE_AVG,OK,9.113,,,0,robots_sampled=6
84.430,ours,-,fleet,CHOMP_TIME_PARTIAL,OK,,0.428,,0,iterations=10;iterations_executed=10;source=algorithm;round_trip=0.451162
84.930,ours,-,fleet,CHOMP_TIME_PARTIAL,OK,,0.430,,0,iterations=10;iterations_executed=10;source=algorithm;round_trip=0.445715
85.000,ours,-,robot1,MIN_DISTANCE,OK,12.064,8.788,,0,nearest_robot=robot2
85.000,ours,-,robot2,MIN_DISTANCE,OK,8.602,8.788,,0,nearest_robot=robot3
85.000,ours,-,robot3,MIN_DISTANCE,OK,8.602,8.788,,0,nearest_robot=robot2
85.000,ours,-,robot4,MIN_DISTANCE,OK,6.084,8.788,,0,nearest_robot=robot5
85.000,ours,-,robot5,MIN_DISTANCE,OK,6.084,8.788,,0,nearest_robot=robot4
85.000,ours,-,robot6,MIN_DISTANCE,OK,11.290,8.788,,0,nearest_robot=robot2
85.000,ours,-,fleet,MIN_DISTANCE_AVG,OK,8.788,,,0,robots_sampled=6
85.430,ours,-,fleet,CHOMP_TIME_PARTIAL,OK,,0.437,,0,iterations=10;iterations_executed=10;source=algorithm;round_trip=0.458144
85.920,ours,-,fleet,CHOMP_TIME_PARTIAL,OK,,0.421,,0,iterations=10;iterations_executed=10;source=algorithm;round_trip=0.439388
86.000,ours,-,robot1,MIN_DISTANCE,OK,12.484,8.604,,0,nearest_robot=robot2
86.000,ours,-,robot2,MIN_DISTANCE,OK,8.554,8.604,,0,nearest_robot=robot3
86.000,ours,-,robot3,MIN_DISTANCE,OK,8.554,8.604,,0,nearest_robot=robot2
86.000,ours,-,robot4,MIN_DISTANCE,OK,5.542,8.604,,0,nearest_robot=robot5
86.000,ours,-,robot5,MIN_DISTANCE,OK,5.542,8.604,,0,nearest_robot=robot4
86.000,ours,-,robot6,MIN_DISTANCE,OK,10.946,8.604,,0,nearest_robot=robot2
86.000,ours,-,fleet,MIN_DISTANCE_AVG,OK,8.604,,,0,robots_sampled=6
86.430,ours,-,fleet,CHOMP_TIME_PARTIAL,OK,,0.445,,0,iterations=10;iterations_executed=10;source=algorithm;round_trip=0.463590
86.890,ours,-,fleet,CHOMP_TIME_PARTIAL,OK,,0.391,,0,iterations=10;iterations_executed=10;source=algorithm;round_trip=0.405809
87.000,ours,-,robot1,MIN_DISTANCE,OK,12.908,8.486,,0,nearest_robot=robot2
87.000,ours,-,robot2,MIN_DISTANCE,OK,8.681,8.486,,0,nearest_robot=robot3
87.000,ours,-,robot3,MIN_DISTANCE,OK,8.681,8.486,,0,nearest_robot=robot2
87.000,ours,-,robot4,MIN_DISTANCE,OK,5.014,8.486,,0,nearest_robot=robot5
87.000,ours,-,robot5,MIN_DISTANCE,OK,5.014,8.486,,0,nearest_robot=robot4
87.000,ours,-,robot6,MIN_DISTANCE,OK,10.617,8.486,,0,nearest_robot=robot2
87.000,ours,-,fleet,MIN_DISTANCE_AVG,OK,8.486,,,0,robots_sampled=6
87.400,ours,-,fleet,CHOMP_TIME_PARTIAL,OK,,0.411,,0,iterations=10;iterations_executed=10;source=algorithm;round_trip=0.430946
87.920,ours,-,fleet,CHOMP_TIME_PARTIAL,OK,,0.427,,0,iterations=10;iterations_executed=10;source=algorithm;round_trip=0.445467
88.000,ours,-,robot1,MIN_DISTANCE,OK,13.330,8.393,,0,nearest_robot=robot2
88.000,ours,-,robot2,MIN_DISTANCE,OK,8.815,8.393,,0,nearest_robot=robot3
88.000,ours,-,robot3,MIN_DISTANCE,OK,8.815,8.393,,0,nearest_robot=robot2
88.000,ours,-,robot4,MIN_DISTANCE,OK,4.555,8.393,,0,nearest_robot=robot5
88.000,ours,-,robot5,MIN_DISTANCE,OK,4.555,8.393,,0,nearest_robot=robot4
88.000,ours,-,robot6,MIN_DISTANCE,OK,10.291,8.393,,0,nearest_robot=robot2
88.000,ours,-,fleet,MIN_DISTANCE_AVG,OK,8.393,,,0,robots_sampled=6
88.390,ours,-,fleet,CHOMP_TIME_PARTIAL,OK,,0.400,,0,iterations=10;iterations_executed=10;source=algorithm;round_trip=0.419090
89.000,ours,-,robot1,MIN_DISTANCE,OK,13.740,8.372,,0,nearest_robot=robot2
89.000,ours,-,robot2,MIN_DISTANCE,OK,8.959,8.372,,0,nearest_robot=robot3
89.000,ours,-,robot3,MIN_DISTANCE,OK,8.959,8.372,,0,nearest_robot=robot2
89.000,ours,-,robot4,MIN_DISTANCE,OK,4.280,8.372,,0,nearest_robot=robot5
89.000,ours,-,robot5,MIN_DISTANCE,OK,4.280,8.372,,0,nearest_robot=robot4
89.000,ours,-,robot6,MIN_DISTANCE,OK,10.012,8.372,,0,nearest_robot=robot2
89.000,ours,-,fleet,MIN_DISTANCE_AVG,OK,8.372,,,0,robots_sampled=6
90.000,ours,-,robot1,MIN_DISTANCE,OK,14.134,8.426,,0,nearest_robot=robot2
90.000,ours,-,robot2,MIN_DISTANCE,OK,9.139,8.426,,0,nearest_robot=robot3
90.000,ours,-,robot3,MIN_DISTANCE,OK,9.139,8.426,,0,nearest_robot=robot2
90.000,ours,-,robot4,MIN_DISTANCE,OK,4.174,8.426,,0,nearest_robot=robot5
90.000,ours,-,robot5,MIN_DISTANCE,OK,4.174,8.426,,0,nearest_robot=robot4
90.000,ours,-,robot6,MIN_DISTANCE,OK,9.800,8.426,,0,nearest_robot=robot2
90.000,ours,-,fleet,MIN_DISTANCE_AVG,OK,8.426,,,0,robots_sampled=6
91.000,ours,-,robot1,MIN_DISTANCE,OK,14.521,8.464,,0,nearest_robot=robot2
91.000,ours,-,robot2,MIN_DISTANCE,OK,9.235,8.464,,0,nearest_robot=robot3
91.000,ours,-,robot3,MIN_DISTANCE,OK,9.235,8.464,,0,nearest_robot=robot2
91.000,ours,-,robot4,MIN_DISTANCE,OK,4.084,8.464,,0,nearest_robot=robot5
91.000,ours,-,robot5,MIN_DISTANCE,OK,4.084,8.464,,0,nearest_robot=robot4
91.000,ours,-,robot6,MIN_DISTANCE,OK,9.623,8.464,,0,nearest_robot=robot2
91.000,ours,-,fleet,MIN_DISTANCE_AVG,OK,8.464,,,0,robots_sampled=6
92.000,ours,-,robot1,MIN_DISTANCE,OK,14.917,8.537,,0,nearest_robot=robot2
92.000,ours,-,robot2,MIN_DISTANCE,OK,9.393,8.537,,0,nearest_robot=robot6
92.000,ours,-,robot3,MIN_DISTANCE,OK,9.454,8.537,,0,nearest_robot=robot2
92.000,ours,-,robot4,MIN_DISTANCE,OK,4.033,8.537,,0,nearest_robot=robot5
92.000,ours,-,robot5,MIN_DISTANCE,OK,4.033,8.537,,0,nearest_robot=robot4
92.000,ours,-,robot6,MIN_DISTANCE,OK,9.393,8.537,,0,nearest_robot=robot2
92.000,ours,-,fleet,MIN_DISTANCE_AVG,OK,8.537,,,0,robots_sampled=6
92.900,ours,-,fleet,CHOMP_TIME_FULL,OK,,4.020,,0,iterations=100;iterations_executed=100;source=algorithm;round_trip=4.047287
93.000,ours,-,robot1,MIN_DISTANCE,OK,15.375,8.598,,0,nearest_robot=robot2
93.000,ours,-,robot2,MIN_DISTANCE,OK,9.246,8.598,,0,nearest_robot=robot6
93.000,ours,-,robot3,MIN_DISTANCE,OK,9.680,8.598,,0,nearest_robot=robot2
93.000,ours,-,robot4,MIN_DISTANCE,OK,4.021,8.598,,0,nearest_robot=robot5
93.000,ours,-,robot5,MIN_DISTANCE,OK,4.021,8.598,,0,nearest_robot=robot4
93.000,ours,-,robot6,MIN_DISTANCE,OK,9.246,8.598,,0,nearest_robot=robot2
93.000,ours,-,fleet,MIN_DISTANCE_AVG,OK,8.598,,,0,robots_sampled=6
94.000,ours,-,robot1,MIN_DISTANCE,OK,15.786,8.681,,0,nearest_robot=robot2
94.000,ours,-,robot2,MIN_DISTANCE,OK,9.215,8.681,,0,nearest_robot=robot6
94.000,ours,-,robot3,MIN_DISTANCE,OK,9.761,8.681,,0,nearest_robot=robot2
94.000,ours,-,robot4,MIN_DISTANCE,OK,4.055,8.681,,0,nearest_robot=robot5
94.000,ours,-,robot5,MIN_DISTANCE,OK,4.055,8.681,,0,nearest_robot=robot4
94.000,ours,-,robot6,MIN_DISTANCE,OK,9.215,8.681,,0,nearest_robot=robot2
94.000,ours,-,fleet,MIN_DISTANCE_AVG,OK,8.681,,,0,robots_sampled=6
95.000,ours,-,robot1,MIN_DISTANCE,OK,16.219,8.777,,0,nearest_robot=robot2
95.000,ours,-,robot2,MIN_DISTANCE,OK,9.123,8.777,,0,nearest_robot=robot6
95.000,ours,-,robot3,MIN_DISTANCE,OK,9.873,8.777,,0,nearest_robot=robot2
95.000,ours,-,robot4,MIN_DISTANCE,OK,4.161,8.777,,0,nearest_robot=robot5
95.000,ours,-,robot5,MIN_DISTANCE,OK,4.161,8.777,,0,nearest_robot=robot4
95.000,ours,-,robot6,MIN_DISTANCE,OK,9.123,8.777,,0,nearest_robot=robot2
95.000,ours,-,fleet,MIN_DISTANCE_AVG,OK,8.777,,,0,robots_sampled=6
96.000,ours,-,robot1,MIN_DISTANCE,OK,16.586,8.893,,0,nearest_robot=robot2
96.000,ours,-,robot2,MIN_DISTANCE,OK,9.131,8.893,,0,nearest_robot=robot6
96.000,ours,-,robot3,MIN_DISTANCE,OK,10.045,8.893,,0,nearest_robot=robot2
96.000,ours,-,robot4,MIN_DISTANCE,OK,4.233,8.893,,0,nearest_robot=robot5
96.000,ours,-,robot5,MIN_DISTANCE,OK,4.233,8.893,,0,nearest_robot=robot4
96.000,ours,-,robot6,MIN_DISTANCE,OK,9.131,8.893,,0,nearest_robot=robot2
96.000,ours,-,fleet,MIN_DISTANCE_AVG,OK,8.893,,,0,robots_sampled=6
97.000,ours,-,robot1,MIN_DISTANCE,OK,17.009,9.091,,0,nearest_robot=robot2
97.000,ours,-,robot2,MIN_DISTANCE,OK,9.142,9.091,,0,nearest_robot=robot6
97.000,ours,-,robot3,MIN_DISTANCE,OK,10.377,9.091,,0,nearest_robot=robot2
97.000,ours,-,robot4,MIN_DISTANCE,OK,4.438,9.091,,0,nearest_robot=robot5
97.000,ours,-,robot5,MIN_DISTANCE,OK,4.438,9.091,,0,nearest_robot=robot4
97.000,ours,-,robot6,MIN_DISTANCE,OK,9.142,9.091,,0,nearest_robot=robot2
97.000,ours,-,fleet,MIN_DISTANCE_AVG,OK,9.091,,,0,robots_sampled=6
97.460,ours,-,fleet,CHOMP_TIME_FULL,OK,,4.119,,0,iterations=100;iterations_executed=100;source=algorithm;round_trip=4.139035
97.950,ours,-,fleet,CHOMP_TIME_PARTIAL,OK,,0.458,,0,iterations=10;iterations_executed=10;source=algorithm;round_trip=0.475574
98.000,ours,-,robot1,MIN_DISTANCE,OK,17.366,9.322,,0,nearest_robot=robot2
98.000,ours,-,robot2,MIN_DISTANCE,OK,9.151,9.322,,0,nearest_robot=robot6
98.000,ours,-,robot3,MIN_DISTANCE,OK,10.911,9.322,,0,nearest_robot=robot2
98.000,ours,-,robot4,MIN_DISTANCE,OK,4.677,9.322,,0,nearest_robot=robot5
98.000,ours,-,robot5,MIN_DISTANCE,OK,4.677,9.322,,0,nearest_robot=robot4
98.000,ours,-,robot6,MIN_DISTANCE,OK,9.151,9.322,,0,nearest_robot=robot2
98.000,ours,-,fleet,MIN_DISTANCE_AVG,OK,9.322,,,0,robots_sampled=6
98.380,ours,-,fleet,CHOMP_TIME_PARTIAL,OK,,0.401,,0,iterations=10;iterations_executed=10;source=algorithm;round_trip=0.416860
98.910,ours,-,fleet,CHOMP_TIME_PARTIAL,OK,,0.407,,0,iterations=10;iterations_executed=10;source=algorithm;round_trip=0.425597
99.000,ours,-,robot1,MIN_DISTANCE,OK,17.501,9.535,,0,nearest_robot=robot2
99.000,ours,-,robot2,MIN_DISTANCE,OK,9.198,9.535,,0,nearest_robot=robot6
99.000,ours,-,robot3,MIN_DISTANCE,OK,11.491,9.535,,0,nearest_robot=robot2
99.000,ours,-,robot4,MIN_DISTANCE,OK,4.912,9.535,,0,nearest_robot=robot5
99.000,ours,-,robot5,MIN_DISTANCE,OK,4.912,9.535,,0,nearest_robot=robot4
99.000,ours,-,robot6,MIN_DISTANCE,OK,9.198,9.535,,0,nearest_robot=robot2
99.000,ours,-,fleet,MIN_DISTANCE_AVG,OK,9.535,,,0,robots_sampled=6
99.410,ours,-,fleet,CHOMP_TIME_PARTIAL,OK,,0.415,,0,iterations=10;iterations_executed=10;source=algorithm;round_trip=0.432356
99.890,ours,-,fleet,CHOMP_TIME_PARTIAL,OK,,0.398,,0,iterations=10;iterations_executed=10;source=algorithm;round_trip=0.414062
100.000,ours,-,robot1,MIN_DISTANCE,OK,17.499,9.778,,0,nearest_robot=robot2
100.000,ours,-,robot2,MIN_DISTANCE,OK,9.394,9.778,,0,nearest_robot=robot6
100.000,ours,-,robot3,MIN_DISTANCE,OK,12.070,9.778,,0,nearest_robot=robot2
100.000,ours,-,robot4,MIN_DISTANCE,OK,5.155,9.778,,0,nearest_robot=robot5
100.000,ours,-,robot5,MIN_DISTANCE,OK,5.155,9.778,,0,nearest_robot=robot4
100.000,ours,-,robot6,MIN_DISTANCE,OK,9.394,9.778,,0,nearest_robot=robot2
100.000,ours,-,fleet,MIN_DISTANCE_AVG,OK,9.778,,,0,robots_sampled=6
100.430,ours,-,fleet,CHOMP_TIME_PARTIAL,OK,,0.439,,0,iterations=10;iterations_executed=10;source=algorithm;round_trip=0.454928
100.920,ours,-,fleet,CHOMP_TIME_PARTIAL,OK,,0.417,,0,iterations=10;iterations_executed=10;source=algorithm;round_trip=0.433582
101.000,ours,-,robot1,MIN_DISTANCE,OK,17.522,9.997,,0,nearest_robot=robot2
101.000,ours,-,robot2,MIN_DISTANCE,OK,9.578,9.997,,0,nearest_robot=robot6
101.000,ours,-,robot3,MIN_DISTANCE,OK,12.617,9.997,,0,nearest_robot=robot2
101.000,ours,-,robot4,MIN_DISTANCE,OK,5.344,9.997,,0,nearest_robot=robot5
101.000,ours,-,robot5,MIN_DISTANCE,OK,5.344,9.997,,0,nearest_robot=robot4
101.000,ours,-,robot6,MIN_DISTANCE,OK,9.578,9.997,,0,nearest_robot=robot2
101.000,ours,-,fleet,MIN_DISTANCE_AVG,OK,9.997,,,0,robots_sampled=6
101.390,ours,-,fleet,CHOMP_TIME_PARTIAL,OK,,0.402,,0,iterations=10;iterations_executed=10;source=algorithm;round_trip=0.420083
102.000,ours,-,robot1,MIN_DISTANCE,OK,17.521,10.132,,0,nearest_robot=robot2
102.000,ours,-,robot2,MIN_DISTANCE,OK,9.819,10.132,,0,nearest_robot=robot6
102.000,ours,-,robot3,MIN_DISTANCE,OK,12.695,10.132,,0,nearest_robot=robot4
102.000,ours,-,robot4,MIN_DISTANCE,OK,5.470,10.132,,0,nearest_robot=robot5
102.000,ours,-,robot5,MIN_DISTANCE,OK,5.470,10.132,,0,nearest_robot=robot4
102.000,ours,-,robot6,MIN_DISTANCE,OK,9.819,10.132,,0,nearest_robot=robot2
102.000,ours,-,fleet,MIN_DISTANCE_AVG,OK,10.132,,,0,robots_sampled=6
103.000,ours,-,robot1,MIN_DISTANCE,OK,17.468,10.199,,0,nearest_robot=robot2
103.000,ours,-,robot2,MIN_DISTANCE,OK,10.101,10.199,,0,nearest_robot=robot6
103.000,ours,-,robot3,MIN_DISTANCE,OK,12.401,10.199,,0,nearest_robot=robot4
103.000,ours,-,robot4,MIN_DISTANCE,OK,5.561,10.199,,0,nearest_robot=robot5
103.000,ours,-,robot5,MIN_DISTANCE,OK,5.561,10.199,,0,nearest_robot=robot4
103.000,ours,-,robot6,MIN_DISTANCE,OK,10.101,10.199,,0,nearest_robot=robot2
103.000,ours,-,fleet,MIN_DISTANCE_AVG,OK,10.199,,,0,robots_sampled=6
104.000,ours,-,robot1,MIN_DISTANCE,OK,17.454,10.254,,0,nearest_robot=robot2
104.000,ours,-,robot2,MIN_DISTANCE,OK,10.425,10.254,,0,nearest_robot=robot6
104.000,ours,-,robot3,MIN_DISTANCE,OK,12.083,10.254,,0,nearest_robot=robot4
104.000,ours,-,robot4,MIN_DISTANCE,OK,5.570,10.254,,0,nearest_robot=robot5
104.000,ours,-,robot5,MIN_DISTANCE,OK,5.570,10.254,,0,nearest_robot=robot4
104.000,ours,-,robot6,MIN_DISTANCE,OK,10.425,10.254,,0,nearest_robot=robot2
104.000,ours,-,fleet,MIN_DISTANCE_AVG,OK,10.254,,,0,robots_sampled=6
105.000,ours,-,robot1,MIN_DISTANCE,OK,17.373,10.300,,0,nearest_robot=robot2
105.000,ours,-,robot2,MIN_DISTANCE,OK,10.780,10.300,,0,nearest_robot=robot6
105.000,ours,-,robot3,MIN_DISTANCE,OK,11.785,10.300,,0,nearest_robot=robot4
105.000,ours,-,robot4,MIN_DISTANCE,OK,5.582,10.300,,0,nearest_robot=robot5
105.000,ours,-,robot5,MIN_DISTANCE,OK,5.582,10.300,,0,nearest_robot=robot4
105.000,ours,-,robot6,MIN_DISTANCE,OK,10.695,10.300,,0,nearest_robot=robot4
105.000,ours,-,fleet,MIN_DISTANCE_AVG,OK,10.300,,,0,robots_sampled=6
105.820,ours,-,fleet,CHOMP_TIME_FULL,OK,,3.972,,0,iterations=100;iterations_executed=100;source=algorithm;round_trip=3.997229
106.000,ours,-,robot1,MIN_DISTANCE,OK,17.418,10.301,,0,nearest_robot=robot2
106.000,ours,-,robot2,MIN_DISTANCE,OK,11.170,10.301,,0,nearest_robot=robot6
106.000,ours,-,robot3,MIN_DISTANCE,OK,11.547,10.301,,0,nearest_robot=robot4
106.000,ours,-,robot4,MIN_DISTANCE,OK,5.586,10.301,,0,nearest_robot=robot5
106.000,ours,-,robot5,MIN_DISTANCE,OK,5.586,10.301,,0,nearest_robot=robot4
106.000,ours,-,robot6,MIN_DISTANCE,OK,10.500,10.301,,0,nearest_robot=robot4
106.000,ours,-,fleet,MIN_DISTANCE_AVG,OK,10.301,,,0,robots_sampled=6
107.000,ours,-,robot1,MIN_DISTANCE,OK,17.298,10.230,,0,nearest_robot=robot2
107.000,ours,-,robot2,MIN_DISTANCE,OK,11.597,10.230,,0,nearest_robot=robot6
107.000,ours,-,robot3,MIN_DISTANCE,OK,11.483,10.230,,0,nearest_robot=robot4
107.000,ours,-,robot4,MIN_DISTANCE,OK,5.342,10.230,,0,nearest_robot=robot5
107.000,ours,-,robot5,MIN_DISTANCE,OK,5.342,10.230,,0,nearest_robot=robot4
107.000,ours,-,robot6,MIN_DISTANCE,OK,10.317,10.230,,0,nearest_robot=robot4
107.000,ours,-,fleet,MIN_DISTANCE_AVG,OK,10.230,,,0,robots_sampled=6
108.000,ours,-,robot1,MIN_DISTANCE,OK,17.304,10.109,,0,nearest_robot=robot2
108.000,ours,-,robot2,MIN_DISTANCE,OK,11.980,10.109,,0,nearest_robot=robot6
108.000,ours,-,robot3,MIN_DISTANCE,OK,11.595,10.109,,0,nearest_robot=robot4
108.000,ours,-,robot4,MIN_DISTANCE,OK,4.873,10.109,,0,nearest_robot=robot5
108.000,ours,-,robot5,MIN_DISTANCE,OK,4.873,10.109,,0,nearest_robot=robot4
108.000,ours,-,robot6,MIN_DISTANCE,OK,10.030,10.109,,0,nearest_robot=robot4
108.000,ours,-,fleet,MIN_DISTANCE_AVG,OK,10.109,,,0,robots_sampled=6
109.000,ours,-,robot1,MIN_DISTANCE,OK,17.259,9.966,,0,nearest_robot=robot2
109.000,ours,-,robot2,MIN_DISTANCE,OK,12.362,9.966,,0,nearest_robot=robot6
109.000,ours,-,robot3,MIN_DISTANCE,OK,11.697,9.966,,0,nearest_robot=robot4
109.000,ours,-,robot4,MIN_DISTANCE,OK,4.356,9.966,,0,nearest_robot=robot5
109.000,ours,-,robot5,MIN_DISTANCE,OK,4.356,9.966,,0,nearest_robot=robot4
109.000,ours,-,robot6,MIN_DISTANCE,OK,9.767,9.966,,0,nearest_robot=robot4
109.000,ours,-,fleet,MIN_DISTANCE_AVG,OK,9.966,,,0,robots_sampled=6
110.000,ours,-,robot1,MIN_DISTANCE,OK,17.124,9.823,,0,nearest_robot=robot2
110.000,ours,-,robot2,MIN_DISTANCE,OK,12.748,9.823,,0,nearest_robot=robot6
110.000,ours,-,robot3,MIN_DISTANCE,OK,11.646,9.823,,0,nearest_robot=robot4
110.000,ours,-,robot4,MIN_DISTANCE,OK,3.876,9.823,,0,nearest_robot=robot5
110.000,ours,-,robot5,MIN_DISTANCE,OK,3.876,9.823,,0,nearest_robot=robot4
110.000,ours,-,robot6,MIN_DISTANCE,OK,9.669,9.823,,0,nearest_robot=robot4
110.000,ours,-,fleet,MIN_DISTANCE_AVG,OK,9.823,,,0,robots_sampled=6
110.300,ours,-,fleet,CHOMP_TIME_FULL,OK,,3.903,,0,iterations=100;iterations_executed=100;source=algorithm;round_trip=3.920137
111.000,ours,-,robot1,MIN_DISTANCE,OK,16.911,9.685,,0,nearest_robot=robot2
111.000,ours,-,robot2,MIN_DISTANCE,OK,13.089,9.685,,0,nearest_robot=robot6
111.000,ours,-,robot3,MIN_DISTANCE,OK,11.565,9.685,,0,nearest_robot=robot4
111.000,ours,-,robot4,MIN_DISTANCE,OK,3.428,9.685,,0,nearest_robot=robot5
111.000,ours,-,robot5,MIN_DISTANCE,OK,3.428,9.685,,0,nearest_robot=robot4
111.000,ours,-,robot6,MIN_DISTANCE,OK,9.691,9.685,,0,nearest_robot=robot4
111.000,ours,-,fleet,MIN_DISTANCE_AVG,OK,9.685,,,0,robots_sampled=6
112.000,ours,-,robot1,MIN_DISTANCE,OK,16.706,9.577,,0,nearest_robot=robot2
112.000,ours,-,robot2,MIN_DISTANCE,OK,13.492,9.577,,0,nearest_robot=robot6
112.000,ours,-,robot3,MIN_DISTANCE,OK,11.391,9.577,,0,nearest_robot=robot4
112.000,ours,-,robot4,MIN_DISTANCE,OK,3.103,9.577,,0,nearest_robot=robot5
112.000,ours,-,robot5,MIN_DISTANCE,OK,3.103,9.577,,0,nearest_robot=robot4
112.000,ours,-,robot6,MIN_DISTANCE,OK,9.664,9.577,,0,nearest_robot=robot4
112.000,ours,-,fleet,MIN_DISTANCE_AVG,OK,9.577,,,0,robots_sampled=6
113.000,ours,-,robot1,MIN_DISTANCE,OK,16.634,9.500,,0,nearest_robot=robot2
113.000,ours,-,robot2,MIN_DISTANCE,OK,13.864,9.500,,0,nearest_robot=robot6
113.000,ours,-,robot3,MIN_DISTANCE,OK,11.192,9.500,,0,nearest_robot=robot4
113.000,ours,-,robot4,MIN_DISTANCE,OK,2.821,9.500,,0,nearest_robot=robot5
113.000,ours,-,robot5,MIN_DISTANCE,OK,2.821,9.500,,0,nearest_robot=robot4
113.000,ours,-,robot6,MIN_DISTANCE,OK,9.665,9.500,,0,nearest_robot=robot4
113.000,ours,-,fleet,MIN_DISTANCE_AVG,OK,9.500,,,0,robots_sampled=6
114.000,ours,-,robot1,MIN_DISTANCE,OK,16.417,9.368,,0,nearest_robot=robot2
114.000,ours,-,robot2,MIN_DISTANCE,OK,14.261,9.368,,0,nearest_robot=robot6
114.000,ours,-,robot3,MIN_DISTANCE,OK,10.792,9.368,,0,nearest_robot=robot6
114.000,ours,-,robot4,MIN_DISTANCE,OK,2.554,9.368,,0,nearest_robot=robot5
114.000,ours,-,robot5,MIN_DISTANCE,OK,2.554,9.368,,0,nearest_robot=robot4
114.000,ours,-,robot6,MIN_DISTANCE,OK,9.629,9.368,,0,nearest_robot=robot4
114.000,ours,-,fleet,MIN_DISTANCE_AVG,OK,9.368,,,0,robots_sampled=6
114.880,ours,-,fleet,CHOMP_TIME_FULL,OK,,3.996,,0,iterations=100;iterations_executed=100;source=algorithm;round_trip=4.026311
115.000,ours,-,robot1,MIN_DISTANCE,OK,16.057,9.251,,0,nearest_robot=robot2
115.000,ours,-,robot2,MIN_DISTANCE,OK,14.641,9.251,,0,nearest_robot=robot6
115.000,ours,-,robot3,MIN_DISTANCE,OK,10.518,9.251,,0,nearest_robot=robot6
115.000,ours,-,robot4,MIN_DISTANCE,OK,2.360,9.251,,0,nearest_robot=robot5
115.000,ours,-,robot5,MIN_DISTANCE,OK,2.360,9.251,,0,nearest_robot=robot4
115.000,ours,-,robot6,MIN_DISTANCE,OK,9.571,9.251,,0,nearest_robot=robot4
115.000,ours,-,fleet,MIN_DISTANCE_AVG,OK,9.251,,,0,robots_sampled=6
116.000,ours,-,robot1,MIN_DISTANCE,OK,15.774,9.093,,0,nearest_robot=robot2
116.000,ours,-,robot2,MIN_DISTANCE,OK,14.987,9.093,,0,nearest_robot=robot6
116.000,ours,-,robot3,MIN_DISTANCE,OK,10.327,9.093,,0,nearest_robot=robot6
116.000,ours,-,robot4,MIN_DISTANCE,OK,2.042,9.093,,0,nearest_robot=robot5
116.000,ours,-,robot5,MIN_DISTANCE,OK,2.042,9.093,,0,nearest_robot=robot4
116.000,ours,-,robot6,MIN_DISTANCE,OK,9.388,9.093,,0,nearest_robot=robot4
116.000,ours,-,fleet,MIN_DISTANCE_AVG,OK,9.093,,,0,robots_sampled=6
117.000,ours,-,robot1,MIN_DISTANCE,OK,15.552,8.863,,0,nearest_robot=robot2
117.000,ours,-,robot2,MIN_DISTANCE,OK,15.402,8.863,,0,nearest_robot=robot6
117.000,ours,-,robot3,MIN_DISTANCE,OK,10.153,8.863,,0,nearest_robot=robot6
117.000,ours,-,robot4,MIN_DISTANCE,OK,1.494,8.863,,0,nearest_robot=robot5
117.000,ours,-,robot5,MIN_DISTANCE,OK,1.494,8.863,,0,nearest_robot=robot4
117.000,ours,-,robot6,MIN_DISTANCE,OK,9.080,8.863,,0,nearest_robot=robot4
117.000,ours,-,fleet,MIN_DISTANCE_AVG,OK,8.863,,,0,robots_sampled=6
118.000,ours,-,robot1,MIN_DISTANCE,OK,15.467,8.584,,0,nearest_robot=robot2
118.000,ours,-,robot2,MIN_DISTANCE,OK,15.467,8.584,,0,nearest_robot=robot1
118.000,ours,-,robot3,MIN_DISTANCE,OK,10.018,8.584,,0,nearest_robot=robot6
118.000,ours,-,robot4,MIN_DISTANCE,OK,0.927,8.584,,0,nearest_robot=robot5
118.000,ours,-,robot5,MIN_DISTANCE,OK,0.927,8.584,,0,nearest_robot=robot4
118.000,ours,-,robot6,MIN_DISTANCE,OK,8.700,8.584,,0,nearest_robot=robot4
118.000,ours,-,fleet,MIN_DISTANCE_AVG,OK,8.584,,,0,robots_sampled=6
119.000,ours,-,robot1,MIN_DISTANCE,OK,15.415,8.460,,0,nearest_robot=robot2
119.000,ours,-,robot2,MIN_DISTANCE,OK,15.415,8.460,,0,nearest_robot=robot1
119.000,ours,-,robot3,MIN_DISTANCE,OK,9.932,8.460,,0,nearest_robot=robot6
119.000,ours,-,robot4,MIN_DISTANCE,OK,0.806,8.460,,0,nearest_robot=robot5
119.000,ours,-,robot5,MIN_DISTANCE,OK,0.806,8.460,,0,nearest_robot=robot4
119.000,ours,-,robot6,MIN_DISTANCE,OK,8.384,8.460,,0,nearest_robot=robot4
119.000,ours,-,fleet,MIN_DISTANCE_AVG,OK,8.460,,,0,robots_sampled=6
119.400,ours,-,fleet,CHOMP_TIME_FULL,OK,,4.029,,0,iterations=100;iterations_executed=100;source=algorithm;round_trip=4.050751
120.000,ours,-,robot1,MIN_DISTANCE,OK,15.346,8.547,,0,nearest_robot=robot2
120.000,ours,-,robot2,MIN_DISTANCE,OK,15.346,8.547,,0,nearest_robot=robot1
120.000,ours,-,robot3,MIN_DISTANCE,OK,9.928,8.547,,0,nearest_robot=robot6
120.000,ours,-,robot4,MIN_DISTANCE,OK,1.180,8.547,,0,nearest_robot=robot5
120.000,ours,-,robot5,MIN_DISTANCE,OK,1.180,8.547,,0,nearest_robot=robot4
120.000,ours,-,robot6,MIN_DISTANCE,OK,8.302,8.547,,0,nearest_robot=robot4
120.000,ours,-,fleet,MIN_DISTANCE_AVG,OK,8.547,,,0,robots_sampled=6
121.000,ours,-,robot1,MIN_DISTANCE,OK,15.284,8.677,,0,nearest_robot=robot2
121.000,ours,-,robot2,MIN_DISTANCE,OK,15.284,8.677,,0,nearest_robot=robot1
121.000,ours,-,robot3,MIN_DISTANCE,OK,9.941,8.677,,0,nearest_robot=robot6
121.000,ours,-,robot4,MIN_DISTANCE,OK,1.610,8.677,,0,nearest_robot=robot5
121.000,ours,-,robot5,MIN_DISTANCE,OK,1.610,8.677,,0,nearest_robot=robot4
121.000,ours,-,robot6,MIN_DISTANCE,OK,8.330,8.677,,0,nearest_robot=robot4
121.000,ours,-,fleet,MIN_DISTANCE_AVG,OK,8.677,,,0,robots_sampled=6
122.000,ours,-,robot1,MIN_DISTANCE,OK,15.232,8.812,,0,nearest_robot=robot2
122.000,ours,-,robot2,MIN_DISTANCE,OK,15.232,8.812,,0,nearest_robot=robot1
122.000,ours,-,robot3,MIN_DISTANCE,OK,9.943,8.812,,0,nearest_robot=robot6
122.000,ours,-,robot4,MIN_DISTANCE,OK,2.031,8.812,,0,nearest_robot=robot5
122.000,ours,-,robot5,MIN_DISTANCE,OK,2.031,8.812,,0,nearest_robot=robot4
122.000,ours,-,robot6,MIN_DISTANCE,OK,8.401,8.812,,0,nearest_robot=robot4
122.000,ours,-,fleet,MIN_DISTANCE_AVG,OK,8.812,,,0,robots_sampled=6
123.000,ours,-,robot1,MIN_DISTANCE,OK,15.433,8.960,,0,nearest_robot=robot2
123.000,ours,-,robot2,MIN_DISTANCE,OK,15.433,8.960,,0,nearest_robot=robot1
123.000,ours,-,robot3,MIN_DISTANCE,OK,9.938,8.960,,0,nearest_robot=robot6
123.000,ours,-,robot4,MIN_DISTANCE,OK,2.239,8.960,,0,nearest_robot=robot5
123.000,ours,-,robot5,MIN_DISTANCE,OK,2.239,8.960,,0,nearest_robot=robot4
123.000,ours,-,robot6,MIN_DISTANCE,OK,8.476,8.960,,0,nearest_robot=robot4
123.000,ours,-,fleet,MIN_DISTANCE_AVG,OK,8.960,,,0,robots_sampled=6
124.000,ours,-,robot1,MIN_DISTANCE,OK,15.688,9.092,,0,nearest_robot=robot2
124.000,ours,-,robot2,MIN_DISTANCE,OK,15.688,9.092,,0,nearest_robot=robot1
124.000,ours,-,robot3,MIN_DISTANCE,OK,9.966,9.092,,0,nearest_robot=robot6
124.000,ours,-,robot4,MIN_DISTANCE,OK,2.365,9.092,,0,nearest_robot=robot5
124.000,ours,-,robot5,MIN_DISTANCE,OK,2.365,9.092,,0,nearest_robot=robot4
124.000,ours,-,robot6,MIN_DISTANCE,OK,8.476,9.092,,0,nearest_robot=robot4
124.000,ours,-,fleet,MIN_DISTANCE_AVG,OK,9.092,,,0,robots_sampled=6
124.030,ours,-,fleet,CHOMP_TIME_FULL,OK,,4.156,,0,iterations=100;iterations_executed=100;source=algorithm;round_trip=4.180055
125.000,ours,-,robot1,MIN_DISTANCE,OK,15.828,9.166,,0,nearest_robot=robot2
125.000,ours,-,robot2,MIN_DISTANCE,OK,15.828,9.166,,0,nearest_robot=robot1
125.000,ours,-,robot3,MIN_DISTANCE,OK,9.904,9.166,,0,nearest_robot=robot6
125.000,ours,-,robot4,MIN_DISTANCE,OK,2.477,9.166,,0,nearest_robot=robot5
125.000,ours,-,robot5,MIN_DISTANCE,OK,2.477,9.166,,0,nearest_robot=robot4
125.000,ours,-,robot6,MIN_DISTANCE,OK,8.485,9.166,,0,nearest_robot=robot4
125.000,ours,-,fleet,MIN_DISTANCE_AVG,OK,9.166,,,0,robots_sampled=6
126.000,ours,-,robot1,MIN_DISTANCE,OK,15.937,9.175,,0,nearest_robot=robot2
126.000,ours,-,robot2,MIN_DISTANCE,OK,15.611,9.175,,0,nearest_robot=robot3
126.000,ours,-,robot3,MIN_DISTANCE,OK,9.879,9.175,,0,nearest_robot=robot6
126.000,ours,-,robot4,MIN_DISTANCE,OK,2.583,9.175,,0,nearest_robot=robot5
126.000,ours,-,robot5,MIN_DISTANCE,OK,2.583,9.175,,0,nearest_robot=robot4
126.000,ours,-,robot6,MIN_DISTANCE,OK,8.459,9.175,,0,nearest_robot=robot4
126.000,ours,-,fleet,MIN_DISTANCE_AVG,OK,9.175,,,0,robots_sampled=6
127.000,ours,-,robot1,MIN_DISTANCE,OK,16.030,9.191,,0,nearest_robot=robot2
127.000,ours,-,robot2,MIN_DISTANCE,OK,15.366,9.191,,0,nearest_robot=robot3
127.000,ours,-,robot3,MIN_DISTANCE,OK,10.021,9.191,,0,nearest_robot=robot6
127.000,ours,-,robot4,MIN_DISTANCE,OK,2.646,9.191,,0,nearest_robot=robot5
127.000,ours,-,robot5,MIN_DISTANCE,OK,2.646,9.191,,0,nearest_robot=robot4
127.000,ours,-,robot6,MIN_DISTANCE,OK,8.438,9.191,,0,nearest_robot=robot4
127.000,ours,-,fleet,MIN_DISTANCE_AVG,OK,9.191,,,0,robots_sampled=6
128.000,ours,-,robot1,MIN_DISTANCE,OK,16.028,9.154,,0,nearest_robot=robot2
128.000,ours,-,robot2,MIN_DISTANCE,OK,15.011,9.154,,0,nearest_robot=robot3
128.000,ours,-,robot3,MIN_DISTANCE,OK,10.146,9.154,,0,nearest_robot=robot6
128.000,ours,-,robot4,MIN_DISTANCE,OK,2.655,9.154,,0,nearest_robot=robot5
128.000,ours,-,robot5,MIN_DISTANCE,OK,2.655,9.154,,0,nearest_robot=robot4
128.000,ours,-,robot6,MIN_DISTANCE,OK,8.431,9.154,,0,nearest_robot=robot4
128.000,ours,-,fleet,MIN_DISTANCE_AVG,OK,9.154,,,0,robots_sampled=6
129.000,ours,-,robot1,MIN_DISTANCE,OK,16.043,9.102,,0,nearest_robot=robot2
129.000,ours,-,robot2,MIN_DISTANCE,OK,14.611,9.102,,0,nearest_robot=robot3
129.000,ours,-,robot3,MIN_DISTANCE,OK,10.270,9.102,,0,nearest_robot=robot6
129.000,ours,-,robot4,MIN_DISTANCE,OK,2.662,9.102,,0,nearest_robot=robot5
129.000,ours,-,robot5,MIN_DISTANCE,OK,2.662,9.102,,0,nearest_robot=robot4
129.000,ours,-,robot6,MIN_DISTANCE,OK,8.363,9.102,,0,nearest_robot=robot5
129.000,ours,-,fleet,MIN_DISTANCE_AVG,OK,9.102,,,0,robots_sampled=6
129.930,ours,-,fleet,CHOMP_TIME_FULL,OK,,4.043,,0,iterations=100;iterations_executed=100;source=algorithm;round_trip=4.070783
130.000,ours,-,robot1,MIN_DISTANCE,OK,16.028,8.979,,0,nearest_robot=robot2
130.000,ours,-,robot2,MIN_DISTANCE,OK,14.227,8.979,,0,nearest_robot=robot3
130.000,ours,-,robot3,MIN_DISTANCE,OK,10.341,8.979,,0,nearest_robot=robot6
130.000,ours,-,robot4,MIN_DISTANCE,OK,2.686,8.979,,0,nearest_robot=robot5
130.000,ours,-,robot5,MIN_DISTANCE,OK,2.686,8.979,,0,nearest_robot=robot4
130.000,ours,-,robot6,MIN_DISTANCE,OK,7.905,8.979,,0,nearest_robot=robot5
130.000,ours,-,fleet,MIN_DISTANCE_AVG,OK,8.979,,,0,robots_sampled=6
131.000,ours,-,robot1,MIN_DISTANCE,OK,16.000,8.936,,0,nearest_robot=robot2
131.000,ours,-,robot2,MIN_DISTANCE,OK,14.015,8.936,,0,nearest_robot=robot3
131.000,ours,-,robot3,MIN_DISTANCE,OK,10.577,8.936,,0,nearest_robot=robot6
131.000,ours,-,robot4,MIN_DISTANCE,OK,2.773,8.936,,0,nearest_robot=robot5
131.000,ours,-,robot5,MIN_DISTANCE,OK,2.773,8.936,,0,nearest_robot=robot4
131.000,ours,-,robot6,MIN_DISTANCE,OK,7.479,8.936,,0,nearest_robot=robot5
131.000,ours,-,fleet,MIN_DISTANCE_AVG,OK,8.936,,,0,robots_sampled=6
132.000,ours,-,robot1,MIN_DISTANCE,OK,15.974,8.911,,0,nearest_robot=robot2
132.000,ours,-,robot2,MIN_DISTANCE,OK,13.741,8.911,,0,nearest_robot=robot3
132.000,ours,-,robot3,MIN_DISTANCE,OK,10.729,8.911,,0,nearest_robot=robot6
132.000,ours,-,robot4,MIN_DISTANCE,OK,2.971,8.911,,0,nearest_robot=robot5
132.000,ours,-,robot5,MIN_DISTANCE,OK,2.971,8.911,,0,nearest_robot=robot4
132.000,ours,-,robot6,MIN_DISTANCE,OK,7.081,8.911,,0,nearest_robot=robot5
132.000,ours,-,fleet,MIN_DISTANCE_AVG,OK,8.911,,,0,robots_sampled=6
133.000,ours,-,robot1,MIN_DISTANCE,OK,15.989,8.856,,0,nearest_robot=robot2
133.000,ours,-,robot2,MIN_DISTANCE,OK,13.333,8.856,,0,nearest_robot=robot3
133.000,ours,-,robot3,MIN_DISTANCE,OK,10.630,8.856,,0,nearest_robot=robot6
133.000,ours,-,robot4,MIN_DISTANCE,OK,3.198,8.856,,0,nearest_robot=robot5
133.000,ours,-,robot5,MIN_DISTANCE,OK,3.198,8.856,,0,nearest_robot=robot4
133.000,ours,-,robot6,MIN_DISTANCE,OK,6.790,8.856,,0,nearest_robot=robot5
133.000,ours,-,fleet,MIN_DISTANCE_AVG,OK,8.856,,,0,robots_sampled=6
134.000,ours,-,robot1,MIN_DISTANCE,OK,16.002,8.818,,0,nearest_robot=robot2
134.000,ours,-,robot2,MIN_DISTANCE,OK,12.926,8.818,,0,nearest_robot=robot3
134.000,ours,-,robot3,MIN_DISTANCE,OK,10.405,8.818,,0,nearest_robot=robot6
134.000,ours,-,robot4,MIN_DISTANCE,OK,3.449,8.818,,0,nearest_robot=robot5
134.000,ours,-,robot5,MIN_DISTANCE,OK,3.449,8.818,,0,nearest_robot=robot4
134.000,ours,-,robot6,MIN_DISTANCE,OK,6.676,8.818,,0,nearest_robot=robot5
134.000,ours,-,fleet,MIN_DISTANCE_AVG,OK,8.818,,,0,robots_sampled=6
134.440,ours,-,fleet,CHOMP_TIME_FULL,OK,,4.068,,0,iterations=100;iterations_executed=100;source=algorithm;round_trip=4.086500
135.000,ours,-,robot1,MIN_DISTANCE,OK,16.042,8.796,,0,nearest_robot=robot2
135.000,ours,-,robot2,MIN_DISTANCE,OK,12.470,8.796,,0,nearest_robot=robot3
135.000,ours,-,robot3,MIN_DISTANCE,OK,10.203,8.796,,0,nearest_robot=robot6
135.000,ours,-,robot4,MIN_DISTANCE,OK,3.722,8.796,,0,nearest_robot=robot5
135.000,ours,-,robot5,MIN_DISTANCE,OK,3.722,8.796,,0,nearest_robot=robot4
135.000,ours,-,robot6,MIN_DISTANCE,OK,6.618,8.796,,0,nearest_robot=robot5
135.000,ours,-,fleet,MIN_DISTANCE_AVG,OK,8.796,,,0,robots_sampled=6
136.000,ours,-,robot1,MIN_DISTANCE,OK,16.099,8.802,,0,nearest_robot=robot2
136.000,ours,-,robot2,MIN_DISTANCE,OK,11.977,8.802,,0,nearest_robot=robot3
136.000,ours,-,robot3,MIN_DISTANCE,OK,10.018,8.802,,0,nearest_robot=robot6
136.000,ours,-,robot4,MIN_DISTANCE,OK,4.053,8.802,,0,nearest_robot=robot5
136.000,ours,-,robot5,MIN_DISTANCE,OK,4.053,8.802,,0,nearest_robot=robot4
136.000,ours,-,robot6,MIN_DISTANCE,OK,6.613,8.802,,0,nearest_robot=robot5
136.000,ours,-,fleet,MIN_DISTANCE_AVG,OK,8.802,,,0,robots_sampled=6
137.000,ours,-,robot1,MIN_DISTANCE,OK,16.243,8.873,,0,nearest_robot=robot2
137.000,ours,-,robot2,MIN_DISTANCE,OK,11.430,8.873,,0,nearest_robot=robot3
137.000,ours,-,robot3,MIN_DISTANCE,OK,9.869,8.873,,0,nearest_robot=robot6
137.000,ours,-,robot4,MIN_DISTANCE,OK,4.534,8.873,,0,nearest_robot=robot5
137.000,ours,-,robot5,MIN_DISTANCE,OK,4.534,8.873,,0,nearest_robot=robot4
137.000,ours,-,robot6,MIN_DISTANCE,OK,6.626,8.873,,0,nearest_robot=robot5
137.000,ours,-,fleet,MIN_DISTANCE_AVG,OK,8.873,,,0,robots_sampled=6
138.000,ours,-,robot1,MIN_DISTANCE,OK,16.664,8.989,,0,nearest_robot=robot2
138.000,ours,-,robot2,MIN_DISTANCE,OK,10.666,8.989,,0,nearest_robot=robot3
138.000,ours,-,robot3,MIN_DISTANCE,OK,9.801,8.989,,0,nearest_robot=robot6
138.000,ours,-,robot4,MIN_DISTANCE,OK,5.000,8.989,,0,nearest_robot=robot5
138.000,ours,-,robot5,MIN_DISTANCE,OK,5.000,8.989,,0,nearest_robot=robot4
138.000,ours,-,robot6,MIN_DISTANCE,OK,6.805,8.989,,0,nearest_robot=robot5
138.000,ours,-,fleet,MIN_DISTANCE_AVG,OK,8.989,,,0,robots_sampled=6
139.000,ours,-,robot1,MIN_DISTANCE,OK,17.155,9.114,,0,nearest_robot=robot2
139.000,ours,-,robot2,MIN_DISTANCE,OK,9.824,9.114,,0,nearest_robot=robot3
139.000,ours,-,robot3,MIN_DISTANCE,OK,9.805,9.114,,0,nearest_robot=robot6
139.000,ours,-,robot4,MIN_DISTANCE,OK,5.501,9.114,,0,nearest_robot=robot5
139.000,ours,-,robot5,MIN_DISTANCE,OK,5.501,9.114,,0,nearest_robot=robot4
139.000,ours,-,robot6,MIN_DISTANCE,OK,6.899,9.114,,0,nearest_robot=robot5
139.000,ours,-,fleet,MIN_DISTANCE_AVG,OK,9.114,,,0,robots_sampled=6
139.040,ours,-,fleet,CHOMP_TIME_FULL,OK,,4.189,,0,iterations=100;iterations_executed=100;source=algorithm;round_trip=4.208677
140.000,ours,-,robot1,MIN_DISTANCE,OK,17.615,9.100,,0,nearest_robot=robot2
140.000,ours,-,robot2,MIN_DISTANCE,OK,9.023,9.100,,0,nearest_robot=robot3
140.000,ours,-,robot3,MIN_DISTANCE,OK,9.023,9.100,,0,nearest_robot=robot2
140.000,ours,-,robot4,MIN_DISTANCE,OK,5.947,9.100,,0,nearest_robot=robot5
140.000,ours,-,robot5,MIN_DISTANCE,OK,5.947,9.100,,0,nearest_robot=robot4
140.000,ours,-,robot6,MIN_DISTANCE,OK,7.047,9.100,,0,nearest_robot=robot5
140.000,ours,-,fleet,MIN_DISTANCE_AVG,OK,9.100,,,0,robots_sampled=6
141.000,ours,-,robot1,MIN_DISTANCE,OK,18.059,9.042,,0,nearest_robot=robot2
141.000,ours,-,robot2,MIN_DISTANCE,OK,8.265,9.042,,0,nearest_robot=robot3
141.000,ours,-,robot3,MIN_DISTANCE,OK,8.265,9.042,,0,nearest_robot=robot2
141.000,ours,-,robot4,MIN_DISTANCE,OK,6.159,9.042,,0,nearest_robot=robot5
141.000,ours,-,robot5,MIN_DISTANCE,OK,6.159,9.042,,0,nearest_robot=robot4
141.000,ours,-,robot6,MIN_DISTANCE,OK,7.347,9.042,,0,nearest_robot=robot5
141.000,ours,-,fleet,MIN_DISTANCE_AVG,OK,9.042,,,0,robots_sampled=6
142.000,ours,-,robot1,MIN_DISTANCE,OK,18.500,8.954,,0,nearest_robot=robot2
142.000,ours,-,robot2,MIN_DISTANCE,OK,7.546,8.954,,0,nearest_robot=robot3
142.000,ours,-,robot3,MIN_DISTANCE,OK,7.546,8.954,,0,nearest_robot=robot2
142.000,ours,-,robot4,MIN_DISTANCE,OK,6.186,8.954,,0,nearest_robot=robot5
142.000,ours,-,robot5,MIN_DISTANCE,OK,6.186,8.954,,0,nearest_robot=robot4
142.000,ours,-,robot6,MIN_DISTANCE,OK,7.758,8.954,,0,nearest_robot=robot5
142.000,ours,-,fleet,MIN_DISTANCE_AVG,OK,8.954,,,0,robots_sampled=6
143.000,ours,-,robot1,MIN_DISTANCE,OK,18.910,8.800,,0,nearest_robot=robot2
143.000,ours,-,robot2,MIN_DISTANCE,OK,6.672,8.800,,0,nearest_robot=robot3
143.000,ours,-,robot3,MIN_DISTANCE,OK,6.672,8.800,,0,nearest_robot=robot2
143.000,ours,-,robot4,MIN_DISTANCE,OK,6.187,8.800,,0,nearest_robot=robot5
143.000,ours,-,robot5,MIN_DISTANCE,OK,6.187,8.800,,0,nearest_robot=robot4
143.000,ours,-,robot6,MIN_DISTANCE,OK,8.172,8.800,,0,nearest_robot=robot5
143.000,ours,-,fleet,MIN_DISTANCE_AVG,OK,8.800,,,0,robots_sampled=6
144.000,ours,-,robot1,MIN_DISTANCE,OK,19.321,8.680,,0,nearest_robot=robot2
144.000,ours,-,robot2,MIN_DISTANCE,OK,5.908,8.680,,0,nearest_robot=robot3
144.000,ours,-,robot3,MIN_DISTANCE,OK,5.908,8.680,,0,nearest_robot=robot2
144.000,ours,-,robot4,MIN_DISTANCE,OK,6.187,8.680,,0,nearest_robot=robot5
144.000,ours,-,robot5,MIN_DISTANCE,OK,6.187,8.680,,0,nearest_robot=robot4
144.000,ours,-,robot6,MIN_DISTANCE,OK,8.570,8.680,,0,nearest_robot=robot5
144.000,ours,-,fleet,MIN_DISTANCE_AVG,OK,8.680,,,0,robots_sampled=6
144.180,ours,-,fleet,CHOMP_TIME_FULL,OK,,4.382,,0,iterations=100;iterations_executed=100;source=algorithm;round_trip=4.406748
145.000,ours,-,robot1,MIN_DISTANCE,OK,19.710,8.543,,0,nearest_robot=robot2
145.000,ours,-,robot2,MIN_DISTANCE,OK,5.128,8.543,,0,nearest_robot=robot3
145.000,ours,-,robot3,MIN_DISTANCE,OK,5.128,8.543,,0,nearest_robot=robot2
145.000,ours,-,robot4,MIN_DISTANCE,OK,6.158,8.543,,0,nearest_robot=robot5
145.000,ours,-,robot5,MIN_DISTANCE,OK,6.158,8.543,,0,nearest_robot=robot4
145.000,ours,-,robot6,MIN_DISTANCE,OK,8.977,8.543,,0,nearest_robot=robot5
145.000,ours,-,fleet,MIN_DISTANCE_AVG,OK,8.543,,,0,robots_sampled=6
146.000,ours,-,robot1,MIN_DISTANCE,OK,20.128,8.420,,0,nearest_robot=robot2
146.000,ours,-,robot2,MIN_DISTANCE,OK,4.310,8.420,,0,nearest_robot=robot3
146.000,ours,-,robot3,MIN_DISTANCE,OK,4.310,8.420,,0,nearest_robot=robot2
146.000,ours,-,robot4,MIN_DISTANCE,OK,6.191,8.420,,0,nearest_robot=robot5
146.000,ours,-,robot5,MIN_DISTANCE,OK,6.191,8.420,,0,nearest_robot=robot4
146.000,ours,-,robot6,MIN_DISTANCE,OK,9.390,8.420,,0,nearest_robot=robot5
146.000,ours,-,fleet,MIN_DISTANCE_AVG,OK,8.420,,,0,robots_sampled=6
147.000,ours,-,robot1,MIN_DISTANCE,OK,20.516,8.320,,0,nearest_robot=robot2
147.000,ours,-,robot2,MIN_DISTANCE,OK,3.541,8.320,,0,nearest_robot=robot3
147.000,ours,-,robot3,MIN_DISTANCE,OK,3.541,8.320,,0,nearest_robot=robot2
147.000,ours,-,robot4,MIN_DISTANCE,OK,6.254,8.320,,0,nearest_robot=robot5
147.000,ours,-,robot5,MIN_DISTANCE,OK,6.254,8.320,,0,nearest_robot=robot4
147.000,ours,-,robot6,MIN_DISTANCE,OK,9.817,8.320,,0,nearest_robot=robot5
147.000,ours,-,fleet,MIN_DISTANCE_AVG,OK,8.320,,,0,robots_sampled=6
148.000,ours,-,robot1,MIN_DISTANCE,OK,20.930,8.179,,0,nearest_robot=robot2
148.000,ours,-,robot2,MIN_DISTANCE,OK,2.784,8.179,,0,nearest_robot=robot3
148.000,ours,-,robot3,MIN_DISTANCE,OK,2.784,8.179,,0,nearest_robot=robot2
148.000,ours,-,robot4,MIN_DISTANCE,OK,6.292,8.179,,0,nearest_robot=robot5
148.000,ours,-,robot5,MIN_DISTANCE,OK,6.292,8.179,,0,nearest_robot=robot4
148.000,ours,-,robot6,MIN_DISTANCE,OK,9.991,8.179,,0,nearest_robot=robot3
148.000,ours,-,fleet,MIN_DISTANCE_AVG,OK,8.179,,,0,robots_sampled=6
149.000,ours,-,robot1,MIN_DISTANCE,OK,21.312,7.977,,0,nearest_robot=robot2
149.000,ours,-,robot2,MIN_DISTANCE,OK,2.099,7.977,,0,nearest_robot=robot3
149.000,ours,-,robot3,MIN_DISTANCE,OK,2.099,7.977,,0,nearest_robot=robot2
149.000,ours,-,robot4,MIN_DISTANCE,OK,6.156,7.977,,0,nearest_robot=robot5
149.000,ours,-,robot5,MIN_DISTANCE,OK,6.156,7.977,,0,nearest_robot=robot4
149.000,ours,-,robot6,MIN_DISTANCE,OK,10.038,7.977,,0,nearest_robot=robot3
149.000,ours,-,fleet,MIN_DISTANCE_AVG,OK,7.977,,,0,robots_sampled=6
149.850,ours,-,fleet,CHOMP_TIME_FULL,OK,,4.626,,0,iterations=100;iterations_executed=100;source=algorithm;round_trip=4.652515
150.000,ours,-,robot1,MIN_DISTANCE,OK,21.721,7.817,,0,nearest_robot=robot2
150.000,ours,-,robot2,MIN_DISTANCE,OK,1.583,7.817,,0,nearest_robot=robot3
150.000,ours,-,robot3,MIN_DISTANCE,OK,1.583,7.817,,0,nearest_robot=robot2
150.000,ours,-,robot4,MIN_DISTANCE,OK,5.961,7.817,,0,nearest_robot=robot5
150.000,ours,-,robot5,MIN_DISTANCE,OK,5.961,7.817,,0,nearest_robot=robot4
150.000,ours,-,robot6,MIN_DISTANCE,OK,10.093,7.817,,0,nearest_robot=robot3
150.000,ours,-,fleet,MIN_DISTANCE_AVG,OK,7.817,,,0,robots_sampled=6
151.000,ours,-,robot1,MIN_DISTANCE,OK,22.021,7.571,,0,nearest_robot=robot2
151.000,ours,-,robot2,MIN_DISTANCE,OK,1.066,7.571,,0,nearest_robot=robot3
151.000,ours,-,robot3,MIN_DISTANCE,OK,1.066,7.571,,0,nearest_robot=robot2
151.000,ours,-,robot4,MIN_DISTANCE,OK,5.538,7.571,,0,nearest_robot=robot5
151.000,ours,-,robot5,MIN_DISTANCE,OK,5.538,7.571,,0,nearest_robot=robot4
151.000,ours,-,robot6,MIN_DISTANCE,OK,10.196,7.571,,0,nearest_robot=robot3
151.000,ours,-,fleet,MIN_DISTANCE_AVG,OK,7.571,,,0,robots_sampled=6
152.000,ours,-,robot1,MIN_DISTANCE,OK,21.664,7.327,,0,nearest_robot=robot3
152.000,ours,-,robot2,MIN_DISTANCE,OK,0.917,7.327,,0,nearest_robot=robot3
152.000,ours,-,robot3,MIN_DISTANCE,OK,0.917,7.327,,0,nearest_robot=robot2
152.000,ours,-,robot4,MIN_DISTANCE,OK,5.098,7.327,,0,nearest_robot=robot5
152.000,ours,-,robot5,MIN_DISTANCE,OK,5.098,7.327,,0,nearest_robot=robot4
152.000,ours,-,robot6,MIN_DISTANCE,OK,10.271,7.327,,0,nearest_robot=robot3
152.000,ours,-,fleet,MIN_DISTANCE_AVG,OK,7.327,,,0,robots_sampled=6
153.000,ours,-,robot1,MIN_DISTANCE,OK,21.261,7.279,,0,nearest_robot=robot3
153.000,ours,-,robot2,MIN_DISTANCE,OK,1.327,7.279,,0,nearest_robot=robot3
153.000,ours,-,robot3,MIN_DISTANCE,OK,1.327,7.279,,0,nearest_robot=robot2
153.000,ours,-,robot4,MIN_DISTANCE,OK,4.719,7.279,,0,nearest_robot=robot5
153.000,ours,-,robot5,MIN_DISTANCE,OK,4.719,7.279,,0,nearest_robot=robot4
153.000,ours,-,robot6,MIN_DISTANCE,OK,10.322,7.279,,0,nearest_robot=robot3
153.000,ours,-,fleet,MIN_DISTANCE_AVG,OK,7.279,,,0,robots_sampled=6
154.000,ours,-,robot1,MIN_DISTANCE,OK,20.840,7.365,,0,nearest_robot=robot3
154.000,ours,-,robot2,MIN_DISTANCE,OK,2.024,7.365,,0,nearest_robot=robot3
154.000,ours,-,robot3,MIN_DISTANCE,OK,2.024,7.365,,0,nearest_robot=robot2
154.000,ours,-,robot4,MIN_DISTANCE,OK,4.482,7.365,,0,nearest_robot=robot5
154.000,ours,-,robot5,MIN_DISTANCE,OK,4.482,7.365,,0,nearest_robot=robot4
154.000,ours,-,robot6,MIN_DISTANCE,OK,10.339,7.365,,0,nearest_robot=robot3
154.000,ours,-,fleet,MIN_DISTANCE_AVG,OK,7.365,,,0,robots_sampled=6
155.000,ours,-,robot1,MIN_DISTANCE,OK,20.394,7.493,,0,nearest_robot=robot3
155.000,ours,-,robot2,MIN_DISTANCE,OK,2.762,7.493,,0,nearest_robot=robot3
155.000,ours,-,robot3,MIN_DISTANCE,OK,2.762,7.493,,0,nearest_robot=robot2
155.000,ours,-,robot4,MIN_DISTANCE,OK,4.337,7.493,,0,nearest_robot=robot5
155.000,ours,-,robot5,MIN_DISTANCE,OK,4.337,7.493,,0,nearest_robot=robot4
155.000,ours,-,robot6,MIN_DISTANCE,OK,10.363,7.493,,0,nearest_robot=robot3
155.000,ours,-,fleet,MIN_DISTANCE_AVG,OK,7.493,,,0,robots_sampled=6
155.140,ours,-,fleet,CHOMP_TIME_FULL,OK,,4.368,,0,iterations=100;iterations_executed=100;source=algorithm;round_trip=4.396911
156.000,ours,-,robot1,MIN_DISTANCE,OK,19.950,7.655,,0,nearest_robot=robot3
156.000,ours,-,robot2,MIN_DISTANCE,OK,3.408,7.655,,0,nearest_robot=robot3
156.000,ours,-,robot3,MIN_DISTANCE,OK,3.408,7.655,,0,nearest_robot=robot2
156.000,ours,-,robot4,MIN_DISTANCE,OK,4.369,7.655,,0,nearest_robot=robot5
156.000,ours,-,robot5,MIN_DISTANCE,OK,4.369,7.655,,0,nearest_robot=robot4
156.000,ours,-,robot6,MIN_DISTANCE,OK,10.426,7.655,,0,nearest_robot=robot3
156.000,ours,-,fleet,MIN_DISTANCE_AVG,OK,7.655,,,0,robots_sampled=6
157.000,ours,-,robot1,MIN_DISTANCE,OK,19.513,7.808,,0,nearest_robot=robot3
157.000,ours,-,robot2,MIN_DISTANCE,OK,4.142,7.808,,0,nearest_robot=robot3
157.000,ours,-,robot3,MIN_DISTANCE,OK,4.142,7.808,,0,nearest_robot=robot2
157.000,ours,-,robot4,MIN_DISTANCE,OK,4.336,7.808,,0,nearest_robot=robot5
157.000,ours,-,robot5,MIN_DISTANCE,OK,4.336,7.808,,0,nearest_robot=robot4
157.000,ours,-,robot6,MIN_DISTANCE,OK,10.379,7.808,,0,nearest_robot=robot3
157.000,ours,-,fleet,MIN_DISTANCE_AVG,OK,7.808,,,0,robots_sampled=6
158.000,ours,-,robot1,MIN_DISTANCE,OK,19.103,7.990,,0,nearest_robot=robot3
158.000,ours,-,robot2,MIN_DISTANCE,OK,5.107,7.990,,0,nearest_robot=robot3
158.000,ours,-,robot3,MIN_DISTANCE,OK,5.107,7.990,,0,nearest_robot=robot2
158.000,ours,-,robot4,MIN_DISTANCE,OK,4.133,7.990,,0,nearest_robot=robot5
158.000,ours,-,robot5,MIN_DISTANCE,OK,4.133,7.990,,0,nearest_robot=robot4
158.000,ours,-,robot6,MIN_DISTANCE,OK,10.357,7.990,,0,nearest_robot=robot3
158.000,ours,-,fleet,MIN_DISTANCE_AVG,OK,7.990,,,0,robots_sampled=6
159.000,ours,-,robot1,MIN_DISTANCE,OK,18.685,8.161,,0,nearest_robot=robot3
159.000,ours,-,robot2,MIN_DISTANCE,OK,6.019,8.161,,0,nearest_robot=robot3
159.000,ours,-,robot3,MIN_DISTANCE,OK,6.019,8.161,,0,nearest_robot=robot2
159.000,ours,-,robot4,MIN_DISTANCE,OK,3.964,8.161,,0,nearest_robot=robot5
159.000,ours,-,robot5,MIN_DISTANCE,OK,3.964,8.161,,0,nearest_robot=robot4
159.000,ours,-,robot6,MIN_DISTANCE,OK,10.313,8.161,,0,nearest_robot=robot3
159.000,ours,-,fleet,MIN_DISTANCE_AVG,OK,8.161,,,0,robots_sampled=6
160.000,ours,-,robot1,MIN_DISTANCE,OK,18.272,8.345,,0,nearest_robot=robot3
160.000,ours,-,robot2,MIN_DISTANCE,OK,6.879,8.345,,0,nearest_robot=robot3
160.000,ours,-,robot3,MIN_DISTANCE,OK,6.879,8.345,,0,nearest_robot=robot2
160.000,ours,-,robot4,MIN_DISTANCE,OK,3.934,8.345,,0,nearest_robot=robot5
160.000,ours,-,robot5,MIN_DISTANCE,OK,3.934,8.345,,0,nearest_robot=robot4
160.000,ours,-,robot6,MIN_DISTANCE,OK,10.172,8.345,,0,nearest_robot=robot3
160.000,ours,-,fleet,MIN_DISTANCE_AVG,OK,8.345,,,0,robots_sampled=6
161.000,ours,-,robot1,MIN_DISTANCE,OK,17.874,8.620,,0,nearest_robot=robot3
161.000,ours,-,robot2,MIN_DISTANCE,OK,7.710,8.620,,0,nearest_robot=robot3
161.000,ours,-,robot3,MIN_DISTANCE,OK,7.710,8.620,,0,nearest_robot=robot2
161.000,ours,-,robot4,MIN_DISTANCE,OK,4.194,8.620,,0,nearest_robot=robot5
161.000,ours,-,robot5,MIN_DISTANCE,OK,4.194,8.620,,0,nearest_robot=robot4
161.000,ours,-,robot6,MIN_DISTANCE,OK,10.040,8.620,,0,nearest_robot=robot3
161.000,ours,-,fleet,MIN_DISTANCE_AVG,OK,8.620,,,0,robots_sampled=6
161.120,ours,-,fleet,CHOMP_TIME_FULL,OK,,4.255,,0,iterations=100;iterations_executed=100;source=algorithm;round_trip=4.287844
162.000,ours,-,robot1,MIN_DISTANCE,OK,17.432,8.963,,0,nearest_robot=robot3
162.000,ours,-,robot2,MIN_DISTANCE,OK,8.564,8.963,,0,nearest_robot=robot3
162.000,ours,-,robot3,MIN_DISTANCE,OK,8.564,8.963,,0,nearest_robot=robot2
162.000,ours,-,robot4,MIN_DISTANCE,OK,4.635,8.963,,0,nearest_robot=robot5
162.000,ours,-,robot5,MIN_DISTANCE,OK,4.635,8.963,,0,nearest_robot=robot4
162.000,ours,-,robot6,MIN_DISTANCE,OK,9.950,8.963,,0,nearest_robot=robot3
162.000,ours,-,fleet,MIN_DISTANCE_AVG,OK,8.963,,,0,robots_sampled=6
163.000,ours,-,robot1,MIN_DISTANCE,OK,17.034,9.329,,0,nearest_robot=robot3
163.000,ours,-,robot2,MIN_DISTANCE,OK,9.366,9.329,,0,nearest_robot=robot3
163.000,ours,-,robot3,MIN_DISTANCE,OK,9.366,9.329,,0,nearest_robot=robot2
163.000,ours,-,robot4,MIN_DISTANCE,OK,5.225,9.329,,0,nearest_robot=robot5
163.000,ours,-,robot5,MIN_DISTANCE,OK,5.225,9.329,,0,nearest_robot=robot4
163.000,ours,-,robot6,MIN_DISTANCE,OK,9.757,9.329,,0,nearest_robot=robot3
163.000,ours,-,fleet,MIN_DISTANCE_AVG,OK,9.329,,,0,robots_sampled=6
164.000,ours,-,robot1,MIN_DISTANCE,OK,16.619,9.653,,0,nearest_robot=robot3
164.000,ours,-,robot2,MIN_DISTANCE,OK,10.191,9.653,,0,nearest_robot=robot3
164.000,ours,-,robot3,MIN_DISTANCE,OK,9.594,9.653,,0,nearest_robot=robot6
164.000,ours,-,robot4,MIN_DISTANCE,OK,5.960,9.653,,0,nearest_robot=robot5
164.000,ours,-,robot5,MIN_DISTANCE,OK,5.960,9.653,,0,nearest_robot=robot4
164.000,ours,-,robot6,MIN_DISTANCE,OK,9.594,9.653,,0,nearest_robot=robot3
164.000,ours,-,fleet,MIN_DISTANCE_AVG,OK,9.653,,,0,robots_sampled=6
165.000,ours,-,robot1,MIN_DISTANCE,OK,16.271,9.923,,0,nearest_robot=robot3
165.000,ours,-,robot2,MIN_DISTANCE,OK,10.914,9.923,,0,nearest_robot=robot3
165.000,ours,-,robot3,MIN_DISTANCE,OK,9.459,9.923,,0,nearest_robot=robot6
165.000,ours,-,robot4,MIN_DISTANCE,OK,6.716,9.923,,0,nearest_robot=robot5
165.000,ours,-,robot5,MIN_DISTANCE,OK,6.716,9.923,,0,nearest_robot=robot4
165.000,ours,-,robot6,MIN_DISTANCE,OK,9.459,9.923,,0,nearest_robot=robot3
165.000,ours,-,fleet,MIN_DISTANCE_AVG,OK,9.923,,,0,robots_sampled=6
165.980,ours,-,fleet,CHOMP_TIME_FULL,OK,,4.116,,0,iterations=100;iterations_executed=100;source=algorithm;round_trip=4.142705
166.000,ours,-,robot1,MIN_DISTANCE,OK,15.855,10.205,,0,nearest_robot=robot3
166.000,ours,-,robot2,MIN_DISTANCE,OK,11.748,10.205,,0,nearest_robot=robot3
166.000,ours,-,robot3,MIN_DISTANCE,OK,9.395,10.205,,0,nearest_robot=robot6
166.000,ours,-,robot4,MIN_DISTANCE,OK,7.419,10.205,,0,nearest_robot=robot5
166.000,ours,-,robot5,MIN_DISTANCE,OK,7.419,10.205,,0,nearest_robot=robot4
166.000,ours,-,robot6,MIN_DISTANCE,OK,9.395,10.205,,0,nearest_robot=robot3
166.000,ours,-,fleet,MIN_DISTANCE_AVG,OK,10.205,,,0,robots_sampled=6
166.460,ours,-,fleet,CHOMP_TIME_PARTIAL,OK,,0.463,,0,iterations=10;iterations_executed=10;source=algorithm;round_trip=0.479449
166.940,ours,-,fleet,CHOMP_TIME_PARTIAL,OK,,0.438,,0,iterations=10;iterations_executed=10;source=algorithm;round_trip=0.456363
167.000,ours,-,robot1,MIN_DISTANCE,OK,15.410,10.371,,0,nearest_robot=robot3
167.000,ours,-,robot2,MIN_DISTANCE,OK,12.236,10.371,,0,nearest_robot=robot4
167.000,ours,-,robot3,MIN_DISTANCE,OK,9.330,10.371,,0,nearest_robot=robot6
167.000,ours,-,robot4,MIN_DISTANCE,OK,7.960,10.371,,0,nearest_robot=robot5
167.000,ours,-,robot5,MIN_DISTANCE,OK,7.960,10.371,,0,nearest_robot=robot4
167.000,ours,-,robot6,MIN_DISTANCE,OK,9.330,10.371,,0,nearest_robot=robot3
167.000,ours,-,fleet,MIN_DISTANCE_AVG,OK,10.371,,,0,robots_sampled=6
168.000,ours,-,robot1,MIN_DISTANCE,OK,14.970,10.358,,0,nearest_robot=robot3
168.000,ours,-,robot2,MIN_DISTANCE,OK,12.030,10.358,,0,nearest_robot=robot4
168.000,ours,-,robot3,MIN_DISTANCE,OK,9.173,10.358,,0,nearest_robot=robot6
168.000,ours,-,robot4,MIN_DISTANCE,OK,8.401,10.358,,0,nearest_robot=robot5
168.000,ours,-,robot5,MIN_DISTANCE,OK,8.401,10.358,,0,nearest_robot=robot4
168.000,ours,-,robot6,MIN_DISTANCE,OK,9.173,10.358,,0,nearest_robot=robot3
168.000,ours,-,fleet,MIN_DISTANCE_AVG,OK,10.358,,,0,robots_sampled=6
169.000,ours,-,robot1,MIN_DISTANCE,OK,14.533,10.351,,0,nearest_robot=robot3
169.000,ours,-,robot2,MIN_DISTANCE,OK,11.933,10.351,,0,nearest_robot=robot4
169.000,ours,-,robot3,MIN_DISTANCE,OK,8.921,10.351,,0,nearest_robot=robot6
169.000,ours,-,robot4,MIN_DISTANCE,OK,8.898,10.351,,0,nearest_robot=robot5
169.000,ours,-,robot5,MIN_DISTANCE,OK,8.898,10.351,,0,nearest_robot=robot4
169.000,ours,-,robot6,MIN_DISTANCE,OK,8.921,10.351,,0,nearest_robot=robot3
169.000,ours,-,fleet,MIN_DISTANCE_AVG,OK,10.351,,,0,robots_sampled=6
170.000,ours,-,robot1,MIN_DISTANCE,OK,14.117,10.410,,0,nearest_robot=robot3
170.000,ours,-,robot2,MIN_DISTANCE,OK,12.041,10.410,,0,nearest_robot=robot4
170.000,ours,-,robot3,MIN_DISTANCE,OK,8.620,10.410,,0,nearest_robot=robot6
170.000,ours,-,robot4,MIN_DISTANCE,OK,9.530,10.410,,0,nearest_robot=robot5
170.000,ours,-,robot5,MIN_DISTANCE,OK,9.530,10.410,,0,nearest_robot=robot4
170.000,ours,-,robot6,MIN_DISTANCE,OK,8.620,10.410,,0,nearest_robot=robot3
170.000,ours,-,fleet,MIN_DISTANCE_AVG,OK,10.410,,,0,robots_sampled=6
171.000,ours,-,robot1,MIN_DISTANCE,OK,13.698,10.438,,0,nearest_robot=robot3
171.000,ours,-,robot2,MIN_DISTANCE,OK,12.304,10.438,,0,nearest_robot=robot4
171.000,ours,-,robot3,MIN_DISTANCE,OK,8.301,10.438,,0,nearest_robot=robot6
171.000,ours,-,robot4,MIN_DISTANCE,OK,10.011,10.438,,0,nearest_robot=robot5
171.000,ours,-,robot5,MIN_DISTANCE,OK,10.011,10.438,,0,nearest_robot=robot4
171.000,ours,-,robot6,MIN_DISTANCE,OK,8.301,10.438,,0,nearest_robot=robot3
171.000,ours,-,fleet,MIN_DISTANCE_AVG,OK,10.438,,,0,robots_sampled=6
171.370,ours,-,fleet,CHOMP_TIME_FULL,OK,,4.006,,0,iterations=100;iterations_executed=100;source=algorithm;round_trip=4.028611
171.900,ours,-,fleet,CHOMP_TIME_PARTIAL,OK,,0.402,,0,iterations=10;iterations_executed=10;source=algorithm;round_trip=0.417972
172.000,ours,-,robot1,MIN_DISTANCE,OK,13.276,10.489,,0,nearest_robot=robot3
172.000,ours,-,robot2,MIN_DISTANCE,OK,12.668,10.489,,0,nearest_robot=robot4
172.000,ours,-,robot3,MIN_DISTANCE,OK,8.094,10.489,,0,nearest_robot=robot6
172.000,ours,-,robot4,MIN_DISTANCE,OK,10.400,10.489,,0,nearest_robot=robot5
172.000,ours,-,robot5,MIN_DISTANCE,OK,10.400,10.489,,0,nearest_robot=robot4
172.000,ours,-,robot6,MIN_DISTANCE,OK,8.094,10.489,,0,nearest_robot=robot3
172.000,ours,-,fleet,MIN_DISTANCE_AVG,OK,10.489,,,0,robots_sampled=6
172.410,ours,-,fleet,CHOMP_TIME_PARTIAL,OK,,0.420,,0,iterations=10;iterations_executed=10;source=algorithm;round_trip=0.437377
173.000,ours,-,robot1,MIN_DISTANCE,OK,12.890,10.617,,0,nearest_robot=robot3
173.000,ours,-,robot2,MIN_DISTANCE,OK,12.948,10.617,,0,nearest_robot=robot4
173.000,ours,-,robot3,MIN_DISTANCE,OK,8.159,10.617,,0,nearest_robot=robot6
173.000,ours,-,robot4,MIN_DISTANCE,OK,10.772,10.617,,0,nearest_robot=robot5
173.000,ours,-,robot5,MIN_DISTANCE,OK,10.772,10.617,,0,nearest_robot=robot4
173.000,ours,-,robot6,MIN_DISTANCE,OK,8.159,10.617,,0,nearest_robot=robot3
173.000,ours,-,fleet,MIN_DISTANCE_AVG,OK,10.617,,,0,robots_sampled=6
174.000,ours,-,robot1,MIN_DISTANCE,OK,12.487,10.779,,0,nearest_robot=robot3
174.000,ours,-,robot2,MIN_DISTANCE,OK,13.182,10.779,,0,nearest_robot=robot4
174.000,ours,-,robot3,MIN_DISTANCE,OK,8.265,10.779,,0,nearest_robot=robot6
174.000,ours,-,robot4,MIN_DISTANCE,OK,11.237,10.779,,0,nearest_robot=robot5
174.000,ours,-,robot5,MIN_DISTANCE,OK,11.237,10.779,,0,nearest_robot=robot4
174.000,ours,-,robot6,MIN_DISTANCE,OK,8.265,10.779,,0,nearest_robot=robot3
174.000,ours,-,fleet,MIN_DISTANCE_AVG,OK,10.779,,,0,robots_sampled=6
175.000,ours,-,robot1,MIN_DISTANCE,OK,12.112,10.892,,0,nearest_robot=robot3
175.000,ours,-,robot2,MIN_DISTANCE,OK,13.279,10.892,,0,nearest_robot=robot4
175.000,ours,-,robot3,MIN_DISTANCE,OK,8.386,10.892,,0,nearest_robot=robot6
175.000,ours,-,robot4,MIN_DISTANCE,OK,11.595,10.892,,0,nearest_robot=robot5
175.000,ours,-,robot5,MIN_DISTANCE,OK,11.595,10.892,,0,nearest_robot=robot4
175.000,ours,-,robot6,MIN_DISTANCE,OK,8.386,10.892,,0,nearest_robot=robot3
175.000,ours,-,fleet,MIN_DISTANCE_AVG,OK,10.892,,,0,robots_sampled=6
176.000,ours,-,robot1,MIN_DISTANCE,OK,11.707,11.026,,0,nearest_robot=robot3
176.000,ours,-,robot2,MIN_DISTANCE,OK,13.465,11.026,,0,nearest_robot=robot4
176.000,ours,-,robot3,MIN_DISTANCE,OK,8.534,11.026,,0,nearest_robot=robot6
176.000,ours,-,robot4,MIN_DISTANCE,OK,11.957,11.026,,0,nearest_robot=robot5
176.000,ours,-,robot5,MIN_DISTANCE,OK,11.957,11.026,,0,nearest_robot=robot4
176.000,ours,-,robot6,MIN_DISTANCE,OK,8.534,11.026,,0,nearest_robot=robot3
176.000,ours,-,fleet,MIN_DISTANCE_AVG,OK,11.026,,,0,robots_sampled=6
176.830,ours,-,fleet,CHOMP_TIME_FULL,OK,,3.971,,0,iterations=100;iterations_executed=100;source=algorithm;round_trip=3.995181
177.000,ours,-,robot1,MIN_DISTANCE,OK,11.375,11.151,,0,nearest_robot=robot3
177.000,ours,-,robot2,MIN_DISTANCE,OK,13.689,11.151,,0,nearest_robot=robot4
177.000,ours,-,robot3,MIN_DISTANCE,OK,8.693,11.151,,0,nearest_robot=robot6
177.000,ours,-,robot4,MIN_DISTANCE,OK,12.227,11.151,,0,nearest_robot=robot5
177.000,ours,-,robot5,MIN_DISTANCE,OK,12.227,11.151,,0,nearest_robot=robot4
177.000,ours,-,robot6,MIN_DISTANCE,OK,8.693,11.151,,0,nearest_robot=robot3
177.000,ours,-,fleet,MIN_DISTANCE_AVG,OK,11.151,,,0,robots_sampled=6
178.000,ours,-,robot1,MIN_DISTANCE,OK,11.032,11.220,,0,nearest_robot=robot3
178.000,ours,-,robot2,MIN_DISTANCE,OK,13.913,11.220,,0,nearest_robot=robot4
178.000,ours,-,robot3,MIN_DISTANCE,OK,8.874,11.220,,0,nearest_robot=robot6
178.000,ours,-,robot4,MIN_DISTANCE,OK,12.314,11.220,,0,nearest_robot=robot5
178.000,ours,-,robot5,MIN_DISTANCE,OK,12.314,11.220,,0,nearest_robot=robot4
178.000,ours,-,robot6,MIN_DISTANCE,OK,8.874,11.220,,0,nearest_robot=robot3
178.000,ours,-,fleet,MIN_DISTANCE_AVG,OK,11.220,,,0,robots_sampled=6
179.000,ours,-,robot1,MIN_DISTANCE,OK,10.653,11.286,,0,nearest_robot=robot3
179.000,ours,-,robot2,MIN_DISTANCE,OK,13.887,11.286,,0,nearest_robot=robot5
179.000,ours,-,robot3,MIN_DISTANCE,OK,9.132,11.286,,0,nearest_robot=robot6
179.000,ours,-,robot4,MIN_DISTANCE,OK,12.455,11.286,,0,nearest_robot=robot5
179.000,ours,-,robot5,MIN_DISTANCE,OK,12.455,11.286,,0,nearest_robot=robot4
179.000,ours,-,robot6,MIN_DISTANCE,OK,9.132,11.286,,0,nearest_robot=robot3
179.000,ours,-,fleet,MIN_DISTANCE_AVG,OK,11.286,,,0,robots_sampled=6
180.000,ours,-,robot1,MIN_DISTANCE,OK,10.297,11.307,,0,nearest_robot=robot3
180.000,ours,-,robot2,MIN_DISTANCE,OK,13.721,11.307,,0,nearest_robot=robot5
180.000,ours,-,robot3,MIN_DISTANCE,OK,9.429,11.307,,0,nearest_robot=robot6
180.000,ours,-,robot4,MIN_DISTANCE,OK,12.416,11.307,,0,nearest_robot=robot6
180.000,ours,-,robot5,MIN_DISTANCE,OK,12.553,11.307,,0,nearest_robot=robot4
180.000,ours,-,robot6,MIN_DISTANCE,OK,9.429,11.307,,0,nearest_robot=robot3
180.000,ours,-,fleet,MIN_DISTANCE_AVG,OK,11.307,,,0,robots_sampled=6
181.000,ours,-,robot1,MIN_DISTANCE,OK,9.933,11.283,,0,nearest_robot=robot3
181.000,ours,-,robot2,MIN_DISTANCE,OK,13.535,11.283,,0,nearest_robot=robot5
181.000,ours,-,robot3,MIN_DISTANCE,OK,9.754,11.283,,0,nearest_robot=robot6
181.000,ours,-,robot4,MIN_DISTANCE,OK,12.121,11.283,,0,nearest_robot=robot6
181.000,ours,-,robot5,MIN_DISTANCE,OK,12.602,11.283,,0,nearest_robot=robot4
181.000,ours,-,robot6,MIN_DISTANCE,OK,9.754,11.283,,0,nearest_robot=robot3
181.000,ours,-,fleet,MIN_DISTANCE_AVG,OK,11.283,,,0,robots_sampled=6
181.420,ours,-,fleet,CHOMP_TIME_FULL,OK,,4.052,,0,iterations=100;iterations_executed=100;source=algorithm;round_trip=4.079595
182.000,ours,-,robot1,MIN_DISTANCE,OK,9.535,11.160,,0,nearest_robot=robot3
182.000,ours,-,robot2,MIN_DISTANCE,OK,13.326,11.160,,0,nearest_robot=robot5
182.000,ours,-,robot3,MIN_DISTANCE,OK,9.535,11.160,,0,nearest_robot=robot1
182.000,ours,-,robot4,MIN_DISTANCE,OK,11.801,11.160,,0,nearest_robot=robot6
182.000,ours,-,robot5,MIN_DISTANCE,OK,12.632,11.160,,0,nearest_robot=robot4
182.000,ours,-,robot6,MIN_DISTANCE,OK,10.131,11.160,,0,nearest_robot=robot3
182.000,ours,-,fleet,MIN_DISTANCE_AVG,OK,11.160,,,0,robots_sampled=6
183.000,ours,-,robot1,MIN_DISTANCE,OK,9.192,11.013,,0,nearest_robot=robot3
183.000,ours,-,robot2,MIN_DISTANCE,OK,13.159,11.013,,0,nearest_robot=robot5
183.000,ours,-,robot3,MIN_DISTANCE,OK,9.192,11.013,,0,nearest_robot=robot1
183.000,ours,-,robot4,MIN_DISTANCE,OK,11.562,11.013,,0,nearest_robot=robot6
183.000,ours,-,robot5,MIN_DISTANCE,OK,12.358,11.013,,0,nearest_robot=robot4
183.000,ours,-,robot6,MIN_DISTANCE,OK,10.614,11.013,,0,nearest_robot=robot3
183.000,ours,-,fleet,MIN_DISTANCE_AVG,OK,11.013,,,0,robots_sampled=6
184.000,ours,-,robot1,MIN_DISTANCE,OK,8.794,10.847,,0,nearest_robot=robot3
184.000,ours,-,robot2,MIN_DISTANCE,OK,12.978,10.847,,0,nearest_robot=robot5
184.000,ours,-,robot3,MIN_DISTANCE,OK,8.794,10.847,,0,nearest_robot=robot1
184.000,ours,-,robot4,MIN_DISTANCE,OK,11.472,10.847,,0,nearest_robot=robot6
184.000,ours,-,robot5,MIN_DISTANCE,OK,12.010,10.847,,0,nearest_robot=robot4
184.000,ours,-,robot6,MIN_DISTANCE,OK,11.035,10.847,,0,nearest_robot=robot3
184.000,ours,-,fleet,MIN_DISTANCE_AVG,OK,10.847,,,0,robots_sampled=6
185.000,ours,-,robot1,MIN_DISTANCE,OK,8.407,10.674,,0,nearest_robot=robot3
185.000,ours,-,robot2,MIN_DISTANCE,OK,12.786,10.674,,0,nearest_robot=robot5
185.000,ours,-,robot3,MIN_DISTANCE,OK,8.407,10.674,,0,nearest_robot=robot1
185.000,ours,-,robot4,MIN_DISTANCE,OK,11.617,10.674,,0,nearest_robot=robot5
185.000,ours,-,robot5,MIN_DISTANCE,OK,11.617,10.674,,0,nearest_robot=robot4
185.000,ours,-,robot6,MIN_DISTANCE,OK,11.209,10.674,,0,nearest_robot=robot3
185.000,ours,-,fleet,MIN_DISTANCE_AVG,OK,10.674,,,0,robots_sampled=6
186.000,ours,-,robot1,MIN_DISTANCE,OK,8.033,10.431,,0,nearest_robot=robot3
186.000,ours,-,robot2,MIN_DISTANCE,OK,12.607,10.431,,0,nearest_robot=robot5
186.000,ours,-,robot3,MIN_DISTANCE,OK,8.033,10.431,,0,nearest_robot=robot1
186.000,ours,-,robot4,MIN_DISTANCE,OK,11.250,10.431,,0,nearest_robot=robot5
186.000,ours,-,robot5,MIN_DISTANCE,OK,11.250,10.431,,0,nearest_robot=robot4
186.000,ours,-,robot6,MIN_DISTANCE,OK,11.416,10.431,,0,nearest_robot=robot3
186.000,ours,-,fleet,MIN_DISTANCE_AVG,OK,10.431,,,0,robots_sampled=6
186.020,ours,-,fleet,CHOMP_TIME_FULL,OK,,4.128,,0,iterations=100;iterations_executed=100;source=algorithm;round_trip=4.154131
186.900,ours,-,fleet,CHOMP_TIME_PARTIAL,OK,,0.416,,0,iterations=10;iterations_executed=10;source=algorithm;round_trip=0.431111
187.000,ours,-,robot1,MIN_DISTANCE,OK,7.642,10.210,,0,nearest_robot=robot3
187.000,ours,-,robot2,MIN_DISTANCE,OK,12.439,10.210,,0,nearest_robot=robot5
187.000,ours,-,robot3,MIN_DISTANCE,OK,7.642,10.210,,0,nearest_robot=robot1
187.000,ours,-,robot4,MIN_DISTANCE,OK,10.908,10.210,,0,nearest_robot=robot5
187.000,ours,-,robot5,MIN_DISTANCE,OK,10.908,10.210,,0,nearest_robot=robot4
187.000,ours,-,robot6,MIN_DISTANCE,OK,11.722,10.210,,0,nearest_robot=robot3
187.000,ours,-,fleet,MIN_DISTANCE_AVG,OK,10.210,,,0,robots_sampled=6
188.000,ours,-,robot1,MIN_DISTANCE,OK,7.266,9.988,,0,nearest_robot=robot3
188.000,ours,-,robot2,MIN_DISTANCE,OK,12.277,9.988,,0,nearest_robot=robot5
188.000,ours,-,robot3,MIN_DISTANCE,OK,7.266,9.988,,0,nearest_robot=robot1
188.000,ours,-,robot4,MIN_DISTANCE,OK,10.545,9.988,,0,nearest_robot=robot5
188.000,ours,-,robot5,MIN_DISTANCE,OK,10.545,9.988,,0,nearest_robot=robot4
188.000,ours,-,robot6,MIN_DISTANCE,OK,12.027,9.988,,0,nearest_robot=robot3
188.000,ours,-,fleet,MIN_DISTANCE_AVG,OK,9.988,,,0,robots_sampled=6
189.000,ours,-,robot1,MIN_DISTANCE,OK,6.977,9.778,,0,nearest_robot=robot3
189.000,ours,-,robot2,MIN_DISTANCE,OK,12.095,9.778,,0,nearest_robot=robot5
189.000,ours,-,robot3,MIN_DISTANCE,OK,6.977,9.778,,0,nearest_robot=robot1
189.000,ours,-,robot4,MIN_DISTANCE,OK,10.210,9.778,,0,nearest_robot=robot5
189.000,ours,-,robot5,MIN_DISTANCE,OK,10.210,9.778,,0,nearest_robot=robot4
189.000,ours,-,robot6,MIN_DISTANCE,OK,12.200,9.778,,0,nearest_robot=robot3
189.000,ours,-,fleet,MIN_DISTANCE_AVG,OK,9.778,,,0,robots_sampled=6
190.000,ours,-,robot1,MIN_DISTANCE,OK,6.645,9.541,,0,nearest_robot=robot3
190.000,ours,-,robot2,MIN_DISTANCE,OK,11.920,9.541,,0,nearest_robot=robot5
190.000,ours,-,robot3,MIN_DISTANCE,OK,6.645,9.541,,0,nearest_robot=robot1
190.000,ours,-,robot4,MIN_DISTANCE,OK,9.868,9.541,,0,nearest_robot=robot5
190.000,ours,-,robot5,MIN_DISTANCE,OK,9.868,9.541,,0,nearest_robot=robot4
190.000,ours,-,robot6,MIN_DISTANCE,OK,12.297,9.541,,0,nearest_robot=robot3
190.000,ours,-,fleet,MIN_DISTANCE_AVG,OK,9.541,,,0,robots_sampled=6
191.000,ours,-,robot1,MIN_DISTANCE,OK,6.316,9.290,,0,nearest_robot=robot3
191.000,ours,-,robot2,MIN_DISTANCE,OK,11.729,9.290,,0,nearest_robot=robot5
191.000,ours,-,robot3,MIN_DISTANCE,OK,6.316,9.290,,0,nearest_robot=robot1
191.000,ours,-,robot4,MIN_DISTANCE,OK,9.518,9.290,,0,nearest_robot=robot5
191.000,ours,-,robot5,MIN_DISTANCE,OK,9.518,9.290,,0,nearest_robot=robot4
191.000,ours,-,robot6,MIN_DISTANCE,OK,12.341,9.290,,0,nearest_robot=robot3
191.000,ours,-,fleet,MIN_DISTANCE_AVG,OK,9.290,,,0,robots_sampled=6
191.530,ours,-,fleet,CHOMP_TIME_FULL,OK,,4.175,,0,iterations=100;iterations_executed=100;source=algorithm;round_trip=4.197140
192.000,ours,-,robot1,MIN_DISTANCE,OK,6.015,8.965,,0,nearest_robot=robot3
192.000,ours,-,robot2,MIN_DISTANCE,OK,11.454,8.965,,0,nearest_robot=robot5
192.000,ours,-,robot3,MIN_DISTANCE,OK,6.015,8.965,,0,nearest_robot=robot1
192.000,ours,-,robot4,MIN_DISTANCE,OK,8.980,8.965,,0,nearest_robot=robot5
192.000,ours,-,robot5,MIN_DISTANCE,OK,8.980,8.965,,0,nearest_robot=robot4
192.000,ours,-,robot6,MIN_DISTANCE,OK,12.346,8.965,,0,nearest_robot=robot3
192.000,ours,-,fleet,MIN_DISTANCE_AVG,OK,8.965,,,0,robots_sampled=6
192.420,ours,-,fleet,CHOMP_TIME_PARTIAL,OK,,0.423,,0,iterations=10;iterations_executed=10;source=algorithm;round_trip=0.438772
193.000,ours,-,robot1,MIN_DISTANCE,OK,5.705,8.745,,0,nearest_robot=robot3
193.000,ours,-,robot2,MIN_DISTANCE,OK,11.280,8.745,,0,nearest_robot=robot5
193.000,ours,-,robot3,MIN_DISTANCE,OK,5.705,8.745,,0,nearest_robot=robot1
193.000,ours,-,robot4,MIN_DISTANCE,OK,8.721,8.745,,0,nearest_robot=robot5
193.000,ours,-,robot5,MIN_DISTANCE,OK,8.721,8.745,,0,nearest_robot=robot4
193.000,ours,-,robot6,MIN_DISTANCE,OK,12.336,8.745,,0,nearest_robot=robot3
193.000,ours,-,fleet,MIN_DISTANCE_AVG,OK,8.745,,,0,robots_sampled=6
194.000,ours,-,robot1,MIN_DISTANCE,OK,5.402,8.495,,0,nearest_robot=robot3
194.000,ours,-,robot2,MIN_DISTANCE,OK,11.135,8.495,,0,nearest_robot=robot5
194.000,ours,-,robot3,MIN_DISTANCE,OK,5.402,8.495,,0,nearest_robot=robot1
194.000,ours,-,robot4,MIN_DISTANCE,OK,8.360,8.495,,0,nearest_robot=robot5
194.000,ours,-,robot5,MIN_DISTANCE,OK,8.360,8.495,,0,nearest_robot=robot4
194.000,ours,-,robot6,MIN_DISTANCE,OK,12.310,8.495,,0,nearest_robot=robot3
194.000,ours,-,fleet,MIN_DISTANCE_AVG,OK,8.495,,,0,robots_sampled=6
195.000,ours,-,robot1,MIN_DISTANCE,OK,5.114,8.252,,0,nearest_robot=robot3
195.000,ours,-,robot2,MIN_DISTANCE,OK,11.006,8.252,,0,nearest_robot=robot5
195.000,ours,-,robot3,MIN_DISTANCE,OK,5.114,8.252,,0,nearest_robot=robot1
195.000,ours,-,robot4,MIN_DISTANCE,OK,7.978,8.252,,0,nearest_robot=robot5
195.000,ours,-,robot5,MIN_DISTANCE,OK,7.978,8.252,,0,nearest_robot=robot4
195.000,ours,-,robot6,MIN_DISTANCE,OK,12.319,8.252,,0,nearest_robot=robot3
195.000,ours,-,fleet,MIN_DISTANCE_AVG,OK,8.252,,,0,robots_sampled=6
196.000,ours,-,robot1,MIN_DISTANCE,OK,4.763,8.005,,0,nearest_robot=robot3
196.000,ours,-,robot2,MIN_DISTANCE,OK,10.986,8.005,,0,nearest_robot=robot5
196.000,ours,-,robot3,MIN_DISTANCE,OK,4.763,8.005,,0,nearest_robot=robot1
196.000,ours,-,robot4,MIN_DISTANCE,OK,7.769,8.005,,0,nearest_robot=robot5
196.000,ours,-,robot5,MIN_DISTANCE,OK,7.769,8.005,,0,nearest_robot=robot4
196.000,ours,-,robot6,MIN_DISTANCE,OK,11.981,8.005,,0,nearest_robot=robot1
196.000,ours,-,fleet,MIN_DISTANCE_AVG,OK,8.005,,,0,robots_sampled=6
196.940,ours,-,fleet,CHOMP_TIME_FULL,OK,,4.065,,0,iterations=100;iterations_executed=100;source=algorithm;round_trip=4.090379
197.000,ours,-,robot1,MIN_DISTANCE,OK,4.429,7.700,,0,nearest_robot=robot3
197.000,ours,-,robot2,MIN_DISTANCE,OK,10.933,7.700,,0,nearest_robot=robot5
197.000,ours,-,robot3,MIN_DISTANCE,OK,4.429,7.700,,0,nearest_robot=robot1
197.000,ours,-,robot4,MIN_DISTANCE,OK,7.387,7.700,,0,nearest_robot=robot5
197.000,ours,-,robot5,MIN_DISTANCE,OK,7.387,7.700,,0,nearest_robot=robot4
197.000,ours,-,robot6,MIN_DISTANCE,OK,11.633,7.700,,0,nearest_robot=robot1
197.000,ours,-,fleet,MIN_DISTANCE_AVG,OK,7.700,,,0,robots_sampled=6
197.410,ours,-,fleet,CHOMP_TIME_PARTIAL,OK,,0.410,,0,iterations=10;iterations_executed=10;source=algorithm;round_trip=0.427461
197.930,ours,-,fleet,CHOMP_TIME_PARTIAL,OK,,0.433,,0,iterations=10;iterations_executed=10;source=algorithm;round_trip=0.449192
198.000,ours,-,robot1,MIN_DISTANCE,OK,4.104,7.426,,0,nearest_robot=robot3
198.000,ours,-,robot2,MIN_DISTANCE,OK,11.073,7.426,,0,nearest_robot=robot5
198.000,ours,-,robot3,MIN_DISTANCE,OK,4.104,7.426,,0,nearest_robot=robot1
198.000,ours,-,robot4,MIN_DISTANCE,OK,6.994,7.426,,0,nearest_robot=robot5
198.000,ours,-,robot5,MIN_DISTANCE,OK,6.994,7.426,,0,nearest_robot=robot4
198.000,ours,-,robot6,MIN_DISTANCE,OK,11.284,7.426,,0,nearest_robot=robot1
198.000,ours,-,fleet,MIN_DISTANCE_AVG,OK,7.426,,,0,robots_sampled=6
199.000,ours,-,robot1,MIN_DISTANCE,OK,3.782,7.180,,0,nearest_robot=robot3
199.000,ours,-,robot2,MIN_DISTANCE,OK,11.422,7.180,,0,nearest_robot=robot5
199.000,ours,-,robot3,MIN_DISTANCE,OK,3.782,7.180,,0,nearest_robot=robot1
199.000,ours,-,robot4,MIN_DISTANCE,OK,6.593,7.180,,0,nearest_robot=robot5
199.000,ours,-,robot5,MIN_DISTANCE,OK,6.593,7.180,,0,nearest_robot=robot4
199.000,ours,-,robot6,MIN_DISTANCE,OK,10.906,7.180,,0,nearest_robot=robot1
199.000,ours,-,fleet,MIN_DISTANCE_AVG,OK,7.180,,,0,robots_sampled=6
200.000,ours,-,robot1,MIN_DISTANCE,OK,3.464,6.934,,0,nearest_robot=robot3
200.000,ours,-,robot2,MIN_DISTANCE,OK,11.776,6.934,,0,nearest_robot=robot5
200.000,ours,-,robot3,MIN_DISTANCE,OK,3.464,6.934,,0,nearest_robot=robot1
200.000,ours,-,robot4,MIN_DISTANCE,OK,6.178,6.934,,0,nearest_robot=robot5
200.000,ours,-,robot5,MIN_DISTANCE,OK,6.178,6.934,,0,nearest_robot=robot4
200.000,ours,-,robot6,MIN_DISTANCE,OK,10.546,6.934,,0,nearest_robot=robot1
200.000,ours,-,fleet,MIN_DISTANCE_AVG,OK,6.934,,,0,robots_sampled=6
201.000,ours,-,robot1,MIN_DISTANCE,OK,3.177,6.704,,0,nearest_robot=robot3
201.000,ours,-,robot2,MIN_DISTANCE,OK,11.949,6.704,,0,nearest_robot=robot5
201.000,ours,-,robot3,MIN_DISTANCE,OK,3.177,6.704,,0,nearest_robot=robot1
201.000,ours,-,robot4,MIN_DISTANCE,OK,5.830,6.704,,0,nearest_robot=robot5
201.000,ours,-,robot5,MIN_DISTANCE,OK,5.830,6.704,,0,nearest_robot=robot4
201.000,ours,-,robot6,MIN_DISTANCE,OK,10.262,6.704,,0,nearest_robot=robot1
201.000,ours,-,fleet,MIN_DISTANCE_AVG,OK,6.704,,,0,robots_sampled=6
202.000,ours,-,robot1,MIN_DISTANCE,OK,2.922,6.458,,0,nearest_robot=robot3
202.000,ours,-,robot2,MIN_DISTANCE,OK,12.017,6.458,,0,nearest_robot=robot5
202.000,ours,-,robot3,MIN_DISTANCE,OK,2.922,6.458,,0,nearest_robot=robot1
202.000,ours,-,robot4,MIN_DISTANCE,OK,5.463,6.458,,0,nearest_robot=robot5
202.000,ours,-,robot5,MIN_DISTANCE,OK,5.463,6.458,,0,nearest_robot=robot4
202.000,ours,-,robot6,MIN_DISTANCE,OK,9.961,6.458,,0,nearest_robot=robot1
202.000,ours,-,fleet,MIN_DISTANCE_AVG,OK,6.458,,,0,robots_sampled=6
202.380,ours,-,fleet,CHOMP_TIME_FULL,OK,,4.012,,0,iterations=100;iterations_executed=100;source=algorithm;round_trip=4.032523
202.920,ours,-,fleet,CHOMP_TIME_PARTIAL,OK,,0.423,,0,iterations=10;iterations_executed=10;source=algorithm;round_trip=0.441588
203.000,ours,-,robot1,MIN_DISTANCE,OK,2.713,6.230,,0,nearest_robot=robot3
203.000,ours,-,robot2,MIN_DISTANCE,OK,12.067,6.230,,0,nearest_robot=robot5
203.000,ours,-,robot3,MIN_DISTANCE,OK,2.713,6.230,,0,nearest_robot=robot1
203.000,ours,-,robot4,MIN_DISTANCE,OK,5.100,6.230,,0,nearest_robot=robot5
203.000,ours,-,robot5,MIN_DISTANCE,OK,5.100,6.230,,0,nearest_robot=robot4
203.000,ours,-,robot6,MIN_DISTANCE,OK,9.688,6.230,,0,nearest_robot=robot1
203.000,ours,-,fleet,MIN_DISTANCE_AVG,OK,6.230,,,0,robots_sampled=6
203.420,ours,-,fleet,CHOMP_TIME_PARTIAL,OK,,0.423,,0,iterations=10;iterations_executed=10;source=algorithm;round_trip=0.439887
204.000,ours,-,robot1,MIN_DISTANCE,OK,2.575,6.029,,0,nearest_robot=robot3
204.000,ours,-,robot2,MIN_DISTANCE,OK,12.186,6.029,,0,nearest_robot=robot5
204.000,ours,-,robot3,MIN_DISTANCE,OK,2.575,6.029,,0,nearest_robot=robot1
204.000,ours,-,robot4,MIN_DISTANCE,OK,4.715,6.029,,0,nearest_robot=robot5
204.000,ours,-,robot5,MIN_DISTANCE,OK,4.715,6.029,,0,nearest_robot=robot4
204.000,ours,-,robot6,MIN_DISTANCE,OK,9.408,6.029,,0,nearest_robot=robot1
204.000,ours,-,fleet,MIN_DISTANCE_AVG,OK,6.029,,,0,robots_sampled=6
205.000,ours,-,robot1,MIN_DISTANCE,OK,2.498,5.870,,0,nearest_robot=robot3
205.000,ours,-,robot2,MIN_DISTANCE,OK,12.241,5.870,,0,nearest_robot=robot5
205.000,ours,-,robot3,MIN_DISTANCE,OK,2.498,5.870,,0,nearest_robot=robot1
205.000,ours,-,robot4,MIN_DISTANCE,OK,4.419,5.870,,0,nearest_robot=robot5
205.000,ours,-,robot5,MIN_DISTANCE,OK,4.419,5.870,,0,nearest_robot=robot4
205.000,ours,-,robot6,MIN_DISTANCE,OK,9.146,5.870,,0,nearest_robot=robot1
205.000,ours,-,fleet,MIN_DISTANCE_AVG,OK,5.870,,,0,robots_sampled=6
206.000,ours,-,robot1,MIN_DISTANCE,OK,2.496,5.765,,0,nearest_robot=robot3
206.000,ours,-,robot2,MIN_DISTANCE,OK,12.326,5.765,,0,nearest_robot=robot5
206.000,ours,-,robot3,MIN_DISTANCE,OK,2.496,5.765,,0,nearest_robot=robot1
206.000,ours,-,robot4,MIN_DISTANCE,OK,4.153,5.765,,0,nearest_robot=robot5
206.000,ours,-,robot5,MIN_DISTANCE,OK,4.153,5.765,,0,nearest_robot=robot4
206.000,ours,-,robot6,MIN_DISTANCE,OK,8.966,5.765,,0,nearest_robot=robot1
206.000,ours,-,fleet,MIN_DISTANCE_AVG,OK,5.765,,,0,robots_sampled=6
207.000,ours,-,robot1,MIN_DISTANCE,OK,2.506,5.695,,0,nearest_robot=robot3
207.000,ours,-,robot2,MIN_DISTANCE,OK,12.480,5.695,,0,nearest_robot=robot5
207.000,ours,-,robot3,MIN_DISTANCE,OK,2.506,5.695,,0,nearest_robot=robot1
207.000,ours,-,robot4,MIN_DISTANCE,OK,3.914,5.695,,0,nearest_robot=robot5
207.000,ours,-,robot5,MIN_DISTANCE,OK,3.914,5.695,,0,nearest_robot=robot4
207.000,ours,-,robot6,MIN_DISTANCE,OK,8.853,5.695,,0,nearest_robot=robot1
207.000,ours,-,fleet,MIN_DISTANCE_AVG,OK,5.695,,,0,robots_sampled=6
207.850,ours,-,fleet,CHOMP_TIME_FULL,OK,,3.974,,0,iterations=100;iterations_executed=100;source=algorithm;round_trip=3.999056
208.000,ours,-,robot1,MIN_DISTANCE,OK,2.506,5.626,,0,nearest_robot=robot3
208.000,ours,-,robot2,MIN_DISTANCE,OK,12.644,5.626,,0,nearest_robot=robot5
208.000,ours,-,robot3,MIN_DISTANCE,OK,2.506,5.626,,0,nearest_robot=robot1
208.000,ours,-,robot4,MIN_DISTANCE,OK,3.701,5.626,,0,nearest_robot=robot5
208.000,ours,-,robot5,MIN_DISTANCE,OK,3.701,5.626,,0,nearest_robot=robot4
208.000,ours,-,robot6,MIN_DISTANCE,OK,8.698,5.626,,0,nearest_robot=robot1
208.000,ours,-,fleet,MIN_DISTANCE_AVG,OK,5.626,,,0,robots_sampled=6
208.400,ours,-,fleet,CHOMP_TIME_PARTIAL,OK,,0.408,,0,iterations=10;iterations_executed=10;source=algorithm;round_trip=0.424606
209.000,ours,-,robot1,MIN_DISTANCE,OK,2.531,5.541,,0,nearest_robot=robot3
209.000,ours,-,robot2,MIN_DISTANCE,OK,12.850,5.541,,0,nearest_robot=robot5
209.000,ours,-,robot3,MIN_DISTANCE,OK,2.531,5.541,,0,nearest_robot=robot1
209.000,ours,-,robot4,MIN_DISTANCE,OK,3.549,5.541,,0,nearest_robot=robot5
209.000,ours,-,robot5,MIN_DISTANCE,OK,3.549,5.541,,0,nearest_robot=robot4
209.000,ours,-,robot6,MIN_DISTANCE,OK,8.238,5.541,,0,nearest_robot=robot1
209.000,ours,-,fleet,MIN_DISTANCE_AVG,OK,5.541,,,0,robots_sampled=6
210.000,ours,-,robot1,MIN_DISTANCE,OK,2.532,5.453,,0,nearest_robot=robot3
210.000,ours,-,robot2,MIN_DISTANCE,OK,13.032,5.453,,0,nearest_robot=robot5
210.000,ours,-,robot3,MIN_DISTANCE,OK,2.532,5.453,,0,nearest_robot=robot1
210.000,ours,-,robot4,MIN_DISTANCE,OK,3.435,5.453,,0,nearest_robot=robot5
210.000,ours,-,robot5,MIN_DISTANCE,OK,3.435,5.453,,0,nearest_robot=robot4
210.000,ours,-,robot6,MIN_DISTANCE,OK,7.752,5.453,,0,nearest_robot=robot1
210.000,ours,-,fleet,MIN_DISTANCE_AVG,OK,5.453,,,0,robots_sampled=6
211.000,ours,-,robot1,MIN_DISTANCE,OK,2.571,5.416,,0,nearest_robot=robot3
211.000,ours,-,robot2,MIN_DISTANCE,OK,13.194,5.416,,0,nearest_robot=robot5
211.000,ours,-,robot3,MIN_DISTANCE,OK,2.571,5.416,,0,nearest_robot=robot1
211.000,ours,-,robot4,MIN_DISTANCE,OK,3.386,5.416,,0,nearest_robot=robot5
211.000,ours,-,robot5,MIN_DISTANCE,OK,3.386,5.416,,0,nearest_robot=robot4
211.000,ours,-,robot6,MIN_DISTANCE,OK,7.386,5.416,,0,nearest_robot=robot1
211.000,ours,-,fleet,MIN_DISTANCE_AVG,OK,5.416,,,0,robots_sampled=6
212.000,ours,-,robot1,MIN_DISTANCE,OK,2.560,5.392,,0,nearest_robot=robot3
212.000,ours,-,robot2,MIN_DISTANCE,OK,13.384,5.392,,0,nearest_robot=robot5
212.000,ours,-,robot3,MIN_DISTANCE,OK,2.560,5.392,,0,nearest_robot=robot1
212.000,ours,-,robot4,MIN_DISTANCE,OK,3.360,5.392,,0,nearest_robot=robot5
212.000,ours,-,robot5,MIN_DISTANCE,OK,3.360,5.392,,0,nearest_robot=robot4
212.000,ours,-,robot6,MIN_DISTANCE,OK,7.128,5.392,,0,nearest_robot=robot1
212.000,ours,-,fleet,MIN_DISTANCE_AVG,OK,5.392,,,0,robots_sampled=6
213.000,ours,-,robot1,MIN_DISTANCE,OK,2.573,5.394,,0,nearest_robot=robot3
213.000,ours,-,robot2,MIN_DISTANCE,OK,13.522,5.394,,0,nearest_robot=robot5
213.000,ours,-,robot3,MIN_DISTANCE,OK,2.573,5.394,,0,nearest_robot=robot1
213.000,ours,-,robot4,MIN_DISTANCE,OK,3.401,5.394,,0,nearest_robot=robot5
213.000,ours,-,robot5,MIN_DISTANCE,OK,3.401,5.394,,0,nearest_robot=robot4
213.000,ours,-,robot6,MIN_DISTANCE,OK,6.896,5.394,,0,nearest_robot=robot1
213.000,ours,-,fleet,MIN_DISTANCE_AVG,OK,5.394,,,0,robots_sampled=6
213.430,ours,-,fleet,CHOMP_TIME_FULL,OK,,4.048,,0,iterations=100;iterations_executed=100;source=algorithm;round_trip=4.071249
213.920,ours,-,fleet,CHOMP_TIME_PARTIAL,OK,,0.423,,0,iterations=10;iterations_executed=10;source=algorithm;round_trip=0.439166
214.000,ours,-,robot1,MIN_DISTANCE,OK,2.527,5.378,,0,nearest_robot=robot3
214.000,ours,-,robot2,MIN_DISTANCE,OK,13.554,5.378,,0,nearest_robot=robot5
214.000,ours,-,robot3,MIN_DISTANCE,OK,2.527,5.378,,0,nearest_robot=robot1
214.000,ours,-,robot4,MIN_DISTANCE,OK,3.457,5.378,,0,nearest_robot=robot5
214.000,ours,-,robot5,MIN_DISTANCE,OK,3.457,5.378,,0,nearest_robot=robot4
214.000,ours,-,robot6,MIN_DISTANCE,OK,6.744,5.378,,0,nearest_robot=robot1
214.000,ours,-,fleet,MIN_DISTANCE_AVG,OK,5.378,,,0,robots_sampled=6
214.420,ours,-,fleet,CHOMP_TIME_PARTIAL,OK,,0.415,,0,iterations=10;iterations_executed=10;source=algorithm;round_trip=0.433389
215.000,ours,-,robot1,MIN_DISTANCE,OK,2.544,5.405,,0,nearest_robot=robot3
215.000,ours,-,robot2,MIN_DISTANCE,OK,13.565,5.405,,0,nearest_robot=robot5
215.000,ours,-,robot3,MIN_DISTANCE,OK,2.544,5.405,,0,nearest_robot=robot1
215.000,ours,-,robot4,MIN_DISTANCE,OK,3.584,5.405,,0,nearest_robot=robot5
215.000,ours,-,robot5,MIN_DISTANCE,OK,3.584,5.405,,0,nearest_robot=robot4
215.000,ours,-,robot6,MIN_DISTANCE,OK,6.612,5.405,,0,nearest_robot=robot1
215.000,ours,-,fleet,MIN_DISTANCE_AVG,OK,5.405,,,0,robots_sampled=6
216.000,ours,-,robot1,MIN_DISTANCE,OK,2.718,5.509,,0,nearest_robot=robot3
216.000,ours,-,robot2,MIN_DISTANCE,OK,13.575,5.509,,0,nearest_robot=robot5
216.000,ours,-,robot3,MIN_DISTANCE,OK,2.718,5.509,,0,nearest_robot=robot1
216.000,ours,-,robot4,MIN_DISTANCE,OK,3.773,5.509,,0,nearest_robot=robot5
216.000,ours,-,robot5,MIN_DISTANCE,OK,3.773,5.509,,0,nearest_robot=robot4
216.000,ours,-,robot6,MIN_DISTANCE,OK,6.502,5.509,,0,nearest_robot=robot1
216.000,ours,-,fleet,MIN_DISTANCE_AVG,OK,5.509,,,0,robots_sampled=6
217.000,ours,-,robot1,MIN_DISTANCE,OK,2.801,5.596,,0,nearest_robot=robot3
217.000,ours,-,robot2,MIN_DISTANCE,OK,13.579,5.596,,0,nearest_robot=robot5
217.000,ours,-,robot3,MIN_DISTANCE,OK,2.801,5.596,,0,nearest_robot=robot1
217.000,ours,-,robot4,MIN_DISTANCE,OK,4.006,5.596,,0,nearest_robot=robot5
217.000,ours,-,robot5,MIN_DISTANCE,OK,4.006,5.596,,0,nearest_robot=robot4
217.000,ours,-,robot6,MIN_DISTANCE,OK,6.380,5.596,,0,nearest_robot=robot1
217.000,ours,-,fleet,MIN_DISTANCE_AVG,OK,5.596,,,0,robots_sampled=6
218.000,ours,-,robot1,MIN_DISTANCE,OK,2.863,5.682,,0,nearest_robot=robot3
218.000,ours,-,robot2,MIN_DISTANCE,OK,13.565,5.682,,0,nearest_robot=robot5
218.000,ours,-,robot3,MIN_DISTANCE,OK,2.863,5.682,,0,nearest_robot=robot1
218.000,ours,-,robot4,MIN_DISTANCE,OK,4.278,5.682,,0,nearest_robot=robot5
218.000,ours,-,robot5,MIN_DISTANCE,OK,4.278,5.682,,0,nearest_robot=robot4
218.000,ours,-,robot6,MIN_DISTANCE,OK,6.248,5.682,,0,nearest_robot=robot1
218.000,ours,-,fleet,MIN_DISTANCE_AVG,OK,5.682,,,0,robots_sampled=6
218.810,ours,-,fleet,CHOMP_TIME_FULL,OK,,3.928,,0,iterations=100;iterations_executed=100;source=algorithm;round_trip=3.957413
219.000,ours,-,robot1,MIN_DISTANCE,OK,2.935,5.793,,0,nearest_robot=robot3
219.000,ours,-,robot2,MIN_DISTANCE,OK,13.564,5.793,,0,nearest_robot=robot5
219.000,ours,-,robot3,MIN_DISTANCE,OK,2.935,5.793,,0,nearest_robot=robot1
219.000,ours,-,robot4,MIN_DISTANCE,OK,4.599,5.793,,0,nearest_robot=robot5
219.000,ours,-,robot5,MIN_DISTANCE,OK,4.599,5.793,,0,nearest_robot=robot4
219.000,ours,-,robot6,MIN_DISTANCE,OK,6.124,5.793,,0,nearest_robot=robot1
219.000,ours,-,fleet,MIN_DISTANCE_AVG,OK,5.793,,,0,robots_sampled=6
220.000,ours,-,robot1,MIN_DISTANCE,OK,3.044,5.929,,0,nearest_robot=robot3
220.000,ours,-,robot2,MIN_DISTANCE,OK,13.612,5.929,,0,nearest_robot=robot5
220.000,ours,-,robot3,MIN_DISTANCE,OK,3.044,5.929,,0,nearest_robot=robot1
220.000,ours,-,robot4,MIN_DISTANCE,OK,4.914,5.929,,0,nearest_robot=robot5
220.000,ours,-,robot5,MIN_DISTANCE,OK,4.914,5.929,,0,nearest_robot=robot4
220.000,ours,-,robot6,MIN_DISTANCE,OK,6.047,5.929,,0,nearest_robot=robot1
220.000,ours,-,fleet,MIN_DISTANCE_AVG,OK,5.929,,,0,robots_sampled=6
221.000,ours,-,robot1,MIN_DISTANCE,OK,3.185,6.078,,0,nearest_robot=robot3
221.000,ours,-,robot2,MIN_DISTANCE,OK,13.618,6.078,,0,nearest_robot=robot5
221.000,ours,-,robot3,MIN_DISTANCE,OK,3.185,6.078,,0,nearest_robot=robot1
221.000,ours,-,robot4,MIN_DISTANCE,OK,5.230,6.078,,0,nearest_robot=robot5
221.000,ours,-,robot5,MIN_DISTANCE,OK,5.230,6.078,,0,nearest_robot=robot4
221.000,ours,-,robot6,MIN_DISTANCE,OK,6.019,6.078,,0,nearest_robot=robot1
221.000,ours,-,fleet,MIN_DISTANCE_AVG,OK,6.078,,,0,robots_sampled=6
222.000,ours,-,robot1,MIN_DISTANCE,OK,3.357,6.233,,0,nearest_robot=robot3
222.000,ours,-,robot2,MIN_DISTANCE,OK,13.654,6.233,,0,nearest_robot=robot5
222.000,ours,-,robot3,MIN_DISTANCE,OK,3.357,6.233,,0,nearest_robot=robot1
222.000,ours,-,robot4,MIN_DISTANCE,OK,5.562,6.233,,0,nearest_robot=robot5
222.000,ours,-,robot5,MIN_DISTANCE,OK,5.562,6.233,,0,nearest_robot=robot4
222.000,ours,-,robot6,MIN_DISTANCE,OK,5.903,6.233,,0,nearest_robot=robot1
222.000,ours,-,fleet,MIN_DISTANCE_AVG,OK,6.233,,,0,robots_sampled=6
223.000,ours,-,robot1,MIN_DISTANCE,OK,3.531,6.361,,0,nearest_robot=robot3
223.000,ours,-,robot2,MIN_DISTANCE,OK,13.708,6.361,,0,nearest_robot=robot5
223.000,ours,-,robot3,MIN_DISTANCE,OK,3.531,6.361,,0,nearest_robot=robot1
223.000,ours,-,robot4,MIN_DISTANCE,OK,5.956,6.361,,0,nearest_robot=robot5
223.000,ours,-,robot5,MIN_DISTANCE,OK,5.956,6.361,,0,nearest_robot=robot4
223.000,ours,-,robot6,MIN_DISTANCE,OK,5.483,6.361,,0,nearest_robot=robot1
223.000,ours,-,fleet,MIN_DISTANCE_AVG,OK,6.361,,,0,robots_sampled=6
223.480,ours,-,fleet,CHOMP_TIME_FULL,OK,,4.092,,0,iterations=100;iterations_executed=100;source=algorithm;round_trip=4.115973
224.000,ours,-,robot1,MIN_DISTANCE,OK,3.745,6.492,,0,nearest_robot=robot3
224.000,ours,-,robot2,MIN_DISTANCE,OK,13.765,6.492,,0,nearest_robot=robot5
224.000,ours,-,robot3,MIN_DISTANCE,OK,3.745,6.492,,0,nearest_robot=robot1
224.000,ours,-,robot4,MIN_DISTANCE,OK,6.320,6.492,,0,nearest_robot=robot5
224.000,ours,-,robot5,MIN_DISTANCE,OK,6.320,6.492,,0,nearest_robot=robot4
224.000,ours,-,robot6,MIN_DISTANCE,OK,5.060,6.492,,0,nearest_robot=robot1
224.000,ours,-,fleet,MIN_DISTANCE_AVG,OK,6.492,,,0,robots_sampled=6
225.000,ours,-,robot1,MIN_DISTANCE,OK,4.006,6.597,,0,nearest_robot=robot3
225.000,ours,-,robot2,MIN_DISTANCE,OK,13.660,6.597,,0,nearest_robot=robot5
225.000,ours,-,robot3,MIN_DISTANCE,OK,4.006,6.597,,0,nearest_robot=robot1
225.000,ours,-,robot4,MIN_DISTANCE,OK,6.599,6.597,,0,nearest_robot=robot5
225.000,ours,-,robot5,MIN_DISTANCE,OK,6.599,6.597,,0,nearest_robot=robot4
225.000,ours,-,robot6,MIN_DISTANCE,OK,4.715,6.597,,0,nearest_robot=robot1
225.000,ours,-,fleet,MIN_DISTANCE_AVG,OK,6.597,,,0,robots_sampled=6
226.000,ours,-,robot1,MIN_DISTANCE,OK,4.292,6.744,,0,nearest_robot=robot3
226.000,ours,-,robot2,MIN_DISTANCE,OK,13.612,6.744,,0,nearest_robot=robot5
226.000,ours,-,robot3,MIN_DISTANCE,OK,4.292,6.744,,0,nearest_robot=robot1
226.000,ours,-,robot4,MIN_DISTANCE,OK,6.929,6.744,,0,nearest_robot=robot5
226.000,ours,-,robot5,MIN_DISTANCE,OK,6.929,6.744,,0,nearest_robot=robot4
226.000,ours,-,robot6,MIN_DISTANCE,OK,4.409,6.744,,0,nearest_robot=robot1
226.000,ours,-,fleet,MIN_DISTANCE_AVG,OK,6.744,,,0,robots_sampled=6
227.000,ours,-,robot1,MIN_DISTANCE,OK,4.088,6.856,,0,nearest_robot=robot6
227.000,ours,-,robot2,MIN_DISTANCE,OK,13.787,6.856,,0,nearest_robot=robot5
227.000,ours,-,robot3,MIN_DISTANCE,OK,4.597,6.856,,0,nearest_robot=robot1
227.000,ours,-,robot4,MIN_DISTANCE,OK,7.288,6.856,,0,nearest_robot=robot5
227.000,ours,-,robot5,MIN_DISTANCE,OK,7.288,6.856,,0,nearest_robot=robot4
227.000,ours,-,robot6,MIN_DISTANCE,OK,4.088,6.856,,0,nearest_robot=robot1
227.000,ours,-,fleet,MIN_DISTANCE_AVG,OK,6.856,,,0,robots_sampled=6
227.860,ours,-,fleet,CHOMP_TIME_FULL,OK,,3.987,,0,iterations=100;iterations_executed=100;source=algorithm;round_trip=4.006862
228.000,ours,-,robot1,MIN_DISTANCE,OK,3.833,6.987,,0,nearest_robot=robot6
228.000,ours,-,robot2,MIN_DISTANCE,OK,14.155,6.987,,0,nearest_robot=robot5
228.000,ours,-,robot3,MIN_DISTANCE,OK,4.904,6.987,,0,nearest_robot=robot1
228.000,ours,-,robot4,MIN_DISTANCE,OK,7.598,6.987,,0,nearest_robot=robot5
228.000,ours,-,robot5,MIN_DISTANCE,OK,7.598,6.987,,0,nearest_robot=robot4
228.000,ours,-,robot6,MIN_DISTANCE,OK,3.833,6.987,,0,nearest_robot=robot1
228.000,ours,-,fleet,MIN_DISTANCE_AVG,OK,6.987,,,0,robots_sampled=6
228.420,ours,-,fleet,CHOMP_TIME_PARTIAL,OK,,0.433,,0,iterations=10;iterations_executed=10;source=algorithm;round_trip=0.448998
228.920,ours,-,fleet,CHOMP_TIME_PARTIAL,OK,,0.428,,0,iterations=10;iterations_executed=10;source=algorithm;round_trip=0.443376
229.000,ours,-,robot1,MIN_DISTANCE,OK,3.651,7.160,,0,nearest_robot=robot6
229.000,ours,-,robot2,MIN_DISTANCE,OK,14.579,7.160,,0,nearest_robot=robot5
229.000,ours,-,robot3,MIN_DISTANCE,OK,5.212,7.160,,0,nearest_robot=robot1
229.000,ours,-,robot4,MIN_DISTANCE,OK,7.932,7.160,,0,nearest_robot=robot5
229.000,ours,-,robot5,MIN_DISTANCE,OK,7.932,7.160,,0,nearest_robot=robot4
229.000,ours,-,robot6,MIN_DISTANCE,OK,3.651,7.160,,0,nearest_robot=robot1
229.000,ours,-,fleet,MIN_DISTANCE_AVG,OK,7.160,,,0,robots_sampled=6
230.000,ours,-,robot1,MIN_DISTANCE,OK,3.577,7.372,,0,nearest_robot=robot6
230.000,ours,-,robot2,MIN_DISTANCE,OK,14.983,7.372,,0,nearest_robot=robot5
230.000,ours,-,robot3,MIN_DISTANCE,OK,5.513,7.372,,0,nearest_robot=robot1
230.000,ours,-,robot4,MIN_DISTANCE,OK,8.292,7.372,,0,nearest_robot=robot5
230.000,ours,-,robot5,MIN_DISTANCE,OK,8.292,7.372,,0,nearest_robot=robot4
230.000,ours,-,robot6,MIN_DISTANCE,OK,3.577,7.372,,0,nearest_robot=robot1
230.000,ours,-,fleet,MIN_DISTANCE_AVG,OK,7.372,,,0,robots_sampled=6
231.000,ours,-,robot1,MIN_DISTANCE,OK,3.550,7.612,,0,nearest_robot=robot6
231.000,ours,-,robot2,MIN_DISTANCE,OK,15.452,7.612,,0,nearest_robot=robot5
231.000,ours,-,robot3,MIN_DISTANCE,OK,5.827,7.612,,0,nearest_robot=robot1
231.000,ours,-,robot4,MIN_DISTANCE,OK,8.646,7.612,,0,nearest_robot=robot5
231.000,ours,-,robot5,MIN_DISTANCE,OK,8.646,7.612,,0,nearest_robot=robot4
231.000,ours,-,robot6,MIN_DISTANCE,OK,3.550,7.612,,0,nearest_robot=robot1
231.000,ours,-,fleet,MIN_DISTANCE_AVG,OK,7.612,,,0,robots_sampled=6
232.000,ours,-,robot1,MIN_DISTANCE,OK,3.615,7.887,,0,nearest_robot=robot6
232.000,ours,-,robot2,MIN_DISTANCE,OK,15.987,7.887,,0,nearest_robot=robot5
232.000,ours,-,robot3,MIN_DISTANCE,OK,6.153,7.887,,0,nearest_robot=robot1
232.000,ours,-,robot4,MIN_DISTANCE,OK,8.975,7.887,,0,nearest_robot=robot5
232.000,ours,-,robot5,MIN_DISTANCE,OK,8.975,7.887,,0,nearest_robot=robot4
232.000,ours,-,robot6,MIN_DISTANCE,OK,3.615,7.887,,0,nearest_robot=robot1
232.000,ours,-,fleet,MIN_DISTANCE_AVG,OK,7.887,,,0,robots_sampled=6
233.000,ours,-,robot1,MIN_DISTANCE,OK,3.739,8.142,,0,nearest_robot=robot6
233.000,ours,-,robot2,MIN_DISTANCE,OK,16.370,8.142,,0,nearest_robot=robot4
233.000,ours,-,robot3,MIN_DISTANCE,OK,6.481,8.142,,0,nearest_robot=robot1
233.000,ours,-,robot4,MIN_DISTANCE,OK,9.260,8.142,,0,nearest_robot=robot5
233.000,ours,-,robot5,MIN_DISTANCE,OK,9.260,8.142,,0,nearest_robot=robot4
233.000,ours,-,robot6,MIN_DISTANCE,OK,3.739,8.142,,0,nearest_robot=robot1
233.000,ours,-,fleet,MIN_DISTANCE_AVG,OK,8.142,,,0,robots_sampled=6
233.430,ours,-,fleet,CHOMP_TIME_FULL,OK,,4.047,,0,iterations=100;iterations_executed=100;source=algorithm;round_trip=4.069950
233.920,ours,-,fleet,CHOMP_TIME_PARTIAL,OK,,0.422,,0,iterations=10;iterations_executed=10;source=algorithm;round_trip=0.439019
234.000,ours,-,robot1,MIN_DISTANCE,OK,3.889,8.308,,0,nearest_robot=robot6
234.000,ours,-,robot2,MIN_DISTANCE,OK,16.306,8.308,,0,nearest_robot=robot4
234.000,ours,-,robot3,MIN_DISTANCE,OK,6.826,8.308,,0,nearest_robot=robot1
234.000,ours,-,robot4,MIN_DISTANCE,OK,9.470,8.308,,0,nearest_robot=robot5
234.000,ours,-,robot5,MIN_DISTANCE,OK,9.470,8.308,,0,nearest_robot=robot4
234.000,ours,-,robot6,MIN_DISTANCE,OK,3.889,8.308,,0,nearest_robot=robot1
234.000,ours,-,fleet,MIN_DISTANCE_AVG,OK,8.308,,,0,robots_sampled=6
234.400,ours,-,fleet,CHOMP_TIME_PARTIAL,OK,,0.409,,0,iterations=10;iterations_executed=10;source=algorithm;round_trip=0.427673
235.000,ours,-,robot1,MIN_DISTANCE,OK,4.081,8.494,,0,nearest_robot=robot6
235.000,ours,-,robot2,MIN_DISTANCE,OK,16.223,8.494,,0,nearest_robot=robot4
235.000,ours,-,robot3,MIN_DISTANCE,OK,7.212,8.494,,0,nearest_robot=robot1
235.000,ours,-,robot4,MIN_DISTANCE,OK,9.685,8.494,,0,nearest_robot=robot5
235.000,ours,-,robot5,MIN_DISTANCE,OK,9.685,8.494,,0,nearest_robot=robot4
235.000,ours,-,robot6,MIN_DISTANCE,OK,4.081,8.494,,0,nearest_robot=robot1
235.000,ours,-,fleet,MIN_DISTANCE_AVG,OK,8.494,,,0,robots_sampled=6
236.000,ours,-,robot1,MIN_DISTANCE,OK,4.356,8.712,,0,nearest_robot=robot6
236.000,ours,-,robot2,MIN_DISTANCE,OK,16.147,8.712,,0,nearest_robot=robot4
236.000,ours,-,robot3,MIN_DISTANCE,OK,7.597,8.712,,0,nearest_robot=robot1
236.000,ours,-,robot4,MIN_DISTANCE,OK,9.908,8.712,,0,nearest_robot=robot5
236.000,ours,-,robot5,MIN_DISTANCE,OK,9.908,8.712,,0,nearest_robot=robot4
236.000,ours,-,robot6,MIN_DISTANCE,OK,4.356,8.712,,0,nearest_robot=robot1
236.000,ours,-,fleet,MIN_DISTANCE_AVG,OK,8.712,,,0,robots_sampled=6
237.000,ours,-,robot1,MIN_DISTANCE,OK,4.636,8.972,,0,nearest_robot=robot6
237.000,ours,-,robot2,MIN_DISTANCE,OK,16.136,8.972,,0,nearest_robot=robot4
237.000,ours,-,robot3,MIN_DISTANCE,OK,7.998,8.972,,0,nearest_robot=robot1
237.000,ours,-,robot4,MIN_DISTANCE,OK,10.213,8.972,,0,nearest_robot=robot5
237.000,ours,-,robot5,MIN_DISTANCE,OK,10.213,8.972,,0,nearest_robot=robot4
237.000,ours,-,robot6,MIN_DISTANCE,OK,4.636,8.972,,0,nearest_robot=robot1
237.000,ours,-,fleet,MIN_DISTANCE_AVG,OK,8.972,,,0,robots_sampled=6
238.000,ours,-,robot1,MIN_DISTANCE,OK,4.880,9.211,,0,nearest_robot=robot6
238.000,ours,-,robot2,MIN_DISTANCE,OK,16.138,9.211,,0,nearest_robot=robot4
238.000,ours,-,robot3,MIN_DISTANCE,OK,8.371,9.211,,0,nearest_robot=robot1
238.000,ours,-,robot4,MIN_DISTANCE,OK,10.500,9.211,,0,nearest_robot=robot5
238.000,ours,-,robot5,MIN_DISTANCE,OK,10.500,9.211,,0,nearest_robot=robot4
238.000,ours,-,robot6,MIN_DISTANCE,OK,4.880,9.211,,0,nearest_robot=robot1
238.000,ours,-,fleet,MIN_DISTANCE_AVG,OK,9.211,,,0,robots_sampled=6
238.850,ours,-,fleet,CHOMP_TIME_FULL,OK,,3.983,,0,iterations=100;iterations_executed=100;source=algorithm;round_trip=4.007471
239.000,ours,-,robot1,MIN_DISTANCE,OK,5.083,9.458,,0,nearest_robot=robot6
239.000,ours,-,robot2,MIN_DISTANCE,OK,16.175,9.458,,0,nearest_robot=robot4
239.000,ours,-,robot3,MIN_DISTANCE,OK,8.749,9.458,,0,nearest_robot=robot1
239.000,ours,-,robot4,MIN_DISTANCE,OK,10.830,9.458,,0,nearest_robot=robot5
239.000,ours,-,robot5,MIN_DISTANCE,OK,10.830,9.458,,0,nearest_robot=robot4
239.000,ours,-,robot6,MIN_DISTANCE,OK,5.083,9.458,,0,nearest_robot=robot1
239.000,ours,-,fleet,MIN_DISTANCE_AVG,OK,9.458,,,0,robots_sampled=6
239.410,ours,-,fleet,CHOMP_TIME_PARTIAL,OK,,0.415,,0,iterations=10;iterations_executed=10;source=algorithm;round_trip=0.430705
239.890,ours,-,fleet,CHOMP_TIME_PARTIAL,OK,,0.403,,0,iterations=10;iterations_executed=10;source=algorithm;round_trip=0.418388
240.000,ours,-,robot1,MIN_DISTANCE,OK,5.252,9.699,,0,nearest_robot=robot6
240.000,ours,-,robot2,MIN_DISTANCE,OK,16.199,9.699,,0,nearest_robot=robot4
240.000,ours,-,robot3,MIN_DISTANCE,OK,9.148,9.699,,0,nearest_robot=robot1
240.000,ours,-,robot4,MIN_DISTANCE,OK,11.172,9.699,,0,nearest_robot=robot5
240.000,ours,-,robot5,MIN_DISTANCE,OK,11.172,9.699,,0,nearest_robot=robot4
240.000,ours,-,robot6,MIN_DISTANCE,OK,5.252,9.699,,0,nearest_robot=robot1
240.000,ours,-,fleet,MIN_DISTANCE_AVG,OK,9.699,,,0,robots_sampled=6
241.000,ours,-,robot1,MIN_DISTANCE,OK,5.294,9.879,,0,nearest_robot=robot6
241.000,ours,-,robot2,MIN_DISTANCE,OK,16.075,9.879,,0,nearest_robot=robot4
241.000,ours,-,robot3,MIN_DISTANCE,OK,9.539,9.879,,0,nearest_robot=robot1
241.000,ours,-,robot4,MIN_DISTANCE,OK,11.537,9.879,,0,nearest_robot=robot5
241.000,ours,-,robot5,MIN_DISTANCE,OK,11.537,9.879,,0,nearest_robot=robot4
241.000,ours,-,robot6,MIN_DISTANCE,OK,5.294,9.879,,0,nearest_robot=robot1
241.000,ours,-,fleet,MIN_DISTANCE_AVG,OK,9.879,,,0,robots_sampled=6
242.000,ours,-,robot1,MIN_DISTANCE,OK,5.281,10.018,,0,nearest_robot=robot6
242.000,ours,-,robot2,MIN_DISTANCE,OK,15.830,10.018,,0,nearest_robot=robot4
242.000,ours,-,robot3,MIN_DISTANCE,OK,9.908,10.018,,0,nearest_robot=robot1
242.000,ours,-,robot4,MIN_DISTANCE,OK,11.904,10.018,,0,nearest_robot=robot5
242.000,ours,-,robot5,MIN_DISTANCE,OK,11.904,10.018,,0,nearest_robot=robot4
242.000,ours,-,robot6,MIN_DISTANCE,OK,5.281,10.018,,0,nearest_robot=robot1
242.000,ours,-,fleet,MIN_DISTANCE_AVG,OK,10.018,,,0,robots_sampled=6
243.000,ours,-,robot1,MIN_DISTANCE,OK,5.281,10.153,,0,nearest_robot=robot6
243.000,ours,-,robot2,MIN_DISTANCE,OK,15.522,10.153,,0,nearest_robot=robot4
243.000,ours,-,robot3,MIN_DISTANCE,OK,10.268,10.153,,0,nearest_robot=robot1
243.000,ours,-,robot4,MIN_DISTANCE,OK,12.284,10.153,,0,nearest_robot=robot5
243.000,ours,-,robot5,MIN_DISTANCE,OK,12.284,10.153,,0,nearest_robot=robot4
243.000,ours,-,robot6,MIN_DISTANCE,OK,5.281,10.153,,0,nearest_robot=robot1
243.000,ours,-,fleet,MIN_DISTANCE_AVG,OK,10.153,,,0,robots_sampled=6
244.000,ours,-,robot1,MIN_DISTANCE,OK,5.281,10.274,,0,nearest_robot=robot6
244.000,ours,-,robot2,MIN_DISTANCE,OK,15.291,10.274,,0,nearest_robot=robot4
244.000,ours,-,robot3,MIN_DISTANCE,OK,10.666,10.274,,0,nearest_robot=robot1
244.000,ours,-,robot4,MIN_DISTANCE,OK,12.670,10.274,,0,nearest_robot=robot5
244.000,ours,-,robot5,MIN_DISTANCE,OK,12.456,10.274,,0,nearest_robot=robot3
244.000,ours,-,robot6,MIN_DISTANCE,OK,5.281,10.274,,0,nearest_robot=robot1
244.000,ours,-,fleet,MIN_DISTANCE_AVG,OK,10.274,,,0,robots_sampled=6
244.310,ours,-,fleet,CHOMP_TIME_FULL,OK,,3.941,,0,iterations=100;iterations_executed=100;source=algorithm;round_trip=3.960678
245.000,ours,-,robot1,MIN_DISTANCE,OK,5.281,10.367,,0,nearest_robot=robot6
245.000,ours,-,robot2,MIN_DISTANCE,OK,15.241,10.367,,0,nearest_robot=robot4
245.000,ours,-,robot3,MIN_DISTANCE,OK,11.035,10.367,,0,nearest_robot=robot1
245.000,ours,-,robot4,MIN_DISTANCE,OK,13.028,10.367,,0,nearest_robot=robot5
245.000,ours,-,robot5,MIN_DISTANCE,OK,12.339,10.367,,0,nearest_robot=robot3
245.000,ours,-,robot6,MIN_DISTANCE,OK,5.281,10.367,,0,nearest_robot=robot1
245.000,ours,-,fleet,MIN_DISTANCE_AVG,OK,10.367,,,0,robots_sampled=6
246.000,ours,-,robot1,MIN_DISTANCE,OK,5.275,10.493,,0,nearest_robot=robot6
246.000,ours,-,robot2,MIN_DISTANCE,OK,15.322,10.493,,0,nearest_robot=robot4
246.000,ours,-,robot3,MIN_DISTANCE,OK,11.396,10.493,,0,nearest_robot=robot1
246.000,ours,-,robot4,MIN_DISTANCE,OK,13.437,10.493,,0,nearest_robot=robot5
246.000,ours,-,robot5,MIN_DISTANCE,OK,12.256,10.493,,0,nearest_robot=robot3
246.000,ours,-,robot6,MIN_DISTANCE,OK,5.275,10.493,,0,nearest_robot=robot1
246.000,ours,-,fleet,MIN_DISTANCE_AVG,OK,10.493,,,0,robots_sampled=6
247.000,ours,-,robot1,MIN_DISTANCE,OK,5.280,10.640,,0,nearest_robot=robot6
247.000,ours,-,robot2,MIN_DISTANCE,OK,15.440,10.640,,0,nearest_robot=robot4
247.000,ours,-,robot3,MIN_DISTANCE,OK,11.774,10.640,,0,nearest_robot=robot1
247.000,ours,-,robot4,MIN_DISTANCE,OK,13.852,10.640,,0,nearest_robot=robot5
247.000,ours,-,robot5,MIN_DISTANCE,OK,12.217,10.640,,0,nearest_robot=robot3
247.000,ours,-,robot6,MIN_DISTANCE,OK,5.280,10.640,,0,nearest_robot=robot1
247.000,ours,-,fleet,MIN_DISTANCE_AVG,OK,10.640,,,0,robots_sampled=6
248.000,ours,-,robot1,MIN_DISTANCE,OK,5.281,10.795,,0,nearest_robot=robot6
248.000,ours,-,robot2,MIN_DISTANCE,OK,15.568,10.795,,0,nearest_robot=robot4
248.000,ours,-,robot3,MIN_DISTANCE,OK,12.148,10.795,,0,nearest_robot=robot1
248.000,ours,-,robot4,MIN_DISTANCE,OK,14.258,10.795,,0,nearest_robot=robot5
248.000,ours,-,robot5,MIN_DISTANCE,OK,12.232,10.795,,0,nearest_robot=robot3
248.000,ours,-,robot6,MIN_DISTANCE,OK,5.281,10.795,,0,nearest_robot=robot1
248.000,ours,-,fleet,MIN_DISTANCE_AVG,OK,10.795,,,0,robots_sampled=6
248.890,ours,-,fleet,CHOMP_TIME_FULL,OK,,4.026,,0,iterations=100;iterations_executed=100;source=algorithm;round_trip=4.045294
249.000,ours,-,robot1,MIN_DISTANCE,OK,5.281,10.933,,0,nearest_robot=robot6
249.000,ours,-,robot2,MIN_DISTANCE,OK,15.684,10.933,,0,nearest_robot=robot4
249.000,ours,-,robot3,MIN_DISTANCE,OK,12.335,10.933,,0,nearest_robot=robot5
249.000,ours,-,robot4,MIN_DISTANCE,OK,14.685,10.933,,0,nearest_robot=robot5
249.000,ours,-,robot5,MIN_DISTANCE,OK,12.335,10.933,,0,nearest_robot=robot3
249.000,ours,-,robot6,MIN_DISTANCE,OK,5.281,10.933,,0,nearest_robot=robot1
249.000,ours,-,fleet,MIN_DISTANCE_AVG,OK,10.933,,,0,robots_sampled=6
250.000,ours,-,robot1,MIN_DISTANCE,OK,5.291,11.071,,0,nearest_robot=robot6
250.000,ours,-,robot2,MIN_DISTANCE,OK,15.771,11.071,,0,nearest_robot=robot4
250.000,ours,-,robot3,MIN_DISTANCE,OK,12.502,11.071,,0,nearest_robot=robot5
250.000,ours,-,robot4,MIN_DISTANCE,OK,15.070,11.071,,0,nearest_robot=robot5
250.000,ours,-,robot5,MIN_DISTANCE,OK,12.502,11.071,,0,nearest_robot=robot3
250.000,ours,-,robot6,MIN_DISTANCE,OK,5.291,11.071,,0,nearest_robot=robot1
250.000,ours,-,fleet,MIN_DISTANCE_AVG,OK,11.071,,,0,robots_sampled=6
251.000,ours,-,robot1,MIN_DISTANCE,OK,5.338,11.109,,0,nearest_robot=robot6
251.000,ours,-,robot2,MIN_DISTANCE,OK,15.757,11.109,,0,nearest_robot=robot4
251.000,ours,-,robot3,MIN_DISTANCE,OK,12.562,11.109,,0,nearest_robot=robot5
251.000,ours,-,robot4,MIN_DISTANCE,OK,15.095,11.109,,0,nearest_robot=robot5
251.000,ours,-,robot5,MIN_DISTANCE,OK,12.562,11.109,,0,nearest_robot=robot3
251.000,ours,-,robot6,MIN_DISTANCE,OK,5.338,11.109,,0,nearest_robot=robot1
251.000,ours,-,fleet,MIN_DISTANCE_AVG,OK,11.109,,,0,robots_sampled=6
252.000,ours,-,robot1,MIN_DISTANCE,OK,5.383,11.118,,0,nearest_robot=robot6
252.000,ours,-,robot2,MIN_DISTANCE,OK,15.630,11.118,,0,nearest_robot=robot4
252.000,ours,-,robot3,MIN_DISTANCE,OK,12.608,11.118,,0,nearest_robot=robot5
252.000,ours,-,robot4,MIN_DISTANCE,OK,15.095,11.118,,0,nearest_robot=robot5
252.000,ours,-,robot5,MIN_DISTANCE,OK,12.608,11.118,,0,nearest_robot=robot3
252.000,ours,-,robot6,MIN_DISTANCE,OK,5.383,11.118,,0,nearest_robot=robot1
252.000,ours,-,fleet,MIN_DISTANCE_AVG,OK,11.118,,,0,robots_sampled=6
253.000,ours,-,robot1,MIN_DISTANCE,OK,5.177,11.032,,0,nearest_robot=robot6
253.000,ours,-,robot2,MIN_DISTANCE,OK,15.460,11.032,,0,nearest_robot=robot4
253.000,ours,-,robot3,MIN_DISTANCE,OK,12.641,11.032,,0,nearest_robot=robot5
253.000,ours,-,robot4,MIN_DISTANCE,OK,15.095,11.032,,0,nearest_robot=robot5
253.000,ours,-,robot5,MIN_DISTANCE,OK,12.641,11.032,,0,nearest_robot=robot3
253.000,ours,-,robot6,MIN_DISTANCE,OK,5.177,11.032,,0,nearest_robot=robot1
253.000,ours,-,fleet,MIN_DISTANCE_AVG,OK,11.032,,,0,robots_sampled=6
253.300,ours,-,fleet,CHOMP_TIME_FULL,OK,,3.916,,0,iterations=100;iterations_executed=100;source=algorithm;round_trip=3.939549
253.930,ours,-,fleet,CHOMP_TIME_PARTIAL,OK,,0.425,,0,iterations=10;iterations_executed=10;source=algorithm;round_trip=0.445238
254.000,ours,-,robot1,MIN_DISTANCE,OK,4.866,10.892,,0,nearest_robot=robot6
254.000,ours,-,robot2,MIN_DISTANCE,OK,15.259,10.892,,0,nearest_robot=robot4
254.000,ours,-,robot3,MIN_DISTANCE,OK,12.633,10.892,,0,nearest_robot=robot5
254.000,ours,-,robot4,MIN_DISTANCE,OK,15.095,10.892,,0,nearest_robot=robot5
254.000,ours,-,robot5,MIN_DISTANCE,OK,12.633,10.892,,0,nearest_robot=robot3
254.000,ours,-,robot6,MIN_DISTANCE,OK,4.866,10.892,,0,nearest_robot=robot1
254.000,ours,-,fleet,MIN_DISTANCE_AVG,OK,10.892,,,0,robots_sampled=6
254.430,ours,-,fleet,CHOMP_TIME_PARTIAL,OK,,0.423,,0,iterations=10;iterations_executed=10;source=algorithm;round_trip=0.441049
255.000,ours,-,robot1,MIN_DISTANCE,OK,4.604,10.742,,0,nearest_robot=robot6
255.000,ours,-,robot2,MIN_DISTANCE,OK,15.068,10.742,,0,nearest_robot=robot4
255.000,ours,-,robot3,MIN_DISTANCE,OK,12.554,10.742,,0,nearest_robot=robot5
255.000,ours,-,robot4,MIN_DISTANCE,OK,15.068,10.742,,0,nearest_robot=robot2
255.000,ours,-,robot5,MIN_DISTANCE,OK,12.554,10.742,,0,nearest_robot=robot3
255.000,ours,-,robot6,MIN_DISTANCE,OK,4.604,10.742,,0,nearest_robot=robot1
255.000,ours,-,fleet,MIN_DISTANCE_AVG,OK,10.742,,,0,robots_sampled=6
256.000,ours,-,robot1,MIN_DISTANCE,OK,4.374,10.533,,0,nearest_robot=robot6
256.000,ours,-,robot2,MIN_DISTANCE,OK,14.886,10.533,,0,nearest_robot=robot4
256.000,ours,-,robot3,MIN_DISTANCE,OK,12.340,10.533,,0,nearest_robot=robot5
256.000,ours,-,robot4,MIN_DISTANCE,OK,14.886,10.533,,0,nearest_robot=robot2
256.000,ours,-,robot5,MIN_DISTANCE,OK,12.340,10.533,,0,nearest_robot=robot3
256.000,ours,-,robot6,MIN_DISTANCE,OK,4.374,10.533,,0,nearest_robot=robot1
256.000,ours,-,fleet,MIN_DISTANCE_AVG,OK,10.533,,,0,robots_sampled=6
257.000,ours,-,robot1,MIN_DISTANCE,OK,4.232,10.346,,0,nearest_robot=robot6
257.000,ours,-,robot2,MIN_DISTANCE,OK,14.728,10.346,,0,nearest_robot=robot4
257.000,ours,-,robot3,MIN_DISTANCE,OK,12.080,10.346,,0,nearest_robot=robot5
257.000,ours,-,robot4,MIN_DISTANCE,OK,14.728,10.346,,0,nearest_robot=robot2
257.000,ours,-,robot5,MIN_DISTANCE,OK,12.080,10.346,,0,nearest_robot=robot3
257.000,ours,-,robot6,MIN_DISTANCE,OK,4.232,10.346,,0,nearest_robot=robot1
257.000,ours,-,fleet,MIN_DISTANCE_AVG,OK,10.346,,,0,robots_sampled=6
258.000,ours,-,robot1,MIN_DISTANCE,OK,4.037,10.130,,0,nearest_robot=robot6
258.000,ours,-,robot2,MIN_DISTANCE,OK,14.585,10.130,,0,nearest_robot=robot4
258.000,ours,-,robot3,MIN_DISTANCE,OK,11.768,10.130,,0,nearest_robot=robot5
258.000,ours,-,robot4,MIN_DISTANCE,OK,14.585,10.130,,0,nearest_robot=robot2
258.000,ours,-,robot5,MIN_DISTANCE,OK,11.768,10.130,,0,nearest_robot=robot3
258.000,ours,-,robot6,MIN_DISTANCE,OK,4.037,10.130,,0,nearest_robot=robot1
258.000,ours,-,fleet,MIN_DISTANCE_AVG,OK,10.130,,,0,robots_sampled=6
258.770,ours,-,fleet,CHOMP_TIME_FULL,OK,,3.885,,0,iterations=100;iterations_executed=100;source=algorithm;round_trip=3.911057
259.000,ours,-,robot1,MIN_DISTANCE,OK,3.579,9.796,,0,nearest_robot=robot6
259.000,ours,-,robot2,MIN_DISTANCE,OK,14.390,9.796,,0,nearest_robot=robot4
259.000,ours,-,robot3,MIN_DISTANCE,OK,11.419,9.796,,0,nearest_robot=robot5
259.000,ours,-,robot4,MIN_DISTANCE,OK,14.390,9.796,,0,nearest_robot=robot2
259.000,ours,-,robot5,MIN_DISTANCE,OK,11.419,9.796,,0,nearest_robot=robot3
259.000,ours,-,robot6,MIN_DISTANCE,OK,3.579,9.796,,0,nearest_robot=robot1
259.000,ours,-,fleet,MIN_DISTANCE_AVG,OK,9.796,,,0,robots_sampled=6
259.420,ours,-,fleet,CHOMP_TIME_PARTIAL,OK,,0.417,,0,iterations=10;iterations_executed=10;source=algorithm;round_trip=0.435714
259.890,ours,-,fleet,CHOMP_TIME_PARTIAL,OK,,0.399,,0,iterations=10;iterations_executed=10;source=algorithm;round_trip=0.416181
260.000,ours,-,robot1,MIN_DISTANCE,OK,3.227,9.497,,0,nearest_robot=robot6
260.000,ours,-,robot2,MIN_DISTANCE,OK,14.168,9.497,,0,nearest_robot=robot4
260.000,ours,-,robot3,MIN_DISTANCE,OK,11.097,9.497,,0,nearest_robot=robot5
260.000,ours,-,robot4,MIN_DISTANCE,OK,14.168,9.497,,0,nearest_robot=robot2
260.000,ours,-,robot5,MIN_DISTANCE,OK,11.097,9.497,,0,nearest_robot=robot3
260.000,ours,-,robot6,MIN_DISTANCE,OK,3.227,9.497,,0,nearest_robot=robot1
260.000,ours,-,fleet,MIN_DISTANCE_AVG,OK,9.497,,,0,robots_sampled=6
261.000,ours,-,robot1,MIN_DISTANCE,OK,3.045,9.261,,0,nearest_robot=robot6
261.000,ours,-,robot2,MIN_DISTANCE,OK,13.896,9.261,,0,nearest_robot=robot4
261.000,ours,-,robot3,MIN_DISTANCE,OK,10.843,9.261,,0,nearest_robot=robot5
261.000,ours,-,robot4,MIN_DISTANCE,OK,13.896,9.261,,0,nearest_robot=robot2
261.000,ours,-,robot5,MIN_DISTANCE,OK,10.843,9.261,,0,nearest_robot=robot3
261.000,ours,-,robot6,MIN_DISTANCE,OK,3.045,9.261,,0,nearest_robot=robot1
261.000,ours,-,fleet,MIN_DISTANCE_AVG,OK,9.261,,,0,robots_sampled=6
262.000,ours,-,robot1,MIN_DISTANCE,OK,2.952,9.115,,0,nearest_robot=robot6
262.000,ours,-,robot2,MIN_DISTANCE,OK,13.682,9.115,,0,nearest_robot=robot4
262.000,ours,-,robot3,MIN_DISTANCE,OK,10.710,9.115,,0,nearest_robot=robot5
262.000,ours,-,robot4,MIN_DISTANCE,OK,13.682,9.115,,0,nearest_robot=robot2
262.000,ours,-,robot5,MIN_DISTANCE,OK,10.710,9.115,,0,nearest_robot=robot3
262.000,ours,-,robot6,MIN_DISTANCE,OK,2.952,9.115,,0,nearest_robot=robot1
262.000,ours,-,fleet,MIN_DISTANCE_AVG,OK,9.115,,,0,robots_sampled=6
263.000,ours,-,robot1,MIN_DISTANCE,OK,2.849,8.894,,0,nearest_robot=robot6
263.000,ours,-,robot2,MIN_DISTANCE,OK,13.410,8.894,,0,nearest_robot=robot4
263.000,ours,-,robot3,MIN_DISTANCE,OK,10.424,8.894,,0,nearest_robot=robot5
263.000,ours,-,robot4,MIN_DISTANCE,OK,13.410,8.894,,0,nearest_robot=robot2
263.000,ours,-,robot5,MIN_DISTANCE,OK,10.424,8.894,,0,nearest_robot=robot3
263.000,ours,-,robot6,MIN_DISTANCE,OK,2.849,8.894,,0,nearest_robot=robot1
263.000,ours,-,fleet,MIN_DISTANCE_AVG,OK,8.894,,,0,robots_sampled=6
264.000,ours,-,robot1,MIN_DISTANCE,OK,2.832,8.669,,0,nearest_robot=robot6
264.000,ours,-,robot2,MIN_DISTANCE,OK,13.172,8.669,,0,nearest_robot=robot4
264.000,ours,-,robot3,MIN_DISTANCE,OK,10.004,8.669,,0,nearest_robot=robot5
264.000,ours,-,robot4,MIN_DISTANCE,OK,13.172,8.669,,0,nearest_robot=robot2
264.000,ours,-,robot5,MIN_DISTANCE,OK,10.004,8.669,,0,nearest_robot=robot3
264.000,ours,-,robot6,MIN_DISTANCE,OK,2.832,8.669,,0,nearest_robot=robot1
264.000,ours,-,fleet,MIN_DISTANCE_AVG,OK,8.669,,,0,robots_sampled=6
264.250,ours,-,fleet,CHOMP_TIME_FULL,OK,,3.884,,0,iterations=100;iterations_executed=100;source=algorithm;round_trip=3.904346
264.970,ours,-,fleet,CHOMP_TIME_PARTIAL,OK,,0.470,,0,iterations=10;iterations_executed=10;source=algorithm;round_trip=0.486268
265.000,ours,-,robot1,MIN_DISTANCE,OK,2.910,8.523,,0,nearest_robot=robot6
265.000,ours,-,robot2,MIN_DISTANCE,OK,12.975,8.523,,0,nearest_robot=robot4
265.000,ours,-,robot3,MIN_DISTANCE,OK,9.685,8.523,,0,nearest_robot=robot5
265.000,ours,-,robot4,MIN_DISTANCE,OK,12.975,8.523,,0,nearest_robot=robot2
265.000,ours,-,robot5,MIN_DISTANCE,OK,9.685,8.523,,0,nearest_robot=robot3
265.000,ours,-,robot6,MIN_DISTANCE,OK,2.910,8.523,,0,nearest_robot=robot1
265.000,ours,-,fleet,MIN_DISTANCE_AVG,OK,8.523,,,0,robots_sampled=6
265.400,ours,-,fleet,CHOMP_TIME_PARTIAL,OK,,0.398,,0,iterations=10;iterations_executed=10;source=algorithm;round_trip=0.416273
266.000,ours,-,robot1,MIN_DISTANCE,OK,3.208,8.527,,0,nearest_robot=robot6
266.000,ours,-,robot2,MIN_DISTANCE,OK,12.961,8.527,,0,nearest_robot=robot4
266.000,ours,-,robot3,MIN_DISTANCE,OK,9.410,8.527,,0,nearest_robot=robot5
266.000,ours,-,robot4,MIN_DISTANCE,OK,12.961,8.527,,0,nearest_robot=robot2
266.000,ours,-,robot5,MIN_DISTANCE,OK,9.410,8.527,,0,nearest_robot=robot3
266.000,ours,-,robot6,MIN_DISTANCE,OK,3.208,8.527,,0,nearest_robot=robot1
266.000,ours,-,fleet,MIN_DISTANCE_AVG,OK,8.527,,,0,robots_sampled=6
267.000,ours,-,robot1,MIN_DISTANCE,OK,3.616,8.564,,0,nearest_robot=robot6
267.000,ours,-,robot2,MIN_DISTANCE,OK,13.014,8.564,,0,nearest_robot=robot4
267.000,ours,-,robot3,MIN_DISTANCE,OK,9.063,8.564,,0,nearest_robot=robot5
267.000,ours,-,robot4,MIN_DISTANCE,OK,13.014,8.564,,0,nearest_robot=robot2
267.000,ours,-,robot5,MIN_DISTANCE,OK,9.063,8.564,,0,nearest_robot=robot3
267.000,ours,-,robot6,MIN_DISTANCE,OK,3.616,8.564,,0,nearest_robot=robot1
267.000,ours,-,fleet,MIN_DISTANCE_AVG,OK,8.564,,,0,robots_sampled=6
268.000,ours,-,robot1,MIN_DISTANCE,OK,4.018,8.611,,0,nearest_robot=robot6
268.000,ours,-,robot2,MIN_DISTANCE,OK,13.112,8.611,,0,nearest_robot=robot4
268.000,ours,-,robot3,MIN_DISTANCE,OK,8.704,8.611,,0,nearest_robot=robot5
268.000,ours,-,robot4,MIN_DISTANCE,OK,13.112,8.611,,0,nearest_robot=robot2
268.000,ours,-,robot5,MIN_DISTANCE,OK,8.704,8.611,,0,nearest_robot=robot3
268.000,ours,-,robot6,MIN_DISTANCE,OK,4.018,8.611,,0,nearest_robot=robot1
268.000,ours,-,fleet,MIN_DISTANCE_AVG,OK,8.611,,,0,robots_sampled=6
269.000,ours,-,robot1,MIN_DISTANCE,OK,4.375,8.668,,0,nearest_robot=robot6
269.000,ours,-,robot2,MIN_DISTANCE,OK,13.248,8.668,,0,nearest_robot=robot4
269.000,ours,-,robot3,MIN_DISTANCE,OK,8.380,8.668,,0,nearest_robot=robot5
269.000,ours,-,robot4,MIN_DISTANCE,OK,13.248,8.668,,0,nearest_robot=robot2
269.000,ours,-,robot5,MIN_DISTANCE,OK,8.380,8.668,,0,nearest_robot=robot3
269.000,ours,-,robot6,MIN_DISTANCE,OK,4.375,8.668,,0,nearest_robot=robot1
269.000,ours,-,fleet,MIN_DISTANCE_AVG,OK,8.668,,,0,robots_sampled=6
269.800,ours,-,fleet,CHOMP_TIME_FULL,OK,,3.927,,0,iterations=100;iterations_executed=100;source=algorithm;round_trip=3.950784
270.000,ours,-,robot1,MIN_DISTANCE,OK,4.749,8.706,,0,nearest_robot=robot6
270.000,ours,-,robot2,MIN_DISTANCE,OK,13.413,8.706,,0,nearest_robot=robot4
270.000,ours,-,robot3,MIN_DISTANCE,OK,8.089,8.706,,0,nearest_robot=robot5
270.000,ours,-,robot4,MIN_DISTANCE,OK,13.145,8.706,,0,nearest_robot=robot3
270.000,ours,-,robot5,MIN_DISTANCE,OK,8.089,8.706,,0,nearest_robot=robot3
270.000,ours,-,robot6,MIN_DISTANCE,OK,4.749,8.706,,0,nearest_robot=robot1
270.000,ours,-,fleet,MIN_DISTANCE_AVG,OK,8.706,,,0,robots_sampled=6
270.410,ours,-,fleet,CHOMP_TIME_PARTIAL,OK,,0.415,,0,iterations=10;iterations_executed=10;source=algorithm;round_trip=0.432436
270.900,ours,-,fleet,CHOMP_TIME_PARTIAL,OK,,0.396,,0,iterations=10;iterations_executed=10;source=algorithm;round_trip=0.413858
271.000,ours,-,robot1,MIN_DISTANCE,OK,5.091,8.716,,0,nearest_robot=robot6
271.000,ours,-,robot2,MIN_DISTANCE,OK,13.602,8.716,,0,nearest_robot=robot4
271.000,ours,-,robot3,MIN_DISTANCE,OK,7.825,8.716,,0,nearest_robot=robot5
271.000,ours,-,robot4,MIN_DISTANCE,OK,12.865,8.716,,0,nearest_robot=robot3
271.000,ours,-,robot5,MIN_DISTANCE,OK,7.825,8.716,,0,nearest_robot=robot3
271.000,ours,-,robot6,MIN_DISTANCE,OK,5.091,8.716,,0,nearest_robot=robot1
271.000,ours,-,fleet,MIN_DISTANCE_AVG,OK,8.716,,,0,robots_sampled=6
272.000,ours,-,robot1,MIN_DISTANCE,OK,5.457,8.753,,0,nearest_robot=robot6
272.000,ours,-,robot2,MIN_DISTANCE,OK,13.816,8.753,,0,nearest_robot=robot4
272.000,ours,-,robot3,MIN_DISTANCE,OK,7.606,8.753,,0,nearest_robot=robot5
272.000,ours,-,robot4,MIN_DISTANCE,OK,12.580,8.753,,0,nearest_robot=robot3
272.000,ours,-,robot5,MIN_DISTANCE,OK,7.606,8.753,,0,nearest_robot=robot3
272.000,ours,-,robot6,MIN_DISTANCE,OK,5.457,8.753,,0,nearest_robot=robot1
272.000,ours,-,fleet,MIN_DISTANCE_AVG,OK,8.753,,,0,robots_sampled=6
273.000,ours,-,robot1,MIN_DISTANCE,OK,5.729,8.780,,0,nearest_robot=robot6
273.000,ours,-,robot2,MIN_DISTANCE,OK,14.129,8.780,,0,nearest_robot=robot4
273.000,ours,-,robot3,MIN_DISTANCE,OK,7.397,8.780,,0,nearest_robot=robot5
273.000,ours,-,robot4,MIN_DISTANCE,OK,12.299,8.780,,0,nearest_robot=robot3
273.000,ours,-,robot5,MIN_DISTANCE,OK,7.397,8.780,,0,nearest_robot=robot3
273.000,ours,-,robot6,MIN_DISTANCE,OK,5.729,8.780,,0,nearest_robot=robot1
273.000,ours,-,fleet,MIN_DISTANCE_AVG,OK,8.780,,,0,robots_sampled=6
274.000,ours,-,robot1,MIN_DISTANCE,OK,6.014,8.853,,0,nearest_robot=robot6
274.000,ours,-,robot2,MIN_DISTANCE,OK,14.444,8.853,,0,nearest_robot=robot4
274.000,ours,-,robot3,MIN_DISTANCE,OK,7.274,8.853,,0,nearest_robot=robot5
274.000,ours,-,robot4,MIN_DISTANCE,OK,12.099,8.853,,0,nearest_robot=robot3
274.000,ours,-,robot5,MIN_DISTANCE,OK,7.274,8.853,,0,nearest_robot=robot3
274.000,ours,-,robot6,MIN_DISTANCE,OK,6.014,8.853,,0,nearest_robot=robot1
274.000,ours,-,fleet,MIN_DISTANCE_AVG,OK,8.853,,,0,robots_sampled=6
275.000,ours,-,robot1,MIN_DISTANCE,OK,6.248,8.977,,0,nearest_robot=robot6
275.000,ours,-,robot2,MIN_DISTANCE,OK,14.702,8.977,,0,nearest_robot=robot4
275.000,ours,-,robot3,MIN_DISTANCE,OK,7.287,8.977,,0,nearest_robot=robot5
275.000,ours,-,robot4,MIN_DISTANCE,OK,12.088,8.977,,0,nearest_robot=robot3
275.000,ours,-,robot5,MIN_DISTANCE,OK,7.287,8.977,,0,nearest_robot=robot3
275.000,ours,-,robot6,MIN_DISTANCE,OK,6.248,8.977,,0,nearest_robot=robot1
275.000,ours,-,fleet,MIN_DISTANCE_AVG,OK,8.977,,,0,robots_sampled=6
275.340,ours,-,fleet,CHOMP_TIME_FULL,OK,,3.953,,0,iterations=100;iterations_executed=100;source=algorithm;round_trip=3.975091
275.910,ours,-,fleet,CHOMP_TIME_PARTIAL,OK,,0.421,,0,iterations=10;iterations_executed=10;source=algorithm;round_trip=0.438904
276.000,ours,-,robot1,MIN_DISTANCE,OK,6.439,9.069,,0,nearest_robot=robot6
276.000,ours,-,robot2,MIN_DISTANCE,OK,14.875,9.069,,0,nearest_robot=robot4
276.000,ours,-,robot3,MIN_DISTANCE,OK,7.287,9.069,,0,nearest_robot=robot5
276.000,ours,-,robot4,MIN_DISTANCE,OK,12.088,9.069,,0,nearest_robot=robot3
276.000,ours,-,robot5,MIN_DISTANCE,OK,7.287,9.069,,0,nearest_robot=robot3
276.000,ours,-,robot6,MIN_DISTANCE,OK,6.439,9.069,,0,nearest_robot=robot1
276.000,ours,-,fleet,MIN_DISTANCE_AVG,OK,9.069,,,0,robots_sampled=6
277.000,ours,-,robot1,MIN_DISTANCE,OK,6.650,9.160,,0,nearest_robot=robot6
277.000,ours,-,robot2,MIN_DISTANCE,OK,14.996,9.160,,0,nearest_robot=robot4
277.000,ours,-,robot3,MIN_DISTANCE,OK,7.287,9.160,,0,nearest_robot=robot5
277.000,ours,-,robot4,MIN_DISTANCE,OK,12.088,9.160,,0,nearest_robot=robot3
277.000,ours,-,robot5,MIN_DISTANCE,OK,7.287,9.160,,0,nearest_robot=robot3
277.000,ours,-,robot6,MIN_DISTANCE,OK,6.650,9.160,,0,nearest_robot=robot1
277.000,ours,-,fleet,MIN_DISTANCE_AVG,OK,9.160,,,0,robots_sampled=6
278.000,ours,-,robot1,MIN_DISTANCE,OK,6.871,9.242,,0,nearest_robot=robot6
278.000,ours,-,robot2,MIN_DISTANCE,OK,15.078,9.242,,0,nearest_robot=robot4
278.000,ours,-,robot3,MIN_DISTANCE,OK,7.287,9.242,,0,nearest_robot=robot5
278.000,ours,-,robot4,MIN_DISTANCE,OK,12.088,9.242,,0,nearest_robot=robot3
278.000,ours,-,robot5,MIN_DISTANCE,OK,7.259,9.242,,0,nearest_robot=robot6
278.000,ours,-,robot6,MIN_DISTANCE,OK,6.871,9.242,,0,nearest_robot=robot1
278.000,ours,-,fleet,MIN_DISTANCE_AVG,OK,9.242,,,0,robots_sampled=6
279.000,ours,-,robot1,MIN_DISTANCE,OK,7.026,9.233,,0,nearest_robot=robot6
279.000,ours,-,robot2,MIN_DISTANCE,OK,15.107,9.233,,0,nearest_robot=robot4
279.000,ours,-,robot3,MIN_DISTANCE,OK,7.288,9.233,,0,nearest_robot=robot5
279.000,ours,-,robot4,MIN_DISTANCE,OK,12.088,9.233,,0,nearest_robot=robot3
279.000,ours,-,robot5,MIN_DISTANCE,OK,6.946,9.233,,0,nearest_robot=robot6
279.000,ours,-,robot6,MIN_DISTANCE,OK,6.946,9.233,,0,nearest_robot=robot5
279.000,ours,-,fleet,MIN_DISTANCE_AVG,OK,9.233,,,0,robots_sampled=6
280.000,ours,-,robot1,MIN_DISTANCE,OK,7.153,9.168,,0,nearest_robot=robot6
280.000,ours,-,robot2,MIN_DISTANCE,OK,15.097,9.168,,0,nearest_robot=robot4
280.000,ours,-,robot3,MIN_DISTANCE,OK,7.288,9.168,,0,nearest_robot=robot5
280.000,ours,-,robot4,MIN_DISTANCE,OK,12.087,9.168,,0,nearest_robot=robot3
280.000,ours,-,robot5,MIN_DISTANCE,OK,6.692,9.168,,0,nearest_robot=robot6
280.000,ours,-,robot6,MIN_DISTANCE,OK,6.692,9.168,,0,nearest_robot=robot5
280.000,ours,-,fleet,MIN_DISTANCE_AVG,OK,9.168,,,0,robots_sampled=6
280.840,ours,-,fleet,CHOMP_TIME_FULL,OK,,3.938,,0,iterations=100;iterations_executed=100;source=algorithm;round_trip=3.962988
281.000,ours,-,robot1,MIN_DISTANCE,OK,7.331,9.100,,0,nearest_robot=robot6
281.000,ours,-,robot2,MIN_DISTANCE,OK,15.027,9.100,,0,nearest_robot=robot4
281.000,ours,-,robot3,MIN_DISTANCE,OK,7.288,9.100,,0,nearest_robot=robot5
281.000,ours,-,robot4,MIN_DISTANCE,OK,12.087,9.100,,0,nearest_robot=robot3
281.000,ours,-,robot5,MIN_DISTANCE,OK,6.434,9.100,,0,nearest_robot=robot6
281.000,ours,-,robot6,MIN_DISTANCE,OK,6.434,9.100,,0,nearest_robot=robot5
281.000,ours,-,fleet,MIN_DISTANCE_AVG,OK,9.100,,,0,robots_sampled=6
282.000,ours,-,robot1,MIN_DISTANCE,OK,7.474,9.035,,0,nearest_robot=robot6
282.000,ours,-,robot2,MIN_DISTANCE,OK,14.953,9.035,,0,nearest_robot=robot4
282.000,ours,-,robot3,MIN_DISTANCE,OK,7.309,9.035,,0,nearest_robot=robot5
282.000,ours,-,robot4,MIN_DISTANCE,OK,12.087,9.035,,0,nearest_robot=robot3
282.000,ours,-,robot5,MIN_DISTANCE,OK,6.195,9.035,,0,nearest_robot=robot6
282.000,ours,-,robot6,MIN_DISTANCE,OK,6.195,9.035,,0,nearest_robot=robot5
282.000,ours,-,fleet,MIN_DISTANCE_AVG,OK,9.035,,,0,robots_sampled=6
283.000,ours,-,robot1,MIN_DISTANCE,OK,7.693,8.979,,0,nearest_robot=robot6
283.000,ours,-,robot2,MIN_DISTANCE,OK,14.895,8.979,,0,nearest_robot=robot4
283.000,ours,-,robot3,MIN_DISTANCE,OK,7.303,8.979,,0,nearest_robot=robot5
283.000,ours,-,robot4,MIN_DISTANCE,OK,12.069,8.979,,0,nearest_robot=robot3
283.000,ours,-,robot5,MIN_DISTANCE,OK,5.957,8.979,,0,nearest_robot=robot6
283.000,ours,-,robot6,MIN_DISTANCE,OK,5.957,8.979,,0,nearest_robot=robot5
283.000,ours,-,fleet,MIN_DISTANCE_AVG,OK,8.979,,,0,robots_sampled=6
284.000,ours,-,robot1,MIN_DISTANCE,OK,7.957,8.913,,0,nearest_robot=robot6
284.000,ours,-,robot2,MIN_DISTANCE,OK,14.824,8.913,,0,nearest_robot=robot4
284.000,ours,-,robot3,MIN_DISTANCE,OK,7.266,8.913,,0,nearest_robot=robot5
284.000,ours,-,robot4,MIN_DISTANCE,OK,12.064,8.913,,0,nearest_robot=robot3
284.000,ours,-,robot5,MIN_DISTANCE,OK,5.684,8.913,,0,nearest_robot=robot6
284.000,ours,-,robot6,MIN_DISTANCE,OK,5.684,8.913,,0,nearest_robot=robot5
284.000,ours,-,fleet,MIN_DISTANCE_AVG,OK,8.913,,,0,robots_sampled=6
285.000,ours,-,robot1,MIN_DISTANCE,OK,8.235,8.867,,0,nearest_robot=robot6
285.000,ours,-,robot2,MIN_DISTANCE,OK,14.759,8.867,,0,nearest_robot=robot4
285.000,ours,-,robot3,MIN_DISTANCE,OK,7.293,8.867,,0,nearest_robot=robot5
285.000,ours,-,robot4,MIN_DISTANCE,OK,12.089,8.867,,0,nearest_robot=robot3
285.000,ours,-,robot5,MIN_DISTANCE,OK,5.412,8.867,,0,nearest_robot=robot6
285.000,ours,-,robot6,MIN_DISTANCE,OK,5.412,8.867,,0,nearest_robot=robot5
285.000,ours,-,fleet,MIN_DISTANCE_AVG,OK,8.867,,,0,robots_sampled=6
285.260,ours,-,fleet,CHOMP_TIME_FULL,OK,,3.880,,0,iterations=100;iterations_executed=100;source=algorithm;round_trip=3.897895
286.000,ours,-,robot1,MIN_DISTANCE,OK,8.578,8.799,,0,nearest_robot=robot6
286.000,ours,-,robot2,MIN_DISTANCE,OK,14.717,8.799,,0,nearest_robot=robot4
286.000,ours,-,robot3,MIN_DISTANCE,OK,7.215,8.799,,0,nearest_robot=robot5
286.000,ours,-,robot4,MIN_DISTANCE,OK,12.069,8.799,,0,nearest_robot=robot3
286.000,ours,-,robot5,MIN_DISTANCE,OK,5.108,8.799,,0,nearest_robot=robot6
286.000,ours,-,robot6,MIN_DISTANCE,OK,5.108,8.799,,0,nearest_robot=robot5
286.000,ours,-,fleet,MIN_DISTANCE_AVG,OK,8.799,,,0,robots_sampled=6
287.000,ours,-,robot1,MIN_DISTANCE,OK,8.966,8.689,,0,nearest_robot=robot6
287.000,ours,-,robot2,MIN_DISTANCE,OK,14.596,8.689,,0,nearest_robot=robot4
287.000,ours,-,robot3,MIN_DISTANCE,OK,7.017,8.689,,0,nearest_robot=robot5
287.000,ours,-,robot4,MIN_DISTANCE,OK,12.052,8.689,,0,nearest_robot=robot3
287.000,ours,-,robot5,MIN_DISTANCE,OK,4.753,8.689,,0,nearest_robot=robot6
287.000,ours,-,robot6,MIN_DISTANCE,OK,4.753,8.689,,0,nearest_robot=robot5
287.000,ours,-,fleet,MIN_DISTANCE_AVG,OK,8.689,,,0,robots_sampled=6
288.000,ours,-,robot1,MIN_DISTANCE,OK,9.376,8.603,,0,nearest_robot=robot6
288.000,ours,-,robot2,MIN_DISTANCE,OK,14.458,8.603,,0,nearest_robot=robot4
288.000,ours,-,robot3,MIN_DISTANCE,OK,6.968,8.603,,0,nearest_robot=robot5
288.000,ours,-,robot4,MIN_DISTANCE,OK,12.036,8.603,,0,nearest_robot=robot3
288.000,ours,-,robot5,MIN_DISTANCE,OK,4.390,8.603,,0,nearest_robot=robot6
288.000,ours,-,robot6,MIN_DISTANCE,OK,4.390,8.603,,0,nearest_robot=robot5
288.000,ours,-,fleet,MIN_DISTANCE_AVG,OK,8.603,,,0,robots_sampled=6
289.000,ours,-,robot1,MIN_DISTANCE,OK,9.817,8.532,,0,nearest_robot=robot6
289.000,ours,-,robot2,MIN_DISTANCE,OK,14.358,8.532,,0,nearest_robot=robot4
289.000,ours,-,robot3,MIN_DISTANCE,OK,7.141,8.532,,0,nearest_robot=robot5
289.000,ours,-,robot4,MIN_DISTANCE,OK,11.873,8.532,,0,nearest_robot=robot3
289.000,ours,-,robot5,MIN_DISTANCE,OK,4.002,8.532,,0,nearest_robot=robot6
289.000,ours,-,robot6,MIN_DISTANCE,OK,4.002,8.532,,0,nearest_robot=robot5
289.000,ours,-,fleet,MIN_DISTANCE_AVG,OK,8.532,,,0,robots_sampled=6
289.850,ours,-,fleet,CHOMP_TIME_FULL,OK,,3.970,,0,iterations=100;iterations_executed=100;source=algorithm;round_trip=3.994369
290.000,ours,-,robot1,MIN_DISTANCE,OK,10.227,8.448,,0,nearest_robot=robot6
290.000,ours,-,robot2,MIN_DISTANCE,OK,14.295,8.448,,0,nearest_robot=robot4
290.000,ours,-,robot3,MIN_DISTANCE,OK,7.197,8.448,,0,nearest_robot=robot6
290.000,ours,-,robot4,MIN_DISTANCE,OK,11.675,8.448,,0,nearest_robot=robot3
290.000,ours,-,robot5,MIN_DISTANCE,OK,3.645,8.448,,0,nearest_robot=robot6
290.000,ours,-,robot6,MIN_DISTANCE,OK,3.645,8.448,,0,nearest_robot=robot5
290.000,ours,-,fleet,MIN_DISTANCE_AVG,OK,8.448,,,0,robots_sampled=6
290.380,ours,-,fleet,CHOMP_TIME_PARTIAL,OK,,0.404,,0,iterations=10;iterations_executed=10;source=algorithm;round_trip=0.421705
290.910,ours,-,fleet,CHOMP_TIME_PARTIAL,OK,,0.406,,0,iterations=10;iterations_executed=10;source=algorithm;round_trip=0.422856
291.000,ours,-,robot1,MIN_DISTANCE,OK,10.616,8.356,,0,nearest_robot=robot6
291.000,ours,-,robot2,MIN_DISTANCE,OK,14.307,8.356,,0,nearest_robot=robot4
291.000,ours,-,robot3,MIN_DISTANCE,OK,7.128,8.356,,0,nearest_robot=robot6
291.000,ours,-,robot4,MIN_DISTANCE,OK,11.419,8.356,,0,nearest_robot=robot3
291.000,ours,-,robot5,MIN_DISTANCE,OK,3.332,8.356,,0,nearest_robot=robot6
291.000,ours,-,robot6,MIN_DISTANCE,OK,3.332,8.356,,0,nearest_robot=robot5
291.000,ours,-,fleet,MIN_DISTANCE_AVG,OK,8.356,,,0,robots_sampled=6
292.000,ours,-,robot1,MIN_DISTANCE,OK,11.018,8.252,,0,nearest_robot=robot6
292.000,ours,-,robot2,MIN_DISTANCE,OK,14.420,8.252,,0,nearest_robot=robot4
292.000,ours,-,robot3,MIN_DISTANCE,OK,6.950,8.252,,0,nearest_robot=robot6
292.000,ours,-,robot4,MIN_DISTANCE,OK,11.020,8.252,,0,nearest_robot=robot3
292.000,ours,-,robot5,MIN_DISTANCE,OK,3.052,8.252,,0,nearest_robot=robot6
292.000,ours,-,robot6,MIN_DISTANCE,OK,3.052,8.252,,0,nearest_robot=robot5
292.000,ours,-,fleet,MIN_DISTANCE_AVG,OK,8.252,,,0,robots_sampled=6
293.000,ours,-,robot1,MIN_DISTANCE,OK,11.400,8.171,,0,nearest_robot=robot6
293.000,ours,-,robot2,MIN_DISTANCE,OK,14.564,8.171,,0,nearest_robot=robot4
293.000,ours,-,robot3,MIN_DISTANCE,OK,6.687,8.171,,0,nearest_robot=robot6
293.000,ours,-,robot4,MIN_DISTANCE,OK,10.652,8.171,,0,nearest_robot=robot3
293.000,ours,-,robot5,MIN_DISTANCE,OK,2.862,8.171,,0,nearest_robot=robot6
293.000,ours,-,robot6,MIN_DISTANCE,OK,2.862,8.171,,0,nearest_robot=robot5
293.000,ours,-,fleet,MIN_DISTANCE_AVG,OK,8.171,,,0,robots_sampled=6
294.000,ours,-,robot1,MIN_DISTANCE,OK,11.743,8.090,,0,nearest_robot=robot6
294.000,ours,-,robot2,MIN_DISTANCE,OK,14.614,8.090,,0,nearest_robot=robot4
294.000,ours,-,robot3,MIN_DISTANCE,OK,6.431,8.090,,0,nearest_robot=robot6
294.000,ours,-,robot4,MIN_DISTANCE,OK,10.340,8.090,,0,nearest_robot=robot3
294.000,ours,-,robot5,MIN_DISTANCE,OK,2.706,8.090,,0,nearest_robot=robot6
294.000,ours,-,robot6,MIN_DISTANCE,OK,2.706,8.090,,0,nearest_robot=robot5
294.000,ours,-,fleet,MIN_DISTANCE_AVG,OK,8.090,,,0,robots_sampled=6
295.000,ours,-,robot1,MIN_DISTANCE,OK,12.089,8.033,,0,nearest_robot=robot6
295.000,ours,-,robot2,MIN_DISTANCE,OK,14.619,8.033,,0,nearest_robot=robot4
295.000,ours,-,robot3,MIN_DISTANCE,OK,6.243,8.033,,0,nearest_robot=robot6
295.000,ours,-,robot4,MIN_DISTANCE,OK,10.032,8.033,,0,nearest_robot=robot3
295.000,ours,-,robot5,MIN_DISTANCE,OK,2.608,8.033,,0,nearest_robot=robot6
295.000,ours,-,robot6,MIN_DISTANCE,OK,2.608,8.033,,0,nearest_robot=robot5
295.000,ours,-,fleet,MIN_DISTANCE_AVG,OK,8.033,,,0,robots_sampled=6
295.300,ours,-,fleet,CHOMP_TIME_FULL,OK,,3.912,,0,iterations=100;iterations_executed=100;source=algorithm;round_trip=3.932652
296.000,ours,-,robot1,MIN_DISTANCE,OK,12.510,8.010,,0,nearest_robot=robot6
296.000,ours,-,robot2,MIN_DISTANCE,OK,14.619,8.010,,0,nearest_robot=robot4
296.000,ours,-,robot3,MIN_DISTANCE,OK,5.993,8.010,,0,nearest_robot=robot6
296.000,ours,-,robot4,MIN_DISTANCE,OK,9.700,8.010,,0,nearest_robot=robot3
296.000,ours,-,robot5,MIN_DISTANCE,OK,2.619,8.010,,0,nearest_robot=robot6
296.000,ours,-,robot6,MIN_DISTANCE,OK,2.619,8.010,,0,nearest_robot=robot5
296.000,ours,-,fleet,MIN_DISTANCE_AVG,OK,8.010,,,0,robots_sampled=6
297.000,ours,-,robot1,MIN_DISTANCE,OK,12.837,8.017,,0,nearest_robot=robot6
297.000,ours,-,robot2,MIN_DISTANCE,OK,14.620,8.017,,0,nearest_robot=robot4
297.000,ours,-,robot3,MIN_DISTANCE,OK,5.896,8.017,,0,nearest_robot=robot6
297.000,ours,-,robot4,MIN_DISTANCE,OK,9.367,8.017,,0,nearest_robot=robot3
297.000,ours,-,robot5,MIN_DISTANCE,OK,2.692,8.017,,0,nearest_robot=robot6
297.000,ours,-,robot6,MIN_DISTANCE,OK,2.692,8.017,,0,nearest_robot=robot5
297.000,ours,-,fleet,MIN_DISTANCE_AVG,OK,8.017,,,0,robots_sampled=6
298.000,ours,-,robot1,MIN_DISTANCE,OK,13.152,8.052,,0,nearest_robot=robot6
298.000,ours,-,robot2,MIN_DISTANCE,OK,14.620,8.052,,0,nearest_robot=robot4
298.000,ours,-,robot3,MIN_DISTANCE,OK,5.823,8.052,,0,nearest_robot=robot6
298.000,ours,-,robot4,MIN_DISTANCE,OK,9.038,8.052,,0,nearest_robot=robot3
298.000,ours,-,robot5,MIN_DISTANCE,OK,2.838,8.052,,0,nearest_robot=robot6
298.000,ours,-,robot6,MIN_DISTANCE,OK,2.838,8.052,,0,nearest_robot=robot5
298.000,ours,-,fleet,MIN_DISTANCE_AVG,OK,8.052,,,0,robots_sampled=6
299.000,ours,-,robot1,MIN_DISTANCE,OK,13.537,8.118,,0,nearest_robot=robot6
299.000,ours,-,robot2,MIN_DISTANCE,OK,14.620,8.118,,0,nearest_robot=robot4
299.000,ours,-,robot3,MIN_DISTANCE,OK,5.714,8.118,,0,nearest_robot=robot6
299.000,ours,-,robot4,MIN_DISTANCE,OK,8.727,8.118,,0,nearest_robot=robot3
299.000,ours,-,robot5,MIN_DISTANCE,OK,3.056,8.118,,0,nearest_robot=robot6
299.000,ours,-,robot6,MIN_DISTANCE,OK,3.056,8.118,,0,nearest_robot=robot5
299.000,ours,-,fleet,MIN_DISTANCE_AVG,OK,8.118,,,0,robots_sampled=6
299.800,ours,-,fleet,CHOMP_TIME_FULL,OK,,3.894,,0,iterations=100;iterations_executed=100;source=algorithm;round_trip=3.919317
300.000,ours,-,robot1,MIN_DISTANCE,OK,13.636,8.157,,0,nearest_robot=robot5
300.000,ours,-,robot2,MIN_DISTANCE,OK,14.620,8.157,,0,nearest_robot=robot4
300.000,ours,-,robot3,MIN_DISTANCE,OK,5.694,8.157,,0,nearest_robot=robot6
300.000,ours,-,robot4,MIN_DISTANCE,OK,8.404,8.157,,0,nearest_robot=robot3
300.000,ours,-,robot5,MIN_DISTANCE,OK,3.295,8.157,,0,nearest_robot=robot6
300.000,ours,-,robot6,MIN_DISTANCE,OK,3.295,8.157,,0,nearest_robot=robot5
300.000,ours,-,fleet,MIN_DISTANCE_AVG,OK,8.157,,,0,robots_sampled=6
301.000,ours,-,robot1,MIN_DISTANCE,OK,13.635,8.202,,0,nearest_robot=robot5
301.000,ours,-,robot2,MIN_DISTANCE,OK,14.621,8.202,,0,nearest_robot=robot4
301.000,ours,-,robot3,MIN_DISTANCE,OK,5.692,8.202,,0,nearest_robot=robot6
301.000,ours,-,robot4,MIN_DISTANCE,OK,8.114,8.202,,0,nearest_robot=robot3
301.000,ours,-,robot5,MIN_DISTANCE,OK,3.574,8.202,,0,nearest_robot=robot6
301.000,ours,-,robot6,MIN_DISTANCE,OK,3.574,8.202,,0,nearest_robot=robot5
301.000,ours,-,fleet,MIN_DISTANCE_AVG,OK,8.202,,,0,robots_sampled=6
302.000,ours,-,robot1,MIN_DISTANCE,OK,13.635,8.274,,0,nearest_robot=robot5
302.000,ours,-,robot2,MIN_DISTANCE,OK,14.621,8.274,,0,nearest_robot=robot4
302.000,ours,-,robot3,MIN_DISTANCE,OK,5.615,8.274,,0,nearest_robot=robot6
302.000,ours,-,robot4,MIN_DISTANCE,OK,7.814,8.274,,0,nearest_robot=robot3
302.000,ours,-,robot5,MIN_DISTANCE,OK,3.978,8.274,,0,nearest_robot=robot6
302.000,ours,-,robot6,MIN_DISTANCE,OK,3.978,8.274,,0,nearest_robot=robot5
302.000,ours,-,fleet,MIN_DISTANCE_AVG,OK,8.274,,,0,robots_sampled=6
303.000,ours,-,robot1,MIN_DISTANCE,OK,13.635,8.353,,0,nearest_robot=robot5
303.000,ours,-,robot2,MIN_DISTANCE,OK,14.621,8.353,,0,nearest_robot=robot4
303.000,ours,-,robot3,MIN_DISTANCE,OK,5.594,8.353,,0,nearest_robot=robot6
303.000,ours,-,robot4,MIN_DISTANCE,OK,7.532,8.353,,0,nearest_robot=robot3
303.000,ours,-,robot5,MIN_DISTANCE,OK,4.369,8.353,,0,nearest_robot=robot6
303.000,ours,-,robot6,MIN_DISTANCE,OK,4.369,8.353,,0,nearest_robot=robot5
303.000,ours,-,fleet,MIN_DISTANCE_AVG,OK,8.353,,,0,robots_sampled=6
304.000,ours,-,robot1,MIN_DISTANCE,OK,13.635,8.431,,0,nearest_robot=robot5
304.000,ours,-,robot2,MIN_DISTANCE,OK,14.621,8.431,,0,nearest_robot=robot4
304.000,ours,-,robot3,MIN_DISTANCE,OK,5.572,8.431,,0,nearest_robot=robot6
304.000,ours,-,robot4,MIN_DISTANCE,OK,7.252,8.431,,0,nearest_robot=robot3
304.000,ours,-,robot5,MIN_DISTANCE,OK,4.752,8.431,,0,nearest_robot=robot6
304.000,ours,-,robot6,MIN_DISTANCE,OK,4.752,8.431,,0,nearest_robot=robot5
304.000,ours,-,fleet,MIN_DISTANCE_AVG,OK,8.431,,,0,robots_sampled=6
304.290,ours,-,fleet,CHOMP_TIME_FULL,OK,,3.895,,0,iterations=100;iterations_executed=100;source=algorithm;round_trip=3.917163
304.900,ours,-,fleet,CHOMP_TIME_PARTIAL,OK,,0.396,,0,iterations=10;iterations_executed=10;source=algorithm;round_trip=0.413664
305.000,ours,-,robot1,MIN_DISTANCE,OK,13.617,8.492,,0,nearest_robot=robot5
305.000,ours,-,robot2,MIN_DISTANCE,OK,14.622,8.492,,0,nearest_robot=robot4
305.000,ours,-,robot3,MIN_DISTANCE,OK,5.657,8.492,,0,nearest_robot=robot6
305.000,ours,-,robot4,MIN_DISTANCE,OK,6.989,8.492,,0,nearest_robot=robot3
305.000,ours,-,robot5,MIN_DISTANCE,OK,5.034,8.492,,0,nearest_robot=robot6
305.000,ours,-,robot6,MIN_DISTANCE,OK,5.034,8.492,,0,nearest_robot=robot5
305.000,ours,-,fleet,MIN_DISTANCE_AVG,OK,8.492,,,0,robots_sampled=6
305.390,ours,-,fleet,CHOMP_TIME_PARTIAL,OK,,0.394,,0,iterations=10;iterations_executed=10;source=algorithm;round_trip=0.411983
305.910,ours,-,fleet,CHOMP_TIME_PARTIAL,OK,,0.411,,0,iterations=10;iterations_executed=10;source=algorithm;round_trip=0.428643
306.000,ours,-,robot1,MIN_DISTANCE,OK,13.601,8.560,,0,nearest_robot=robot5
306.000,ours,-,robot2,MIN_DISTANCE,OK,14.622,8.560,,0,nearest_robot=robot4
306.000,ours,-,robot3,MIN_DISTANCE,OK,5.618,8.560,,0,nearest_robot=robot6
306.000,ours,-,robot4,MIN_DISTANCE,OK,6.724,8.560,,0,nearest_robot=robot3
306.000,ours,-,robot5,MIN_DISTANCE,OK,5.399,8.560,,0,nearest_robot=robot6
306.000,ours,-,robot6,MIN_DISTANCE,OK,5.399,8.560,,0,nearest_robot=robot5
306.000,ours,-,fleet,MIN_DISTANCE_AVG,OK,8.560,,,0,robots_sampled=6
306.460,ours,-,fleet,CHOMP_TIME_PARTIAL,OK,,0.461,,0,iterations=10;iterations_executed=10;source=algorithm;round_trip=0.480623
306.940,ours,-,fleet,CHOMP_TIME_PARTIAL,OK,,0.445,,0,iterations=10;iterations_executed=10;source=algorithm;round_trip=0.462455
307.000,ours,-,robot1,MIN_DISTANCE,OK,13.600,8.607,,0,nearest_robot=robot5
307.000,ours,-,robot2,MIN_DISTANCE,OK,14.622,8.607,,0,nearest_robot=robot4
307.000,ours,-,robot3,MIN_DISTANCE,OK,5.606,8.607,,0,nearest_robot=robot6
307.000,ours,-,robot4,MIN_DISTANCE,OK,6.462,8.607,,0,nearest_robot=robot3
307.000,ours,-,robot5,MIN_DISTANCE,OK,5.745,8.607,,0,nearest_robot=robot6
307.000,ours,-,robot6,MIN_DISTANCE,OK,5.606,8.607,,0,nearest_robot=robot3
307.000,ours,-,fleet,MIN_DISTANCE_AVG,OK,8.607,,,0,robots_sampled=6
307.410,ours,-,fleet,CHOMP_TIME_PARTIAL,OK,,0.405,,0,iterations=10;iterations_executed=10;source=algorithm;round_trip=0.421588
307.900,ours,-,fleet,CHOMP_TIME_PARTIAL,OK,,0.402,,0,iterations=10;iterations_executed=10;source=algorithm;round_trip=0.419000
308.000,ours,-,robot1,MIN_DISTANCE,OK,13.607,8.624,,0,nearest_robot=robot5
308.000,ours,-,robot2,MIN_DISTANCE,OK,14.623,8.624,,0,nearest_robot=robot4
308.000,ours,-,robot3,MIN_DISTANCE,OK,5.634,8.624,,0,nearest_robot=robot6
308.000,ours,-,robot4,MIN_DISTANCE,OK,6.166,8.624,,0,nearest_robot=robot3
308.000,ours,-,robot5,MIN_DISTANCE,OK,6.082,8.624,,0,nearest_robot=robot6
308.000,ours,-,robot6,MIN_DISTANCE,OK,5.634,8.624,,0,nearest_robot=robot3
308.000,ours,-,fleet,MIN_DISTANCE_AVG,OK,8.624,,,0,robots_sampled=6
308.400,ours,-,fleet,CHOMP_TIME_PARTIAL,OK,,0.402,,0,iterations=10;iterations_executed=10;source=algorithm;round_trip=0.421478
308.900,ours,-,fleet,CHOMP_TIME_PARTIAL,OK,,0.401,,0,iterations=10;iterations_executed=10;source=algorithm;round_trip=0.421400
309.000,ours,-,robot1,MIN_DISTANCE,OK,13.638,8.649,,0,nearest_robot=robot5
309.000,ours,-,robot2,MIN_DISTANCE,OK,14.623,8.649,,0,nearest_robot=robot4
309.000,ours,-,robot3,MIN_DISTANCE,OK,5.655,8.649,,0,nearest_robot=robot6
309.000,ours,-,robot4,MIN_DISTANCE,OK,5.910,8.649,,0,nearest_robot=robot3
309.000,ours,-,robot5,MIN_DISTANCE,OK,6.414,8.649,,0,nearest_robot=robot6
309.000,ours,-,robot6,MIN_DISTANCE,OK,5.655,8.649,,0,nearest_robot=robot3
309.000,ours,-,fleet,MIN_DISTANCE_AVG,OK,8.649,,,0,robots_sampled=6
309.410,ours,-,fleet,CHOMP_TIME_PARTIAL,OK,,0.409,,0,iterations=10;iterations_executed=10;source=algorithm;round_trip=0.428521
309.930,ours,-,fleet,CHOMP_TIME_PARTIAL,OK,,0.430,,0,iterations=10;iterations_executed=10;source=algorithm;round_trip=0.446541
310.000,ours,-,robot1,MIN_DISTANCE,OK,13.633,8.664,,0,nearest_robot=robot5
310.000,ours,-,robot2,MIN_DISTANCE,OK,14.623,8.664,,0,nearest_robot=robot4
310.000,ours,-,robot3,MIN_DISTANCE,OK,5.652,8.664,,0,nearest_robot=robot4
310.000,ours,-,robot4,MIN_DISTANCE,OK,5.652,8.664,,0,nearest_robot=robot3
310.000,ours,-,robot5,MIN_DISTANCE,OK,6.733,8.664,,0,nearest_robot=robot6
310.000,ours,-,robot6,MIN_DISTANCE,OK,5.692,8.664,,0,nearest_robot=robot3
310.000,ours,-,fleet,MIN_DISTANCE_AVG,OK,8.664,,,0,robots_sampled=6
310.400,ours,-,fleet,CHOMP_TIME_PARTIAL,OK,,0.408,,0,iterations=10;iterations_executed=10;source=algorithm;round_trip=0.424257
310.910,ours,-,fleet,CHOMP_TIME_PARTIAL,OK,,0.410,,0,iterations=10;iterations_executed=10;source=algorithm;round_trip=0.427787
311.000,ours,-,robot1,MIN_DISTANCE,OK,13.620,8.655,,0,nearest_robot=robot5
311.000,ours,-,robot2,MIN_DISTANCE,OK,14.623,8.655,,0,nearest_robot=robot4
311.000,ours,-,robot3,MIN_DISTANCE,OK,5.515,8.655,,0,nearest_robot=robot4
311.000,ours,-,robot4,MIN_DISTANCE,OK,5.515,8.655,,0,nearest_robot=robot3
311.000,ours,-,robot5,MIN_DISTANCE,OK,7.058,8.655,,0,nearest_robot=robot6
311.000,ours,-,robot6,MIN_DISTANCE,OK,5.601,8.655,,0,nearest_robot=robot3
311.000,ours,-,fleet,MIN_DISTANCE_AVG,OK,8.655,,,0,robots_sampled=6
311.420,ours,-,fleet,CHOMP_TIME_PARTIAL,OK,,0.416,,0,iterations=10;iterations_executed=10;source=algorithm;round_trip=0.432910
311.920,ours,-,fleet,CHOMP_TIME_PARTIAL,OK,,0.417,,0,iterations=10;iterations_executed=10;source=algorithm;round_trip=0.433394
312.000,ours,-,robot1,MIN_DISTANCE,OK,13.630,8.628,,0,nearest_robot=robot5
312.000,ours,-,robot2,MIN_DISTANCE,OK,14.624,8.628,,0,nearest_robot=robot4
312.000,ours,-,robot3,MIN_DISTANCE,OK,5.326,8.628,,0,nearest_robot=robot6
312.000,ours,-,robot4,MIN_DISTANCE,OK,5.453,8.628,,0,nearest_robot=robot3
312.000,ours,-,robot5,MIN_DISTANCE,OK,7.414,8.628,,0,nearest_robot=robot6
312.000,ours,-,robot6,MIN_DISTANCE,OK,5.326,8.628,,0,nearest_robot=robot3
312.000,ours,-,fleet,MIN_DISTANCE_AVG,OK,8.628,,,0,robots_sampled=6
312.410,ours,-,fleet,CHOMP_TIME_PARTIAL,OK,,0.417,,0,iterations=10;iterations_executed=10;source=algorithm;round_trip=0.435886
312.900,ours,-,fleet,CHOMP_TIME_PARTIAL,OK,,0.401,,0,iterations=10;iterations_executed=10;source=algorithm;round_trip=0.417840
313.000,ours,-,robot1,MIN_DISTANCE,OK,13.631,8.550,,0,nearest_robot=robot5
313.000,ours,-,robot2,MIN_DISTANCE,OK,14.624,8.550,,0,nearest_robot=robot4
313.000,ours,-,robot3,MIN_DISTANCE,OK,4.911,8.550,,0,nearest_robot=robot6
313.000,ours,-,robot4,MIN_DISTANCE,OK,5.439,8.550,,0,nearest_robot=robot3
313.000,ours,-,robot5,MIN_DISTANCE,OK,7.783,8.550,,0,nearest_robot=robot6
313.000,ours,-,robot6,MIN_DISTANCE,OK,4.911,8.550,,0,nearest_robot=robot3
313.000,ours,-,fleet,MIN_DISTANCE_AVG,OK,8.550,,,0,robots_sampled=6
313.410,ours,-,fleet,CHOMP_TIME_PARTIAL,OK,,0.408,,0,iterations=10;iterations_executed=10;source=algorithm;round_trip=0.426288
313.910,ours,-,fleet,CHOMP_TIME_PARTIAL,OK,,0.405,,0,iterations=10;iterations_executed=10;source=algorithm;round_trip=0.430013
314.000,ours,-,robot1,MIN_DISTANCE,OK,13.633,8.530,,0,nearest_robot=robot5
314.000,ours,-,robot2,MIN_DISTANCE,OK,14.624,8.530,,0,nearest_robot=robot4
314.000,ours,-,robot3,MIN_DISTANCE,OK,4.772,8.530,,0,nearest_robot=robot6
314.000,ours,-,robot4,MIN_DISTANCE,OK,5.278,8.530,,0,nearest_robot=robot3
314.000,ours,-,robot5,MIN_DISTANCE,OK,8.104,8.530,,0,nearest_robot=robot6
314.000,ours,-,robot6,MIN_DISTANCE,OK,4.772,8.530,,0,nearest_robot=robot3
314.000,ours,-,fleet,MIN_DISTANCE_AVG,OK,8.530,,,0,robots_sampled=6
314.400,ours,-,fleet,CHOMP_TIME_PARTIAL,OK,,0.411,,0,iterations=10;iterations_executed=10;source=algorithm;round_trip=0.427259
315.000,ours,-,robot1,MIN_DISTANCE,OK,13.634,8.536,,0,nearest_robot=robot5
315.000,ours,-,robot2,MIN_DISTANCE,OK,14.624,8.536,,0,nearest_robot=robot4
315.000,ours,-,robot3,MIN_DISTANCE,OK,4.814,8.536,,0,nearest_robot=robot6
315.000,ours,-,robot4,MIN_DISTANCE,OK,4.899,8.536,,0,nearest_robot=robot3
315.000,ours,-,robot5,MIN_DISTANCE,OK,8.434,8.536,,0,nearest_robot=robot6
315.000,ours,-,robot6,MIN_DISTANCE,OK,4.814,8.536,,0,nearest_robot=robot3
315.000,ours,-,fleet,MIN_DISTANCE_AVG,OK,8.536,,,0,robots_sampled=6
316.000,ours,-,robot1,MIN_DISTANCE,OK,13.632,8.487,,0,nearest_robot=robot5
316.000,ours,-,robot2,MIN_DISTANCE,OK,14.625,8.487,,0,nearest_robot=robot4
316.000,ours,-,robot3,MIN_DISTANCE,OK,4.564,8.487,,0,nearest_robot=robot4
316.000,ours,-,robot4,MIN_DISTANCE,OK,4.564,8.487,,0,nearest_robot=robot3
316.000,ours,-,robot5,MIN_DISTANCE,OK,8.789,8.487,,0,nearest_robot=robot6
316.000,ours,-,robot6,MIN_DISTANCE,OK,4.752,8.487,,0,nearest_robot=robot3
316.000,ours,-,fleet,MIN_DISTANCE_AVG,OK,8.487,,,0,robots_sampled=6
317.000,ours,-,robot1,MIN_DISTANCE,OK,13.639,8.451,,0,nearest_robot=robot5
317.000,ours,-,robot2,MIN_DISTANCE,OK,14.625,8.451,,0,nearest_robot=robot4
317.000,ours,-,robot3,MIN_DISTANCE,OK,4.291,8.451,,0,nearest_robot=robot4
317.000,ours,-,robot4,MIN_DISTANCE,OK,4.291,8.451,,0,nearest_robot=robot3
317.000,ours,-,robot5,MIN_DISTANCE,OK,9.151,8.451,,0,nearest_robot=robot6
317.000,ours,-,robot6,MIN_DISTANCE,OK,4.712,8.451,,0,nearest_robot=robot3
317.000,ours,-,fleet,MIN_DISTANCE_AVG,OK,8.451,,,0,robots_sampled=6
318.000,ours,-,robot1,MIN_DISTANCE,OK,13.634,8.414,,0,nearest_robot=robot5
318.000,ours,-,robot2,MIN_DISTANCE,OK,14.625,8.414,,0,nearest_robot=robot4
318.000,ours,-,robot3,MIN_DISTANCE,OK,4.008,8.414,,0,nearest_robot=robot4
318.000,ours,-,robot4,MIN_DISTANCE,OK,4.008,8.414,,0,nearest_robot=robot3
318.000,ours,-,robot5,MIN_DISTANCE,OK,9.560,8.414,,0,nearest_robot=robot6
318.000,ours,-,robot6,MIN_DISTANCE,OK,4.651,8.414,,0,nearest_robot=robot3
318.000,ours,-,fleet,MIN_DISTANCE_AVG,OK,8.414,,,0,robots_sampled=6
318.830,ours,-,fleet,CHOMP_TIME_FULL,OK,,3.920,,0,iterations=100;iterations_executed=100;source=algorithm;round_trip=3.946492
319.000,ours,-,robot1,MIN_DISTANCE,OK,13.631,8.382,,0,nearest_robot=robot5
319.000,ours,-,robot2,MIN_DISTANCE,OK,14.625,8.382,,0,nearest_robot=robot4
319.000,ours,-,robot3,MIN_DISTANCE,OK,3.713,8.382,,0,nearest_robot=robot4
319.000,ours,-,robot4,MIN_DISTANCE,OK,3.713,8.382,,0,nearest_robot=robot3
319.000,ours,-,robot5,MIN_DISTANCE,OK,9.951,8.382,,0,nearest_robot=robot6
319.000,ours,-,robot6,MIN_DISTANCE,OK,4.658,8.382,,0,nearest_robot=robot3
319.000,ours,-,fleet,MIN_DISTANCE_AVG,OK,8.382,,,0,robots_sampled=6
319.400,ours,-,fleet,CHOMP_TIME_PARTIAL,OK,,0.397,,0,iterations=10;iterations_executed=10;source=algorithm;round_trip=0.418171
319.900,ours,-,fleet,CHOMP_TIME_PARTIAL,OK,,0.412,,0,iterations=10;iterations_executed=10;source=algorithm;round_trip=0.429036
320.000,ours,-,robot1,MIN_DISTANCE,OK,13.643,8.386,,0,nearest_robot=robot5
320.000,ours,-,robot2,MIN_DISTANCE,OK,14.626,8.386,,0,nearest_robot=robot4
320.000,ours,-,robot3,MIN_DISTANCE,OK,3.492,8.386,,0,nearest_robot=robot4
320.000,ours,-,robot4,MIN_DISTANCE,OK,3.492,8.386,,0,nearest_robot=robot3
320.000,ours,-,robot5,MIN_DISTANCE,OK,10.329,8.386,,0,nearest_robot=robot6
320.000,ours,-,robot6,MIN_DISTANCE,OK,4.738,8.386,,0,nearest_robot=robot3
320.000,ours,-,fleet,MIN_DISTANCE_AVG,OK,8.386,,,0,robots_sampled=6
321.000,ours,-,robot1,MIN_DISTANCE,OK,13.628,8.400,,0,nearest_robot=robot5
321.000,ours,-,robot2,MIN_DISTANCE,OK,14.626,8.400,,0,nearest_robot=robot4
321.000,ours,-,robot3,MIN_DISTANCE,OK,3.311,8.400,,0,nearest_robot=robot4
321.000,ours,-,robot4,MIN_DISTANCE,OK,3.311,8.400,,0,nearest_robot=robot3
321.000,ours,-,robot5,MIN_DISTANCE,OK,10.684,8.400,,0,nearest_robot=robot6
321.000,ours,-,robot6,MIN_DISTANCE,OK,4.837,8.400,,0,nearest_robot=robot3
321.000,ours,-,fleet,MIN_DISTANCE_AVG,OK,8.400,,,0,robots_sampled=6
322.000,ours,-,robot1,MIN_DISTANCE,OK,13.640,8.444,,0,nearest_robot=robot5
322.000,ours,-,robot2,MIN_DISTANCE,OK,14.626,8.444,,0,nearest_robot=robot4
322.000,ours,-,robot3,MIN_DISTANCE,OK,3.184,8.444,,0,nearest_robot=robot4
322.000,ours,-,robot4,MIN_DISTANCE,OK,3.184,8.444,,0,nearest_robot=robot3
322.000,ours,-,robot5,MIN_DISTANCE,OK,10.973,8.444,,0,nearest_robot=robot6
322.000,ours,-,robot6,MIN_DISTANCE,OK,5.056,8.444,,0,nearest_robot=robot3
322.000,ours,-,fleet,MIN_DISTANCE_AVG,OK,8.444,,,0,robots_sampled=6
323.000,ours,-,robot1,MIN_DISTANCE,OK,13.633,8.447,,0,nearest_robot=robot5
323.000,ours,-,robot2,MIN_DISTANCE,OK,14.242,8.447,,0,nearest_robot=robot3
323.000,ours,-,robot3,MIN_DISTANCE,OK,3.116,8.447,,0,nearest_robot=robot4
323.000,ours,-,robot4,MIN_DISTANCE,OK,3.116,8.447,,0,nearest_robot=robot3
323.000,ours,-,robot5,MIN_DISTANCE,OK,11.169,8.447,,0,nearest_robot=robot6
323.000,ours,-,robot6,MIN_DISTANCE,OK,5.407,8.447,,0,nearest_robot=robot3
323.000,ours,-,fleet,MIN_DISTANCE_AVG,OK,8.447,,,0,robots_sampled=6
324.000,ours,-,robot1,MIN_DISTANCE,OK,13.632,8.442,,0,nearest_robot=robot5
324.000,ours,-,robot2,MIN_DISTANCE,OK,13.857,8.442,,0,nearest_robot=robot3
324.000,ours,-,robot3,MIN_DISTANCE,OK,3.102,8.442,,0,nearest_robot=robot4
324.000,ours,-,robot4,MIN_DISTANCE,OK,3.102,8.442,,0,nearest_robot=robot3
324.000,ours,-,robot5,MIN_DISTANCE,OK,11.160,8.442,,0,nearest_robot=robot6
324.000,ours,-,robot6,MIN_DISTANCE,OK,5.802,8.442,,0,nearest_robot=robot3
324.000,ours,-,fleet,MIN_DISTANCE_AVG,OK,8.442,,,0,robots_sampled=6
324.290,ours,-,fleet,CHOMP_TIME_FULL,OK,,3.875,,0,iterations=100;iterations_executed=100;source=algorithm;round_trip=3.900471
324.890,ours,-,fleet,CHOMP_TIME_PARTIAL,OK,,0.398,,0,iterations=10;iterations_executed=10;source=algorithm;round_trip=0.414402
325.000,ours,-,robot1,MIN_DISTANCE,OK,13.644,8.460,,0,nearest_robot=robot5
325.000,ours,-,robot2,MIN_DISTANCE,OK,13.432,8.460,,0,nearest_robot=robot3
325.000,ours,-,robot3,MIN_DISTANCE,OK,3.223,8.460,,0,nearest_robot=robot4
325.000,ours,-,robot4,MIN_DISTANCE,OK,3.223,8.460,,0,nearest_robot=robot3
325.000,ours,-,robot5,MIN_DISTANCE,OK,11.161,8.460,,0,nearest_robot=robot6
325.000,ours,-,robot6,MIN_DISTANCE,OK,6.075,8.460,,0,nearest_robot=robot4
325.000,ours,-,fleet,MIN_DISTANCE_AVG,OK,8.460,,,0,robots_sampled=6
325.420,ours,-,fleet,CHOMP_TIME_PARTIAL,OK,,0.417,,0,iterations=10;iterations_executed=10;source=algorithm;round_trip=0.436367
326.000,ours,-,robot1,MIN_DISTANCE,OK,13.627,8.440,,0,nearest_robot=robot5
326.000,ours,-,robot2,MIN_DISTANCE,OK,13.058,8.440,,0,nearest_robot=robot3
326.000,ours,-,robot3,MIN_DISTANCE,OK,3.359,8.440,,0,nearest_robot=robot4
326.000,ours,-,robot4,MIN_DISTANCE,OK,3.359,8.440,,0,nearest_robot=robot3
326.000,ours,-,robot5,MIN_DISTANCE,OK,11.161,8.440,,0,nearest_robot=robot6
326.000,ours,-,robot6,MIN_DISTANCE,OK,6.075,8.440,,0,nearest_robot=robot4
326.000,ours,-,fleet,MIN_DISTANCE_AVG,OK,8.440,,,0,robots_sampled=6
327.000,ours,-,robot1,MIN_DISTANCE,OK,13.639,8.421,,0,nearest_robot=robot5
327.000,ours,-,robot2,MIN_DISTANCE,OK,12.843,8.421,,0,nearest_robot=robot3
327.000,ours,-,robot3,MIN_DISTANCE,OK,3.405,8.421,,0,nearest_robot=robot4
327.000,ours,-,robot4,MIN_DISTANCE,OK,3.405,8.421,,0,nearest_robot=robot3
327.000,ours,-,robot5,MIN_DISTANCE,OK,11.161,8.421,,0,nearest_robot=robot6
327.000,ours,-,robot6,MIN_DISTANCE,OK,6.075,8.421,,0,nearest_robot=robot4
327.000,ours,-,fleet,MIN_DISTANCE_AVG,OK,8.421,,,0,robots_sampled=6
328.000,ours,-,robot1,MIN_DISTANCE,OK,13.633,8.427,,0,nearest_robot=robot5
328.000,ours,-,robot2,MIN_DISTANCE,OK,12.596,8.427,,0,nearest_robot=robot3
328.000,ours,-,robot3,MIN_DISTANCE,OK,3.547,8.427,,0,nearest_robot=robot4
328.000,ours,-,robot4,MIN_DISTANCE,OK,3.547,8.427,,0,nearest_robot=robot3
328.000,ours,-,robot5,MIN_DISTANCE,OK,11.161,8.427,,0,nearest_robot=robot6
328.000,ours,-,robot6,MIN_DISTANCE,OK,6.075,8.427,,0,nearest_robot=robot4
328.000,ours,-,fleet,MIN_DISTANCE_AVG,OK,8.427,,,0,robots_sampled=6
329.000,ours,-,robot1,MIN_DISTANCE,OK,13.628,8.458,,0,nearest_robot=robot5
329.000,ours,-,robot2,MIN_DISTANCE,OK,12.262,8.458,,0,nearest_robot=robot3
329.000,ours,-,robot3,MIN_DISTANCE,OK,3.812,8.458,,0,nearest_robot=robot4
329.000,ours,-,robot4,MIN_DISTANCE,OK,3.812,8.458,,0,nearest_robot=robot3
329.000,ours,-,robot5,MIN_DISTANCE,OK,11.161,8.458,,0,nearest_robot=robot6
329.000,ours,-,robot6,MIN_DISTANCE,OK,6.075,8.458,,0,nearest_robot=robot4
329.000,ours,-,fleet,MIN_DISTANCE_AVG,OK,8.458,,,0,robots_sampled=6
329.700,ours,-,fleet,CHOMP_TIME_FULL,OK,,3.802,,0,iterations=100;iterations_executed=100;source=algorithm;round_trip=3.821161
330.000,ours,-,robot1,MIN_DISTANCE,OK,13.635,8.511,,0,nearest_robot=robot5
330.000,ours,-,robot2,MIN_DISTANCE,OK,11.879,8.511,,0,nearest_robot=robot3
330.000,ours,-,robot3,MIN_DISTANCE,OK,4.157,8.511,,0,nearest_robot=robot4
330.000,ours,-,robot4,MIN_DISTANCE,OK,4.157,8.511,,0,nearest_robot=robot3
330.000,ours,-,robot5,MIN_DISTANCE,OK,11.161,8.511,,0,nearest_robot=robot6
330.000,ours,-,robot6,MIN_DISTANCE,OK,6.075,8.511,,0,nearest_robot=robot4
330.000,ours,-,fleet,MIN_DISTANCE_AVG,OK,8.511,,,0,robots_sampled=6
330.410,ours,-,fleet,CHOMP_TIME_PARTIAL,OK,,0.414,,0,iterations=10;iterations_executed=10;source=algorithm;round_trip=0.431967
330.890,ours,-,fleet,CHOMP_TIME_PARTIAL,OK,,0.388,,0,iterations=10;iterations_executed=10;source=algorithm;round_trip=0.403792
331.000,ours,-,robot1,MIN_DISTANCE,OK,13.639,8.566,,0,nearest_robot=robot5
331.000,ours,-,robot2,MIN_DISTANCE,OK,11.540,8.566,,0,nearest_robot=robot3
331.000,ours,-,robot3,MIN_DISTANCE,OK,4.491,8.566,,0,nearest_robot=robot4
331.000,ours,-,robot4,MIN_DISTANCE,OK,4.491,8.566,,0,nearest_robot=robot3
331.000,ours,-,robot5,MIN_DISTANCE,OK,11.162,8.566,,0,nearest_robot=robot6
331.000,ours,-,robot6,MIN_DISTANCE,OK,6.075,8.566,,0,nearest_robot=robot4
331.000,ours,-,fleet,MIN_DISTANCE_AVG,OK,8.566,,,0,robots_sampled=6
332.000,ours,-,robot1,MIN_DISTANCE,OK,13.604,8.618,,0,nearest_robot=robot5
332.000,ours,-,robot2,MIN_DISTANCE,OK,11.191,8.618,,0,nearest_robot=robot3
332.000,ours,-,robot3,MIN_DISTANCE,OK,4.838,8.618,,0,nearest_robot=robot4
332.000,ours,-,robot4,MIN_DISTANCE,OK,4.838,8.618,,0,nearest_robot=robot3
332.000,ours,-,robot5,MIN_DISTANCE,OK,11.162,8.618,,0,nearest_robot=robot6
332.000,ours,-,robot6,MIN_DISTANCE,OK,6.075,8.618,,0,nearest_robot=robot4
332.000,ours,-,fleet,MIN_DISTANCE_AVG,OK,8.618,,,0,robots_sampled=6
333.000,ours,-,robot1,MIN_DISTANCE,OK,13.625,8.684,,0,nearest_robot=robot5
333.000,ours,-,robot2,MIN_DISTANCE,OK,10.823,8.684,,0,nearest_robot=robot3
333.000,ours,-,robot3,MIN_DISTANCE,OK,5.210,8.684,,0,nearest_robot=robot4
333.000,ours,-,robot4,MIN_DISTANCE,OK,5.210,8.684,,0,nearest_robot=robot3
333.000,ours,-,robot5,MIN_DISTANCE,OK,11.162,8.684,,0,nearest_robot=robot6
333.000,ours,-,robot6,MIN_DISTANCE,OK,6.075,8.684,,0,nearest_robot=robot4
333.000,ours,-,fleet,MIN_DISTANCE_AVG,OK,8.684,,,0,robots_sampled=6
