timestamp,run_id,task_id,robot_id,event,status,allocation_cost,duration,path,collision_flag,message
36.000,ours,-,robot1,MIN_DISTANCE,OK,12.416,10.584,,0,nearest_robot=robot6
36.000,ours,-,robot2,MIN_DISTANCE,OK,12.510,10.584,,0,nearest_robot=robot1
36.000,ours,-,robot3,MIN_DISTANCE,OK,6.482,10.584,,0,nearest_robot=robot4
36.000,ours,-,robot4,MIN_DISTANCE,OK,6.482,10.584,,0,nearest_robot=robot3
36.000,ours,-,robot5,MIN_DISTANCE,OK,13.200,10.584,,0,nearest_robot=robot4
36.000,ours,-,robot6,MIN_DISTANCE,OK,12.416,10.584,,0,nearest_robot=robot1
36.000,ours,-,fleet,MIN_DISTANCE_AVG,OK,10.584,,,0,robots_sampled=6
37.000,ours,-,robot1,MIN_DISTANCE,OK,12.416,10.584,,0,nearest_robot=robot6
37.000,ours,-,robot2,MIN_DISTANCE,OK,12.510,10.584,,0,nearest_robot=robot1
37.000,ours,-,robot3,MIN_DISTANCE,OK,6.481,10.584,,0,nearest_robot=robot4
37.000,ours,-,robot4,MIN_DISTANCE,OK,6.481,10.584,,0,nearest_robot=robot3
37.000,ours,-,robot5,MIN_DISTANCE,OK,13.200,10.584,,0,nearest_robot=robot4
37.000,ours,-,robot6,MIN_DISTANCE,OK,12.416,10.584,,0,nearest_robot=robot1
37.000,ours,-,fleet,MIN_DISTANCE_AVG,OK,10.584,,,0,robots_sampled=6
38.000,ours,-,robot1,MIN_DISTANCE,OK,12.416,10.584,,0,nearest_robot=robot6
38.000,ours,-,robot2,MIN_DISTANCE,OK,12.510,10.584,,0,nearest_robot=robot1
38.000,ours,-,robot3,MIN_DISTANCE,OK,6.481,10.584,,0,nearest_robot=robot4
38.000,ours,-,robot4,MIN_DISTANCE,OK,6.481,10.584,,0,nearest_robot=robot3
38.000,ours,-,robot5,MIN_DISTANCE,OK,13.200,10.584,,0,nearest_robot=robot4
38.000,ours,-,robot6,MIN_DISTANCE,OK,12.416,10.584,,0,nearest_robot=robot1
38.000,ours,-,fleet,MIN_DISTANCE_AVG,OK,10.584,,,0,robots_sampled=6
39.000,ours,-,robot1,MIN_DISTANCE,OK,12.416,10.584,,0,nearest_robot=robot6
39.000,ours,-,robot2,MIN_DISTANCE,OK,12.510,10.584,,0,nearest_robot=robot1
39.000,ours,-,robot3,MIN_DISTANCE,OK,6.480,10.584,,0,nearest_robot=robot4
39.000,ours,-,robot4,MIN_DISTANCE,OK,6.480,10.584,,0,nearest_robot=robot3
39.000,ours,-,robot5,MIN_DISTANCE,OK,13.200,10.584,,0,nearest_robot=robot4
39.000,ours,-,robot6,MIN_DISTANCE,OK,12.416,10.584,,0,nearest_robot=robot1
39.000,ours,-,fleet,MIN_DISTANCE_AVG,OK,10.584,,,0,robots_sampled=6
40.000,ours,-,robot1,MIN_DISTANCE,OK,12.416,10.584,,0,nearest_robot=robot6
40.000,ours,-,robot2,MIN_DISTANCE,OK,12.510,10.584,,0,nearest_robot=robot1
40.000,ours,-,robot3,MIN_DISTANCE,OK,6.480,10.584,,0,nearest_robot=robot4
40.000,ours,-,robot4,MIN_DISTANCE,OK,6.480,10.584,,0,nearest_robot=robot3
40.000,ours,-,robot5,MIN_DISTANCE,OK,13.200,10.584,,0,nearest_robot=robot4
40.000,ours,-,robot6,MIN_DISTANCE,OK,12.416,10.584,,0,nearest_robot=robot1
40.000,ours,-,fleet,MIN_DISTANCE_AVG,OK,10.584,,,0,robots_sampled=6
41.000,ours,-,robot1,MIN_DISTANCE,OK,12.416,10.584,,0,nearest_robot=robot6
41.000,ours,-,robot2,MIN_DISTANCE,OK,12.510,10.584,,0,nearest_robot=robot1
41.000,ours,-,robot3,MIN_DISTANCE,OK,6.479,10.584,,0,nearest_robot=robot4
41.000,ours,-,robot4,MIN_DISTANCE,OK,6.479,10.584,,0,nearest_robot=robot3
41.000,ours,-,robot5,MIN_DISTANCE,OK,13.200,10.584,,0,nearest_robot=robot4
41.000,ours,-,robot6,MIN_DISTANCE,OK,12.416,10.584,,0,nearest_robot=robot1
41.000,ours,-,fleet,MIN_DISTANCE_AVG,OK,10.584,,,0,robots_sampled=6
42.000,ours,-,robot1,MIN_DISTANCE,OK,12.416,10.583,,0,nearest_robot=robot6
42.000,ours,-,robot2,MIN_DISTANCE,OK,12.510,10.583,,0,nearest_robot=robot1
42.000,ours,-,robot3,MIN_DISTANCE,OK,6.479,10.583,,0,nearest_robot=robot4
42.000,ours,-,robot4,MIN_DISTANCE,OK,6.479,10.583,,0,nearest_robot=robot3
42.000,ours,-,robot5,MIN_DISTANCE,OK,13.200,10.583,,0,nearest_robot=robot4
42.000,ours,-,robot6,MIN_DISTANCE,OK,12.416,10.583,,0,nearest_robot=robot1
42.000,ours,-,fleet,MIN_DISTANCE_AVG,OK,10.583,,,0,robots_sampled=6
43.000,ours,-,robot1,MIN_DISTANCE,OK,12.416,10.583,,0,nearest_robot=robot6
43.000,ours,-,robot2,MIN_DISTANCE,OK,12.510,10.583,,0,nearest_robot=robot1
43.000,ours,-,robot3,MIN_DISTANCE,OK,6.479,10.583,,0,nearest_robot=robot4
43.000,ours,-,robot4,MIN_DISTANCE,OK,6.479,10.583,,0,nearest_robot=robot3
43.000,ours,-,robot5,MIN_DISTANCE,OK,13.200,10.583,,0,nearest_robot=robot4
43.000,ours,-,robot6,MIN_DISTANCE,OK,12.416,10.583,,0,nearest_robot=robot1
43.000,ours,-,fleet,MIN_DISTANCE_AVG,OK,10.583,,,0,robots_sampled=6
44.000,ours,-,robot1,MIN_DISTANCE,OK,12.416,10.583,,0,nearest_robot=robot6
44.000,ours,-,robot2,MIN_DISTANCE,OK,12.510,10.583,,0,nearest_robot=robot1
44.000,ours,-,robot3,MIN_DISTANCE,OK,6.478,10.583,,0,nearest_robot=robot4
44.000,ours,-,robot4,MIN_DISTANCE,OK,6.478,10.583,,0,nearest_robot=robot3
44.000,ours,-,robot5,MIN_DISTANCE,OK,13.200,10.583,,0,nearest_robot=robot4
44.000,ours,-,robot6,MIN_DISTANCE,OK,12.416,10.583,,0,nearest_robot=robot1
44.000,ours,-,fleet,MIN_DISTANCE_AVG,OK,10.583,,,0,robots_sampled=6
45.000,ours,-,robot1,MIN_DISTANCE,OK,12.416,10.583,,0,nearest_robot=robot6
45.000,ours,-,robot2,MIN_DISTANCE,OK,12.510,10.583,,0,nearest_robot=robot1
45.000,ours,-,robot3,MIN_DISTANCE,OK,6.478,10.583,,0,nearest_robot=robot4
45.000,ours,-,robot4,MIN_DISTANCE,OK,6.478,10.583,,0,nearest_robot=robot3
45.000,ours,-,robot5,MIN_DISTANCE,OK,13.200,10.583,,0,nearest_robot=robot4
45.000,ours,-,robot6,MIN_DISTANCE,OK,12.416,10.583,,0,nearest_robot=robot1
45.000,ours,-,fleet,MIN_DISTANCE_AVG,OK,10.583,,,0,robots_sampled=6
46.000,ours,-,robot1,MIN_DISTANCE,OK,12.416,10.583,,0,nearest_robot=robot6
46.000,ours,-,robot2,MIN_DISTANCE,OK,12.510,10.583,,0,nearest_robot=robot1
46.000,ours,-,robot3,MIN_DISTANCE,OK,6.477,10.583,,0,nearest_robot=robot4
46.000,ours,-,robot4,MIN_DISTANCE,OK,6.477,10.583,,0,nearest_robot=robot3
46.000,ours,-,robot5,MIN_DISTANCE,OK,13.200,10.583,,0,nearest_robot=robot4
46.000,ours,-,robot6,MIN_DISTANCE,OK,12.416,10.583,,0,nearest_robot=robot1
46.000,ours,-,fleet,MIN_DISTANCE_AVG,OK,10.583,,,0,robots_sampled=6
47.000,ours,-,robot1,MIN_DISTANCE,OK,12.416,10.583,,0,nearest_robot=robot6
47.000,ours,-,robot2,MIN_DISTANCE,OK,12.510,10.583,,0,nearest_robot=robot1
47.000,ours,-,robot3,MIN_DISTANCE,OK,6.477,10.583,,0,nearest_robot=robot4
47.000,ours,-,robot4,MIN_DISTANCE,OK,6.477,10.583,,0,nearest_robot=robot3
47.000,ours,-,robot5,MIN_DISTANCE,OK,13.200,10.583,,0,nearest_robot=robot4
47.000,ours,-,robot6,MIN_DISTANCE,OK,12.416,10.583,,0,nearest_robot=robot1
47.000,ours,-,fleet,MIN_DISTANCE_AVG,OK,10.583,,,0,robots_sampled=6
48.000,ours,-,robot1,MIN_DISTANCE,OK,12.416,10.582,,0,nearest_robot=robot6
48.000,ours,-,robot2,MIN_DISTANCE,OK,12.510,10.582,,0,nearest_robot=robot1
48.000,ours,-,robot3,MIN_DISTANCE,OK,6.476,10.582,,0,nearest_robot=robot4
48.000,ours,-,robot4,MIN_DISTANCE,OK,6.476,10.582,,0,nearest_robot=robot3
48.000,ours,-,robot5,MIN_DISTANCE,OK,13.200,10.582,,0,nearest_robot=robot4
48.000,ours,-,robot6,MIN_DISTANCE,OK,12.416,10.582,,0,nearest_robot=robot1
48.000,ours,-,fleet,MIN_DISTANCE_AVG,OK,10.582,,,0,robots_sampled=6
49.000,ours,-,robot1,MIN_DISTANCE,OK,12.416,10.582,,0,nearest_robot=robot6
49.000,ours,-,robot2,MIN_DISTANCE,OK,12.510,10.582,,0,nearest_robot=robot1
49.000,ours,-,robot3,MIN_DISTANCE,OK,6.476,10.582,,0,nearest_robot=robot4
49.000,ours,-,robot4,MIN_DISTANCE,OK,6.476,10.582,,0,nearest_robot=robot3
49.000,ours,-,robot5,MIN_DISTANCE,OK,13.200,10.582,,0,nearest_robot=robot4
49.000,ours,-,robot6,MIN_DISTANCE,OK,12.416,10.582,,0,nearest_robot=robot1
49.000,ours,-,fleet,MIN_DISTANCE_AVG,OK,10.582,,,0,robots_sampled=6
50.000,ours,-,robot1,MIN_DISTANCE,OK,12.416,10.582,,0,nearest_robot=robot6
50.000,ours,-,robot2,MIN_DISTANCE,OK,12.510,10.582,,0,nearest_robot=robot1
50.000,ours,-,robot3,MIN_DISTANCE,OK,6.475,10.582,,0,nearest_robot=robot4
50.000,ours,-,robot4,MIN_DISTANCE,OK,6.475,10.582,,0,nearest_robot=robot3
50.000,ours,-,robot5,MIN_DISTANCE,OK,13.200,10.582,,0,nearest_robot=robot4
50.000,ours,-,robot6,MIN_DISTANCE,OK,12.416,10.582,,0,nearest_robot=robot1
50.000,ours,-,fleet,MIN_DISTANCE_AVG,OK,10.582,,,0,robots_sampled=6
51.000,ours,-,robot1,MIN_DISTANCE,OK,12.416,10.582,,0,nearest_robot=robot6
51.000,ours,-,robot2,MIN_DISTANCE,OK,12.510,10.582,,0,nearest_robot=robot1
51.000,ours,-,robot3,MIN_DISTANCE,OK,6.475,10.582,,0,nearest_robot=robot4
51.000,ours,-,robot4,MIN_DISTANCE,OK,6.475,10.582,,0,nearest_robot=robot3
51.000,ours,-,robot5,MIN_DISTANCE,OK,13.200,10.582,,0,nearest_robot=robot4
51.000,ours,-,robot6,MIN_DISTANCE,OK,12.416,10.582,,0,nearest_robot=robot1
51.000,ours,-,fleet,MIN_DISTANCE_AVG,OK,10.582,,,0,robots_sampled=6
52.000,ours,-,robot1,MIN_DISTANCE,OK,12.416,10.582,,0,nearest_robot=robot6
52.000,ours,-,robot2,MIN_DISTANCE,OK,12.510,10.582,,0,nearest_robot=robot1
52.000,ours,-,robot3,MIN_DISTANCE,OK,6.474,10.582,,0,nearest_robot=robot4
52.000,ours,-,robot4,MIN_DISTANCE,OK,6.474,10.582,,0,nearest_robot=robot3
52.000,ours,-,robot5,MIN_DISTANCE,OK,13.200,10.582,,0,nearest_robot=robot4
52.000,ours,-,robot6,MIN_DISTANCE,OK,12.416,10.582,,0,nearest_robot=robot1
52.000,ours,-,fleet,MIN_DISTANCE_AVG,OK,10.582,,,0,robots_sampled=6
53.000,ours,-,robot1,MIN_DISTANCE,OK,12.416,10.582,,0,nearest_robot=robot6
53.000,ours,-,robot2,MIN_DISTANCE,OK,12.510,10.582,,0,nearest_robot=robot1
53.000,ours,-,robot3,MIN_DISTANCE,OK,6.474,10.582,,0,nearest_robot=robot4
53.000,ours,-,robot4,MIN_DISTANCE,OK,6.474,10.582,,0,nearest_robot=robot3
53.000,ours,-,robot5,MIN_DISTANCE,OK,13.200,10.582,,0,nearest_robot=robot4
53.000,ours,-,robot6,MIN_DISTANCE,OK,12.416,10.582,,0,nearest_robot=robot1
53.000,ours,-,fleet,MIN_DISTANCE_AVG,OK,10.582,,,0,robots_sampled=6
54.000,ours,-,robot1,MIN_DISTANCE,OK,12.416,10.582,,0,nearest_robot=robot6
54.000,ours,-,robot2,MIN_DISTANCE,OK,12.510,10.582,,0,nearest_robot=robot1
54.000,ours,-,robot3,MIN_DISTANCE,OK,6.474,10.582,,0,nearest_robot=robot4
54.000,ours,-,robot4,MIN_DISTANCE,OK,6.474,10.582,,0,nearest_robot=robot3
54.000,ours,-,robot5,MIN_DISTANCE,OK,13.200,10.582,,0,nearest_robot=robot4
54.000,ours,-,robot6,MIN_DISTANCE,OK,12.416,10.582,,0,nearest_robot=robot1
54.000,ours,-,fleet,MIN_DISTANCE_AVG,OK,10.582,,,0,robots_sampled=6
55.000,ours,-,robot1,MIN_DISTANCE,OK,12.416,10.581,,0,nearest_robot=robot6
55.000,ours,-,robot2,MIN_DISTANCE,OK,12.510,10.581,,0,nearest_robot=robot1
55.000,ours,-,robot3,MIN_DISTANCE,OK,6.473,10.581,,0,nearest_robot=robot4
55.000,ours,-,robot4,MIN_DISTANCE,OK,6.473,10.581,,0,nearest_robot=robot3
55.000,ours,-,robot5,MIN_DISTANCE,OK,13.200,10.581,,0,nearest_robot=robot4
55.000,ours,-,robot6,MIN_DISTANCE,OK,12.416,10.581,,0,nearest_robot=robot1
55.000,ours,-,fleet,MIN_DISTANCE_AVG,OK,10.581,,,0,robots_sampled=6
56.000,ours,-,robot1,MIN_DISTANCE,OK,12.416,10.581,,0,nearest_robot=robot6
56.000,ours,-,robot2,MIN_DISTANCE,OK,12.510,10.581,,0,nearest_robot=robot1
56.000,ours,-,robot3,MIN_DISTANCE,OK,6.473,10.581,,0,nearest_robot=robot4
56.000,ours,-,robot4,MIN_DISTANCE,OK,6.473,10.581,,0,nearest_robot=robot3
56.000,ours,-,robot5,MIN_DISTANCE,OK,13.200,10.581,,0,nearest_robot=robot4
56.000,ours,-,robot6,MIN_DISTANCE,OK,12.416,10.581,,0,nearest_robot=robot1
56.000,ours,-,fleet,MIN_DISTANCE_AVG,OK,10.581,,,0,robots_sampled=6
57.000,ours,-,robot1,MIN_DISTANCE,OK,12.416,10.581,,0,nearest_robot=robot6
57.000,ours,-,robot2,MIN_DISTANCE,OK,12.510,10.581,,0,nearest_robot=robot1
57.000,ours,-,robot3,MIN_DISTANCE,OK,6.472,10.581,,0,nearest_robot=robot4
57.000,ours,-,robot4,MIN_DISTANCE,OK,6.472,10.581,,0,nearest_robot=robot3
57.000,ours,-,robot5,MIN_DISTANCE,OK,13.200,10.581,,0,nearest_robot=robot4
57.000,ours,-,robot6,MIN_DISTANCE,OK,12.416,10.581,,0,nearest_robot=robot1
57.000,ours,-,fleet,MIN_DISTANCE_AVG,OK,10.581,,,0,robots_sampled=6
58.000,ours,-,robot1,MIN_DISTANCE,OK,12.416,10.581,,0,nearest_robot=robot6
58.000,ours,-,robot2,MIN_DISTANCE,OK,12.510,10.581,,0,nearest_robot=robot1
58.000,ours,-,robot3,MIN_DISTANCE,OK,6.472,10.581,,0,nearest_robot=robot4
58.000,ours,-,robot4,MIN_DISTANCE,OK,6.472,10.581,,0,nearest_robot=robot3
58.000,ours,-,robot5,MIN_DISTANCE,OK,13.200,10.581,,0,nearest_robot=robot4
58.000,ours,-,robot6,MIN_DISTANCE,OK,12.416,10.581,,0,nearest_robot=robot1
58.000,ours,-,fleet,MIN_DISTANCE_AVG,OK,10.581,,,0,robots_sampled=6
59.000,ours,-,robot1,MIN_DISTANCE,OK,12.416,10.581,,0,nearest_robot=robot6
59.000,ours,-,robot2,MIN_DISTANCE,OK,12.510,10.581,,0,nearest_robot=robot1
59.000,ours,-,robot3,MIN_DISTANCE,OK,6.471,10.581,,0,nearest_robot=robot4
59.000,ours,-,robot4,MIN_DISTANCE,OK,6.471,10.581,,0,nearest_robot=robot3
59.000,ours,-,robot5,MIN_DISTANCE,OK,13.200,10.581,,0,nearest_robot=robot4
59.000,ours,-,robot6,MIN_DISTANCE,OK,12.416,10.581,,0,nearest_robot=robot1
59.000,ours,-,fleet,MIN_DISTANCE_AVG,OK,10.581,,,0,robots_sampled=6
60.000,ours,-,robot1,MIN_DISTANCE,OK,12.416,10.581,,0,nearest_robot=robot6
60.000,ours,-,robot2,MIN_DISTANCE,OK,12.510,10.581,,0,nearest_robot=robot1
60.000,ours,-,robot3,MIN_DISTANCE,OK,6.471,10.581,,0,nearest_robot=robot4
60.000,ours,-,robot4,MIN_DISTANCE,OK,6.471,10.581,,0,nearest_robot=robot3
60.000,ours,-,robot5,MIN_DISTANCE,OK,13.200,10.581,,0,nearest_robot=robot4
60.000,ours,-,robot6,MIN_DISTANCE,OK,12.416,10.581,,0,nearest_robot=robot1
60.000,ours,-,fleet,MIN_DISTANCE_AVG,OK,10.581,,,0,robots_sampled=6
61.000,ours,-,robot1,MIN_DISTANCE,OK,12.413,10.579,,0,nearest_robot=robot6
61.000,ours,-,robot2,MIN_DISTANCE,OK,12.507,10.579,,0,nearest_robot=robot1
61.000,ours,-,robot3,MIN_DISTANCE,OK,6.470,10.579,,0,nearest_robot=robot4
61.000,ours,-,robot4,MIN_DISTANCE,OK,6.470,10.579,,0,nearest_robot=robot3
61.000,ours,-,robot5,MIN_DISTANCE,OK,13.201,10.579,,0,nearest_robot=robot4
61.000,ours,-,robot6,MIN_DISTANCE,OK,12.413,10.579,,0,nearest_robot=robot1
61.000,ours,-,fleet,MIN_DISTANCE_AVG,OK,10.579,,,0,robots_sampled=6
62.000,ours,-,robot1,MIN_DISTANCE,OK,12.210,10.495,,0,nearest_robot=robot6
62.000,ours,-,robot2,MIN_DISTANCE,OK,12.462,10.495,,0,nearest_robot=robot1
62.000,ours,-,robot3,MIN_DISTANCE,OK,6.470,10.495,,0,nearest_robot=robot4
62.000,ours,-,robot4,MIN_DISTANCE,OK,6.470,10.495,,0,nearest_robot=robot3
62.000,ours,-,robot5,MIN_DISTANCE,OK,13.148,10.495,,0,nearest_robot=robot4
62.000,ours,-,robot6,MIN_DISTANCE,OK,12.210,10.495,,0,nearest_robot=robot1
62.000,ours,-,fleet,MIN_DISTANCE_AVG,OK,10.495,,,0,robots_sampled=6
63.000,ours,-,robot1,MIN_DISTANCE,OK,11.901,10.372,,0,nearest_robot=robot6
63.000,ours,-,robot2,MIN_DISTANCE,OK,12.574,10.372,,0,nearest_robot=robot1
63.000,ours,-,robot3,MIN_DISTANCE,OK,6.469,10.372,,0,nearest_robot=robot4
63.000,ours,-,robot4,MIN_DISTANCE,OK,6.469,10.372,,0,nearest_robot=robot3
63.000,ours,-,robot5,MIN_DISTANCE,OK,12.918,10.372,,0,nearest_robot=robot4
63.000,ours,-,robot6,MIN_DISTANCE,OK,11.901,10.372,,0,nearest_robot=robot1
63.000,ours,-,fleet,MIN_DISTANCE_AVG,OK,10.372,,,0,robots_sampled=6
64.000,ours,-,robot1,MIN_DISTANCE,OK,11.865,10.342,,0,nearest_robot=robot6
64.000,ours,-,robot2,MIN_DISTANCE,OK,12.792,10.342,,0,nearest_robot=robot1
64.000,ours,-,robot3,MIN_DISTANCE,OK,6.469,10.342,,0,nearest_robot=robot4
64.000,ours,-,robot4,MIN_DISTANCE,OK,6.469,10.342,,0,nearest_robot=robot3
64.000,ours,-,robot5,MIN_DISTANCE,OK,12.593,10.342,,0,nearest_robot=robot4
64.000,ours,-,robot6,MIN_DISTANCE,OK,11.865,10.342,,0,nearest_robot=robot1
64.000,ours,-,fleet,MIN_DISTANCE_AVG,OK,10.342,,,0,robots_sampled=6
65.000,ours,-,robot1,MIN_DISTANCE,OK,12.121,10.396,,0,nearest_robot=robot6
65.000,ours,-,robot2,MIN_DISTANCE,OK,12.976,10.396,,0,nearest_robot=robot1
65.000,ours,-,robot3,MIN_DISTANCE,OK,6.469,10.396,,0,nearest_robot=robot4
65.000,ours,-,robot4,MIN_DISTANCE,OK,6.469,10.396,,0,nearest_robot=robot3
65.000,ours,-,robot5,MIN_DISTANCE,OK,12.220,10.396,,0,nearest_robot=robot4
65.000,ours,-,robot6,MIN_DISTANCE,OK,12.121,10.396,,0,nearest_robot=robot1
65.000,ours,-,fleet,MIN_DISTANCE_AVG,OK,10.396,,,0,robots_sampled=6
66.000,ours,-,robot1,MIN_DISTANCE,OK,12.295,10.469,,0,nearest_robot=robot6
66.000,ours,-,robot2,MIN_DISTANCE,OK,13.436,10.469,,0,nearest_robot=robot3
66.000,ours,-,robot3,MIN_DISTANCE,OK,6.468,10.469,,0,nearest_robot=robot4
66.000,ours,-,robot4,MIN_DISTANCE,OK,6.468,10.469,,0,nearest_robot=robot3
66.000,ours,-,robot5,MIN_DISTANCE,OK,11.852,10.469,,0,nearest_robot=robot4
66.000,ours,-,robot6,MIN_DISTANCE,OK,12.295,10.469,,0,nearest_robot=robot1
66.000,ours,-,fleet,MIN_DISTANCE_AVG,OK,10.469,,,0,robots_sampled=6
67.000,ours,-,robot1,MIN_DISTANCE,OK,12.168,10.299,,0,nearest_robot=robot6
67.000,ours,-,robot2,MIN_DISTANCE,OK,13.257,10.299,,0,nearest_robot=robot3
67.000,ours,-,robot3,MIN_DISTANCE,OK,6.265,10.299,,0,nearest_robot=robot4
67.000,ours,-,robot4,MIN_DISTANCE,OK,6.265,10.299,,0,nearest_robot=robot3
67.000,ours,-,robot5,MIN_DISTANCE,OK,11.673,10.299,,0,nearest_robot=robot4
67.000,ours,-,robot6,MIN_DISTANCE,OK,12.168,10.299,,0,nearest_robot=robot1
67.000,ours,-,fleet,MIN_DISTANCE_AVG,OK,10.299,,,0,robots_sampled=6
68.000,ours,-,robot1,MIN_DISTANCE,OK,11.908,9.968,,0,nearest_robot=robot6
68.000,ours,-,robot2,MIN_DISTANCE,OK,12.844,9.968,,0,nearest_robot=robot6
68.000,ours,-,robot3,MIN_DISTANCE,OK,5.803,9.968,,0,nearest_robot=robot4
68.000,ours,-,robot4,MIN_DISTANCE,OK,5.803,9.968,,0,nearest_robot=robot3
68.000,ours,-,robot5,MIN_DISTANCE,OK,11.541,9.968,,0,nearest_robot=robot4
68.000,ours,-,robot6,MIN_DISTANCE,OK,11.908,9.968,,0,nearest_robot=robot1
68.000,ours,-,fleet,MIN_DISTANCE_AVG,OK,9.968,,,0,robots_sampled=6
69.000,ours,-,robot1,MIN_DISTANCE,OK,11.635,9.583,,0,nearest_robot=robot6
69.000,ours,-,robot2,MIN_DISTANCE,OK,12.134,9.583,,0,nearest_robot=robot6
69.000,ours,-,robot3,MIN_DISTANCE,OK,5.361,9.583,,0,nearest_robot=robot4
69.000,ours,-,robot4,MIN_DISTANCE,OK,5.361,9.583,,0,nearest_robot=robot3
69.000,ours,-,robot5,MIN_DISTANCE,OK,11.370,9.583,,0,nearest_robot=robot4
69.000,ours,-,robot6,MIN_DISTANCE,OK,11.635,9.583,,0,nearest_robot=robot1
69.000,ours,-,fleet,MIN_DISTANCE_AVG,OK,9.583,,,0,robots_sampled=6
70.000,ours,-,robot1,MIN_DISTANCE,OK,11.371,9.244,,0,nearest_robot=robot6
70.000,ours,-,robot2,MIN_DISTANCE,OK,11.427,9.244,,0,nearest_robot=robot6
70.000,ours,-,robot3,MIN_DISTANCE,OK,5.041,9.244,,0,nearest_robot=robot4
70.000,ours,-,robot4,MIN_DISTANCE,OK,5.041,9.244,,0,nearest_robot=robot3
70.000,ours,-,robot5,MIN_DISTANCE,OK,11.212,9.244,,0,nearest_robot=robot4
70.000,ours,-,robot6,MIN_DISTANCE,OK,11.371,9.244,,0,nearest_robot=robot1
70.000,ours,-,fleet,MIN_DISTANCE_AVG,OK,9.244,,,0,robots_sampled=6
71.000,ours,-,robot1,MIN_DISTANCE,OK,11.194,8.922,,0,nearest_robot=robot6
71.000,ours,-,robot2,MIN_DISTANCE,OK,10.711,8.922,,0,nearest_robot=robot6
71.000,ours,-,robot3,MIN_DISTANCE,OK,4.868,8.922,,0,nearest_robot=robot4
71.000,ours,-,robot4,MIN_DISTANCE,OK,4.868,8.922,,0,nearest_robot=robot3
71.000,ours,-,robot5,MIN_DISTANCE,OK,11.182,8.922,,0,nearest_robot=robot4
71.000,ours,-,robot6,MIN_DISTANCE,OK,10.711,8.922,,0,nearest_robot=robot2
71.000,ours,-,fleet,MIN_DISTANCE_AVG,OK,8.922,,,0,robots_sampled=6
72.000,ours,-,robot1,MIN_DISTANCE,OK,11.082,8.634,,0,nearest_robot=robot6
72.000,ours,-,robot2,MIN_DISTANCE,OK,9.952,8.634,,0,nearest_robot=robot6
72.000,ours,-,robot3,MIN_DISTANCE,OK,4.759,8.634,,0,nearest_robot=robot4
72.000,ours,-,robot4,MIN_DISTANCE,OK,4.759,8.634,,0,nearest_robot=robot3
72.000,ours,-,robot5,MIN_DISTANCE,OK,11.303,8.634,,0,nearest_robot=robot4
72.000,ours,-,robot6,MIN_DISTANCE,OK,9.952,8.634,,0,nearest_robot=robot2
72.000,ours,-,fleet,MIN_DISTANCE_AVG,OK,8.634,,,0,robots_sampled=6
73.000,ours,-,robot1,MIN_DISTANCE,OK,11.043,8.393,,0,nearest_robot=robot6
73.000,ours,-,robot2,MIN_DISTANCE,OK,9.217,8.393,,0,nearest_robot=robot6
73.000,ours,-,robot3,MIN_DISTANCE,OK,4.700,8.393,,0,nearest_robot=robot4
73.000,ours,-,robot4,MIN_DISTANCE,OK,4.700,8.393,,0,nearest_robot=robot3
73.000,ours,-,robot5,MIN_DISTANCE,OK,11.479,8.393,,0,nearest_robot=robot4
73.000,ours,-,robot6,MIN_DISTANCE,OK,9.217,8.393,,0,nearest_robot=robot2
73.000,ours,-,fleet,MIN_DISTANCE_AVG,OK,8.393,,,0,robots_sampled=6
74.000,ours,-,robot1,MIN_DISTANCE,OK,10.998,8.211,,0,nearest_robot=robot6
74.000,ours,-,robot2,MIN_DISTANCE,OK,8.646,8.211,,0,nearest_robot=robot6
74.000,ours,-,robot3,MIN_DISTANCE,OK,4.594,8.211,,0,nearest_robot=robot4
74.000,ours,-,robot4,MIN_DISTANCE,OK,4.594,8.211,,0,nearest_robot=robot3
74.000,ours,-,robot5,MIN_DISTANCE,OK,11.790,8.211,,0,nearest_robot=robot4
74.000,ours,-,robot6,MIN_DISTANCE,OK,8.646,8.211,,0,nearest_robot=robot2
74.000,ours,-,fleet,MIN_DISTANCE_AVG,OK,8.211,,,0,robots_sampled=6
75.000,ours,-,robot1,MIN_DISTANCE,OK,11.014,8.024,,0,nearest_robot=robot6
75.000,ours,-,robot2,MIN_DISTANCE,OK,8.238,8.024,,0,nearest_robot=robot6
75.000,ours,-,robot3,MIN_DISTANCE,OK,4.347,8.024,,0,nearest_robot=robot4
75.000,ours,-,robot4,MIN_DISTANCE,OK,4.347,8.024,,0,nearest_robot=robot3
75.000,ours,-,robot5,MIN_DISTANCE,OK,11.964,8.024,,0,nearest_robot=robot3
75.000,ours,-,robot6,MIN_DISTANCE,OK,8.238,8.024,,0,nearest_robot=robot2
75.000,ours,-,fleet,MIN_DISTANCE_AVG,OK,8.024,,,0,robots_sampled=6
76.000,ours,-,robot1,MIN_DISTANCE,OK,11.299,7.795,,0,nearest_robot=robot6
76.000,ours,-,robot2,MIN_DISTANCE,OK,7.836,7.795,,0,nearest_robot=robot6
76.000,ours,-,robot3,MIN_DISTANCE,OK,3.964,7.795,,0,nearest_robot=robot4
76.000,ours,-,robot4,MIN_DISTANCE,OK,3.964,7.795,,0,nearest_robot=robot3
76.000,ours,-,robot5,MIN_DISTANCE,OK,11.873,7.795,,0,nearest_robot=robot3
76.000,ours,-,robot6,MIN_DISTANCE,OK,7.836,7.795,,0,nearest_robot=robot2
76.000,ours,-,fleet,MIN_DISTANCE_AVG,OK,7.795,,,0,robots_sampled=6
77.000,ours,-,robot1,MIN_DISTANCE,OK,11.716,7.648,,0,nearest_robot=robot6
77.000,ours,-,robot2,MIN_DISTANCE,OK,7.428,7.648,,0,nearest_robot=robot6
77.000,ours,-,robot3,MIN_DISTANCE,OK,3.802,7.648,,0,nearest_robot=robot4
77.000,ours,-,robot4,MIN_DISTANCE,OK,3.802,7.648,,0,nearest_robot=robot3
77.000,ours,-,robot5,MIN_DISTANCE,OK,11.713,7.648,,0,nearest_robot=robot3
77.000,ours,-,robot6,MIN_DISTANCE,OK,7.428,7.648,,0,nearest_robot=robot2
77.000,ours,-,fleet,MIN_DISTANCE_AVG,OK,7.648,,,0,robots_sampled=6
78.000,ours,-,robot1,MIN_DISTANCE,OK,12.157,7.543,,0,nearest_robot=robot6
78.000,ours,-,robot2,MIN_DISTANCE,OK,7.044,7.543,,0,nearest_robot=robot6
78.000,ours,-,robot3,MIN_DISTANCE,OK,3.763,7.543,,0,nearest_robot=robot4
78.000,ours,-,robot4,MIN_DISTANCE,OK,3.763,7.543,,0,nearest_robot=robot3
78.000,ours,-,robot5,MIN_DISTANCE,OK,11.488,7.543,,0,nearest_robot=robot6
78.000,ours,-,robot6,MIN_DISTANCE,OK,7.044,7.543,,0,nearest_robot=robot2
78.000,ours,-,fleet,MIN_DISTANCE_AVG,OK,7.543,,,0,robots_sampled=6
79.000,ours,-,robot1,MIN_DISTANCE,OK,12.589,7.427,,0,nearest_robot=robot6
79.000,ours,-,robot2,MIN_DISTANCE,OK,6.657,7.427,,0,nearest_robot=robot6
79.000,ours,-,robot3,MIN_DISTANCE,OK,3.698,7.427,,0,nearest_robot=robot4
79.000,ours,-,robot4,MIN_DISTANCE,OK,3.698,7.427,,0,nearest_robot=robot3
79.000,ours,-,robot5,MIN_DISTANCE,OK,11.262,7.427,,0,nearest_robot=robot6
79.000,ours,-,robot6,MIN_DISTANCE,OK,6.657,7.427,,0,nearest_robot=robot2
79.000,ours,-,fleet,MIN_DISTANCE_AVG,OK,7.427,,,0,robots_sampled=6
80.000,ours,-,robot1,MIN_DISTANCE,OK,13.002,7.340,,0,nearest_robot=robot6
80.000,ours,-,robot2,MIN_DISTANCE,OK,6.260,7.340,,0,nearest_robot=robot6
80.000,ours,-,robot3,MIN_DISTANCE,OK,3.728,7.340,,0,nearest_robot=robot4
80.000,ours,-,robot4,MIN_DISTANCE,OK,3.728,7.340,,0,nearest_robot=robot3
80.000,ours,-,robot5,MIN_DISTANCE,OK,11.064,7.340,,0,nearest_robot=robot6
80.000,ours,-,robot6,MIN_DISTANCE,OK,6.260,7.340,,0,nearest_robot=robot2
80.000,ours,-,fleet,MIN_DISTANCE_AVG,OK,7.340,,,0,robots_sampled=6
81.000,ours,-,robot1,MIN_DISTANCE,OK,13.462,7.288,,0,nearest_robot=robot6
81.000,ours,-,robot2,MIN_DISTANCE,OK,5.830,7.288,,0,nearest_robot=robot6
81.000,ours,-,robot3,MIN_DISTANCE,OK,3.851,7.288,,0,nearest_robot=robot4
81.000,ours,-,robot4,MIN_DISTANCE,OK,3.851,7.288,,0,nearest_robot=robot3
81.000,ours,-,robot5,MIN_DISTANCE,OK,10.901,7.288,,0,nearest_robot=robot6
81.000,ours,-,robot6,MIN_DISTANCE,OK,5.830,7.288,,0,nearest_robot=robot2
81.000,ours,-,fleet,MIN_DISTANCE_AVG,OK,7.288,,,0,robots_sampled=6
82.000,ours,-,robot1,MIN_DISTANCE,OK,13.937,7.242,,0,nearest_robot=robot6
82.000,ours,-,robot2,MIN_DISTANCE,OK,5.424,7.242,,0,nearest_robot=robot6
82.000,ours,-,robot3,MIN_DISTANCE,OK,3.980,7.242,,0,nearest_robot=robot4
82.000,ours,-,robot4,MIN_DISTANCE,OK,3.980,7.242,,0,nearest_robot=robot3
82.000,ours,-,robot5,MIN_DISTANCE,OK,10.704,7.242,,0,nearest_robot=robot6
82.000,ours,-,robot6,MIN_DISTANCE,OK,5.424,7.242,,0,nearest_robot=robot2
82.000,ours,-,fleet,MIN_DISTANCE_AVG,OK,7.242,,,0,robots_sampled=6
83.000,ours,-,robot1,MIN_DISTANCE,OK,14.488,7.166,,0,nearest_robot=robot6
83.000,ours,-,robot2,MIN_DISTANCE,OK,5.007,7.166,,0,nearest_robot=robot6
83.000,ours,-,robot3,MIN_DISTANCE,OK,4.033,7.166,,0,nearest_robot=robot4
83.000,ours,-,robot4,MIN_DISTANCE,OK,4.033,7.166,,0,nearest_robot=robot3
83.000,ours,-,robot5,MIN_DISTANCE,OK,10.430,7.166,,0,nearest_robot=robot6
83.000,ours,-,robot6,MIN_DISTANCE,OK,5.007,7.166,,0,nearest_robot=robot2
83.000,ours,-,fleet,MIN_DISTANCE_AVG,OK,7.166,,,0,robots_sampled=6
84.000,ours,-,robot1,MIN_DISTANCE,OK,15.023,6.998,,0,nearest_robot=robot6
84.000,ours,-,robot2,MIN_DISTANCE,OK,4.407,6.998,,0,nearest_robot=robot6
84.000,ours,-,robot3,MIN_DISTANCE,OK,4.005,6.998,,0,nearest_robot=robot4
84.000,ours,-,robot4,MIN_DISTANCE,OK,4.005,6.998,,0,nearest_robot=robot3
84.000,ours,-,robot5,MIN_DISTANCE,OK,10.143,6.998,,0,nearest_robot=robot6
84.000,ours,-,robot6,MIN_DISTANCE,OK,4.407,6.998,,0,nearest_robot=robot2
84.000,ours,-,fleet,MIN_DISTANCE_AVG,OK,6.998,,,0,robots_sampled=6
85.000,ours,-,robot1,MIN_DISTANCE,OK,15.440,6.848,,0,nearest_robot=robot6
85.000,ours,-,robot2,MIN_DISTANCE,OK,3.903,6.848,,0,nearest_robot=robot6
85.000,ours,-,robot3,MIN_DISTANCE,OK,3.975,6.848,,0,nearest_robot=robot4
85.000,ours,-,robot4,MIN_DISTANCE,OK,3.975,6.848,,0,nearest_robot=robot3
85.000,ours,-,robot5,MIN_DISTANCE,OK,9.893,6.848,,0,nearest_robot=robot6
85.000,ours,-,robot6,MIN_DISTANCE,OK,3.903,6.848,,0,nearest_robot=robot2
85.000,ours,-,fleet,MIN_DISTANCE_AVG,OK,6.848,,,0,robots_sampled=6
86.000,ours,-,robot1,MIN_DISTANCE,OK,15.844,6.719,,0,nearest_robot=robot6
86.000,ours,-,robot2,MIN_DISTANCE,OK,3.474,6.719,,0,nearest_robot=robot6
86.000,ours,-,robot3,MIN_DISTANCE,OK,3.904,6.719,,0,nearest_robot=robot4
86.000,ours,-,robot4,MIN_DISTANCE,OK,3.904,6.719,,0,nearest_robot=robot3
86.000,ours,-,robot5,MIN_DISTANCE,OK,9.712,6.719,,0,nearest_robot=robot6
86.000,ours,-,robot6,MIN_DISTANCE,OK,3.474,6.719,,0,nearest_robot=robot2
86.000,ours,-,fleet,MIN_DISTANCE_AVG,OK,6.719,,,0,robots_sampled=6
87.000,ours,-,robot1,MIN_DISTANCE,OK,16.196,6.572,,0,nearest_robot=robot6
87.000,ours,-,robot2,MIN_DISTANCE,OK,2.937,6.572,,0,nearest_robot=robot6
87.000,ours,-,robot3,MIN_DISTANCE,OK,3.892,6.572,,0,nearest_robot=robot4
87.000,ours,-,robot4,MIN_DISTANCE,OK,3.892,6.572,,0,nearest_robot=robot3
87.000,ours,-,robot5,MIN_DISTANCE,OK,9.581,6.572,,0,nearest_robot=robot6
87.000,ours,-,robot6,MIN_DISTANCE,OK,2.937,6.572,,0,nearest_robot=robot2
87.000,ours,-,fleet,MIN_DISTANCE_AVG,OK,6.572,,,0,robots_sampled=6
88.000,ours,-,robot1,MIN_DISTANCE,OK,16.542,6.351,,0,nearest_robot=robot6
88.000,ours,-,robot2,MIN_DISTANCE,OK,2.173,6.351,,0,nearest_robot=robot6
88.000,ours,-,robot3,MIN_DISTANCE,OK,3.847,6.351,,0,nearest_robot=robot4
88.000,ours,-,robot4,MIN_DISTANCE,OK,3.847,6.351,,0,nearest_robot=robot3
88.000,ours,-,robot5,MIN_DISTANCE,OK,9.527,6.351,,0,nearest_robot=robot6
88.000,ours,-,robot6,MIN_DISTANCE,OK,2.173,6.351,,0,nearest_robot=robot2
88.000,ours,-,fleet,MIN_DISTANCE_AVG,OK,6.351,,,0,robots_sampled=6
89.000,ours,-,robot1,MIN_DISTANCE,OK,16.757,6.129,,0,nearest_robot=robot2
89.000,ours,-,robot2,MIN_DISTANCE,OK,1.438,6.129,,0,nearest_robot=robot6
89.000,ours,-,robot3,MIN_DISTANCE,OK,3.792,6.129,,0,nearest_robot=robot4
89.000,ours,-,robot4,MIN_DISTANCE,OK,3.792,6.129,,0,nearest_robot=robot3
89.000,ours,-,robot5,MIN_DISTANCE,OK,9.555,6.129,,0,nearest_robot=robot6
89.000,ours,-,robot6,MIN_DISTANCE,OK,1.438,6.129,,0,nearest_robot=robot2
89.000,ours,-,fleet,MIN_DISTANCE_AVG,OK,6.129,,,0,robots_sampled=6
90.000,ours,-,robot1,MIN_DISTANCE,OK,16.821,5.948,,0,nearest_robot=robot2
90.000,ours,-,robot2,MIN_DISTANCE,OK,0.813,5.948,,0,nearest_robot=robot6
90.000,ours,-,robot3,MIN_DISTANCE,OK,3.706,5.948,,0,nearest_robot=robot4
90.000,ours,-,robot4,MIN_DISTANCE,OK,3.706,5.948,,0,nearest_robot=robot3
90.000,ours,-,robot5,MIN_DISTANCE,OK,9.830,5.948,,0,nearest_robot=robot6
90.000,ours,-,robot6,MIN_DISTANCE,OK,0.813,5.948,,0,nearest_robot=robot2
90.000,ours,-,fleet,MIN_DISTANCE_AVG,OK,5.948,,,0,robots_sampled=6
91.000,ours,-,robot1,MIN_DISTANCE,OK,17.015,5.889,,0,nearest_robot=robot2
91.000,ours,-,robot2,MIN_DISTANCE,OK,0.539,5.889,,0,nearest_robot=robot6
91.000,ours,-,robot3,MIN_DISTANCE,OK,3.599,5.889,,0,nearest_robot=robot4
91.000,ours,-,robot4,MIN_DISTANCE,OK,3.599,5.889,,0,nearest_robot=robot3
91.000,ours,-,robot5,MIN_DISTANCE,OK,10.044,5.889,,0,nearest_robot=robot6
91.000,ours,-,robot6,MIN_DISTANCE,OK,0.539,5.889,,0,nearest_robot=robot2
91.000,ours,-,fleet,MIN_DISTANCE_AVG,OK,5.889,,,0,robots_sampled=6
92.000,ours,-,robot1,MIN_DISTANCE,OK,17.249,6.015,,0,nearest_robot=robot2
92.000,ours,-,robot2,MIN_DISTANCE,OK,0.814,6.015,,0,nearest_robot=robot6
92.000,ours,-,robot3,MIN_DISTANCE,OK,3.563,6.015,,0,nearest_robot=robot4
92.000,ours,-,robot4,MIN_DISTANCE,OK,3.563,6.015,,0,nearest_robot=robot3
92.000,ours,-,robot5,MIN_DISTANCE,OK,10.085,6.015,,0,nearest_robot=robot2
92.000,ours,-,robot6,MIN_DISTANCE,OK,0.814,6.015,,0,nearest_robot=robot2
92.000,ours,-,fleet,MIN_DISTANCE_AVG,OK,6.015,,,0,robots_sampled=6
93.000,ours,-,robot1,MIN_DISTANCE,OK,17.510,6.178,,0,nearest_robot=robot2
93.000,ours,-,robot2,MIN_DISTANCE,OK,1.280,6.178,,0,nearest_robot=robot6
93.000,ours,-,robot3,MIN_DISTANCE,OK,3.498,6.178,,0,nearest_robot=robot4
93.000,ours,-,robot4,MIN_DISTANCE,OK,3.498,6.178,,0,nearest_robot=robot3
93.000,ours,-,robot5,MIN_DISTANCE,OK,10.003,6.178,,0,nearest_robot=robot2
93.000,ours,-,robot6,MIN_DISTANCE,OK,1.280,6.178,,0,nearest_robot=robot2
93.000,ours,-,fleet,MIN_DISTANCE_AVG,OK,6.178,,,0,robots_sampled=6
94.000,ours,-,robot1,MIN_DISTANCE,OK,17.642,6.398,,0,nearest_robot=robot2
94.000,ours,-,robot2,MIN_DISTANCE,OK,1.901,6.398,,0,nearest_robot=robot6
94.000,ours,-,robot3,MIN_DISTANCE,OK,3.497,6.398,,0,nearest_robot=robot4
94.000,ours,-,robot4,MIN_DISTANCE,OK,3.497,6.398,,0,nearest_robot=robot3
94.000,ours,-,robot5,MIN_DISTANCE,OK,9.952,6.398,,0,nearest_robot=robot2
94.000,ours,-,robot6,MIN_DISTANCE,OK,1.901,6.398,,0,nearest_robot=robot2
94.000,ours,-,fleet,MIN_DISTANCE_AVG,OK,6.398,,,0,robots_sampled=6
95.000,ours,-,robot1,MIN_DISTANCE,OK,17.601,6.579,,0,nearest_robot=robot2
95.000,ours,-,robot2,MIN_DISTANCE,OK,2.492,6.579,,0,nearest_robot=robot6
95.000,ours,-,robot3,MIN_DISTANCE,OK,3.520,6.579,,0,nearest_robot=robot4
95.000,ours,-,robot4,MIN_DISTANCE,OK,3.520,6.579,,0,nearest_robot=robot3
95.000,ours,-,robot5,MIN_DISTANCE,OK,9.847,6.579,,0,nearest_robot=robot2
95.000,ours,-,robot6,MIN_DISTANCE,OK,2.492,6.579,,0,nearest_robot=robot2
95.000,ours,-,fleet,MIN_DISTANCE_AVG,OK,6.579,,,0,robots_sampled=6
96.010,ours,-,robot1,MIN_DISTANCE,OK,17.585,6.721,,0,nearest_robot=robot2
96.010,ours,-,robot2,MIN_DISTANCE,OK,2.992,6.721,,0,nearest_robot=robot6
96.010,ours,-,robot3,MIN_DISTANCE,OK,3.490,6.721,,0,nearest_robot=robot4
96.010,ours,-,robot4,MIN_DISTANCE,OK,3.490,6.721,,0,nearest_robot=robot3
96.010,ours,-,robot5,MIN_DISTANCE,OK,9.776,6.721,,0,nearest_robot=robot2
96.010,ours,-,robot6,MIN_DISTANCE,OK,2.992,6.721,,0,nearest_robot=robot2
96.010,ours,-,fleet,MIN_DISTANCE_AVG,OK,6.721,,,0,robots_sampled=6
97.000,ours,-,robot1,MIN_DISTANCE,OK,17.581,6.779,,0,nearest_robot=robot2
97.000,ours,-,robot2,MIN_DISTANCE,OK,3.253,6.779,,0,nearest_robot=robot6
97.000,ours,-,robot3,MIN_DISTANCE,OK,3.498,6.779,,0,nearest_robot=robot4
97.000,ours,-,robot4,MIN_DISTANCE,OK,3.498,6.779,,0,nearest_robot=robot3
97.000,ours,-,robot5,MIN_DISTANCE,OK,9.592,6.779,,0,nearest_robot=robot2
97.000,ours,-,robot6,MIN_DISTANCE,OK,3.253,6.779,,0,nearest_robot=robot2
97.000,ours,-,fleet,MIN_DISTANCE_AVG,OK,6.779,,,0,robots_sampled=6
98.000,ours,-,robot1,MIN_DISTANCE,OK,17.689,6.752,,0,nearest_robot=robot2
98.000,ours,-,robot2,MIN_DISTANCE,OK,3.472,6.752,,0,nearest_robot=robot6
98.000,ours,-,robot3,MIN_DISTANCE,OK,3.456,6.752,,0,nearest_robot=robot4
98.000,ours,-,robot4,MIN_DISTANCE,OK,3.456,6.752,,0,nearest_robot=robot3
98.000,ours,-,robot5,MIN_DISTANCE,OK,8.970,6.752,,0,nearest_robot=robot2
98.000,ours,-,robot6,MIN_DISTANCE,OK,3.472,6.752,,0,nearest_robot=robot2
98.000,ours,-,fleet,MIN_DISTANCE_AVG,OK,6.752,,,0,robots_sampled=6
99.000,ours,-,robot1,MIN_DISTANCE,OK,17.983,6.735,,0,nearest_robot=robot2
99.000,ours,-,robot2,MIN_DISTANCE,OK,3.779,6.735,,0,nearest_robot=robot6
99.000,ours,-,robot3,MIN_DISTANCE,OK,3.425,6.735,,0,nearest_robot=robot4
99.000,ours,-,robot4,MIN_DISTANCE,OK,3.425,6.735,,0,nearest_robot=robot3
99.000,ours,-,robot5,MIN_DISTANCE,OK,8.019,6.735,,0,nearest_robot=robot2
99.000,ours,-,robot6,MIN_DISTANCE,OK,3.779,6.735,,0,nearest_robot=robot2
99.000,ours,-,fleet,MIN_DISTANCE_AVG,OK,6.735,,,0,robots_sampled=6
100.000,ours,-,robot1,MIN_DISTANCE,OK,18.175,6.731,,0,nearest_robot=robot2
100.000,ours,-,robot2,MIN_DISTANCE,OK,4.132,6.731,,0,nearest_robot=robot6
100.000,ours,-,robot3,MIN_DISTANCE,OK,3.385,6.731,,0,nearest_robot=robot4
100.000,ours,-,robot4,MIN_DISTANCE,OK,3.385,6.731,,0,nearest_robot=robot3
100.000,ours,-,robot5,MIN_DISTANCE,OK,7.223,6.731,,0,nearest_robot=robot2
100.000,ours,-,robot6,MIN_DISTANCE,OK,4.084,6.731,,0,nearest_robot=robot3
100.000,ours,-,fleet,MIN_DISTANCE_AVG,OK,6.731,,,0,robots_sampled=6
101.000,ours,-,robot1,MIN_DISTANCE,OK,18.284,6.624,,0,nearest_robot=robot2
101.000,ours,-,robot2,MIN_DISTANCE,OK,4.444,6.624,,0,nearest_robot=robot6
101.000,ours,-,robot3,MIN_DISTANCE,OK,3.379,6.624,,0,nearest_robot=robot4
101.000,ours,-,robot4,MIN_DISTANCE,OK,3.379,6.624,,0,nearest_robot=robot3
101.000,ours,-,robot5,MIN_DISTANCE,OK,6.582,6.624,,0,nearest_robot=robot2
101.000,ours,-,robot6,MIN_DISTANCE,OK,3.674,6.624,,0,nearest_robot=robot3
101.000,ours,-,fleet,MIN_DISTANCE_AVG,OK,6.624,,,0,robots_sampled=6
102.000,ours,-,robot1,MIN_DISTANCE,OK,18.327,6.514,,0,nearest_robot=robot2
102.000,ours,-,robot2,MIN_DISTANCE,OK,4.814,6.514,,0,nearest_robot=robot6
102.000,ours,-,robot3,MIN_DISTANCE,OK,3.277,6.514,,0,nearest_robot=robot6
102.000,ours,-,robot4,MIN_DISTANCE,OK,3.360,6.514,,0,nearest_robot=robot3
102.000,ours,-,robot5,MIN_DISTANCE,OK,6.028,6.514,,0,nearest_robot=robot2
102.000,ours,-,robot6,MIN_DISTANCE,OK,3.277,6.514,,0,nearest_robot=robot3
102.000,ours,-,fleet,MIN_DISTANCE_AVG,OK,6.514,,,0,robots_sampled=6
103.000,ours,-,robot1,MIN_DISTANCE,OK,18.328,6.337,,0,nearest_robot=robot2
103.000,ours,-,robot2,MIN_DISTANCE,OK,5.186,6.337,,0,nearest_robot=robot6
103.000,ours,-,robot3,MIN_DISTANCE,OK,2.828,6.337,,0,nearest_robot=robot6
103.000,ours,-,robot4,MIN_DISTANCE,OK,3.373,6.337,,0,nearest_robot=robot3
103.000,ours,-,robot5,MIN_DISTANCE,OK,5.478,6.337,,0,nearest_robot=robot2
103.000,ours,-,robot6,MIN_DISTANCE,OK,2.828,6.337,,0,nearest_robot=robot3
103.000,ours,-,fleet,MIN_DISTANCE_AVG,OK,6.337,,,0,robots_sampled=6
104.000,ours,-,robot1,MIN_DISTANCE,OK,18.322,6.071,,0,nearest_robot=robot2
104.000,ours,-,robot2,MIN_DISTANCE,OK,4.952,6.071,,0,nearest_robot=robot5
104.000,ours,-,robot3,MIN_DISTANCE,OK,2.404,6.071,,0,nearest_robot=robot6
104.000,ours,-,robot4,MIN_DISTANCE,OK,3.393,6.071,,0,nearest_robot=robot3
104.000,ours,-,robot5,MIN_DISTANCE,OK,4.952,6.071,,0,nearest_robot=robot2
104.000,ours,-,robot6,MIN_DISTANCE,OK,2.404,6.071,,0,nearest_robot=robot3
104.000,ours,-,fleet,MIN_DISTANCE_AVG,OK,6.071,,,0,robots_sampled=6
105.000,ours,-,robot1,MIN_DISTANCE,OK,18.313,5.750,,0,nearest_robot=robot2
105.000,ours,-,robot2,MIN_DISTANCE,OK,4.390,5.750,,0,nearest_robot=robot5
105.000,ours,-,robot3,MIN_DISTANCE,OK,2.003,5.750,,0,nearest_robot=robot6
105.000,ours,-,robot4,MIN_DISTANCE,OK,3.403,5.750,,0,nearest_robot=robot3
105.000,ours,-,robot5,MIN_DISTANCE,OK,4.390,5.750,,0,nearest_robot=robot2
105.000,ours,-,robot6,MIN_DISTANCE,OK,2.003,5.750,,0,nearest_robot=robot3
105.000,ours,-,fleet,MIN_DISTANCE_AVG,OK,5.750,,,0,robots_sampled=6
106.000,ours,-,robot1,MIN_DISTANCE,OK,18.352,5.464,,0,nearest_robot=robot2
106.000,ours,-,robot2,MIN_DISTANCE,OK,3.847,5.464,,0,nearest_robot=robot5
106.000,ours,-,robot3,MIN_DISTANCE,OK,1.668,5.464,,0,nearest_robot=robot6
106.000,ours,-,robot4,MIN_DISTANCE,OK,3.400,5.464,,0,nearest_robot=robot3
106.000,ours,-,robot5,MIN_DISTANCE,OK,3.847,5.464,,0,nearest_robot=robot2
106.000,ours,-,robot6,MIN_DISTANCE,OK,1.668,5.464,,0,nearest_robot=robot3
106.000,ours,-,fleet,MIN_DISTANCE_AVG,OK,5.464,,,0,robots_sampled=6
107.000,ours,-,robot1,MIN_DISTANCE,OK,18.407,5.244,,0,nearest_robot=robot2
107.000,ours,-,robot2,MIN_DISTANCE,OK,3.360,5.244,,0,nearest_robot=robot5
107.000,ours,-,robot3,MIN_DISTANCE,OK,1.464,5.244,,0,nearest_robot=robot6
107.000,ours,-,robot4,MIN_DISTANCE,OK,3.411,5.244,,0,nearest_robot=robot3
107.000,ours,-,robot5,MIN_DISTANCE,OK,3.360,5.244,,0,nearest_robot=robot2
107.000,ours,-,robot6,MIN_DISTANCE,OK,1.464,5.244,,0,nearest_robot=robot3
107.000,ours,-,fleet,MIN_DISTANCE_AVG,OK,5.244,,,0,robots_sampled=6
108.000,ours,-,robot1,MIN_DISTANCE,OK,18.356,5.068,,0,nearest_robot=robot2
108.000,ours,-,robot2,MIN_DISTANCE,OK,2.955,5.068,,0,nearest_robot=robot5
108.000,ours,-,robot3,MIN_DISTANCE,OK,1.392,5.068,,0,nearest_robot=robot6
108.000,ours,-,robot4,MIN_DISTANCE,OK,3.355,5.068,,0,nearest_robot=robot3
108.000,ours,-,robot5,MIN_DISTANCE,OK,2.955,5.068,,0,nearest_robot=robot2
108.000,ours,-,robot6,MIN_DISTANCE,OK,1.392,5.068,,0,nearest_robot=robot3
108.000,ours,-,fleet,MIN_DISTANCE_AVG,OK,5.068,,,0,robots_sampled=6
109.000,ours,-,robot1,MIN_DISTANCE,OK,18.299,4.936,,0,nearest_robot=robot2
109.000,ours,-,robot2,MIN_DISTANCE,OK,2.616,4.936,,0,nearest_robot=robot5
109.000,ours,-,robot3,MIN_DISTANCE,OK,1.379,4.936,,0,nearest_robot=robot6
109.000,ours,-,robot4,MIN_DISTANCE,OK,3.328,4.936,,0,nearest_robot=robot3
109.000,ours,-,robot5,MIN_DISTANCE,OK,2.616,4.936,,0,nearest_robot=robot2
109.000,ours,-,robot6,MIN_DISTANCE,OK,1.379,4.936,,0,nearest_robot=robot3
109.000,ours,-,fleet,MIN_DISTANCE_AVG,OK,4.936,,,0,robots_sampled=6
110.000,ours,-,robot1,MIN_DISTANCE,OK,18.320,4.859,,0,nearest_robot=robot2
110.000,ours,-,robot2,MIN_DISTANCE,OK,2.226,4.859,,0,nearest_robot=robot5
110.000,ours,-,robot3,MIN_DISTANCE,OK,1.538,4.859,,0,nearest_robot=robot6
110.000,ours,-,robot4,MIN_DISTANCE,OK,3.308,4.859,,0,nearest_robot=robot3
110.000,ours,-,robot5,MIN_DISTANCE,OK,2.226,4.859,,0,nearest_robot=robot2
110.000,ours,-,robot6,MIN_DISTANCE,OK,1.538,4.859,,0,nearest_robot=robot3
110.000,ours,-,fleet,MIN_DISTANCE_AVG,OK,4.859,,,0,robots_sampled=6
111.000,ours,-,robot1,MIN_DISTANCE,OK,18.409,4.846,,0,nearest_robot=robot2
111.000,ours,-,robot2,MIN_DISTANCE,OK,1.759,4.846,,0,nearest_robot=robot5
111.000,ours,-,robot3,MIN_DISTANCE,OK,1.935,4.846,,0,nearest_robot=robot6
111.000,ours,-,robot4,MIN_DISTANCE,OK,3.280,4.846,,0,nearest_robot=robot3
111.000,ours,-,robot5,MIN_DISTANCE,OK,1.759,4.846,,0,nearest_robot=robot2
111.000,ours,-,robot6,MIN_DISTANCE,OK,1.935,4.846,,0,nearest_robot=robot3
111.000,ours,-,fleet,MIN_DISTANCE_AVG,OK,4.846,,,0,robots_sampled=6
112.000,ours,-,robot1,MIN_DISTANCE,OK,18.724,4.822,,0,nearest_robot=robot6
112.000,ours,-,robot2,MIN_DISTANCE,OK,1.135,4.822,,0,nearest_robot=robot5
112.000,ours,-,robot3,MIN_DISTANCE,OK,2.296,4.822,,0,nearest_robot=robot6
112.000,ours,-,robot4,MIN_DISTANCE,OK,3.348,4.822,,0,nearest_robot=robot3
112.000,ours,-,robot5,MIN_DISTANCE,OK,1.135,4.822,,0,nearest_robot=robot2
112.000,ours,-,robot6,MIN_DISTANCE,OK,2.296,4.822,,0,nearest_robot=robot3
112.000,ours,-,fleet,MIN_DISTANCE_AVG,OK,4.822,,,0,robots_sampled=6
113.000,ours,-,robot1,MIN_DISTANCE,OK,18.570,4.858,,0,nearest_robot=robot3
113.000,ours,-,robot2,MIN_DISTANCE,OK,0.891,4.858,,0,nearest_robot=robot5
113.000,ours,-,robot3,MIN_DISTANCE,OK,2.716,4.858,,0,nearest_robot=robot6
113.000,ours,-,robot4,MIN_DISTANCE,OK,3.364,4.858,,0,nearest_robot=robot3
113.000,ours,-,robot5,MIN_DISTANCE,OK,0.891,4.858,,0,nearest_robot=robot2
113.000,ours,-,robot6,MIN_DISTANCE,OK,2.716,4.858,,0,nearest_robot=robot3
113.000,ours,-,fleet,MIN_DISTANCE_AVG,OK,4.858,,,0,robots_sampled=6
114.000,ours,-,robot1,MIN_DISTANCE,OK,18.148,5.043,,0,nearest_robot=robot3
114.000,ours,-,robot2,MIN_DISTANCE,OK,1.228,5.043,,0,nearest_robot=robot5
114.000,ours,-,robot3,MIN_DISTANCE,OK,3.124,5.043,,0,nearest_robot=robot6
114.000,ours,-,robot4,MIN_DISTANCE,OK,3.403,5.043,,0,nearest_robot=robot3
114.000,ours,-,robot5,MIN_DISTANCE,OK,1.228,5.043,,0,nearest_robot=robot2
114.000,ours,-,robot6,MIN_DISTANCE,OK,3.124,5.043,,0,nearest_robot=robot3
114.000,ours,-,fleet,MIN_DISTANCE_AVG,OK,5.043,,,0,robots_sampled=6
115.000,ours,-,robot1,MIN_DISTANCE,OK,17.765,5.374,,0,nearest_robot=robot3
115.000,ours,-,robot2,MIN_DISTANCE,OK,2.047,5.374,,0,nearest_robot=robot5
115.000,ours,-,robot3,MIN_DISTANCE,OK,3.395,5.374,,0,nearest_robot=robot4
115.000,ours,-,robot4,MIN_DISTANCE,OK,3.395,5.374,,0,nearest_robot=robot3
115.000,ours,-,robot5,MIN_DISTANCE,OK,2.047,5.374,,0,nearest_robot=robot2
115.000,ours,-,robot6,MIN_DISTANCE,OK,3.594,5.374,,0,nearest_robot=robot3
115.000,ours,-,fleet,MIN_DISTANCE_AVG,OK,5.374,,,0,robots_sampled=6
116.000,ours,-,robot1,MIN_DISTANCE,OK,17.381,5.676,,0,nearest_robot=robot3
116.000,ours,-,robot2,MIN_DISTANCE,OK,2.883,5.676,,0,nearest_robot=robot5
116.000,ours,-,robot3,MIN_DISTANCE,OK,3.402,5.676,,0,nearest_robot=robot4
116.000,ours,-,robot4,MIN_DISTANCE,OK,3.402,5.676,,0,nearest_robot=robot3
116.000,ours,-,robot5,MIN_DISTANCE,OK,2.883,5.676,,0,nearest_robot=robot2
116.000,ours,-,robot6,MIN_DISTANCE,OK,4.108,5.676,,0,nearest_robot=robot3
116.000,ours,-,fleet,MIN_DISTANCE_AVG,OK,5.676,,,0,robots_sampled=6
117.000,ours,-,robot1,MIN_DISTANCE,OK,17.005,5.916,,0,nearest_robot=robot3
117.000,ours,-,robot2,MIN_DISTANCE,OK,3.729,5.916,,0,nearest_robot=robot5
117.000,ours,-,robot3,MIN_DISTANCE,OK,3.318,5.916,,0,nearest_robot=robot4
117.000,ours,-,robot4,MIN_DISTANCE,OK,3.318,5.916,,0,nearest_robot=robot3
117.000,ours,-,robot5,MIN_DISTANCE,OK,3.729,5.916,,0,nearest_robot=robot2
117.000,ours,-,robot6,MIN_DISTANCE,OK,4.393,5.916,,0,nearest_robot=robot4
117.000,ours,-,fleet,MIN_DISTANCE_AVG,OK,5.916,,,0,robots_sampled=6
118.000,ours,-,robot1,MIN_DISTANCE,OK,16.666,6.178,,0,nearest_robot=robot3
118.000,ours,-,robot2,MIN_DISTANCE,OK,4.566,6.178,,0,nearest_robot=robot5
118.000,ours,-,robot3,MIN_DISTANCE,OK,3.256,6.178,,0,nearest_robot=robot4
118.000,ours,-,robot4,MIN_DISTANCE,OK,3.256,6.178,,0,nearest_robot=robot3
118.000,ours,-,robot5,MIN_DISTANCE,OK,4.566,6.178,,0,nearest_robot=robot2
118.000,ours,-,robot6,MIN_DISTANCE,OK,4.756,6.178,,0,nearest_robot=robot4
118.000,ours,-,fleet,MIN_DISTANCE_AVG,OK,6.178,,,0,robots_sampled=6
119.000,ours,-,robot1,MIN_DISTANCE,OK,16.306,6.438,,0,nearest_robot=robot3
119.000,ours,-,robot2,MIN_DISTANCE,OK,5.327,6.438,,0,nearest_robot=robot5
119.000,ours,-,robot3,MIN_DISTANCE,OK,3.256,6.438,,0,nearest_robot=robot4
119.000,ours,-,robot4,MIN_DISTANCE,OK,3.256,6.438,,0,nearest_robot=robot3
119.000,ours,-,robot5,MIN_DISTANCE,OK,5.327,6.438,,0,nearest_robot=robot2
119.000,ours,-,robot6,MIN_DISTANCE,OK,5.158,6.438,,0,nearest_robot=robot4
119.000,ours,-,fleet,MIN_DISTANCE_AVG,OK,6.438,,,0,robots_sampled=6
120.000,ours,-,robot1,MIN_DISTANCE,OK,15.966,6.569,,0,nearest_robot=robot3
120.000,ours,-,robot2,MIN_DISTANCE,OK,5.691,6.569,,0,nearest_robot=robot6
120.000,ours,-,robot3,MIN_DISTANCE,OK,3.219,6.569,,0,nearest_robot=robot4
120.000,ours,-,robot4,MIN_DISTANCE,OK,3.219,6.569,,0,nearest_robot=robot3
120.000,ours,-,robot5,MIN_DISTANCE,OK,5.739,6.569,,0,nearest_robot=robot6
120.000,ours,-,robot6,MIN_DISTANCE,OK,5.582,6.569,,0,nearest_robot=robot4
120.000,ours,-,fleet,MIN_DISTANCE_AVG,OK,6.569,,,0,robots_sampled=6
121.000,ours,-,robot1,MIN_DISTANCE,OK,15.626,6.370,,0,nearest_robot=robot3
121.000,ours,-,robot2,MIN_DISTANCE,OK,5.327,6.370,,0,nearest_robot=robot6
121.000,ours,-,robot3,MIN_DISTANCE,OK,3.147,6.370,,0,nearest_robot=robot4
121.000,ours,-,robot4,MIN_DISTANCE,OK,3.147,6.370,,0,nearest_robot=robot3
121.000,ours,-,robot5,MIN_DISTANCE,OK,5.645,6.370,,0,nearest_robot=robot6
121.000,ours,-,robot6,MIN_DISTANCE,OK,5.327,6.370,,0,nearest_robot=robot2
121.000,ours,-,fleet,MIN_DISTANCE_AVG,OK,6.370,,,0,robots_sampled=6
122.000,ours,-,robot1,MIN_DISTANCE,OK,15.272,6.161,,0,nearest_robot=robot3
122.000,ours,-,robot2,MIN_DISTANCE,OK,4.963,6.161,,0,nearest_robot=robot6
122.000,ours,-,robot3,MIN_DISTANCE,OK,3.071,6.161,,0,nearest_robot=robot4
122.000,ours,-,robot4,MIN_DISTANCE,OK,3.071,6.161,,0,nearest_robot=robot3
122.000,ours,-,robot5,MIN_DISTANCE,OK,5.629,6.161,,0,nearest_robot=robot6
122.000,ours,-,robot6,MIN_DISTANCE,OK,4.963,6.161,,0,nearest_robot=robot2
122.000,ours,-,fleet,MIN_DISTANCE_AVG,OK,6.161,,,0,robots_sampled=6
123.000,ours,-,robot1,MIN_DISTANCE,OK,14.899,5.956,,0,nearest_robot=robot3
123.000,ours,-,robot2,MIN_DISTANCE,OK,4.613,5.956,,0,nearest_robot=robot6
123.000,ours,-,robot3,MIN_DISTANCE,OK,2.967,5.956,,0,nearest_robot=robot4
123.000,ours,-,robot4,MIN_DISTANCE,OK,2.967,5.956,,0,nearest_robot=robot3
123.000,ours,-,robot5,MIN_DISTANCE,OK,5.680,5.956,,0,nearest_robot=robot6
123.000,ours,-,robot6,MIN_DISTANCE,OK,4.613,5.956,,0,nearest_robot=robot2
123.000,ours,-,fleet,MIN_DISTANCE_AVG,OK,5.956,,,0,robots_sampled=6
124.000,ours,-,robot1,MIN_DISTANCE,OK,14.498,5.775,,0,nearest_robot=robot3
124.000,ours,-,robot2,MIN_DISTANCE,OK,4.260,5.775,,0,nearest_robot=robot6
124.000,ours,-,robot3,MIN_DISTANCE,OK,2.946,5.775,,0,nearest_robot=robot4
124.000,ours,-,robot4,MIN_DISTANCE,OK,2.946,5.775,,0,nearest_robot=robot3
124.000,ours,-,robot5,MIN_DISTANCE,OK,5.741,5.775,,0,nearest_robot=robot6
124.000,ours,-,robot6,MIN_DISTANCE,OK,4.260,5.775,,0,nearest_robot=robot2
124.000,ours,-,fleet,MIN_DISTANCE_AVG,OK,5.775,,,0,robots_sampled=6
125.000,ours,-,robot1,MIN_DISTANCE,OK,14.127,5.613,,0,nearest_robot=robot3
125.000,ours,-,robot2,MIN_DISTANCE,OK,3.936,5.613,,0,nearest_robot=robot6
125.000,ours,-,robot3,MIN_DISTANCE,OK,2.920,5.613,,0,nearest_robot=robot4
125.000,ours,-,robot4,MIN_DISTANCE,OK,2.920,5.613,,0,nearest_robot=robot3
125.000,ours,-,robot5,MIN_DISTANCE,OK,5.843,5.613,,0,nearest_robot=robot6
125.000,ours,-,robot6,MIN_DISTANCE,OK,3.936,5.613,,0,nearest_robot=robot2
125.000,ours,-,fleet,MIN_DISTANCE_AVG,OK,5.613,,,0,robots_sampled=6
126.000,ours,-,robot1,MIN_DISTANCE,OK,13.759,5.508,,0,nearest_robot=robot3
126.000,ours,-,robot2,MIN_DISTANCE,OK,3.671,5.508,,0,nearest_robot=robot6
126.000,ours,-,robot3,MIN_DISTANCE,OK,2.928,5.508,,0,nearest_robot=robot4
126.000,ours,-,robot4,MIN_DISTANCE,OK,2.928,5.508,,0,nearest_robot=robot3
126.000,ours,-,robot5,MIN_DISTANCE,OK,6.090,5.508,,0,nearest_robot=robot6
126.000,ours,-,robot6,MIN_DISTANCE,OK,3.671,5.508,,0,nearest_robot=robot2
126.000,ours,-,fleet,MIN_DISTANCE_AVG,OK,5.508,,,0,robots_sampled=6
127.000,ours,-,robot1,MIN_DISTANCE,OK,13.385,5.403,,0,nearest_robot=robot3
127.000,ours,-,robot2,MIN_DISTANCE,OK,3.415,5.403,,0,nearest_robot=robot6
127.000,ours,-,robot3,MIN_DISTANCE,OK,2.926,5.403,,0,nearest_robot=robot4
127.000,ours,-,robot4,MIN_DISTANCE,OK,2.926,5.403,,0,nearest_robot=robot3
127.000,ours,-,robot5,MIN_DISTANCE,OK,6.349,5.403,,0,nearest_robot=robot6
127.000,ours,-,robot6,MIN_DISTANCE,OK,3.415,5.403,,0,nearest_robot=robot2
127.000,ours,-,fleet,MIN_DISTANCE_AVG,OK,5.403,,,0,robots_sampled=6
128.000,ours,-,robot1,MIN_DISTANCE,OK,12.984,5.268,,0,nearest_robot=robot3
128.000,ours,-,robot2,MIN_DISTANCE,OK,3.041,5.268,,0,nearest_robot=robot6
128.000,ours,-,robot3,MIN_DISTANCE,OK,2.948,5.268,,0,nearest_robot=robot4
128.000,ours,-,robot4,MIN_DISTANCE,OK,2.948,5.268,,0,nearest_robot=robot3
128.000,ours,-,robot5,MIN_DISTANCE,OK,6.646,5.268,,0,nearest_robot=robot6
128.000,ours,-,robot6,MIN_DISTANCE,OK,3.041,5.268,,0,nearest_robot=robot2
128.000,ours,-,fleet,MIN_DISTANCE_AVG,OK,5.268,,,0,robots_sampled=6
129.000,ours,-,robot1,MIN_DISTANCE,OK,12.589,5.142,,0,nearest_robot=robot3
129.000,ours,-,robot2,MIN_DISTANCE,OK,2.734,5.142,,0,nearest_robot=robot6
129.000,ours,-,robot3,MIN_DISTANCE,OK,2.980,5.142,,0,nearest_robot=robot4
129.000,ours,-,robot4,MIN_DISTANCE,OK,2.980,5.142,,0,nearest_robot=robot3
129.000,ours,-,robot5,MIN_DISTANCE,OK,6.834,5.142,,0,nearest_robot=robot6
129.000,ours,-,robot6,MIN_DISTANCE,OK,2.734,5.142,,0,nearest_robot=robot2
129.000,ours,-,fleet,MIN_DISTANCE_AVG,OK,5.142,,,0,robots_sampled=6
130.000,ours,-,robot1,MIN_DISTANCE,OK,12.150,5.005,,0,nearest_robot=robot3
130.000,ours,-,robot2,MIN_DISTANCE,OK,2.374,5.005,,0,nearest_robot=robot6
130.000,ours,-,robot3,MIN_DISTANCE,OK,2.992,5.005,,0,nearest_robot=robot4
130.000,ours,-,robot4,MIN_DISTANCE,OK,2.992,5.005,,0,nearest_robot=robot3
130.000,ours,-,robot5,MIN_DISTANCE,OK,7.149,5.005,,0,nearest_robot=robot6
130.000,ours,-,robot6,MIN_DISTANCE,OK,2.374,5.005,,0,nearest_robot=robot2
130.000,ours,-,fleet,MIN_DISTANCE_AVG,OK,5.005,,,0,robots_sampled=6
131.000,ours,-,robot1,MIN_DISTANCE,OK,11.536,4.882,,0,nearest_robot=robot3
131.000,ours,-,robot2,MIN_DISTANCE,OK,2.079,4.882,,0,nearest_robot=robot6
131.000,ours,-,robot3,MIN_DISTANCE,OK,3.044,4.882,,0,nearest_robot=robot4
131.000,ours,-,robot4,MIN_DISTANCE,OK,3.044,4.882,,0,nearest_robot=robot3
131.000,ours,-,robot5,MIN_DISTANCE,OK,7.507,4.882,,0,nearest_robot=robot6
131.000,ours,-,robot6,MIN_DISTANCE,OK,2.079,4.882,,0,nearest_robot=robot2
131.000,ours,-,fleet,MIN_DISTANCE_AVG,OK,4.882,,,0,robots_sampled=6
132.000,ours,-,robot1,MIN_DISTANCE,OK,10.761,4.784,,0,nearest_robot=robot3
132.000,ours,-,robot2,MIN_DISTANCE,OK,1.955,4.784,,0,nearest_robot=robot6
132.000,ours,-,robot3,MIN_DISTANCE,OK,3.049,4.784,,0,nearest_robot=robot4
132.000,ours,-,robot4,MIN_DISTANCE,OK,3.049,4.784,,0,nearest_robot=robot3
132.000,ours,-,robot5,MIN_DISTANCE,OK,7.935,4.784,,0,nearest_robot=robot6
132.000,ours,-,robot6,MIN_DISTANCE,OK,1.955,4.784,,0,nearest_robot=robot2
132.000,ours,-,fleet,MIN_DISTANCE_AVG,OK,4.784,,,0,robots_sampled=6
133.000,ours,-,robot1,MIN_DISTANCE,OK,9.975,4.629,,0,nearest_robot=robot3
133.000,ours,-,robot2,MIN_DISTANCE,OK,1.625,4.629,,0,nearest_robot=robot6
133.000,ours,-,robot3,MIN_DISTANCE,OK,3.034,4.629,,0,nearest_robot=robot4
133.000,ours,-,robot4,MIN_DISTANCE,OK,3.034,4.629,,0,nearest_robot=robot3
133.000,ours,-,robot5,MIN_DISTANCE,OK,8.483,4.629,,0,nearest_robot=robot6
133.000,ours,-,robot6,MIN_DISTANCE,OK,1.625,4.629,,0,nearest_robot=robot2
133.000,ours,-,fleet,MIN_DISTANCE_AVG,OK,4.629,,,0,robots_sampled=6
134.000,ours,-,robot1,MIN_DISTANCE,OK,9.240,4.361,,0,nearest_robot=robot3
134.000,ours,-,robot2,MIN_DISTANCE,OK,0.879,4.361,,0,nearest_robot=robot6
134.000,ours,-,robot3,MIN_DISTANCE,OK,2.949,4.361,,0,nearest_robot=robot4
134.000,ours,-,robot4,MIN_DISTANCE,OK,2.949,4.361,,0,nearest_robot=robot3
134.000,ours,-,robot5,MIN_DISTANCE,OK,9.272,4.361,,0,nearest_robot=robot6
134.000,ours,-,robot6,MIN_DISTANCE,OK,0.879,4.361,,0,nearest_robot=robot2
134.000,ours,-,fleet,MIN_DISTANCE_AVG,OK,4.361,,,0,robots_sampled=6
135.000,ours,-,robot1,MIN_DISTANCE,OK,8.408,4.233,,0,nearest_robot=robot3
135.000,ours,-,robot2,MIN_DISTANCE,OK,0.757,4.233,,0,nearest_robot=robot6
135.000,ours,-,robot3,MIN_DISTANCE,OK,2.918,4.233,,0,nearest_robot=robot4
135.000,ours,-,robot4,MIN_DISTANCE,OK,2.918,4.233,,0,nearest_robot=robot3
135.000,ours,-,robot5,MIN_DISTANCE,OK,9.639,4.233,,0,nearest_robot=robot1
135.000,ours,-,robot6,MIN_DISTANCE,OK,0.757,4.233,,0,nearest_robot=robot2
135.000,ours,-,fleet,MIN_DISTANCE_AVG,OK,4.233,,,0,robots_sampled=6
136.000,ours,-,robot1,MIN_DISTANCE,OK,7.522,4.239,,0,nearest_robot=robot3
136.000,ours,-,robot2,MIN_DISTANCE,OK,1.433,4.239,,0,nearest_robot=robot6
136.000,ours,-,robot3,MIN_DISTANCE,OK,2.958,4.239,,0,nearest_robot=robot4
136.000,ours,-,robot4,MIN_DISTANCE,OK,2.958,4.239,,0,nearest_robot=robot3
136.000,ours,-,robot5,MIN_DISTANCE,OK,9.129,4.239,,0,nearest_robot=robot1
136.000,ours,-,robot6,MIN_DISTANCE,OK,1.433,4.239,,0,nearest_robot=robot2
136.000,ours,-,fleet,MIN_DISTANCE_AVG,OK,4.239,,,0,robots_sampled=6
137.000,ours,-,robot1,MIN_DISTANCE,OK,6.562,4.281,,0,nearest_robot=robot3
137.000,ours,-,robot2,MIN_DISTANCE,OK,2.197,4.281,,0,nearest_robot=robot6
137.000,ours,-,robot3,MIN_DISTANCE,OK,3.007,4.281,,0,nearest_robot=robot4
137.000,ours,-,robot4,MIN_DISTANCE,OK,3.007,4.281,,0,nearest_robot=robot3
137.000,ours,-,robot5,MIN_DISTANCE,OK,8.719,4.281,,0,nearest_robot=robot1
137.000,ours,-,robot6,MIN_DISTANCE,OK,2.197,4.281,,0,nearest_robot=robot2
137.000,ours,-,fleet,MIN_DISTANCE_AVG,OK,4.281,,,0,robots_sampled=6
138.000,ours,-,robot1,MIN_DISTANCE,OK,5.598,4.359,,0,nearest_robot=robot3
138.000,ours,-,robot2,MIN_DISTANCE,OK,2.910,4.359,,0,nearest_robot=robot6
138.000,ours,-,robot3,MIN_DISTANCE,OK,3.123,4.359,,0,nearest_robot=robot4
138.000,ours,-,robot4,MIN_DISTANCE,OK,3.123,4.359,,0,nearest_robot=robot3
138.000,ours,-,robot5,MIN_DISTANCE,OK,8.488,4.359,,0,nearest_robot=robot1
138.000,ours,-,robot6,MIN_DISTANCE,OK,2.910,4.359,,0,nearest_robot=robot2
138.000,ours,-,fleet,MIN_DISTANCE_AVG,OK,4.359,,,0,robots_sampled=6
139.000,ours,-,robot1,MIN_DISTANCE,OK,4.726,4.414,,0,nearest_robot=robot3
139.000,ours,-,robot2,MIN_DISTANCE,OK,3.589,4.414,,0,nearest_robot=robot6
139.000,ours,-,robot3,MIN_DISTANCE,OK,3.113,4.414,,0,nearest_robot=robot4
139.000,ours,-,robot4,MIN_DISTANCE,OK,3.113,4.414,,0,nearest_robot=robot3
139.000,ours,-,robot5,MIN_DISTANCE,OK,8.355,4.414,,0,nearest_robot=robot1
139.000,ours,-,robot6,MIN_DISTANCE,OK,3.589,4.414,,0,nearest_robot=robot2
139.000,ours,-,fleet,MIN_DISTANCE_AVG,OK,4.414,,,0,robots_sampled=6
140.000,ours,-,robot1,MIN_DISTANCE,OK,3.932,4.447,,0,nearest_robot=robot3
140.000,ours,-,robot2,MIN_DISTANCE,OK,4.146,4.447,,0,nearest_robot=robot6
140.000,ours,-,robot3,MIN_DISTANCE,OK,3.067,4.447,,0,nearest_robot=robot4
140.000,ours,-,robot4,MIN_DISTANCE,OK,3.067,4.447,,0,nearest_robot=robot3
140.000,ours,-,robot5,MIN_DISTANCE,OK,8.325,4.447,,0,nearest_robot=robot1
140.000,ours,-,robot6,MIN_DISTANCE,OK,4.146,4.447,,0,nearest_robot=robot2
140.000,ours,-,fleet,MIN_DISTANCE_AVG,OK,4.447,,,0,robots_sampled=6
141.000,ours,-,robot1,MIN_DISTANCE,OK,3.132,4.432,,0,nearest_robot=robot3
141.000,ours,-,robot2,MIN_DISTANCE,OK,4.571,4.432,,0,nearest_robot=robot6
141.000,ours,-,robot3,MIN_DISTANCE,OK,3.006,4.432,,0,nearest_robot=robot4
141.000,ours,-,robot4,MIN_DISTANCE,OK,3.006,4.432,,0,nearest_robot=robot3
141.000,ours,-,robot5,MIN_DISTANCE,OK,8.307,4.432,,0,nearest_robot=robot3
141.000,ours,-,robot6,MIN_DISTANCE,OK,4.571,4.432,,0,nearest_robot=robot2
141.000,ours,-,fleet,MIN_DISTANCE_AVG,OK,4.432,,,0,robots_sampled=6
142.000,ours,-,robot1,MIN_DISTANCE,OK,2.457,4.301,,0,nearest_robot=robot3
142.000,ours,-,robot2,MIN_DISTANCE,OK,4.903,4.301,,0,nearest_robot=robot6
142.000,ours,-,robot3,MIN_DISTANCE,OK,2.457,4.301,,0,nearest_robot=robot1
142.000,ours,-,robot4,MIN_DISTANCE,OK,2.842,4.301,,0,nearest_robot=robot3
142.000,ours,-,robot5,MIN_DISTANCE,OK,8.247,4.301,,0,nearest_robot=robot3
142.000,ours,-,robot6,MIN_DISTANCE,OK,4.903,4.301,,0,nearest_robot=robot2
142.000,ours,-,fleet,MIN_DISTANCE_AVG,OK,4.301,,,0,robots_sampled=6
143.000,ours,-,robot1,MIN_DISTANCE,OK,1.983,4.204,,0,nearest_robot=robot3
143.000,ours,-,robot2,MIN_DISTANCE,OK,5.220,4.204,,0,nearest_robot=robot6
143.000,ours,-,robot3,MIN_DISTANCE,OK,1.983,4.204,,0,nearest_robot=robot1
143.000,ours,-,robot4,MIN_DISTANCE,OK,2.592,4.204,,0,nearest_robot=robot3
143.000,ours,-,robot5,MIN_DISTANCE,OK,8.227,4.204,,0,nearest_robot=robot3
143.000,ours,-,robot6,MIN_DISTANCE,OK,5.220,4.204,,0,nearest_robot=robot2
143.000,ours,-,fleet,MIN_DISTANCE_AVG,OK,4.204,,,0,robots_sampled=6
144.000,ours,-,robot1,MIN_DISTANCE,OK,1.736,4.158,,0,nearest_robot=robot3
144.000,ours,-,robot2,MIN_DISTANCE,OK,5.555,4.158,,0,nearest_robot=robot6
144.000,ours,-,robot3,MIN_DISTANCE,OK,1.736,4.158,,0,nearest_robot=robot1
144.000,ours,-,robot4,MIN_DISTANCE,OK,2.139,4.158,,0,nearest_robot=robot3
144.000,ours,-,robot5,MIN_DISTANCE,OK,8.228,4.158,,0,nearest_robot=robot3
144.000,ours,-,robot6,MIN_DISTANCE,OK,5.555,4.158,,0,nearest_robot=robot2
144.000,ours,-,fleet,MIN_DISTANCE_AVG,OK,4.158,,,0,robots_sampled=6
145.000,ours,-,robot1,MIN_DISTANCE,OK,1.543,4.116,,0,nearest_robot=robot3
145.000,ours,-,robot2,MIN_DISTANCE,OK,5.888,4.116,,0,nearest_robot=robot6
145.000,ours,-,robot3,MIN_DISTANCE,OK,1.543,4.116,,0,nearest_robot=robot1
145.000,ours,-,robot4,MIN_DISTANCE,OK,1.637,4.116,,0,nearest_robot=robot3
145.000,ours,-,robot5,MIN_DISTANCE,OK,8.199,4.116,,0,nearest_robot=robot3
145.000,ours,-,robot6,MIN_DISTANCE,OK,5.888,4.116,,0,nearest_robot=robot2
145.000,ours,-,fleet,MIN_DISTANCE_AVG,OK,4.116,,,0,robots_sampled=6
146.000,ours,-,robot1,MIN_DISTANCE,OK,1.286,4.083,,0,nearest_robot=robot3
146.000,ours,-,robot2,MIN_DISTANCE,OK,6.179,4.083,,0,nearest_robot=robot6
146.000,ours,-,robot3,MIN_DISTANCE,OK,1.286,4.083,,0,nearest_robot=robot1
146.000,ours,-,robot4,MIN_DISTANCE,OK,1.527,4.083,,0,nearest_robot=robot3
146.000,ours,-,robot5,MIN_DISTANCE,OK,8.040,4.083,,0,nearest_robot=robot3
146.000,ours,-,robot6,MIN_DISTANCE,OK,6.179,4.083,,0,nearest_robot=robot2
146.000,ours,-,fleet,MIN_DISTANCE_AVG,OK,4.083,,,0,robots_sampled=6
147.000,ours,-,robot1,MIN_DISTANCE,OK,1.261,4.102,,0,nearest_robot=robot4
147.000,ours,-,robot2,MIN_DISTANCE,OK,6.437,4.102,,0,nearest_robot=robot6
147.000,ours,-,robot3,MIN_DISTANCE,OK,1.426,4.102,,0,nearest_robot=robot1
147.000,ours,-,robot4,MIN_DISTANCE,OK,1.261,4.102,,0,nearest_robot=robot1
147.000,ours,-,robot5,MIN_DISTANCE,OK,7.787,4.102,,0,nearest_robot=robot3
147.000,ours,-,robot6,MIN_DISTANCE,OK,6.437,4.102,,0,nearest_robot=robot2
147.000,ours,-,fleet,MIN_DISTANCE_AVG,OK,4.102,,,0,robots_sampled=6
148.000,ours,-,robot1,MIN_DISTANCE,OK,0.909,4.055,,0,nearest_robot=robot4
148.000,ours,-,robot2,MIN_DISTANCE,OK,6.692,4.055,,0,nearest_robot=robot6
148.000,ours,-,robot3,MIN_DISTANCE,OK,1.670,4.055,,0,nearest_robot=robot4
148.000,ours,-,robot4,MIN_DISTANCE,OK,0.909,4.055,,0,nearest_robot=robot1
148.000,ours,-,robot5,MIN_DISTANCE,OK,7.458,4.055,,0,nearest_robot=robot3
148.000,ours,-,robot6,MIN_DISTANCE,OK,6.692,4.055,,0,nearest_robot=robot2
148.000,ours,-,fleet,MIN_DISTANCE_AVG,OK,4.055,,,0,robots_sampled=6
149.000,ours,-,robot1,MIN_DISTANCE,OK,1.066,4.177,,0,nearest_robot=robot4
149.000,ours,-,robot2,MIN_DISTANCE,OK,7.039,4.177,,0,nearest_robot=robot6
149.000,ours,-,robot3,MIN_DISTANCE,OK,1.786,4.177,,0,nearest_robot=robot4
149.000,ours,-,robot4,MIN_DISTANCE,OK,1.066,4.177,,0,nearest_robot=robot1
149.000,ours,-,robot5,MIN_DISTANCE,OK,7.067,4.177,,0,nearest_robot=robot3
149.000,ours,-,robot6,MIN_DISTANCE,OK,7.039,4.177,,0,nearest_robot=robot2
149.000,ours,-,fleet,MIN_DISTANCE_AVG,OK,4.177,,,0,robots_sampled=6
150.000,ours,-,robot1,MIN_DISTANCE,OK,1.454,4.406,,0,nearest_robot=robot4
150.000,ours,-,robot2,MIN_DISTANCE,OK,7.453,4.406,,0,nearest_robot=robot6
150.000,ours,-,robot3,MIN_DISTANCE,OK,2.038,4.406,,0,nearest_robot=robot4
150.000,ours,-,robot4,MIN_DISTANCE,OK,1.454,4.406,,0,nearest_robot=robot1
150.000,ours,-,robot5,MIN_DISTANCE,OK,6.587,4.406,,0,nearest_robot=robot3
150.000,ours,-,robot6,MIN_DISTANCE,OK,7.453,4.406,,0,nearest_robot=robot2
150.000,ours,-,fleet,MIN_DISTANCE_AVG,OK,4.406,,,0,robots_sampled=6
151.000,ours,-,robot1,MIN_DISTANCE,OK,1.972,4.673,,0,nearest_robot=robot4
151.000,ours,-,robot2,MIN_DISTANCE,OK,7.867,4.673,,0,nearest_robot=robot6
151.000,ours,-,robot3,MIN_DISTANCE,OK,2.229,4.673,,0,nearest_robot=robot4
151.000,ours,-,robot4,MIN_DISTANCE,OK,1.972,4.673,,0,nearest_robot=robot1
151.000,ours,-,robot5,MIN_DISTANCE,OK,6.128,4.673,,0,nearest_robot=robot3
151.000,ours,-,robot6,MIN_DISTANCE,OK,7.867,4.673,,0,nearest_robot=robot2
151.000,ours,-,fleet,MIN_DISTANCE_AVG,OK,4.673,,,0,robots_sampled=6
152.000,ours,-,robot1,MIN_DISTANCE,OK,2.642,4.908,,0,nearest_robot=robot4
152.000,ours,-,robot2,MIN_DISTANCE,OK,8.226,4.908,,0,nearest_robot=robot6
152.000,ours,-,robot3,MIN_DISTANCE,OK,2.352,4.908,,0,nearest_robot=robot4
152.000,ours,-,robot4,MIN_DISTANCE,OK,2.352,4.908,,0,nearest_robot=robot3
152.000,ours,-,robot5,MIN_DISTANCE,OK,5.649,4.908,,0,nearest_robot=robot3
152.000,ours,-,robot6,MIN_DISTANCE,OK,8.226,4.908,,0,nearest_robot=robot2
152.000,ours,-,fleet,MIN_DISTANCE_AVG,OK,4.908,,,0,robots_sampled=6
153.000,ours,-,robot1,MIN_DISTANCE,OK,3.325,5.045,,0,nearest_robot=robot4
153.000,ours,-,robot2,MIN_DISTANCE,OK,8.379,5.045,,0,nearest_robot=robot6
153.000,ours,-,robot3,MIN_DISTANCE,OK,2.559,5.045,,0,nearest_robot=robot4
153.000,ours,-,robot4,MIN_DISTANCE,OK,2.559,5.045,,0,nearest_robot=robot3
153.000,ours,-,robot5,MIN_DISTANCE,OK,5.071,5.045,,0,nearest_robot=robot3
153.000,ours,-,robot6,MIN_DISTANCE,OK,8.379,5.045,,0,nearest_robot=robot2
153.000,ours,-,fleet,MIN_DISTANCE_AVG,OK,5.045,,,0,robots_sampled=6
154.000,ours,-,robot1,MIN_DISTANCE,OK,3.962,5.137,,0,nearest_robot=robot4
154.000,ours,-,robot2,MIN_DISTANCE,OK,8.366,5.137,,0,nearest_robot=robot6
154.000,ours,-,robot3,MIN_DISTANCE,OK,2.823,5.137,,0,nearest_robot=robot4
154.000,ours,-,robot4,MIN_DISTANCE,OK,2.823,5.137,,0,nearest_robot=robot3
154.000,ours,-,robot5,MIN_DISTANCE,OK,4.483,5.137,,0,nearest_robot=robot3
154.000,ours,-,robot6,MIN_DISTANCE,OK,8.366,5.137,,0,nearest_robot=robot2
154.000,ours,-,fleet,MIN_DISTANCE_AVG,OK,5.137,,,0,robots_sampled=6
155.000,ours,-,robot1,MIN_DISTANCE,OK,4.781,5.193,,0,nearest_robot=robot4
155.000,ours,-,robot2,MIN_DISTANCE,OK,8.371,5.193,,0,nearest_robot=robot6
155.000,ours,-,robot3,MIN_DISTANCE,OK,2.906,5.193,,0,nearest_robot=robot4
155.000,ours,-,robot4,MIN_DISTANCE,OK,2.906,5.193,,0,nearest_robot=robot3
155.000,ours,-,robot5,MIN_DISTANCE,OK,3.824,5.193,,0,nearest_robot=robot3
155.000,ours,-,robot6,MIN_DISTANCE,OK,8.371,5.193,,0,nearest_robot=robot2
155.000,ours,-,fleet,MIN_DISTANCE_AVG,OK,5.193,,,0,robots_sampled=6
156.000,ours,-,robot1,MIN_DISTANCE,OK,5.651,5.247,,0,nearest_robot=robot4
156.000,ours,-,robot2,MIN_DISTANCE,OK,8.426,5.247,,0,nearest_robot=robot6
156.000,ours,-,robot3,MIN_DISTANCE,OK,2.866,5.247,,0,nearest_robot=robot4
156.000,ours,-,robot4,MIN_DISTANCE,OK,2.866,5.247,,0,nearest_robot=robot3
156.000,ours,-,robot5,MIN_DISTANCE,OK,3.249,5.247,,0,nearest_robot=robot3
156.000,ours,-,robot6,MIN_DISTANCE,OK,8.426,5.247,,0,nearest_robot=robot2
156.000,ours,-,fleet,MIN_DISTANCE_AVG,OK,5.247,,,0,robots_sampled=6
157.000,ours,-,robot1,MIN_DISTANCE,OK,6.451,5.236,,0,nearest_robot=robot4
157.000,ours,-,robot2,MIN_DISTANCE,OK,8.081,5.236,,0,nearest_robot=robot1
157.000,ours,-,robot3,MIN_DISTANCE,OK,2.725,5.236,,0,nearest_robot=robot5
157.000,ours,-,robot4,MIN_DISTANCE,OK,2.840,5.236,,0,nearest_robot=robot3
157.000,ours,-,robot5,MIN_DISTANCE,OK,2.725,5.236,,0,nearest_robot=robot3
157.000,ours,-,robot6,MIN_DISTANCE,OK,8.595,5.236,,0,nearest_robot=robot2
157.000,ours,-,fleet,MIN_DISTANCE_AVG,OK,5.236,,,0,robots_sampled=6
158.000,ours,-,robot1,MIN_DISTANCE,OK,7.227,5.186,,0,nearest_robot=robot4
158.000,ours,-,robot2,MIN_DISTANCE,OK,7.801,5.186,,0,nearest_robot=robot1
158.000,ours,-,robot3,MIN_DISTANCE,OK,2.230,5.186,,0,nearest_robot=robot5
158.000,ours,-,robot4,MIN_DISTANCE,OK,2.863,5.186,,0,nearest_robot=robot3
158.000,ours,-,robot5,MIN_DISTANCE,OK,2.230,5.186,,0,nearest_robot=robot3
158.000,ours,-,robot6,MIN_DISTANCE,OK,8.764,5.186,,0,nearest_robot=robot2
158.000,ours,-,fleet,MIN_DISTANCE_AVG,OK,5.186,,,0,robots_sampled=6
159.000,ours,-,robot1,MIN_DISTANCE,OK,7.533,5.082,,0,nearest_robot=robot2
159.000,ours,-,robot2,MIN_DISTANCE,OK,7.533,5.082,,0,nearest_robot=robot1
159.000,ours,-,robot3,MIN_DISTANCE,OK,1.831,5.082,,0,nearest_robot=robot5
159.000,ours,-,robot4,MIN_DISTANCE,OK,2.874,5.082,,0,nearest_robot=robot3
159.000,ours,-,robot5,MIN_DISTANCE,OK,1.831,5.082,,0,nearest_robot=robot3
159.000,ours,-,robot6,MIN_DISTANCE,OK,8.890,5.082,,0,nearest_robot=robot2
159.000,ours,-,fleet,MIN_DISTANCE_AVG,OK,5.082,,,0,robots_sampled=6
160.000,ours,-,robot1,MIN_DISTANCE,OK,7.239,4.926,,0,nearest_robot=robot2
160.000,ours,-,robot2,MIN_DISTANCE,OK,7.239,4.926,,0,nearest_robot=robot1
160.000,ours,-,robot3,MIN_DISTANCE,OK,1.604,4.926,,0,nearest_robot=robot5
160.000,ours,-,robot4,MIN_DISTANCE,OK,2.865,4.926,,0,nearest_robot=robot3
160.000,ours,-,robot5,MIN_DISTANCE,OK,1.604,4.926,,0,nearest_robot=robot3
160.000,ours,-,robot6,MIN_DISTANCE,OK,9.006,4.926,,0,nearest_robot=robot2
160.000,ours,-,fleet,MIN_DISTANCE_AVG,OK,4.926,,,0,robots_sampled=6
161.000,ours,-,robot1,MIN_DISTANCE,OK,6.892,4.823,,0,nearest_robot=robot2
161.000,ours,-,robot2,MIN_DISTANCE,OK,6.892,4.823,,0,nearest_robot=robot1
161.000,ours,-,robot3,MIN_DISTANCE,OK,1.636,4.823,,0,nearest_robot=robot5
161.000,ours,-,robot4,MIN_DISTANCE,OK,2.684,4.823,,0,nearest_robot=robot3
161.000,ours,-,robot5,MIN_DISTANCE,OK,1.636,4.823,,0,nearest_robot=robot3
161.000,ours,-,robot6,MIN_DISTANCE,OK,9.197,4.823,,0,nearest_robot=robot2
161.000,ours,-,fleet,MIN_DISTANCE_AVG,OK,4.823,,,0,robots_sampled=6
162.000,ours,-,robot1,MIN_DISTANCE,OK,6.492,4.771,,0,nearest_robot=robot2
162.000,ours,-,robot2,MIN_DISTANCE,OK,6.492,4.771,,0,nearest_robot=robot1
162.000,ours,-,robot3,MIN_DISTANCE,OK,2.007,4.771,,0,nearest_robot=robot5
162.000,ours,-,robot4,MIN_DISTANCE,OK,2.256,4.771,,0,nearest_robot=robot3
162.000,ours,-,robot5,MIN_DISTANCE,OK,2.007,4.771,,0,nearest_robot=robot3
162.000,ours,-,robot6,MIN_DISTANCE,OK,9.371,4.771,,0,nearest_robot=robot2
162.000,ours,-,fleet,MIN_DISTANCE_AVG,OK,4.771,,,0,robots_sampled=6
163.000,ours,-,robot1,MIN_DISTANCE,OK,6.042,4.603,,0,nearest_robot=robot2
163.000,ours,-,robot2,MIN_DISTANCE,OK,6.042,4.603,,0,nearest_robot=robot1
163.000,ours,-,robot3,MIN_DISTANCE,OK,1.794,4.603,,0,nearest_robot=robot4
163.000,ours,-,robot4,MIN_DISTANCE,OK,1.794,4.603,,0,nearest_robot=robot3
163.000,ours,-,robot5,MIN_DISTANCE,OK,2.388,4.603,,0,nearest_robot=robot3
163.000,ours,-,robot6,MIN_DISTANCE,OK,9.559,4.603,,0,nearest_robot=robot2
163.000,ours,-,fleet,MIN_DISTANCE_AVG,OK,4.603,,,0,robots_sampled=6
164.000,ours,-,robot1,MIN_DISTANCE,OK,5.637,4.390,,0,nearest_robot=robot2
164.000,ours,-,robot2,MIN_DISTANCE,OK,5.637,4.390,,0,nearest_robot=robot1
164.000,ours,-,robot3,MIN_DISTANCE,OK,1.303,4.390,,0,nearest_robot=robot4
164.000,ours,-,robot4,MIN_DISTANCE,OK,1.303,4.390,,0,nearest_robot=robot3
164.000,ours,-,robot5,MIN_DISTANCE,OK,2.735,4.390,,0,nearest_robot=robot3
164.000,ours,-,robot6,MIN_DISTANCE,OK,9.726,4.390,,0,nearest_robot=robot2
164.000,ours,-,fleet,MIN_DISTANCE_AVG,OK,4.390,,,0,robots_sampled=6
165.000,ours,-,robot1,MIN_DISTANCE,OK,5.210,4.148,,0,nearest_robot=robot2
165.000,ours,-,robot2,MIN_DISTANCE,OK,5.210,4.148,,0,nearest_robot=robot1
165.000,ours,-,robot3,MIN_DISTANCE,OK,0.873,4.148,,0,nearest_robot=robot4
165.000,ours,-,robot4,MIN_DISTANCE,OK,0.873,4.148,,0,nearest_robot=robot3
165.000,ours,-,robot5,MIN_DISTANCE,OK,3.060,4.148,,0,nearest_robot=robot3
165.000,ours,-,robot6,MIN_DISTANCE,OK,9.663,4.148,,0,nearest_robot=robot1
165.000,ours,-,fleet,MIN_DISTANCE_AVG,OK,4.148,,,0,robots_sampled=6
166.000,ours,-,robot1,MIN_DISTANCE,OK,4.625,3.897,,0,nearest_robot=robot2
166.000,ours,-,robot2,MIN_DISTANCE,OK,4.625,3.897,,0,nearest_robot=robot1
166.000,ours,-,robot3,MIN_DISTANCE,OK,0.645,3.897,,0,nearest_robot=robot4
166.000,ours,-,robot4,MIN_DISTANCE,OK,0.645,3.897,,0,nearest_robot=robot3
166.000,ours,-,robot5,MIN_DISTANCE,OK,3.379,3.897,,0,nearest_robot=robot3
166.000,ours,-,robot6,MIN_DISTANCE,OK,9.464,3.897,,0,nearest_robot=robot1
166.000,ours,-,fleet,MIN_DISTANCE_AVG,OK,3.897,,,0,robots_sampled=6
167.000,ours,-,robot1,MIN_DISTANCE,OK,4.013,3.769,,0,nearest_robot=robot2
167.000,ours,-,robot2,MIN_DISTANCE,OK,4.013,3.769,,0,nearest_robot=robot1
167.000,ours,-,robot3,MIN_DISTANCE,OK,0.786,3.769,,0,nearest_robot=robot4
167.000,ours,-,robot4,MIN_DISTANCE,OK,0.786,3.769,,0,nearest_robot=robot3
167.000,ours,-,robot5,MIN_DISTANCE,OK,3.695,3.769,,0,nearest_robot=robot3
167.000,ours,-,robot6,MIN_DISTANCE,OK,9.320,3.769,,0,nearest_robot=robot1
167.000,ours,-,fleet,MIN_DISTANCE_AVG,OK,3.769,,,0,robots_sampled=6
168.000,ours,-,robot1,MIN_DISTANCE,OK,3.539,3.685,,0,nearest_robot=robot2
168.000,ours,-,robot2,MIN_DISTANCE,OK,3.539,3.685,,0,nearest_robot=robot1
168.000,ours,-,robot3,MIN_DISTANCE,OK,0.922,3.685,,0,nearest_robot=robot4
168.000,ours,-,robot4,MIN_DISTANCE,OK,0.922,3.685,,0,nearest_robot=robot3
168.000,ours,-,robot5,MIN_DISTANCE,OK,3.973,3.685,,0,nearest_robot=robot3
168.000,ours,-,robot6,MIN_DISTANCE,OK,9.217,3.685,,0,nearest_robot=robot1
168.000,ours,-,fleet,MIN_DISTANCE_AVG,OK,3.685,,,0,robots_sampled=6
169.000,ours,-,robot1,MIN_DISTANCE,OK,3.272,3.731,,0,nearest_robot=robot2
169.000,ours,-,robot2,MIN_DISTANCE,OK,3.272,3.731,,0,nearest_robot=robot1
169.000,ours,-,robot3,MIN_DISTANCE,OK,0.981,3.731,,0,nearest_robot=robot4
169.000,ours,-,robot4,MIN_DISTANCE,OK,0.981,3.731,,0,nearest_robot=robot3
169.000,ours,-,robot5,MIN_DISTANCE,OK,4.698,3.731,,0,nearest_robot=robot3
169.000,ours,-,robot6,MIN_DISTANCE,OK,9.179,3.731,,0,nearest_robot=robot1
169.000,ours,-,fleet,MIN_DISTANCE_AVG,OK,3.731,,,0,robots_sampled=6
170.000,ours,-,robot1,MIN_DISTANCE,OK,2.969,3.653,,0,nearest_robot=robot2
170.000,ours,-,robot2,MIN_DISTANCE,OK,2.969,3.653,,0,nearest_robot=robot1
170.000,ours,-,robot3,MIN_DISTANCE,OK,0.916,3.653,,0,nearest_robot=robot4
170.000,ours,-,robot4,MIN_DISTANCE,OK,0.916,3.653,,0,nearest_robot=robot3
170.000,ours,-,robot5,MIN_DISTANCE,OK,4.914,3.653,,0,nearest_robot=robot3
170.000,ours,-,robot6,MIN_DISTANCE,OK,9.232,3.653,,0,nearest_robot=robot1
170.000,ours,-,fleet,MIN_DISTANCE_AVG,OK,3.653,,,0,robots_sampled=6
171.000,ours,-,robot1,MIN_DISTANCE,OK,2.656,3.558,,0,nearest_robot=robot2
171.000,ours,-,robot2,MIN_DISTANCE,OK,2.656,3.558,,0,nearest_robot=robot1
171.000,ours,-,robot3,MIN_DISTANCE,OK,0.776,3.558,,0,nearest_robot=robot4
171.000,ours,-,robot4,MIN_DISTANCE,OK,0.776,3.558,,0,nearest_robot=robot3
171.000,ours,-,robot5,MIN_DISTANCE,OK,5.090,3.558,,0,nearest_robot=robot3
171.000,ours,-,robot6,MIN_DISTANCE,OK,9.390,3.558,,0,nearest_robot=robot1
171.000,ours,-,fleet,MIN_DISTANCE_AVG,OK,3.558,,,0,robots_sampled=6
172.000,ours,-,robot1,MIN_DISTANCE,OK,2.307,3.537,,0,nearest_robot=robot2
172.000,ours,-,robot2,MIN_DISTANCE,OK,2.307,3.537,,0,nearest_robot=robot1
172.000,ours,-,robot3,MIN_DISTANCE,OK,0.818,3.537,,0,nearest_robot=robot4
172.000,ours,-,robot4,MIN_DISTANCE,OK,0.818,3.537,,0,nearest_robot=robot3
172.000,ours,-,robot5,MIN_DISTANCE,OK,5.313,3.537,,0,nearest_robot=robot3
172.000,ours,-,robot6,MIN_DISTANCE,OK,9.661,3.537,,0,nearest_robot=robot1
172.000,ours,-,fleet,MIN_DISTANCE_AVG,OK,3.537,,,0,robots_sampled=6
173.000,ours,-,robot1,MIN_DISTANCE,OK,1.975,3.555,,0,nearest_robot=robot2
173.000,ours,-,robot2,MIN_DISTANCE,OK,1.975,3.555,,0,nearest_robot=robot1
173.000,ours,-,robot3,MIN_DISTANCE,OK,0.868,3.555,,0,nearest_robot=robot4
173.000,ours,-,robot4,MIN_DISTANCE,OK,0.868,3.555,,0,nearest_robot=robot3
173.000,ours,-,robot5,MIN_DISTANCE,OK,5.658,3.555,,0,nearest_robot=robot3
173.000,ours,-,robot6,MIN_DISTANCE,OK,9.989,3.555,,0,nearest_robot=robot1
173.000,ours,-,fleet,MIN_DISTANCE_AVG,OK,3.555,,,0,robots_sampled=6
174.000,ours,-,robot1,MIN_DISTANCE,OK,1.655,3.656,,0,nearest_robot=robot2
174.000,ours,-,robot2,MIN_DISTANCE,OK,1.655,3.656,,0,nearest_robot=robot1
174.000,ours,-,robot3,MIN_DISTANCE,OK,1.008,3.656,,0,nearest_robot=robot4
174.000,ours,-,robot4,MIN_DISTANCE,OK,1.008,3.656,,0,nearest_robot=robot3
174.000,ours,-,robot5,MIN_DISTANCE,OK,6.215,3.656,,0,nearest_robot=robot3
174.000,ours,-,robot6,MIN_DISTANCE,OK,10.395,3.656,,0,nearest_robot=robot1
174.000,ours,-,fleet,MIN_DISTANCE_AVG,OK,3.656,,,0,robots_sampled=6
175.000,ours,-,robot1,MIN_DISTANCE,OK,1.551,3.734,,0,nearest_robot=robot2
175.000,ours,-,robot2,MIN_DISTANCE,OK,1.551,3.734,,0,nearest_robot=robot1
175.000,ours,-,robot3,MIN_DISTANCE,OK,1.151,3.734,,0,nearest_robot=robot4
175.000,ours,-,robot4,MIN_DISTANCE,OK,1.151,3.734,,0,nearest_robot=robot3
175.000,ours,-,robot5,MIN_DISTANCE,OK,6.636,3.734,,0,nearest_robot=robot4
175.000,ours,-,robot6,MIN_DISTANCE,OK,10.365,3.734,,0,nearest_robot=robot2
175.000,ours,-,fleet,MIN_DISTANCE_AVG,OK,3.734,,,0,robots_sampled=6
176.000,ours,-,robot1,MIN_DISTANCE,OK,1.579,3.767,,0,nearest_robot=robot2
176.000,ours,-,robot2,MIN_DISTANCE,OK,1.579,3.767,,0,nearest_robot=robot1
176.000,ours,-,robot3,MIN_DISTANCE,OK,1.272,3.767,,0,nearest_robot=robot4
176.000,ours,-,robot4,MIN_DISTANCE,OK,1.272,3.767,,0,nearest_robot=robot3
176.000,ours,-,robot5,MIN_DISTANCE,OK,6.866,3.767,,0,nearest_robot=robot4
176.000,ours,-,robot6,MIN_DISTANCE,OK,10.034,3.767,,0,nearest_robot=robot2
176.000,ours,-,fleet,MIN_DISTANCE_AVG,OK,3.767,,,0,robots_sampled=6
177.000,ours,-,robot1,MIN_DISTANCE,OK,1.588,3.815,,0,nearest_robot=robot2
177.000,ours,-,robot2,MIN_DISTANCE,OK,1.588,3.815,,0,nearest_robot=robot1
177.000,ours,-,robot3,MIN_DISTANCE,OK,1.413,3.815,,0,nearest_robot=robot4
177.000,ours,-,robot4,MIN_DISTANCE,OK,1.413,3.815,,0,nearest_robot=robot3
177.000,ours,-,robot5,MIN_DISTANCE,OK,6.864,3.815,,0,nearest_robot=robot4
177.000,ours,-,robot6,MIN_DISTANCE,OK,10.025,3.815,,0,nearest_robot=robot2
177.000,ours,-,fleet,MIN_DISTANCE_AVG,OK,3.815,,,0,robots_sampled=6
178.000,ours,-,robot1,MIN_DISTANCE,OK,1.588,3.857,,0,nearest_robot=robot2
178.000,ours,-,robot2,MIN_DISTANCE,OK,1.588,3.857,,0,nearest_robot=robot1
178.000,ours,-,robot3,MIN_DISTANCE,OK,1.519,3.857,,0,nearest_robot=robot4
178.000,ours,-,robot4,MIN_DISTANCE,OK,1.519,3.857,,0,nearest_robot=robot3
178.000,ours,-,robot5,MIN_DISTANCE,OK,6.904,3.857,,0,nearest_robot=robot4
178.000,ours,-,robot6,MIN_DISTANCE,OK,10.025,3.857,,0,nearest_robot=robot2
178.000,ours,-,fleet,MIN_DISTANCE_AVG,OK,3.857,,,0,robots_sampled=6
179.000,ours,-,robot1,MIN_DISTANCE,OK,1.589,3.900,,0,nearest_robot=robot2
179.000,ours,-,robot2,MIN_DISTANCE,OK,1.589,3.900,,0,nearest_robot=robot1
179.000,ours,-,robot3,MIN_DISTANCE,OK,1.646,3.900,,0,nearest_robot=robot4
179.000,ours,-,robot4,MIN_DISTANCE,OK,1.646,3.900,,0,nearest_robot=robot3
179.000,ours,-,robot5,MIN_DISTANCE,OK,6.905,3.900,,0,nearest_robot=robot4
179.000,ours,-,robot6,MIN_DISTANCE,OK,10.023,3.900,,0,nearest_robot=robot2
179.000,ours,-,fleet,MIN_DISTANCE_AVG,OK,3.900,,,0,robots_sampled=6
180.000,ours,-,robot1,MIN_DISTANCE,OK,1.802,3.978,,0,nearest_robot=robot2
180.000,ours,-,robot2,MIN_DISTANCE,OK,1.802,3.978,,0,nearest_robot=robot1
180.000,ours,-,robot3,MIN_DISTANCE,OK,1.831,3.978,,0,nearest_robot=robot4
180.000,ours,-,robot4,MIN_DISTANCE,OK,1.831,3.978,,0,nearest_robot=robot3
180.000,ours,-,robot5,MIN_DISTANCE,OK,7.043,3.978,,0,nearest_robot=robot4
180.000,ours,-,robot6,MIN_DISTANCE,OK,9.556,3.978,,0,nearest_robot=robot2
180.000,ours,-,fleet,MIN_DISTANCE_AVG,OK,3.978,,,0,robots_sampled=6
181.000,ours,-,robot1,MIN_DISTANCE,OK,2.126,4.171,,0,nearest_robot=robot2
181.000,ours,-,robot2,MIN_DISTANCE,OK,2.126,4.171,,0,nearest_robot=robot1
181.000,ours,-,robot3,MIN_DISTANCE,OK,2.149,4.171,,0,nearest_robot=robot4
181.000,ours,-,robot4,MIN_DISTANCE,OK,2.149,4.171,,0,nearest_robot=robot3
181.000,ours,-,robot5,MIN_DISTANCE,OK,7.303,4.171,,0,nearest_robot=robot4
181.000,ours,-,robot6,MIN_DISTANCE,OK,9.172,4.171,,0,nearest_robot=robot2
181.000,ours,-,fleet,MIN_DISTANCE_AVG,OK,4.171,,,0,robots_sampled=6
182.000,ours,-,robot1,MIN_DISTANCE,OK,2.487,4.442,,0,nearest_robot=robot2
182.000,ours,-,robot2,MIN_DISTANCE,OK,2.487,4.442,,0,nearest_robot=robot1
182.000,ours,-,robot3,MIN_DISTANCE,OK,2.625,4.442,,0,nearest_robot=robot4
182.000,ours,-,robot4,MIN_DISTANCE,OK,2.625,4.442,,0,nearest_robot=robot3
182.000,ours,-,robot5,MIN_DISTANCE,OK,7.550,4.442,,0,nearest_robot=robot4
182.000,ours,-,robot6,MIN_DISTANCE,OK,8.879,4.442,,0,nearest_robot=robot2
182.000,ours,-,fleet,MIN_DISTANCE_AVG,OK,4.442,,,0,robots_sampled=6
183.000,ours,-,robot1,MIN_DISTANCE,OK,2.861,4.710,,0,nearest_robot=robot2
183.000,ours,-,robot2,MIN_DISTANCE,OK,2.861,4.710,,0,nearest_robot=robot1
183.000,ours,-,robot3,MIN_DISTANCE,OK,3.056,4.710,,0,nearest_robot=robot4
183.000,ours,-,robot4,MIN_DISTANCE,OK,3.056,4.710,,0,nearest_robot=robot3
183.000,ours,-,robot5,MIN_DISTANCE,OK,7.870,4.710,,0,nearest_robot=robot4
183.000,ours,-,robot6,MIN_DISTANCE,OK,8.557,4.710,,0,nearest_robot=robot2
183.000,ours,-,fleet,MIN_DISTANCE_AVG,OK,4.710,,,0,robots_sampled=6
184.000,ours,-,robot1,MIN_DISTANCE,OK,3.171,4.935,,0,nearest_robot=robot2
184.000,ours,-,robot2,MIN_DISTANCE,OK,3.171,4.935,,0,nearest_robot=robot1
184.000,ours,-,robot3,MIN_DISTANCE,OK,3.512,4.935,,0,nearest_robot=robot4
184.000,ours,-,robot4,MIN_DISTANCE,OK,3.512,4.935,,0,nearest_robot=robot3
184.000,ours,-,robot5,MIN_DISTANCE,OK,8.268,4.935,,0,nearest_robot=robot4
184.000,ours,-,robot6,MIN_DISTANCE,OK,7.978,4.935,,0,nearest_robot=robot2
184.000,ours,-,fleet,MIN_DISTANCE_AVG,OK,4.935,,,0,robots_sampled=6
185.000,ours,-,robot1,MIN_DISTANCE,OK,3.373,5.111,,0,nearest_robot=robot2
185.000,ours,-,robot2,MIN_DISTANCE,OK,3.373,5.111,,0,nearest_robot=robot1
185.000,ours,-,robot3,MIN_DISTANCE,OK,3.915,5.111,,0,nearest_robot=robot4
185.000,ours,-,robot4,MIN_DISTANCE,OK,3.915,5.111,,0,nearest_robot=robot3
185.000,ours,-,robot5,MIN_DISTANCE,OK,8.710,5.111,,0,nearest_robot=robot4
185.000,ours,-,robot6,MIN_DISTANCE,OK,7.384,5.111,,0,nearest_robot=robot2
185.000,ours,-,fleet,MIN_DISTANCE_AVG,OK,5.111,,,0,robots_sampled=6
186.000,ours,-,robot1,MIN_DISTANCE,OK,3.746,5.344,,0,nearest_robot=robot2
186.000,ours,-,robot2,MIN_DISTANCE,OK,3.746,5.344,,0,nearest_robot=robot1
186.000,ours,-,robot3,MIN_DISTANCE,OK,4.292,5.344,,0,nearest_robot=robot4
186.000,ours,-,robot4,MIN_DISTANCE,OK,4.292,5.344,,0,nearest_robot=robot3
186.000,ours,-,robot5,MIN_DISTANCE,OK,9.162,5.344,,0,nearest_robot=robot4
186.000,ours,-,robot6,MIN_DISTANCE,OK,6.824,5.344,,0,nearest_robot=robot2
186.000,ours,-,fleet,MIN_DISTANCE_AVG,OK,5.344,,,0,robots_sampled=6
187.000,ours,-,robot1,MIN_DISTANCE,OK,4.218,5.615,,0,nearest_robot=robot2
187.000,ours,-,robot2,MIN_DISTANCE,OK,4.218,5.615,,0,nearest_robot=robot1
187.000,ours,-,robot3,MIN_DISTANCE,OK,4.702,5.615,,0,nearest_robot=robot4
187.000,ours,-,robot4,MIN_DISTANCE,OK,4.702,5.615,,0,nearest_robot=robot3
187.000,ours,-,robot5,MIN_DISTANCE,OK,9.584,5.615,,0,nearest_robot=robot4
187.000,ours,-,robot6,MIN_DISTANCE,OK,6.266,5.615,,0,nearest_robot=robot2
187.000,ours,-,fleet,MIN_DISTANCE_AVG,OK,5.615,,,0,robots_sampled=6
188.000,ours,-,robot1,MIN_DISTANCE,OK,4.601,5.855,,0,nearest_robot=robot2
188.000,ours,-,robot2,MIN_DISTANCE,OK,4.601,5.855,,0,nearest_robot=robot1
188.000,ours,-,robot3,MIN_DISTANCE,OK,5.096,5.855,,0,nearest_robot=robot4
188.000,ours,-,robot4,MIN_DISTANCE,OK,5.096,5.855,,0,nearest_robot=robot3
188.000,ours,-,robot5,MIN_DISTANCE,OK,10.001,5.855,,0,nearest_robot=robot4
188.000,ours,-,robot6,MIN_DISTANCE,OK,5.735,5.855,,0,nearest_robot=robot2
188.000,ours,-,fleet,MIN_DISTANCE_AVG,OK,5.855,,,0,robots_sampled=6
189.000,ours,-,robot1,MIN_DISTANCE,OK,4.929,6.080,,0,nearest_robot=robot2
189.000,ours,-,robot2,MIN_DISTANCE,OK,4.929,6.080,,0,nearest_robot=robot1
189.000,ours,-,robot3,MIN_DISTANCE,OK,5.495,6.080,,0,nearest_robot=robot4
189.000,ours,-,robot4,MIN_DISTANCE,OK,5.495,6.080,,0,nearest_robot=robot3
189.000,ours,-,robot5,MIN_DISTANCE,OK,10.437,6.080,,0,nearest_robot=robot4
189.000,ours,-,robot6,MIN_DISTANCE,OK,5.196,6.080,,0,nearest_robot=robot2
189.000,ours,-,fleet,MIN_DISTANCE_AVG,OK,6.080,,,0,robots_sampled=6
190.000,ours,-,robot1,MIN_DISTANCE,OK,5.350,6.186,,0,nearest_robot=robot2
190.000,ours,-,robot2,MIN_DISTANCE,OK,4.607,6.186,,0,nearest_robot=robot6
190.000,ours,-,robot3,MIN_DISTANCE,OK,5.907,6.186,,0,nearest_robot=robot4
190.000,ours,-,robot4,MIN_DISTANCE,OK,5.907,6.186,,0,nearest_robot=robot3
190.000,ours,-,robot5,MIN_DISTANCE,OK,10.736,6.186,,0,nearest_robot=robot4
190.000,ours,-,robot6,MIN_DISTANCE,OK,4.607,6.186,,0,nearest_robot=robot2
190.000,ours,-,fleet,MIN_DISTANCE_AVG,OK,6.186,,,0,robots_sampled=6
191.000,ours,-,robot1,MIN_DISTANCE,OK,5.748,6.176,,0,nearest_robot=robot2
191.000,ours,-,robot2,MIN_DISTANCE,OK,3.990,6.176,,0,nearest_robot=robot6
191.000,ours,-,robot3,MIN_DISTANCE,OK,6.281,6.176,,0,nearest_robot=robot4
191.000,ours,-,robot4,MIN_DISTANCE,OK,6.281,6.176,,0,nearest_robot=robot3
191.000,ours,-,robot5,MIN_DISTANCE,OK,10.768,6.176,,0,nearest_robot=robot4
191.000,ours,-,robot6,MIN_DISTANCE,OK,3.990,6.176,,0,nearest_robot=robot2
191.000,ours,-,fleet,MIN_DISTANCE_AVG,OK,6.176,,,0,robots_sampled=6
192.000,ours,-,robot1,MIN_DISTANCE,OK,6.088,6.190,,0,nearest_robot=robot2
192.000,ours,-,robot2,MIN_DISTANCE,OK,3.466,6.190,,0,nearest_robot=robot6
192.000,ours,-,robot3,MIN_DISTANCE,OK,6.667,6.190,,0,nearest_robot=robot4
192.000,ours,-,robot4,MIN_DISTANCE,OK,6.667,6.190,,0,nearest_robot=robot3
192.000,ours,-,robot5,MIN_DISTANCE,OK,10.783,6.190,,0,nearest_robot=robot4
192.000,ours,-,robot6,MIN_DISTANCE,OK,3.466,6.190,,0,nearest_robot=robot2
192.000,ours,-,fleet,MIN_DISTANCE_AVG,OK,6.190,,,0,robots_sampled=6
193.000,ours,-,robot1,MIN_DISTANCE,OK,6.374,6.192,,0,nearest_robot=robot2
193.000,ours,-,robot2,MIN_DISTANCE,OK,2.977,6.192,,0,nearest_robot=robot6
193.000,ours,-,robot3,MIN_DISTANCE,OK,7.015,6.192,,0,nearest_robot=robot4
193.000,ours,-,robot4,MIN_DISTANCE,OK,7.015,6.192,,0,nearest_robot=robot3
193.000,ours,-,robot5,MIN_DISTANCE,OK,10.792,6.192,,0,nearest_robot=robot4
193.000,ours,-,robot6,MIN_DISTANCE,OK,2.977,6.192,,0,nearest_robot=robot2
193.000,ours,-,fleet,MIN_DISTANCE_AVG,OK,6.192,,,0,robots_sampled=6
194.000,ours,-,robot1,MIN_DISTANCE,OK,6.732,6.179,,0,nearest_robot=robot2
194.000,ours,-,robot2,MIN_DISTANCE,OK,2.382,6.179,,0,nearest_robot=robot6
194.000,ours,-,robot3,MIN_DISTANCE,OK,7.390,6.179,,0,nearest_robot=robot4
194.000,ours,-,robot4,MIN_DISTANCE,OK,7.390,6.179,,0,nearest_robot=robot3
194.000,ours,-,robot5,MIN_DISTANCE,OK,10.798,6.179,,0,nearest_robot=robot4
194.000,ours,-,robot6,MIN_DISTANCE,OK,2.382,6.179,,0,nearest_robot=robot2
194.000,ours,-,fleet,MIN_DISTANCE_AVG,OK,6.179,,,0,robots_sampled=6
195.000,ours,-,robot1,MIN_DISTANCE,OK,7.213,6.141,,0,nearest_robot=robot2
195.000,ours,-,robot2,MIN_DISTANCE,OK,1.645,6.141,,0,nearest_robot=robot6
195.000,ours,-,robot3,MIN_DISTANCE,OK,7.772,6.141,,0,nearest_robot=robot4
195.000,ours,-,robot4,MIN_DISTANCE,OK,7.772,6.141,,0,nearest_robot=robot3
195.000,ours,-,robot5,MIN_DISTANCE,OK,10.800,6.141,,0,nearest_robot=robot4
195.000,ours,-,robot6,MIN_DISTANCE,OK,1.645,6.141,,0,nearest_robot=robot2
195.000,ours,-,fleet,MIN_DISTANCE_AVG,OK,6.141,,,0,robots_sampled=6
196.000,ours,-,robot1,MIN_DISTANCE,OK,7.715,6.167,,0,nearest_robot=robot6
196.000,ours,-,robot2,MIN_DISTANCE,OK,1.081,6.167,,0,nearest_robot=robot6
196.000,ours,-,robot3,MIN_DISTANCE,OK,8.163,6.167,,0,nearest_robot=robot4
196.000,ours,-,robot4,MIN_DISTANCE,OK,8.163,6.167,,0,nearest_robot=robot3
196.000,ours,-,robot5,MIN_DISTANCE,OK,10.801,6.167,,0,nearest_robot=robot4
196.000,ours,-,robot6,MIN_DISTANCE,OK,1.081,6.167,,0,nearest_robot=robot2
196.000,ours,-,fleet,MIN_DISTANCE_AVG,OK,6.167,,,0,robots_sampled=6
197.000,ours,-,robot1,MIN_DISTANCE,OK,7.438,6.261,,0,nearest_robot=robot6
197.000,ours,-,robot2,MIN_DISTANCE,OK,1.113,6.261,,0,nearest_robot=robot6
197.000,ours,-,robot3,MIN_DISTANCE,OK,8.552,6.261,,0,nearest_robot=robot4
197.000,ours,-,robot4,MIN_DISTANCE,OK,8.552,6.261,,0,nearest_robot=robot3
197.000,ours,-,robot5,MIN_DISTANCE,OK,10.801,6.261,,0,nearest_robot=robot4
197.000,ours,-,robot6,MIN_DISTANCE,OK,1.113,6.261,,0,nearest_robot=robot2
197.000,ours,-,fleet,MIN_DISTANCE_AVG,OK,6.261,,,0,robots_sampled=6
198.000,ours,-,robot1,MIN_DISTANCE,OK,7.164,6.521,,0,nearest_robot=robot6
198.000,ours,-,robot2,MIN_DISTANCE,OK,1.649,6.521,,0,nearest_robot=robot6
198.000,ours,-,robot3,MIN_DISTANCE,OK,8.931,6.521,,0,nearest_robot=robot4
198.000,ours,-,robot4,MIN_DISTANCE,OK,8.931,6.521,,0,nearest_robot=robot3
198.000,ours,-,robot5,MIN_DISTANCE,OK,10.802,6.521,,0,nearest_robot=robot4
198.000,ours,-,robot6,MIN_DISTANCE,OK,1.649,6.521,,0,nearest_robot=robot2
198.000,ours,-,fleet,MIN_DISTANCE_AVG,OK,6.521,,,0,robots_sampled=6
199.000,ours,-,robot1,MIN_DISTANCE,OK,6.952,6.768,,0,nearest_robot=robot6
199.000,ours,-,robot2,MIN_DISTANCE,OK,2.409,6.768,,0,nearest_robot=robot6
199.000,ours,-,robot3,MIN_DISTANCE,OK,8.702,6.768,,0,nearest_robot=robot6
199.000,ours,-,robot4,MIN_DISTANCE,OK,9.334,6.768,,0,nearest_robot=robot3
199.000,ours,-,robot5,MIN_DISTANCE,OK,10.800,6.768,,0,nearest_robot=robot4
199.000,ours,-,robot6,MIN_DISTANCE,OK,2.409,6.768,,0,nearest_robot=robot2
199.000,ours,-,fleet,MIN_DISTANCE_AVG,OK,6.768,,,0,robots_sampled=6
200.000,ours,-,robot1,MIN_DISTANCE,OK,6.799,7.042,,0,nearest_robot=robot6
200.000,ours,-,robot2,MIN_DISTANCE,OK,3.269,7.042,,0,nearest_robot=robot6
200.000,ours,-,robot3,MIN_DISTANCE,OK,8.384,7.042,,0,nearest_robot=robot6
200.000,ours,-,robot4,MIN_DISTANCE,OK,9.732,7.042,,0,nearest_robot=robot3
200.000,ours,-,robot5,MIN_DISTANCE,OK,10.800,7.042,,0,nearest_robot=robot4
200.000,ours,-,robot6,MIN_DISTANCE,OK,3.269,7.042,,0,nearest_robot=robot2
200.000,ours,-,fleet,MIN_DISTANCE_AVG,OK,7.042,,,0,robots_sampled=6
201.000,ours,-,robot1,MIN_DISTANCE,OK,6.638,7.338,,0,nearest_robot=robot6
201.000,ours,-,robot2,MIN_DISTANCE,OK,4.197,7.338,,0,nearest_robot=robot6
201.000,ours,-,robot3,MIN_DISTANCE,OK,8.084,7.338,,0,nearest_robot=robot6
201.000,ours,-,robot4,MIN_DISTANCE,OK,10.112,7.338,,0,nearest_robot=robot3
201.000,ours,-,robot5,MIN_DISTANCE,OK,10.800,7.338,,0,nearest_robot=robot4
201.000,ours,-,robot6,MIN_DISTANCE,OK,4.197,7.338,,0,nearest_robot=robot2
201.000,ours,-,fleet,MIN_DISTANCE_AVG,OK,7.338,,,0,robots_sampled=6
202.000,ours,-,robot1,MIN_DISTANCE,OK,6.663,7.626,,0,nearest_robot=robot6
202.000,ours,-,robot2,MIN_DISTANCE,OK,4.982,7.626,,0,nearest_robot=robot6
202.000,ours,-,robot3,MIN_DISTANCE,OK,7.853,7.626,,0,nearest_robot=robot6
202.000,ours,-,robot4,MIN_DISTANCE,OK,10.478,7.626,,0,nearest_robot=robot3
202.000,ours,-,robot5,MIN_DISTANCE,OK,10.800,7.626,,0,nearest_robot=robot4
202.000,ours,-,robot6,MIN_DISTANCE,OK,4.982,7.626,,0,nearest_robot=robot2
202.000,ours,-,fleet,MIN_DISTANCE_AVG,OK,7.626,,,0,robots_sampled=6
203.000,ours,-,robot1,MIN_DISTANCE,OK,6.717,7.900,,0,nearest_robot=robot6
203.000,ours,-,robot2,MIN_DISTANCE,OK,5.731,7.900,,0,nearest_robot=robot6
203.000,ours,-,robot3,MIN_DISTANCE,OK,7.662,7.900,,0,nearest_robot=robot6
203.000,ours,-,robot4,MIN_DISTANCE,OK,10.779,7.900,,0,nearest_robot=robot5
203.000,ours,-,robot5,MIN_DISTANCE,OK,10.779,7.900,,0,nearest_robot=robot4
203.000,ours,-,robot6,MIN_DISTANCE,OK,5.731,7.900,,0,nearest_robot=robot2
203.000,ours,-,fleet,MIN_DISTANCE_AVG,OK,7.900,,,0,robots_sampled=6
204.000,ours,-,robot1,MIN_DISTANCE,OK,6.842,8.107,,0,nearest_robot=robot6
204.000,ours,-,robot2,MIN_DISTANCE,OK,6.402,8.107,,0,nearest_robot=robot6
204.000,ours,-,robot3,MIN_DISTANCE,OK,7.479,8.107,,0,nearest_robot=robot6
204.000,ours,-,robot4,MIN_DISTANCE,OK,10.759,8.107,,0,nearest_robot=robot5
204.000,ours,-,robot5,MIN_DISTANCE,OK,10.759,8.107,,0,nearest_robot=robot4
204.000,ours,-,robot6,MIN_DISTANCE,OK,6.402,8.107,,0,nearest_robot=robot2
204.000,ours,-,fleet,MIN_DISTANCE_AVG,OK,8.107,,,0,robots_sampled=6
205.000,ours,-,robot1,MIN_DISTANCE,OK,7.037,8.325,,0,nearest_robot=robot6
205.000,ours,-,robot2,MIN_DISTANCE,OK,6.992,8.325,,0,nearest_robot=robot6
205.000,ours,-,robot3,MIN_DISTANCE,OK,7.394,8.325,,0,nearest_robot=robot6
205.000,ours,-,robot4,MIN_DISTANCE,OK,10.766,8.325,,0,nearest_robot=robot5
205.000,ours,-,robot5,MIN_DISTANCE,OK,10.766,8.325,,0,nearest_robot=robot4
205.000,ours,-,robot6,MIN_DISTANCE,OK,6.992,8.325,,0,nearest_robot=robot2
205.000,ours,-,fleet,MIN_DISTANCE_AVG,OK,8.325,,,0,robots_sampled=6
206.000,ours,-,robot1,MIN_DISTANCE,OK,7.255,8.459,,0,nearest_robot=robot6
206.000,ours,-,robot2,MIN_DISTANCE,OK,7.466,8.459,,0,nearest_robot=robot6
206.000,ours,-,robot3,MIN_DISTANCE,OK,7.323,8.459,,0,nearest_robot=robot6
206.000,ours,-,robot4,MIN_DISTANCE,OK,10.687,8.459,,0,nearest_robot=robot1
206.000,ours,-,robot5,MIN_DISTANCE,OK,10.769,8.459,,0,nearest_robot=robot4
206.000,ours,-,robot6,MIN_DISTANCE,OK,7.255,8.459,,0,nearest_robot=robot1
206.000,ours,-,fleet,MIN_DISTANCE_AVG,OK,8.459,,,0,robots_sampled=6
207.000,ours,-,robot1,MIN_DISTANCE,OK,7.507,8.487,,0,nearest_robot=robot6
207.000,ours,-,robot2,MIN_DISTANCE,OK,7.761,8.487,,0,nearest_robot=robot6
207.000,ours,-,robot3,MIN_DISTANCE,OK,7.298,8.487,,0,nearest_robot=robot6
207.000,ours,-,robot4,MIN_DISTANCE,OK,10.288,8.487,,0,nearest_robot=robot1
207.000,ours,-,robot5,MIN_DISTANCE,OK,10.771,8.487,,0,nearest_robot=robot4
207.000,ours,-,robot6,MIN_DISTANCE,OK,7.298,8.487,,0,nearest_robot=robot3
207.000,ours,-,fleet,MIN_DISTANCE_AVG,OK,8.487,,,0,robots_sampled=6
208.000,ours,-,robot1,MIN_DISTANCE,OK,7.796,8.515,,0,nearest_robot=robot6
208.000,ours,-,robot2,MIN_DISTANCE,OK,8.026,8.515,,0,nearest_robot=robot6
208.000,ours,-,robot3,MIN_DISTANCE,OK,7.285,8.515,,0,nearest_robot=robot6
208.000,ours,-,robot4,MIN_DISTANCE,OK,9.928,8.515,,0,nearest_robot=robot1
208.000,ours,-,robot5,MIN_DISTANCE,OK,10.772,8.515,,0,nearest_robot=robot4
208.000,ours,-,robot6,MIN_DISTANCE,OK,7.285,8.515,,0,nearest_robot=robot3
208.000,ours,-,fleet,MIN_DISTANCE_AVG,OK,8.515,,,0,robots_sampled=6
209.000,ours,-,robot1,MIN_DISTANCE,OK,8.216,8.613,,0,nearest_robot=robot6
209.000,ours,-,robot2,MIN_DISTANCE,OK,8.218,8.613,,0,nearest_robot=robot3
209.000,ours,-,robot3,MIN_DISTANCE,OK,7.457,8.613,,0,nearest_robot=robot6
209.000,ours,-,robot4,MIN_DISTANCE,OK,9.557,8.613,,0,nearest_robot=robot1
209.000,ours,-,robot5,MIN_DISTANCE,OK,10.773,8.613,,0,nearest_robot=robot4
209.000,ours,-,robot6,MIN_DISTANCE,OK,7.457,8.613,,0,nearest_robot=robot3
209.000,ours,-,fleet,MIN_DISTANCE_AVG,OK,8.613,,,0,robots_sampled=6
210.000,ours,-,robot1,MIN_DISTANCE,OK,8.754,8.687,,0,nearest_robot=robot6
210.000,ours,-,robot2,MIN_DISTANCE,OK,7.795,8.687,,0,nearest_robot=robot3
210.000,ours,-,robot3,MIN_DISTANCE,OK,7.748,8.687,,0,nearest_robot=robot6
210.000,ours,-,robot4,MIN_DISTANCE,OK,9.304,8.687,,0,nearest_robot=robot1
210.000,ours,-,robot5,MIN_DISTANCE,OK,10.773,8.687,,0,nearest_robot=robot4
210.000,ours,-,robot6,MIN_DISTANCE,OK,7.748,8.687,,0,nearest_robot=robot3
210.000,ours,-,fleet,MIN_DISTANCE_AVG,OK,8.687,,,0,robots_sampled=6
211.000,ours,-,robot1,MIN_DISTANCE,OK,9.202,8.647,,0,nearest_robot=robot4
211.000,ours,-,robot2,MIN_DISTANCE,OK,7.350,8.647,,0,nearest_robot=robot3
211.000,ours,-,robot3,MIN_DISTANCE,OK,7.350,8.647,,0,nearest_robot=robot2
211.000,ours,-,robot4,MIN_DISTANCE,OK,9.202,8.647,,0,nearest_robot=robot1
211.000,ours,-,robot5,MIN_DISTANCE,OK,10.774,8.647,,0,nearest_robot=robot4
211.000,ours,-,robot6,MIN_DISTANCE,OK,8.006,8.647,,0,nearest_robot=robot3
211.000,ours,-,fleet,MIN_DISTANCE_AVG,OK,8.647,,,0,robots_sampled=6
212.000,ours,-,robot1,MIN_DISTANCE,OK,9.008,8.487,,0,nearest_robot=robot4
212.000,ours,-,robot2,MIN_DISTANCE,OK,6.916,8.487,,0,nearest_robot=robot3
212.000,ours,-,robot3,MIN_DISTANCE,OK,6.916,8.487,,0,nearest_robot=robot2
212.000,ours,-,robot4,MIN_DISTANCE,OK,9.008,8.487,,0,nearest_robot=robot1
212.000,ours,-,robot5,MIN_DISTANCE,OK,10.775,8.487,,0,nearest_robot=robot4
212.000,ours,-,robot6,MIN_DISTANCE,OK,8.299,8.487,,0,nearest_robot=robot3
212.000,ours,-,fleet,MIN_DISTANCE_AVG,OK,8.487,,,0,robots_sampled=6
213.000,ours,-,robot1,MIN_DISTANCE,OK,8.820,8.339,,0,nearest_robot=robot4
213.000,ours,-,robot2,MIN_DISTANCE,OK,6.510,8.339,,0,nearest_robot=robot3
213.000,ours,-,robot3,MIN_DISTANCE,OK,6.510,8.339,,0,nearest_robot=robot2
213.000,ours,-,robot4,MIN_DISTANCE,OK,8.820,8.339,,0,nearest_robot=robot1
213.000,ours,-,robot5,MIN_DISTANCE,OK,10.775,8.339,,0,nearest_robot=robot4
213.000,ours,-,robot6,MIN_DISTANCE,OK,8.599,8.339,,0,nearest_robot=robot3
213.000,ours,-,fleet,MIN_DISTANCE_AVG,OK,8.339,,,0,robots_sampled=6
214.000,ours,-,robot1,MIN_DISTANCE,OK,8.518,8.145,,0,nearest_robot=robot4
214.000,ours,-,robot2,MIN_DISTANCE,OK,6.082,8.145,,0,nearest_robot=robot3
214.000,ours,-,robot3,MIN_DISTANCE,OK,6.082,8.145,,0,nearest_robot=robot2
214.000,ours,-,robot4,MIN_DISTANCE,OK,8.518,8.145,,0,nearest_robot=robot1
214.000,ours,-,robot5,MIN_DISTANCE,OK,10.775,8.145,,0,nearest_robot=robot4
214.000,ours,-,robot6,MIN_DISTANCE,OK,8.895,8.145,,0,nearest_robot=robot3
214.000,ours,-,fleet,MIN_DISTANCE_AVG,OK,8.145,,,0,robots_sampled=6
215.000,ours,-,robot1,MIN_DISTANCE,OK,8.152,7.929,,0,nearest_robot=robot4
215.000,ours,-,robot2,MIN_DISTANCE,OK,5.647,7.929,,0,nearest_robot=robot3
215.000,ours,-,robot3,MIN_DISTANCE,OK,5.647,7.929,,0,nearest_robot=robot2
215.000,ours,-,robot4,MIN_DISTANCE,OK,8.152,7.929,,0,nearest_robot=robot1
215.000,ours,-,robot5,MIN_DISTANCE,OK,10.775,7.929,,0,nearest_robot=robot4
215.000,ours,-,robot6,MIN_DISTANCE,OK,9.201,7.929,,0,nearest_robot=robot3
215.000,ours,-,fleet,MIN_DISTANCE_AVG,OK,7.929,,,0,robots_sampled=6
216.000,ours,-,robot1,MIN_DISTANCE,OK,7.738,7.687,,0,nearest_robot=robot4
216.000,ours,-,robot2,MIN_DISTANCE,OK,5.227,7.687,,0,nearest_robot=robot3
216.000,ours,-,robot3,MIN_DISTANCE,OK,5.227,7.687,,0,nearest_robot=robot2
216.000,ours,-,robot4,MIN_DISTANCE,OK,7.738,7.687,,0,nearest_robot=robot1
216.000,ours,-,robot5,MIN_DISTANCE,OK,10.775,7.687,,0,nearest_robot=robot4
216.000,ours,-,robot6,MIN_DISTANCE,OK,9.418,7.687,,0,nearest_robot=robot3
216.000,ours,-,fleet,MIN_DISTANCE_AVG,OK,7.687,,,0,robots_sampled=6
217.000,ours,-,robot1,MIN_DISTANCE,OK,7.324,7.457,,0,nearest_robot=robot4
217.000,ours,-,robot2,MIN_DISTANCE,OK,4.901,7.457,,0,nearest_robot=robot3
217.000,ours,-,robot3,MIN_DISTANCE,OK,4.901,7.457,,0,nearest_robot=robot2
217.000,ours,-,robot4,MIN_DISTANCE,OK,7.324,7.457,,0,nearest_robot=robot1
217.000,ours,-,robot5,MIN_DISTANCE,OK,10.767,7.457,,0,nearest_robot=robot4
217.000,ours,-,robot6,MIN_DISTANCE,OK,9.525,7.457,,0,nearest_robot=robot3
217.000,ours,-,fleet,MIN_DISTANCE_AVG,OK,7.457,,,0,robots_sampled=6
218.000,ours,-,robot1,MIN_DISTANCE,OK,6.926,7.116,,0,nearest_robot=robot4
218.000,ours,-,robot2,MIN_DISTANCE,OK,4.258,7.116,,0,nearest_robot=robot3
218.000,ours,-,robot3,MIN_DISTANCE,OK,4.258,7.116,,0,nearest_robot=robot2
218.000,ours,-,robot4,MIN_DISTANCE,OK,6.926,7.116,,0,nearest_robot=robot1
218.000,ours,-,robot5,MIN_DISTANCE,OK,10.803,7.116,,0,nearest_robot=robot4
218.000,ours,-,robot6,MIN_DISTANCE,OK,9.523,7.116,,0,nearest_robot=robot3
218.000,ours,-,fleet,MIN_DISTANCE_AVG,OK,7.116,,,0,robots_sampled=6
219.000,ours,-,robot1,MIN_DISTANCE,OK,6.537,6.750,,0,nearest_robot=robot4
219.000,ours,-,robot2,MIN_DISTANCE,OK,3.477,6.750,,0,nearest_robot=robot3
219.000,ours,-,robot3,MIN_DISTANCE,OK,3.477,6.750,,0,nearest_robot=robot2
219.000,ours,-,robot4,MIN_DISTANCE,OK,6.537,6.750,,0,nearest_robot=robot1
219.000,ours,-,robot5,MIN_DISTANCE,OK,10.819,6.750,,0,nearest_robot=robot4
219.000,ours,-,robot6,MIN_DISTANCE,OK,9.652,6.750,,0,nearest_robot=robot2
219.000,ours,-,fleet,MIN_DISTANCE_AVG,OK,6.750,,,0,robots_sampled=6
220.000,ours,-,robot1,MIN_DISTANCE,OK,6.206,6.340,,0,nearest_robot=robot4
220.000,ours,-,robot2,MIN_DISTANCE,OK,2.639,6.340,,0,nearest_robot=robot3
220.000,ours,-,robot3,MIN_DISTANCE,OK,2.639,6.340,,0,nearest_robot=robot2
220.000,ours,-,robot4,MIN_DISTANCE,OK,6.206,6.340,,0,nearest_robot=robot1
220.000,ours,-,robot5,MIN_DISTANCE,OK,10.825,6.340,,0,nearest_robot=robot4
220.000,ours,-,robot6,MIN_DISTANCE,OK,9.522,6.340,,0,nearest_robot=robot2
220.000,ours,-,fleet,MIN_DISTANCE_AVG,OK,6.340,,,0,robots_sampled=6
221.000,ours,-,robot1,MIN_DISTANCE,OK,5.864,5.941,,0,nearest_robot=robot4
221.000,ours,-,robot2,MIN_DISTANCE,OK,1.813,5.941,,0,nearest_robot=robot3
221.000,ours,-,robot3,MIN_DISTANCE,OK,1.813,5.941,,0,nearest_robot=robot2
221.000,ours,-,robot4,MIN_DISTANCE,OK,5.864,5.941,,0,nearest_robot=robot1
221.000,ours,-,robot5,MIN_DISTANCE,OK,10.827,5.941,,0,nearest_robot=robot4
221.000,ours,-,robot6,MIN_DISTANCE,OK,9.464,5.941,,0,nearest_robot=robot2
221.000,ours,-,fleet,MIN_DISTANCE_AVG,OK,5.941,,,0,robots_sampled=6
222.000,ours,-,robot1,MIN_DISTANCE,OK,5.467,5.571,,0,nearest_robot=robot4
222.000,ours,-,robot2,MIN_DISTANCE,OK,1.076,5.571,,0,nearest_robot=robot3
222.000,ours,-,robot3,MIN_DISTANCE,OK,1.076,5.571,,0,nearest_robot=robot2
222.000,ours,-,robot4,MIN_DISTANCE,OK,5.467,5.571,,0,nearest_robot=robot1
222.000,ours,-,robot5,MIN_DISTANCE,OK,10.827,5.571,,0,nearest_robot=robot4
222.000,ours,-,robot6,MIN_DISTANCE,OK,9.516,5.571,,0,nearest_robot=robot2
222.000,ours,-,fleet,MIN_DISTANCE_AVG,OK,5.571,,,0,robots_sampled=6
223.000,ours,-,robot1,MIN_DISTANCE,OK,5.034,5.265,,0,nearest_robot=robot4
223.000,ours,-,robot2,MIN_DISTANCE,OK,0.470,5.265,,0,nearest_robot=robot3
223.000,ours,-,robot3,MIN_DISTANCE,OK,0.470,5.265,,0,nearest_robot=robot2
223.000,ours,-,robot4,MIN_DISTANCE,OK,5.034,5.265,,0,nearest_robot=robot1
223.000,ours,-,robot5,MIN_DISTANCE,OK,10.827,5.265,,0,nearest_robot=robot4
223.000,ours,-,robot6,MIN_DISTANCE,OK,9.758,5.265,,0,nearest_robot=robot2
223.000,ours,-,fleet,MIN_DISTANCE_AVG,OK,5.265,,,0,robots_sampled=6
224.000,ours,-,robot1,MIN_DISTANCE,OK,4.592,5.086,,0,nearest_robot=robot4
224.000,ours,-,robot2,MIN_DISTANCE,OK,0.240,5.086,,0,nearest_robot=robot3
224.000,ours,-,robot3,MIN_DISTANCE,OK,0.240,5.086,,0,nearest_robot=robot2
224.000,ours,-,robot4,MIN_DISTANCE,OK,4.592,5.086,,0,nearest_robot=robot1
224.000,ours,-,robot5,MIN_DISTANCE,OK,10.827,5.086,,0,nearest_robot=robot4
224.000,ours,-,robot6,MIN_DISTANCE,OK,10.025,5.086,,0,nearest_robot=robot2
224.000,ours,-,fleet,MIN_DISTANCE_AVG,OK,5.086,,,0,robots_sampled=6
225.000,ours,-,robot1,MIN_DISTANCE,OK,4.111,5.000,,0,nearest_robot=robot4
225.000,ours,-,robot2,MIN_DISTANCE,OK,0.387,5.000,,0,nearest_robot=robot3
225.000,ours,-,robot3,MIN_DISTANCE,OK,0.387,5.000,,0,nearest_robot=robot2
225.000,ours,-,robot4,MIN_DISTANCE,OK,4.111,5.000,,0,nearest_robot=robot1
225.000,ours,-,robot5,MIN_DISTANCE,OK,10.827,5.000,,0,nearest_robot=robot4
225.000,ours,-,robot6,MIN_DISTANCE,OK,10.176,5.000,,0,nearest_robot=robot2
225.000,ours,-,fleet,MIN_DISTANCE_AVG,OK,5.000,,,0,robots_sampled=6
226.000,ours,-,robot1,MIN_DISTANCE,OK,3.618,4.929,,0,nearest_robot=robot4
226.000,ours,-,robot2,MIN_DISTANCE,OK,0.722,4.929,,0,nearest_robot=robot3
226.000,ours,-,robot3,MIN_DISTANCE,OK,0.722,4.929,,0,nearest_robot=robot2
226.000,ours,-,robot4,MIN_DISTANCE,OK,3.618,4.929,,0,nearest_robot=robot1
226.000,ours,-,robot5,MIN_DISTANCE,OK,10.828,4.929,,0,nearest_robot=robot4
226.000,ours,-,robot6,MIN_DISTANCE,OK,10.065,4.929,,0,nearest_robot=robot2
226.000,ours,-,fleet,MIN_DISTANCE_AVG,OK,4.929,,,0,robots_sampled=6
227.000,ours,-,robot1,MIN_DISTANCE,OK,3.149,4.873,,0,nearest_robot=robot4
227.000,ours,-,robot2,MIN_DISTANCE,OK,1.141,4.873,,0,nearest_robot=robot3
227.000,ours,-,robot3,MIN_DISTANCE,OK,1.141,4.873,,0,nearest_robot=robot2
227.000,ours,-,robot4,MIN_DISTANCE,OK,3.149,4.873,,0,nearest_robot=robot1
227.000,ours,-,robot5,MIN_DISTANCE,OK,10.828,4.873,,0,nearest_robot=robot4
227.000,ours,-,robot6,MIN_DISTANCE,OK,9.827,4.873,,0,nearest_robot=robot3
227.000,ours,-,fleet,MIN_DISTANCE_AVG,OK,4.873,,,0,robots_sampled=6
228.000,ours,-,robot1,MIN_DISTANCE,OK,2.692,4.851,,0,nearest_robot=robot4
228.000,ours,-,robot2,MIN_DISTANCE,OK,1.594,4.851,,0,nearest_robot=robot3
228.000,ours,-,robot3,MIN_DISTANCE,OK,1.594,4.851,,0,nearest_robot=robot2
228.000,ours,-,robot4,MIN_DISTANCE,OK,2.692,4.851,,0,nearest_robot=robot1
228.000,ours,-,robot5,MIN_DISTANCE,OK,10.744,4.851,,0,nearest_robot=robot1
228.000,ours,-,robot6,MIN_DISTANCE,OK,9.788,4.851,,0,nearest_robot=robot3
228.000,ours,-,fleet,MIN_DISTANCE_AVG,OK,4.851,,,0,robots_sampled=6
229.000,ours,-,robot1,MIN_DISTANCE,OK,2.211,4.834,,0,nearest_robot=robot4
229.000,ours,-,robot2,MIN_DISTANCE,OK,1.993,4.834,,0,nearest_robot=robot3
229.000,ours,-,robot3,MIN_DISTANCE,OK,1.993,4.834,,0,nearest_robot=robot2
229.000,ours,-,robot4,MIN_DISTANCE,OK,2.211,4.834,,0,nearest_robot=robot1
229.000,ours,-,robot5,MIN_DISTANCE,OK,10.600,4.834,,0,nearest_robot=robot1
229.000,ours,-,robot6,MIN_DISTANCE,OK,9.995,4.834,,0,nearest_robot=robot3
229.000,ours,-,fleet,MIN_DISTANCE_AVG,OK,4.834,,,0,robots_sampled=6
230.000,ours,-,robot1,MIN_DISTANCE,OK,1.718,4.783,,0,nearest_robot=robot4
230.000,ours,-,robot2,MIN_DISTANCE,OK,2.219,4.783,,0,nearest_robot=robot3
230.000,ours,-,robot3,MIN_DISTANCE,OK,2.219,4.783,,0,nearest_robot=robot2
230.000,ours,-,robot4,MIN_DISTANCE,OK,1.718,4.783,,0,nearest_robot=robot1
230.000,ours,-,robot5,MIN_DISTANCE,OK,10.569,4.783,,0,nearest_robot=robot1
230.000,ours,-,robot6,MIN_DISTANCE,OK,10.257,4.783,,0,nearest_robot=robot3
230.000,ours,-,fleet,MIN_DISTANCE_AVG,OK,4.783,,,0,robots_sampled=6
231.000,ours,-,robot1,MIN_DISTANCE,OK,1.243,4.591,,0,nearest_robot=robot4
231.000,ours,-,robot2,MIN_DISTANCE,OK,2.102,4.591,,0,nearest_robot=robot3
231.000,ours,-,robot3,MIN_DISTANCE,OK,2.102,4.591,,0,nearest_robot=robot2
231.000,ours,-,robot4,MIN_DISTANCE,OK,1.243,4.591,,0,nearest_robot=robot1
231.000,ours,-,robot5,MIN_DISTANCE,OK,10.581,4.591,,0,nearest_robot=robot1
231.000,ours,-,robot6,MIN_DISTANCE,OK,10.278,4.591,,0,nearest_robot=robot2
231.000,ours,-,fleet,MIN_DISTANCE_AVG,OK,4.591,,,0,robots_sampled=6
232.000,ours,-,robot1,MIN_DISTANCE,OK,0.858,4.412,,0,nearest_robot=robot4
232.000,ours,-,robot2,MIN_DISTANCE,OK,1.912,4.412,,0,nearest_robot=robot3
232.000,ours,-,robot3,MIN_DISTANCE,OK,1.912,4.412,,0,nearest_robot=robot2
232.000,ours,-,robot4,MIN_DISTANCE,OK,0.858,4.412,,0,nearest_robot=robot1
232.000,ours,-,robot5,MIN_DISTANCE,OK,10.715,4.412,,0,nearest_robot=robot1
232.000,ours,-,robot6,MIN_DISTANCE,OK,10.219,4.412,,0,nearest_robot=robot2
232.000,ours,-,fleet,MIN_DISTANCE_AVG,OK,4.412,,,0,robots_sampled=6
233.000,ours,-,robot1,MIN_DISTANCE,OK,0.598,4.375,,0,nearest_robot=robot4
233.000,ours,-,robot2,MIN_DISTANCE,OK,2.019,4.375,,0,nearest_robot=robot3
233.000,ours,-,robot3,MIN_DISTANCE,OK,2.019,4.375,,0,nearest_robot=robot2
233.000,ours,-,robot4,MIN_DISTANCE,OK,0.598,4.375,,0,nearest_robot=robot1
233.000,ours,-,robot5,MIN_DISTANCE,OK,10.826,4.375,,0,nearest_robot=robot4
233.000,ours,-,robot6,MIN_DISTANCE,OK,10.194,4.375,,0,nearest_robot=robot2
233.000,ours,-,fleet,MIN_DISTANCE_AVG,OK,4.375,,,0,robots_sampled=6
234.000,ours,-,robot1,MIN_DISTANCE,OK,0.501,4.402,,0,nearest_robot=robot4
234.000,ours,-,robot2,MIN_DISTANCE,OK,2.242,4.402,,0,nearest_robot=robot3
234.000,ours,-,robot3,MIN_DISTANCE,OK,2.242,4.402,,0,nearest_robot=robot2
234.000,ours,-,robot4,MIN_DISTANCE,OK,0.501,4.402,,0,nearest_robot=robot1
234.000,ours,-,robot5,MIN_DISTANCE,OK,10.827,4.402,,0,nearest_robot=robot4
234.000,ours,-,robot6,MIN_DISTANCE,OK,10.099,4.402,,0,nearest_robot=robot2
234.000,ours,-,fleet,MIN_DISTANCE_AVG,OK,4.402,,,0,robots_sampled=6
235.000,ours,-,robot1,MIN_DISTANCE,OK,0.618,4.439,,0,nearest_robot=robot4
235.000,ours,-,robot2,MIN_DISTANCE,OK,2.268,4.439,,0,nearest_robot=robot3
235.000,ours,-,robot3,MIN_DISTANCE,OK,2.268,4.439,,0,nearest_robot=robot2
235.000,ours,-,robot4,MIN_DISTANCE,OK,0.618,4.439,,0,nearest_robot=robot1
235.000,ours,-,robot5,MIN_DISTANCE,OK,10.809,4.439,,0,nearest_robot=robot4
235.000,ours,-,robot6,MIN_DISTANCE,OK,10.053,4.439,,0,nearest_robot=robot2
235.000,ours,-,fleet,MIN_DISTANCE_AVG,OK,4.439,,,0,robots_sampled=6
236.000,ours,-,robot1,MIN_DISTANCE,OK,0.787,4.490,,0,nearest_robot=robot4
236.000,ours,-,robot2,MIN_DISTANCE,OK,2.254,4.490,,0,nearest_robot=robot3
236.000,ours,-,robot3,MIN_DISTANCE,OK,2.254,4.490,,0,nearest_robot=robot2
236.000,ours,-,robot4,MIN_DISTANCE,OK,0.787,4.490,,0,nearest_robot=robot1
236.000,ours,-,robot5,MIN_DISTANCE,OK,10.808,4.490,,0,nearest_robot=robot4
236.000,ours,-,robot6,MIN_DISTANCE,OK,10.050,4.490,,0,nearest_robot=robot2
236.000,ours,-,fleet,MIN_DISTANCE_AVG,OK,4.490,,,0,robots_sampled=6
237.000,ours,-,robot1,MIN_DISTANCE,OK,0.929,4.541,,0,nearest_robot=robot4
237.000,ours,-,robot2,MIN_DISTANCE,OK,2.254,4.541,,0,nearest_robot=robot3
237.000,ours,-,robot3,MIN_DISTANCE,OK,2.254,4.541,,0,nearest_robot=robot2
237.000,ours,-,robot4,MIN_DISTANCE,OK,0.929,4.541,,0,nearest_robot=robot1
237.000,ours,-,robot5,MIN_DISTANCE,OK,10.816,4.541,,0,nearest_robot=robot4
237.000,ours,-,robot6,MIN_DISTANCE,OK,10.064,4.541,,0,nearest_robot=robot2
237.000,ours,-,fleet,MIN_DISTANCE_AVG,OK,4.541,,,0,robots_sampled=6
238.000,ours,-,robot1,MIN_DISTANCE,OK,0.967,4.564,,0,nearest_robot=robot4
238.000,ours,-,robot2,MIN_DISTANCE,OK,2.254,4.564,,0,nearest_robot=robot3
238.000,ours,-,robot3,MIN_DISTANCE,OK,2.254,4.564,,0,nearest_robot=robot2
238.000,ours,-,robot4,MIN_DISTANCE,OK,0.967,4.564,,0,nearest_robot=robot1
238.000,ours,-,robot5,MIN_DISTANCE,OK,10.819,4.564,,0,nearest_robot=robot4
238.000,ours,-,robot6,MIN_DISTANCE,OK,10.124,4.564,,0,nearest_robot=robot2
238.000,ours,-,fleet,MIN_DISTANCE_AVG,OK,4.564,,,0,robots_sampled=6
239.000,ours,-,robot1,MIN_DISTANCE,OK,0.965,4.580,,0,nearest_robot=robot4
239.000,ours,-,robot2,MIN_DISTANCE,OK,2.269,4.580,,0,nearest_robot=robot3
239.000,ours,-,robot3,MIN_DISTANCE,OK,2.269,4.580,,0,nearest_robot=robot2
239.000,ours,-,robot4,MIN_DISTANCE,OK,0.965,4.580,,0,nearest_robot=robot1
239.000,ours,-,robot5,MIN_DISTANCE,OK,10.821,4.580,,0,nearest_robot=robot4
239.000,ours,-,robot6,MIN_DISTANCE,OK,10.193,4.580,,0,nearest_robot=robot2
239.000,ours,-,fleet,MIN_DISTANCE_AVG,OK,4.580,,,0,robots_sampled=6
240.000,ours,-,robot1,MIN_DISTANCE,OK,0.965,4.661,,0,nearest_robot=robot4
240.000,ours,-,robot2,MIN_DISTANCE,OK,2.642,4.661,,0,nearest_robot=robot3
240.000,ours,-,robot3,MIN_DISTANCE,OK,2.642,4.661,,0,nearest_robot=robot2
240.000,ours,-,robot4,MIN_DISTANCE,OK,0.965,4.661,,0,nearest_robot=robot1
240.000,ours,-,robot5,MIN_DISTANCE,OK,10.821,4.661,,0,nearest_robot=robot4
240.000,ours,-,robot6,MIN_DISTANCE,OK,9.929,4.661,,0,nearest_robot=robot2
240.000,ours,-,fleet,MIN_DISTANCE_AVG,OK,4.661,,,0,robots_sampled=6
241.000,ours,-,robot1,MIN_DISTANCE,OK,0.966,4.711,,0,nearest_robot=robot4
241.000,ours,-,robot2,MIN_DISTANCE,OK,2.914,4.711,,0,nearest_robot=robot3
241.000,ours,-,robot3,MIN_DISTANCE,OK,2.914,4.711,,0,nearest_robot=robot2
241.000,ours,-,robot4,MIN_DISTANCE,OK,0.966,4.711,,0,nearest_robot=robot1
241.000,ours,-,robot5,MIN_DISTANCE,OK,10.821,4.711,,0,nearest_robot=robot4
241.000,ours,-,robot6,MIN_DISTANCE,OK,9.687,4.711,,0,nearest_robot=robot2
241.000,ours,-,fleet,MIN_DISTANCE_AVG,OK,4.711,,,0,robots_sampled=6
242.000,ours,-,robot1,MIN_DISTANCE,OK,0.966,4.715,,0,nearest_robot=robot4
242.000,ours,-,robot2,MIN_DISTANCE,OK,2.974,4.715,,0,nearest_robot=robot3
242.000,ours,-,robot3,MIN_DISTANCE,OK,2.974,4.715,,0,nearest_robot=robot2
242.000,ours,-,robot4,MIN_DISTANCE,OK,0.966,4.715,,0,nearest_robot=robot1
242.000,ours,-,robot5,MIN_DISTANCE,OK,10.821,4.715,,0,nearest_robot=robot4
242.000,ours,-,robot6,MIN_DISTANCE,OK,9.589,4.715,,0,nearest_robot=robot2
242.000,ours,-,fleet,MIN_DISTANCE_AVG,OK,4.715,,,0,robots_sampled=6
243.000,ours,-,robot1,MIN_DISTANCE,OK,0.966,4.728,,0,nearest_robot=robot4
243.000,ours,-,robot2,MIN_DISTANCE,OK,3.048,4.728,,0,nearest_robot=robot3
243.000,ours,-,robot3,MIN_DISTANCE,OK,3.048,4.728,,0,nearest_robot=robot2
243.000,ours,-,robot4,MIN_DISTANCE,OK,0.966,4.728,,0,nearest_robot=robot1
243.000,ours,-,robot5,MIN_DISTANCE,OK,10.821,4.728,,0,nearest_robot=robot4
243.000,ours,-,robot6,MIN_DISTANCE,OK,9.518,4.728,,0,nearest_robot=robot2
243.000,ours,-,fleet,MIN_DISTANCE_AVG,OK,4.728,,,0,robots_sampled=6
244.000,ours,-,robot1,MIN_DISTANCE,OK,0.974,4.740,,0,nearest_robot=robot4
244.000,ours,-,robot2,MIN_DISTANCE,OK,3.102,4.740,,0,nearest_robot=robot3
244.000,ours,-,robot3,MIN_DISTANCE,OK,3.102,4.740,,0,nearest_robot=robot2
244.000,ours,-,robot4,MIN_DISTANCE,OK,0.974,4.740,,0,nearest_robot=robot1
244.000,ours,-,robot5,MIN_DISTANCE,OK,10.807,4.740,,0,nearest_robot=robot4
244.000,ours,-,robot6,MIN_DISTANCE,OK,9.483,4.740,,0,nearest_robot=robot2
244.000,ours,-,fleet,MIN_DISTANCE_AVG,OK,4.740,,,0,robots_sampled=6
245.000,ours,-,robot1,MIN_DISTANCE,OK,0.979,4.788,,0,nearest_robot=robot4
245.000,ours,-,robot2,MIN_DISTANCE,OK,3.258,4.788,,0,nearest_robot=robot3
245.000,ours,-,robot3,MIN_DISTANCE,OK,3.258,4.788,,0,nearest_robot=robot2
245.000,ours,-,robot4,MIN_DISTANCE,OK,0.979,4.788,,0,nearest_robot=robot1
245.000,ours,-,robot5,MIN_DISTANCE,OK,10.793,4.788,,0,nearest_robot=robot4
245.000,ours,-,robot6,MIN_DISTANCE,OK,9.459,4.788,,0,nearest_robot=robot2
245.000,ours,-,fleet,MIN_DISTANCE_AVG,OK,4.788,,,0,robots_sampled=6
246.000,ours,-,robot1,MIN_DISTANCE,OK,0.843,4.794,,0,nearest_robot=robot4
246.000,ours,-,robot2,MIN_DISTANCE,OK,3.416,4.794,,0,nearest_robot=robot3
246.000,ours,-,robot3,MIN_DISTANCE,OK,3.416,4.794,,0,nearest_robot=robot2
246.000,ours,-,robot4,MIN_DISTANCE,OK,0.843,4.794,,0,nearest_robot=robot1
246.000,ours,-,robot5,MIN_DISTANCE,OK,10.801,4.794,,0,nearest_robot=robot4
246.000,ours,-,robot6,MIN_DISTANCE,OK,9.447,4.794,,0,nearest_robot=robot2
246.000,ours,-,fleet,MIN_DISTANCE_AVG,OK,4.794,,,0,robots_sampled=6
247.000,ours,-,robot1,MIN_DISTANCE,OK,0.809,4.799,,0,nearest_robot=robot4
247.000,ours,-,robot2,MIN_DISTANCE,OK,3.480,4.799,,0,nearest_robot=robot3
247.000,ours,-,robot3,MIN_DISTANCE,OK,3.480,4.799,,0,nearest_robot=robot2
247.000,ours,-,robot4,MIN_DISTANCE,OK,0.809,4.799,,0,nearest_robot=robot1
247.000,ours,-,robot5,MIN_DISTANCE,OK,10.805,4.799,,0,nearest_robot=robot4
247.000,ours,-,robot6,MIN_DISTANCE,OK,9.411,4.799,,0,nearest_robot=robot2
247.000,ours,-,fleet,MIN_DISTANCE_AVG,OK,4.799,,,0,robots_sampled=6
248.000,ours,-,robot1,MIN_DISTANCE,OK,0.926,4.836,,0,nearest_robot=robot4
248.000,ours,-,robot2,MIN_DISTANCE,OK,3.482,4.836,,0,nearest_robot=robot3
248.000,ours,-,robot3,MIN_DISTANCE,OK,3.482,4.836,,0,nearest_robot=robot2
248.000,ours,-,robot4,MIN_DISTANCE,OK,0.926,4.836,,0,nearest_robot=robot1
248.000,ours,-,robot5,MIN_DISTANCE,OK,10.807,4.836,,0,nearest_robot=robot4
248.000,ours,-,robot6,MIN_DISTANCE,OK,9.395,4.836,,0,nearest_robot=robot2
248.000,ours,-,fleet,MIN_DISTANCE_AVG,OK,4.836,,,0,robots_sampled=6
249.000,ours,-,robot1,MIN_DISTANCE,OK,1.199,4.905,,0,nearest_robot=robot4
249.000,ours,-,robot2,MIN_DISTANCE,OK,3.400,4.905,,0,nearest_robot=robot3
249.000,ours,-,robot3,MIN_DISTANCE,OK,3.400,4.905,,0,nearest_robot=robot2
249.000,ours,-,robot4,MIN_DISTANCE,OK,1.199,4.905,,0,nearest_robot=robot1
249.000,ours,-,robot5,MIN_DISTANCE,OK,10.807,4.905,,0,nearest_robot=robot4
249.000,ours,-,robot6,MIN_DISTANCE,OK,9.422,4.905,,0,nearest_robot=robot2
249.000,ours,-,fleet,MIN_DISTANCE_AVG,OK,4.905,,,0,robots_sampled=6
250.000,ours,-,robot1,MIN_DISTANCE,OK,1.375,4.960,,0,nearest_robot=robot4
250.000,ours,-,robot2,MIN_DISTANCE,OK,3.366,4.960,,0,nearest_robot=robot3
250.000,ours,-,robot3,MIN_DISTANCE,OK,3.366,4.960,,0,nearest_robot=robot2
250.000,ours,-,robot4,MIN_DISTANCE,OK,1.375,4.960,,0,nearest_robot=robot1
250.000,ours,-,robot5,MIN_DISTANCE,OK,10.808,4.960,,0,nearest_robot=robot4
250.000,ours,-,robot6,MIN_DISTANCE,OK,9.469,4.960,,0,nearest_robot=robot2
250.000,ours,-,fleet,MIN_DISTANCE_AVG,OK,4.960,,,0,robots_sampled=6
251.000,ours,-,robot1,MIN_DISTANCE,OK,1.400,4.978,,0,nearest_robot=robot4
251.000,ours,-,robot2,MIN_DISTANCE,OK,3.368,4.978,,0,nearest_robot=robot3
251.000,ours,-,robot3,MIN_DISTANCE,OK,3.368,4.978,,0,nearest_robot=robot2
251.000,ours,-,robot4,MIN_DISTANCE,OK,1.400,4.978,,0,nearest_robot=robot1
251.000,ours,-,robot5,MIN_DISTANCE,OK,10.808,4.978,,0,nearest_robot=robot4
251.000,ours,-,robot6,MIN_DISTANCE,OK,9.521,4.978,,0,nearest_robot=robot2
251.000,ours,-,fleet,MIN_DISTANCE_AVG,OK,4.978,,,0,robots_sampled=6
252.010,ours,-,robot1,MIN_DISTANCE,OK,1.674,5.079,,0,nearest_robot=robot4
252.010,ours,-,robot2,MIN_DISTANCE,OK,3.385,5.079,,0,nearest_robot=robot3
252.010,ours,-,robot3,MIN_DISTANCE,OK,3.385,5.079,,0,nearest_robot=robot2
252.010,ours,-,robot4,MIN_DISTANCE,OK,1.674,5.079,,0,nearest_robot=robot1
252.010,ours,-,robot5,MIN_DISTANCE,OK,10.808,5.079,,0,nearest_robot=robot4
252.010,ours,-,robot6,MIN_DISTANCE,OK,9.548,5.079,,0,nearest_robot=robot2
252.010,ours,-,fleet,MIN_DISTANCE_AVG,OK,5.079,,,0,robots_sampled=6
253.000,ours,-,robot1,MIN_DISTANCE,OK,2.097,5.210,,0,nearest_robot=robot4
253.000,ours,-,robot2,MIN_DISTANCE,OK,3.359,5.210,,0,nearest_robot=robot3
253.000,ours,-,robot3,MIN_DISTANCE,OK,3.359,5.210,,0,nearest_robot=robot2
253.000,ours,-,robot4,MIN_DISTANCE,OK,2.097,5.210,,0,nearest_robot=robot1
253.000,ours,-,robot5,MIN_DISTANCE,OK,10.808,5.210,,0,nearest_robot=robot4
253.000,ours,-,robot6,MIN_DISTANCE,OK,9.544,5.210,,0,nearest_robot=robot2
253.000,ours,-,fleet,MIN_DISTANCE_AVG,OK,5.210,,,0,robots_sampled=6
254.000,ours,-,robot1,MIN_DISTANCE,OK,2.558,5.371,,0,nearest_robot=robot4
254.000,ours,-,robot2,MIN_DISTANCE,OK,3.362,5.371,,0,nearest_robot=robot3
254.000,ours,-,robot3,MIN_DISTANCE,OK,3.362,5.371,,0,nearest_robot=robot2
254.000,ours,-,robot4,MIN_DISTANCE,OK,2.558,5.371,,0,nearest_robot=robot1
254.000,ours,-,robot5,MIN_DISTANCE,OK,10.807,5.371,,0,nearest_robot=robot4
254.000,ours,-,robot6,MIN_DISTANCE,OK,9.581,5.371,,0,nearest_robot=robot2
254.000,ours,-,fleet,MIN_DISTANCE_AVG,OK,5.371,,,0,robots_sampled=6
255.000,ours,-,robot1,MIN_DISTANCE,OK,3.042,5.538,,0,nearest_robot=robot4
255.000,ours,-,robot2,MIN_DISTANCE,OK,3.408,5.538,,0,nearest_robot=robot3
255.000,ours,-,robot3,MIN_DISTANCE,OK,3.408,5.538,,0,nearest_robot=robot2
255.000,ours,-,robot4,MIN_DISTANCE,OK,3.042,5.538,,0,nearest_robot=robot1
255.000,ours,-,robot5,MIN_DISTANCE,OK,10.806,5.538,,0,nearest_robot=robot4
255.000,ours,-,robot6,MIN_DISTANCE,OK,9.520,5.538,,0,nearest_robot=robot4
255.000,ours,-,fleet,MIN_DISTANCE_AVG,OK,5.538,,,0,robots_sampled=6
256.000,ours,-,robot1,MIN_DISTANCE,OK,3.550,5.652,,0,nearest_robot=robot4
256.000,ours,-,robot2,MIN_DISTANCE,OK,3.421,5.652,,0,nearest_robot=robot3
256.000,ours,-,robot3,MIN_DISTANCE,OK,3.421,5.652,,0,nearest_robot=robot2
256.000,ours,-,robot4,MIN_DISTANCE,OK,3.550,5.652,,0,nearest_robot=robot1
256.000,ours,-,robot5,MIN_DISTANCE,OK,10.801,5.652,,0,nearest_robot=robot4
256.000,ours,-,robot6,MIN_DISTANCE,OK,9.168,5.652,,0,nearest_robot=robot4
256.000,ours,-,fleet,MIN_DISTANCE_AVG,OK,5.652,,,0,robots_sampled=6
257.000,ours,-,robot1,MIN_DISTANCE,OK,4.043,5.767,,0,nearest_robot=robot4
257.000,ours,-,robot2,MIN_DISTANCE,OK,3.463,5.767,,0,nearest_robot=robot3
257.000,ours,-,robot3,MIN_DISTANCE,OK,3.463,5.767,,0,nearest_robot=robot2
257.000,ours,-,robot4,MIN_DISTANCE,OK,4.043,5.767,,0,nearest_robot=robot1
257.000,ours,-,robot5,MIN_DISTANCE,OK,10.798,5.767,,0,nearest_robot=robot4
257.000,ours,-,robot6,MIN_DISTANCE,OK,8.794,5.767,,0,nearest_robot=robot4
257.000,ours,-,fleet,MIN_DISTANCE_AVG,OK,5.767,,,0,robots_sampled=6
258.000,ours,-,robot1,MIN_DISTANCE,OK,4.539,5.895,,0,nearest_robot=robot4
258.000,ours,-,robot2,MIN_DISTANCE,OK,3.525,5.895,,0,nearest_robot=robot3
258.000,ours,-,robot3,MIN_DISTANCE,OK,3.525,5.895,,0,nearest_robot=robot2
258.000,ours,-,robot4,MIN_DISTANCE,OK,4.539,5.895,,0,nearest_robot=robot1
258.000,ours,-,robot5,MIN_DISTANCE,OK,10.796,5.895,,0,nearest_robot=robot4
258.000,ours,-,robot6,MIN_DISTANCE,OK,8.443,5.895,,0,nearest_robot=robot4
258.000,ours,-,fleet,MIN_DISTANCE_AVG,OK,5.895,,,0,robots_sampled=6
259.000,ours,-,robot1,MIN_DISTANCE,OK,4.986,6.000,,0,nearest_robot=robot4
259.000,ours,-,robot2,MIN_DISTANCE,OK,3.574,6.000,,0,nearest_robot=robot3
259.000,ours,-,robot3,MIN_DISTANCE,OK,3.574,6.000,,0,nearest_robot=robot2
259.000,ours,-,robot4,MIN_DISTANCE,OK,4.986,6.000,,0,nearest_robot=robot1
259.000,ours,-,robot5,MIN_DISTANCE,OK,10.795,6.000,,0,nearest_robot=robot4
259.000,ours,-,robot6,MIN_DISTANCE,OK,8.083,6.000,,0,nearest_robot=robot4
259.000,ours,-,fleet,MIN_DISTANCE_AVG,OK,6.000,,,0,robots_sampled=6
260.000,ours,-,robot1,MIN_DISTANCE,OK,5.415,6.095,,0,nearest_robot=robot4
260.000,ours,-,robot2,MIN_DISTANCE,OK,3.601,6.095,,0,nearest_robot=robot3
260.000,ours,-,robot3,MIN_DISTANCE,OK,3.601,6.095,,0,nearest_robot=robot2
260.000,ours,-,robot4,MIN_DISTANCE,OK,5.415,6.095,,0,nearest_robot=robot1
260.000,ours,-,robot5,MIN_DISTANCE,OK,10.795,6.095,,0,nearest_robot=robot4
260.000,ours,-,robot6,MIN_DISTANCE,OK,7.741,6.095,,0,nearest_robot=robot4
260.000,ours,-,fleet,MIN_DISTANCE_AVG,OK,6.095,,,0,robots_sampled=6
261.000,ours,-,robot1,MIN_DISTANCE,OK,6.136,6.218,,0,nearest_robot=robot4
261.000,ours,-,robot2,MIN_DISTANCE,OK,3.635,6.218,,0,nearest_robot=robot3
261.000,ours,-,robot3,MIN_DISTANCE,OK,3.635,6.218,,0,nearest_robot=robot2
261.000,ours,-,robot4,MIN_DISTANCE,OK,6.136,6.218,,0,nearest_robot=robot1
261.000,ours,-,robot5,MIN_DISTANCE,OK,10.711,6.218,,0,nearest_robot=robot4
261.000,ours,-,robot6,MIN_DISTANCE,OK,7.052,6.218,,0,nearest_robot=robot4
261.000,ours,-,fleet,MIN_DISTANCE_AVG,OK,6.218,,,0,robots_sampled=6
262.000,ours,-,robot1,MIN_DISTANCE,OK,6.451,6.276,,0,nearest_robot=robot4
262.000,ours,-,robot2,MIN_DISTANCE,OK,3.635,6.276,,0,nearest_robot=robot3
262.000,ours,-,robot3,MIN_DISTANCE,OK,3.635,6.276,,0,nearest_robot=robot2
262.000,ours,-,robot4,MIN_DISTANCE,OK,6.451,6.276,,0,nearest_robot=robot1
262.000,ours,-,robot5,MIN_DISTANCE,OK,10.754,6.276,,0,nearest_robot=robot4
262.000,ours,-,robot6,MIN_DISTANCE,OK,6.729,6.276,,0,nearest_robot=robot4
262.000,ours,-,fleet,MIN_DISTANCE_AVG,OK,6.276,,,0,robots_sampled=6
263.000,ours,-,robot1,MIN_DISTANCE,OK,6.618,6.254,,0,nearest_robot=robot4
263.000,ours,-,robot2,MIN_DISTANCE,OK,3.594,6.254,,0,nearest_robot=robot3
263.000,ours,-,robot3,MIN_DISTANCE,OK,3.594,6.254,,0,nearest_robot=robot2
263.000,ours,-,robot4,MIN_DISTANCE,OK,6.450,6.254,,0,nearest_robot=robot6
263.000,ours,-,robot5,MIN_DISTANCE,OK,10.819,6.254,,0,nearest_robot=robot4
263.000,ours,-,robot6,MIN_DISTANCE,OK,6.450,6.254,,0,nearest_robot=robot4
263.000,ours,-,fleet,MIN_DISTANCE_AVG,OK,6.254,,,0,robots_sampled=6
264.000,ours,-,robot1,MIN_DISTANCE,OK,6.872,6.170,,0,nearest_robot=robot4
264.000,ours,-,robot2,MIN_DISTANCE,OK,3.531,6.170,,0,nearest_robot=robot3
264.000,ours,-,robot3,MIN_DISTANCE,OK,3.531,6.170,,0,nearest_robot=robot2
264.000,ours,-,robot4,MIN_DISTANCE,OK,6.138,6.170,,0,nearest_robot=robot6
264.000,ours,-,robot5,MIN_DISTANCE,OK,10.807,6.170,,0,nearest_robot=robot4
264.000,ours,-,robot6,MIN_DISTANCE,OK,6.138,6.170,,0,nearest_robot=robot4
264.000,ours,-,fleet,MIN_DISTANCE_AVG,OK,6.170,,,0,robots_sampled=6
265.000,ours,-,robot1,MIN_DISTANCE,OK,7.072,6.080,,0,nearest_robot=robot4
265.000,ours,-,robot2,MIN_DISTANCE,OK,3.475,6.080,,0,nearest_robot=robot3
265.000,ours,-,robot3,MIN_DISTANCE,OK,3.475,6.080,,0,nearest_robot=robot2
265.000,ours,-,robot4,MIN_DISTANCE,OK,5.840,6.080,,0,nearest_robot=robot6
265.000,ours,-,robot5,MIN_DISTANCE,OK,10.775,6.080,,0,nearest_robot=robot4
265.000,ours,-,robot6,MIN_DISTANCE,OK,5.840,6.080,,0,nearest_robot=robot4
265.000,ours,-,fleet,MIN_DISTANCE_AVG,OK,6.080,,,0,robots_sampled=6
266.000,ours,-,robot1,MIN_DISTANCE,OK,7.159,5.983,,0,nearest_robot=robot4
266.000,ours,-,robot2,MIN_DISTANCE,OK,3.413,5.983,,0,nearest_robot=robot3
266.000,ours,-,robot3,MIN_DISTANCE,OK,3.413,5.983,,0,nearest_robot=robot2
266.000,ours,-,robot4,MIN_DISTANCE,OK,5.572,5.983,,0,nearest_robot=robot6
266.000,ours,-,robot5,MIN_DISTANCE,OK,10.767,5.983,,0,nearest_robot=robot4
266.000,ours,-,robot6,MIN_DISTANCE,OK,5.572,5.983,,0,nearest_robot=robot4
266.000,ours,-,fleet,MIN_DISTANCE_AVG,OK,5.983,,,0,robots_sampled=6
267.000,ours,-,robot1,MIN_DISTANCE,OK,7.302,5.915,,0,nearest_robot=robot4
267.000,ours,-,robot2,MIN_DISTANCE,OK,3.392,5.915,,0,nearest_robot=robot3
267.000,ours,-,robot3,MIN_DISTANCE,OK,3.392,5.915,,0,nearest_robot=robot2
267.000,ours,-,robot4,MIN_DISTANCE,OK,5.325,5.915,,0,nearest_robot=robot6
267.000,ours,-,robot5,MIN_DISTANCE,OK,10.756,5.915,,0,nearest_robot=robot4
267.000,ours,-,robot6,MIN_DISTANCE,OK,5.325,5.915,,0,nearest_robot=robot4
267.000,ours,-,fleet,MIN_DISTANCE_AVG,OK,5.915,,,0,robots_sampled=6
268.000,ours,-,robot1,MIN_DISTANCE,OK,7.489,5.858,,0,nearest_robot=robot4
268.000,ours,-,robot2,MIN_DISTANCE,OK,3.365,5.858,,0,nearest_robot=robot3
268.000,ours,-,robot3,MIN_DISTANCE,OK,3.365,5.858,,0,nearest_robot=robot2
268.000,ours,-,robot4,MIN_DISTANCE,OK,5.106,5.858,,0,nearest_robot=robot6
268.000,ours,-,robot5,MIN_DISTANCE,OK,10.715,5.858,,0,nearest_robot=robot6
268.000,ours,-,robot6,MIN_DISTANCE,OK,5.106,5.858,,0,nearest_robot=robot4
268.000,ours,-,fleet,MIN_DISTANCE_AVG,OK,5.858,,,0,robots_sampled=6
269.000,ours,-,robot1,MIN_DISTANCE,OK,7.699,5.736,,0,nearest_robot=robot4
269.000,ours,-,robot2,MIN_DISTANCE,OK,3.347,5.736,,0,nearest_robot=robot3
269.000,ours,-,robot3,MIN_DISTANCE,OK,3.347,5.736,,0,nearest_robot=robot2
269.000,ours,-,robot4,MIN_DISTANCE,OK,4.860,5.736,,0,nearest_robot=robot6
269.000,ours,-,robot5,MIN_DISTANCE,OK,10.303,5.736,,0,nearest_robot=robot6
269.000,ours,-,robot6,MIN_DISTANCE,OK,4.860,5.736,,0,nearest_robot=robot4
269.000,ours,-,fleet,MIN_DISTANCE_AVG,OK,5.736,,,0,robots_sampled=6
270.000,ours,-,robot1,MIN_DISTANCE,OK,7.998,5.651,,0,nearest_robot=robot4
270.000,ours,-,robot2,MIN_DISTANCE,OK,3.354,5.651,,0,nearest_robot=robot3
270.000,ours,-,robot3,MIN_DISTANCE,OK,3.354,5.651,,0,nearest_robot=robot2
270.000,ours,-,robot4,MIN_DISTANCE,OK,4.645,5.651,,0,nearest_robot=robot6
270.000,ours,-,robot5,MIN_DISTANCE,OK,9.912,5.651,,0,nearest_robot=robot6
270.000,ours,-,robot6,MIN_DISTANCE,OK,4.645,5.651,,0,nearest_robot=robot4
270.000,ours,-,fleet,MIN_DISTANCE_AVG,OK,5.651,,,0,robots_sampled=6
271.000,ours,-,robot1,MIN_DISTANCE,OK,8.306,5.570,,0,nearest_robot=robot4
271.000,ours,-,robot2,MIN_DISTANCE,OK,3.343,5.570,,0,nearest_robot=robot3
271.000,ours,-,robot3,MIN_DISTANCE,OK,3.343,5.570,,0,nearest_robot=robot2
271.000,ours,-,robot4,MIN_DISTANCE,OK,4.452,5.570,,0,nearest_robot=robot6
271.000,ours,-,robot5,MIN_DISTANCE,OK,9.524,5.570,,0,nearest_robot=robot6
271.000,ours,-,robot6,MIN_DISTANCE,OK,4.452,5.570,,0,nearest_robot=robot4
271.000,ours,-,fleet,MIN_DISTANCE_AVG,OK,5.570,,,0,robots_sampled=6
272.000,ours,-,robot1,MIN_DISTANCE,OK,8.670,5.523,,0,nearest_robot=robot4
272.000,ours,-,robot2,MIN_DISTANCE,OK,3.340,5.523,,0,nearest_robot=robot3
272.000,ours,-,robot3,MIN_DISTANCE,OK,3.340,5.523,,0,nearest_robot=robot2
272.000,ours,-,robot4,MIN_DISTANCE,OK,4.292,5.523,,0,nearest_robot=robot6
272.000,ours,-,robot5,MIN_DISTANCE,OK,9.205,5.523,,0,nearest_robot=robot6
272.000,ours,-,robot6,MIN_DISTANCE,OK,4.292,5.523,,0,nearest_robot=robot4
272.000,ours,-,fleet,MIN_DISTANCE_AVG,OK,5.523,,,0,robots_sampled=6
273.000,ours,-,robot1,MIN_DISTANCE,OK,9.087,5.506,,0,nearest_robot=robot4
273.000,ours,-,robot2,MIN_DISTANCE,OK,3.351,5.506,,0,nearest_robot=robot3
273.000,ours,-,robot3,MIN_DISTANCE,OK,3.351,5.506,,0,nearest_robot=robot2
273.000,ours,-,robot4,MIN_DISTANCE,OK,4.177,5.506,,0,nearest_robot=robot6
273.000,ours,-,robot5,MIN_DISTANCE,OK,8.895,5.506,,0,nearest_robot=robot6
273.000,ours,-,robot6,MIN_DISTANCE,OK,4.177,5.506,,0,nearest_robot=robot4
273.000,ours,-,fleet,MIN_DISTANCE_AVG,OK,5.506,,,0,robots_sampled=6
274.000,ours,-,robot1,MIN_DISTANCE,OK,9.163,5.402,,0,nearest_robot=robot2
274.000,ours,-,robot2,MIN_DISTANCE,OK,3.264,5.402,,0,nearest_robot=robot3
274.000,ours,-,robot3,MIN_DISTANCE,OK,3.264,5.402,,0,nearest_robot=robot2
274.000,ours,-,robot4,MIN_DISTANCE,OK,4.086,5.402,,0,nearest_robot=robot6
274.000,ours,-,robot5,MIN_DISTANCE,OK,8.547,5.402,,0,nearest_robot=robot6
274.000,ours,-,robot6,MIN_DISTANCE,OK,4.086,5.402,,0,nearest_robot=robot4
274.000,ours,-,fleet,MIN_DISTANCE_AVG,OK,5.402,,,0,robots_sampled=6
275.000,ours,-,robot1,MIN_DISTANCE,OK,9.021,5.249,,0,nearest_robot=robot2
275.000,ours,-,robot2,MIN_DISTANCE,OK,3.088,5.249,,0,nearest_robot=robot3
275.000,ours,-,robot3,MIN_DISTANCE,OK,3.088,5.249,,0,nearest_robot=robot2
275.000,ours,-,robot4,MIN_DISTANCE,OK,4.030,5.249,,0,nearest_robot=robot6
275.000,ours,-,robot5,MIN_DISTANCE,OK,8.237,5.249,,0,nearest_robot=robot6
275.000,ours,-,robot6,MIN_DISTANCE,OK,4.030,5.249,,0,nearest_robot=robot4
275.000,ours,-,fleet,MIN_DISTANCE_AVG,OK,5.249,,,0,robots_sampled=6
276.000,ours,-,robot1,MIN_DISTANCE,OK,8.895,5.083,,0,nearest_robot=robot2
276.000,ours,-,robot2,MIN_DISTANCE,OK,2.800,5.083,,0,nearest_robot=robot3
276.000,ours,-,robot3,MIN_DISTANCE,OK,2.800,5.083,,0,nearest_robot=robot2
276.000,ours,-,robot4,MIN_DISTANCE,OK,4.009,5.083,,0,nearest_robot=robot6
276.000,ours,-,robot5,MIN_DISTANCE,OK,7.981,5.083,,0,nearest_robot=robot6
276.000,ours,-,robot6,MIN_DISTANCE,OK,4.009,5.083,,0,nearest_robot=robot4
276.000,ours,-,fleet,MIN_DISTANCE_AVG,OK,5.083,,,0,robots_sampled=6
277.000,ours,-,robot1,MIN_DISTANCE,OK,8.868,4.912,,0,nearest_robot=robot2
277.000,ours,-,robot2,MIN_DISTANCE,OK,2.404,4.912,,0,nearest_robot=robot3
277.000,ours,-,robot3,MIN_DISTANCE,OK,2.404,4.912,,0,nearest_robot=robot2
277.000,ours,-,robot4,MIN_DISTANCE,OK,4.026,4.912,,0,nearest_robot=robot6
277.000,ours,-,robot5,MIN_DISTANCE,OK,7.747,4.912,,0,nearest_robot=robot6
277.000,ours,-,robot6,MIN_DISTANCE,OK,4.026,4.912,,0,nearest_robot=robot4
277.000,ours,-,fleet,MIN_DISTANCE_AVG,OK,4.912,,,0,robots_sampled=6
278.000,ours,-,robot1,MIN_DISTANCE,OK,8.795,4.802,,0,nearest_robot=robot2
278.000,ours,-,robot2,MIN_DISTANCE,OK,2.072,4.802,,0,nearest_robot=robot3
278.000,ours,-,robot3,MIN_DISTANCE,OK,2.072,4.802,,0,nearest_robot=robot2
278.000,ours,-,robot4,MIN_DISTANCE,OK,4.258,4.802,,0,nearest_robot=robot6
278.000,ours,-,robot5,MIN_DISTANCE,OK,7.359,4.802,,0,nearest_robot=robot6
278.000,ours,-,robot6,MIN_DISTANCE,OK,4.258,4.802,,0,nearest_robot=robot4
278.000,ours,-,fleet,MIN_DISTANCE_AVG,OK,4.802,,,0,robots_sampled=6
279.000,ours,-,robot1,MIN_DISTANCE,OK,8.565,4.815,,0,nearest_robot=robot2
279.000,ours,-,robot2,MIN_DISTANCE,OK,1.995,4.815,,0,nearest_robot=robot3
279.000,ours,-,robot3,MIN_DISTANCE,OK,1.995,4.815,,0,nearest_robot=robot2
279.000,ours,-,robot4,MIN_DISTANCE,OK,4.704,4.815,,0,nearest_robot=robot6
279.000,ours,-,robot5,MIN_DISTANCE,OK,6.926,4.815,,0,nearest_robot=robot6
279.000,ours,-,robot6,MIN_DISTANCE,OK,4.704,4.815,,0,nearest_robot=robot4
279.000,ours,-,fleet,MIN_DISTANCE_AVG,OK,4.815,,,0,robots_sampled=6
280.000,ours,-,robot1,MIN_DISTANCE,OK,8.295,4.805,,0,nearest_robot=robot2
280.000,ours,-,robot2,MIN_DISTANCE,OK,1.991,4.805,,0,nearest_robot=robot3
280.000,ours,-,robot3,MIN_DISTANCE,OK,1.991,4.805,,0,nearest_robot=robot2
280.000,ours,-,robot4,MIN_DISTANCE,OK,4.915,4.805,,0,nearest_robot=robot2
280.000,ours,-,robot5,MIN_DISTANCE,OK,6.482,4.805,,0,nearest_robot=robot6
280.000,ours,-,robot6,MIN_DISTANCE,OK,5.154,4.805,,0,nearest_robot=robot4
280.000,ours,-,fleet,MIN_DISTANCE_AVG,OK,4.805,,,0,robots_sampled=6
281.000,ours,-,robot1,MIN_DISTANCE,OK,8.019,4.712,,0,nearest_robot=robot2
281.000,ours,-,robot2,MIN_DISTANCE,OK,1.967,4.712,,0,nearest_robot=robot3
281.000,ours,-,robot3,MIN_DISTANCE,OK,1.967,4.712,,0,nearest_robot=robot2
281.000,ours,-,robot4,MIN_DISTANCE,OK,4.649,4.712,,0,nearest_robot=robot2
281.000,ours,-,robot5,MIN_DISTANCE,OK,6.037,4.712,,0,nearest_robot=robot6
281.000,ours,-,robot6,MIN_DISTANCE,OK,5.634,4.712,,0,nearest_robot=robot4
281.000,ours,-,fleet,MIN_DISTANCE_AVG,OK,4.712,,,0,robots_sampled=6
282.000,ours,-,robot1,MIN_DISTANCE,OK,7.699,4.549,,0,nearest_robot=robot2
282.000,ours,-,robot2,MIN_DISTANCE,OK,1.985,4.549,,0,nearest_robot=robot3
282.000,ours,-,robot3,MIN_DISTANCE,OK,1.985,4.549,,0,nearest_robot=robot2
282.000,ours,-,robot4,MIN_DISTANCE,OK,4.420,4.549,,0,nearest_robot=robot2
282.000,ours,-,robot5,MIN_DISTANCE,OK,5.602,4.549,,0,nearest_robot=robot6
282.000,ours,-,robot6,MIN_DISTANCE,OK,5.602,4.549,,0,nearest_robot=robot5
282.000,ours,-,fleet,MIN_DISTANCE_AVG,OK,4.549,,,0,robots_sampled=6
283.000,ours,-,robot1,MIN_DISTANCE,OK,7.403,4.283,,0,nearest_robot=robot2
283.000,ours,-,robot2,MIN_DISTANCE,OK,1.918,4.283,,0,nearest_robot=robot3
283.000,ours,-,robot3,MIN_DISTANCE,OK,1.918,4.283,,0,nearest_robot=robot2
283.000,ours,-,robot4,MIN_DISTANCE,OK,4.258,4.283,,0,nearest_robot=robot2
283.000,ours,-,robot5,MIN_DISTANCE,OK,5.101,4.283,,0,nearest_robot=robot6
283.000,ours,-,robot6,MIN_DISTANCE,OK,5.101,4.283,,0,nearest_robot=robot5
283.000,ours,-,fleet,MIN_DISTANCE_AVG,OK,4.283,,,0,robots_sampled=6
284.000,ours,-,robot1,MIN_DISTANCE,OK,7.091,4.056,,0,nearest_robot=robot2
284.000,ours,-,robot2,MIN_DISTANCE,OK,1.876,4.056,,0,nearest_robot=robot3
284.000,ours,-,robot3,MIN_DISTANCE,OK,1.876,4.056,,0,nearest_robot=robot2
284.000,ours,-,robot4,MIN_DISTANCE,OK,4.124,4.056,,0,nearest_robot=robot2
284.000,ours,-,robot5,MIN_DISTANCE,OK,4.683,4.056,,0,nearest_robot=robot6
284.000,ours,-,robot6,MIN_DISTANCE,OK,4.683,4.056,,0,nearest_robot=robot5
284.000,ours,-,fleet,MIN_DISTANCE_AVG,OK,4.056,,,0,robots_sampled=6
285.000,ours,-,robot1,MIN_DISTANCE,OK,6.785,3.889,,0,nearest_robot=robot2
285.000,ours,-,robot2,MIN_DISTANCE,OK,1.828,3.889,,0,nearest_robot=robot3
285.000,ours,-,robot3,MIN_DISTANCE,OK,1.828,3.889,,0,nearest_robot=robot2
285.000,ours,-,robot4,MIN_DISTANCE,OK,4.080,3.889,,0,nearest_robot=robot2
285.000,ours,-,robot5,MIN_DISTANCE,OK,4.407,3.889,,0,nearest_robot=robot6
285.000,ours,-,robot6,MIN_DISTANCE,OK,4.407,3.889,,0,nearest_robot=robot5
285.000,ours,-,fleet,MIN_DISTANCE_AVG,OK,3.889,,,0,robots_sampled=6
286.000,ours,-,robot1,MIN_DISTANCE,OK,6.493,3.756,,0,nearest_robot=robot2
286.000,ours,-,robot2,MIN_DISTANCE,OK,1.729,3.756,,0,nearest_robot=robot3
286.000,ours,-,robot3,MIN_DISTANCE,OK,1.729,3.756,,0,nearest_robot=robot2
286.000,ours,-,robot4,MIN_DISTANCE,OK,4.101,3.756,,0,nearest_robot=robot2
286.000,ours,-,robot5,MIN_DISTANCE,OK,4.241,3.756,,0,nearest_robot=robot6
286.000,ours,-,robot6,MIN_DISTANCE,OK,4.241,3.756,,0,nearest_robot=robot5
286.000,ours,-,fleet,MIN_DISTANCE_AVG,OK,3.756,,,0,robots_sampled=6
287.000,ours,-,robot1,MIN_DISTANCE,OK,6.149,3.688,,0,nearest_robot=robot2
287.000,ours,-,robot2,MIN_DISTANCE,OK,1.678,3.688,,0,nearest_robot=robot3
287.000,ours,-,robot3,MIN_DISTANCE,OK,1.678,3.688,,0,nearest_robot=robot2
287.000,ours,-,robot4,MIN_DISTANCE,OK,4.221,3.688,,0,nearest_robot=robot2
287.000,ours,-,robot5,MIN_DISTANCE,OK,4.199,3.688,,0,nearest_robot=robot6
287.000,ours,-,robot6,MIN_DISTANCE,OK,4.199,3.688,,0,nearest_robot=robot5
287.000,ours,-,fleet,MIN_DISTANCE_AVG,OK,3.688,,,0,robots_sampled=6
288.000,ours,-,robot1,MIN_DISTANCE,OK,5.805,3.522,,0,nearest_robot=robot2
288.000,ours,-,robot2,MIN_DISTANCE,OK,1.620,3.522,,0,nearest_robot=robot3
288.000,ours,-,robot3,MIN_DISTANCE,OK,1.620,3.522,,0,nearest_robot=robot2
288.000,ours,-,robot4,MIN_DISTANCE,OK,4.363,3.522,,0,nearest_robot=robot3
288.000,ours,-,robot5,MIN_DISTANCE,OK,3.862,3.522,,0,nearest_robot=robot6
288.000,ours,-,robot6,MIN_DISTANCE,OK,3.862,3.522,,0,nearest_robot=robot5
288.000,ours,-,fleet,MIN_DISTANCE_AVG,OK,3.522,,,0,robots_sampled=6
289.000,ours,-,robot1,MIN_DISTANCE,OK,5.375,3.292,,0,nearest_robot=robot2
289.000,ours,-,robot2,MIN_DISTANCE,OK,1.549,3.292,,0,nearest_robot=robot3
289.000,ours,-,robot3,MIN_DISTANCE,OK,1.549,3.292,,0,nearest_robot=robot2
289.000,ours,-,robot4,MIN_DISTANCE,OK,4.258,3.292,,0,nearest_robot=robot3
289.000,ours,-,robot5,MIN_DISTANCE,OK,3.509,3.292,,0,nearest_robot=robot6
289.000,ours,-,robot6,MIN_DISTANCE,OK,3.509,3.292,,0,nearest_robot=robot5
289.000,ours,-,fleet,MIN_DISTANCE_AVG,OK,3.292,,,0,robots_sampled=6
290.000,ours,-,robot1,MIN_DISTANCE,OK,4.922,3.095,,0,nearest_robot=robot2
290.000,ours,-,robot2,MIN_DISTANCE,OK,1.585,3.095,,0,nearest_robot=robot3
290.000,ours,-,robot3,MIN_DISTANCE,OK,1.585,3.095,,0,nearest_robot=robot2
290.000,ours,-,robot4,MIN_DISTANCE,OK,4.220,3.095,,0,nearest_robot=robot3
290.000,ours,-,robot5,MIN_DISTANCE,OK,3.128,3.095,,0,nearest_robot=robot6
290.000,ours,-,robot6,MIN_DISTANCE,OK,3.128,3.095,,0,nearest_robot=robot5
290.000,ours,-,fleet,MIN_DISTANCE_AVG,OK,3.095,,,0,robots_sampled=6
291.000,ours,-,robot1,MIN_DISTANCE,OK,4.449,2.962,,0,nearest_robot=robot2
291.000,ours,-,robot2,MIN_DISTANCE,OK,1.680,2.962,,0,nearest_robot=robot3
291.000,ours,-,robot3,MIN_DISTANCE,OK,1.680,2.962,,0,nearest_robot=robot2
291.000,ours,-,robot4,MIN_DISTANCE,OK,4.272,2.962,,0,nearest_robot=robot3
291.000,ours,-,robot5,MIN_DISTANCE,OK,2.845,2.962,,0,nearest_robot=robot6
291.000,ours,-,robot6,MIN_DISTANCE,OK,2.845,2.962,,0,nearest_robot=robot5
291.000,ours,-,fleet,MIN_DISTANCE_AVG,OK,2.962,,,0,robots_sampled=6
292.000,ours,-,robot1,MIN_DISTANCE,OK,3.984,2.881,,0,nearest_robot=robot2
292.000,ours,-,robot2,MIN_DISTANCE,OK,1.993,2.881,,0,nearest_robot=robot3
292.000,ours,-,robot3,MIN_DISTANCE,OK,1.993,2.881,,0,nearest_robot=robot2
292.000,ours,-,robot4,MIN_DISTANCE,OK,4.321,2.881,,0,nearest_robot=robot3
292.000,ours,-,robot5,MIN_DISTANCE,OK,2.496,2.881,,0,nearest_robot=robot6
292.000,ours,-,robot6,MIN_DISTANCE,OK,2.496,2.881,,0,nearest_robot=robot5
292.000,ours,-,fleet,MIN_DISTANCE_AVG,OK,2.881,,,0,robots_sampled=6
293.000,ours,-,robot1,MIN_DISTANCE,OK,3.524,2.836,,0,nearest_robot=robot2
293.000,ours,-,robot2,MIN_DISTANCE,OK,2.386,2.836,,0,nearest_robot=robot3
293.000,ours,-,robot3,MIN_DISTANCE,OK,2.386,2.836,,0,nearest_robot=robot2
293.000,ours,-,robot4,MIN_DISTANCE,OK,4.377,2.836,,0,nearest_robot=robot3
293.000,ours,-,robot5,MIN_DISTANCE,OK,2.170,2.836,,0,nearest_robot=robot6
293.000,ours,-,robot6,MIN_DISTANCE,OK,2.170,2.836,,0,nearest_robot=robot5
293.000,ours,-,fleet,MIN_DISTANCE_AVG,OK,2.836,,,0,robots_sampled=6
294.000,ours,-,robot1,MIN_DISTANCE,OK,3.038,2.812,,0,nearest_robot=robot2
294.000,ours,-,robot2,MIN_DISTANCE,OK,2.821,2.812,,0,nearest_robot=robot3
294.000,ours,-,robot3,MIN_DISTANCE,OK,2.821,2.812,,0,nearest_robot=robot2
294.000,ours,-,robot4,MIN_DISTANCE,OK,4.399,2.812,,0,nearest_robot=robot3
294.000,ours,-,robot5,MIN_DISTANCE,OK,1.898,2.812,,0,nearest_robot=robot6
294.000,ours,-,robot6,MIN_DISTANCE,OK,1.898,2.812,,0,nearest_robot=robot5
294.000,ours,-,fleet,MIN_DISTANCE_AVG,OK,2.812,,,0,robots_sampled=6
295.000,ours,-,robot1,MIN_DISTANCE,OK,2.629,2.674,,0,nearest_robot=robot2
295.000,ours,-,robot2,MIN_DISTANCE,OK,2.629,2.674,,0,nearest_robot=robot1
295.000,ours,-,robot3,MIN_DISTANCE,OK,2.923,2.674,,0,nearest_robot=robot2
295.000,ours,-,robot4,MIN_DISTANCE,OK,4.517,2.674,,0,nearest_robot=robot3
295.000,ours,-,robot5,MIN_DISTANCE,OK,1.673,2.674,,0,nearest_robot=robot6
295.000,ours,-,robot6,MIN_DISTANCE,OK,1.673,2.674,,0,nearest_robot=robot5
295.000,ours,-,fleet,MIN_DISTANCE_AVG,OK,2.674,,,0,robots_sampled=6
296.000,ours,-,robot1,MIN_DISTANCE,OK,2.376,2.549,,0,nearest_robot=robot2
296.000,ours,-,robot2,MIN_DISTANCE,OK,2.376,2.549,,0,nearest_robot=robot1
296.000,ours,-,robot3,MIN_DISTANCE,OK,2.731,2.549,,0,nearest_robot=robot2
296.000,ours,-,robot4,MIN_DISTANCE,OK,4.761,2.549,,0,nearest_robot=robot3
296.000,ours,-,robot5,MIN_DISTANCE,OK,1.524,2.549,,0,nearest_robot=robot6
296.000,ours,-,robot6,MIN_DISTANCE,OK,1.524,2.549,,0,nearest_robot=robot5
296.000,ours,-,fleet,MIN_DISTANCE_AVG,OK,2.549,,,0,robots_sampled=6
297.000,ours,-,robot1,MIN_DISTANCE,OK,2.257,2.500,,0,nearest_robot=robot2
297.000,ours,-,robot2,MIN_DISTANCE,OK,2.257,2.500,,0,nearest_robot=robot1
297.000,ours,-,robot3,MIN_DISTANCE,OK,2.390,2.500,,0,nearest_robot=robot2
297.000,ours,-,robot4,MIN_DISTANCE,OK,5.215,2.500,,0,nearest_robot=robot3
297.000,ours,-,robot5,MIN_DISTANCE,OK,1.439,2.500,,0,nearest_robot=robot6
297.000,ours,-,robot6,MIN_DISTANCE,OK,1.439,2.500,,0,nearest_robot=robot5
297.000,ours,-,fleet,MIN_DISTANCE_AVG,OK,2.500,,,0,robots_sampled=6
298.000,ours,-,robot1,MIN_DISTANCE,OK,2.206,2.447,,0,nearest_robot=robot2
298.000,ours,-,robot2,MIN_DISTANCE,OK,1.978,2.447,,0,nearest_robot=robot3
298.000,ours,-,robot3,MIN_DISTANCE,OK,1.978,2.447,,0,nearest_robot=robot2
298.000,ours,-,robot4,MIN_DISTANCE,OK,5.670,2.447,,0,nearest_robot=robot3
298.000,ours,-,robot5,MIN_DISTANCE,OK,1.427,2.447,,0,nearest_robot=robot6
298.000,ours,-,robot6,MIN_DISTANCE,OK,1.427,2.447,,0,nearest_robot=robot5
298.000,ours,-,fleet,MIN_DISTANCE_AVG,OK,2.447,,,0,robots_sampled=6
299.000,ours,-,robot1,MIN_DISTANCE,OK,2.173,2.372,,0,nearest_robot=robot2
299.000,ours,-,robot2,MIN_DISTANCE,OK,1.510,2.372,,0,nearest_robot=robot3
299.000,ours,-,robot3,MIN_DISTANCE,OK,1.510,2.372,,0,nearest_robot=robot2
299.000,ours,-,robot4,MIN_DISTANCE,OK,6.186,2.372,,0,nearest_robot=robot3
299.000,ours,-,robot5,MIN_DISTANCE,OK,1.427,2.372,,0,nearest_robot=robot6
299.000,ours,-,robot6,MIN_DISTANCE,OK,1.427,2.372,,0,nearest_robot=robot5
299.000,ours,-,fleet,MIN_DISTANCE_AVG,OK,2.372,,,0,robots_sampled=6
300.000,ours,-,robot1,MIN_DISTANCE,OK,1.855,2.364,,0,nearest_robot=robot2
300.000,ours,-,robot2,MIN_DISTANCE,OK,1.493,2.364,,0,nearest_robot=robot3
300.000,ours,-,robot3,MIN_DISTANCE,OK,1.493,2.364,,0,nearest_robot=robot2
300.000,ours,-,robot4,MIN_DISTANCE,OK,6.489,2.364,,0,nearest_robot=robot3
300.000,ours,-,robot5,MIN_DISTANCE,OK,1.427,2.364,,0,nearest_robot=robot6
300.000,ours,-,robot6,MIN_DISTANCE,OK,1.427,2.364,,0,nearest_robot=robot5
300.000,ours,-,fleet,MIN_DISTANCE_AVG,OK,2.364,,,0,robots_sampled=6
301.000,ours,-,robot1,MIN_DISTANCE,OK,1.509,2.389,,0,nearest_robot=robot2
301.000,ours,-,robot2,MIN_DISTANCE,OK,1.509,2.389,,0,nearest_robot=robot1
301.000,ours,-,robot3,MIN_DISTANCE,OK,1.653,2.389,,0,nearest_robot=robot2
301.000,ours,-,robot4,MIN_DISTANCE,OK,6.808,2.389,,0,nearest_robot=robot3
301.000,ours,-,robot5,MIN_DISTANCE,OK,1.427,2.389,,0,nearest_robot=robot6
301.000,ours,-,robot6,MIN_DISTANCE,OK,1.427,2.389,,0,nearest_robot=robot5
301.000,ours,-,fleet,MIN_DISTANCE_AVG,OK,2.389,,,0,robots_sampled=6
302.000,ours,-,robot1,MIN_DISTANCE,OK,1.225,2.367,,0,nearest_robot=robot2
302.000,ours,-,robot2,MIN_DISTANCE,OK,1.225,2.367,,0,nearest_robot=robot1
302.000,ours,-,robot3,MIN_DISTANCE,OK,1.853,2.367,,0,nearest_robot=robot2
302.000,ours,-,robot4,MIN_DISTANCE,OK,7.043,2.367,,0,nearest_robot=robot3
302.000,ours,-,robot5,MIN_DISTANCE,OK,1.427,2.367,,0,nearest_robot=robot6
302.000,ours,-,robot6,MIN_DISTANCE,OK,1.427,2.367,,0,nearest_robot=robot5
302.000,ours,-,fleet,MIN_DISTANCE_AVG,OK,2.367,,,0,robots_sampled=6
303.000,ours,-,robot1,MIN_DISTANCE,OK,1.019,2.368,,0,nearest_robot=robot2
303.000,ours,-,robot2,MIN_DISTANCE,OK,1.019,2.368,,0,nearest_robot=robot1
303.000,ours,-,robot3,MIN_DISTANCE,OK,2.161,2.368,,0,nearest_robot=robot2
303.000,ours,-,robot4,MIN_DISTANCE,OK,7.155,2.368,,0,nearest_robot=robot3
303.000,ours,-,robot5,MIN_DISTANCE,OK,1.427,2.368,,0,nearest_robot=robot6
303.000,ours,-,robot6,MIN_DISTANCE,OK,1.427,2.368,,0,nearest_robot=robot5
303.000,ours,-,fleet,MIN_DISTANCE_AVG,OK,2.368,,,0,robots_sampled=6
304.000,ours,-,robot1,MIN_DISTANCE,OK,0.971,2.416,,0,nearest_robot=robot2
304.000,ours,-,robot2,MIN_DISTANCE,OK,0.971,2.416,,0,nearest_robot=robot1
304.000,ours,-,robot3,MIN_DISTANCE,OK,2.518,2.416,,0,nearest_robot=robot1
304.000,ours,-,robot4,MIN_DISTANCE,OK,7.179,2.416,,0,nearest_robot=robot3
304.000,ours,-,robot5,MIN_DISTANCE,OK,1.427,2.416,,0,nearest_robot=robot6
304.000,ours,-,robot6,MIN_DISTANCE,OK,1.427,2.416,,0,nearest_robot=robot5
304.000,ours,-,fleet,MIN_DISTANCE_AVG,OK,2.416,,,0,robots_sampled=6
305.000,ours,-,robot1,MIN_DISTANCE,OK,1.119,2.465,,0,nearest_robot=robot2
305.000,ours,-,robot2,MIN_DISTANCE,OK,1.119,2.465,,0,nearest_robot=robot1
305.000,ours,-,robot3,MIN_DISTANCE,OK,2.508,2.465,,0,nearest_robot=robot1
305.000,ours,-,robot4,MIN_DISTANCE,OK,7.187,2.465,,0,nearest_robot=robot3
305.000,ours,-,robot5,MIN_DISTANCE,OK,1.428,2.465,,0,nearest_robot=robot6
305.000,ours,-,robot6,MIN_DISTANCE,OK,1.428,2.465,,0,nearest_robot=robot5
305.000,ours,-,fleet,MIN_DISTANCE_AVG,OK,2.465,,,0,robots_sampled=6
306.000,ours,-,robot1,MIN_DISTANCE,OK,1.396,2.558,,0,nearest_robot=robot2
306.000,ours,-,robot2,MIN_DISTANCE,OK,1.396,2.558,,0,nearest_robot=robot1
306.000,ours,-,robot3,MIN_DISTANCE,OK,2.533,2.558,,0,nearest_robot=robot1
306.000,ours,-,robot4,MIN_DISTANCE,OK,7.164,2.558,,0,nearest_robot=robot3
306.000,ours,-,robot5,MIN_DISTANCE,OK,1.428,2.558,,0,nearest_robot=robot6
306.000,ours,-,robot6,MIN_DISTANCE,OK,1.428,2.558,,0,nearest_robot=robot5
306.000,ours,-,fleet,MIN_DISTANCE_AVG,OK,2.558,,,0,robots_sampled=6
307.000,ours,-,robot1,MIN_DISTANCE,OK,1.732,2.668,,0,nearest_robot=robot2
307.000,ours,-,robot2,MIN_DISTANCE,OK,1.732,2.668,,0,nearest_robot=robot1
307.000,ours,-,robot3,MIN_DISTANCE,OK,2.491,2.668,,0,nearest_robot=robot1
307.000,ours,-,robot4,MIN_DISTANCE,OK,7.201,2.668,,0,nearest_robot=robot3
307.000,ours,-,robot5,MIN_DISTANCE,OK,1.428,2.668,,0,nearest_robot=robot6
307.000,ours,-,robot6,MIN_DISTANCE,OK,1.428,2.668,,0,nearest_robot=robot5
307.000,ours,-,fleet,MIN_DISTANCE_AVG,OK,2.668,,,0,robots_sampled=6
308.000,ours,-,robot1,MIN_DISTANCE,OK,1.957,2.737,,0,nearest_robot=robot2
308.000,ours,-,robot2,MIN_DISTANCE,OK,1.957,2.737,,0,nearest_robot=robot1
308.000,ours,-,robot3,MIN_DISTANCE,OK,2.347,2.737,,0,nearest_robot=robot1
308.000,ours,-,robot4,MIN_DISTANCE,OK,7.307,2.737,,0,nearest_robot=robot3
308.000,ours,-,robot5,MIN_DISTANCE,OK,1.428,2.737,,0,nearest_robot=robot6
308.000,ours,-,robot6,MIN_DISTANCE,OK,1.428,2.737,,0,nearest_robot=robot5
308.000,ours,-,fleet,MIN_DISTANCE_AVG,OK,2.737,,,0,robots_sampled=6
309.000,ours,-,robot1,MIN_DISTANCE,OK,1.965,2.727,,0,nearest_robot=robot2
309.000,ours,-,robot2,MIN_DISTANCE,OK,1.965,2.727,,0,nearest_robot=robot1
309.000,ours,-,robot3,MIN_DISTANCE,OK,2.084,2.727,,0,nearest_robot=robot1
309.000,ours,-,robot4,MIN_DISTANCE,OK,7.490,2.727,,0,nearest_robot=robot3
309.000,ours,-,robot5,MIN_DISTANCE,OK,1.428,2.727,,0,nearest_robot=robot6
309.000,ours,-,robot6,MIN_DISTANCE,OK,1.428,2.727,,0,nearest_robot=robot5
309.000,ours,-,fleet,MIN_DISTANCE_AVG,OK,2.727,,,0,robots_sampled=6
310.000,ours,-,robot1,MIN_DISTANCE,OK,1.786,2.694,,0,nearest_robot=robot3
310.000,ours,-,robot2,MIN_DISTANCE,OK,1.965,2.694,,0,nearest_robot=robot1
310.000,ours,-,robot3,MIN_DISTANCE,OK,1.786,2.694,,0,nearest_robot=robot1
310.000,ours,-,robot4,MIN_DISTANCE,OK,7.770,2.694,,0,nearest_robot=robot3
310.000,ours,-,robot5,MIN_DISTANCE,OK,1.428,2.694,,0,nearest_robot=robot6
310.000,ours,-,robot6,MIN_DISTANCE,OK,1.428,2.694,,0,nearest_robot=robot5
310.000,ours,-,fleet,MIN_DISTANCE_AVG,OK,2.694,,,0,robots_sampled=6
311.000,ours,-,robot1,MIN_DISTANCE,OK,1.635,2.683,,0,nearest_robot=robot3
311.000,ours,-,robot2,MIN_DISTANCE,OK,1.965,2.683,,0,nearest_robot=robot1
311.000,ours,-,robot3,MIN_DISTANCE,OK,1.635,2.683,,0,nearest_robot=robot1
311.000,ours,-,robot4,MIN_DISTANCE,OK,8.009,2.683,,0,nearest_robot=robot3
311.000,ours,-,robot5,MIN_DISTANCE,OK,1.428,2.683,,0,nearest_robot=robot6
311.000,ours,-,robot6,MIN_DISTANCE,OK,1.428,2.683,,0,nearest_robot=robot5
311.000,ours,-,fleet,MIN_DISTANCE_AVG,OK,2.683,,,0,robots_sampled=6
312.000,ours,-,robot1,MIN_DISTANCE,OK,1.529,2.696,,0,nearest_robot=robot3
312.000,ours,-,robot2,MIN_DISTANCE,OK,1.966,2.696,,0,nearest_robot=robot1
312.000,ours,-,robot3,MIN_DISTANCE,OK,1.529,2.696,,0,nearest_robot=robot1
312.000,ours,-,robot4,MIN_DISTANCE,OK,8.296,2.696,,0,nearest_robot=robot3
312.000,ours,-,robot5,MIN_DISTANCE,OK,1.428,2.696,,0,nearest_robot=robot6
312.000,ours,-,robot6,MIN_DISTANCE,OK,1.428,2.696,,0,nearest_robot=robot5
312.000,ours,-,fleet,MIN_DISTANCE_AVG,OK,2.696,,,0,robots_sampled=6
313.000,ours,-,robot1,MIN_DISTANCE,OK,1.580,2.759,,0,nearest_robot=robot3
313.000,ours,-,robot2,MIN_DISTANCE,OK,1.966,2.759,,0,nearest_robot=robot1
313.000,ours,-,robot3,MIN_DISTANCE,OK,1.580,2.759,,0,nearest_robot=robot1
313.000,ours,-,robot4,MIN_DISTANCE,OK,8.569,2.759,,0,nearest_robot=robot3
313.000,ours,-,robot5,MIN_DISTANCE,OK,1.428,2.759,,0,nearest_robot=robot6
313.000,ours,-,robot6,MIN_DISTANCE,OK,1.428,2.759,,0,nearest_robot=robot5
313.000,ours,-,fleet,MIN_DISTANCE_AVG,OK,2.759,,,0,robots_sampled=6
314.000,ours,-,robot1,MIN_DISTANCE,OK,1.714,2.831,,0,nearest_robot=robot3
314.000,ours,-,robot2,MIN_DISTANCE,OK,1.849,2.831,,0,nearest_robot=robot3
314.000,ours,-,robot3,MIN_DISTANCE,OK,1.714,2.831,,0,nearest_robot=robot1
314.000,ours,-,robot4,MIN_DISTANCE,OK,8.852,2.831,,0,nearest_robot=robot3
314.000,ours,-,robot5,MIN_DISTANCE,OK,1.428,2.831,,0,nearest_robot=robot6
314.000,ours,-,robot6,MIN_DISTANCE,OK,1.428,2.831,,0,nearest_robot=robot5
314.000,ours,-,fleet,MIN_DISTANCE_AVG,OK,2.831,,,0,robots_sampled=6
315.000,ours,-,robot1,MIN_DISTANCE,OK,1.952,2.864,,0,nearest_robot=robot3
315.000,ours,-,robot2,MIN_DISTANCE,OK,1.608,2.864,,0,nearest_robot=robot3
315.000,ours,-,robot3,MIN_DISTANCE,OK,1.608,2.864,,0,nearest_robot=robot2
315.000,ours,-,robot4,MIN_DISTANCE,OK,9.156,2.864,,0,nearest_robot=robot3
315.000,ours,-,robot5,MIN_DISTANCE,OK,1.429,2.864,,0,nearest_robot=robot6
315.000,ours,-,robot6,MIN_DISTANCE,OK,1.429,2.864,,0,nearest_robot=robot5
315.000,ours,-,fleet,MIN_DISTANCE_AVG,OK,2.864,,,0,robots_sampled=6
316.000,ours,-,robot1,MIN_DISTANCE,OK,1.967,2.870,,0,nearest_robot=robot2
316.000,ours,-,robot2,MIN_DISTANCE,OK,1.480,2.870,,0,nearest_robot=robot3
316.000,ours,-,robot3,MIN_DISTANCE,OK,1.480,2.870,,0,nearest_robot=robot2
316.000,ours,-,robot4,MIN_DISTANCE,OK,9.434,2.870,,0,nearest_robot=robot3
316.000,ours,-,robot5,MIN_DISTANCE,OK,1.429,2.870,,0,nearest_robot=robot6
316.000,ours,-,robot6,MIN_DISTANCE,OK,1.429,2.870,,0,nearest_robot=robot5
316.000,ours,-,fleet,MIN_DISTANCE_AVG,OK,2.870,,,0,robots_sampled=6
317.000,ours,-,robot1,MIN_DISTANCE,OK,1.967,2.875,,0,nearest_robot=robot2
317.000,ours,-,robot2,MIN_DISTANCE,OK,1.454,2.875,,0,nearest_robot=robot3
317.000,ours,-,robot3,MIN_DISTANCE,OK,1.454,2.875,,0,nearest_robot=robot2
317.000,ours,-,robot4,MIN_DISTANCE,OK,9.520,2.875,,0,nearest_robot=robot6
317.000,ours,-,robot5,MIN_DISTANCE,OK,1.429,2.875,,0,nearest_robot=robot6
317.000,ours,-,robot6,MIN_DISTANCE,OK,1.429,2.875,,0,nearest_robot=robot5
317.000,ours,-,fleet,MIN_DISTANCE_AVG,OK,2.875,,,0,robots_sampled=6
318.000,ours,-,robot1,MIN_DISTANCE,OK,1.967,2.882,,0,nearest_robot=robot2
318.000,ours,-,robot2,MIN_DISTANCE,OK,1.474,2.882,,0,nearest_robot=robot3
318.000,ours,-,robot3,MIN_DISTANCE,OK,1.474,2.882,,0,nearest_robot=robot2
318.000,ours,-,robot4,MIN_DISTANCE,OK,9.521,2.882,,0,nearest_robot=robot6
318.000,ours,-,robot5,MIN_DISTANCE,OK,1.429,2.882,,0,nearest_robot=robot6
318.000,ours,-,robot6,MIN_DISTANCE,OK,1.429,2.882,,0,nearest_robot=robot5
318.000,ours,-,fleet,MIN_DISTANCE_AVG,OK,2.882,,,0,robots_sampled=6
319.000,ours,-,robot1,MIN_DISTANCE,OK,1.967,2.866,,0,nearest_robot=robot2
319.000,ours,-,robot2,MIN_DISTANCE,OK,1.462,2.866,,0,nearest_robot=robot3
319.000,ours,-,robot3,MIN_DISTANCE,OK,1.462,2.866,,0,nearest_robot=robot2
319.000,ours,-,robot4,MIN_DISTANCE,OK,9.447,2.866,,0,nearest_robot=robot6
319.000,ours,-,robot5,MIN_DISTANCE,OK,1.429,2.866,,0,nearest_robot=robot6
319.000,ours,-,robot6,MIN_DISTANCE,OK,1.429,2.866,,0,nearest_robot=robot5
319.000,ours,-,fleet,MIN_DISTANCE_AVG,OK,2.866,,,0,robots_sampled=6
320.000,ours,-,robot1,MIN_DISTANCE,OK,1.968,2.882,,0,nearest_robot=robot2
320.000,ours,-,robot2,MIN_DISTANCE,OK,1.463,2.882,,0,nearest_robot=robot3
320.000,ours,-,robot3,MIN_DISTANCE,OK,1.463,2.882,,0,nearest_robot=robot2
320.000,ours,-,robot4,MIN_DISTANCE,OK,9.543,2.882,,0,nearest_robot=robot6
320.000,ours,-,robot5,MIN_DISTANCE,OK,1.429,2.882,,0,nearest_robot=robot6
320.000,ours,-,robot6,MIN_DISTANCE,OK,1.429,2.882,,0,nearest_robot=robot5
320.000,ours,-,fleet,MIN_DISTANCE_AVG,OK,2.882,,,0,robots_sampled=6
321.000,ours,-,robot1,MIN_DISTANCE,OK,1.968,2.014,,0,nearest_robot=robot2
321.000,ours,-,robot2,MIN_DISTANCE,OK,1.463,2.014,,0,nearest_robot=robot3
321.000,ours,-,robot3,MIN_DISTANCE,OK,1.463,2.014,,0,nearest_robot=robot2
321.000,ours,-,robot4,MIN_DISTANCE,OK,4.334,2.014,,0,nearest_robot=robot6
321.000,ours,-,robot5,MIN_DISTANCE,OK,1.429,2.014,,0,nearest_robot=robot6
321.000,ours,-,robot6,MIN_DISTANCE,OK,1.429,2.014,,0,nearest_robot=robot5
321.000,ours,-,fleet,MIN_DISTANCE_AVG,OK,2.014,,,0,robots_sampled=6
322.000,ours,-,robot1,MIN_DISTANCE,OK,1.968,2.014,,0,nearest_robot=robot2
322.000,ours,-,robot2,MIN_DISTANCE,OK,1.463,2.014,,0,nearest_robot=robot3
322.000,ours,-,robot3,MIN_DISTANCE,OK,1.463,2.014,,0,nearest_robot=robot2
322.000,ours,-,robot4,MIN_DISTANCE,OK,4.334,2.014,,0,nearest_robot=robot6
322.000,ours,-,robot5,MIN_DISTANCE,OK,1.429,2.014,,0,nearest_robot=robot6
322.000,ours,-,robot6,MIN_DISTANCE,OK,1.429,2.014,,0,nearest_robot=robot5
322.000,ours,-,fleet,MIN_DISTANCE_AVG,OK,2.014,,,0,robots_sampled=6
323.000,ours,-,robot1,MIN_DISTANCE,OK,1.968,2.015,,0,nearest_robot=robot2
323.000,ours,-,robot2,MIN_DISTANCE,OK,1.463,2.015,,0,nearest_robot=robot3
323.000,ours,-,robot3,MIN_DISTANCE,OK,1.463,2.015,,0,nearest_robot=robot2
323.000,ours,-,robot4,MIN_DISTANCE,OK,4.333,2.015,,0,nearest_robot=robot6
323.000,ours,-,robot5,MIN_DISTANCE,OK,1.429,2.015,,0,nearest_robot=robot6
323.000,ours,-,robot6,MIN_DISTANCE,OK,1.429,2.015,,0,nearest_robot=robot5
323.000,ours,-,fleet,MIN_DISTANCE_AVG,OK,2.015,,,0,robots_sampled=6
324.000,ours,-,robot1,MIN_DISTANCE,OK,1.969,2.015,,0,nearest_robot=robot2
324.000,ours,-,robot2,MIN_DISTANCE,OK,1.464,2.015,,0,nearest_robot=robot3
324.000,ours,-,robot3,MIN_DISTANCE,OK,1.464,2.015,,0,nearest_robot=robot2
324.000,ours,-,robot4,MIN_DISTANCE,OK,4.333,2.015,,0,nearest_robot=robot6
324.000,ours,-,robot5,MIN_DISTANCE,OK,1.429,2.015,,0,nearest_robot=robot6
324.000,ours,-,robot6,MIN_DISTANCE,OK,1.429,2.015,,0,nearest_robot=robot5
324.000,ours,-,fleet,MIN_DISTANCE_AVG,OK,2.015,,,0,robots_sampled=6
325.000,ours,-,robot1,MIN_DISTANCE,OK,1.969,2.020,,0,nearest_robot=robot2
325.000,ours,-,robot2,MIN_DISTANCE,OK,1.464,2.020,,0,nearest_robot=robot3
325.000,ours,-,robot3,MIN_DISTANCE,OK,1.464,2.020,,0,nearest_robot=robot2
325.000,ours,-,robot4,MIN_DISTANCE,OK,4.366,2.020,,0,nearest_robot=robot6
325.000,ours,-,robot5,MIN_DISTANCE,OK,1.429,2.020,,0,nearest_robot=robot6
325.000,ours,-,robot6,MIN_DISTANCE,OK,1.429,2.020,,0,nearest_robot=robot5
325.000,ours,-,fleet,MIN_DISTANCE_AVG,OK,2.020,,,0,robots_sampled=6
326.000,ours,-,robot1,MIN_DISTANCE,OK,1.969,2.247,,0,nearest_robot=robot2
326.000,ours,-,robot2,MIN_DISTANCE,OK,1.464,2.247,,0,nearest_robot=robot3
326.000,ours,-,robot3,MIN_DISTANCE,OK,1.464,2.247,,0,nearest_robot=robot2
326.000,ours,-,robot4,MIN_DISTANCE,OK,5.723,2.247,,0,nearest_robot=robot6
326.000,ours,-,robot5,MIN_DISTANCE,OK,1.430,2.247,,0,nearest_robot=robot6
326.000,ours,-,robot6,MIN_DISTANCE,OK,1.430,2.247,,0,nearest_robot=robot5
326.000,ours,-,fleet,MIN_DISTANCE_AVG,OK,2.247,,,0,robots_sampled=6
327.000,ours,-,robot1,MIN_DISTANCE,OK,1.969,1.721,,0,nearest_robot=robot2
327.000,ours,-,robot2,MIN_DISTANCE,OK,1.465,1.721,,0,nearest_robot=robot3
327.000,ours,-,robot3,MIN_DISTANCE,OK,1.465,1.721,,0,nearest_robot=robot2
327.000,ours,-,robot4,MIN_DISTANCE,OK,2.569,1.721,,0,nearest_robot=robot1
327.000,ours,-,robot5,MIN_DISTANCE,OK,1.430,1.721,,0,nearest_robot=robot6
327.000,ours,-,robot6,MIN_DISTANCE,OK,1.430,1.721,,0,nearest_robot=robot5
327.000,ours,-,fleet,MIN_DISTANCE_AVG,OK,1.721,,,0,robots_sampled=6
328.000,ours,-,robot1,MIN_DISTANCE,OK,1.970,1.721,,0,nearest_robot=robot2
328.000,ours,-,robot2,MIN_DISTANCE,OK,1.465,1.721,,0,nearest_robot=robot3
328.000,ours,-,robot3,MIN_DISTANCE,OK,1.465,1.721,,0,nearest_robot=robot2
328.000,ours,-,robot4,MIN_DISTANCE,OK,2.569,1.721,,0,nearest_robot=robot1
328.000,ours,-,robot5,MIN_DISTANCE,OK,1.430,1.721,,0,nearest_robot=robot6
328.000,ours,-,robot6,MIN_DISTANCE,OK,1.430,1.721,,0,nearest_robot=robot5
328.000,ours,-,fleet,MIN_DISTANCE_AVG,OK,1.721,,,0,robots_sampled=6
329.000,ours,-,robot1,MIN_DISTANCE,OK,1.970,1.721,,0,nearest_robot=robot2
329.000,ours,-,robot2,MIN_DISTANCE,OK,1.465,1.721,,0,nearest_robot=robot3
329.000,ours,-,robot3,MIN_DISTANCE,OK,1.465,1.721,,0,nearest_robot=robot2
329.000,ours,-,robot4,MIN_DISTANCE,OK,2.569,1.721,,0,nearest_robot=robot1
329.000,ours,-,robot5,MIN_DISTANCE,OK,1.430,1.721,,0,nearest_robot=robot6
329.000,ours,-,robot6,MIN_DISTANCE,OK,1.430,1.721,,0,nearest_robot=robot5
329.000,ours,-,fleet,MIN_DISTANCE_AVG,OK,1.721,,,0,robots_sampled=6
330.000,ours,-,robot1,MIN_DISTANCE,OK,1.970,1.722,,0,nearest_robot=robot2
330.000,ours,-,robot2,MIN_DISTANCE,OK,1.465,1.722,,0,nearest_robot=robot3
330.000,ours,-,robot3,MIN_DISTANCE,OK,1.465,1.722,,0,nearest_robot=robot2
330.000,ours,-,robot4,MIN_DISTANCE,OK,2.569,1.722,,0,nearest_robot=robot1
330.000,ours,-,robot5,MIN_DISTANCE,OK,1.430,1.722,,0,nearest_robot=robot6
330.000,ours,-,robot6,MIN_DISTANCE,OK,1.430,1.722,,0,nearest_robot=robot5
330.000,ours,-,fleet,MIN_DISTANCE_AVG,OK,1.722,,,0,robots_sampled=6
331.000,ours,-,robot1,MIN_DISTANCE,OK,1.970,1.722,,0,nearest_robot=robot2
331.000,ours,-,robot2,MIN_DISTANCE,OK,1.466,1.722,,0,nearest_robot=robot3
331.000,ours,-,robot3,MIN_DISTANCE,OK,1.466,1.722,,0,nearest_robot=robot2
331.000,ours,-,robot4,MIN_DISTANCE,OK,2.569,1.722,,0,nearest_robot=robot1
331.000,ours,-,robot5,MIN_DISTANCE,OK,1.430,1.722,,0,nearest_robot=robot6
331.000,ours,-,robot6,MIN_DISTANCE,OK,1.430,1.722,,0,nearest_robot=robot5
331.000,ours,-,fleet,MIN_DISTANCE_AVG,OK,1.722,,,0,robots_sampled=6
332.000,ours,-,robot1,MIN_DISTANCE,OK,1.971,1.722,,0,nearest_robot=robot2
332.000,ours,-,robot2,MIN_DISTANCE,OK,1.466,1.722,,0,nearest_robot=robot3
332.000,ours,-,robot3,MIN_DISTANCE,OK,1.466,1.722,,0,nearest_robot=robot2
332.000,ours,-,robot4,MIN_DISTANCE,OK,2.569,1.722,,0,nearest_robot=robot1
332.000,ours,-,robot5,MIN_DISTANCE,OK,1.430,1.722,,0,nearest_robot=robot6
332.000,ours,-,robot6,MIN_DISTANCE,OK,1.430,1.722,,0,nearest_robot=robot5
332.000,ours,-,fleet,MIN_DISTANCE_AVG,OK,1.722,,,0,robots_sampled=6
333.000,ours,-,robot1,MIN_DISTANCE,OK,1.971,1.722,,0,nearest_robot=robot2
333.000,ours,-,robot2,MIN_DISTANCE,OK,1.466,1.722,,0,nearest_robot=robot3
333.000,ours,-,robot3,MIN_DISTANCE,OK,1.466,1.722,,0,nearest_robot=robot2
333.000,ours,-,robot4,MIN_DISTANCE,OK,2.569,1.722,,0,nearest_robot=robot1
333.000,ours,-,robot5,MIN_DISTANCE,OK,1.430,1.722,,0,nearest_robot=robot6
333.000,ours,-,robot6,MIN_DISTANCE,OK,1.430,1.722,,0,nearest_robot=robot5
333.000,ours,-,fleet,MIN_DISTANCE_AVG,OK,1.722,,,0,robots_sampled=6
334.000,ours,-,robot1,MIN_DISTANCE,OK,1.971,1.722,,0,nearest_robot=robot2
334.000,ours,-,robot2,MIN_DISTANCE,OK,1.466,1.722,,0,nearest_robot=robot3
334.000,ours,-,robot3,MIN_DISTANCE,OK,1.466,1.722,,0,nearest_robot=robot2
334.000,ours,-,robot4,MIN_DISTANCE,OK,2.568,1.722,,0,nearest_robot=robot1
334.000,ours,-,robot5,MIN_DISTANCE,OK,1.430,1.722,,0,nearest_robot=robot6
334.000,ours,-,robot6,MIN_DISTANCE,OK,1.430,1.722,,0,nearest_robot=robot5
334.000,ours,-,fleet,MIN_DISTANCE_AVG,OK,1.722,,,0,robots_sampled=6
