timestamp,run_id,task_id,robot_id,event,status,allocation_cost,duration,path,collision_flag,message
31.000,original,-,robot1,MIN_DISTANCE,OK,12.416,10.587,,0,nearest_robot=robot6
31.000,original,-,robot2,MIN_DISTANCE,OK,12.510,10.587,,0,nearest_robot=robot1
31.000,original,-,robot3,MIN_DISTANCE,OK,6.490,10.587,,0,nearest_robot=robot4
31.000,original,-,robot4,MIN_DISTANCE,OK,6.490,10.587,,0,nearest_robot=robot3
31.000,original,-,robot5,MIN_DISTANCE,OK,13.200,10.587,,0,nearest_robot=robot4
31.000,original,-,robot6,MIN_DISTANCE,OK,12.416,10.587,,0,nearest_robot=robot1
31.000,original,-,fleet,MIN_DISTANCE_AVG,OK,10.587,,,0,robots_sampled=6
31.500,original,-,fleet,REPLAN_FULL,OK,,,robot1|robot2|robot3|robot4|robot5|robot6,0,original_full_optimization
32.000,original,-,robot1,MIN_DISTANCE,OK,12.416,10.587,,0,nearest_robot=robot6
32.000,original,-,robot2,MIN_DISTANCE,OK,12.510,10.587,,0,nearest_robot=robot1
32.000,original,-,robot3,MIN_DISTANCE,OK,6.490,10.587,,0,nearest_robot=robot4
32.000,original,-,robot4,MIN_DISTANCE,OK,6.490,10.587,,0,nearest_robot=robot3
32.000,original,-,robot5,MIN_DISTANCE,OK,13.200,10.587,,0,nearest_robot=robot4
32.000,original,-,robot6,MIN_DISTANCE,OK,12.416,10.587,,0,nearest_robot=robot1
32.000,original,-,fleet,MIN_DISTANCE_AVG,OK,10.587,,,0,robots_sampled=6
33.000,original,-,robot1,MIN_DISTANCE,OK,12.416,10.587,,0,nearest_robot=robot6
33.000,original,-,robot2,MIN_DISTANCE,OK,12.510,10.587,,0,nearest_robot=robot1
33.000,original,-,robot3,MIN_DISTANCE,OK,6.490,10.587,,0,nearest_robot=robot4
33.000,original,-,robot4,MIN_DISTANCE,OK,6.490,10.587,,0,nearest_robot=robot3
33.000,original,-,robot5,MIN_DISTANCE,OK,13.200,10.587,,0,nearest_robot=robot4
33.000,original,-,robot6,MIN_DISTANCE,OK,12.416,10.587,,0,nearest_robot=robot1
33.000,original,-,fleet,MIN_DISTANCE_AVG,OK,10.587,,,0,robots_sampled=6
34.000,original,-,robot1,MIN_DISTANCE,OK,12.416,10.587,,0,nearest_robot=robot6
34.000,original,-,robot2,MIN_DISTANCE,OK,12.510,10.587,,0,nearest_robot=robot1
34.000,original,-,robot3,MIN_DISTANCE,OK,6.490,10.587,,0,nearest_robot=robot4
34.000,original,-,robot4,MIN_DISTANCE,OK,6.490,10.587,,0,nearest_robot=robot3
34.000,original,-,robot5,MIN_DISTANCE,OK,13.200,10.587,,0,nearest_robot=robot4
34.000,original,-,robot6,MIN_DISTANCE,OK,12.416,10.587,,0,nearest_robot=robot1
34.000,original,-,fleet,MIN_DISTANCE_AVG,OK,10.587,,,0,robots_sampled=6
35.000,original,-,robot1,MIN_DISTANCE,OK,12.416,10.587,,0,nearest_robot=robot6
35.000,original,-,robot2,MIN_DISTANCE,OK,12.510,10.587,,0,nearest_robot=robot1
35.000,original,-,robot3,MIN_DISTANCE,OK,6.490,10.587,,0,nearest_robot=robot4
35.000,original,-,robot4,MIN_DISTANCE,OK,6.490,10.587,,0,nearest_robot=robot3
35.000,original,-,robot5,MIN_DISTANCE,OK,13.200,10.587,,0,nearest_robot=robot4
35.000,original,-,robot6,MIN_DISTANCE,OK,12.416,10.587,,0,nearest_robot=robot1
35.000,original,-,fleet,MIN_DISTANCE_AVG,OK,10.587,,,0,robots_sampled=6
36.000,original,-,robot1,MIN_DISTANCE,OK,12.416,10.587,,0,nearest_robot=robot6
36.000,original,-,robot2,MIN_DISTANCE,OK,12.510,10.587,,0,nearest_robot=robot1
36.000,original,-,robot3,MIN_DISTANCE,OK,6.490,10.587,,0,nearest_robot=robot4
36.000,original,-,robot4,MIN_DISTANCE,OK,6.490,10.587,,0,nearest_robot=robot3
36.000,original,-,robot5,MIN_DISTANCE,OK,13.200,10.587,,0,nearest_robot=robot4
36.000,original,-,robot6,MIN_DISTANCE,OK,12.416,10.587,,0,nearest_robot=robot1
36.000,original,-,fleet,MIN_DISTANCE_AVG,OK,10.587,,,0,robots_sampled=6
37.000,original,-,robot1,MIN_DISTANCE,OK,12.416,10.587,,0,nearest_robot=robot6
37.000,original,-,robot2,MIN_DISTANCE,OK,12.510,10.587,,0,nearest_robot=robot1
37.000,original,-,robot3,MIN_DISTANCE,OK,6.490,10.587,,0,nearest_robot=robot4
37.000,original,-,robot4,MIN_DISTANCE,OK,6.490,10.587,,0,nearest_robot=robot3
37.000,original,-,robot5,MIN_DISTANCE,OK,13.200,10.587,,0,nearest_robot=robot4
37.000,original,-,robot6,MIN_DISTANCE,OK,12.416,10.587,,0,nearest_robot=robot1
37.000,original,-,fleet,MIN_DISTANCE_AVG,OK,10.587,,,0,robots_sampled=6
38.000,original,-,robot1,MIN_DISTANCE,OK,12.416,10.587,,0,nearest_robot=robot6
38.000,original,-,robot2,MIN_DISTANCE,OK,12.510,10.587,,0,nearest_robot=robot1
38.000,original,-,robot3,MIN_DISTANCE,OK,6.490,10.587,,0,nearest_robot=robot4
38.000,original,-,robot4,MIN_DISTANCE,OK,6.490,10.587,,0,nearest_robot=robot3
38.000,original,-,robot5,MIN_DISTANCE,OK,13.200,10.587,,0,nearest_robot=robot4
38.000,original,-,robot6,MIN_DISTANCE,OK,12.416,10.587,,0,nearest_robot=robot1
38.000,original,-,fleet,MIN_DISTANCE_AVG,OK,10.587,,,0,robots_sampled=6
39.000,original,-,robot1,MIN_DISTANCE,OK,12.416,10.587,,0,nearest_robot=robot6
39.000,original,-,robot2,MIN_DISTANCE,OK,12.510,10.587,,0,nearest_robot=robot1
39.000,original,-,robot3,MIN_DISTANCE,OK,6.490,10.587,,0,nearest_robot=robot4
39.000,original,-,robot4,MIN_DISTANCE,OK,6.490,10.587,,0,nearest_robot=robot3
39.000,original,-,robot5,MIN_DISTANCE,OK,13.200,10.587,,0,nearest_robot=robot4
39.000,original,-,robot6,MIN_DISTANCE,OK,12.416,10.587,,0,nearest_robot=robot1
39.000,original,-,fleet,MIN_DISTANCE_AVG,OK,10.587,,,0,robots_sampled=6
40.000,original,-,robot1,MIN_DISTANCE,OK,12.416,10.587,,0,nearest_robot=robot6
40.000,original,-,robot2,MIN_DISTANCE,OK,12.510,10.587,,0,nearest_robot=robot1
40.000,original,-,robot3,MIN_DISTANCE,OK,6.490,10.587,,0,nearest_robot=robot4
40.000,original,-,robot4,MIN_DISTANCE,OK,6.490,10.587,,0,nearest_robot=robot3
40.000,original,-,robot5,MIN_DISTANCE,OK,13.200,10.587,,0,nearest_robot=robot4
40.000,original,-,robot6,MIN_DISTANCE,OK,12.416,10.587,,0,nearest_robot=robot1
40.000,original,-,fleet,MIN_DISTANCE_AVG,OK,10.587,,,0,robots_sampled=6
41.000,original,-,robot1,MIN_DISTANCE,OK,12.416,10.587,,0,nearest_robot=robot6
41.000,original,-,robot2,MIN_DISTANCE,OK,12.510,10.587,,0,nearest_robot=robot1
41.000,original,-,robot3,MIN_DISTANCE,OK,6.490,10.587,,0,nearest_robot=robot4
41.000,original,-,robot4,MIN_DISTANCE,OK,6.490,10.587,,0,nearest_robot=robot3
41.000,original,-,robot5,MIN_DISTANCE,OK,13.200,10.587,,0,nearest_robot=robot4
41.000,original,-,robot6,MIN_DISTANCE,OK,12.416,10.587,,0,nearest_robot=robot1
41.000,original,-,fleet,MIN_DISTANCE_AVG,OK,10.587,,,0,robots_sampled=6
42.000,original,-,robot1,MIN_DISTANCE,OK,12.416,10.587,,0,nearest_robot=robot6
42.000,original,-,robot2,MIN_DISTANCE,OK,12.510,10.587,,0,nearest_robot=robot1
42.000,original,-,robot3,MIN_DISTANCE,OK,6.490,10.587,,0,nearest_robot=robot4
42.000,original,-,robot4,MIN_DISTANCE,OK,6.490,10.587,,0,nearest_robot=robot3
42.000,original,-,robot5,MIN_DISTANCE,OK,13.200,10.587,,0,nearest_robot=robot4
42.000,original,-,robot6,MIN_DISTANCE,OK,12.416,10.587,,0,nearest_robot=robot1
42.000,original,-,fleet,MIN_DISTANCE_AVG,OK,10.587,,,0,robots_sampled=6
43.000,original,-,robot1,MIN_DISTANCE,OK,12.416,10.587,,0,nearest_robot=robot6
43.000,original,-,robot2,MIN_DISTANCE,OK,12.510,10.587,,0,nearest_robot=robot1
43.000,original,-,robot3,MIN_DISTANCE,OK,6.490,10.587,,0,nearest_robot=robot4
43.000,original,-,robot4,MIN_DISTANCE,OK,6.490,10.587,,0,nearest_robot=robot3
43.000,original,-,robot5,MIN_DISTANCE,OK,13.200,10.587,,0,nearest_robot=robot4
43.000,original,-,robot6,MIN_DISTANCE,OK,12.416,10.587,,0,nearest_robot=robot1
43.000,original,-,fleet,MIN_DISTANCE_AVG,OK,10.587,,,0,robots_sampled=6
44.000,original,-,robot1,MIN_DISTANCE,OK,12.416,10.587,,0,nearest_robot=robot6
44.000,original,-,robot2,MIN_DISTANCE,OK,12.510,10.587,,0,nearest_robot=robot1
44.000,original,-,robot3,MIN_DISTANCE,OK,6.490,10.587,,0,nearest_robot=robot4
44.000,original,-,robot4,MIN_DISTANCE,OK,6.490,10.587,,0,nearest_robot=robot3
44.000,original,-,robot5,MIN_DISTANCE,OK,13.200,10.587,,0,nearest_robot=robot4
44.000,original,-,robot6,MIN_DISTANCE,OK,12.416,10.587,,0,nearest_robot=robot1
44.000,original,-,fleet,MIN_DISTANCE_AVG,OK,10.587,,,0,robots_sampled=6
45.000,original,-,robot1,MIN_DISTANCE,OK,12.416,10.587,,0,nearest_robot=robot6
45.000,original,-,robot2,MIN_DISTANCE,OK,12.510,10.587,,0,nearest_robot=robot1
45.000,original,-,robot3,MIN_DISTANCE,OK,6.490,10.587,,0,nearest_robot=robot4
45.000,original,-,robot4,MIN_DISTANCE,OK,6.490,10.587,,0,nearest_robot=robot3
45.000,original,-,robot5,MIN_DISTANCE,OK,13.200,10.587,,0,nearest_robot=robot4
45.000,original,-,robot6,MIN_DISTANCE,OK,12.416,10.587,,0,nearest_robot=robot1
45.000,original,-,fleet,MIN_DISTANCE_AVG,OK,10.587,,,0,robots_sampled=6
46.000,original,-,robot1,MIN_DISTANCE,OK,12.416,10.587,,0,nearest_robot=robot6
46.000,original,-,robot2,MIN_DISTANCE,OK,12.510,10.587,,0,nearest_robot=robot1
46.000,original,-,robot3,MIN_DISTANCE,OK,6.490,10.587,,0,nearest_robot=robot4
46.000,original,-,robot4,MIN_DISTANCE,OK,6.490,10.587,,0,nearest_robot=robot3
46.000,original,-,robot5,MIN_DISTANCE,OK,13.200,10.587,,0,nearest_robot=robot4
46.000,original,-,robot6,MIN_DISTANCE,OK,12.416,10.587,,0,nearest_robot=robot1
46.000,original,-,fleet,MIN_DISTANCE_AVG,OK,10.587,,,0,robots_sampled=6
47.000,original,-,robot1,MIN_DISTANCE,OK,12.416,10.587,,0,nearest_robot=robot6
47.000,original,-,robot2,MIN_DISTANCE,OK,12.510,10.587,,0,nearest_robot=robot1
47.000,original,-,robot3,MIN_DISTANCE,OK,6.490,10.587,,0,nearest_robot=robot4
47.000,original,-,robot4,MIN_DISTANCE,OK,6.490,10.587,,0,nearest_robot=robot3
47.000,original,-,robot5,MIN_DISTANCE,OK,13.200,10.587,,0,nearest_robot=robot4
47.000,original,-,robot6,MIN_DISTANCE,OK,12.416,10.587,,0,nearest_robot=robot1
47.000,original,-,fleet,MIN_DISTANCE_AVG,OK,10.587,,,0,robots_sampled=6
48.000,original,-,robot1,MIN_DISTANCE,OK,12.416,10.587,,0,nearest_robot=robot6
48.000,original,-,robot2,MIN_DISTANCE,OK,12.510,10.587,,0,nearest_robot=robot1
48.000,original,-,robot3,MIN_DISTANCE,OK,6.490,10.587,,0,nearest_robot=robot4
48.000,original,-,robot4,MIN_DISTANCE,OK,6.490,10.587,,0,nearest_robot=robot3
48.000,original,-,robot5,MIN_DISTANCE,OK,13.200,10.587,,0,nearest_robot=robot4
48.000,original,-,robot6,MIN_DISTANCE,OK,12.416,10.587,,0,nearest_robot=robot1
48.000,original,-,fleet,MIN_DISTANCE_AVG,OK,10.587,,,0,robots_sampled=6
49.000,original,-,robot1,MIN_DISTANCE,OK,12.416,10.587,,0,nearest_robot=robot6
49.000,original,-,robot2,MIN_DISTANCE,OK,12.510,10.587,,0,nearest_robot=robot1
49.000,original,-,robot3,MIN_DISTANCE,OK,6.490,10.587,,0,nearest_robot=robot4
49.000,original,-,robot4,MIN_DISTANCE,OK,6.490,10.587,,0,nearest_robot=robot3
49.000,original,-,robot5,MIN_DISTANCE,OK,13.200,10.587,,0,nearest_robot=robot4
49.000,original,-,robot6,MIN_DISTANCE,OK,12.416,10.587,,0,nearest_robot=robot1
49.000,original,-,fleet,MIN_DISTANCE_AVG,OK,10.587,,,0,robots_sampled=6
50.000,original,-,robot1,MIN_DISTANCE,OK,12.416,10.587,,0,nearest_robot=robot6
50.000,original,-,robot2,MIN_DISTANCE,OK,12.510,10.587,,0,nearest_robot=robot1
50.000,original,-,robot3,MIN_DISTANCE,OK,6.490,10.587,,0,nearest_robot=robot4
50.000,original,-,robot4,MIN_DISTANCE,OK,6.490,10.587,,0,nearest_robot=robot3
50.000,original,-,robot5,MIN_DISTANCE,OK,13.200,10.587,,0,nearest_robot=robot4
50.000,original,-,robot6,MIN_DISTANCE,OK,12.416,10.587,,0,nearest_robot=robot1
50.000,original,-,fleet,MIN_DISTANCE_AVG,OK,10.587,,,0,robots_sampled=6
51.000,original,-,robot1,MIN_DISTANCE,OK,12.416,10.587,,0,nearest_robot=robot6
51.000,original,-,robot2,MIN_DISTANCE,OK,12.510,10.587,,0,nearest_robot=robot1
51.000,original,-,robot3,MIN_DISTANCE,OK,6.490,10.587,,0,nearest_robot=robot4
51.000,original,-,robot4,MIN_DISTANCE,OK,6.490,10.587,,0,nearest_robot=robot3
51.000,original,-,robot5,MIN_DISTANCE,OK,13.200,10.587,,0,nearest_robot=robot4
51.000,original,-,robot6,MIN_DISTANCE,OK,12.416,10.587,,0,nearest_robot=robot1
51.000,original,-,fleet,MIN_DISTANCE_AVG,OK,10.587,,,0,robots_sampled=6
52.000,original,-,robot1,MIN_DISTANCE,OK,12.416,10.587,,0,nearest_robot=robot6
52.000,original,-,robot2,MIN_DISTANCE,OK,12.510,10.587,,0,nearest_robot=robot1
52.000,original,-,robot3,MIN_DISTANCE,OK,6.490,10.587,,0,nearest_robot=robot4
52.000,original,-,robot4,MIN_DISTANCE,OK,6.490,10.587,,0,nearest_robot=robot3
52.000,original,-,robot5,MIN_DISTANCE,OK,13.200,10.587,,0,nearest_robot=robot4
52.000,original,-,robot6,MIN_DISTANCE,OK,12.416,10.587,,0,nearest_robot=robot1
52.000,original,-,fleet,MIN_DISTANCE_AVG,OK,10.587,,,0,robots_sampled=6
53.000,original,-,robot1,MIN_DISTANCE,OK,12.416,10.587,,0,nearest_robot=robot6
53.000,original,-,robot2,MIN_DISTANCE,OK,12.510,10.587,,0,nearest_robot=robot1
53.000,original,-,robot3,MIN_DISTANCE,OK,6.490,10.587,,0,nearest_robot=robot4
53.000,original,-,robot4,MIN_DISTANCE,OK,6.490,10.587,,0,nearest_robot=robot3
53.000,original,-,robot5,MIN_DISTANCE,OK,13.200,10.587,,0,nearest_robot=robot4
53.000,original,-,robot6,MIN_DISTANCE,OK,12.416,10.587,,0,nearest_robot=robot1
53.000,original,-,fleet,MIN_DISTANCE_AVG,OK,10.587,,,0,robots_sampled=6
54.000,original,-,robot1,MIN_DISTANCE,OK,12.416,10.587,,0,nearest_robot=robot6
54.000,original,-,robot2,MIN_DISTANCE,OK,12.510,10.587,,0,nearest_robot=robot1
54.000,original,-,robot3,MIN_DISTANCE,OK,6.490,10.587,,0,nearest_robot=robot4
54.000,original,-,robot4,MIN_DISTANCE,OK,6.490,10.587,,0,nearest_robot=robot3
54.000,original,-,robot5,MIN_DISTANCE,OK,13.200,10.587,,0,nearest_robot=robot4
54.000,original,-,robot6,MIN_DISTANCE,OK,12.416,10.587,,0,nearest_robot=robot1
54.000,original,-,fleet,MIN_DISTANCE_AVG,OK,10.587,,,0,robots_sampled=6
55.000,original,-,robot1,MIN_DISTANCE,OK,12.416,10.587,,0,nearest_robot=robot6
55.000,original,-,robot2,MIN_DISTANCE,OK,12.510,10.587,,0,nearest_robot=robot1
55.000,original,-,robot3,MIN_DISTANCE,OK,6.490,10.587,,0,nearest_robot=robot4
55.000,original,-,robot4,MIN_DISTANCE,OK,6.490,10.587,,0,nearest_robot=robot3
55.000,original,-,robot5,MIN_DISTANCE,OK,13.200,10.587,,0,nearest_robot=robot4
55.000,original,-,robot6,MIN_DISTANCE,OK,12.416,10.587,,0,nearest_robot=robot1
55.000,original,-,fleet,MIN_DISTANCE_AVG,OK,10.587,,,0,robots_sampled=6
56.000,original,-,robot1,MIN_DISTANCE,OK,12.416,10.587,,0,nearest_robot=robot6
56.000,original,-,robot2,MIN_DISTANCE,OK,12.510,10.587,,0,nearest_robot=robot1
56.000,original,-,robot3,MIN_DISTANCE,OK,6.490,10.587,,0,nearest_robot=robot4
56.000,original,-,robot4,MIN_DISTANCE,OK,6.490,10.587,,0,nearest_robot=robot3
56.000,original,-,robot5,MIN_DISTANCE,OK,13.200,10.587,,0,nearest_robot=robot4
56.000,original,-,robot6,MIN_DISTANCE,OK,12.416,10.587,,0,nearest_robot=robot1
56.000,original,-,fleet,MIN_DISTANCE_AVG,OK,10.587,,,0,robots_sampled=6
57.000,original,-,fleet,REPLAN_FULL,OK,,,robot1|robot2|robot3|robot4|robot5|robot6,0,original_full_optimization
57.000,original,-,robot1,MIN_DISTANCE,OK,12.335,10.529,,0,nearest_robot=robot6
57.000,original,-,robot2,MIN_DISTANCE,OK,12.512,10.529,,0,nearest_robot=robot1
57.000,original,-,robot3,MIN_DISTANCE,OK,6.394,10.529,,0,nearest_robot=robot4
57.000,original,-,robot4,MIN_DISTANCE,OK,6.394,10.529,,0,nearest_robot=robot3
57.000,original,-,robot5,MIN_DISTANCE,OK,13.204,10.529,,0,nearest_robot=robot4
57.000,original,-,robot6,MIN_DISTANCE,OK,12.335,10.529,,0,nearest_robot=robot1
57.000,original,-,fleet,MIN_DISTANCE_AVG,OK,10.529,,,0,robots_sampled=6
58.000,original,-,robot1,MIN_DISTANCE,OK,12.206,10.393,,0,nearest_robot=robot6
58.000,original,-,robot2,MIN_DISTANCE,OK,12.543,10.393,,0,nearest_robot=robot1
58.000,original,-,robot3,MIN_DISTANCE,OK,6.061,10.393,,0,nearest_robot=robot4
58.000,original,-,robot4,MIN_DISTANCE,OK,6.061,10.393,,0,nearest_robot=robot3
58.000,original,-,robot5,MIN_DISTANCE,OK,13.283,10.393,,0,nearest_robot=robot4
58.000,original,-,robot6,MIN_DISTANCE,OK,12.206,10.393,,0,nearest_robot=robot1
58.000,original,-,fleet,MIN_DISTANCE_AVG,OK,10.393,,,0,robots_sampled=6
59.000,original,-,robot1,MIN_DISTANCE,OK,12.158,10.224,,0,nearest_robot=robot6
59.000,original,-,robot2,MIN_DISTANCE,OK,12.662,10.224,,0,nearest_robot=robot1
59.000,original,-,robot3,MIN_DISTANCE,OK,5.582,10.224,,0,nearest_robot=robot4
59.000,original,-,robot4,MIN_DISTANCE,OK,5.582,10.224,,0,nearest_robot=robot3
59.000,original,-,robot5,MIN_DISTANCE,OK,13.203,10.224,,0,nearest_robot=robot4
59.000,original,-,robot6,MIN_DISTANCE,OK,12.158,10.224,,0,nearest_robot=robot1
59.000,original,-,fleet,MIN_DISTANCE_AVG,OK,10.224,,,0,robots_sampled=6
60.000,original,-,robot1,MIN_DISTANCE,OK,12.364,10.130,,0,nearest_robot=robot6
60.000,original,-,robot2,MIN_DISTANCE,OK,12.863,10.130,,0,nearest_robot=robot1
60.000,original,-,robot3,MIN_DISTANCE,OK,5.039,10.130,,0,nearest_robot=robot4
60.000,original,-,robot4,MIN_DISTANCE,OK,5.039,10.130,,0,nearest_robot=robot3
60.000,original,-,robot5,MIN_DISTANCE,OK,13.112,10.130,,0,nearest_robot=robot4
60.000,original,-,robot6,MIN_DISTANCE,OK,12.364,10.130,,0,nearest_robot=robot1
60.000,original,-,fleet,MIN_DISTANCE_AVG,OK,10.130,,,0,robots_sampled=6
61.000,original,-,robot1,MIN_DISTANCE,OK,12.525,10.045,,0,nearest_robot=robot6
61.000,original,-,robot2,MIN_DISTANCE,OK,13.314,10.045,,0,nearest_robot=robot1
61.000,original,-,robot3,MIN_DISTANCE,OK,4.462,10.045,,0,nearest_robot=robot4
61.000,original,-,robot4,MIN_DISTANCE,OK,4.462,10.045,,0,nearest_robot=robot3
61.000,original,-,robot5,MIN_DISTANCE,OK,12.982,10.045,,0,nearest_robot=robot4
61.000,original,-,robot6,MIN_DISTANCE,OK,12.525,10.045,,0,nearest_robot=robot1
61.000,original,-,fleet,MIN_DISTANCE_AVG,OK,10.045,,,0,robots_sampled=6
62.000,original,-,robot1,MIN_DISTANCE,OK,12.436,9.835,,0,nearest_robot=robot6
62.000,original,-,robot2,MIN_DISTANCE,OK,13.672,9.835,,0,nearest_robot=robot1
62.000,original,-,robot3,MIN_DISTANCE,OK,3.852,9.835,,0,nearest_robot=robot4
62.000,original,-,robot4,MIN_DISTANCE,OK,3.852,9.835,,0,nearest_robot=robot3
62.000,original,-,robot5,MIN_DISTANCE,OK,12.765,9.835,,0,nearest_robot=robot4
62.000,original,-,robot6,MIN_DISTANCE,OK,12.436,9.835,,0,nearest_robot=robot1
62.000,original,-,fleet,MIN_DISTANCE_AVG,OK,9.835,,,0,robots_sampled=6
63.000,original,-,robot1,MIN_DISTANCE,OK,12.202,9.582,,0,nearest_robot=robot6
63.000,original,-,robot2,MIN_DISTANCE,OK,14.012,9.582,,0,nearest_robot=robot1
63.000,original,-,robot3,MIN_DISTANCE,OK,3.306,9.582,,0,nearest_robot=robot4
63.000,original,-,robot4,MIN_DISTANCE,OK,3.306,9.582,,0,nearest_robot=robot3
63.000,original,-,robot5,MIN_DISTANCE,OK,12.465,9.582,,0,nearest_robot=robot4
63.000,original,-,robot6,MIN_DISTANCE,OK,12.202,9.582,,0,nearest_robot=robot1
63.000,original,-,fleet,MIN_DISTANCE_AVG,OK,9.582,,,0,robots_sampled=6
64.000,original,-,robot1,MIN_DISTANCE,OK,11.908,9.291,,0,nearest_robot=robot6
64.000,original,-,robot2,MIN_DISTANCE,OK,14.273,9.291,,0,nearest_robot=robot1
64.000,original,-,robot3,MIN_DISTANCE,OK,2.811,9.291,,0,nearest_robot=robot4
64.000,original,-,robot4,MIN_DISTANCE,OK,2.811,9.291,,0,nearest_robot=robot3
64.000,original,-,robot5,MIN_DISTANCE,OK,12.035,9.291,,0,nearest_robot=robot4
64.000,original,-,robot6,MIN_DISTANCE,OK,11.908,9.291,,0,nearest_robot=robot1
64.000,original,-,fleet,MIN_DISTANCE_AVG,OK,9.291,,,0,robots_sampled=6
65.000,original,-,robot1,MIN_DISTANCE,OK,11.631,8.964,,0,nearest_robot=robot6
65.000,original,-,robot2,MIN_DISTANCE,OK,14.372,8.964,,0,nearest_robot=robot1
65.000,original,-,robot3,MIN_DISTANCE,OK,2.322,8.964,,0,nearest_robot=robot4
65.000,original,-,robot4,MIN_DISTANCE,OK,2.322,8.964,,0,nearest_robot=robot3
65.000,original,-,robot5,MIN_DISTANCE,OK,11.507,8.964,,0,nearest_robot=robot4
65.000,original,-,robot6,MIN_DISTANCE,OK,11.631,8.964,,0,nearest_robot=robot1
65.000,original,-,fleet,MIN_DISTANCE_AVG,OK,8.964,,,0,robots_sampled=6
66.000,original,-,robot1,MIN_DISTANCE,OK,11.389,8.627,,0,nearest_robot=robot6
66.000,original,-,robot2,MIN_DISTANCE,OK,14.155,8.627,,0,nearest_robot=robot6
66.000,original,-,robot3,MIN_DISTANCE,OK,1.876,8.627,,0,nearest_robot=robot4
66.000,original,-,robot4,MIN_DISTANCE,OK,1.876,8.627,,0,nearest_robot=robot3
66.000,original,-,robot5,MIN_DISTANCE,OK,11.079,8.627,,0,nearest_robot=robot4
66.000,original,-,robot6,MIN_DISTANCE,OK,11.389,8.627,,0,nearest_robot=robot1
66.000,original,-,fleet,MIN_DISTANCE_AVG,OK,8.627,,,0,robots_sampled=6
67.000,original,-,robot1,MIN_DISTANCE,OK,11.207,8.370,,0,nearest_robot=robot6
67.000,original,-,robot2,MIN_DISTANCE,OK,13.984,8.370,,0,nearest_robot=robot6
67.000,original,-,robot3,MIN_DISTANCE,OK,1.524,8.370,,0,nearest_robot=robot4
67.000,original,-,robot4,MIN_DISTANCE,OK,1.524,8.370,,0,nearest_robot=robot3
67.000,original,-,robot5,MIN_DISTANCE,OK,10.777,8.370,,0,nearest_robot=robot4
67.000,original,-,robot6,MIN_DISTANCE,OK,11.207,8.370,,0,nearest_robot=robot1
67.000,original,-,fleet,MIN_DISTANCE_AVG,OK,8.370,,,0,robots_sampled=6
68.000,original,-,robot1,MIN_DISTANCE,OK,11.039,8.150,,0,nearest_robot=robot6
68.000,original,-,robot2,MIN_DISTANCE,OK,13.796,8.150,,0,nearest_robot=robot6
68.000,original,-,robot3,MIN_DISTANCE,OK,1.216,8.150,,0,nearest_robot=robot4
68.000,original,-,robot4,MIN_DISTANCE,OK,1.216,8.150,,0,nearest_robot=robot3
68.000,original,-,robot5,MIN_DISTANCE,OK,10.594,8.150,,0,nearest_robot=robot4
68.000,original,-,robot6,MIN_DISTANCE,OK,11.039,8.150,,0,nearest_robot=robot1
68.000,original,-,fleet,MIN_DISTANCE_AVG,OK,8.150,,,0,robots_sampled=6
69.000,original,-,robot1,MIN_DISTANCE,OK,10.945,8.000,,0,nearest_robot=robot6
69.000,original,-,robot2,MIN_DISTANCE,OK,13.550,8.000,,0,nearest_robot=robot6
69.000,original,-,robot3,MIN_DISTANCE,OK,1.036,8.000,,0,nearest_robot=robot4
69.000,original,-,robot4,MIN_DISTANCE,OK,1.036,8.000,,0,nearest_robot=robot3
69.000,original,-,robot5,MIN_DISTANCE,OK,10.489,8.000,,0,nearest_robot=robot4
69.000,original,-,robot6,MIN_DISTANCE,OK,10.945,8.000,,0,nearest_robot=robot1
69.000,original,-,fleet,MIN_DISTANCE_AVG,OK,8.000,,,0,robots_sampled=6
70.000,original,-,robot1,MIN_DISTANCE,OK,10.899,7.875,,0,nearest_robot=robot6
70.000,original,-,robot2,MIN_DISTANCE,OK,13.251,7.875,,0,nearest_robot=robot3
70.000,original,-,robot3,MIN_DISTANCE,OK,0.898,7.875,,0,nearest_robot=robot4
70.000,original,-,robot4,MIN_DISTANCE,OK,0.898,7.875,,0,nearest_robot=robot3
70.000,original,-,robot5,MIN_DISTANCE,OK,10.408,7.875,,0,nearest_robot=robot4
70.000,original,-,robot6,MIN_DISTANCE,OK,10.899,7.875,,0,nearest_robot=robot1
70.000,original,-,fleet,MIN_DISTANCE_AVG,OK,7.875,,,0,robots_sampled=6
71.000,original,-,robot1,MIN_DISTANCE,OK,10.880,7.767,,0,nearest_robot=robot6
71.000,original,-,robot2,MIN_DISTANCE,OK,12.906,7.767,,0,nearest_robot=robot3
71.000,original,-,robot3,MIN_DISTANCE,OK,0.776,7.767,,0,nearest_robot=robot4
71.000,original,-,robot4,MIN_DISTANCE,OK,0.776,7.767,,0,nearest_robot=robot3
71.000,original,-,robot5,MIN_DISTANCE,OK,10.385,7.767,,0,nearest_robot=robot4
71.000,original,-,robot6,MIN_DISTANCE,OK,10.880,7.767,,0,nearest_robot=robot1
71.000,original,-,fleet,MIN_DISTANCE_AVG,OK,7.767,,,0,robots_sampled=6
72.000,original,-,robot1,MIN_DISTANCE,OK,11.012,7.750,,0,nearest_robot=robot6
72.000,original,-,robot2,MIN_DISTANCE,OK,12.802,7.750,,0,nearest_robot=robot3
72.000,original,-,robot3,MIN_DISTANCE,OK,0.674,7.750,,0,nearest_robot=robot4
72.000,original,-,robot4,MIN_DISTANCE,OK,0.674,7.750,,0,nearest_robot=robot3
72.000,original,-,robot5,MIN_DISTANCE,OK,10.326,7.750,,0,nearest_robot=robot4
72.000,original,-,robot6,MIN_DISTANCE,OK,11.012,7.750,,0,nearest_robot=robot1
72.000,original,-,fleet,MIN_DISTANCE_AVG,OK,7.750,,,0,robots_sampled=6
73.000,original,-,robot1,MIN_DISTANCE,OK,11.393,7.833,,0,nearest_robot=robot6
73.000,original,-,robot2,MIN_DISTANCE,OK,12.776,7.833,,0,nearest_robot=robot6
73.000,original,-,robot3,MIN_DISTANCE,OK,0.548,7.833,,0,nearest_robot=robot4
73.000,original,-,robot4,MIN_DISTANCE,OK,0.548,7.833,,0,nearest_robot=robot3
73.000,original,-,robot5,MIN_DISTANCE,OK,10.340,7.833,,0,nearest_robot=robot4
73.000,original,-,robot6,MIN_DISTANCE,OK,11.393,7.833,,0,nearest_robot=robot1
73.000,original,-,fleet,MIN_DISTANCE_AVG,OK,7.833,,,0,robots_sampled=6
74.000,original,-,robot1,MIN_DISTANCE,OK,11.761,7.805,,0,nearest_robot=robot6
74.000,original,-,robot2,MIN_DISTANCE,OK,12.611,7.805,,0,nearest_robot=robot6
74.000,original,-,robot3,MIN_DISTANCE,OK,0.436,7.805,,0,nearest_robot=robot4
74.000,original,-,robot4,MIN_DISTANCE,OK,0.436,7.805,,0,nearest_robot=robot3
74.000,original,-,robot5,MIN_DISTANCE,OK,10.363,7.805,,0,nearest_robot=robot4
74.000,original,-,robot6,MIN_DISTANCE,OK,11.221,7.805,,0,nearest_robot=robot5
74.000,original,-,fleet,MIN_DISTANCE_AVG,OK,7.805,,,0,robots_sampled=6
75.000,original,-,robot1,MIN_DISTANCE,OK,12.139,7.798,,0,nearest_robot=robot6
75.000,original,-,robot2,MIN_DISTANCE,OK,12.422,7.798,,0,nearest_robot=robot6
75.000,original,-,robot3,MIN_DISTANCE,OK,0.499,7.798,,0,nearest_robot=robot4
75.000,original,-,robot4,MIN_DISTANCE,OK,0.499,7.798,,0,nearest_robot=robot3
75.000,original,-,robot5,MIN_DISTANCE,OK,10.465,7.798,,0,nearest_robot=robot4
75.000,original,-,robot6,MIN_DISTANCE,OK,10.763,7.798,,0,nearest_robot=robot5
75.000,original,-,fleet,MIN_DISTANCE_AVG,OK,7.798,,,0,robots_sampled=6
76.000,original,-,robot1,MIN_DISTANCE,OK,12.532,7.873,,0,nearest_robot=robot6
76.000,original,-,robot2,MIN_DISTANCE,OK,12.241,7.873,,0,nearest_robot=robot6
76.000,original,-,robot3,MIN_DISTANCE,OK,0.876,7.873,,0,nearest_robot=robot4
76.000,original,-,robot4,MIN_DISTANCE,OK,0.876,7.873,,0,nearest_robot=robot3
76.000,original,-,robot5,MIN_DISTANCE,OK,10.356,7.873,,0,nearest_robot=robot6
76.000,original,-,robot6,MIN_DISTANCE,OK,10.356,7.873,,0,nearest_robot=robot5
76.000,original,-,fleet,MIN_DISTANCE_AVG,OK,7.873,,,0,robots_sampled=6
77.000,original,-,robot1,MIN_DISTANCE,OK,12.912,7.902,,0,nearest_robot=robot6
77.000,original,-,robot2,MIN_DISTANCE,OK,12.080,7.902,,0,nearest_robot=robot6
77.000,original,-,robot3,MIN_DISTANCE,OK,1.272,7.902,,0,nearest_robot=robot4
77.000,original,-,robot4,MIN_DISTANCE,OK,1.272,7.902,,0,nearest_robot=robot3
77.000,original,-,robot5,MIN_DISTANCE,OK,9.939,7.902,,0,nearest_robot=robot6
77.000,original,-,robot6,MIN_DISTANCE,OK,9.939,7.902,,0,nearest_robot=robot5
77.000,original,-,fleet,MIN_DISTANCE_AVG,OK,7.902,,,0,robots_sampled=6
78.000,original,-,robot1,MIN_DISTANCE,OK,13.295,7.938,,0,nearest_robot=robot6
78.000,original,-,robot2,MIN_DISTANCE,OK,12.006,7.938,,0,nearest_robot=robot6
78.000,original,-,robot3,MIN_DISTANCE,OK,1.660,7.938,,0,nearest_robot=robot4
78.000,original,-,robot4,MIN_DISTANCE,OK,1.660,7.938,,0,nearest_robot=robot3
78.000,original,-,robot5,MIN_DISTANCE,OK,9.505,7.938,,0,nearest_robot=robot6
78.000,original,-,robot6,MIN_DISTANCE,OK,9.505,7.938,,0,nearest_robot=robot5
78.000,original,-,fleet,MIN_DISTANCE_AVG,OK,7.938,,,0,robots_sampled=6
79.000,original,-,robot1,MIN_DISTANCE,OK,13.531,7.972,,0,nearest_robot=robot6
79.000,original,-,robot2,MIN_DISTANCE,OK,12.003,7.972,,0,nearest_robot=robot6
79.000,original,-,robot3,MIN_DISTANCE,OK,2.081,7.972,,0,nearest_robot=robot4
79.000,original,-,robot4,MIN_DISTANCE,OK,2.081,7.972,,0,nearest_robot=robot3
79.000,original,-,robot5,MIN_DISTANCE,OK,9.068,7.972,,0,nearest_robot=robot6
79.000,original,-,robot6,MIN_DISTANCE,OK,9.068,7.972,,0,nearest_robot=robot5
79.000,original,-,fleet,MIN_DISTANCE_AVG,OK,7.972,,,0,robots_sampled=6
80.000,original,-,robot1,MIN_DISTANCE,OK,13.639,7.992,,0,nearest_robot=robot6
80.000,original,-,robot2,MIN_DISTANCE,OK,12.044,7.992,,0,nearest_robot=robot6
80.000,original,-,robot3,MIN_DISTANCE,OK,2.464,7.992,,0,nearest_robot=robot4
80.000,original,-,robot4,MIN_DISTANCE,OK,2.464,7.992,,0,nearest_robot=robot3
80.000,original,-,robot5,MIN_DISTANCE,OK,8.669,7.992,,0,nearest_robot=robot6
80.000,original,-,robot6,MIN_DISTANCE,OK,8.669,7.992,,0,nearest_robot=robot5
80.000,original,-,fleet,MIN_DISTANCE_AVG,OK,7.992,,,0,robots_sampled=6
81.000,original,-,robot1,MIN_DISTANCE,OK,13.677,8.011,,0,nearest_robot=robot6
81.000,original,-,robot2,MIN_DISTANCE,OK,12.116,8.011,,0,nearest_robot=robot6
81.000,original,-,robot3,MIN_DISTANCE,OK,2.855,8.011,,0,nearest_robot=robot4
81.000,original,-,robot4,MIN_DISTANCE,OK,2.855,8.011,,0,nearest_robot=robot3
81.000,original,-,robot5,MIN_DISTANCE,OK,8.281,8.011,,0,nearest_robot=robot6
81.000,original,-,robot6,MIN_DISTANCE,OK,8.281,8.011,,0,nearest_robot=robot5
81.000,original,-,fleet,MIN_DISTANCE_AVG,OK,8.011,,,0,robots_sampled=6
82.000,original,-,robot1,MIN_DISTANCE,OK,13.739,8.083,,0,nearest_robot=robot6
82.000,original,-,robot2,MIN_DISTANCE,OK,12.203,8.083,,0,nearest_robot=robot6
82.000,original,-,robot3,MIN_DISTANCE,OK,3.292,8.083,,0,nearest_robot=robot4
82.000,original,-,robot4,MIN_DISTANCE,OK,3.292,8.083,,0,nearest_robot=robot3
82.000,original,-,robot5,MIN_DISTANCE,OK,7.985,8.083,,0,nearest_robot=robot6
82.000,original,-,robot6,MIN_DISTANCE,OK,7.985,8.083,,0,nearest_robot=robot5
82.000,original,-,fleet,MIN_DISTANCE_AVG,OK,8.083,,,0,robots_sampled=6
83.000,original,-,robot1,MIN_DISTANCE,OK,13.807,8.143,,0,nearest_robot=robot6
83.000,original,-,robot2,MIN_DISTANCE,OK,12.274,8.143,,0,nearest_robot=robot6
83.000,original,-,robot3,MIN_DISTANCE,OK,3.582,8.143,,0,nearest_robot=robot4
83.000,original,-,robot4,MIN_DISTANCE,OK,3.582,8.143,,0,nearest_robot=robot3
83.000,original,-,robot5,MIN_DISTANCE,OK,7.807,8.143,,0,nearest_robot=robot6
83.000,original,-,robot6,MIN_DISTANCE,OK,7.807,8.143,,0,nearest_robot=robot5
83.000,original,-,fleet,MIN_DISTANCE_AVG,OK,8.143,,,0,robots_sampled=6
83.500,original,-,fleet,REPLAN_FULL,OK,,,robot1|robot2|robot3|robot4|robot5|robot6,0,original_full_optimization
84.000,original,-,robot1,MIN_DISTANCE,OK,13.849,8.132,,0,nearest_robot=robot2
84.000,original,-,robot2,MIN_DISTANCE,OK,12.277,8.132,,0,nearest_robot=robot6
84.000,original,-,robot3,MIN_DISTANCE,OK,3.587,8.132,,0,nearest_robot=robot4
84.000,original,-,robot4,MIN_DISTANCE,OK,3.587,8.132,,0,nearest_robot=robot3
84.000,original,-,robot5,MIN_DISTANCE,OK,7.745,8.132,,0,nearest_robot=robot6
84.000,original,-,robot6,MIN_DISTANCE,OK,7.745,8.132,,0,nearest_robot=robot5
84.000,original,-,fleet,MIN_DISTANCE_AVG,OK,8.132,,,0,robots_sampled=6
85.000,original,-,robot1,MIN_DISTANCE,OK,13.850,7.983,,0,nearest_robot=robot2
85.000,original,-,robot2,MIN_DISTANCE,OK,12.302,7.983,,0,nearest_robot=robot6
85.000,original,-,robot3,MIN_DISTANCE,OK,3.586,7.983,,0,nearest_robot=robot4
85.000,original,-,robot4,MIN_DISTANCE,OK,3.586,7.983,,0,nearest_robot=robot3
85.000,original,-,robot5,MIN_DISTANCE,OK,7.288,7.983,,0,nearest_robot=robot6
85.000,original,-,robot6,MIN_DISTANCE,OK,7.288,7.983,,0,nearest_robot=robot5
85.000,original,-,fleet,MIN_DISTANCE_AVG,OK,7.983,,,0,robots_sampled=6
86.000,original,-,robot1,MIN_DISTANCE,OK,13.850,7.920,,0,nearest_robot=robot2
86.000,original,-,robot2,MIN_DISTANCE,OK,12.296,7.920,,0,nearest_robot=robot6
86.000,original,-,robot3,MIN_DISTANCE,OK,3.586,7.920,,0,nearest_robot=robot4
86.000,original,-,robot4,MIN_DISTANCE,OK,3.586,7.920,,0,nearest_robot=robot3
86.000,original,-,robot5,MIN_DISTANCE,OK,7.101,7.920,,0,nearest_robot=robot6
86.000,original,-,robot6,MIN_DISTANCE,OK,7.101,7.920,,0,nearest_robot=robot5
86.000,original,-,fleet,MIN_DISTANCE_AVG,OK,7.920,,,0,robots_sampled=6
87.000,original,-,robot1,MIN_DISTANCE,OK,13.850,7.878,,0,nearest_robot=robot2
87.000,original,-,robot2,MIN_DISTANCE,OK,12.259,7.878,,0,nearest_robot=robot6
87.000,original,-,robot3,MIN_DISTANCE,OK,3.586,7.878,,0,nearest_robot=robot4
87.000,original,-,robot4,MIN_DISTANCE,OK,3.586,7.878,,0,nearest_robot=robot3
87.000,original,-,robot5,MIN_DISTANCE,OK,6.995,7.878,,0,nearest_robot=robot6
87.000,original,-,robot6,MIN_DISTANCE,OK,6.995,7.878,,0,nearest_robot=robot5
87.000,original,-,fleet,MIN_DISTANCE_AVG,OK,7.878,,,0,robots_sampled=6
88.000,original,-,robot1,MIN_DISTANCE,OK,13.850,7.835,,0,nearest_robot=robot2
88.000,original,-,robot2,MIN_DISTANCE,OK,12.199,7.835,,0,nearest_robot=robot6
88.000,original,-,robot3,MIN_DISTANCE,OK,3.586,7.835,,0,nearest_robot=robot4
88.000,original,-,robot4,MIN_DISTANCE,OK,3.586,7.835,,0,nearest_robot=robot3
88.000,original,-,robot5,MIN_DISTANCE,OK,6.894,7.835,,0,nearest_robot=robot6
88.000,original,-,robot6,MIN_DISTANCE,OK,6.894,7.835,,0,nearest_robot=robot5
88.000,original,-,fleet,MIN_DISTANCE_AVG,OK,7.835,,,0,robots_sampled=6
89.000,original,-,robot1,MIN_DISTANCE,OK,13.851,7.727,,0,nearest_robot=robot2
89.000,original,-,robot2,MIN_DISTANCE,OK,12.032,7.727,,0,nearest_robot=robot6
89.000,original,-,robot3,MIN_DISTANCE,OK,3.586,7.727,,0,nearest_robot=robot4
89.000,original,-,robot4,MIN_DISTANCE,OK,3.586,7.727,,0,nearest_robot=robot3
89.000,original,-,robot5,MIN_DISTANCE,OK,6.654,7.727,,0,nearest_robot=robot6
89.000,original,-,robot6,MIN_DISTANCE,OK,6.654,7.727,,0,nearest_robot=robot5
89.000,original,-,fleet,MIN_DISTANCE_AVG,OK,7.727,,,0,robots_sampled=6
90.000,original,-,robot1,MIN_DISTANCE,OK,13.851,7.571,,0,nearest_robot=robot2
90.000,original,-,robot2,MIN_DISTANCE,OK,11.908,7.571,,0,nearest_robot=robot6
90.000,original,-,robot3,MIN_DISTANCE,OK,3.586,7.571,,0,nearest_robot=robot4
90.000,original,-,robot4,MIN_DISTANCE,OK,3.586,7.571,,0,nearest_robot=robot3
90.000,original,-,robot5,MIN_DISTANCE,OK,6.248,7.571,,0,nearest_robot=robot6
90.000,original,-,robot6,MIN_DISTANCE,OK,6.248,7.571,,0,nearest_robot=robot5
90.000,original,-,fleet,MIN_DISTANCE_AVG,OK,7.571,,,0,robots_sampled=6
91.000,original,-,robot1,MIN_DISTANCE,OK,13.851,7.425,,0,nearest_robot=robot2
91.000,original,-,robot2,MIN_DISTANCE,OK,11.971,7.425,,0,nearest_robot=robot6
91.000,original,-,robot3,MIN_DISTANCE,OK,3.586,7.425,,0,nearest_robot=robot4
91.000,original,-,robot4,MIN_DISTANCE,OK,3.586,7.425,,0,nearest_robot=robot3
91.000,original,-,robot5,MIN_DISTANCE,OK,5.778,7.425,,0,nearest_robot=robot6
91.000,original,-,robot6,MIN_DISTANCE,OK,5.778,7.425,,0,nearest_robot=robot5
91.000,original,-,fleet,MIN_DISTANCE_AVG,OK,7.425,,,0,robots_sampled=6
92.000,original,-,robot1,MIN_DISTANCE,OK,13.851,7.292,,0,nearest_robot=robot2
92.000,original,-,robot2,MIN_DISTANCE,OK,12.040,7.292,,0,nearest_robot=robot6
92.000,original,-,robot3,MIN_DISTANCE,OK,3.585,7.292,,0,nearest_robot=robot4
92.000,original,-,robot4,MIN_DISTANCE,OK,3.585,7.292,,0,nearest_robot=robot3
92.000,original,-,robot5,MIN_DISTANCE,OK,5.344,7.292,,0,nearest_robot=robot6
92.000,original,-,robot6,MIN_DISTANCE,OK,5.344,7.292,,0,nearest_robot=robot5
92.000,original,-,fleet,MIN_DISTANCE_AVG,OK,7.292,,,0,robots_sampled=6
93.000,original,-,robot1,MIN_DISTANCE,OK,13.852,7.157,,0,nearest_robot=robot2
93.000,original,-,robot2,MIN_DISTANCE,OK,12.062,7.157,,0,nearest_robot=robot6
93.000,original,-,robot3,MIN_DISTANCE,OK,3.585,7.157,,0,nearest_robot=robot4
93.000,original,-,robot4,MIN_DISTANCE,OK,3.585,7.157,,0,nearest_robot=robot3
93.000,original,-,robot5,MIN_DISTANCE,OK,4.930,7.157,,0,nearest_robot=robot6
93.000,original,-,robot6,MIN_DISTANCE,OK,4.930,7.157,,0,nearest_robot=robot5
93.000,original,-,fleet,MIN_DISTANCE_AVG,OK,7.157,,,0,robots_sampled=6
94.000,original,-,robot1,MIN_DISTANCE,OK,13.852,7.043,,0,nearest_robot=robot2
94.000,original,-,robot2,MIN_DISTANCE,OK,12.080,7.043,,0,nearest_robot=robot6
94.000,original,-,robot3,MIN_DISTANCE,OK,3.585,7.043,,0,nearest_robot=robot4
94.000,original,-,robot4,MIN_DISTANCE,OK,3.585,7.043,,0,nearest_robot=robot3
94.000,original,-,robot5,MIN_DISTANCE,OK,4.578,7.043,,0,nearest_robot=robot6
94.000,original,-,robot6,MIN_DISTANCE,OK,4.578,7.043,,0,nearest_robot=robot5
94.000,original,-,fleet,MIN_DISTANCE_AVG,OK,7.043,,,0,robots_sampled=6
95.000,original,-,robot1,MIN_DISTANCE,OK,13.852,6.967,,0,nearest_robot=robot2
95.000,original,-,robot2,MIN_DISTANCE,OK,12.108,6.967,,0,nearest_robot=robot6
95.000,original,-,robot3,MIN_DISTANCE,OK,3.585,6.967,,0,nearest_robot=robot4
95.000,original,-,robot4,MIN_DISTANCE,OK,3.585,6.967,,0,nearest_robot=robot3
95.000,original,-,robot5,MIN_DISTANCE,OK,4.336,6.967,,0,nearest_robot=robot6
95.000,original,-,robot6,MIN_DISTANCE,OK,4.336,6.967,,0,nearest_robot=robot5
95.000,original,-,fleet,MIN_DISTANCE_AVG,OK,6.967,,,0,robots_sampled=6
96.000,original,-,robot1,MIN_DISTANCE,OK,13.852,6.934,,0,nearest_robot=robot2
96.000,original,-,robot2,MIN_DISTANCE,OK,12.055,6.934,,0,nearest_robot=robot6
96.000,original,-,robot3,MIN_DISTANCE,OK,3.585,6.934,,0,nearest_robot=robot4
96.000,original,-,robot4,MIN_DISTANCE,OK,3.585,6.934,,0,nearest_robot=robot3
96.000,original,-,robot5,MIN_DISTANCE,OK,4.265,6.934,,0,nearest_robot=robot6
96.000,original,-,robot6,MIN_DISTANCE,OK,4.265,6.934,,0,nearest_robot=robot5
96.000,original,-,fleet,MIN_DISTANCE_AVG,OK,6.934,,,0,robots_sampled=6
97.000,original,-,robot1,MIN_DISTANCE,OK,13.852,6.931,,0,nearest_robot=robot2
97.000,original,-,robot2,MIN_DISTANCE,OK,12.033,6.931,,0,nearest_robot=robot6
97.000,original,-,robot3,MIN_DISTANCE,OK,3.585,6.931,,0,nearest_robot=robot4
97.000,original,-,robot4,MIN_DISTANCE,OK,3.585,6.931,,0,nearest_robot=robot3
97.000,original,-,robot5,MIN_DISTANCE,OK,4.267,6.931,,0,nearest_robot=robot6
97.000,original,-,robot6,MIN_DISTANCE,OK,4.267,6.931,,0,nearest_robot=robot5
97.000,original,-,fleet,MIN_DISTANCE_AVG,OK,6.931,,,0,robots_sampled=6
98.000,original,-,robot1,MIN_DISTANCE,OK,13.853,6.931,,0,nearest_robot=robot2
98.000,original,-,robot2,MIN_DISTANCE,OK,12.033,6.931,,0,nearest_robot=robot6
98.000,original,-,robot3,MIN_DISTANCE,OK,3.584,6.931,,0,nearest_robot=robot4
98.000,original,-,robot4,MIN_DISTANCE,OK,3.584,6.931,,0,nearest_robot=robot3
98.000,original,-,robot5,MIN_DISTANCE,OK,4.265,6.931,,0,nearest_robot=robot6
98.000,original,-,robot6,MIN_DISTANCE,OK,4.265,6.931,,0,nearest_robot=robot5
98.000,original,-,fleet,MIN_DISTANCE_AVG,OK,6.931,,,0,robots_sampled=6
99.000,original,-,robot1,MIN_DISTANCE,OK,13.853,6.931,,0,nearest_robot=robot2
99.000,original,-,robot2,MIN_DISTANCE,OK,12.033,6.931,,0,nearest_robot=robot6
99.000,original,-,robot3,MIN_DISTANCE,OK,3.584,6.931,,0,nearest_robot=robot4
99.000,original,-,robot4,MIN_DISTANCE,OK,3.584,6.931,,0,nearest_robot=robot3
99.000,original,-,robot5,MIN_DISTANCE,OK,4.265,6.931,,0,nearest_robot=robot6
99.000,original,-,robot6,MIN_DISTANCE,OK,4.265,6.931,,0,nearest_robot=robot5
99.000,original,-,fleet,MIN_DISTANCE_AVG,OK,6.931,,,0,robots_sampled=6
100.000,original,-,robot1,MIN_DISTANCE,OK,13.853,6.931,,0,nearest_robot=robot2
100.000,original,-,robot2,MIN_DISTANCE,OK,12.033,6.931,,0,nearest_robot=robot6
100.000,original,-,robot3,MIN_DISTANCE,OK,3.584,6.931,,0,nearest_robot=robot4
100.000,original,-,robot4,MIN_DISTANCE,OK,3.584,6.931,,0,nearest_robot=robot3
100.000,original,-,robot5,MIN_DISTANCE,OK,4.265,6.931,,0,nearest_robot=robot6
100.000,original,-,robot6,MIN_DISTANCE,OK,4.265,6.931,,0,nearest_robot=robot5
100.000,original,-,fleet,MIN_DISTANCE_AVG,OK,6.931,,,0,robots_sampled=6
101.000,original,-,robot1,MIN_DISTANCE,OK,13.853,6.931,,0,nearest_robot=robot2
101.000,original,-,robot2,MIN_DISTANCE,OK,12.033,6.931,,0,nearest_robot=robot6
101.000,original,-,robot3,MIN_DISTANCE,OK,3.584,6.931,,0,nearest_robot=robot4
101.000,original,-,robot4,MIN_DISTANCE,OK,3.584,6.931,,0,nearest_robot=robot3
101.000,original,-,robot5,MIN_DISTANCE,OK,4.265,6.931,,0,nearest_robot=robot6
101.000,original,-,robot6,MIN_DISTANCE,OK,4.265,6.931,,0,nearest_robot=robot5
101.000,original,-,fleet,MIN_DISTANCE_AVG,OK,6.931,,,0,robots_sampled=6
102.000,original,-,robot1,MIN_DISTANCE,OK,13.854,6.931,,0,nearest_robot=robot2
102.000,original,-,robot2,MIN_DISTANCE,OK,12.033,6.931,,0,nearest_robot=robot6
102.000,original,-,robot3,MIN_DISTANCE,OK,3.584,6.931,,0,nearest_robot=robot4
102.000,original,-,robot4,MIN_DISTANCE,OK,3.584,6.931,,0,nearest_robot=robot3
102.000,original,-,robot5,MIN_DISTANCE,OK,4.265,6.931,,0,nearest_robot=robot6
102.000,original,-,robot6,MIN_DISTANCE,OK,4.265,6.931,,0,nearest_robot=robot5
102.000,original,-,fleet,MIN_DISTANCE_AVG,OK,6.931,,,0,robots_sampled=6
103.000,original,-,robot1,MIN_DISTANCE,OK,13.854,6.931,,0,nearest_robot=robot2
103.000,original,-,robot2,MIN_DISTANCE,OK,12.033,6.931,,0,nearest_robot=robot6
103.000,original,-,robot3,MIN_DISTANCE,OK,3.584,6.931,,0,nearest_robot=robot4
103.000,original,-,robot4,MIN_DISTANCE,OK,3.584,6.931,,0,nearest_robot=robot3
103.000,original,-,robot5,MIN_DISTANCE,OK,4.265,6.931,,0,nearest_robot=robot6
103.000,original,-,robot6,MIN_DISTANCE,OK,4.265,6.931,,0,nearest_robot=robot5
103.000,original,-,fleet,MIN_DISTANCE_AVG,OK,6.931,,,0,robots_sampled=6
104.000,original,-,robot1,MIN_DISTANCE,OK,13.854,6.931,,0,nearest_robot=robot2
104.000,original,-,robot2,MIN_DISTANCE,OK,12.033,6.931,,0,nearest_robot=robot6
104.000,original,-,robot3,MIN_DISTANCE,OK,3.583,6.931,,0,nearest_robot=robot4
104.000,original,-,robot4,MIN_DISTANCE,OK,3.583,6.931,,0,nearest_robot=robot3
104.000,original,-,robot5,MIN_DISTANCE,OK,4.265,6.931,,0,nearest_robot=robot6
104.000,original,-,robot6,MIN_DISTANCE,OK,4.265,6.931,,0,nearest_robot=robot5
104.000,original,-,fleet,MIN_DISTANCE_AVG,OK,6.931,,,0,robots_sampled=6
105.000,original,-,robot1,MIN_DISTANCE,OK,13.854,6.930,,0,nearest_robot=robot2
105.000,original,-,robot2,MIN_DISTANCE,OK,12.033,6.930,,0,nearest_robot=robot6
105.000,original,-,robot3,MIN_DISTANCE,OK,3.583,6.930,,0,nearest_robot=robot4
105.000,original,-,robot4,MIN_DISTANCE,OK,3.583,6.930,,0,nearest_robot=robot3
105.000,original,-,robot5,MIN_DISTANCE,OK,4.265,6.930,,0,nearest_robot=robot6
105.000,original,-,robot6,MIN_DISTANCE,OK,4.265,6.930,,0,nearest_robot=robot5
105.000,original,-,fleet,MIN_DISTANCE_AVG,OK,6.930,,,0,robots_sampled=6
106.000,original,-,robot1,MIN_DISTANCE,OK,13.855,6.930,,0,nearest_robot=robot2
106.000,original,-,robot2,MIN_DISTANCE,OK,12.033,6.930,,0,nearest_robot=robot6
106.000,original,-,robot3,MIN_DISTANCE,OK,3.583,6.930,,0,nearest_robot=robot4
106.000,original,-,robot4,MIN_DISTANCE,OK,3.583,6.930,,0,nearest_robot=robot3
106.000,original,-,robot5,MIN_DISTANCE,OK,4.265,6.930,,0,nearest_robot=robot6
106.000,original,-,robot6,MIN_DISTANCE,OK,4.265,6.930,,0,nearest_robot=robot5
106.000,original,-,fleet,MIN_DISTANCE_AVG,OK,6.930,,,0,robots_sampled=6
107.000,original,-,robot1,MIN_DISTANCE,OK,13.855,6.930,,0,nearest_robot=robot2
107.000,original,-,robot2,MIN_DISTANCE,OK,12.033,6.930,,0,nearest_robot=robot6
107.000,original,-,robot3,MIN_DISTANCE,OK,3.583,6.930,,0,nearest_robot=robot4
107.000,original,-,robot4,MIN_DISTANCE,OK,3.583,6.930,,0,nearest_robot=robot3
107.000,original,-,robot5,MIN_DISTANCE,OK,4.264,6.930,,0,nearest_robot=robot6
107.000,original,-,robot6,MIN_DISTANCE,OK,4.264,6.930,,0,nearest_robot=robot5
107.000,original,-,fleet,MIN_DISTANCE_AVG,OK,6.930,,,0,robots_sampled=6
108.000,original,-,robot1,MIN_DISTANCE,OK,13.855,6.930,,0,nearest_robot=robot2
108.000,original,-,robot2,MIN_DISTANCE,OK,12.033,6.930,,0,nearest_robot=robot6
108.000,original,-,robot3,MIN_DISTANCE,OK,3.583,6.930,,0,nearest_robot=robot4
108.000,original,-,robot4,MIN_DISTANCE,OK,3.583,6.930,,0,nearest_robot=robot3
108.000,original,-,robot5,MIN_DISTANCE,OK,4.264,6.930,,0,nearest_robot=robot6
108.000,original,-,robot6,MIN_DISTANCE,OK,4.264,6.930,,0,nearest_robot=robot5
108.000,original,-,fleet,MIN_DISTANCE_AVG,OK,6.930,,,0,robots_sampled=6
109.000,original,-,fleet,REPLAN_FULL,OK,,,robot1|robot2|robot3|robot4|robot5|robot6,0,original_full_optimization
109.000,original,-,robot1,MIN_DISTANCE,OK,13.698,6.930,,0,nearest_robot=robot2
109.000,original,-,robot2,MIN_DISTANCE,OK,12.097,6.930,,0,nearest_robot=robot6
109.000,original,-,robot3,MIN_DISTANCE,OK,3.736,6.930,,0,nearest_robot=robot4
109.000,original,-,robot4,MIN_DISTANCE,OK,3.736,6.930,,0,nearest_robot=robot3
109.000,original,-,robot5,MIN_DISTANCE,OK,4.155,6.930,,0,nearest_robot=robot6
109.000,original,-,robot6,MIN_DISTANCE,OK,4.155,6.930,,0,nearest_robot=robot5
109.000,original,-,fleet,MIN_DISTANCE_AVG,OK,6.930,,,0,robots_sampled=6
110.000,original,-,robot1,MIN_DISTANCE,OK,13.282,6.964,,0,nearest_robot=robot2
110.000,original,-,robot2,MIN_DISTANCE,OK,12.300,6.964,,0,nearest_robot=robot6
110.000,original,-,robot3,MIN_DISTANCE,OK,4.282,6.964,,0,nearest_robot=robot4
110.000,original,-,robot4,MIN_DISTANCE,OK,4.282,6.964,,0,nearest_robot=robot3
110.000,original,-,robot5,MIN_DISTANCE,OK,3.819,6.964,,0,nearest_robot=robot6
110.000,original,-,robot6,MIN_DISTANCE,OK,3.819,6.964,,0,nearest_robot=robot5
110.000,original,-,fleet,MIN_DISTANCE_AVG,OK,6.964,,,0,robots_sampled=6
111.000,original,-,robot1,MIN_DISTANCE,OK,12.894,6.925,,0,nearest_robot=robot2
111.000,original,-,robot2,MIN_DISTANCE,OK,12.485,6.925,,0,nearest_robot=robot3
111.000,original,-,robot3,MIN_DISTANCE,OK,4.628,6.925,,0,nearest_robot=robot4
111.000,original,-,robot4,MIN_DISTANCE,OK,4.628,6.925,,0,nearest_robot=robot3
111.000,original,-,robot5,MIN_DISTANCE,OK,3.458,6.925,,0,nearest_robot=robot6
111.000,original,-,robot6,MIN_DISTANCE,OK,3.458,6.925,,0,nearest_robot=robot5
111.000,original,-,fleet,MIN_DISTANCE_AVG,OK,6.925,,,0,robots_sampled=6
112.000,original,-,robot1,MIN_DISTANCE,OK,12.545,6.778,,0,nearest_robot=robot2
112.000,original,-,robot2,MIN_DISTANCE,OK,12.471,6.778,,0,nearest_robot=robot3
112.000,original,-,robot3,MIN_DISTANCE,OK,4.737,6.778,,0,nearest_robot=robot4
112.000,original,-,robot4,MIN_DISTANCE,OK,4.737,6.778,,0,nearest_robot=robot3
112.000,original,-,robot5,MIN_DISTANCE,OK,3.091,6.778,,0,nearest_robot=robot6
112.000,original,-,robot6,MIN_DISTANCE,OK,3.091,6.778,,0,nearest_robot=robot5
112.000,original,-,fleet,MIN_DISTANCE_AVG,OK,6.778,,,0,robots_sampled=6
113.000,original,-,robot1,MIN_DISTANCE,OK,12.032,6.461,,0,nearest_robot=robot2
113.000,original,-,robot2,MIN_DISTANCE,OK,12.032,6.461,,0,nearest_robot=robot1
113.000,original,-,robot3,MIN_DISTANCE,OK,4.672,6.461,,0,nearest_robot=robot4
113.000,original,-,robot4,MIN_DISTANCE,OK,4.672,6.461,,0,nearest_robot=robot3
113.000,original,-,robot5,MIN_DISTANCE,OK,2.679,6.461,,0,nearest_robot=robot6
113.000,original,-,robot6,MIN_DISTANCE,OK,2.679,6.461,,0,nearest_robot=robot5
113.000,original,-,fleet,MIN_DISTANCE_AVG,OK,6.461,,,0,robots_sampled=6
114.000,original,-,robot1,MIN_DISTANCE,OK,11.599,6.162,,0,nearest_robot=robot2
114.000,original,-,robot2,MIN_DISTANCE,OK,11.599,6.162,,0,nearest_robot=robot1
114.000,original,-,robot3,MIN_DISTANCE,OK,4.642,6.162,,0,nearest_robot=robot4
114.000,original,-,robot4,MIN_DISTANCE,OK,4.642,6.162,,0,nearest_robot=robot3
114.000,original,-,robot5,MIN_DISTANCE,OK,2.245,6.162,,0,nearest_robot=robot6
114.000,original,-,robot6,MIN_DISTANCE,OK,2.245,6.162,,0,nearest_robot=robot5
114.000,original,-,fleet,MIN_DISTANCE_AVG,OK,6.162,,,0,robots_sampled=6
115.000,original,-,robot1,MIN_DISTANCE,OK,11.378,5.939,,0,nearest_robot=robot2
115.000,original,-,robot2,MIN_DISTANCE,OK,11.378,5.939,,0,nearest_robot=robot1
115.000,original,-,robot3,MIN_DISTANCE,OK,4.656,5.939,,0,nearest_robot=robot4
115.000,original,-,robot4,MIN_DISTANCE,OK,4.656,5.939,,0,nearest_robot=robot3
115.000,original,-,robot5,MIN_DISTANCE,OK,1.783,5.939,,0,nearest_robot=robot6
115.000,original,-,robot6,MIN_DISTANCE,OK,1.783,5.939,,0,nearest_robot=robot5
115.000,original,-,fleet,MIN_DISTANCE_AVG,OK,5.939,,,0,robots_sampled=6
116.000,original,-,robot1,MIN_DISTANCE,OK,11.186,5.729,,0,nearest_robot=robot2
116.000,original,-,robot2,MIN_DISTANCE,OK,11.186,5.729,,0,nearest_robot=robot1
116.000,original,-,robot3,MIN_DISTANCE,OK,4.643,5.729,,0,nearest_robot=robot4
116.000,original,-,robot4,MIN_DISTANCE,OK,4.643,5.729,,0,nearest_robot=robot3
116.000,original,-,robot5,MIN_DISTANCE,OK,1.358,5.729,,0,nearest_robot=robot6
116.000,original,-,robot6,MIN_DISTANCE,OK,1.358,5.729,,0,nearest_robot=robot5
116.000,original,-,fleet,MIN_DISTANCE_AVG,OK,5.729,,,0,robots_sampled=6
117.000,original,-,robot1,MIN_DISTANCE,OK,11.042,5.484,,0,nearest_robot=robot2
117.000,original,-,robot2,MIN_DISTANCE,OK,11.042,5.484,,0,nearest_robot=robot1
117.000,original,-,robot3,MIN_DISTANCE,OK,4.436,5.484,,0,nearest_robot=robot4
117.000,original,-,robot4,MIN_DISTANCE,OK,4.436,5.484,,0,nearest_robot=robot3
117.000,original,-,robot5,MIN_DISTANCE,OK,0.975,5.484,,0,nearest_robot=robot6
117.000,original,-,robot6,MIN_DISTANCE,OK,0.975,5.484,,0,nearest_robot=robot5
117.000,original,-,fleet,MIN_DISTANCE_AVG,OK,5.484,,,0,robots_sampled=6
118.000,original,-,robot1,MIN_DISTANCE,OK,10.827,5.245,,0,nearest_robot=robot2
118.000,original,-,robot2,MIN_DISTANCE,OK,10.827,5.245,,0,nearest_robot=robot1
118.000,original,-,robot3,MIN_DISTANCE,OK,4.109,5.245,,0,nearest_robot=robot4
118.000,original,-,robot4,MIN_DISTANCE,OK,4.109,5.245,,0,nearest_robot=robot3
118.000,original,-,robot5,MIN_DISTANCE,OK,0.800,5.245,,0,nearest_robot=robot6
118.000,original,-,robot6,MIN_DISTANCE,OK,0.800,5.245,,0,nearest_robot=robot5
118.000,original,-,fleet,MIN_DISTANCE_AVG,OK,5.245,,,0,robots_sampled=6
119.000,original,-,robot1,MIN_DISTANCE,OK,10.562,4.984,,0,nearest_robot=robot2
119.000,original,-,robot2,MIN_DISTANCE,OK,10.562,4.984,,0,nearest_robot=robot1
119.000,original,-,robot3,MIN_DISTANCE,OK,3.685,4.984,,0,nearest_robot=robot4
119.000,original,-,robot4,MIN_DISTANCE,OK,3.685,4.984,,0,nearest_robot=robot3
119.000,original,-,robot5,MIN_DISTANCE,OK,0.704,4.984,,0,nearest_robot=robot6
119.000,original,-,robot6,MIN_DISTANCE,OK,0.704,4.984,,0,nearest_robot=robot5
119.000,original,-,fleet,MIN_DISTANCE_AVG,OK,4.984,,,0,robots_sampled=6
120.000,original,-,robot1,MIN_DISTANCE,OK,10.309,4.793,,0,nearest_robot=robot2
120.000,original,-,robot2,MIN_DISTANCE,OK,10.309,4.793,,0,nearest_robot=robot1
120.000,original,-,robot3,MIN_DISTANCE,OK,3.388,4.793,,0,nearest_robot=robot4
120.000,original,-,robot4,MIN_DISTANCE,OK,3.388,4.793,,0,nearest_robot=robot3
120.000,original,-,robot5,MIN_DISTANCE,OK,0.681,4.793,,0,nearest_robot=robot6
120.000,original,-,robot6,MIN_DISTANCE,OK,0.681,4.793,,0,nearest_robot=robot5
120.000,original,-,fleet,MIN_DISTANCE_AVG,OK,4.793,,,0,robots_sampled=6
121.000,original,-,robot1,MIN_DISTANCE,OK,10.011,4.553,,0,nearest_robot=robot2
121.000,original,-,robot2,MIN_DISTANCE,OK,10.011,4.553,,0,nearest_robot=robot1
121.000,original,-,robot3,MIN_DISTANCE,OK,3.077,4.553,,0,nearest_robot=robot4
121.000,original,-,robot4,MIN_DISTANCE,OK,3.077,4.553,,0,nearest_robot=robot3
121.000,original,-,robot5,MIN_DISTANCE,OK,0.569,4.553,,0,nearest_robot=robot6
121.000,original,-,robot6,MIN_DISTANCE,OK,0.569,4.553,,0,nearest_robot=robot5
121.000,original,-,fleet,MIN_DISTANCE_AVG,OK,4.553,,,0,robots_sampled=6
122.000,original,-,robot1,MIN_DISTANCE,OK,9.700,4.307,,0,nearest_robot=robot2
122.000,original,-,robot2,MIN_DISTANCE,OK,9.700,4.307,,0,nearest_robot=robot1
122.000,original,-,robot3,MIN_DISTANCE,OK,2.813,4.307,,0,nearest_robot=robot4
122.000,original,-,robot4,MIN_DISTANCE,OK,2.813,4.307,,0,nearest_robot=robot3
122.000,original,-,robot5,MIN_DISTANCE,OK,0.407,4.307,,0,nearest_robot=robot6
122.000,original,-,robot6,MIN_DISTANCE,OK,0.407,4.307,,0,nearest_robot=robot5
122.000,original,-,fleet,MIN_DISTANCE_AVG,OK,4.307,,,0,robots_sampled=6
123.000,original,-,robot1,MIN_DISTANCE,OK,9.378,4.169,,0,nearest_robot=robot2
123.000,original,-,robot2,MIN_DISTANCE,OK,9.378,4.169,,0,nearest_robot=robot1
123.000,original,-,robot3,MIN_DISTANCE,OK,2.579,4.169,,0,nearest_robot=robot4
123.000,original,-,robot4,MIN_DISTANCE,OK,2.579,4.169,,0,nearest_robot=robot3
123.000,original,-,robot5,MIN_DISTANCE,OK,0.550,4.169,,0,nearest_robot=robot6
123.000,original,-,robot6,MIN_DISTANCE,OK,0.550,4.169,,0,nearest_robot=robot5
123.000,original,-,fleet,MIN_DISTANCE_AVG,OK,4.169,,,0,robots_sampled=6
124.000,original,-,robot1,MIN_DISTANCE,OK,9.011,4.018,,0,nearest_robot=robot2
124.000,original,-,robot2,MIN_DISTANCE,OK,9.011,4.018,,0,nearest_robot=robot1
124.000,original,-,robot3,MIN_DISTANCE,OK,2.315,4.018,,0,nearest_robot=robot4
124.000,original,-,robot4,MIN_DISTANCE,OK,2.315,4.018,,0,nearest_robot=robot3
124.000,original,-,robot5,MIN_DISTANCE,OK,0.729,4.018,,0,nearest_robot=robot6
124.000,original,-,robot6,MIN_DISTANCE,OK,0.729,4.018,,0,nearest_robot=robot5
124.000,original,-,fleet,MIN_DISTANCE_AVG,OK,4.018,,,0,robots_sampled=6
125.000,original,-,robot1,MIN_DISTANCE,OK,8.605,3.931,,0,nearest_robot=robot2
125.000,original,-,robot2,MIN_DISTANCE,OK,8.605,3.931,,0,nearest_robot=robot1
125.000,original,-,robot3,MIN_DISTANCE,OK,2.158,3.931,,0,nearest_robot=robot4
125.000,original,-,robot4,MIN_DISTANCE,OK,2.158,3.931,,0,nearest_robot=robot3
125.000,original,-,robot5,MIN_DISTANCE,OK,1.029,3.931,,0,nearest_robot=robot6
125.000,original,-,robot6,MIN_DISTANCE,OK,1.029,3.931,,0,nearest_robot=robot5
125.000,original,-,fleet,MIN_DISTANCE_AVG,OK,3.931,,,0,robots_sampled=6
126.000,original,-,robot1,MIN_DISTANCE,OK,8.292,3.901,,0,nearest_robot=robot2
126.000,original,-,robot2,MIN_DISTANCE,OK,8.292,3.901,,0,nearest_robot=robot1
126.000,original,-,robot3,MIN_DISTANCE,OK,2.046,3.901,,0,nearest_robot=robot4
126.000,original,-,robot4,MIN_DISTANCE,OK,2.046,3.901,,0,nearest_robot=robot3
126.000,original,-,robot5,MIN_DISTANCE,OK,1.365,3.901,,0,nearest_robot=robot6
126.000,original,-,robot6,MIN_DISTANCE,OK,1.365,3.901,,0,nearest_robot=robot5
126.000,original,-,fleet,MIN_DISTANCE_AVG,OK,3.901,,,0,robots_sampled=6
127.000,original,-,robot1,MIN_DISTANCE,OK,7.933,3.918,,0,nearest_robot=robot2
127.000,original,-,robot2,MIN_DISTANCE,OK,7.933,3.918,,0,nearest_robot=robot1
127.000,original,-,robot3,MIN_DISTANCE,OK,2.054,3.918,,0,nearest_robot=robot4
127.000,original,-,robot4,MIN_DISTANCE,OK,2.054,3.918,,0,nearest_robot=robot3
127.000,original,-,robot5,MIN_DISTANCE,OK,1.766,3.918,,0,nearest_robot=robot6
127.000,original,-,robot6,MIN_DISTANCE,OK,1.766,3.918,,0,nearest_robot=robot5
127.000,original,-,fleet,MIN_DISTANCE_AVG,OK,3.918,,,0,robots_sampled=6
128.000,original,-,robot1,MIN_DISTANCE,OK,7.560,3.961,,0,nearest_robot=robot2
128.000,original,-,robot2,MIN_DISTANCE,OK,7.560,3.961,,0,nearest_robot=robot1
128.000,original,-,robot3,MIN_DISTANCE,OK,2.132,3.961,,0,nearest_robot=robot4
128.000,original,-,robot4,MIN_DISTANCE,OK,2.132,3.961,,0,nearest_robot=robot3
128.000,original,-,robot5,MIN_DISTANCE,OK,2.190,3.961,,0,nearest_robot=robot6
128.000,original,-,robot6,MIN_DISTANCE,OK,2.190,3.961,,0,nearest_robot=robot5
128.000,original,-,fleet,MIN_DISTANCE_AVG,OK,3.961,,,0,robots_sampled=6
129.000,original,-,robot1,MIN_DISTANCE,OK,7.182,4.031,,0,nearest_robot=robot2
129.000,original,-,robot2,MIN_DISTANCE,OK,7.182,4.031,,0,nearest_robot=robot1
129.000,original,-,robot3,MIN_DISTANCE,OK,2.325,4.031,,0,nearest_robot=robot4
129.000,original,-,robot4,MIN_DISTANCE,OK,2.325,4.031,,0,nearest_robot=robot3
129.000,original,-,robot5,MIN_DISTANCE,OK,2.587,4.031,,0,nearest_robot=robot6
129.000,original,-,robot6,MIN_DISTANCE,OK,2.587,4.031,,0,nearest_robot=robot5
129.000,original,-,fleet,MIN_DISTANCE_AVG,OK,4.031,,,0,robots_sampled=6
130.000,original,-,robot1,MIN_DISTANCE,OK,6.812,4.149,,0,nearest_robot=robot2
130.000,original,-,robot2,MIN_DISTANCE,OK,6.812,4.149,,0,nearest_robot=robot1
130.000,original,-,robot3,MIN_DISTANCE,OK,2.584,4.149,,0,nearest_robot=robot4
130.000,original,-,robot4,MIN_DISTANCE,OK,2.584,4.149,,0,nearest_robot=robot3
130.000,original,-,robot5,MIN_DISTANCE,OK,3.052,4.149,,0,nearest_robot=robot6
130.000,original,-,robot6,MIN_DISTANCE,OK,3.052,4.149,,0,nearest_robot=robot5
130.000,original,-,fleet,MIN_DISTANCE_AVG,OK,4.149,,,0,robots_sampled=6
131.000,original,-,robot1,MIN_DISTANCE,OK,6.422,4.279,,0,nearest_robot=robot2
131.000,original,-,robot2,MIN_DISTANCE,OK,6.422,4.279,,0,nearest_robot=robot1
131.000,original,-,robot3,MIN_DISTANCE,OK,2.877,4.279,,0,nearest_robot=robot4
131.000,original,-,robot4,MIN_DISTANCE,OK,2.877,4.279,,0,nearest_robot=robot3
131.000,original,-,robot5,MIN_DISTANCE,OK,3.538,4.279,,0,nearest_robot=robot6
131.000,original,-,robot6,MIN_DISTANCE,OK,3.538,4.279,,0,nearest_robot=robot5
131.000,original,-,fleet,MIN_DISTANCE_AVG,OK,4.279,,,0,robots_sampled=6
132.000,original,-,robot1,MIN_DISTANCE,OK,5.977,4.404,,0,nearest_robot=robot2
132.000,original,-,robot2,MIN_DISTANCE,OK,5.977,4.404,,0,nearest_robot=robot1
132.000,original,-,robot3,MIN_DISTANCE,OK,3.238,4.404,,0,nearest_robot=robot4
132.000,original,-,robot4,MIN_DISTANCE,OK,3.238,4.404,,0,nearest_robot=robot3
132.000,original,-,robot5,MIN_DISTANCE,OK,3.996,4.404,,0,nearest_robot=robot6
132.000,original,-,robot6,MIN_DISTANCE,OK,3.996,4.404,,0,nearest_robot=robot5
132.000,original,-,fleet,MIN_DISTANCE_AVG,OK,4.404,,,0,robots_sampled=6
133.000,original,-,robot1,MIN_DISTANCE,OK,5.512,4.522,,0,nearest_robot=robot2
133.000,original,-,robot2,MIN_DISTANCE,OK,5.512,4.522,,0,nearest_robot=robot1
133.000,original,-,robot3,MIN_DISTANCE,OK,3.597,4.522,,0,nearest_robot=robot4
133.000,original,-,robot4,MIN_DISTANCE,OK,3.597,4.522,,0,nearest_robot=robot3
133.000,original,-,robot5,MIN_DISTANCE,OK,4.457,4.522,,0,nearest_robot=robot6
133.000,original,-,robot6,MIN_DISTANCE,OK,4.457,4.522,,0,nearest_robot=robot5
133.000,original,-,fleet,MIN_DISTANCE_AVG,OK,4.522,,,0,robots_sampled=6
134.000,original,-,robot1,MIN_DISTANCE,OK,5.098,4.626,,0,nearest_robot=robot2
134.000,original,-,robot2,MIN_DISTANCE,OK,5.098,4.626,,0,nearest_robot=robot1
134.000,original,-,robot3,MIN_DISTANCE,OK,3.905,4.626,,0,nearest_robot=robot4
134.000,original,-,robot4,MIN_DISTANCE,OK,3.905,4.626,,0,nearest_robot=robot3
134.000,original,-,robot5,MIN_DISTANCE,OK,4.876,4.626,,0,nearest_robot=robot6
134.000,original,-,robot6,MIN_DISTANCE,OK,4.876,4.626,,0,nearest_robot=robot5
134.000,original,-,fleet,MIN_DISTANCE_AVG,OK,4.626,,,0,robots_sampled=6
134.500,original,-,fleet,REPLAN_FULL,OK,,,robot1|robot2|robot3|robot4|robot5|robot6,0,original_full_optimization
135.000,original,-,robot1,MIN_DISTANCE,OK,4.626,4.717,,0,nearest_robot=robot2
135.000,original,-,robot2,MIN_DISTANCE,OK,4.626,4.717,,0,nearest_robot=robot1
135.000,original,-,robot3,MIN_DISTANCE,OK,4.202,4.717,,0,nearest_robot=robot4
135.000,original,-,robot4,MIN_DISTANCE,OK,4.202,4.717,,0,nearest_robot=robot3
135.000,original,-,robot5,MIN_DISTANCE,OK,5.322,4.717,,0,nearest_robot=robot6
135.000,original,-,robot6,MIN_DISTANCE,OK,5.322,4.717,,0,nearest_robot=robot5
135.000,original,-,fleet,MIN_DISTANCE_AVG,OK,4.717,,,0,robots_sampled=6
136.000,original,-,robot1,MIN_DISTANCE,OK,4.186,4.808,,0,nearest_robot=robot2
136.000,original,-,robot2,MIN_DISTANCE,OK,4.186,4.808,,0,nearest_robot=robot1
136.000,original,-,robot3,MIN_DISTANCE,OK,4.475,4.808,,0,nearest_robot=robot4
136.000,original,-,robot4,MIN_DISTANCE,OK,4.475,4.808,,0,nearest_robot=robot3
136.000,original,-,robot5,MIN_DISTANCE,OK,5.763,4.808,,0,nearest_robot=robot6
136.000,original,-,robot6,MIN_DISTANCE,OK,5.763,4.808,,0,nearest_robot=robot5
136.000,original,-,fleet,MIN_DISTANCE_AVG,OK,4.808,,,0,robots_sampled=6
137.000,original,-,robot1,MIN_DISTANCE,OK,3.737,4.879,,0,nearest_robot=robot2
137.000,original,-,robot2,MIN_DISTANCE,OK,3.737,4.879,,0,nearest_robot=robot1
137.000,original,-,robot3,MIN_DISTANCE,OK,4.685,4.879,,0,nearest_robot=robot4
137.000,original,-,robot4,MIN_DISTANCE,OK,4.685,4.879,,0,nearest_robot=robot3
137.000,original,-,robot5,MIN_DISTANCE,OK,6.216,4.879,,0,nearest_robot=robot6
137.000,original,-,robot6,MIN_DISTANCE,OK,6.216,4.879,,0,nearest_robot=robot5
137.000,original,-,fleet,MIN_DISTANCE_AVG,OK,4.879,,,0,robots_sampled=6
138.000,original,-,robot1,MIN_DISTANCE,OK,3.310,4.955,,0,nearest_robot=robot2
138.000,original,-,robot2,MIN_DISTANCE,OK,3.310,4.955,,0,nearest_robot=robot1
138.000,original,-,robot3,MIN_DISTANCE,OK,4.919,4.955,,0,nearest_robot=robot4
138.000,original,-,robot4,MIN_DISTANCE,OK,4.919,4.955,,0,nearest_robot=robot3
138.000,original,-,robot5,MIN_DISTANCE,OK,6.637,4.955,,0,nearest_robot=robot6
138.000,original,-,robot6,MIN_DISTANCE,OK,6.637,4.955,,0,nearest_robot=robot5
138.000,original,-,fleet,MIN_DISTANCE_AVG,OK,4.955,,,0,robots_sampled=6
139.000,original,-,robot1,MIN_DISTANCE,OK,2.913,4.965,,0,nearest_robot=robot2
139.000,original,-,robot2,MIN_DISTANCE,OK,2.913,4.965,,0,nearest_robot=robot1
139.000,original,-,robot3,MIN_DISTANCE,OK,4.917,4.965,,0,nearest_robot=robot4
139.000,original,-,robot4,MIN_DISTANCE,OK,4.917,4.965,,0,nearest_robot=robot3
139.000,original,-,robot5,MIN_DISTANCE,OK,7.063,4.965,,0,nearest_robot=robot6
139.000,original,-,robot6,MIN_DISTANCE,OK,7.063,4.965,,0,nearest_robot=robot5
139.000,original,-,fleet,MIN_DISTANCE_AVG,OK,4.965,,,0,robots_sampled=6
140.000,original,-,robot1,MIN_DISTANCE,OK,2.478,4.974,,0,nearest_robot=robot2
140.000,original,-,robot2,MIN_DISTANCE,OK,2.478,4.974,,0,nearest_robot=robot1
140.000,original,-,robot3,MIN_DISTANCE,OK,4.944,4.974,,0,nearest_robot=robot4
140.000,original,-,robot4,MIN_DISTANCE,OK,4.944,4.974,,0,nearest_robot=robot3
140.000,original,-,robot5,MIN_DISTANCE,OK,7.500,4.974,,0,nearest_robot=robot6
140.000,original,-,robot6,MIN_DISTANCE,OK,7.500,4.974,,0,nearest_robot=robot5
140.000,original,-,fleet,MIN_DISTANCE_AVG,OK,4.974,,,0,robots_sampled=6
141.000,original,-,robot1,MIN_DISTANCE,OK,2.183,5.015,,0,nearest_robot=robot2
141.000,original,-,robot2,MIN_DISTANCE,OK,2.183,5.015,,0,nearest_robot=robot1
141.000,original,-,robot3,MIN_DISTANCE,OK,4.935,5.015,,0,nearest_robot=robot4
141.000,original,-,robot4,MIN_DISTANCE,OK,4.935,5.015,,0,nearest_robot=robot3
141.000,original,-,robot5,MIN_DISTANCE,OK,7.925,5.015,,0,nearest_robot=robot6
141.000,original,-,robot6,MIN_DISTANCE,OK,7.925,5.015,,0,nearest_robot=robot5
141.000,original,-,fleet,MIN_DISTANCE_AVG,OK,5.015,,,0,robots_sampled=6
142.000,original,-,robot1,MIN_DISTANCE,OK,2.080,5.131,,0,nearest_robot=robot2
142.000,original,-,robot2,MIN_DISTANCE,OK,2.080,5.131,,0,nearest_robot=robot1
142.000,original,-,robot3,MIN_DISTANCE,OK,4.935,5.131,,0,nearest_robot=robot4
142.000,original,-,robot4,MIN_DISTANCE,OK,4.935,5.131,,0,nearest_robot=robot3
142.000,original,-,robot5,MIN_DISTANCE,OK,8.378,5.131,,0,nearest_robot=robot6
142.000,original,-,robot6,MIN_DISTANCE,OK,8.378,5.131,,0,nearest_robot=robot5
142.000,original,-,fleet,MIN_DISTANCE_AVG,OK,5.131,,,0,robots_sampled=6
143.000,original,-,robot1,MIN_DISTANCE,OK,2.089,5.283,,0,nearest_robot=robot2
143.000,original,-,robot2,MIN_DISTANCE,OK,2.089,5.283,,0,nearest_robot=robot1
143.000,original,-,robot3,MIN_DISTANCE,OK,4.935,5.283,,0,nearest_robot=robot4
143.000,original,-,robot4,MIN_DISTANCE,OK,4.935,5.283,,0,nearest_robot=robot3
143.000,original,-,robot5,MIN_DISTANCE,OK,8.824,5.283,,0,nearest_robot=robot6
143.000,original,-,robot6,MIN_DISTANCE,OK,8.824,5.283,,0,nearest_robot=robot5
143.000,original,-,fleet,MIN_DISTANCE_AVG,OK,5.283,,,0,robots_sampled=6
144.000,original,-,robot1,MIN_DISTANCE,OK,2.070,5.355,,0,nearest_robot=robot2
144.000,original,-,robot2,MIN_DISTANCE,OK,2.070,5.355,,0,nearest_robot=robot1
144.000,original,-,robot3,MIN_DISTANCE,OK,4.935,5.355,,0,nearest_robot=robot4
144.000,original,-,robot4,MIN_DISTANCE,OK,4.935,5.355,,0,nearest_robot=robot3
144.000,original,-,robot5,MIN_DISTANCE,OK,9.272,5.355,,0,nearest_robot=robot6
144.000,original,-,robot6,MIN_DISTANCE,OK,8.848,5.355,,0,nearest_robot=robot3
144.000,original,-,fleet,MIN_DISTANCE_AVG,OK,5.355,,,0,robots_sampled=6
145.000,original,-,robot1,MIN_DISTANCE,OK,2.083,5.435,,0,nearest_robot=robot2
145.000,original,-,robot2,MIN_DISTANCE,OK,2.083,5.435,,0,nearest_robot=robot1
145.000,original,-,robot3,MIN_DISTANCE,OK,4.935,5.435,,0,nearest_robot=robot4
145.000,original,-,robot4,MIN_DISTANCE,OK,4.935,5.435,,0,nearest_robot=robot3
145.000,original,-,robot5,MIN_DISTANCE,OK,9.723,5.435,,0,nearest_robot=robot6
145.000,original,-,robot6,MIN_DISTANCE,OK,8.847,5.435,,0,nearest_robot=robot3
145.000,original,-,fleet,MIN_DISTANCE_AVG,OK,5.435,,,0,robots_sampled=6
146.000,original,-,robot1,MIN_DISTANCE,OK,2.092,5.510,,0,nearest_robot=robot2
146.000,original,-,robot2,MIN_DISTANCE,OK,2.092,5.510,,0,nearest_robot=robot1
146.000,original,-,robot3,MIN_DISTANCE,OK,4.935,5.510,,0,nearest_robot=robot4
146.000,original,-,robot4,MIN_DISTANCE,OK,4.935,5.510,,0,nearest_robot=robot3
146.000,original,-,robot5,MIN_DISTANCE,OK,10.159,5.510,,0,nearest_robot=robot6
146.000,original,-,robot6,MIN_DISTANCE,OK,8.847,5.510,,0,nearest_robot=robot3
146.000,original,-,fleet,MIN_DISTANCE_AVG,OK,5.510,,,0,robots_sampled=6
147.000,original,-,robot1,MIN_DISTANCE,OK,2.092,5.590,,0,nearest_robot=robot2
147.000,original,-,robot2,MIN_DISTANCE,OK,2.092,5.590,,0,nearest_robot=robot1
147.000,original,-,robot3,MIN_DISTANCE,OK,4.935,5.590,,0,nearest_robot=robot4
147.000,original,-,robot4,MIN_DISTANCE,OK,4.935,5.590,,0,nearest_robot=robot3
147.000,original,-,robot5,MIN_DISTANCE,OK,10.640,5.590,,0,nearest_robot=robot6
147.000,original,-,robot6,MIN_DISTANCE,OK,8.847,5.590,,0,nearest_robot=robot3
147.000,original,-,fleet,MIN_DISTANCE_AVG,OK,5.590,,,0,robots_sampled=6
148.000,original,-,robot1,MIN_DISTANCE,OK,2.092,5.539,,0,nearest_robot=robot2
148.000,original,-,robot2,MIN_DISTANCE,OK,2.092,5.539,,0,nearest_robot=robot1
148.000,original,-,robot3,MIN_DISTANCE,OK,4.935,5.539,,0,nearest_robot=robot4
148.000,original,-,robot4,MIN_DISTANCE,OK,4.935,5.539,,0,nearest_robot=robot3
148.000,original,-,robot5,MIN_DISTANCE,OK,10.331,5.539,,0,nearest_robot=robot1
148.000,original,-,robot6,MIN_DISTANCE,OK,8.847,5.539,,0,nearest_robot=robot3
148.000,original,-,fleet,MIN_DISTANCE_AVG,OK,5.539,,,0,robots_sampled=6
149.000,original,-,robot1,MIN_DISTANCE,OK,2.092,5.463,,0,nearest_robot=robot2
149.000,original,-,robot2,MIN_DISTANCE,OK,2.092,5.463,,0,nearest_robot=robot1
149.000,original,-,robot3,MIN_DISTANCE,OK,4.935,5.463,,0,nearest_robot=robot4
149.000,original,-,robot4,MIN_DISTANCE,OK,4.935,5.463,,0,nearest_robot=robot3
149.000,original,-,robot5,MIN_DISTANCE,OK,9.876,5.463,,0,nearest_robot=robot1
149.000,original,-,robot6,MIN_DISTANCE,OK,8.847,5.463,,0,nearest_robot=robot3
149.000,original,-,fleet,MIN_DISTANCE_AVG,OK,5.463,,,0,robots_sampled=6
150.000,original,-,robot1,MIN_DISTANCE,OK,2.092,5.404,,0,nearest_robot=robot2
150.000,original,-,robot2,MIN_DISTANCE,OK,2.092,5.404,,0,nearest_robot=robot1
150.000,original,-,robot3,MIN_DISTANCE,OK,4.935,5.404,,0,nearest_robot=robot4
150.000,original,-,robot4,MIN_DISTANCE,OK,4.935,5.404,,0,nearest_robot=robot3
150.000,original,-,robot5,MIN_DISTANCE,OK,9.521,5.404,,0,nearest_robot=robot1
150.000,original,-,robot6,MIN_DISTANCE,OK,8.847,5.404,,0,nearest_robot=robot3
150.000,original,-,fleet,MIN_DISTANCE_AVG,OK,5.404,,,0,robots_sampled=6
151.000,original,-,robot1,MIN_DISTANCE,OK,2.092,5.362,,0,nearest_robot=robot2
151.000,original,-,robot2,MIN_DISTANCE,OK,2.092,5.362,,0,nearest_robot=robot1
151.000,original,-,robot3,MIN_DISTANCE,OK,4.935,5.362,,0,nearest_robot=robot4
151.000,original,-,robot4,MIN_DISTANCE,OK,4.935,5.362,,0,nearest_robot=robot3
151.000,original,-,robot5,MIN_DISTANCE,OK,9.269,5.362,,0,nearest_robot=robot1
151.000,original,-,robot6,MIN_DISTANCE,OK,8.847,5.362,,0,nearest_robot=robot3
151.000,original,-,fleet,MIN_DISTANCE_AVG,OK,5.362,,,0,robots_sampled=6
152.000,original,-,robot1,MIN_DISTANCE,OK,2.092,5.322,,0,nearest_robot=robot2
152.000,original,-,robot2,MIN_DISTANCE,OK,2.092,5.322,,0,nearest_robot=robot1
152.000,original,-,robot3,MIN_DISTANCE,OK,4.935,5.322,,0,nearest_robot=robot4
152.000,original,-,robot4,MIN_DISTANCE,OK,4.935,5.322,,0,nearest_robot=robot3
152.000,original,-,robot5,MIN_DISTANCE,OK,9.032,5.322,,0,nearest_robot=robot1
152.000,original,-,robot6,MIN_DISTANCE,OK,8.846,5.322,,0,nearest_robot=robot3
152.000,original,-,fleet,MIN_DISTANCE_AVG,OK,5.322,,,0,robots_sampled=6
153.000,original,-,robot1,MIN_DISTANCE,OK,2.092,5.265,,0,nearest_robot=robot2
153.000,original,-,robot2,MIN_DISTANCE,OK,2.092,5.265,,0,nearest_robot=robot1
153.000,original,-,robot3,MIN_DISTANCE,OK,4.935,5.265,,0,nearest_robot=robot4
153.000,original,-,robot4,MIN_DISTANCE,OK,4.935,5.265,,0,nearest_robot=robot3
153.000,original,-,robot5,MIN_DISTANCE,OK,8.692,5.265,,0,nearest_robot=robot1
153.000,original,-,robot6,MIN_DISTANCE,OK,8.846,5.265,,0,nearest_robot=robot3
153.000,original,-,fleet,MIN_DISTANCE_AVG,OK,5.265,,,0,robots_sampled=6
154.000,original,-,robot1,MIN_DISTANCE,OK,2.092,5.200,,0,nearest_robot=robot2
154.000,original,-,robot2,MIN_DISTANCE,OK,2.092,5.200,,0,nearest_robot=robot1
154.000,original,-,robot3,MIN_DISTANCE,OK,4.935,5.200,,0,nearest_robot=robot4
154.000,original,-,robot4,MIN_DISTANCE,OK,4.935,5.200,,0,nearest_robot=robot3
154.000,original,-,robot5,MIN_DISTANCE,OK,8.298,5.200,,0,nearest_robot=robot1
154.000,original,-,robot6,MIN_DISTANCE,OK,8.846,5.200,,0,nearest_robot=robot3
154.000,original,-,fleet,MIN_DISTANCE_AVG,OK,5.200,,,0,robots_sampled=6
155.000,original,-,robot1,MIN_DISTANCE,OK,2.092,5.134,,0,nearest_robot=robot2
155.000,original,-,robot2,MIN_DISTANCE,OK,2.092,5.134,,0,nearest_robot=robot1
155.000,original,-,robot3,MIN_DISTANCE,OK,4.935,5.134,,0,nearest_robot=robot4
155.000,original,-,robot4,MIN_DISTANCE,OK,4.935,5.134,,0,nearest_robot=robot3
155.000,original,-,robot5,MIN_DISTANCE,OK,7.906,5.134,,0,nearest_robot=robot1
155.000,original,-,robot6,MIN_DISTANCE,OK,8.846,5.134,,0,nearest_robot=robot3
155.000,original,-,fleet,MIN_DISTANCE_AVG,OK,5.134,,,0,robots_sampled=6
156.000,original,-,robot1,MIN_DISTANCE,OK,2.092,5.074,,0,nearest_robot=robot2
156.000,original,-,robot2,MIN_DISTANCE,OK,2.092,5.074,,0,nearest_robot=robot1
156.000,original,-,robot3,MIN_DISTANCE,OK,4.935,5.074,,0,nearest_robot=robot4
156.000,original,-,robot4,MIN_DISTANCE,OK,4.935,5.074,,0,nearest_robot=robot3
156.000,original,-,robot5,MIN_DISTANCE,OK,7.547,5.074,,0,nearest_robot=robot1
156.000,original,-,robot6,MIN_DISTANCE,OK,8.846,5.074,,0,nearest_robot=robot3
156.000,original,-,fleet,MIN_DISTANCE_AVG,OK,5.074,,,0,robots_sampled=6
157.000,original,-,robot1,MIN_DISTANCE,OK,2.092,5.021,,0,nearest_robot=robot2
157.000,original,-,robot2,MIN_DISTANCE,OK,2.092,5.021,,0,nearest_robot=robot1
157.000,original,-,robot3,MIN_DISTANCE,OK,4.935,5.021,,0,nearest_robot=robot4
157.000,original,-,robot4,MIN_DISTANCE,OK,4.935,5.021,,0,nearest_robot=robot3
157.000,original,-,robot5,MIN_DISTANCE,OK,7.225,5.021,,0,nearest_robot=robot1
157.000,original,-,robot6,MIN_DISTANCE,OK,8.846,5.021,,0,nearest_robot=robot3
157.000,original,-,fleet,MIN_DISTANCE_AVG,OK,5.021,,,0,robots_sampled=6
158.000,original,-,robot1,MIN_DISTANCE,OK,2.092,4.971,,0,nearest_robot=robot2
158.000,original,-,robot2,MIN_DISTANCE,OK,2.092,4.971,,0,nearest_robot=robot1
158.000,original,-,robot3,MIN_DISTANCE,OK,4.935,4.971,,0,nearest_robot=robot4
158.000,original,-,robot4,MIN_DISTANCE,OK,4.935,4.971,,0,nearest_robot=robot3
158.000,original,-,robot5,MIN_DISTANCE,OK,6.924,4.971,,0,nearest_robot=robot1
158.000,original,-,robot6,MIN_DISTANCE,OK,8.845,4.971,,0,nearest_robot=robot3
158.000,original,-,fleet,MIN_DISTANCE_AVG,OK,4.971,,,0,robots_sampled=6
159.000,original,-,robot1,MIN_DISTANCE,OK,2.092,4.916,,0,nearest_robot=robot2
159.000,original,-,robot2,MIN_DISTANCE,OK,2.092,4.916,,0,nearest_robot=robot1
159.000,original,-,robot3,MIN_DISTANCE,OK,4.935,4.916,,0,nearest_robot=robot4
159.000,original,-,robot4,MIN_DISTANCE,OK,4.935,4.916,,0,nearest_robot=robot3
159.000,original,-,robot5,MIN_DISTANCE,OK,6.600,4.916,,0,nearest_robot=robot1
159.000,original,-,robot6,MIN_DISTANCE,OK,8.845,4.916,,0,nearest_robot=robot3
159.000,original,-,fleet,MIN_DISTANCE_AVG,OK,4.916,,,0,robots_sampled=6
160.000,original,-,fleet,REPLAN_FULL,OK,,,robot1|robot2|robot3|robot4|robot5|robot6,0,original_full_optimization
160.000,original,-,robot1,MIN_DISTANCE,OK,2.149,4.883,,0,nearest_robot=robot2
160.000,original,-,robot2,MIN_DISTANCE,OK,2.149,4.883,,0,nearest_robot=robot1
160.000,original,-,robot3,MIN_DISTANCE,OK,4.938,4.883,,0,nearest_robot=robot4
160.000,original,-,robot4,MIN_DISTANCE,OK,4.938,4.883,,0,nearest_robot=robot3
160.000,original,-,robot5,MIN_DISTANCE,OK,6.273,4.883,,0,nearest_robot=robot1
160.000,original,-,robot6,MIN_DISTANCE,OK,8.850,4.883,,0,nearest_robot=robot3
160.000,original,-,fleet,MIN_DISTANCE_AVG,OK,4.883,,,0,robots_sampled=6
161.000,original,-,robot1,MIN_DISTANCE,OK,2.199,4.811,,0,nearest_robot=robot2
161.000,original,-,robot2,MIN_DISTANCE,OK,2.199,4.811,,0,nearest_robot=robot1
161.000,original,-,robot3,MIN_DISTANCE,OK,4.786,4.811,,0,nearest_robot=robot4
161.000,original,-,robot4,MIN_DISTANCE,OK,4.786,4.811,,0,nearest_robot=robot3
161.000,original,-,robot5,MIN_DISTANCE,OK,5.958,4.811,,0,nearest_robot=robot1
161.000,original,-,robot6,MIN_DISTANCE,OK,8.937,4.811,,0,nearest_robot=robot3
161.000,original,-,fleet,MIN_DISTANCE_AVG,OK,4.811,,,0,robots_sampled=6
162.000,original,-,robot1,MIN_DISTANCE,OK,2.326,4.754,,0,nearest_robot=robot2
162.000,original,-,robot2,MIN_DISTANCE,OK,2.326,4.754,,0,nearest_robot=robot1
162.000,original,-,robot3,MIN_DISTANCE,OK,4.358,4.754,,0,nearest_robot=robot4
162.000,original,-,robot4,MIN_DISTANCE,OK,4.358,4.754,,0,nearest_robot=robot3
162.000,original,-,robot5,MIN_DISTANCE,OK,5.913,4.754,,0,nearest_robot=robot1
162.000,original,-,robot6,MIN_DISTANCE,OK,9.242,4.754,,0,nearest_robot=robot3
162.000,original,-,fleet,MIN_DISTANCE_AVG,OK,4.754,,,0,robots_sampled=6
163.000,original,-,robot1,MIN_DISTANCE,OK,2.731,4.774,,0,nearest_robot=robot2
163.000,original,-,robot2,MIN_DISTANCE,OK,2.731,4.774,,0,nearest_robot=robot1
163.000,original,-,robot3,MIN_DISTANCE,OK,3.981,4.774,,0,nearest_robot=robot4
163.000,original,-,robot4,MIN_DISTANCE,OK,3.981,4.774,,0,nearest_robot=robot3
163.000,original,-,robot5,MIN_DISTANCE,OK,5.736,4.774,,0,nearest_robot=robot1
163.000,original,-,robot6,MIN_DISTANCE,OK,9.485,4.774,,0,nearest_robot=robot3
163.000,original,-,fleet,MIN_DISTANCE_AVG,OK,4.774,,,0,robots_sampled=6
164.000,original,-,robot1,MIN_DISTANCE,OK,3.170,4.762,,0,nearest_robot=robot2
164.000,original,-,robot2,MIN_DISTANCE,OK,3.170,4.762,,0,nearest_robot=robot1
164.000,original,-,robot3,MIN_DISTANCE,OK,3.551,4.762,,0,nearest_robot=robot4
164.000,original,-,robot4,MIN_DISTANCE,OK,3.551,4.762,,0,nearest_robot=robot3
164.000,original,-,robot5,MIN_DISTANCE,OK,5.521,4.762,,0,nearest_robot=robot1
164.000,original,-,robot6,MIN_DISTANCE,OK,9.611,4.762,,0,nearest_robot=robot3
164.000,original,-,fleet,MIN_DISTANCE_AVG,OK,4.762,,,0,robots_sampled=6
165.000,original,-,robot1,MIN_DISTANCE,OK,3.630,4.701,,0,nearest_robot=robot2
165.000,original,-,robot2,MIN_DISTANCE,OK,3.630,4.701,,0,nearest_robot=robot1
165.000,original,-,robot3,MIN_DISTANCE,OK,3.087,4.701,,0,nearest_robot=robot4
165.000,original,-,robot4,MIN_DISTANCE,OK,3.087,4.701,,0,nearest_robot=robot3
165.000,original,-,robot5,MIN_DISTANCE,OK,5.162,4.701,,0,nearest_robot=robot1
165.000,original,-,robot6,MIN_DISTANCE,OK,9.611,4.701,,0,nearest_robot=robot3
165.000,original,-,fleet,MIN_DISTANCE_AVG,OK,4.701,,,0,robots_sampled=6
166.000,original,-,robot1,MIN_DISTANCE,OK,4.113,4.640,,0,nearest_robot=robot2
166.000,original,-,robot2,MIN_DISTANCE,OK,4.113,4.640,,0,nearest_robot=robot1
166.000,original,-,robot3,MIN_DISTANCE,OK,2.622,4.640,,0,nearest_robot=robot4
166.000,original,-,robot4,MIN_DISTANCE,OK,2.622,4.640,,0,nearest_robot=robot3
166.000,original,-,robot5,MIN_DISTANCE,OK,4.812,4.640,,0,nearest_robot=robot1
166.000,original,-,robot6,MIN_DISTANCE,OK,9.554,4.640,,0,nearest_robot=robot3
166.000,original,-,fleet,MIN_DISTANCE_AVG,OK,4.640,,,0,robots_sampled=6
167.000,original,-,robot1,MIN_DISTANCE,OK,4.474,4.580,,0,nearest_robot=robot5
167.000,original,-,robot2,MIN_DISTANCE,OK,4.622,4.580,,0,nearest_robot=robot1
167.000,original,-,robot3,MIN_DISTANCE,OK,2.193,4.580,,0,nearest_robot=robot4
167.000,original,-,robot4,MIN_DISTANCE,OK,2.193,4.580,,0,nearest_robot=robot3
167.000,original,-,robot5,MIN_DISTANCE,OK,4.474,4.580,,0,nearest_robot=robot1
167.000,original,-,robot6,MIN_DISTANCE,OK,9.521,4.580,,0,nearest_robot=robot3
167.000,original,-,fleet,MIN_DISTANCE_AVG,OK,4.580,,,0,robots_sampled=6
168.000,original,-,robot1,MIN_DISTANCE,OK,4.235,4.465,,0,nearest_robot=robot5
168.000,original,-,robot2,MIN_DISTANCE,OK,5.024,4.465,,0,nearest_robot=robot5
168.000,original,-,robot3,MIN_DISTANCE,OK,1.875,4.465,,0,nearest_robot=robot4
168.000,original,-,robot4,MIN_DISTANCE,OK,1.875,4.465,,0,nearest_robot=robot3
168.000,original,-,robot5,MIN_DISTANCE,OK,4.235,4.465,,0,nearest_robot=robot1
168.000,original,-,robot6,MIN_DISTANCE,OK,9.546,4.465,,0,nearest_robot=robot3
168.000,original,-,fleet,MIN_DISTANCE_AVG,OK,4.465,,,0,robots_sampled=6
169.000,original,-,robot1,MIN_DISTANCE,OK,4.109,4.265,,0,nearest_robot=robot5
169.000,original,-,robot2,MIN_DISTANCE,OK,4.641,4.265,,0,nearest_robot=robot5
169.000,original,-,robot3,MIN_DISTANCE,OK,1.535,4.265,,0,nearest_robot=robot4
169.000,original,-,robot4,MIN_DISTANCE,OK,1.535,4.265,,0,nearest_robot=robot3
169.000,original,-,robot5,MIN_DISTANCE,OK,4.109,4.265,,0,nearest_robot=robot1
169.000,original,-,robot6,MIN_DISTANCE,OK,9.660,4.265,,0,nearest_robot=robot3
169.000,original,-,fleet,MIN_DISTANCE_AVG,OK,4.265,,,0,robots_sampled=6
170.000,original,-,robot1,MIN_DISTANCE,OK,4.133,4.164,,0,nearest_robot=robot5
170.000,original,-,robot2,MIN_DISTANCE,OK,4.349,4.164,,0,nearest_robot=robot5
170.000,original,-,robot3,MIN_DISTANCE,OK,1.254,4.164,,0,nearest_robot=robot4
170.000,original,-,robot4,MIN_DISTANCE,OK,1.254,4.164,,0,nearest_robot=robot3
170.000,original,-,robot5,MIN_DISTANCE,OK,4.133,4.164,,0,nearest_robot=robot1
170.000,original,-,robot6,MIN_DISTANCE,OK,9.862,4.164,,0,nearest_robot=robot3
170.000,original,-,fleet,MIN_DISTANCE_AVG,OK,4.164,,,0,robots_sampled=6
171.000,original,-,robot1,MIN_DISTANCE,OK,4.168,4.122,,0,nearest_robot=robot5
171.000,original,-,robot2,MIN_DISTANCE,OK,4.071,4.122,,0,nearest_robot=robot5
171.000,original,-,robot3,MIN_DISTANCE,OK,1.174,4.122,,0,nearest_robot=robot4
171.000,original,-,robot4,MIN_DISTANCE,OK,1.174,4.122,,0,nearest_robot=robot3
171.000,original,-,robot5,MIN_DISTANCE,OK,4.071,4.122,,0,nearest_robot=robot2
171.000,original,-,robot6,MIN_DISTANCE,OK,10.076,4.122,,0,nearest_robot=robot3
171.000,original,-,fleet,MIN_DISTANCE_AVG,OK,4.122,,,0,robots_sampled=6
172.000,original,-,robot1,MIN_DISTANCE,OK,4.261,4.054,,0,nearest_robot=robot5
172.000,original,-,robot2,MIN_DISTANCE,OK,3.775,4.054,,0,nearest_robot=robot5
172.000,original,-,robot3,MIN_DISTANCE,OK,1.216,4.054,,0,nearest_robot=robot4
172.000,original,-,robot4,MIN_DISTANCE,OK,1.216,4.054,,0,nearest_robot=robot3
172.000,original,-,robot5,MIN_DISTANCE,OK,3.775,4.054,,0,nearest_robot=robot2
172.000,original,-,robot6,MIN_DISTANCE,OK,10.079,4.054,,0,nearest_robot=robot3
172.000,original,-,fleet,MIN_DISTANCE_AVG,OK,4.054,,,0,robots_sampled=6
173.000,original,-,robot1,MIN_DISTANCE,OK,4.448,3.992,,0,nearest_robot=robot5
173.000,original,-,robot2,MIN_DISTANCE,OK,3.498,3.992,,0,nearest_robot=robot5
173.000,original,-,robot3,MIN_DISTANCE,OK,1.216,3.992,,0,nearest_robot=robot4
173.000,original,-,robot4,MIN_DISTANCE,OK,1.216,3.992,,0,nearest_robot=robot3
173.000,original,-,robot5,MIN_DISTANCE,OK,3.498,3.992,,0,nearest_robot=robot2
173.000,original,-,robot6,MIN_DISTANCE,OK,10.079,3.992,,0,nearest_robot=robot3
173.000,original,-,fleet,MIN_DISTANCE_AVG,OK,3.992,,,0,robots_sampled=6
174.000,original,-,robot1,MIN_DISTANCE,OK,4.636,3.961,,0,nearest_robot=robot5
174.000,original,-,robot2,MIN_DISTANCE,OK,3.309,3.961,,0,nearest_robot=robot5
174.000,original,-,robot3,MIN_DISTANCE,OK,1.216,3.961,,0,nearest_robot=robot4
174.000,original,-,robot4,MIN_DISTANCE,OK,1.216,3.961,,0,nearest_robot=robot3
174.000,original,-,robot5,MIN_DISTANCE,OK,3.309,3.961,,0,nearest_robot=robot2
174.000,original,-,robot6,MIN_DISTANCE,OK,10.079,3.961,,0,nearest_robot=robot3
174.000,original,-,fleet,MIN_DISTANCE_AVG,OK,3.961,,,0,robots_sampled=6
175.000,original,-,robot1,MIN_DISTANCE,OK,4.948,3.969,,0,nearest_robot=robot5
175.000,original,-,robot2,MIN_DISTANCE,OK,3.177,3.969,,0,nearest_robot=robot5
175.000,original,-,robot3,MIN_DISTANCE,OK,1.216,3.969,,0,nearest_robot=robot4
175.000,original,-,robot4,MIN_DISTANCE,OK,1.216,3.969,,0,nearest_robot=robot3
175.000,original,-,robot5,MIN_DISTANCE,OK,3.177,3.969,,0,nearest_robot=robot2
175.000,original,-,robot6,MIN_DISTANCE,OK,10.079,3.969,,0,nearest_robot=robot3
175.000,original,-,fleet,MIN_DISTANCE_AVG,OK,3.969,,,0,robots_sampled=6
176.000,original,-,robot1,MIN_DISTANCE,OK,5.129,3.997,,0,nearest_robot=robot5
176.000,original,-,robot2,MIN_DISTANCE,OK,3.172,3.997,,0,nearest_robot=robot5
176.000,original,-,robot3,MIN_DISTANCE,OK,1.216,3.997,,0,nearest_robot=robot4
176.000,original,-,robot4,MIN_DISTANCE,OK,1.216,3.997,,0,nearest_robot=robot3
176.000,original,-,robot5,MIN_DISTANCE,OK,3.172,3.997,,0,nearest_robot=robot2
176.000,original,-,robot6,MIN_DISTANCE,OK,10.079,3.997,,0,nearest_robot=robot3
176.000,original,-,fleet,MIN_DISTANCE_AVG,OK,3.997,,,0,robots_sampled=6
177.000,original,-,robot1,MIN_DISTANCE,OK,5.311,4.031,,0,nearest_robot=robot5
177.000,original,-,robot2,MIN_DISTANCE,OK,3.181,4.031,,0,nearest_robot=robot5
177.000,original,-,robot3,MIN_DISTANCE,OK,1.216,4.031,,0,nearest_robot=robot4
177.000,original,-,robot4,MIN_DISTANCE,OK,1.216,4.031,,0,nearest_robot=robot3
177.000,original,-,robot5,MIN_DISTANCE,OK,3.181,4.031,,0,nearest_robot=robot2
177.000,original,-,robot6,MIN_DISTANCE,OK,10.079,4.031,,0,nearest_robot=robot3
177.000,original,-,fleet,MIN_DISTANCE_AVG,OK,4.031,,,0,robots_sampled=6
178.000,original,-,robot1,MIN_DISTANCE,OK,5.610,4.080,,0,nearest_robot=robot5
178.000,original,-,robot2,MIN_DISTANCE,OK,3.181,4.080,,0,nearest_robot=robot5
178.000,original,-,robot3,MIN_DISTANCE,OK,1.216,4.080,,0,nearest_robot=robot4
178.000,original,-,robot4,MIN_DISTANCE,OK,1.216,4.080,,0,nearest_robot=robot3
178.000,original,-,robot5,MIN_DISTANCE,OK,3.181,4.080,,0,nearest_robot=robot2
178.000,original,-,robot6,MIN_DISTANCE,OK,10.079,4.080,,0,nearest_robot=robot3
178.000,original,-,fleet,MIN_DISTANCE_AVG,OK,4.080,,,0,robots_sampled=6
179.000,original,-,robot1,MIN_DISTANCE,OK,6.030,4.150,,0,nearest_robot=robot5
179.000,original,-,robot2,MIN_DISTANCE,OK,3.181,4.150,,0,nearest_robot=robot5
179.000,original,-,robot3,MIN_DISTANCE,OK,1.216,4.150,,0,nearest_robot=robot4
179.000,original,-,robot4,MIN_DISTANCE,OK,1.216,4.150,,0,nearest_robot=robot3
179.000,original,-,robot5,MIN_DISTANCE,OK,3.181,4.150,,0,nearest_robot=robot2
179.000,original,-,robot6,MIN_DISTANCE,OK,10.079,4.150,,0,nearest_robot=robot3
179.000,original,-,fleet,MIN_DISTANCE_AVG,OK,4.150,,,0,robots_sampled=6
180.000,original,-,robot1,MIN_DISTANCE,OK,6.465,4.223,,0,nearest_robot=robot5
180.000,original,-,robot2,MIN_DISTANCE,OK,3.181,4.223,,0,nearest_robot=robot5
180.000,original,-,robot3,MIN_DISTANCE,OK,1.216,4.223,,0,nearest_robot=robot4
180.000,original,-,robot4,MIN_DISTANCE,OK,1.216,4.223,,0,nearest_robot=robot3
180.000,original,-,robot5,MIN_DISTANCE,OK,3.181,4.223,,0,nearest_robot=robot2
180.000,original,-,robot6,MIN_DISTANCE,OK,10.079,4.223,,0,nearest_robot=robot3
180.000,original,-,fleet,MIN_DISTANCE_AVG,OK,4.223,,,0,robots_sampled=6
181.000,original,-,robot1,MIN_DISTANCE,OK,6.913,4.298,,0,nearest_robot=robot5
181.000,original,-,robot2,MIN_DISTANCE,OK,3.181,4.298,,0,nearest_robot=robot5
181.000,original,-,robot3,MIN_DISTANCE,OK,1.216,4.298,,0,nearest_robot=robot4
181.000,original,-,robot4,MIN_DISTANCE,OK,1.216,4.298,,0,nearest_robot=robot3
181.000,original,-,robot5,MIN_DISTANCE,OK,3.181,4.298,,0,nearest_robot=robot2
181.000,original,-,robot6,MIN_DISTANCE,OK,10.079,4.298,,0,nearest_robot=robot3
181.000,original,-,fleet,MIN_DISTANCE_AVG,OK,4.298,,,0,robots_sampled=6
182.000,original,-,robot1,MIN_DISTANCE,OK,7.339,4.369,,0,nearest_robot=robot5
182.000,original,-,robot2,MIN_DISTANCE,OK,3.181,4.369,,0,nearest_robot=robot5
182.000,original,-,robot3,MIN_DISTANCE,OK,1.216,4.369,,0,nearest_robot=robot4
182.000,original,-,robot4,MIN_DISTANCE,OK,1.216,4.369,,0,nearest_robot=robot3
182.000,original,-,robot5,MIN_DISTANCE,OK,3.181,4.369,,0,nearest_robot=robot2
182.000,original,-,robot6,MIN_DISTANCE,OK,10.079,4.369,,0,nearest_robot=robot3
182.000,original,-,fleet,MIN_DISTANCE_AVG,OK,4.369,,,0,robots_sampled=6
183.000,original,-,robot1,MIN_DISTANCE,OK,7.661,4.422,,0,nearest_robot=robot5
183.000,original,-,robot2,MIN_DISTANCE,OK,3.181,4.422,,0,nearest_robot=robot5
183.000,original,-,robot3,MIN_DISTANCE,OK,1.216,4.422,,0,nearest_robot=robot4
183.000,original,-,robot4,MIN_DISTANCE,OK,1.216,4.422,,0,nearest_robot=robot3
183.000,original,-,robot5,MIN_DISTANCE,OK,3.181,4.422,,0,nearest_robot=robot2
183.000,original,-,robot6,MIN_DISTANCE,OK,10.079,4.422,,0,nearest_robot=robot3
183.000,original,-,fleet,MIN_DISTANCE_AVG,OK,4.422,,,0,robots_sampled=6
184.000,original,-,robot1,MIN_DISTANCE,OK,7.747,4.437,,0,nearest_robot=robot5
184.000,original,-,robot2,MIN_DISTANCE,OK,3.181,4.437,,0,nearest_robot=robot5
184.000,original,-,robot3,MIN_DISTANCE,OK,1.216,4.437,,0,nearest_robot=robot4
184.000,original,-,robot4,MIN_DISTANCE,OK,1.216,4.437,,0,nearest_robot=robot3
184.000,original,-,robot5,MIN_DISTANCE,OK,3.181,4.437,,0,nearest_robot=robot2
184.000,original,-,robot6,MIN_DISTANCE,OK,10.079,4.437,,0,nearest_robot=robot3
184.000,original,-,fleet,MIN_DISTANCE_AVG,OK,4.437,,,0,robots_sampled=6
185.000,original,-,robot1,MIN_DISTANCE,OK,7.696,4.428,,0,nearest_robot=robot5
185.000,original,-,robot2,MIN_DISTANCE,OK,3.181,4.428,,0,nearest_robot=robot5
185.000,original,-,robot3,MIN_DISTANCE,OK,1.216,4.428,,0,nearest_robot=robot4
185.000,original,-,robot4,MIN_DISTANCE,OK,1.216,4.428,,0,nearest_robot=robot3
185.000,original,-,robot5,MIN_DISTANCE,OK,3.181,4.428,,0,nearest_robot=robot2
185.000,original,-,robot6,MIN_DISTANCE,OK,10.079,4.428,,0,nearest_robot=robot3
185.000,original,-,fleet,MIN_DISTANCE_AVG,OK,4.428,,,0,robots_sampled=6
185.500,original,-,fleet,REPLAN_FULL,OK,,,robot1|robot2|robot3|robot4|robot5|robot6,0,original_full_optimization
186.000,original,-,robot1,MIN_DISTANCE,OK,7.654,4.398,,0,nearest_robot=robot5
186.000,original,-,robot2,MIN_DISTANCE,OK,3.154,4.398,,0,nearest_robot=robot5
186.000,original,-,robot3,MIN_DISTANCE,OK,1.174,4.398,,0,nearest_robot=robot4
186.000,original,-,robot4,MIN_DISTANCE,OK,1.174,4.398,,0,nearest_robot=robot3
186.000,original,-,robot5,MIN_DISTANCE,OK,3.154,4.398,,0,nearest_robot=robot2
186.000,original,-,robot6,MIN_DISTANCE,OK,10.079,4.398,,0,nearest_robot=robot3
186.000,original,-,fleet,MIN_DISTANCE_AVG,OK,4.398,,,0,robots_sampled=6
187.000,original,-,robot1,MIN_DISTANCE,OK,7.662,4.384,,0,nearest_robot=robot5
187.000,original,-,robot2,MIN_DISTANCE,OK,3.172,4.384,,0,nearest_robot=robot5
187.000,original,-,robot3,MIN_DISTANCE,OK,1.109,4.384,,0,nearest_robot=robot4
187.000,original,-,robot4,MIN_DISTANCE,OK,1.109,4.384,,0,nearest_robot=robot3
187.000,original,-,robot5,MIN_DISTANCE,OK,3.172,4.384,,0,nearest_robot=robot2
187.000,original,-,robot6,MIN_DISTANCE,OK,10.079,4.384,,0,nearest_robot=robot3
187.000,original,-,fleet,MIN_DISTANCE_AVG,OK,4.384,,,0,robots_sampled=6
188.000,original,-,robot1,MIN_DISTANCE,OK,7.679,4.340,,0,nearest_robot=robot5
188.000,original,-,robot2,MIN_DISTANCE,OK,3.016,4.340,,0,nearest_robot=robot5
188.000,original,-,robot3,MIN_DISTANCE,OK,1.125,4.340,,0,nearest_robot=robot4
188.000,original,-,robot4,MIN_DISTANCE,OK,1.125,4.340,,0,nearest_robot=robot3
188.000,original,-,robot5,MIN_DISTANCE,OK,3.016,4.340,,0,nearest_robot=robot2
188.000,original,-,robot6,MIN_DISTANCE,OK,10.079,4.340,,0,nearest_robot=robot3
188.000,original,-,fleet,MIN_DISTANCE_AVG,OK,4.340,,,0,robots_sampled=6
189.000,original,-,robot1,MIN_DISTANCE,OK,7.679,4.316,,0,nearest_robot=robot5
189.000,original,-,robot2,MIN_DISTANCE,OK,2.737,4.316,,0,nearest_robot=robot5
189.000,original,-,robot3,MIN_DISTANCE,OK,1.384,4.316,,0,nearest_robot=robot4
189.000,original,-,robot4,MIN_DISTANCE,OK,1.384,4.316,,0,nearest_robot=robot3
189.000,original,-,robot5,MIN_DISTANCE,OK,2.737,4.316,,0,nearest_robot=robot2
189.000,original,-,robot6,MIN_DISTANCE,OK,9.975,4.316,,0,nearest_robot=robot4
189.000,original,-,fleet,MIN_DISTANCE_AVG,OK,4.316,,,0,robots_sampled=6
190.000,original,-,robot1,MIN_DISTANCE,OK,7.679,4.255,,0,nearest_robot=robot5
190.000,original,-,robot2,MIN_DISTANCE,OK,2.520,4.255,,0,nearest_robot=robot5
190.000,original,-,robot3,MIN_DISTANCE,OK,1.597,4.255,,0,nearest_robot=robot4
190.000,original,-,robot4,MIN_DISTANCE,OK,1.597,4.255,,0,nearest_robot=robot3
190.000,original,-,robot5,MIN_DISTANCE,OK,2.520,4.255,,0,nearest_robot=robot2
190.000,original,-,robot6,MIN_DISTANCE,OK,9.616,4.255,,0,nearest_robot=robot4
190.000,original,-,fleet,MIN_DISTANCE_AVG,OK,4.255,,,0,robots_sampled=6
191.000,original,-,robot1,MIN_DISTANCE,OK,7.679,4.207,,0,nearest_robot=robot5
191.000,original,-,robot2,MIN_DISTANCE,OK,2.358,4.207,,0,nearest_robot=robot5
191.000,original,-,robot3,MIN_DISTANCE,OK,1.829,4.207,,0,nearest_robot=robot4
191.000,original,-,robot4,MIN_DISTANCE,OK,1.829,4.207,,0,nearest_robot=robot3
191.000,original,-,robot5,MIN_DISTANCE,OK,2.358,4.207,,0,nearest_robot=robot2
191.000,original,-,robot6,MIN_DISTANCE,OK,9.193,4.207,,0,nearest_robot=robot4
191.000,original,-,fleet,MIN_DISTANCE_AVG,OK,4.207,,,0,robots_sampled=6
192.000,original,-,robot1,MIN_DISTANCE,OK,7.679,4.200,,0,nearest_robot=robot5
192.000,original,-,robot2,MIN_DISTANCE,OK,2.262,4.200,,0,nearest_robot=robot5
192.000,original,-,robot3,MIN_DISTANCE,OK,2.118,4.200,,0,nearest_robot=robot4
192.000,original,-,robot4,MIN_DISTANCE,OK,2.118,4.200,,0,nearest_robot=robot3
192.000,original,-,robot5,MIN_DISTANCE,OK,2.262,4.200,,0,nearest_robot=robot2
192.000,original,-,robot6,MIN_DISTANCE,OK,8.763,4.200,,0,nearest_robot=robot4
192.000,original,-,fleet,MIN_DISTANCE_AVG,OK,4.200,,,0,robots_sampled=6
193.000,original,-,robot1,MIN_DISTANCE,OK,7.679,4.259,,0,nearest_robot=robot5
193.000,original,-,robot2,MIN_DISTANCE,OK,2.324,4.259,,0,nearest_robot=robot5
193.000,original,-,robot3,MIN_DISTANCE,OK,2.445,4.259,,0,nearest_robot=robot4
193.000,original,-,robot4,MIN_DISTANCE,OK,2.445,4.259,,0,nearest_robot=robot3
193.000,original,-,robot5,MIN_DISTANCE,OK,2.324,4.259,,0,nearest_robot=robot2
193.000,original,-,robot6,MIN_DISTANCE,OK,8.337,4.259,,0,nearest_robot=robot4
193.000,original,-,fleet,MIN_DISTANCE_AVG,OK,4.259,,,0,robots_sampled=6
194.000,original,-,robot1,MIN_DISTANCE,OK,7.533,4.302,,0,nearest_robot=robot2
194.000,original,-,robot2,MIN_DISTANCE,OK,2.380,4.302,,0,nearest_robot=robot5
194.000,original,-,robot3,MIN_DISTANCE,OK,2.819,4.302,,0,nearest_robot=robot4
194.000,original,-,robot4,MIN_DISTANCE,OK,2.819,4.302,,0,nearest_robot=robot3
194.000,original,-,robot5,MIN_DISTANCE,OK,2.380,4.302,,0,nearest_robot=robot2
194.000,original,-,robot6,MIN_DISTANCE,OK,7.879,4.302,,0,nearest_robot=robot4
194.000,original,-,fleet,MIN_DISTANCE_AVG,OK,4.302,,,0,robots_sampled=6
195.000,original,-,robot1,MIN_DISTANCE,OK,7.066,4.291,,0,nearest_robot=robot2
195.000,original,-,robot2,MIN_DISTANCE,OK,2.454,4.291,,0,nearest_robot=robot5
195.000,original,-,robot3,MIN_DISTANCE,OK,3.119,4.291,,0,nearest_robot=robot4
195.000,original,-,robot4,MIN_DISTANCE,OK,3.119,4.291,,0,nearest_robot=robot3
195.000,original,-,robot5,MIN_DISTANCE,OK,2.454,4.291,,0,nearest_robot=robot2
195.000,original,-,robot6,MIN_DISTANCE,OK,7.532,4.291,,0,nearest_robot=robot4
195.000,original,-,fleet,MIN_DISTANCE_AVG,OK,4.291,,,0,robots_sampled=6
196.000,original,-,robot1,MIN_DISTANCE,OK,6.622,4.251,,0,nearest_robot=robot2
196.000,original,-,robot2,MIN_DISTANCE,OK,2.474,4.251,,0,nearest_robot=robot5
196.000,original,-,robot3,MIN_DISTANCE,OK,3.350,4.251,,0,nearest_robot=robot4
196.000,original,-,robot4,MIN_DISTANCE,OK,3.350,4.251,,0,nearest_robot=robot3
196.000,original,-,robot5,MIN_DISTANCE,OK,2.474,4.251,,0,nearest_robot=robot2
196.000,original,-,robot6,MIN_DISTANCE,OK,7.237,4.251,,0,nearest_robot=robot4
196.000,original,-,fleet,MIN_DISTANCE_AVG,OK,4.251,,,0,robots_sampled=6
197.000,original,-,robot1,MIN_DISTANCE,OK,6.200,4.205,,0,nearest_robot=robot2
197.000,original,-,robot2,MIN_DISTANCE,OK,2.448,4.205,,0,nearest_robot=robot5
197.000,original,-,robot3,MIN_DISTANCE,OK,3.615,4.205,,0,nearest_robot=robot4
197.000,original,-,robot4,MIN_DISTANCE,OK,3.615,4.205,,0,nearest_robot=robot3
197.000,original,-,robot5,MIN_DISTANCE,OK,2.448,4.205,,0,nearest_robot=robot2
197.000,original,-,robot6,MIN_DISTANCE,OK,6.906,4.205,,0,nearest_robot=robot4
197.000,original,-,fleet,MIN_DISTANCE_AVG,OK,4.205,,,0,robots_sampled=6
198.000,original,-,robot1,MIN_DISTANCE,OK,5.783,4.212,,0,nearest_robot=robot2
198.000,original,-,robot2,MIN_DISTANCE,OK,2.532,4.212,,0,nearest_robot=robot5
198.000,original,-,robot3,MIN_DISTANCE,OK,3.934,4.212,,0,nearest_robot=robot4
198.000,original,-,robot4,MIN_DISTANCE,OK,3.934,4.212,,0,nearest_robot=robot3
198.000,original,-,robot5,MIN_DISTANCE,OK,2.532,4.212,,0,nearest_robot=robot2
198.000,original,-,robot6,MIN_DISTANCE,OK,6.556,4.212,,0,nearest_robot=robot4
198.000,original,-,fleet,MIN_DISTANCE_AVG,OK,4.212,,,0,robots_sampled=6
199.000,original,-,robot1,MIN_DISTANCE,OK,5.393,4.267,,0,nearest_robot=robot2
199.000,original,-,robot2,MIN_DISTANCE,OK,2.716,4.267,,0,nearest_robot=robot5
199.000,original,-,robot3,MIN_DISTANCE,OK,4.279,4.267,,0,nearest_robot=robot4
199.000,original,-,robot4,MIN_DISTANCE,OK,4.279,4.267,,0,nearest_robot=robot3
199.000,original,-,robot5,MIN_DISTANCE,OK,2.716,4.267,,0,nearest_robot=robot2
199.000,original,-,robot6,MIN_DISTANCE,OK,6.216,4.267,,0,nearest_robot=robot4
199.000,original,-,fleet,MIN_DISTANCE_AVG,OK,4.267,,,0,robots_sampled=6
200.000,original,-,robot1,MIN_DISTANCE,OK,4.864,4.351,,0,nearest_robot=robot2
200.000,original,-,robot2,MIN_DISTANCE,OK,3.055,4.351,,0,nearest_robot=robot5
200.000,original,-,robot3,MIN_DISTANCE,OK,4.608,4.351,,0,nearest_robot=robot4
200.000,original,-,robot4,MIN_DISTANCE,OK,4.608,4.351,,0,nearest_robot=robot3
200.000,original,-,robot5,MIN_DISTANCE,OK,3.055,4.351,,0,nearest_robot=robot2
200.000,original,-,robot6,MIN_DISTANCE,OK,5.913,4.351,,0,nearest_robot=robot4
200.000,original,-,fleet,MIN_DISTANCE_AVG,OK,4.351,,,0,robots_sampled=6
201.000,original,-,robot1,MIN_DISTANCE,OK,4.129,4.549,,0,nearest_robot=robot2
201.000,original,-,robot2,MIN_DISTANCE,OK,3.819,4.549,,0,nearest_robot=robot5
201.000,original,-,robot3,MIN_DISTANCE,OK,4.973,4.549,,0,nearest_robot=robot4
201.000,original,-,robot4,MIN_DISTANCE,OK,4.973,4.549,,0,nearest_robot=robot3
201.000,original,-,robot5,MIN_DISTANCE,OK,3.819,4.549,,0,nearest_robot=robot2
201.000,original,-,robot6,MIN_DISTANCE,OK,5.577,4.549,,0,nearest_robot=robot4
201.000,original,-,fleet,MIN_DISTANCE_AVG,OK,4.549,,,0,robots_sampled=6
202.000,original,-,robot1,MIN_DISTANCE,OK,3.536,4.579,,0,nearest_robot=robot2
202.000,original,-,robot2,MIN_DISTANCE,OK,3.536,4.579,,0,nearest_robot=robot1
202.000,original,-,robot3,MIN_DISTANCE,OK,5.376,4.579,,0,nearest_robot=robot4
202.000,original,-,robot4,MIN_DISTANCE,OK,5.244,4.579,,0,nearest_robot=robot6
202.000,original,-,robot5,MIN_DISTANCE,OK,4.540,4.579,,0,nearest_robot=robot2
202.000,original,-,robot6,MIN_DISTANCE,OK,5.244,4.579,,0,nearest_robot=robot4
202.000,original,-,fleet,MIN_DISTANCE_AVG,OK,4.579,,,0,robots_sampled=6
203.000,original,-,robot1,MIN_DISTANCE,OK,3.305,4.498,,0,nearest_robot=robot2
203.000,original,-,robot2,MIN_DISTANCE,OK,3.305,4.498,,0,nearest_robot=robot1
203.000,original,-,robot3,MIN_DISTANCE,OK,5.812,4.498,,0,nearest_robot=robot4
203.000,original,-,robot4,MIN_DISTANCE,OK,4.957,4.498,,0,nearest_robot=robot6
203.000,original,-,robot5,MIN_DISTANCE,OK,4.653,4.498,,0,nearest_robot=robot2
203.000,original,-,robot6,MIN_DISTANCE,OK,4.957,4.498,,0,nearest_robot=robot4
203.000,original,-,fleet,MIN_DISTANCE_AVG,OK,4.498,,,0,robots_sampled=6
204.000,original,-,robot1,MIN_DISTANCE,OK,3.146,4.430,,0,nearest_robot=robot2
204.000,original,-,robot2,MIN_DISTANCE,OK,3.146,4.430,,0,nearest_robot=robot1
204.000,original,-,robot3,MIN_DISTANCE,OK,6.244,4.430,,0,nearest_robot=robot4
204.000,original,-,robot4,MIN_DISTANCE,OK,4.697,4.430,,0,nearest_robot=robot6
204.000,original,-,robot5,MIN_DISTANCE,OK,4.649,4.430,,0,nearest_robot=robot2
204.000,original,-,robot6,MIN_DISTANCE,OK,4.697,4.430,,0,nearest_robot=robot4
204.000,original,-,fleet,MIN_DISTANCE_AVG,OK,4.430,,,0,robots_sampled=6
205.000,original,-,robot1,MIN_DISTANCE,OK,3.046,4.382,,0,nearest_robot=robot2
205.000,original,-,robot2,MIN_DISTANCE,OK,3.046,4.382,,0,nearest_robot=robot1
205.000,original,-,robot3,MIN_DISTANCE,OK,6.668,4.382,,0,nearest_robot=robot4
205.000,original,-,robot4,MIN_DISTANCE,OK,4.437,4.382,,0,nearest_robot=robot6
205.000,original,-,robot5,MIN_DISTANCE,OK,4.656,4.382,,0,nearest_robot=robot2
205.000,original,-,robot6,MIN_DISTANCE,OK,4.437,4.382,,0,nearest_robot=robot4
205.000,original,-,fleet,MIN_DISTANCE_AVG,OK,4.382,,,0,robots_sampled=6
206.000,original,-,robot1,MIN_DISTANCE,OK,2.966,4.343,,0,nearest_robot=robot2
206.000,original,-,robot2,MIN_DISTANCE,OK,2.966,4.343,,0,nearest_robot=robot1
206.000,original,-,robot3,MIN_DISTANCE,OK,7.129,4.343,,0,nearest_robot=robot4
206.000,original,-,robot4,MIN_DISTANCE,OK,4.143,4.343,,0,nearest_robot=robot6
206.000,original,-,robot5,MIN_DISTANCE,OK,4.714,4.343,,0,nearest_robot=robot2
206.000,original,-,robot6,MIN_DISTANCE,OK,4.143,4.343,,0,nearest_robot=robot4
206.000,original,-,fleet,MIN_DISTANCE_AVG,OK,4.343,,,0,robots_sampled=6
207.000,original,-,robot1,MIN_DISTANCE,OK,2.888,4.310,,0,nearest_robot=robot2
207.000,original,-,robot2,MIN_DISTANCE,OK,2.888,4.310,,0,nearest_robot=robot1
207.000,original,-,robot3,MIN_DISTANCE,OK,7.562,4.310,,0,nearest_robot=robot4
207.000,original,-,robot4,MIN_DISTANCE,OK,3.864,4.310,,0,nearest_robot=robot6
207.000,original,-,robot5,MIN_DISTANCE,OK,4.794,4.310,,0,nearest_robot=robot2
207.000,original,-,robot6,MIN_DISTANCE,OK,3.864,4.310,,0,nearest_robot=robot4
207.000,original,-,fleet,MIN_DISTANCE_AVG,OK,4.310,,,0,robots_sampled=6
208.000,original,-,robot1,MIN_DISTANCE,OK,2.736,4.244,,0,nearest_robot=robot2
208.000,original,-,robot2,MIN_DISTANCE,OK,2.736,4.244,,0,nearest_robot=robot1
208.000,original,-,robot3,MIN_DISTANCE,OK,7.952,4.244,,0,nearest_robot=robot4
208.000,original,-,robot4,MIN_DISTANCE,OK,3.541,4.244,,0,nearest_robot=robot6
208.000,original,-,robot5,MIN_DISTANCE,OK,4.957,4.244,,0,nearest_robot=robot2
208.000,original,-,robot6,MIN_DISTANCE,OK,3.541,4.244,,0,nearest_robot=robot4
208.000,original,-,fleet,MIN_DISTANCE_AVG,OK,4.244,,,0,robots_sampled=6
209.000,original,-,robot1,MIN_DISTANCE,OK,2.503,4.144,,0,nearest_robot=robot2
209.000,original,-,robot2,MIN_DISTANCE,OK,2.503,4.144,,0,nearest_robot=robot1
209.000,original,-,robot3,MIN_DISTANCE,OK,8.285,4.144,,0,nearest_robot=robot4
209.000,original,-,robot4,MIN_DISTANCE,OK,3.187,4.144,,0,nearest_robot=robot6
209.000,original,-,robot5,MIN_DISTANCE,OK,5.199,4.144,,0,nearest_robot=robot2
209.000,original,-,robot6,MIN_DISTANCE,OK,3.187,4.144,,0,nearest_robot=robot4
209.000,original,-,fleet,MIN_DISTANCE_AVG,OK,4.144,,,0,robots_sampled=6
210.000,original,-,robot1,MIN_DISTANCE,OK,2.066,4.026,,0,nearest_robot=robot2
210.000,original,-,robot2,MIN_DISTANCE,OK,2.066,4.026,,0,nearest_robot=robot1
210.000,original,-,robot3,MIN_DISTANCE,OK,8.512,4.026,,0,nearest_robot=robot4
210.000,original,-,robot4,MIN_DISTANCE,OK,2.948,4.026,,0,nearest_robot=robot6
210.000,original,-,robot5,MIN_DISTANCE,OK,5.616,4.026,,0,nearest_robot=robot2
210.000,original,-,robot6,MIN_DISTANCE,OK,2.948,4.026,,0,nearest_robot=robot4
210.000,original,-,fleet,MIN_DISTANCE_AVG,OK,4.026,,,0,robots_sampled=6
211.000,original,-,robot1,MIN_DISTANCE,OK,1.724,3.948,,0,nearest_robot=robot2
211.000,original,-,robot2,MIN_DISTANCE,OK,1.724,3.948,,0,nearest_robot=robot1
211.000,original,-,robot3,MIN_DISTANCE,OK,8.702,3.948,,0,nearest_robot=robot4
211.000,original,-,robot4,MIN_DISTANCE,OK,2.753,3.948,,0,nearest_robot=robot6
211.000,original,-,robot5,MIN_DISTANCE,OK,6.033,3.948,,0,nearest_robot=robot2
211.000,original,-,robot6,MIN_DISTANCE,OK,2.753,3.948,,0,nearest_robot=robot4
211.000,original,-,fleet,MIN_DISTANCE_AVG,OK,3.948,,,0,robots_sampled=6
212.000,original,-,robot1,MIN_DISTANCE,OK,1.389,3.872,,0,nearest_robot=robot2
212.000,original,-,robot2,MIN_DISTANCE,OK,1.389,3.872,,0,nearest_robot=robot1
212.000,original,-,robot3,MIN_DISTANCE,OK,8.900,3.872,,0,nearest_robot=robot4
212.000,original,-,robot4,MIN_DISTANCE,OK,2.485,3.872,,0,nearest_robot=robot6
212.000,original,-,robot5,MIN_DISTANCE,OK,6.584,3.872,,0,nearest_robot=robot2
212.000,original,-,robot6,MIN_DISTANCE,OK,2.485,3.872,,0,nearest_robot=robot4
212.000,original,-,fleet,MIN_DISTANCE_AVG,OK,3.872,,,0,robots_sampled=6
213.000,original,-,robot1,MIN_DISTANCE,OK,1.076,3.780,,0,nearest_robot=robot2
213.000,original,-,robot2,MIN_DISTANCE,OK,1.076,3.780,,0,nearest_robot=robot1
213.000,original,-,robot3,MIN_DISTANCE,OK,9.171,3.780,,0,nearest_robot=robot4
213.000,original,-,robot4,MIN_DISTANCE,OK,2.140,3.780,,0,nearest_robot=robot6
213.000,original,-,robot5,MIN_DISTANCE,OK,7.080,3.780,,0,nearest_robot=robot2
213.000,original,-,robot6,MIN_DISTANCE,OK,2.140,3.780,,0,nearest_robot=robot4
213.000,original,-,fleet,MIN_DISTANCE_AVG,OK,3.780,,,0,robots_sampled=6
214.000,original,-,robot1,MIN_DISTANCE,OK,0.928,3.695,,0,nearest_robot=robot2
214.000,original,-,robot2,MIN_DISTANCE,OK,0.928,3.695,,0,nearest_robot=robot1
214.000,original,-,robot3,MIN_DISTANCE,OK,9.201,3.695,,0,nearest_robot=robot4
214.000,original,-,robot4,MIN_DISTANCE,OK,1.770,3.695,,0,nearest_robot=robot6
214.000,original,-,robot5,MIN_DISTANCE,OK,7.572,3.695,,0,nearest_robot=robot2
214.000,original,-,robot6,MIN_DISTANCE,OK,1.770,3.695,,0,nearest_robot=robot4
214.000,original,-,fleet,MIN_DISTANCE_AVG,OK,3.695,,,0,robots_sampled=6
215.000,original,-,robot1,MIN_DISTANCE,OK,1.009,3.684,,0,nearest_robot=robot2
215.000,original,-,robot2,MIN_DISTANCE,OK,1.009,3.684,,0,nearest_robot=robot1
215.000,original,-,robot3,MIN_DISTANCE,OK,9.210,3.684,,0,nearest_robot=robot4
215.000,original,-,robot4,MIN_DISTANCE,OK,1.404,3.684,,0,nearest_robot=robot6
215.000,original,-,robot5,MIN_DISTANCE,OK,8.069,3.684,,0,nearest_robot=robot2
215.000,original,-,robot6,MIN_DISTANCE,OK,1.404,3.684,,0,nearest_robot=robot4
215.000,original,-,fleet,MIN_DISTANCE_AVG,OK,3.684,,,0,robots_sampled=6
216.000,original,-,robot1,MIN_DISTANCE,OK,1.275,3.722,,0,nearest_robot=robot2
216.000,original,-,robot2,MIN_DISTANCE,OK,1.275,3.722,,0,nearest_robot=robot1
216.000,original,-,robot3,MIN_DISTANCE,OK,9.188,3.722,,0,nearest_robot=robot4
216.000,original,-,robot4,MIN_DISTANCE,OK,1.074,3.722,,0,nearest_robot=robot6
216.000,original,-,robot5,MIN_DISTANCE,OK,8.446,3.722,,0,nearest_robot=robot1
216.000,original,-,robot6,MIN_DISTANCE,OK,1.074,3.722,,0,nearest_robot=robot4
216.000,original,-,fleet,MIN_DISTANCE_AVG,OK,3.722,,,0,robots_sampled=6
217.000,original,-,robot1,MIN_DISTANCE,OK,1.655,3.814,,0,nearest_robot=robot2
217.000,original,-,robot2,MIN_DISTANCE,OK,1.655,3.814,,0,nearest_robot=robot1
217.000,original,-,robot3,MIN_DISTANCE,OK,9.134,3.814,,0,nearest_robot=robot4
217.000,original,-,robot4,MIN_DISTANCE,OK,0.856,3.814,,0,nearest_robot=robot6
217.000,original,-,robot5,MIN_DISTANCE,OK,8.731,3.814,,0,nearest_robot=robot1
217.000,original,-,robot6,MIN_DISTANCE,OK,0.856,3.814,,0,nearest_robot=robot4
217.000,original,-,fleet,MIN_DISTANCE_AVG,OK,3.814,,,0,robots_sampled=6
218.000,original,-,robot1,MIN_DISTANCE,OK,1.985,3.947,,0,nearest_robot=robot2
218.000,original,-,robot2,MIN_DISTANCE,OK,1.985,3.947,,0,nearest_robot=robot1
218.000,original,-,robot3,MIN_DISTANCE,OK,9.075,3.947,,0,nearest_robot=robot4
218.000,original,-,robot4,MIN_DISTANCE,OK,0.770,3.947,,0,nearest_robot=robot6
218.000,original,-,robot5,MIN_DISTANCE,OK,9.097,3.947,,0,nearest_robot=robot1
218.000,original,-,robot6,MIN_DISTANCE,OK,0.770,3.947,,0,nearest_robot=robot4
218.000,original,-,fleet,MIN_DISTANCE_AVG,OK,3.947,,,0,robots_sampled=6
219.000,original,-,robot1,MIN_DISTANCE,OK,2.101,4.064,,0,nearest_robot=robot2
219.000,original,-,robot2,MIN_DISTANCE,OK,2.101,4.064,,0,nearest_robot=robot1
219.000,original,-,robot3,MIN_DISTANCE,OK,9.112,4.064,,0,nearest_robot=robot4
219.000,original,-,robot4,MIN_DISTANCE,OK,0.780,4.064,,0,nearest_robot=robot6
219.000,original,-,robot5,MIN_DISTANCE,OK,9.508,4.064,,0,nearest_robot=robot1
219.000,original,-,robot6,MIN_DISTANCE,OK,0.780,4.064,,0,nearest_robot=robot4
219.000,original,-,fleet,MIN_DISTANCE_AVG,OK,4.064,,,0,robots_sampled=6
220.000,original,-,robot1,MIN_DISTANCE,OK,2.121,4.178,,0,nearest_robot=robot2
220.000,original,-,robot2,MIN_DISTANCE,OK,2.121,4.178,,0,nearest_robot=robot1
220.000,original,-,robot3,MIN_DISTANCE,OK,9.224,4.178,,0,nearest_robot=robot4
220.000,original,-,robot4,MIN_DISTANCE,OK,0.851,4.178,,0,nearest_robot=robot6
220.000,original,-,robot5,MIN_DISTANCE,OK,9.898,4.178,,0,nearest_robot=robot1
220.000,original,-,robot6,MIN_DISTANCE,OK,0.851,4.178,,0,nearest_robot=robot4
220.000,original,-,fleet,MIN_DISTANCE_AVG,OK,4.178,,,0,robots_sampled=6
221.000,original,-,robot1,MIN_DISTANCE,OK,2.146,4.303,,0,nearest_robot=robot2
221.000,original,-,robot2,MIN_DISTANCE,OK,2.146,4.303,,0,nearest_robot=robot1
221.000,original,-,robot3,MIN_DISTANCE,OK,9.241,4.303,,0,nearest_robot=robot4
221.000,original,-,robot4,MIN_DISTANCE,OK,0.996,4.303,,0,nearest_robot=robot6
221.000,original,-,robot5,MIN_DISTANCE,OK,10.291,4.303,,0,nearest_robot=robot1
221.000,original,-,robot6,MIN_DISTANCE,OK,0.996,4.303,,0,nearest_robot=robot4
221.000,original,-,fleet,MIN_DISTANCE_AVG,OK,4.303,,,0,robots_sampled=6
222.000,original,-,robot1,MIN_DISTANCE,OK,2.153,4.375,,0,nearest_robot=robot2
222.000,original,-,robot2,MIN_DISTANCE,OK,2.153,4.375,,0,nearest_robot=robot1
222.000,original,-,robot3,MIN_DISTANCE,OK,9.000,4.375,,0,nearest_robot=robot4
222.000,original,-,robot4,MIN_DISTANCE,OK,1.123,4.375,,0,nearest_robot=robot6
222.000,original,-,robot5,MIN_DISTANCE,OK,10.699,4.375,,0,nearest_robot=robot1
222.000,original,-,robot6,MIN_DISTANCE,OK,1.123,4.375,,0,nearest_robot=robot4
222.000,original,-,fleet,MIN_DISTANCE_AVG,OK,4.375,,,0,robots_sampled=6
223.000,original,-,fleet,REPLAN_FULL,OK,,,robot1|robot2|robot3|robot4|robot5|robot6,0,original_full_optimization
223.000,original,-,robot1,MIN_DISTANCE,OK,2.122,4.351,,0,nearest_robot=robot2
223.000,original,-,robot2,MIN_DISTANCE,OK,2.122,4.351,,0,nearest_robot=robot1
223.000,original,-,robot3,MIN_DISTANCE,OK,8.671,4.351,,0,nearest_robot=robot4
223.000,original,-,robot4,MIN_DISTANCE,OK,1.057,4.351,,0,nearest_robot=robot6
223.000,original,-,robot5,MIN_DISTANCE,OK,11.080,4.351,,0,nearest_robot=robot1
223.000,original,-,robot6,MIN_DISTANCE,OK,1.057,4.351,,0,nearest_robot=robot4
223.000,original,-,fleet,MIN_DISTANCE_AVG,OK,4.351,,,0,robots_sampled=6
224.000,original,-,robot1,MIN_DISTANCE,OK,2.119,4.352,,0,nearest_robot=robot2
224.000,original,-,robot2,MIN_DISTANCE,OK,2.119,4.352,,0,nearest_robot=robot1
224.000,original,-,robot3,MIN_DISTANCE,OK,8.322,4.352,,0,nearest_robot=robot4
224.000,original,-,robot4,MIN_DISTANCE,OK,1.057,4.352,,0,nearest_robot=robot6
224.000,original,-,robot5,MIN_DISTANCE,OK,11.438,4.352,,0,nearest_robot=robot1
224.000,original,-,robot6,MIN_DISTANCE,OK,1.057,4.352,,0,nearest_robot=robot4
224.000,original,-,fleet,MIN_DISTANCE_AVG,OK,4.352,,,0,robots_sampled=6
225.000,original,-,robot1,MIN_DISTANCE,OK,2.119,4.349,,0,nearest_robot=robot2
225.000,original,-,robot2,MIN_DISTANCE,OK,2.119,4.349,,0,nearest_robot=robot1
225.000,original,-,robot3,MIN_DISTANCE,OK,7.928,4.349,,0,nearest_robot=robot4
225.000,original,-,robot4,MIN_DISTANCE,OK,1.024,4.349,,0,nearest_robot=robot6
225.000,original,-,robot5,MIN_DISTANCE,OK,11.881,4.349,,0,nearest_robot=robot1
225.000,original,-,robot6,MIN_DISTANCE,OK,1.024,4.349,,0,nearest_robot=robot4
225.000,original,-,fleet,MIN_DISTANCE_AVG,OK,4.349,,,0,robots_sampled=6
226.000,original,-,robot1,MIN_DISTANCE,OK,2.119,4.358,,0,nearest_robot=robot2
226.000,original,-,robot2,MIN_DISTANCE,OK,2.119,4.358,,0,nearest_robot=robot1
226.000,original,-,robot3,MIN_DISTANCE,OK,7.547,4.358,,0,nearest_robot=robot4
226.000,original,-,robot4,MIN_DISTANCE,OK,1.024,4.358,,0,nearest_robot=robot6
226.000,original,-,robot5,MIN_DISTANCE,OK,12.315,4.358,,0,nearest_robot=robot1
226.000,original,-,robot6,MIN_DISTANCE,OK,1.024,4.358,,0,nearest_robot=robot4
226.000,original,-,fleet,MIN_DISTANCE_AVG,OK,4.358,,,0,robots_sampled=6
227.000,original,-,robot1,MIN_DISTANCE,OK,2.119,4.368,,0,nearest_robot=robot2
227.000,original,-,robot2,MIN_DISTANCE,OK,2.119,4.368,,0,nearest_robot=robot1
227.000,original,-,robot3,MIN_DISTANCE,OK,7.146,4.368,,0,nearest_robot=robot4
227.000,original,-,robot4,MIN_DISTANCE,OK,1.024,4.368,,0,nearest_robot=robot6
227.000,original,-,robot5,MIN_DISTANCE,OK,12.776,4.368,,0,nearest_robot=robot1
227.000,original,-,robot6,MIN_DISTANCE,OK,1.024,4.368,,0,nearest_robot=robot4
227.000,original,-,fleet,MIN_DISTANCE_AVG,OK,4.368,,,0,robots_sampled=6
228.000,original,-,robot1,MIN_DISTANCE,OK,2.119,4.400,,0,nearest_robot=robot2
228.000,original,-,robot2,MIN_DISTANCE,OK,2.119,4.400,,0,nearest_robot=robot1
228.000,original,-,robot3,MIN_DISTANCE,OK,6.761,4.400,,0,nearest_robot=robot4
228.000,original,-,robot4,MIN_DISTANCE,OK,1.024,4.400,,0,nearest_robot=robot6
228.000,original,-,robot5,MIN_DISTANCE,OK,13.353,4.400,,0,nearest_robot=robot1
228.000,original,-,robot6,MIN_DISTANCE,OK,1.024,4.400,,0,nearest_robot=robot4
228.000,original,-,fleet,MIN_DISTANCE_AVG,OK,4.400,,,0,robots_sampled=6
229.000,original,-,robot1,MIN_DISTANCE,OK,2.119,4.394,,0,nearest_robot=robot2
229.000,original,-,robot2,MIN_DISTANCE,OK,2.119,4.394,,0,nearest_robot=robot1
229.000,original,-,robot3,MIN_DISTANCE,OK,6.361,4.394,,0,nearest_robot=robot4
229.000,original,-,robot4,MIN_DISTANCE,OK,1.024,4.394,,0,nearest_robot=robot6
229.000,original,-,robot5,MIN_DISTANCE,OK,13.715,4.394,,0,nearest_robot=robot1
229.000,original,-,robot6,MIN_DISTANCE,OK,1.024,4.394,,0,nearest_robot=robot4
229.000,original,-,fleet,MIN_DISTANCE_AVG,OK,4.394,,,0,robots_sampled=6
230.000,original,-,robot1,MIN_DISTANCE,OK,2.119,4.392,,0,nearest_robot=robot2
230.000,original,-,robot2,MIN_DISTANCE,OK,2.119,4.392,,0,nearest_robot=robot1
230.000,original,-,robot3,MIN_DISTANCE,OK,5.970,4.392,,0,nearest_robot=robot4
230.000,original,-,robot4,MIN_DISTANCE,OK,1.024,4.392,,0,nearest_robot=robot6
230.000,original,-,robot5,MIN_DISTANCE,OK,14.093,4.392,,0,nearest_robot=robot1
230.000,original,-,robot6,MIN_DISTANCE,OK,1.024,4.392,,0,nearest_robot=robot4
230.000,original,-,fleet,MIN_DISTANCE_AVG,OK,4.392,,,0,robots_sampled=6
231.000,original,-,robot1,MIN_DISTANCE,OK,2.119,4.388,,0,nearest_robot=robot2
231.000,original,-,robot2,MIN_DISTANCE,OK,2.119,4.388,,0,nearest_robot=robot1
231.000,original,-,robot3,MIN_DISTANCE,OK,5.606,4.388,,0,nearest_robot=robot4
231.000,original,-,robot4,MIN_DISTANCE,OK,1.024,4.388,,0,nearest_robot=robot6
231.000,original,-,robot5,MIN_DISTANCE,OK,14.435,4.388,,0,nearest_robot=robot1
231.000,original,-,robot6,MIN_DISTANCE,OK,1.024,4.388,,0,nearest_robot=robot4
231.000,original,-,fleet,MIN_DISTANCE_AVG,OK,4.388,,,0,robots_sampled=6
232.000,original,-,robot1,MIN_DISTANCE,OK,2.119,4.367,,0,nearest_robot=robot2
232.000,original,-,robot2,MIN_DISTANCE,OK,2.119,4.367,,0,nearest_robot=robot1
232.000,original,-,robot3,MIN_DISTANCE,OK,5.226,4.367,,0,nearest_robot=robot4
232.000,original,-,robot4,MIN_DISTANCE,OK,1.024,4.367,,0,nearest_robot=robot6
232.000,original,-,robot5,MIN_DISTANCE,OK,14.688,4.367,,0,nearest_robot=robot1
232.000,original,-,robot6,MIN_DISTANCE,OK,1.024,4.367,,0,nearest_robot=robot4
232.000,original,-,fleet,MIN_DISTANCE_AVG,OK,4.367,,,0,robots_sampled=6
233.000,original,-,robot1,MIN_DISTANCE,OK,2.119,4.353,,0,nearest_robot=robot2
233.000,original,-,robot2,MIN_DISTANCE,OK,2.119,4.353,,0,nearest_robot=robot1
233.000,original,-,robot3,MIN_DISTANCE,OK,4.896,4.353,,0,nearest_robot=robot4
233.000,original,-,robot4,MIN_DISTANCE,OK,1.024,4.353,,0,nearest_robot=robot6
233.000,original,-,robot5,MIN_DISTANCE,OK,14.936,4.353,,0,nearest_robot=robot1
233.000,original,-,robot6,MIN_DISTANCE,OK,1.024,4.353,,0,nearest_robot=robot4
233.000,original,-,fleet,MIN_DISTANCE_AVG,OK,4.353,,,0,robots_sampled=6
234.000,original,-,robot1,MIN_DISTANCE,OK,2.119,4.324,,0,nearest_robot=robot2
234.000,original,-,robot2,MIN_DISTANCE,OK,2.119,4.324,,0,nearest_robot=robot1
234.000,original,-,robot3,MIN_DISTANCE,OK,4.572,4.324,,0,nearest_robot=robot4
234.000,original,-,robot4,MIN_DISTANCE,OK,1.024,4.324,,0,nearest_robot=robot6
234.000,original,-,robot5,MIN_DISTANCE,OK,15.084,4.324,,0,nearest_robot=robot1
234.000,original,-,robot6,MIN_DISTANCE,OK,1.024,4.324,,0,nearest_robot=robot4
234.000,original,-,fleet,MIN_DISTANCE_AVG,OK,4.324,,,0,robots_sampled=6
235.000,original,-,robot1,MIN_DISTANCE,OK,2.119,4.274,,0,nearest_robot=robot2
235.000,original,-,robot2,MIN_DISTANCE,OK,2.119,4.274,,0,nearest_robot=robot1
235.000,original,-,robot3,MIN_DISTANCE,OK,4.174,4.274,,0,nearest_robot=robot4
235.000,original,-,robot4,MIN_DISTANCE,OK,1.024,4.274,,0,nearest_robot=robot6
235.000,original,-,robot5,MIN_DISTANCE,OK,15.183,4.274,,0,nearest_robot=robot1
235.000,original,-,robot6,MIN_DISTANCE,OK,1.024,4.274,,0,nearest_robot=robot4
235.000,original,-,fleet,MIN_DISTANCE_AVG,OK,4.274,,,0,robots_sampled=6
236.000,original,-,robot1,MIN_DISTANCE,OK,2.119,4.219,,0,nearest_robot=robot2
236.000,original,-,robot2,MIN_DISTANCE,OK,2.119,4.219,,0,nearest_robot=robot1
236.000,original,-,robot3,MIN_DISTANCE,OK,3.750,4.219,,0,nearest_robot=robot4
236.000,original,-,robot4,MIN_DISTANCE,OK,1.024,4.219,,0,nearest_robot=robot6
236.000,original,-,robot5,MIN_DISTANCE,OK,15.274,4.219,,0,nearest_robot=robot1
236.000,original,-,robot6,MIN_DISTANCE,OK,1.024,4.219,,0,nearest_robot=robot4
236.000,original,-,fleet,MIN_DISTANCE_AVG,OK,4.219,,,0,robots_sampled=6
237.000,original,-,robot1,MIN_DISTANCE,OK,2.119,4.169,,0,nearest_robot=robot2
237.000,original,-,robot2,MIN_DISTANCE,OK,2.119,4.169,,0,nearest_robot=robot1
237.000,original,-,robot3,MIN_DISTANCE,OK,3.300,4.169,,0,nearest_robot=robot4
237.000,original,-,robot4,MIN_DISTANCE,OK,1.024,4.169,,0,nearest_robot=robot6
237.000,original,-,robot5,MIN_DISTANCE,OK,15.428,4.169,,0,nearest_robot=robot1
237.000,original,-,robot6,MIN_DISTANCE,OK,1.024,4.169,,0,nearest_robot=robot4
237.000,original,-,fleet,MIN_DISTANCE_AVG,OK,4.169,,,0,robots_sampled=6
238.000,original,-,robot1,MIN_DISTANCE,OK,2.119,4.138,,0,nearest_robot=robot2
238.000,original,-,robot2,MIN_DISTANCE,OK,2.119,4.138,,0,nearest_robot=robot1
238.000,original,-,robot3,MIN_DISTANCE,OK,2.909,4.138,,0,nearest_robot=robot4
238.000,original,-,robot4,MIN_DISTANCE,OK,1.024,4.138,,0,nearest_robot=robot6
238.000,original,-,robot5,MIN_DISTANCE,OK,15.634,4.138,,0,nearest_robot=robot1
238.000,original,-,robot6,MIN_DISTANCE,OK,1.024,4.138,,0,nearest_robot=robot4
238.000,original,-,fleet,MIN_DISTANCE_AVG,OK,4.138,,,0,robots_sampled=6
239.000,original,-,robot1,MIN_DISTANCE,OK,2.119,4.119,,0,nearest_robot=robot2
239.000,original,-,robot2,MIN_DISTANCE,OK,2.119,4.119,,0,nearest_robot=robot1
239.000,original,-,robot3,MIN_DISTANCE,OK,2.555,4.119,,0,nearest_robot=robot4
239.000,original,-,robot4,MIN_DISTANCE,OK,1.024,4.119,,0,nearest_robot=robot6
239.000,original,-,robot5,MIN_DISTANCE,OK,15.875,4.119,,0,nearest_robot=robot1
239.000,original,-,robot6,MIN_DISTANCE,OK,1.024,4.119,,0,nearest_robot=robot4
239.000,original,-,fleet,MIN_DISTANCE_AVG,OK,4.119,,,0,robots_sampled=6
240.000,original,-,robot1,MIN_DISTANCE,OK,2.119,4.123,,0,nearest_robot=robot2
240.000,original,-,robot2,MIN_DISTANCE,OK,2.119,4.123,,0,nearest_robot=robot1
240.000,original,-,robot3,MIN_DISTANCE,OK,2.302,4.123,,0,nearest_robot=robot4
240.000,original,-,robot4,MIN_DISTANCE,OK,1.024,4.123,,0,nearest_robot=robot6
240.000,original,-,robot5,MIN_DISTANCE,OK,16.151,4.123,,0,nearest_robot=robot1
240.000,original,-,robot6,MIN_DISTANCE,OK,1.024,4.123,,0,nearest_robot=robot4
240.000,original,-,fleet,MIN_DISTANCE_AVG,OK,4.123,,,0,robots_sampled=6
241.000,original,-,robot1,MIN_DISTANCE,OK,2.119,4.135,,0,nearest_robot=robot2
241.000,original,-,robot2,MIN_DISTANCE,OK,2.119,4.135,,0,nearest_robot=robot1
241.000,original,-,robot3,MIN_DISTANCE,OK,2.093,4.135,,0,nearest_robot=robot4
241.000,original,-,robot4,MIN_DISTANCE,OK,1.024,4.135,,0,nearest_robot=robot6
241.000,original,-,robot5,MIN_DISTANCE,OK,16.428,4.135,,0,nearest_robot=robot1
241.000,original,-,robot6,MIN_DISTANCE,OK,1.024,4.135,,0,nearest_robot=robot4
241.000,original,-,fleet,MIN_DISTANCE_AVG,OK,4.135,,,0,robots_sampled=6
242.000,original,-,robot1,MIN_DISTANCE,OK,2.119,4.152,,0,nearest_robot=robot2
242.000,original,-,robot2,MIN_DISTANCE,OK,2.119,4.152,,0,nearest_robot=robot1
242.000,original,-,robot3,MIN_DISTANCE,OK,1.989,4.152,,0,nearest_robot=robot4
242.000,original,-,robot4,MIN_DISTANCE,OK,1.024,4.152,,0,nearest_robot=robot6
242.000,original,-,robot5,MIN_DISTANCE,OK,16.637,4.152,,0,nearest_robot=robot2
242.000,original,-,robot6,MIN_DISTANCE,OK,1.024,4.152,,0,nearest_robot=robot4
242.000,original,-,fleet,MIN_DISTANCE_AVG,OK,4.152,,,0,robots_sampled=6
243.000,original,-,robot1,MIN_DISTANCE,OK,2.119,4.183,,0,nearest_robot=robot2
243.000,original,-,robot2,MIN_DISTANCE,OK,2.119,4.183,,0,nearest_robot=robot1
243.000,original,-,robot3,MIN_DISTANCE,OK,2.018,4.183,,0,nearest_robot=robot4
243.000,original,-,robot4,MIN_DISTANCE,OK,1.024,4.183,,0,nearest_robot=robot6
243.000,original,-,robot5,MIN_DISTANCE,OK,16.791,4.183,,0,nearest_robot=robot2
243.000,original,-,robot6,MIN_DISTANCE,OK,1.024,4.183,,0,nearest_robot=robot4
243.000,original,-,fleet,MIN_DISTANCE_AVG,OK,4.183,,,0,robots_sampled=6
244.000,original,-,robot1,MIN_DISTANCE,OK,2.119,4.239,,0,nearest_robot=robot2
244.000,original,-,robot2,MIN_DISTANCE,OK,2.119,4.239,,0,nearest_robot=robot1
244.000,original,-,robot3,MIN_DISTANCE,OK,2.137,4.239,,0,nearest_robot=robot4
244.000,original,-,robot4,MIN_DISTANCE,OK,1.024,4.239,,0,nearest_robot=robot6
244.000,original,-,robot5,MIN_DISTANCE,OK,17.013,4.239,,0,nearest_robot=robot2
244.000,original,-,robot6,MIN_DISTANCE,OK,1.024,4.239,,0,nearest_robot=robot4
244.000,original,-,fleet,MIN_DISTANCE_AVG,OK,4.239,,,0,robots_sampled=6
245.000,original,-,robot1,MIN_DISTANCE,OK,2.119,4.267,,0,nearest_robot=robot2
245.000,original,-,robot2,MIN_DISTANCE,OK,2.119,4.267,,0,nearest_robot=robot1
245.000,original,-,robot3,MIN_DISTANCE,OK,2.209,4.267,,0,nearest_robot=robot4
245.000,original,-,robot4,MIN_DISTANCE,OK,1.024,4.267,,0,nearest_robot=robot6
245.000,original,-,robot5,MIN_DISTANCE,OK,17.108,4.267,,0,nearest_robot=robot2
245.000,original,-,robot6,MIN_DISTANCE,OK,1.024,4.267,,0,nearest_robot=robot4
245.000,original,-,fleet,MIN_DISTANCE_AVG,OK,4.267,,,0,robots_sampled=6
246.000,original,-,robot1,MIN_DISTANCE,OK,2.119,4.267,,0,nearest_robot=robot2
246.000,original,-,robot2,MIN_DISTANCE,OK,2.119,4.267,,0,nearest_robot=robot1
246.000,original,-,robot3,MIN_DISTANCE,OK,2.182,4.267,,0,nearest_robot=robot4
246.000,original,-,robot4,MIN_DISTANCE,OK,1.024,4.267,,0,nearest_robot=robot6
246.000,original,-,robot5,MIN_DISTANCE,OK,17.131,4.267,,0,nearest_robot=robot2
246.000,original,-,robot6,MIN_DISTANCE,OK,1.024,4.267,,0,nearest_robot=robot4
246.000,original,-,fleet,MIN_DISTANCE_AVG,OK,4.267,,,0,robots_sampled=6
247.000,original,-,robot1,MIN_DISTANCE,OK,2.119,4.261,,0,nearest_robot=robot2
247.000,original,-,robot2,MIN_DISTANCE,OK,2.119,4.261,,0,nearest_robot=robot1
247.000,original,-,robot3,MIN_DISTANCE,OK,2.147,4.261,,0,nearest_robot=robot4
247.000,original,-,robot4,MIN_DISTANCE,OK,1.024,4.261,,0,nearest_robot=robot6
247.000,original,-,robot5,MIN_DISTANCE,OK,17.131,4.261,,0,nearest_robot=robot2
247.000,original,-,robot6,MIN_DISTANCE,OK,1.024,4.261,,0,nearest_robot=robot4
247.000,original,-,fleet,MIN_DISTANCE_AVG,OK,4.261,,,0,robots_sampled=6
248.000,original,-,robot1,MIN_DISTANCE,OK,2.119,4.264,,0,nearest_robot=robot2
248.000,original,-,robot2,MIN_DISTANCE,OK,2.119,4.264,,0,nearest_robot=robot1
248.000,original,-,robot3,MIN_DISTANCE,OK,2.142,4.264,,0,nearest_robot=robot4
248.000,original,-,robot4,MIN_DISTANCE,OK,1.037,4.264,,0,nearest_robot=robot6
248.000,original,-,robot5,MIN_DISTANCE,OK,17.131,4.264,,0,nearest_robot=robot2
248.000,original,-,robot6,MIN_DISTANCE,OK,1.037,4.264,,0,nearest_robot=robot4
248.000,original,-,fleet,MIN_DISTANCE_AVG,OK,4.264,,,0,robots_sampled=6
248.500,original,-,fleet,REPLAN_FULL,OK,,,robot1|robot2|robot3|robot4|robot5|robot6,0,original_full_optimization
249.000,original,-,robot1,MIN_DISTANCE,OK,2.119,4.276,,0,nearest_robot=robot2
249.000,original,-,robot2,MIN_DISTANCE,OK,2.119,4.276,,0,nearest_robot=robot1
249.000,original,-,robot3,MIN_DISTANCE,OK,2.181,4.276,,0,nearest_robot=robot4
249.000,original,-,robot4,MIN_DISTANCE,OK,1.053,4.276,,0,nearest_robot=robot6
249.000,original,-,robot5,MIN_DISTANCE,OK,17.131,4.276,,0,nearest_robot=robot2
249.000,original,-,robot6,MIN_DISTANCE,OK,1.053,4.276,,0,nearest_robot=robot4
249.000,original,-,fleet,MIN_DISTANCE_AVG,OK,4.276,,,0,robots_sampled=6
250.000,original,-,robot1,MIN_DISTANCE,OK,2.119,4.293,,0,nearest_robot=robot2
250.000,original,-,robot2,MIN_DISTANCE,OK,2.119,4.293,,0,nearest_robot=robot1
250.000,original,-,robot3,MIN_DISTANCE,OK,2.414,4.293,,0,nearest_robot=robot4
250.000,original,-,robot4,MIN_DISTANCE,OK,0.986,4.293,,0,nearest_robot=robot6
250.000,original,-,robot5,MIN_DISTANCE,OK,17.131,4.293,,0,nearest_robot=robot2
250.000,original,-,robot6,MIN_DISTANCE,OK,0.986,4.293,,0,nearest_robot=robot4
250.000,original,-,fleet,MIN_DISTANCE_AVG,OK,4.293,,,0,robots_sampled=6
251.000,original,-,robot1,MIN_DISTANCE,OK,2.119,4.304,,0,nearest_robot=robot2
251.000,original,-,robot2,MIN_DISTANCE,OK,2.119,4.304,,0,nearest_robot=robot1
251.000,original,-,robot3,MIN_DISTANCE,OK,2.845,4.304,,0,nearest_robot=robot4
251.000,original,-,robot4,MIN_DISTANCE,OK,0.804,4.304,,0,nearest_robot=robot6
251.000,original,-,robot5,MIN_DISTANCE,OK,17.131,4.304,,0,nearest_robot=robot2
251.000,original,-,robot6,MIN_DISTANCE,OK,0.804,4.304,,0,nearest_robot=robot4
251.000,original,-,fleet,MIN_DISTANCE_AVG,OK,4.304,,,0,robots_sampled=6
252.000,original,-,robot1,MIN_DISTANCE,OK,2.119,4.343,,0,nearest_robot=robot2
252.000,original,-,robot2,MIN_DISTANCE,OK,2.119,4.343,,0,nearest_robot=robot1
252.000,original,-,robot3,MIN_DISTANCE,OK,3.170,4.343,,0,nearest_robot=robot6
252.000,original,-,robot4,MIN_DISTANCE,OK,0.760,4.343,,0,nearest_robot=robot6
252.000,original,-,robot5,MIN_DISTANCE,OK,17.131,4.343,,0,nearest_robot=robot2
252.000,original,-,robot6,MIN_DISTANCE,OK,0.760,4.343,,0,nearest_robot=robot4
252.000,original,-,fleet,MIN_DISTANCE_AVG,OK,4.343,,,0,robots_sampled=6
253.000,original,-,robot1,MIN_DISTANCE,OK,2.119,4.388,,0,nearest_robot=robot2
253.000,original,-,robot2,MIN_DISTANCE,OK,2.119,4.388,,0,nearest_robot=robot1
253.000,original,-,robot3,MIN_DISTANCE,OK,3.170,4.388,,0,nearest_robot=robot6
253.000,original,-,robot4,MIN_DISTANCE,OK,0.893,4.388,,0,nearest_robot=robot6
253.000,original,-,robot5,MIN_DISTANCE,OK,17.131,4.388,,0,nearest_robot=robot2
253.000,original,-,robot6,MIN_DISTANCE,OK,0.893,4.388,,0,nearest_robot=robot4
253.000,original,-,fleet,MIN_DISTANCE_AVG,OK,4.388,,,0,robots_sampled=6
254.000,original,-,robot1,MIN_DISTANCE,OK,2.119,4.473,,0,nearest_robot=robot2
254.000,original,-,robot2,MIN_DISTANCE,OK,2.119,4.473,,0,nearest_robot=robot1
254.000,original,-,robot3,MIN_DISTANCE,OK,3.170,4.473,,0,nearest_robot=robot6
254.000,original,-,robot4,MIN_DISTANCE,OK,1.149,4.473,,0,nearest_robot=robot6
254.000,original,-,robot5,MIN_DISTANCE,OK,17.131,4.473,,0,nearest_robot=robot2
254.000,original,-,robot6,MIN_DISTANCE,OK,1.149,4.473,,0,nearest_robot=robot4
254.000,original,-,fleet,MIN_DISTANCE_AVG,OK,4.473,,,0,robots_sampled=6
255.000,original,-,robot1,MIN_DISTANCE,OK,2.119,4.584,,0,nearest_robot=robot2
255.000,original,-,robot2,MIN_DISTANCE,OK,2.119,4.584,,0,nearest_robot=robot1
255.000,original,-,robot3,MIN_DISTANCE,OK,3.170,4.584,,0,nearest_robot=robot6
255.000,original,-,robot4,MIN_DISTANCE,OK,1.481,4.584,,0,nearest_robot=robot6
255.000,original,-,robot5,MIN_DISTANCE,OK,17.131,4.584,,0,nearest_robot=robot2
255.000,original,-,robot6,MIN_DISTANCE,OK,1.481,4.584,,0,nearest_robot=robot4
255.000,original,-,fleet,MIN_DISTANCE_AVG,OK,4.584,,,0,robots_sampled=6
256.000,original,-,robot1,MIN_DISTANCE,OK,2.119,4.687,,0,nearest_robot=robot2
256.000,original,-,robot2,MIN_DISTANCE,OK,2.119,4.687,,0,nearest_robot=robot1
256.000,original,-,robot3,MIN_DISTANCE,OK,3.170,4.687,,0,nearest_robot=robot6
256.000,original,-,robot4,MIN_DISTANCE,OK,1.791,4.687,,0,nearest_robot=robot6
256.000,original,-,robot5,MIN_DISTANCE,OK,17.131,4.687,,0,nearest_robot=robot2
256.000,original,-,robot6,MIN_DISTANCE,OK,1.791,4.687,,0,nearest_robot=robot4
256.000,original,-,fleet,MIN_DISTANCE_AVG,OK,4.687,,,0,robots_sampled=6
257.000,original,-,robot1,MIN_DISTANCE,OK,2.119,4.813,,0,nearest_robot=robot2
257.000,original,-,robot2,MIN_DISTANCE,OK,2.119,4.813,,0,nearest_robot=robot1
257.000,original,-,robot3,MIN_DISTANCE,OK,3.170,4.813,,0,nearest_robot=robot6
257.000,original,-,robot4,MIN_DISTANCE,OK,2.171,4.813,,0,nearest_robot=robot6
257.000,original,-,robot5,MIN_DISTANCE,OK,17.131,4.813,,0,nearest_robot=robot2
257.000,original,-,robot6,MIN_DISTANCE,OK,2.171,4.813,,0,nearest_robot=robot4
257.000,original,-,fleet,MIN_DISTANCE_AVG,OK,4.813,,,0,robots_sampled=6
258.000,original,-,robot1,MIN_DISTANCE,OK,2.119,4.947,,0,nearest_robot=robot2
258.000,original,-,robot2,MIN_DISTANCE,OK,2.119,4.947,,0,nearest_robot=robot1
258.000,original,-,robot3,MIN_DISTANCE,OK,3.170,4.947,,0,nearest_robot=robot6
258.000,original,-,robot4,MIN_DISTANCE,OK,2.570,4.947,,0,nearest_robot=robot6
258.000,original,-,robot5,MIN_DISTANCE,OK,17.131,4.947,,0,nearest_robot=robot2
258.000,original,-,robot6,MIN_DISTANCE,OK,2.570,4.947,,0,nearest_robot=robot4
258.000,original,-,fleet,MIN_DISTANCE_AVG,OK,4.947,,,0,robots_sampled=6
259.000,original,-,robot1,MIN_DISTANCE,OK,2.119,5.084,,0,nearest_robot=robot2
259.000,original,-,robot2,MIN_DISTANCE,OK,2.119,5.084,,0,nearest_robot=robot1
259.000,original,-,robot3,MIN_DISTANCE,OK,3.170,5.084,,0,nearest_robot=robot6
259.000,original,-,robot4,MIN_DISTANCE,OK,2.982,5.084,,0,nearest_robot=robot6
259.000,original,-,robot5,MIN_DISTANCE,OK,17.131,5.084,,0,nearest_robot=robot2
259.000,original,-,robot6,MIN_DISTANCE,OK,2.982,5.084,,0,nearest_robot=robot4
259.000,original,-,fleet,MIN_DISTANCE_AVG,OK,5.084,,,0,robots_sampled=6
260.000,original,-,robot1,MIN_DISTANCE,OK,2.119,5.189,,0,nearest_robot=robot2
260.000,original,-,robot2,MIN_DISTANCE,OK,2.119,5.189,,0,nearest_robot=robot1
260.000,original,-,robot3,MIN_DISTANCE,OK,3.170,5.189,,0,nearest_robot=robot6
260.000,original,-,robot4,MIN_DISTANCE,OK,3.424,5.189,,0,nearest_robot=robot6
260.000,original,-,robot5,MIN_DISTANCE,OK,17.131,5.189,,0,nearest_robot=robot2
260.000,original,-,robot6,MIN_DISTANCE,OK,3.170,5.189,,0,nearest_robot=robot3
260.000,original,-,fleet,MIN_DISTANCE_AVG,OK,5.189,,,0,robots_sampled=6
261.000,original,-,robot1,MIN_DISTANCE,OK,2.119,5.249,,0,nearest_robot=robot2
261.000,original,-,robot2,MIN_DISTANCE,OK,2.119,5.249,,0,nearest_robot=robot1
261.000,original,-,robot3,MIN_DISTANCE,OK,3.170,5.249,,0,nearest_robot=robot6
261.000,original,-,robot4,MIN_DISTANCE,OK,3.783,5.249,,0,nearest_robot=robot6
261.000,original,-,robot5,MIN_DISTANCE,OK,17.131,5.249,,0,nearest_robot=robot2
261.000,original,-,robot6,MIN_DISTANCE,OK,3.170,5.249,,0,nearest_robot=robot3
261.000,original,-,fleet,MIN_DISTANCE_AVG,OK,5.249,,,0,robots_sampled=6
262.000,original,-,robot1,MIN_DISTANCE,OK,2.119,5.303,,0,nearest_robot=robot2
262.000,original,-,robot2,MIN_DISTANCE,OK,2.119,5.303,,0,nearest_robot=robot1
262.000,original,-,robot3,MIN_DISTANCE,OK,3.170,5.303,,0,nearest_robot=robot6
262.000,original,-,robot4,MIN_DISTANCE,OK,4.111,5.303,,0,nearest_robot=robot6
262.000,original,-,robot5,MIN_DISTANCE,OK,17.131,5.303,,0,nearest_robot=robot2
262.000,original,-,robot6,MIN_DISTANCE,OK,3.170,5.303,,0,nearest_robot=robot3
262.000,original,-,fleet,MIN_DISTANCE_AVG,OK,5.303,,,0,robots_sampled=6
263.000,original,-,robot1,MIN_DISTANCE,OK,2.119,5.360,,0,nearest_robot=robot2
263.000,original,-,robot2,MIN_DISTANCE,OK,2.119,5.360,,0,nearest_robot=robot1
263.000,original,-,robot3,MIN_DISTANCE,OK,3.170,5.360,,0,nearest_robot=robot6
263.000,original,-,robot4,MIN_DISTANCE,OK,4.449,5.360,,0,nearest_robot=robot6
263.000,original,-,robot5,MIN_DISTANCE,OK,17.131,5.360,,0,nearest_robot=robot2
263.000,original,-,robot6,MIN_DISTANCE,OK,3.170,5.360,,0,nearest_robot=robot3
263.000,original,-,fleet,MIN_DISTANCE_AVG,OK,5.360,,,0,robots_sampled=6
264.000,original,-,robot1,MIN_DISTANCE,OK,2.119,5.414,,0,nearest_robot=robot2
264.000,original,-,robot2,MIN_DISTANCE,OK,2.119,5.414,,0,nearest_robot=robot1
264.000,original,-,robot3,MIN_DISTANCE,OK,3.170,5.414,,0,nearest_robot=robot6
264.000,original,-,robot4,MIN_DISTANCE,OK,4.777,5.414,,0,nearest_robot=robot6
264.000,original,-,robot5,MIN_DISTANCE,OK,17.131,5.414,,0,nearest_robot=robot2
264.000,original,-,robot6,MIN_DISTANCE,OK,3.170,5.414,,0,nearest_robot=robot3
264.000,original,-,fleet,MIN_DISTANCE_AVG,OK,5.414,,,0,robots_sampled=6
265.000,original,-,robot1,MIN_DISTANCE,OK,2.119,5.471,,0,nearest_robot=robot2
265.000,original,-,robot2,MIN_DISTANCE,OK,2.119,5.471,,0,nearest_robot=robot1
265.000,original,-,robot3,MIN_DISTANCE,OK,3.170,5.471,,0,nearest_robot=robot6
265.000,original,-,robot4,MIN_DISTANCE,OK,5.117,5.471,,0,nearest_robot=robot6
265.000,original,-,robot5,MIN_DISTANCE,OK,17.131,5.471,,0,nearest_robot=robot2
265.000,original,-,robot6,MIN_DISTANCE,OK,3.170,5.471,,0,nearest_robot=robot3
265.000,original,-,fleet,MIN_DISTANCE_AVG,OK,5.471,,,0,robots_sampled=6
266.000,original,-,robot1,MIN_DISTANCE,OK,2.119,5.524,,0,nearest_robot=robot2
266.000,original,-,robot2,MIN_DISTANCE,OK,2.119,5.524,,0,nearest_robot=robot1
266.000,original,-,robot3,MIN_DISTANCE,OK,3.170,5.524,,0,nearest_robot=robot6
266.000,original,-,robot4,MIN_DISTANCE,OK,5.432,5.524,,0,nearest_robot=robot6
266.000,original,-,robot5,MIN_DISTANCE,OK,17.131,5.524,,0,nearest_robot=robot2
266.000,original,-,robot6,MIN_DISTANCE,OK,3.170,5.524,,0,nearest_robot=robot3
266.000,original,-,fleet,MIN_DISTANCE_AVG,OK,5.524,,,0,robots_sampled=6
267.000,original,-,robot1,MIN_DISTANCE,OK,2.119,5.576,,0,nearest_robot=robot2
267.000,original,-,robot2,MIN_DISTANCE,OK,2.119,5.576,,0,nearest_robot=robot1
267.000,original,-,robot3,MIN_DISTANCE,OK,3.170,5.576,,0,nearest_robot=robot6
267.000,original,-,robot4,MIN_DISTANCE,OK,5.749,5.576,,0,nearest_robot=robot6
267.000,original,-,robot5,MIN_DISTANCE,OK,17.131,5.576,,0,nearest_robot=robot2
267.000,original,-,robot6,MIN_DISTANCE,OK,3.170,5.576,,0,nearest_robot=robot3
267.000,original,-,fleet,MIN_DISTANCE_AVG,OK,5.576,,,0,robots_sampled=6
268.000,original,-,robot1,MIN_DISTANCE,OK,2.119,5.612,,0,nearest_robot=robot2
268.000,original,-,robot2,MIN_DISTANCE,OK,2.119,5.612,,0,nearest_robot=robot1
268.000,original,-,robot3,MIN_DISTANCE,OK,3.170,5.612,,0,nearest_robot=robot6
268.000,original,-,robot4,MIN_DISTANCE,OK,5.965,5.612,,0,nearest_robot=robot6
268.000,original,-,robot5,MIN_DISTANCE,OK,17.131,5.612,,0,nearest_robot=robot2
268.000,original,-,robot6,MIN_DISTANCE,OK,3.170,5.612,,0,nearest_robot=robot3
268.000,original,-,fleet,MIN_DISTANCE_AVG,OK,5.612,,,0,robots_sampled=6
269.000,original,-,robot1,MIN_DISTANCE,OK,2.119,5.632,,0,nearest_robot=robot2
269.000,original,-,robot2,MIN_DISTANCE,OK,2.119,5.632,,0,nearest_robot=robot1
269.000,original,-,robot3,MIN_DISTANCE,OK,3.170,5.632,,0,nearest_robot=robot6
269.000,original,-,robot4,MIN_DISTANCE,OK,6.080,5.632,,0,nearest_robot=robot6
269.000,original,-,robot5,MIN_DISTANCE,OK,17.131,5.632,,0,nearest_robot=robot2
269.000,original,-,robot6,MIN_DISTANCE,OK,3.170,5.632,,0,nearest_robot=robot3
269.000,original,-,fleet,MIN_DISTANCE_AVG,OK,5.632,,,0,robots_sampled=6
270.000,original,-,robot1,MIN_DISTANCE,OK,2.119,5.639,,0,nearest_robot=robot2
270.000,original,-,robot2,MIN_DISTANCE,OK,2.119,5.639,,0,nearest_robot=robot1
270.000,original,-,robot3,MIN_DISTANCE,OK,3.170,5.639,,0,nearest_robot=robot6
270.000,original,-,robot4,MIN_DISTANCE,OK,6.125,5.639,,0,nearest_robot=robot6
270.000,original,-,robot5,MIN_DISTANCE,OK,17.131,5.639,,0,nearest_robot=robot2
270.000,original,-,robot6,MIN_DISTANCE,OK,3.170,5.639,,0,nearest_robot=robot3
270.000,original,-,fleet,MIN_DISTANCE_AVG,OK,5.639,,,0,robots_sampled=6
271.000,original,-,robot1,MIN_DISTANCE,OK,2.119,5.642,,0,nearest_robot=robot2
271.000,original,-,robot2,MIN_DISTANCE,OK,2.119,5.642,,0,nearest_robot=robot1
271.000,original,-,robot3,MIN_DISTANCE,OK,3.170,5.642,,0,nearest_robot=robot6
271.000,original,-,robot4,MIN_DISTANCE,OK,6.143,5.642,,0,nearest_robot=robot6
271.000,original,-,robot5,MIN_DISTANCE,OK,17.131,5.642,,0,nearest_robot=robot2
271.000,original,-,robot6,MIN_DISTANCE,OK,3.170,5.642,,0,nearest_robot=robot3
271.000,original,-,fleet,MIN_DISTANCE_AVG,OK,5.642,,,0,robots_sampled=6
272.000,original,-,robot1,MIN_DISTANCE,OK,2.119,5.647,,0,nearest_robot=robot2
272.000,original,-,robot2,MIN_DISTANCE,OK,2.119,5.647,,0,nearest_robot=robot1
272.000,original,-,robot3,MIN_DISTANCE,OK,3.170,5.647,,0,nearest_robot=robot6
272.000,original,-,robot4,MIN_DISTANCE,OK,6.174,5.647,,0,nearest_robot=robot6
272.000,original,-,robot5,MIN_DISTANCE,OK,17.131,5.647,,0,nearest_robot=robot2
272.000,original,-,robot6,MIN_DISTANCE,OK,3.170,5.647,,0,nearest_robot=robot3
272.000,original,-,fleet,MIN_DISTANCE_AVG,OK,5.647,,,0,robots_sampled=6
273.000,original,-,robot1,MIN_DISTANCE,OK,2.119,5.649,,0,nearest_robot=robot2
273.000,original,-,robot2,MIN_DISTANCE,OK,2.119,5.649,,0,nearest_robot=robot1
273.000,original,-,robot3,MIN_DISTANCE,OK,3.170,5.649,,0,nearest_robot=robot6
273.000,original,-,robot4,MIN_DISTANCE,OK,6.183,5.649,,0,nearest_robot=robot6
273.000,original,-,robot5,MIN_DISTANCE,OK,17.131,5.649,,0,nearest_robot=robot2
273.000,original,-,robot6,MIN_DISTANCE,OK,3.170,5.649,,0,nearest_robot=robot3
273.000,original,-,fleet,MIN_DISTANCE_AVG,OK,5.649,,,0,robots_sampled=6
274.000,original,-,robot1,MIN_DISTANCE,OK,2.119,5.652,,0,nearest_robot=robot2
274.000,original,-,robot2,MIN_DISTANCE,OK,2.119,5.652,,0,nearest_robot=robot1
274.000,original,-,robot3,MIN_DISTANCE,OK,3.168,5.652,,0,nearest_robot=robot6
274.000,original,-,robot4,MIN_DISTANCE,OK,6.209,5.652,,0,nearest_robot=robot6
274.000,original,-,robot5,MIN_DISTANCE,OK,17.131,5.652,,0,nearest_robot=robot2
274.000,original,-,robot6,MIN_DISTANCE,OK,3.168,5.652,,0,nearest_robot=robot3
274.000,original,-,fleet,MIN_DISTANCE_AVG,OK,5.652,,,0,robots_sampled=6
275.000,original,-,robot1,MIN_DISTANCE,OK,2.119,5.659,,0,nearest_robot=robot2
275.000,original,-,robot2,MIN_DISTANCE,OK,2.119,5.659,,0,nearest_robot=robot1
275.000,original,-,robot3,MIN_DISTANCE,OK,3.168,5.659,,0,nearest_robot=robot6
275.000,original,-,robot4,MIN_DISTANCE,OK,6.251,5.659,,0,nearest_robot=robot6
275.000,original,-,robot5,MIN_DISTANCE,OK,17.131,5.659,,0,nearest_robot=robot2
275.000,original,-,robot6,MIN_DISTANCE,OK,3.168,5.659,,0,nearest_robot=robot3
275.000,original,-,fleet,MIN_DISTANCE_AVG,OK,5.659,,,0,robots_sampled=6
276.000,original,-,robot1,MIN_DISTANCE,OK,2.119,5.668,,0,nearest_robot=robot2
276.000,original,-,robot2,MIN_DISTANCE,OK,2.119,5.668,,0,nearest_robot=robot1
276.000,original,-,robot3,MIN_DISTANCE,OK,3.098,5.668,,0,nearest_robot=robot6
276.000,original,-,robot4,MIN_DISTANCE,OK,6.446,5.668,,0,nearest_robot=robot6
276.000,original,-,robot5,MIN_DISTANCE,OK,17.131,5.668,,0,nearest_robot=robot2
276.000,original,-,robot6,MIN_DISTANCE,OK,3.098,5.668,,0,nearest_robot=robot3
276.000,original,-,fleet,MIN_DISTANCE_AVG,OK,5.668,,,0,robots_sampled=6
277.000,original,-,robot1,MIN_DISTANCE,OK,2.119,5.626,,0,nearest_robot=robot2
277.000,original,-,robot2,MIN_DISTANCE,OK,2.119,5.626,,0,nearest_robot=robot1
277.000,original,-,robot3,MIN_DISTANCE,OK,2.799,5.626,,0,nearest_robot=robot6
277.000,original,-,robot4,MIN_DISTANCE,OK,6.790,5.626,,0,nearest_robot=robot6
277.000,original,-,robot5,MIN_DISTANCE,OK,17.131,5.626,,0,nearest_robot=robot2
277.000,original,-,robot6,MIN_DISTANCE,OK,2.799,5.626,,0,nearest_robot=robot3
277.000,original,-,fleet,MIN_DISTANCE_AVG,OK,5.626,,,0,robots_sampled=6
278.000,original,-,robot1,MIN_DISTANCE,OK,2.119,5.537,,0,nearest_robot=robot2
278.000,original,-,robot2,MIN_DISTANCE,OK,2.119,5.537,,0,nearest_robot=robot1
278.000,original,-,robot3,MIN_DISTANCE,OK,2.347,5.537,,0,nearest_robot=robot6
278.000,original,-,robot4,MIN_DISTANCE,OK,7.162,5.537,,0,nearest_robot=robot6
278.000,original,-,robot5,MIN_DISTANCE,OK,17.131,5.537,,0,nearest_robot=robot2
278.000,original,-,robot6,MIN_DISTANCE,OK,2.347,5.537,,0,nearest_robot=robot3
278.000,original,-,fleet,MIN_DISTANCE_AVG,OK,5.537,,,0,robots_sampled=6
279.000,original,-,robot1,MIN_DISTANCE,OK,2.119,5.459,,0,nearest_robot=robot2
279.000,original,-,robot2,MIN_DISTANCE,OK,2.119,5.459,,0,nearest_robot=robot1
279.000,original,-,robot3,MIN_DISTANCE,OK,1.914,5.459,,0,nearest_robot=robot6
279.000,original,-,robot4,MIN_DISTANCE,OK,7.558,5.459,,0,nearest_robot=robot6
279.000,original,-,robot5,MIN_DISTANCE,OK,17.131,5.459,,0,nearest_robot=robot2
279.000,original,-,robot6,MIN_DISTANCE,OK,1.914,5.459,,0,nearest_robot=robot3
279.000,original,-,fleet,MIN_DISTANCE_AVG,OK,5.459,,,0,robots_sampled=6
280.000,original,-,robot1,MIN_DISTANCE,OK,2.119,5.397,,0,nearest_robot=robot2
280.000,original,-,robot2,MIN_DISTANCE,OK,2.119,5.397,,0,nearest_robot=robot1
280.000,original,-,robot3,MIN_DISTANCE,OK,1.531,5.397,,0,nearest_robot=robot6
280.000,original,-,robot4,MIN_DISTANCE,OK,7.953,5.397,,0,nearest_robot=robot6
280.000,original,-,robot5,MIN_DISTANCE,OK,17.131,5.397,,0,nearest_robot=robot2
280.000,original,-,robot6,MIN_DISTANCE,OK,1.531,5.397,,0,nearest_robot=robot3
280.000,original,-,fleet,MIN_DISTANCE_AVG,OK,5.397,,,0,robots_sampled=6
281.000,original,-,robot1,MIN_DISTANCE,OK,2.119,5.336,,0,nearest_robot=robot2
281.000,original,-,robot2,MIN_DISTANCE,OK,2.119,5.336,,0,nearest_robot=robot1
281.000,original,-,robot3,MIN_DISTANCE,OK,1.140,5.336,,0,nearest_robot=robot6
281.000,original,-,robot4,MIN_DISTANCE,OK,8.366,5.336,,0,nearest_robot=robot6
281.000,original,-,robot5,MIN_DISTANCE,OK,17.131,5.336,,0,nearest_robot=robot2
281.000,original,-,robot6,MIN_DISTANCE,OK,1.140,5.336,,0,nearest_robot=robot3
281.000,original,-,fleet,MIN_DISTANCE_AVG,OK,5.336,,,0,robots_sampled=6
282.000,original,-,robot1,MIN_DISTANCE,OK,2.119,5.303,,0,nearest_robot=robot2
282.000,original,-,robot2,MIN_DISTANCE,OK,2.119,5.303,,0,nearest_robot=robot1
282.000,original,-,robot3,MIN_DISTANCE,OK,0.840,5.303,,0,nearest_robot=robot6
282.000,original,-,robot4,MIN_DISTANCE,OK,8.769,5.303,,0,nearest_robot=robot6
282.000,original,-,robot5,MIN_DISTANCE,OK,17.131,5.303,,0,nearest_robot=robot2
282.000,original,-,robot6,MIN_DISTANCE,OK,0.840,5.303,,0,nearest_robot=robot3
282.000,original,-,fleet,MIN_DISTANCE_AVG,OK,5.303,,,0,robots_sampled=6
283.000,original,-,robot1,MIN_DISTANCE,OK,2.119,5.313,,0,nearest_robot=robot2
283.000,original,-,robot2,MIN_DISTANCE,OK,2.119,5.313,,0,nearest_robot=robot1
283.000,original,-,robot3,MIN_DISTANCE,OK,0.679,5.313,,0,nearest_robot=robot6
283.000,original,-,robot4,MIN_DISTANCE,OK,9.150,5.313,,0,nearest_robot=robot6
283.000,original,-,robot5,MIN_DISTANCE,OK,17.131,5.313,,0,nearest_robot=robot2
283.000,original,-,robot6,MIN_DISTANCE,OK,0.679,5.313,,0,nearest_robot=robot3
283.000,original,-,fleet,MIN_DISTANCE_AVG,OK,5.313,,,0,robots_sampled=6
284.000,original,-,robot1,MIN_DISTANCE,OK,2.119,5.417,,0,nearest_robot=robot2
284.000,original,-,robot2,MIN_DISTANCE,OK,2.119,5.417,,0,nearest_robot=robot1
284.000,original,-,robot3,MIN_DISTANCE,OK,0.795,5.417,,0,nearest_robot=robot6
284.000,original,-,robot4,MIN_DISTANCE,OK,9.544,5.417,,0,nearest_robot=robot6
284.000,original,-,robot5,MIN_DISTANCE,OK,17.131,5.417,,0,nearest_robot=robot2
284.000,original,-,robot6,MIN_DISTANCE,OK,0.795,5.417,,0,nearest_robot=robot3
284.000,original,-,fleet,MIN_DISTANCE_AVG,OK,5.417,,,0,robots_sampled=6
285.000,original,-,robot1,MIN_DISTANCE,OK,2.119,5.551,,0,nearest_robot=robot2
285.000,original,-,robot2,MIN_DISTANCE,OK,2.119,5.551,,0,nearest_robot=robot1
285.000,original,-,robot3,MIN_DISTANCE,OK,1.018,5.551,,0,nearest_robot=robot6
285.000,original,-,robot4,MIN_DISTANCE,OK,9.902,5.551,,0,nearest_robot=robot6
285.000,original,-,robot5,MIN_DISTANCE,OK,17.131,5.551,,0,nearest_robot=robot2
285.000,original,-,robot6,MIN_DISTANCE,OK,1.018,5.551,,0,nearest_robot=robot3
285.000,original,-,fleet,MIN_DISTANCE_AVG,OK,5.551,,,0,robots_sampled=6
286.000,original,-,robot1,MIN_DISTANCE,OK,2.119,5.687,,0,nearest_robot=robot2
286.000,original,-,robot2,MIN_DISTANCE,OK,2.119,5.687,,0,nearest_robot=robot1
286.000,original,-,robot3,MIN_DISTANCE,OK,1.329,5.687,,0,nearest_robot=robot6
286.000,original,-,robot4,MIN_DISTANCE,OK,10.094,5.687,,0,nearest_robot=robot6
286.000,original,-,robot5,MIN_DISTANCE,OK,17.131,5.687,,0,nearest_robot=robot2
286.000,original,-,robot6,MIN_DISTANCE,OK,1.329,5.687,,0,nearest_robot=robot3
286.000,original,-,fleet,MIN_DISTANCE_AVG,OK,5.687,,,0,robots_sampled=6
287.000,original,-,robot1,MIN_DISTANCE,OK,2.119,5.796,,0,nearest_robot=robot2
287.000,original,-,robot2,MIN_DISTANCE,OK,2.119,5.796,,0,nearest_robot=robot1
287.000,original,-,robot3,MIN_DISTANCE,OK,1.655,5.796,,0,nearest_robot=robot6
287.000,original,-,robot4,MIN_DISTANCE,OK,10.096,5.796,,0,nearest_robot=robot6
287.000,original,-,robot5,MIN_DISTANCE,OK,17.131,5.796,,0,nearest_robot=robot2
287.000,original,-,robot6,MIN_DISTANCE,OK,1.655,5.796,,0,nearest_robot=robot3
287.000,original,-,fleet,MIN_DISTANCE_AVG,OK,5.796,,,0,robots_sampled=6
288.000,original,-,fleet,REPLAN_FULL,OK,,,robot1|robot2|robot3|robot4|robot5|robot6,0,original_full_optimization
288.000,original,-,robot1,MIN_DISTANCE,OK,2.119,5.900,,0,nearest_robot=robot2
288.000,original,-,robot2,MIN_DISTANCE,OK,2.119,5.900,,0,nearest_robot=robot1
288.000,original,-,robot3,MIN_DISTANCE,OK,1.968,5.900,,0,nearest_robot=robot6
288.000,original,-,robot4,MIN_DISTANCE,OK,10.096,5.900,,0,nearest_robot=robot6
288.000,original,-,robot5,MIN_DISTANCE,OK,17.131,5.900,,0,nearest_robot=robot2
288.000,original,-,robot6,MIN_DISTANCE,OK,1.968,5.900,,0,nearest_robot=robot3
288.000,original,-,fleet,MIN_DISTANCE_AVG,OK,5.900,,,0,robots_sampled=6
289.000,original,-,robot1,MIN_DISTANCE,OK,2.119,6.024,,0,nearest_robot=robot2
289.000,original,-,robot2,MIN_DISTANCE,OK,2.119,6.024,,0,nearest_robot=robot1
289.000,original,-,robot3,MIN_DISTANCE,OK,2.338,6.024,,0,nearest_robot=robot6
289.000,original,-,robot4,MIN_DISTANCE,OK,10.096,6.024,,0,nearest_robot=robot6
289.000,original,-,robot5,MIN_DISTANCE,OK,17.131,6.024,,0,nearest_robot=robot2
289.000,original,-,robot6,MIN_DISTANCE,OK,2.338,6.024,,0,nearest_robot=robot3
289.000,original,-,fleet,MIN_DISTANCE_AVG,OK,6.024,,,0,robots_sampled=6
290.000,original,-,robot1,MIN_DISTANCE,OK,2.119,6.160,,0,nearest_robot=robot2
290.000,original,-,robot2,MIN_DISTANCE,OK,2.119,6.160,,0,nearest_robot=robot1
290.000,original,-,robot3,MIN_DISTANCE,OK,2.748,6.160,,0,nearest_robot=robot6
290.000,original,-,robot4,MIN_DISTANCE,OK,10.096,6.160,,0,nearest_robot=robot6
290.000,original,-,robot5,MIN_DISTANCE,OK,17.131,6.160,,0,nearest_robot=robot2
290.000,original,-,robot6,MIN_DISTANCE,OK,2.748,6.160,,0,nearest_robot=robot3
290.000,original,-,fleet,MIN_DISTANCE_AVG,OK,6.160,,,0,robots_sampled=6
291.000,original,-,robot1,MIN_DISTANCE,OK,2.119,6.299,,0,nearest_robot=robot2
291.000,original,-,robot2,MIN_DISTANCE,OK,2.119,6.299,,0,nearest_robot=robot1
291.000,original,-,robot3,MIN_DISTANCE,OK,3.165,6.299,,0,nearest_robot=robot6
291.000,original,-,robot4,MIN_DISTANCE,OK,10.096,6.299,,0,nearest_robot=robot6
291.000,original,-,robot5,MIN_DISTANCE,OK,17.131,6.299,,0,nearest_robot=robot2
291.000,original,-,robot6,MIN_DISTANCE,OK,3.165,6.299,,0,nearest_robot=robot3
291.000,original,-,fleet,MIN_DISTANCE_AVG,OK,6.299,,,0,robots_sampled=6
292.000,original,-,robot1,MIN_DISTANCE,OK,2.119,6.445,,0,nearest_robot=robot2
292.000,original,-,robot2,MIN_DISTANCE,OK,2.119,6.445,,0,nearest_robot=robot1
292.000,original,-,robot3,MIN_DISTANCE,OK,3.602,6.445,,0,nearest_robot=robot6
292.000,original,-,robot4,MIN_DISTANCE,OK,10.096,6.445,,0,nearest_robot=robot6
292.000,original,-,robot5,MIN_DISTANCE,OK,17.131,6.445,,0,nearest_robot=robot2
292.000,original,-,robot6,MIN_DISTANCE,OK,3.602,6.445,,0,nearest_robot=robot3
292.000,original,-,fleet,MIN_DISTANCE_AVG,OK,6.445,,,0,robots_sampled=6
293.000,original,-,robot1,MIN_DISTANCE,OK,2.119,6.592,,0,nearest_robot=robot2
293.000,original,-,robot2,MIN_DISTANCE,OK,2.119,6.592,,0,nearest_robot=robot1
293.000,original,-,robot3,MIN_DISTANCE,OK,4.043,6.592,,0,nearest_robot=robot6
293.000,original,-,robot4,MIN_DISTANCE,OK,10.096,6.592,,0,nearest_robot=robot6
293.000,original,-,robot5,MIN_DISTANCE,OK,17.131,6.592,,0,nearest_robot=robot2
293.000,original,-,robot6,MIN_DISTANCE,OK,4.043,6.592,,0,nearest_robot=robot3
293.000,original,-,fleet,MIN_DISTANCE_AVG,OK,6.592,,,0,robots_sampled=6
294.000,original,-,robot1,MIN_DISTANCE,OK,2.119,6.739,,0,nearest_robot=robot2
294.000,original,-,robot2,MIN_DISTANCE,OK,2.119,6.739,,0,nearest_robot=robot1
294.000,original,-,robot3,MIN_DISTANCE,OK,4.485,6.739,,0,nearest_robot=robot6
294.000,original,-,robot4,MIN_DISTANCE,OK,10.096,6.739,,0,nearest_robot=robot6
294.000,original,-,robot5,MIN_DISTANCE,OK,17.131,6.739,,0,nearest_robot=robot2
294.000,original,-,robot6,MIN_DISTANCE,OK,4.485,6.739,,0,nearest_robot=robot3
294.000,original,-,fleet,MIN_DISTANCE_AVG,OK,6.739,,,0,robots_sampled=6
295.000,original,-,robot1,MIN_DISTANCE,OK,2.119,6.891,,0,nearest_robot=robot2
295.000,original,-,robot2,MIN_DISTANCE,OK,2.119,6.891,,0,nearest_robot=robot1
295.000,original,-,robot3,MIN_DISTANCE,OK,4.941,6.891,,0,nearest_robot=robot6
295.000,original,-,robot4,MIN_DISTANCE,OK,10.096,6.891,,0,nearest_robot=robot6
295.000,original,-,robot5,MIN_DISTANCE,OK,17.131,6.891,,0,nearest_robot=robot2
295.000,original,-,robot6,MIN_DISTANCE,OK,4.941,6.891,,0,nearest_robot=robot3
295.000,original,-,fleet,MIN_DISTANCE_AVG,OK,6.891,,,0,robots_sampled=6
296.000,original,-,robot1,MIN_DISTANCE,OK,2.119,7.045,,0,nearest_robot=robot2
296.000,original,-,robot2,MIN_DISTANCE,OK,2.119,7.045,,0,nearest_robot=robot1
296.000,original,-,robot3,MIN_DISTANCE,OK,5.402,7.045,,0,nearest_robot=robot6
296.000,original,-,robot4,MIN_DISTANCE,OK,10.096,7.045,,0,nearest_robot=robot6
296.000,original,-,robot5,MIN_DISTANCE,OK,17.131,7.045,,0,nearest_robot=robot2
296.000,original,-,robot6,MIN_DISTANCE,OK,5.402,7.045,,0,nearest_robot=robot3
296.000,original,-,fleet,MIN_DISTANCE_AVG,OK,7.045,,,0,robots_sampled=6
297.000,original,-,robot1,MIN_DISTANCE,OK,2.119,7.196,,0,nearest_robot=robot2
297.000,original,-,robot2,MIN_DISTANCE,OK,2.119,7.196,,0,nearest_robot=robot1
297.000,original,-,robot3,MIN_DISTANCE,OK,5.855,7.196,,0,nearest_robot=robot6
297.000,original,-,robot4,MIN_DISTANCE,OK,10.096,7.196,,0,nearest_robot=robot6
297.000,original,-,robot5,MIN_DISTANCE,OK,17.131,7.196,,0,nearest_robot=robot2
297.000,original,-,robot6,MIN_DISTANCE,OK,5.855,7.196,,0,nearest_robot=robot3
297.000,original,-,fleet,MIN_DISTANCE_AVG,OK,7.196,,,0,robots_sampled=6
298.000,original,-,robot1,MIN_DISTANCE,OK,2.119,7.354,,0,nearest_robot=robot2
298.000,original,-,robot2,MIN_DISTANCE,OK,2.119,7.354,,0,nearest_robot=robot1
298.000,original,-,robot3,MIN_DISTANCE,OK,6.329,7.354,,0,nearest_robot=robot6
298.000,original,-,robot4,MIN_DISTANCE,OK,10.096,7.354,,0,nearest_robot=robot6
298.000,original,-,robot5,MIN_DISTANCE,OK,17.131,7.354,,0,nearest_robot=robot2
298.000,original,-,robot6,MIN_DISTANCE,OK,6.329,7.354,,0,nearest_robot=robot3
298.000,original,-,fleet,MIN_DISTANCE_AVG,OK,7.354,,,0,robots_sampled=6
299.000,original,-,robot1,MIN_DISTANCE,OK,2.119,7.512,,0,nearest_robot=robot2
299.000,original,-,robot2,MIN_DISTANCE,OK,2.119,7.512,,0,nearest_robot=robot1
299.000,original,-,robot3,MIN_DISTANCE,OK,6.804,7.512,,0,nearest_robot=robot6
299.000,original,-,robot4,MIN_DISTANCE,OK,10.096,7.512,,0,nearest_robot=robot6
299.000,original,-,robot5,MIN_DISTANCE,OK,17.131,7.512,,0,nearest_robot=robot2
299.000,original,-,robot6,MIN_DISTANCE,OK,6.804,7.512,,0,nearest_robot=robot3
299.000,original,-,fleet,MIN_DISTANCE_AVG,OK,7.512,,,0,robots_sampled=6
300.000,original,-,robot1,MIN_DISTANCE,OK,2.119,7.661,,0,nearest_robot=robot2
300.000,original,-,robot2,MIN_DISTANCE,OK,2.119,7.661,,0,nearest_robot=robot1
300.000,original,-,robot3,MIN_DISTANCE,OK,7.252,7.661,,0,nearest_robot=robot6
300.000,original,-,robot4,MIN_DISTANCE,OK,10.096,7.661,,0,nearest_robot=robot6
300.000,original,-,robot5,MIN_DISTANCE,OK,17.131,7.661,,0,nearest_robot=robot2
300.000,original,-,robot6,MIN_DISTANCE,OK,7.252,7.661,,0,nearest_robot=robot3
300.000,original,-,fleet,MIN_DISTANCE_AVG,OK,7.661,,,0,robots_sampled=6
301.000,original,-,robot1,MIN_DISTANCE,OK,2.119,7.809,,0,nearest_robot=robot2
301.000,original,-,robot2,MIN_DISTANCE,OK,2.119,7.809,,0,nearest_robot=robot1
301.000,original,-,robot3,MIN_DISTANCE,OK,7.695,7.809,,0,nearest_robot=robot6
301.000,original,-,robot4,MIN_DISTANCE,OK,10.096,7.809,,0,nearest_robot=robot6
301.000,original,-,robot5,MIN_DISTANCE,OK,17.131,7.809,,0,nearest_robot=robot2
301.000,original,-,robot6,MIN_DISTANCE,OK,7.695,7.809,,0,nearest_robot=robot3
301.000,original,-,fleet,MIN_DISTANCE_AVG,OK,7.809,,,0,robots_sampled=6
302.000,original,-,robot1,MIN_DISTANCE,OK,2.119,7.966,,0,nearest_robot=robot2
302.000,original,-,robot2,MIN_DISTANCE,OK,2.119,7.966,,0,nearest_robot=robot1
302.000,original,-,robot3,MIN_DISTANCE,OK,8.166,7.966,,0,nearest_robot=robot6
302.000,original,-,robot4,MIN_DISTANCE,OK,10.096,7.966,,0,nearest_robot=robot6
302.000,original,-,robot5,MIN_DISTANCE,OK,17.131,7.966,,0,nearest_robot=robot2
302.000,original,-,robot6,MIN_DISTANCE,OK,8.166,7.966,,0,nearest_robot=robot3
302.000,original,-,fleet,MIN_DISTANCE_AVG,OK,7.966,,,0,robots_sampled=6
303.000,original,-,robot1,MIN_DISTANCE,OK,2.119,8.114,,0,nearest_robot=robot2
303.000,original,-,robot2,MIN_DISTANCE,OK,2.119,8.114,,0,nearest_robot=robot1
303.000,original,-,robot3,MIN_DISTANCE,OK,8.611,8.114,,0,nearest_robot=robot6
303.000,original,-,robot4,MIN_DISTANCE,OK,10.096,8.114,,0,nearest_robot=robot6
303.000,original,-,robot5,MIN_DISTANCE,OK,17.131,8.114,,0,nearest_robot=robot2
303.000,original,-,robot6,MIN_DISTANCE,OK,8.611,8.114,,0,nearest_robot=robot3
303.000,original,-,fleet,MIN_DISTANCE_AVG,OK,8.114,,,0,robots_sampled=6
304.000,original,-,robot1,MIN_DISTANCE,OK,2.119,8.266,,0,nearest_robot=robot2
304.000,original,-,robot2,MIN_DISTANCE,OK,2.119,8.266,,0,nearest_robot=robot1
304.000,original,-,robot3,MIN_DISTANCE,OK,9.067,8.266,,0,nearest_robot=robot6
304.000,original,-,robot4,MIN_DISTANCE,OK,10.096,8.266,,0,nearest_robot=robot6
304.000,original,-,robot5,MIN_DISTANCE,OK,17.131,8.266,,0,nearest_robot=robot2
304.000,original,-,robot6,MIN_DISTANCE,OK,9.067,8.266,,0,nearest_robot=robot3
304.000,original,-,fleet,MIN_DISTANCE_AVG,OK,8.266,,,0,robots_sampled=6
305.000,original,-,robot1,MIN_DISTANCE,OK,2.119,8.423,,0,nearest_robot=robot2
305.000,original,-,robot2,MIN_DISTANCE,OK,2.119,8.423,,0,nearest_robot=robot1
305.000,original,-,robot3,MIN_DISTANCE,OK,9.536,8.423,,0,nearest_robot=robot6
305.000,original,-,robot4,MIN_DISTANCE,OK,10.096,8.423,,0,nearest_robot=robot6
305.000,original,-,robot5,MIN_DISTANCE,OK,17.131,8.423,,0,nearest_robot=robot2
305.000,original,-,robot6,MIN_DISTANCE,OK,9.536,8.423,,0,nearest_robot=robot3
305.000,original,-,fleet,MIN_DISTANCE_AVG,OK,8.423,,,0,robots_sampled=6
306.000,original,-,robot1,MIN_DISTANCE,OK,2.119,8.574,,0,nearest_robot=robot2
306.000,original,-,robot2,MIN_DISTANCE,OK,2.119,8.574,,0,nearest_robot=robot1
306.000,original,-,robot3,MIN_DISTANCE,OK,9.989,8.574,,0,nearest_robot=robot6
306.000,original,-,robot4,MIN_DISTANCE,OK,10.096,8.574,,0,nearest_robot=robot6
306.000,original,-,robot5,MIN_DISTANCE,OK,17.131,8.574,,0,nearest_robot=robot2
306.000,original,-,robot6,MIN_DISTANCE,OK,9.989,8.574,,0,nearest_robot=robot3
306.000,original,-,fleet,MIN_DISTANCE_AVG,OK,8.574,,,0,robots_sampled=6
307.000,original,-,robot1,MIN_DISTANCE,OK,2.119,8.667,,0,nearest_robot=robot2
307.000,original,-,robot2,MIN_DISTANCE,OK,2.119,8.667,,0,nearest_robot=robot1
307.000,original,-,robot3,MIN_DISTANCE,OK,10.438,8.667,,0,nearest_robot=robot6
307.000,original,-,robot4,MIN_DISTANCE,OK,10.096,8.667,,0,nearest_robot=robot6
307.000,original,-,robot5,MIN_DISTANCE,OK,17.131,8.667,,0,nearest_robot=robot2
307.000,original,-,robot6,MIN_DISTANCE,OK,10.096,8.667,,0,nearest_robot=robot4
307.000,original,-,fleet,MIN_DISTANCE_AVG,OK,8.667,,,0,robots_sampled=6
308.000,original,-,robot1,MIN_DISTANCE,OK,2.119,8.734,,0,nearest_robot=robot2
308.000,original,-,robot2,MIN_DISTANCE,OK,2.119,8.734,,0,nearest_robot=robot1
308.000,original,-,robot3,MIN_DISTANCE,OK,10.844,8.734,,0,nearest_robot=robot6
308.000,original,-,robot4,MIN_DISTANCE,OK,10.096,8.734,,0,nearest_robot=robot6
308.000,original,-,robot5,MIN_DISTANCE,OK,17.131,8.734,,0,nearest_robot=robot2
308.000,original,-,robot6,MIN_DISTANCE,OK,10.096,8.734,,0,nearest_robot=robot4
308.000,original,-,fleet,MIN_DISTANCE_AVG,OK,8.734,,,0,robots_sampled=6
309.000,original,-,robot1,MIN_DISTANCE,OK,2.119,8.811,,0,nearest_robot=robot2
309.000,original,-,robot2,MIN_DISTANCE,OK,2.119,8.811,,0,nearest_robot=robot1
309.000,original,-,robot3,MIN_DISTANCE,OK,11.308,8.811,,0,nearest_robot=robot6
309.000,original,-,robot4,MIN_DISTANCE,OK,10.096,8.811,,0,nearest_robot=robot6
309.000,original,-,robot5,MIN_DISTANCE,OK,17.131,8.811,,0,nearest_robot=robot2
309.000,original,-,robot6,MIN_DISTANCE,OK,10.096,8.811,,0,nearest_robot=robot4
309.000,original,-,fleet,MIN_DISTANCE_AVG,OK,8.811,,,0,robots_sampled=6
310.000,original,-,robot1,MIN_DISTANCE,OK,2.119,8.889,,0,nearest_robot=robot2
310.000,original,-,robot2,MIN_DISTANCE,OK,2.119,8.889,,0,nearest_robot=robot1
310.000,original,-,robot3,MIN_DISTANCE,OK,11.775,8.889,,0,nearest_robot=robot6
310.000,original,-,robot4,MIN_DISTANCE,OK,10.096,8.889,,0,nearest_robot=robot6
310.000,original,-,robot5,MIN_DISTANCE,OK,17.131,8.889,,0,nearest_robot=robot2
310.000,original,-,robot6,MIN_DISTANCE,OK,10.096,8.889,,0,nearest_robot=robot4
310.000,original,-,fleet,MIN_DISTANCE_AVG,OK,8.889,,,0,robots_sampled=6
311.000,original,-,robot1,MIN_DISTANCE,OK,2.119,8.960,,0,nearest_robot=robot2
311.000,original,-,robot2,MIN_DISTANCE,OK,2.119,8.960,,0,nearest_robot=robot1
311.000,original,-,robot3,MIN_DISTANCE,OK,12.199,8.960,,0,nearest_robot=robot6
311.000,original,-,robot4,MIN_DISTANCE,OK,10.096,8.960,,0,nearest_robot=robot6
311.000,original,-,robot5,MIN_DISTANCE,OK,17.131,8.960,,0,nearest_robot=robot2
311.000,original,-,robot6,MIN_DISTANCE,OK,10.096,8.960,,0,nearest_robot=robot4
311.000,original,-,fleet,MIN_DISTANCE_AVG,OK,8.960,,,0,robots_sampled=6
312.000,original,-,robot1,MIN_DISTANCE,OK,2.119,9.039,,0,nearest_robot=robot2
312.000,original,-,robot2,MIN_DISTANCE,OK,2.119,9.039,,0,nearest_robot=robot1
312.000,original,-,robot3,MIN_DISTANCE,OK,12.676,9.039,,0,nearest_robot=robot6
312.000,original,-,robot4,MIN_DISTANCE,OK,10.096,9.039,,0,nearest_robot=robot6
312.000,original,-,robot5,MIN_DISTANCE,OK,17.131,9.039,,0,nearest_robot=robot2
312.000,original,-,robot6,MIN_DISTANCE,OK,10.096,9.039,,0,nearest_robot=robot4
312.000,original,-,fleet,MIN_DISTANCE_AVG,OK,9.039,,,0,robots_sampled=6
313.000,original,-,robot1,MIN_DISTANCE,OK,2.119,9.025,,0,nearest_robot=robot2
313.000,original,-,robot2,MIN_DISTANCE,OK,2.119,9.025,,0,nearest_robot=robot1
313.000,original,-,robot3,MIN_DISTANCE,OK,12.572,9.025,,0,nearest_robot=robot1
313.000,original,-,robot4,MIN_DISTANCE,OK,10.106,9.025,,0,nearest_robot=robot6
313.000,original,-,robot5,MIN_DISTANCE,OK,17.131,9.025,,0,nearest_robot=robot2
313.000,original,-,robot6,MIN_DISTANCE,OK,10.106,9.025,,0,nearest_robot=robot4
313.000,original,-,fleet,MIN_DISTANCE_AVG,OK,9.025,,,0,robots_sampled=6
314.000,original,-,robot1,MIN_DISTANCE,OK,2.119,8.997,,0,nearest_robot=robot2
314.000,original,-,robot2,MIN_DISTANCE,OK,2.119,8.997,,0,nearest_robot=robot1
314.000,original,-,robot3,MIN_DISTANCE,OK,12.187,8.997,,0,nearest_robot=robot1
314.000,original,-,robot4,MIN_DISTANCE,OK,10.212,8.997,,0,nearest_robot=robot6
314.000,original,-,robot5,MIN_DISTANCE,OK,17.131,8.997,,0,nearest_robot=robot2
314.000,original,-,robot6,MIN_DISTANCE,OK,10.212,8.997,,0,nearest_robot=robot4
314.000,original,-,fleet,MIN_DISTANCE_AVG,OK,8.997,,,0,robots_sampled=6
315.000,original,-,robot1,MIN_DISTANCE,OK,2.119,9.007,,0,nearest_robot=robot2
315.000,original,-,robot2,MIN_DISTANCE,OK,2.119,9.007,,0,nearest_robot=robot1
315.000,original,-,robot3,MIN_DISTANCE,OK,11.775,9.007,,0,nearest_robot=robot1
315.000,original,-,robot4,MIN_DISTANCE,OK,10.450,9.007,,0,nearest_robot=robot6
315.000,original,-,robot5,MIN_DISTANCE,OK,17.131,9.007,,0,nearest_robot=robot2
315.000,original,-,robot6,MIN_DISTANCE,OK,10.450,9.007,,0,nearest_robot=robot4
315.000,original,-,fleet,MIN_DISTANCE_AVG,OK,9.007,,,0,robots_sampled=6
316.000,original,-,robot1,MIN_DISTANCE,OK,2.119,8.998,,0,nearest_robot=robot2
316.000,original,-,robot2,MIN_DISTANCE,OK,2.119,8.998,,0,nearest_robot=robot1
316.000,original,-,robot3,MIN_DISTANCE,OK,11.339,8.998,,0,nearest_robot=robot1
316.000,original,-,robot4,MIN_DISTANCE,OK,10.639,8.998,,0,nearest_robot=robot6
316.000,original,-,robot5,MIN_DISTANCE,OK,17.131,8.998,,0,nearest_robot=robot2
316.000,original,-,robot6,MIN_DISTANCE,OK,10.639,8.998,,0,nearest_robot=robot4
316.000,original,-,fleet,MIN_DISTANCE_AVG,OK,8.998,,,0,robots_sampled=6
317.000,original,-,robot1,MIN_DISTANCE,OK,2.119,8.968,,0,nearest_robot=robot2
317.000,original,-,robot2,MIN_DISTANCE,OK,2.119,8.968,,0,nearest_robot=robot1
317.000,original,-,robot3,MIN_DISTANCE,OK,10.898,8.968,,0,nearest_robot=robot1
317.000,original,-,robot4,MIN_DISTANCE,OK,10.770,8.968,,0,nearest_robot=robot6
317.000,original,-,robot5,MIN_DISTANCE,OK,17.131,8.968,,0,nearest_robot=robot2
317.000,original,-,robot6,MIN_DISTANCE,OK,10.770,8.968,,0,nearest_robot=robot4
317.000,original,-,fleet,MIN_DISTANCE_AVG,OK,8.968,,,0,robots_sampled=6
318.000,original,-,robot1,MIN_DISTANCE,OK,2.119,8.936,,0,nearest_robot=robot2
318.000,original,-,robot2,MIN_DISTANCE,OK,2.119,8.936,,0,nearest_robot=robot1
318.000,original,-,robot3,MIN_DISTANCE,OK,10.478,8.936,,0,nearest_robot=robot1
318.000,original,-,robot4,MIN_DISTANCE,OK,10.885,8.936,,0,nearest_robot=robot6
318.000,original,-,robot5,MIN_DISTANCE,OK,17.131,8.936,,0,nearest_robot=robot2
318.000,original,-,robot6,MIN_DISTANCE,OK,10.885,8.936,,0,nearest_robot=robot4
318.000,original,-,fleet,MIN_DISTANCE_AVG,OK,8.936,,,0,robots_sampled=6
