timestamp,run_id,task_id,robot_id,event,status,allocation_cost,duration,path,collision_flag,message
542.000,original,-,robot1,MIN_DISTANCE,OK,25.251,25.251,,0,nearest_robot=robot3
542.000,original,-,robot3,MIN_DISTANCE,OK,25.251,25.251,,0,nearest_robot=robot1
542.000,original,-,fleet,MIN_DISTANCE_AVG,OK,25.251,,,0,robots_sampled=2
542.500,original,-,fleet,REPLAN_FULL,OK,,,robot1|robot2|robot3|robot4,0,original_full_optimization
543.000,original,-,robot1,MIN_DISTANCE,OK,25.251,25.251,,0,nearest_robot=robot3
543.000,original,-,robot3,MIN_DISTANCE,OK,25.251,25.251,,0,nearest_robot=robot1
543.000,original,-,fleet,MIN_DISTANCE_AVG,OK,25.251,,,0,robots_sampled=2
544.000,original,-,robot1,MIN_DISTANCE,OK,12.509,9.500,,0,nearest_robot=robot2
544.000,original,-,robot2,MIN_DISTANCE,OK,12.509,9.500,,0,nearest_robot=robot1
544.000,original,-,robot3,MIN_DISTANCE,OK,6.491,9.500,,0,nearest_robot=robot4
544.000,original,-,robot4,MIN_DISTANCE,OK,6.491,9.500,,0,nearest_robot=robot3
544.000,original,-,fleet,MIN_DISTANCE_AVG,OK,9.500,,,0,robots_sampled=4
545.000,original,-,robot1,MIN_DISTANCE,OK,12.509,9.500,,0,nearest_robot=robot2
545.000,original,-,robot2,MIN_DISTANCE,OK,12.509,9.500,,0,nearest_robot=robot1
545.000,original,-,robot3,MIN_DISTANCE,OK,6.491,9.500,,0,nearest_robot=robot4
545.000,original,-,robot4,MIN_DISTANCE,OK,6.491,9.500,,0,nearest_robot=robot3
545.000,original,-,fleet,MIN_DISTANCE_AVG,OK,9.500,,,0,robots_sampled=4
546.000,original,-,robot1,MIN_DISTANCE,OK,12.509,9.500,,0,nearest_robot=robot2
546.000,original,-,robot2,MIN_DISTANCE,OK,12.509,9.500,,0,nearest_robot=robot1
546.000,original,-,robot3,MIN_DISTANCE,OK,6.491,9.500,,0,nearest_robot=robot4
546.000,original,-,robot4,MIN_DISTANCE,OK,6.491,9.500,,0,nearest_robot=robot3
546.000,original,-,fleet,MIN_DISTANCE_AVG,OK,9.500,,,0,robots_sampled=4
547.000,original,-,robot1,MIN_DISTANCE,OK,12.509,9.500,,0,nearest_robot=robot2
547.000,original,-,robot2,MIN_DISTANCE,OK,12.509,9.500,,0,nearest_robot=robot1
547.000,original,-,robot3,MIN_DISTANCE,OK,6.491,9.500,,0,nearest_robot=robot4
547.000,original,-,robot4,MIN_DISTANCE,OK,6.491,9.500,,0,nearest_robot=robot3
547.000,original,-,fleet,MIN_DISTANCE_AVG,OK,9.500,,,0,robots_sampled=4
548.000,original,-,robot1,MIN_DISTANCE,OK,12.509,9.500,,0,nearest_robot=robot2
548.000,original,-,robot2,MIN_DISTANCE,OK,12.509,9.500,,0,nearest_robot=robot1
548.000,original,-,robot3,MIN_DISTANCE,OK,6.491,9.500,,0,nearest_robot=robot4
548.000,original,-,robot4,MIN_DISTANCE,OK,6.491,9.500,,0,nearest_robot=robot3
548.000,original,-,fleet,MIN_DISTANCE_AVG,OK,9.500,,,0,robots_sampled=4
549.000,original,-,robot1,MIN_DISTANCE,OK,12.509,9.500,,0,nearest_robot=robot2
549.000,original,-,robot2,MIN_DISTANCE,OK,12.509,9.500,,0,nearest_robot=robot1
549.000,original,-,robot3,MIN_DISTANCE,OK,6.491,9.500,,0,nearest_robot=robot4
549.000,original,-,robot4,MIN_DISTANCE,OK,6.491,9.500,,0,nearest_robot=robot3
549.000,original,-,fleet,MIN_DISTANCE_AVG,OK,9.500,,,0,robots_sampled=4
550.000,original,-,robot1,MIN_DISTANCE,OK,12.509,9.500,,0,nearest_robot=robot2
550.000,original,-,robot2,MIN_DISTANCE,OK,12.509,9.500,,0,nearest_robot=robot1
550.000,original,-,robot3,MIN_DISTANCE,OK,6.491,9.500,,0,nearest_robot=robot4
550.000,original,-,robot4,MIN_DISTANCE,OK,6.491,9.500,,0,nearest_robot=robot3
550.000,original,-,fleet,MIN_DISTANCE_AVG,OK,9.500,,,0,robots_sampled=4
551.000,original,-,fleet,REPLAN_FULL,OK,,,robot1|robot2|robot3|robot4,0,original_full_optimization
551.000,original,-,robot1,MIN_DISTANCE,OK,12.528,9.486,,0,nearest_robot=robot2
551.000,original,-,robot2,MIN_DISTANCE,OK,12.528,9.486,,0,nearest_robot=robot1
551.000,original,-,robot3,MIN_DISTANCE,OK,6.444,9.486,,0,nearest_robot=robot4
551.000,original,-,robot4,MIN_DISTANCE,OK,6.444,9.486,,0,nearest_robot=robot3
551.000,original,-,fleet,MIN_DISTANCE_AVG,OK,9.486,,,0,robots_sampled=4
552.000,original,-,robot1,MIN_DISTANCE,OK,12.644,9.478,,0,nearest_robot=robot2
552.000,original,-,robot2,MIN_DISTANCE,OK,12.644,9.478,,0,nearest_robot=robot1
552.000,original,-,robot3,MIN_DISTANCE,OK,6.312,9.478,,0,nearest_robot=robot4
552.000,original,-,robot4,MIN_DISTANCE,OK,6.312,9.478,,0,nearest_robot=robot3
552.000,original,-,fleet,MIN_DISTANCE_AVG,OK,9.478,,,0,robots_sampled=4
553.000,original,-,robot1,MIN_DISTANCE,OK,12.871,9.440,,0,nearest_robot=robot2
553.000,original,-,robot2,MIN_DISTANCE,OK,12.871,9.440,,0,nearest_robot=robot1
553.000,original,-,robot3,MIN_DISTANCE,OK,6.009,9.440,,0,nearest_robot=robot4
553.000,original,-,robot4,MIN_DISTANCE,OK,6.009,9.440,,0,nearest_robot=robot3
553.000,original,-,fleet,MIN_DISTANCE_AVG,OK,9.440,,,0,robots_sampled=4
554.000,original,-,robot1,MIN_DISTANCE,OK,13.101,9.286,,0,nearest_robot=robot2
554.000,original,-,robot2,MIN_DISTANCE,OK,13.101,9.286,,0,nearest_robot=robot1
554.000,original,-,robot3,MIN_DISTANCE,OK,5.471,9.286,,0,nearest_robot=robot4
554.000,original,-,robot4,MIN_DISTANCE,OK,5.471,9.286,,0,nearest_robot=robot3
554.000,original,-,fleet,MIN_DISTANCE_AVG,OK,9.286,,,0,robots_sampled=4
555.000,original,-,robot1,MIN_DISTANCE,OK,13.233,9.091,,0,nearest_robot=robot2
555.000,original,-,robot2,MIN_DISTANCE,OK,13.233,9.091,,0,nearest_robot=robot1
555.000,original,-,robot3,MIN_DISTANCE,OK,4.949,9.091,,0,nearest_robot=robot4
555.000,original,-,robot4,MIN_DISTANCE,OK,4.949,9.091,,0,nearest_robot=robot3
555.000,original,-,fleet,MIN_DISTANCE_AVG,OK,9.091,,,0,robots_sampled=4
556.000,original,-,robot1,MIN_DISTANCE,OK,13.363,8.812,,0,nearest_robot=robot2
556.000,original,-,robot2,MIN_DISTANCE,OK,13.363,8.812,,0,nearest_robot=robot1
556.000,original,-,robot3,MIN_DISTANCE,OK,4.261,8.812,,0,nearest_robot=robot4
556.000,original,-,robot4,MIN_DISTANCE,OK,4.261,8.812,,0,nearest_robot=robot3
556.000,original,-,fleet,MIN_DISTANCE_AVG,OK,8.812,,,0,robots_sampled=4
557.000,original,-,robot1,MIN_DISTANCE,OK,13.495,8.568,,0,nearest_robot=robot2
557.000,original,-,robot2,MIN_DISTANCE,OK,13.495,8.568,,0,nearest_robot=robot1
557.000,original,-,robot3,MIN_DISTANCE,OK,3.641,8.568,,0,nearest_robot=robot4
557.000,original,-,robot4,MIN_DISTANCE,OK,3.641,8.568,,0,nearest_robot=robot3
557.000,original,-,fleet,MIN_DISTANCE_AVG,OK,8.568,,,0,robots_sampled=4
558.000,original,-,robot1,MIN_DISTANCE,OK,13.649,8.366,,0,nearest_robot=robot2
558.000,original,-,robot2,MIN_DISTANCE,OK,13.649,8.366,,0,nearest_robot=robot1
558.000,original,-,robot3,MIN_DISTANCE,OK,3.083,8.366,,0,nearest_robot=robot4
558.000,original,-,robot4,MIN_DISTANCE,OK,3.083,8.366,,0,nearest_robot=robot3
558.000,original,-,fleet,MIN_DISTANCE_AVG,OK,8.366,,,0,robots_sampled=4
559.000,original,-,robot1,MIN_DISTANCE,OK,13.783,8.160,,0,nearest_robot=robot2
559.000,original,-,robot2,MIN_DISTANCE,OK,13.783,8.160,,0,nearest_robot=robot1
559.000,original,-,robot3,MIN_DISTANCE,OK,2.537,8.160,,0,nearest_robot=robot4
559.000,original,-,robot4,MIN_DISTANCE,OK,2.537,8.160,,0,nearest_robot=robot3
559.000,original,-,fleet,MIN_DISTANCE_AVG,OK,8.160,,,0,robots_sampled=4
559.500,original,-,fleet,REPLAN_FULL,OK,,,robot1|robot2|robot3|robot4,0,original_full_optimization
560.000,original,-,robot1,MIN_DISTANCE,OK,13.853,7.955,,0,nearest_robot=robot2
560.000,original,-,robot2,MIN_DISTANCE,OK,13.853,7.955,,0,nearest_robot=robot1
560.000,original,-,robot3,MIN_DISTANCE,OK,2.058,7.955,,0,nearest_robot=robot4
560.000,original,-,robot4,MIN_DISTANCE,OK,2.058,7.955,,0,nearest_robot=robot3
560.000,original,-,fleet,MIN_DISTANCE_AVG,OK,7.955,,,0,robots_sampled=4
561.000,original,-,robot1,MIN_DISTANCE,OK,13.970,7.819,,0,nearest_robot=robot2
561.000,original,-,robot2,MIN_DISTANCE,OK,13.970,7.819,,0,nearest_robot=robot1
561.000,original,-,robot3,MIN_DISTANCE,OK,1.667,7.819,,0,nearest_robot=robot4
561.000,original,-,robot4,MIN_DISTANCE,OK,1.667,7.819,,0,nearest_robot=robot3
561.000,original,-,fleet,MIN_DISTANCE_AVG,OK,7.819,,,0,robots_sampled=4
562.000,original,-,robot1,MIN_DISTANCE,OK,14.125,7.722,,0,nearest_robot=robot2
562.000,original,-,robot2,MIN_DISTANCE,OK,14.080,7.722,,0,nearest_robot=robot3
562.000,original,-,robot3,MIN_DISTANCE,OK,1.342,7.722,,0,nearest_robot=robot4
562.000,original,-,robot4,MIN_DISTANCE,OK,1.342,7.722,,0,nearest_robot=robot3
562.000,original,-,fleet,MIN_DISTANCE_AVG,OK,7.722,,,0,robots_sampled=4
563.000,original,-,robot1,MIN_DISTANCE,OK,14.089,7.562,,0,nearest_robot=robot2
563.000,original,-,robot2,MIN_DISTANCE,OK,14.049,7.562,,0,nearest_robot=robot3
563.000,original,-,robot3,MIN_DISTANCE,OK,1.056,7.562,,0,nearest_robot=robot4
563.000,original,-,robot4,MIN_DISTANCE,OK,1.056,7.562,,0,nearest_robot=robot3
563.000,original,-,fleet,MIN_DISTANCE_AVG,OK,7.562,,,0,robots_sampled=4
564.000,original,-,robot1,MIN_DISTANCE,OK,14.003,7.449,,0,nearest_robot=robot2
564.000,original,-,robot2,MIN_DISTANCE,OK,14.003,7.449,,0,nearest_robot=robot1
564.000,original,-,robot3,MIN_DISTANCE,OK,0.895,7.449,,0,nearest_robot=robot4
564.000,original,-,robot4,MIN_DISTANCE,OK,0.895,7.449,,0,nearest_robot=robot3
564.000,original,-,fleet,MIN_DISTANCE_AVG,OK,7.449,,,0,robots_sampled=4
565.000,original,-,robot1,MIN_DISTANCE,OK,14.084,7.445,,0,nearest_robot=robot2
565.000,original,-,robot2,MIN_DISTANCE,OK,14.084,7.445,,0,nearest_robot=robot1
565.000,original,-,robot3,MIN_DISTANCE,OK,0.806,7.445,,0,nearest_robot=robot4
565.000,original,-,robot4,MIN_DISTANCE,OK,0.806,7.445,,0,nearest_robot=robot3
565.000,original,-,fleet,MIN_DISTANCE_AVG,OK,7.445,,,0,robots_sampled=4
566.000,original,-,robot1,MIN_DISTANCE,OK,14.150,7.420,,0,nearest_robot=robot2
566.000,original,-,robot2,MIN_DISTANCE,OK,14.120,7.420,,0,nearest_robot=robot3
566.000,original,-,robot3,MIN_DISTANCE,OK,0.705,7.420,,0,nearest_robot=robot4
566.000,original,-,robot4,MIN_DISTANCE,OK,0.705,7.420,,0,nearest_robot=robot3
566.000,original,-,fleet,MIN_DISTANCE_AVG,OK,7.420,,,0,robots_sampled=4
567.000,original,-,robot1,MIN_DISTANCE,OK,14.187,7.402,,0,nearest_robot=robot2
567.000,original,-,robot2,MIN_DISTANCE,OK,14.141,7.402,,0,nearest_robot=robot3
567.000,original,-,robot3,MIN_DISTANCE,OK,0.640,7.402,,0,nearest_robot=robot4
567.000,original,-,robot4,MIN_DISTANCE,OK,0.640,7.402,,0,nearest_robot=robot3
567.000,original,-,fleet,MIN_DISTANCE_AVG,OK,7.402,,,0,robots_sampled=4
568.000,original,-,robot1,MIN_DISTANCE,OK,14.144,7.404,,0,nearest_robot=robot2
568.000,original,-,robot2,MIN_DISTANCE,OK,14.144,7.404,,0,nearest_robot=robot1
568.000,original,-,robot3,MIN_DISTANCE,OK,0.665,7.404,,0,nearest_robot=robot4
568.000,original,-,robot4,MIN_DISTANCE,OK,0.665,7.404,,0,nearest_robot=robot3
568.000,original,-,fleet,MIN_DISTANCE_AVG,OK,7.404,,,0,robots_sampled=4
568.500,original,-,fleet,REPLAN_FULL,OK,,,robot1|robot2|robot3|robot4,0,original_full_optimization
569.000,original,-,robot1,MIN_DISTANCE,OK,14.074,7.529,,0,nearest_robot=robot2
569.000,original,-,robot2,MIN_DISTANCE,OK,14.074,7.529,,0,nearest_robot=robot1
569.000,original,-,robot3,MIN_DISTANCE,OK,0.984,7.529,,0,nearest_robot=robot4
569.000,original,-,robot4,MIN_DISTANCE,OK,0.984,7.529,,0,nearest_robot=robot3
569.000,original,-,fleet,MIN_DISTANCE_AVG,OK,7.529,,,0,robots_sampled=4
570.000,original,-,robot1,MIN_DISTANCE,OK,13.978,7.668,,0,nearest_robot=robot2
570.000,original,-,robot2,MIN_DISTANCE,OK,13.978,7.668,,0,nearest_robot=robot1
570.000,original,-,robot3,MIN_DISTANCE,OK,1.359,7.668,,0,nearest_robot=robot4
570.000,original,-,robot4,MIN_DISTANCE,OK,1.359,7.668,,0,nearest_robot=robot3
570.000,original,-,fleet,MIN_DISTANCE_AVG,OK,7.668,,,0,robots_sampled=4
571.000,original,-,robot1,MIN_DISTANCE,OK,13.836,7.791,,0,nearest_robot=robot2
571.000,original,-,robot2,MIN_DISTANCE,OK,13.836,7.791,,0,nearest_robot=robot1
571.000,original,-,robot3,MIN_DISTANCE,OK,1.746,7.791,,0,nearest_robot=robot4
571.000,original,-,robot4,MIN_DISTANCE,OK,1.746,7.791,,0,nearest_robot=robot3
571.000,original,-,fleet,MIN_DISTANCE_AVG,OK,7.791,,,0,robots_sampled=4
572.000,original,-,robot1,MIN_DISTANCE,OK,13.701,7.922,,0,nearest_robot=robot2
572.000,original,-,robot2,MIN_DISTANCE,OK,13.701,7.922,,0,nearest_robot=robot1
572.000,original,-,robot3,MIN_DISTANCE,OK,2.143,7.922,,0,nearest_robot=robot4
572.000,original,-,robot4,MIN_DISTANCE,OK,2.143,7.922,,0,nearest_robot=robot3
572.000,original,-,fleet,MIN_DISTANCE_AVG,OK,7.922,,,0,robots_sampled=4
573.000,original,-,robot1,MIN_DISTANCE,OK,13.530,8.052,,0,nearest_robot=robot2
573.000,original,-,robot2,MIN_DISTANCE,OK,13.530,8.052,,0,nearest_robot=robot1
573.000,original,-,robot3,MIN_DISTANCE,OK,2.573,8.052,,0,nearest_robot=robot4
573.000,original,-,robot4,MIN_DISTANCE,OK,2.573,8.052,,0,nearest_robot=robot3
573.000,original,-,fleet,MIN_DISTANCE_AVG,OK,8.052,,,0,robots_sampled=4
574.000,original,-,robot1,MIN_DISTANCE,OK,13.259,8.122,,0,nearest_robot=robot2
574.000,original,-,robot2,MIN_DISTANCE,OK,13.259,8.122,,0,nearest_robot=robot1
574.000,original,-,robot3,MIN_DISTANCE,OK,2.984,8.122,,0,nearest_robot=robot4
574.000,original,-,robot4,MIN_DISTANCE,OK,2.984,8.122,,0,nearest_robot=robot3
574.000,original,-,fleet,MIN_DISTANCE_AVG,OK,8.122,,,0,robots_sampled=4
575.000,original,-,robot1,MIN_DISTANCE,OK,12.975,8.180,,0,nearest_robot=robot2
575.000,original,-,robot2,MIN_DISTANCE,OK,12.975,8.180,,0,nearest_robot=robot1
575.000,original,-,robot3,MIN_DISTANCE,OK,3.385,8.180,,0,nearest_robot=robot4
575.000,original,-,robot4,MIN_DISTANCE,OK,3.385,8.180,,0,nearest_robot=robot3
575.000,original,-,fleet,MIN_DISTANCE_AVG,OK,8.180,,,0,robots_sampled=4
576.000,original,-,robot1,MIN_DISTANCE,OK,12.697,8.259,,0,nearest_robot=robot2
576.000,original,-,robot2,MIN_DISTANCE,OK,12.697,8.259,,0,nearest_robot=robot1
576.000,original,-,robot3,MIN_DISTANCE,OK,3.821,8.259,,0,nearest_robot=robot4
576.000,original,-,robot4,MIN_DISTANCE,OK,3.821,8.259,,0,nearest_robot=robot3
576.000,original,-,fleet,MIN_DISTANCE_AVG,OK,8.259,,,0,robots_sampled=4
577.000,original,-,fleet,REPLAN_FULL,OK,,,robot1|robot2|robot3|robot4,0,original_full_optimization
577.000,original,-,robot1,MIN_DISTANCE,OK,12.555,8.276,,0,nearest_robot=robot2
577.000,original,-,robot2,MIN_DISTANCE,OK,12.555,8.276,,0,nearest_robot=robot1
577.000,original,-,robot3,MIN_DISTANCE,OK,3.997,8.276,,0,nearest_robot=robot4
577.000,original,-,robot4,MIN_DISTANCE,OK,3.997,8.276,,0,nearest_robot=robot3
577.000,original,-,fleet,MIN_DISTANCE_AVG,OK,8.276,,,0,robots_sampled=4
578.000,original,-,robot1,MIN_DISTANCE,OK,12.596,8.165,,0,nearest_robot=robot2
578.000,original,-,robot2,MIN_DISTANCE,OK,12.596,8.165,,0,nearest_robot=robot1
578.000,original,-,robot3,MIN_DISTANCE,OK,3.734,8.165,,0,nearest_robot=robot4
578.000,original,-,robot4,MIN_DISTANCE,OK,3.734,8.165,,0,nearest_robot=robot3
578.000,original,-,fleet,MIN_DISTANCE_AVG,OK,8.165,,,0,robots_sampled=4
579.000,original,-,robot1,MIN_DISTANCE,OK,12.708,8.080,,0,nearest_robot=robot2
579.000,original,-,robot2,MIN_DISTANCE,OK,12.708,8.080,,0,nearest_robot=robot1
579.000,original,-,robot3,MIN_DISTANCE,OK,3.452,8.080,,0,nearest_robot=robot4
579.000,original,-,robot4,MIN_DISTANCE,OK,3.452,8.080,,0,nearest_robot=robot3
579.000,original,-,fleet,MIN_DISTANCE_AVG,OK,8.080,,,0,robots_sampled=4
580.000,original,-,robot1,MIN_DISTANCE,OK,12.920,8.077,,0,nearest_robot=robot2
580.000,original,-,robot2,MIN_DISTANCE,OK,12.920,8.077,,0,nearest_robot=robot1
580.000,original,-,robot3,MIN_DISTANCE,OK,3.234,8.077,,0,nearest_robot=robot4
580.000,original,-,robot4,MIN_DISTANCE,OK,3.234,8.077,,0,nearest_robot=robot3
580.000,original,-,fleet,MIN_DISTANCE_AVG,OK,8.077,,,0,robots_sampled=4
581.000,original,-,robot1,MIN_DISTANCE,OK,13.115,8.069,,0,nearest_robot=robot2
581.000,original,-,robot2,MIN_DISTANCE,OK,13.115,8.069,,0,nearest_robot=robot1
581.000,original,-,robot3,MIN_DISTANCE,OK,3.023,8.069,,0,nearest_robot=robot4
581.000,original,-,robot4,MIN_DISTANCE,OK,3.023,8.069,,0,nearest_robot=robot3
581.000,original,-,fleet,MIN_DISTANCE_AVG,OK,8.069,,,0,robots_sampled=4
582.000,original,-,robot1,MIN_DISTANCE,OK,13.252,8.039,,0,nearest_robot=robot2
582.000,original,-,robot2,MIN_DISTANCE,OK,13.252,8.039,,0,nearest_robot=robot1
582.000,original,-,robot3,MIN_DISTANCE,OK,2.825,8.039,,0,nearest_robot=robot4
582.000,original,-,robot4,MIN_DISTANCE,OK,2.825,8.039,,0,nearest_robot=robot3
582.000,original,-,fleet,MIN_DISTANCE_AVG,OK,8.039,,,0,robots_sampled=4
583.000,original,-,robot1,MIN_DISTANCE,OK,13.343,7.982,,0,nearest_robot=robot2
583.000,original,-,robot2,MIN_DISTANCE,OK,13.343,7.982,,0,nearest_robot=robot1
583.000,original,-,robot3,MIN_DISTANCE,OK,2.621,7.982,,0,nearest_robot=robot4
583.000,original,-,robot4,MIN_DISTANCE,OK,2.621,7.982,,0,nearest_robot=robot3
583.000,original,-,fleet,MIN_DISTANCE_AVG,OK,7.982,,,0,robots_sampled=4
584.000,original,-,robot1,MIN_DISTANCE,OK,13.338,7.861,,0,nearest_robot=robot2
584.000,original,-,robot2,MIN_DISTANCE,OK,13.338,7.861,,0,nearest_robot=robot1
584.000,original,-,robot3,MIN_DISTANCE,OK,2.383,7.861,,0,nearest_robot=robot4
584.000,original,-,robot4,MIN_DISTANCE,OK,2.383,7.861,,0,nearest_robot=robot3
584.000,original,-,fleet,MIN_DISTANCE_AVG,OK,7.861,,,0,robots_sampled=4
585.000,original,-,robot1,MIN_DISTANCE,OK,13.325,7.731,,0,nearest_robot=robot2
585.000,original,-,robot2,MIN_DISTANCE,OK,13.325,7.731,,0,nearest_robot=robot1
585.000,original,-,robot3,MIN_DISTANCE,OK,2.137,7.731,,0,nearest_robot=robot4
585.000,original,-,robot4,MIN_DISTANCE,OK,2.137,7.731,,0,nearest_robot=robot3
585.000,original,-,fleet,MIN_DISTANCE_AVG,OK,7.731,,,0,robots_sampled=4
586.000,original,-,fleet,REPLAN_FULL,OK,,,robot1|robot2|robot3|robot4,0,original_full_optimization
586.000,original,-,robot1,MIN_DISTANCE,OK,13.060,7.607,,0,nearest_robot=robot2
586.000,original,-,robot2,MIN_DISTANCE,OK,13.060,7.607,,0,nearest_robot=robot1
586.000,original,-,robot3,MIN_DISTANCE,OK,2.154,7.607,,0,nearest_robot=robot4
586.000,original,-,robot4,MIN_DISTANCE,OK,2.154,7.607,,0,nearest_robot=robot3
586.000,original,-,fleet,MIN_DISTANCE_AVG,OK,7.607,,,0,robots_sampled=4
587.000,original,-,robot1,MIN_DISTANCE,OK,12.688,7.487,,0,nearest_robot=robot2
587.000,original,-,robot2,MIN_DISTANCE,OK,12.688,7.487,,0,nearest_robot=robot1
587.000,original,-,robot3,MIN_DISTANCE,OK,2.285,7.487,,0,nearest_robot=robot4
587.000,original,-,robot4,MIN_DISTANCE,OK,2.285,7.487,,0,nearest_robot=robot3
587.000,original,-,fleet,MIN_DISTANCE_AVG,OK,7.487,,,0,robots_sampled=4
588.000,original,-,robot1,MIN_DISTANCE,OK,12.311,7.356,,0,nearest_robot=robot2
588.000,original,-,robot2,MIN_DISTANCE,OK,12.311,7.356,,0,nearest_robot=robot1
588.000,original,-,robot3,MIN_DISTANCE,OK,2.401,7.356,,0,nearest_robot=robot4
588.000,original,-,robot4,MIN_DISTANCE,OK,2.401,7.356,,0,nearest_robot=robot3
588.000,original,-,fleet,MIN_DISTANCE_AVG,OK,7.356,,,0,robots_sampled=4
589.000,original,-,robot1,MIN_DISTANCE,OK,11.949,7.231,,0,nearest_robot=robot2
589.000,original,-,robot2,MIN_DISTANCE,OK,11.949,7.231,,0,nearest_robot=robot1
589.000,original,-,robot3,MIN_DISTANCE,OK,2.512,7.231,,0,nearest_robot=robot4
589.000,original,-,robot4,MIN_DISTANCE,OK,2.512,7.231,,0,nearest_robot=robot3
589.000,original,-,fleet,MIN_DISTANCE_AVG,OK,7.231,,,0,robots_sampled=4
590.000,original,-,robot1,MIN_DISTANCE,OK,11.563,7.094,,0,nearest_robot=robot2
590.000,original,-,robot2,MIN_DISTANCE,OK,11.563,7.094,,0,nearest_robot=robot1
590.000,original,-,robot3,MIN_DISTANCE,OK,2.624,7.094,,0,nearest_robot=robot4
590.000,original,-,robot4,MIN_DISTANCE,OK,2.624,7.094,,0,nearest_robot=robot3
590.000,original,-,fleet,MIN_DISTANCE_AVG,OK,7.094,,,0,robots_sampled=4
591.000,original,-,robot1,MIN_DISTANCE,OK,11.231,7.016,,0,nearest_robot=robot2
591.000,original,-,robot2,MIN_DISTANCE,OK,11.231,7.016,,0,nearest_robot=robot1
591.000,original,-,robot3,MIN_DISTANCE,OK,2.800,7.016,,0,nearest_robot=robot4
591.000,original,-,robot4,MIN_DISTANCE,OK,2.800,7.016,,0,nearest_robot=robot3
591.000,original,-,fleet,MIN_DISTANCE_AVG,OK,7.016,,,0,robots_sampled=4
592.000,original,-,robot1,MIN_DISTANCE,OK,10.908,6.929,,0,nearest_robot=robot2
592.000,original,-,robot2,MIN_DISTANCE,OK,10.908,6.929,,0,nearest_robot=robot1
592.000,original,-,robot3,MIN_DISTANCE,OK,2.950,6.929,,0,nearest_robot=robot4
592.000,original,-,robot4,MIN_DISTANCE,OK,2.950,6.929,,0,nearest_robot=robot3
592.000,original,-,fleet,MIN_DISTANCE_AVG,OK,6.929,,,0,robots_sampled=4
593.000,original,-,robot1,MIN_DISTANCE,OK,10.612,6.860,,0,nearest_robot=robot2
593.000,original,-,robot2,MIN_DISTANCE,OK,10.612,6.860,,0,nearest_robot=robot1
593.000,original,-,robot3,MIN_DISTANCE,OK,3.109,6.860,,0,nearest_robot=robot4
593.000,original,-,robot4,MIN_DISTANCE,OK,3.109,6.860,,0,nearest_robot=robot3
593.000,original,-,fleet,MIN_DISTANCE_AVG,OK,6.860,,,0,robots_sampled=4
594.000,original,-,robot1,MIN_DISTANCE,OK,10.318,6.758,,0,nearest_robot=robot2
594.000,original,-,robot2,MIN_DISTANCE,OK,10.318,6.758,,0,nearest_robot=robot1
594.000,original,-,robot3,MIN_DISTANCE,OK,3.198,6.758,,0,nearest_robot=robot4
594.000,original,-,robot4,MIN_DISTANCE,OK,3.198,6.758,,0,nearest_robot=robot3
594.000,original,-,fleet,MIN_DISTANCE_AVG,OK,6.758,,,0,robots_sampled=4
595.000,original,-,robot1,MIN_DISTANCE,OK,9.879,6.595,,0,nearest_robot=robot2
595.000,original,-,robot2,MIN_DISTANCE,OK,9.879,6.595,,0,nearest_robot=robot1
595.000,original,-,robot3,MIN_DISTANCE,OK,3.310,6.595,,0,nearest_robot=robot4
595.000,original,-,robot4,MIN_DISTANCE,OK,3.310,6.595,,0,nearest_robot=robot3
595.000,original,-,fleet,MIN_DISTANCE_AVG,OK,6.595,,,0,robots_sampled=4
596.000,original,-,robot1,MIN_DISTANCE,OK,9.385,6.384,,0,nearest_robot=robot2
596.000,original,-,robot2,MIN_DISTANCE,OK,9.385,6.384,,0,nearest_robot=robot1
596.000,original,-,robot3,MIN_DISTANCE,OK,3.384,6.384,,0,nearest_robot=robot4
596.000,original,-,robot4,MIN_DISTANCE,OK,3.384,6.384,,0,nearest_robot=robot3
596.000,original,-,fleet,MIN_DISTANCE_AVG,OK,6.384,,,0,robots_sampled=4
597.000,original,-,robot1,MIN_DISTANCE,OK,8.793,6.189,,0,nearest_robot=robot2
597.000,original,-,robot2,MIN_DISTANCE,OK,8.793,6.189,,0,nearest_robot=robot1
597.000,original,-,robot3,MIN_DISTANCE,OK,3.584,6.189,,0,nearest_robot=robot4
597.000,original,-,robot4,MIN_DISTANCE,OK,3.584,6.189,,0,nearest_robot=robot3
597.000,original,-,fleet,MIN_DISTANCE_AVG,OK,6.189,,,0,robots_sampled=4
598.000,original,-,robot1,MIN_DISTANCE,OK,8.219,6.056,,0,nearest_robot=robot2
598.000,original,-,robot2,MIN_DISTANCE,OK,8.219,6.056,,0,nearest_robot=robot1
598.000,original,-,robot3,MIN_DISTANCE,OK,3.894,6.056,,0,nearest_robot=robot4
598.000,original,-,robot4,MIN_DISTANCE,OK,3.894,6.056,,0,nearest_robot=robot3
598.000,original,-,fleet,MIN_DISTANCE_AVG,OK,6.056,,,0,robots_sampled=4
599.000,original,-,robot1,MIN_DISTANCE,OK,7.631,5.956,,0,nearest_robot=robot2
599.000,original,-,robot2,MIN_DISTANCE,OK,7.631,5.956,,0,nearest_robot=robot1
599.000,original,-,robot3,MIN_DISTANCE,OK,4.280,5.956,,0,nearest_robot=robot4
599.000,original,-,robot4,MIN_DISTANCE,OK,4.280,5.956,,0,nearest_robot=robot3
599.000,original,-,fleet,MIN_DISTANCE_AVG,OK,5.956,,,0,robots_sampled=4
600.000,original,-,robot1,MIN_DISTANCE,OK,7.031,5.880,,0,nearest_robot=robot2
600.000,original,-,robot2,MIN_DISTANCE,OK,7.031,5.880,,0,nearest_robot=robot1
600.000,original,-,robot3,MIN_DISTANCE,OK,4.729,5.880,,0,nearest_robot=robot4
600.000,original,-,robot4,MIN_DISTANCE,OK,4.729,5.880,,0,nearest_robot=robot3
600.000,original,-,fleet,MIN_DISTANCE_AVG,OK,5.880,,,0,robots_sampled=4
601.000,original,-,robot1,MIN_DISTANCE,OK,6.226,5.711,,0,nearest_robot=robot2
601.000,original,-,robot2,MIN_DISTANCE,OK,6.226,5.711,,0,nearest_robot=robot1
601.000,original,-,robot3,MIN_DISTANCE,OK,5.195,5.711,,0,nearest_robot=robot4
601.000,original,-,robot4,MIN_DISTANCE,OK,5.195,5.711,,0,nearest_robot=robot3
601.000,original,-,fleet,MIN_DISTANCE_AVG,OK,5.711,,,0,robots_sampled=4
602.000,original,-,robot1,MIN_DISTANCE,OK,5.288,5.437,,0,nearest_robot=robot2
602.000,original,-,robot2,MIN_DISTANCE,OK,5.288,5.437,,0,nearest_robot=robot1
602.000,original,-,robot3,MIN_DISTANCE,OK,5.585,5.437,,0,nearest_robot=robot4
602.000,original,-,robot4,MIN_DISTANCE,OK,5.585,5.437,,0,nearest_robot=robot3
602.000,original,-,fleet,MIN_DISTANCE_AVG,OK,5.437,,,0,robots_sampled=4
603.000,original,-,fleet,REPLAN_FULL,OK,,,robot1|robot2|robot3|robot4,0,original_full_optimization
603.000,original,-,robot1,MIN_DISTANCE,OK,4.389,5.132,,0,nearest_robot=robot2
603.000,original,-,robot2,MIN_DISTANCE,OK,4.389,5.132,,0,nearest_robot=robot1
603.000,original,-,robot3,MIN_DISTANCE,OK,5.876,5.132,,0,nearest_robot=robot4
603.000,original,-,robot4,MIN_DISTANCE,OK,5.876,5.132,,0,nearest_robot=robot3
603.000,original,-,fleet,MIN_DISTANCE_AVG,OK,5.132,,,0,robots_sampled=4
604.000,original,-,robot1,MIN_DISTANCE,OK,3.466,4.794,,0,nearest_robot=robot2
604.000,original,-,robot2,MIN_DISTANCE,OK,3.466,4.794,,0,nearest_robot=robot1
604.000,original,-,robot3,MIN_DISTANCE,OK,6.122,4.794,,0,nearest_robot=robot4
604.000,original,-,robot4,MIN_DISTANCE,OK,6.122,4.794,,0,nearest_robot=robot3
604.000,original,-,fleet,MIN_DISTANCE_AVG,OK,4.794,,,0,robots_sampled=4
605.000,original,-,robot1,MIN_DISTANCE,OK,2.533,4.482,,0,nearest_robot=robot2
605.000,original,-,robot2,MIN_DISTANCE,OK,2.533,4.482,,0,nearest_robot=robot1
605.000,original,-,robot3,MIN_DISTANCE,OK,6.431,4.482,,0,nearest_robot=robot4
605.000,original,-,robot4,MIN_DISTANCE,OK,6.431,4.482,,0,nearest_robot=robot3
605.000,original,-,fleet,MIN_DISTANCE_AVG,OK,4.482,,,0,robots_sampled=4
606.000,original,-,robot1,MIN_DISTANCE,OK,1.548,4.149,,0,nearest_robot=robot2
606.000,original,-,robot2,MIN_DISTANCE,OK,1.548,4.149,,0,nearest_robot=robot1
606.000,original,-,robot3,MIN_DISTANCE,OK,6.749,4.149,,0,nearest_robot=robot4
606.000,original,-,robot4,MIN_DISTANCE,OK,6.749,4.149,,0,nearest_robot=robot3
606.000,original,-,fleet,MIN_DISTANCE_AVG,OK,4.149,,,0,robots_sampled=4
607.000,original,-,robot1,MIN_DISTANCE,OK,0.674,3.899,,0,nearest_robot=robot2
607.000,original,-,robot2,MIN_DISTANCE,OK,0.674,3.899,,0,nearest_robot=robot1
607.000,original,-,robot3,MIN_DISTANCE,OK,7.123,3.899,,0,nearest_robot=robot4
607.000,original,-,robot4,MIN_DISTANCE,OK,7.123,3.899,,0,nearest_robot=robot3
607.000,original,-,fleet,MIN_DISTANCE_AVG,OK,3.899,,,0,robots_sampled=4
608.000,original,-,robot1,MIN_DISTANCE,OK,0.240,3.875,,0,nearest_robot=robot2
608.000,original,-,robot2,MIN_DISTANCE,OK,0.240,3.875,,0,nearest_robot=robot1
608.000,original,-,robot3,MIN_DISTANCE,OK,7.511,3.875,,0,nearest_robot=robot4
608.000,original,-,robot4,MIN_DISTANCE,OK,7.511,3.875,,0,nearest_robot=robot3
608.000,original,-,fleet,MIN_DISTANCE_AVG,OK,3.875,,,0,robots_sampled=4
609.000,original,-,robot1,MIN_DISTANCE,OK,0.234,4.062,,0,nearest_robot=robot2
609.000,original,-,robot2,MIN_DISTANCE,OK,0.234,4.062,,0,nearest_robot=robot1
609.000,original,-,robot3,MIN_DISTANCE,OK,7.889,4.062,,0,nearest_robot=robot4
609.000,original,-,robot4,MIN_DISTANCE,OK,7.889,4.062,,0,nearest_robot=robot3
609.000,original,-,fleet,MIN_DISTANCE_AVG,OK,4.062,,,0,robots_sampled=4
610.000,original,-,robot1,MIN_DISTANCE,OK,0.231,4.241,,0,nearest_robot=robot2
610.000,original,-,robot2,MIN_DISTANCE,OK,0.231,4.241,,0,nearest_robot=robot1
610.000,original,-,robot3,MIN_DISTANCE,OK,8.250,4.241,,0,nearest_robot=robot4
610.000,original,-,robot4,MIN_DISTANCE,OK,8.250,4.241,,0,nearest_robot=robot3
610.000,original,-,fleet,MIN_DISTANCE_AVG,OK,4.241,,,0,robots_sampled=4
611.000,original,-,robot1,MIN_DISTANCE,OK,0.227,4.396,,0,nearest_robot=robot2
611.000,original,-,robot2,MIN_DISTANCE,OK,0.227,4.396,,0,nearest_robot=robot1
611.000,original,-,robot3,MIN_DISTANCE,OK,8.565,4.396,,0,nearest_robot=robot4
611.000,original,-,robot4,MIN_DISTANCE,OK,8.565,4.396,,0,nearest_robot=robot3
611.000,original,-,fleet,MIN_DISTANCE_AVG,OK,4.396,,,0,robots_sampled=4
611.500,original,-,fleet,REPLAN_FULL,OK,,,robot1|robot2|robot3|robot4,0,original_full_optimization
612.000,original,-,robot1,MIN_DISTANCE,OK,0.235,4.548,,0,nearest_robot=robot2
612.000,original,-,robot2,MIN_DISTANCE,OK,0.235,4.548,,0,nearest_robot=robot1
612.000,original,-,robot3,MIN_DISTANCE,OK,8.861,4.548,,0,nearest_robot=robot4
612.000,original,-,robot4,MIN_DISTANCE,OK,8.861,4.548,,0,nearest_robot=robot3
612.000,original,-,fleet,MIN_DISTANCE_AVG,OK,4.548,,,0,robots_sampled=4
613.000,original,-,robot1,MIN_DISTANCE,OK,0.234,4.743,,0,nearest_robot=robot2
613.000,original,-,robot2,MIN_DISTANCE,OK,0.234,4.743,,0,nearest_robot=robot1
613.000,original,-,robot3,MIN_DISTANCE,OK,9.251,4.743,,0,nearest_robot=robot4
613.000,original,-,robot4,MIN_DISTANCE,OK,9.251,4.743,,0,nearest_robot=robot3
613.000,original,-,fleet,MIN_DISTANCE_AVG,OK,4.743,,,0,robots_sampled=4
614.000,original,-,robot1,MIN_DISTANCE,OK,0.234,4.954,,0,nearest_robot=robot2
614.000,original,-,robot2,MIN_DISTANCE,OK,0.234,4.954,,0,nearest_robot=robot1
614.000,original,-,robot3,MIN_DISTANCE,OK,9.674,4.954,,0,nearest_robot=robot4
614.000,original,-,robot4,MIN_DISTANCE,OK,9.674,4.954,,0,nearest_robot=robot3
614.000,original,-,fleet,MIN_DISTANCE_AVG,OK,4.954,,,0,robots_sampled=4
615.000,original,-,robot1,MIN_DISTANCE,OK,0.234,5.053,,0,nearest_robot=robot2
615.000,original,-,robot2,MIN_DISTANCE,OK,0.234,5.053,,0,nearest_robot=robot1
615.000,original,-,robot3,MIN_DISTANCE,OK,9.872,5.053,,0,nearest_robot=robot4
615.000,original,-,robot4,MIN_DISTANCE,OK,9.872,5.053,,0,nearest_robot=robot3
615.000,original,-,fleet,MIN_DISTANCE_AVG,OK,5.053,,,0,robots_sampled=4
616.000,original,-,robot1,MIN_DISTANCE,OK,0.234,5.183,,0,nearest_robot=robot2
616.000,original,-,robot2,MIN_DISTANCE,OK,0.234,5.183,,0,nearest_robot=robot1
616.000,original,-,robot3,MIN_DISTANCE,OK,10.131,5.183,,0,nearest_robot=robot4
616.000,original,-,robot4,MIN_DISTANCE,OK,10.131,5.183,,0,nearest_robot=robot3
616.000,original,-,fleet,MIN_DISTANCE_AVG,OK,5.183,,,0,robots_sampled=4
617.000,original,-,robot1,MIN_DISTANCE,OK,0.234,5.252,,0,nearest_robot=robot2
617.000,original,-,robot2,MIN_DISTANCE,OK,0.234,5.252,,0,nearest_robot=robot1
617.000,original,-,robot3,MIN_DISTANCE,OK,10.270,5.252,,0,nearest_robot=robot4
617.000,original,-,robot4,MIN_DISTANCE,OK,10.270,5.252,,0,nearest_robot=robot3
617.000,original,-,fleet,MIN_DISTANCE_AVG,OK,5.252,,,0,robots_sampled=4
618.000,original,-,robot1,MIN_DISTANCE,OK,0.234,5.198,,0,nearest_robot=robot2
618.000,original,-,robot2,MIN_DISTANCE,OK,0.234,5.198,,0,nearest_robot=robot1
618.000,original,-,robot3,MIN_DISTANCE,OK,10.162,5.198,,0,nearest_robot=robot4
618.000,original,-,robot4,MIN_DISTANCE,OK,10.162,5.198,,0,nearest_robot=robot3
618.000,original,-,fleet,MIN_DISTANCE_AVG,OK,5.198,,,0,robots_sampled=4
619.000,original,-,robot1,MIN_DISTANCE,OK,0.234,5.111,,0,nearest_robot=robot2
619.000,original,-,robot2,MIN_DISTANCE,OK,0.234,5.111,,0,nearest_robot=robot1
619.000,original,-,robot3,MIN_DISTANCE,OK,9.989,5.111,,0,nearest_robot=robot4
619.000,original,-,robot4,MIN_DISTANCE,OK,9.989,5.111,,0,nearest_robot=robot3
619.000,original,-,fleet,MIN_DISTANCE_AVG,OK,5.111,,,0,robots_sampled=4
620.000,original,-,fleet,REPLAN_FULL,OK,,,robot1|robot2|robot3|robot4,0,original_full_optimization
620.000,original,-,robot1,MIN_DISTANCE,OK,0.276,5.066,,0,nearest_robot=robot2
620.000,original,-,robot2,MIN_DISTANCE,OK,0.276,5.066,,0,nearest_robot=robot1
620.000,original,-,robot3,MIN_DISTANCE,OK,9.856,5.066,,0,nearest_robot=robot4
620.000,original,-,robot4,MIN_DISTANCE,OK,9.856,5.066,,0,nearest_robot=robot3
620.000,original,-,fleet,MIN_DISTANCE_AVG,OK,5.066,,,0,robots_sampled=4
621.000,original,-,robot1,MIN_DISTANCE,OK,0.263,4.969,,0,nearest_robot=robot2
621.000,original,-,robot2,MIN_DISTANCE,OK,0.263,4.969,,0,nearest_robot=robot1
621.000,original,-,robot3,MIN_DISTANCE,OK,9.675,4.969,,0,nearest_robot=robot4
621.000,original,-,robot4,MIN_DISTANCE,OK,9.675,4.969,,0,nearest_robot=robot3
621.000,original,-,fleet,MIN_DISTANCE_AVG,OK,4.969,,,0,robots_sampled=4
622.000,original,-,robot1,MIN_DISTANCE,OK,0.245,4.891,,0,nearest_robot=robot2
622.000,original,-,robot2,MIN_DISTANCE,OK,0.245,4.891,,0,nearest_robot=robot1
622.000,original,-,robot3,MIN_DISTANCE,OK,9.537,4.891,,0,nearest_robot=robot4
622.000,original,-,robot4,MIN_DISTANCE,OK,9.537,4.891,,0,nearest_robot=robot3
622.000,original,-,fleet,MIN_DISTANCE_AVG,OK,4.891,,,0,robots_sampled=4
623.000,original,-,robot1,MIN_DISTANCE,OK,0.242,4.862,,0,nearest_robot=robot2
623.000,original,-,robot2,MIN_DISTANCE,OK,0.242,4.862,,0,nearest_robot=robot1
623.000,original,-,robot3,MIN_DISTANCE,OK,9.481,4.862,,0,nearest_robot=robot4
623.000,original,-,robot4,MIN_DISTANCE,OK,9.481,4.862,,0,nearest_robot=robot3
623.000,original,-,fleet,MIN_DISTANCE_AVG,OK,4.862,,,0,robots_sampled=4
624.000,original,-,robot1,MIN_DISTANCE,OK,0.216,4.841,,0,nearest_robot=robot2
624.000,original,-,robot2,MIN_DISTANCE,OK,0.216,4.841,,0,nearest_robot=robot1
624.000,original,-,robot3,MIN_DISTANCE,OK,9.465,4.841,,0,nearest_robot=robot4
624.000,original,-,robot4,MIN_DISTANCE,OK,9.465,4.841,,0,nearest_robot=robot3
624.000,original,-,fleet,MIN_DISTANCE_AVG,OK,4.841,,,0,robots_sampled=4
625.000,original,-,robot1,MIN_DISTANCE,OK,0.214,4.845,,0,nearest_robot=robot2
625.000,original,-,robot2,MIN_DISTANCE,OK,0.214,4.845,,0,nearest_robot=robot1
625.000,original,-,robot3,MIN_DISTANCE,OK,9.475,4.845,,0,nearest_robot=robot4
625.000,original,-,robot4,MIN_DISTANCE,OK,9.475,4.845,,0,nearest_robot=robot3
625.000,original,-,fleet,MIN_DISTANCE_AVG,OK,4.845,,,0,robots_sampled=4
626.000,original,-,robot1,MIN_DISTANCE,OK,0.214,4.845,,0,nearest_robot=robot2
626.000,original,-,robot2,MIN_DISTANCE,OK,0.214,4.845,,0,nearest_robot=robot1
626.000,original,-,robot3,MIN_DISTANCE,OK,9.477,4.845,,0,nearest_robot=robot4
626.000,original,-,robot4,MIN_DISTANCE,OK,9.477,4.845,,0,nearest_robot=robot3
626.000,original,-,fleet,MIN_DISTANCE_AVG,OK,4.845,,,0,robots_sampled=4
627.000,original,-,robot1,MIN_DISTANCE,OK,0.214,4.845,,0,nearest_robot=robot2
627.000,original,-,robot2,MIN_DISTANCE,OK,0.214,4.845,,0,nearest_robot=robot1
627.000,original,-,robot3,MIN_DISTANCE,OK,9.476,4.845,,0,nearest_robot=robot4
627.000,original,-,robot4,MIN_DISTANCE,OK,9.476,4.845,,0,nearest_robot=robot3
627.000,original,-,fleet,MIN_DISTANCE_AVG,OK,4.845,,,0,robots_sampled=4
628.000,original,-,robot1,MIN_DISTANCE,OK,0.215,4.846,,0,nearest_robot=robot2
628.000,original,-,robot2,MIN_DISTANCE,OK,0.215,4.846,,0,nearest_robot=robot1
628.000,original,-,robot3,MIN_DISTANCE,OK,9.476,4.846,,0,nearest_robot=robot4
628.000,original,-,robot4,MIN_DISTANCE,OK,9.476,4.846,,0,nearest_robot=robot3
628.000,original,-,fleet,MIN_DISTANCE_AVG,OK,4.846,,,0,robots_sampled=4
628.500,original,-,fleet,REPLAN_FULL,OK,,,robot1|robot2|robot3|robot4,0,original_full_optimization
629.000,original,-,robot1,MIN_DISTANCE,OK,0.241,4.789,,0,nearest_robot=robot2
629.000,original,-,robot2,MIN_DISTANCE,OK,0.241,4.789,,0,nearest_robot=robot1
629.000,original,-,robot3,MIN_DISTANCE,OK,9.338,4.789,,0,nearest_robot=robot4
629.000,original,-,robot4,MIN_DISTANCE,OK,9.338,4.789,,0,nearest_robot=robot3
629.000,original,-,fleet,MIN_DISTANCE_AVG,OK,4.789,,,0,robots_sampled=4
630.000,original,-,robot1,MIN_DISTANCE,OK,0.214,4.587,,0,nearest_robot=robot2
630.000,original,-,robot2,MIN_DISTANCE,OK,0.214,4.587,,0,nearest_robot=robot1
630.000,original,-,robot3,MIN_DISTANCE,OK,8.960,4.587,,0,nearest_robot=robot4
630.000,original,-,robot4,MIN_DISTANCE,OK,8.960,4.587,,0,nearest_robot=robot3
630.000,original,-,fleet,MIN_DISTANCE_AVG,OK,4.587,,,0,robots_sampled=4
631.000,original,-,robot1,MIN_DISTANCE,OK,0.213,4.346,,0,nearest_robot=robot2
631.000,original,-,robot2,MIN_DISTANCE,OK,0.213,4.346,,0,nearest_robot=robot1
631.000,original,-,robot3,MIN_DISTANCE,OK,8.480,4.346,,0,nearest_robot=robot4
631.000,original,-,robot4,MIN_DISTANCE,OK,8.480,4.346,,0,nearest_robot=robot3
631.000,original,-,fleet,MIN_DISTANCE_AVG,OK,4.346,,,0,robots_sampled=4
632.000,original,-,robot1,MIN_DISTANCE,OK,0.222,4.111,,0,nearest_robot=robot2
632.000,original,-,robot2,MIN_DISTANCE,OK,0.222,4.111,,0,nearest_robot=robot1
632.000,original,-,robot3,MIN_DISTANCE,OK,7.999,4.111,,0,nearest_robot=robot4
632.000,original,-,robot4,MIN_DISTANCE,OK,7.999,4.111,,0,nearest_robot=robot3
632.000,original,-,fleet,MIN_DISTANCE_AVG,OK,4.111,,,0,robots_sampled=4
633.000,original,-,robot1,MIN_DISTANCE,OK,0.216,3.931,,0,nearest_robot=robot2
633.000,original,-,robot2,MIN_DISTANCE,OK,0.216,3.931,,0,nearest_robot=robot1
633.000,original,-,robot3,MIN_DISTANCE,OK,7.645,3.931,,0,nearest_robot=robot4
633.000,original,-,robot4,MIN_DISTANCE,OK,7.645,3.931,,0,nearest_robot=robot3
633.000,original,-,fleet,MIN_DISTANCE_AVG,OK,3.931,,,0,robots_sampled=4
634.000,original,-,robot1,MIN_DISTANCE,OK,0.227,3.779,,0,nearest_robot=robot2
634.000,original,-,robot2,MIN_DISTANCE,OK,0.227,3.779,,0,nearest_robot=robot1
634.000,original,-,robot3,MIN_DISTANCE,OK,7.331,3.779,,0,nearest_robot=robot4
634.000,original,-,robot4,MIN_DISTANCE,OK,7.331,3.779,,0,nearest_robot=robot3
634.000,original,-,fleet,MIN_DISTANCE_AVG,OK,3.779,,,0,robots_sampled=4
635.000,original,-,robot1,MIN_DISTANCE,OK,0.221,3.637,,0,nearest_robot=robot2
635.000,original,-,robot2,MIN_DISTANCE,OK,0.221,3.637,,0,nearest_robot=robot1
635.000,original,-,robot3,MIN_DISTANCE,OK,7.053,3.637,,0,nearest_robot=robot4
635.000,original,-,robot4,MIN_DISTANCE,OK,7.053,3.637,,0,nearest_robot=robot3
635.000,original,-,fleet,MIN_DISTANCE_AVG,OK,3.637,,,0,robots_sampled=4
636.000,original,-,robot1,MIN_DISTANCE,OK,0.220,3.505,,0,nearest_robot=robot2
636.000,original,-,robot2,MIN_DISTANCE,OK,0.220,3.505,,0,nearest_robot=robot1
636.000,original,-,robot3,MIN_DISTANCE,OK,6.790,3.505,,0,nearest_robot=robot4
636.000,original,-,robot4,MIN_DISTANCE,OK,6.790,3.505,,0,nearest_robot=robot3
636.000,original,-,fleet,MIN_DISTANCE_AVG,OK,3.505,,,0,robots_sampled=4
637.000,original,-,fleet,REPLAN_FULL,OK,,,robot1|robot2|robot3|robot4,0,original_full_optimization
637.000,original,-,robot1,MIN_DISTANCE,OK,0.236,3.403,,0,nearest_robot=robot2
637.000,original,-,robot2,MIN_DISTANCE,OK,0.236,3.403,,0,nearest_robot=robot1
637.000,original,-,robot3,MIN_DISTANCE,OK,6.570,3.403,,0,nearest_robot=robot4
637.000,original,-,robot4,MIN_DISTANCE,OK,6.570,3.403,,0,nearest_robot=robot3
637.000,original,-,fleet,MIN_DISTANCE_AVG,OK,3.403,,,0,robots_sampled=4
638.000,original,-,robot1,MIN_DISTANCE,OK,0.228,3.300,,0,nearest_robot=robot2
638.000,original,-,robot2,MIN_DISTANCE,OK,0.228,3.300,,0,nearest_robot=robot1
638.000,original,-,robot3,MIN_DISTANCE,OK,6.373,3.300,,0,nearest_robot=robot4
638.000,original,-,robot4,MIN_DISTANCE,OK,6.373,3.300,,0,nearest_robot=robot3
638.000,original,-,fleet,MIN_DISTANCE_AVG,OK,3.300,,,0,robots_sampled=4
639.000,original,-,robot1,MIN_DISTANCE,OK,0.228,3.214,,0,nearest_robot=robot2
639.000,original,-,robot2,MIN_DISTANCE,OK,0.228,3.214,,0,nearest_robot=robot1
639.000,original,-,robot3,MIN_DISTANCE,OK,6.199,3.214,,0,nearest_robot=robot4
639.000,original,-,robot4,MIN_DISTANCE,OK,6.199,3.214,,0,nearest_robot=robot3
639.000,original,-,fleet,MIN_DISTANCE_AVG,OK,3.214,,,0,robots_sampled=4
640.000,original,-,robot1,MIN_DISTANCE,OK,0.233,3.149,,0,nearest_robot=robot2
640.000,original,-,robot2,MIN_DISTANCE,OK,0.233,3.149,,0,nearest_robot=robot1
640.000,original,-,robot3,MIN_DISTANCE,OK,6.065,3.149,,0,nearest_robot=robot4
640.000,original,-,robot4,MIN_DISTANCE,OK,6.065,3.149,,0,nearest_robot=robot3
640.000,original,-,fleet,MIN_DISTANCE_AVG,OK,3.149,,,0,robots_sampled=4
641.000,original,-,robot1,MIN_DISTANCE,OK,0.234,3.104,,0,nearest_robot=robot2
641.000,original,-,robot2,MIN_DISTANCE,OK,0.234,3.104,,0,nearest_robot=robot1
641.000,original,-,robot3,MIN_DISTANCE,OK,5.974,3.104,,0,nearest_robot=robot4
641.000,original,-,robot4,MIN_DISTANCE,OK,5.974,3.104,,0,nearest_robot=robot3
641.000,original,-,fleet,MIN_DISTANCE_AVG,OK,3.104,,,0,robots_sampled=4
642.000,original,-,robot1,MIN_DISTANCE,OK,0.236,3.105,,0,nearest_robot=robot2
642.000,original,-,robot2,MIN_DISTANCE,OK,0.236,3.105,,0,nearest_robot=robot1
642.000,original,-,robot3,MIN_DISTANCE,OK,5.973,3.105,,0,nearest_robot=robot4
642.000,original,-,robot4,MIN_DISTANCE,OK,5.973,3.105,,0,nearest_robot=robot3
642.000,original,-,fleet,MIN_DISTANCE_AVG,OK,3.105,,,0,robots_sampled=4
643.000,original,-,robot1,MIN_DISTANCE,OK,0.237,3.121,,0,nearest_robot=robot2
643.000,original,-,robot2,MIN_DISTANCE,OK,0.237,3.121,,0,nearest_robot=robot1
643.000,original,-,robot3,MIN_DISTANCE,OK,6.005,3.121,,0,nearest_robot=robot4
643.000,original,-,robot4,MIN_DISTANCE,OK,6.005,3.121,,0,nearest_robot=robot3
643.000,original,-,fleet,MIN_DISTANCE_AVG,OK,3.121,,,0,robots_sampled=4
644.000,original,-,robot1,MIN_DISTANCE,OK,0.238,3.142,,0,nearest_robot=robot2
644.000,original,-,robot2,MIN_DISTANCE,OK,0.238,3.142,,0,nearest_robot=robot1
644.000,original,-,robot3,MIN_DISTANCE,OK,6.047,3.142,,0,nearest_robot=robot4
644.000,original,-,robot4,MIN_DISTANCE,OK,6.047,3.142,,0,nearest_robot=robot3
644.000,original,-,fleet,MIN_DISTANCE_AVG,OK,3.142,,,0,robots_sampled=4
645.000,original,-,robot1,MIN_DISTANCE,OK,0.241,3.165,,0,nearest_robot=robot2
645.000,original,-,robot2,MIN_DISTANCE,OK,0.241,3.165,,0,nearest_robot=robot1
645.000,original,-,robot3,MIN_DISTANCE,OK,6.089,3.165,,0,nearest_robot=robot4
645.000,original,-,robot4,MIN_DISTANCE,OK,6.089,3.165,,0,nearest_robot=robot3
645.000,original,-,fleet,MIN_DISTANCE_AVG,OK,3.165,,,0,robots_sampled=4
646.000,original,-,fleet,REPLAN_FULL,OK,,,robot1|robot2|robot3|robot4,0,original_full_optimization
646.000,original,-,robot1,MIN_DISTANCE,OK,0.245,3.163,,0,nearest_robot=robot2
646.000,original,-,robot2,MIN_DISTANCE,OK,0.245,3.163,,0,nearest_robot=robot1
646.000,original,-,robot3,MIN_DISTANCE,OK,6.082,3.163,,0,nearest_robot=robot4
646.000,original,-,robot4,MIN_DISTANCE,OK,6.082,3.163,,0,nearest_robot=robot3
646.000,original,-,fleet,MIN_DISTANCE_AVG,OK,3.163,,,0,robots_sampled=4
647.000,original,-,robot1,MIN_DISTANCE,OK,0.248,3.117,,0,nearest_robot=robot2
647.000,original,-,robot2,MIN_DISTANCE,OK,0.248,3.117,,0,nearest_robot=robot1
647.000,original,-,robot3,MIN_DISTANCE,OK,5.987,3.117,,0,nearest_robot=robot4
647.000,original,-,robot4,MIN_DISTANCE,OK,5.987,3.117,,0,nearest_robot=robot3
647.000,original,-,fleet,MIN_DISTANCE_AVG,OK,3.117,,,0,robots_sampled=4
648.000,original,-,robot1,MIN_DISTANCE,OK,0.255,3.046,,0,nearest_robot=robot2
648.000,original,-,robot2,MIN_DISTANCE,OK,0.255,3.046,,0,nearest_robot=robot1
648.000,original,-,robot3,MIN_DISTANCE,OK,5.837,3.046,,0,nearest_robot=robot4
648.000,original,-,robot4,MIN_DISTANCE,OK,5.837,3.046,,0,nearest_robot=robot3
648.000,original,-,fleet,MIN_DISTANCE_AVG,OK,3.046,,,0,robots_sampled=4
649.000,original,-,robot1,MIN_DISTANCE,OK,0.254,2.966,,0,nearest_robot=robot2
649.000,original,-,robot2,MIN_DISTANCE,OK,0.254,2.966,,0,nearest_robot=robot1
649.000,original,-,robot3,MIN_DISTANCE,OK,5.678,2.966,,0,nearest_robot=robot4
649.000,original,-,robot4,MIN_DISTANCE,OK,5.678,2.966,,0,nearest_robot=robot3
649.000,original,-,fleet,MIN_DISTANCE_AVG,OK,2.966,,,0,robots_sampled=4
650.000,original,-,robot1,MIN_DISTANCE,OK,0.297,2.976,,0,nearest_robot=robot2
650.000,original,-,robot2,MIN_DISTANCE,OK,0.297,2.976,,0,nearest_robot=robot1
650.000,original,-,robot3,MIN_DISTANCE,OK,5.654,2.976,,0,nearest_robot=robot4
650.000,original,-,robot4,MIN_DISTANCE,OK,5.654,2.976,,0,nearest_robot=robot3
650.000,original,-,fleet,MIN_DISTANCE_AVG,OK,2.976,,,0,robots_sampled=4
651.000,original,-,robot1,MIN_DISTANCE,OK,0.490,3.082,,0,nearest_robot=robot2
651.000,original,-,robot2,MIN_DISTANCE,OK,0.490,3.082,,0,nearest_robot=robot1
651.000,original,-,robot3,MIN_DISTANCE,OK,5.674,3.082,,0,nearest_robot=robot4
651.000,original,-,robot4,MIN_DISTANCE,OK,5.674,3.082,,0,nearest_robot=robot3
651.000,original,-,fleet,MIN_DISTANCE_AVG,OK,3.082,,,0,robots_sampled=4
652.000,original,-,robot1,MIN_DISTANCE,OK,0.933,3.304,,0,nearest_robot=robot2
652.000,original,-,robot2,MIN_DISTANCE,OK,0.933,3.304,,0,nearest_robot=robot1
652.000,original,-,robot3,MIN_DISTANCE,OK,5.675,3.304,,0,nearest_robot=robot4
652.000,original,-,robot4,MIN_DISTANCE,OK,5.675,3.304,,0,nearest_robot=robot3
652.000,original,-,fleet,MIN_DISTANCE_AVG,OK,3.304,,,0,robots_sampled=4
653.000,original,-,robot1,MIN_DISTANCE,OK,1.370,3.517,,0,nearest_robot=robot2
653.000,original,-,robot2,MIN_DISTANCE,OK,1.370,3.517,,0,nearest_robot=robot1
653.000,original,-,robot3,MIN_DISTANCE,OK,5.664,3.517,,0,nearest_robot=robot4
653.000,original,-,robot4,MIN_DISTANCE,OK,5.664,3.517,,0,nearest_robot=robot3
653.000,original,-,fleet,MIN_DISTANCE_AVG,OK,3.517,,,0,robots_sampled=4
654.000,original,-,robot1,MIN_DISTANCE,OK,1.689,3.724,,0,nearest_robot=robot2
654.000,original,-,robot2,MIN_DISTANCE,OK,1.689,3.724,,0,nearest_robot=robot1
654.000,original,-,robot3,MIN_DISTANCE,OK,5.758,3.724,,0,nearest_robot=robot4
654.000,original,-,robot4,MIN_DISTANCE,OK,5.758,3.724,,0,nearest_robot=robot3
654.000,original,-,fleet,MIN_DISTANCE_AVG,OK,3.724,,,0,robots_sampled=4
655.000,original,-,robot1,MIN_DISTANCE,OK,2.042,4.036,,0,nearest_robot=robot2
655.000,original,-,robot2,MIN_DISTANCE,OK,2.042,4.036,,0,nearest_robot=robot1
655.000,original,-,robot3,MIN_DISTANCE,OK,6.030,4.036,,0,nearest_robot=robot4
655.000,original,-,robot4,MIN_DISTANCE,OK,6.030,4.036,,0,nearest_robot=robot3
655.000,original,-,fleet,MIN_DISTANCE_AVG,OK,4.036,,,0,robots_sampled=4
656.000,original,-,robot1,MIN_DISTANCE,OK,2.809,4.608,,0,nearest_robot=robot2
656.000,original,-,robot2,MIN_DISTANCE,OK,2.809,4.608,,0,nearest_robot=robot1
656.000,original,-,robot3,MIN_DISTANCE,OK,6.406,4.608,,0,nearest_robot=robot4
656.000,original,-,robot4,MIN_DISTANCE,OK,6.406,4.608,,0,nearest_robot=robot3
656.000,original,-,fleet,MIN_DISTANCE_AVG,OK,4.608,,,0,robots_sampled=4
657.000,original,-,robot1,MIN_DISTANCE,OK,3.597,5.209,,0,nearest_robot=robot2
657.000,original,-,robot2,MIN_DISTANCE,OK,3.597,5.209,,0,nearest_robot=robot1
657.000,original,-,robot3,MIN_DISTANCE,OK,6.822,5.209,,0,nearest_robot=robot4
657.000,original,-,robot4,MIN_DISTANCE,OK,6.822,5.209,,0,nearest_robot=robot3
657.000,original,-,fleet,MIN_DISTANCE_AVG,OK,5.209,,,0,robots_sampled=4
658.000,original,-,robot1,MIN_DISTANCE,OK,4.472,5.844,,0,nearest_robot=robot2
658.000,original,-,robot2,MIN_DISTANCE,OK,4.472,5.844,,0,nearest_robot=robot1
658.000,original,-,robot3,MIN_DISTANCE,OK,7.217,5.844,,0,nearest_robot=robot4
658.000,original,-,robot4,MIN_DISTANCE,OK,7.217,5.844,,0,nearest_robot=robot3
658.000,original,-,fleet,MIN_DISTANCE_AVG,OK,5.844,,,0,robots_sampled=4
659.000,original,-,robot1,MIN_DISTANCE,OK,5.289,6.479,,0,nearest_robot=robot2
659.000,original,-,robot2,MIN_DISTANCE,OK,5.289,6.479,,0,nearest_robot=robot1
659.000,original,-,robot3,MIN_DISTANCE,OK,7.668,6.479,,0,nearest_robot=robot4
659.000,original,-,robot4,MIN_DISTANCE,OK,7.668,6.479,,0,nearest_robot=robot3
659.000,original,-,fleet,MIN_DISTANCE_AVG,OK,6.479,,,0,robots_sampled=4
660.000,original,-,robot1,MIN_DISTANCE,OK,6.132,7.135,,0,nearest_robot=robot2
660.000,original,-,robot2,MIN_DISTANCE,OK,6.132,7.135,,0,nearest_robot=robot1
660.000,original,-,robot3,MIN_DISTANCE,OK,8.138,7.135,,0,nearest_robot=robot4
660.000,original,-,robot4,MIN_DISTANCE,OK,8.138,7.135,,0,nearest_robot=robot3
660.000,original,-,fleet,MIN_DISTANCE_AVG,OK,7.135,,,0,robots_sampled=4
661.000,original,-,robot1,MIN_DISTANCE,OK,6.909,7.720,,0,nearest_robot=robot2
661.000,original,-,robot2,MIN_DISTANCE,OK,6.909,7.720,,0,nearest_robot=robot1
661.000,original,-,robot3,MIN_DISTANCE,OK,8.531,7.720,,0,nearest_robot=robot4
661.000,original,-,robot4,MIN_DISTANCE,OK,8.531,7.720,,0,nearest_robot=robot3
661.000,original,-,fleet,MIN_DISTANCE_AVG,OK,7.720,,,0,robots_sampled=4
662.000,original,-,fleet,REPLAN_FULL,OK,,,robot1|robot2|robot3|robot4,0,original_full_optimization
662.000,original,-,robot1,MIN_DISTANCE,OK,7.692,8.294,,0,nearest_robot=robot2
662.000,original,-,robot2,MIN_DISTANCE,OK,7.692,8.294,,0,nearest_robot=robot1
662.000,original,-,robot3,MIN_DISTANCE,OK,8.895,8.294,,0,nearest_robot=robot4
662.000,original,-,robot4,MIN_DISTANCE,OK,8.895,8.294,,0,nearest_robot=robot3
662.000,original,-,fleet,MIN_DISTANCE_AVG,OK,8.294,,,0,robots_sampled=4
663.000,original,-,robot1,MIN_DISTANCE,OK,8.345,8.768,,0,nearest_robot=robot2
663.000,original,-,robot2,MIN_DISTANCE,OK,8.345,8.768,,0,nearest_robot=robot1
663.000,original,-,robot3,MIN_DISTANCE,OK,9.191,8.768,,0,nearest_robot=robot4
663.000,original,-,robot4,MIN_DISTANCE,OK,9.191,8.768,,0,nearest_robot=robot3
663.000,original,-,fleet,MIN_DISTANCE_AVG,OK,8.768,,,0,robots_sampled=4
664.000,original,-,robot1,MIN_DISTANCE,OK,8.814,9.132,,0,nearest_robot=robot2
664.000,original,-,robot2,MIN_DISTANCE,OK,8.814,9.132,,0,nearest_robot=robot1
664.000,original,-,robot3,MIN_DISTANCE,OK,9.450,9.132,,0,nearest_robot=robot4
664.000,original,-,robot4,MIN_DISTANCE,OK,9.450,9.132,,0,nearest_robot=robot3
664.000,original,-,fleet,MIN_DISTANCE_AVG,OK,9.132,,,0,robots_sampled=4
665.000,original,-,robot1,MIN_DISTANCE,OK,9.174,9.420,,0,nearest_robot=robot2
665.000,original,-,robot2,MIN_DISTANCE,OK,9.174,9.420,,0,nearest_robot=robot1
665.000,original,-,robot3,MIN_DISTANCE,OK,9.666,9.420,,0,nearest_robot=robot4
665.000,original,-,robot4,MIN_DISTANCE,OK,9.666,9.420,,0,nearest_robot=robot3
665.000,original,-,fleet,MIN_DISTANCE_AVG,OK,9.420,,,0,robots_sampled=4
666.000,original,-,robot1,MIN_DISTANCE,OK,9.545,9.691,,0,nearest_robot=robot2
666.000,original,-,robot2,MIN_DISTANCE,OK,9.545,9.691,,0,nearest_robot=robot1
666.000,original,-,robot3,MIN_DISTANCE,OK,9.836,9.691,,0,nearest_robot=robot4
666.000,original,-,robot4,MIN_DISTANCE,OK,9.836,9.691,,0,nearest_robot=robot3
666.000,original,-,fleet,MIN_DISTANCE_AVG,OK,9.691,,,0,robots_sampled=4
667.000,original,-,robot1,MIN_DISTANCE,OK,9.806,9.864,,0,nearest_robot=robot4
667.000,original,-,robot2,MIN_DISTANCE,OK,9.835,9.864,,0,nearest_robot=robot1
667.000,original,-,robot3,MIN_DISTANCE,OK,10.008,9.864,,0,nearest_robot=robot4
667.000,original,-,robot4,MIN_DISTANCE,OK,9.806,9.864,,0,nearest_robot=robot1
667.000,original,-,fleet,MIN_DISTANCE_AVG,OK,9.864,,,0,robots_sampled=4
668.000,original,-,robot1,MIN_DISTANCE,OK,9.389,9.795,,0,nearest_robot=robot4
668.000,original,-,robot2,MIN_DISTANCE,OK,10.244,9.795,,0,nearest_robot=robot1
668.000,original,-,robot3,MIN_DISTANCE,OK,10.159,9.795,,0,nearest_robot=robot4
668.000,original,-,robot4,MIN_DISTANCE,OK,9.389,9.795,,0,nearest_robot=robot1
668.000,original,-,fleet,MIN_DISTANCE_AVG,OK,9.795,,,0,robots_sampled=4
669.000,original,-,robot1,MIN_DISTANCE,OK,8.984,9.720,,0,nearest_robot=robot4
669.000,original,-,robot2,MIN_DISTANCE,OK,10.620,9.720,,0,nearest_robot=robot1
669.000,original,-,robot3,MIN_DISTANCE,OK,10.291,9.720,,0,nearest_robot=robot4
669.000,original,-,robot4,MIN_DISTANCE,OK,8.984,9.720,,0,nearest_robot=robot1
669.000,original,-,fleet,MIN_DISTANCE_AVG,OK,9.720,,,0,robots_sampled=4
670.000,original,-,robot1,MIN_DISTANCE,OK,8.565,9.607,,0,nearest_robot=robot4
670.000,original,-,robot2,MIN_DISTANCE,OK,11.020,9.607,,0,nearest_robot=robot1
670.000,original,-,robot3,MIN_DISTANCE,OK,10.278,9.607,,0,nearest_robot=robot4
670.000,original,-,robot4,MIN_DISTANCE,OK,8.565,9.607,,0,nearest_robot=robot1
670.000,original,-,fleet,MIN_DISTANCE_AVG,OK,9.607,,,0,robots_sampled=4
671.000,original,-,fleet,REPLAN_FULL,OK,,,robot1|robot2|robot3|robot4,0,original_full_optimization
671.000,original,-,robot1,MIN_DISTANCE,OK,8.159,9.496,,0,nearest_robot=robot4
671.000,original,-,robot2,MIN_DISTANCE,OK,11.415,9.496,,0,nearest_robot=robot1
671.000,original,-,robot3,MIN_DISTANCE,OK,10.253,9.496,,0,nearest_robot=robot4
671.000,original,-,robot4,MIN_DISTANCE,OK,8.159,9.496,,0,nearest_robot=robot1
671.000,original,-,fleet,MIN_DISTANCE_AVG,OK,9.496,,,0,robots_sampled=4
672.000,original,-,robot1,MIN_DISTANCE,OK,7.725,9.385,,0,nearest_robot=robot4
672.000,original,-,robot2,MIN_DISTANCE,OK,11.833,9.385,,0,nearest_robot=robot1
672.000,original,-,robot3,MIN_DISTANCE,OK,10.256,9.385,,0,nearest_robot=robot4
672.000,original,-,robot4,MIN_DISTANCE,OK,7.725,9.385,,0,nearest_robot=robot1
672.000,original,-,fleet,MIN_DISTANCE_AVG,OK,9.385,,,0,robots_sampled=4
673.000,original,-,robot1,MIN_DISTANCE,OK,7.321,9.278,,0,nearest_robot=robot4
673.000,original,-,robot2,MIN_DISTANCE,OK,12.219,9.278,,0,nearest_robot=robot1
673.000,original,-,robot3,MIN_DISTANCE,OK,10.253,9.278,,0,nearest_robot=robot4
673.000,original,-,robot4,MIN_DISTANCE,OK,7.321,9.278,,0,nearest_robot=robot1
673.000,original,-,fleet,MIN_DISTANCE_AVG,OK,9.278,,,0,robots_sampled=4
674.000,original,-,robot1,MIN_DISTANCE,OK,6.927,9.175,,0,nearest_robot=robot4
674.000,original,-,robot2,MIN_DISTANCE,OK,12.594,9.175,,0,nearest_robot=robot1
674.000,original,-,robot3,MIN_DISTANCE,OK,10.253,9.175,,0,nearest_robot=robot4
674.000,original,-,robot4,MIN_DISTANCE,OK,6.927,9.175,,0,nearest_robot=robot1
674.000,original,-,fleet,MIN_DISTANCE_AVG,OK,9.175,,,0,robots_sampled=4
675.000,original,-,robot1,MIN_DISTANCE,OK,6.516,9.067,,0,nearest_robot=robot4
675.000,original,-,robot2,MIN_DISTANCE,OK,12.984,9.067,,0,nearest_robot=robot1
675.000,original,-,robot3,MIN_DISTANCE,OK,10.253,9.067,,0,nearest_robot=robot4
675.000,original,-,robot4,MIN_DISTANCE,OK,6.516,9.067,,0,nearest_robot=robot1
675.000,original,-,fleet,MIN_DISTANCE_AVG,OK,9.067,,,0,robots_sampled=4
676.000,original,-,robot1,MIN_DISTANCE,OK,6.084,8.955,,0,nearest_robot=robot4
676.000,original,-,robot2,MIN_DISTANCE,OK,13.400,8.955,,0,nearest_robot=robot1
676.000,original,-,robot3,MIN_DISTANCE,OK,10.253,8.955,,0,nearest_robot=robot4
676.000,original,-,robot4,MIN_DISTANCE,OK,6.084,8.955,,0,nearest_robot=robot1
676.000,original,-,fleet,MIN_DISTANCE_AVG,OK,8.955,,,0,robots_sampled=4
677.000,original,-,robot1,MIN_DISTANCE,OK,5.677,8.850,,0,nearest_robot=robot4
677.000,original,-,robot2,MIN_DISTANCE,OK,13.795,8.850,,0,nearest_robot=robot1
677.000,original,-,robot3,MIN_DISTANCE,OK,10.253,8.850,,0,nearest_robot=robot4
677.000,original,-,robot4,MIN_DISTANCE,OK,5.677,8.850,,0,nearest_robot=robot1
677.000,original,-,fleet,MIN_DISTANCE_AVG,OK,8.850,,,0,robots_sampled=4
678.000,original,-,robot1,MIN_DISTANCE,OK,5.262,8.742,,0,nearest_robot=robot4
678.000,original,-,robot2,MIN_DISTANCE,OK,14.190,8.742,,0,nearest_robot=robot1
678.000,original,-,robot3,MIN_DISTANCE,OK,10.253,8.742,,0,nearest_robot=robot4
678.000,original,-,robot4,MIN_DISTANCE,OK,5.262,8.742,,0,nearest_robot=robot1
678.000,original,-,fleet,MIN_DISTANCE_AVG,OK,8.742,,,0,robots_sampled=4
679.000,original,-,robot1,MIN_DISTANCE,OK,4.845,8.631,,0,nearest_robot=robot4
679.000,original,-,robot2,MIN_DISTANCE,OK,14.586,8.631,,0,nearest_robot=robot1
679.000,original,-,robot3,MIN_DISTANCE,OK,10.248,8.631,,0,nearest_robot=robot4
679.000,original,-,robot4,MIN_DISTANCE,OK,4.845,8.631,,0,nearest_robot=robot1
679.000,original,-,fleet,MIN_DISTANCE_AVG,OK,8.631,,,0,robots_sampled=4
680.000,original,-,robot1,MIN_DISTANCE,OK,4.425,8.500,,0,nearest_robot=robot4
680.000,original,-,robot2,MIN_DISTANCE,OK,14.981,8.500,,0,nearest_robot=robot1
680.000,original,-,robot3,MIN_DISTANCE,OK,10.172,8.500,,0,nearest_robot=robot4
680.000,original,-,robot4,MIN_DISTANCE,OK,4.425,8.500,,0,nearest_robot=robot1
680.000,original,-,fleet,MIN_DISTANCE_AVG,OK,8.500,,,0,robots_sampled=4
681.000,original,-,robot1,MIN_DISTANCE,OK,4.087,8.436,,0,nearest_robot=robot4
681.000,original,-,robot2,MIN_DISTANCE,OK,15.556,8.436,,0,nearest_robot=robot1
681.000,original,-,robot3,MIN_DISTANCE,OK,10.014,8.436,,0,nearest_robot=robot4
681.000,original,-,robot4,MIN_DISTANCE,OK,4.087,8.436,,0,nearest_robot=robot1
681.000,original,-,fleet,MIN_DISTANCE_AVG,OK,8.436,,,0,robots_sampled=4
682.000,original,-,robot1,MIN_DISTANCE,OK,4.031,8.585,,0,nearest_robot=robot4
682.000,original,-,robot2,MIN_DISTANCE,OK,16.373,8.585,,0,nearest_robot=robot1
682.000,original,-,robot3,MIN_DISTANCE,OK,9.906,8.585,,0,nearest_robot=robot4
682.000,original,-,robot4,MIN_DISTANCE,OK,4.031,8.585,,0,nearest_robot=robot1
682.000,original,-,fleet,MIN_DISTANCE_AVG,OK,8.585,,,0,robots_sampled=4
683.000,original,-,robot1,MIN_DISTANCE,OK,4.109,8.825,,0,nearest_robot=robot4
683.000,original,-,robot2,MIN_DISTANCE,OK,17.154,8.825,,0,nearest_robot=robot1
683.000,original,-,robot3,MIN_DISTANCE,OK,9.928,8.825,,0,nearest_robot=robot4
683.000,original,-,robot4,MIN_DISTANCE,OK,4.109,8.825,,0,nearest_robot=robot1
683.000,original,-,fleet,MIN_DISTANCE_AVG,OK,8.825,,,0,robots_sampled=4
684.000,original,-,robot1,MIN_DISTANCE,OK,3.987,8.995,,0,nearest_robot=robot4
684.000,original,-,robot2,MIN_DISTANCE,OK,17.981,8.995,,0,nearest_robot=robot1
684.000,original,-,robot3,MIN_DISTANCE,OK,10.025,8.995,,0,nearest_robot=robot4
684.000,original,-,robot4,MIN_DISTANCE,OK,3.987,8.995,,0,nearest_robot=robot1
684.000,original,-,fleet,MIN_DISTANCE_AVG,OK,8.995,,,0,robots_sampled=4
685.000,original,-,robot1,MIN_DISTANCE,OK,3.981,9.184,,0,nearest_robot=robot4
685.000,original,-,robot2,MIN_DISTANCE,OK,18.799,9.184,,0,nearest_robot=robot1
685.000,original,-,robot3,MIN_DISTANCE,OK,9.974,9.184,,0,nearest_robot=robot1
685.000,original,-,robot4,MIN_DISTANCE,OK,3.981,9.184,,0,nearest_robot=robot1
685.000,original,-,fleet,MIN_DISTANCE_AVG,OK,9.184,,,0,robots_sampled=4
686.000,original,-,robot1,MIN_DISTANCE,OK,4.018,9.391,,0,nearest_robot=robot4
686.000,original,-,robot2,MIN_DISTANCE,OK,19.590,9.391,,0,nearest_robot=robot1
686.000,original,-,robot3,MIN_DISTANCE,OK,9.938,9.391,,0,nearest_robot=robot1
686.000,original,-,robot4,MIN_DISTANCE,OK,4.018,9.391,,0,nearest_robot=robot1
686.000,original,-,fleet,MIN_DISTANCE_AVG,OK,9.391,,,0,robots_sampled=4
687.000,original,-,robot1,MIN_DISTANCE,OK,4.066,9.608,,0,nearest_robot=robot4
687.000,original,-,robot2,MIN_DISTANCE,OK,20.327,9.608,,0,nearest_robot=robot1
687.000,original,-,robot3,MIN_DISTANCE,OK,9.971,9.608,,0,nearest_robot=robot1
687.000,original,-,robot4,MIN_DISTANCE,OK,4.066,9.608,,0,nearest_robot=robot1
687.000,original,-,fleet,MIN_DISTANCE_AVG,OK,9.608,,,0,robots_sampled=4
688.000,original,-,robot1,MIN_DISTANCE,OK,4.279,9.653,,0,nearest_robot=robot4
688.000,original,-,robot2,MIN_DISTANCE,OK,19.994,9.653,,0,nearest_robot=robot3
688.000,original,-,robot3,MIN_DISTANCE,OK,10.059,9.653,,0,nearest_robot=robot1
688.000,original,-,robot4,MIN_DISTANCE,OK,4.279,9.653,,0,nearest_robot=robot1
688.000,original,-,fleet,MIN_DISTANCE_AVG,OK,9.653,,,0,robots_sampled=4
689.000,original,-,robot1,MIN_DISTANCE,OK,4.630,9.762,,0,nearest_robot=robot4
689.000,original,-,robot2,MIN_DISTANCE,OK,19.610,9.762,,0,nearest_robot=robot3
689.000,original,-,robot3,MIN_DISTANCE,OK,10.175,9.762,,0,nearest_robot=robot1
689.000,original,-,robot4,MIN_DISTANCE,OK,4.630,9.762,,0,nearest_robot=robot1
689.000,original,-,fleet,MIN_DISTANCE_AVG,OK,9.762,,,0,robots_sampled=4
690.000,original,-,fleet,REPLAN_FULL,OK,,,robot1|robot2|robot3|robot4,0,original_full_optimization
690.000,original,-,robot1,MIN_DISTANCE,OK,5.015,9.863,,0,nearest_robot=robot4
690.000,original,-,robot2,MIN_DISTANCE,OK,19.134,9.863,,0,nearest_robot=robot3
690.000,original,-,robot3,MIN_DISTANCE,OK,10.286,9.863,,0,nearest_robot=robot1
690.000,original,-,robot4,MIN_DISTANCE,OK,5.015,9.863,,0,nearest_robot=robot1
690.000,original,-,fleet,MIN_DISTANCE_AVG,OK,9.863,,,0,robots_sampled=4
691.000,original,-,robot1,MIN_DISTANCE,OK,5.398,9.966,,0,nearest_robot=robot4
691.000,original,-,robot2,MIN_DISTANCE,OK,18.696,9.966,,0,nearest_robot=robot3
691.000,original,-,robot3,MIN_DISTANCE,OK,10.373,9.966,,0,nearest_robot=robot1
691.000,original,-,robot4,MIN_DISTANCE,OK,5.398,9.966,,0,nearest_robot=robot1
691.000,original,-,fleet,MIN_DISTANCE_AVG,OK,9.966,,,0,robots_sampled=4
692.000,original,-,robot1,MIN_DISTANCE,OK,5.723,10.035,,0,nearest_robot=robot4
692.000,original,-,robot2,MIN_DISTANCE,OK,18.232,10.035,,0,nearest_robot=robot3
692.000,original,-,robot3,MIN_DISTANCE,OK,10.460,10.035,,0,nearest_robot=robot1
692.000,original,-,robot4,MIN_DISTANCE,OK,5.723,10.035,,0,nearest_robot=robot1
692.000,original,-,fleet,MIN_DISTANCE_AVG,OK,10.035,,,0,robots_sampled=4
693.000,original,-,robot1,MIN_DISTANCE,OK,5.981,10.075,,0,nearest_robot=robot4
693.000,original,-,robot2,MIN_DISTANCE,OK,17.773,10.075,,0,nearest_robot=robot3
693.000,original,-,robot3,MIN_DISTANCE,OK,10.565,10.075,,0,nearest_robot=robot1
693.000,original,-,robot4,MIN_DISTANCE,OK,5.981,10.075,,0,nearest_robot=robot1
693.000,original,-,fleet,MIN_DISTANCE_AVG,OK,10.075,,,0,robots_sampled=4
694.000,original,-,robot1,MIN_DISTANCE,OK,6.211,10.133,,0,nearest_robot=robot4
694.000,original,-,robot2,MIN_DISTANCE,OK,17.487,10.133,,0,nearest_robot=robot3
694.000,original,-,robot3,MIN_DISTANCE,OK,10.625,10.133,,0,nearest_robot=robot1
694.000,original,-,robot4,MIN_DISTANCE,OK,6.211,10.133,,0,nearest_robot=robot1
694.000,original,-,fleet,MIN_DISTANCE_AVG,OK,10.133,,,0,robots_sampled=4
695.000,original,-,robot1,MIN_DISTANCE,OK,6.447,10.170,,0,nearest_robot=robot4
695.000,original,-,robot2,MIN_DISTANCE,OK,17.093,10.170,,0,nearest_robot=robot3
695.000,original,-,robot3,MIN_DISTANCE,OK,10.693,10.170,,0,nearest_robot=robot1
695.000,original,-,robot4,MIN_DISTANCE,OK,6.447,10.170,,0,nearest_robot=robot1
695.000,original,-,fleet,MIN_DISTANCE_AVG,OK,10.170,,,0,robots_sampled=4
696.000,original,-,robot1,MIN_DISTANCE,OK,6.681,10.260,,0,nearest_robot=robot4
696.000,original,-,robot2,MIN_DISTANCE,OK,16.874,10.260,,0,nearest_robot=robot3
696.000,original,-,robot3,MIN_DISTANCE,OK,10.805,10.260,,0,nearest_robot=robot1
696.000,original,-,robot4,MIN_DISTANCE,OK,6.681,10.260,,0,nearest_robot=robot1
696.000,original,-,fleet,MIN_DISTANCE_AVG,OK,10.260,,,0,robots_sampled=4
697.000,original,-,robot1,MIN_DISTANCE,OK,6.951,10.231,,0,nearest_robot=robot4
697.000,original,-,robot2,MIN_DISTANCE,OK,16.109,10.231,,0,nearest_robot=robot3
697.000,original,-,robot3,MIN_DISTANCE,OK,10.911,10.231,,0,nearest_robot=robot1
697.000,original,-,robot4,MIN_DISTANCE,OK,6.951,10.231,,0,nearest_robot=robot1
697.000,original,-,fleet,MIN_DISTANCE_AVG,OK,10.231,,,0,robots_sampled=4
698.000,original,-,robot1,MIN_DISTANCE,OK,7.212,10.251,,0,nearest_robot=robot4
698.000,original,-,robot2,MIN_DISTANCE,OK,15.538,10.251,,0,nearest_robot=robot3
698.000,original,-,robot3,MIN_DISTANCE,OK,11.040,10.251,,0,nearest_robot=robot1
698.000,original,-,robot4,MIN_DISTANCE,OK,7.212,10.251,,0,nearest_robot=robot1
698.000,original,-,fleet,MIN_DISTANCE_AVG,OK,10.251,,,0,robots_sampled=4
699.000,original,-,robot1,MIN_DISTANCE,OK,7.460,10.294,,0,nearest_robot=robot4
699.000,original,-,robot2,MIN_DISTANCE,OK,15.076,10.294,,0,nearest_robot=robot3
699.000,original,-,robot3,MIN_DISTANCE,OK,11.179,10.294,,0,nearest_robot=robot1
699.000,original,-,robot4,MIN_DISTANCE,OK,7.460,10.294,,0,nearest_robot=robot1
699.000,original,-,fleet,MIN_DISTANCE_AVG,OK,10.294,,,0,robots_sampled=4
700.000,original,-,robot1,MIN_DISTANCE,OK,7.783,10.398,,0,nearest_robot=robot4
700.000,original,-,robot2,MIN_DISTANCE,OK,14.597,10.398,,0,nearest_robot=robot3
700.000,original,-,robot3,MIN_DISTANCE,OK,11.430,10.398,,0,nearest_robot=robot1
700.000,original,-,robot4,MIN_DISTANCE,OK,7.783,10.398,,0,nearest_robot=robot1
700.000,original,-,fleet,MIN_DISTANCE_AVG,OK,10.398,,,0,robots_sampled=4
701.000,original,-,robot1,MIN_DISTANCE,OK,8.282,10.581,,0,nearest_robot=robot4
701.000,original,-,robot2,MIN_DISTANCE,OK,14.246,10.581,,0,nearest_robot=robot3
701.000,original,-,robot3,MIN_DISTANCE,OK,11.515,10.581,,0,nearest_robot=robot1
701.000,original,-,robot4,MIN_DISTANCE,OK,8.282,10.581,,0,nearest_robot=robot1
701.000,original,-,fleet,MIN_DISTANCE_AVG,OK,10.581,,,0,robots_sampled=4
702.000,original,-,robot1,MIN_DISTANCE,OK,8.766,10.737,,0,nearest_robot=robot4
702.000,original,-,robot2,MIN_DISTANCE,OK,13.997,10.737,,0,nearest_robot=robot3
702.000,original,-,robot3,MIN_DISTANCE,OK,11.418,10.737,,0,nearest_robot=robot1
702.000,original,-,robot4,MIN_DISTANCE,OK,8.766,10.737,,0,nearest_robot=robot1
702.000,original,-,fleet,MIN_DISTANCE_AVG,OK,10.737,,,0,robots_sampled=4
703.000,original,-,robot1,MIN_DISTANCE,OK,9.195,10.917,,0,nearest_robot=robot4
703.000,original,-,robot2,MIN_DISTANCE,OK,13.958,10.917,,0,nearest_robot=robot3
703.000,original,-,robot3,MIN_DISTANCE,OK,11.320,10.917,,0,nearest_robot=robot1
703.000,original,-,robot4,MIN_DISTANCE,OK,9.195,10.917,,0,nearest_robot=robot1
703.000,original,-,fleet,MIN_DISTANCE_AVG,OK,10.917,,,0,robots_sampled=4
704.000,original,-,robot1,MIN_DISTANCE,OK,9.613,11.113,,0,nearest_robot=robot4
704.000,original,-,robot2,MIN_DISTANCE,OK,14.003,11.113,,0,nearest_robot=robot3
704.000,original,-,robot3,MIN_DISTANCE,OK,11.221,11.113,,0,nearest_robot=robot1
704.000,original,-,robot4,MIN_DISTANCE,OK,9.613,11.113,,0,nearest_robot=robot1
704.000,original,-,fleet,MIN_DISTANCE_AVG,OK,11.113,,,0,robots_sampled=4
705.000,original,-,robot1,MIN_DISTANCE,OK,10.097,11.336,,0,nearest_robot=robot4
705.000,original,-,robot2,MIN_DISTANCE,OK,13.948,11.336,,0,nearest_robot=robot3
705.000,original,-,robot3,MIN_DISTANCE,OK,11.201,11.336,,0,nearest_robot=robot1
705.000,original,-,robot4,MIN_DISTANCE,OK,10.097,11.336,,0,nearest_robot=robot1
705.000,original,-,fleet,MIN_DISTANCE_AVG,OK,11.336,,,0,robots_sampled=4
706.000,original,-,robot1,MIN_DISTANCE,OK,10.622,11.568,,0,nearest_robot=robot4
706.000,original,-,robot2,MIN_DISTANCE,OK,13.891,11.568,,0,nearest_robot=robot3
706.000,original,-,robot3,MIN_DISTANCE,OK,11.135,11.568,,0,nearest_robot=robot1
706.000,original,-,robot4,MIN_DISTANCE,OK,10.622,11.568,,0,nearest_robot=robot1
706.000,original,-,fleet,MIN_DISTANCE_AVG,OK,11.568,,,0,robots_sampled=4
707.000,original,-,robot1,MIN_DISTANCE,OK,11.055,11.788,,0,nearest_robot=robot3
707.000,original,-,robot2,MIN_DISTANCE,OK,13.879,11.788,,0,nearest_robot=robot3
707.000,original,-,robot3,MIN_DISTANCE,OK,11.055,11.788,,0,nearest_robot=robot1
707.000,original,-,robot4,MIN_DISTANCE,OK,11.163,11.788,,0,nearest_robot=robot1
707.000,original,-,fleet,MIN_DISTANCE_AVG,OK,11.788,,,0,robots_sampled=4
708.000,original,-,robot1,MIN_DISTANCE,OK,10.931,11.876,,0,nearest_robot=robot3
708.000,original,-,robot2,MIN_DISTANCE,OK,13.952,11.876,,0,nearest_robot=robot3
708.000,original,-,robot3,MIN_DISTANCE,OK,10.931,11.876,,0,nearest_robot=robot1
708.000,original,-,robot4,MIN_DISTANCE,OK,11.691,11.876,,0,nearest_robot=robot1
708.000,original,-,fleet,MIN_DISTANCE_AVG,OK,11.876,,,0,robots_sampled=4
709.000,original,-,robot1,MIN_DISTANCE,OK,10.833,12.005,,0,nearest_robot=robot3
709.000,original,-,robot2,MIN_DISTANCE,OK,14.024,12.005,,0,nearest_robot=robot3
709.000,original,-,robot3,MIN_DISTANCE,OK,10.833,12.005,,0,nearest_robot=robot1
709.000,original,-,robot4,MIN_DISTANCE,OK,12.329,12.005,,0,nearest_robot=robot1
709.000,original,-,fleet,MIN_DISTANCE_AVG,OK,12.005,,,0,robots_sampled=4
710.000,original,-,robot1,MIN_DISTANCE,OK,10.765,12.134,,0,nearest_robot=robot3
710.000,original,-,robot2,MIN_DISTANCE,OK,14.074,12.134,,0,nearest_robot=robot3
710.000,original,-,robot3,MIN_DISTANCE,OK,10.765,12.134,,0,nearest_robot=robot1
710.000,original,-,robot4,MIN_DISTANCE,OK,12.932,12.134,,0,nearest_robot=robot1
710.000,original,-,fleet,MIN_DISTANCE_AVG,OK,12.134,,,0,robots_sampled=4
711.000,original,-,robot1,MIN_DISTANCE,OK,10.700,12.282,,0,nearest_robot=robot3
711.000,original,-,robot2,MIN_DISTANCE,OK,14.047,12.282,,0,nearest_robot=robot3
711.000,original,-,robot3,MIN_DISTANCE,OK,10.700,12.282,,0,nearest_robot=robot1
711.000,original,-,robot4,MIN_DISTANCE,OK,13.683,12.282,,0,nearest_robot=robot1
711.000,original,-,fleet,MIN_DISTANCE_AVG,OK,12.282,,,0,robots_sampled=4
712.000,original,-,robot1,MIN_DISTANCE,OK,10.712,12.372,,0,nearest_robot=robot3
712.000,original,-,robot2,MIN_DISTANCE,OK,13.775,12.372,,0,nearest_robot=robot3
712.000,original,-,robot3,MIN_DISTANCE,OK,10.712,12.372,,0,nearest_robot=robot1
712.000,original,-,robot4,MIN_DISTANCE,OK,14.289,12.372,,0,nearest_robot=robot1
712.000,original,-,fleet,MIN_DISTANCE_AVG,OK,12.372,,,0,robots_sampled=4
713.000,original,-,fleet,REPLAN_FULL,OK,,,robot1|robot2|robot3|robot4,0,original_full_optimization
713.000,original,-,robot1,MIN_DISTANCE,OK,10.786,12.417,,0,nearest_robot=robot3
713.000,original,-,robot2,MIN_DISTANCE,OK,13.372,12.417,,0,nearest_robot=robot3
713.000,original,-,robot3,MIN_DISTANCE,OK,10.786,12.417,,0,nearest_robot=robot1
713.000,original,-,robot4,MIN_DISTANCE,OK,14.724,12.417,,0,nearest_robot=robot1
713.000,original,-,fleet,MIN_DISTANCE_AVG,OK,12.417,,,0,robots_sampled=4
714.000,original,-,robot1,MIN_DISTANCE,OK,10.909,12.474,,0,nearest_robot=robot3
714.000,original,-,robot2,MIN_DISTANCE,OK,12.946,12.474,,0,nearest_robot=robot3
714.000,original,-,robot3,MIN_DISTANCE,OK,10.909,12.474,,0,nearest_robot=robot1
714.000,original,-,robot4,MIN_DISTANCE,OK,15.131,12.474,,0,nearest_robot=robot1
714.000,original,-,fleet,MIN_DISTANCE_AVG,OK,12.474,,,0,robots_sampled=4
715.000,original,-,robot1,MIN_DISTANCE,OK,11.030,12.502,,0,nearest_robot=robot3
715.000,original,-,robot2,MIN_DISTANCE,OK,12.457,12.502,,0,nearest_robot=robot3
715.000,original,-,robot3,MIN_DISTANCE,OK,11.030,12.502,,0,nearest_robot=robot1
715.000,original,-,robot4,MIN_DISTANCE,OK,15.493,12.502,,0,nearest_robot=robot1
715.000,original,-,fleet,MIN_DISTANCE_AVG,OK,12.502,,,0,robots_sampled=4
716.000,original,-,robot1,MIN_DISTANCE,OK,11.093,12.547,,0,nearest_robot=robot3
716.000,original,-,robot2,MIN_DISTANCE,OK,12.125,12.547,,0,nearest_robot=robot3
716.000,original,-,robot3,MIN_DISTANCE,OK,11.093,12.547,,0,nearest_robot=robot1
716.000,original,-,robot4,MIN_DISTANCE,OK,15.878,12.547,,0,nearest_robot=robot1
716.000,original,-,fleet,MIN_DISTANCE_AVG,OK,12.547,,,0,robots_sampled=4
717.000,original,-,robot1,MIN_DISTANCE,OK,11.132,12.556,,0,nearest_robot=robot3
717.000,original,-,robot2,MIN_DISTANCE,OK,11.717,12.556,,0,nearest_robot=robot3
717.000,original,-,robot3,MIN_DISTANCE,OK,11.132,12.556,,0,nearest_robot=robot1
717.000,original,-,robot4,MIN_DISTANCE,OK,16.243,12.556,,0,nearest_robot=robot1
717.000,original,-,fleet,MIN_DISTANCE_AVG,OK,12.556,,,0,robots_sampled=4
718.000,original,-,robot1,MIN_DISTANCE,OK,11.122,12.549,,0,nearest_robot=robot3
718.000,original,-,robot2,MIN_DISTANCE,OK,11.334,12.549,,0,nearest_robot=robot3
718.000,original,-,robot3,MIN_DISTANCE,OK,11.122,12.549,,0,nearest_robot=robot1
718.000,original,-,robot4,MIN_DISTANCE,OK,16.617,12.549,,0,nearest_robot=robot1
718.000,original,-,fleet,MIN_DISTANCE_AVG,OK,12.549,,,0,robots_sampled=4
719.000,original,-,robot1,MIN_DISTANCE,OK,11.084,12.485,,0,nearest_robot=robot3
719.000,original,-,robot2,MIN_DISTANCE,OK,10.955,12.485,,0,nearest_robot=robot3
719.000,original,-,robot3,MIN_DISTANCE,OK,10.955,12.485,,0,nearest_robot=robot2
719.000,original,-,robot4,MIN_DISTANCE,OK,16.948,12.485,,0,nearest_robot=robot1
719.000,original,-,fleet,MIN_DISTANCE_AVG,OK,12.485,,,0,robots_sampled=4
720.000,original,-,robot1,MIN_DISTANCE,OK,11.041,12.370,,0,nearest_robot=robot3
720.000,original,-,robot2,MIN_DISTANCE,OK,10.587,12.370,,0,nearest_robot=robot3
720.000,original,-,robot3,MIN_DISTANCE,OK,10.587,12.370,,0,nearest_robot=robot2
720.000,original,-,robot4,MIN_DISTANCE,OK,17.267,12.370,,0,nearest_robot=robot1
720.000,original,-,fleet,MIN_DISTANCE_AVG,OK,12.370,,,0,robots_sampled=4
721.000,original,-,robot1,MIN_DISTANCE,OK,11.043,12.262,,0,nearest_robot=robot3
721.000,original,-,robot2,MIN_DISTANCE,OK,10.198,12.262,,0,nearest_robot=robot3
721.000,original,-,robot3,MIN_DISTANCE,OK,10.198,12.262,,0,nearest_robot=robot2
721.000,original,-,robot4,MIN_DISTANCE,OK,17.608,12.262,,0,nearest_robot=robot1
721.000,original,-,fleet,MIN_DISTANCE_AVG,OK,12.262,,,0,robots_sampled=4
722.000,original,-,robot1,MIN_DISTANCE,OK,11.057,12.134,,0,nearest_robot=robot3
722.000,original,-,robot2,MIN_DISTANCE,OK,9.802,12.134,,0,nearest_robot=robot3
722.000,original,-,robot3,MIN_DISTANCE,OK,9.802,12.134,,0,nearest_robot=robot2
722.000,original,-,robot4,MIN_DISTANCE,OK,17.874,12.134,,0,nearest_robot=robot1
722.000,original,-,fleet,MIN_DISTANCE_AVG,OK,12.134,,,0,robots_sampled=4
723.000,original,-,robot1,MIN_DISTANCE,OK,10.996,11.962,,0,nearest_robot=robot3
723.000,original,-,robot2,MIN_DISTANCE,OK,9.462,11.962,,0,nearest_robot=robot3
723.000,original,-,robot3,MIN_DISTANCE,OK,9.462,11.962,,0,nearest_robot=robot2
723.000,original,-,robot4,MIN_DISTANCE,OK,17.928,11.962,,0,nearest_robot=robot1
723.000,original,-,fleet,MIN_DISTANCE_AVG,OK,11.962,,,0,robots_sampled=4
724.000,original,-,robot1,MIN_DISTANCE,OK,10.995,11.760,,0,nearest_robot=robot3
724.000,original,-,robot2,MIN_DISTANCE,OK,9.091,11.760,,0,nearest_robot=robot3
724.000,original,-,robot3,MIN_DISTANCE,OK,9.091,11.760,,0,nearest_robot=robot2
724.000,original,-,robot4,MIN_DISTANCE,OK,17.864,11.760,,0,nearest_robot=robot1
724.000,original,-,fleet,MIN_DISTANCE_AVG,OK,11.760,,,0,robots_sampled=4
725.000,original,-,robot1,MIN_DISTANCE,OK,10.965,11.587,,0,nearest_robot=robot3
725.000,original,-,robot2,MIN_DISTANCE,OK,8.753,11.587,,0,nearest_robot=robot3
725.000,original,-,robot3,MIN_DISTANCE,OK,8.753,11.587,,0,nearest_robot=robot2
725.000,original,-,robot4,MIN_DISTANCE,OK,17.876,11.587,,0,nearest_robot=robot1
725.000,original,-,fleet,MIN_DISTANCE_AVG,OK,11.587,,,0,robots_sampled=4
726.000,original,-,robot1,MIN_DISTANCE,OK,10.946,11.432,,0,nearest_robot=robot3
726.000,original,-,robot2,MIN_DISTANCE,OK,8.412,11.432,,0,nearest_robot=robot3
726.000,original,-,robot3,MIN_DISTANCE,OK,8.412,11.432,,0,nearest_robot=robot2
726.000,original,-,robot4,MIN_DISTANCE,OK,17.958,11.432,,0,nearest_robot=robot1
726.000,original,-,fleet,MIN_DISTANCE_AVG,OK,11.432,,,0,robots_sampled=4
727.000,original,-,robot1,MIN_DISTANCE,OK,11.027,11.266,,0,nearest_robot=robot3
727.000,original,-,robot2,MIN_DISTANCE,OK,7.991,11.266,,0,nearest_robot=robot3
727.000,original,-,robot3,MIN_DISTANCE,OK,7.991,11.266,,0,nearest_robot=robot2
727.000,original,-,robot4,MIN_DISTANCE,OK,18.055,11.266,,0,nearest_robot=robot1
727.000,original,-,fleet,MIN_DISTANCE_AVG,OK,11.266,,,0,robots_sampled=4
728.000,original,-,robot1,MIN_DISTANCE,OK,11.152,11.121,,0,nearest_robot=robot3
728.000,original,-,robot2,MIN_DISTANCE,OK,7.564,11.121,,0,nearest_robot=robot3
728.000,original,-,robot3,MIN_DISTANCE,OK,7.564,11.121,,0,nearest_robot=robot2
728.000,original,-,robot4,MIN_DISTANCE,OK,18.204,11.121,,0,nearest_robot=robot1
728.000,original,-,fleet,MIN_DISTANCE_AVG,OK,11.121,,,0,robots_sampled=4
729.000,original,-,robot1,MIN_DISTANCE,OK,11.355,10.974,,0,nearest_robot=robot3
729.000,original,-,robot2,MIN_DISTANCE,OK,7.076,10.974,,0,nearest_robot=robot3
729.000,original,-,robot3,MIN_DISTANCE,OK,7.076,10.974,,0,nearest_robot=robot2
729.000,original,-,robot4,MIN_DISTANCE,OK,18.391,10.974,,0,nearest_robot=robot1
729.000,original,-,fleet,MIN_DISTANCE_AVG,OK,10.974,,,0,robots_sampled=4
730.000,original,-,robot1,MIN_DISTANCE,OK,11.552,10.843,,0,nearest_robot=robot3
730.000,original,-,robot2,MIN_DISTANCE,OK,6.598,10.843,,0,nearest_robot=robot3
730.000,original,-,robot3,MIN_DISTANCE,OK,6.598,10.843,,0,nearest_robot=robot2
730.000,original,-,robot4,MIN_DISTANCE,OK,18.624,10.843,,0,nearest_robot=robot1
730.000,original,-,fleet,MIN_DISTANCE_AVG,OK,10.843,,,0,robots_sampled=4
731.000,original,-,robot1,MIN_DISTANCE,OK,11.724,10.718,,0,nearest_robot=robot3
731.000,original,-,robot2,MIN_DISTANCE,OK,6.140,10.718,,0,nearest_robot=robot3
731.000,original,-,robot3,MIN_DISTANCE,OK,6.140,10.718,,0,nearest_robot=robot2
731.000,original,-,robot4,MIN_DISTANCE,OK,18.869,10.718,,0,nearest_robot=robot1
731.000,original,-,fleet,MIN_DISTANCE_AVG,OK,10.718,,,0,robots_sampled=4
732.000,original,-,robot1,MIN_DISTANCE,OK,11.986,10.604,,0,nearest_robot=robot3
732.000,original,-,robot2,MIN_DISTANCE,OK,5.644,10.604,,0,nearest_robot=robot3
732.000,original,-,robot3,MIN_DISTANCE,OK,5.644,10.604,,0,nearest_robot=robot2
732.000,original,-,robot4,MIN_DISTANCE,OK,19.144,10.604,,0,nearest_robot=robot1
732.000,original,-,fleet,MIN_DISTANCE_AVG,OK,10.604,,,0,robots_sampled=4
733.000,original,-,robot1,MIN_DISTANCE,OK,12.138,10.502,,0,nearest_robot=robot3
733.000,original,-,robot2,MIN_DISTANCE,OK,5.198,10.502,,0,nearest_robot=robot3
733.000,original,-,robot3,MIN_DISTANCE,OK,5.198,10.502,,0,nearest_robot=robot2
733.000,original,-,robot4,MIN_DISTANCE,OK,19.472,10.502,,0,nearest_robot=robot1
733.000,original,-,fleet,MIN_DISTANCE_AVG,OK,10.502,,,0,robots_sampled=4
734.000,original,-,robot1,MIN_DISTANCE,OK,12.128,10.420,,0,nearest_robot=robot3
734.000,original,-,robot2,MIN_DISTANCE,OK,4.878,10.420,,0,nearest_robot=robot3
734.000,original,-,robot3,MIN_DISTANCE,OK,4.878,10.420,,0,nearest_robot=robot2
734.000,original,-,robot4,MIN_DISTANCE,OK,19.796,10.420,,0,nearest_robot=robot1
734.000,original,-,fleet,MIN_DISTANCE_AVG,OK,10.420,,,0,robots_sampled=4
735.000,original,-,robot1,MIN_DISTANCE,OK,11.959,10.360,,0,nearest_robot=robot3
735.000,original,-,robot2,MIN_DISTANCE,OK,4.683,10.360,,0,nearest_robot=robot3
735.000,original,-,robot3,MIN_DISTANCE,OK,4.683,10.360,,0,nearest_robot=robot2
735.000,original,-,robot4,MIN_DISTANCE,OK,20.116,10.360,,0,nearest_robot=robot1
735.000,original,-,fleet,MIN_DISTANCE_AVG,OK,10.360,,,0,robots_sampled=4
736.000,original,-,robot1,MIN_DISTANCE,OK,11.703,10.310,,0,nearest_robot=robot3
736.000,original,-,robot2,MIN_DISTANCE,OK,4.546,10.310,,0,nearest_robot=robot3
736.000,original,-,robot3,MIN_DISTANCE,OK,4.546,10.310,,0,nearest_robot=robot2
736.000,original,-,robot4,MIN_DISTANCE,OK,20.443,10.310,,0,nearest_robot=robot1
736.000,original,-,fleet,MIN_DISTANCE_AVG,OK,10.310,,,0,robots_sampled=4
737.000,original,-,robot1,MIN_DISTANCE,OK,11.422,10.240,,0,nearest_robot=robot3
737.000,original,-,robot2,MIN_DISTANCE,OK,4.398,10.240,,0,nearest_robot=robot3
737.000,original,-,robot3,MIN_DISTANCE,OK,4.398,10.240,,0,nearest_robot=robot2
737.000,original,-,robot4,MIN_DISTANCE,OK,20.741,10.240,,0,nearest_robot=robot1
737.000,original,-,fleet,MIN_DISTANCE_AVG,OK,10.240,,,0,robots_sampled=4
738.000,original,-,robot1,MIN_DISTANCE,OK,11.223,10.148,,0,nearest_robot=robot3
738.000,original,-,robot2,MIN_DISTANCE,OK,4.164,10.148,,0,nearest_robot=robot3
738.000,original,-,robot3,MIN_DISTANCE,OK,4.164,10.148,,0,nearest_robot=robot2
738.000,original,-,robot4,MIN_DISTANCE,OK,21.042,10.148,,0,nearest_robot=robot1
738.000,original,-,fleet,MIN_DISTANCE_AVG,OK,10.148,,,0,robots_sampled=4
739.000,original,-,robot1,MIN_DISTANCE,OK,11.051,9.996,,0,nearest_robot=robot3
739.000,original,-,robot2,MIN_DISTANCE,OK,3.829,9.996,,0,nearest_robot=robot3
739.000,original,-,robot3,MIN_DISTANCE,OK,3.829,9.996,,0,nearest_robot=robot2
739.000,original,-,robot4,MIN_DISTANCE,OK,21.274,9.996,,0,nearest_robot=robot1
739.000,original,-,fleet,MIN_DISTANCE_AVG,OK,9.996,,,0,robots_sampled=4
740.000,original,-,robot1,MIN_DISTANCE,OK,10.868,9.805,,0,nearest_robot=robot3
740.000,original,-,robot2,MIN_DISTANCE,OK,3.404,9.805,,0,nearest_robot=robot3
740.000,original,-,robot3,MIN_DISTANCE,OK,3.404,9.805,,0,nearest_robot=robot2
740.000,original,-,robot4,MIN_DISTANCE,OK,21.541,9.805,,0,nearest_robot=robot1
740.000,original,-,fleet,MIN_DISTANCE_AVG,OK,9.805,,,0,robots_sampled=4
741.000,original,-,robot1,MIN_DISTANCE,OK,10.640,9.659,,0,nearest_robot=robot3
741.000,original,-,robot2,MIN_DISTANCE,OK,3.060,9.659,,0,nearest_robot=robot3
741.000,original,-,robot3,MIN_DISTANCE,OK,3.060,9.659,,0,nearest_robot=robot2
741.000,original,-,robot4,MIN_DISTANCE,OK,21.876,9.659,,0,nearest_robot=robot1
741.000,original,-,fleet,MIN_DISTANCE_AVG,OK,9.659,,,0,robots_sampled=4
742.000,original,-,robot1,MIN_DISTANCE,OK,10.418,9.507,,0,nearest_robot=robot3
742.000,original,-,robot2,MIN_DISTANCE,OK,2.736,9.507,,0,nearest_robot=robot3
742.000,original,-,robot3,MIN_DISTANCE,OK,2.736,9.507,,0,nearest_robot=robot2
742.000,original,-,robot4,MIN_DISTANCE,OK,22.139,9.507,,0,nearest_robot=robot1
742.000,original,-,fleet,MIN_DISTANCE_AVG,OK,9.507,,,0,robots_sampled=4
743.000,original,-,robot1,MIN_DISTANCE,OK,10.187,9.347,,0,nearest_robot=robot3
743.000,original,-,robot2,MIN_DISTANCE,OK,2.430,9.347,,0,nearest_robot=robot3
743.000,original,-,robot3,MIN_DISTANCE,OK,2.430,9.347,,0,nearest_robot=robot2
743.000,original,-,robot4,MIN_DISTANCE,OK,22.343,9.347,,0,nearest_robot=robot1
743.000,original,-,fleet,MIN_DISTANCE_AVG,OK,9.347,,,0,robots_sampled=4
744.000,original,-,robot1,MIN_DISTANCE,OK,9.953,9.213,,0,nearest_robot=robot3
744.000,original,-,robot2,MIN_DISTANCE,OK,2.152,9.213,,0,nearest_robot=robot3
744.000,original,-,robot3,MIN_DISTANCE,OK,2.152,9.213,,0,nearest_robot=robot2
744.000,original,-,robot4,MIN_DISTANCE,OK,22.594,9.213,,0,nearest_robot=robot1
744.000,original,-,fleet,MIN_DISTANCE_AVG,OK,9.213,,,0,robots_sampled=4
745.000,original,-,robot1,MIN_DISTANCE,OK,9.708,9.054,,0,nearest_robot=robot3
745.000,original,-,robot2,MIN_DISTANCE,OK,1.919,9.054,,0,nearest_robot=robot3
745.000,original,-,robot3,MIN_DISTANCE,OK,1.919,9.054,,0,nearest_robot=robot2
745.000,original,-,robot4,MIN_DISTANCE,OK,22.669,9.054,,0,nearest_robot=robot1
745.000,original,-,fleet,MIN_DISTANCE_AVG,OK,9.054,,,0,robots_sampled=4
746.000,original,-,robot1,MIN_DISTANCE,OK,9.520,8.900,,0,nearest_robot=robot3
746.000,original,-,robot2,MIN_DISTANCE,OK,1.723,8.900,,0,nearest_robot=robot3
746.000,original,-,robot3,MIN_DISTANCE,OK,1.723,8.900,,0,nearest_robot=robot2
746.000,original,-,robot4,MIN_DISTANCE,OK,22.636,8.900,,0,nearest_robot=robot1
746.000,original,-,fleet,MIN_DISTANCE_AVG,OK,8.900,,,0,robots_sampled=4
747.000,original,-,robot1,MIN_DISTANCE,OK,9.242,8.813,,0,nearest_robot=robot3
747.000,original,-,robot2,MIN_DISTANCE,OK,1.683,8.813,,0,nearest_robot=robot3
747.000,original,-,robot3,MIN_DISTANCE,OK,1.683,8.813,,0,nearest_robot=robot2
747.000,original,-,robot4,MIN_DISTANCE,OK,22.643,8.813,,0,nearest_robot=robot1
747.000,original,-,fleet,MIN_DISTANCE_AVG,OK,8.813,,,0,robots_sampled=4
748.000,original,-,robot1,MIN_DISTANCE,OK,8.930,8.713,,0,nearest_robot=robot3
748.000,original,-,robot2,MIN_DISTANCE,OK,1.660,8.713,,0,nearest_robot=robot3
748.000,original,-,robot3,MIN_DISTANCE,OK,1.660,8.713,,0,nearest_robot=robot2
748.000,original,-,robot4,MIN_DISTANCE,OK,22.601,8.713,,0,nearest_robot=robot1
748.000,original,-,fleet,MIN_DISTANCE_AVG,OK,8.713,,,0,robots_sampled=4
749.000,original,-,robot1,MIN_DISTANCE,OK,8.520,8.601,,0,nearest_robot=robot3
749.000,original,-,robot2,MIN_DISTANCE,OK,1.670,8.601,,0,nearest_robot=robot3
749.000,original,-,robot3,MIN_DISTANCE,OK,1.670,8.601,,0,nearest_robot=robot2
749.000,original,-,robot4,MIN_DISTANCE,OK,22.544,8.601,,0,nearest_robot=robot1
749.000,original,-,fleet,MIN_DISTANCE_AVG,OK,8.601,,,0,robots_sampled=4
750.000,original,-,robot1,MIN_DISTANCE,OK,8.109,8.465,,0,nearest_robot=robot3
750.000,original,-,robot2,MIN_DISTANCE,OK,1.705,8.465,,0,nearest_robot=robot3
750.000,original,-,robot3,MIN_DISTANCE,OK,1.705,8.465,,0,nearest_robot=robot2
750.000,original,-,robot4,MIN_DISTANCE,OK,22.342,8.465,,0,nearest_robot=robot1
750.000,original,-,fleet,MIN_DISTANCE_AVG,OK,8.465,,,0,robots_sampled=4
751.000,original,-,robot1,MIN_DISTANCE,OK,7.728,8.363,,0,nearest_robot=robot3
751.000,original,-,robot2,MIN_DISTANCE,OK,1.810,8.363,,0,nearest_robot=robot3
751.000,original,-,robot3,MIN_DISTANCE,OK,1.810,8.363,,0,nearest_robot=robot2
751.000,original,-,robot4,MIN_DISTANCE,OK,22.104,8.363,,0,nearest_robot=robot1
751.000,original,-,fleet,MIN_DISTANCE_AVG,OK,8.363,,,0,robots_sampled=4
752.000,original,-,robot1,MIN_DISTANCE,OK,7.455,8.185,,0,nearest_robot=robot3
752.000,original,-,robot2,MIN_DISTANCE,OK,1.732,8.185,,0,nearest_robot=robot3
752.000,original,-,robot3,MIN_DISTANCE,OK,1.732,8.185,,0,nearest_robot=robot2
752.000,original,-,robot4,MIN_DISTANCE,OK,21.823,8.185,,0,nearest_robot=robot1
752.000,original,-,fleet,MIN_DISTANCE_AVG,OK,8.185,,,0,robots_sampled=4
753.000,original,-,robot1,MIN_DISTANCE,OK,7.178,8.064,,0,nearest_robot=robot3
753.000,original,-,robot2,MIN_DISTANCE,OK,1.714,8.064,,0,nearest_robot=robot3
753.000,original,-,robot3,MIN_DISTANCE,OK,1.714,8.064,,0,nearest_robot=robot2
753.000,original,-,robot4,MIN_DISTANCE,OK,21.650,8.064,,0,nearest_robot=robot1
753.000,original,-,fleet,MIN_DISTANCE_AVG,OK,8.064,,,0,robots_sampled=4
754.000,original,-,robot1,MIN_DISTANCE,OK,6.925,7.979,,0,nearest_robot=robot3
754.000,original,-,robot2,MIN_DISTANCE,OK,1.714,7.979,,0,nearest_robot=robot3
754.000,original,-,robot3,MIN_DISTANCE,OK,1.714,7.979,,0,nearest_robot=robot2
754.000,original,-,robot4,MIN_DISTANCE,OK,21.566,7.979,,0,nearest_robot=robot1
754.000,original,-,fleet,MIN_DISTANCE_AVG,OK,7.979,,,0,robots_sampled=4
755.000,original,-,robot1,MIN_DISTANCE,OK,6.649,7.935,,0,nearest_robot=robot3
755.000,original,-,robot2,MIN_DISTANCE,OK,1.714,7.935,,0,nearest_robot=robot3
755.000,original,-,robot3,MIN_DISTANCE,OK,1.714,7.935,,0,nearest_robot=robot2
755.000,original,-,robot4,MIN_DISTANCE,OK,21.665,7.935,,0,nearest_robot=robot1
755.000,original,-,fleet,MIN_DISTANCE_AVG,OK,7.935,,,0,robots_sampled=4
756.000,original,-,fleet,REPLAN_FULL,OK,,,robot1|robot2|robot3|robot4,0,original_full_optimization
756.000,original,-,robot1,MIN_DISTANCE,OK,6.378,7.931,,0,nearest_robot=robot3
756.000,original,-,robot2,MIN_DISTANCE,OK,1.714,7.931,,0,nearest_robot=robot3
756.000,original,-,robot3,MIN_DISTANCE,OK,1.714,7.931,,0,nearest_robot=robot2
756.000,original,-,robot4,MIN_DISTANCE,OK,21.917,7.931,,0,nearest_robot=robot1
756.000,original,-,fleet,MIN_DISTANCE_AVG,OK,7.931,,,0,robots_sampled=4
757.000,original,-,robot1,MIN_DISTANCE,OK,6.138,7.913,,0,nearest_robot=robot3
757.000,original,-,robot2,MIN_DISTANCE,OK,1.714,7.913,,0,nearest_robot=robot3
757.000,original,-,robot3,MIN_DISTANCE,OK,1.714,7.913,,0,nearest_robot=robot2
757.000,original,-,robot4,MIN_DISTANCE,OK,22.088,7.913,,0,nearest_robot=robot1
757.000,original,-,fleet,MIN_DISTANCE_AVG,OK,7.913,,,0,robots_sampled=4
758.000,original,-,robot1,MIN_DISTANCE,OK,5.877,7.909,,0,nearest_robot=robot3
758.000,original,-,robot2,MIN_DISTANCE,OK,1.714,7.909,,0,nearest_robot=robot3
758.000,original,-,robot3,MIN_DISTANCE,OK,1.714,7.909,,0,nearest_robot=robot2
758.000,original,-,robot4,MIN_DISTANCE,OK,22.332,7.909,,0,nearest_robot=robot1
758.000,original,-,fleet,MIN_DISTANCE_AVG,OK,7.909,,,0,robots_sampled=4
759.000,original,-,robot1,MIN_DISTANCE,OK,5.586,7.910,,0,nearest_robot=robot3
759.000,original,-,robot2,MIN_DISTANCE,OK,1.714,7.910,,0,nearest_robot=robot3
759.000,original,-,robot3,MIN_DISTANCE,OK,1.714,7.910,,0,nearest_robot=robot2
759.000,original,-,robot4,MIN_DISTANCE,OK,22.627,7.910,,0,nearest_robot=robot1
759.000,original,-,fleet,MIN_DISTANCE_AVG,OK,7.910,,,0,robots_sampled=4
760.000,original,-,robot1,MIN_DISTANCE,OK,5.187,7.914,,0,nearest_robot=robot3
760.000,original,-,robot2,MIN_DISTANCE,OK,1.714,7.914,,0,nearest_robot=robot3
760.000,original,-,robot3,MIN_DISTANCE,OK,1.714,7.914,,0,nearest_robot=robot2
760.000,original,-,robot4,MIN_DISTANCE,OK,23.042,7.914,,0,nearest_robot=robot1
760.000,original,-,fleet,MIN_DISTANCE_AVG,OK,7.914,,,0,robots_sampled=4
761.000,original,-,robot1,MIN_DISTANCE,OK,4.814,7.921,,0,nearest_robot=robot3
761.000,original,-,robot2,MIN_DISTANCE,OK,1.714,7.921,,0,nearest_robot=robot3
761.000,original,-,robot3,MIN_DISTANCE,OK,1.714,7.921,,0,nearest_robot=robot2
761.000,original,-,robot4,MIN_DISTANCE,OK,23.443,7.921,,0,nearest_robot=robot1
761.000,original,-,fleet,MIN_DISTANCE_AVG,OK,7.921,,,0,robots_sampled=4
762.000,original,-,robot1,MIN_DISTANCE,OK,4.528,7.927,,0,nearest_robot=robot3
762.000,original,-,robot2,MIN_DISTANCE,OK,1.714,7.927,,0,nearest_robot=robot3
762.000,original,-,robot3,MIN_DISTANCE,OK,1.714,7.927,,0,nearest_robot=robot2
762.000,original,-,robot4,MIN_DISTANCE,OK,23.755,7.927,,0,nearest_robot=robot1
762.000,original,-,fleet,MIN_DISTANCE_AVG,OK,7.927,,,0,robots_sampled=4
763.000,original,-,robot1,MIN_DISTANCE,OK,4.343,7.934,,0,nearest_robot=robot3
763.000,original,-,robot2,MIN_DISTANCE,OK,1.714,7.934,,0,nearest_robot=robot3
763.000,original,-,robot3,MIN_DISTANCE,OK,1.714,7.934,,0,nearest_robot=robot2
763.000,original,-,robot4,MIN_DISTANCE,OK,23.968,7.934,,0,nearest_robot=robot1
763.000,original,-,fleet,MIN_DISTANCE_AVG,OK,7.934,,,0,robots_sampled=4
764.000,original,-,robot1,MIN_DISTANCE,OK,4.212,7.942,,0,nearest_robot=robot3
764.000,original,-,robot2,MIN_DISTANCE,OK,1.714,7.942,,0,nearest_robot=robot3
764.000,original,-,robot3,MIN_DISTANCE,OK,1.714,7.942,,0,nearest_robot=robot2
764.000,original,-,robot4,MIN_DISTANCE,OK,24.127,7.942,,0,nearest_robot=robot1
764.000,original,-,fleet,MIN_DISTANCE_AVG,OK,7.942,,,0,robots_sampled=4
765.000,original,-,robot1,MIN_DISTANCE,OK,3.934,7.953,,0,nearest_robot=robot3
765.000,original,-,robot2,MIN_DISTANCE,OK,1.714,7.953,,0,nearest_robot=robot3
765.000,original,-,robot3,MIN_DISTANCE,OK,1.714,7.953,,0,nearest_robot=robot2
765.000,original,-,robot4,MIN_DISTANCE,OK,24.450,7.953,,0,nearest_robot=robot1
765.000,original,-,fleet,MIN_DISTANCE_AVG,OK,7.953,,,0,robots_sampled=4
766.000,original,-,robot1,MIN_DISTANCE,OK,3.515,7.947,,0,nearest_robot=robot3
766.000,original,-,robot2,MIN_DISTANCE,OK,1.714,7.947,,0,nearest_robot=robot3
766.000,original,-,robot3,MIN_DISTANCE,OK,1.714,7.947,,0,nearest_robot=robot2
766.000,original,-,robot4,MIN_DISTANCE,OK,24.844,7.947,,0,nearest_robot=robot1
766.000,original,-,fleet,MIN_DISTANCE_AVG,OK,7.947,,,0,robots_sampled=4
767.000,original,-,robot1,MIN_DISTANCE,OK,3.071,7.885,,0,nearest_robot=robot3
767.000,original,-,robot2,MIN_DISTANCE,OK,1.714,7.885,,0,nearest_robot=robot3
767.000,original,-,robot3,MIN_DISTANCE,OK,1.714,7.885,,0,nearest_robot=robot2
767.000,original,-,robot4,MIN_DISTANCE,OK,25.041,7.885,,0,nearest_robot=robot1
767.000,original,-,fleet,MIN_DISTANCE_AVG,OK,7.885,,,0,robots_sampled=4
768.000,original,-,robot1,MIN_DISTANCE,OK,2.793,7.811,,0,nearest_robot=robot3
768.000,original,-,robot2,MIN_DISTANCE,OK,1.714,7.811,,0,nearest_robot=robot3
768.000,original,-,robot3,MIN_DISTANCE,OK,1.714,7.811,,0,nearest_robot=robot2
768.000,original,-,robot4,MIN_DISTANCE,OK,25.026,7.811,,0,nearest_robot=robot1
768.000,original,-,fleet,MIN_DISTANCE_AVG,OK,7.811,,,0,robots_sampled=4
769.000,original,-,robot1,MIN_DISTANCE,OK,2.636,7.749,,0,nearest_robot=robot2
769.000,original,-,robot2,MIN_DISTANCE,OK,1.714,7.749,,0,nearest_robot=robot3
769.000,original,-,robot3,MIN_DISTANCE,OK,1.714,7.749,,0,nearest_robot=robot2
769.000,original,-,robot4,MIN_DISTANCE,OK,24.934,7.749,,0,nearest_robot=robot1
769.000,original,-,fleet,MIN_DISTANCE_AVG,OK,7.749,,,0,robots_sampled=4
770.000,original,-,robot1,MIN_DISTANCE,OK,2.376,7.653,,0,nearest_robot=robot2
770.000,original,-,robot2,MIN_DISTANCE,OK,1.714,7.653,,0,nearest_robot=robot3
770.000,original,-,robot3,MIN_DISTANCE,OK,1.714,7.653,,0,nearest_robot=robot2
770.000,original,-,robot4,MIN_DISTANCE,OK,24.808,7.653,,0,nearest_robot=robot1
770.000,original,-,fleet,MIN_DISTANCE_AVG,OK,7.653,,,0,robots_sampled=4
771.000,original,-,robot1,MIN_DISTANCE,OK,2.186,7.570,,0,nearest_robot=robot2
771.000,original,-,robot2,MIN_DISTANCE,OK,1.714,7.570,,0,nearest_robot=robot3
771.000,original,-,robot3,MIN_DISTANCE,OK,1.714,7.570,,0,nearest_robot=robot2
771.000,original,-,robot4,MIN_DISTANCE,OK,24.667,7.570,,0,nearest_robot=robot1
771.000,original,-,fleet,MIN_DISTANCE_AVG,OK,7.570,,,0,robots_sampled=4
772.000,original,-,robot1,MIN_DISTANCE,OK,2.025,7.486,,0,nearest_robot=robot2
772.000,original,-,robot2,MIN_DISTANCE,OK,1.714,7.486,,0,nearest_robot=robot3
772.000,original,-,robot3,MIN_DISTANCE,OK,1.714,7.486,,0,nearest_robot=robot2
772.000,original,-,robot4,MIN_DISTANCE,OK,24.492,7.486,,0,nearest_robot=robot1
772.000,original,-,fleet,MIN_DISTANCE_AVG,OK,7.486,,,0,robots_sampled=4
773.000,original,-,robot1,MIN_DISTANCE,OK,2.007,7.397,,0,nearest_robot=robot2
773.000,original,-,robot2,MIN_DISTANCE,OK,1.714,7.397,,0,nearest_robot=robot3
773.000,original,-,robot3,MIN_DISTANCE,OK,1.714,7.397,,0,nearest_robot=robot2
773.000,original,-,robot4,MIN_DISTANCE,OK,24.154,7.397,,0,nearest_robot=robot1
773.000,original,-,fleet,MIN_DISTANCE_AVG,OK,7.397,,,0,robots_sampled=4
774.000,original,-,robot1,MIN_DISTANCE,OK,2.110,7.304,,0,nearest_robot=robot2
774.000,original,-,robot2,MIN_DISTANCE,OK,1.714,7.304,,0,nearest_robot=robot3
774.000,original,-,robot3,MIN_DISTANCE,OK,1.714,7.304,,0,nearest_robot=robot2
774.000,original,-,robot4,MIN_DISTANCE,OK,23.680,7.304,,0,nearest_robot=robot1
774.000,original,-,fleet,MIN_DISTANCE_AVG,OK,7.304,,,0,robots_sampled=4
775.000,original,-,robot1,MIN_DISTANCE,OK,2.155,7.216,,0,nearest_robot=robot2
775.000,original,-,robot2,MIN_DISTANCE,OK,1.714,7.216,,0,nearest_robot=robot3
775.000,original,-,robot3,MIN_DISTANCE,OK,1.714,7.216,,0,nearest_robot=robot2
775.000,original,-,robot4,MIN_DISTANCE,OK,23.283,7.216,,0,nearest_robot=robot1
775.000,original,-,fleet,MIN_DISTANCE_AVG,OK,7.216,,,0,robots_sampled=4
776.000,original,-,robot1,MIN_DISTANCE,OK,2.126,7.122,,0,nearest_robot=robot2
776.000,original,-,robot2,MIN_DISTANCE,OK,1.714,7.122,,0,nearest_robot=robot3
776.000,original,-,robot3,MIN_DISTANCE,OK,1.714,7.122,,0,nearest_robot=robot2
776.000,original,-,robot4,MIN_DISTANCE,OK,22.933,7.122,,0,nearest_robot=robot1
776.000,original,-,fleet,MIN_DISTANCE_AVG,OK,7.122,,,0,robots_sampled=4
777.000,original,-,robot1,MIN_DISTANCE,OK,2.126,7.051,,0,nearest_robot=robot2
777.000,original,-,robot2,MIN_DISTANCE,OK,1.714,7.051,,0,nearest_robot=robot3
777.000,original,-,robot3,MIN_DISTANCE,OK,1.714,7.051,,0,nearest_robot=robot2
777.000,original,-,robot4,MIN_DISTANCE,OK,22.649,7.051,,0,nearest_robot=robot1
777.000,original,-,fleet,MIN_DISTANCE_AVG,OK,7.051,,,0,robots_sampled=4
778.000,original,-,robot1,MIN_DISTANCE,OK,2.126,6.969,,0,nearest_robot=robot2
778.000,original,-,robot2,MIN_DISTANCE,OK,1.714,6.969,,0,nearest_robot=robot3
778.000,original,-,robot3,MIN_DISTANCE,OK,1.714,6.969,,0,nearest_robot=robot2
778.000,original,-,robot4,MIN_DISTANCE,OK,22.324,6.969,,0,nearest_robot=robot1
778.000,original,-,fleet,MIN_DISTANCE_AVG,OK,6.969,,,0,robots_sampled=4
779.000,original,-,robot1,MIN_DISTANCE,OK,2.126,6.891,,0,nearest_robot=robot2
779.000,original,-,robot2,MIN_DISTANCE,OK,1.714,6.891,,0,nearest_robot=robot3
779.000,original,-,robot3,MIN_DISTANCE,OK,1.714,6.891,,0,nearest_robot=robot2
779.000,original,-,robot4,MIN_DISTANCE,OK,22.009,6.891,,0,nearest_robot=robot1
779.000,original,-,fleet,MIN_DISTANCE_AVG,OK,6.891,,,0,robots_sampled=4
780.000,original,-,robot1,MIN_DISTANCE,OK,2.126,6.815,,0,nearest_robot=robot2
780.000,original,-,robot2,MIN_DISTANCE,OK,1.714,6.815,,0,nearest_robot=robot3
780.000,original,-,robot3,MIN_DISTANCE,OK,1.714,6.815,,0,nearest_robot=robot2
780.000,original,-,robot4,MIN_DISTANCE,OK,21.706,6.815,,0,nearest_robot=robot1
780.000,original,-,fleet,MIN_DISTANCE_AVG,OK,6.815,,,0,robots_sampled=4
781.000,original,-,robot1,MIN_DISTANCE,OK,2.126,6.734,,0,nearest_robot=robot2
781.000,original,-,robot2,MIN_DISTANCE,OK,1.714,6.734,,0,nearest_robot=robot3
781.000,original,-,robot3,MIN_DISTANCE,OK,1.714,6.734,,0,nearest_robot=robot2
781.000,original,-,robot4,MIN_DISTANCE,OK,21.381,6.734,,0,nearest_robot=robot1
781.000,original,-,fleet,MIN_DISTANCE_AVG,OK,6.734,,,0,robots_sampled=4
782.000,original,-,robot1,MIN_DISTANCE,OK,2.126,6.653,,0,nearest_robot=robot2
782.000,original,-,robot2,MIN_DISTANCE,OK,1.714,6.653,,0,nearest_robot=robot3
782.000,original,-,robot3,MIN_DISTANCE,OK,1.714,6.653,,0,nearest_robot=robot2
782.000,original,-,robot4,MIN_DISTANCE,OK,21.058,6.653,,0,nearest_robot=robot1
782.000,original,-,fleet,MIN_DISTANCE_AVG,OK,6.653,,,0,robots_sampled=4
783.000,original,-,robot1,MIN_DISTANCE,OK,2.126,6.572,,0,nearest_robot=robot2
783.000,original,-,robot2,MIN_DISTANCE,OK,1.714,6.572,,0,nearest_robot=robot3
783.000,original,-,robot3,MIN_DISTANCE,OK,1.714,6.572,,0,nearest_robot=robot2
783.000,original,-,robot4,MIN_DISTANCE,OK,20.735,6.572,,0,nearest_robot=robot1
783.000,original,-,fleet,MIN_DISTANCE_AVG,OK,6.572,,,0,robots_sampled=4
784.000,original,-,robot1,MIN_DISTANCE,OK,2.126,6.491,,0,nearest_robot=robot2
784.000,original,-,robot2,MIN_DISTANCE,OK,1.714,6.491,,0,nearest_robot=robot3
784.000,original,-,robot3,MIN_DISTANCE,OK,1.714,6.491,,0,nearest_robot=robot2
784.000,original,-,robot4,MIN_DISTANCE,OK,20.412,6.491,,0,nearest_robot=robot1
784.000,original,-,fleet,MIN_DISTANCE_AVG,OK,6.491,,,0,robots_sampled=4
785.000,original,-,robot1,MIN_DISTANCE,OK,2.126,6.408,,0,nearest_robot=robot2
785.000,original,-,robot2,MIN_DISTANCE,OK,1.714,6.408,,0,nearest_robot=robot3
785.000,original,-,robot3,MIN_DISTANCE,OK,1.714,6.408,,0,nearest_robot=robot2
785.000,original,-,robot4,MIN_DISTANCE,OK,20.077,6.408,,0,nearest_robot=robot1
785.000,original,-,fleet,MIN_DISTANCE_AVG,OK,6.408,,,0,robots_sampled=4
786.000,original,-,robot1,MIN_DISTANCE,OK,2.126,6.328,,0,nearest_robot=robot2
786.000,original,-,robot2,MIN_DISTANCE,OK,1.714,6.328,,0,nearest_robot=robot3
786.000,original,-,robot3,MIN_DISTANCE,OK,1.714,6.328,,0,nearest_robot=robot2
786.000,original,-,robot4,MIN_DISTANCE,OK,19.759,6.328,,0,nearest_robot=robot1
786.000,original,-,fleet,MIN_DISTANCE_AVG,OK,6.328,,,0,robots_sampled=4
787.000,original,-,robot1,MIN_DISTANCE,OK,2.126,6.249,,0,nearest_robot=robot2
787.000,original,-,robot2,MIN_DISTANCE,OK,1.714,6.249,,0,nearest_robot=robot3
787.000,original,-,robot3,MIN_DISTANCE,OK,1.714,6.249,,0,nearest_robot=robot2
787.000,original,-,robot4,MIN_DISTANCE,OK,19.444,6.249,,0,nearest_robot=robot1
787.000,original,-,fleet,MIN_DISTANCE_AVG,OK,6.249,,,0,robots_sampled=4
788.000,original,-,robot1,MIN_DISTANCE,OK,2.126,6.170,,0,nearest_robot=robot2
788.000,original,-,robot2,MIN_DISTANCE,OK,1.714,6.170,,0,nearest_robot=robot3
788.000,original,-,robot3,MIN_DISTANCE,OK,1.714,6.170,,0,nearest_robot=robot2
788.000,original,-,robot4,MIN_DISTANCE,OK,19.126,6.170,,0,nearest_robot=robot1
788.000,original,-,fleet,MIN_DISTANCE_AVG,OK,6.170,,,0,robots_sampled=4
789.000,original,-,robot1,MIN_DISTANCE,OK,2.126,6.095,,0,nearest_robot=robot2
789.000,original,-,robot2,MIN_DISTANCE,OK,1.714,6.095,,0,nearest_robot=robot3
789.000,original,-,robot3,MIN_DISTANCE,OK,1.714,6.095,,0,nearest_robot=robot2
789.000,original,-,robot4,MIN_DISTANCE,OK,18.827,6.095,,0,nearest_robot=robot1
789.000,original,-,fleet,MIN_DISTANCE_AVG,OK,6.095,,,0,robots_sampled=4
790.000,original,-,robot1,MIN_DISTANCE,OK,2.126,6.025,,0,nearest_robot=robot2
790.000,original,-,robot2,MIN_DISTANCE,OK,1.714,6.025,,0,nearest_robot=robot3
790.000,original,-,robot3,MIN_DISTANCE,OK,1.714,6.025,,0,nearest_robot=robot2
790.000,original,-,robot4,MIN_DISTANCE,OK,18.546,6.025,,0,nearest_robot=robot1
790.000,original,-,fleet,MIN_DISTANCE_AVG,OK,6.025,,,0,robots_sampled=4
791.000,original,-,robot1,MIN_DISTANCE,OK,2.126,5.948,,0,nearest_robot=robot2
791.000,original,-,robot2,MIN_DISTANCE,OK,1.714,5.948,,0,nearest_robot=robot3
791.000,original,-,robot3,MIN_DISTANCE,OK,1.714,5.948,,0,nearest_robot=robot2
791.000,original,-,robot4,MIN_DISTANCE,OK,18.238,5.948,,0,nearest_robot=robot1
791.000,original,-,fleet,MIN_DISTANCE_AVG,OK,5.948,,,0,robots_sampled=4
792.000,original,-,robot1,MIN_DISTANCE,OK,2.126,5.868,,0,nearest_robot=robot2
792.000,original,-,robot2,MIN_DISTANCE,OK,1.714,5.868,,0,nearest_robot=robot3
792.000,original,-,robot3,MIN_DISTANCE,OK,1.714,5.868,,0,nearest_robot=robot2
792.000,original,-,robot4,MIN_DISTANCE,OK,17.920,5.868,,0,nearest_robot=robot1
792.000,original,-,fleet,MIN_DISTANCE_AVG,OK,5.868,,,0,robots_sampled=4
793.000,original,-,robot1,MIN_DISTANCE,OK,2.126,5.788,,0,nearest_robot=robot2
793.000,original,-,robot2,MIN_DISTANCE,OK,1.714,5.788,,0,nearest_robot=robot3
793.000,original,-,robot3,MIN_DISTANCE,OK,1.714,5.788,,0,nearest_robot=robot2
793.000,original,-,robot4,MIN_DISTANCE,OK,17.597,5.788,,0,nearest_robot=robot1
793.000,original,-,fleet,MIN_DISTANCE_AVG,OK,5.788,,,0,robots_sampled=4
794.000,original,-,robot1,MIN_DISTANCE,OK,2.126,5.709,,0,nearest_robot=robot2
794.000,original,-,robot2,MIN_DISTANCE,OK,1.714,5.709,,0,nearest_robot=robot3
794.000,original,-,robot3,MIN_DISTANCE,OK,1.714,5.709,,0,nearest_robot=robot2
794.000,original,-,robot4,MIN_DISTANCE,OK,17.284,5.709,,0,nearest_robot=robot1
794.000,original,-,fleet,MIN_DISTANCE_AVG,OK,5.709,,,0,robots_sampled=4
795.000,original,-,robot1,MIN_DISTANCE,OK,2.126,5.628,,0,nearest_robot=robot2
795.000,original,-,robot2,MIN_DISTANCE,OK,1.714,5.628,,0,nearest_robot=robot3
795.000,original,-,robot3,MIN_DISTANCE,OK,1.714,5.628,,0,nearest_robot=robot2
795.000,original,-,robot4,MIN_DISTANCE,OK,16.959,5.628,,0,nearest_robot=robot1
795.000,original,-,fleet,MIN_DISTANCE_AVG,OK,5.628,,,0,robots_sampled=4
796.000,original,-,robot1,MIN_DISTANCE,OK,2.126,5.557,,0,nearest_robot=robot2
796.000,original,-,robot2,MIN_DISTANCE,OK,1.714,5.557,,0,nearest_robot=robot3
796.000,original,-,robot3,MIN_DISTANCE,OK,1.714,5.557,,0,nearest_robot=robot2
796.000,original,-,robot4,MIN_DISTANCE,OK,16.675,5.557,,0,nearest_robot=robot1
796.000,original,-,fleet,MIN_DISTANCE_AVG,OK,5.557,,,0,robots_sampled=4
797.000,original,-,robot1,MIN_DISTANCE,OK,2.126,5.488,,0,nearest_robot=robot2
797.000,original,-,robot2,MIN_DISTANCE,OK,1.714,5.488,,0,nearest_robot=robot3
797.000,original,-,robot3,MIN_DISTANCE,OK,1.714,5.488,,0,nearest_robot=robot2
797.000,original,-,robot4,MIN_DISTANCE,OK,16.400,5.488,,0,nearest_robot=robot1
797.000,original,-,fleet,MIN_DISTANCE_AVG,OK,5.488,,,0,robots_sampled=4
798.000,original,-,robot1,MIN_DISTANCE,OK,2.126,5.416,,0,nearest_robot=robot2
798.000,original,-,robot2,MIN_DISTANCE,OK,1.714,5.416,,0,nearest_robot=robot3
798.000,original,-,robot3,MIN_DISTANCE,OK,1.714,5.416,,0,nearest_robot=robot2
798.000,original,-,robot4,MIN_DISTANCE,OK,16.112,5.416,,0,nearest_robot=robot1
798.000,original,-,fleet,MIN_DISTANCE_AVG,OK,5.416,,,0,robots_sampled=4
799.000,original,-,robot1,MIN_DISTANCE,OK,2.126,5.349,,0,nearest_robot=robot2
799.000,original,-,robot2,MIN_DISTANCE,OK,1.714,5.349,,0,nearest_robot=robot3
799.000,original,-,robot3,MIN_DISTANCE,OK,1.714,5.349,,0,nearest_robot=robot2
799.000,original,-,robot4,MIN_DISTANCE,OK,15.841,5.349,,0,nearest_robot=robot1
799.000,original,-,fleet,MIN_DISTANCE_AVG,OK,5.349,,,0,robots_sampled=4
800.000,original,-,robot1,MIN_DISTANCE,OK,2.126,5.284,,0,nearest_robot=robot2
800.000,original,-,robot2,MIN_DISTANCE,OK,1.714,5.284,,0,nearest_robot=robot3
800.000,original,-,robot3,MIN_DISTANCE,OK,1.714,5.284,,0,nearest_robot=robot2
800.000,original,-,robot4,MIN_DISTANCE,OK,15.580,5.284,,0,nearest_robot=robot1
800.000,original,-,fleet,MIN_DISTANCE_AVG,OK,5.284,,,0,robots_sampled=4
801.000,original,-,robot1,MIN_DISTANCE,OK,2.126,5.217,,0,nearest_robot=robot2
801.000,original,-,robot2,MIN_DISTANCE,OK,1.714,5.217,,0,nearest_robot=robot3
801.000,original,-,robot3,MIN_DISTANCE,OK,1.714,5.217,,0,nearest_robot=robot2
801.000,original,-,robot4,MIN_DISTANCE,OK,15.315,5.217,,0,nearest_robot=robot1
801.000,original,-,fleet,MIN_DISTANCE_AVG,OK,5.217,,,0,robots_sampled=4
802.000,original,-,robot1,MIN_DISTANCE,OK,2.126,5.147,,0,nearest_robot=robot2
802.000,original,-,robot2,MIN_DISTANCE,OK,1.714,5.147,,0,nearest_robot=robot3
802.000,original,-,robot3,MIN_DISTANCE,OK,1.714,5.147,,0,nearest_robot=robot2
802.000,original,-,robot4,MIN_DISTANCE,OK,15.035,5.147,,0,nearest_robot=robot1
802.000,original,-,fleet,MIN_DISTANCE_AVG,OK,5.147,,,0,robots_sampled=4
803.000,original,-,robot1,MIN_DISTANCE,OK,2.126,5.070,,0,nearest_robot=robot2
803.000,original,-,robot2,MIN_DISTANCE,OK,1.714,5.070,,0,nearest_robot=robot3
803.000,original,-,robot3,MIN_DISTANCE,OK,1.714,5.070,,0,nearest_robot=robot2
803.000,original,-,robot4,MIN_DISTANCE,OK,14.727,5.070,,0,nearest_robot=robot1
803.000,original,-,fleet,MIN_DISTANCE_AVG,OK,5.070,,,0,robots_sampled=4
804.000,original,-,robot1,MIN_DISTANCE,OK,2.126,5.000,,0,nearest_robot=robot2
804.000,original,-,robot2,MIN_DISTANCE,OK,1.714,5.000,,0,nearest_robot=robot3
804.000,original,-,robot3,MIN_DISTANCE,OK,1.714,5.000,,0,nearest_robot=robot2
804.000,original,-,robot4,MIN_DISTANCE,OK,14.448,5.000,,0,nearest_robot=robot3
804.000,original,-,fleet,MIN_DISTANCE_AVG,OK,5.000,,,0,robots_sampled=4
805.000,original,-,robot1,MIN_DISTANCE,OK,2.126,4.935,,0,nearest_robot=robot2
805.000,original,-,robot2,MIN_DISTANCE,OK,1.714,4.935,,0,nearest_robot=robot3
805.000,original,-,robot3,MIN_DISTANCE,OK,1.714,4.935,,0,nearest_robot=robot2
805.000,original,-,robot4,MIN_DISTANCE,OK,14.186,4.935,,0,nearest_robot=robot3
805.000,original,-,fleet,MIN_DISTANCE_AVG,OK,4.935,,,0,robots_sampled=4
806.000,original,-,robot1,MIN_DISTANCE,OK,2.126,4.853,,0,nearest_robot=robot2
806.000,original,-,robot2,MIN_DISTANCE,OK,1.714,4.853,,0,nearest_robot=robot3
806.000,original,-,robot3,MIN_DISTANCE,OK,1.714,4.853,,0,nearest_robot=robot2
806.000,original,-,robot4,MIN_DISTANCE,OK,13.858,4.853,,0,nearest_robot=robot3
806.000,original,-,fleet,MIN_DISTANCE_AVG,OK,4.853,,,0,robots_sampled=4
807.000,original,-,robot1,MIN_DISTANCE,OK,2.126,4.780,,0,nearest_robot=robot2
807.000,original,-,robot2,MIN_DISTANCE,OK,1.714,4.780,,0,nearest_robot=robot3
807.000,original,-,robot3,MIN_DISTANCE,OK,1.714,4.780,,0,nearest_robot=robot2
807.000,original,-,robot4,MIN_DISTANCE,OK,13.568,4.780,,0,nearest_robot=robot3
807.000,original,-,fleet,MIN_DISTANCE_AVG,OK,4.780,,,0,robots_sampled=4
808.000,original,-,robot1,MIN_DISTANCE,OK,2.126,4.709,,0,nearest_robot=robot2
808.000,original,-,robot2,MIN_DISTANCE,OK,1.714,4.709,,0,nearest_robot=robot3
808.000,original,-,robot3,MIN_DISTANCE,OK,1.714,4.709,,0,nearest_robot=robot2
808.000,original,-,robot4,MIN_DISTANCE,OK,13.281,4.709,,0,nearest_robot=robot3
808.000,original,-,fleet,MIN_DISTANCE_AVG,OK,4.709,,,0,robots_sampled=4
809.000,original,-,robot1,MIN_DISTANCE,OK,2.126,4.642,,0,nearest_robot=robot2
809.000,original,-,robot2,MIN_DISTANCE,OK,1.714,4.642,,0,nearest_robot=robot3
809.000,original,-,robot3,MIN_DISTANCE,OK,1.714,4.642,,0,nearest_robot=robot2
809.000,original,-,robot4,MIN_DISTANCE,OK,13.016,4.642,,0,nearest_robot=robot3
809.000,original,-,fleet,MIN_DISTANCE_AVG,OK,4.642,,,0,robots_sampled=4
810.000,original,-,robot1,MIN_DISTANCE,OK,2.126,4.594,,0,nearest_robot=robot2
810.000,original,-,robot2,MIN_DISTANCE,OK,1.714,4.594,,0,nearest_robot=robot3
810.000,original,-,robot3,MIN_DISTANCE,OK,1.714,4.594,,0,nearest_robot=robot2
810.000,original,-,robot4,MIN_DISTANCE,OK,12.824,4.594,,0,nearest_robot=robot3
810.000,original,-,fleet,MIN_DISTANCE_AVG,OK,4.594,,,0,robots_sampled=4
811.000,original,-,robot1,MIN_DISTANCE,OK,2.126,4.544,,0,nearest_robot=robot2
811.000,original,-,robot2,MIN_DISTANCE,OK,1.714,4.544,,0,nearest_robot=robot3
811.000,original,-,robot3,MIN_DISTANCE,OK,1.714,4.544,,0,nearest_robot=robot2
811.000,original,-,robot4,MIN_DISTANCE,OK,12.624,4.544,,0,nearest_robot=robot3
811.000,original,-,fleet,MIN_DISTANCE_AVG,OK,4.544,,,0,robots_sampled=4
812.000,original,-,robot1,MIN_DISTANCE,OK,2.126,4.509,,0,nearest_robot=robot2
812.000,original,-,robot2,MIN_DISTANCE,OK,1.714,4.509,,0,nearest_robot=robot3
812.000,original,-,robot3,MIN_DISTANCE,OK,1.714,4.509,,0,nearest_robot=robot2
812.000,original,-,robot4,MIN_DISTANCE,OK,12.482,4.509,,0,nearest_robot=robot3
812.000,original,-,fleet,MIN_DISTANCE_AVG,OK,4.509,,,0,robots_sampled=4
813.000,original,-,robot1,MIN_DISTANCE,OK,2.126,4.502,,0,nearest_robot=robot2
813.000,original,-,robot2,MIN_DISTANCE,OK,1.714,4.502,,0,nearest_robot=robot3
813.000,original,-,robot3,MIN_DISTANCE,OK,1.714,4.502,,0,nearest_robot=robot2
813.000,original,-,robot4,MIN_DISTANCE,OK,12.454,4.502,,0,nearest_robot=robot3
813.000,original,-,fleet,MIN_DISTANCE_AVG,OK,4.502,,,0,robots_sampled=4
814.000,original,-,robot1,MIN_DISTANCE,OK,2.126,4.543,,0,nearest_robot=robot2
814.000,original,-,robot2,MIN_DISTANCE,OK,1.714,4.543,,0,nearest_robot=robot3
814.000,original,-,robot3,MIN_DISTANCE,OK,1.714,4.543,,0,nearest_robot=robot2
814.000,original,-,robot4,MIN_DISTANCE,OK,12.620,4.543,,0,nearest_robot=robot3
814.000,original,-,fleet,MIN_DISTANCE_AVG,OK,4.543,,,0,robots_sampled=4
815.000,original,-,robot1,MIN_DISTANCE,OK,2.126,4.588,,0,nearest_robot=robot2
815.000,original,-,robot2,MIN_DISTANCE,OK,1.714,4.588,,0,nearest_robot=robot3
815.000,original,-,robot3,MIN_DISTANCE,OK,1.714,4.588,,0,nearest_robot=robot2
815.000,original,-,robot4,MIN_DISTANCE,OK,12.799,4.588,,0,nearest_robot=robot3
815.000,original,-,fleet,MIN_DISTANCE_AVG,OK,4.588,,,0,robots_sampled=4
816.000,original,-,robot1,MIN_DISTANCE,OK,2.126,4.648,,0,nearest_robot=robot2
816.000,original,-,robot2,MIN_DISTANCE,OK,1.714,4.648,,0,nearest_robot=robot3
816.000,original,-,robot3,MIN_DISTANCE,OK,1.714,4.648,,0,nearest_robot=robot2
816.000,original,-,robot4,MIN_DISTANCE,OK,13.037,4.648,,0,nearest_robot=robot3
816.000,original,-,fleet,MIN_DISTANCE_AVG,OK,4.648,,,0,robots_sampled=4
817.000,original,-,robot1,MIN_DISTANCE,OK,2.126,4.704,,0,nearest_robot=robot2
817.000,original,-,robot2,MIN_DISTANCE,OK,1.714,4.704,,0,nearest_robot=robot3
817.000,original,-,robot3,MIN_DISTANCE,OK,1.714,4.704,,0,nearest_robot=robot2
817.000,original,-,robot4,MIN_DISTANCE,OK,13.264,4.704,,0,nearest_robot=robot3
817.000,original,-,fleet,MIN_DISTANCE_AVG,OK,4.704,,,0,robots_sampled=4
818.000,original,-,robot1,MIN_DISTANCE,OK,2.126,4.764,,0,nearest_robot=robot2
818.000,original,-,robot2,MIN_DISTANCE,OK,1.714,4.764,,0,nearest_robot=robot3
818.000,original,-,robot3,MIN_DISTANCE,OK,1.714,4.764,,0,nearest_robot=robot2
818.000,original,-,robot4,MIN_DISTANCE,OK,13.503,4.764,,0,nearest_robot=robot3
818.000,original,-,fleet,MIN_DISTANCE_AVG,OK,4.764,,,0,robots_sampled=4
819.000,original,-,robot1,MIN_DISTANCE,OK,2.126,4.815,,0,nearest_robot=robot2
819.000,original,-,robot2,MIN_DISTANCE,OK,1.714,4.815,,0,nearest_robot=robot3
819.000,original,-,robot3,MIN_DISTANCE,OK,1.714,4.815,,0,nearest_robot=robot2
819.000,original,-,robot4,MIN_DISTANCE,OK,13.706,4.815,,0,nearest_robot=robot3
819.000,original,-,fleet,MIN_DISTANCE_AVG,OK,4.815,,,0,robots_sampled=4
820.000,original,-,robot1,MIN_DISTANCE,OK,2.126,4.856,,0,nearest_robot=robot2
820.000,original,-,robot2,MIN_DISTANCE,OK,1.714,4.856,,0,nearest_robot=robot3
820.000,original,-,robot3,MIN_DISTANCE,OK,1.714,4.856,,0,nearest_robot=robot2
820.000,original,-,robot4,MIN_DISTANCE,OK,13.871,4.856,,0,nearest_robot=robot3
820.000,original,-,fleet,MIN_DISTANCE_AVG,OK,4.856,,,0,robots_sampled=4
821.000,original,-,robot1,MIN_DISTANCE,OK,2.126,4.886,,0,nearest_robot=robot2
821.000,original,-,robot2,MIN_DISTANCE,OK,1.714,4.886,,0,nearest_robot=robot3
821.000,original,-,robot3,MIN_DISTANCE,OK,1.714,4.886,,0,nearest_robot=robot2
821.000,original,-,robot4,MIN_DISTANCE,OK,13.991,4.886,,0,nearest_robot=robot3
821.000,original,-,fleet,MIN_DISTANCE_AVG,OK,4.886,,,0,robots_sampled=4
822.000,original,-,robot1,MIN_DISTANCE,OK,2.126,4.893,,0,nearest_robot=robot2
822.000,original,-,robot2,MIN_DISTANCE,OK,1.714,4.893,,0,nearest_robot=robot3
822.000,original,-,robot3,MIN_DISTANCE,OK,1.714,4.893,,0,nearest_robot=robot2
822.000,original,-,robot4,MIN_DISTANCE,OK,14.020,4.893,,0,nearest_robot=robot3
822.000,original,-,fleet,MIN_DISTANCE_AVG,OK,4.893,,,0,robots_sampled=4
823.000,original,-,robot1,MIN_DISTANCE,OK,2.126,4.914,,0,nearest_robot=robot2
823.000,original,-,robot2,MIN_DISTANCE,OK,1.714,4.914,,0,nearest_robot=robot3
823.000,original,-,robot3,MIN_DISTANCE,OK,1.714,4.914,,0,nearest_robot=robot2
823.000,original,-,robot4,MIN_DISTANCE,OK,14.101,4.914,,0,nearest_robot=robot3
823.000,original,-,fleet,MIN_DISTANCE_AVG,OK,4.914,,,0,robots_sampled=4
824.000,original,-,robot1,MIN_DISTANCE,OK,2.126,4.959,,0,nearest_robot=robot2
824.000,original,-,robot2,MIN_DISTANCE,OK,1.714,4.959,,0,nearest_robot=robot3
824.000,original,-,robot3,MIN_DISTANCE,OK,1.714,4.959,,0,nearest_robot=robot2
824.000,original,-,robot4,MIN_DISTANCE,OK,14.283,4.959,,0,nearest_robot=robot3
824.000,original,-,fleet,MIN_DISTANCE_AVG,OK,4.959,,,0,robots_sampled=4
825.000,original,-,robot1,MIN_DISTANCE,OK,2.126,5.040,,0,nearest_robot=robot2
825.000,original,-,robot2,MIN_DISTANCE,OK,1.714,5.040,,0,nearest_robot=robot3
825.000,original,-,robot3,MIN_DISTANCE,OK,1.714,5.040,,0,nearest_robot=robot2
825.000,original,-,robot4,MIN_DISTANCE,OK,14.607,5.040,,0,nearest_robot=robot3
825.000,original,-,fleet,MIN_DISTANCE_AVG,OK,5.040,,,0,robots_sampled=4
826.000,original,-,robot1,MIN_DISTANCE,OK,2.126,5.136,,0,nearest_robot=robot2
826.000,original,-,robot2,MIN_DISTANCE,OK,1.714,5.136,,0,nearest_robot=robot3
826.000,original,-,robot3,MIN_DISTANCE,OK,1.714,5.136,,0,nearest_robot=robot2
826.000,original,-,robot4,MIN_DISTANCE,OK,14.990,5.136,,0,nearest_robot=robot3
826.000,original,-,fleet,MIN_DISTANCE_AVG,OK,5.136,,,0,robots_sampled=4
827.000,original,-,robot1,MIN_DISTANCE,OK,2.126,5.224,,0,nearest_robot=robot2
827.000,original,-,robot2,MIN_DISTANCE,OK,1.714,5.224,,0,nearest_robot=robot3
827.000,original,-,robot3,MIN_DISTANCE,OK,1.714,5.224,,0,nearest_robot=robot2
827.000,original,-,robot4,MIN_DISTANCE,OK,15.343,5.224,,0,nearest_robot=robot3
827.000,original,-,fleet,MIN_DISTANCE_AVG,OK,5.224,,,0,robots_sampled=4
828.000,original,-,robot1,MIN_DISTANCE,OK,2.126,5.304,,0,nearest_robot=robot2
828.000,original,-,robot2,MIN_DISTANCE,OK,1.714,5.304,,0,nearest_robot=robot3
828.000,original,-,robot3,MIN_DISTANCE,OK,1.714,5.304,,0,nearest_robot=robot2
828.000,original,-,robot4,MIN_DISTANCE,OK,15.661,5.304,,0,nearest_robot=robot3
828.000,original,-,fleet,MIN_DISTANCE_AVG,OK,5.304,,,0,robots_sampled=4
829.000,original,-,robot1,MIN_DISTANCE,OK,2.126,5.321,,0,nearest_robot=robot2
829.000,original,-,robot2,MIN_DISTANCE,OK,1.714,5.321,,0,nearest_robot=robot3
829.000,original,-,robot3,MIN_DISTANCE,OK,1.714,5.321,,0,nearest_robot=robot2
829.000,original,-,robot4,MIN_DISTANCE,OK,15.730,5.321,,0,nearest_robot=robot3
829.000,original,-,fleet,MIN_DISTANCE_AVG,OK,5.321,,,0,robots_sampled=4
830.000,original,-,robot1,MIN_DISTANCE,OK,2.126,5.322,,0,nearest_robot=robot2
830.000,original,-,robot2,MIN_DISTANCE,OK,1.714,5.322,,0,nearest_robot=robot3
830.000,original,-,robot3,MIN_DISTANCE,OK,1.714,5.322,,0,nearest_robot=robot2
830.000,original,-,robot4,MIN_DISTANCE,OK,15.733,5.322,,0,nearest_robot=robot3
830.000,original,-,fleet,MIN_DISTANCE_AVG,OK,5.322,,,0,robots_sampled=4
831.000,original,-,robot1,MIN_DISTANCE,OK,2.126,5.322,,0,nearest_robot=robot2
831.000,original,-,robot2,MIN_DISTANCE,OK,1.714,5.322,,0,nearest_robot=robot3
831.000,original,-,robot3,MIN_DISTANCE,OK,1.714,5.322,,0,nearest_robot=robot2
831.000,original,-,robot4,MIN_DISTANCE,OK,15.733,5.322,,0,nearest_robot=robot3
831.000,original,-,fleet,MIN_DISTANCE_AVG,OK,5.322,,,0,robots_sampled=4
832.000,original,-,robot1,MIN_DISTANCE,OK,2.126,5.322,,0,nearest_robot=robot2
832.000,original,-,robot2,MIN_DISTANCE,OK,1.714,5.322,,0,nearest_robot=robot3
832.000,original,-,robot3,MIN_DISTANCE,OK,1.714,5.322,,0,nearest_robot=robot2
832.000,original,-,robot4,MIN_DISTANCE,OK,15.733,5.322,,0,nearest_robot=robot3
832.000,original,-,fleet,MIN_DISTANCE_AVG,OK,5.322,,,0,robots_sampled=4
833.000,original,-,robot1,MIN_DISTANCE,OK,2.126,5.322,,0,nearest_robot=robot2
833.000,original,-,robot2,MIN_DISTANCE,OK,1.714,5.322,,0,nearest_robot=robot3
833.000,original,-,robot3,MIN_DISTANCE,OK,1.714,5.322,,0,nearest_robot=robot2
833.000,original,-,robot4,MIN_DISTANCE,OK,15.733,5.322,,0,nearest_robot=robot3
833.000,original,-,fleet,MIN_DISTANCE_AVG,OK,5.322,,,0,robots_sampled=4
834.000,original,-,robot1,MIN_DISTANCE,OK,2.126,5.322,,0,nearest_robot=robot2
834.000,original,-,robot2,MIN_DISTANCE,OK,1.714,5.322,,0,nearest_robot=robot3
834.000,original,-,robot3,MIN_DISTANCE,OK,1.714,5.322,,0,nearest_robot=robot2
834.000,original,-,robot4,MIN_DISTANCE,OK,15.733,5.322,,0,nearest_robot=robot3
834.000,original,-,fleet,MIN_DISTANCE_AVG,OK,5.322,,,0,robots_sampled=4
835.000,original,-,robot1,MIN_DISTANCE,OK,2.126,5.322,,0,nearest_robot=robot2
835.000,original,-,robot2,MIN_DISTANCE,OK,1.714,5.322,,0,nearest_robot=robot3
835.000,original,-,robot3,MIN_DISTANCE,OK,1.714,5.322,,0,nearest_robot=robot2
835.000,original,-,robot4,MIN_DISTANCE,OK,15.733,5.322,,0,nearest_robot=robot3
835.000,original,-,fleet,MIN_DISTANCE_AVG,OK,5.322,,,0,robots_sampled=4
836.000,original,-,robot1,MIN_DISTANCE,OK,2.126,5.322,,0,nearest_robot=robot2
836.000,original,-,robot2,MIN_DISTANCE,OK,1.714,5.322,,0,nearest_robot=robot3
836.000,original,-,robot3,MIN_DISTANCE,OK,1.714,5.322,,0,nearest_robot=robot2
836.000,original,-,robot4,MIN_DISTANCE,OK,15.733,5.322,,0,nearest_robot=robot3
836.000,original,-,fleet,MIN_DISTANCE_AVG,OK,5.322,,,0,robots_sampled=4
837.000,original,-,robot1,MIN_DISTANCE,OK,2.126,5.322,,0,nearest_robot=robot2
837.000,original,-,robot2,MIN_DISTANCE,OK,1.714,5.322,,0,nearest_robot=robot3
837.000,original,-,robot3,MIN_DISTANCE,OK,1.714,5.322,,0,nearest_robot=robot2
837.000,original,-,robot4,MIN_DISTANCE,OK,15.733,5.322,,0,nearest_robot=robot3
837.000,original,-,fleet,MIN_DISTANCE_AVG,OK,5.322,,,0,robots_sampled=4
838.000,original,-,robot1,MIN_DISTANCE,OK,2.126,5.322,,0,nearest_robot=robot2
838.000,original,-,robot2,MIN_DISTANCE,OK,1.714,5.322,,0,nearest_robot=robot3
838.000,original,-,robot3,MIN_DISTANCE,OK,1.714,5.322,,0,nearest_robot=robot2
838.000,original,-,robot4,MIN_DISTANCE,OK,15.733,5.322,,0,nearest_robot=robot3
838.000,original,-,fleet,MIN_DISTANCE_AVG,OK,5.322,,,0,robots_sampled=4
839.000,original,-,robot1,MIN_DISTANCE,OK,2.126,5.322,,0,nearest_robot=robot2
839.000,original,-,robot2,MIN_DISTANCE,OK,1.714,5.322,,0,nearest_robot=robot3
839.000,original,-,robot3,MIN_DISTANCE,OK,1.714,5.322,,0,nearest_robot=robot2
839.000,original,-,robot4,MIN_DISTANCE,OK,15.733,5.322,,0,nearest_robot=robot3
839.000,original,-,fleet,MIN_DISTANCE_AVG,OK,5.322,,,0,robots_sampled=4
840.000,original,-,robot1,MIN_DISTANCE,OK,2.126,5.322,,0,nearest_robot=robot2
840.000,original,-,robot2,MIN_DISTANCE,OK,1.714,5.322,,0,nearest_robot=robot3
840.000,original,-,robot3,MIN_DISTANCE,OK,1.714,5.322,,0,nearest_robot=robot2
840.000,original,-,robot4,MIN_DISTANCE,OK,15.733,5.322,,0,nearest_robot=robot3
840.000,original,-,fleet,MIN_DISTANCE_AVG,OK,5.322,,,0,robots_sampled=4
841.000,original,-,robot1,MIN_DISTANCE,OK,2.126,5.322,,0,nearest_robot=robot2
841.000,original,-,robot2,MIN_DISTANCE,OK,1.714,5.322,,0,nearest_robot=robot3
841.000,original,-,robot3,MIN_DISTANCE,OK,1.714,5.322,,0,nearest_robot=robot2
841.000,original,-,robot4,MIN_DISTANCE,OK,15.733,5.322,,0,nearest_robot=robot3
841.000,original,-,fleet,MIN_DISTANCE_AVG,OK,5.322,,,0,robots_sampled=4
842.000,original,-,robot1,MIN_DISTANCE,OK,2.126,5.322,,0,nearest_robot=robot2
842.000,original,-,robot2,MIN_DISTANCE,OK,1.714,5.322,,0,nearest_robot=robot3
842.000,original,-,robot3,MIN_DISTANCE,OK,1.714,5.322,,0,nearest_robot=robot2
842.000,original,-,robot4,MIN_DISTANCE,OK,15.733,5.322,,0,nearest_robot=robot3
842.000,original,-,fleet,MIN_DISTANCE_AVG,OK,5.322,,,0,robots_sampled=4
843.000,original,-,robot1,MIN_DISTANCE,OK,2.126,5.322,,0,nearest_robot=robot2
843.000,original,-,robot2,MIN_DISTANCE,OK,1.714,5.322,,0,nearest_robot=robot3
843.000,original,-,robot3,MIN_DISTANCE,OK,1.714,5.322,,0,nearest_robot=robot2
843.000,original,-,robot4,MIN_DISTANCE,OK,15.733,5.322,,0,nearest_robot=robot3
843.000,original,-,fleet,MIN_DISTANCE_AVG,OK,5.322,,,0,robots_sampled=4
844.000,original,-,robot1,MIN_DISTANCE,OK,2.126,5.322,,0,nearest_robot=robot2
844.000,original,-,robot2,MIN_DISTANCE,OK,1.714,5.322,,0,nearest_robot=robot3
844.000,original,-,robot3,MIN_DISTANCE,OK,1.714,5.322,,0,nearest_robot=robot2
844.000,original,-,robot4,MIN_DISTANCE,OK,15.733,5.322,,0,nearest_robot=robot3
844.000,original,-,fleet,MIN_DISTANCE_AVG,OK,5.322,,,0,robots_sampled=4
845.000,original,-,robot1,MIN_DISTANCE,OK,2.126,5.322,,0,nearest_robot=robot2
845.000,original,-,robot2,MIN_DISTANCE,OK,1.714,5.322,,0,nearest_robot=robot3
845.000,original,-,robot3,MIN_DISTANCE,OK,1.714,5.322,,0,nearest_robot=robot2
845.000,original,-,robot4,MIN_DISTANCE,OK,15.733,5.322,,0,nearest_robot=robot3
845.000,original,-,fleet,MIN_DISTANCE_AVG,OK,5.322,,,0,robots_sampled=4
846.000,original,-,robot1,MIN_DISTANCE,OK,2.126,5.322,,0,nearest_robot=robot2
846.000,original,-,robot2,MIN_DISTANCE,OK,1.714,5.322,,0,nearest_robot=robot3
846.000,original,-,robot3,MIN_DISTANCE,OK,1.714,5.322,,0,nearest_robot=robot2
846.000,original,-,robot4,MIN_DISTANCE,OK,15.733,5.322,,0,nearest_robot=robot3
846.000,original,-,fleet,MIN_DISTANCE_AVG,OK,5.322,,,0,robots_sampled=4
847.000,original,-,robot1,MIN_DISTANCE,OK,2.126,5.322,,0,nearest_robot=robot2
847.000,original,-,robot2,MIN_DISTANCE,OK,1.714,5.322,,0,nearest_robot=robot3
847.000,original,-,robot3,MIN_DISTANCE,OK,1.714,5.322,,0,nearest_robot=robot2
847.000,original,-,robot4,MIN_DISTANCE,OK,15.733,5.322,,0,nearest_robot=robot3
847.000,original,-,fleet,MIN_DISTANCE_AVG,OK,5.322,,,0,robots_sampled=4
848.000,original,-,robot1,MIN_DISTANCE,OK,2.126,5.322,,0,nearest_robot=robot2
848.000,original,-,robot2,MIN_DISTANCE,OK,1.714,5.322,,0,nearest_robot=robot3
848.000,original,-,robot3,MIN_DISTANCE,OK,1.714,5.322,,0,nearest_robot=robot2
848.000,original,-,robot4,MIN_DISTANCE,OK,15.733,5.322,,0,nearest_robot=robot3
848.000,original,-,fleet,MIN_DISTANCE_AVG,OK,5.322,,,0,robots_sampled=4
849.000,original,-,robot1,MIN_DISTANCE,OK,2.126,5.322,,0,nearest_robot=robot2
849.000,original,-,robot2,MIN_DISTANCE,OK,1.714,5.322,,0,nearest_robot=robot3
849.000,original,-,robot3,MIN_DISTANCE,OK,1.714,5.322,,0,nearest_robot=robot2
849.000,original,-,robot4,MIN_DISTANCE,OK,15.733,5.322,,0,nearest_robot=robot3
849.000,original,-,fleet,MIN_DISTANCE_AVG,OK,5.322,,,0,robots_sampled=4
850.000,original,-,robot1,MIN_DISTANCE,OK,2.126,5.322,,0,nearest_robot=robot2
850.000,original,-,robot2,MIN_DISTANCE,OK,1.714,5.322,,0,nearest_robot=robot3
850.000,original,-,robot3,MIN_DISTANCE,OK,1.714,5.322,,0,nearest_robot=robot2
850.000,original,-,robot4,MIN_DISTANCE,OK,15.733,5.322,,0,nearest_robot=robot3
850.000,original,-,fleet,MIN_DISTANCE_AVG,OK,5.322,,,0,robots_sampled=4
851.000,original,-,robot1,MIN_DISTANCE,OK,2.126,5.322,,0,nearest_robot=robot2
851.000,original,-,robot2,MIN_DISTANCE,OK,1.714,5.322,,0,nearest_robot=robot3
851.000,original,-,robot3,MIN_DISTANCE,OK,1.714,5.322,,0,nearest_robot=robot2
851.000,original,-,robot4,MIN_DISTANCE,OK,15.733,5.322,,0,nearest_robot=robot3
851.000,original,-,fleet,MIN_DISTANCE_AVG,OK,5.322,,,0,robots_sampled=4
852.000,original,-,robot1,MIN_DISTANCE,OK,2.126,5.322,,0,nearest_robot=robot2
852.000,original,-,robot2,MIN_DISTANCE,OK,1.714,5.322,,0,nearest_robot=robot3
852.000,original,-,robot3,MIN_DISTANCE,OK,1.714,5.322,,0,nearest_robot=robot2
852.000,original,-,robot4,MIN_DISTANCE,OK,15.733,5.322,,0,nearest_robot=robot3
852.000,original,-,fleet,MIN_DISTANCE_AVG,OK,5.322,,,0,robots_sampled=4
853.000,original,-,robot1,MIN_DISTANCE,OK,2.126,5.322,,0,nearest_robot=robot2
853.000,original,-,robot2,MIN_DISTANCE,OK,1.714,5.322,,0,nearest_robot=robot3
853.000,original,-,robot3,MIN_DISTANCE,OK,1.714,5.322,,0,nearest_robot=robot2
853.000,original,-,robot4,MIN_DISTANCE,OK,15.733,5.322,,0,nearest_robot=robot3
853.000,original,-,fleet,MIN_DISTANCE_AVG,OK,5.322,,,0,robots_sampled=4
854.000,original,-,robot1,MIN_DISTANCE,OK,2.126,5.322,,0,nearest_robot=robot2
854.000,original,-,robot2,MIN_DISTANCE,OK,1.714,5.322,,0,nearest_robot=robot3
854.000,original,-,robot3,MIN_DISTANCE,OK,1.714,5.322,,0,nearest_robot=robot2
854.000,original,-,robot4,MIN_DISTANCE,OK,15.733,5.322,,0,nearest_robot=robot3
854.000,original,-,fleet,MIN_DISTANCE_AVG,OK,5.322,,,0,robots_sampled=4
855.000,original,-,robot1,MIN_DISTANCE,OK,2.126,5.322,,0,nearest_robot=robot2
855.000,original,-,robot2,MIN_DISTANCE,OK,1.714,5.322,,0,nearest_robot=robot3
855.000,original,-,robot3,MIN_DISTANCE,OK,1.714,5.322,,0,nearest_robot=robot2
855.000,original,-,robot4,MIN_DISTANCE,OK,15.733,5.322,,0,nearest_robot=robot3
855.000,original,-,fleet,MIN_DISTANCE_AVG,OK,5.322,,,0,robots_sampled=4
856.000,original,-,robot1,MIN_DISTANCE,OK,2.126,5.322,,0,nearest_robot=robot2
856.000,original,-,robot2,MIN_DISTANCE,OK,1.714,5.322,,0,nearest_robot=robot3
856.000,original,-,robot3,MIN_DISTANCE,OK,1.714,5.322,,0,nearest_robot=robot2
856.000,original,-,robot4,MIN_DISTANCE,OK,15.733,5.322,,0,nearest_robot=robot3
856.000,original,-,fleet,MIN_DISTANCE_AVG,OK,5.322,,,0,robots_sampled=4
857.000,original,-,robot1,MIN_DISTANCE,OK,2.126,5.322,,0,nearest_robot=robot2
857.000,original,-,robot2,MIN_DISTANCE,OK,1.714,5.322,,0,nearest_robot=robot3
857.000,original,-,robot3,MIN_DISTANCE,OK,1.714,5.322,,0,nearest_robot=robot2
857.000,original,-,robot4,MIN_DISTANCE,OK,15.733,5.322,,0,nearest_robot=robot3
857.000,original,-,fleet,MIN_DISTANCE_AVG,OK,5.322,,,0,robots_sampled=4
858.000,original,-,robot1,MIN_DISTANCE,OK,2.126,5.322,,0,nearest_robot=robot2
858.000,original,-,robot2,MIN_DISTANCE,OK,1.714,5.322,,0,nearest_robot=robot3
858.000,original,-,robot3,MIN_DISTANCE,OK,1.714,5.322,,0,nearest_robot=robot2
858.000,original,-,robot4,MIN_DISTANCE,OK,15.733,5.322,,0,nearest_robot=robot3
858.000,original,-,fleet,MIN_DISTANCE_AVG,OK,5.322,,,0,robots_sampled=4
