timestamp,run_id,task_id,robot_id,event,status,allocation_cost,duration,path,collision_flag,message
48.000,original,-,robot1,MIN_DISTANCE,OK,12.416,10.587,,0,nearest_robot=robot6
48.000,original,-,robot2,MIN_DISTANCE,OK,12.510,10.587,,0,nearest_robot=robot1
48.000,original,-,robot3,MIN_DISTANCE,OK,6.490,10.587,,0,nearest_robot=robot4
48.000,original,-,robot4,MIN_DISTANCE,OK,6.490,10.587,,0,nearest_robot=robot3
48.000,original,-,robot5,MIN_DISTANCE,OK,13.200,10.587,,0,nearest_robot=robot4
48.000,original,-,robot6,MIN_DISTANCE,OK,12.416,10.587,,0,nearest_robot=robot1
48.000,original,-,fleet,MIN_DISTANCE_AVG,OK,10.587,,,0,robots_sampled=6
49.000,original,-,robot1,MIN_DISTANCE,OK,12.416,10.587,,0,nearest_robot=robot6
49.000,original,-,robot2,MIN_DISTANCE,OK,12.510,10.587,,0,nearest_robot=robot1
49.000,original,-,robot3,MIN_DISTANCE,OK,6.490,10.587,,0,nearest_robot=robot4
49.000,original,-,robot4,MIN_DISTANCE,OK,6.490,10.587,,0,nearest_robot=robot3
49.000,original,-,robot5,MIN_DISTANCE,OK,13.200,10.587,,0,nearest_robot=robot4
49.000,original,-,robot6,MIN_DISTANCE,OK,12.416,10.587,,0,nearest_robot=robot1
49.000,original,-,fleet,MIN_DISTANCE_AVG,OK,10.587,,,0,robots_sampled=6
50.000,original,-,robot1,MIN_DISTANCE,OK,12.416,10.587,,0,nearest_robot=robot6
50.000,original,-,robot2,MIN_DISTANCE,OK,12.510,10.587,,0,nearest_robot=robot1
50.000,original,-,robot3,MIN_DISTANCE,OK,6.490,10.587,,0,nearest_robot=robot4
50.000,original,-,robot4,MIN_DISTANCE,OK,6.490,10.587,,0,nearest_robot=robot3
50.000,original,-,robot5,MIN_DISTANCE,OK,13.200,10.587,,0,nearest_robot=robot4
50.000,original,-,robot6,MIN_DISTANCE,OK,12.416,10.587,,0,nearest_robot=robot1
50.000,original,-,fleet,MIN_DISTANCE_AVG,OK,10.587,,,0,robots_sampled=6
51.000,original,-,fleet,REPLAN_FULL,OK,,,robot1|robot2|robot3|robot4|robot5|robot6,0,original_full_optimization
51.000,original,-,robot1,MIN_DISTANCE,OK,12.416,10.587,,0,nearest_robot=robot6
51.000,original,-,robot2,MIN_DISTANCE,OK,12.510,10.587,,0,nearest_robot=robot1
51.000,original,-,robot3,MIN_DISTANCE,OK,6.490,10.587,,0,nearest_robot=robot4
51.000,original,-,robot4,MIN_DISTANCE,OK,6.490,10.587,,0,nearest_robot=robot3
51.000,original,-,robot5,MIN_DISTANCE,OK,13.200,10.587,,0,nearest_robot=robot4
51.000,original,-,robot6,MIN_DISTANCE,OK,12.416,10.587,,0,nearest_robot=robot1
51.000,original,-,fleet,MIN_DISTANCE_AVG,OK,10.587,,,0,robots_sampled=6
52.000,original,-,robot1,MIN_DISTANCE,OK,12.416,10.587,,0,nearest_robot=robot6
52.000,original,-,robot2,MIN_DISTANCE,OK,12.510,10.587,,0,nearest_robot=robot1
52.000,original,-,robot3,MIN_DISTANCE,OK,6.490,10.587,,0,nearest_robot=robot4
52.000,original,-,robot4,MIN_DISTANCE,OK,6.490,10.587,,0,nearest_robot=robot3
52.000,original,-,robot5,MIN_DISTANCE,OK,13.200,10.587,,0,nearest_robot=robot4
52.000,original,-,robot6,MIN_DISTANCE,OK,12.416,10.587,,0,nearest_robot=robot1
52.000,original,-,fleet,MIN_DISTANCE_AVG,OK,10.587,,,0,robots_sampled=6
53.000,original,-,robot1,MIN_DISTANCE,OK,12.416,10.587,,0,nearest_robot=robot6
53.000,original,-,robot2,MIN_DISTANCE,OK,12.510,10.587,,0,nearest_robot=robot1
53.000,original,-,robot3,MIN_DISTANCE,OK,6.490,10.587,,0,nearest_robot=robot4
53.000,original,-,robot4,MIN_DISTANCE,OK,6.490,10.587,,0,nearest_robot=robot3
53.000,original,-,robot5,MIN_DISTANCE,OK,13.200,10.587,,0,nearest_robot=robot4
53.000,original,-,robot6,MIN_DISTANCE,OK,12.416,10.587,,0,nearest_robot=robot1
53.000,original,-,fleet,MIN_DISTANCE_AVG,OK,10.587,,,0,robots_sampled=6
54.000,original,-,robot1,MIN_DISTANCE,OK,12.416,10.587,,0,nearest_robot=robot6
54.000,original,-,robot2,MIN_DISTANCE,OK,12.510,10.587,,0,nearest_robot=robot1
54.000,original,-,robot3,MIN_DISTANCE,OK,6.490,10.587,,0,nearest_robot=robot4
54.000,original,-,robot4,MIN_DISTANCE,OK,6.490,10.587,,0,nearest_robot=robot3
54.000,original,-,robot5,MIN_DISTANCE,OK,13.200,10.587,,0,nearest_robot=robot4
54.000,original,-,robot6,MIN_DISTANCE,OK,12.416,10.587,,0,nearest_robot=robot1
54.000,original,-,fleet,MIN_DISTANCE_AVG,OK,10.587,,,0,robots_sampled=6
55.000,original,-,robot1,MIN_DISTANCE,OK,12.416,10.587,,0,nearest_robot=robot6
55.000,original,-,robot2,MIN_DISTANCE,OK,12.510,10.587,,0,nearest_robot=robot1
55.000,original,-,robot3,MIN_DISTANCE,OK,6.490,10.587,,0,nearest_robot=robot4
55.000,original,-,robot4,MIN_DISTANCE,OK,6.490,10.587,,0,nearest_robot=robot3
55.000,original,-,robot5,MIN_DISTANCE,OK,13.200,10.587,,0,nearest_robot=robot4
55.000,original,-,robot6,MIN_DISTANCE,OK,12.416,10.587,,0,nearest_robot=robot1
55.000,original,-,fleet,MIN_DISTANCE_AVG,OK,10.587,,,0,robots_sampled=6
56.000,original,-,robot1,MIN_DISTANCE,OK,12.416,10.587,,0,nearest_robot=robot6
56.000,original,-,robot2,MIN_DISTANCE,OK,12.510,10.587,,0,nearest_robot=robot1
56.000,original,-,robot3,MIN_DISTANCE,OK,6.490,10.587,,0,nearest_robot=robot4
56.000,original,-,robot4,MIN_DISTANCE,OK,6.490,10.587,,0,nearest_robot=robot3
56.000,original,-,robot5,MIN_DISTANCE,OK,13.200,10.587,,0,nearest_robot=robot4
56.000,original,-,robot6,MIN_DISTANCE,OK,12.416,10.587,,0,nearest_robot=robot1
56.000,original,-,fleet,MIN_DISTANCE_AVG,OK,10.587,,,0,robots_sampled=6
57.000,original,-,robot1,MIN_DISTANCE,OK,12.416,10.587,,0,nearest_robot=robot6
57.000,original,-,robot2,MIN_DISTANCE,OK,12.510,10.587,,0,nearest_robot=robot1
57.000,original,-,robot3,MIN_DISTANCE,OK,6.490,10.587,,0,nearest_robot=robot4
57.000,original,-,robot4,MIN_DISTANCE,OK,6.490,10.587,,0,nearest_robot=robot3
57.000,original,-,robot5,MIN_DISTANCE,OK,13.200,10.587,,0,nearest_robot=robot4
57.000,original,-,robot6,MIN_DISTANCE,OK,12.416,10.587,,0,nearest_robot=robot1
57.000,original,-,fleet,MIN_DISTANCE_AVG,OK,10.587,,,0,robots_sampled=6
58.000,original,-,robot1,MIN_DISTANCE,OK,12.416,10.587,,0,nearest_robot=robot6
58.000,original,-,robot2,MIN_DISTANCE,OK,12.510,10.587,,0,nearest_robot=robot1
58.000,original,-,robot3,MIN_DISTANCE,OK,6.490,10.587,,0,nearest_robot=robot4
58.000,original,-,robot4,MIN_DISTANCE,OK,6.490,10.587,,0,nearest_robot=robot3
58.000,original,-,robot5,MIN_DISTANCE,OK,13.200,10.587,,0,nearest_robot=robot4
58.000,original,-,robot6,MIN_DISTANCE,OK,12.416,10.587,,0,nearest_robot=robot1
58.000,original,-,fleet,MIN_DISTANCE_AVG,OK,10.587,,,0,robots_sampled=6
59.000,original,-,robot1,MIN_DISTANCE,OK,12.416,10.587,,0,nearest_robot=robot6
59.000,original,-,robot2,MIN_DISTANCE,OK,12.510,10.587,,0,nearest_robot=robot1
59.000,original,-,robot3,MIN_DISTANCE,OK,6.490,10.587,,0,nearest_robot=robot4
59.000,original,-,robot4,MIN_DISTANCE,OK,6.490,10.587,,0,nearest_robot=robot3
59.000,original,-,robot5,MIN_DISTANCE,OK,13.200,10.587,,0,nearest_robot=robot4
59.000,original,-,robot6,MIN_DISTANCE,OK,12.416,10.587,,0,nearest_robot=robot1
59.000,original,-,fleet,MIN_DISTANCE_AVG,OK,10.587,,,0,robots_sampled=6
60.000,original,-,robot1,MIN_DISTANCE,OK,12.416,10.587,,0,nearest_robot=robot6
60.000,original,-,robot2,MIN_DISTANCE,OK,12.510,10.587,,0,nearest_robot=robot1
60.000,original,-,robot3,MIN_DISTANCE,OK,6.490,10.587,,0,nearest_robot=robot4
60.000,original,-,robot4,MIN_DISTANCE,OK,6.490,10.587,,0,nearest_robot=robot3
60.000,original,-,robot5,MIN_DISTANCE,OK,13.200,10.587,,0,nearest_robot=robot4
60.000,original,-,robot6,MIN_DISTANCE,OK,12.416,10.587,,0,nearest_robot=robot1
60.000,original,-,fleet,MIN_DISTANCE_AVG,OK,10.587,,,0,robots_sampled=6
61.000,original,-,robot1,MIN_DISTANCE,OK,12.416,10.587,,0,nearest_robot=robot6
61.000,original,-,robot2,MIN_DISTANCE,OK,12.510,10.587,,0,nearest_robot=robot1
61.000,original,-,robot3,MIN_DISTANCE,OK,6.490,10.587,,0,nearest_robot=robot4
61.000,original,-,robot4,MIN_DISTANCE,OK,6.490,10.587,,0,nearest_robot=robot3
61.000,original,-,robot5,MIN_DISTANCE,OK,13.200,10.587,,0,nearest_robot=robot4
61.000,original,-,robot6,MIN_DISTANCE,OK,12.416,10.587,,0,nearest_robot=robot1
61.000,original,-,fleet,MIN_DISTANCE_AVG,OK,10.587,,,0,robots_sampled=6
62.000,original,-,robot1,MIN_DISTANCE,OK,12.416,10.587,,0,nearest_robot=robot6
62.000,original,-,robot2,MIN_DISTANCE,OK,12.510,10.587,,0,nearest_robot=robot1
62.000,original,-,robot3,MIN_DISTANCE,OK,6.490,10.587,,0,nearest_robot=robot4
62.000,original,-,robot4,MIN_DISTANCE,OK,6.490,10.587,,0,nearest_robot=robot3
62.000,original,-,robot5,MIN_DISTANCE,OK,13.200,10.587,,0,nearest_robot=robot4
62.000,original,-,robot6,MIN_DISTANCE,OK,12.416,10.587,,0,nearest_robot=robot1
62.000,original,-,fleet,MIN_DISTANCE_AVG,OK,10.587,,,0,robots_sampled=6
63.000,original,-,robot1,MIN_DISTANCE,OK,12.416,10.587,,0,nearest_robot=robot6
63.000,original,-,robot2,MIN_DISTANCE,OK,12.510,10.587,,0,nearest_robot=robot1
63.000,original,-,robot3,MIN_DISTANCE,OK,6.490,10.587,,0,nearest_robot=robot4
63.000,original,-,robot4,MIN_DISTANCE,OK,6.490,10.587,,0,nearest_robot=robot3
63.000,original,-,robot5,MIN_DISTANCE,OK,13.200,10.587,,0,nearest_robot=robot4
63.000,original,-,robot6,MIN_DISTANCE,OK,12.416,10.587,,0,nearest_robot=robot1
63.000,original,-,fleet,MIN_DISTANCE_AVG,OK,10.587,,,0,robots_sampled=6
64.000,original,-,robot1,MIN_DISTANCE,OK,12.416,10.587,,0,nearest_robot=robot6
64.000,original,-,robot2,MIN_DISTANCE,OK,12.510,10.587,,0,nearest_robot=robot1
64.000,original,-,robot3,MIN_DISTANCE,OK,6.490,10.587,,0,nearest_robot=robot4
64.000,original,-,robot4,MIN_DISTANCE,OK,6.490,10.587,,0,nearest_robot=robot3
64.000,original,-,robot5,MIN_DISTANCE,OK,13.200,10.587,,0,nearest_robot=robot4
64.000,original,-,robot6,MIN_DISTANCE,OK,12.416,10.587,,0,nearest_robot=robot1
64.000,original,-,fleet,MIN_DISTANCE_AVG,OK,10.587,,,0,robots_sampled=6
65.000,original,-,robot1,MIN_DISTANCE,OK,12.416,10.587,,0,nearest_robot=robot6
65.000,original,-,robot2,MIN_DISTANCE,OK,12.510,10.587,,0,nearest_robot=robot1
65.000,original,-,robot3,MIN_DISTANCE,OK,6.490,10.587,,0,nearest_robot=robot4
65.000,original,-,robot4,MIN_DISTANCE,OK,6.490,10.587,,0,nearest_robot=robot3
65.000,original,-,robot5,MIN_DISTANCE,OK,13.200,10.587,,0,nearest_robot=robot4
65.000,original,-,robot6,MIN_DISTANCE,OK,12.416,10.587,,0,nearest_robot=robot1
65.000,original,-,fleet,MIN_DISTANCE_AVG,OK,10.587,,,0,robots_sampled=6
66.000,original,-,robot1,MIN_DISTANCE,OK,12.416,10.587,,0,nearest_robot=robot6
66.000,original,-,robot2,MIN_DISTANCE,OK,12.510,10.587,,0,nearest_robot=robot1
66.000,original,-,robot3,MIN_DISTANCE,OK,6.490,10.587,,0,nearest_robot=robot4
66.000,original,-,robot4,MIN_DISTANCE,OK,6.490,10.587,,0,nearest_robot=robot3
66.000,original,-,robot5,MIN_DISTANCE,OK,13.200,10.587,,0,nearest_robot=robot4
66.000,original,-,robot6,MIN_DISTANCE,OK,12.416,10.587,,0,nearest_robot=robot1
66.000,original,-,fleet,MIN_DISTANCE_AVG,OK,10.587,,,0,robots_sampled=6
67.000,original,-,robot1,MIN_DISTANCE,OK,12.416,10.587,,0,nearest_robot=robot6
67.000,original,-,robot2,MIN_DISTANCE,OK,12.510,10.587,,0,nearest_robot=robot1
67.000,original,-,robot3,MIN_DISTANCE,OK,6.490,10.587,,0,nearest_robot=robot4
67.000,original,-,robot4,MIN_DISTANCE,OK,6.490,10.587,,0,nearest_robot=robot3
67.000,original,-,robot5,MIN_DISTANCE,OK,13.200,10.587,,0,nearest_robot=robot4
67.000,original,-,robot6,MIN_DISTANCE,OK,12.416,10.587,,0,nearest_robot=robot1
67.000,original,-,fleet,MIN_DISTANCE_AVG,OK,10.587,,,0,robots_sampled=6
68.000,original,-,robot1,MIN_DISTANCE,OK,12.416,10.587,,0,nearest_robot=robot6
68.000,original,-,robot2,MIN_DISTANCE,OK,12.510,10.587,,0,nearest_robot=robot1
68.000,original,-,robot3,MIN_DISTANCE,OK,6.490,10.587,,0,nearest_robot=robot4
68.000,original,-,robot4,MIN_DISTANCE,OK,6.490,10.587,,0,nearest_robot=robot3
68.000,original,-,robot5,MIN_DISTANCE,OK,13.200,10.587,,0,nearest_robot=robot4
68.000,original,-,robot6,MIN_DISTANCE,OK,12.416,10.587,,0,nearest_robot=robot1
68.000,original,-,fleet,MIN_DISTANCE_AVG,OK,10.587,,,0,robots_sampled=6
69.000,original,-,robot1,MIN_DISTANCE,OK,12.416,10.587,,0,nearest_robot=robot6
69.000,original,-,robot2,MIN_DISTANCE,OK,12.510,10.587,,0,nearest_robot=robot1
69.000,original,-,robot3,MIN_DISTANCE,OK,6.490,10.587,,0,nearest_robot=robot4
69.000,original,-,robot4,MIN_DISTANCE,OK,6.490,10.587,,0,nearest_robot=robot3
69.000,original,-,robot5,MIN_DISTANCE,OK,13.200,10.587,,0,nearest_robot=robot4
69.000,original,-,robot6,MIN_DISTANCE,OK,12.416,10.587,,0,nearest_robot=robot1
69.000,original,-,fleet,MIN_DISTANCE_AVG,OK,10.587,,,0,robots_sampled=6
70.000,original,-,robot1,MIN_DISTANCE,OK,12.416,10.587,,0,nearest_robot=robot6
70.000,original,-,robot2,MIN_DISTANCE,OK,12.510,10.587,,0,nearest_robot=robot1
70.000,original,-,robot3,MIN_DISTANCE,OK,6.490,10.587,,0,nearest_robot=robot4
70.000,original,-,robot4,MIN_DISTANCE,OK,6.490,10.587,,0,nearest_robot=robot3
70.000,original,-,robot5,MIN_DISTANCE,OK,13.200,10.587,,0,nearest_robot=robot4
70.000,original,-,robot6,MIN_DISTANCE,OK,12.416,10.587,,0,nearest_robot=robot1
70.000,original,-,fleet,MIN_DISTANCE_AVG,OK,10.587,,,0,robots_sampled=6
71.000,original,-,robot1,MIN_DISTANCE,OK,12.416,10.587,,0,nearest_robot=robot6
71.000,original,-,robot2,MIN_DISTANCE,OK,12.510,10.587,,0,nearest_robot=robot1
71.000,original,-,robot3,MIN_DISTANCE,OK,6.490,10.587,,0,nearest_robot=robot4
71.000,original,-,robot4,MIN_DISTANCE,OK,6.490,10.587,,0,nearest_robot=robot3
71.000,original,-,robot5,MIN_DISTANCE,OK,13.200,10.587,,0,nearest_robot=robot4
71.000,original,-,robot6,MIN_DISTANCE,OK,12.416,10.587,,0,nearest_robot=robot1
71.000,original,-,fleet,MIN_DISTANCE_AVG,OK,10.587,,,0,robots_sampled=6
72.000,original,-,robot1,MIN_DISTANCE,OK,12.416,10.587,,0,nearest_robot=robot6
72.000,original,-,robot2,MIN_DISTANCE,OK,12.510,10.587,,0,nearest_robot=robot1
72.000,original,-,robot3,MIN_DISTANCE,OK,6.490,10.587,,0,nearest_robot=robot4
72.000,original,-,robot4,MIN_DISTANCE,OK,6.490,10.587,,0,nearest_robot=robot3
72.000,original,-,robot5,MIN_DISTANCE,OK,13.200,10.587,,0,nearest_robot=robot4
72.000,original,-,robot6,MIN_DISTANCE,OK,12.416,10.587,,0,nearest_robot=robot1
72.000,original,-,fleet,MIN_DISTANCE_AVG,OK,10.587,,,0,robots_sampled=6
73.000,original,-,robot1,MIN_DISTANCE,OK,12.416,10.587,,0,nearest_robot=robot6
73.000,original,-,robot2,MIN_DISTANCE,OK,12.510,10.587,,0,nearest_robot=robot1
73.000,original,-,robot3,MIN_DISTANCE,OK,6.490,10.587,,0,nearest_robot=robot4
73.000,original,-,robot4,MIN_DISTANCE,OK,6.490,10.587,,0,nearest_robot=robot3
73.000,original,-,robot5,MIN_DISTANCE,OK,13.200,10.587,,0,nearest_robot=robot4
73.000,original,-,robot6,MIN_DISTANCE,OK,12.416,10.587,,0,nearest_robot=robot1
73.000,original,-,fleet,MIN_DISTANCE_AVG,OK,10.587,,,0,robots_sampled=6
74.000,original,-,robot1,MIN_DISTANCE,OK,12.416,10.587,,0,nearest_robot=robot6
74.000,original,-,robot2,MIN_DISTANCE,OK,12.510,10.587,,0,nearest_robot=robot1
74.000,original,-,robot3,MIN_DISTANCE,OK,6.490,10.587,,0,nearest_robot=robot4
74.000,original,-,robot4,MIN_DISTANCE,OK,6.490,10.587,,0,nearest_robot=robot3
74.000,original,-,robot5,MIN_DISTANCE,OK,13.200,10.587,,0,nearest_robot=robot4
74.000,original,-,robot6,MIN_DISTANCE,OK,12.416,10.587,,0,nearest_robot=robot1
74.000,original,-,fleet,MIN_DISTANCE_AVG,OK,10.587,,,0,robots_sampled=6
75.000,original,-,robot1,MIN_DISTANCE,OK,12.416,10.587,,0,nearest_robot=robot6
75.000,original,-,robot2,MIN_DISTANCE,OK,12.510,10.587,,0,nearest_robot=robot1
75.000,original,-,robot3,MIN_DISTANCE,OK,6.490,10.587,,0,nearest_robot=robot4
75.000,original,-,robot4,MIN_DISTANCE,OK,6.490,10.587,,0,nearest_robot=robot3
75.000,original,-,robot5,MIN_DISTANCE,OK,13.200,10.587,,0,nearest_robot=robot4
75.000,original,-,robot6,MIN_DISTANCE,OK,12.416,10.587,,0,nearest_robot=robot1
75.000,original,-,fleet,MIN_DISTANCE_AVG,OK,10.587,,,0,robots_sampled=6
76.000,original,-,fleet,REPLAN_FULL,OK,,,robot1|robot2|robot3|robot4|robot5|robot6,0,original_full_optimization
76.000,original,-,robot1,MIN_DISTANCE,OK,12.391,10.583,,0,nearest_robot=robot6
76.000,original,-,robot2,MIN_DISTANCE,OK,12.536,10.583,,0,nearest_robot=robot1
76.000,original,-,robot3,MIN_DISTANCE,OK,6.490,10.583,,0,nearest_robot=robot4
76.000,original,-,robot4,MIN_DISTANCE,OK,6.490,10.583,,0,nearest_robot=robot3
76.000,original,-,robot5,MIN_DISTANCE,OK,13.200,10.583,,0,nearest_robot=robot4
76.000,original,-,robot6,MIN_DISTANCE,OK,12.391,10.583,,0,nearest_robot=robot1
76.000,original,-,fleet,MIN_DISTANCE_AVG,OK,10.583,,,0,robots_sampled=6
77.000,original,-,robot1,MIN_DISTANCE,OK,12.297,10.560,,0,nearest_robot=robot6
77.000,original,-,robot2,MIN_DISTANCE,OK,12.584,10.560,,0,nearest_robot=robot1
77.000,original,-,robot3,MIN_DISTANCE,OK,6.490,10.560,,0,nearest_robot=robot4
77.000,original,-,robot4,MIN_DISTANCE,OK,6.490,10.560,,0,nearest_robot=robot3
77.000,original,-,robot5,MIN_DISTANCE,OK,13.200,10.560,,0,nearest_robot=robot4
77.000,original,-,robot6,MIN_DISTANCE,OK,12.297,10.560,,0,nearest_robot=robot1
77.000,original,-,fleet,MIN_DISTANCE_AVG,OK,10.560,,,0,robots_sampled=6
78.000,original,-,robot1,MIN_DISTANCE,OK,12.190,10.524,,0,nearest_robot=robot6
78.000,original,-,robot2,MIN_DISTANCE,OK,12.586,10.524,,0,nearest_robot=robot1
78.000,original,-,robot3,MIN_DISTANCE,OK,6.490,10.524,,0,nearest_robot=robot4
78.000,original,-,robot4,MIN_DISTANCE,OK,6.490,10.524,,0,nearest_robot=robot3
78.000,original,-,robot5,MIN_DISTANCE,OK,13.200,10.524,,0,nearest_robot=robot4
78.000,original,-,robot6,MIN_DISTANCE,OK,12.190,10.524,,0,nearest_robot=robot1
78.000,original,-,fleet,MIN_DISTANCE_AVG,OK,10.524,,,0,robots_sampled=6
79.000,original,-,robot1,MIN_DISTANCE,OK,12.177,10.526,,0,nearest_robot=robot6
79.000,original,-,robot2,MIN_DISTANCE,OK,12.620,10.526,,0,nearest_robot=robot1
79.000,original,-,robot3,MIN_DISTANCE,OK,6.490,10.526,,0,nearest_robot=robot4
79.000,original,-,robot4,MIN_DISTANCE,OK,6.490,10.526,,0,nearest_robot=robot3
79.000,original,-,robot5,MIN_DISTANCE,OK,13.200,10.526,,0,nearest_robot=robot4
79.000,original,-,robot6,MIN_DISTANCE,OK,12.177,10.526,,0,nearest_robot=robot1
79.000,original,-,fleet,MIN_DISTANCE_AVG,OK,10.526,,,0,robots_sampled=6
80.000,original,-,robot1,MIN_DISTANCE,OK,12.158,10.569,,0,nearest_robot=robot6
80.000,original,-,robot2,MIN_DISTANCE,OK,12.918,10.569,,0,nearest_robot=robot1
80.000,original,-,robot3,MIN_DISTANCE,OK,6.490,10.569,,0,nearest_robot=robot4
80.000,original,-,robot4,MIN_DISTANCE,OK,6.490,10.569,,0,nearest_robot=robot3
80.000,original,-,robot5,MIN_DISTANCE,OK,13.200,10.569,,0,nearest_robot=robot4
80.000,original,-,robot6,MIN_DISTANCE,OK,12.158,10.569,,0,nearest_robot=robot1
80.000,original,-,fleet,MIN_DISTANCE_AVG,OK,10.569,,,0,robots_sampled=6
81.000,original,-,robot1,MIN_DISTANCE,OK,11.907,10.545,,0,nearest_robot=robot6
81.000,original,-,robot2,MIN_DISTANCE,OK,13.276,10.545,,0,nearest_robot=robot1
81.000,original,-,robot3,MIN_DISTANCE,OK,6.490,10.545,,0,nearest_robot=robot4
81.000,original,-,robot4,MIN_DISTANCE,OK,6.490,10.545,,0,nearest_robot=robot3
81.000,original,-,robot5,MIN_DISTANCE,OK,13.200,10.545,,0,nearest_robot=robot4
81.000,original,-,robot6,MIN_DISTANCE,OK,11.907,10.545,,0,nearest_robot=robot1
81.000,original,-,fleet,MIN_DISTANCE_AVG,OK,10.545,,,0,robots_sampled=6
82.000,original,-,robot1,MIN_DISTANCE,OK,11.619,10.494,,0,nearest_robot=robot6
82.000,original,-,robot2,MIN_DISTANCE,OK,13.544,10.494,,0,nearest_robot=robot1
82.000,original,-,robot3,MIN_DISTANCE,OK,6.490,10.494,,0,nearest_robot=robot4
82.000,original,-,robot4,MIN_DISTANCE,OK,6.490,10.494,,0,nearest_robot=robot3
82.000,original,-,robot5,MIN_DISTANCE,OK,13.200,10.494,,0,nearest_robot=robot4
82.000,original,-,robot6,MIN_DISTANCE,OK,11.619,10.494,,0,nearest_robot=robot1
82.000,original,-,fleet,MIN_DISTANCE_AVG,OK,10.494,,,0,robots_sampled=6
83.000,original,-,robot1,MIN_DISTANCE,OK,11.311,10.432,,0,nearest_robot=robot6
83.000,original,-,robot2,MIN_DISTANCE,OK,13.790,10.432,,0,nearest_robot=robot1
83.000,original,-,robot3,MIN_DISTANCE,OK,6.490,10.432,,0,nearest_robot=robot4
83.000,original,-,robot4,MIN_DISTANCE,OK,6.490,10.432,,0,nearest_robot=robot3
83.000,original,-,robot5,MIN_DISTANCE,OK,13.200,10.432,,0,nearest_robot=robot4
83.000,original,-,robot6,MIN_DISTANCE,OK,11.311,10.432,,0,nearest_robot=robot1
83.000,original,-,fleet,MIN_DISTANCE_AVG,OK,10.432,,,0,robots_sampled=6
84.000,original,-,robot1,MIN_DISTANCE,OK,11.030,10.382,,0,nearest_robot=robot6
84.000,original,-,robot2,MIN_DISTANCE,OK,14.051,10.382,,0,nearest_robot=robot1
84.000,original,-,robot3,MIN_DISTANCE,OK,6.490,10.382,,0,nearest_robot=robot4
84.000,original,-,robot4,MIN_DISTANCE,OK,6.490,10.382,,0,nearest_robot=robot3
84.000,original,-,robot5,MIN_DISTANCE,OK,13.200,10.382,,0,nearest_robot=robot4
84.000,original,-,robot6,MIN_DISTANCE,OK,11.030,10.382,,0,nearest_robot=robot1
84.000,original,-,fleet,MIN_DISTANCE_AVG,OK,10.382,,,0,robots_sampled=6
85.000,original,-,robot1,MIN_DISTANCE,OK,10.791,10.344,,0,nearest_robot=robot6
85.000,original,-,robot2,MIN_DISTANCE,OK,14.300,10.344,,0,nearest_robot=robot3
85.000,original,-,robot3,MIN_DISTANCE,OK,6.490,10.344,,0,nearest_robot=robot4
85.000,original,-,robot4,MIN_DISTANCE,OK,6.490,10.344,,0,nearest_robot=robot3
85.000,original,-,robot5,MIN_DISTANCE,OK,13.200,10.344,,0,nearest_robot=robot4
85.000,original,-,robot6,MIN_DISTANCE,OK,10.791,10.344,,0,nearest_robot=robot1
85.000,original,-,fleet,MIN_DISTANCE_AVG,OK,10.344,,,0,robots_sampled=6
86.000,original,-,robot1,MIN_DISTANCE,OK,10.586,10.275,,0,nearest_robot=robot6
86.000,original,-,robot2,MIN_DISTANCE,OK,14.300,10.275,,0,nearest_robot=robot3
86.000,original,-,robot3,MIN_DISTANCE,OK,6.490,10.275,,0,nearest_robot=robot4
86.000,original,-,robot4,MIN_DISTANCE,OK,6.490,10.275,,0,nearest_robot=robot3
86.000,original,-,robot5,MIN_DISTANCE,OK,13.200,10.275,,0,nearest_robot=robot4
86.000,original,-,robot6,MIN_DISTANCE,OK,10.586,10.275,,0,nearest_robot=robot1
86.000,original,-,fleet,MIN_DISTANCE_AVG,OK,10.275,,,0,robots_sampled=6
87.000,original,-,robot1,MIN_DISTANCE,OK,10.450,10.230,,0,nearest_robot=robot6
87.000,original,-,robot2,MIN_DISTANCE,OK,14.300,10.230,,0,nearest_robot=robot3
87.000,original,-,robot3,MIN_DISTANCE,OK,6.490,10.230,,0,nearest_robot=robot4
87.000,original,-,robot4,MIN_DISTANCE,OK,6.490,10.230,,0,nearest_robot=robot3
87.000,original,-,robot5,MIN_DISTANCE,OK,13.200,10.230,,0,nearest_robot=robot4
87.000,original,-,robot6,MIN_DISTANCE,OK,10.450,10.230,,0,nearest_robot=robot1
87.000,original,-,fleet,MIN_DISTANCE_AVG,OK,10.230,,,0,robots_sampled=6
88.000,original,-,robot1,MIN_DISTANCE,OK,10.359,10.200,,0,nearest_robot=robot6
88.000,original,-,robot2,MIN_DISTANCE,OK,14.300,10.200,,0,nearest_robot=robot3
88.000,original,-,robot3,MIN_DISTANCE,OK,6.490,10.200,,0,nearest_robot=robot4
88.000,original,-,robot4,MIN_DISTANCE,OK,6.490,10.200,,0,nearest_robot=robot3
88.000,original,-,robot5,MIN_DISTANCE,OK,13.200,10.200,,0,nearest_robot=robot4
88.000,original,-,robot6,MIN_DISTANCE,OK,10.359,10.200,,0,nearest_robot=robot1
88.000,original,-,fleet,MIN_DISTANCE_AVG,OK,10.200,,,0,robots_sampled=6
89.000,original,-,robot1,MIN_DISTANCE,OK,10.306,10.182,,0,nearest_robot=robot6
89.000,original,-,robot2,MIN_DISTANCE,OK,14.300,10.182,,0,nearest_robot=robot3
89.000,original,-,robot3,MIN_DISTANCE,OK,6.490,10.182,,0,nearest_robot=robot4
89.000,original,-,robot4,MIN_DISTANCE,OK,6.490,10.182,,0,nearest_robot=robot3
89.000,original,-,robot5,MIN_DISTANCE,OK,13.200,10.182,,0,nearest_robot=robot4
89.000,original,-,robot6,MIN_DISTANCE,OK,10.306,10.182,,0,nearest_robot=robot1
89.000,original,-,fleet,MIN_DISTANCE_AVG,OK,10.182,,,0,robots_sampled=6
90.000,original,-,robot1,MIN_DISTANCE,OK,10.315,10.185,,0,nearest_robot=robot6
90.000,original,-,robot2,MIN_DISTANCE,OK,14.300,10.185,,0,nearest_robot=robot3
90.000,original,-,robot3,MIN_DISTANCE,OK,6.490,10.185,,0,nearest_robot=robot4
90.000,original,-,robot4,MIN_DISTANCE,OK,6.490,10.185,,0,nearest_robot=robot3
90.000,original,-,robot5,MIN_DISTANCE,OK,13.200,10.185,,0,nearest_robot=robot4
90.000,original,-,robot6,MIN_DISTANCE,OK,10.315,10.185,,0,nearest_robot=robot1
90.000,original,-,fleet,MIN_DISTANCE_AVG,OK,10.185,,,0,robots_sampled=6
91.000,original,-,robot1,MIN_DISTANCE,OK,10.594,10.278,,0,nearest_robot=robot6
91.000,original,-,robot2,MIN_DISTANCE,OK,14.300,10.278,,0,nearest_robot=robot3
91.000,original,-,robot3,MIN_DISTANCE,OK,6.490,10.278,,0,nearest_robot=robot4
91.000,original,-,robot4,MIN_DISTANCE,OK,6.490,10.278,,0,nearest_robot=robot3
91.000,original,-,robot5,MIN_DISTANCE,OK,13.200,10.278,,0,nearest_robot=robot4
91.000,original,-,robot6,MIN_DISTANCE,OK,10.594,10.278,,0,nearest_robot=robot1
91.000,original,-,fleet,MIN_DISTANCE_AVG,OK,10.278,,,0,robots_sampled=6
92.000,original,-,robot1,MIN_DISTANCE,OK,10.957,10.399,,0,nearest_robot=robot6
92.000,original,-,robot2,MIN_DISTANCE,OK,14.300,10.399,,0,nearest_robot=robot3
92.000,original,-,robot3,MIN_DISTANCE,OK,6.490,10.399,,0,nearest_robot=robot4
92.000,original,-,robot4,MIN_DISTANCE,OK,6.490,10.399,,0,nearest_robot=robot3
92.000,original,-,robot5,MIN_DISTANCE,OK,13.200,10.399,,0,nearest_robot=robot4
92.000,original,-,robot6,MIN_DISTANCE,OK,10.957,10.399,,0,nearest_robot=robot1
92.000,original,-,fleet,MIN_DISTANCE_AVG,OK,10.399,,,0,robots_sampled=6
93.000,original,-,robot1,MIN_DISTANCE,OK,11.353,10.531,,0,nearest_robot=robot6
93.000,original,-,robot2,MIN_DISTANCE,OK,14.300,10.531,,0,nearest_robot=robot3
93.000,original,-,robot3,MIN_DISTANCE,OK,6.490,10.531,,0,nearest_robot=robot4
93.000,original,-,robot4,MIN_DISTANCE,OK,6.490,10.531,,0,nearest_robot=robot3
93.000,original,-,robot5,MIN_DISTANCE,OK,13.200,10.531,,0,nearest_robot=robot4
93.000,original,-,robot6,MIN_DISTANCE,OK,11.353,10.531,,0,nearest_robot=robot1
93.000,original,-,fleet,MIN_DISTANCE_AVG,OK,10.531,,,0,robots_sampled=6
94.000,original,-,robot1,MIN_DISTANCE,OK,11.725,10.655,,0,nearest_robot=robot6
94.000,original,-,robot2,MIN_DISTANCE,OK,14.300,10.655,,0,nearest_robot=robot3
94.000,original,-,robot3,MIN_DISTANCE,OK,6.490,10.655,,0,nearest_robot=robot4
94.000,original,-,robot4,MIN_DISTANCE,OK,6.490,10.655,,0,nearest_robot=robot3
94.000,original,-,robot5,MIN_DISTANCE,OK,13.200,10.655,,0,nearest_robot=robot4
94.000,original,-,robot6,MIN_DISTANCE,OK,11.725,10.655,,0,nearest_robot=robot1
94.000,original,-,fleet,MIN_DISTANCE_AVG,OK,10.655,,,0,robots_sampled=6
95.000,original,-,robot1,MIN_DISTANCE,OK,12.080,10.774,,0,nearest_robot=robot6
95.000,original,-,robot2,MIN_DISTANCE,OK,14.300,10.774,,0,nearest_robot=robot3
95.000,original,-,robot3,MIN_DISTANCE,OK,6.490,10.774,,0,nearest_robot=robot4
95.000,original,-,robot4,MIN_DISTANCE,OK,6.490,10.774,,0,nearest_robot=robot3
95.000,original,-,robot5,MIN_DISTANCE,OK,13.200,10.774,,0,nearest_robot=robot4
95.000,original,-,robot6,MIN_DISTANCE,OK,12.080,10.774,,0,nearest_robot=robot1
95.000,original,-,fleet,MIN_DISTANCE_AVG,OK,10.774,,,0,robots_sampled=6
96.000,original,-,robot1,MIN_DISTANCE,OK,12.389,10.876,,0,nearest_robot=robot6
96.000,original,-,robot2,MIN_DISTANCE,OK,14.300,10.876,,0,nearest_robot=robot3
96.000,original,-,robot3,MIN_DISTANCE,OK,6.490,10.876,,0,nearest_robot=robot4
96.000,original,-,robot4,MIN_DISTANCE,OK,6.490,10.876,,0,nearest_robot=robot3
96.000,original,-,robot5,MIN_DISTANCE,OK,13.200,10.876,,0,nearest_robot=robot4
96.000,original,-,robot6,MIN_DISTANCE,OK,12.389,10.876,,0,nearest_robot=robot1
96.000,original,-,fleet,MIN_DISTANCE_AVG,OK,10.876,,,0,robots_sampled=6
97.000,original,-,robot1,MIN_DISTANCE,OK,12.683,10.974,,0,nearest_robot=robot6
97.000,original,-,robot2,MIN_DISTANCE,OK,14.300,10.974,,0,nearest_robot=robot3
97.000,original,-,robot3,MIN_DISTANCE,OK,6.490,10.974,,0,nearest_robot=robot4
97.000,original,-,robot4,MIN_DISTANCE,OK,6.490,10.974,,0,nearest_robot=robot3
97.000,original,-,robot5,MIN_DISTANCE,OK,13.200,10.974,,0,nearest_robot=robot4
97.000,original,-,robot6,MIN_DISTANCE,OK,12.683,10.974,,0,nearest_robot=robot1
97.000,original,-,fleet,MIN_DISTANCE_AVG,OK,10.974,,,0,robots_sampled=6
98.000,original,-,robot1,MIN_DISTANCE,OK,12.921,11.054,,0,nearest_robot=robot6
98.000,original,-,robot2,MIN_DISTANCE,OK,14.300,11.054,,0,nearest_robot=robot3
98.000,original,-,robot3,MIN_DISTANCE,OK,6.490,11.054,,0,nearest_robot=robot4
98.000,original,-,robot4,MIN_DISTANCE,OK,6.490,11.054,,0,nearest_robot=robot3
98.000,original,-,robot5,MIN_DISTANCE,OK,13.200,11.054,,0,nearest_robot=robot4
98.000,original,-,robot6,MIN_DISTANCE,OK,12.921,11.054,,0,nearest_robot=robot1
98.000,original,-,fleet,MIN_DISTANCE_AVG,OK,11.054,,,0,robots_sampled=6
99.000,original,-,robot1,MIN_DISTANCE,OK,13.293,11.178,,0,nearest_robot=robot6
99.000,original,-,robot2,MIN_DISTANCE,OK,14.300,11.178,,0,nearest_robot=robot3
99.000,original,-,robot3,MIN_DISTANCE,OK,6.490,11.178,,0,nearest_robot=robot4
99.000,original,-,robot4,MIN_DISTANCE,OK,6.490,11.178,,0,nearest_robot=robot3
99.000,original,-,robot5,MIN_DISTANCE,OK,13.200,11.178,,0,nearest_robot=robot4
99.000,original,-,robot6,MIN_DISTANCE,OK,13.293,11.178,,0,nearest_robot=robot1
99.000,original,-,fleet,MIN_DISTANCE_AVG,OK,11.178,,,0,robots_sampled=6
100.000,original,-,robot1,MIN_DISTANCE,OK,13.728,11.323,,0,nearest_robot=robot6
100.000,original,-,robot2,MIN_DISTANCE,OK,14.300,11.323,,0,nearest_robot=robot3
100.000,original,-,robot3,MIN_DISTANCE,OK,6.490,11.323,,0,nearest_robot=robot4
100.000,original,-,robot4,MIN_DISTANCE,OK,6.490,11.323,,0,nearest_robot=robot3
100.000,original,-,robot5,MIN_DISTANCE,OK,13.200,11.323,,0,nearest_robot=robot4
100.000,original,-,robot6,MIN_DISTANCE,OK,13.728,11.323,,0,nearest_robot=robot1
100.000,original,-,fleet,MIN_DISTANCE_AVG,OK,11.323,,,0,robots_sampled=6
101.000,original,-,robot1,MIN_DISTANCE,OK,14.097,11.437,,0,nearest_robot=robot6
101.000,original,-,robot2,MIN_DISTANCE,OK,14.300,11.437,,0,nearest_robot=robot3
101.000,original,-,robot3,MIN_DISTANCE,OK,6.462,11.437,,0,nearest_robot=robot4
101.000,original,-,robot4,MIN_DISTANCE,OK,6.462,11.437,,0,nearest_robot=robot3
101.000,original,-,robot5,MIN_DISTANCE,OK,13.202,11.437,,0,nearest_robot=robot4
101.000,original,-,robot6,MIN_DISTANCE,OK,14.097,11.437,,0,nearest_robot=robot1
101.000,original,-,fleet,MIN_DISTANCE_AVG,OK,11.437,,,0,robots_sampled=6
102.000,original,-,robot1,MIN_DISTANCE,OK,14.506,11.475,,0,nearest_robot=robot6
102.000,original,-,robot2,MIN_DISTANCE,OK,14.290,11.475,,0,nearest_robot=robot3
102.000,original,-,robot3,MIN_DISTANCE,OK,6.295,11.475,,0,nearest_robot=robot4
102.000,original,-,robot4,MIN_DISTANCE,OK,6.295,11.475,,0,nearest_robot=robot3
102.000,original,-,robot5,MIN_DISTANCE,OK,13.257,11.475,,0,nearest_robot=robot4
102.000,original,-,robot6,MIN_DISTANCE,OK,14.205,11.475,,0,nearest_robot=robot5
102.000,original,-,fleet,MIN_DISTANCE_AVG,OK,11.475,,,0,robots_sampled=6
103.000,original,-,robot1,MIN_DISTANCE,OK,14.965,11.407,,0,nearest_robot=robot6
103.000,original,-,robot2,MIN_DISTANCE,OK,14.235,11.407,,0,nearest_robot=robot3
103.000,original,-,robot3,MIN_DISTANCE,OK,5.881,11.407,,0,nearest_robot=robot4
103.000,original,-,robot4,MIN_DISTANCE,OK,5.881,11.407,,0,nearest_robot=robot3
103.000,original,-,robot5,MIN_DISTANCE,OK,13.267,11.407,,0,nearest_robot=robot4
103.000,original,-,robot6,MIN_DISTANCE,OK,14.214,11.407,,0,nearest_robot=robot5
103.000,original,-,fleet,MIN_DISTANCE_AVG,OK,11.407,,,0,robots_sampled=6
104.000,original,-,robot1,MIN_DISTANCE,OK,15.638,11.250,,0,nearest_robot=robot6
104.000,original,-,robot2,MIN_DISTANCE,OK,14.160,11.250,,0,nearest_robot=robot3
104.000,original,-,robot3,MIN_DISTANCE,OK,5.256,11.250,,0,nearest_robot=robot4
104.000,original,-,robot4,MIN_DISTANCE,OK,5.256,11.250,,0,nearest_robot=robot3
104.000,original,-,robot5,MIN_DISTANCE,OK,13.068,11.250,,0,nearest_robot=robot4
104.000,original,-,robot6,MIN_DISTANCE,OK,14.120,11.250,,0,nearest_robot=robot5
104.000,original,-,fleet,MIN_DISTANCE_AVG,OK,11.250,,,0,robots_sampled=6
105.000,original,-,robot1,MIN_DISTANCE,OK,16.448,11.121,,0,nearest_robot=robot6
105.000,original,-,robot2,MIN_DISTANCE,OK,14.102,11.121,,0,nearest_robot=robot3
105.000,original,-,robot3,MIN_DISTANCE,OK,4.722,11.121,,0,nearest_robot=robot4
105.000,original,-,robot4,MIN_DISTANCE,OK,4.722,11.121,,0,nearest_robot=robot3
105.000,original,-,robot5,MIN_DISTANCE,OK,12.662,11.121,,0,nearest_robot=robot4
105.000,original,-,robot6,MIN_DISTANCE,OK,14.069,11.121,,0,nearest_robot=robot5
105.000,original,-,fleet,MIN_DISTANCE_AVG,OK,11.121,,,0,robots_sampled=6
106.000,original,-,robot1,MIN_DISTANCE,OK,17.131,10.907,,0,nearest_robot=robot6
106.000,original,-,robot2,MIN_DISTANCE,OK,14.187,10.907,,0,nearest_robot=robot3
106.000,original,-,robot3,MIN_DISTANCE,OK,4.017,10.907,,0,nearest_robot=robot4
106.000,original,-,robot4,MIN_DISTANCE,OK,4.017,10.907,,0,nearest_robot=robot3
106.000,original,-,robot5,MIN_DISTANCE,OK,12.113,10.907,,0,nearest_robot=robot4
106.000,original,-,robot6,MIN_DISTANCE,OK,13.975,10.907,,0,nearest_robot=robot5
106.000,original,-,fleet,MIN_DISTANCE_AVG,OK,10.907,,,0,robots_sampled=6
107.000,original,-,robot1,MIN_DISTANCE,OK,17.711,10.666,,0,nearest_robot=robot6
107.000,original,-,robot2,MIN_DISTANCE,OK,14.135,10.666,,0,nearest_robot=robot3
107.000,original,-,robot3,MIN_DISTANCE,OK,3.405,10.666,,0,nearest_robot=robot4
107.000,original,-,robot4,MIN_DISTANCE,OK,3.405,10.666,,0,nearest_robot=robot3
107.000,original,-,robot5,MIN_DISTANCE,OK,11.549,10.666,,0,nearest_robot=robot4
107.000,original,-,robot6,MIN_DISTANCE,OK,13.791,10.666,,0,nearest_robot=robot5
107.000,original,-,fleet,MIN_DISTANCE_AVG,OK,10.666,,,0,robots_sampled=6
108.000,original,-,robot1,MIN_DISTANCE,OK,18.241,10.348,,0,nearest_robot=robot6
108.000,original,-,robot2,MIN_DISTANCE,OK,13.486,10.348,,0,nearest_robot=robot6
108.000,original,-,robot3,MIN_DISTANCE,OK,2.874,10.348,,0,nearest_robot=robot4
108.000,original,-,robot4,MIN_DISTANCE,OK,2.874,10.348,,0,nearest_robot=robot3
108.000,original,-,robot5,MIN_DISTANCE,OK,11.140,10.348,,0,nearest_robot=robot4
108.000,original,-,robot6,MIN_DISTANCE,OK,13.471,10.348,,0,nearest_robot=robot5
108.000,original,-,fleet,MIN_DISTANCE_AVG,OK,10.348,,,0,robots_sampled=6
109.000,original,-,robot1,MIN_DISTANCE,OK,18.756,9.976,,0,nearest_robot=robot6
109.000,original,-,robot2,MIN_DISTANCE,OK,12.754,9.976,,0,nearest_robot=robot6
109.000,original,-,robot3,MIN_DISTANCE,OK,2.431,9.976,,0,nearest_robot=robot4
109.000,original,-,robot4,MIN_DISTANCE,OK,2.431,9.976,,0,nearest_robot=robot3
109.000,original,-,robot5,MIN_DISTANCE,OK,10.731,9.976,,0,nearest_robot=robot4
109.000,original,-,robot6,MIN_DISTANCE,OK,12.754,9.976,,0,nearest_robot=robot2
109.000,original,-,fleet,MIN_DISTANCE_AVG,OK,9.976,,,0,robots_sampled=6
110.000,original,-,robot1,MIN_DISTANCE,OK,19.239,9.681,,0,nearest_robot=robot6
110.000,original,-,robot2,MIN_DISTANCE,OK,12.247,9.681,,0,nearest_robot=robot6
110.000,original,-,robot3,MIN_DISTANCE,OK,2.016,9.681,,0,nearest_robot=robot4
110.000,original,-,robot4,MIN_DISTANCE,OK,2.016,9.681,,0,nearest_robot=robot3
110.000,original,-,robot5,MIN_DISTANCE,OK,10.463,9.681,,0,nearest_robot=robot4
110.000,original,-,robot6,MIN_DISTANCE,OK,12.108,9.681,,0,nearest_robot=robot5
110.000,original,-,fleet,MIN_DISTANCE_AVG,OK,9.681,,,0,robots_sampled=6
111.000,original,-,robot1,MIN_DISTANCE,OK,19.278,9.314,,0,nearest_robot=robot2
111.000,original,-,robot2,MIN_DISTANCE,OK,11.907,9.314,,0,nearest_robot=robot6
111.000,original,-,robot3,MIN_DISTANCE,OK,1.580,9.314,,0,nearest_robot=robot4
111.000,original,-,robot4,MIN_DISTANCE,OK,1.580,9.314,,0,nearest_robot=robot3
111.000,original,-,robot5,MIN_DISTANCE,OK,10.298,9.314,,0,nearest_robot=robot4
111.000,original,-,robot6,MIN_DISTANCE,OK,11.241,9.314,,0,nearest_robot=robot5
111.000,original,-,fleet,MIN_DISTANCE_AVG,OK,9.314,,,0,robots_sampled=6
112.000,original,-,fleet,REPLAN_FULL,OK,,,robot1|robot2|robot3|robot4|robot5|robot6,0,original_full_optimization
112.000,original,-,robot1,MIN_DISTANCE,OK,19.200,9.016,,0,nearest_robot=robot2
112.000,original,-,robot2,MIN_DISTANCE,OK,11.629,9.016,,0,nearest_robot=robot6
112.000,original,-,robot3,MIN_DISTANCE,OK,1.352,9.016,,0,nearest_robot=robot4
112.000,original,-,robot4,MIN_DISTANCE,OK,1.352,9.016,,0,nearest_robot=robot3
112.000,original,-,robot5,MIN_DISTANCE,OK,10.190,9.016,,0,nearest_robot=robot4
112.000,original,-,robot6,MIN_DISTANCE,OK,10.373,9.016,,0,nearest_robot=robot5
112.000,original,-,fleet,MIN_DISTANCE_AVG,OK,9.016,,,0,robots_sampled=6
113.000,original,-,robot1,MIN_DISTANCE,OK,19.090,8.653,,0,nearest_robot=robot2
113.000,original,-,robot2,MIN_DISTANCE,OK,11.422,8.653,,0,nearest_robot=robot6
113.000,original,-,robot3,MIN_DISTANCE,OK,1.202,8.653,,0,nearest_robot=robot4
113.000,original,-,robot4,MIN_DISTANCE,OK,1.202,8.653,,0,nearest_robot=robot3
113.000,original,-,robot5,MIN_DISTANCE,OK,9.501,8.653,,0,nearest_robot=robot6
113.000,original,-,robot6,MIN_DISTANCE,OK,9.501,8.653,,0,nearest_robot=robot5
113.000,original,-,fleet,MIN_DISTANCE_AVG,OK,8.653,,,0,robots_sampled=6
114.000,original,-,robot1,MIN_DISTANCE,OK,18.776,8.204,,0,nearest_robot=robot2
114.000,original,-,robot2,MIN_DISTANCE,OK,11.198,8.204,,0,nearest_robot=robot6
114.000,original,-,robot3,MIN_DISTANCE,OK,0.946,8.204,,0,nearest_robot=robot4
114.000,original,-,robot4,MIN_DISTANCE,OK,0.946,8.204,,0,nearest_robot=robot3
114.000,original,-,robot5,MIN_DISTANCE,OK,8.679,8.204,,0,nearest_robot=robot6
114.000,original,-,robot6,MIN_DISTANCE,OK,8.679,8.204,,0,nearest_robot=robot5
114.000,original,-,fleet,MIN_DISTANCE_AVG,OK,8.204,,,0,robots_sampled=6
115.000,original,-,robot1,MIN_DISTANCE,OK,18.298,7.833,,0,nearest_robot=robot2
115.000,original,-,robot2,MIN_DISTANCE,OK,11.097,7.833,,0,nearest_robot=robot6
115.000,original,-,robot3,MIN_DISTANCE,OK,0.820,7.833,,0,nearest_robot=robot4
115.000,original,-,robot4,MIN_DISTANCE,OK,0.820,7.833,,0,nearest_robot=robot3
115.000,original,-,robot5,MIN_DISTANCE,OK,7.980,7.833,,0,nearest_robot=robot6
115.000,original,-,robot6,MIN_DISTANCE,OK,7.980,7.833,,0,nearest_robot=robot5
115.000,original,-,fleet,MIN_DISTANCE_AVG,OK,7.833,,,0,robots_sampled=6
116.000,original,-,robot1,MIN_DISTANCE,OK,17.841,7.564,,0,nearest_robot=robot2
116.000,original,-,robot2,MIN_DISTANCE,OK,11.089,7.564,,0,nearest_robot=robot6
116.000,original,-,robot3,MIN_DISTANCE,OK,0.699,7.564,,0,nearest_robot=robot4
116.000,original,-,robot4,MIN_DISTANCE,OK,0.699,7.564,,0,nearest_robot=robot3
116.000,original,-,robot5,MIN_DISTANCE,OK,7.528,7.564,,0,nearest_robot=robot6
116.000,original,-,robot6,MIN_DISTANCE,OK,7.528,7.564,,0,nearest_robot=robot5
116.000,original,-,fleet,MIN_DISTANCE_AVG,OK,7.564,,,0,robots_sampled=6
117.000,original,-,robot1,MIN_DISTANCE,OK,17.420,7.291,,0,nearest_robot=robot2
117.000,original,-,robot2,MIN_DISTANCE,OK,11.133,7.291,,0,nearest_robot=robot6
117.000,original,-,robot3,MIN_DISTANCE,OK,0.509,7.291,,0,nearest_robot=robot4
117.000,original,-,robot4,MIN_DISTANCE,OK,0.509,7.291,,0,nearest_robot=robot3
117.000,original,-,robot5,MIN_DISTANCE,OK,7.087,7.291,,0,nearest_robot=robot6
117.000,original,-,robot6,MIN_DISTANCE,OK,7.087,7.291,,0,nearest_robot=robot5
117.000,original,-,fleet,MIN_DISTANCE_AVG,OK,7.291,,,0,robots_sampled=6
118.000,original,-,robot1,MIN_DISTANCE,OK,17.006,7.035,,0,nearest_robot=robot2
118.000,original,-,robot2,MIN_DISTANCE,OK,11.197,7.035,,0,nearest_robot=robot6
118.000,original,-,robot3,MIN_DISTANCE,OK,0.347,7.035,,0,nearest_robot=robot4
118.000,original,-,robot4,MIN_DISTANCE,OK,0.347,7.035,,0,nearest_robot=robot3
118.000,original,-,robot5,MIN_DISTANCE,OK,6.656,7.035,,0,nearest_robot=robot6
118.000,original,-,robot6,MIN_DISTANCE,OK,6.656,7.035,,0,nearest_robot=robot5
118.000,original,-,fleet,MIN_DISTANCE_AVG,OK,7.035,,,0,robots_sampled=6
119.000,original,-,robot1,MIN_DISTANCE,OK,16.593,6.844,,0,nearest_robot=robot2
119.000,original,-,robot2,MIN_DISTANCE,OK,11.309,6.844,,0,nearest_robot=robot6
119.000,original,-,robot3,MIN_DISTANCE,OK,0.326,6.844,,0,nearest_robot=robot4
119.000,original,-,robot4,MIN_DISTANCE,OK,0.326,6.844,,0,nearest_robot=robot3
119.000,original,-,robot5,MIN_DISTANCE,OK,6.254,6.844,,0,nearest_robot=robot6
119.000,original,-,robot6,MIN_DISTANCE,OK,6.254,6.844,,0,nearest_robot=robot5
119.000,original,-,fleet,MIN_DISTANCE_AVG,OK,6.844,,,0,robots_sampled=6
120.000,original,-,robot1,MIN_DISTANCE,OK,16.215,6.652,,0,nearest_robot=robot2
120.000,original,-,robot2,MIN_DISTANCE,OK,11.443,6.652,,0,nearest_robot=robot6
120.000,original,-,robot3,MIN_DISTANCE,OK,0.317,6.652,,0,nearest_robot=robot4
120.000,original,-,robot4,MIN_DISTANCE,OK,0.317,6.652,,0,nearest_robot=robot3
120.000,original,-,robot5,MIN_DISTANCE,OK,5.811,6.652,,0,nearest_robot=robot6
120.000,original,-,robot6,MIN_DISTANCE,OK,5.811,6.652,,0,nearest_robot=robot5
120.000,original,-,fleet,MIN_DISTANCE_AVG,OK,6.652,,,0,robots_sampled=6
121.000,original,-,robot1,MIN_DISTANCE,OK,15.811,6.486,,0,nearest_robot=robot2
121.000,original,-,robot2,MIN_DISTANCE,OK,11.602,6.486,,0,nearest_robot=robot6
121.000,original,-,robot3,MIN_DISTANCE,OK,0.344,6.486,,0,nearest_robot=robot4
121.000,original,-,robot4,MIN_DISTANCE,OK,0.344,6.486,,0,nearest_robot=robot3
121.000,original,-,robot5,MIN_DISTANCE,OK,5.408,6.486,,0,nearest_robot=robot6
121.000,original,-,robot6,MIN_DISTANCE,OK,5.408,6.486,,0,nearest_robot=robot5
121.000,original,-,fleet,MIN_DISTANCE_AVG,OK,6.486,,,0,robots_sampled=6
122.000,original,-,robot1,MIN_DISTANCE,OK,15.449,6.320,,0,nearest_robot=robot2
122.000,original,-,robot2,MIN_DISTANCE,OK,11.771,6.320,,0,nearest_robot=robot6
122.000,original,-,robot3,MIN_DISTANCE,OK,0.338,6.320,,0,nearest_robot=robot4
122.000,original,-,robot4,MIN_DISTANCE,OK,0.338,6.320,,0,nearest_robot=robot3
122.000,original,-,robot5,MIN_DISTANCE,OK,5.011,6.320,,0,nearest_robot=robot6
122.000,original,-,robot6,MIN_DISTANCE,OK,5.011,6.320,,0,nearest_robot=robot5
122.000,original,-,fleet,MIN_DISTANCE_AVG,OK,6.320,,,0,robots_sampled=6
123.000,original,-,robot1,MIN_DISTANCE,OK,15.095,6.179,,0,nearest_robot=robot2
123.000,original,-,robot2,MIN_DISTANCE,OK,11.973,6.179,,0,nearest_robot=robot6
123.000,original,-,robot3,MIN_DISTANCE,OK,0.348,6.179,,0,nearest_robot=robot4
123.000,original,-,robot4,MIN_DISTANCE,OK,0.348,6.179,,0,nearest_robot=robot3
123.000,original,-,robot5,MIN_DISTANCE,OK,4.654,6.179,,0,nearest_robot=robot6
123.000,original,-,robot6,MIN_DISTANCE,OK,4.654,6.179,,0,nearest_robot=robot5
123.000,original,-,fleet,MIN_DISTANCE_AVG,OK,6.179,,,0,robots_sampled=6
124.000,original,-,robot1,MIN_DISTANCE,OK,14.753,6.039,,0,nearest_robot=robot2
124.000,original,-,robot2,MIN_DISTANCE,OK,12.194,6.039,,0,nearest_robot=robot6
124.000,original,-,robot3,MIN_DISTANCE,OK,0.352,6.039,,0,nearest_robot=robot4
124.000,original,-,robot4,MIN_DISTANCE,OK,0.352,6.039,,0,nearest_robot=robot3
124.000,original,-,robot5,MIN_DISTANCE,OK,4.293,6.039,,0,nearest_robot=robot6
124.000,original,-,robot6,MIN_DISTANCE,OK,4.293,6.039,,0,nearest_robot=robot5
124.000,original,-,fleet,MIN_DISTANCE_AVG,OK,6.039,,,0,robots_sampled=6
125.000,original,-,robot1,MIN_DISTANCE,OK,14.388,5.933,,0,nearest_robot=robot2
125.000,original,-,robot2,MIN_DISTANCE,OK,12.459,5.933,,0,nearest_robot=robot6
125.000,original,-,robot3,MIN_DISTANCE,OK,0.388,5.933,,0,nearest_robot=robot4
125.000,original,-,robot4,MIN_DISTANCE,OK,0.388,5.933,,0,nearest_robot=robot3
125.000,original,-,robot5,MIN_DISTANCE,OK,3.988,5.933,,0,nearest_robot=robot6
125.000,original,-,robot6,MIN_DISTANCE,OK,3.988,5.933,,0,nearest_robot=robot5
125.000,original,-,fleet,MIN_DISTANCE_AVG,OK,5.933,,,0,robots_sampled=6
126.000,original,-,robot1,MIN_DISTANCE,OK,14.006,5.838,,0,nearest_robot=robot2
126.000,original,-,robot2,MIN_DISTANCE,OK,12.760,5.838,,0,nearest_robot=robot6
126.000,original,-,robot3,MIN_DISTANCE,OK,0.386,5.838,,0,nearest_robot=robot4
126.000,original,-,robot4,MIN_DISTANCE,OK,0.386,5.838,,0,nearest_robot=robot3
126.000,original,-,robot5,MIN_DISTANCE,OK,3.745,5.838,,0,nearest_robot=robot6
126.000,original,-,robot6,MIN_DISTANCE,OK,3.745,5.838,,0,nearest_robot=robot5
126.000,original,-,fleet,MIN_DISTANCE_AVG,OK,5.838,,,0,robots_sampled=6
127.000,original,-,robot1,MIN_DISTANCE,OK,13.659,5.748,,0,nearest_robot=robot2
127.000,original,-,robot2,MIN_DISTANCE,OK,13.064,5.748,,0,nearest_robot=robot6
127.000,original,-,robot3,MIN_DISTANCE,OK,0.371,5.748,,0,nearest_robot=robot4
127.000,original,-,robot4,MIN_DISTANCE,OK,0.371,5.748,,0,nearest_robot=robot3
127.000,original,-,robot5,MIN_DISTANCE,OK,3.511,5.748,,0,nearest_robot=robot6
127.000,original,-,robot6,MIN_DISTANCE,OK,3.511,5.748,,0,nearest_robot=robot5
127.000,original,-,fleet,MIN_DISTANCE_AVG,OK,5.748,,,0,robots_sampled=6
128.000,original,-,robot1,MIN_DISTANCE,OK,13.289,5.661,,0,nearest_robot=robot2
128.000,original,-,robot2,MIN_DISTANCE,OK,13.289,5.661,,0,nearest_robot=robot1
128.000,original,-,robot3,MIN_DISTANCE,OK,0.343,5.661,,0,nearest_robot=robot4
128.000,original,-,robot4,MIN_DISTANCE,OK,0.343,5.661,,0,nearest_robot=robot3
128.000,original,-,robot5,MIN_DISTANCE,OK,3.350,5.661,,0,nearest_robot=robot6
128.000,original,-,robot6,MIN_DISTANCE,OK,3.350,5.661,,0,nearest_robot=robot5
128.000,original,-,fleet,MIN_DISTANCE_AVG,OK,5.661,,,0,robots_sampled=6
129.000,original,-,robot1,MIN_DISTANCE,OK,12.922,5.500,,0,nearest_robot=robot2
129.000,original,-,robot2,MIN_DISTANCE,OK,12.922,5.500,,0,nearest_robot=robot1
129.000,original,-,robot3,MIN_DISTANCE,OK,0.340,5.500,,0,nearest_robot=robot4
129.000,original,-,robot4,MIN_DISTANCE,OK,0.340,5.500,,0,nearest_robot=robot3
129.000,original,-,robot5,MIN_DISTANCE,OK,3.238,5.500,,0,nearest_robot=robot6
129.000,original,-,robot6,MIN_DISTANCE,OK,3.238,5.500,,0,nearest_robot=robot5
129.000,original,-,fleet,MIN_DISTANCE_AVG,OK,5.500,,,0,robots_sampled=6
130.000,original,-,robot1,MIN_DISTANCE,OK,12.537,5.371,,0,nearest_robot=robot2
130.000,original,-,robot2,MIN_DISTANCE,OK,12.537,5.371,,0,nearest_robot=robot1
130.000,original,-,robot3,MIN_DISTANCE,OK,0.339,5.371,,0,nearest_robot=robot4
130.000,original,-,robot4,MIN_DISTANCE,OK,0.339,5.371,,0,nearest_robot=robot3
130.000,original,-,robot5,MIN_DISTANCE,OK,3.238,5.371,,0,nearest_robot=robot6
130.000,original,-,robot6,MIN_DISTANCE,OK,3.238,5.371,,0,nearest_robot=robot5
130.000,original,-,fleet,MIN_DISTANCE_AVG,OK,5.371,,,0,robots_sampled=6
131.000,original,-,robot1,MIN_DISTANCE,OK,12.094,5.216,,0,nearest_robot=robot2
131.000,original,-,robot2,MIN_DISTANCE,OK,12.094,5.216,,0,nearest_robot=robot1
131.000,original,-,robot3,MIN_DISTANCE,OK,0.316,5.216,,0,nearest_robot=robot4
131.000,original,-,robot4,MIN_DISTANCE,OK,0.316,5.216,,0,nearest_robot=robot3
131.000,original,-,robot5,MIN_DISTANCE,OK,3.238,5.216,,0,nearest_robot=robot6
131.000,original,-,robot6,MIN_DISTANCE,OK,3.238,5.216,,0,nearest_robot=robot5
131.000,original,-,fleet,MIN_DISTANCE_AVG,OK,5.216,,,0,robots_sampled=6
132.000,original,-,robot1,MIN_DISTANCE,OK,11.690,5.068,,0,nearest_robot=robot2
132.000,original,-,robot2,MIN_DISTANCE,OK,11.690,5.068,,0,nearest_robot=robot1
132.000,original,-,robot3,MIN_DISTANCE,OK,0.275,5.068,,0,nearest_robot=robot4
132.000,original,-,robot4,MIN_DISTANCE,OK,0.275,5.068,,0,nearest_robot=robot3
132.000,original,-,robot5,MIN_DISTANCE,OK,3.238,5.068,,0,nearest_robot=robot6
132.000,original,-,robot6,MIN_DISTANCE,OK,3.238,5.068,,0,nearest_robot=robot5
132.000,original,-,fleet,MIN_DISTANCE_AVG,OK,5.068,,,0,robots_sampled=6
133.000,original,-,robot1,MIN_DISTANCE,OK,11.268,4.864,,0,nearest_robot=robot2
133.000,original,-,robot2,MIN_DISTANCE,OK,11.268,4.864,,0,nearest_robot=robot1
133.000,original,-,robot3,MIN_DISTANCE,OK,0.087,4.864,,0,nearest_robot=robot4
133.000,original,-,robot4,MIN_DISTANCE,OK,0.087,4.864,,0,nearest_robot=robot3
133.000,original,-,robot5,MIN_DISTANCE,OK,3.238,4.864,,0,nearest_robot=robot6
133.000,original,-,robot6,MIN_DISTANCE,OK,3.238,4.864,,0,nearest_robot=robot5
133.000,original,-,fleet,MIN_DISTANCE_AVG,OK,4.864,,,0,robots_sampled=6
134.000,original,-,robot1,MIN_DISTANCE,OK,10.871,4.775,,0,nearest_robot=robot2
134.000,original,-,robot2,MIN_DISTANCE,OK,10.871,4.775,,0,nearest_robot=robot1
134.000,original,-,robot3,MIN_DISTANCE,OK,0.217,4.775,,0,nearest_robot=robot4
134.000,original,-,robot4,MIN_DISTANCE,OK,0.217,4.775,,0,nearest_robot=robot3
134.000,original,-,robot5,MIN_DISTANCE,OK,3.238,4.775,,0,nearest_robot=robot6
134.000,original,-,robot6,MIN_DISTANCE,OK,3.238,4.775,,0,nearest_robot=robot5
134.000,original,-,fleet,MIN_DISTANCE_AVG,OK,4.775,,,0,robots_sampled=6
135.000,original,-,robot1,MIN_DISTANCE,OK,10.481,4.716,,0,nearest_robot=robot2
135.000,original,-,robot2,MIN_DISTANCE,OK,10.481,4.716,,0,nearest_robot=robot1
135.000,original,-,robot3,MIN_DISTANCE,OK,0.428,4.716,,0,nearest_robot=robot4
135.000,original,-,robot4,MIN_DISTANCE,OK,0.428,4.716,,0,nearest_robot=robot3
135.000,original,-,robot5,MIN_DISTANCE,OK,3.238,4.716,,0,nearest_robot=robot6
135.000,original,-,robot6,MIN_DISTANCE,OK,3.238,4.716,,0,nearest_robot=robot5
135.000,original,-,fleet,MIN_DISTANCE_AVG,OK,4.716,,,0,robots_sampled=6
136.000,original,-,robot1,MIN_DISTANCE,OK,10.085,4.706,,0,nearest_robot=robot2
136.000,original,-,robot2,MIN_DISTANCE,OK,10.085,4.706,,0,nearest_robot=robot1
136.000,original,-,robot3,MIN_DISTANCE,OK,0.794,4.706,,0,nearest_robot=robot4
136.000,original,-,robot4,MIN_DISTANCE,OK,0.794,4.706,,0,nearest_robot=robot3
136.000,original,-,robot5,MIN_DISTANCE,OK,3.238,4.706,,0,nearest_robot=robot6
136.000,original,-,robot6,MIN_DISTANCE,OK,3.238,4.706,,0,nearest_robot=robot5
136.000,original,-,fleet,MIN_DISTANCE_AVG,OK,4.706,,,0,robots_sampled=6
137.000,original,-,fleet,REPLAN_FULL,OK,,,robot1|robot2|robot3|robot4|robot5|robot6,0,original_full_optimization
137.000,original,-,robot1,MIN_DISTANCE,OK,9.681,4.690,,0,nearest_robot=robot2
137.000,original,-,robot2,MIN_DISTANCE,OK,9.681,4.690,,0,nearest_robot=robot1
137.000,original,-,robot3,MIN_DISTANCE,OK,1.153,4.690,,0,nearest_robot=robot4
137.000,original,-,robot4,MIN_DISTANCE,OK,1.153,4.690,,0,nearest_robot=robot3
137.000,original,-,robot5,MIN_DISTANCE,OK,3.238,4.690,,0,nearest_robot=robot6
137.000,original,-,robot6,MIN_DISTANCE,OK,3.238,4.690,,0,nearest_robot=robot5
137.000,original,-,fleet,MIN_DISTANCE_AVG,OK,4.690,,,0,robots_sampled=6
138.000,original,-,robot1,MIN_DISTANCE,OK,9.262,4.676,,0,nearest_robot=robot2
138.000,original,-,robot2,MIN_DISTANCE,OK,9.262,4.676,,0,nearest_robot=robot1
138.000,original,-,robot3,MIN_DISTANCE,OK,1.529,4.676,,0,nearest_robot=robot4
138.000,original,-,robot4,MIN_DISTANCE,OK,1.529,4.676,,0,nearest_robot=robot3
138.000,original,-,robot5,MIN_DISTANCE,OK,3.237,4.676,,0,nearest_robot=robot6
138.000,original,-,robot6,MIN_DISTANCE,OK,3.237,4.676,,0,nearest_robot=robot5
138.000,original,-,fleet,MIN_DISTANCE_AVG,OK,4.676,,,0,robots_sampled=6
139.000,original,-,robot1,MIN_DISTANCE,OK,8.884,4.681,,0,nearest_robot=robot2
139.000,original,-,robot2,MIN_DISTANCE,OK,8.884,4.681,,0,nearest_robot=robot1
139.000,original,-,robot3,MIN_DISTANCE,OK,1.922,4.681,,0,nearest_robot=robot4
139.000,original,-,robot4,MIN_DISTANCE,OK,1.922,4.681,,0,nearest_robot=robot3
139.000,original,-,robot5,MIN_DISTANCE,OK,3.237,4.681,,0,nearest_robot=robot6
139.000,original,-,robot6,MIN_DISTANCE,OK,3.237,4.681,,0,nearest_robot=robot5
139.000,original,-,fleet,MIN_DISTANCE_AVG,OK,4.681,,,0,robots_sampled=6
140.000,original,-,robot1,MIN_DISTANCE,OK,8.512,4.691,,0,nearest_robot=robot2
140.000,original,-,robot2,MIN_DISTANCE,OK,8.512,4.691,,0,nearest_robot=robot1
140.000,original,-,robot3,MIN_DISTANCE,OK,2.323,4.691,,0,nearest_robot=robot4
140.000,original,-,robot4,MIN_DISTANCE,OK,2.323,4.691,,0,nearest_robot=robot3
140.000,original,-,robot5,MIN_DISTANCE,OK,3.237,4.691,,0,nearest_robot=robot6
140.000,original,-,robot6,MIN_DISTANCE,OK,3.237,4.691,,0,nearest_robot=robot5
140.000,original,-,fleet,MIN_DISTANCE_AVG,OK,4.691,,,0,robots_sampled=6
141.000,original,-,robot1,MIN_DISTANCE,OK,8.158,4.721,,0,nearest_robot=robot2
141.000,original,-,robot2,MIN_DISTANCE,OK,8.158,4.721,,0,nearest_robot=robot1
141.000,original,-,robot3,MIN_DISTANCE,OK,2.767,4.721,,0,nearest_robot=robot4
141.000,original,-,robot4,MIN_DISTANCE,OK,2.767,4.721,,0,nearest_robot=robot3
141.000,original,-,robot5,MIN_DISTANCE,OK,3.237,4.721,,0,nearest_robot=robot6
141.000,original,-,robot6,MIN_DISTANCE,OK,3.237,4.721,,0,nearest_robot=robot5
141.000,original,-,fleet,MIN_DISTANCE_AVG,OK,4.721,,,0,robots_sampled=6
142.000,original,-,robot1,MIN_DISTANCE,OK,7.792,4.730,,0,nearest_robot=robot2
142.000,original,-,robot2,MIN_DISTANCE,OK,7.792,4.730,,0,nearest_robot=robot1
142.000,original,-,robot3,MIN_DISTANCE,OK,3.160,4.730,,0,nearest_robot=robot4
142.000,original,-,robot4,MIN_DISTANCE,OK,3.160,4.730,,0,nearest_robot=robot3
142.000,original,-,robot5,MIN_DISTANCE,OK,3.237,4.730,,0,nearest_robot=robot6
142.000,original,-,robot6,MIN_DISTANCE,OK,3.237,4.730,,0,nearest_robot=robot5
142.000,original,-,fleet,MIN_DISTANCE_AVG,OK,4.730,,,0,robots_sampled=6
143.000,original,-,robot1,MIN_DISTANCE,OK,7.356,4.715,,0,nearest_robot=robot2
143.000,original,-,robot2,MIN_DISTANCE,OK,7.356,4.715,,0,nearest_robot=robot1
143.000,original,-,robot3,MIN_DISTANCE,OK,3.551,4.715,,0,nearest_robot=robot4
143.000,original,-,robot4,MIN_DISTANCE,OK,3.551,4.715,,0,nearest_robot=robot3
143.000,original,-,robot5,MIN_DISTANCE,OK,3.237,4.715,,0,nearest_robot=robot6
143.000,original,-,robot6,MIN_DISTANCE,OK,3.237,4.715,,0,nearest_robot=robot5
143.000,original,-,fleet,MIN_DISTANCE_AVG,OK,4.715,,,0,robots_sampled=6
144.000,original,-,robot1,MIN_DISTANCE,OK,6.999,4.725,,0,nearest_robot=robot2
144.000,original,-,robot2,MIN_DISTANCE,OK,6.999,4.725,,0,nearest_robot=robot1
144.000,original,-,robot3,MIN_DISTANCE,OK,3.938,4.725,,0,nearest_robot=robot4
144.000,original,-,robot4,MIN_DISTANCE,OK,3.938,4.725,,0,nearest_robot=robot3
144.000,original,-,robot5,MIN_DISTANCE,OK,3.237,4.725,,0,nearest_robot=robot6
144.000,original,-,robot6,MIN_DISTANCE,OK,3.237,4.725,,0,nearest_robot=robot5
144.000,original,-,fleet,MIN_DISTANCE_AVG,OK,4.725,,,0,robots_sampled=6
145.000,original,-,robot1,MIN_DISTANCE,OK,6.629,4.746,,0,nearest_robot=robot2
145.000,original,-,robot2,MIN_DISTANCE,OK,6.629,4.746,,0,nearest_robot=robot1
145.000,original,-,robot3,MIN_DISTANCE,OK,4.371,4.746,,0,nearest_robot=robot4
145.000,original,-,robot4,MIN_DISTANCE,OK,4.371,4.746,,0,nearest_robot=robot3
145.000,original,-,robot5,MIN_DISTANCE,OK,3.237,4.746,,0,nearest_robot=robot6
145.000,original,-,robot6,MIN_DISTANCE,OK,3.237,4.746,,0,nearest_robot=robot5
145.000,original,-,fleet,MIN_DISTANCE_AVG,OK,4.746,,,0,robots_sampled=6
146.000,original,-,robot1,MIN_DISTANCE,OK,6.282,4.758,,0,nearest_robot=robot2
146.000,original,-,robot2,MIN_DISTANCE,OK,6.282,4.758,,0,nearest_robot=robot1
146.000,original,-,robot3,MIN_DISTANCE,OK,4.755,4.758,,0,nearest_robot=robot4
146.000,original,-,robot4,MIN_DISTANCE,OK,4.755,4.758,,0,nearest_robot=robot3
146.000,original,-,robot5,MIN_DISTANCE,OK,3.237,4.758,,0,nearest_robot=robot6
146.000,original,-,robot6,MIN_DISTANCE,OK,3.237,4.758,,0,nearest_robot=robot5
146.000,original,-,fleet,MIN_DISTANCE_AVG,OK,4.758,,,0,robots_sampled=6
147.000,original,-,robot1,MIN_DISTANCE,OK,5.877,4.751,,0,nearest_robot=robot2
147.000,original,-,robot2,MIN_DISTANCE,OK,5.877,4.751,,0,nearest_robot=robot1
147.000,original,-,robot3,MIN_DISTANCE,OK,5.140,4.751,,0,nearest_robot=robot4
147.000,original,-,robot4,MIN_DISTANCE,OK,5.140,4.751,,0,nearest_robot=robot3
147.000,original,-,robot5,MIN_DISTANCE,OK,3.237,4.751,,0,nearest_robot=robot6
147.000,original,-,robot6,MIN_DISTANCE,OK,3.237,4.751,,0,nearest_robot=robot5
147.000,original,-,fleet,MIN_DISTANCE_AVG,OK,4.751,,,0,robots_sampled=6
148.000,original,-,robot1,MIN_DISTANCE,OK,5.427,4.747,,0,nearest_robot=robot2
148.000,original,-,robot2,MIN_DISTANCE,OK,5.427,4.747,,0,nearest_robot=robot1
148.000,original,-,robot3,MIN_DISTANCE,OK,5.576,4.747,,0,nearest_robot=robot4
148.000,original,-,robot4,MIN_DISTANCE,OK,5.576,4.747,,0,nearest_robot=robot3
148.000,original,-,robot5,MIN_DISTANCE,OK,3.237,4.747,,0,nearest_robot=robot6
148.000,original,-,robot6,MIN_DISTANCE,OK,3.237,4.747,,0,nearest_robot=robot5
148.000,original,-,fleet,MIN_DISTANCE_AVG,OK,4.747,,,0,robots_sampled=6
149.000,original,-,robot1,MIN_DISTANCE,OK,4.952,4.708,,0,nearest_robot=robot2
149.000,original,-,robot2,MIN_DISTANCE,OK,4.952,4.708,,0,nearest_robot=robot1
149.000,original,-,robot3,MIN_DISTANCE,OK,5.934,4.708,,0,nearest_robot=robot4
149.000,original,-,robot4,MIN_DISTANCE,OK,5.934,4.708,,0,nearest_robot=robot3
149.000,original,-,robot5,MIN_DISTANCE,OK,3.237,4.708,,0,nearest_robot=robot6
149.000,original,-,robot6,MIN_DISTANCE,OK,3.237,4.708,,0,nearest_robot=robot5
149.000,original,-,fleet,MIN_DISTANCE_AVG,OK,4.708,,,0,robots_sampled=6
150.000,original,-,robot1,MIN_DISTANCE,OK,4.484,4.648,,0,nearest_robot=robot2
150.000,original,-,robot2,MIN_DISTANCE,OK,4.484,4.648,,0,nearest_robot=robot1
150.000,original,-,robot3,MIN_DISTANCE,OK,6.223,4.648,,0,nearest_robot=robot4
150.000,original,-,robot4,MIN_DISTANCE,OK,6.223,4.648,,0,nearest_robot=robot3
150.000,original,-,robot5,MIN_DISTANCE,OK,3.237,4.648,,0,nearest_robot=robot6
150.000,original,-,robot6,MIN_DISTANCE,OK,3.237,4.648,,0,nearest_robot=robot5
150.000,original,-,fleet,MIN_DISTANCE_AVG,OK,4.648,,,0,robots_sampled=6
151.000,original,-,robot1,MIN_DISTANCE,OK,4.064,4.546,,0,nearest_robot=robot2
151.000,original,-,robot2,MIN_DISTANCE,OK,4.064,4.546,,0,nearest_robot=robot1
151.000,original,-,robot3,MIN_DISTANCE,OK,6.337,4.546,,0,nearest_robot=robot4
151.000,original,-,robot4,MIN_DISTANCE,OK,6.337,4.546,,0,nearest_robot=robot3
151.000,original,-,robot5,MIN_DISTANCE,OK,3.237,4.546,,0,nearest_robot=robot6
151.000,original,-,robot6,MIN_DISTANCE,OK,3.237,4.546,,0,nearest_robot=robot5
151.000,original,-,fleet,MIN_DISTANCE_AVG,OK,4.546,,,0,robots_sampled=6
152.000,original,-,robot1,MIN_DISTANCE,OK,3.626,4.406,,0,nearest_robot=robot2
152.000,original,-,robot2,MIN_DISTANCE,OK,3.626,4.406,,0,nearest_robot=robot1
152.000,original,-,robot3,MIN_DISTANCE,OK,6.356,4.406,,0,nearest_robot=robot4
152.000,original,-,robot4,MIN_DISTANCE,OK,6.356,4.406,,0,nearest_robot=robot3
152.000,original,-,robot5,MIN_DISTANCE,OK,3.237,4.406,,0,nearest_robot=robot6
152.000,original,-,robot6,MIN_DISTANCE,OK,3.237,4.406,,0,nearest_robot=robot5
152.000,original,-,fleet,MIN_DISTANCE_AVG,OK,4.406,,,0,robots_sampled=6
153.000,original,-,robot1,MIN_DISTANCE,OK,3.214,4.270,,0,nearest_robot=robot2
153.000,original,-,robot2,MIN_DISTANCE,OK,3.214,4.270,,0,nearest_robot=robot1
153.000,original,-,robot3,MIN_DISTANCE,OK,6.359,4.270,,0,nearest_robot=robot4
153.000,original,-,robot4,MIN_DISTANCE,OK,6.359,4.270,,0,nearest_robot=robot3
153.000,original,-,robot5,MIN_DISTANCE,OK,3.236,4.270,,0,nearest_robot=robot6
153.000,original,-,robot6,MIN_DISTANCE,OK,3.236,4.270,,0,nearest_robot=robot5
153.000,original,-,fleet,MIN_DISTANCE_AVG,OK,4.270,,,0,robots_sampled=6
154.000,original,-,robot1,MIN_DISTANCE,OK,2.851,4.149,,0,nearest_robot=robot2
154.000,original,-,robot2,MIN_DISTANCE,OK,2.851,4.149,,0,nearest_robot=robot1
154.000,original,-,robot3,MIN_DISTANCE,OK,6.359,4.149,,0,nearest_robot=robot4
154.000,original,-,robot4,MIN_DISTANCE,OK,6.359,4.149,,0,nearest_robot=robot3
154.000,original,-,robot5,MIN_DISTANCE,OK,3.236,4.149,,0,nearest_robot=robot6
154.000,original,-,robot6,MIN_DISTANCE,OK,3.236,4.149,,0,nearest_robot=robot5
154.000,original,-,fleet,MIN_DISTANCE_AVG,OK,4.149,,,0,robots_sampled=6
155.000,original,-,robot1,MIN_DISTANCE,OK,2.399,3.998,,0,nearest_robot=robot2
155.000,original,-,robot2,MIN_DISTANCE,OK,2.399,3.998,,0,nearest_robot=robot1
155.000,original,-,robot3,MIN_DISTANCE,OK,6.359,3.998,,0,nearest_robot=robot4
155.000,original,-,robot4,MIN_DISTANCE,OK,6.359,3.998,,0,nearest_robot=robot3
155.000,original,-,robot5,MIN_DISTANCE,OK,3.236,3.998,,0,nearest_robot=robot6
155.000,original,-,robot6,MIN_DISTANCE,OK,3.236,3.998,,0,nearest_robot=robot5
155.000,original,-,fleet,MIN_DISTANCE_AVG,OK,3.998,,,0,robots_sampled=6
156.000,original,-,robot1,MIN_DISTANCE,OK,2.099,3.898,,0,nearest_robot=robot2
156.000,original,-,robot2,MIN_DISTANCE,OK,2.099,3.898,,0,nearest_robot=robot1
156.000,original,-,robot3,MIN_DISTANCE,OK,6.359,3.898,,0,nearest_robot=robot4
156.000,original,-,robot4,MIN_DISTANCE,OK,6.359,3.898,,0,nearest_robot=robot3
156.000,original,-,robot5,MIN_DISTANCE,OK,3.236,3.898,,0,nearest_robot=robot6
156.000,original,-,robot6,MIN_DISTANCE,OK,3.236,3.898,,0,nearest_robot=robot5
156.000,original,-,fleet,MIN_DISTANCE_AVG,OK,3.898,,,0,robots_sampled=6
157.000,original,-,robot1,MIN_DISTANCE,OK,1.972,3.856,,0,nearest_robot=robot2
157.000,original,-,robot2,MIN_DISTANCE,OK,1.972,3.856,,0,nearest_robot=robot1
157.000,original,-,robot3,MIN_DISTANCE,OK,6.359,3.856,,0,nearest_robot=robot4
157.000,original,-,robot4,MIN_DISTANCE,OK,6.359,3.856,,0,nearest_robot=robot3
157.000,original,-,robot5,MIN_DISTANCE,OK,3.236,3.856,,0,nearest_robot=robot6
157.000,original,-,robot6,MIN_DISTANCE,OK,3.236,3.856,,0,nearest_robot=robot5
157.000,original,-,fleet,MIN_DISTANCE_AVG,OK,3.856,,,0,robots_sampled=6
158.000,original,-,robot1,MIN_DISTANCE,OK,1.970,3.855,,0,nearest_robot=robot2
158.000,original,-,robot2,MIN_DISTANCE,OK,1.970,3.855,,0,nearest_robot=robot1
158.000,original,-,robot3,MIN_DISTANCE,OK,6.359,3.855,,0,nearest_robot=robot4
158.000,original,-,robot4,MIN_DISTANCE,OK,6.359,3.855,,0,nearest_robot=robot3
158.000,original,-,robot5,MIN_DISTANCE,OK,3.236,3.855,,0,nearest_robot=robot6
158.000,original,-,robot6,MIN_DISTANCE,OK,3.236,3.855,,0,nearest_robot=robot5
158.000,original,-,fleet,MIN_DISTANCE_AVG,OK,3.855,,,0,robots_sampled=6
159.000,original,-,robot1,MIN_DISTANCE,OK,1.994,3.863,,0,nearest_robot=robot2
159.000,original,-,robot2,MIN_DISTANCE,OK,1.994,3.863,,0,nearest_robot=robot1
159.000,original,-,robot3,MIN_DISTANCE,OK,6.359,3.863,,0,nearest_robot=robot4
159.000,original,-,robot4,MIN_DISTANCE,OK,6.359,3.863,,0,nearest_robot=robot3
159.000,original,-,robot5,MIN_DISTANCE,OK,3.236,3.863,,0,nearest_robot=robot6
159.000,original,-,robot6,MIN_DISTANCE,OK,3.236,3.863,,0,nearest_robot=robot5
159.000,original,-,fleet,MIN_DISTANCE_AVG,OK,3.863,,,0,robots_sampled=6
160.000,original,-,robot1,MIN_DISTANCE,OK,1.869,3.821,,0,nearest_robot=robot2
160.000,original,-,robot2,MIN_DISTANCE,OK,1.869,3.821,,0,nearest_robot=robot1
160.000,original,-,robot3,MIN_DISTANCE,OK,6.359,3.821,,0,nearest_robot=robot4
160.000,original,-,robot4,MIN_DISTANCE,OK,6.359,3.821,,0,nearest_robot=robot3
160.000,original,-,robot5,MIN_DISTANCE,OK,3.236,3.821,,0,nearest_robot=robot6
160.000,original,-,robot6,MIN_DISTANCE,OK,3.236,3.821,,0,nearest_robot=robot5
160.000,original,-,fleet,MIN_DISTANCE_AVG,OK,3.821,,,0,robots_sampled=6
161.000,original,-,robot1,MIN_DISTANCE,OK,1.890,3.828,,0,nearest_robot=robot2
161.000,original,-,robot2,MIN_DISTANCE,OK,1.890,3.828,,0,nearest_robot=robot1
161.000,original,-,robot3,MIN_DISTANCE,OK,6.359,3.828,,0,nearest_robot=robot4
161.000,original,-,robot4,MIN_DISTANCE,OK,6.359,3.828,,0,nearest_robot=robot3
161.000,original,-,robot5,MIN_DISTANCE,OK,3.236,3.828,,0,nearest_robot=robot6
161.000,original,-,robot6,MIN_DISTANCE,OK,3.236,3.828,,0,nearest_robot=robot5
161.000,original,-,fleet,MIN_DISTANCE_AVG,OK,3.828,,,0,robots_sampled=6
162.000,original,-,robot1,MIN_DISTANCE,OK,1.876,3.819,,0,nearest_robot=robot2
162.000,original,-,robot2,MIN_DISTANCE,OK,1.876,3.819,,0,nearest_robot=robot1
162.000,original,-,robot3,MIN_DISTANCE,OK,6.349,3.819,,0,nearest_robot=robot4
162.000,original,-,robot4,MIN_DISTANCE,OK,6.349,3.819,,0,nearest_robot=robot3
162.000,original,-,robot5,MIN_DISTANCE,OK,3.233,3.819,,0,nearest_robot=robot6
162.000,original,-,robot6,MIN_DISTANCE,OK,3.233,3.819,,0,nearest_robot=robot5
162.000,original,-,fleet,MIN_DISTANCE_AVG,OK,3.819,,,0,robots_sampled=6
162.500,original,-,fleet,REPLAN_FULL,OK,,,robot1|robot2|robot3|robot4|robot5|robot6,0,original_full_optimization
163.000,original,-,robot1,MIN_DISTANCE,OK,1.599,3.593,,0,nearest_robot=robot2
163.000,original,-,robot2,MIN_DISTANCE,OK,1.599,3.593,,0,nearest_robot=robot1
163.000,original,-,robot3,MIN_DISTANCE,OK,6.028,3.593,,0,nearest_robot=robot4
163.000,original,-,robot4,MIN_DISTANCE,OK,6.028,3.593,,0,nearest_robot=robot3
163.000,original,-,robot5,MIN_DISTANCE,OK,3.152,3.593,,0,nearest_robot=robot6
163.000,original,-,robot6,MIN_DISTANCE,OK,3.152,3.593,,0,nearest_robot=robot5
163.000,original,-,fleet,MIN_DISTANCE_AVG,OK,3.593,,,0,robots_sampled=6
164.000,original,-,robot1,MIN_DISTANCE,OK,1.246,3.319,,0,nearest_robot=robot2
164.000,original,-,robot2,MIN_DISTANCE,OK,1.246,3.319,,0,nearest_robot=robot1
164.000,original,-,robot3,MIN_DISTANCE,OK,5.677,3.319,,0,nearest_robot=robot4
164.000,original,-,robot4,MIN_DISTANCE,OK,5.677,3.319,,0,nearest_robot=robot3
164.000,original,-,robot5,MIN_DISTANCE,OK,3.034,3.319,,0,nearest_robot=robot6
164.000,original,-,robot6,MIN_DISTANCE,OK,3.034,3.319,,0,nearest_robot=robot5
164.000,original,-,fleet,MIN_DISTANCE_AVG,OK,3.319,,,0,robots_sampled=6
165.000,original,-,robot1,MIN_DISTANCE,OK,0.884,3.081,,0,nearest_robot=robot2
165.000,original,-,robot2,MIN_DISTANCE,OK,0.884,3.081,,0,nearest_robot=robot1
165.000,original,-,robot3,MIN_DISTANCE,OK,5.453,3.081,,0,nearest_robot=robot4
165.000,original,-,robot4,MIN_DISTANCE,OK,5.453,3.081,,0,nearest_robot=robot3
165.000,original,-,robot5,MIN_DISTANCE,OK,2.905,3.081,,0,nearest_robot=robot6
165.000,original,-,robot6,MIN_DISTANCE,OK,2.905,3.081,,0,nearest_robot=robot5
165.000,original,-,fleet,MIN_DISTANCE_AVG,OK,3.081,,,0,robots_sampled=6
166.000,original,-,robot1,MIN_DISTANCE,OK,0.666,2.958,,0,nearest_robot=robot2
166.000,original,-,robot2,MIN_DISTANCE,OK,0.666,2.958,,0,nearest_robot=robot1
166.000,original,-,robot3,MIN_DISTANCE,OK,5.374,2.958,,0,nearest_robot=robot4
166.000,original,-,robot4,MIN_DISTANCE,OK,5.374,2.958,,0,nearest_robot=robot3
166.000,original,-,robot5,MIN_DISTANCE,OK,2.834,2.958,,0,nearest_robot=robot6
166.000,original,-,robot6,MIN_DISTANCE,OK,2.834,2.958,,0,nearest_robot=robot5
166.000,original,-,fleet,MIN_DISTANCE_AVG,OK,2.958,,,0,robots_sampled=6
167.000,original,-,robot1,MIN_DISTANCE,OK,0.549,2.925,,0,nearest_robot=robot2
167.000,original,-,robot2,MIN_DISTANCE,OK,0.549,2.925,,0,nearest_robot=robot1
167.000,original,-,robot3,MIN_DISTANCE,OK,5.406,2.925,,0,nearest_robot=robot4
167.000,original,-,robot4,MIN_DISTANCE,OK,5.406,2.925,,0,nearest_robot=robot3
167.000,original,-,robot5,MIN_DISTANCE,OK,2.821,2.925,,0,nearest_robot=robot6
167.000,original,-,robot6,MIN_DISTANCE,OK,2.821,2.925,,0,nearest_robot=robot5
167.000,original,-,fleet,MIN_DISTANCE_AVG,OK,2.925,,,0,robots_sampled=6
168.000,original,-,robot1,MIN_DISTANCE,OK,0.205,2.846,,0,nearest_robot=robot2
168.000,original,-,robot2,MIN_DISTANCE,OK,0.205,2.846,,0,nearest_robot=robot1
168.000,original,-,robot3,MIN_DISTANCE,OK,5.539,2.846,,0,nearest_robot=robot4
168.000,original,-,robot4,MIN_DISTANCE,OK,5.539,2.846,,0,nearest_robot=robot3
168.000,original,-,robot5,MIN_DISTANCE,OK,2.794,2.846,,0,nearest_robot=robot6
168.000,original,-,robot6,MIN_DISTANCE,OK,2.794,2.846,,0,nearest_robot=robot5
168.000,original,-,fleet,MIN_DISTANCE_AVG,OK,2.846,,,0,robots_sampled=6
169.000,original,-,robot1,MIN_DISTANCE,OK,0.368,2.971,,0,nearest_robot=robot2
169.000,original,-,robot2,MIN_DISTANCE,OK,0.368,2.971,,0,nearest_robot=robot1
169.000,original,-,robot3,MIN_DISTANCE,OK,5.739,2.971,,0,nearest_robot=robot4
169.000,original,-,robot4,MIN_DISTANCE,OK,5.739,2.971,,0,nearest_robot=robot3
169.000,original,-,robot5,MIN_DISTANCE,OK,2.808,2.971,,0,nearest_robot=robot6
169.000,original,-,robot6,MIN_DISTANCE,OK,2.808,2.971,,0,nearest_robot=robot5
169.000,original,-,fleet,MIN_DISTANCE_AVG,OK,2.971,,,0,robots_sampled=6
170.000,original,-,robot1,MIN_DISTANCE,OK,0.822,3.181,,0,nearest_robot=robot2
170.000,original,-,robot2,MIN_DISTANCE,OK,0.822,3.181,,0,nearest_robot=robot1
170.000,original,-,robot3,MIN_DISTANCE,OK,5.969,3.181,,0,nearest_robot=robot4
170.000,original,-,robot4,MIN_DISTANCE,OK,5.969,3.181,,0,nearest_robot=robot3
170.000,original,-,robot5,MIN_DISTANCE,OK,2.752,3.181,,0,nearest_robot=robot6
170.000,original,-,robot6,MIN_DISTANCE,OK,2.752,3.181,,0,nearest_robot=robot5
170.000,original,-,fleet,MIN_DISTANCE_AVG,OK,3.181,,,0,robots_sampled=6
171.000,original,-,robot1,MIN_DISTANCE,OK,1.313,3.414,,0,nearest_robot=robot2
171.000,original,-,robot2,MIN_DISTANCE,OK,1.313,3.414,,0,nearest_robot=robot1
171.000,original,-,robot3,MIN_DISTANCE,OK,6.144,3.414,,0,nearest_robot=robot5
171.000,original,-,robot4,MIN_DISTANCE,OK,6.205,3.414,,0,nearest_robot=robot3
171.000,original,-,robot5,MIN_DISTANCE,OK,2.754,3.414,,0,nearest_robot=robot6
171.000,original,-,robot6,MIN_DISTANCE,OK,2.754,3.414,,0,nearest_robot=robot5
171.000,original,-,fleet,MIN_DISTANCE_AVG,OK,3.414,,,0,robots_sampled=6
172.000,original,-,robot1,MIN_DISTANCE,OK,1.782,3.618,,0,nearest_robot=robot2
172.000,original,-,robot2,MIN_DISTANCE,OK,1.782,3.618,,0,nearest_robot=robot1
172.000,original,-,robot3,MIN_DISTANCE,OK,6.043,3.618,,0,nearest_robot=robot5
172.000,original,-,robot4,MIN_DISTANCE,OK,6.505,3.618,,0,nearest_robot=robot3
172.000,original,-,robot5,MIN_DISTANCE,OK,2.798,3.618,,0,nearest_robot=robot6
172.000,original,-,robot6,MIN_DISTANCE,OK,2.798,3.618,,0,nearest_robot=robot5
172.000,original,-,fleet,MIN_DISTANCE_AVG,OK,3.618,,,0,robots_sampled=6
173.000,original,-,robot1,MIN_DISTANCE,OK,2.283,3.845,,0,nearest_robot=robot2
173.000,original,-,robot2,MIN_DISTANCE,OK,2.283,3.845,,0,nearest_robot=robot1
173.000,original,-,robot3,MIN_DISTANCE,OK,5.958,3.845,,0,nearest_robot=robot5
173.000,original,-,robot4,MIN_DISTANCE,OK,6.792,3.845,,0,nearest_robot=robot3
173.000,original,-,robot5,MIN_DISTANCE,OK,2.876,3.845,,0,nearest_robot=robot6
173.000,original,-,robot6,MIN_DISTANCE,OK,2.876,3.845,,0,nearest_robot=robot5
173.000,original,-,fleet,MIN_DISTANCE_AVG,OK,3.845,,,0,robots_sampled=6
174.000,original,-,robot1,MIN_DISTANCE,OK,2.780,4.049,,0,nearest_robot=robot2
174.000,original,-,robot2,MIN_DISTANCE,OK,2.780,4.049,,0,nearest_robot=robot1
174.000,original,-,robot3,MIN_DISTANCE,OK,5.934,4.049,,0,nearest_robot=robot5
174.000,original,-,robot4,MIN_DISTANCE,OK,7.123,4.049,,0,nearest_robot=robot3
174.000,original,-,robot5,MIN_DISTANCE,OK,2.838,4.049,,0,nearest_robot=robot6
174.000,original,-,robot6,MIN_DISTANCE,OK,2.838,4.049,,0,nearest_robot=robot5
174.000,original,-,fleet,MIN_DISTANCE_AVG,OK,4.049,,,0,robots_sampled=6
175.000,original,-,robot1,MIN_DISTANCE,OK,3.318,4.242,,0,nearest_robot=robot2
175.000,original,-,robot2,MIN_DISTANCE,OK,3.318,4.242,,0,nearest_robot=robot1
175.000,original,-,robot3,MIN_DISTANCE,OK,5.982,4.242,,0,nearest_robot=robot5
175.000,original,-,robot4,MIN_DISTANCE,OK,7.459,4.242,,0,nearest_robot=robot3
175.000,original,-,robot5,MIN_DISTANCE,OK,2.688,4.242,,0,nearest_robot=robot6
175.000,original,-,robot6,MIN_DISTANCE,OK,2.688,4.242,,0,nearest_robot=robot5
175.000,original,-,fleet,MIN_DISTANCE_AVG,OK,4.242,,,0,robots_sampled=6
176.000,original,-,robot1,MIN_DISTANCE,OK,3.813,4.404,,0,nearest_robot=robot2
176.000,original,-,robot2,MIN_DISTANCE,OK,3.813,4.404,,0,nearest_robot=robot1
176.000,original,-,robot3,MIN_DISTANCE,OK,6.076,4.404,,0,nearest_robot=robot5
176.000,original,-,robot4,MIN_DISTANCE,OK,7.822,4.404,,0,nearest_robot=robot3
176.000,original,-,robot5,MIN_DISTANCE,OK,2.451,4.404,,0,nearest_robot=robot6
176.000,original,-,robot6,MIN_DISTANCE,OK,2.451,4.404,,0,nearest_robot=robot5
176.000,original,-,fleet,MIN_DISTANCE_AVG,OK,4.404,,,0,robots_sampled=6
177.000,original,-,robot1,MIN_DISTANCE,OK,4.308,4.568,,0,nearest_robot=robot2
177.000,original,-,robot2,MIN_DISTANCE,OK,4.308,4.568,,0,nearest_robot=robot1
177.000,original,-,robot3,MIN_DISTANCE,OK,6.217,4.568,,0,nearest_robot=robot5
177.000,original,-,robot4,MIN_DISTANCE,OK,8.197,4.568,,0,nearest_robot=robot3
177.000,original,-,robot5,MIN_DISTANCE,OK,2.188,4.568,,0,nearest_robot=robot6
177.000,original,-,robot6,MIN_DISTANCE,OK,2.188,4.568,,0,nearest_robot=robot5
177.000,original,-,fleet,MIN_DISTANCE_AVG,OK,4.568,,,0,robots_sampled=6
178.000,original,-,robot1,MIN_DISTANCE,OK,4.813,4.729,,0,nearest_robot=robot2
178.000,original,-,robot2,MIN_DISTANCE,OK,4.813,4.729,,0,nearest_robot=robot1
178.000,original,-,robot3,MIN_DISTANCE,OK,6.416,4.729,,0,nearest_robot=robot5
178.000,original,-,robot4,MIN_DISTANCE,OK,8.556,4.729,,0,nearest_robot=robot3
178.000,original,-,robot5,MIN_DISTANCE,OK,1.889,4.729,,0,nearest_robot=robot6
178.000,original,-,robot6,MIN_DISTANCE,OK,1.889,4.729,,0,nearest_robot=robot5
178.000,original,-,fleet,MIN_DISTANCE_AVG,OK,4.729,,,0,robots_sampled=6
179.000,original,-,robot1,MIN_DISTANCE,OK,5.214,4.885,,0,nearest_robot=robot2
179.000,original,-,robot2,MIN_DISTANCE,OK,5.214,4.885,,0,nearest_robot=robot1
179.000,original,-,robot3,MIN_DISTANCE,OK,6.668,4.885,,0,nearest_robot=robot5
179.000,original,-,robot4,MIN_DISTANCE,OK,8.899,4.885,,0,nearest_robot=robot3
179.000,original,-,robot5,MIN_DISTANCE,OK,1.656,4.885,,0,nearest_robot=robot6
179.000,original,-,robot6,MIN_DISTANCE,OK,1.656,4.885,,0,nearest_robot=robot5
179.000,original,-,fleet,MIN_DISTANCE_AVG,OK,4.885,,,0,robots_sampled=6
180.000,original,-,robot1,MIN_DISTANCE,OK,5.659,5.058,,0,nearest_robot=robot2
180.000,original,-,robot2,MIN_DISTANCE,OK,5.659,5.058,,0,nearest_robot=robot1
180.000,original,-,robot3,MIN_DISTANCE,OK,6.964,5.058,,0,nearest_robot=robot5
180.000,original,-,robot4,MIN_DISTANCE,OK,9.029,5.058,,0,nearest_robot=robot6
180.000,original,-,robot5,MIN_DISTANCE,OK,1.518,5.058,,0,nearest_robot=robot6
180.000,original,-,robot6,MIN_DISTANCE,OK,1.518,5.058,,0,nearest_robot=robot5
180.000,original,-,fleet,MIN_DISTANCE_AVG,OK,5.058,,,0,robots_sampled=6
181.000,original,-,robot1,MIN_DISTANCE,OK,6.039,5.188,,0,nearest_robot=robot2
181.000,original,-,robot2,MIN_DISTANCE,OK,6.039,5.188,,0,nearest_robot=robot1
181.000,original,-,robot3,MIN_DISTANCE,OK,7.070,5.188,,0,nearest_robot=robot6
181.000,original,-,robot4,MIN_DISTANCE,OK,9.037,5.188,,0,nearest_robot=robot6
181.000,original,-,robot5,MIN_DISTANCE,OK,1.472,5.188,,0,nearest_robot=robot6
181.000,original,-,robot6,MIN_DISTANCE,OK,1.472,5.188,,0,nearest_robot=robot5
181.000,original,-,fleet,MIN_DISTANCE_AVG,OK,5.188,,,0,robots_sampled=6
182.000,original,-,robot1,MIN_DISTANCE,OK,6.400,5.315,,0,nearest_robot=robot2
182.000,original,-,robot2,MIN_DISTANCE,OK,6.400,5.315,,0,nearest_robot=robot1
182.000,original,-,robot3,MIN_DISTANCE,OK,6.976,5.315,,0,nearest_robot=robot6
182.000,original,-,robot4,MIN_DISTANCE,OK,9.039,5.315,,0,nearest_robot=robot6
182.000,original,-,robot5,MIN_DISTANCE,OK,1.537,5.315,,0,nearest_robot=robot6
182.000,original,-,robot6,MIN_DISTANCE,OK,1.537,5.315,,0,nearest_robot=robot5
182.000,original,-,fleet,MIN_DISTANCE_AVG,OK,5.315,,,0,robots_sampled=6
183.000,original,-,robot1,MIN_DISTANCE,OK,6.753,5.475,,0,nearest_robot=robot2
183.000,original,-,robot2,MIN_DISTANCE,OK,6.753,5.475,,0,nearest_robot=robot1
183.000,original,-,robot3,MIN_DISTANCE,OK,6.886,5.475,,0,nearest_robot=robot6
183.000,original,-,robot4,MIN_DISTANCE,OK,9.041,5.475,,0,nearest_robot=robot6
183.000,original,-,robot5,MIN_DISTANCE,OK,1.710,5.475,,0,nearest_robot=robot6
183.000,original,-,robot6,MIN_DISTANCE,OK,1.710,5.475,,0,nearest_robot=robot5
183.000,original,-,fleet,MIN_DISTANCE_AVG,OK,5.475,,,0,robots_sampled=6
184.000,original,-,robot1,MIN_DISTANCE,OK,7.092,5.671,,0,nearest_robot=robot2
184.000,original,-,robot2,MIN_DISTANCE,OK,7.092,5.671,,0,nearest_robot=robot1
184.000,original,-,robot3,MIN_DISTANCE,OK,6.809,5.671,,0,nearest_robot=robot6
184.000,original,-,robot4,MIN_DISTANCE,OK,9.042,5.671,,0,nearest_robot=robot6
184.000,original,-,robot5,MIN_DISTANCE,OK,1.996,5.671,,0,nearest_robot=robot6
184.000,original,-,robot6,MIN_DISTANCE,OK,1.996,5.671,,0,nearest_robot=robot5
184.000,original,-,fleet,MIN_DISTANCE_AVG,OK,5.671,,,0,robots_sampled=6
185.000,original,-,robot1,MIN_DISTANCE,OK,7.444,5.874,,0,nearest_robot=robot2
185.000,original,-,robot2,MIN_DISTANCE,OK,7.444,5.874,,0,nearest_robot=robot1
185.000,original,-,robot3,MIN_DISTANCE,OK,6.690,5.874,,0,nearest_robot=robot6
185.000,original,-,robot4,MIN_DISTANCE,OK,9.044,5.874,,0,nearest_robot=robot6
185.000,original,-,robot5,MIN_DISTANCE,OK,2.311,5.874,,0,nearest_robot=robot6
185.000,original,-,robot6,MIN_DISTANCE,OK,2.311,5.874,,0,nearest_robot=robot5
185.000,original,-,fleet,MIN_DISTANCE_AVG,OK,5.874,,,0,robots_sampled=6
186.000,original,-,robot1,MIN_DISTANCE,OK,7.814,6.114,,0,nearest_robot=robot2
186.000,original,-,robot2,MIN_DISTANCE,OK,7.814,6.114,,0,nearest_robot=robot1
186.000,original,-,robot3,MIN_DISTANCE,OK,6.659,6.114,,0,nearest_robot=robot6
186.000,original,-,robot4,MIN_DISTANCE,OK,9.045,6.114,,0,nearest_robot=robot6
186.000,original,-,robot5,MIN_DISTANCE,OK,2.676,6.114,,0,nearest_robot=robot6
186.000,original,-,robot6,MIN_DISTANCE,OK,2.676,6.114,,0,nearest_robot=robot5
186.000,original,-,fleet,MIN_DISTANCE_AVG,OK,6.114,,,0,robots_sampled=6
187.000,original,-,robot1,MIN_DISTANCE,OK,8.158,6.351,,0,nearest_robot=robot2
187.000,original,-,robot2,MIN_DISTANCE,OK,8.158,6.351,,0,nearest_robot=robot1
187.000,original,-,robot3,MIN_DISTANCE,OK,6.643,6.351,,0,nearest_robot=robot6
187.000,original,-,robot4,MIN_DISTANCE,OK,9.045,6.351,,0,nearest_robot=robot6
187.000,original,-,robot5,MIN_DISTANCE,OK,3.051,6.351,,0,nearest_robot=robot6
187.000,original,-,robot6,MIN_DISTANCE,OK,3.051,6.351,,0,nearest_robot=robot5
187.000,original,-,fleet,MIN_DISTANCE_AVG,OK,6.351,,,0,robots_sampled=6
187.500,original,-,fleet,REPLAN_FULL,OK,,,robot1|robot2|robot3|robot4|robot5|robot6,0,original_full_optimization
188.000,original,-,robot1,MIN_DISTANCE,OK,8.543,6.603,,0,nearest_robot=robot2
188.000,original,-,robot2,MIN_DISTANCE,OK,8.543,6.603,,0,nearest_robot=robot1
188.000,original,-,robot3,MIN_DISTANCE,OK,6.616,6.603,,0,nearest_robot=robot6
188.000,original,-,robot4,MIN_DISTANCE,OK,9.057,6.603,,0,nearest_robot=robot6
188.000,original,-,robot5,MIN_DISTANCE,OK,3.429,6.603,,0,nearest_robot=robot6
188.000,original,-,robot6,MIN_DISTANCE,OK,3.429,6.603,,0,nearest_robot=robot5
188.000,original,-,fleet,MIN_DISTANCE_AVG,OK,6.603,,,0,robots_sampled=6
189.000,original,-,robot1,MIN_DISTANCE,OK,9.117,6.914,,0,nearest_robot=robot2
189.000,original,-,robot2,MIN_DISTANCE,OK,9.117,6.914,,0,nearest_robot=robot1
189.000,original,-,robot3,MIN_DISTANCE,OK,6.465,6.914,,0,nearest_robot=robot6
189.000,original,-,robot4,MIN_DISTANCE,OK,9.138,6.914,,0,nearest_robot=robot6
189.000,original,-,robot5,MIN_DISTANCE,OK,3.823,6.914,,0,nearest_robot=robot6
189.000,original,-,robot6,MIN_DISTANCE,OK,3.823,6.914,,0,nearest_robot=robot5
189.000,original,-,fleet,MIN_DISTANCE_AVG,OK,6.914,,,0,robots_sampled=6
190.000,original,-,robot1,MIN_DISTANCE,OK,9.802,7.327,,0,nearest_robot=robot4
190.000,original,-,robot2,MIN_DISTANCE,OK,10.005,7.327,,0,nearest_robot=robot1
190.000,original,-,robot3,MIN_DISTANCE,OK,6.465,7.327,,0,nearest_robot=robot6
190.000,original,-,robot4,MIN_DISTANCE,OK,9.108,7.327,,0,nearest_robot=robot6
190.000,original,-,robot5,MIN_DISTANCE,OK,4.290,7.327,,0,nearest_robot=robot6
190.000,original,-,robot6,MIN_DISTANCE,OK,4.290,7.327,,0,nearest_robot=robot5
190.000,original,-,fleet,MIN_DISTANCE_AVG,OK,7.327,,,0,robots_sampled=6
191.000,original,-,robot1,MIN_DISTANCE,OK,8.917,7.439,,0,nearest_robot=robot4
191.000,original,-,robot2,MIN_DISTANCE,OK,10.905,7.439,,0,nearest_robot=robot1
191.000,original,-,robot3,MIN_DISTANCE,OK,6.465,7.439,,0,nearest_robot=robot6
191.000,original,-,robot4,MIN_DISTANCE,OK,8.917,7.439,,0,nearest_robot=robot1
191.000,original,-,robot5,MIN_DISTANCE,OK,4.715,7.439,,0,nearest_robot=robot6
191.000,original,-,robot6,MIN_DISTANCE,OK,4.715,7.439,,0,nearest_robot=robot5
191.000,original,-,fleet,MIN_DISTANCE_AVG,OK,7.439,,,0,robots_sampled=6
192.000,original,-,robot1,MIN_DISTANCE,OK,8.045,7.427,,0,nearest_robot=robot4
192.000,original,-,robot2,MIN_DISTANCE,OK,11.734,7.427,,0,nearest_robot=robot1
192.000,original,-,robot3,MIN_DISTANCE,OK,6.465,7.427,,0,nearest_robot=robot6
192.000,original,-,robot4,MIN_DISTANCE,OK,8.045,7.427,,0,nearest_robot=robot1
192.000,original,-,robot5,MIN_DISTANCE,OK,5.135,7.427,,0,nearest_robot=robot6
192.000,original,-,robot6,MIN_DISTANCE,OK,5.135,7.427,,0,nearest_robot=robot5
192.000,original,-,fleet,MIN_DISTANCE_AVG,OK,7.427,,,0,robots_sampled=6
193.000,original,-,robot1,MIN_DISTANCE,OK,7.125,7.399,,0,nearest_robot=robot4
193.000,original,-,robot2,MIN_DISTANCE,OK,12.604,7.399,,0,nearest_robot=robot1
193.000,original,-,robot3,MIN_DISTANCE,OK,6.465,7.399,,0,nearest_robot=robot6
193.000,original,-,robot4,MIN_DISTANCE,OK,7.125,7.399,,0,nearest_robot=robot1
193.000,original,-,robot5,MIN_DISTANCE,OK,5.538,7.399,,0,nearest_robot=robot6
193.000,original,-,robot6,MIN_DISTANCE,OK,5.538,7.399,,0,nearest_robot=robot5
193.000,original,-,fleet,MIN_DISTANCE_AVG,OK,7.399,,,0,robots_sampled=6
194.000,original,-,robot1,MIN_DISTANCE,OK,6.182,7.354,,0,nearest_robot=robot4
194.000,original,-,robot2,MIN_DISTANCE,OK,13.450,7.354,,0,nearest_robot=robot1
194.000,original,-,robot3,MIN_DISTANCE,OK,6.465,7.354,,0,nearest_robot=robot6
194.000,original,-,robot4,MIN_DISTANCE,OK,6.182,7.354,,0,nearest_robot=robot1
194.000,original,-,robot5,MIN_DISTANCE,OK,5.921,7.354,,0,nearest_robot=robot6
194.000,original,-,robot6,MIN_DISTANCE,OK,5.921,7.354,,0,nearest_robot=robot5
194.000,original,-,fleet,MIN_DISTANCE_AVG,OK,7.354,,,0,robots_sampled=6
195.000,original,-,robot1,MIN_DISTANCE,OK,5.323,7.178,,0,nearest_robot=robot4
195.000,original,-,robot2,MIN_DISTANCE,OK,13.279,7.178,,0,nearest_robot=robot5
195.000,original,-,robot3,MIN_DISTANCE,OK,6.465,7.178,,0,nearest_robot=robot6
195.000,original,-,robot4,MIN_DISTANCE,OK,5.323,7.178,,0,nearest_robot=robot1
195.000,original,-,robot5,MIN_DISTANCE,OK,6.337,7.178,,0,nearest_robot=robot6
195.000,original,-,robot6,MIN_DISTANCE,OK,6.337,7.178,,0,nearest_robot=robot5
195.000,original,-,fleet,MIN_DISTANCE_AVG,OK,7.178,,,0,robots_sampled=6
196.000,original,-,robot1,MIN_DISTANCE,OK,4.460,6.921,,0,nearest_robot=robot4
196.000,original,-,robot2,MIN_DISTANCE,OK,12.923,6.921,,0,nearest_robot=robot5
196.000,original,-,robot3,MIN_DISTANCE,OK,6.465,6.921,,0,nearest_robot=robot6
196.000,original,-,robot4,MIN_DISTANCE,OK,4.460,6.921,,0,nearest_robot=robot1
196.000,original,-,robot5,MIN_DISTANCE,OK,6.750,6.921,,0,nearest_robot=robot6
196.000,original,-,robot6,MIN_DISTANCE,OK,6.465,6.921,,0,nearest_robot=robot3
196.000,original,-,fleet,MIN_DISTANCE_AVG,OK,6.921,,,0,robots_sampled=6
197.000,original,-,robot1,MIN_DISTANCE,OK,3.593,6.634,,0,nearest_robot=robot4
197.000,original,-,robot2,MIN_DISTANCE,OK,12.470,6.634,,0,nearest_robot=robot5
197.000,original,-,robot3,MIN_DISTANCE,OK,6.465,6.634,,0,nearest_robot=robot6
197.000,original,-,robot4,MIN_DISTANCE,OK,3.593,6.634,,0,nearest_robot=robot1
197.000,original,-,robot5,MIN_DISTANCE,OK,7.217,6.634,,0,nearest_robot=robot6
197.000,original,-,robot6,MIN_DISTANCE,OK,6.465,6.634,,0,nearest_robot=robot3
197.000,original,-,fleet,MIN_DISTANCE_AVG,OK,6.634,,,0,robots_sampled=6
198.000,original,-,robot1,MIN_DISTANCE,OK,2.745,6.347,,0,nearest_robot=robot4
198.000,original,-,robot2,MIN_DISTANCE,OK,12.062,6.347,,0,nearest_robot=robot5
198.000,original,-,robot3,MIN_DISTANCE,OK,6.465,6.347,,0,nearest_robot=robot6
198.000,original,-,robot4,MIN_DISTANCE,OK,2.745,6.347,,0,nearest_robot=robot1
198.000,original,-,robot5,MIN_DISTANCE,OK,7.601,6.347,,0,nearest_robot=robot6
198.000,original,-,robot6,MIN_DISTANCE,OK,6.465,6.347,,0,nearest_robot=robot3
198.000,original,-,fleet,MIN_DISTANCE_AVG,OK,6.347,,,0,robots_sampled=6
199.000,original,-,robot1,MIN_DISTANCE,OK,1.908,6.055,,0,nearest_robot=robot4
199.000,original,-,robot2,MIN_DISTANCE,OK,11.734,6.055,,0,nearest_robot=robot5
199.000,original,-,robot3,MIN_DISTANCE,OK,6.465,6.055,,0,nearest_robot=robot6
199.000,original,-,robot4,MIN_DISTANCE,OK,1.908,6.055,,0,nearest_robot=robot1
199.000,original,-,robot5,MIN_DISTANCE,OK,7.846,6.055,,0,nearest_robot=robot6
199.000,original,-,robot6,MIN_DISTANCE,OK,6.465,6.055,,0,nearest_robot=robot3
199.000,original,-,fleet,MIN_DISTANCE_AVG,OK,6.055,,,0,robots_sampled=6
200.000,original,-,robot1,MIN_DISTANCE,OK,1.084,5.756,,0,nearest_robot=robot4
200.000,original,-,robot2,MIN_DISTANCE,OK,11.440,5.756,,0,nearest_robot=robot5
200.000,original,-,robot3,MIN_DISTANCE,OK,6.466,5.756,,0,nearest_robot=robot6
200.000,original,-,robot4,MIN_DISTANCE,OK,1.084,5.756,,0,nearest_robot=robot1
200.000,original,-,robot5,MIN_DISTANCE,OK,7.994,5.756,,0,nearest_robot=robot6
200.000,original,-,robot6,MIN_DISTANCE,OK,6.466,5.756,,0,nearest_robot=robot3
200.000,original,-,fleet,MIN_DISTANCE_AVG,OK,5.756,,,0,robots_sampled=6
201.000,original,-,robot1,MIN_DISTANCE,OK,0.478,5.534,,0,nearest_robot=robot4
201.000,original,-,robot2,MIN_DISTANCE,OK,11.237,5.534,,0,nearest_robot=robot5
201.000,original,-,robot3,MIN_DISTANCE,OK,6.466,5.534,,0,nearest_robot=robot6
201.000,original,-,robot4,MIN_DISTANCE,OK,0.478,5.534,,0,nearest_robot=robot1
201.000,original,-,robot5,MIN_DISTANCE,OK,8.082,5.534,,0,nearest_robot=robot6
201.000,original,-,robot6,MIN_DISTANCE,OK,6.466,5.534,,0,nearest_robot=robot3
201.000,original,-,fleet,MIN_DISTANCE_AVG,OK,5.534,,,0,robots_sampled=6
202.000,original,-,robot1,MIN_DISTANCE,OK,0.356,5.505,,0,nearest_robot=robot4
202.000,original,-,robot2,MIN_DISTANCE,OK,11.261,5.505,,0,nearest_robot=robot5
202.000,original,-,robot3,MIN_DISTANCE,OK,6.466,5.505,,0,nearest_robot=robot6
202.000,original,-,robot4,MIN_DISTANCE,OK,0.356,5.505,,0,nearest_robot=robot1
202.000,original,-,robot5,MIN_DISTANCE,OK,8.127,5.505,,0,nearest_robot=robot6
202.000,original,-,robot6,MIN_DISTANCE,OK,6.466,5.505,,0,nearest_robot=robot3
202.000,original,-,fleet,MIN_DISTANCE_AVG,OK,5.505,,,0,robots_sampled=6
203.000,original,-,robot1,MIN_DISTANCE,OK,0.368,5.520,,0,nearest_robot=robot4
203.000,original,-,robot2,MIN_DISTANCE,OK,11.310,5.520,,0,nearest_robot=robot5
203.000,original,-,robot3,MIN_DISTANCE,OK,6.466,5.520,,0,nearest_robot=robot6
203.000,original,-,robot4,MIN_DISTANCE,OK,0.368,5.520,,0,nearest_robot=robot1
203.000,original,-,robot5,MIN_DISTANCE,OK,8.142,5.520,,0,nearest_robot=robot6
203.000,original,-,robot6,MIN_DISTANCE,OK,6.466,5.520,,0,nearest_robot=robot3
203.000,original,-,fleet,MIN_DISTANCE_AVG,OK,5.520,,,0,robots_sampled=6
204.000,original,-,robot1,MIN_DISTANCE,OK,0.372,5.525,,0,nearest_robot=robot4
204.000,original,-,robot2,MIN_DISTANCE,OK,11.333,5.525,,0,nearest_robot=robot5
204.000,original,-,robot3,MIN_DISTANCE,OK,6.466,5.525,,0,nearest_robot=robot6
204.000,original,-,robot4,MIN_DISTANCE,OK,0.372,5.525,,0,nearest_robot=robot1
204.000,original,-,robot5,MIN_DISTANCE,OK,8.144,5.525,,0,nearest_robot=robot6
204.000,original,-,robot6,MIN_DISTANCE,OK,6.466,5.525,,0,nearest_robot=robot3
204.000,original,-,fleet,MIN_DISTANCE_AVG,OK,5.525,,,0,robots_sampled=6
205.000,original,-,robot1,MIN_DISTANCE,OK,0.428,5.548,,0,nearest_robot=robot4
205.000,original,-,robot2,MIN_DISTANCE,OK,11.353,5.548,,0,nearest_robot=robot5
205.000,original,-,robot3,MIN_DISTANCE,OK,6.466,5.548,,0,nearest_robot=robot6
205.000,original,-,robot4,MIN_DISTANCE,OK,0.428,5.548,,0,nearest_robot=robot1
205.000,original,-,robot5,MIN_DISTANCE,OK,8.145,5.548,,0,nearest_robot=robot6
205.000,original,-,robot6,MIN_DISTANCE,OK,6.466,5.548,,0,nearest_robot=robot3
205.000,original,-,fleet,MIN_DISTANCE_AVG,OK,5.548,,,0,robots_sampled=6
206.000,original,-,robot1,MIN_DISTANCE,OK,0.675,5.479,,0,nearest_robot=robot4
206.000,original,-,robot2,MIN_DISTANCE,OK,10.449,5.479,,0,nearest_robot=robot5
206.000,original,-,robot3,MIN_DISTANCE,OK,6.466,5.479,,0,nearest_robot=robot6
206.000,original,-,robot4,MIN_DISTANCE,OK,0.675,5.479,,0,nearest_robot=robot1
206.000,original,-,robot5,MIN_DISTANCE,OK,8.146,5.479,,0,nearest_robot=robot6
206.000,original,-,robot6,MIN_DISTANCE,OK,6.466,5.479,,0,nearest_robot=robot3
206.000,original,-,fleet,MIN_DISTANCE_AVG,OK,5.479,,,0,robots_sampled=6
207.000,original,-,robot1,MIN_DISTANCE,OK,0.945,5.562,,0,nearest_robot=robot4
207.000,original,-,robot2,MIN_DISTANCE,OK,10.398,5.562,,0,nearest_robot=robot5
207.000,original,-,robot3,MIN_DISTANCE,OK,6.466,5.562,,0,nearest_robot=robot6
207.000,original,-,robot4,MIN_DISTANCE,OK,0.945,5.562,,0,nearest_robot=robot1
207.000,original,-,robot5,MIN_DISTANCE,OK,8.153,5.562,,0,nearest_robot=robot6
207.000,original,-,robot6,MIN_DISTANCE,OK,6.466,5.562,,0,nearest_robot=robot3
207.000,original,-,fleet,MIN_DISTANCE_AVG,OK,5.562,,,0,robots_sampled=6
208.000,original,-,robot1,MIN_DISTANCE,OK,1.283,5.692,,0,nearest_robot=robot4
208.000,original,-,robot2,MIN_DISTANCE,OK,10.501,5.692,,0,nearest_robot=robot5
208.000,original,-,robot3,MIN_DISTANCE,OK,6.466,5.692,,0,nearest_robot=robot6
208.000,original,-,robot4,MIN_DISTANCE,OK,1.283,5.692,,0,nearest_robot=robot1
208.000,original,-,robot5,MIN_DISTANCE,OK,8.153,5.692,,0,nearest_robot=robot6
208.000,original,-,robot6,MIN_DISTANCE,OK,6.466,5.692,,0,nearest_robot=robot3
208.000,original,-,fleet,MIN_DISTANCE_AVG,OK,5.692,,,0,robots_sampled=6
209.000,original,-,robot1,MIN_DISTANCE,OK,1.617,5.836,,0,nearest_robot=robot4
209.000,original,-,robot2,MIN_DISTANCE,OK,10.740,5.836,,0,nearest_robot=robot5
209.000,original,-,robot3,MIN_DISTANCE,OK,6.466,5.836,,0,nearest_robot=robot6
209.000,original,-,robot4,MIN_DISTANCE,OK,1.617,5.836,,0,nearest_robot=robot1
209.000,original,-,robot5,MIN_DISTANCE,OK,8.113,5.836,,0,nearest_robot=robot6
209.000,original,-,robot6,MIN_DISTANCE,OK,6.466,5.836,,0,nearest_robot=robot3
209.000,original,-,fleet,MIN_DISTANCE_AVG,OK,5.836,,,0,robots_sampled=6
210.000,original,-,robot1,MIN_DISTANCE,OK,2.012,6.006,,0,nearest_robot=robot4
210.000,original,-,robot2,MIN_DISTANCE,OK,10.965,6.006,,0,nearest_robot=robot5
210.000,original,-,robot3,MIN_DISTANCE,OK,6.466,6.006,,0,nearest_robot=robot6
210.000,original,-,robot4,MIN_DISTANCE,OK,2.012,6.006,,0,nearest_robot=robot1
210.000,original,-,robot5,MIN_DISTANCE,OK,8.113,6.006,,0,nearest_robot=robot6
210.000,original,-,robot6,MIN_DISTANCE,OK,6.466,6.006,,0,nearest_robot=robot3
210.000,original,-,fleet,MIN_DISTANCE_AVG,OK,6.006,,,0,robots_sampled=6
211.000,original,-,robot1,MIN_DISTANCE,OK,2.392,6.162,,0,nearest_robot=robot4
211.000,original,-,robot2,MIN_DISTANCE,OK,11.145,6.162,,0,nearest_robot=robot5
211.000,original,-,robot3,MIN_DISTANCE,OK,6.466,6.162,,0,nearest_robot=robot6
211.000,original,-,robot4,MIN_DISTANCE,OK,2.392,6.162,,0,nearest_robot=robot1
211.000,original,-,robot5,MIN_DISTANCE,OK,8.113,6.162,,0,nearest_robot=robot6
211.000,original,-,robot6,MIN_DISTANCE,OK,6.466,6.162,,0,nearest_robot=robot3
211.000,original,-,fleet,MIN_DISTANCE_AVG,OK,6.162,,,0,robots_sampled=6
212.000,original,-,robot1,MIN_DISTANCE,OK,2.824,6.349,,0,nearest_robot=robot4
212.000,original,-,robot2,MIN_DISTANCE,OK,11.401,6.349,,0,nearest_robot=robot5
212.000,original,-,robot3,MIN_DISTANCE,OK,6.466,6.349,,0,nearest_robot=robot6
212.000,original,-,robot4,MIN_DISTANCE,OK,2.824,6.349,,0,nearest_robot=robot1
212.000,original,-,robot5,MIN_DISTANCE,OK,8.113,6.349,,0,nearest_robot=robot6
212.000,original,-,robot6,MIN_DISTANCE,OK,6.466,6.349,,0,nearest_robot=robot3
212.000,original,-,fleet,MIN_DISTANCE_AVG,OK,6.349,,,0,robots_sampled=6
213.000,original,-,fleet,REPLAN_FULL,OK,,,robot1|robot2|robot3|robot4|robot5|robot6,0,original_full_optimization
213.000,original,-,robot1,MIN_DISTANCE,OK,3.254,6.556,,0,nearest_robot=robot4
213.000,original,-,robot2,MIN_DISTANCE,OK,11.866,6.556,,0,nearest_robot=robot5
213.000,original,-,robot3,MIN_DISTANCE,OK,6.421,6.556,,0,nearest_robot=robot6
213.000,original,-,robot4,MIN_DISTANCE,OK,3.254,6.556,,0,nearest_robot=robot1
213.000,original,-,robot5,MIN_DISTANCE,OK,8.118,6.556,,0,nearest_robot=robot6
213.000,original,-,robot6,MIN_DISTANCE,OK,6.421,6.556,,0,nearest_robot=robot3
213.000,original,-,fleet,MIN_DISTANCE_AVG,OK,6.556,,,0,robots_sampled=6
214.000,original,-,robot1,MIN_DISTANCE,OK,3.662,6.729,,0,nearest_robot=robot4
214.000,original,-,robot2,MIN_DISTANCE,OK,12.342,6.729,,0,nearest_robot=robot5
214.000,original,-,robot3,MIN_DISTANCE,OK,6.406,6.729,,0,nearest_robot=robot6
214.000,original,-,robot4,MIN_DISTANCE,OK,3.662,6.729,,0,nearest_robot=robot1
214.000,original,-,robot5,MIN_DISTANCE,OK,7.897,6.729,,0,nearest_robot=robot6
214.000,original,-,robot6,MIN_DISTANCE,OK,6.406,6.729,,0,nearest_robot=robot3
214.000,original,-,fleet,MIN_DISTANCE_AVG,OK,6.729,,,0,robots_sampled=6
215.000,original,-,robot1,MIN_DISTANCE,OK,3.944,6.854,,0,nearest_robot=robot4
215.000,original,-,robot2,MIN_DISTANCE,OK,12.787,6.854,,0,nearest_robot=robot5
215.000,original,-,robot3,MIN_DISTANCE,OK,6.512,6.854,,0,nearest_robot=robot6
215.000,original,-,robot4,MIN_DISTANCE,OK,3.944,6.854,,0,nearest_robot=robot1
215.000,original,-,robot5,MIN_DISTANCE,OK,7.422,6.854,,0,nearest_robot=robot6
215.000,original,-,robot6,MIN_DISTANCE,OK,6.512,6.854,,0,nearest_robot=robot3
215.000,original,-,fleet,MIN_DISTANCE_AVG,OK,6.854,,,0,robots_sampled=6
216.000,original,-,robot1,MIN_DISTANCE,OK,4.000,6.860,,0,nearest_robot=robot4
216.000,original,-,robot2,MIN_DISTANCE,OK,13.202,6.860,,0,nearest_robot=robot5
216.000,original,-,robot3,MIN_DISTANCE,OK,6.494,6.860,,0,nearest_robot=robot6
216.000,original,-,robot4,MIN_DISTANCE,OK,4.000,6.860,,0,nearest_robot=robot1
216.000,original,-,robot5,MIN_DISTANCE,OK,6.970,6.860,,0,nearest_robot=robot6
216.000,original,-,robot6,MIN_DISTANCE,OK,6.494,6.860,,0,nearest_robot=robot3
216.000,original,-,fleet,MIN_DISTANCE_AVG,OK,6.860,,,0,robots_sampled=6
217.000,original,-,robot1,MIN_DISTANCE,OK,4.007,6.852,,0,nearest_robot=robot4
217.000,original,-,robot2,MIN_DISTANCE,OK,13.628,6.852,,0,nearest_robot=robot5
217.000,original,-,robot3,MIN_DISTANCE,OK,6.463,6.852,,0,nearest_robot=robot6
217.000,original,-,robot4,MIN_DISTANCE,OK,4.007,6.852,,0,nearest_robot=robot1
217.000,original,-,robot5,MIN_DISTANCE,OK,6.542,6.852,,0,nearest_robot=robot6
217.000,original,-,robot6,MIN_DISTANCE,OK,6.463,6.852,,0,nearest_robot=robot3
217.000,original,-,fleet,MIN_DISTANCE_AVG,OK,6.852,,,0,robots_sampled=6
218.000,original,-,robot1,MIN_DISTANCE,OK,4.007,6.800,,0,nearest_robot=robot4
218.000,original,-,robot2,MIN_DISTANCE,OK,14.098,6.800,,0,nearest_robot=robot5
218.000,original,-,robot3,MIN_DISTANCE,OK,6.449,6.800,,0,nearest_robot=robot6
218.000,original,-,robot4,MIN_DISTANCE,OK,4.007,6.800,,0,nearest_robot=robot1
218.000,original,-,robot5,MIN_DISTANCE,OK,6.120,6.800,,0,nearest_robot=robot6
218.000,original,-,robot6,MIN_DISTANCE,OK,6.120,6.800,,0,nearest_robot=robot5
218.000,original,-,fleet,MIN_DISTANCE_AVG,OK,6.800,,,0,robots_sampled=6
219.000,original,-,robot1,MIN_DISTANCE,OK,4.008,6.734,,0,nearest_robot=robot4
219.000,original,-,robot2,MIN_DISTANCE,OK,14.545,6.734,,0,nearest_robot=robot5
219.000,original,-,robot3,MIN_DISTANCE,OK,6.425,6.734,,0,nearest_robot=robot6
219.000,original,-,robot4,MIN_DISTANCE,OK,4.008,6.734,,0,nearest_robot=robot1
219.000,original,-,robot5,MIN_DISTANCE,OK,5.709,6.734,,0,nearest_robot=robot6
219.000,original,-,robot6,MIN_DISTANCE,OK,5.709,6.734,,0,nearest_robot=robot5
219.000,original,-,fleet,MIN_DISTANCE_AVG,OK,6.734,,,0,robots_sampled=6
220.000,original,-,robot1,MIN_DISTANCE,OK,4.008,6.649,,0,nearest_robot=robot4
220.000,original,-,robot2,MIN_DISTANCE,OK,14.922,6.649,,0,nearest_robot=robot5
220.000,original,-,robot3,MIN_DISTANCE,OK,6.443,6.649,,0,nearest_robot=robot6
220.000,original,-,robot4,MIN_DISTANCE,OK,4.008,6.649,,0,nearest_robot=robot1
220.000,original,-,robot5,MIN_DISTANCE,OK,5.255,6.649,,0,nearest_robot=robot6
220.000,original,-,robot6,MIN_DISTANCE,OK,5.255,6.649,,0,nearest_robot=robot5
220.000,original,-,fleet,MIN_DISTANCE_AVG,OK,6.649,,,0,robots_sampled=6
221.000,original,-,robot1,MIN_DISTANCE,OK,4.008,6.542,,0,nearest_robot=robot4
221.000,original,-,robot2,MIN_DISTANCE,OK,15.132,6.542,,0,nearest_robot=robot5
221.000,original,-,robot3,MIN_DISTANCE,OK,6.403,6.542,,0,nearest_robot=robot6
221.000,original,-,robot4,MIN_DISTANCE,OK,4.008,6.542,,0,nearest_robot=robot1
221.000,original,-,robot5,MIN_DISTANCE,OK,4.849,6.542,,0,nearest_robot=robot6
221.000,original,-,robot6,MIN_DISTANCE,OK,4.849,6.542,,0,nearest_robot=robot5
221.000,original,-,fleet,MIN_DISTANCE_AVG,OK,6.542,,,0,robots_sampled=6
222.000,original,-,robot1,MIN_DISTANCE,OK,4.008,6.404,,0,nearest_robot=robot4
222.000,original,-,robot2,MIN_DISTANCE,OK,15.118,6.404,,0,nearest_robot=robot5
222.000,original,-,robot3,MIN_DISTANCE,OK,6.480,6.404,,0,nearest_robot=robot6
222.000,original,-,robot4,MIN_DISTANCE,OK,4.008,6.404,,0,nearest_robot=robot1
222.000,original,-,robot5,MIN_DISTANCE,OK,4.405,6.404,,0,nearest_robot=robot6
222.000,original,-,robot6,MIN_DISTANCE,OK,4.405,6.404,,0,nearest_robot=robot5
222.000,original,-,fleet,MIN_DISTANCE_AVG,OK,6.404,,,0,robots_sampled=6
223.000,original,-,robot1,MIN_DISTANCE,OK,4.008,6.258,,0,nearest_robot=robot4
223.000,original,-,robot2,MIN_DISTANCE,OK,15.104,6.258,,0,nearest_robot=robot5
223.000,original,-,robot3,MIN_DISTANCE,OK,6.565,6.258,,0,nearest_robot=robot6
223.000,original,-,robot4,MIN_DISTANCE,OK,4.008,6.258,,0,nearest_robot=robot1
223.000,original,-,robot5,MIN_DISTANCE,OK,3.932,6.258,,0,nearest_robot=robot6
223.000,original,-,robot6,MIN_DISTANCE,OK,3.932,6.258,,0,nearest_robot=robot5
223.000,original,-,fleet,MIN_DISTANCE_AVG,OK,6.258,,,0,robots_sampled=6
224.000,original,-,robot1,MIN_DISTANCE,OK,4.008,6.114,,0,nearest_robot=robot4
224.000,original,-,robot2,MIN_DISTANCE,OK,15.110,6.114,,0,nearest_robot=robot5
224.000,original,-,robot3,MIN_DISTANCE,OK,6.668,6.114,,0,nearest_robot=robot6
224.000,original,-,robot4,MIN_DISTANCE,OK,4.008,6.114,,0,nearest_robot=robot1
224.000,original,-,robot5,MIN_DISTANCE,OK,3.445,6.114,,0,nearest_robot=robot6
224.000,original,-,robot6,MIN_DISTANCE,OK,3.445,6.114,,0,nearest_robot=robot5
224.000,original,-,fleet,MIN_DISTANCE_AVG,OK,6.114,,,0,robots_sampled=6
225.000,original,-,robot1,MIN_DISTANCE,OK,4.009,5.971,,0,nearest_robot=robot4
225.000,original,-,robot2,MIN_DISTANCE,OK,15.115,5.971,,0,nearest_robot=robot5
225.000,original,-,robot3,MIN_DISTANCE,OK,6.720,5.971,,0,nearest_robot=robot6
225.000,original,-,robot4,MIN_DISTANCE,OK,4.009,5.971,,0,nearest_robot=robot1
225.000,original,-,robot5,MIN_DISTANCE,OK,2.986,5.971,,0,nearest_robot=robot6
225.000,original,-,robot6,MIN_DISTANCE,OK,2.986,5.971,,0,nearest_robot=robot5
225.000,original,-,fleet,MIN_DISTANCE_AVG,OK,5.971,,,0,robots_sampled=6
226.000,original,-,robot1,MIN_DISTANCE,OK,4.009,5.833,,0,nearest_robot=robot4
226.000,original,-,robot2,MIN_DISTANCE,OK,15.114,5.833,,0,nearest_robot=robot5
226.000,original,-,robot3,MIN_DISTANCE,OK,6.755,5.833,,0,nearest_robot=robot6
226.000,original,-,robot4,MIN_DISTANCE,OK,4.009,5.833,,0,nearest_robot=robot1
226.000,original,-,robot5,MIN_DISTANCE,OK,2.554,5.833,,0,nearest_robot=robot6
226.000,original,-,robot6,MIN_DISTANCE,OK,2.554,5.833,,0,nearest_robot=robot5
226.000,original,-,fleet,MIN_DISTANCE_AVG,OK,5.833,,,0,robots_sampled=6
227.000,original,-,robot1,MIN_DISTANCE,OK,4.009,5.692,,0,nearest_robot=robot4
227.000,original,-,robot2,MIN_DISTANCE,OK,15.114,5.692,,0,nearest_robot=robot5
227.000,original,-,robot3,MIN_DISTANCE,OK,6.832,5.692,,0,nearest_robot=robot6
227.000,original,-,robot4,MIN_DISTANCE,OK,4.009,5.692,,0,nearest_robot=robot1
227.000,original,-,robot5,MIN_DISTANCE,OK,2.095,5.692,,0,nearest_robot=robot6
227.000,original,-,robot6,MIN_DISTANCE,OK,2.095,5.692,,0,nearest_robot=robot5
227.000,original,-,fleet,MIN_DISTANCE_AVG,OK,5.692,,,0,robots_sampled=6
228.000,original,-,robot1,MIN_DISTANCE,OK,4.009,5.546,,0,nearest_robot=robot4
228.000,original,-,robot2,MIN_DISTANCE,OK,15.114,5.546,,0,nearest_robot=robot5
228.000,original,-,robot3,MIN_DISTANCE,OK,6.837,5.546,,0,nearest_robot=robot6
228.000,original,-,robot4,MIN_DISTANCE,OK,4.009,5.546,,0,nearest_robot=robot1
228.000,original,-,robot5,MIN_DISTANCE,OK,1.654,5.546,,0,nearest_robot=robot6
228.000,original,-,robot6,MIN_DISTANCE,OK,1.654,5.546,,0,nearest_robot=robot5
228.000,original,-,fleet,MIN_DISTANCE_AVG,OK,5.546,,,0,robots_sampled=6
229.000,original,-,robot1,MIN_DISTANCE,OK,4.009,5.403,,0,nearest_robot=robot4
229.000,original,-,robot2,MIN_DISTANCE,OK,15.114,5.403,,0,nearest_robot=robot5
229.000,original,-,robot3,MIN_DISTANCE,OK,6.880,5.403,,0,nearest_robot=robot6
229.000,original,-,robot4,MIN_DISTANCE,OK,4.009,5.403,,0,nearest_robot=robot1
229.000,original,-,robot5,MIN_DISTANCE,OK,1.204,5.403,,0,nearest_robot=robot6
229.000,original,-,robot6,MIN_DISTANCE,OK,1.204,5.403,,0,nearest_robot=robot5
229.000,original,-,fleet,MIN_DISTANCE_AVG,OK,5.403,,,0,robots_sampled=6
230.000,original,-,robot1,MIN_DISTANCE,OK,4.009,5.273,,0,nearest_robot=robot4
230.000,original,-,robot2,MIN_DISTANCE,OK,15.114,5.273,,0,nearest_robot=robot5
230.000,original,-,robot3,MIN_DISTANCE,OK,6.839,5.273,,0,nearest_robot=robot6
230.000,original,-,robot4,MIN_DISTANCE,OK,4.009,5.273,,0,nearest_robot=robot1
230.000,original,-,robot5,MIN_DISTANCE,OK,0.833,5.273,,0,nearest_robot=robot6
230.000,original,-,robot6,MIN_DISTANCE,OK,0.833,5.273,,0,nearest_robot=robot5
230.000,original,-,fleet,MIN_DISTANCE_AVG,OK,5.273,,,0,robots_sampled=6
231.000,original,-,robot1,MIN_DISTANCE,OK,4.009,5.171,,0,nearest_robot=robot4
231.000,original,-,robot2,MIN_DISTANCE,OK,15.114,5.171,,0,nearest_robot=robot5
231.000,original,-,robot3,MIN_DISTANCE,OK,6.713,5.171,,0,nearest_robot=robot6
231.000,original,-,robot4,MIN_DISTANCE,OK,4.009,5.171,,0,nearest_robot=robot1
231.000,original,-,robot5,MIN_DISTANCE,OK,0.591,5.171,,0,nearest_robot=robot6
231.000,original,-,robot6,MIN_DISTANCE,OK,0.591,5.171,,0,nearest_robot=robot5
231.000,original,-,fleet,MIN_DISTANCE_AVG,OK,5.171,,,0,robots_sampled=6
232.000,original,-,robot1,MIN_DISTANCE,OK,4.010,5.132,,0,nearest_robot=robot4
232.000,original,-,robot2,MIN_DISTANCE,OK,15.114,5.132,,0,nearest_robot=robot5
232.000,original,-,robot3,MIN_DISTANCE,OK,6.606,5.132,,0,nearest_robot=robot5
232.000,original,-,robot4,MIN_DISTANCE,OK,4.010,5.132,,0,nearest_robot=robot1
232.000,original,-,robot5,MIN_DISTANCE,OK,0.525,5.132,,0,nearest_robot=robot6
232.000,original,-,robot6,MIN_DISTANCE,OK,0.525,5.132,,0,nearest_robot=robot5
232.000,original,-,fleet,MIN_DISTANCE_AVG,OK,5.132,,,0,robots_sampled=6
233.000,original,-,robot1,MIN_DISTANCE,OK,4.010,5.103,,0,nearest_robot=robot4
233.000,original,-,robot2,MIN_DISTANCE,OK,14.908,5.103,,0,nearest_robot=robot6
233.000,original,-,robot3,MIN_DISTANCE,OK,6.158,5.103,,0,nearest_robot=robot5
233.000,original,-,robot4,MIN_DISTANCE,OK,4.010,5.103,,0,nearest_robot=robot1
233.000,original,-,robot5,MIN_DISTANCE,OK,0.767,5.103,,0,nearest_robot=robot6
233.000,original,-,robot6,MIN_DISTANCE,OK,0.767,5.103,,0,nearest_robot=robot5
233.000,original,-,fleet,MIN_DISTANCE_AVG,OK,5.103,,,0,robots_sampled=6
234.000,original,-,robot1,MIN_DISTANCE,OK,4.010,5.085,,0,nearest_robot=robot4
234.000,original,-,robot2,MIN_DISTANCE,OK,14.670,5.085,,0,nearest_robot=robot6
234.000,original,-,robot3,MIN_DISTANCE,OK,5.735,5.085,,0,nearest_robot=robot5
234.000,original,-,robot4,MIN_DISTANCE,OK,4.010,5.085,,0,nearest_robot=robot1
234.000,original,-,robot5,MIN_DISTANCE,OK,1.044,5.085,,0,nearest_robot=robot6
234.000,original,-,robot6,MIN_DISTANCE,OK,1.044,5.085,,0,nearest_robot=robot5
234.000,original,-,fleet,MIN_DISTANCE_AVG,OK,5.085,,,0,robots_sampled=6
235.000,original,-,robot1,MIN_DISTANCE,OK,4.010,5.063,,0,nearest_robot=robot4
235.000,original,-,robot2,MIN_DISTANCE,OK,14.375,5.063,,0,nearest_robot=robot6
235.000,original,-,robot3,MIN_DISTANCE,OK,5.285,5.063,,0,nearest_robot=robot5
235.000,original,-,robot4,MIN_DISTANCE,OK,4.010,5.063,,0,nearest_robot=robot1
235.000,original,-,robot5,MIN_DISTANCE,OK,1.350,5.063,,0,nearest_robot=robot6
235.000,original,-,robot6,MIN_DISTANCE,OK,1.350,5.063,,0,nearest_robot=robot5
235.000,original,-,fleet,MIN_DISTANCE_AVG,OK,5.063,,,0,robots_sampled=6
236.000,original,-,robot1,MIN_DISTANCE,OK,4.010,5.033,,0,nearest_robot=robot4
236.000,original,-,robot2,MIN_DISTANCE,OK,13.990,5.033,,0,nearest_robot=robot6
236.000,original,-,robot3,MIN_DISTANCE,OK,4.835,5.033,,0,nearest_robot=robot5
236.000,original,-,robot4,MIN_DISTANCE,OK,4.010,5.033,,0,nearest_robot=robot1
236.000,original,-,robot5,MIN_DISTANCE,OK,1.675,5.033,,0,nearest_robot=robot6
236.000,original,-,robot6,MIN_DISTANCE,OK,1.675,5.033,,0,nearest_robot=robot5
236.000,original,-,fleet,MIN_DISTANCE_AVG,OK,5.033,,,0,robots_sampled=6
237.000,original,-,robot1,MIN_DISTANCE,OK,4.010,4.998,,0,nearest_robot=robot4
237.000,original,-,robot2,MIN_DISTANCE,OK,13.530,4.998,,0,nearest_robot=robot6
237.000,original,-,robot3,MIN_DISTANCE,OK,4.374,4.998,,0,nearest_robot=robot5
237.000,original,-,robot4,MIN_DISTANCE,OK,4.010,4.998,,0,nearest_robot=robot1
237.000,original,-,robot5,MIN_DISTANCE,OK,2.032,4.998,,0,nearest_robot=robot6
237.000,original,-,robot6,MIN_DISTANCE,OK,2.032,4.998,,0,nearest_robot=robot5
237.000,original,-,fleet,MIN_DISTANCE_AVG,OK,4.998,,,0,robots_sampled=6
238.000,original,-,fleet,REPLAN_FULL,OK,,,robot1|robot2|robot3|robot4|robot5|robot6,0,original_full_optimization
238.000,original,-,robot1,MIN_DISTANCE,OK,3.977,4.943,,0,nearest_robot=robot4
238.000,original,-,robot2,MIN_DISTANCE,OK,13.060,4.943,,0,nearest_robot=robot6
238.000,original,-,robot3,MIN_DISTANCE,OK,3.868,4.943,,0,nearest_robot=robot5
238.000,original,-,robot4,MIN_DISTANCE,OK,3.977,4.943,,0,nearest_robot=robot1
238.000,original,-,robot5,MIN_DISTANCE,OK,2.386,4.943,,0,nearest_robot=robot6
238.000,original,-,robot6,MIN_DISTANCE,OK,2.386,4.943,,0,nearest_robot=robot5
238.000,original,-,fleet,MIN_DISTANCE_AVG,OK,4.943,,,0,robots_sampled=6
239.000,original,-,robot1,MIN_DISTANCE,OK,3.925,4.895,,0,nearest_robot=robot4
239.000,original,-,robot2,MIN_DISTANCE,OK,12.601,4.895,,0,nearest_robot=robot6
239.000,original,-,robot3,MIN_DISTANCE,OK,3.383,4.895,,0,nearest_robot=robot5
239.000,original,-,robot4,MIN_DISTANCE,OK,3.925,4.895,,0,nearest_robot=robot1
239.000,original,-,robot5,MIN_DISTANCE,OK,2.767,4.895,,0,nearest_robot=robot6
239.000,original,-,robot6,MIN_DISTANCE,OK,2.767,4.895,,0,nearest_robot=robot5
239.000,original,-,fleet,MIN_DISTANCE_AVG,OK,4.895,,,0,robots_sampled=6
240.000,original,-,robot1,MIN_DISTANCE,OK,4.239,4.950,,0,nearest_robot=robot4
240.000,original,-,robot2,MIN_DISTANCE,OK,12.185,4.950,,0,nearest_robot=robot6
240.000,original,-,robot3,MIN_DISTANCE,OK,2.936,4.950,,0,nearest_robot=robot5
240.000,original,-,robot4,MIN_DISTANCE,OK,4.239,4.950,,0,nearest_robot=robot1
240.000,original,-,robot5,MIN_DISTANCE,OK,2.936,4.950,,0,nearest_robot=robot3
240.000,original,-,robot6,MIN_DISTANCE,OK,3.165,4.950,,0,nearest_robot=robot5
240.000,original,-,fleet,MIN_DISTANCE_AVG,OK,4.950,,,0,robots_sampled=6
241.000,original,-,robot1,MIN_DISTANCE,OK,4.689,4.958,,0,nearest_robot=robot4
241.000,original,-,robot2,MIN_DISTANCE,OK,11.780,4.958,,0,nearest_robot=robot6
241.000,original,-,robot3,MIN_DISTANCE,OK,2.522,4.958,,0,nearest_robot=robot5
241.000,original,-,robot4,MIN_DISTANCE,OK,4.689,4.958,,0,nearest_robot=robot1
241.000,original,-,robot5,MIN_DISTANCE,OK,2.522,4.958,,0,nearest_robot=robot3
241.000,original,-,robot6,MIN_DISTANCE,OK,3.547,4.958,,0,nearest_robot=robot5
241.000,original,-,fleet,MIN_DISTANCE_AVG,OK,4.958,,,0,robots_sampled=6
242.000,original,-,robot1,MIN_DISTANCE,OK,5.119,4.961,,0,nearest_robot=robot4
242.000,original,-,robot2,MIN_DISTANCE,OK,11.368,4.961,,0,nearest_robot=robot6
242.000,original,-,robot3,MIN_DISTANCE,OK,2.075,4.961,,0,nearest_robot=robot5
242.000,original,-,robot4,MIN_DISTANCE,OK,5.119,4.961,,0,nearest_robot=robot1
242.000,original,-,robot5,MIN_DISTANCE,OK,2.075,4.961,,0,nearest_robot=robot3
242.000,original,-,robot6,MIN_DISTANCE,OK,4.008,4.961,,0,nearest_robot=robot5
242.000,original,-,fleet,MIN_DISTANCE_AVG,OK,4.961,,,0,robots_sampled=6
243.000,original,-,robot1,MIN_DISTANCE,OK,5.534,4.945,,0,nearest_robot=robot4
243.000,original,-,robot2,MIN_DISTANCE,OK,11.073,4.945,,0,nearest_robot=robot6
243.000,original,-,robot3,MIN_DISTANCE,OK,1.603,4.945,,0,nearest_robot=robot5
243.000,original,-,robot4,MIN_DISTANCE,OK,5.534,4.945,,0,nearest_robot=robot1
243.000,original,-,robot5,MIN_DISTANCE,OK,1.603,4.945,,0,nearest_robot=robot3
243.000,original,-,robot6,MIN_DISTANCE,OK,4.323,4.945,,0,nearest_robot=robot5
243.000,original,-,fleet,MIN_DISTANCE_AVG,OK,4.945,,,0,robots_sampled=6
244.000,original,-,robot1,MIN_DISTANCE,OK,5.962,4.946,,0,nearest_robot=robot4
244.000,original,-,robot2,MIN_DISTANCE,OK,10.892,4.946,,0,nearest_robot=robot6
244.000,original,-,robot3,MIN_DISTANCE,OK,1.168,4.946,,0,nearest_robot=robot5
244.000,original,-,robot4,MIN_DISTANCE,OK,5.962,4.946,,0,nearest_robot=robot1
244.000,original,-,robot5,MIN_DISTANCE,OK,1.168,4.946,,0,nearest_robot=robot3
244.000,original,-,robot6,MIN_DISTANCE,OK,4.528,4.946,,0,nearest_robot=robot5
244.000,original,-,fleet,MIN_DISTANCE_AVG,OK,4.946,,,0,robots_sampled=6
245.000,original,-,robot1,MIN_DISTANCE,OK,6.415,4.976,,0,nearest_robot=robot4
245.000,original,-,robot2,MIN_DISTANCE,OK,10.760,4.976,,0,nearest_robot=robot6
245.000,original,-,robot3,MIN_DISTANCE,OK,0.894,4.976,,0,nearest_robot=robot5
245.000,original,-,robot4,MIN_DISTANCE,OK,6.415,4.976,,0,nearest_robot=robot1
245.000,original,-,robot5,MIN_DISTANCE,OK,0.894,4.976,,0,nearest_robot=robot3
245.000,original,-,robot6,MIN_DISTANCE,OK,4.480,4.976,,0,nearest_robot=robot5
245.000,original,-,fleet,MIN_DISTANCE_AVG,OK,4.976,,,0,robots_sampled=6
246.000,original,-,robot1,MIN_DISTANCE,OK,6.875,5.093,,0,nearest_robot=robot4
246.000,original,-,robot2,MIN_DISTANCE,OK,10.524,5.093,,0,nearest_robot=robot6
246.000,original,-,robot3,MIN_DISTANCE,OK,0.920,5.093,,0,nearest_robot=robot5
246.000,original,-,robot4,MIN_DISTANCE,OK,6.875,5.093,,0,nearest_robot=robot1
246.000,original,-,robot5,MIN_DISTANCE,OK,0.920,5.093,,0,nearest_robot=robot3
246.000,original,-,robot6,MIN_DISTANCE,OK,4.446,5.093,,0,nearest_robot=robot5
246.000,original,-,fleet,MIN_DISTANCE_AVG,OK,5.093,,,0,robots_sampled=6
247.000,original,-,robot1,MIN_DISTANCE,OK,7.338,5.258,,0,nearest_robot=robot4
247.000,original,-,robot2,MIN_DISTANCE,OK,10.290,5.258,,0,nearest_robot=robot6
247.000,original,-,robot3,MIN_DISTANCE,OK,1.099,5.258,,0,nearest_robot=robot5
247.000,original,-,robot4,MIN_DISTANCE,OK,7.338,5.258,,0,nearest_robot=robot1
247.000,original,-,robot5,MIN_DISTANCE,OK,1.099,5.258,,0,nearest_robot=robot3
247.000,original,-,robot6,MIN_DISTANCE,OK,4.383,5.258,,0,nearest_robot=robot5
247.000,original,-,fleet,MIN_DISTANCE_AVG,OK,5.258,,,0,robots_sampled=6
248.000,original,-,robot1,MIN_DISTANCE,OK,7.798,5.403,,0,nearest_robot=robot4
248.000,original,-,robot2,MIN_DISTANCE,OK,10.082,5.403,,0,nearest_robot=robot6
248.000,original,-,robot3,MIN_DISTANCE,OK,1.215,5.403,,0,nearest_robot=robot5
248.000,original,-,robot4,MIN_DISTANCE,OK,7.798,5.403,,0,nearest_robot=robot1
248.000,original,-,robot5,MIN_DISTANCE,OK,1.215,5.403,,0,nearest_robot=robot3
248.000,original,-,robot6,MIN_DISTANCE,OK,4.312,5.403,,0,nearest_robot=robot5
248.000,original,-,fleet,MIN_DISTANCE_AVG,OK,5.403,,,0,robots_sampled=6
249.000,original,-,robot1,MIN_DISTANCE,OK,8.239,5.510,,0,nearest_robot=robot4
249.000,original,-,robot2,MIN_DISTANCE,OK,9.901,5.510,,0,nearest_robot=robot6
249.000,original,-,robot3,MIN_DISTANCE,OK,1.126,5.510,,0,nearest_robot=robot5
249.000,original,-,robot4,MIN_DISTANCE,OK,8.239,5.510,,0,nearest_robot=robot1
249.000,original,-,robot5,MIN_DISTANCE,OK,1.126,5.510,,0,nearest_robot=robot3
249.000,original,-,robot6,MIN_DISTANCE,OK,4.426,5.510,,0,nearest_robot=robot5
249.000,original,-,fleet,MIN_DISTANCE_AVG,OK,5.510,,,0,robots_sampled=6
250.000,original,-,robot1,MIN_DISTANCE,OK,8.700,5.636,,0,nearest_robot=robot4
250.000,original,-,robot2,MIN_DISTANCE,OK,9.756,5.636,,0,nearest_robot=robot6
250.000,original,-,robot3,MIN_DISTANCE,OK,1.090,5.636,,0,nearest_robot=robot5
250.000,original,-,robot4,MIN_DISTANCE,OK,8.700,5.636,,0,nearest_robot=robot1
250.000,original,-,robot5,MIN_DISTANCE,OK,1.090,5.636,,0,nearest_robot=robot3
250.000,original,-,robot6,MIN_DISTANCE,OK,4.478,5.636,,0,nearest_robot=robot5
250.000,original,-,fleet,MIN_DISTANCE_AVG,OK,5.636,,,0,robots_sampled=6
251.000,original,-,robot1,MIN_DISTANCE,OK,9.140,5.775,,0,nearest_robot=robot4
251.000,original,-,robot2,MIN_DISTANCE,OK,9.584,5.775,,0,nearest_robot=robot6
251.000,original,-,robot3,MIN_DISTANCE,OK,1.248,5.775,,0,nearest_robot=robot5
251.000,original,-,robot4,MIN_DISTANCE,OK,8.955,5.775,,0,nearest_robot=robot3
251.000,original,-,robot5,MIN_DISTANCE,OK,1.248,5.775,,0,nearest_robot=robot3
251.000,original,-,robot6,MIN_DISTANCE,OK,4.478,5.775,,0,nearest_robot=robot5
251.000,original,-,fleet,MIN_DISTANCE_AVG,OK,5.775,,,0,robots_sampled=6
252.000,original,-,robot1,MIN_DISTANCE,OK,9.548,5.885,,0,nearest_robot=robot4
252.000,original,-,robot2,MIN_DISTANCE,OK,9.376,5.885,,0,nearest_robot=robot6
252.000,original,-,robot3,MIN_DISTANCE,OK,1.514,5.885,,0,nearest_robot=robot5
252.000,original,-,robot4,MIN_DISTANCE,OK,8.825,5.885,,0,nearest_robot=robot3
252.000,original,-,robot5,MIN_DISTANCE,OK,1.514,5.885,,0,nearest_robot=robot3
252.000,original,-,robot6,MIN_DISTANCE,OK,4.532,5.885,,0,nearest_robot=robot5
252.000,original,-,fleet,MIN_DISTANCE_AVG,OK,5.885,,,0,robots_sampled=6
253.000,original,-,robot1,MIN_DISTANCE,OK,9.966,6.026,,0,nearest_robot=robot4
253.000,original,-,robot2,MIN_DISTANCE,OK,9.208,6.026,,0,nearest_robot=robot6
253.000,original,-,robot3,MIN_DISTANCE,OK,1.830,6.026,,0,nearest_robot=robot5
253.000,original,-,robot4,MIN_DISTANCE,OK,8.706,6.026,,0,nearest_robot=robot3
253.000,original,-,robot5,MIN_DISTANCE,OK,1.830,6.026,,0,nearest_robot=robot3
253.000,original,-,robot6,MIN_DISTANCE,OK,4.617,6.026,,0,nearest_robot=robot5
253.000,original,-,fleet,MIN_DISTANCE_AVG,OK,6.026,,,0,robots_sampled=6
254.000,original,-,robot1,MIN_DISTANCE,OK,10.417,6.196,,0,nearest_robot=robot4
254.000,original,-,robot2,MIN_DISTANCE,OK,9.073,6.196,,0,nearest_robot=robot6
254.000,original,-,robot3,MIN_DISTANCE,OK,2.174,6.196,,0,nearest_robot=robot5
254.000,original,-,robot4,MIN_DISTANCE,OK,8.606,6.196,,0,nearest_robot=robot3
254.000,original,-,robot5,MIN_DISTANCE,OK,2.174,6.196,,0,nearest_robot=robot3
254.000,original,-,robot6,MIN_DISTANCE,OK,4.729,6.196,,0,nearest_robot=robot5
254.000,original,-,fleet,MIN_DISTANCE_AVG,OK,6.196,,,0,robots_sampled=6
255.000,original,-,robot1,MIN_DISTANCE,OK,10.831,6.357,,0,nearest_robot=robot4
255.000,original,-,robot2,MIN_DISTANCE,OK,9.004,6.357,,0,nearest_robot=robot6
255.000,original,-,robot3,MIN_DISTANCE,OK,2.439,6.357,,0,nearest_robot=robot5
255.000,original,-,robot4,MIN_DISTANCE,OK,8.555,6.357,,0,nearest_robot=robot3
255.000,original,-,robot5,MIN_DISTANCE,OK,2.439,6.357,,0,nearest_robot=robot3
255.000,original,-,robot6,MIN_DISTANCE,OK,4.876,6.357,,0,nearest_robot=robot5
255.000,original,-,fleet,MIN_DISTANCE_AVG,OK,6.357,,,0,robots_sampled=6
256.000,original,-,robot1,MIN_DISTANCE,OK,11.279,6.474,,0,nearest_robot=robot4
256.000,original,-,robot2,MIN_DISTANCE,OK,9.019,6.474,,0,nearest_robot=robot6
256.000,original,-,robot3,MIN_DISTANCE,OK,2.427,6.474,,0,nearest_robot=robot5
256.000,original,-,robot4,MIN_DISTANCE,OK,8.615,6.474,,0,nearest_robot=robot3
256.000,original,-,robot5,MIN_DISTANCE,OK,2.427,6.474,,0,nearest_robot=robot3
256.000,original,-,robot6,MIN_DISTANCE,OK,5.076,6.474,,0,nearest_robot=robot5
256.000,original,-,fleet,MIN_DISTANCE_AVG,OK,6.474,,,0,robots_sampled=6
257.000,original,-,robot1,MIN_DISTANCE,OK,11.756,6.554,,0,nearest_robot=robot4
257.000,original,-,robot2,MIN_DISTANCE,OK,9.068,6.554,,0,nearest_robot=robot6
257.000,original,-,robot3,MIN_DISTANCE,OK,2.256,6.554,,0,nearest_robot=robot5
257.000,original,-,robot4,MIN_DISTANCE,OK,8.674,6.554,,0,nearest_robot=robot3
257.000,original,-,robot5,MIN_DISTANCE,OK,2.256,6.554,,0,nearest_robot=robot3
257.000,original,-,robot6,MIN_DISTANCE,OK,5.313,6.554,,0,nearest_robot=robot5
257.000,original,-,fleet,MIN_DISTANCE_AVG,OK,6.554,,,0,robots_sampled=6
258.000,original,-,robot1,MIN_DISTANCE,OK,12.216,6.639,,0,nearest_robot=robot4
258.000,original,-,robot2,MIN_DISTANCE,OK,9.121,6.639,,0,nearest_robot=robot6
258.000,original,-,robot3,MIN_DISTANCE,OK,2.179,6.639,,0,nearest_robot=robot5
258.000,original,-,robot4,MIN_DISTANCE,OK,8.741,6.639,,0,nearest_robot=robot3
258.000,original,-,robot5,MIN_DISTANCE,OK,2.179,6.639,,0,nearest_robot=robot3
258.000,original,-,robot6,MIN_DISTANCE,OK,5.401,6.639,,0,nearest_robot=robot5
258.000,original,-,fleet,MIN_DISTANCE_AVG,OK,6.639,,,0,robots_sampled=6
259.000,original,-,robot1,MIN_DISTANCE,OK,12.680,6.693,,0,nearest_robot=robot4
259.000,original,-,robot2,MIN_DISTANCE,OK,9.262,6.693,,0,nearest_robot=robot6
259.000,original,-,robot3,MIN_DISTANCE,OK,2.150,6.693,,0,nearest_robot=robot5
259.000,original,-,robot4,MIN_DISTANCE,OK,8.492,6.693,,0,nearest_robot=robot6
259.000,original,-,robot5,MIN_DISTANCE,OK,2.150,6.693,,0,nearest_robot=robot3
259.000,original,-,robot6,MIN_DISTANCE,OK,5.423,6.693,,0,nearest_robot=robot5
259.000,original,-,fleet,MIN_DISTANCE_AVG,OK,6.693,,,0,robots_sampled=6
260.000,original,-,robot1,MIN_DISTANCE,OK,13.149,6.717,,0,nearest_robot=robot4
260.000,original,-,robot2,MIN_DISTANCE,OK,9.429,6.717,,0,nearest_robot=robot6
260.000,original,-,robot3,MIN_DISTANCE,OK,2.113,6.717,,0,nearest_robot=robot5
260.000,original,-,robot4,MIN_DISTANCE,OK,8.092,6.717,,0,nearest_robot=robot6
260.000,original,-,robot5,MIN_DISTANCE,OK,2.113,6.717,,0,nearest_robot=robot3
260.000,original,-,robot6,MIN_DISTANCE,OK,5.405,6.717,,0,nearest_robot=robot5
260.000,original,-,fleet,MIN_DISTANCE_AVG,OK,6.717,,,0,robots_sampled=6
261.000,original,-,robot1,MIN_DISTANCE,OK,13.612,6.778,,0,nearest_robot=robot4
261.000,original,-,robot2,MIN_DISTANCE,OK,9.644,6.778,,0,nearest_robot=robot6
261.000,original,-,robot3,MIN_DISTANCE,OK,2.161,6.778,,0,nearest_robot=robot5
261.000,original,-,robot4,MIN_DISTANCE,OK,7.668,6.778,,0,nearest_robot=robot6
261.000,original,-,robot5,MIN_DISTANCE,OK,2.161,6.778,,0,nearest_robot=robot3
261.000,original,-,robot6,MIN_DISTANCE,OK,5.419,6.778,,0,nearest_robot=robot5
261.000,original,-,fleet,MIN_DISTANCE_AVG,OK,6.778,,,0,robots_sampled=6
262.000,original,-,robot1,MIN_DISTANCE,OK,14.070,6.818,,0,nearest_robot=robot4
262.000,original,-,robot2,MIN_DISTANCE,OK,9.700,6.818,,0,nearest_robot=robot5
262.000,original,-,robot3,MIN_DISTANCE,OK,2.310,6.818,,0,nearest_robot=robot5
262.000,original,-,robot4,MIN_DISTANCE,OK,7.164,6.818,,0,nearest_robot=robot6
262.000,original,-,robot5,MIN_DISTANCE,OK,2.310,6.818,,0,nearest_robot=robot3
262.000,original,-,robot6,MIN_DISTANCE,OK,5.354,6.818,,0,nearest_robot=robot5
262.000,original,-,fleet,MIN_DISTANCE_AVG,OK,6.818,,,0,robots_sampled=6
263.000,original,-,robot1,MIN_DISTANCE,OK,14.472,6.812,,0,nearest_robot=robot4
263.000,original,-,robot2,MIN_DISTANCE,OK,9.534,6.812,,0,nearest_robot=robot5
263.000,original,-,robot3,MIN_DISTANCE,OK,2.494,6.812,,0,nearest_robot=robot5
263.000,original,-,robot4,MIN_DISTANCE,OK,6.650,6.812,,0,nearest_robot=robot6
263.000,original,-,robot5,MIN_DISTANCE,OK,2.494,6.812,,0,nearest_robot=robot3
263.000,original,-,robot6,MIN_DISTANCE,OK,5.232,6.812,,0,nearest_robot=robot5
263.000,original,-,fleet,MIN_DISTANCE_AVG,OK,6.812,,,0,robots_sampled=6
264.000,original,-,robot1,MIN_DISTANCE,OK,14.892,6.771,,0,nearest_robot=robot4
264.000,original,-,robot2,MIN_DISTANCE,OK,9.367,6.771,,0,nearest_robot=robot5
264.000,original,-,robot3,MIN_DISTANCE,OK,2.599,6.771,,0,nearest_robot=robot5
264.000,original,-,robot4,MIN_DISTANCE,OK,6.041,6.771,,0,nearest_robot=robot6
264.000,original,-,robot5,MIN_DISTANCE,OK,2.599,6.771,,0,nearest_robot=robot3
264.000,original,-,robot6,MIN_DISTANCE,OK,5.130,6.771,,0,nearest_robot=robot5
264.000,original,-,fleet,MIN_DISTANCE_AVG,OK,6.771,,,0,robots_sampled=6
265.000,original,-,robot1,MIN_DISTANCE,OK,15.183,6.728,,0,nearest_robot=robot4
265.000,original,-,robot2,MIN_DISTANCE,OK,9.261,6.728,,0,nearest_robot=robot5
265.000,original,-,robot3,MIN_DISTANCE,OK,2.734,6.728,,0,nearest_robot=robot5
265.000,original,-,robot4,MIN_DISTANCE,OK,5.486,6.728,,0,nearest_robot=robot6
265.000,original,-,robot5,MIN_DISTANCE,OK,2.734,6.728,,0,nearest_robot=robot3
265.000,original,-,robot6,MIN_DISTANCE,OK,4.968,6.728,,0,nearest_robot=robot5
265.000,original,-,fleet,MIN_DISTANCE_AVG,OK,6.728,,,0,robots_sampled=6
266.000,original,-,robot1,MIN_DISTANCE,OK,15.176,6.657,,0,nearest_robot=robot4
266.000,original,-,robot2,MIN_DISTANCE,OK,9.191,6.657,,0,nearest_robot=robot5
266.000,original,-,robot3,MIN_DISTANCE,OK,2.831,6.657,,0,nearest_robot=robot5
266.000,original,-,robot4,MIN_DISTANCE,OK,5.054,6.657,,0,nearest_robot=robot6
266.000,original,-,robot5,MIN_DISTANCE,OK,2.831,6.657,,0,nearest_robot=robot3
266.000,original,-,robot6,MIN_DISTANCE,OK,4.860,6.657,,0,nearest_robot=robot5
266.000,original,-,fleet,MIN_DISTANCE_AVG,OK,6.657,,,0,robots_sampled=6
267.000,original,-,robot1,MIN_DISTANCE,OK,15.107,6.610,,0,nearest_robot=robot4
267.000,original,-,robot2,MIN_DISTANCE,OK,9.215,6.610,,0,nearest_robot=robot5
267.000,original,-,robot3,MIN_DISTANCE,OK,2.956,6.610,,0,nearest_robot=robot5
267.000,original,-,robot4,MIN_DISTANCE,OK,4.711,6.610,,0,nearest_robot=robot6
267.000,original,-,robot5,MIN_DISTANCE,OK,2.956,6.610,,0,nearest_robot=robot3
267.000,original,-,robot6,MIN_DISTANCE,OK,4.711,6.610,,0,nearest_robot=robot5
267.000,original,-,fleet,MIN_DISTANCE_AVG,OK,6.610,,,0,robots_sampled=6
268.000,original,-,robot1,MIN_DISTANCE,OK,15.091,6.499,,0,nearest_robot=robot4
268.000,original,-,robot2,MIN_DISTANCE,OK,9.002,6.499,,0,nearest_robot=robot3
268.000,original,-,robot3,MIN_DISTANCE,OK,3.153,6.499,,0,nearest_robot=robot5
268.000,original,-,robot4,MIN_DISTANCE,OK,4.152,6.499,,0,nearest_robot=robot5
268.000,original,-,robot5,MIN_DISTANCE,OK,3.153,6.499,,0,nearest_robot=robot3
268.000,original,-,robot6,MIN_DISTANCE,OK,4.444,6.499,,0,nearest_robot=robot4
268.000,original,-,fleet,MIN_DISTANCE_AVG,OK,6.499,,,0,robots_sampled=6
269.000,original,-,robot1,MIN_DISTANCE,OK,15.087,6.407,,0,nearest_robot=robot4
269.000,original,-,robot2,MIN_DISTANCE,OK,8.624,6.407,,0,nearest_robot=robot3
269.000,original,-,robot3,MIN_DISTANCE,OK,3.429,6.407,,0,nearest_robot=robot5
269.000,original,-,robot4,MIN_DISTANCE,OK,3.548,6.407,,0,nearest_robot=robot5
269.000,original,-,robot5,MIN_DISTANCE,OK,3.429,6.407,,0,nearest_robot=robot3
269.000,original,-,robot6,MIN_DISTANCE,OK,4.322,6.407,,0,nearest_robot=robot4
269.000,original,-,fleet,MIN_DISTANCE_AVG,OK,6.407,,,0,robots_sampled=6
270.000,original,-,robot1,MIN_DISTANCE,OK,15.007,6.237,,0,nearest_robot=robot4
270.000,original,-,robot2,MIN_DISTANCE,OK,8.213,6.237,,0,nearest_robot=robot3
270.000,original,-,robot3,MIN_DISTANCE,OK,3.807,6.237,,0,nearest_robot=robot5
270.000,original,-,robot4,MIN_DISTANCE,OK,3.052,6.237,,0,nearest_robot=robot5
270.000,original,-,robot5,MIN_DISTANCE,OK,3.052,6.237,,0,nearest_robot=robot4
270.000,original,-,robot6,MIN_DISTANCE,OK,4.292,6.237,,0,nearest_robot=robot4
270.000,original,-,fleet,MIN_DISTANCE_AVG,OK,6.237,,,0,robots_sampled=6
271.000,original,-,robot1,MIN_DISTANCE,OK,14.977,6.162,,0,nearest_robot=robot4
271.000,original,-,robot2,MIN_DISTANCE,OK,7.777,6.162,,0,nearest_robot=robot3
271.000,original,-,robot3,MIN_DISTANCE,OK,4.233,6.162,,0,nearest_robot=robot5
271.000,original,-,robot4,MIN_DISTANCE,OK,2.643,6.162,,0,nearest_robot=robot5
271.000,original,-,robot5,MIN_DISTANCE,OK,2.643,6.162,,0,nearest_robot=robot4
271.000,original,-,robot6,MIN_DISTANCE,OK,4.699,6.162,,0,nearest_robot=robot5
271.000,original,-,fleet,MIN_DISTANCE_AVG,OK,6.162,,,0,robots_sampled=6
272.000,original,-,robot1,MIN_DISTANCE,OK,14.928,6.068,,0,nearest_robot=robot4
272.000,original,-,robot2,MIN_DISTANCE,OK,7.296,6.068,,0,nearest_robot=robot3
272.000,original,-,robot3,MIN_DISTANCE,OK,4.839,6.068,,0,nearest_robot=robot5
272.000,original,-,robot4,MIN_DISTANCE,OK,2.380,6.068,,0,nearest_robot=robot5
272.000,original,-,robot5,MIN_DISTANCE,OK,2.380,6.068,,0,nearest_robot=robot4
272.000,original,-,robot6,MIN_DISTANCE,OK,4.583,6.068,,0,nearest_robot=robot5
272.000,original,-,fleet,MIN_DISTANCE_AVG,OK,6.068,,,0,robots_sampled=6
273.000,original,-,robot1,MIN_DISTANCE,OK,14.851,6.019,,0,nearest_robot=robot4
273.000,original,-,robot2,MIN_DISTANCE,OK,6.845,6.019,,0,nearest_robot=robot3
273.000,original,-,robot3,MIN_DISTANCE,OK,5.040,6.019,,0,nearest_robot=robot4
273.000,original,-,robot4,MIN_DISTANCE,OK,2.401,6.019,,0,nearest_robot=robot5
273.000,original,-,robot5,MIN_DISTANCE,OK,2.401,6.019,,0,nearest_robot=robot4
273.000,original,-,robot6,MIN_DISTANCE,OK,4.577,6.019,,0,nearest_robot=robot5
273.000,original,-,fleet,MIN_DISTANCE_AVG,OK,6.019,,,0,robots_sampled=6
274.000,original,-,robot1,MIN_DISTANCE,OK,14.722,6.002,,0,nearest_robot=robot4
274.000,original,-,robot2,MIN_DISTANCE,OK,6.380,6.002,,0,nearest_robot=robot3
274.000,original,-,robot3,MIN_DISTANCE,OK,5.153,6.002,,0,nearest_robot=robot4
274.000,original,-,robot4,MIN_DISTANCE,OK,2.628,6.002,,0,nearest_robot=robot5
274.000,original,-,robot5,MIN_DISTANCE,OK,2.628,6.002,,0,nearest_robot=robot4
274.000,original,-,robot6,MIN_DISTANCE,OK,4.502,6.002,,0,nearest_robot=robot5
274.000,original,-,fleet,MIN_DISTANCE_AVG,OK,6.002,,,0,robots_sampled=6
275.000,original,-,robot1,MIN_DISTANCE,OK,14.454,5.976,,0,nearest_robot=robot4
275.000,original,-,robot2,MIN_DISTANCE,OK,5.892,5.976,,0,nearest_robot=robot3
275.000,original,-,robot3,MIN_DISTANCE,OK,5.483,5.976,,0,nearest_robot=robot4
275.000,original,-,robot4,MIN_DISTANCE,OK,2.869,5.976,,0,nearest_robot=robot5
275.000,original,-,robot5,MIN_DISTANCE,OK,2.869,5.976,,0,nearest_robot=robot4
275.000,original,-,robot6,MIN_DISTANCE,OK,4.289,5.976,,0,nearest_robot=robot5
275.000,original,-,fleet,MIN_DISTANCE_AVG,OK,5.976,,,0,robots_sampled=6
276.000,original,-,fleet,REPLAN_FULL,OK,,,robot1|robot2|robot3|robot4|robot5|robot6,0,original_full_optimization
276.000,original,-,robot1,MIN_DISTANCE,OK,14.027,5.882,,0,nearest_robot=robot4
276.000,original,-,robot2,MIN_DISTANCE,OK,5.412,5.882,,0,nearest_robot=robot3
276.000,original,-,robot3,MIN_DISTANCE,OK,5.412,5.882,,0,nearest_robot=robot2
276.000,original,-,robot4,MIN_DISTANCE,OK,3.203,5.882,,0,nearest_robot=robot5
276.000,original,-,robot5,MIN_DISTANCE,OK,3.203,5.882,,0,nearest_robot=robot4
276.000,original,-,robot6,MIN_DISTANCE,OK,4.032,5.882,,0,nearest_robot=robot5
276.000,original,-,fleet,MIN_DISTANCE_AVG,OK,5.882,,,0,robots_sampled=6
277.000,original,-,robot1,MIN_DISTANCE,OK,13.502,5.721,,0,nearest_robot=robot4
277.000,original,-,robot2,MIN_DISTANCE,OK,4.940,5.721,,0,nearest_robot=robot3
277.000,original,-,robot3,MIN_DISTANCE,OK,4.940,5.721,,0,nearest_robot=robot2
277.000,original,-,robot4,MIN_DISTANCE,OK,3.600,5.721,,0,nearest_robot=robot5
277.000,original,-,robot5,MIN_DISTANCE,OK,3.600,5.721,,0,nearest_robot=robot4
277.000,original,-,robot6,MIN_DISTANCE,OK,3.743,5.721,,0,nearest_robot=robot5
277.000,original,-,fleet,MIN_DISTANCE_AVG,OK,5.721,,,0,robots_sampled=6
278.000,original,-,robot1,MIN_DISTANCE,OK,13.129,5.561,,0,nearest_robot=robot4
278.000,original,-,robot2,MIN_DISTANCE,OK,4.552,5.561,,0,nearest_robot=robot3
278.000,original,-,robot3,MIN_DISTANCE,OK,4.552,5.561,,0,nearest_robot=robot2
278.000,original,-,robot4,MIN_DISTANCE,OK,3.852,5.561,,0,nearest_robot=robot5
278.000,original,-,robot5,MIN_DISTANCE,OK,3.641,5.561,,0,nearest_robot=robot6
278.000,original,-,robot6,MIN_DISTANCE,OK,3.641,5.561,,0,nearest_robot=robot5
278.000,original,-,fleet,MIN_DISTANCE_AVG,OK,5.561,,,0,robots_sampled=6
279.000,original,-,robot1,MIN_DISTANCE,OK,12.758,5.385,,0,nearest_robot=robot4
279.000,original,-,robot2,MIN_DISTANCE,OK,4.266,5.385,,0,nearest_robot=robot3
279.000,original,-,robot3,MIN_DISTANCE,OK,4.266,5.385,,0,nearest_robot=robot2
279.000,original,-,robot4,MIN_DISTANCE,OK,4.134,5.385,,0,nearest_robot=robot5
279.000,original,-,robot5,MIN_DISTANCE,OK,3.443,5.385,,0,nearest_robot=robot6
279.000,original,-,robot6,MIN_DISTANCE,OK,3.443,5.385,,0,nearest_robot=robot5
279.000,original,-,fleet,MIN_DISTANCE_AVG,OK,5.385,,,0,robots_sampled=6
280.000,original,-,robot1,MIN_DISTANCE,OK,12.372,5.234,,0,nearest_robot=robot4
280.000,original,-,robot2,MIN_DISTANCE,OK,4.078,5.234,,0,nearest_robot=robot3
280.000,original,-,robot3,MIN_DISTANCE,OK,4.078,5.234,,0,nearest_robot=robot2
280.000,original,-,robot4,MIN_DISTANCE,OK,4.472,5.234,,0,nearest_robot=robot5
280.000,original,-,robot5,MIN_DISTANCE,OK,3.203,5.234,,0,nearest_robot=robot6
280.000,original,-,robot6,MIN_DISTANCE,OK,3.203,5.234,,0,nearest_robot=robot5
280.000,original,-,fleet,MIN_DISTANCE_AVG,OK,5.234,,,0,robots_sampled=6
281.000,original,-,robot1,MIN_DISTANCE,OK,11.987,5.101,,0,nearest_robot=robot4
281.000,original,-,robot2,MIN_DISTANCE,OK,3.976,5.101,,0,nearest_robot=robot3
281.000,original,-,robot3,MIN_DISTANCE,OK,3.976,5.101,,0,nearest_robot=robot2
281.000,original,-,robot4,MIN_DISTANCE,OK,4.983,5.101,,0,nearest_robot=robot5
281.000,original,-,robot5,MIN_DISTANCE,OK,2.841,5.101,,0,nearest_robot=robot6
281.000,original,-,robot6,MIN_DISTANCE,OK,2.841,5.101,,0,nearest_robot=robot5
281.000,original,-,fleet,MIN_DISTANCE_AVG,OK,5.101,,,0,robots_sampled=6
282.000,original,-,robot1,MIN_DISTANCE,OK,11.622,4.971,,0,nearest_robot=robot4
282.000,original,-,robot2,MIN_DISTANCE,OK,3.857,4.971,,0,nearest_robot=robot3
282.000,original,-,robot3,MIN_DISTANCE,OK,3.857,4.971,,0,nearest_robot=robot2
282.000,original,-,robot4,MIN_DISTANCE,OK,5.681,4.971,,0,nearest_robot=robot5
282.000,original,-,robot5,MIN_DISTANCE,OK,2.404,4.971,,0,nearest_robot=robot6
282.000,original,-,robot6,MIN_DISTANCE,OK,2.404,4.971,,0,nearest_robot=robot5
282.000,original,-,fleet,MIN_DISTANCE_AVG,OK,4.971,,,0,robots_sampled=6
283.000,original,-,robot1,MIN_DISTANCE,OK,11.262,4.850,,0,nearest_robot=robot4
283.000,original,-,robot2,MIN_DISTANCE,OK,3.460,4.850,,0,nearest_robot=robot3
283.000,original,-,robot3,MIN_DISTANCE,OK,3.460,4.850,,0,nearest_robot=robot2
283.000,original,-,robot4,MIN_DISTANCE,OK,5.907,4.850,,0,nearest_robot=robot5
283.000,original,-,robot5,MIN_DISTANCE,OK,2.505,4.850,,0,nearest_robot=robot6
283.000,original,-,robot6,MIN_DISTANCE,OK,2.505,4.850,,0,nearest_robot=robot5
283.000,original,-,fleet,MIN_DISTANCE_AVG,OK,4.850,,,0,robots_sampled=6
284.000,original,-,robot1,MIN_DISTANCE,OK,10.875,4.773,,0,nearest_robot=robot4
284.000,original,-,robot2,MIN_DISTANCE,OK,3.041,4.773,,0,nearest_robot=robot3
284.000,original,-,robot3,MIN_DISTANCE,OK,3.041,4.773,,0,nearest_robot=robot2
284.000,original,-,robot4,MIN_DISTANCE,OK,6.068,4.773,,0,nearest_robot=robot5
284.000,original,-,robot5,MIN_DISTANCE,OK,2.805,4.773,,0,nearest_robot=robot6
284.000,original,-,robot6,MIN_DISTANCE,OK,2.805,4.773,,0,nearest_robot=robot5
284.000,original,-,fleet,MIN_DISTANCE_AVG,OK,4.773,,,0,robots_sampled=6
285.000,original,-,robot1,MIN_DISTANCE,OK,10.493,4.746,,0,nearest_robot=robot4
285.000,original,-,robot2,MIN_DISTANCE,OK,2.686,4.746,,0,nearest_robot=robot3
285.000,original,-,robot3,MIN_DISTANCE,OK,2.686,4.746,,0,nearest_robot=robot2
285.000,original,-,robot4,MIN_DISTANCE,OK,6.160,4.746,,0,nearest_robot=robot5
285.000,original,-,robot5,MIN_DISTANCE,OK,3.226,4.746,,0,nearest_robot=robot6
285.000,original,-,robot6,MIN_DISTANCE,OK,3.226,4.746,,0,nearest_robot=robot5
285.000,original,-,fleet,MIN_DISTANCE_AVG,OK,4.746,,,0,robots_sampled=6
286.000,original,-,robot1,MIN_DISTANCE,OK,10.143,4.701,,0,nearest_robot=robot4
286.000,original,-,robot2,MIN_DISTANCE,OK,2.348,4.701,,0,nearest_robot=robot3
286.000,original,-,robot3,MIN_DISTANCE,OK,2.348,4.701,,0,nearest_robot=robot2
286.000,original,-,robot4,MIN_DISTANCE,OK,6.167,4.701,,0,nearest_robot=robot5
286.000,original,-,robot5,MIN_DISTANCE,OK,3.598,4.701,,0,nearest_robot=robot6
286.000,original,-,robot6,MIN_DISTANCE,OK,3.598,4.701,,0,nearest_robot=robot5
286.000,original,-,fleet,MIN_DISTANCE_AVG,OK,4.701,,,0,robots_sampled=6
287.000,original,-,robot1,MIN_DISTANCE,OK,9.768,4.589,,0,nearest_robot=robot4
287.000,original,-,robot2,MIN_DISTANCE,OK,2.044,4.589,,0,nearest_robot=robot3
287.000,original,-,robot3,MIN_DISTANCE,OK,2.044,4.589,,0,nearest_robot=robot2
287.000,original,-,robot4,MIN_DISTANCE,OK,6.168,4.589,,0,nearest_robot=robot5
287.000,original,-,robot5,MIN_DISTANCE,OK,3.756,4.589,,0,nearest_robot=robot6
287.000,original,-,robot6,MIN_DISTANCE,OK,3.756,4.589,,0,nearest_robot=robot5
287.000,original,-,fleet,MIN_DISTANCE_AVG,OK,4.589,,,0,robots_sampled=6
288.000,original,-,robot1,MIN_DISTANCE,OK,9.421,4.461,,0,nearest_robot=robot4
288.000,original,-,robot2,MIN_DISTANCE,OK,1.808,4.461,,0,nearest_robot=robot3
288.000,original,-,robot3,MIN_DISTANCE,OK,1.808,4.461,,0,nearest_robot=robot2
288.000,original,-,robot4,MIN_DISTANCE,OK,6.172,4.461,,0,nearest_robot=robot5
288.000,original,-,robot5,MIN_DISTANCE,OK,3.780,4.461,,0,nearest_robot=robot6
288.000,original,-,robot6,MIN_DISTANCE,OK,3.780,4.461,,0,nearest_robot=robot5
288.000,original,-,fleet,MIN_DISTANCE_AVG,OK,4.461,,,0,robots_sampled=6
289.000,original,-,robot1,MIN_DISTANCE,OK,9.080,4.352,,0,nearest_robot=robot4
289.000,original,-,robot2,MIN_DISTANCE,OK,1.641,4.352,,0,nearest_robot=robot3
289.000,original,-,robot3,MIN_DISTANCE,OK,1.641,4.352,,0,nearest_robot=robot2
289.000,original,-,robot4,MIN_DISTANCE,OK,6.159,4.352,,0,nearest_robot=robot5
289.000,original,-,robot5,MIN_DISTANCE,OK,3.795,4.352,,0,nearest_robot=robot6
289.000,original,-,robot6,MIN_DISTANCE,OK,3.795,4.352,,0,nearest_robot=robot5
289.000,original,-,fleet,MIN_DISTANCE_AVG,OK,4.352,,,0,robots_sampled=6
290.000,original,-,robot1,MIN_DISTANCE,OK,8.695,4.267,,0,nearest_robot=robot4
290.000,original,-,robot2,MIN_DISTANCE,OK,1.578,4.267,,0,nearest_robot=robot3
290.000,original,-,robot3,MIN_DISTANCE,OK,1.578,4.267,,0,nearest_robot=robot2
290.000,original,-,robot4,MIN_DISTANCE,OK,6.159,4.267,,0,nearest_robot=robot5
290.000,original,-,robot5,MIN_DISTANCE,OK,3.797,4.267,,0,nearest_robot=robot6
290.000,original,-,robot6,MIN_DISTANCE,OK,3.797,4.267,,0,nearest_robot=robot5
290.000,original,-,fleet,MIN_DISTANCE_AVG,OK,4.267,,,0,robots_sampled=6
291.000,original,-,robot1,MIN_DISTANCE,OK,8.346,4.210,,0,nearest_robot=robot4
291.000,original,-,robot2,MIN_DISTANCE,OK,1.578,4.210,,0,nearest_robot=robot3
291.000,original,-,robot3,MIN_DISTANCE,OK,1.578,4.210,,0,nearest_robot=robot2
291.000,original,-,robot4,MIN_DISTANCE,OK,6.158,4.210,,0,nearest_robot=robot5
291.000,original,-,robot5,MIN_DISTANCE,OK,3.799,4.210,,0,nearest_robot=robot6
291.000,original,-,robot6,MIN_DISTANCE,OK,3.799,4.210,,0,nearest_robot=robot5
291.000,original,-,fleet,MIN_DISTANCE_AVG,OK,4.210,,,0,robots_sampled=6
292.000,original,-,robot1,MIN_DISTANCE,OK,7.976,4.157,,0,nearest_robot=robot4
292.000,original,-,robot2,MIN_DISTANCE,OK,1.604,4.157,,0,nearest_robot=robot3
292.000,original,-,robot3,MIN_DISTANCE,OK,1.604,4.157,,0,nearest_robot=robot2
292.000,original,-,robot4,MIN_DISTANCE,OK,6.156,4.157,,0,nearest_robot=robot5
292.000,original,-,robot5,MIN_DISTANCE,OK,3.801,4.157,,0,nearest_robot=robot6
292.000,original,-,robot6,MIN_DISTANCE,OK,3.801,4.157,,0,nearest_robot=robot5
292.000,original,-,fleet,MIN_DISTANCE_AVG,OK,4.157,,,0,robots_sampled=6
293.000,original,-,robot1,MIN_DISTANCE,OK,7.621,4.119,,0,nearest_robot=robot4
293.000,original,-,robot2,MIN_DISTANCE,OK,1.655,4.119,,0,nearest_robot=robot3
293.000,original,-,robot3,MIN_DISTANCE,OK,1.655,4.119,,0,nearest_robot=robot2
293.000,original,-,robot4,MIN_DISTANCE,OK,6.151,4.119,,0,nearest_robot=robot5
293.000,original,-,robot5,MIN_DISTANCE,OK,3.815,4.119,,0,nearest_robot=robot6
293.000,original,-,robot6,MIN_DISTANCE,OK,3.815,4.119,,0,nearest_robot=robot5
293.000,original,-,fleet,MIN_DISTANCE_AVG,OK,4.119,,,0,robots_sampled=6
294.000,original,-,robot1,MIN_DISTANCE,OK,7.296,4.082,,0,nearest_robot=robot4
294.000,original,-,robot2,MIN_DISTANCE,OK,1.705,4.082,,0,nearest_robot=robot3
294.000,original,-,robot3,MIN_DISTANCE,OK,1.705,4.082,,0,nearest_robot=robot2
294.000,original,-,robot4,MIN_DISTANCE,OK,6.149,4.082,,0,nearest_robot=robot5
294.000,original,-,robot5,MIN_DISTANCE,OK,3.818,4.082,,0,nearest_robot=robot6
294.000,original,-,robot6,MIN_DISTANCE,OK,3.818,4.082,,0,nearest_robot=robot5
294.000,original,-,fleet,MIN_DISTANCE_AVG,OK,4.082,,,0,robots_sampled=6
295.000,original,-,robot1,MIN_DISTANCE,OK,6.977,4.001,,0,nearest_robot=robot4
295.000,original,-,robot2,MIN_DISTANCE,OK,1.612,4.001,,0,nearest_robot=robot3
295.000,original,-,robot3,MIN_DISTANCE,OK,1.612,4.001,,0,nearest_robot=robot2
295.000,original,-,robot4,MIN_DISTANCE,OK,6.145,4.001,,0,nearest_robot=robot5
295.000,original,-,robot5,MIN_DISTANCE,OK,3.831,4.001,,0,nearest_robot=robot6
295.000,original,-,robot6,MIN_DISTANCE,OK,3.831,4.001,,0,nearest_robot=robot5
295.000,original,-,fleet,MIN_DISTANCE_AVG,OK,4.001,,,0,robots_sampled=6
296.000,original,-,robot1,MIN_DISTANCE,OK,6.647,3.947,,0,nearest_robot=robot4
296.000,original,-,robot2,MIN_DISTANCE,OK,1.611,3.947,,0,nearest_robot=robot3
296.000,original,-,robot3,MIN_DISTANCE,OK,1.611,3.947,,0,nearest_robot=robot2
296.000,original,-,robot4,MIN_DISTANCE,OK,6.144,3.947,,0,nearest_robot=robot5
296.000,original,-,robot5,MIN_DISTANCE,OK,3.834,3.947,,0,nearest_robot=robot6
296.000,original,-,robot6,MIN_DISTANCE,OK,3.834,3.947,,0,nearest_robot=robot5
296.000,original,-,fleet,MIN_DISTANCE_AVG,OK,3.947,,,0,robots_sampled=6
297.000,original,-,robot1,MIN_DISTANCE,OK,6.299,3.889,,0,nearest_robot=robot4
297.000,original,-,robot2,MIN_DISTANCE,OK,1.611,3.889,,0,nearest_robot=robot3
297.000,original,-,robot3,MIN_DISTANCE,OK,1.611,3.889,,0,nearest_robot=robot2
297.000,original,-,robot4,MIN_DISTANCE,OK,6.139,3.889,,0,nearest_robot=robot5
297.000,original,-,robot5,MIN_DISTANCE,OK,3.837,3.889,,0,nearest_robot=robot6
297.000,original,-,robot6,MIN_DISTANCE,OK,3.837,3.889,,0,nearest_robot=robot5
297.000,original,-,fleet,MIN_DISTANCE_AVG,OK,3.889,,,0,robots_sampled=6
298.000,original,-,robot1,MIN_DISTANCE,OK,5.941,3.796,,0,nearest_robot=robot4
298.000,original,-,robot2,MIN_DISTANCE,OK,1.611,3.796,,0,nearest_robot=robot3
298.000,original,-,robot3,MIN_DISTANCE,OK,1.611,3.796,,0,nearest_robot=robot2
298.000,original,-,robot4,MIN_DISTANCE,OK,5.941,3.796,,0,nearest_robot=robot1
298.000,original,-,robot5,MIN_DISTANCE,OK,3.837,3.796,,0,nearest_robot=robot6
298.000,original,-,robot6,MIN_DISTANCE,OK,3.837,3.796,,0,nearest_robot=robot5
298.000,original,-,fleet,MIN_DISTANCE_AVG,OK,3.796,,,0,robots_sampled=6
299.000,original,-,robot1,MIN_DISTANCE,OK,5.593,3.680,,0,nearest_robot=robot4
299.000,original,-,robot2,MIN_DISTANCE,OK,1.611,3.680,,0,nearest_robot=robot3
299.000,original,-,robot3,MIN_DISTANCE,OK,1.611,3.680,,0,nearest_robot=robot2
299.000,original,-,robot4,MIN_DISTANCE,OK,5.593,3.680,,0,nearest_robot=robot1
299.000,original,-,robot5,MIN_DISTANCE,OK,3.837,3.680,,0,nearest_robot=robot6
299.000,original,-,robot6,MIN_DISTANCE,OK,3.837,3.680,,0,nearest_robot=robot5
299.000,original,-,fleet,MIN_DISTANCE_AVG,OK,3.680,,,0,robots_sampled=6
300.000,original,-,robot1,MIN_DISTANCE,OK,5.176,3.541,,0,nearest_robot=robot4
300.000,original,-,robot2,MIN_DISTANCE,OK,1.611,3.541,,0,nearest_robot=robot3
300.000,original,-,robot3,MIN_DISTANCE,OK,1.611,3.541,,0,nearest_robot=robot2
300.000,original,-,robot4,MIN_DISTANCE,OK,5.176,3.541,,0,nearest_robot=robot1
300.000,original,-,robot5,MIN_DISTANCE,OK,3.837,3.541,,0,nearest_robot=robot6
300.000,original,-,robot6,MIN_DISTANCE,OK,3.837,3.541,,0,nearest_robot=robot5
300.000,original,-,fleet,MIN_DISTANCE_AVG,OK,3.541,,,0,robots_sampled=6
301.000,original,-,robot1,MIN_DISTANCE,OK,4.697,3.382,,0,nearest_robot=robot4
301.000,original,-,robot2,MIN_DISTANCE,OK,1.611,3.382,,0,nearest_robot=robot3
301.000,original,-,robot3,MIN_DISTANCE,OK,1.611,3.382,,0,nearest_robot=robot2
301.000,original,-,robot4,MIN_DISTANCE,OK,4.697,3.382,,0,nearest_robot=robot1
301.000,original,-,robot5,MIN_DISTANCE,OK,3.837,3.382,,0,nearest_robot=robot6
301.000,original,-,robot6,MIN_DISTANCE,OK,3.837,3.382,,0,nearest_robot=robot5
301.000,original,-,fleet,MIN_DISTANCE_AVG,OK,3.382,,,0,robots_sampled=6
301.500,original,-,fleet,REPLAN_FULL,OK,,,robot1|robot2|robot3|robot4|robot5|robot6,0,original_full_optimization
302.000,original,-,robot1,MIN_DISTANCE,OK,4.086,3.178,,0,nearest_robot=robot4
302.000,original,-,robot2,MIN_DISTANCE,OK,1.611,3.178,,0,nearest_robot=robot3
302.000,original,-,robot3,MIN_DISTANCE,OK,1.611,3.178,,0,nearest_robot=robot2
302.000,original,-,robot4,MIN_DISTANCE,OK,4.086,3.178,,0,nearest_robot=robot1
302.000,original,-,robot5,MIN_DISTANCE,OK,3.837,3.178,,0,nearest_robot=robot6
302.000,original,-,robot6,MIN_DISTANCE,OK,3.837,3.178,,0,nearest_robot=robot5
302.000,original,-,fleet,MIN_DISTANCE_AVG,OK,3.178,,,0,robots_sampled=6
303.000,original,-,robot1,MIN_DISTANCE,OK,3.467,2.972,,0,nearest_robot=robot4
303.000,original,-,robot2,MIN_DISTANCE,OK,1.611,2.972,,0,nearest_robot=robot3
303.000,original,-,robot3,MIN_DISTANCE,OK,1.611,2.972,,0,nearest_robot=robot2
303.000,original,-,robot4,MIN_DISTANCE,OK,3.467,2.972,,0,nearest_robot=robot1
303.000,original,-,robot5,MIN_DISTANCE,OK,3.838,2.972,,0,nearest_robot=robot6
303.000,original,-,robot6,MIN_DISTANCE,OK,3.838,2.972,,0,nearest_robot=robot5
303.000,original,-,fleet,MIN_DISTANCE_AVG,OK,2.972,,,0,robots_sampled=6
304.000,original,-,robot1,MIN_DISTANCE,OK,2.816,2.755,,0,nearest_robot=robot4
304.000,original,-,robot2,MIN_DISTANCE,OK,1.611,2.755,,0,nearest_robot=robot3
304.000,original,-,robot3,MIN_DISTANCE,OK,1.611,2.755,,0,nearest_robot=robot2
304.000,original,-,robot4,MIN_DISTANCE,OK,2.816,2.755,,0,nearest_robot=robot1
304.000,original,-,robot5,MIN_DISTANCE,OK,3.838,2.755,,0,nearest_robot=robot6
304.000,original,-,robot6,MIN_DISTANCE,OK,3.838,2.755,,0,nearest_robot=robot5
304.000,original,-,fleet,MIN_DISTANCE_AVG,OK,2.755,,,0,robots_sampled=6
305.000,original,-,robot1,MIN_DISTANCE,OK,2.163,2.537,,0,nearest_robot=robot4
305.000,original,-,robot2,MIN_DISTANCE,OK,1.611,2.537,,0,nearest_robot=robot3
305.000,original,-,robot3,MIN_DISTANCE,OK,1.611,2.537,,0,nearest_robot=robot2
305.000,original,-,robot4,MIN_DISTANCE,OK,2.163,2.537,,0,nearest_robot=robot1
305.000,original,-,robot5,MIN_DISTANCE,OK,3.838,2.537,,0,nearest_robot=robot6
305.000,original,-,robot6,MIN_DISTANCE,OK,3.838,2.537,,0,nearest_robot=robot5
305.000,original,-,fleet,MIN_DISTANCE_AVG,OK,2.537,,,0,robots_sampled=6
306.000,original,-,robot1,MIN_DISTANCE,OK,1.312,2.254,,0,nearest_robot=robot4
306.000,original,-,robot2,MIN_DISTANCE,OK,1.611,2.254,,0,nearest_robot=robot3
306.000,original,-,robot3,MIN_DISTANCE,OK,1.611,2.254,,0,nearest_robot=robot2
306.000,original,-,robot4,MIN_DISTANCE,OK,1.312,2.254,,0,nearest_robot=robot1
306.000,original,-,robot5,MIN_DISTANCE,OK,3.838,2.254,,0,nearest_robot=robot6
306.000,original,-,robot6,MIN_DISTANCE,OK,3.838,2.254,,0,nearest_robot=robot5
306.000,original,-,fleet,MIN_DISTANCE_AVG,OK,2.254,,,0,robots_sampled=6
307.000,original,-,robot1,MIN_DISTANCE,OK,0.641,2.030,,0,nearest_robot=robot4
307.000,original,-,robot2,MIN_DISTANCE,OK,1.611,2.030,,0,nearest_robot=robot3
307.000,original,-,robot3,MIN_DISTANCE,OK,1.611,2.030,,0,nearest_robot=robot2
307.000,original,-,robot4,MIN_DISTANCE,OK,0.641,2.030,,0,nearest_robot=robot1
307.000,original,-,robot5,MIN_DISTANCE,OK,3.838,2.030,,0,nearest_robot=robot6
307.000,original,-,robot6,MIN_DISTANCE,OK,3.838,2.030,,0,nearest_robot=robot5
307.000,original,-,fleet,MIN_DISTANCE_AVG,OK,2.030,,,0,robots_sampled=6
308.000,original,-,robot1,MIN_DISTANCE,OK,0.951,2.134,,0,nearest_robot=robot4
308.000,original,-,robot2,MIN_DISTANCE,OK,1.611,2.134,,0,nearest_robot=robot3
308.000,original,-,robot3,MIN_DISTANCE,OK,1.611,2.134,,0,nearest_robot=robot2
308.000,original,-,robot4,MIN_DISTANCE,OK,0.951,2.134,,0,nearest_robot=robot1
308.000,original,-,robot5,MIN_DISTANCE,OK,3.838,2.134,,0,nearest_robot=robot6
308.000,original,-,robot6,MIN_DISTANCE,OK,3.838,2.134,,0,nearest_robot=robot5
308.000,original,-,fleet,MIN_DISTANCE_AVG,OK,2.134,,,0,robots_sampled=6
309.000,original,-,robot1,MIN_DISTANCE,OK,1.755,2.401,,0,nearest_robot=robot4
309.000,original,-,robot2,MIN_DISTANCE,OK,1.611,2.401,,0,nearest_robot=robot3
309.000,original,-,robot3,MIN_DISTANCE,OK,1.611,2.401,,0,nearest_robot=robot2
309.000,original,-,robot4,MIN_DISTANCE,OK,1.755,2.401,,0,nearest_robot=robot1
309.000,original,-,robot5,MIN_DISTANCE,OK,3.838,2.401,,0,nearest_robot=robot6
309.000,original,-,robot6,MIN_DISTANCE,OK,3.838,2.401,,0,nearest_robot=robot5
309.000,original,-,fleet,MIN_DISTANCE_AVG,OK,2.401,,,0,robots_sampled=6
310.000,original,-,robot1,MIN_DISTANCE,OK,2.640,2.697,,0,nearest_robot=robot4
310.000,original,-,robot2,MIN_DISTANCE,OK,1.611,2.697,,0,nearest_robot=robot3
310.000,original,-,robot3,MIN_DISTANCE,OK,1.611,2.697,,0,nearest_robot=robot2
310.000,original,-,robot4,MIN_DISTANCE,OK,2.640,2.697,,0,nearest_robot=robot1
310.000,original,-,robot5,MIN_DISTANCE,OK,3.839,2.697,,0,nearest_robot=robot6
310.000,original,-,robot6,MIN_DISTANCE,OK,3.839,2.697,,0,nearest_robot=robot5
310.000,original,-,fleet,MIN_DISTANCE_AVG,OK,2.697,,,0,robots_sampled=6
311.000,original,-,robot1,MIN_DISTANCE,OK,3.598,3.016,,0,nearest_robot=robot4
311.000,original,-,robot2,MIN_DISTANCE,OK,1.611,3.016,,0,nearest_robot=robot3
311.000,original,-,robot3,MIN_DISTANCE,OK,1.611,3.016,,0,nearest_robot=robot2
311.000,original,-,robot4,MIN_DISTANCE,OK,3.598,3.016,,0,nearest_robot=robot1
311.000,original,-,robot5,MIN_DISTANCE,OK,3.839,3.016,,0,nearest_robot=robot6
311.000,original,-,robot6,MIN_DISTANCE,OK,3.839,3.016,,0,nearest_robot=robot5
311.000,original,-,fleet,MIN_DISTANCE_AVG,OK,3.016,,,0,robots_sampled=6
312.000,original,-,robot1,MIN_DISTANCE,OK,4.544,3.331,,0,nearest_robot=robot4
312.000,original,-,robot2,MIN_DISTANCE,OK,1.611,3.331,,0,nearest_robot=robot3
312.000,original,-,robot3,MIN_DISTANCE,OK,1.611,3.331,,0,nearest_robot=robot2
312.000,original,-,robot4,MIN_DISTANCE,OK,4.544,3.331,,0,nearest_robot=robot1
312.000,original,-,robot5,MIN_DISTANCE,OK,3.839,3.331,,0,nearest_robot=robot6
312.000,original,-,robot6,MIN_DISTANCE,OK,3.839,3.331,,0,nearest_robot=robot5
312.000,original,-,fleet,MIN_DISTANCE_AVG,OK,3.331,,,0,robots_sampled=6
313.000,original,-,robot1,MIN_DISTANCE,OK,5.497,3.649,,0,nearest_robot=robot4
313.000,original,-,robot2,MIN_DISTANCE,OK,1.611,3.649,,0,nearest_robot=robot3
313.000,original,-,robot3,MIN_DISTANCE,OK,1.611,3.649,,0,nearest_robot=robot2
313.000,original,-,robot4,MIN_DISTANCE,OK,5.497,3.649,,0,nearest_robot=robot1
313.000,original,-,robot5,MIN_DISTANCE,OK,3.839,3.649,,0,nearest_robot=robot6
313.000,original,-,robot6,MIN_DISTANCE,OK,3.839,3.649,,0,nearest_robot=robot5
313.000,original,-,fleet,MIN_DISTANCE_AVG,OK,3.649,,,0,robots_sampled=6
314.000,original,-,robot1,MIN_DISTANCE,OK,5.990,3.889,,0,nearest_robot=robot5
314.000,original,-,robot2,MIN_DISTANCE,OK,1.611,3.889,,0,nearest_robot=robot3
314.000,original,-,robot3,MIN_DISTANCE,OK,1.611,3.889,,0,nearest_robot=robot2
314.000,original,-,robot4,MIN_DISTANCE,OK,6.442,3.889,,0,nearest_robot=robot1
314.000,original,-,robot5,MIN_DISTANCE,OK,3.839,3.889,,0,nearest_robot=robot6
314.000,original,-,robot6,MIN_DISTANCE,OK,3.839,3.889,,0,nearest_robot=robot5
314.000,original,-,fleet,MIN_DISTANCE_AVG,OK,3.889,,,0,robots_sampled=6
315.000,original,-,robot1,MIN_DISTANCE,OK,6.355,4.023,,0,nearest_robot=robot5
315.000,original,-,robot2,MIN_DISTANCE,OK,1.611,4.023,,0,nearest_robot=robot3
315.000,original,-,robot3,MIN_DISTANCE,OK,1.611,4.023,,0,nearest_robot=robot2
315.000,original,-,robot4,MIN_DISTANCE,OK,6.881,4.023,,0,nearest_robot=robot5
315.000,original,-,robot5,MIN_DISTANCE,OK,3.839,4.023,,0,nearest_robot=robot6
315.000,original,-,robot6,MIN_DISTANCE,OK,3.839,4.023,,0,nearest_robot=robot5
315.000,original,-,fleet,MIN_DISTANCE_AVG,OK,4.023,,,0,robots_sampled=6
316.000,original,-,robot1,MIN_DISTANCE,OK,6.733,4.143,,0,nearest_robot=robot5
316.000,original,-,robot2,MIN_DISTANCE,OK,1.611,4.143,,0,nearest_robot=robot3
316.000,original,-,robot3,MIN_DISTANCE,OK,1.611,4.143,,0,nearest_robot=robot2
316.000,original,-,robot4,MIN_DISTANCE,OK,7.227,4.143,,0,nearest_robot=robot5
316.000,original,-,robot5,MIN_DISTANCE,OK,3.840,4.143,,0,nearest_robot=robot6
316.000,original,-,robot6,MIN_DISTANCE,OK,3.840,4.143,,0,nearest_robot=robot5
316.000,original,-,fleet,MIN_DISTANCE_AVG,OK,4.143,,,0,robots_sampled=6
317.000,original,-,robot1,MIN_DISTANCE,OK,7.030,4.251,,0,nearest_robot=robot3
317.000,original,-,robot2,MIN_DISTANCE,OK,1.611,4.251,,0,nearest_robot=robot3
317.000,original,-,robot3,MIN_DISTANCE,OK,1.611,4.251,,0,nearest_robot=robot2
317.000,original,-,robot4,MIN_DISTANCE,OK,7.576,4.251,,0,nearest_robot=robot5
317.000,original,-,robot5,MIN_DISTANCE,OK,3.840,4.251,,0,nearest_robot=robot6
317.000,original,-,robot6,MIN_DISTANCE,OK,3.840,4.251,,0,nearest_robot=robot5
317.000,original,-,fleet,MIN_DISTANCE_AVG,OK,4.251,,,0,robots_sampled=6
318.000,original,-,robot1,MIN_DISTANCE,OK,6.719,4.257,,0,nearest_robot=robot3
318.000,original,-,robot2,MIN_DISTANCE,OK,1.611,4.257,,0,nearest_robot=robot3
318.000,original,-,robot3,MIN_DISTANCE,OK,1.611,4.257,,0,nearest_robot=robot2
318.000,original,-,robot4,MIN_DISTANCE,OK,7.920,4.257,,0,nearest_robot=robot5
318.000,original,-,robot5,MIN_DISTANCE,OK,3.840,4.257,,0,nearest_robot=robot6
318.000,original,-,robot6,MIN_DISTANCE,OK,3.840,4.257,,0,nearest_robot=robot5
318.000,original,-,fleet,MIN_DISTANCE_AVG,OK,4.257,,,0,robots_sampled=6
319.000,original,-,robot1,MIN_DISTANCE,OK,6.424,4.274,,0,nearest_robot=robot3
319.000,original,-,robot2,MIN_DISTANCE,OK,1.611,4.274,,0,nearest_robot=robot3
319.000,original,-,robot3,MIN_DISTANCE,OK,1.611,4.274,,0,nearest_robot=robot2
319.000,original,-,robot4,MIN_DISTANCE,OK,8.315,4.274,,0,nearest_robot=robot5
319.000,original,-,robot5,MIN_DISTANCE,OK,3.840,4.274,,0,nearest_robot=robot6
319.000,original,-,robot6,MIN_DISTANCE,OK,3.840,4.274,,0,nearest_robot=robot5
319.000,original,-,fleet,MIN_DISTANCE_AVG,OK,4.274,,,0,robots_sampled=6
320.000,original,-,robot1,MIN_DISTANCE,OK,6.219,4.306,,0,nearest_robot=robot3
320.000,original,-,robot2,MIN_DISTANCE,OK,1.611,4.306,,0,nearest_robot=robot3
320.000,original,-,robot3,MIN_DISTANCE,OK,1.611,4.306,,0,nearest_robot=robot2
320.000,original,-,robot4,MIN_DISTANCE,OK,8.716,4.306,,0,nearest_robot=robot5
320.000,original,-,robot5,MIN_DISTANCE,OK,3.840,4.306,,0,nearest_robot=robot6
320.000,original,-,robot6,MIN_DISTANCE,OK,3.840,4.306,,0,nearest_robot=robot5
320.000,original,-,fleet,MIN_DISTANCE_AVG,OK,4.306,,,0,robots_sampled=6
321.000,original,-,robot1,MIN_DISTANCE,OK,6.010,4.337,,0,nearest_robot=robot3
321.000,original,-,robot2,MIN_DISTANCE,OK,1.611,4.337,,0,nearest_robot=robot3
321.000,original,-,robot3,MIN_DISTANCE,OK,1.611,4.337,,0,nearest_robot=robot2
321.000,original,-,robot4,MIN_DISTANCE,OK,9.106,4.337,,0,nearest_robot=robot5
321.000,original,-,robot5,MIN_DISTANCE,OK,3.840,4.337,,0,nearest_robot=robot6
321.000,original,-,robot6,MIN_DISTANCE,OK,3.840,4.337,,0,nearest_robot=robot5
321.000,original,-,fleet,MIN_DISTANCE_AVG,OK,4.337,,,0,robots_sampled=6
322.000,original,-,robot1,MIN_DISTANCE,OK,5.858,4.376,,0,nearest_robot=robot3
322.000,original,-,robot2,MIN_DISTANCE,OK,1.611,4.376,,0,nearest_robot=robot3
322.000,original,-,robot3,MIN_DISTANCE,OK,1.611,4.376,,0,nearest_robot=robot2
322.000,original,-,robot4,MIN_DISTANCE,OK,9.495,4.376,,0,nearest_robot=robot5
322.000,original,-,robot5,MIN_DISTANCE,OK,3.840,4.376,,0,nearest_robot=robot6
322.000,original,-,robot6,MIN_DISTANCE,OK,3.840,4.376,,0,nearest_robot=robot5
322.000,original,-,fleet,MIN_DISTANCE_AVG,OK,4.376,,,0,robots_sampled=6
323.000,original,-,robot1,MIN_DISTANCE,OK,5.686,4.414,,0,nearest_robot=robot3
323.000,original,-,robot2,MIN_DISTANCE,OK,1.611,4.414,,0,nearest_robot=robot3
323.000,original,-,robot3,MIN_DISTANCE,OK,1.611,4.414,,0,nearest_robot=robot2
323.000,original,-,robot4,MIN_DISTANCE,OK,9.896,4.414,,0,nearest_robot=robot5
323.000,original,-,robot5,MIN_DISTANCE,OK,3.841,4.414,,0,nearest_robot=robot6
323.000,original,-,robot6,MIN_DISTANCE,OK,3.841,4.414,,0,nearest_robot=robot5
323.000,original,-,fleet,MIN_DISTANCE_AVG,OK,4.414,,,0,robots_sampled=6
324.000,original,-,robot1,MIN_DISTANCE,OK,5.443,4.438,,0,nearest_robot=robot3
324.000,original,-,robot2,MIN_DISTANCE,OK,1.611,4.438,,0,nearest_robot=robot3
324.000,original,-,robot3,MIN_DISTANCE,OK,1.611,4.438,,0,nearest_robot=robot2
324.000,original,-,robot4,MIN_DISTANCE,OK,10.282,4.438,,0,nearest_robot=robot5
324.000,original,-,robot5,MIN_DISTANCE,OK,3.841,4.438,,0,nearest_robot=robot6
324.000,original,-,robot6,MIN_DISTANCE,OK,3.841,4.438,,0,nearest_robot=robot5
324.000,original,-,fleet,MIN_DISTANCE_AVG,OK,4.438,,,0,robots_sampled=6
325.000,original,-,robot1,MIN_DISTANCE,OK,5.124,4.452,,0,nearest_robot=robot3
325.000,original,-,robot2,MIN_DISTANCE,OK,1.611,4.452,,0,nearest_robot=robot3
325.000,original,-,robot3,MIN_DISTANCE,OK,1.611,4.452,,0,nearest_robot=robot2
325.000,original,-,robot4,MIN_DISTANCE,OK,10.685,4.452,,0,nearest_robot=robot5
325.000,original,-,robot5,MIN_DISTANCE,OK,3.841,4.452,,0,nearest_robot=robot6
325.000,original,-,robot6,MIN_DISTANCE,OK,3.841,4.452,,0,nearest_robot=robot5
325.000,original,-,fleet,MIN_DISTANCE_AVG,OK,4.452,,,0,robots_sampled=6
326.000,original,-,robot1,MIN_DISTANCE,OK,4.863,4.479,,0,nearest_robot=robot3
326.000,original,-,robot2,MIN_DISTANCE,OK,1.611,4.479,,0,nearest_robot=robot3
326.000,original,-,robot3,MIN_DISTANCE,OK,1.611,4.479,,0,nearest_robot=robot2
326.000,original,-,robot4,MIN_DISTANCE,OK,11.105,4.479,,0,nearest_robot=robot5
326.000,original,-,robot5,MIN_DISTANCE,OK,3.841,4.479,,0,nearest_robot=robot6
326.000,original,-,robot6,MIN_DISTANCE,OK,3.841,4.479,,0,nearest_robot=robot5
326.000,original,-,fleet,MIN_DISTANCE_AVG,OK,4.479,,,0,robots_sampled=6
327.000,original,-,robot1,MIN_DISTANCE,OK,4.549,4.500,,0,nearest_robot=robot3
327.000,original,-,robot2,MIN_DISTANCE,OK,1.611,4.500,,0,nearest_robot=robot3
327.000,original,-,robot3,MIN_DISTANCE,OK,1.611,4.500,,0,nearest_robot=robot2
327.000,original,-,robot4,MIN_DISTANCE,OK,11.480,4.500,,0,nearest_robot=robot5
327.000,original,-,robot5,MIN_DISTANCE,OK,3.873,4.500,,0,nearest_robot=robot6
327.000,original,-,robot6,MIN_DISTANCE,OK,3.873,4.500,,0,nearest_robot=robot5
327.000,original,-,fleet,MIN_DISTANCE_AVG,OK,4.500,,,0,robots_sampled=6
328.000,original,-,robot1,MIN_DISTANCE,OK,4.352,4.555,,0,nearest_robot=robot3
328.000,original,-,robot2,MIN_DISTANCE,OK,1.611,4.555,,0,nearest_robot=robot3
328.000,original,-,robot3,MIN_DISTANCE,OK,1.611,4.555,,0,nearest_robot=robot2
328.000,original,-,robot4,MIN_DISTANCE,OK,11.657,4.555,,0,nearest_robot=robot5
328.000,original,-,robot5,MIN_DISTANCE,OK,4.048,4.555,,0,nearest_robot=robot6
328.000,original,-,robot6,MIN_DISTANCE,OK,4.048,4.555,,0,nearest_robot=robot5
328.000,original,-,fleet,MIN_DISTANCE_AVG,OK,4.555,,,0,robots_sampled=6
329.000,original,-,robot1,MIN_DISTANCE,OK,4.236,4.617,,0,nearest_robot=robot3
329.000,original,-,robot2,MIN_DISTANCE,OK,1.611,4.617,,0,nearest_robot=robot3
329.000,original,-,robot3,MIN_DISTANCE,OK,1.611,4.617,,0,nearest_robot=robot2
329.000,original,-,robot4,MIN_DISTANCE,OK,11.891,4.617,,0,nearest_robot=robot5
329.000,original,-,robot5,MIN_DISTANCE,OK,4.176,4.617,,0,nearest_robot=robot6
329.000,original,-,robot6,MIN_DISTANCE,OK,4.176,4.617,,0,nearest_robot=robot5
329.000,original,-,fleet,MIN_DISTANCE_AVG,OK,4.617,,,0,robots_sampled=6
330.000,original,-,robot1,MIN_DISTANCE,OK,4.141,4.681,,0,nearest_robot=robot3
330.000,original,-,robot2,MIN_DISTANCE,OK,1.611,4.681,,0,nearest_robot=robot3
330.000,original,-,robot3,MIN_DISTANCE,OK,1.611,4.681,,0,nearest_robot=robot2
330.000,original,-,robot4,MIN_DISTANCE,OK,12.154,4.681,,0,nearest_robot=robot5
330.000,original,-,robot5,MIN_DISTANCE,OK,4.285,4.681,,0,nearest_robot=robot6
330.000,original,-,robot6,MIN_DISTANCE,OK,4.285,4.681,,0,nearest_robot=robot5
330.000,original,-,fleet,MIN_DISTANCE_AVG,OK,4.681,,,0,robots_sampled=6
331.000,original,-,robot1,MIN_DISTANCE,OK,4.006,4.720,,0,nearest_robot=robot3
331.000,original,-,robot2,MIN_DISTANCE,OK,1.611,4.720,,0,nearest_robot=robot3
331.000,original,-,robot3,MIN_DISTANCE,OK,1.611,4.720,,0,nearest_robot=robot2
331.000,original,-,robot4,MIN_DISTANCE,OK,12.514,4.720,,0,nearest_robot=robot5
331.000,original,-,robot5,MIN_DISTANCE,OK,4.291,4.720,,0,nearest_robot=robot6
331.000,original,-,robot6,MIN_DISTANCE,OK,4.291,4.720,,0,nearest_robot=robot5
331.000,original,-,fleet,MIN_DISTANCE_AVG,OK,4.720,,,0,robots_sampled=6
332.000,original,-,robot1,MIN_DISTANCE,OK,3.616,4.701,,0,nearest_robot=robot3
332.000,original,-,robot2,MIN_DISTANCE,OK,1.611,4.701,,0,nearest_robot=robot3
332.000,original,-,robot3,MIN_DISTANCE,OK,1.611,4.701,,0,nearest_robot=robot2
332.000,original,-,robot4,MIN_DISTANCE,OK,13.036,4.701,,0,nearest_robot=robot5
332.000,original,-,robot5,MIN_DISTANCE,OK,4.167,4.701,,0,nearest_robot=robot6
332.000,original,-,robot6,MIN_DISTANCE,OK,4.167,4.701,,0,nearest_robot=robot5
332.000,original,-,fleet,MIN_DISTANCE_AVG,OK,4.701,,,0,robots_sampled=6
333.000,original,-,robot1,MIN_DISTANCE,OK,3.159,4.665,,0,nearest_robot=robot3
333.000,original,-,robot2,MIN_DISTANCE,OK,1.611,4.665,,0,nearest_robot=robot3
333.000,original,-,robot3,MIN_DISTANCE,OK,1.611,4.665,,0,nearest_robot=robot2
333.000,original,-,robot4,MIN_DISTANCE,OK,13.583,4.665,,0,nearest_robot=robot5
333.000,original,-,robot5,MIN_DISTANCE,OK,4.013,4.665,,0,nearest_robot=robot6
333.000,original,-,robot6,MIN_DISTANCE,OK,4.013,4.665,,0,nearest_robot=robot5
333.000,original,-,fleet,MIN_DISTANCE_AVG,OK,4.665,,,0,robots_sampled=6
334.000,original,-,robot1,MIN_DISTANCE,OK,2.800,4.644,,0,nearest_robot=robot3
334.000,original,-,robot2,MIN_DISTANCE,OK,1.611,4.644,,0,nearest_robot=robot3
334.000,original,-,robot3,MIN_DISTANCE,OK,1.611,4.644,,0,nearest_robot=robot2
334.000,original,-,robot4,MIN_DISTANCE,OK,14.244,4.644,,0,nearest_robot=robot5
334.000,original,-,robot5,MIN_DISTANCE,OK,3.800,4.644,,0,nearest_robot=robot6
334.000,original,-,robot6,MIN_DISTANCE,OK,3.800,4.644,,0,nearest_robot=robot5
334.000,original,-,fleet,MIN_DISTANCE_AVG,OK,4.644,,,0,robots_sampled=6
335.000,original,-,robot1,MIN_DISTANCE,OK,2.556,4.602,,0,nearest_robot=robot2
335.000,original,-,robot2,MIN_DISTANCE,OK,1.611,4.602,,0,nearest_robot=robot3
335.000,original,-,robot3,MIN_DISTANCE,OK,1.611,4.602,,0,nearest_robot=robot2
335.000,original,-,robot4,MIN_DISTANCE,OK,15.095,4.602,,0,nearest_robot=robot5
335.000,original,-,robot5,MIN_DISTANCE,OK,3.369,4.602,,0,nearest_robot=robot6
335.000,original,-,robot6,MIN_DISTANCE,OK,3.369,4.602,,0,nearest_robot=robot5
335.000,original,-,fleet,MIN_DISTANCE_AVG,OK,4.602,,,0,robots_sampled=6
336.000,original,-,robot1,MIN_DISTANCE,OK,2.258,4.541,,0,nearest_robot=robot2
336.000,original,-,robot2,MIN_DISTANCE,OK,1.611,4.541,,0,nearest_robot=robot3
336.000,original,-,robot3,MIN_DISTANCE,OK,1.611,4.541,,0,nearest_robot=robot2
336.000,original,-,robot4,MIN_DISTANCE,OK,15.994,4.541,,0,nearest_robot=robot5
336.000,original,-,robot5,MIN_DISTANCE,OK,2.884,4.541,,0,nearest_robot=robot6
336.000,original,-,robot6,MIN_DISTANCE,OK,2.884,4.541,,0,nearest_robot=robot5
336.000,original,-,fleet,MIN_DISTANCE_AVG,OK,4.541,,,0,robots_sampled=6
337.000,original,-,robot1,MIN_DISTANCE,OK,2.064,4.520,,0,nearest_robot=robot2
337.000,original,-,robot2,MIN_DISTANCE,OK,1.611,4.520,,0,nearest_robot=robot3
337.000,original,-,robot3,MIN_DISTANCE,OK,1.611,4.520,,0,nearest_robot=robot2
337.000,original,-,robot4,MIN_DISTANCE,OK,16.813,4.520,,0,nearest_robot=robot5
337.000,original,-,robot5,MIN_DISTANCE,OK,2.511,4.520,,0,nearest_robot=robot6
337.000,original,-,robot6,MIN_DISTANCE,OK,2.511,4.520,,0,nearest_robot=robot5
337.000,original,-,fleet,MIN_DISTANCE_AVG,OK,4.520,,,0,robots_sampled=6
338.000,original,-,robot1,MIN_DISTANCE,OK,1.943,4.528,,0,nearest_robot=robot2
338.000,original,-,robot2,MIN_DISTANCE,OK,1.611,4.528,,0,nearest_robot=robot3
338.000,original,-,robot3,MIN_DISTANCE,OK,1.611,4.528,,0,nearest_robot=robot2
338.000,original,-,robot4,MIN_DISTANCE,OK,17.551,4.528,,0,nearest_robot=robot5
338.000,original,-,robot5,MIN_DISTANCE,OK,2.225,4.528,,0,nearest_robot=robot6
338.000,original,-,robot6,MIN_DISTANCE,OK,2.225,4.528,,0,nearest_robot=robot5
338.000,original,-,fleet,MIN_DISTANCE_AVG,OK,4.528,,,0,robots_sampled=6
339.000,original,-,robot1,MIN_DISTANCE,OK,1.890,4.560,,0,nearest_robot=robot2
339.000,original,-,robot2,MIN_DISTANCE,OK,1.611,4.560,,0,nearest_robot=robot3
339.000,original,-,robot3,MIN_DISTANCE,OK,1.611,4.560,,0,nearest_robot=robot2
339.000,original,-,robot4,MIN_DISTANCE,OK,18.338,4.560,,0,nearest_robot=robot5
339.000,original,-,robot5,MIN_DISTANCE,OK,1.955,4.560,,0,nearest_robot=robot6
339.000,original,-,robot6,MIN_DISTANCE,OK,1.955,4.560,,0,nearest_robot=robot5
339.000,original,-,fleet,MIN_DISTANCE_AVG,OK,4.560,,,0,robots_sampled=6
340.000,original,-,robot1,MIN_DISTANCE,OK,1.981,4.627,,0,nearest_robot=robot2
340.000,original,-,robot2,MIN_DISTANCE,OK,1.611,4.627,,0,nearest_robot=robot3
340.000,original,-,robot3,MIN_DISTANCE,OK,1.611,4.627,,0,nearest_robot=robot2
340.000,original,-,robot4,MIN_DISTANCE,OK,19.191,4.627,,0,nearest_robot=robot5
340.000,original,-,robot5,MIN_DISTANCE,OK,1.685,4.627,,0,nearest_robot=robot6
340.000,original,-,robot6,MIN_DISTANCE,OK,1.685,4.627,,0,nearest_robot=robot5
340.000,original,-,fleet,MIN_DISTANCE_AVG,OK,4.627,,,0,robots_sampled=6
